Plasmid_ID,Size_bp,size_group,tRNA_Group,Total_ARG_Count,log10_1p_ARG_count
NC_014732.1,194834,≥100 kb,tRNA-,1.0,0.3010299956639812
NC_017944.1,504705,≥100 kb,tRNA-,1.0,0.3010299956639812
NZ_CP039140.1,504704,≥100 kb,tRNA-,1.0,0.3010299956639812
NZ_CP106969.1,137009,≥100 kb,tRNA-,1.0,0.3010299956639812
NZ_CP050015.1,535368,≥100 kb,tRNA-,1.0,0.3010299956639812
NZ_CP064790.1,137790,≥100 kb,tRNA-,1.0,0.3010299956639812
NZ_CP147875.1,221544,≥100 kb,tRNA-,1.0,0.3010299956639812
NZ_CP145901.1,618965,≥100 kb,tRNA-,1.0,0.3010299956639812
NC_009926.1,374161,≥100 kb,tRNA-,1.0,0.3010299956639812
NC_009932.1,155110,≥100 kb,tRNA-,1.0,0.3010299956639812
NZ_CP008851.1,74749,<100 kb,tRNA-,2.0,0.47712125471966244
NZ_CP010399.1,47274,<100 kb,tRNA-,1.0,0.3010299956639812
NZ_AP014650.1,189354,≥100 kb,tRNA-,15.0,1.2041199826559248
NZ_CP008707.1,83610,<100 kb,tRNA-,12.0,1.1139433523068367
NZ_CP012007.1,169023,≥100 kb,tRNA-,16.0,1.2304489213782739
NZ_CP012008.1,87569,<100 kb,tRNA-,2.0,0.47712125471966244
NZ_CP012956.1,47457,<100 kb,tRNA-,2.0,0.47712125471966244
NZ_CP012954.1,6078,<100 kb,tRNA-,1.0,0.3010299956639812
NZ_CP015365.1,13478,<100 kb,tRNA-,2.0,0.47712125471966244
NZ_CP035047.1,74091,<100 kb,tRNA-,1.0,0.3010299956639812
NZ_CP035052.1,74091,<100 kb,tRNA-,1.0,0.3010299956639812
NZ_CP035044.1,12952,<100 kb,tRNA-,1.0,0.3010299956639812
NZ_CP018144.1,77513,<100 kb,tRNA-,2.0,0.47712125471966244
NZ_AP023079.1,41087,<100 kb,tRNA-,1.0,0.3010299956639812
NZ_AP023080.1,13096,<100 kb,tRNA-,2.0,0.47712125471966244
NZ_CP018679.1,6078,<100 kb,tRNA-,1.0,0.3010299956639812
NZ_CP016297.1,74090,<100 kb,tRNA-,1.0,0.3010299956639812
NZ_CP020596.1,195838,≥100 kb,tRNA-,17.0,1.255272505103306
NZ_CP020594.1,98301,<100 kb,tRNA-,3.0,0.6020599913279624
NZ_CP021787.1,86334,<100 kb,tRNA-,2.0,0.47712125471966244
NZ_CP024419.1,33036,<100 kb,tRNA-,3.0,0.6020599913279624
NZ_CP024578.1,79335,<100 kb,tRNA-,1.0,0.3010299956639812
NZ_CP026127.1,39359,<100 kb,tRNA-,1.0,0.3010299956639812
NZ_CP026705.1,113706,≥100 kb,tRNA-,3.0,0.6020599913279624
NZ_CP026749.2,42455,<100 kb,tRNA-,2.0,0.47712125471966244
NZ_CP027245.2,70509,<100 kb,tRNA-,5.0,0.7781512503836436
NZ_CP029571.1,71234,<100 kb,tRNA-,1.0,0.3010299956639812
NZ_CP027122.1,113706,≥100 kb,tRNA-,3.0,0.6020599913279624
NZ_CP030109.1,84678,<100 kb,tRNA-,1.0,0.3010299956639812
NZ_CP022285.1,170420,≥100 kb,tRNA-,2.0,0.47712125471966244
NZ_CP027179.1,39535,<100 kb,tRNA-,6.0,0.8450980400142568
NZ_CP027181.1,6078,<100 kb,tRNA-,1.0,0.3010299956639812
NZ_CP023032.1,13478,<100 kb,tRNA-,2.0,0.47712125471966244
NZ_CP023021.1,9024,<100 kb,tRNA-,2.0,0.47712125471966244
NZ_CP023025.1,113420,≥100 kb,tRNA+,2.0,0.47712125471966244
NZ_CP023027.1,10062,<100 kb,tRNA-,2.0,0.47712125471966244
NZ_CP023028.1,110728,≥100 kb,tRNA-,1.0,0.3010299956639812
NZ_CP023030.1,95206,<100 kb,tRNA-,1.0,0.3010299956639812
NZ_CP023035.1,9935,<100 kb,tRNA-,2.0,0.47712125471966244
NZ_CP027184.1,60699,<100 kb,tRNA-,6.0,0.8450980400142568
NZ_CP027187.1,6078,<100 kb,tRNA-,1.0,0.3010299956639812
NZ_CP033770.1,6078,<100 kb,tRNA-,1.0,0.3010299956639812
NZ_CP033872.1,35502,<100 kb,tRNA-,1.0,0.3010299956639812
NZ_CP039519.1,127784,≥100 kb,tRNA+,2.0,0.47712125471966244
NZ_CP039931.1,84785,<100 kb,tRNA+,2.0,0.47712125471966244
NZ_CP034097.1,8493,<100 kb,tRNA-,2.0,0.47712125471966244
NZ_CP031445.1,112216,≥100 kb,tRNA-,3.0,0.6020599913279624
NZ_CP031446.1,10879,<100 kb,tRNA-,4.0,0.6989700043360189
NZ_CP038265.1,43093,<100 kb,tRNA-,1.0,0.3010299956639812
NZ_CP038261.1,18786,<100 kb,tRNA-,1.0,0.3010299956639812
NZ_CP038501.1,78125,<100 kb,tRNA-,6.0,0.8450980400142568
NZ_CP038502.1,47417,<100 kb,tRNA-,7.0,0.9030899869919435
NZ_CP038646.1,57333,<100 kb,tRNA-,5.0,0.7781512503836436
NZ_CP038647.1,9909,<100 kb,tRNA-,1.0,0.3010299956639812
NZ_CP038649.1,7396,<100 kb,tRNA-,1.0,0.3010299956639812
NZ_CP038651.1,5844,<100 kb,tRNA-,1.0,0.3010299956639812
NZ_CP040051.1,189343,≥100 kb,tRNA-,14.0,1.1760912590556813
NZ_CP040052.1,5681,<100 kb,tRNA-,1.0,0.3010299956639812
NZ_CP040260.1,202283,≥100 kb,tRNA-,19.0,1.3010299956639813
NZ_CP040426.1,111449,≥100 kb,tRNA-,3.0,0.6020599913279624
NZ_CP041588.1,6078,<100 kb,tRNA-,1.0,0.3010299956639812
NZ_CP041590.1,145071,≥100 kb,tRNA+,5.0,0.7781512503836436
NZ_CP043954.1,7791,<100 kb,tRNA-,2.0,0.47712125471966244
NZ_CP042557.1,327867,≥100 kb,tRNA-,20.0,1.3222192947339193
NZ_CP042561.1,5234,<100 kb,tRNA-,1.0,0.3010299956639812
NZ_CP051863.1,90089,<100 kb,tRNA-,7.0,0.9030899869919435
NZ_CP051870.1,48239,<100 kb,tRNA-,6.0,0.8450980400142568
NZ_CP051872.1,8215,<100 kb,tRNA-,2.0,0.47712125471966244
NZ_CP051876.1,48239,<100 kb,tRNA-,6.0,0.8450980400142568
NZ_CP051878.1,8215,<100 kb,tRNA-,2.0,0.47712125471966244
NZ_CP051867.1,81353,<100 kb,tRNA-,10.0,1.0413926851582251
NZ_CP050386.1,215278,≥100 kb,tRNA-,20.0,1.3222192947339193
NZ_CP050392.1,70712,<100 kb,tRNA-,1.0,0.3010299956639812
NZ_CP050404.1,99090,<100 kb,tRNA-,2.0,0.47712125471966244
NZ_CP050406.1,12574,<100 kb,tRNA-,3.0,0.6020599913279624
NZ_CP050407.1,5679,<100 kb,tRNA-,1.0,0.3010299956639812
NZ_CP050408.1,5432,<100 kb,tRNA-,1.0,0.3010299956639812
NZ_CP050423.1,5679,<100 kb,tRNA-,1.0,0.3010299956639812
NZ_CP050413.1,70098,<100 kb,tRNA-,1.0,0.3010299956639812
NZ_CP050426.1,150385,≥100 kb,tRNA-,16.0,1.2304489213782739
NZ_CP050433.1,226394,≥100 kb,tRNA-,17.0,1.255272505103306
NZ_CP050528.1,5679,<100 kb,tRNA-,1.0,0.3010299956639812
NZ_CP048828.1,264805,≥100 kb,tRNA-,11.0,1.0791812460476249
NZ_CP046901.1,7852,<100 kb,tRNA-,3.0,0.6020599913279624
NZ_CP046899.1,205113,≥100 kb,tRNA-,9.0,1.0
NZ_CP044518.1,6099,<100 kb,tRNA-,1.0,0.3010299956639812
NZ_CP044520.1,66277,<100 kb,tRNA-,14.0,1.1760912590556813
NZ_CP044521.1,12731,<100 kb,tRNA-,4.0,0.6989700043360189
NZ_CP053216.1,55394,<100 kb,tRNA-,7.0,0.9030899869919435
NZ_CP053220.1,63650,<100 kb,tRNA-,3.0,0.6020599913279624
NZ_CP047975.1,100072,≥100 kb,tRNA-,10.0,1.0413926851582251
NZ_CP059301.1,174292,≥100 kb,tRNA-,11.0,1.0791812460476249
NZ_CP064924.1,309759,≥100 kb,tRNA-,1.0,0.3010299956639812
NZ_CP064925.1,298052,≥100 kb,tRNA-,1.0,0.3010299956639812
NZ_CP064927.1,210325,≥100 kb,tRNA-,1.0,0.3010299956639812
NZ_CP071718.1,394275,≥100 kb,tRNA-,1.0,0.3010299956639812
NZ_CP071720.1,187211,≥100 kb,tRNA-,1.0,0.3010299956639812
NZ_CP071721.1,180652,≥100 kb,tRNA-,1.0,0.3010299956639812
NZ_CP071725.1,89712,<100 kb,tRNA-,1.0,0.3010299956639812
NZ_AP026077.1,329949,≥100 kb,tRNA-,2.0,0.47712125471966244
NZ_CP092030.1,15266,<100 kb,tRNA-,2.0,0.47712125471966244
NZ_CP059731.1,17003,<100 kb,tRNA-,2.0,0.47712125471966244
NZ_CP059730.1,7055,<100 kb,tRNA-,2.0,0.47712125471966244
NZ_CP069841.1,76933,<100 kb,tRNA-,1.0,0.3010299956639812
NZ_CP070365.1,83362,<100 kb,tRNA-,12.0,1.1139433523068367
NZ_CP070361.1,87892,<100 kb,tRNA-,16.0,1.2304489213782739
NZ_CP072123.1,218105,≥100 kb,tRNA-,15.0,1.2041199826559248
NZ_CP072124.1,87529,<100 kb,tRNA-,3.0,0.6020599913279624
NZ_CP072126.1,5679,<100 kb,tRNA-,1.0,0.3010299956639812
NZ_CP072271.1,218105,≥100 kb,tRNA-,15.0,1.2041199826559248
NZ_CP072272.1,68224,<100 kb,tRNA-,1.0,0.3010299956639812
NZ_CP072276.1,218105,≥100 kb,tRNA-,15.0,1.2041199826559248
NZ_CP072277.1,68225,<100 kb,tRNA-,1.0,0.3010299956639812
NZ_CP072279.1,5679,<100 kb,tRNA-,1.0,0.3010299956639812
NZ_CP072281.1,218105,≥100 kb,tRNA-,15.0,1.2041199826559248
NZ_CP072282.1,87529,<100 kb,tRNA-,3.0,0.6020599913279624
NZ_CP072286.1,218105,≥100 kb,tRNA-,15.0,1.2041199826559248
NZ_CP072287.1,87529,<100 kb,tRNA-,3.0,0.6020599913279624
NZ_CP072291.1,218105,≥100 kb,tRNA-,15.0,1.2041199826559248
NZ_CP072292.1,68225,<100 kb,tRNA-,1.0,0.3010299956639812
NZ_CP072294.1,5679,<100 kb,tRNA-,1.0,0.3010299956639812
NZ_CP072296.1,218105,≥100 kb,tRNA-,15.0,1.2041199826559248
NZ_CP072297.1,87529,<100 kb,tRNA-,3.0,0.6020599913279624
NZ_CP072299.1,5679,<100 kb,tRNA-,1.0,0.3010299956639812
NZ_CP072301.1,218105,≥100 kb,tRNA-,15.0,1.2041199826559248
NZ_CP072304.1,5679,<100 kb,tRNA-,1.0,0.3010299956639812
NZ_CP072307.1,6520,<100 kb,tRNA-,1.0,0.3010299956639812
NZ_CP072527.1,113682,≥100 kb,tRNA+,2.0,0.47712125471966244
NZ_CP072528.1,97035,<100 kb,tRNA-,7.0,0.9030899869919435
NZ_CP048851.1,132632,≥100 kb,tRNA-,2.0,0.47712125471966244
NZ_CP048132.1,6078,<100 kb,tRNA-,1.0,0.3010299956639812
NZ_CP048134.1,74916,<100 kb,tRNA-,3.0,0.6020599913279624
NZ_CP048135.1,208004,≥100 kb,tRNA-,7.0,0.9030899869919435
NZ_CP077802.1,145711,≥100 kb,tRNA-,6.0,0.8450980400142568
NZ_CP084298.1,162264,≥100 kb,tRNA-,21.0,1.3424226808222062
NZ_CP074709.1,148956,≥100 kb,tRNA-,1.0,0.3010299956639812
NZ_CP091598.1,117234,≥100 kb,tRNA-,2.0,0.47712125471966244
NZ_CP091595.1,73145,<100 kb,tRNA-,2.0,0.47712125471966244
NZ_CP091597.1,11378,<100 kb,tRNA-,2.0,0.47712125471966244
NZ_CP058730.1,110272,≥100 kb,tRNA+,2.0,0.47712125471966244
NZ_CP059475.1,113429,≥100 kb,tRNA+,2.0,0.47712125471966244
NZ_CP059476.1,57742,<100 kb,tRNA-,5.0,0.7781512503836436
NZ_CP065052.1,72156,<100 kb,tRNA-,12.0,1.1139433523068367
NZ_CP096695.1,78842,<100 kb,tRNA-,2.0,0.47712125471966244
NZ_CP096708.1,77531,<100 kb,tRNA-,2.0,0.47712125471966244
NZ_CP096712.1,77531,<100 kb,tRNA-,2.0,0.47712125471966244
NZ_CP096716.1,77530,<100 kb,tRNA-,2.0,0.47712125471966244
NZ_CP096725.1,77534,<100 kb,tRNA-,2.0,0.47712125471966244
NZ_CP096730.1,77542,<100 kb,tRNA-,2.0,0.47712125471966244
NZ_CP096736.1,77540,<100 kb,tRNA-,2.0,0.47712125471966244
NZ_CP096751.1,77530,<100 kb,tRNA-,2.0,0.47712125471966244
NZ_CP096769.1,77533,<100 kb,tRNA-,2.0,0.47712125471966244
NZ_CP098792.1,141629,≥100 kb,tRNA-,8.0,0.9542425094393249
NZ_CP098796.1,141631,≥100 kb,tRNA-,8.0,0.9542425094393249
NZ_CP098797.1,135066,≥100 kb,tRNA+,10.0,1.0413926851582251
NZ_CP076808.1,65432,<100 kb,tRNA-,3.0,0.6020599913279624
NZ_CP076809.1,17469,<100 kb,tRNA-,2.0,0.47712125471966244
NZ_CP076816.1,17469,<100 kb,tRNA-,2.0,0.47712125471966244
NZ_CP076822.1,11714,<100 kb,tRNA-,4.0,0.6989700043360189
NZ_CP098522.1,198716,≥100 kb,tRNA-,6.0,0.8450980400142568
NZ_CP087311.1,83611,<100 kb,tRNA-,12.0,1.1139433523068367
NZ_CP087299.1,83611,<100 kb,tRNA-,12.0,1.1139433523068367
NZ_CP087319.1,36555,<100 kb,tRNA-,2.0,0.47712125471966244
NZ_CP087318.1,37306,<100 kb,tRNA-,2.0,0.47712125471966244
NZ_CP087301.1,47260,<100 kb,tRNA-,8.0,0.9542425094393249
NZ_CP087313.1,223334,≥100 kb,tRNA-,4.0,0.6989700043360189
NZ_CP087314.1,70100,<100 kb,tRNA-,1.0,0.3010299956639812
NZ_CP087316.1,6078,<100 kb,tRNA-,1.0,0.3010299956639812
NZ_CP087322.1,21542,<100 kb,tRNA-,8.0,0.9542425094393249
NZ_CP087323.1,15932,<100 kb,tRNA-,4.0,0.6989700043360189
NZ_CP087324.1,14741,<100 kb,tRNA-,4.0,0.6989700043360189
NZ_CP087332.1,148957,≥100 kb,tRNA-,1.0,0.3010299956639812
NZ_CP087345.1,70098,<100 kb,tRNA-,1.0,0.3010299956639812
NZ_CP087346.1,11084,<100 kb,tRNA-,2.0,0.47712125471966244
NZ_CP087349.1,71410,<100 kb,tRNA-,1.0,0.3010299956639812
NZ_CP087352.1,70098,<100 kb,tRNA-,1.0,0.3010299956639812
NZ_CP087353.1,11084,<100 kb,tRNA-,2.0,0.47712125471966244
NZ_CP087355.1,70098,<100 kb,tRNA-,1.0,0.3010299956639812
NZ_CP087356.1,11084,<100 kb,tRNA-,2.0,0.47712125471966244
NZ_CP104336.1,328511,≥100 kb,tRNA-,23.0,1.380211241711606
NZ_CP104339.1,329791,≥100 kb,tRNA-,22.0,1.3617278360175928
NZ_CP104343.1,335718,≥100 kb,tRNA-,23.0,1.380211241711606
NZ_CP104344.1,9935,<100 kb,tRNA-,2.0,0.47712125471966244
NZ_CP104345.1,338291,≥100 kb,tRNA-,23.0,1.380211241711606
NZ_CP104348.1,335558,≥100 kb,tRNA-,21.0,1.3424226808222062
NZ_CP104352.1,335718,≥100 kb,tRNA-,23.0,1.380211241711606
NZ_CP104353.1,9935,<100 kb,tRNA-,2.0,0.47712125471966244
NZ_CP104448.1,4092895,≥100 kb,tRNA+,75.0,1.8808135922807914
NZ_CP104447.1,335722,≥100 kb,tRNA-,23.0,1.380211241711606
NZ_CP110463.1,6078,<100 kb,tRNA-,1.0,0.3010299956639812
NZ_CP110464.1,12952,<100 kb,tRNA-,1.0,0.3010299956639812
NZ_CP110467.1,124107,≥100 kb,tRNA-,2.0,0.47712125471966244
NZ_CP110468.1,141033,≥100 kb,tRNA-,6.0,0.8450980400142568
NZ_CP102764.1,87371,<100 kb,tRNA-,9.0,1.0
NZ_CP113081.1,83610,<100 kb,tRNA-,12.0,1.1139433523068367
NZ_CP113079.1,83610,<100 kb,tRNA-,12.0,1.1139433523068367
NZ_CP121346.1,4595,<100 kb,tRNA-,1.0,0.3010299956639812
NZ_CP121564.1,70111,<100 kb,tRNA-,1.0,0.3010299956639812
NZ_CP121611.1,21454,<100 kb,tRNA-,9.0,1.0
NZ_CP121627.1,70541,<100 kb,tRNA-,1.0,0.3010299956639812
NZ_CP121596.1,70544,<100 kb,tRNA-,1.0,0.3010299956639812
NZ_CP121599.1,72243,<100 kb,tRNA-,1.0,0.3010299956639812
NZ_CP074699.1,8709,<100 kb,tRNA-,2.0,0.47712125471966244
NZ_CP064203.1,3973223,≥100 kb,tRNA+,81.0,1.9138138523837167
NZ_CP074696.1,8961,<100 kb,tRNA-,2.0,0.47712125471966244
NZ_CP076737.1,8970,<100 kb,tRNA-,2.0,0.47712125471966244
NZ_CP076740.1,8954,<100 kb,tRNA-,2.0,0.47712125471966244
NZ_CP064193.1,8970,<100 kb,tRNA-,2.0,0.47712125471966244
NZ_CP076743.1,8964,<100 kb,tRNA-,2.0,0.47712125471966244
NZ_CP123855.1,19052,<100 kb,tRNA-,30.0,1.4913616938342726
NZ_CP123858.1,12158,<100 kb,tRNA-,2.0,0.47712125471966244
NZ_CP129248.1,6078,<100 kb,tRNA-,1.0,0.3010299956639812
NZ_CP129246.1,166254,≥100 kb,tRNA-,5.0,0.7781512503836436
NZ_CP043454.1,10879,<100 kb,tRNA-,4.0,0.6989700043360189
NZ_CP043457.1,10879,<100 kb,tRNA-,4.0,0.6989700043360189
NZ_CP043461.1,10864,<100 kb,tRNA-,6.0,0.8450980400142568
NZ_CP043464.1,10879,<100 kb,tRNA-,4.0,0.6989700043360189
NZ_CP043472.1,10879,<100 kb,tRNA-,4.0,0.6989700043360189
NZ_CP046548.1,10864,<100 kb,tRNA-,6.0,0.8450980400142568
NZ_CP046551.1,10864,<100 kb,tRNA-,6.0,0.8450980400142568
NZ_CP046556.1,10864,<100 kb,tRNA-,6.0,0.8450980400142568
NZ_CP046553.1,30517,<100 kb,tRNA-,6.0,0.8450980400142568
NZ_CP136175.1,8066,<100 kb,tRNA-,1.0,0.3010299956639812
NZ_CP139826.1,91669,<100 kb,tRNA-,5.0,0.7781512503836436
NZ_CP139832.1,48590,<100 kb,tRNA-,8.0,0.9542425094393249
NZ_CP139835.1,34880,<100 kb,tRNA-,3.0,0.6020599913279624
NZ_CP139837.1,76943,<100 kb,tRNA-,3.0,0.6020599913279624
NZ_CP140423.1,25838,<100 kb,tRNA-,1.0,0.3010299956639812
NZ_CP144561.1,6020,<100 kb,tRNA-,3.0,0.6020599913279624
NZ_CP149840.1,8963,<100 kb,tRNA-,2.0,0.47712125471966244
NZ_CP155460.1,78115,<100 kb,tRNA-,2.0,0.47712125471966244
NZ_CP149802.1,78023,<100 kb,tRNA-,2.0,0.47712125471966244
NZ_CP131888.1,8970,<100 kb,tRNA-,2.0,0.47712125471966244
NZ_CP131892.1,8970,<100 kb,tRNA-,2.0,0.47712125471966244
NZ_CP131895.1,90163,<100 kb,tRNA-,2.0,0.47712125471966244
NZ_CP131897.1,19261,<100 kb,tRNA-,4.0,0.6989700043360189
NZ_CP131899.1,87483,<100 kb,tRNA-,2.0,0.47712125471966244
NZ_CP133707.1,265260,≥100 kb,tRNA-,17.0,1.255272505103306
NZ_CP133713.1,261943,≥100 kb,tRNA-,17.0,1.255272505103306
NZ_CP133716.1,5281,<100 kb,tRNA-,1.0,0.3010299956639812
NZ_CP151689.1,145709,≥100 kb,tRNA-,7.0,0.9030899869919435
NZ_CP151691.1,145482,≥100 kb,tRNA-,7.0,0.9030899869919435
NZ_CP151693.1,127468,≥100 kb,tRNA-,6.0,0.8450980400142568
NZ_CP151695.1,145482,≥100 kb,tRNA-,7.0,0.9030899869919435
NZ_CP151698.1,131775,≥100 kb,tRNA-,6.0,0.8450980400142568
NZ_CP151701.1,132530,≥100 kb,tRNA-,6.0,0.8450980400142568
NZ_CP151703.1,132823,≥100 kb,tRNA-,6.0,0.8450980400142568
NZ_CP151706.1,146537,≥100 kb,tRNA-,5.0,0.7781512503836436
NZ_CP151708.1,145508,≥100 kb,tRNA-,6.0,0.8450980400142568
NZ_CP151710.1,145522,≥100 kb,tRNA-,6.0,0.8450980400142568
NZ_CP151712.1,145709,≥100 kb,tRNA-,7.0,0.9030899869919435
NZ_CP151714.1,145508,≥100 kb,tRNA-,6.0,0.8450980400142568
NZ_CP151716.1,145508,≥100 kb,tRNA-,6.0,0.8450980400142568
NZ_CP151718.1,145508,≥100 kb,tRNA-,7.0,0.9030899869919435
NZ_CP151720.1,145509,≥100 kb,tRNA-,6.0,0.8450980400142568
NZ_CP152384.1,86324,<100 kb,tRNA-,2.0,0.47712125471966244
NZ_CP156043.1,17641,<100 kb,tRNA-,2.0,0.47712125471966244
NZ_CP156042.1,74071,<100 kb,tRNA-,3.0,0.6020599913279624
NZ_CP128373.1,114700,≥100 kb,tRNA+,2.0,0.47712125471966244
NZ_CP159764.1,80394,<100 kb,tRNA-,8.0,0.9542425094393249
NZ_CP160033.1,80395,<100 kb,tRNA-,8.0,0.9542425094393249
NZ_CP161987.1,114495,≥100 kb,tRNA+,2.0,0.47712125471966244
NZ_CP161996.1,109491,≥100 kb,tRNA+,2.0,0.47712125471966244
NZ_CP161997.1,12185,<100 kb,tRNA-,3.0,0.6020599913279624
NZ_CP161990.1,115424,≥100 kb,tRNA+,2.0,0.47712125471966244
NZ_CP161993.1,86344,<100 kb,tRNA-,2.0,0.47712125471966244
NZ_CP162146.1,96204,<100 kb,tRNA-,3.0,0.6020599913279624
NZ_CP162301.1,9501,<100 kb,tRNA-,2.0,0.47712125471966244
NZ_CP160131.1,80390,<100 kb,tRNA-,8.0,0.9542425094393249
NZ_AP031584.1,184204,≥100 kb,tRNA-,11.0,1.0791812460476249
NZ_CP169767.1,24312,<100 kb,tRNA-,4.0,0.6989700043360189
NZ_CP169768.1,3919491,≥100 kb,tRNA+,82.0,1.919078092376074
NZ_CP169777.1,179192,≥100 kb,tRNA-,5.0,0.7781512503836436
NZ_CP169789.1,76653,<100 kb,tRNA-,7.0,0.9030899869919435
NZ_CP169793.1,9830,<100 kb,tRNA-,2.0,0.47712125471966244
NZ_CP169796.1,17003,<100 kb,tRNA-,3.0,0.6020599913279624
NZ_CP169799.1,16997,<100 kb,tRNA-,3.0,0.6020599913279624
NZ_CP169800.1,17004,<100 kb,tRNA-,3.0,0.6020599913279624
NZ_CP169802.1,22106,<100 kb,tRNA-,3.0,0.6020599913279624
NZ_CP169804.1,17004,<100 kb,tRNA-,3.0,0.6020599913279624
NZ_CP169806.1,169023,≥100 kb,tRNA-,16.0,1.2304489213782739
NZ_CP169808.1,87569,<100 kb,tRNA-,2.0,0.47712125471966244
NZ_CP169810.1,183665,≥100 kb,tRNA-,6.0,0.8450980400142568
NZ_CP169812.1,135535,≥100 kb,tRNA-,16.0,1.2304489213782739
NZ_CP169816.1,13740,<100 kb,tRNA-,1.0,0.3010299956639812
NZ_CP169818.1,113549,≥100 kb,tRNA+,2.0,0.47712125471966244
NZ_CP169834.1,79190,<100 kb,tRNA-,1.0,0.3010299956639812
NZ_CP169841.1,15323,<100 kb,tRNA-,3.0,0.6020599913279624
NZ_CP169845.1,56513,<100 kb,tRNA-,7.0,0.9030899869919435
NZ_CP169850.1,81072,<100 kb,tRNA-,1.0,0.3010299956639812
NZ_CP169860.1,66037,<100 kb,tRNA-,3.0,0.6020599913279624
NZ_CP169875.1,146397,≥100 kb,tRNA-,6.0,0.8450980400142568
NZ_CP132917.1,50328,<100 kb,tRNA-,1.0,0.3010299956639812
NZ_CP133053.1,316034,≥100 kb,tRNA-,13.0,1.146128035678238
NZ_CP134543.1,77479,<100 kb,tRNA-,2.0,0.47712125471966244
NZ_CP134546.1,77525,<100 kb,tRNA-,2.0,0.47712125471966244
NZ_CP134551.1,77531,<100 kb,tRNA-,2.0,0.47712125471966244
NZ_CP134554.1,78938,<100 kb,tRNA-,2.0,0.47712125471966244
NZ_CP134561.1,52288,<100 kb,tRNA-,2.0,0.47712125471966244
NZ_CP134563.1,77531,<100 kb,tRNA-,2.0,0.47712125471966244
NZ_CP134567.1,47274,<100 kb,tRNA-,1.0,0.3010299956639812
NC_010605.1,28279,<100 kb,tRNA-,4.0,0.6989700043360189
NC_021728.1,20139,<100 kb,tRNA-,5.0,0.7781512503836436
NC_021734.1,52268,<100 kb,tRNA-,4.0,0.6989700043360189
NC_021732.1,20139,<100 kb,tRNA-,5.0,0.7781512503836436
NC_019985.2,48368,<100 kb,tRNA-,1.0,0.3010299956639812
NC_023031.1,113866,≥100 kb,tRNA+,2.0,0.47712125471966244
NZ_CP007714.1,6076,<100 kb,tRNA-,1.0,0.3010299956639812
NZ_CP010903.1,66409,<100 kb,tRNA-,3.0,0.6020599913279624
NZ_CP010370.2,47274,<100 kb,tRNA-,1.0,0.3010299956639812
NZ_CP010355.1,7579,<100 kb,tRNA-,1.0,0.3010299956639812
NZ_CP010351.1,398857,≥100 kb,tRNA-,19.0,1.3010299956639813
NZ_CP014479.1,36862,<100 kb,tRNA-,8.0,0.9542425094393249
NZ_CP014478.1,146597,≥100 kb,tRNA-,3.0,0.6020599913279624
NZ_CP015146.1,10498,<100 kb,tRNA-,2.0,0.47712125471966244
NZ_CP015595.1,309964,≥100 kb,tRNA-,1.0,0.3010299956639812
NZ_CP032278.1,49649,<100 kb,tRNA-,1.0,0.3010299956639812
NZ_CP032270.1,14502,<100 kb,tRNA-,4.0,0.6989700043360189
NZ_CP032272.1,12457,<100 kb,tRNA-,1.0,0.3010299956639812
NZ_CP032275.1,10090,<100 kb,tRNA-,3.0,0.6020599913279624
NZ_CP029391.2,5017,<100 kb,tRNA-,1.0,0.3010299956639812
NZ_CP029396.2,355358,≥100 kb,tRNA-,11.0,1.0791812460476249
NZ_CP015617.1,45079,<100 kb,tRNA-,2.0,0.47712125471966244
NZ_CP015618.1,14058,<100 kb,tRNA-,3.0,0.6020599913279624
NZ_CP015619.1,10218,<100 kb,tRNA-,1.0,0.3010299956639812
NZ_CP028798.2,33869,<100 kb,tRNA-,5.0,0.7781512503836436
NZ_CP028560.1,190170,≥100 kb,tRNA-,4.0,0.6989700043360189
NZ_CP028558.1,6132,<100 kb,tRNA-,1.0,0.3010299956639812
NZ_CP032138.1,16399,<100 kb,tRNA-,7.0,0.9030899869919435
NZ_CP032142.1,39365,<100 kb,tRNA-,1.0,0.3010299956639812
NZ_CP032140.1,5025,<100 kb,tRNA-,1.0,0.3010299956639812
NZ_CP032281.1,16361,<100 kb,tRNA-,3.0,0.6020599913279624
NZ_CP032285.1,372328,≥100 kb,tRNA-,18.0,1.2787536009528289
NZ_CP032127.1,18155,<100 kb,tRNA-,3.0,0.6020599913279624
NZ_CP032132.1,39357,<100 kb,tRNA-,1.0,0.3010299956639812
NZ_CP032128.1,5433,<100 kb,tRNA-,1.0,0.3010299956639812
NZ_CP032133.1,66715,<100 kb,tRNA-,7.0,0.9030899869919435
NZ_CP018910.1,9501,<100 kb,tRNA-,2.0,0.47712125471966244
NZ_CP026086.2,112436,≥100 kb,tRNA-,10.0,1.0413926851582251
NZ_CP026417.1,12933,<100 kb,tRNA-,4.0,0.6989700043360189
NZ_CP026418.1,43928,<100 kb,tRNA-,12.0,1.1139433523068367
NZ_CP026413.1,11959,<100 kb,tRNA-,1.0,0.3010299956639812
NZ_CP026414.1,17598,<100 kb,tRNA-,3.0,0.6020599913279624
NZ_CP026425.1,39361,<100 kb,tRNA-,1.0,0.3010299956639812
NZ_CP026617.1,38161,<100 kb,tRNA-,4.0,0.6989700043360189
NZ_CP027249.2,105591,≥100 kb,tRNA-,15.0,1.2041199826559248
NZ_CP027253.1,24018,<100 kb,tRNA-,8.0,0.9542425094393249
NZ_CP035935.1,48560,<100 kb,tRNA-,1.0,0.3010299956639812
NZ_CP035937.1,18761,<100 kb,tRNA-,7.0,0.9030899869919435
NZ_CP028573.2,61751,<100 kb,tRNA-,8.0,0.9542425094393249
NZ_CP041229.1,45460,<100 kb,tRNA-,1.0,0.3010299956639812
NZ_CP078030.1,19843,<100 kb,tRNA-,3.0,0.6020599913279624
NZ_CP079793.1,340235,≥100 kb,tRNA-,16.0,1.2304489213782739
NZ_CP078019.1,332451,≥100 kb,tRNA-,22.0,1.3617278360175928
NZ_CP078043.1,264416,≥100 kb,tRNA-,22.0,1.3617278360175928
NZ_CP078046.1,284005,≥100 kb,tRNA-,21.0,1.3424226808222062
NZ_CP038010.1,306131,≥100 kb,tRNA-,15.0,1.2041199826559248
NZ_CP031381.2,24268,<100 kb,tRNA-,2.0,0.47712125471966244
NZ_CP031382.1,70101,<100 kb,tRNA-,1.0,0.3010299956639812
NZ_CP042365.1,256887,≥100 kb,tRNA-,20.0,1.3222192947339193
NZ_CP043053.1,268263,≥100 kb,tRNA-,14.0,1.1760912590556813
NZ_CP043309.1,351885,≥100 kb,tRNA-,12.0,1.1139433523068367
NZ_CP040912.1,88002,<100 kb,tRNA-,14.0,1.1760912590556813
NZ_CP044019.1,116992,≥100 kb,tRNA-,7.0,0.9030899869919435
NZ_CP045561.1,173972,≥100 kb,tRNA-,11.0,1.0791812460476249
NZ_CP046043.1,47094,<100 kb,tRNA-,1.0,0.3010299956639812
NZ_CP046044.1,143035,≥100 kb,tRNA-,18.0,1.2787536009528289
NZ_CP045136.1,103629,≥100 kb,tRNA-,7.0,0.9030899869919435
NZ_CP045128.1,103629,≥100 kb,tRNA-,7.0,0.9030899869919435
NZ_CP045124.1,160891,≥100 kb,tRNA-,3.0,0.6020599913279624
NZ_CP045130.1,41086,<100 kb,tRNA-,1.0,0.3010299956639812
NZ_CP045133.1,40439,<100 kb,tRNA-,1.0,0.3010299956639812
NZ_CP045132.1,93847,<100 kb,tRNA-,17.0,1.255272505103306
NZ_CP045197.1,41393,<100 kb,tRNA-,1.0,0.3010299956639812
NZ_CP044446.1,120957,≥100 kb,tRNA-,18.0,1.2787536009528289
NZ_CP044447.1,16151,<100 kb,tRNA-,3.0,0.6020599913279624
NZ_CP044448.1,11746,<100 kb,tRNA-,1.0,0.3010299956639812
NZ_CP044449.1,9322,<100 kb,tRNA-,1.0,0.3010299956639812
NZ_CP044451.1,121603,≥100 kb,tRNA-,16.0,1.2304489213782739
NZ_CP044457.1,136195,≥100 kb,tRNA-,16.0,1.2304489213782739
NZ_CP044464.1,138456,≥100 kb,tRNA-,14.0,1.1760912590556813
NZ_CP044467.1,12109,<100 kb,tRNA-,2.0,0.47712125471966244
NZ_CP044468.1,11821,<100 kb,tRNA-,3.0,0.6020599913279624
NZ_CP044469.1,7346,<100 kb,tRNA-,3.0,0.6020599913279624
NZ_CP044471.1,6354,<100 kb,tRNA-,1.0,0.3010299956639812
NZ_CP044484.1,110146,≥100 kb,tRNA-,10.0,1.0413926851582251
NZ_CP044485.1,68525,<100 kb,tRNA-,4.0,0.6989700043360189
NZ_CP044489.1,7333,<100 kb,tRNA-,1.0,0.3010299956639812
NZ_CP044475.1,132305,≥100 kb,tRNA-,18.0,1.2787536009528289
NZ_CP044477.1,11416,<100 kb,tRNA-,3.0,0.6020599913279624
NZ_CP044478.1,8743,<100 kb,tRNA-,1.0,0.3010299956639812
NZ_CP044479.1,6415,<100 kb,tRNA-,1.0,0.3010299956639812
NZ_CP048015.1,158867,≥100 kb,tRNA-,11.0,1.0791812460476249
NZ_CP041290.1,42489,<100 kb,tRNA-,2.0,0.47712125471966244
NZ_CP041297.1,53584,<100 kb,tRNA-,8.0,0.9542425094393249
NZ_CP039153.1,9137,<100 kb,tRNA-,1.0,0.3010299956639812
NZ_CP039146.1,73803,<100 kb,tRNA-,3.0,0.6020599913279624
NZ_CP039147.1,54764,<100 kb,tRNA-,3.0,0.6020599913279624
NZ_CP061544.1,70378,<100 kb,tRNA-,3.0,0.6020599913279624
NZ_CP061557.1,336046,≥100 kb,tRNA-,12.0,1.1139433523068367
NZ_CP061559.1,30725,<100 kb,tRNA-,3.0,0.6020599913279624
NZ_CP061552.1,90596,<100 kb,tRNA-,6.0,0.8450980400142568
NZ_CP061572.1,281459,≥100 kb,tRNA-,18.0,1.2787536009528289
NZ_CP061580.1,6078,<100 kb,tRNA-,1.0,0.3010299956639812
NZ_CP061583.1,134107,≥100 kb,tRNA-,5.0,0.7781512503836436
NZ_CP061585.1,74124,<100 kb,tRNA-,2.0,0.47712125471966244
NZ_CP061587.1,6077,<100 kb,tRNA-,1.0,0.3010299956639812
NZ_CP061594.1,6078,<100 kb,tRNA-,1.0,0.3010299956639812
NZ_CP061599.1,135194,≥100 kb,tRNA-,5.0,0.7781512503836436
NZ_CP061602.1,6077,<100 kb,tRNA-,1.0,0.3010299956639812
NZ_CP061604.1,135196,≥100 kb,tRNA-,5.0,0.7781512503836436
NZ_CP061607.1,6078,<100 kb,tRNA-,1.0,0.3010299956639812
NZ_CP061614.1,135195,≥100 kb,tRNA-,5.0,0.7781512503836436
NZ_CP061618.1,6078,<100 kb,tRNA-,1.0,0.3010299956639812
NZ_CP061621.1,134105,≥100 kb,tRNA-,5.0,0.7781512503836436
NZ_CP061623.1,74130,<100 kb,tRNA-,2.0,0.47712125471966244
NZ_CP061630.1,134106,≥100 kb,tRNA-,4.0,0.6989700043360189
NZ_CP061632.1,74124,<100 kb,tRNA-,2.0,0.47712125471966244
NZ_CP061633.1,6078,<100 kb,tRNA-,1.0,0.3010299956639812
NZ_CP061635.1,134108,≥100 kb,tRNA-,5.0,0.7781512503836436
NZ_CP061637.1,74127,<100 kb,tRNA-,2.0,0.47712125471966244
NZ_CP061638.1,6078,<100 kb,tRNA-,1.0,0.3010299956639812
NZ_CP061641.1,134105,≥100 kb,tRNA-,5.0,0.7781512503836436
NZ_CP061643.1,74127,<100 kb,tRNA-,2.0,0.47712125471966244
NZ_CP061644.1,6162,<100 kb,tRNA-,1.0,0.3010299956639812
NZ_CP061656.1,134099,≥100 kb,tRNA-,5.0,0.7781512503836436
NZ_CP061658.1,6078,<100 kb,tRNA-,1.0,0.3010299956639812
NZ_CP061662.1,75214,<100 kb,tRNA-,2.0,0.47712125471966244
NZ_CP061663.1,6079,<100 kb,tRNA-,1.0,0.3010299956639812
NZ_CP061668.1,6079,<100 kb,tRNA-,1.0,0.3010299956639812
NZ_CP061677.1,74124,<100 kb,tRNA-,2.0,0.47712125471966244
NZ_CP061673.1,290682,≥100 kb,tRNA-,16.0,1.2304489213782739
NZ_CP061680.1,6077,<100 kb,tRNA-,1.0,0.3010299956639812
NZ_CP061684.1,134105,≥100 kb,tRNA-,5.0,0.7781512503836436
NZ_CP061686.1,6078,<100 kb,tRNA-,1.0,0.3010299956639812
NZ_CP061829.1,134107,≥100 kb,tRNA-,5.0,0.7781512503836436
NZ_CP048655.1,104003,≥100 kb,tRNA-,11.0,1.0791812460476249
NZ_CP048658.1,8610,<100 kb,tRNA-,1.0,0.3010299956639812
NZ_CP048669.1,6078,<100 kb,tRNA-,1.0,0.3010299956639812
NZ_CP048661.1,148815,≥100 kb,tRNA-,3.0,0.6020599913279624
NZ_CP048662.1,19920,<100 kb,tRNA-,3.0,0.6020599913279624
NZ_CP048665.1,11857,<100 kb,tRNA-,2.0,0.47712125471966244
NZ_CP048672.1,105038,≥100 kb,tRNA-,9.0,1.0
NZ_CP048682.1,18507,<100 kb,tRNA-,3.0,0.6020599913279624
NZ_CP048683.1,13956,<100 kb,tRNA-,2.0,0.47712125471966244
NZ_CP066122.1,122921,≥100 kb,tRNA-,9.0,1.0
NZ_CP066120.1,43270,<100 kb,tRNA-,6.0,0.8450980400142568
NZ_CP067021.1,283930,≥100 kb,tRNA-,13.0,1.146128035678238
NZ_CP054138.1,206931,≥100 kb,tRNA-,11.0,1.0791812460476249
NZ_CP071318.1,87911,<100 kb,tRNA-,9.0,1.0
NZ_CP071767.1,148166,≥100 kb,tRNA-,10.0,1.0413926851582251
NZ_CP071768.1,54135,<100 kb,tRNA-,3.0,0.6020599913279624
NZ_CP071769.1,178808,≥100 kb,tRNA-,13.0,1.146128035678238
NZ_CP071772.1,178739,≥100 kb,tRNA-,18.0,1.2787536009528289
NZ_CP059559.1,45911,<100 kb,tRNA-,1.0,0.3010299956639812
NZ_CP072550.1,250175,≥100 kb,tRNA-,14.0,1.1760912590556813
NZ_CP084305.1,7662,<100 kb,tRNA-,3.0,0.6020599913279624
NZ_CP084302.1,145524,≥100 kb,tRNA-,16.0,1.2304489213782739
NZ_CP087717.1,283349,≥100 kb,tRNA-,7.0,0.9030899869919435
NZ_CP087718.1,43577,<100 kb,tRNA-,6.0,0.8450980400142568
NZ_CP090068.1,187536,≥100 kb,tRNA-,3.0,0.6020599913279624
NZ_CP090384.1,47845,<100 kb,tRNA-,5.0,0.7781512503836436
NZ_CP094257.1,84924,<100 kb,tRNA-,8.0,0.9542425094393249
NZ_CP094260.1,51220,<100 kb,tRNA-,8.0,0.9542425094393249
NZ_CP094261.1,70604,<100 kb,tRNA-,1.0,0.3010299956639812
NZ_CP096123.1,59583,<100 kb,tRNA-,2.0,0.47712125471966244
NZ_CP096121.1,333311,≥100 kb,tRNA-,16.0,1.2304489213782739
NZ_CP027659.1,237519,≥100 kb,tRNA-,2.0,0.47712125471966244
NZ_CP095410.1,8505,<100 kb,tRNA-,3.0,0.6020599913279624
NZ_CP095411.1,6078,<100 kb,tRNA-,1.0,0.3010299956639812
NZ_CP029006.1,262817,≥100 kb,tRNA-,2.0,0.47712125471966244
NZ_CP094542.1,87435,<100 kb,tRNA-,3.0,0.6020599913279624
NZ_CP094544.1,7236,<100 kb,tRNA-,3.0,0.6020599913279624
NZ_CP094546.1,98709,<100 kb,tRNA-,8.0,0.9542425094393249
NZ_CP094556.1,100866,≥100 kb,tRNA-,11.0,1.0791812460476249
NZ_CP094557.1,61481,<100 kb,tRNA-,3.0,0.6020599913279624
NZ_CP094558.1,14153,<100 kb,tRNA-,6.0,0.8450980400142568
NZ_CP094560.1,8735,<100 kb,tRNA-,1.0,0.3010299956639812
NZ_CP082144.1,287861,≥100 kb,tRNA-,1.0,0.3010299956639812
NZ_CP082146.1,4135,<100 kb,tRNA-,1.0,0.3010299956639812
NZ_CP104737.1,27995,<100 kb,tRNA-,3.0,0.6020599913279624
NZ_CP089039.1,317317,≥100 kb,tRNA-,20.0,1.3222192947339193
NZ_CP089045.1,258901,≥100 kb,tRNA-,14.0,1.1760912590556813
NZ_CP089052.1,313387,≥100 kb,tRNA-,16.0,1.2304489213782739
NZ_CP102936.1,90740,<100 kb,tRNA-,11.0,1.0791812460476249
NZ_CP123767.1,43600,<100 kb,tRNA-,6.0,0.8450980400142568
NZ_CP123919.1,47274,<100 kb,tRNA-,1.0,0.3010299956639812
NZ_CP123920.1,35184,<100 kb,tRNA-,3.0,0.6020599913279624
NZ_CP123921.1,6078,<100 kb,tRNA-,1.0,0.3010299956639812
NZ_CP123913.1,38106,<100 kb,tRNA-,1.0,0.3010299956639812
NZ_CP123914.1,35184,<100 kb,tRNA-,3.0,0.6020599913279624
NZ_CP123915.1,9012,<100 kb,tRNA-,4.0,0.6989700043360189
NZ_CP123916.1,6078,<100 kb,tRNA-,1.0,0.3010299956639812
NZ_CP125670.1,241357,≥100 kb,tRNA-,2.0,0.47712125471966244
NZ_CP095868.1,285025,≥100 kb,tRNA-,9.0,1.0
NZ_CP130327.1,7661,<100 kb,tRNA-,1.0,0.3010299956639812
NZ_CP130330.1,83648,<100 kb,tRNA-,5.0,0.7781512503836436
NZ_CP121777.1,378197,≥100 kb,tRNA-,18.0,1.2787536009528289
NZ_CP121779.1,41087,<100 kb,tRNA-,1.0,0.3010299956639812
NZ_CP121780.1,22357,<100 kb,tRNA-,3.0,0.6020599913279624
NZ_CP121783.1,7579,<100 kb,tRNA-,1.0,0.3010299956639812
NZ_CP121786.1,4135,<100 kb,tRNA-,1.0,0.3010299956639812
NZ_CP133669.1,6078,<100 kb,tRNA-,1.0,0.3010299956639812
NZ_CP133667.1,47274,<100 kb,tRNA-,1.0,0.3010299956639812
NZ_CP133668.1,35184,<100 kb,tRNA-,3.0,0.6020599913279624
NZ_CP127889.1,13655,<100 kb,tRNA-,1.0,0.3010299956639812
NZ_CP127920.1,10750,<100 kb,tRNA-,1.0,0.3010299956639812
NZ_CP137749.1,14571,<100 kb,tRNA+,3.0,0.6020599913279624
NZ_CP137748.1,47273,<100 kb,tRNA-,1.0,0.3010299956639812
NZ_CP137747.1,156925,≥100 kb,tRNA-,15.0,1.2041199826559248
NZ_CP114602.1,147173,≥100 kb,tRNA-,12.0,1.1139433523068367
NZ_CP114604.1,20756,<100 kb,tRNA-,1.0,0.3010299956639812
NZ_CP114607.1,162095,≥100 kb,tRNA-,16.0,1.2304489213782739
NZ_CP114611.1,7639,<100 kb,tRNA-,3.0,0.6020599913279624
NZ_CP114613.1,6726,<100 kb,tRNA-,1.0,0.3010299956639812
NZ_CP139283.1,202864,≥100 kb,tRNA-,2.0,0.47712125471966244
NZ_CP139942.1,6079,<100 kb,tRNA-,1.0,0.3010299956639812
NZ_CP139941.1,46767,<100 kb,tRNA-,7.0,0.9030899869919435
NZ_CP140709.1,116745,≥100 kb,tRNA-,12.0,1.1139433523068367
NZ_CP140716.1,115006,≥100 kb,tRNA-,12.0,1.1139433523068367
NZ_CP140717.1,13627,<100 kb,tRNA-,3.0,0.6020599913279624
NZ_CP135155.1,19700,<100 kb,tRNA-,5.0,0.7781512503836436
NZ_CP135161.1,9837,<100 kb,tRNA+,2.0,0.47712125471966244
NZ_CP147683.1,318784,≥100 kb,tRNA-,3.0,0.6020599913279624
NZ_CP145907.1,28471,<100 kb,tRNA-,2.0,0.47712125471966244
NZ_CP131868.1,15046,<100 kb,tRNA-,2.0,0.47712125471966244
NZ_CP131874.1,283863,≥100 kb,tRNA-,19.0,1.3010299956639813
NZ_CP131879.1,133801,≥100 kb,tRNA+,3.0,0.6020599913279624
NZ_CP131880.1,120858,≥100 kb,tRNA+,1.0,0.3010299956639812
NZ_CP131881.1,8970,<100 kb,tRNA-,2.0,0.47712125471966244
NZ_CP155549.1,8486,<100 kb,tRNA-,2.0,0.47712125471966244
NZ_CP059552.1,25471,<100 kb,tRNA-,1.0,0.3010299956639812
NZ_CP156773.1,90712,<100 kb,tRNA-,2.0,0.47712125471966244
NZ_CP156796.1,9121,<100 kb,tRNA-,2.0,0.47712125471966244
NZ_CP156779.1,90766,<100 kb,tRNA-,2.0,0.47712125471966244
NZ_CP156805.1,122500,≥100 kb,tRNA-,2.0,0.47712125471966244
NZ_CP157982.1,220301,≥100 kb,tRNA-,1.0,0.3010299956639812
NZ_AP031567.1,134012,≥100 kb,tRNA-,10.0,1.0413926851582251
NZ_CP095359.1,50163,<100 kb,tRNA-,2.0,0.47712125471966244
NZ_CP095361.1,48157,<100 kb,tRNA-,7.0,0.9030899869919435
NZ_CP157427.1,3827372,≥100 kb,tRNA+,36.0,1.568201724066995
NZ_CP157433.1,131370,≥100 kb,tRNA-,11.0,1.0791812460476249
NZ_CP157437.1,96999,<100 kb,tRNA-,11.0,1.0791812460476249
NZ_CP157443.1,413572,≥100 kb,tRNA-,5.0,0.7781512503836436
NZ_CP157445.1,49748,<100 kb,tRNA-,1.0,0.3010299956639812
NZ_CP157449.1,48557,<100 kb,tRNA-,1.0,0.3010299956639812
NZ_CP157453.1,49886,<100 kb,tRNA-,1.0,0.3010299956639812
NZ_CP167785.1,41087,<100 kb,tRNA-,1.0,0.3010299956639812
NZ_CP167779.1,41079,<100 kb,tRNA-,1.0,0.3010299956639812
NZ_CP169370.1,112635,≥100 kb,tRNA-,6.0,0.8450980400142568
NZ_CP133048.1,43578,<100 kb,tRNA-,6.0,0.8450980400142568
NZ_CP133049.1,39365,<100 kb,tRNA-,1.0,0.3010299956639812
NZ_CP133056.1,47271,<100 kb,tRNA-,1.0,0.3010299956639812
NZ_CP127322.1,275647,≥100 kb,tRNA-,13.0,1.146128035678238
NZ_CP134573.1,77529,<100 kb,tRNA-,2.0,0.47712125471966244
NZ_CP134575.1,77530,<100 kb,tRNA-,2.0,0.47712125471966244
NZ_CP134584.1,205113,≥100 kb,tRNA-,9.0,1.0
NZ_CP134592.1,77294,<100 kb,tRNA-,2.0,0.47712125471966244
NZ_CP134588.1,77212,<100 kb,tRNA-,2.0,0.47712125471966244
NZ_CP171395.1,78284,<100 kb,tRNA-,1.0,0.3010299956639812
NZ_CP171794.1,7244,<100 kb,tRNA-,2.0,0.47712125471966244
NZ_CP171158.1,291314,≥100 kb,tRNA-,3.0,0.6020599913279624
NZ_CP171161.1,10532,<100 kb,tRNA-,1.0,0.3010299956639812
NZ_CP137072.1,97180,<100 kb,tRNA-,2.0,0.47712125471966244
NZ_CP175650.1,77820,<100 kb,tRNA-,1.0,0.3010299956639812
NZ_CP175654.1,70401,<100 kb,tRNA-,1.0,0.3010299956639812
NZ_CP175643.1,70100,<100 kb,tRNA-,1.0,0.3010299956639812
NZ_CP178355.1,6078,<100 kb,tRNA-,1.0,0.3010299956639812
NZ_CP178357.1,200633,≥100 kb,tRNA-,2.0,0.47712125471966244
NZ_CP179871.1,162333,≥100 kb,tRNA-,7.0,0.9030899869919435
NZ_CP179873.1,13776,<100 kb,tRNA-,4.0,0.6989700043360189
NZ_CP179874.1,177375,≥100 kb,tRNA-,2.0,0.47712125471966244
NZ_CP179881.1,6078,<100 kb,tRNA-,1.0,0.3010299956639812
NZ_CP179882.1,13932,<100 kb,tRNA-,1.0,0.3010299956639812
NZ_CP179876.1,6078,<100 kb,tRNA-,1.0,0.3010299956639812
NZ_CP179879.1,13932,<100 kb,tRNA-,1.0,0.3010299956639812
NZ_CP183241.1,64147,<100 kb,tRNA-,9.0,1.0
NZ_CP183894.1,72153,<100 kb,tRNA-,10.0,1.0413926851582251
NZ_CP183891.1,94944,<100 kb,tRNA-,2.0,0.47712125471966244
NZ_CP183892.1,59618,<100 kb,tRNA-,6.0,0.8450980400142568
NZ_CP183898.1,162635,≥100 kb,tRNA-,4.0,0.6989700043360189
NZ_CP183912.1,86720,<100 kb,tRNA-,7.0,0.9030899869919435
NZ_CP183914.1,6078,<100 kb,tRNA-,1.0,0.3010299956639812
NZ_CP183896.1,108676,≥100 kb,tRNA-,25.0,1.414973347970818
NZ_CP183901.1,86725,<100 kb,tRNA-,11.0,1.0791812460476249
NZ_CP183902.1,7661,<100 kb,tRNA-,3.0,0.6020599913279624
NZ_CP183905.1,98060,<100 kb,tRNA-,14.0,1.1760912590556813
NZ_CP184586.1,184473,≥100 kb,tRNA+,12.0,1.1139433523068367
NZ_CP184588.1,77944,<100 kb,tRNA-,2.0,0.47712125471966244
NZ_CP184592.1,78030,<100 kb,tRNA-,2.0,0.47712125471966244
NZ_CP184594.1,184469,≥100 kb,tRNA+,12.0,1.1139433523068367
NZ_CP184610.1,78031,<100 kb,tRNA-,2.0,0.47712125471966244
NZ_CP184612.1,78027,<100 kb,tRNA-,2.0,0.47712125471966244
NZ_CP184614.1,78031,<100 kb,tRNA-,2.0,0.47712125471966244
NZ_CP185732.1,90262,<100 kb,tRNA-,3.0,0.6020599913279624
NZ_CP185733.1,11681,<100 kb,tRNA-,3.0,0.6020599913279624
NZ_CP185770.1,8493,<100 kb,tRNA-,2.0,0.47712125471966244
NZ_CP188771.1,202493,≥100 kb,tRNA-,4.0,0.6989700043360189
NZ_CP181855.1,178726,≥100 kb,tRNA-,18.0,1.2787536009528289
NZ_CP181858.1,178725,≥100 kb,tRNA-,18.0,1.2787536009528289
NZ_CP191158.1,6078,<100 kb,tRNA-,1.0,0.3010299956639812
NZ_CP191159.1,2997,<100 kb,tRNA-,2.0,0.47712125471966244
NZ_CP191663.1,75650,<100 kb,tRNA-,3.0,0.6020599913279624
NZ_CP191649.1,302243,≥100 kb,tRNA-,19.0,1.3010299956639813
NZ_CP191657.1,41074,<100 kb,tRNA-,1.0,0.3010299956639812
NZ_CP191670.1,302197,≥100 kb,tRNA-,20.0,1.3222192947339193
NC_010941.1,4236,<100 kb,tRNA-,1.0,0.3010299956639812
NC_010942.1,5685,<100 kb,tRNA-,2.0,0.47712125471966244
NZ_CP013966.1,156086,≥100 kb,tRNA-,1.0,0.3010299956639812
NZ_CP016381.1,143348,≥100 kb,tRNA-,17.0,1.255272505103306
NZ_CP031710.1,30787,<100 kb,tRNA-,3.0,0.6020599913279624
NZ_CP031711.1,12086,<100 kb,tRNA-,4.0,0.6989700043360189
NZ_CP031712.1,12273,<100 kb,tRNA-,1.0,0.3010299956639812
NZ_CP033125.1,12698,<100 kb,tRNA-,1.0,0.3010299956639812
NZ_CP033130.1,311749,≥100 kb,tRNA-,8.0,0.9542425094393249
NZ_CP033131.1,59191,<100 kb,tRNA-,12.0,1.1139433523068367
NZ_CP033132.1,8773,<100 kb,tRNA-,2.0,0.47712125471966244
NZ_CP022170.1,195805,≥100 kb,tRNA-,17.0,1.255272505103306
NZ_CP022176.1,216870,≥100 kb,tRNA-,16.0,1.2304489213782739
NZ_CP028566.1,38976,<100 kb,tRNA-,4.0,0.6989700043360189
NZ_CP028565.1,32665,<100 kb,tRNA-,4.0,0.6989700043360189
NZ_CP028567.2,241090,≥100 kb,tRNA-,14.0,1.1760912590556813
NZ_CP022716.1,7699,<100 kb,tRNA-,1.0,0.3010299956639812
NZ_AP019196.1,153814,≥100 kb,tRNA-,7.0,0.9030899869919435
NZ_AP019197.1,53629,<100 kb,tRNA-,6.0,0.8450980400142568
NZ_AP019194.1,39071,<100 kb,tRNA-,4.0,0.6989700043360189
NZ_CP038464.1,165134,≥100 kb,tRNA-,19.0,1.3010299956639813
NZ_CP038466.1,165134,≥100 kb,tRNA-,19.0,1.3010299956639813
NZ_CP047963.1,283486,≥100 kb,tRNA-,10.0,1.0413926851582251
NZ_CP038450.1,199818,≥100 kb,tRNA-,9.0,1.0
NZ_AP022242.1,153814,≥100 kb,tRNA-,7.0,0.9030899869919435
NZ_AP022243.1,53629,<100 kb,tRNA-,6.0,0.8450980400142568
NZ_AP022253.1,39071,<100 kb,tRNA-,4.0,0.6989700043360189
NZ_AP022255.1,58136,<100 kb,tRNA-,2.0,0.47712125471966244
NZ_AP023399.1,134822,≥100 kb,tRNA-,2.0,0.47712125471966244
NZ_AP023400.1,80071,<100 kb,tRNA-,13.0,1.146128035678238
NZ_AP023401.1,61502,<100 kb,tRNA-,4.0,0.6989700043360189
NZ_CP060033.1,63500,<100 kb,tRNA-,1.0,0.3010299956639812
NZ_CP063067.1,11024,<100 kb,tRNA-,3.0,0.6020599913279624
NZ_AP024138.1,49174,<100 kb,tRNA-,13.0,1.146128035678238
NZ_CP066814.1,111631,≥100 kb,tRNA-,4.0,0.6989700043360189
NZ_CP060812.1,186242,≥100 kb,tRNA-,9.0,1.0
NZ_CP060813.1,90430,<100 kb,tRNA-,8.0,0.9542425094393249
NZ_CP067418.1,373184,≥100 kb,tRNA+,10.0,1.0413926851582251
NZ_CP068233.1,110559,≥100 kb,tRNA-,4.0,0.6989700043360189
NZ_AP024404.1,80262,<100 kb,tRNA-,13.0,1.146128035678238
NZ_CP049831.1,286000,≥100 kb,tRNA-,9.0,1.0
NZ_CP050188.1,252699,≥100 kb,tRNA-,9.0,1.0
NZ_AP024949.1,66313,<100 kb,tRNA-,10.0,1.0413926851582251
NZ_AP024950.1,42798,<100 kb,tRNA-,4.0,0.6989700043360189
NZ_AP024942.1,65156,<100 kb,tRNA-,5.0,0.7781512503836436
NZ_AP024943.1,21872,<100 kb,tRNA-,1.0,0.3010299956639812
NZ_CP075565.1,9182,<100 kb,tRNA-,1.0,0.3010299956639812
NZ_CP091180.1,9639,<100 kb,tRNA-,1.0,0.3010299956639812
NZ_CP091177.1,113450,≥100 kb,tRNA-,4.0,0.6989700043360189
NZ_CP091179.1,26128,<100 kb,tRNA-,4.0,0.6989700043360189
NZ_CP031867.1,5470,<100 kb,tRNA-,1.0,0.3010299956639812
NZ_CP031868.1,4063,<100 kb,tRNA-,1.0,0.3010299956639812
NZ_CP095286.1,6388,<100 kb,tRNA-,1.0,0.3010299956639812
NZ_CP095281.1,96480,<100 kb,tRNA-,5.0,0.7781512503836436
NZ_CP095285.1,18193,<100 kb,tRNA-,4.0,0.6989700043360189
NZ_CP100393.1,243752,≥100 kb,tRNA-,19.0,1.3010299956639813
NZ_AP026371.1,51711,<100 kb,tRNA-,5.0,0.7781512503836436
NZ_AP026372.1,8281,<100 kb,tRNA-,1.0,0.3010299956639812
NZ_AP026377.1,31080,<100 kb,tRNA-,2.0,0.47712125471966244
NZ_AP026404.1,38574,<100 kb,tRNA-,1.0,0.3010299956639812
NZ_AP026405.1,36687,<100 kb,tRNA-,2.0,0.47712125471966244
NZ_CP104653.1,123124,≥100 kb,tRNA-,8.0,0.9542425094393249
NZ_AP026896.1,4944632,≥100 kb,tRNA+,14.0,1.1760912590556813
NZ_CP118441.1,202956,≥100 kb,tRNA-,20.0,1.3222192947339193
NZ_CP118700.1,39080,<100 kb,tRNA-,4.0,0.6989700043360189
NZ_CP118703.1,9512,<100 kb,tRNA-,4.0,0.6989700043360189
NZ_CP118701.1,176681,≥100 kb,tRNA-,12.0,1.1139433523068367
NZ_CP118989.1,243463,≥100 kb,tRNA-,10.0,1.0413926851582251
NZ_CP118990.1,208934,≥100 kb,tRNA-,3.0,0.6020599913279624
NZ_CP118940.1,220105,≥100 kb,tRNA-,20.0,1.3222192947339193
NZ_CP118994.1,49073,<100 kb,tRNA-,6.0,0.8450980400142568
NZ_CP118943.1,40641,<100 kb,tRNA-,4.0,0.6989700043360189
NZ_CP118945.1,193000,≥100 kb,tRNA-,21.0,1.3424226808222062
NZ_CP118944.1,100830,≥100 kb,tRNA-,2.0,0.47712125471966244
NZ_CP119765.1,29453,<100 kb,tRNA-,2.0,0.47712125471966244
NZ_CP121793.1,296497,≥100 kb,tRNA-,3.0,0.6020599913279624
NZ_CP121792.1,230178,≥100 kb,tRNA-,25.0,1.414973347970818
NZ_CP140793.1,56092,<100 kb,tRNA-,1.0,0.3010299956639812
NZ_CP140794.1,114463,≥100 kb,tRNA-,2.0,0.47712125471966244
NZ_CP143515.1,327540,≥100 kb,tRNA-,15.0,1.2041199826559248
NZ_AP027932.1,5415,<100 kb,tRNA-,1.0,0.3010299956639812
NZ_CP119432.1,39028,<100 kb,tRNA-,4.0,0.6989700043360189
NZ_CP119434.1,70811,<100 kb,tRNA-,9.0,1.0
NZ_CP144177.1,250861,≥100 kb,tRNA-,1.0,0.3010299956639812
NZ_CP144182.1,27771,<100 kb,tRNA-,5.0,0.7781512503836436
NZ_CP180565.1,196803,≥100 kb,tRNA-,19.0,1.3010299956639813
NZ_CP180567.1,6760,<100 kb,tRNA+,1.0,0.3010299956639812
NZ_CP180560.1,196803,≥100 kb,tRNA-,19.0,1.3010299956639813
NZ_CP180562.1,6760,<100 kb,tRNA+,1.0,0.3010299956639812
NZ_CP190051.1,5360,<100 kb,tRNA-,2.0,0.47712125471966244
NZ_CP190052.1,4453,<100 kb,tRNA-,1.0,0.3010299956639812
NZ_CP190054.1,7674,<100 kb,tRNA-,1.0,0.3010299956639812
NZ_CP190063.1,5148,<100 kb,tRNA-,1.0,0.3010299956639812
NZ_CP190065.1,5148,<100 kb,tRNA-,1.0,0.3010299956639812
NZ_CP190074.1,5148,<100 kb,tRNA-,1.0,0.3010299956639812
NZ_CP190076.1,5148,<100 kb,tRNA-,1.0,0.3010299956639812
NZ_CP190091.1,4613,<100 kb,tRNA-,2.0,0.47712125471966244
NZ_CP190078.1,5148,<100 kb,tRNA-,1.0,0.3010299956639812
NZ_CP190100.1,4922,<100 kb,tRNA-,1.0,0.3010299956639812
NZ_CP190102.1,4922,<100 kb,tRNA-,1.0,0.3010299956639812
NZ_CP190106.1,5148,<100 kb,tRNA-,1.0,0.3010299956639812
NZ_CP190087.1,3366,<100 kb,tRNA-,1.0,0.3010299956639812
NZ_CP190089.1,5148,<100 kb,tRNA-,1.0,0.3010299956639812
NZ_CP190069.1,6217,<100 kb,tRNA-,1.0,0.3010299956639812
NZ_CP190083.1,5148,<100 kb,tRNA-,1.0,0.3010299956639812
NZ_CP190124.1,5685,<100 kb,tRNA-,2.0,0.47712125471966244
NZ_CP190108.1,3366,<100 kb,tRNA-,1.0,0.3010299956639812
NZ_CP190114.1,6217,<100 kb,tRNA-,1.0,0.3010299956639812
NZ_CP190098.1,4922,<100 kb,tRNA-,1.0,0.3010299956639812
NC_009349.1,166749,≥100 kb,tRNA-,5.0,0.7781512503836436
NZ_CP013143.1,14928,<100 kb,tRNA-,5.0,0.7781512503836436
NZ_CP014775.1,198307,≥100 kb,tRNA-,17.0,1.255272505103306
NZ_CP026123.1,23973,<100 kb,tRNA-,1.0,0.3010299956639812
NZ_CP026225.1,178635,≥100 kb,tRNA-,14.0,1.1760912590556813
NZ_CP026224.1,39148,<100 kb,tRNA-,4.0,0.6989700043360189
NZ_CP026227.1,51597,<100 kb,tRNA-,5.0,0.7781512503836436
NZ_CP026230.1,77569,<100 kb,tRNA-,7.0,0.9030899869919435
NZ_CP026219.1,35298,<100 kb,tRNA-,4.0,0.6989700043360189
NZ_CP026221.1,171236,≥100 kb,tRNA-,3.0,0.6020599913279624
NZ_CP026410.1,6782,<100 kb,tRNA+,1.0,0.3010299956639812
NZ_CP032924.1,183311,≥100 kb,tRNA-,2.0,0.47712125471966244
NZ_CP038105.1,13912,<100 kb,tRNA-,1.0,0.3010299956639812
NZ_CP038103.1,180043,≥100 kb,tRNA-,5.0,0.7781512503836436
NZ_CP048040.1,60946,<100 kb,tRNA-,1.0,0.3010299956639812
NZ_CP048041.1,43526,<100 kb,tRNA-,3.0,0.6020599913279624
NZ_CP053858.1,486984,≥100 kb,tRNA-,2.0,0.47712125471966244
NZ_CP116695.1,128118,≥100 kb,tRNA-,1.0,0.3010299956639812
NZ_AP021918.1,39576,<100 kb,tRNA-,12.0,1.1139433523068367
NZ_AP021921.1,23580,<100 kb,tRNA-,9.0,1.0
NZ_AP022039.1,17349,<100 kb,tRNA-,6.0,0.8450980400142568
NZ_AP022040.1,9176,<100 kb,tRNA-,1.0,0.3010299956639812
NZ_AP022282.1,166424,≥100 kb,tRNA-,7.0,0.9030899869919435
NZ_AP022283.1,47395,<100 kb,tRNA-,4.0,0.6989700043360189
NZ_AP022292.1,9170,<100 kb,tRNA-,1.0,0.3010299956639812
NZ_CP067031.1,14029,<100 kb,tRNA-,2.0,0.47712125471966244
NZ_CP067030.1,173651,≥100 kb,tRNA-,4.0,0.6989700043360189
NZ_CP067040.1,183401,≥100 kb,tRNA-,1.0,0.3010299956639812
NZ_CP043965.1,210623,≥100 kb,tRNA-,2.0,0.47712125471966244
NZ_CP049212.1,27826,<100 kb,tRNA-,1.0,0.3010299956639812
NZ_CP077202.1,161384,≥100 kb,tRNA-,23.0,1.380211241711606
NZ_CP077204.1,80982,<100 kb,tRNA-,4.0,0.6989700043360189
NZ_CP077222.1,113265,≥100 kb,tRNA-,1.0,0.3010299956639812
NZ_CP077402.1,14831,<100 kb,tRNA-,1.0,0.3010299956639812
NZ_CP074397.1,147126,≥100 kb,tRNA-,1.0,0.3010299956639812
NZ_CP083462.1,158496,≥100 kb,tRNA-,11.0,1.0791812460476249
NZ_CP085466.1,16315,<100 kb,tRNA-,2.0,0.47712125471966244
NZ_CP085467.1,14750,<100 kb,tRNA-,1.0,0.3010299956639812
NZ_CP085537.1,11845,<100 kb,tRNA-,1.0,0.3010299956639812
NZ_CP085536.1,46771,<100 kb,tRNA-,2.0,0.47712125471966244
NZ_CP087267.1,70555,<100 kb,tRNA-,6.0,0.8450980400142568
NZ_CP087269.1,9657,<100 kb,tRNA-,1.0,0.3010299956639812
NZ_CP087268.1,33610,<100 kb,tRNA-,6.0,0.8450980400142568
NZ_CP102109.1,4928,<100 kb,tRNA-,1.0,0.3010299956639812
NZ_CP079826.1,51662,<100 kb,tRNA-,4.0,0.6989700043360189
NZ_CP104333.1,83142,<100 kb,tRNA-,15.0,1.2041199826559248
NZ_CP104379.1,63921,<100 kb,tRNA-,1.0,0.3010299956639812
NZ_CP048575.1,630980,≥100 kb,tRNA-,2.0,0.47712125471966244
NZ_CP119419.1,184420,≥100 kb,tRNA-,4.0,0.6989700043360189
NZ_CP121836.1,61154,<100 kb,tRNA-,3.0,0.6020599913279624
NZ_CP126579.1,9176,<100 kb,tRNA-,1.0,0.3010299956639812
NZ_AP027934.1,114389,≥100 kb,tRNA-,4.0,0.6989700043360189
NZ_CP113526.1,4463,<100 kb,tRNA-,3.0,0.6020599913279624
NZ_CP183237.1,65327,<100 kb,tRNA-,2.0,0.47712125471966244
NZ_CP186282.1,4928,<100 kb,tRNA-,1.0,0.3010299956639812
NZ_CP187589.1,42544,<100 kb,tRNA-,5.0,0.7781512503836436
NZ_CP187590.1,38944,<100 kb,tRNA-,4.0,0.6989700043360189
NZ_CP187596.1,214475,≥100 kb,tRNA-,17.0,1.255272505103306
NZ_CP187599.1,8042,<100 kb,tRNA-,4.0,0.6989700043360189
NZ_CP184253.1,535698,≥100 kb,tRNA-,2.0,0.47712125471966244
NC_013792.1,285222,≥100 kb,tRNA-,1.0,0.3010299956639812
NC_015423.1,75488,<100 kb,tRNA-,2.0,0.47712125471966244
NZ_CP015440.1,65295,<100 kb,tRNA+,2.0,0.47712125471966244
NZ_CP026266.1,367312,≥100 kb,tRNA-,2.0,0.47712125471966244
NZ_CP028969.1,367423,≥100 kb,tRNA-,2.0,0.47712125471966244
NZ_CP034238.1,285684,≥100 kb,tRNA-,3.0,0.6020599913279624
NZ_CP043858.1,237519,≥100 kb,tRNA+,1.0,0.3010299956639812
NZ_CP049244.1,1272887,≥100 kb,tRNA+,4.0,0.6989700043360189
NZ_AP025274.1,323125,≥100 kb,tRNA-,4.0,0.6989700043360189
NZ_CP099557.1,161992,≥100 kb,tRNA-,5.0,0.7781512503836436
NZ_CP104990.1,776996,≥100 kb,tRNA+,2.0,0.47712125471966244
NZ_CP171995.1,697018,≥100 kb,tRNA-,2.0,0.47712125471966244
NZ_CP152074.1,4882,<100 kb,tRNA-,1.0,0.3010299956639812
NZ_CP184265.1,151575,≥100 kb,tRNA-,10.0,1.0413926851582251
NZ_OX341518.1,363670,≥100 kb,tRNA-,2.0,0.47712125471966244
NC_013856.1,723779,≥100 kb,tRNA+,2.0,0.47712125471966244
NC_016585.1,1040425,≥100 kb,tRNA+,2.0,0.47712125471966244
NC_016623.1,648491,≥100 kb,tRNA+,2.0,0.47712125471966244
NZ_CP007795.1,933960,≥100 kb,tRNA+,1.0,0.3010299956639812
NZ_CP007796.1,686487,≥100 kb,tRNA-,4.0,0.6989700043360189
NZ_CP007797.1,641573,≥100 kb,tRNA+,8.0,0.9542425094393249
NZ_CP010420.1,132372,≥100 kb,tRNA-,2.0,0.47712125471966244
NZ_CP012915.1,1754523,≥100 kb,tRNA+,2.0,0.47712125471966244
NZ_CP006370.1,311483,≥100 kb,tRNA-,2.0,0.47712125471966244
NZ_CP011836.1,306103,≥100 kb,tRNA-,4.0,0.6989700043360189
NZ_CP022369.1,568757,≥100 kb,tRNA-,6.0,0.8450980400142568
NZ_CP029357.1,672413,≥100 kb,tRNA+,2.0,0.47712125471966244
NZ_CP029830.1,919301,≥100 kb,tRNA+,2.0,0.47712125471966244
NZ_CP029831.1,686098,≥100 kb,tRNA+,2.0,0.47712125471966244
NZ_CP032340.1,1757525,≥100 kb,tRNA+,2.0,0.47712125471966244
NZ_CP032342.1,729311,≥100 kb,tRNA-,4.0,0.6989700043360189
NZ_CP032323.1,951667,≥100 kb,tRNA+,1.0,0.3010299956639812
NZ_CP032325.1,651598,≥100 kb,tRNA-,6.0,0.8450980400142568
NZ_CP032347.1,843474,≥100 kb,tRNA+,1.0,0.3010299956639812
NZ_CP032349.1,667440,≥100 kb,tRNA-,6.0,0.8450980400142568
NZ_CP033315.1,700012,≥100 kb,tRNA-,4.0,0.6989700043360189
NZ_CP033321.1,701851,≥100 kb,tRNA-,4.0,0.6989700043360189
NZ_CP033323.1,263311,≥100 kb,tRNA+,2.0,0.47712125471966244
NZ_CP045303.1,321600,≥100 kb,tRNA-,2.0,0.47712125471966244
NZ_CP040345.1,501998,≥100 kb,tRNA-,1.0,0.3010299956639812
NZ_CP054618.1,426158,≥100 kb,tRNA-,2.0,0.47712125471966244
NZ_CP066311.1,307780,≥100 kb,tRNA-,2.0,0.47712125471966244
NZ_AP024649.1,1001828,≥100 kb,tRNA+,1.0,0.3010299956639812
NZ_CP059450.1,2048375,≥100 kb,tRNA+,2.0,0.47712125471966244
NZ_CP059451.1,863243,≥100 kb,tRNA-,4.0,0.6989700043360189
NZ_CP126340.1,106199,≥100 kb,tRNA-,13.0,1.146128035678238
NZ_CP128151.1,530743,≥100 kb,tRNA+,3.0,0.6020599913279624
NZ_CP134847.1,133534,≥100 kb,tRNA-,2.0,0.47712125471966244
NZ_CP129951.1,133549,≥100 kb,tRNA-,2.0,0.47712125471966244
NZ_CP142671.1,490259,≥100 kb,tRNA-,1.0,0.3010299956639812
NZ_AP025307.1,295322,≥100 kb,tRNA-,3.0,0.6020599913279624
NZ_CP144735.1,4996,<100 kb,tRNA-,3.0,0.6020599913279624
NZ_AP028958.1,92069,<100 kb,tRNA-,7.0,0.9030899869919435
NZ_CP170469.1,342644,≥100 kb,tRNA-,2.0,0.47712125471966244
NZ_CP170663.1,1253581,≥100 kb,tRNA+,4.0,0.6989700043360189
NZ_CP183217.1,150772,≥100 kb,tRNA+,6.0,0.8450980400142568
NC_010180.1,417054,≥100 kb,tRNA-,1.0,0.3010299956639812
NZ_CP007625.1,285163,≥100 kb,tRNA-,1.0,0.3010299956639812
NZ_CP007513.1,577809,≥100 kb,tRNA+,3.0,0.6020599913279624
NZ_CP009299.1,210673,≥100 kb,tRNA-,1.0,0.3010299956639812
NZ_CP009691.1,360889,≥100 kb,tRNA-,1.0,0.3010299956639812
NZ_CP009595.1,312478,≥100 kb,tRNA-,1.0,0.3010299956639812
NZ_CP009650.1,273588,≥100 kb,tRNA-,1.0,0.3010299956639812
NZ_CP009606.1,312478,≥100 kb,tRNA-,1.0,0.3010299956639812
NZ_CP011146.1,259749,≥100 kb,tRNA-,1.0,0.3010299956639812
NZ_CP011156.1,435420,≥100 kb,tRNA-,5.0,0.7781512503836436
NZ_CP020744.1,460379,≥100 kb,tRNA+,1.0,0.3010299956639812
NZ_CP016596.1,319570,≥100 kb,tRNA-,2.0,0.47712125471966244
NZ_CP018741.1,257708,≥100 kb,tRNA-,1.0,0.3010299956639812
NZ_CP022446.1,715614,≥100 kb,tRNA+,6.0,0.8450980400142568
NZ_CP023246.1,546185,≥100 kb,tRNA+,1.0,0.3010299956639812
NZ_CP085499.1,480744,≥100 kb,tRNA+,1.0,0.3010299956639812
NZ_CP085502.1,471669,≥100 kb,tRNA-,1.0,0.3010299956639812
NZ_CP029455.1,512032,≥100 kb,tRNA+,1.0,0.3010299956639812
NZ_CP045607.2,584798,≥100 kb,tRNA+,1.0,0.3010299956639812
NZ_CP045608.2,280820,≥100 kb,tRNA-,1.0,0.3010299956639812
NZ_CP053657.2,500306,≥100 kb,tRNA+,1.0,0.3010299956639812
NZ_CP053949.1,480092,≥100 kb,tRNA+,5.0,0.7781512503836436
NZ_CP053952.1,480092,≥100 kb,tRNA+,5.0,0.7781512503836436
NZ_CP053994.1,312478,≥100 kb,tRNA-,1.0,0.3010299956639812
NZ_CP053992.1,312478,≥100 kb,tRNA-,1.0,0.3010299956639812
NZ_CP053930.1,211003,≥100 kb,tRNA-,1.0,0.3010299956639812
NZ_CP085507.1,503267,≥100 kb,tRNA+,1.0,0.3010299956639812
NZ_CP085511.1,503267,≥100 kb,tRNA+,1.0,0.3010299956639812
NZ_CP068720.1,647739,≥100 kb,tRNA+,3.0,0.6020599913279624
NZ_CP068726.1,9518,<100 kb,tRNA-,1.0,0.3010299956639812
NZ_CP035964.1,361734,≥100 kb,tRNA-,2.0,0.47712125471966244
NZ_CP035967.1,249030,≥100 kb,tRNA-,1.0,0.3010299956639812
NZ_CP035969.1,397298,≥100 kb,tRNA-,1.0,0.3010299956639812
NZ_CP035976.1,357042,≥100 kb,tRNA-,2.0,0.47712125471966244
NZ_CP035986.1,511214,≥100 kb,tRNA-,1.0,0.3010299956639812
NZ_CP035982.1,396505,≥100 kb,tRNA-,1.0,0.3010299956639812
NZ_CP035996.1,538903,≥100 kb,tRNA-,1.0,0.3010299956639812
NZ_CP035998.1,481187,≥100 kb,tRNA-,2.0,0.47712125471966244
NZ_CP036002.1,374906,≥100 kb,tRNA-,1.0,0.3010299956639812
NZ_CP036007.1,371005,≥100 kb,tRNA-,1.0,0.3010299956639812
NZ_CP036021.1,318875,≥100 kb,tRNA-,1.0,0.3010299956639812
NZ_CP036025.1,479471,≥100 kb,tRNA+,1.0,0.3010299956639812
NZ_CP036030.1,419002,≥100 kb,tRNA+,2.0,0.47712125471966244
NZ_CP036041.1,481041,≥100 kb,tRNA-,2.0,0.47712125471966244
NZ_CP036045.1,437823,≥100 kb,tRNA-,1.0,0.3010299956639812
NZ_CP036050.1,396394,≥100 kb,tRNA-,1.0,0.3010299956639812
NZ_CP036058.1,487389,≥100 kb,tRNA-,1.0,0.3010299956639812
NZ_CP036079.1,506603,≥100 kb,tRNA-,1.0,0.3010299956639812
NZ_CP036100.1,508817,≥100 kb,tRNA-,1.0,0.3010299956639812
NZ_CP036103.1,405965,≥100 kb,tRNA-,1.0,0.3010299956639812
NZ_CP036118.1,237265,≥100 kb,tRNA-,1.0,0.3010299956639812
NZ_CP072056.1,481845,≥100 kb,tRNA-,1.0,0.3010299956639812
NZ_CP072062.1,487361,≥100 kb,tRNA-,1.0,0.3010299956639812
NZ_CP036138.1,482275,≥100 kb,tRNA-,1.0,0.3010299956639812
NZ_CP036148.1,347238,≥100 kb,tRNA-,1.0,0.3010299956639812
NZ_CP071813.1,208405,≥100 kb,tRNA-,1.0,0.3010299956639812
NZ_CP071812.1,390912,≥100 kb,tRNA-,1.0,0.3010299956639812
NZ_CP063160.1,375022,≥100 kb,tRNA-,1.0,0.3010299956639812
NZ_AP024506.1,9518,<100 kb,tRNA-,1.0,0.3010299956639812
NZ_AP022881.1,6558,<100 kb,tRNA-,1.0,0.3010299956639812
NZ_AP022892.1,4697,<100 kb,tRNA-,1.0,0.3010299956639812
NZ_AP022913.1,4586,<100 kb,tRNA-,1.0,0.3010299956639812
NZ_AP022919.1,8227,<100 kb,tRNA-,1.0,0.3010299956639812
NZ_AP022925.1,8220,<100 kb,tRNA-,1.0,0.3010299956639812
NZ_AP022932.1,5256,<100 kb,tRNA-,1.0,0.3010299956639812
NZ_AP022933.1,4020,<100 kb,tRNA-,5.0,0.7781512503836436
NZ_AP022941.1,13310,<100 kb,tRNA-,1.0,0.3010299956639812
NZ_AP022954.1,8220,<100 kb,tRNA-,1.0,0.3010299956639812
NZ_AP022961.1,8216,<100 kb,tRNA-,1.0,0.3010299956639812
NZ_AP022967.1,6561,<100 kb,tRNA-,1.0,0.3010299956639812
NZ_AP022977.1,8228,<100 kb,tRNA-,1.0,0.3010299956639812
NZ_AP022973.1,8227,<100 kb,tRNA-,1.0,0.3010299956639812
NZ_AP022980.1,8218,<100 kb,tRNA-,1.0,0.3010299956639812
NZ_AP022985.1,4697,<100 kb,tRNA-,1.0,0.3010299956639812
NZ_AP022989.1,76620,<100 kb,tRNA-,3.0,0.6020599913279624
NZ_AP022993.1,4697,<100 kb,tRNA-,1.0,0.3010299956639812
NZ_AP022998.1,8229,<100 kb,tRNA-,1.0,0.3010299956639812
NZ_AP023004.1,8230,<100 kb,tRNA-,1.0,0.3010299956639812
NZ_CP092834.1,370292,≥100 kb,tRNA-,1.0,0.3010299956639812
NZ_CP063976.1,463719,≥100 kb,tRNA+,2.0,0.47712125471966244
NZ_CP064267.1,283919,≥100 kb,tRNA+,1.0,0.3010299956639812
NZ_CP095379.1,265959,≥100 kb,tRNA-,3.0,0.6020599913279624
NZ_CP097352.1,28180,<100 kb,tRNA-,6.0,0.8450980400142568
NZ_CP085403.1,296261,≥100 kb,tRNA-,1.0,0.3010299956639812
NZ_CP085404.1,62151,<100 kb,tRNA-,4.0,0.6989700043360189
NZ_CP085407.1,530756,≥100 kb,tRNA+,5.0,0.7781512503836436
NZ_CP106676.1,487520,≥100 kb,tRNA-,1.0,0.3010299956639812
NZ_CP106677.1,282751,≥100 kb,tRNA-,2.0,0.47712125471966244
NZ_CP109873.2,551060,≥100 kb,tRNA+,2.0,0.47712125471966244
NZ_CP115306.1,641954,≥100 kb,tRNA+,2.0,0.47712125471966244
NZ_CP116206.1,293275,≥100 kb,tRNA-,1.0,0.3010299956639812
NZ_CP117422.1,234719,≥100 kb,tRNA-,5.0,0.7781512503836436
NZ_CP117423.1,411441,≥100 kb,tRNA+,1.0,0.3010299956639812
NZ_CP118959.1,361290,≥100 kb,tRNA-,1.0,0.3010299956639812
NZ_CP120962.1,9518,<100 kb,tRNA-,1.0,0.3010299956639812
NZ_CP125990.1,579146,≥100 kb,tRNA+,3.0,0.6020599913279624
NZ_CP128141.1,368432,≥100 kb,tRNA-,1.0,0.3010299956639812
NZ_CP128142.1,317585,≥100 kb,tRNA-,1.0,0.3010299956639812
NZ_CP128135.1,399038,≥100 kb,tRNA-,1.0,0.3010299956639812
NZ_CP128143.1,435352,≥100 kb,tRNA-,1.0,0.3010299956639812
NZ_CP129006.1,609501,≥100 kb,tRNA-,4.0,0.6989700043360189
NZ_CP131925.1,444014,≥100 kb,tRNA-,1.0,0.3010299956639812
NZ_CP091445.1,379616,≥100 kb,tRNA-,1.0,0.3010299956639812
NZ_CP133651.1,397915,≥100 kb,tRNA+,2.0,0.47712125471966244
NZ_CP135061.1,362878,≥100 kb,tRNA-,3.0,0.6020599913279624
NZ_CP136382.1,444433,≥100 kb,tRNA-,1.0,0.3010299956639812
NZ_CP137769.1,497411,≥100 kb,tRNA+,4.0,0.6989700043360189
NZ_CP185969.1,41501,<100 kb,tRNA-,1.0,0.3010299956639812
NZ_CP150649.1,333087,≥100 kb,tRNA-,1.0,0.3010299956639812
NZ_CP152428.1,115438,≥100 kb,tRNA-,1.0,0.3010299956639812
NZ_CP152429.1,341000,≥100 kb,tRNA+,1.0,0.3010299956639812
NZ_CP155624.1,247993,≥100 kb,tRNA-,1.0,0.3010299956639812
NZ_CP157849.1,292542,≥100 kb,tRNA-,1.0,0.3010299956639812
NZ_CP162507.1,305855,≥100 kb,tRNA-,1.0,0.3010299956639812
NZ_CP162625.1,206810,≥100 kb,tRNA-,1.0,0.3010299956639812
NZ_CP121352.1,9518,<100 kb,tRNA-,1.0,0.3010299956639812
NZ_CP182326.1,273919,≥100 kb,tRNA-,1.0,0.3010299956639812
NZ_CP187291.1,524886,≥100 kb,tRNA+,5.0,0.7781512503836436
NZ_CP189793.1,440667,≥100 kb,tRNA-,1.0,0.3010299956639812
NZ_CP189794.1,157961,≥100 kb,tRNA-,1.0,0.3010299956639812
NZ_CP189818.1,604379,≥100 kb,tRNA-,1.0,0.3010299956639812
NZ_CP043831.1,279636,≥100 kb,tRNA-,1.0,0.3010299956639812
NZ_CP093324.1,515706,≥100 kb,tRNA+,3.0,0.6020599913279624
NZ_CP094456.1,456981,≥100 kb,tRNA-,1.0,0.3010299956639812
NZ_CP095875.1,525898,≥100 kb,tRNA+,2.0,0.47712125471966244
NZ_CP067070.1,338562,≥100 kb,tRNA-,1.0,0.3010299956639812
NZ_CP120612.1,8713,<100 kb,tRNA-,2.0,0.47712125471966244
NZ_CP128161.1,102562,≥100 kb,tRNA-,1.0,0.3010299956639812
NZ_CP139484.1,501958,≥100 kb,tRNA-,1.0,0.3010299956639812
NZ_AP028965.1,128740,≥100 kb,tRNA+,1.0,0.3010299956639812
NZ_CP148130.1,8824,<100 kb,tRNA-,4.0,0.6989700043360189
NZ_CP152438.1,665485,≥100 kb,tRNA+,6.0,0.8450980400142568
NZ_CP180237.1,627665,≥100 kb,tRNA+,2.0,0.47712125471966244
NC_018516.1,349599,≥100 kb,tRNA-,1.0,0.3010299956639812
NZ_CP004860.1,422692,≥100 kb,tRNA+,1.0,0.3010299956639812
NZ_CP004877.1,431546,≥100 kb,tRNA+,1.0,0.3010299956639812
NZ_CP007616.1,416210,≥100 kb,tRNA+,1.0,0.3010299956639812
NZ_CP010090.1,426282,≥100 kb,tRNA+,1.0,0.3010299956639812
NZ_CP009334.1,349601,≥100 kb,tRNA-,1.0,0.3010299956639812
NZ_CP009349.1,359439,≥100 kb,tRNA-,2.0,0.47712125471966244
NZ_CP009348.1,349602,≥100 kb,tRNA-,1.0,0.3010299956639812
NZ_CP010578.1,232994,≥100 kb,tRNA-,1.0,0.3010299956639812
NZ_CP011350.1,761374,≥100 kb,tRNA+,1.0,0.3010299956639812
NZ_CP012100.1,509170,≥100 kb,tRNA-,1.0,0.3010299956639812
NZ_CP012101.1,337579,≥100 kb,tRNA-,4.0,0.6989700043360189
NZ_AP014865.1,437451,≥100 kb,tRNA+,1.0,0.3010299956639812
NZ_AP014867.1,130548,≥100 kb,tRNA-,1.0,0.3010299956639812
NZ_CP014473.1,65774,<100 kb,tRNA-,1.0,0.3010299956639812
NZ_CP014284.1,293705,≥100 kb,tRNA-,1.0,0.3010299956639812
NZ_CP014283.1,635508,≥100 kb,tRNA+,3.0,0.6020599913279624
NZ_CP016590.1,293592,≥100 kb,tRNA-,2.0,0.47712125471966244
NZ_CP019235.1,98137,<100 kb,tRNA-,2.0,0.47712125471966244
NZ_CP022346.1,326530,≥100 kb,tRNA+,1.0,0.3010299956639812
NZ_CP044979.1,561791,≥100 kb,tRNA+,1.0,0.3010299956639812
NZ_CP013276.1,359560,≥100 kb,tRNA-,2.0,0.47712125471966244
NZ_CP013277.1,349600,≥100 kb,tRNA-,1.0,0.3010299956639812
NZ_CP032614.1,492400,≥100 kb,tRNA+,2.0,0.47712125471966244
NZ_CP032609.1,309347,≥100 kb,tRNA-,1.0,0.3010299956639812
NZ_CP039722.1,359550,≥100 kb,tRNA-,2.0,0.47712125471966244
NZ_CP039723.1,349603,≥100 kb,tRNA-,1.0,0.3010299956639812
NZ_CP040783.1,435240,≥100 kb,tRNA+,4.0,0.6989700043360189
NZ_CP045023.1,359606,≥100 kb,tRNA-,2.0,0.47712125471966244
NZ_CP045024.1,349211,≥100 kb,tRNA-,1.0,0.3010299956639812
NZ_CP053970.1,350092,≥100 kb,tRNA-,1.0,0.3010299956639812
NZ_CP053979.1,349601,≥100 kb,tRNA-,1.0,0.3010299956639812
NZ_CP036055.1,354632,≥100 kb,tRNA-,2.0,0.47712125471966244
NZ_CP036093.1,439317,≥100 kb,tRNA-,2.0,0.47712125471966244
NZ_CP036092.1,277802,≥100 kb,tRNA-,1.0,0.3010299956639812
NZ_CP036096.1,274778,≥100 kb,tRNA-,1.0,0.3010299956639812
NZ_CP036097.1,356088,≥100 kb,tRNA-,2.0,0.47712125471966244
NZ_CP036113.1,277779,≥100 kb,tRNA-,1.0,0.3010299956639812
NZ_CP036114.1,439318,≥100 kb,tRNA-,2.0,0.47712125471966244
NZ_CP087104.1,284696,≥100 kb,tRNA-,5.0,0.7781512503836436
NZ_CP083716.1,806695,≥100 kb,tRNA-,2.0,0.47712125471966244
NZ_CP083102.1,412032,≥100 kb,tRNA+,1.0,0.3010299956639812
NZ_CP083086.1,407369,≥100 kb,tRNA+,1.0,0.3010299956639812
NZ_CP083117.1,412008,≥100 kb,tRNA+,1.0,0.3010299956639812
NZ_CP083130.1,472823,≥100 kb,tRNA+,1.0,0.3010299956639812
NZ_CP083135.1,359560,≥100 kb,tRNA-,2.0,0.47712125471966244
NZ_CP083136.1,349599,≥100 kb,tRNA-,1.0,0.3010299956639812
NZ_CP083145.1,412303,≥100 kb,tRNA+,1.0,0.3010299956639812
NZ_CP083157.1,407307,≥100 kb,tRNA+,1.0,0.3010299956639812
NZ_CP155560.1,555994,≥100 kb,tRNA+,2.0,0.47712125471966244
NZ_CP081873.1,350788,≥100 kb,tRNA-,5.0,0.7781512503836436
NZ_CP094295.1,88966,<100 kb,tRNA-,1.0,0.3010299956639812
NZ_CP015311.1,250486,≥100 kb,tRNA+,1.0,0.3010299956639812
NZ_CP094625.1,415642,≥100 kb,tRNA-,5.0,0.7781512503836436
NZ_CP078082.1,403981,≥100 kb,tRNA+,3.0,0.6020599913279624
NZ_CP085410.1,471554,≥100 kb,tRNA-,1.0,0.3010299956639812
NZ_CP103778.1,559975,≥100 kb,tRNA-,1.0,0.3010299956639812
NZ_CP106948.1,884567,≥100 kb,tRNA+,1.0,0.3010299956639812
NZ_CP115304.1,229626,≥100 kb,tRNA-,1.0,0.3010299956639812
NZ_CP114393.1,250492,≥100 kb,tRNA+,1.0,0.3010299956639812
NZ_CP114400.1,250492,≥100 kb,tRNA+,1.0,0.3010299956639812
NZ_CP114407.1,250492,≥100 kb,tRNA+,1.0,0.3010299956639812
NZ_CP116318.1,457481,≥100 kb,tRNA+,1.0,0.3010299956639812
NZ_CP116326.1,11521,<100 kb,tRNA-,8.0,0.9542425094393249
NZ_CP126475.1,484576,≥100 kb,tRNA+,2.0,0.47712125471966244
NZ_CP126476.1,268469,≥100 kb,tRNA-,3.0,0.6020599913279624
NZ_CP133368.1,250491,≥100 kb,tRNA+,1.0,0.3010299956639812
NZ_CP133370.1,250492,≥100 kb,tRNA+,1.0,0.3010299956639812
NZ_CP133376.1,250492,≥100 kb,tRNA+,1.0,0.3010299956639812
NZ_CP151869.1,205614,≥100 kb,tRNA+,1.0,0.3010299956639812
NZ_CP151871.1,100160,≥100 kb,tRNA+,1.0,0.3010299956639812
NZ_CP151873.1,58678,<100 kb,tRNA-,1.0,0.3010299956639812
NZ_CP157215.1,11473,<100 kb,tRNA-,12.0,1.1139433523068367
NZ_CP160238.1,340404,≥100 kb,tRNA-,1.0,0.3010299956639812
NZ_CP170496.1,117586,≥100 kb,tRNA-,2.0,0.47712125471966244
NZ_CP125662.1,499711,≥100 kb,tRNA+,2.0,0.47712125471966244
NZ_CP158701.1,412031,≥100 kb,tRNA+,1.0,0.3010299956639812
NZ_CP059976.1,412449,≥100 kb,tRNA+,1.0,0.3010299956639812
NZ_CP036548.1,8331,<100 kb,tRNA-,1.0,0.3010299956639812
NZ_CP036543.1,7221,<100 kb,tRNA-,1.0,0.3010299956639812
NZ_CP036551.1,8306,<100 kb,tRNA-,1.0,0.3010299956639812
NZ_CP040631.1,8331,<100 kb,tRNA-,1.0,0.3010299956639812
NZ_AP019725.1,124183,≥100 kb,tRNA-,1.0,0.3010299956639812
NZ_CP054002.1,91764,<100 kb,tRNA-,7.0,0.9030899869919435
NZ_CP059726.1,200943,≥100 kb,tRNA-,1.0,0.3010299956639812
NZ_CP045614.1,8331,<100 kb,tRNA-,1.0,0.3010299956639812
NZ_CP072214.1,55160,<100 kb,tRNA-,10.0,1.0413926851582251
NZ_CP072225.1,54985,<100 kb,tRNA-,10.0,1.0413926851582251
NZ_CP036072.1,536465,≥100 kb,tRNA-,2.0,0.47712125471966244
NZ_CP104894.1,195273,≥100 kb,tRNA-,1.0,0.3010299956639812
NZ_CP104888.1,200606,≥100 kb,tRNA-,1.0,0.3010299956639812
NZ_CP119601.1,8331,<100 kb,tRNA-,1.0,0.3010299956639812
NZ_CP119605.1,7610,<100 kb,tRNA-,1.0,0.3010299956639812
NZ_CP133559.1,277910,≥100 kb,tRNA-,1.0,0.3010299956639812
NZ_CP133558.1,557185,≥100 kb,tRNA+,3.0,0.6020599913279624
NZ_CP018045.1,11012,<100 kb,tRNA-,1.0,0.3010299956639812
NZ_CP136424.1,7176,<100 kb,tRNA-,5.0,0.7781512503836436
NZ_CP161185.1,28647,<100 kb,tRNA-,1.0,0.3010299956639812
NZ_CP161188.1,24443,<100 kb,tRNA-,1.0,0.3010299956639812
NZ_CP011076.1,1376691,≥100 kb,tRNA+,9.0,1.0
NZ_CP082165.1,359288,≥100 kb,tRNA+,2.0,0.47712125471966244
NZ_CP093444.1,58054,<100 kb,tRNA-,1.0,0.3010299956639812
NZ_CP170505.1,495480,≥100 kb,tRNA-,4.0,0.6989700043360189
NZ_CP085235.1,134461,≥100 kb,tRNA-,2.0,0.47712125471966244
NZ_CP150797.1,69825,<100 kb,tRNA-,5.0,0.7781512503836436
NZ_CP088967.1,21442,<100 kb,tRNA-,3.0,0.6020599913279624
NZ_CP091013.1,3224222,≥100 kb,tRNA+,5.0,0.7781512503836436
NZ_CP091014.1,1096197,≥100 kb,tRNA+,4.0,0.6989700043360189
NZ_CP101525.1,3525317,≥100 kb,tRNA+,5.0,0.7781512503836436
NZ_CP101526.1,1260712,≥100 kb,tRNA+,2.0,0.47712125471966244
NZ_CP110340.1,88930,<100 kb,tRNA-,1.0,0.3010299956639812
NZ_CP143551.1,2436595,≥100 kb,tRNA+,5.0,0.7781512503836436
NZ_CP138379.1,3375692,≥100 kb,tRNA+,4.0,0.6989700043360189
NZ_CP138380.1,1411079,≥100 kb,tRNA+,4.0,0.6989700043360189
NC_021289.1,1275199,≥100 kb,tRNA-,4.0,0.6989700043360189
NC_021295.1,309692,≥100 kb,tRNA-,2.0,0.47712125471966244
NC_022355.1,55127,<100 kb,tRNA-,4.0,0.6989700043360189
NZ_CP007182.1,47962,<100 kb,tRNA-,3.0,0.6020599913279624
NZ_CP007180.1,48422,<100 kb,tRNA-,1.0,0.3010299956639812
NZ_AP014579.1,1438033,≥100 kb,tRNA-,2.0,0.47712125471966244
NZ_CP011017.1,44826,<100 kb,tRNA-,1.0,0.3010299956639812
NZ_CP013035.1,44064,<100 kb,tRNA-,2.0,0.47712125471966244
NZ_CP014308.1,793818,≥100 kb,tRNA-,2.0,0.47712125471966244
NZ_CP014309.1,793876,≥100 kb,tRNA-,2.0,0.47712125471966244
NZ_CP017026.1,180543,≥100 kb,tRNA-,2.0,0.47712125471966244
NZ_CP017872.1,55122,<100 kb,tRNA-,4.0,0.6989700043360189
NZ_CP017877.1,55234,<100 kb,tRNA-,2.0,0.47712125471966244
NZ_CP018901.1,125964,≥100 kb,tRNA-,1.0,0.3010299956639812
NZ_CP023546.1,55122,<100 kb,tRNA-,4.0,0.6989700043360189
NZ_CP032820.1,51017,<100 kb,tRNA-,1.0,0.3010299956639812
NZ_CP045793.1,55123,<100 kb,tRNA-,4.0,0.6989700043360189
NZ_AP022319.1,1527330,≥100 kb,tRNA-,2.0,0.47712125471966244
NZ_CP049317.1,1990521,≥100 kb,tRNA+,2.0,0.47712125471966244
NZ_CP049318.1,1831039,≥100 kb,tRNA+,2.0,0.47712125471966244
NZ_CP049157.1,1996666,≥100 kb,tRNA+,2.0,0.47712125471966244
NZ_CP049158.1,1826371,≥100 kb,tRNA+,2.0,0.47712125471966244
NZ_CP047217.1,57366,<100 kb,tRNA-,2.0,0.47712125471966244
NZ_CP047213.1,62417,<100 kb,tRNA-,3.0,0.6020599913279624
NZ_CP066028.1,182425,≥100 kb,tRNA-,2.0,0.47712125471966244
NZ_CP071130.1,1320836,≥100 kb,tRNA+,4.0,0.6989700043360189
NZ_AP024325.1,1684880,≥100 kb,tRNA-,2.0,0.47712125471966244
NZ_CP076511.1,49588,<100 kb,tRNA-,3.0,0.6020599913279624
NZ_CP082878.1,191956,≥100 kb,tRNA-,1.0,0.3010299956639812
NZ_CP084273.1,916501,≥100 kb,tRNA-,2.0,0.47712125471966244
NZ_CP084275.1,424980,≥100 kb,tRNA-,1.0,0.3010299956639812
NZ_CP084285.1,1094832,≥100 kb,tRNA+,2.0,0.47712125471966244
NZ_CP109814.1,60040,<100 kb,tRNA-,3.0,0.6020599913279624
NZ_CP109818.1,51931,<100 kb,tRNA-,1.0,0.3010299956639812
NZ_CP109820.1,51931,<100 kb,tRNA-,1.0,0.3010299956639812
NZ_AP028372.1,51593,<100 kb,tRNA-,1.0,0.3010299956639812
NZ_AP028406.1,40237,<100 kb,tRNA-,1.0,0.3010299956639812
NZ_AP028410.1,43256,<100 kb,tRNA-,1.0,0.3010299956639812
NZ_CP156686.1,3167812,≥100 kb,tRNA+,6.0,0.8450980400142568
NZ_CP142889.1,1094235,≥100 kb,tRNA+,2.0,0.47712125471966244
NZ_CP172393.1,150434,≥100 kb,tRNA-,2.0,0.47712125471966244
NZ_CP172388.1,117204,≥100 kb,tRNA-,1.0,0.3010299956639812
NZ_CP174278.1,1087154,≥100 kb,tRNA+,4.0,0.6989700043360189
NZ_CP176661.1,1670009,≥100 kb,tRNA+,5.0,0.7781512503836436
NZ_OY754860.1,153264,≥100 kb,tRNA-,1.0,0.3010299956639812
NZ_OZ032136.1,1169233,≥100 kb,tRNA-,4.0,0.6989700043360189
NZ_OZ032135.1,1447788,≥100 kb,tRNA+,2.0,0.47712125471966244
NZ_OZ180036.1,1822652,≥100 kb,tRNA+,2.0,0.47712125471966244
NZ_OZ180039.1,1447788,≥100 kb,tRNA+,2.0,0.47712125471966244
NZ_OZ180038.1,1169233,≥100 kb,tRNA-,4.0,0.6989700043360189
NC_008790.1,45025,<100 kb,tRNA-,1.0,0.3010299956639812
NC_022354.1,46902,<100 kb,tRNA-,1.0,0.3010299956639812
NZ_CP076836.1,45796,<100 kb,tRNA-,1.0,0.3010299956639812
NZ_CP173351.1,46524,<100 kb,tRNA-,2.0,0.47712125471966244
NZ_CP014743.1,119543,≥100 kb,tRNA-,1.0,0.3010299956639812
NZ_CP014745.1,116883,≥100 kb,tRNA-,1.0,0.3010299956639812
NZ_CP017030.1,50689,<100 kb,tRNA-,2.0,0.47712125471966244
NZ_CP007750.1,46448,<100 kb,tRNA-,1.0,0.3010299956639812
NZ_CP017854.1,44436,<100 kb,tRNA-,1.0,0.3010299956639812
NZ_CP020775.1,45904,<100 kb,tRNA-,1.0,0.3010299956639812
NZ_CP022078.1,46746,<100 kb,tRNA-,1.0,0.3010299956639812
NZ_CP017230.1,51522,<100 kb,tRNA-,1.0,0.3010299956639812
NZ_CP023544.1,55132,<100 kb,tRNA-,4.0,0.6989700043360189
NZ_CP028186.1,66602,<100 kb,tRNA-,4.0,0.6989700043360189
NZ_CP043764.1,41772,<100 kb,tRNA-,1.0,0.3010299956639812
NZ_CP044168.1,49902,<100 kb,tRNA-,2.0,0.47712125471966244
NZ_CP044170.1,72808,<100 kb,tRNA-,5.0,0.7781512503836436
NZ_CP045046.1,47087,<100 kb,tRNA-,1.0,0.3010299956639812
NZ_CP045790.1,55123,<100 kb,tRNA-,4.0,0.6989700043360189
NZ_CP048759.1,3102,<100 kb,tRNA-,1.0,0.3010299956639812
NZ_CP048757.1,41120,<100 kb,tRNA-,2.0,0.47712125471966244
NZ_CP048762.1,48003,<100 kb,tRNA-,4.0,0.6989700043360189
NZ_CP058294.1,45596,<100 kb,tRNA-,1.0,0.3010299956639812
NZ_CP058300.1,41912,<100 kb,tRNA-,1.0,0.3010299956639812
NZ_CP071593.1,48659,<100 kb,tRNA-,3.0,0.6020599913279624
NZ_CP076508.1,45798,<100 kb,tRNA-,1.0,0.3010299956639812
NZ_CP076506.1,49491,<100 kb,tRNA-,1.0,0.3010299956639812
NZ_CP077634.1,46272,<100 kb,tRNA-,2.0,0.47712125471966244
NZ_CP077637.1,53897,<100 kb,tRNA-,4.0,0.6989700043360189
NZ_CP137884.1,50482,<100 kb,tRNA-,1.0,0.3010299956639812
NZ_CP092021.1,50683,<100 kb,tRNA-,2.0,0.47712125471966244
NZ_CP092024.1,50736,<100 kb,tRNA-,2.0,0.47712125471966244
NZ_CP092019.1,44477,<100 kb,tRNA-,2.0,0.47712125471966244
NZ_CP092036.1,44342,<100 kb,tRNA-,2.0,0.47712125471966244
NZ_CP084083.1,40825,<100 kb,tRNA-,1.0,0.3010299956639812
NZ_CP030889.1,42268,<100 kb,tRNA-,1.0,0.3010299956639812
NZ_CP030867.1,49454,<100 kb,tRNA-,1.0,0.3010299956639812
NZ_CP125384.1,45079,<100 kb,tRNA-,1.0,0.3010299956639812
NZ_CP131443.1,40686,<100 kb,tRNA-,1.0,0.3010299956639812
NZ_AP028343.1,45331,<100 kb,tRNA-,1.0,0.3010299956639812
NZ_AP028347.1,43592,<100 kb,tRNA-,1.0,0.3010299956639812
NZ_AP028349.1,47341,<100 kb,tRNA-,1.0,0.3010299956639812
NZ_AP028356.1,45732,<100 kb,tRNA-,1.0,0.3010299956639812
NZ_AP028364.1,51593,<100 kb,tRNA-,1.0,0.3010299956639812
NZ_AP028368.1,46295,<100 kb,tRNA-,1.0,0.3010299956639812
NZ_AP028375.1,47498,<100 kb,tRNA-,1.0,0.3010299956639812
NZ_AP028394.1,47442,<100 kb,tRNA-,1.0,0.3010299956639812
NZ_AP028397.1,51593,<100 kb,tRNA-,1.0,0.3010299956639812
NZ_AP028400.1,154240,≥100 kb,tRNA-,1.0,0.3010299956639812
NZ_CP136639.1,49741,<100 kb,tRNA-,3.0,0.6020599913279624
NZ_CP148169.1,50415,<100 kb,tRNA-,1.0,0.3010299956639812
NZ_CP148171.1,50415,<100 kb,tRNA-,1.0,0.3010299956639812
NZ_CP148194.1,46941,<100 kb,tRNA-,1.0,0.3010299956639812
NZ_CP148196.1,46941,<100 kb,tRNA-,1.0,0.3010299956639812
NZ_CP148198.1,46941,<100 kb,tRNA-,1.0,0.3010299956639812
NZ_CP148200.1,46941,<100 kb,tRNA-,1.0,0.3010299956639812
NZ_CP148202.1,46941,<100 kb,tRNA-,1.0,0.3010299956639812
NZ_CP148228.1,46941,<100 kb,tRNA-,1.0,0.3010299956639812
NZ_CP148235.1,46941,<100 kb,tRNA-,1.0,0.3010299956639812
NZ_CP148237.1,46941,<100 kb,tRNA-,1.0,0.3010299956639812
NZ_CP148239.1,46941,<100 kb,tRNA-,1.0,0.3010299956639812
NZ_CP149887.1,46266,<100 kb,tRNA-,2.0,0.47712125471966244
NZ_CP172353.1,46515,<100 kb,tRNA-,2.0,0.47712125471966244
NZ_CP172373.1,46524,<100 kb,tRNA-,2.0,0.47712125471966244
NZ_CP172357.1,41594,<100 kb,tRNA-,1.0,0.3010299956639812
NZ_CP172359.1,45034,<100 kb,tRNA-,1.0,0.3010299956639812
NZ_CP172355.1,44973,<100 kb,tRNA-,1.0,0.3010299956639812
NZ_CP172369.1,46275,<100 kb,tRNA-,2.0,0.47712125471966244
NZ_CP176677.1,55123,<100 kb,tRNA-,4.0,0.6989700043360189
NZ_CP020372.1,484824,≥100 kb,tRNA-,2.0,0.47712125471966244
NZ_CP032703.1,556856,≥100 kb,tRNA-,1.0,0.3010299956639812
NZ_CP032704.1,275665,≥100 kb,tRNA-,1.0,0.3010299956639812
NZ_CP040609.1,39913,<100 kb,tRNA-,1.0,0.3010299956639812
NZ_CP012399.1,849688,≥100 kb,tRNA-,2.0,0.47712125471966244
NZ_CP058628.1,42950,<100 kb,tRNA-,2.0,0.47712125471966244
NZ_CP058629.1,30683,<100 kb,tRNA-,2.0,0.47712125471966244
NZ_CP072388.1,146188,≥100 kb,tRNA-,1.0,0.3010299956639812
NZ_CP143322.1,188661,≥100 kb,tRNA-,1.0,0.3010299956639812
NZ_CP143324.1,52960,<100 kb,tRNA-,1.0,0.3010299956639812
NZ_CP173069.2,18453,<100 kb,tRNA-,1.0,0.3010299956639812
NZ_CP011653.1,16257,<100 kb,tRNA-,4.0,0.6989700043360189
NZ_CP011652.1,3223,<100 kb,tRNA-,1.0,0.3010299956639812
NZ_CP011656.1,129196,≥100 kb,tRNA-,19.0,1.3010299956639813
NZ_CP011610.1,135117,≥100 kb,tRNA-,1.0,0.3010299956639812
NZ_CP011604.1,3223,<100 kb,tRNA-,1.0,0.3010299956639812
NZ_CP011609.1,70610,<100 kb,tRNA-,5.0,0.7781512503836436
NZ_CP011611.1,243709,≥100 kb,tRNA-,18.0,1.2787536009528289
NZ_CP011608.1,44846,<100 kb,tRNA-,7.0,0.9030899869919435
NZ_CP016763.1,127005,≥100 kb,tRNA-,4.0,0.6989700043360189
NZ_CP016764.1,277592,≥100 kb,tRNA-,9.0,1.0
NZ_CP016765.1,18467,<100 kb,tRNA-,3.0,0.6020599913279624
NZ_CP017058.1,229406,≥100 kb,tRNA-,12.0,1.1139433523068367
NZ_CP017059.1,171233,≥100 kb,tRNA-,22.0,1.3617278360175928
NZ_CP022153.1,63458,<100 kb,tRNA-,2.0,0.47712125471966244
NZ_CP022275.1,144825,≥100 kb,tRNA-,4.0,0.6989700043360189
NZ_CP022276.1,47164,<100 kb,tRNA-,4.0,0.6989700043360189
NZ_CP022696.1,328945,≥100 kb,tRNA-,30.0,1.4913616938342726
NZ_CP022697.1,149207,≥100 kb,tRNA-,6.0,0.8450980400142568
NZ_CP022698.1,107249,≥100 kb,tRNA-,7.0,0.9030899869919435
NZ_CP025758.1,62588,<100 kb,tRNA-,7.0,0.9030899869919435
NZ_CP026236.1,65291,<100 kb,tRNA-,11.0,1.0791812460476249
NZ_CP026239.1,53632,<100 kb,tRNA-,11.0,1.0791812460476249
NZ_CP026242.1,355789,≥100 kb,tRNA-,11.0,1.0791812460476249
NZ_CP026241.1,200651,≥100 kb,tRNA-,9.0,1.0
NZ_CP026232.1,62590,<100 kb,tRNA-,4.0,0.6989700043360189
NZ_CP026233.1,206795,≥100 kb,tRNA-,15.0,1.2041199826559248
NZ_CP032180.1,137578,≥100 kb,tRNA-,3.0,0.6020599913279624
NZ_CP032181.1,81323,<100 kb,tRNA-,4.0,0.6989700043360189
NZ_CP032183.1,121983,≥100 kb,tRNA+,2.0,0.47712125471966244
NZ_CP035277.1,206820,≥100 kb,tRNA-,15.0,1.2041199826559248
NZ_CP037740.1,3223,<100 kb,tRNA-,1.0,0.3010299956639812
NZ_CP037739.1,43621,<100 kb,tRNA-,3.0,0.6020599913279624
NZ_CP037737.1,85575,<100 kb,tRNA-,14.0,1.1760912590556813
NZ_CP040696.1,309536,≥100 kb,tRNA-,21.0,1.3424226808222062
NZ_CP040697.1,53964,<100 kb,tRNA-,7.0,0.9030899869919435
NZ_CP041363.1,81724,<100 kb,tRNA-,5.0,0.7781512503836436
NZ_CP043007.1,62434,<100 kb,tRNA-,4.0,0.6989700043360189
NZ_CP043008.1,40717,<100 kb,tRNA-,4.0,0.6989700043360189
NZ_CP126612.1,91909,<100 kb,tRNA-,1.0,0.3010299956639812
NZ_CP042480.1,176400,≥100 kb,tRNA-,17.0,1.255272505103306
NZ_CP042519.1,176400,≥100 kb,tRNA-,17.0,1.255272505103306
NZ_CP042525.1,339433,≥100 kb,tRNA-,1.0,0.3010299956639812
NZ_CP042526.1,87731,<100 kb,tRNA-,14.0,1.1760912590556813
NZ_CP042529.1,3223,<100 kb,tRNA-,1.0,0.3010299956639812
NZ_CP042537.1,87731,<100 kb,tRNA-,13.0,1.146128035678238
NZ_CP042539.1,3223,<100 kb,tRNA-,1.0,0.3010299956639812
NZ_CP038654.1,296117,≥100 kb,tRNA-,20.0,1.3222192947339193
NZ_CP038657.1,263189,≥100 kb,tRNA-,17.0,1.255272505103306
NZ_CP038659.1,385971,≥100 kb,tRNA-,24.0,1.3979400086720377
NZ_CP047308.1,146252,≥100 kb,tRNA-,19.0,1.3010299956639813
NZ_AP023051.1,174206,≥100 kb,tRNA-,13.0,1.146128035678238
NZ_CP048384.1,190655,≥100 kb,tRNA-,14.0,1.1760912590556813
NZ_CP048385.1,132825,≥100 kb,tRNA+,2.0,0.47712125471966244
NZ_CP050996.1,1309,<100 kb,tRNA-,3.0,0.6020599913279624
NZ_CP055248.1,89672,<100 kb,tRNA-,7.0,0.9030899869919435
NZ_CP055250.1,53573,<100 kb,tRNA-,4.0,0.6989700043360189
NZ_CP055249.1,143918,≥100 kb,tRNA-,4.0,0.6989700043360189
NZ_CP058320.1,34521,<100 kb,tRNA-,6.0,0.8450980400142568
NZ_CP046504.1,121629,≥100 kb,tRNA-,4.0,0.6989700043360189
NZ_CP046506.1,66308,<100 kb,tRNA-,6.0,0.8450980400142568
NZ_CP055552.1,266524,≥100 kb,tRNA-,11.0,1.0791812460476249
NZ_CP056339.1,11845,<100 kb,tRNA-,1.0,0.3010299956639812
NZ_CP056516.1,216816,≥100 kb,tRNA-,4.0,0.6989700043360189
NZ_CP056517.1,183652,≥100 kb,tRNA-,2.0,0.47712125471966244
NZ_CP056518.1,59905,<100 kb,tRNA-,8.0,0.9542425094393249
NZ_CP056210.1,98360,<100 kb,tRNA-,1.0,0.3010299956639812
NZ_CP059429.1,369945,≥100 kb,tRNA-,25.0,1.414973347970818
NZ_CP059897.1,1382059,≥100 kb,tRNA-,2.0,0.47712125471966244
NZ_CP054281.1,12137,<100 kb,tRNA-,4.0,0.6989700043360189
NZ_CP054279.1,140764,≥100 kb,tRNA-,7.0,0.9030899869919435
NZ_CP054295.1,156725,≥100 kb,tRNA-,12.0,1.1139433523068367
NZ_CP054297.1,43621,<100 kb,tRNA-,3.0,0.6020599913279624
NZ_CP054296.1,73366,<100 kb,tRNA-,4.0,0.6989700043360189
NZ_CP047280.1,262422,≥100 kb,tRNA-,20.0,1.3222192947339193
NZ_CP047274.1,277055,≥100 kb,tRNA-,16.0,1.2304489213782739
NZ_CP047276.1,282258,≥100 kb,tRNA-,20.0,1.3222192947339193
NZ_CP047270.1,277055,≥100 kb,tRNA-,16.0,1.2304489213782739
NZ_AP022390.1,146977,≥100 kb,tRNA-,3.0,0.6020599913279624
NZ_AP022395.1,211235,≥100 kb,tRNA-,13.0,1.146128035678238
NZ_AP022400.1,211224,≥100 kb,tRNA-,13.0,1.146128035678238
NZ_AP022487.1,146978,≥100 kb,tRNA-,3.0,0.6020599913279624
NZ_AP022495.1,210204,≥100 kb,tRNA-,10.0,1.0413926851582251
NZ_AP022514.1,212426,≥100 kb,tRNA-,13.0,1.146128035678238
NZ_CP064181.1,52790,<100 kb,tRNA-,4.0,0.6989700043360189
NZ_CP070541.1,47716,<100 kb,tRNA-,3.0,0.6020599913279624
NZ_CP070539.1,256303,≥100 kb,tRNA-,7.0,0.9030899869919435
NZ_CP070538.1,80085,<100 kb,tRNA-,15.0,1.2041199826559248
NZ_CP070545.1,269326,≥100 kb,tRNA-,10.0,1.0413926851582251
NZ_CP070558.1,26424,<100 kb,tRNA-,1.0,0.3010299956639812
NZ_CP070557.1,168105,≥100 kb,tRNA-,10.0,1.0413926851582251
NZ_CP070555.1,256277,≥100 kb,tRNA-,9.0,1.0
NZ_CP070554.1,63379,<100 kb,tRNA-,11.0,1.0791812460476249
NZ_CP045727.1,63589,<100 kb,tRNA-,2.0,0.47712125471966244
NZ_CP080540.1,348495,≥100 kb,tRNA-,6.0,0.8450980400142568
NZ_CP080541.1,178134,≥100 kb,tRNA-,15.0,1.2041199826559248
NZ_CP081316.1,82438,<100 kb,tRNA-,12.0,1.1139433523068367
NZ_CP115130.1,117275,≥100 kb,tRNA-,2.0,0.47712125471966244
NZ_CP115131.1,71470,<100 kb,tRNA-,4.0,0.6989700043360189
NZ_CP085727.1,265587,≥100 kb,tRNA-,11.0,1.0791812460476249
NZ_CP085728.1,106850,≥100 kb,tRNA-,6.0,0.8450980400142568
NZ_CP086288.1,115489,≥100 kb,tRNA-,18.0,1.2787536009528289
NZ_CP086290.1,6874,<100 kb,tRNA-,4.0,0.6989700043360189
NZ_CP054130.1,46161,<100 kb,tRNA-,3.0,0.6020599913279624
NZ_CP054131.1,59374,<100 kb,tRNA-,13.0,1.146128035678238
NZ_CP055090.1,126719,≥100 kb,tRNA-,15.0,1.2041199826559248
NZ_CP091812.1,344532,≥100 kb,tRNA-,16.0,1.2304489213782739
NZ_CP092495.1,56984,<100 kb,tRNA-,6.0,0.8450980400142568
NZ_CP092496.1,209894,≥100 kb,tRNA-,23.0,1.380211241711606
NZ_CP092494.1,45886,<100 kb,tRNA-,4.0,0.6989700043360189
NZ_CP060443.1,11556,<100 kb,tRNA-,4.0,0.6989700043360189
NZ_CP059850.1,51531,<100 kb,tRNA-,2.0,0.47712125471966244
NZ_AP025641.1,255859,≥100 kb,tRNA-,11.0,1.0791812460476249
NZ_AP025643.1,4294,<100 kb,tRNA-,1.0,0.3010299956639812
NZ_AP025654.1,256525,≥100 kb,tRNA-,11.0,1.0791812460476249
NZ_CP097106.1,45739,<100 kb,tRNA-,4.0,0.6989700043360189
NZ_CP092465.1,59165,<100 kb,tRNA-,6.0,0.8450980400142568
NZ_CP092467.1,233864,≥100 kb,tRNA-,18.0,1.2787536009528289
NZ_CP071266.1,63589,<100 kb,tRNA-,2.0,0.47712125471966244
NZ_CP071268.1,3223,<100 kb,tRNA-,1.0,0.3010299956639812
NZ_CP089438.1,131627,≥100 kb,tRNA-,19.0,1.3010299956639813
NZ_CP089439.1,231384,≥100 kb,tRNA-,19.0,1.3010299956639813
NZ_CP089440.1,48371,<100 kb,tRNA-,5.0,0.7781512503836436
NZ_CP098334.1,171445,≥100 kb,tRNA-,5.0,0.7781512503836436
NZ_CP098331.1,43622,<100 kb,tRNA-,7.0,0.9030899869919435
NZ_CP098333.1,80499,<100 kb,tRNA-,6.0,0.8450980400142568
NZ_CP115616.1,210045,≥100 kb,tRNA-,12.0,1.1139433523068367
NZ_CP115619.1,48003,<100 kb,tRNA-,7.0,0.9030899869919435
NZ_AP026383.1,246259,≥100 kb,tRNA-,2.0,0.47712125471966244
NZ_AP026386.1,31086,<100 kb,tRNA-,4.0,0.6989700043360189
NZ_CP103366.1,53038,<100 kb,tRNA-,4.0,0.6989700043360189
NZ_CP103367.1,97059,<100 kb,tRNA-,11.0,1.0791812460476249
NZ_AP026942.1,137080,≥100 kb,tRNA-,5.0,0.7781512503836436
NZ_CP110891.1,227029,≥100 kb,tRNA-,13.0,1.146128035678238
NZ_CP110892.1,211224,≥100 kb,tRNA-,8.0,0.9542425094393249
NZ_CP110896.1,106844,≥100 kb,tRNA-,8.0,0.9542425094393249
NZ_CP110904.1,289445,≥100 kb,tRNA-,16.0,1.2304489213782739
NZ_CP110899.1,70575,<100 kb,tRNA-,3.0,0.6020599913279624
NZ_CP110902.1,5651,<100 kb,tRNA-,1.0,0.3010299956639812
NZ_CP110911.1,227029,≥100 kb,tRNA-,13.0,1.146128035678238
NZ_CP110908.1,145615,≥100 kb,tRNA-,10.0,1.0413926851582251
NZ_CP110913.1,70575,<100 kb,tRNA-,3.0,0.6020599913279624
NZ_CP110915.1,41244,<100 kb,tRNA-,4.0,0.6989700043360189
NZ_CP110912.1,11156,<100 kb,tRNA-,1.0,0.3010299956639812
NZ_CP111045.1,524470,≥100 kb,tRNA-,2.0,0.47712125471966244
NZ_CP111051.1,231362,≥100 kb,tRNA-,2.0,0.47712125471966244
NZ_CP113164.1,237284,≥100 kb,tRNA-,12.0,1.1139433523068367
NZ_CP114566.1,210045,≥100 kb,tRNA-,12.0,1.1139433523068367
NZ_CP114570.1,46143,<100 kb,tRNA-,5.0,0.7781512503836436
NZ_MF344582.1,354045,≥100 kb,tRNA-,18.0,1.2787536009528289
NZ_CP096922.1,62214,<100 kb,tRNA-,8.0,0.9542425094393249
NZ_CP126883.1,42848,<100 kb,tRNA-,4.0,0.6989700043360189
NZ_CP118928.1,67839,<100 kb,tRNA-,5.0,0.7781512503836436
NZ_CP099383.1,6812,<100 kb,tRNA-,2.0,0.47712125471966244
NZ_CP124816.1,41037,<100 kb,tRNA-,7.0,0.9030899869919435
NZ_CP124818.1,6036,<100 kb,tRNA-,1.0,0.3010299956639812
NZ_CP124814.1,63589,<100 kb,tRNA-,2.0,0.47712125471966244
NZ_CP124811.1,41037,<100 kb,tRNA-,7.0,0.9030899869919435
NZ_CP124812.1,6036,<100 kb,tRNA-,1.0,0.3010299956639812
NZ_CP124810.1,63589,<100 kb,tRNA-,2.0,0.47712125471966244
NZ_CP125314.1,71751,<100 kb,tRNA-,5.0,0.7781512503836436
NZ_CP110778.1,81813,<100 kb,tRNA-,11.0,1.0791812460476249
NZ_CP110780.1,51479,<100 kb,tRNA-,3.0,0.6020599913279624
NZ_CP110776.1,151674,≥100 kb,tRNA-,14.0,1.1760912590556813
NZ_CP110777.1,111716,≥100 kb,tRNA-,2.0,0.47712125471966244
NZ_CP119049.1,130724,≥100 kb,tRNA-,4.0,0.6989700043360189
NZ_CP119050.1,229097,≥100 kb,tRNA-,8.0,0.9542425094393249
NZ_CP119051.1,35420,<100 kb,tRNA-,4.0,0.6989700043360189
NZ_CP119168.1,128307,≥100 kb,tRNA-,7.0,0.9030899869919435
NZ_CP119166.1,46049,<100 kb,tRNA-,8.0,0.9542425094393249
NZ_CP126330.1,85737,<100 kb,tRNA-,5.0,0.7781512503836436
NZ_CP126333.1,54472,<100 kb,tRNA-,6.0,0.8450980400142568
NZ_CP126334.1,46631,<100 kb,tRNA-,4.0,0.6989700043360189
NZ_CP104923.1,157034,≥100 kb,tRNA-,21.0,1.3424226808222062
NZ_CP104922.1,297801,≥100 kb,tRNA-,8.0,0.9542425094393249
NZ_CP126537.1,197210,≥100 kb,tRNA-,11.0,1.0791812460476249
NZ_CP109746.1,136816,≥100 kb,tRNA-,9.0,1.0
NZ_CP109747.1,49508,<100 kb,tRNA-,5.0,0.7781512503836436
NZ_CP133849.1,63586,<100 kb,tRNA-,2.0,0.47712125471966244
NZ_CP134687.1,64903,<100 kb,tRNA-,2.0,0.47712125471966244
NZ_CP135467.1,73996,<100 kb,tRNA-,5.0,0.7781512503836436
NZ_CP135468.1,69064,<100 kb,tRNA-,2.0,0.47712125471966244
NZ_CP135470.1,178145,≥100 kb,tRNA-,15.0,1.2041199826559248
NZ_CP135472.1,56135,<100 kb,tRNA-,7.0,0.9030899869919435
NZ_CP135452.1,85586,<100 kb,tRNA-,15.0,1.2041199826559248
NZ_CP135623.1,292125,≥100 kb,tRNA-,24.0,1.3979400086720377
NZ_CP135624.1,144273,≥100 kb,tRNA-,10.0,1.0413926851582251
NZ_CP136048.1,226955,≥100 kb,tRNA-,4.0,0.6989700043360189
NZ_CP136049.1,157885,≥100 kb,tRNA-,15.0,1.2041199826559248
NZ_CP117476.1,130842,≥100 kb,tRNA-,16.0,1.2304489213782739
NZ_CP117477.1,68426,<100 kb,tRNA-,6.0,0.8450980400142568
NZ_CP136725.1,36720,<100 kb,tRNA-,3.0,0.6020599913279624
NZ_CP136726.1,28937,<100 kb,tRNA-,4.0,0.6989700043360189
NZ_CP136729.1,86404,<100 kb,tRNA-,5.0,0.7781512503836436
NZ_CP136723.1,313339,≥100 kb,tRNA-,6.0,0.8450980400142568
NZ_CP136809.1,59633,<100 kb,tRNA-,7.0,0.9030899869919435
NZ_CP136812.1,79918,<100 kb,tRNA-,7.0,0.9030899869919435
NZ_CP136815.1,83415,<100 kb,tRNA-,10.0,1.0413926851582251
NZ_CP136818.1,103175,≥100 kb,tRNA-,5.0,0.7781512503836436
NZ_CP136820.1,68199,<100 kb,tRNA-,12.0,1.1139433523068367
NZ_CP136822.1,65581,<100 kb,tRNA-,10.0,1.0413926851582251
NZ_CP136826.1,55120,<100 kb,tRNA-,4.0,0.6989700043360189
NZ_CP137007.1,140062,≥100 kb,tRNA-,5.0,0.7781512503836436
NZ_CP137118.1,160841,≥100 kb,tRNA-,9.0,1.0
NZ_CP137126.1,5186,<100 kb,tRNA-,1.0,0.3010299956639812
NZ_CP137122.1,49204,<100 kb,tRNA-,3.0,0.6020599913279624
NZ_CP137124.1,54511,<100 kb,tRNA-,4.0,0.6989700043360189
NZ_CP137127.1,49205,<100 kb,tRNA-,3.0,0.6020599913279624
NZ_CP137129.1,53573,<100 kb,tRNA-,3.0,0.6020599913279624
NZ_CP137132.1,197654,≥100 kb,tRNA-,11.0,1.0791812460476249
NZ_CP137704.1,6348,<100 kb,tRNA-,6.0,0.8450980400142568
NZ_CP140490.1,192238,≥100 kb,tRNA-,8.0,0.9542425094393249
NZ_CP139849.1,370755,≥100 kb,tRNA-,8.0,0.9542425094393249
NZ_CP139851.1,3198,<100 kb,tRNA-,1.0,0.3010299956639812
NZ_CP139990.1,119117,≥100 kb,tRNA-,4.0,0.6989700043360189
NZ_CP141647.1,133774,≥100 kb,tRNA-,8.0,0.9542425094393249
NZ_CP141648.1,125246,≥100 kb,tRNA-,12.0,1.1139433523068367
NZ_CP142905.1,197775,≥100 kb,tRNA-,14.0,1.1760912590556813
NZ_CP137168.1,336597,≥100 kb,tRNA-,22.0,1.3617278360175928
NZ_CP137167.1,53097,<100 kb,tRNA-,4.0,0.6989700043360189
NZ_CP136753.1,347883,≥100 kb,tRNA-,27.0,1.4471580313422192
NZ_CP137177.1,139338,≥100 kb,tRNA-,15.0,1.2041199826559248
NZ_CP137176.1,54035,<100 kb,tRNA-,6.0,0.8450980400142568
NZ_CP137180.1,161177,≥100 kb,tRNA-,10.0,1.0413926851582251
NZ_CP137193.1,326435,≥100 kb,tRNA-,5.0,0.7781512503836436
NZ_CP137186.1,54035,<100 kb,tRNA-,4.0,0.6989700043360189
NZ_CP137197.1,98831,<100 kb,tRNA-,5.0,0.7781512503836436
NZ_CP137200.1,113821,≥100 kb,tRNA+,2.0,0.47712125471966244
NZ_CP137199.1,71155,<100 kb,tRNA-,4.0,0.6989700043360189
NZ_CP137202.1,333190,≥100 kb,tRNA-,19.0,1.3010299956639813
NZ_CP137204.1,142801,≥100 kb,tRNA-,9.0,1.0
NZ_CP137206.1,29569,<100 kb,tRNA-,1.0,0.3010299956639812
NZ_CP137205.1,23290,<100 kb,tRNA-,3.0,0.6020599913279624
NZ_AP028316.1,178823,≥100 kb,tRNA-,9.0,1.0
NZ_AP028319.1,178823,≥100 kb,tRNA-,9.0,1.0
NZ_CP144726.1,85838,<100 kb,tRNA-,2.0,0.47712125471966244
NZ_CP145666.1,253284,≥100 kb,tRNA-,21.0,1.3424226808222062
NZ_CP138571.1,60103,<100 kb,tRNA-,6.0,0.8450980400142568
NZ_CP138572.1,32043,<100 kb,tRNA-,6.0,0.8450980400142568
NZ_CP148085.1,62812,<100 kb,tRNA-,2.0,0.47712125471966244
NZ_CP150624.1,145395,≥100 kb,tRNA-,12.0,1.1139433523068367
NZ_CP150625.1,110483,≥100 kb,tRNA-,6.0,0.8450980400142568
NZ_CP150623.1,374462,≥100 kb,tRNA-,8.0,0.9542425094393249
NZ_CP151089.1,191253,≥100 kb,tRNA-,18.0,1.2787536009528289
NZ_CP151203.1,290379,≥100 kb,tRNA-,2.0,0.47712125471966244
NZ_CP151204.1,230362,≥100 kb,tRNA-,12.0,1.1139433523068367
NZ_CP151205.1,115567,≥100 kb,tRNA-,8.0,0.9542425094393249
NZ_CP151207.1,38297,<100 kb,tRNA-,4.0,0.6989700043360189
NZ_CP151861.1,251890,≥100 kb,tRNA-,7.0,0.9030899869919435
NZ_CP151863.1,177013,≥100 kb,tRNA-,16.0,1.2304489213782739
NZ_CP151864.1,320480,≥100 kb,tRNA-,14.0,1.1760912590556813
NZ_CP151862.1,425507,≥100 kb,tRNA+,13.0,1.146128035678238
NZ_CP151865.1,126735,≥100 kb,tRNA-,6.0,0.8450980400142568
NZ_CP154589.1,130311,≥100 kb,tRNA-,8.0,0.9542425094393249
NZ_CP154590.1,115487,≥100 kb,tRNA-,9.0,1.0
NZ_CP154591.1,55662,<100 kb,tRNA-,4.0,0.6989700043360189
NZ_CP155123.1,54035,<100 kb,tRNA-,4.0,0.6989700043360189
NZ_CP162983.1,80927,<100 kb,tRNA-,12.0,1.1139433523068367
NZ_CP162984.1,52814,<100 kb,tRNA-,4.0,0.6989700043360189
NZ_CP162977.1,103289,≥100 kb,tRNA-,14.0,1.1760912590556813
NZ_CP162978.1,53799,<100 kb,tRNA-,5.0,0.7781512503836436
NZ_CP162979.1,17041,<100 kb,tRNA-,2.0,0.47712125471966244
NZ_CP163077.1,220078,≥100 kb,tRNA-,13.0,1.146128035678238
NZ_CP163078.1,122551,≥100 kb,tRNA-,12.0,1.1139433523068367
NZ_CP163079.1,86140,<100 kb,tRNA-,8.0,0.9542425094393249
NZ_CP163081.1,45124,<100 kb,tRNA-,4.0,0.6989700043360189
NZ_CP165771.1,70959,<100 kb,tRNA-,4.0,0.6989700043360189
NZ_CP165769.1,190939,≥100 kb,tRNA-,15.0,1.2041199826559248
NZ_CP101045.1,264336,≥100 kb,tRNA-,9.0,1.0
NZ_CP101047.1,103536,≥100 kb,tRNA-,7.0,0.9030899869919435
NZ_CP101081.1,75126,<100 kb,tRNA-,3.0,0.6020599913279624
NZ_CP101083.1,266068,≥100 kb,tRNA-,14.0,1.1760912590556813
NZ_CP101084.1,131585,≥100 kb,tRNA-,1.0,0.3010299956639812
NZ_CP101087.1,95622,<100 kb,tRNA-,6.0,0.8450980400142568
NZ_CP101067.1,182401,≥100 kb,tRNA-,34.0,1.5440680443502757
NZ_CP101068.1,85513,<100 kb,tRNA-,5.0,0.7781512503836436
NZ_CP101090.1,242893,≥100 kb,tRNA-,8.0,0.9542425094393249
NZ_CP101091.1,46082,<100 kb,tRNA-,6.0,0.8450980400142568
NZ_CP101093.1,240654,≥100 kb,tRNA-,12.0,1.1139433523068367
NZ_CP101094.1,46087,<100 kb,tRNA-,6.0,0.8450980400142568
NZ_CP101037.1,292242,≥100 kb,tRNA-,12.0,1.1139433523068367
NZ_CP101038.1,92078,<100 kb,tRNA-,3.0,0.6020599913279624
NZ_CP101039.1,69395,<100 kb,tRNA-,1.0,0.3010299956639812
NZ_CP101041.1,307266,≥100 kb,tRNA-,29.0,1.4771212547196624
NZ_CP101052.1,246176,≥100 kb,tRNA-,14.0,1.1760912590556813
NZ_CP101054.1,100734,≥100 kb,tRNA-,6.0,0.8450980400142568
NZ_CP101056.1,59052,<100 kb,tRNA-,3.0,0.6020599913279624
NZ_CP166749.1,71234,<100 kb,tRNA-,11.0,1.0791812460476249
NZ_CP169379.1,112610,≥100 kb,tRNA-,4.0,0.6989700043360189
NZ_CP169380.1,101867,≥100 kb,tRNA-,3.0,0.6020599913279624
NZ_CP169382.1,53894,<100 kb,tRNA-,4.0,0.6989700043360189
NZ_CP169381.1,54035,<100 kb,tRNA-,4.0,0.6989700043360189
NZ_CP169378.1,332065,≥100 kb,tRNA-,15.0,1.2041199826559248
NZ_CP170744.1,275676,≥100 kb,tRNA-,2.0,0.47712125471966244
NZ_CP170748.1,275680,≥100 kb,tRNA-,2.0,0.47712125471966244
NZ_CP180153.1,39794,<100 kb,tRNA-,7.0,0.9030899869919435
NZ_CP161899.1,46050,<100 kb,tRNA-,8.0,0.9542425094393249
NZ_CP182929.1,52436,<100 kb,tRNA-,5.0,0.7781512503836436
NZ_CP182927.1,131619,≥100 kb,tRNA-,5.0,0.7781512503836436
NZ_CP182928.1,97584,<100 kb,tRNA-,1.0,0.3010299956639812
NZ_CP182930.1,46509,<100 kb,tRNA-,4.0,0.6989700043360189
NZ_CP183067.1,53097,<100 kb,tRNA-,4.0,0.6989700043360189
NZ_CP183065.1,264559,≥100 kb,tRNA-,18.0,1.2787536009528289
NZ_CP183867.1,105233,≥100 kb,tRNA-,5.0,0.7781512503836436
NZ_CP183870.1,95021,<100 kb,tRNA-,9.0,1.0
NZ_CP186043.1,45707,<100 kb,tRNA-,4.0,0.6989700043360189
NZ_CP186044.1,57078,<100 kb,tRNA-,4.0,0.6989700043360189
NZ_CP186050.1,154852,≥100 kb,tRNA-,5.0,0.7781512503836436
NZ_CP128209.1,106493,≥100 kb,tRNA-,3.0,0.6020599913279624
NZ_CP128210.1,99892,<100 kb,tRNA-,5.0,0.7781512503836436
NZ_CP128211.1,67279,<100 kb,tRNA-,4.0,0.6989700043360189
NZ_CP187119.1,60208,<100 kb,tRNA-,9.0,1.0
NZ_CP187120.1,101530,≥100 kb,tRNA-,16.0,1.2304489213782739
NZ_CP187121.1,42740,<100 kb,tRNA-,5.0,0.7781512503836436
NZ_CP181749.1,64018,<100 kb,tRNA-,12.0,1.1139433523068367
NZ_CP181674.1,109407,≥100 kb,tRNA-,5.0,0.7781512503836436
NZ_LS992176.1,159493,≥100 kb,tRNA-,13.0,1.146128035678238
NZ_LS992177.1,71403,<100 kb,tRNA-,6.0,0.8450980400142568
NZ_LS992178.1,18553,<100 kb,tRNA-,1.0,0.3010299956639812
NZ_LS992184.1,185156,≥100 kb,tRNA-,28.0,1.462397997898956
NZ_OW848789.1,92189,<100 kb,tRNA-,10.0,1.0413926851582251
NZ_OW848790.1,38483,<100 kb,tRNA-,4.0,0.6989700043360189
NZ_OW849084.1,40203,<100 kb,tRNA-,4.0,0.6989700043360189
NZ_OW849085.1,37891,<100 kb,tRNA-,3.0,0.6020599913279624
NZ_OW849100.1,74480,<100 kb,tRNA-,12.0,1.1139433523068367
NZ_OW849528.1,205393,≥100 kb,tRNA-,9.0,1.0
NZ_OW849529.1,149443,≥100 kb,tRNA-,1.0,0.3010299956639812
NZ_OW849530.1,63570,<100 kb,tRNA-,2.0,0.47712125471966244
NZ_OW849257.1,290966,≥100 kb,tRNA-,10.0,1.0413926851582251
NZ_OW849259.1,87686,<100 kb,tRNA-,2.0,0.47712125471966244
NZ_OW849260.1,63570,<100 kb,tRNA-,2.0,0.47712125471966244
NZ_OW849209.1,287088,≥100 kb,tRNA-,10.0,1.0413926851582251
NZ_OW849210.1,142948,≥100 kb,tRNA-,11.0,1.0791812460476249
NZ_OW849212.1,63570,<100 kb,tRNA-,2.0,0.47712125471966244
NZ_OW967265.1,99059,<100 kb,tRNA-,6.0,0.8450980400142568
NZ_OW967267.1,40836,<100 kb,tRNA-,4.0,0.6989700043360189
NZ_OW995942.1,250090,≥100 kb,tRNA-,4.0,0.6989700043360189
NZ_OW995945.1,63589,<100 kb,tRNA-,2.0,0.47712125471966244
NZ_OW969877.1,158488,≥100 kb,tRNA-,6.0,0.8450980400142568
NZ_OW969878.1,115963,≥100 kb,tRNA-,3.0,0.6020599913279624
NZ_OW969880.1,53579,<100 kb,tRNA-,2.0,0.47712125471966244
NZ_OW969881.1,41032,<100 kb,tRNA-,4.0,0.6989700043360189
NZ_OW969712.1,65498,<100 kb,tRNA-,2.0,0.47712125471966244
NZ_OW969692.1,103689,≥100 kb,tRNA-,6.0,0.8450980400142568
NZ_OW969693.1,65498,<100 kb,tRNA-,2.0,0.47712125471966244
NZ_OW969906.1,43157,<100 kb,tRNA-,4.0,0.6989700043360189
NZ_CP073044.1,327514,≥100 kb,tRNA-,10.0,1.0413926851582251
NZ_CP073045.1,145482,≥100 kb,tRNA-,11.0,1.0791812460476249
NZ_CP073049.1,322189,≥100 kb,tRNA-,10.0,1.0413926851582251
NZ_CP073050.1,113048,≥100 kb,tRNA-,10.0,1.0413926851582251
NZ_CP073009.1,142355,≥100 kb,tRNA-,10.0,1.0413926851582251
NZ_CP013710.1,244784,≥100 kb,tRNA-,1.0,0.3010299956639812
NZ_CP014152.1,241076,≥100 kb,tRNA-,1.0,0.3010299956639812
NZ_CP026210.1,77585,<100 kb,tRNA-,10.0,1.0413926851582251
NZ_CP026213.1,221962,≥100 kb,tRNA-,8.0,0.9542425094393249
NZ_CP029729.1,250887,≥100 kb,tRNA-,16.0,1.2304489213782739
NZ_CP029731.1,108148,≥100 kb,tRNA-,5.0,0.7781512503836436
NZ_CP029734.1,76953,<100 kb,tRNA-,10.0,1.0413926851582251
NZ_CP029735.1,63868,<100 kb,tRNA-,1.0,0.3010299956639812
NZ_CP033215.1,10520,<100 kb,tRNA+,2.0,0.47712125471966244
NZ_CP033217.1,109346,≥100 kb,tRNA+,2.0,0.47712125471966244
NZ_CP036437.1,51570,<100 kb,tRNA-,5.0,0.7781512503836436
NZ_CP036436.1,19305,<100 kb,tRNA-,4.0,0.6989700043360189
NZ_CP038468.1,106068,≥100 kb,tRNA-,6.0,0.8450980400142568
NZ_CP041048.1,151402,≥100 kb,tRNA-,18.0,1.2787536009528289
NZ_CP041049.1,19568,<100 kb,tRNA-,6.0,0.8450980400142568
NZ_CP045556.1,261631,≥100 kb,tRNA-,18.0,1.2787536009528289
NZ_CP045559.1,20370,<100 kb,tRNA-,2.0,0.47712125471966244
NZ_CP045838.1,110138,≥100 kb,tRNA-,2.0,0.47712125471966244
NZ_CP045839.1,84545,<100 kb,tRNA-,16.0,1.2304489213782739
NZ_CP045841.1,110138,≥100 kb,tRNA-,2.0,0.47712125471966244
NZ_CP045842.1,84545,<100 kb,tRNA-,16.0,1.2304489213782739
NZ_CP132280.1,211078,≥100 kb,tRNA-,13.0,1.146128035678238
NZ_CP132282.1,173376,≥100 kb,tRNA-,9.0,1.0
NZ_CP132283.1,161009,≥100 kb,tRNA-,4.0,0.6989700043360189
NZ_CP132286.1,64968,<100 kb,tRNA-,4.0,0.6989700043360189
NZ_CP115027.1,91270,<100 kb,tRNA-,2.0,0.47712125471966244
NZ_CP115036.1,119408,≥100 kb,tRNA-,1.0,0.3010299956639812
NZ_CP069803.1,119833,≥100 kb,tRNA-,5.0,0.7781512503836436
NZ_CP071071.1,166860,≥100 kb,tRNA-,17.0,1.255272505103306
NZ_CP071072.1,44104,<100 kb,tRNA-,4.0,0.6989700043360189
NZ_CP084291.1,69399,<100 kb,tRNA-,9.0,1.0
NZ_CP084295.1,240705,≥100 kb,tRNA-,10.0,1.0413926851582251
NZ_CP102504.1,49302,<100 kb,tRNA-,6.0,0.8450980400142568
NZ_CP102502.1,138196,≥100 kb,tRNA-,4.0,0.6989700043360189
NZ_CP102501.1,212154,≥100 kb,tRNA-,19.0,1.3010299956639813
NZ_CP114802.1,163408,≥100 kb,tRNA-,17.0,1.255272505103306
NZ_CP136603.1,131226,≥100 kb,tRNA-,2.0,0.47712125471966244
NZ_CP136604.1,54000,<100 kb,tRNA-,4.0,0.6989700043360189
NZ_CP136605.1,45944,<100 kb,tRNA-,1.0,0.3010299956639812
NZ_CP136606.1,41244,<100 kb,tRNA-,4.0,0.6989700043360189
NZ_CP136607.1,5933,<100 kb,tRNA-,1.0,0.3010299956639812
NZ_CP137481.1,254529,≥100 kb,tRNA-,10.0,1.0413926851582251
NZ_CP137479.1,12945,<100 kb,tRNA-,3.0,0.6020599913279624
NZ_CP137480.1,110795,≥100 kb,tRNA-,5.0,0.7781512503836436
NZ_CP137483.1,21731,<100 kb,tRNA-,4.0,0.6989700043360189
NZ_CP137482.1,98834,<100 kb,tRNA-,4.0,0.6989700043360189
NZ_CP137172.1,52865,<100 kb,tRNA-,4.0,0.6989700043360189
NZ_CP145155.1,16906,<100 kb,tRNA-,5.0,0.7781512503836436
NZ_CP149659.1,14241,<100 kb,tRNA+,2.0,0.47712125471966244
NZ_CP149664.1,114478,≥100 kb,tRNA+,2.0,0.47712125471966244
NZ_CP149665.1,19635,<100 kb,tRNA+,2.0,0.47712125471966244
NZ_CP149671.1,134616,≥100 kb,tRNA+,2.0,0.47712125471966244
NZ_CP149674.1,134807,≥100 kb,tRNA+,2.0,0.47712125471966244
NZ_CP149681.1,38374,<100 kb,tRNA+,2.0,0.47712125471966244
NZ_CP149682.1,13229,<100 kb,tRNA+,2.0,0.47712125471966244
NZ_CP149684.1,4857,<100 kb,tRNA-,1.0,0.3010299956639812
NZ_CP149687.1,135435,≥100 kb,tRNA+,2.0,0.47712125471966244
NZ_CP149690.1,113341,≥100 kb,tRNA+,2.0,0.47712125471966244
NZ_CP149692.1,10508,<100 kb,tRNA+,2.0,0.47712125471966244
NZ_CP149707.1,12207,<100 kb,tRNA+,2.0,0.47712125471966244
NZ_CP149712.1,99154,<100 kb,tRNA+,2.0,0.47712125471966244
NZ_CP149720.1,163400,≥100 kb,tRNA+,3.0,0.6020599913279624
NZ_CP149721.1,96641,<100 kb,tRNA+,2.0,0.47712125471966244
NZ_CP149723.1,16663,<100 kb,tRNA+,2.0,0.47712125471966244
NZ_CP149735.1,10426,<100 kb,tRNA+,2.0,0.47712125471966244
NZ_CP149737.1,101109,≥100 kb,tRNA+,2.0,0.47712125471966244
NZ_CP149738.1,17450,<100 kb,tRNA+,2.0,0.47712125471966244
NZ_CP149740.1,12272,<100 kb,tRNA+,2.0,0.47712125471966244
NZ_CP149745.1,149747,≥100 kb,tRNA+,2.0,0.47712125471966244
NZ_CP149764.1,12494,<100 kb,tRNA+,2.0,0.47712125471966244
NZ_CP149760.1,117553,≥100 kb,tRNA+,2.0,0.47712125471966244
NZ_CP159116.1,123630,≥100 kb,tRNA-,1.0,0.3010299956639812
NZ_CP101061.1,238616,≥100 kb,tRNA-,15.0,1.2041199826559248
NZ_CP101063.1,229810,≥100 kb,tRNA-,11.0,1.0791812460476249
NZ_CP101064.1,192326,≥100 kb,tRNA-,21.0,1.3424226808222062
NZ_CP101065.1,97536,<100 kb,tRNA-,8.0,0.9542425094393249
NZ_CP101070.1,277311,≥100 kb,tRNA-,4.0,0.6989700043360189
NZ_CP101071.1,139369,≥100 kb,tRNA-,6.0,0.8450980400142568
NZ_CP101073.1,75431,<100 kb,tRNA-,6.0,0.8450980400142568
NZ_CP101101.1,94336,<100 kb,tRNA-,2.0,0.47712125471966244
NZ_CP101102.1,58467,<100 kb,tRNA-,7.0,0.9030899869919435
NZ_CP101075.1,277319,≥100 kb,tRNA-,7.0,0.9030899869919435
NZ_CP101076.1,139363,≥100 kb,tRNA-,6.0,0.8450980400142568
NZ_CP101078.1,75429,<100 kb,tRNA-,6.0,0.8450980400142568
NZ_CP101096.1,244539,≥100 kb,tRNA-,9.0,1.0
NZ_CP101097.1,94740,<100 kb,tRNA-,12.0,1.1139433523068367
NZ_CP101098.1,91478,<100 kb,tRNA-,5.0,0.7781512503836436
NZ_CP101104.1,246292,≥100 kb,tRNA-,11.0,1.0791812460476249
NZ_CP101106.1,74022,<100 kb,tRNA-,8.0,0.9542425094393249
NZ_CP175668.1,364750,≥100 kb,tRNA+,12.0,1.1139433523068367
NZ_CP176820.1,108996,≥100 kb,tRNA-,5.0,0.7781512503836436
NZ_CP176821.1,37850,<100 kb,tRNA-,1.0,0.3010299956639812
NZ_CP144505.1,105807,≥100 kb,tRNA-,3.0,0.6020599913279624
NZ_CP186531.1,69417,<100 kb,tRNA-,6.0,0.8450980400142568
NZ_CP189868.1,340718,≥100 kb,tRNA-,12.0,1.1139433523068367
NZ_CP189869.1,110729,≥100 kb,tRNA-,7.0,0.9030899869919435
NZ_CP009558.1,56577,<100 kb,tRNA-,2.0,0.47712125471966244
NZ_LN879548.1,17109,<100 kb,tRNA-,1.0,0.3010299956639812
NZ_CP015623.1,144640,≥100 kb,tRNA-,7.0,0.9030899869919435
NZ_CP015624.1,25275,<100 kb,tRNA-,2.0,0.47712125471966244
NZ_CP096985.1,9501,<100 kb,tRNA-,3.0,0.6020599913279624
NZ_CP096990.1,9501,<100 kb,tRNA-,3.0,0.6020599913279624
NZ_CP023413.1,72060,<100 kb,tRNA-,2.0,0.47712125471966244
NZ_AP017631.1,46640,<100 kb,tRNA-,2.0,0.47712125471966244
NZ_CP025504.1,48779,<100 kb,tRNA-,2.0,0.47712125471966244
NZ_CP054841.1,642987,≥100 kb,tRNA-,3.0,0.6020599913279624
NZ_CP043569.1,3653,<100 kb,tRNA-,3.0,0.6020599913279624
NZ_CP043574.1,248727,≥100 kb,tRNA-,10.0,1.0413926851582251
NZ_CP063060.1,7734,<100 kb,tRNA-,1.0,0.3010299956639812
NZ_CP073071.1,63899,<100 kb,tRNA-,6.0,0.8450980400142568
NZ_CP083452.1,372730,≥100 kb,tRNA+,1.0,0.3010299956639812
NZ_CP075936.1,70011,<100 kb,tRNA-,2.0,0.47712125471966244
NZ_AP025194.1,29235,<100 kb,tRNA-,4.0,0.6989700043360189
NZ_CP091096.1,22433,<100 kb,tRNA-,5.0,0.7781512503836436
NZ_CP106882.1,647507,≥100 kb,tRNA-,2.0,0.47712125471966244
NZ_CP102312.1,46508,<100 kb,tRNA-,2.0,0.47712125471966244
NZ_CP102313.1,36992,<100 kb,tRNA-,5.0,0.7781512503836436
NZ_CP102298.1,46499,<100 kb,tRNA-,2.0,0.47712125471966244
NZ_CP102307.1,17231,<100 kb,tRNA-,5.0,0.7781512503836436
NZ_CP102421.1,46509,<100 kb,tRNA-,2.0,0.47712125471966244
NZ_CP102417.1,46509,<100 kb,tRNA-,2.0,0.47712125471966244
NZ_CP104280.1,143067,≥100 kb,tRNA-,13.0,1.146128035678238
NZ_CP104281.1,9512,<100 kb,tRNA-,1.0,0.3010299956639812
NZ_AP026872.1,47855,<100 kb,tRNA-,2.0,0.47712125471966244
NZ_CP086141.1,269589,≥100 kb,tRNA-,1.0,0.3010299956639812
NZ_CP086149.1,104777,≥100 kb,tRNA+,1.0,0.3010299956639812
NZ_CP086152.1,32721,<100 kb,tRNA-,1.0,0.3010299956639812
NZ_CP086150.1,50737,<100 kb,tRNA-,1.0,0.3010299956639812
NZ_CP086250.1,243849,≥100 kb,tRNA-,1.0,0.3010299956639812
NZ_CP116588.1,25448,<100 kb,tRNA-,6.0,0.8450980400142568
NZ_CP118266.1,166452,≥100 kb,tRNA-,17.0,1.255272505103306
NZ_CP119189.1,224659,≥100 kb,tRNA-,29.0,1.4771212547196624
NZ_CP120750.1,46518,<100 kb,tRNA-,2.0,0.47712125471966244
NZ_CP120755.1,47031,<100 kb,tRNA-,2.0,0.47712125471966244
NZ_CP129673.1,175835,≥100 kb,tRNA-,1.0,0.3010299956639812
NZ_CP077611.1,295439,≥100 kb,tRNA-,1.0,0.3010299956639812
NZ_CP077612.1,132797,≥100 kb,tRNA-,1.0,0.3010299956639812
NZ_AP026824.1,112887,≥100 kb,tRNA-,1.0,0.3010299956639812
NZ_CP139201.1,47421,<100 kb,tRNA-,2.0,0.47712125471966244
NZ_CP143279.1,50970,<100 kb,tRNA-,6.0,0.8450980400142568
NZ_CP143537.1,50954,<100 kb,tRNA-,7.0,0.9030899869919435
NZ_CP143538.1,46508,<100 kb,tRNA-,2.0,0.47712125471966244
NZ_CP148607.1,73382,<100 kb,tRNA-,2.0,0.47712125471966244
NZ_CP148622.1,74869,<100 kb,tRNA-,2.0,0.47712125471966244
NZ_CP148625.1,74868,<100 kb,tRNA-,2.0,0.47712125471966244
NZ_CP148630.1,72982,<100 kb,tRNA-,2.0,0.47712125471966244
NZ_CP148672.1,47265,<100 kb,tRNA-,2.0,0.47712125471966244
NZ_CP148677.1,48810,<100 kb,tRNA-,2.0,0.47712125471966244
NZ_CP148678.1,38043,<100 kb,tRNA-,5.0,0.7781512503836436
NZ_CP148682.1,50828,<100 kb,tRNA-,2.0,0.47712125471966244
NZ_CP148687.1,7725,<100 kb,tRNA-,2.0,0.47712125471966244
NZ_CP148691.1,52216,<100 kb,tRNA-,2.0,0.47712125471966244
NZ_CP148706.1,113466,≥100 kb,tRNA-,2.0,0.47712125471966244
NZ_CP148722.1,47332,<100 kb,tRNA-,2.0,0.47712125471966244
NZ_CP148730.1,76982,<100 kb,tRNA-,2.0,0.47712125471966244
NZ_CP079704.1,17205,<100 kb,tRNA-,1.0,0.3010299956639812
NZ_CP169384.1,48435,<100 kb,tRNA-,2.0,0.47712125471966244
NZ_AP027087.1,77679,<100 kb,tRNA-,2.0,0.47712125471966244
NZ_AP027101.1,48130,<100 kb,tRNA-,2.0,0.47712125471966244
NZ_CP183466.1,48130,<100 kb,tRNA-,2.0,0.47712125471966244
NZ_CP190003.1,13323,<100 kb,tRNA-,1.0,0.3010299956639812
NZ_CP011772.1,125076,≥100 kb,tRNA-,2.0,0.47712125471966244
NZ_CP060053.1,1029490,≥100 kb,tRNA-,2.0,0.47712125471966244
NZ_CP069515.1,55973,<100 kb,tRNA-,5.0,0.7781512503836436
NZ_CP069569.1,31022,<100 kb,tRNA-,7.0,0.9030899869919435
NZ_CP176020.1,56170,<100 kb,tRNA-,6.0,0.8450980400142568
NZ_CP176013.1,58599,<100 kb,tRNA-,8.0,0.9542425094393249
NZ_CP176027.1,58599,<100 kb,tRNA-,9.0,1.0
NZ_CP047205.1,103707,≥100 kb,tRNA-,1.0,0.3010299956639812
NZ_CP123906.1,35562,<100 kb,tRNA-,5.0,0.7781512503836436
NZ_CP177118.1,16352,<100 kb,tRNA-,5.0,0.7781512503836436
NC_007974.2,2580084,≥100 kb,tRNA+,2.0,0.47712125471966244
NZ_CP031163.1,668667,≥100 kb,tRNA+,2.0,0.47712125471966244
NZ_AP025172.1,1635938,≥100 kb,tRNA+,4.0,0.6989700043360189
NZ_CP182822.1,476739,≥100 kb,tRNA+,1.0,0.3010299956639812
NZ_CP182823.1,334266,≥100 kb,tRNA+,6.0,0.8450980400142568
NZ_CP028975.1,340723,≥100 kb,tRNA-,25.0,1.414973347970818
NZ_CP038636.1,1192287,≥100 kb,tRNA+,4.0,0.6989700043360189
NZ_CP043441.1,2786414,≥100 kb,tRNA+,2.0,0.47712125471966244
NZ_CP031503.1,46159,<100 kb,tRNA-,1.0,0.3010299956639812
NZ_CP046333.1,2586495,≥100 kb,tRNA+,2.0,0.47712125471966244
NZ_CP073678.1,1670509,≥100 kb,tRNA+,4.0,0.6989700043360189
NZ_CP076061.1,2510418,≥100 kb,tRNA+,4.0,0.6989700043360189
NZ_CP080769.1,689000,≥100 kb,tRNA-,2.0,0.47712125471966244
NZ_CP086381.1,293586,≥100 kb,tRNA-,1.0,0.3010299956639812
NZ_CP089998.1,689878,≥100 kb,tRNA+,2.0,0.47712125471966244
NZ_CP090010.1,72559,<100 kb,tRNA-,2.0,0.47712125471966244
NZ_CP097152.1,541487,≥100 kb,tRNA+,1.0,0.3010299956639812
NZ_CP097154.1,278806,≥100 kb,tRNA-,1.0,0.3010299956639812
NZ_CP098737.1,87261,<100 kb,tRNA-,2.0,0.47712125471966244
NZ_CP080592.1,158317,≥100 kb,tRNA-,13.0,1.146128035678238
NZ_CP080596.1,94206,<100 kb,tRNA-,6.0,0.8450980400142568
NZ_AP026563.1,309632,≥100 kb,tRNA-,1.0,0.3010299956639812
NZ_CP115166.1,450606,≥100 kb,tRNA-,1.0,0.3010299956639812
NZ_CP120957.1,51319,<100 kb,tRNA-,1.0,0.3010299956639812
NZ_AP026711.1,30947,<100 kb,tRNA-,4.0,0.6989700043360189
NZ_AP026713.1,30947,<100 kb,tRNA-,4.0,0.6989700043360189
NZ_CP158297.1,484959,≥100 kb,tRNA-,1.0,0.3010299956639812
NZ_CP088084.1,2784676,≥100 kb,tRNA+,10.0,1.0413926851582251
NZ_CP088085.1,847469,≥100 kb,tRNA+,2.0,0.47712125471966244
NZ_CP174135.1,5284,<100 kb,tRNA-,3.0,0.6020599913279624
NZ_CP129910.1,192876,≥100 kb,tRNA-,1.0,0.3010299956639812
NZ_CP179947.1,150085,≥100 kb,tRNA-,1.0,0.3010299956639812
NZ_OV024759.1,412465,≥100 kb,tRNA+,1.0,0.3010299956639812
NC_012109.1,68709,<100 kb,tRNA-,1.0,0.3010299956639812
NC_013509.1,43703,<100 kb,tRNA-,4.0,0.6989700043360189
NZ_CP006665.1,127046,≥100 kb,tRNA-,2.0,0.47712125471966244
NZ_CP006666.1,2219,<100 kb,tRNA-,1.0,0.3010299956639812
NZ_LN907828.1,571293,≥100 kb,tRNA-,2.0,0.47712125471966244
NZ_CP028814.1,135268,≥100 kb,tRNA-,4.0,0.6989700043360189
NZ_CP084431.1,13865,<100 kb,tRNA-,1.0,0.3010299956639812
NZ_CP084511.1,13865,<100 kb,tRNA-,1.0,0.3010299956639812
NZ_CP035669.1,117448,≥100 kb,tRNA-,3.0,0.6020599913279624
NZ_CP049911.1,242290,≥100 kb,tRNA-,6.0,0.8450980400142568
NZ_CP053782.1,109462,≥100 kb,tRNA-,6.0,0.8450980400142568
NZ_CP072609.1,10867,<100 kb,tRNA-,3.0,0.6020599913279624
NZ_CP072599.1,576382,≥100 kb,tRNA-,2.0,0.47712125471966244
NZ_CP073263.1,580636,≥100 kb,tRNA-,2.0,0.47712125471966244
NZ_CP090963.1,90212,<100 kb,tRNA-,4.0,0.6989700043360189
NZ_CP090964.1,89974,<100 kb,tRNA-,1.0,0.3010299956639812
NZ_CP090965.1,34923,<100 kb,tRNA-,1.0,0.3010299956639812
NZ_CP090969.1,58229,<100 kb,tRNA-,5.0,0.7781512503836436
NZ_CP095164.1,152284,≥100 kb,tRNA-,10.0,1.0413926851582251
NZ_CP115818.1,35410,<100 kb,tRNA-,2.0,0.47712125471966244
NZ_CP116676.1,114035,≥100 kb,tRNA-,8.0,0.9542425094393249
NZ_CP118391.1,58429,<100 kb,tRNA-,4.0,0.6989700043360189
NZ_CP099740.1,40254,<100 kb,tRNA-,9.0,1.0
NZ_AP028985.1,49750,<100 kb,tRNA-,9.0,1.0
NZ_CP163409.1,60265,<100 kb,tRNA-,9.0,1.0
NZ_CP100769.1,108205,≥100 kb,tRNA-,11.0,1.0791812460476249
NZ_CP100776.1,100252,≥100 kb,tRNA-,9.0,1.0
NZ_CP100777.1,90084,<100 kb,tRNA-,5.0,0.7781512503836436
NZ_CP100779.1,100592,≥100 kb,tRNA-,5.0,0.7781512503836436
NZ_CP100781.1,85404,<100 kb,tRNA-,4.0,0.6989700043360189
NZ_CP100783.1,27873,<100 kb,tRNA-,4.0,0.6989700043360189
NZ_CP100785.1,103922,≥100 kb,tRNA-,10.0,1.0413926851582251
NZ_CP100787.1,106859,≥100 kb,tRNA-,4.0,0.6989700043360189
NZ_CP100788.1,65635,<100 kb,tRNA-,5.0,0.7781512503836436
NZ_CP100790.1,12349,<100 kb,tRNA-,2.0,0.47712125471966244
NZ_CP100792.1,79245,<100 kb,tRNA-,5.0,0.7781512503836436
NZ_CP100796.1,108199,≥100 kb,tRNA-,11.0,1.0791812460476249
NZ_CP100794.1,163111,≥100 kb,tRNA-,13.0,1.146128035678238
NZ_CP100800.1,163040,≥100 kb,tRNA-,11.0,1.0791812460476249
NZ_CP100803.1,91440,<100 kb,tRNA-,9.0,1.0
NZ_CP100805.1,61869,<100 kb,tRNA-,8.0,0.9542425094393249
NZ_CP100807.1,162174,≥100 kb,tRNA-,16.0,1.2304489213782739
NZ_CP100815.1,95632,<100 kb,tRNA-,9.0,1.0
NZ_CP100818.1,102337,≥100 kb,tRNA-,5.0,0.7781512503836436
NZ_CP100819.1,97793,<100 kb,tRNA-,4.0,0.6989700043360189
NZ_CP100823.1,278854,≥100 kb,tRNA-,21.0,1.3424226808222062
NZ_CP100825.1,85405,<100 kb,tRNA-,8.0,0.9542425094393249
NZ_CP100826.1,67352,<100 kb,tRNA-,9.0,1.0
NZ_CP100828.1,143148,≥100 kb,tRNA-,7.0,0.9030899869919435
NZ_CP100829.1,92040,<100 kb,tRNA-,5.0,0.7781512503836436
NZ_CP100832.1,96755,<100 kb,tRNA-,9.0,1.0
NZ_CP100833.1,65517,<100 kb,tRNA-,12.0,1.1139433523068367
NZ_CP100844.1,139261,≥100 kb,tRNA-,7.0,0.9030899869919435
NZ_CP100845.1,100604,≥100 kb,tRNA-,5.0,0.7781512503836436
NZ_CP100847.1,89690,<100 kb,tRNA-,8.0,0.9542425094393249
NZ_CP100848.1,63653,<100 kb,tRNA-,10.0,1.0413926851582251
NZ_CP100852.1,100532,≥100 kb,tRNA-,3.0,0.6020599913279624
NZ_CP100854.1,85410,<100 kb,tRNA-,8.0,0.9542425094393249
NZ_CP100855.1,63643,<100 kb,tRNA-,11.0,1.0791812460476249
NZ_CP100860.1,105400,≥100 kb,tRNA-,8.0,0.9542425094393249
NZ_CP100862.1,85412,<100 kb,tRNA-,9.0,1.0
NZ_CP100866.1,159777,≥100 kb,tRNA-,16.0,1.2304489213782739
NZ_CP100868.1,120805,≥100 kb,tRNA-,14.0,1.1760912590556813
NZ_CP100871.1,142885,≥100 kb,tRNA-,17.0,1.255272505103306
NZ_CP100872.1,74029,<100 kb,tRNA-,1.0,0.3010299956639812
NZ_CP100875.1,8733,<100 kb,tRNA-,1.0,0.3010299956639812
NZ_CP100773.1,119133,≥100 kb,tRNA-,6.0,0.8450980400142568
NZ_CP100774.1,56349,<100 kb,tRNA-,7.0,0.9030899869919435
NZ_CP152141.1,130143,≥100 kb,tRNA-,5.0,0.7781512503836436
NZ_CP152154.1,131004,≥100 kb,tRNA-,5.0,0.7781512503836436
NZ_CP152159.1,130987,≥100 kb,tRNA-,5.0,0.7781512503836436
NZ_CP152163.1,125517,≥100 kb,tRNA-,4.0,0.6989700043360189
NZ_CP152169.1,125517,≥100 kb,tRNA-,4.0,0.6989700043360189
NZ_CP152173.1,129043,≥100 kb,tRNA-,7.0,0.9030899869919435
NZ_CP152176.1,126385,≥100 kb,tRNA-,4.0,0.6989700043360189
NZ_CP152179.1,134994,≥100 kb,tRNA-,5.0,0.7781512503836436
NZ_CP152184.1,85041,<100 kb,tRNA-,8.0,0.9542425094393249
NZ_CP152187.1,85042,<100 kb,tRNA-,8.0,0.9542425094393249
NZ_CP152190.1,125517,≥100 kb,tRNA-,4.0,0.6989700043360189
NZ_CP152194.1,125517,≥100 kb,tRNA-,4.0,0.6989700043360189
NZ_CP152198.1,171330,≥100 kb,tRNA-,7.0,0.9030899869919435
NZ_CP152199.1,68064,<100 kb,tRNA-,1.0,0.3010299956639812
NZ_CP152204.1,83347,<100 kb,tRNA-,8.0,0.9542425094393249
NZ_CP152207.1,83347,<100 kb,tRNA-,8.0,0.9542425094393249
NZ_CP152210.1,83347,<100 kb,tRNA-,8.0,0.9542425094393249
NZ_CP152213.1,83347,<100 kb,tRNA-,8.0,0.9542425094393249
NZ_CP152220.1,82566,<100 kb,tRNA-,8.0,0.9542425094393249
NZ_CP152223.1,82566,<100 kb,tRNA-,8.0,0.9542425094393249
NZ_CP152226.1,83347,<100 kb,tRNA-,8.0,0.9542425094393249
NZ_CP152234.1,82511,<100 kb,tRNA-,5.0,0.7781512503836436
NZ_CP152233.1,86171,<100 kb,tRNA-,8.0,0.9542425094393249
NZ_CP110975.1,133945,≥100 kb,tRNA-,5.0,0.7781512503836436
NZ_CP113129.1,135268,≥100 kb,tRNA-,5.0,0.7781512503836436
NZ_CP113133.1,117449,≥100 kb,tRNA-,4.0,0.6989700043360189
NZ_CP113136.1,117450,≥100 kb,tRNA-,4.0,0.6989700043360189
NZ_CP113140.1,117450,≥100 kb,tRNA-,3.0,0.6020599913279624
NZ_CP113145.1,108169,≥100 kb,tRNA-,1.0,0.3010299956639812
NZ_CP113150.1,118773,≥100 kb,tRNA-,5.0,0.7781512503836436
NZ_CP113154.1,117449,≥100 kb,tRNA-,4.0,0.6989700043360189
NZ_CP113158.1,117450,≥100 kb,tRNA-,4.0,0.6989700043360189
NZ_CP155440.1,61716,<100 kb,tRNA-,2.0,0.47712125471966244
NZ_CP180739.1,117449,≥100 kb,tRNA-,3.0,0.6020599913279624
NZ_CP180743.1,117353,≥100 kb,tRNA-,3.0,0.6020599913279624
NZ_CP165783.1,1701392,≥100 kb,tRNA+,3.0,0.6020599913279624
NZ_CP015881.1,1736943,≥100 kb,tRNA+,6.0,0.8450980400142568
NZ_CP015882.1,1459374,≥100 kb,tRNA+,1.0,0.3010299956639812
NZ_CP011569.1,3223,<100 kb,tRNA-,1.0,0.3010299956639812
NZ_CP011570.1,33610,<100 kb,tRNA-,3.0,0.6020599913279624
NZ_CP011571.1,90452,<100 kb,tRNA-,9.0,1.0
NZ_CP011583.1,85187,<100 kb,tRNA-,5.0,0.7781512503836436
NZ_CP011582.1,43433,<100 kb,tRNA-,7.0,0.9030899869919435
NZ_CP011579.1,33610,<100 kb,tRNA-,3.0,0.6020599913279624
NZ_CP011580.1,90452,<100 kb,tRNA-,9.0,1.0
NZ_CP011589.1,59138,<100 kb,tRNA-,5.0,0.7781512503836436
NZ_CP011648.1,33610,<100 kb,tRNA-,3.0,0.6020599913279624
NZ_CP011649.1,90452,<100 kb,tRNA-,9.0,1.0
NZ_CP011658.1,3223,<100 kb,tRNA-,1.0,0.3010299956639812
NZ_CP011659.1,33610,<100 kb,tRNA-,3.0,0.6020599913279624
NZ_CP011661.1,90452,<100 kb,tRNA-,9.0,1.0
NZ_CP043319.1,106698,≥100 kb,tRNA-,3.0,0.6020599913279624
NZ_CP018815.1,139942,≥100 kb,tRNA-,14.0,1.1760912590556813
NZ_CP022533.1,330060,≥100 kb,tRNA-,28.0,1.462397997898956
NZ_CP020090.1,62470,<100 kb,tRNA-,4.0,0.6989700043360189
NZ_CP020091.1,84602,<100 kb,tRNA-,11.0,1.0791812460476249
NZ_CP028537.1,328828,≥100 kb,tRNA-,25.0,1.414973347970818
NZ_CP021163.1,68573,<100 kb,tRNA-,10.0,1.0413926851582251
NZ_CP021168.1,79064,<100 kb,tRNA-,17.0,1.255272505103306
NZ_CP030077.1,170955,≥100 kb,tRNA+,15.0,1.2041199826559248
NZ_CP030079.1,91816,<100 kb,tRNA-,3.0,0.6020599913279624
NZ_CP030080.1,286652,≥100 kb,tRNA-,8.0,0.9542425094393249
NZ_CP030081.1,39601,<100 kb,tRNA-,3.0,0.6020599913279624
NZ_CP030345.1,152715,≥100 kb,tRNA-,27.0,1.4471580313422192
NZ_CP030350.1,106698,≥100 kb,tRNA-,3.0,0.6020599913279624
NZ_CP031570.1,158968,≥100 kb,tRNA-,14.0,1.1760912590556813
NZ_CP031567.1,159840,≥100 kb,tRNA-,3.0,0.6020599913279624
NZ_CP031568.1,132677,≥100 kb,tRNA-,18.0,1.2787536009528289
NZ_CP031572.1,106689,≥100 kb,tRNA-,3.0,0.6020599913279624
NZ_CP031573.1,164095,≥100 kb,tRNA-,15.0,1.2041199826559248
NZ_CP031576.1,160309,≥100 kb,tRNA-,14.0,1.1760912590556813
NZ_CP031575.1,309444,≥100 kb,tRNA-,8.0,0.9542425094393249
NZ_CP031723.1,88009,<100 kb,tRNA+,8.0,0.9542425094393249
NZ_CP031724.1,296580,≥100 kb,tRNA-,15.0,1.2041199826559248
NZ_CP019890.1,124759,≥100 kb,tRNA-,10.0,1.0413926851582251
NZ_CP019891.1,112190,≥100 kb,tRNA+,3.0,0.6020599913279624
NZ_CP032842.1,339920,≥100 kb,tRNA-,21.0,1.3424226808222062
NZ_CP036312.1,46161,<100 kb,tRNA-,3.0,0.6020599913279624
NZ_CP036311.1,102543,≥100 kb,tRNA-,11.0,1.0791812460476249
NZ_CP035387.1,63369,<100 kb,tRNA-,12.0,1.1139433523068367
NZ_CP054412.1,44885,<100 kb,tRNA-,3.0,0.6020599913279624
NZ_AP019633.1,130975,≥100 kb,tRNA-,1.0,0.3010299956639812
NZ_AP019631.1,125013,≥100 kb,tRNA-,2.0,0.47712125471966244
NZ_CP043637.1,14090,<100 kb,tRNA-,5.0,0.7781512503836436
NZ_CP043636.1,20734,<100 kb,tRNA-,4.0,0.6989700043360189
NZ_CP043635.1,9780,<100 kb,tRNA-,2.0,0.47712125471966244
NZ_CP042567.1,150626,≥100 kb,tRNA+,7.0,0.9030899869919435
NZ_CP042568.1,88956,<100 kb,tRNA-,14.0,1.1760912590556813
NZ_CP042570.1,3223,<100 kb,tRNA-,1.0,0.3010299956639812
NZ_CP042489.1,340181,≥100 kb,tRNA-,26.0,1.4313637641589874
NZ_CP042574.1,86404,<100 kb,tRNA-,13.0,1.146128035678238
NZ_CP042541.1,155361,≥100 kb,tRNA+,8.0,0.9542425094393249
NZ_CP042542.1,88956,<100 kb,tRNA-,14.0,1.1760912590556813
NZ_CP042544.1,3223,<100 kb,tRNA-,1.0,0.3010299956639812
NZ_CP042552.1,288659,≥100 kb,tRNA-,19.0,1.3010299956639813
NZ_CP042553.1,173758,≥100 kb,tRNA-,17.0,1.255272505103306
NZ_CP046117.1,75044,<100 kb,tRNA-,6.0,0.8450980400142568
NZ_CP046118.1,62663,<100 kb,tRNA-,5.0,0.7781512503836436
NZ_CP046274.1,53773,<100 kb,tRNA-,6.0,0.8450980400142568
NZ_CP046275.1,26086,<100 kb,tRNA-,5.0,0.7781512503836436
NZ_CP046273.1,67220,<100 kb,tRNA+,3.0,0.6020599913279624
NZ_CP033103.1,343918,≥100 kb,tRNA-,25.0,1.414973347970818
NZ_CP030263.1,1790007,≥100 kb,tRNA+,6.0,0.8450980400142568
NZ_CP030264.1,1583018,≥100 kb,tRNA+,1.0,0.3010299956639812
NZ_CP023570.1,291254,≥100 kb,tRNA-,1.0,0.3010299956639812
NZ_CP023571.1,118105,≥100 kb,tRNA-,7.0,0.9030899869919435
NZ_CP027112.1,291244,≥100 kb,tRNA-,1.0,0.3010299956639812
NZ_CP049047.1,322325,≥100 kb,tRNA-,19.0,1.3010299956639813
NZ_CP049048.1,142557,≥100 kb,tRNA-,9.0,1.0
NZ_CP049189.1,394232,≥100 kb,tRNA-,26.0,1.4313637641589874
NZ_CP049193.1,303394,≥100 kb,tRNA-,13.0,1.146128035678238
NZ_CP051135.1,281030,≥100 kb,tRNA-,14.0,1.1760912590556813
NZ_CP044337.1,94408,<100 kb,tRNA-,10.0,1.0413926851582251
NZ_CP053191.1,270915,≥100 kb,tRNA-,10.0,1.0413926851582251
NZ_CP040909.1,19650,<100 kb,tRNA-,7.0,0.9030899869919435
NZ_CP058165.1,206287,≥100 kb,tRNA-,8.0,0.9542425094393249
NZ_CP058166.1,9923,<100 kb,tRNA-,2.0,0.47712125471966244
NZ_CP058188.1,169857,≥100 kb,tRNA-,3.0,0.6020599913279624
NZ_CP056156.1,361638,≥100 kb,tRNA+,17.0,1.255272505103306
NZ_CP059421.1,262616,≥100 kb,tRNA-,9.0,1.0
NZ_CP059413.1,302551,≥100 kb,tRNA-,22.0,1.3617278360175928
NZ_CP059417.1,55220,<100 kb,tRNA-,11.0,1.0791812460476249
NZ_CP059425.1,302836,≥100 kb,tRNA-,21.0,1.3424226808222062
NZ_CP059426.1,55220,<100 kb,tRNA-,6.0,0.8450980400142568
NZ_CP059712.1,287277,≥100 kb,tRNA-,9.0,1.0
NZ_CP059714.1,52787,<100 kb,tRNA-,4.0,0.6989700043360189
NZ_AP022128.1,92491,<100 kb,tRNA-,13.0,1.146128035678238
NZ_AP022129.1,56317,<100 kb,tRNA-,5.0,0.7781512503836436
NZ_CP061746.1,348891,≥100 kb,tRNA-,25.0,1.414973347970818
NZ_AP022511.1,292755,≥100 kb,tRNA-,13.0,1.146128035678238
NZ_CP047966.1,133022,≥100 kb,tRNA-,16.0,1.2304489213782739
NZ_CP047968.1,106698,≥100 kb,tRNA-,3.0,0.6020599913279624
NZ_CP047969.1,41439,<100 kb,tRNA-,4.0,0.6989700043360189
NZ_CP064659.1,90483,<100 kb,tRNA+,10.0,1.0413926851582251
NZ_CP064660.1,47497,<100 kb,tRNA-,3.0,0.6020599913279624
NZ_CP064657.1,267745,≥100 kb,tRNA-,6.0,0.8450980400142568
NZ_CP047716.1,106697,≥100 kb,tRNA-,3.0,0.6020599913279624
NZ_CP047717.1,33171,<100 kb,tRNA-,3.0,0.6020599913279624
NZ_CP047730.1,310659,≥100 kb,tRNA-,12.0,1.1139433523068367
NZ_CP047731.1,106698,≥100 kb,tRNA-,3.0,0.6020599913279624
NZ_CP047732.1,33171,<100 kb,tRNA-,3.0,0.6020599913279624
NZ_CP047737.1,310486,≥100 kb,tRNA-,15.0,1.2041199826559248
NZ_CP047738.1,37715,<100 kb,tRNA-,5.0,0.7781512503836436
NZ_CP047741.1,344276,≥100 kb,tRNA-,13.0,1.146128035678238
NZ_CP047743.1,105247,≥100 kb,tRNA-,3.0,0.6020599913279624
NZ_CP047744.1,47939,<100 kb,tRNA-,1.0,0.3010299956639812
NZ_CP047745.1,37460,<100 kb,tRNA-,4.0,0.6989700043360189
NZ_CP048697.1,331873,≥100 kb,tRNA-,6.0,0.8450980400142568
NZ_CP048698.1,96194,<100 kb,tRNA-,10.0,1.0413926851582251
NZ_CP048699.1,55421,<100 kb,tRNA-,7.0,0.9030899869919435
NZ_CP049022.1,331872,≥100 kb,tRNA-,6.0,0.8450980400142568
NZ_CP049023.1,83090,<100 kb,tRNA-,10.0,1.0413926851582251
NZ_CP049024.1,55421,<100 kb,tRNA-,7.0,0.9030899869919435
NZ_CP047758.1,105247,≥100 kb,tRNA-,3.0,0.6020599913279624
NZ_CP047759.1,48330,<100 kb,tRNA-,1.0,0.3010299956639812
NZ_CP047760.1,37703,<100 kb,tRNA-,5.0,0.7781512503836436
NZ_CP047766.1,178304,≥100 kb,tRNA+,12.0,1.1139433523068367
NZ_CP047767.1,8951,<100 kb,tRNA-,1.0,0.3010299956639812
NZ_CP065940.1,307080,≥100 kb,tRNA-,14.0,1.1760912590556813
NZ_CP068288.1,342447,≥100 kb,tRNA-,18.0,1.2787536009528289
NZ_CP050312.1,288096,≥100 kb,tRNA-,19.0,1.3010299956639813
NZ_CP050507.1,288061,≥100 kb,tRNA-,19.0,1.3010299956639813
NZ_CP070352.1,1791989,≥100 kb,tRNA+,6.0,0.8450980400142568
NZ_CP070533.1,25440,<100 kb,tRNA-,8.0,0.9542425094393249
NZ_CP070531.1,73624,<100 kb,tRNA-,16.0,1.2304489213782739
NZ_CP070530.1,278187,≥100 kb,tRNA-,9.0,1.0
NZ_CP071010.1,337179,≥100 kb,tRNA+,16.0,1.2304489213782739
NZ_CP071012.1,316077,≥100 kb,tRNA-,11.0,1.0791812460476249
NZ_CP071018.1,315229,≥100 kb,tRNA-,11.0,1.0791812460476249
NZ_CP071026.1,186213,≥100 kb,tRNA-,23.0,1.380211241711606
NZ_CP071022.1,316079,≥100 kb,tRNA-,11.0,1.0791812460476249
NZ_CP071014.1,316077,≥100 kb,tRNA-,11.0,1.0791812460476249
NZ_CP071016.1,316079,≥100 kb,tRNA-,11.0,1.0791812460476249
NZ_CP071020.1,316079,≥100 kb,tRNA-,11.0,1.0791812460476249
NZ_CP071024.1,316078,≥100 kb,tRNA-,11.0,1.0791812460476249
NZ_CP064114.1,119573,≥100 kb,tRNA+,3.0,0.6020599913279624
NZ_CP064115.1,72217,<100 kb,tRNA-,6.0,0.8450980400142568
NZ_CP064116.1,79219,<100 kb,tRNA+,8.0,0.9542425094393249
NZ_AP024500.1,284167,≥100 kb,tRNA-,11.0,1.0791812460476249
NZ_AP024499.1,85172,<100 kb,tRNA-,6.0,0.8450980400142568
NZ_CP083373.1,782207,≥100 kb,tRNA-,1.0,0.3010299956639812
NZ_CP083374.1,946878,≥100 kb,tRNA+,3.0,0.6020599913279624
NZ_CP083371.1,1913930,≥100 kb,tRNA+,2.0,0.47712125471966244
NZ_CP073313.1,7973,<100 kb,tRNA-,7.0,0.9030899869919435
NZ_CP073314.1,35630,<100 kb,tRNA-,2.0,0.47712125471966244
NZ_CP073772.1,194047,≥100 kb,tRNA-,13.0,1.146128035678238
NZ_CP073773.1,193176,≥100 kb,tRNA-,9.0,1.0
NZ_CP073774.1,44286,<100 kb,tRNA-,6.0,0.8450980400142568
NZ_CP073775.1,3223,<100 kb,tRNA-,1.0,0.3010299956639812
NZ_CP077207.1,298988,≥100 kb,tRNA-,14.0,1.1760912590556813
NZ_CP077208.1,14816,<100 kb,tRNA-,1.0,0.3010299956639812
NZ_CP077309.1,606597,≥100 kb,tRNA+,1.0,0.3010299956639812
NZ_CP077413.1,78021,<100 kb,tRNA-,19.0,1.3010299956639813
NZ_CP079936.1,264084,≥100 kb,tRNA-,17.0,1.255272505103306
NZ_CP079937.1,68610,<100 kb,tRNA-,7.0,0.9030899869919435
NZ_CP080109.1,139140,≥100 kb,tRNA-,3.0,0.6020599913279624
NZ_CP080108.1,332184,≥100 kb,tRNA-,19.0,1.3010299956639813
NZ_CP080110.1,34721,<100 kb,tRNA-,4.0,0.6989700043360189
NZ_CP080471.1,272385,≥100 kb,tRNA-,9.0,1.0
NZ_CP080472.1,64293,<100 kb,tRNA-,1.0,0.3010299956639812
NZ_CP080473.1,53378,<100 kb,tRNA-,6.0,0.8450980400142568
NZ_JAIEUD010000002.1,310893,≥100 kb,tRNA-,17.0,1.255272505103306
NZ_JAIEUD010000003.1,53097,<100 kb,tRNA-,4.0,0.6989700043360189
NZ_JAIEUD010000004.1,44091,<100 kb,tRNA-,3.0,0.6020599913279624
NZ_JAIEUE010000002.1,310113,≥100 kb,tRNA-,17.0,1.255272505103306
NZ_JAIEUE010000003.1,53094,<100 kb,tRNA-,6.0,0.8450980400142568
NZ_JAIEUE010000004.1,43226,<100 kb,tRNA-,4.0,0.6989700043360189
NZ_JAIEUB010000002.1,334517,≥100 kb,tRNA-,17.0,1.255272505103306
NZ_JAIEUB010000003.1,68758,<100 kb,tRNA-,1.0,0.3010299956639812
NZ_JAIEUB010000004.1,53097,<100 kb,tRNA-,4.0,0.6989700043360189
NZ_JAIEUG010000002.1,295898,≥100 kb,tRNA-,12.0,1.1139433523068367
NZ_JAIEUG010000004.1,53097,<100 kb,tRNA-,6.0,0.8450980400142568
NZ_JAIEUC010000002.1,310113,≥100 kb,tRNA-,17.0,1.255272505103306
NZ_JAIEUC010000003.1,53094,<100 kb,tRNA-,5.0,0.7781512503836436
NZ_JAIEUC010000004.1,43263,<100 kb,tRNA-,3.0,0.6020599913279624
NZ_JAIEUF010000002.1,294342,≥100 kb,tRNA-,17.0,1.255272505103306
NZ_JAIEUF010000003.1,53094,<100 kb,tRNA-,4.0,0.6989700043360189
NZ_JAIEUF010000004.1,43263,<100 kb,tRNA-,3.0,0.6020599913279624
NZ_CP082281.1,327672,≥100 kb,tRNA-,3.0,0.6020599913279624
NZ_CP074155.1,69715,<100 kb,tRNA-,2.0,0.47712125471966244
NZ_CP074179.1,243962,≥100 kb,tRNA-,1.0,0.3010299956639812
NZ_CP083621.1,298988,≥100 kb,tRNA-,14.0,1.1760912590556813
NZ_CP083642.1,298988,≥100 kb,tRNA-,14.0,1.1760912590556813
NZ_CP083644.1,298988,≥100 kb,tRNA-,14.0,1.1760912590556813
NZ_CP083711.1,70058,<100 kb,tRNA-,5.0,0.7781512503836436
NZ_CP084487.1,1681071,≥100 kb,tRNA+,6.0,0.8450980400142568
NZ_CP084488.1,1568420,≥100 kb,tRNA+,1.0,0.3010299956639812
NZ_CP085746.1,159360,≥100 kb,tRNA+,10.0,1.0413926851582251
NZ_CP085747.1,311760,≥100 kb,tRNA-,11.0,1.0791812460476249
NZ_CP085752.1,54956,<100 kb,tRNA-,6.0,0.8450980400142568
NZ_CP085755.1,289297,≥100 kb,tRNA-,20.0,1.3222192947339193
NZ_CP085756.1,55220,<100 kb,tRNA-,11.0,1.0791812460476249
NZ_CP085762.1,9402,<100 kb,tRNA-,1.0,0.3010299956639812
NZ_CP085763.1,171616,≥100 kb,tRNA+,11.0,1.0791812460476249
NZ_CP085773.1,294454,≥100 kb,tRNA-,10.0,1.0413926851582251
NZ_CP085778.1,343120,≥100 kb,tRNA-,13.0,1.146128035678238
NZ_CP085779.1,55220,<100 kb,tRNA-,7.0,0.9030899869919435
NZ_CP085781.1,107928,≥100 kb,tRNA-,3.0,0.6020599913279624
NZ_CP085783.1,134366,≥100 kb,tRNA-,8.0,0.9542425094393249
NZ_CP085784.1,37398,<100 kb,tRNA+,3.0,0.6020599913279624
NZ_CP090147.1,120041,≥100 kb,tRNA+,6.0,0.8450980400142568
NZ_CP090148.1,66276,<100 kb,tRNA-,2.0,0.47712125471966244
NZ_CP090193.1,114684,≥100 kb,tRNA+,3.0,0.6020599913279624
NZ_CP090194.1,66276,<100 kb,tRNA-,2.0,0.47712125471966244
NZ_CP090793.1,138733,≥100 kb,tRNA-,3.0,0.6020599913279624
NZ_CP090795.1,42568,<100 kb,tRNA-,3.0,0.6020599913279624
NZ_CP090797.1,41269,<100 kb,tRNA-,3.0,0.6020599913279624
NZ_CP090798.1,35530,<100 kb,tRNA-,5.0,0.7781512503836436
NZ_CP090910.1,148434,≥100 kb,tRNA+,7.0,0.9030899869919435
NZ_CP053570.1,55609,<100 kb,tRNA-,5.0,0.7781512503836436
NZ_CP053569.1,381054,≥100 kb,tRNA-,11.0,1.0791812460476249
NZ_CP071862.1,296468,≥100 kb,tRNA-,19.0,1.3010299956639813
NZ_CP071877.1,195884,≥100 kb,tRNA-,8.0,0.9542425094393249
NZ_CP091497.1,319000,≥100 kb,tRNA-,21.0,1.3424226808222062
NZ_CP091498.1,181169,≥100 kb,tRNA-,3.0,0.6020599913279624
NZ_CP091499.1,99480,<100 kb,tRNA-,4.0,0.6989700043360189
NZ_CP091493.1,362923,≥100 kb,tRNA-,19.0,1.3010299956639813
NZ_CP091487.1,316592,≥100 kb,tRNA-,19.0,1.3010299956639813
NZ_CP091488.1,165214,≥100 kb,tRNA-,2.0,0.47712125471966244
NZ_CP091489.1,114676,≥100 kb,tRNA-,3.0,0.6020599913279624
NZ_CP091491.1,99483,<100 kb,tRNA-,4.0,0.6989700043360189
NZ_CP091482.1,294412,≥100 kb,tRNA-,14.0,1.1760912590556813
NZ_CP066095.1,331870,≥100 kb,tRNA-,6.0,0.8450980400142568
NZ_CP066096.1,65160,<100 kb,tRNA-,8.0,0.9542425094393249
NZ_CP066097.1,55421,<100 kb,tRNA-,7.0,0.9030899869919435
NZ_CP066102.1,307472,≥100 kb,tRNA-,12.0,1.1139433523068367
NZ_CP066103.1,106698,≥100 kb,tRNA-,3.0,0.6020599913279624
NZ_CP066104.1,32990,<100 kb,tRNA-,3.0,0.6020599913279624
NZ_CP066109.1,303895,≥100 kb,tRNA-,12.0,1.1139433523068367
NZ_CP066110.1,106697,≥100 kb,tRNA-,3.0,0.6020599913279624
NZ_CP066111.1,33171,<100 kb,tRNA-,3.0,0.6020599913279624
NZ_CP092044.1,90827,<100 kb,tRNA-,2.0,0.47712125471966244
NZ_CP093155.1,159417,≥100 kb,tRNA-,1.0,0.3010299956639812
NZ_CP093156.1,63489,<100 kb,tRNA-,5.0,0.7781512503836436
NZ_CP083816.1,154756,≥100 kb,tRNA-,1.0,0.3010299956639812
NZ_CP083822.1,90256,<100 kb,tRNA-,13.0,1.146128035678238
NZ_CP083831.1,373545,≥100 kb,tRNA-,24.0,1.3979400086720377
NZ_CP083837.1,41874,<100 kb,tRNA-,4.0,0.6989700043360189
NZ_CP083839.1,5933,<100 kb,tRNA-,1.0,0.3010299956639812
NZ_CP083843.1,274805,≥100 kb,tRNA-,13.0,1.146128035678238
NZ_CP093915.1,266158,≥100 kb,tRNA-,17.0,1.255272505103306
NZ_CP093916.1,100852,≥100 kb,tRNA-,1.0,0.3010299956639812
NZ_CP095178.1,148937,≥100 kb,tRNA-,13.0,1.146128035678238
NZ_CP088223.1,277693,≥100 kb,tRNA-,14.0,1.1760912590556813
NZ_CP088226.1,53378,<100 kb,tRNA-,4.0,0.6989700043360189
NZ_CP088228.1,64293,<100 kb,tRNA-,1.0,0.3010299956639812
NZ_CP053645.1,295898,≥100 kb,tRNA-,14.0,1.1760912590556813
NZ_CP053646.1,53096,<100 kb,tRNA-,5.0,0.7781512503836436
NZ_CP053648.1,79223,<100 kb,tRNA+,7.0,0.9030899869919435
NZ_AP025765.1,369315,≥100 kb,tRNA-,9.0,1.0
NZ_AP025766.1,119426,≥100 kb,tRNA+,2.0,0.47712125471966244
NZ_AP025771.1,112488,≥100 kb,tRNA+,2.0,0.47712125471966244
NZ_AP025768.1,369315,≥100 kb,tRNA-,9.0,1.0
NZ_AP025769.1,119425,≥100 kb,tRNA+,3.0,0.6020599913279624
NZ_AP025773.1,366446,≥100 kb,tRNA-,9.0,1.0
NZ_AP025775.1,368394,≥100 kb,tRNA-,9.0,1.0
NZ_AP025776.1,120254,≥100 kb,tRNA+,2.0,0.47712125471966244
NZ_AP025778.1,369681,≥100 kb,tRNA-,8.0,0.9542425094393249
NZ_AP025779.1,112494,≥100 kb,tRNA+,2.0,0.47712125471966244
NZ_AP025781.1,366446,≥100 kb,tRNA-,9.0,1.0
NZ_AP025783.1,369119,≥100 kb,tRNA-,9.0,1.0
NZ_AP025785.1,369656,≥100 kb,tRNA-,9.0,1.0
NZ_AP025788.1,366427,≥100 kb,tRNA-,9.0,1.0
NZ_AP025791.1,366443,≥100 kb,tRNA-,9.0,1.0
NZ_AP025793.1,368905,≥100 kb,tRNA-,8.0,0.9542425094393249
NZ_AP025794.1,112496,≥100 kb,tRNA+,2.0,0.47712125471966244
NZ_AP025796.1,366446,≥100 kb,tRNA-,9.0,1.0
NZ_AP025798.1,366446,≥100 kb,tRNA-,9.0,1.0
NZ_AP025800.1,368921,≥100 kb,tRNA-,8.0,0.9542425094393249
NZ_AP025802.1,371011,≥100 kb,tRNA-,9.0,1.0
NZ_AP025805.1,370206,≥100 kb,tRNA-,8.0,0.9542425094393249
NZ_AP025806.1,115150,≥100 kb,tRNA+,3.0,0.6020599913279624
NZ_AP025808.1,371011,≥100 kb,tRNA-,9.0,1.0
NZ_AP025811.1,370259,≥100 kb,tRNA-,8.0,0.9542425094393249
NZ_AP025813.1,368488,≥100 kb,tRNA-,9.0,1.0
NZ_AP025814.1,119411,≥100 kb,tRNA+,2.0,0.47712125471966244
NZ_AP025816.1,371011,≥100 kb,tRNA-,9.0,1.0
NZ_AP025819.1,369673,≥100 kb,tRNA-,9.0,1.0
NZ_AP025823.1,115143,≥100 kb,tRNA+,2.0,0.47712125471966244
NZ_AP025822.1,365536,≥100 kb,tRNA-,9.0,1.0
NZ_AP025825.1,112484,≥100 kb,tRNA+,2.0,0.47712125471966244
NZ_AP025828.1,370120,≥100 kb,tRNA-,8.0,0.9542425094393249
NZ_AP025829.1,112496,≥100 kb,tRNA+,2.0,0.47712125471966244
NZ_AP025831.1,371458,≥100 kb,tRNA-,8.0,0.9542425094393249
NZ_AP025832.1,113823,≥100 kb,tRNA+,2.0,0.47712125471966244
NZ_AP025834.1,314238,≥100 kb,tRNA-,7.0,0.9030899869919435
NZ_AP025835.1,112496,≥100 kb,tRNA+,2.0,0.47712125471966244
NZ_AP025840.1,372780,≥100 kb,tRNA-,8.0,0.9542425094393249
NZ_AP025841.1,113823,≥100 kb,tRNA+,2.0,0.47712125471966244
NZ_AP025848.1,366678,≥100 kb,tRNA-,9.0,1.0
NZ_AP025852.1,366678,≥100 kb,tRNA-,9.0,1.0
NZ_AP025856.1,356500,≥100 kb,tRNA-,9.0,1.0
NZ_AP025860.1,366190,≥100 kb,tRNA-,9.0,1.0
NZ_AP025864.1,357953,≥100 kb,tRNA-,9.0,1.0
NZ_AP025868.1,353133,≥100 kb,tRNA-,9.0,1.0
NZ_AP025872.1,360179,≥100 kb,tRNA-,9.0,1.0
NZ_AP025876.1,377359,≥100 kb,tRNA-,9.0,1.0
NZ_AP025880.1,376245,≥100 kb,tRNA-,9.0,1.0
NZ_AP025884.1,357920,≥100 kb,tRNA-,9.0,1.0
NZ_AP025888.1,363269,≥100 kb,tRNA-,9.0,1.0
NZ_AP025892.1,340703,≥100 kb,tRNA-,9.0,1.0
NZ_AP025896.1,370561,≥100 kb,tRNA-,9.0,1.0
NZ_AP025900.1,378453,≥100 kb,tRNA-,9.0,1.0
NZ_AP025904.1,367582,≥100 kb,tRNA-,9.0,1.0
NZ_AP025908.1,363272,≥100 kb,tRNA-,9.0,1.0
NZ_AP025912.1,377359,≥100 kb,tRNA-,9.0,1.0
NZ_AP025916.1,367018,≥100 kb,tRNA-,9.0,1.0
NZ_AP025920.1,372129,≥100 kb,tRNA-,9.0,1.0
NZ_AP025924.1,351318,≥100 kb,tRNA-,9.0,1.0
NZ_AP025928.1,378133,≥100 kb,tRNA-,9.0,1.0
NZ_AP025932.1,367527,≥100 kb,tRNA-,9.0,1.0
NZ_CP098779.1,295136,≥100 kb,tRNA-,16.0,1.2304489213782739
NZ_CP098781.1,52492,<100 kb,tRNA-,4.0,0.6989700043360189
NZ_CP098808.1,1753114,≥100 kb,tRNA+,6.0,0.8450980400142568
NZ_CP098809.1,1701077,≥100 kb,tRNA+,1.0,0.3010299956639812
NZ_CP092636.1,45279,<100 kb,tRNA-,2.0,0.47712125471966244
NZ_CP101518.1,1781172,≥100 kb,tRNA+,6.0,0.8450980400142568
NZ_CP101519.1,1586769,≥100 kb,tRNA+,1.0,0.3010299956639812
NZ_CP103752.1,246522,≥100 kb,tRNA-,12.0,1.1139433523068367
NZ_CP104210.1,10226,<100 kb,tRNA-,2.0,0.47712125471966244
NZ_CP104212.1,20509,<100 kb,tRNA-,3.0,0.6020599913279624
NZ_CP104838.1,189847,≥100 kb,tRNA-,1.0,0.3010299956639812
NZ_CP104839.1,10802,<100 kb,tRNA-,1.0,0.3010299956639812
NZ_CP104842.1,209995,≥100 kb,tRNA-,8.0,0.9542425094393249
NZ_CP117725.1,33750,<100 kb,tRNA-,5.0,0.7781512503836436
NZ_CP118611.1,2779603,≥100 kb,tRNA+,4.0,0.6989700043360189
NZ_CP121309.1,1736931,≥100 kb,tRNA+,6.0,0.8450980400142568
NZ_CP121310.1,1459375,≥100 kb,tRNA+,1.0,0.3010299956639812
NZ_CP106832.1,9969,<100 kb,tRNA-,1.0,0.3010299956639812
NZ_CP109698.1,303280,≥100 kb,tRNA-,10.0,1.0413926851582251
NZ_CP109696.1,49518,<100 kb,tRNA-,5.0,0.7781512503836436
NZ_CP109695.1,48547,<100 kb,tRNA-,1.0,0.3010299956639812
NZ_CP129508.1,26050,<100 kb,tRNA-,6.0,0.8450980400142568
NZ_CP129499.1,299792,≥100 kb,tRNA-,23.0,1.380211241711606
NZ_CP129515.1,138894,≥100 kb,tRNA+,9.0,1.0
NZ_CP129516.1,165059,≥100 kb,tRNA-,2.0,0.47712125471966244
NZ_CP129956.1,210967,≥100 kb,tRNA-,4.0,0.6989700043360189
NZ_CP133348.1,32474,<100 kb,tRNA-,4.0,0.6989700043360189
NZ_CP133353.1,46716,<100 kb,tRNA-,3.0,0.6020599913279624
NZ_CP110987.1,95278,<100 kb,tRNA-,2.0,0.47712125471966244
NZ_CP133864.1,63588,<100 kb,tRNA-,2.0,0.47712125471966244
NZ_CP135262.1,179424,≥100 kb,tRNA-,15.0,1.2041199826559248
NZ_CP135476.1,99166,<100 kb,tRNA-,17.0,1.255272505103306
NZ_CP135479.1,36674,<100 kb,tRNA-,4.0,0.6989700043360189
NZ_CP135500.1,111340,≥100 kb,tRNA-,5.0,0.7781512503836436
NZ_CP135501.1,55403,<100 kb,tRNA-,7.0,0.9030899869919435
NZ_AP028421.1,98730,<100 kb,tRNA-,2.0,0.47712125471966244
NZ_CP138442.1,258558,≥100 kb,tRNA-,14.0,1.1760912590556813
NZ_CP110100.1,81022,<100 kb,tRNA-,4.0,0.6989700043360189
NZ_CP115981.1,310156,≥100 kb,tRNA-,13.0,1.146128035678238
NZ_CP097174.1,254316,≥100 kb,tRNA-,15.0,1.2041199826559248
NZ_CP162151.1,168373,≥100 kb,tRNA-,4.0,0.6989700043360189
NZ_CP163008.1,326065,≥100 kb,tRNA-,7.0,0.9030899869919435
NZ_CP163009.1,47472,<100 kb,tRNA-,3.0,0.6020599913279624
NZ_CP163010.1,5933,<100 kb,tRNA-,1.0,0.3010299956639812
NZ_AP029017.1,132644,≥100 kb,tRNA-,1.0,0.3010299956639812
NZ_CP168398.1,2274007,≥100 kb,tRNA+,5.0,0.7781512503836436
NZ_CP154354.1,279243,≥100 kb,tRNA-,15.0,1.2041199826559248
NZ_CP154355.1,94146,<100 kb,tRNA-,4.0,0.6989700043360189
NZ_CP154356.1,87128,<100 kb,tRNA-,4.0,0.6989700043360189
NZ_CP154357.1,5357,<100 kb,tRNA-,2.0,0.47712125471966244
NZ_CP154358.1,5281,<100 kb,tRNA-,2.0,0.47712125471966244
NZ_CP170159.1,1003692,≥100 kb,tRNA+,3.0,0.6020599913279624
NZ_CP143674.1,103536,≥100 kb,tRNA-,1.0,0.3010299956639812
NZ_CP143772.1,110461,≥100 kb,tRNA-,9.0,1.0
NZ_CP143773.1,64722,<100 kb,tRNA-,2.0,0.47712125471966244
NZ_CP148004.1,190640,≥100 kb,tRNA-,5.0,0.7781512503836436
NZ_CP120869.1,86135,<100 kb,tRNA-,1.0,0.3010299956639812
NZ_CP120868.1,95257,<100 kb,tRNA-,4.0,0.6989700043360189
NZ_CP108785.1,5731424,≥100 kb,tRNA+,8.0,0.9542425094393249
NZ_CP135254.1,127537,≥100 kb,tRNA-,4.0,0.6989700043360189
NZ_CP135255.1,85101,<100 kb,tRNA-,19.0,1.3010299956639813
NZ_CP135256.1,77383,<100 kb,tRNA-,7.0,0.9030899869919435
NZ_CP108777.1,3133398,≥100 kb,tRNA+,7.0,0.9030899869919435
NZ_CP187098.1,154551,≥100 kb,tRNA-,1.0,0.3010299956639812
NZ_LT991958.1,299117,≥100 kb,tRNA-,18.0,1.2787536009528289
NZ_LT991959.1,142732,≥100 kb,tRNA-,3.0,0.6020599913279624
NZ_OW968330.1,63589,<100 kb,tRNA-,2.0,0.47712125471966244
NZ_CP008899.1,255013,≥100 kb,tRNA-,5.0,0.7781512503836436
NZ_CP008901.1,50333,<100 kb,tRNA-,1.0,0.3010299956639812
NZ_CP008908.1,50333,<100 kb,tRNA-,1.0,0.3010299956639812
NZ_CP010363.1,139941,≥100 kb,tRNA-,13.0,1.146128035678238
NZ_CP012163.1,109753,≥100 kb,tRNA-,13.0,1.146128035678238
NZ_CP010383.2,106410,≥100 kb,tRNA-,3.0,0.6020599913279624
NZ_CP012169.1,210894,≥100 kb,tRNA+,8.0,0.9542425094393249
NZ_CP012168.1,239973,≥100 kb,tRNA-,18.0,1.2787536009528289
NZ_CP012170.1,263138,≥100 kb,tRNA-,18.0,1.2787536009528289
NZ_CP010374.1,43621,<100 kb,tRNA-,3.0,0.6020599913279624
NZ_CP010379.1,43621,<100 kb,tRNA-,7.0,0.9030899869919435
NZ_CP010378.1,59134,<100 kb,tRNA-,3.0,0.6020599913279624
NZ_CP010385.1,106698,≥100 kb,tRNA-,3.0,0.6020599913279624
NZ_CP010387.1,43500,<100 kb,tRNA-,3.0,0.6020599913279624
NZ_CP019513.1,66602,<100 kb,tRNA-,3.0,0.6020599913279624
NZ_CP019514.1,65920,<100 kb,tRNA-,8.0,0.9542425094393249
NZ_CP022150.1,63458,<100 kb,tRNA-,2.0,0.47712125471966244
NZ_CP024813.1,298989,≥100 kb,tRNA-,14.0,1.1760912590556813
NZ_CP028286.1,103690,≥100 kb,tRNA-,5.0,0.7781512503836436
NZ_CP027144.1,328871,≥100 kb,tRNA-,14.0,1.1760912590556813
NZ_CP027143.1,51949,<100 kb,tRNA-,5.0,0.7781512503836436
NZ_CP029248.1,354256,≥100 kb,tRNA-,14.0,1.1760912590556813
NZ_CP024910.1,351806,≥100 kb,tRNA-,14.0,1.1760912590556813
NZ_CP043343.1,135627,≥100 kb,tRNA-,1.0,0.3010299956639812
NZ_CP032740.1,91960,<100 kb,tRNA-,12.0,1.1139433523068367
NZ_CP032893.1,156442,≥100 kb,tRNA+,4.0,0.6989700043360189
NZ_CP032895.1,43125,<100 kb,tRNA-,4.0,0.6989700043360189
NZ_CP032896.1,9639,<100 kb,tRNA-,1.0,0.3010299956639812
NZ_CP043383.1,85718,<100 kb,tRNA-,8.0,0.9542425094393249
NZ_CP034768.1,125786,≥100 kb,tRNA-,1.0,0.3010299956639812
NZ_CP034168.1,87704,<100 kb,tRNA-,6.0,0.8450980400142568
NZ_AP019635.1,150509,≥100 kb,tRNA-,2.0,0.47712125471966244
NZ_CP041734.1,276520,≥100 kb,tRNA-,15.0,1.2041199826559248
NZ_CP043516.1,56515,<100 kb,tRNA-,7.0,0.9030899869919435
NZ_CP042579.1,275807,≥100 kb,tRNA-,9.0,1.0
NZ_CP042580.1,82010,<100 kb,tRNA-,11.0,1.0791812460476249
NZ_CP042581.1,44630,<100 kb,tRNA-,7.0,0.9030899869919435
NZ_CP034755.1,160216,≥100 kb,tRNA-,16.0,1.2304489213782739
NZ_CP034756.1,108486,≥100 kb,tRNA-,5.0,0.7781512503836436
NZ_AP019818.1,136816,≥100 kb,tRNA-,9.0,1.0
NZ_AP019819.1,115150,≥100 kb,tRNA+,3.0,0.6020599913279624
NZ_CP050075.1,109956,≥100 kb,tRNA-,7.0,0.9030899869919435
NZ_CP050076.1,26685,<100 kb,tRNA-,1.0,0.3010299956639812
NZ_CP059482.1,12808,<100 kb,tRNA-,1.0,0.3010299956639812
NZ_CP059480.1,165722,≥100 kb,tRNA-,15.0,1.2041199826559248
NZ_CP060734.1,108025,≥100 kb,tRNA-,2.0,0.47712125471966244
NZ_CP060738.1,100102,≥100 kb,tRNA-,10.0,1.0413926851582251
NZ_CP060739.1,27019,<100 kb,tRNA-,3.0,0.6020599913279624
NZ_CP048651.1,161986,≥100 kb,tRNA-,1.0,0.3010299956639812
NZ_CP053104.1,149802,≥100 kb,tRNA-,1.0,0.3010299956639812
NZ_CP053105.1,77651,<100 kb,tRNA-,8.0,0.9542425094393249
NZ_CP053106.1,8382,<100 kb,tRNA-,2.0,0.47712125471966244
NZ_AP022432.1,159829,≥100 kb,tRNA-,1.0,0.3010299956639812
NZ_AP022433.1,100655,≥100 kb,tRNA-,5.0,0.7781512503836436
NZ_AP022435.1,56044,<100 kb,tRNA-,2.0,0.47712125471966244
NZ_AP022449.1,38551,<100 kb,tRNA-,4.0,0.6989700043360189
NZ_AP022466.1,324199,≥100 kb,tRNA+,1.0,0.3010299956639812
NZ_AP022467.1,33421,<100 kb,tRNA-,5.0,0.7781512503836436
NZ_AP022501.1,97602,<100 kb,tRNA-,5.0,0.7781512503836436
NZ_CP063225.1,336282,≥100 kb,tRNA-,7.0,0.9030899869919435
NZ_CP063227.1,65061,<100 kb,tRNA-,10.0,1.0413926851582251
NZ_CP061802.1,192279,≥100 kb,tRNA-,10.0,1.0413926851582251
NZ_CP068124.1,45244,<100 kb,tRNA-,6.0,0.8450980400142568
NZ_CP068125.1,32649,<100 kb,tRNA-,7.0,0.9030899869919435
NZ_AP023448.1,272108,≥100 kb,tRNA-,5.0,0.7781512503836436
NZ_AP023449.1,244996,≥100 kb,tRNA-,1.0,0.3010299956639812
NZ_AP023450.1,40698,<100 kb,tRNA-,5.0,0.7781512503836436
NZ_CP072962.1,423968,≥100 kb,tRNA-,25.0,1.414973347970818
NZ_CP072963.1,199350,≥100 kb,tRNA-,6.0,0.8450980400142568
NZ_CP072966.1,3223,<100 kb,tRNA-,1.0,0.3010299956639812
NZ_CP072946.1,417086,≥100 kb,tRNA-,12.0,1.1139433523068367
NZ_CP072954.1,241263,≥100 kb,tRNA-,12.0,1.1139433523068367
NZ_CP072971.1,342015,≥100 kb,tRNA-,14.0,1.1760912590556813
NZ_CP116250.1,195008,≥100 kb,tRNA-,1.0,0.3010299956639812
NZ_CP049291.1,182177,≥100 kb,tRNA-,23.0,1.380211241711606
NZ_CP074152.1,73531,<100 kb,tRNA-,2.0,0.47712125471966244
NZ_CP074160.1,191037,≥100 kb,tRNA-,1.0,0.3010299956639812
NZ_CP074171.1,221552,≥100 kb,tRNA-,11.0,1.0791812460476249
NZ_CP086202.1,125002,≥100 kb,tRNA-,3.0,0.6020599913279624
NZ_CP091320.1,275976,≥100 kb,tRNA-,7.0,0.9030899869919435
NZ_CP091321.1,123729,≥100 kb,tRNA-,5.0,0.7781512503836436
NZ_CP091322.1,113857,≥100 kb,tRNA-,7.0,0.9030899869919435
NZ_CP091324.1,5651,<100 kb,tRNA-,1.0,0.3010299956639812
NZ_CP066554.1,266565,≥100 kb,tRNA-,5.0,0.7781512503836436
NZ_CP094842.1,145699,≥100 kb,tRNA-,1.0,0.3010299956639812
NZ_CP094843.1,210249,≥100 kb,tRNA-,1.0,0.3010299956639812
NZ_CP083820.1,94721,<100 kb,tRNA-,1.0,0.3010299956639812
NZ_CP083829.1,130391,≥100 kb,tRNA-,1.0,0.3010299956639812
NZ_CP083850.1,283626,≥100 kb,tRNA-,11.0,1.0791812460476249
NZ_CP083854.1,297683,≥100 kb,tRNA-,15.0,1.2041199826559248
NZ_CP083855.1,64408,<100 kb,tRNA-,7.0,0.9030899869919435
NZ_CP083858.1,248708,≥100 kb,tRNA-,4.0,0.6989700043360189
NZ_CP083863.1,276053,≥100 kb,tRNA-,19.0,1.3010299956639813
NZ_CP083864.1,55862,<100 kb,tRNA-,6.0,0.8450980400142568
NZ_CP083865.1,17041,<100 kb,tRNA-,2.0,0.47712125471966244
NZ_CP088204.1,21849,<100 kb,tRNA-,2.0,0.47712125471966244
NZ_CP088205.1,9175,<100 kb,tRNA-,1.0,0.3010299956639812
NZ_CP095166.1,309997,≥100 kb,tRNA-,17.0,1.255272505103306
NZ_CP095167.1,89168,<100 kb,tRNA-,1.0,0.3010299956639812
NZ_CP095171.1,136140,≥100 kb,tRNA-,7.0,0.9030899869919435
NZ_CP095181.1,201356,≥100 kb,tRNA-,1.0,0.3010299956639812
NZ_CP088230.1,137379,≥100 kb,tRNA-,1.0,0.3010299956639812
NZ_CP088232.1,54035,<100 kb,tRNA-,4.0,0.6989700043360189
NZ_CP091084.1,34729,<100 kb,tRNA-,1.0,0.3010299956639812
NZ_CP053693.1,274120,≥100 kb,tRNA-,9.0,1.0
NZ_CP053694.1,53096,<100 kb,tRNA-,6.0,0.8450980400142568
NZ_CP053696.1,79223,<100 kb,tRNA+,7.0,0.9030899869919435
NZ_AP025838.1,113823,≥100 kb,tRNA+,2.0,0.47712125471966244
NZ_AP025837.1,373995,≥100 kb,tRNA-,7.0,0.9030899869919435
NZ_AP025843.1,366634,≥100 kb,tRNA-,9.0,1.0
NZ_CP097343.1,307415,≥100 kb,tRNA-,22.0,1.3617278360175928
NZ_CP097344.1,79326,<100 kb,tRNA-,20.0,1.3222192947339193
NZ_CP097345.1,63589,<100 kb,tRNA-,2.0,0.47712125471966244
NZ_CP103643.1,188203,≥100 kb,tRNA-,6.0,0.8450980400142568
NZ_CP103680.1,361069,≥100 kb,tRNA+,11.0,1.0791812460476249
NZ_CP103684.1,398127,≥100 kb,tRNA+,25.0,1.414973347970818
NZ_CP103723.1,105371,≥100 kb,tRNA-,1.0,0.3010299956639812
NZ_CP098487.1,49381,<100 kb,tRNA-,3.0,0.6020599913279624
NZ_CP098488.1,57389,<100 kb,tRNA-,5.0,0.7781512503836436
NZ_CP104468.1,206102,≥100 kb,tRNA-,19.0,1.3010299956639813
NZ_CP104690.2,51479,<100 kb,tRNA-,2.0,0.47712125471966244
NZ_CP104693.1,52053,<100 kb,tRNA-,1.0,0.3010299956639812
NZ_CP104726.1,109375,≥100 kb,tRNA-,3.0,0.6020599913279624
NZ_CP104977.1,93864,<100 kb,tRNA-,2.0,0.47712125471966244
NZ_AP026874.1,139510,≥100 kb,tRNA-,1.0,0.3010299956639812
NZ_CP110355.1,286232,≥100 kb,tRNA-,15.0,1.2041199826559248
NZ_CP110358.1,42848,<100 kb,tRNA-,4.0,0.6989700043360189
NZ_CP095279.1,64939,<100 kb,tRNA-,4.0,0.6989700043360189
NZ_CP110880.1,42506,<100 kb,tRNA-,4.0,0.6989700043360189
NZ_CP110882.1,9639,<100 kb,tRNA-,1.0,0.3010299956639812
NZ_CP110881.1,118766,≥100 kb,tRNA-,1.0,0.3010299956639812
NZ_CP110879.1,282472,≥100 kb,tRNA-,4.0,0.6989700043360189
NZ_CP114573.1,39461,<100 kb,tRNA-,5.0,0.7781512503836436
NZ_CP114574.1,308217,≥100 kb,tRNA-,18.0,1.2787536009528289
NZ_CP114575.1,53769,<100 kb,tRNA-,5.0,0.7781512503836436
NZ_CP096924.1,55933,<100 kb,tRNA-,3.0,0.6020599913279624
NZ_CP075346.1,94151,<100 kb,tRNA-,9.0,1.0
NZ_CP115675.1,76541,<100 kb,tRNA-,12.0,1.1139433523068367
NZ_CP115677.1,4911,<100 kb,tRNA-,1.0,0.3010299956639812
NZ_CP115691.1,76313,<100 kb,tRNA-,7.0,0.9030899869919435
NZ_CP115698.1,76537,<100 kb,tRNA-,12.0,1.1139433523068367
NZ_CP116029.1,3425,<100 kb,tRNA-,1.0,0.3010299956639812
NZ_CP116027.1,72201,<100 kb,tRNA-,1.0,0.3010299956639812
NZ_CP116030.1,70094,<100 kb,tRNA-,6.0,0.8450980400142568
NZ_CP116031.1,12478,<100 kb,tRNA-,9.0,1.0
NZ_CP116348.1,296144,≥100 kb,tRNA-,5.0,0.7781512503836436
NZ_CP116349.1,133594,≥100 kb,tRNA-,2.0,0.47712125471966244
NZ_CP116582.1,23710,<100 kb,tRNA-,4.0,0.6989700043360189
NZ_CP116584.1,38374,<100 kb,tRNA-,5.0,0.7781512503836436
NZ_CP116585.1,11589,<100 kb,tRNA-,2.0,0.47712125471966244
NZ_CP116580.1,27897,<100 kb,tRNA-,5.0,0.7781512503836436
NZ_CP117751.1,310787,≥100 kb,tRNA-,14.0,1.1760912590556813
NZ_CP117752.1,113105,≥100 kb,tRNA-,4.0,0.6989700043360189
NZ_CP117753.1,49518,<100 kb,tRNA-,9.0,1.0
NZ_CP117757.1,3223,<100 kb,tRNA-,1.0,0.3010299956639812
NZ_CP117992.1,45048,<100 kb,tRNA-,3.0,0.6020599913279624
NZ_CP117991.1,71966,<100 kb,tRNA-,7.0,0.9030899869919435
NZ_CP115151.1,200030,≥100 kb,tRNA-,9.0,1.0
NZ_CP118386.1,12166,<100 kb,tRNA-,4.0,0.6989700043360189
NZ_CP118568.1,315525,≥100 kb,tRNA-,19.0,1.3010299956639813
NZ_CP181509.1,122595,≥100 kb,tRNA+,4.0,0.6989700043360189
NZ_CP181511.1,76978,<100 kb,tRNA-,5.0,0.7781512503836436
NZ_CP181521.1,122595,≥100 kb,tRNA+,4.0,0.6989700043360189
NZ_CP181522.1,76978,<100 kb,tRNA-,5.0,0.7781512503836436
NZ_CP181523.1,9923,<100 kb,tRNA-,2.0,0.47712125471966244
NZ_CP181525.1,122595,≥100 kb,tRNA+,4.0,0.6989700043360189
NZ_CP181526.1,96057,<100 kb,tRNA-,4.0,0.6989700043360189
NZ_CP181528.1,9923,<100 kb,tRNA-,2.0,0.47712125471966244
NZ_CP181529.1,3223,<100 kb,tRNA-,1.0,0.3010299956639812
NZ_CP181514.1,122595,≥100 kb,tRNA+,4.0,0.6989700043360189
NZ_CP181516.1,76978,<100 kb,tRNA-,5.0,0.7781512503836436
NZ_CP181517.1,9923,<100 kb,tRNA-,2.0,0.47712125471966244
NZ_CP181501.1,123423,≥100 kb,tRNA+,4.0,0.6989700043360189
NZ_CP181506.1,76951,<100 kb,tRNA-,5.0,0.7781512503836436
NZ_CP120522.1,62568,<100 kb,tRNA-,1.0,0.3010299956639812
NZ_CP122402.1,53602,<100 kb,tRNA-,5.0,0.7781512503836436
NZ_CP122443.1,129863,≥100 kb,tRNA-,1.0,0.3010299956639812
NZ_CP124124.1,75314,<100 kb,tRNA-,12.0,1.1139433523068367
NZ_CP112981.1,322721,≥100 kb,tRNA-,12.0,1.1139433523068367
NZ_CP109730.1,256678,≥100 kb,tRNA-,11.0,1.0791812460476249
NZ_CP109728.1,49515,<100 kb,tRNA-,5.0,0.7781512503836436
NZ_CP109754.1,53187,<100 kb,tRNA-,9.0,1.0
NZ_CP106895.1,262065,≥100 kb,tRNA-,11.0,1.0791812460476249
NZ_CP106896.1,156088,≥100 kb,tRNA-,14.0,1.1760912590556813
NZ_CP128619.1,125908,≥100 kb,tRNA-,1.0,0.3010299956639812
NZ_CP129251.1,217745,≥100 kb,tRNA+,16.0,1.2304489213782739
NZ_CP129637.1,61054,<100 kb,tRNA-,2.0,0.47712125471966244
NZ_CP131963.1,51479,<100 kb,tRNA-,3.0,0.6020599913279624
NZ_CP132000.1,117297,≥100 kb,tRNA-,1.0,0.3010299956639812
NZ_CP131999.1,219569,≥100 kb,tRNA-,7.0,0.9030899869919435
NZ_CP126825.1,248661,≥100 kb,tRNA-,9.0,1.0
NZ_CP126826.1,63589,<100 kb,tRNA-,2.0,0.47712125471966244
NZ_CP126816.1,248621,≥100 kb,tRNA-,9.0,1.0
NZ_CP126817.1,63589,<100 kb,tRNA-,2.0,0.47712125471966244
NZ_CP126832.1,332043,≥100 kb,tRNA-,24.0,1.3979400086720377
NZ_CP126833.1,63589,<100 kb,tRNA-,2.0,0.47712125471966244
NZ_CP126838.1,335137,≥100 kb,tRNA-,27.0,1.4471580313422192
NZ_CP126839.1,202415,≥100 kb,tRNA-,7.0,0.9030899869919435
NZ_CP126840.1,63589,<100 kb,tRNA-,2.0,0.47712125471966244
NZ_CP126845.1,339654,≥100 kb,tRNA-,14.0,1.1760912590556813
NZ_CP126846.1,63589,<100 kb,tRNA-,2.0,0.47712125471966244
NZ_CP126848.1,339654,≥100 kb,tRNA-,14.0,1.1760912590556813
NZ_CP126849.1,63589,<100 kb,tRNA-,2.0,0.47712125471966244
NZ_CP126863.1,63589,<100 kb,tRNA-,2.0,0.47712125471966244
NZ_CP126865.1,112497,≥100 kb,tRNA+,2.0,0.47712125471966244
NZ_CP126866.1,109040,≥100 kb,tRNA-,3.0,0.6020599913279624
NZ_CP126868.1,9923,<100 kb,tRNA-,2.0,0.47712125471966244
NZ_CP126867.1,63589,<100 kb,tRNA-,2.0,0.47712125471966244
NZ_CP126870.1,153892,≥100 kb,tRNA+,15.0,1.2041199826559248
NZ_CP126874.1,184852,≥100 kb,tRNA+,15.0,1.2041199826559248
NZ_CP126877.1,63589,<100 kb,tRNA-,2.0,0.47712125471966244
NZ_CP126755.1,80070,<100 kb,tRNA+,6.0,0.8450980400142568
NZ_CP126754.1,143779,≥100 kb,tRNA+,9.0,1.0
NZ_CP126756.1,63589,<100 kb,tRNA-,2.0,0.47712125471966244
NZ_CP126759.1,80070,<100 kb,tRNA+,6.0,0.8450980400142568
NZ_CP126758.1,143779,≥100 kb,tRNA+,9.0,1.0
NZ_CP126760.1,63589,<100 kb,tRNA-,2.0,0.47712125471966244
NZ_CP126762.1,174893,≥100 kb,tRNA+,13.0,1.146128035678238
NZ_CP126763.1,66829,<100 kb,tRNA-,2.0,0.47712125471966244
NZ_CP126768.1,174866,≥100 kb,tRNA+,13.0,1.146128035678238
NZ_CP126769.1,72222,<100 kb,tRNA-,6.0,0.8450980400142568
NZ_CP126776.1,66217,<100 kb,tRNA-,2.0,0.47712125471966244
NZ_CP126879.1,186838,≥100 kb,tRNA-,9.0,1.0
NZ_CP126789.1,254111,≥100 kb,tRNA-,6.0,0.8450980400142568
NZ_CP126790.1,72224,<100 kb,tRNA-,6.0,0.8450980400142568
NZ_CP126793.1,154153,≥100 kb,tRNA-,15.0,1.2041199826559248
NZ_CP126794.1,64366,<100 kb,tRNA-,2.0,0.47712125471966244
NZ_CP126784.1,312992,≥100 kb,tRNA-,12.0,1.1139433523068367
NZ_CP126786.1,63589,<100 kb,tRNA-,2.0,0.47712125471966244
NZ_CP126799.1,339331,≥100 kb,tRNA-,18.0,1.2787536009528289
NZ_CP126800.1,109006,≥100 kb,tRNA-,4.0,0.6989700043360189
NZ_CP126801.1,63437,<100 kb,tRNA-,2.0,0.47712125471966244
NZ_CP126808.1,63589,<100 kb,tRNA-,2.0,0.47712125471966244
NZ_CP126809.1,61092,<100 kb,tRNA-,1.0,0.3010299956639812
NZ_CP126805.1,63570,<100 kb,tRNA-,2.0,0.47712125471966244
NZ_CP126812.1,248662,≥100 kb,tRNA-,9.0,1.0
NZ_CP126813.1,63589,<100 kb,tRNA-,2.0,0.47712125471966244
NZ_CP126820.1,249398,≥100 kb,tRNA-,9.0,1.0
NZ_CP126822.1,61092,<100 kb,tRNA-,1.0,0.3010299956639812
NZ_CP126821.1,63589,<100 kb,tRNA-,2.0,0.47712125471966244
NZ_CP126828.1,248621,≥100 kb,tRNA-,9.0,1.0
NZ_CP126829.1,63589,<100 kb,tRNA-,2.0,0.47712125471966244
NZ_CP126747.1,337447,≥100 kb,tRNA-,13.0,1.146128035678238
NZ_CP126749.1,63589,<100 kb,tRNA-,2.0,0.47712125471966244
NZ_CP114980.1,165063,≥100 kb,tRNA-,12.0,1.1139433523068367
NZ_CP114981.1,82723,<100 kb,tRNA-,1.0,0.3010299956639812
NZ_CP114982.1,51479,<100 kb,tRNA-,2.0,0.47712125471966244
NZ_CP114987.1,69933,<100 kb,tRNA-,4.0,0.6989700043360189
NZ_CP114988.1,51479,<100 kb,tRNA-,2.0,0.47712125471966244
NZ_CP114998.1,51479,<100 kb,tRNA-,2.0,0.47712125471966244
NZ_CP115001.1,283562,≥100 kb,tRNA-,16.0,1.2304489213782739
NZ_CP115002.1,51479,<100 kb,tRNA-,3.0,0.6020599913279624
NZ_CP115005.1,54232,<100 kb,tRNA-,3.0,0.6020599913279624
NZ_CP133337.1,334536,≥100 kb,tRNA-,22.0,1.3617278360175928
NZ_CP133338.1,148248,≥100 kb,tRNA-,6.0,0.8450980400142568
NZ_CP133343.1,292549,≥100 kb,tRNA-,21.0,1.3424226808222062
NZ_CP133344.1,54035,<100 kb,tRNA-,4.0,0.6989700043360189
NZ_CP138193.1,80926,<100 kb,tRNA-,1.0,0.3010299956639812
NZ_CP096850.1,373329,≥100 kb,tRNA+,6.0,0.8450980400142568
NZ_CP096851.1,108996,≥100 kb,tRNA-,5.0,0.7781512503836436
NZ_CP096852.1,103306,≥100 kb,tRNA-,9.0,1.0
NZ_CP140426.1,93281,<100 kb,tRNA-,13.0,1.146128035678238
NZ_CP140427.1,53664,<100 kb,tRNA-,8.0,0.9542425094393249
NZ_CP133857.1,299734,≥100 kb,tRNA-,13.0,1.146128035678238
NZ_CP126835.1,335135,≥100 kb,tRNA-,27.0,1.4471580313422192
NZ_CP126836.1,63589,<100 kb,tRNA-,2.0,0.47712125471966244
NZ_CP126842.1,235643,≥100 kb,tRNA-,17.0,1.255272505103306
NZ_CP126843.1,63589,<100 kb,tRNA-,2.0,0.47712125471966244
NZ_CP126852.1,110786,≥100 kb,tRNA-,5.0,0.7781512503836436
NZ_CP126851.1,171081,≥100 kb,tRNA-,18.0,1.2787536009528289
NZ_CP126853.1,97002,<100 kb,tRNA-,3.0,0.6020599913279624
NZ_CP126854.1,73571,<100 kb,tRNA-,4.0,0.6989700043360189
NZ_CP126780.1,63589,<100 kb,tRNA-,2.0,0.47712125471966244
NZ_CP135149.1,58662,<100 kb,tRNA-,6.0,0.8450980400142568
NZ_CP135277.1,178751,≥100 kb,tRNA-,1.0,0.3010299956639812
NZ_CP135279.1,61235,<100 kb,tRNA-,2.0,0.47712125471966244
NZ_CP135280.1,33304,<100 kb,tRNA-,1.0,0.3010299956639812
NZ_CP135281.1,24600,<100 kb,tRNA-,1.0,0.3010299956639812
NZ_CP135271.1,294358,≥100 kb,tRNA-,21.0,1.3424226808222062
NZ_CP135495.1,128121,≥100 kb,tRNA-,13.0,1.146128035678238
NZ_CP135496.1,61749,<100 kb,tRNA-,2.0,0.47712125471966244
NZ_CP135497.1,44829,<100 kb,tRNA-,8.0,0.9542425094393249
NZ_CP141538.1,360600,≥100 kb,tRNA-,11.0,1.0791812460476249
NZ_CP150012.1,281691,≥100 kb,tRNA-,16.0,1.2304489213782739
NZ_CP150013.1,56218,<100 kb,tRNA-,8.0,0.9542425094393249
NZ_CP150014.1,46956,<100 kb,tRNA-,4.0,0.6989700043360189
NZ_CP149842.1,193141,≥100 kb,tRNA-,9.0,1.0
NZ_CP144717.1,63589,<100 kb,tRNA-,2.0,0.47712125471966244
NZ_CP156937.1,112663,≥100 kb,tRNA-,13.0,1.146128035678238
NZ_CP157757.1,208077,≥100 kb,tRNA+,10.0,1.0413926851582251
NZ_CP157758.1,105076,≥100 kb,tRNA+,13.0,1.146128035678238
NZ_CP156945.1,357812,≥100 kb,tRNA-,8.0,0.9542425094393249
NZ_CP156944.1,173222,≥100 kb,tRNA-,2.0,0.47712125471966244
NZ_CP157340.1,74451,<100 kb,tRNA-,9.0,1.0
NZ_CP157231.1,160117,≥100 kb,tRNA-,3.0,0.6020599913279624
NZ_CP157232.1,53292,<100 kb,tRNA-,6.0,0.8450980400142568
NZ_CP157334.1,82010,<100 kb,tRNA-,11.0,1.0791812460476249
NZ_CP155693.1,45739,<100 kb,tRNA-,3.0,0.6020599913279624
NZ_CP157071.1,303940,≥100 kb,tRNA-,29.0,1.4771212547196624
NZ_CP138220.1,274807,≥100 kb,tRNA-,10.0,1.0413926851582251
NZ_CP138221.1,159720,≥100 kb,tRNA-,1.0,0.3010299956639812
NZ_CP163024.1,118596,≥100 kb,tRNA-,6.0,0.8450980400142568
NZ_CP163025.1,84508,<100 kb,tRNA-,14.0,1.1760912590556813
NZ_CP163027.1,41190,<100 kb,tRNA-,4.0,0.6989700043360189
NZ_CP163058.1,283368,≥100 kb,tRNA-,16.0,1.2304489213782739
NZ_CP163059.1,209307,≥100 kb,tRNA+,3.0,0.6020599913279624
NZ_CP163062.1,76307,<100 kb,tRNA-,6.0,0.8450980400142568
NZ_CP163063.1,41190,<100 kb,tRNA-,4.0,0.6989700043360189
NZ_CP163087.1,340404,≥100 kb,tRNA-,25.0,1.414973347970818
NZ_CP163088.1,41190,<100 kb,tRNA-,4.0,0.6989700043360189
NZ_CP163091.1,229103,≥100 kb,tRNA-,20.0,1.3222192947339193
NZ_CP163092.1,74041,<100 kb,tRNA-,2.0,0.47712125471966244
NZ_CP163093.1,64224,<100 kb,tRNA-,4.0,0.6989700043360189
NZ_CP163105.1,305730,≥100 kb,tRNA-,20.0,1.3222192947339193
NZ_CP163106.1,113823,≥100 kb,tRNA+,2.0,0.47712125471966244
NZ_CP163107.1,41190,<100 kb,tRNA-,4.0,0.6989700043360189
NZ_CP163110.1,318047,≥100 kb,tRNA-,25.0,1.414973347970818
NZ_CP163111.1,103430,≥100 kb,tRNA-,6.0,0.8450980400142568
NZ_CP163112.1,85718,<100 kb,tRNA-,8.0,0.9542425094393249
NZ_CP163113.1,69876,<100 kb,tRNA-,10.0,1.0413926851582251
NZ_CP163119.1,293479,≥100 kb,tRNA-,16.0,1.2304489213782739
NZ_CP169596.1,51479,<100 kb,tRNA-,2.0,0.47712125471966244
NZ_CP166902.1,115968,≥100 kb,tRNA+,3.0,0.6020599913279624
NZ_CP166904.1,66276,<100 kb,tRNA-,2.0,0.47712125471966244
NZ_CP166884.1,120041,≥100 kb,tRNA+,6.0,0.8450980400142568
NZ_CP166885.1,66276,<100 kb,tRNA-,2.0,0.47712125471966244
NZ_CP166889.1,124093,≥100 kb,tRNA+,6.0,0.8450980400142568
NZ_CP166890.1,66276,<100 kb,tRNA-,2.0,0.47712125471966244
NZ_CP166893.1,120041,≥100 kb,tRNA+,6.0,0.8450980400142568
NZ_CP166894.1,66276,<100 kb,tRNA-,2.0,0.47712125471966244
NZ_CP166978.1,267651,≥100 kb,tRNA-,17.0,1.255272505103306
NZ_CP166977.1,120041,≥100 kb,tRNA+,6.0,0.8450980400142568
NZ_CP174075.1,95513,<100 kb,tRNA-,3.0,0.6020599913279624
NZ_CP103410.1,82662,<100 kb,tRNA-,2.0,0.47712125471966244
NZ_CP171275.1,50809,<100 kb,tRNA-,4.0,0.6989700043360189
NZ_CP171276.1,41527,<100 kb,tRNA-,4.0,0.6989700043360189
NZ_CP143655.1,186789,≥100 kb,tRNA-,15.0,1.2041199826559248
NZ_CP143665.1,85512,<100 kb,tRNA-,1.0,0.3010299956639812
NZ_CP143661.1,116484,≥100 kb,tRNA-,9.0,1.0
NZ_CP143668.1,265031,≥100 kb,tRNA-,9.0,1.0
NZ_CP143670.1,106698,≥100 kb,tRNA-,3.0,0.6020599913279624
NZ_CP143683.1,121728,≥100 kb,tRNA-,4.0,0.6989700043360189
NZ_CP143689.1,192406,≥100 kb,tRNA-,9.0,1.0
NZ_CP143690.1,49879,<100 kb,tRNA-,5.0,0.7781512503836436
NZ_CP143692.1,99302,<100 kb,tRNA-,15.0,1.2041199826559248
NZ_CP143700.1,349274,≥100 kb,tRNA+,12.0,1.1139433523068367
NZ_CP143706.1,322705,≥100 kb,tRNA-,14.0,1.1760912590556813
NZ_CP143709.1,121368,≥100 kb,tRNA+,5.0,0.7781512503836436
NZ_CP143713.1,214319,≥100 kb,tRNA+,1.0,0.3010299956639812
NZ_CP143718.1,260184,≥100 kb,tRNA-,23.0,1.380211241711606
NZ_CP143721.1,105360,≥100 kb,tRNA-,16.0,1.2304489213782739
NZ_CP143730.1,120041,≥100 kb,tRNA+,6.0,0.8450980400142568
NZ_CP143742.1,120041,≥100 kb,tRNA+,6.0,0.8450980400142568
NZ_CP143750.1,127932,≥100 kb,tRNA-,13.0,1.146128035678238
NZ_CP143762.1,117958,≥100 kb,tRNA+,4.0,0.6989700043360189
NZ_CP143763.1,62614,<100 kb,tRNA-,11.0,1.0791812460476249
NZ_CP143768.1,362963,≥100 kb,tRNA-,28.0,1.462397997898956
NZ_CP143769.1,17041,<100 kb,tRNA-,2.0,0.47712125471966244
NZ_CP172060.1,231810,≥100 kb,tRNA-,9.0,1.0
NZ_CP148006.1,299265,≥100 kb,tRNA-,9.0,1.0
NZ_CP148007.1,169923,≥100 kb,tRNA-,2.0,0.47712125471966244
NZ_CP148010.1,366398,≥100 kb,tRNA-,9.0,1.0
NZ_CP148012.1,70594,<100 kb,tRNA-,3.0,0.6020599913279624
NZ_CP148017.1,76743,<100 kb,tRNA-,7.0,0.9030899869919435
NZ_CP136541.1,368849,≥100 kb,tRNA-,19.0,1.3010299956639813
NZ_CP136543.1,91898,<100 kb,tRNA-,5.0,0.7781512503836436
NZ_CP136546.1,356689,≥100 kb,tRNA-,19.0,1.3010299956639813
NZ_CP136547.1,135435,≥100 kb,tRNA+,11.0,1.0791812460476249
NZ_CP136548.1,63590,<100 kb,tRNA-,2.0,0.47712125471966244
NZ_CP173202.1,333561,≥100 kb,tRNA-,27.0,1.4471580313422192
NZ_CP173520.1,66546,<100 kb,tRNA-,5.0,0.7781512503836436
NZ_CP140494.1,94612,<100 kb,tRNA-,13.0,1.146128035678238
NZ_CP140495.1,53664,<100 kb,tRNA-,8.0,0.9542425094393249
NZ_AP038762.1,136976,≥100 kb,tRNA-,9.0,1.0
NZ_CP175626.1,289837,≥100 kb,tRNA-,16.0,1.2304489213782739
NZ_CP175627.1,87948,<100 kb,tRNA-,13.0,1.146128035678238
NZ_CP175628.1,51532,<100 kb,tRNA-,4.0,0.6989700043360189
NZ_CP175592.1,147597,≥100 kb,tRNA-,16.0,1.2304489213782739
NZ_CP175593.1,54035,<100 kb,tRNA-,5.0,0.7781512503836436
NZ_CP175630.1,110745,≥100 kb,tRNA-,11.0,1.0791812460476249
NZ_CP175631.1,132011,≥100 kb,tRNA-,10.0,1.0413926851582251
NZ_CP175632.1,296487,≥100 kb,tRNA-,15.0,1.2041199826559248
NZ_CP175597.1,87758,<100 kb,tRNA-,13.0,1.146128035678238
NZ_CP175599.1,71623,<100 kb,tRNA-,7.0,0.9030899869919435
NZ_CP175596.1,310876,≥100 kb,tRNA-,19.0,1.3010299956639813
NZ_JBKHUK010000003.1,108841,≥100 kb,tRNA-,5.0,0.7781512503836436
NZ_JBKHUK010000005.1,60389,<100 kb,tRNA-,6.0,0.8450980400142568
NZ_CP128636.1,130415,≥100 kb,tRNA-,1.0,0.3010299956639812
NZ_CP128630.1,130415,≥100 kb,tRNA-,1.0,0.3010299956639812
NZ_CP129987.1,9627,<100 kb,tRNA-,3.0,0.6020599913279624
NZ_CP129986.1,264946,≥100 kb,tRNA-,13.0,1.146128035678238
NZ_CP129985.1,278100,≥100 kb,tRNA-,15.0,1.2041199826559248
NZ_CP129989.1,301990,≥100 kb,tRNA-,16.0,1.2304489213782739
NZ_CP129990.1,274040,≥100 kb,tRNA-,16.0,1.2304489213782739
NZ_CP130334.1,317535,≥100 kb,tRNA-,37.0,1.5797835966168101
NZ_CP130606.1,326706,≥100 kb,tRNA-,25.0,1.414973347970818
NZ_CP133564.1,265719,≥100 kb,tRNA-,13.0,1.146128035678238
NZ_CP180193.1,63391,<100 kb,tRNA-,2.0,0.47712125471966244
NZ_CP181077.1,309605,≥100 kb,tRNA-,24.0,1.3979400086720377
NZ_CP188126.1,108160,≥100 kb,tRNA-,7.0,0.9030899869919435
NZ_CP182180.1,167112,≥100 kb,tRNA-,1.0,0.3010299956639812
NZ_CP183033.1,108022,≥100 kb,tRNA-,3.0,0.6020599913279624
NZ_CP183774.1,104898,≥100 kb,tRNA-,12.0,1.1139433523068367
NZ_CP183773.1,151497,≥100 kb,tRNA-,15.0,1.2041199826559248
NZ_CP183854.1,273897,≥100 kb,tRNA-,10.0,1.0413926851582251
NZ_CP183858.1,111403,≥100 kb,tRNA-,1.0,0.3010299956639812
NZ_CP183860.1,273897,≥100 kb,tRNA-,10.0,1.0413926851582251
NZ_CP183864.1,146213,≥100 kb,tRNA-,1.0,0.3010299956639812
NZ_CP183850.1,297690,≥100 kb,tRNA-,13.0,1.146128035678238
NZ_CP183852.1,122200,≥100 kb,tRNA+,8.0,0.9542425094393249
NZ_CP187103.1,146771,≥100 kb,tRNA-,1.0,0.3010299956639812
NZ_CP187108.1,118103,≥100 kb,tRNA-,1.0,0.3010299956639812
NZ_CP187180.1,273897,≥100 kb,tRNA-,10.0,1.0413926851582251
NZ_CP187185.1,111403,≥100 kb,tRNA-,1.0,0.3010299956639812
NZ_CP181844.1,9943,<100 kb,tRNA-,2.0,0.47712125471966244
NZ_CP181603.1,113575,≥100 kb,tRNA+,7.0,0.9030899869919435
NZ_CP181622.1,113576,≥100 kb,tRNA+,7.0,0.9030899869919435
NZ_CP182095.1,60795,<100 kb,tRNA-,7.0,0.9030899869919435
NZ_CP182042.1,105326,≥100 kb,tRNA-,14.0,1.1760912590556813
NZ_CP182043.1,48739,<100 kb,tRNA-,2.0,0.47712125471966244
NZ_CP182067.1,270435,≥100 kb,tRNA-,10.0,1.0413926851582251
NZ_CP189871.1,255043,≥100 kb,tRNA-,9.0,1.0
NZ_CP189886.1,81194,<100 kb,tRNA-,4.0,0.6989700043360189
NZ_CP189978.1,106698,≥100 kb,tRNA-,3.0,0.6020599913279624
NZ_CP189977.1,494411,≥100 kb,tRNA-,34.0,1.5440680443502757
NZ_CP192224.1,200458,≥100 kb,tRNA-,15.0,1.2041199826559248
NZ_LT991955.1,254277,≥100 kb,tRNA-,8.0,0.9542425094393249
NZ_LS999207.1,150302,≥100 kb,tRNA-,5.0,0.7781512503836436
NC_004669.1,66320,<100 kb,tRNA-,7.0,0.9030899869919435
NC_018222.1,12893,<100 kb,tRNA-,5.0,0.7781512503836436
NZ_CP041740.1,45436,<100 kb,tRNA-,8.0,0.9542425094393249
NZ_CP013996.1,49420,<100 kb,tRNA-,13.0,1.146128035678238
NZ_CP011830.1,38512,<100 kb,tRNA-,10.0,1.0413926851582251
NZ_CP011284.1,37865,<100 kb,tRNA-,15.0,1.2041199826559248
NZ_CP012431.1,44226,<100 kb,tRNA-,14.0,1.1760912590556813
NZ_CP012464.1,38586,<100 kb,tRNA-,15.0,1.2041199826559248
NZ_CP016166.1,48256,<100 kb,tRNA-,15.0,1.2041199826559248
NZ_CP014531.1,32423,<100 kb,tRNA-,4.0,0.6989700043360189
NZ_CP014535.1,65558,<100 kb,tRNA-,1.0,0.3010299956639812
NZ_CP018066.1,230049,≥100 kb,tRNA-,8.0,0.9542425094393249
NZ_CP018072.1,59226,<100 kb,tRNA-,13.0,1.146128035678238
NZ_CP018825.1,45240,<100 kb,tRNA-,15.0,1.2041199826559248
NZ_CP018831.1,46747,<100 kb,tRNA-,15.0,1.2041199826559248
NZ_CP019210.1,45501,<100 kb,tRNA-,13.0,1.146128035678238
NZ_CP019971.1,129683,≥100 kb,tRNA-,7.0,0.9030899869919435
NZ_CP019972.1,128951,≥100 kb,tRNA-,7.0,0.9030899869919435
NZ_CP019973.1,56285,<100 kb,tRNA-,7.0,0.9030899869919435
NZ_CP019993.1,243818,≥100 kb,tRNA-,1.0,0.3010299956639812
NZ_CP019994.1,99829,<100 kb,tRNA-,6.0,0.8450980400142568
NZ_CP019995.1,58211,<100 kb,tRNA-,14.0,1.1760912590556813
NZ_CP019989.1,287502,≥100 kb,tRNA-,13.0,1.146128035678238
NZ_CP019990.1,25791,<100 kb,tRNA-,1.0,0.3010299956639812
NZ_CP023424.1,195692,≥100 kb,tRNA-,1.0,0.3010299956639812
NZ_CP023426.1,40017,<100 kb,tRNA-,10.0,1.0413926851582251
NZ_CP018130.1,71104,<100 kb,tRNA-,6.0,0.8450980400142568
NZ_CP018131.1,23736,<100 kb,tRNA-,8.0,0.9542425094393249
NZ_CP017795.1,36019,<100 kb,tRNA-,15.0,1.2041199826559248
NZ_CP017800.1,36019,<100 kb,tRNA-,15.0,1.2041199826559248
NZ_CP017790.1,36019,<100 kb,tRNA-,15.0,1.2041199826559248
NZ_CP022484.1,65180,<100 kb,tRNA-,2.0,0.47712125471966244
NZ_CP022486.1,31392,<100 kb,tRNA-,11.0,1.0791812460476249
NZ_CP025078.1,56373,<100 kb,tRNA-,18.0,1.2787536009528289
NZ_CP025426.1,253120,≥100 kb,tRNA-,2.0,0.47712125471966244
NZ_CP025427.1,142988,≥100 kb,tRNA-,14.0,1.1760912590556813
NZ_CP023786.1,40911,<100 kb,tRNA-,15.0,1.2041199826559248
NZ_CP023796.1,40911,<100 kb,tRNA-,15.0,1.2041199826559248
NZ_CP023791.1,40911,<100 kb,tRNA-,15.0,1.2041199826559248
NZ_CP023801.1,40911,<100 kb,tRNA-,15.0,1.2041199826559248
NZ_CP025755.1,35515,<100 kb,tRNA-,15.0,1.2041199826559248
NZ_CP044317.1,199401,≥100 kb,tRNA-,1.0,0.3010299956639812
NZ_CP044318.1,103074,≥100 kb,tRNA-,10.0,1.0413926851582251
NZ_CP044319.1,46329,<100 kb,tRNA-,2.0,0.47712125471966244
NZ_CP044320.1,41619,<100 kb,tRNA-,14.0,1.1760912590556813
NZ_CP027401.1,159454,≥100 kb,tRNA-,1.0,0.3010299956639812
NZ_CP027500.1,46474,<100 kb,tRNA-,11.0,1.0791812460476249
NZ_CP027509.1,36341,<100 kb,tRNA-,7.0,0.9030899869919435
NZ_CP027510.1,33328,<100 kb,tRNA-,15.0,1.2041199826559248
NZ_CP027516.1,37152,<100 kb,tRNA-,15.0,1.2041199826559248
NZ_CP027518.1,259384,≥100 kb,tRNA-,1.0,0.3010299956639812
NZ_CP027519.1,48209,<100 kb,tRNA-,13.0,1.146128035678238
NZ_CP027504.1,36024,<100 kb,tRNA-,4.0,0.6989700043360189
NZ_CP027505.1,30710,<100 kb,tRNA-,11.0,1.0791812460476249
NZ_CP020486.1,49542,<100 kb,tRNA-,14.0,1.1760912590556813
NZ_CP020490.1,49542,<100 kb,tRNA-,14.0,1.1760912590556813
NZ_CP031028.1,75758,<100 kb,tRNA-,8.0,0.9542425094393249
NZ_CP031029.1,58791,<100 kb,tRNA-,1.0,0.3010299956639812
NZ_CP129223.1,47983,<100 kb,tRNA-,6.0,0.8450980400142568
NZ_CP033209.1,39621,<100 kb,tRNA-,6.0,0.8450980400142568
NZ_CP033211.1,4453,<100 kb,tRNA-,5.0,0.7781512503836436
NZ_AP018539.1,106370,≥100 kb,tRNA-,19.0,1.3010299956639813
NZ_AP018541.1,59322,<100 kb,tRNA-,13.0,1.146128035678238
NZ_AP018544.1,106370,≥100 kb,tRNA-,19.0,1.3010299956639813
NZ_AP018546.1,59322,<100 kb,tRNA-,13.0,1.146128035678238
NZ_AP018547.1,36331,<100 kb,tRNA-,1.0,0.3010299956639812
NZ_CP028723.1,40269,<100 kb,tRNA-,3.0,0.6020599913279624
NZ_CP028726.1,53338,<100 kb,tRNA-,5.0,0.7781512503836436
NZ_CP028725.1,41597,<100 kb,tRNA-,8.0,0.9542425094393249
NZ_CP028728.1,28222,<100 kb,tRNA-,26.0,1.4313637641589874
NZ_CP040369.1,258646,≥100 kb,tRNA-,2.0,0.47712125471966244
NZ_CP035644.1,37314,<100 kb,tRNA-,7.0,0.9030899869919435
NZ_CP035661.1,295052,≥100 kb,tRNA-,7.0,0.9030899869919435
NZ_CP040708.1,71214,<100 kb,tRNA-,20.0,1.3222192947339193
NZ_CP035650.1,37293,<100 kb,tRNA-,7.0,0.9030899869919435
NZ_CP030043.1,45581,<100 kb,tRNA-,8.0,0.9542425094393249
NZ_CP030046.1,64500,<100 kb,tRNA-,6.0,0.8450980400142568
NZ_CP040742.1,132733,≥100 kb,tRNA-,9.0,1.0
NZ_CP040850.1,207651,≥100 kb,tRNA-,6.0,0.8450980400142568
NZ_CP040851.1,63632,<100 kb,tRNA-,3.0,0.6020599913279624
NZ_CP040905.1,198480,≥100 kb,tRNA-,18.0,1.2787536009528289
NZ_CP041258.1,81972,<100 kb,tRNA-,8.0,0.9542425094393249
NZ_AP019396.1,17267,<100 kb,tRNA-,5.0,0.7781512503836436
NZ_CP041269.2,35172,<100 kb,tRNA-,11.0,1.0791812460476249
NZ_CP041271.2,194168,≥100 kb,tRNA-,1.0,0.3010299956639812
NZ_CP041279.2,35216,<100 kb,tRNA-,10.0,1.0413926851582251
NZ_CP038169.1,41082,<100 kb,tRNA-,6.0,0.8450980400142568
NZ_CP038173.1,41394,<100 kb,tRNA-,6.0,0.8450980400142568
NZ_CP038167.1,36802,<100 kb,tRNA-,6.0,0.8450980400142568
NZ_CP038171.1,51661,<100 kb,tRNA-,7.0,0.9030899869919435
NZ_CP038176.1,69757,<100 kb,tRNA-,14.0,1.1760912590556813
NZ_CP038165.1,32169,<100 kb,tRNA-,3.0,0.6020599913279624
NZ_CP038162.1,36911,<100 kb,tRNA-,11.0,1.0791812460476249
NZ_CP038175.1,30457,<100 kb,tRNA-,3.0,0.6020599913279624
NZ_CP044266.1,147595,≥100 kb,tRNA-,7.0,0.9030899869919435
NZ_CP044276.1,40955,<100 kb,tRNA-,15.0,1.2041199826559248
NZ_CP045013.1,206375,≥100 kb,tRNA-,13.0,1.146128035678238
NZ_CP072508.1,91525,<100 kb,tRNA-,14.0,1.1760912590556813
NZ_CP042217.2,85951,<100 kb,tRNA-,1.0,0.3010299956639812
NZ_CP046078.1,36877,<100 kb,tRNA-,9.0,1.0
NZ_CP046076.1,240928,≥100 kb,tRNA-,3.0,0.6020599913279624
NZ_CP036247.1,75109,<100 kb,tRNA-,13.0,1.146128035678238
NZ_CP036248.1,97950,<100 kb,tRNA-,7.0,0.9030899869919435
NZ_CP038997.1,123020,≥100 kb,tRNA-,3.0,0.6020599913279624
NZ_AP022342.1,253148,≥100 kb,tRNA-,6.0,0.8450980400142568
NZ_AP022343.1,108102,≥100 kb,tRNA-,12.0,1.1139433523068367
NZ_CP049776.1,85096,<100 kb,tRNA-,14.0,1.1760912590556813
NZ_CP049777.1,53121,<100 kb,tRNA-,6.0,0.8450980400142568
NZ_CP039730.1,97574,<100 kb,tRNA-,3.0,0.6020599913279624
NZ_CP059785.1,130516,≥100 kb,tRNA-,17.0,1.255272505103306
NZ_CP059786.1,39414,<100 kb,tRNA-,4.0,0.6989700043360189
NZ_CP059794.1,227172,≥100 kb,tRNA-,1.0,0.3010299956639812
NZ_CP059796.1,43862,<100 kb,tRNA-,6.0,0.8450980400142568
NZ_CP059798.1,17300,<100 kb,tRNA-,6.0,0.8450980400142568
NZ_CP059807.1,122126,≥100 kb,tRNA-,17.0,1.255272505103306
NZ_CP059808.1,39407,<100 kb,tRNA-,4.0,0.6989700043360189
NZ_CP059817.1,229798,≥100 kb,tRNA-,1.0,0.3010299956639812
NZ_CP059818.1,28489,<100 kb,tRNA-,7.0,0.9030899869919435
NZ_CP059819.1,24162,<100 kb,tRNA-,7.0,0.9030899869919435
NZ_CP059748.1,228284,≥100 kb,tRNA-,1.0,0.3010299956639812
NZ_CP059749.1,27932,<100 kb,tRNA-,7.0,0.9030899869919435
NZ_CP059750.1,20166,<100 kb,tRNA-,6.0,0.8450980400142568
NZ_CP061818.1,213054,≥100 kb,tRNA-,11.0,1.0791812460476249
NZ_CP061820.1,37510,<100 kb,tRNA-,4.0,0.6989700043360189
NZ_CP061819.1,99040,<100 kb,tRNA-,7.0,0.9030899869919435
NZ_CP059740.1,229795,≥100 kb,tRNA-,1.0,0.3010299956639812
NZ_CP059742.1,28489,<100 kb,tRNA-,7.0,0.9030899869919435
NZ_CP059743.1,24162,<100 kb,tRNA-,7.0,0.9030899869919435
NZ_CP059773.1,210114,≥100 kb,tRNA-,11.0,1.0791812460476249
NZ_CP059774.1,41278,<100 kb,tRNA-,15.0,1.2041199826559248
NZ_CP059775.1,27191,<100 kb,tRNA-,1.0,0.3010299956639812
NZ_CP059765.1,294680,≥100 kb,tRNA-,9.0,1.0
NZ_CP059766.1,37121,<100 kb,tRNA-,5.0,0.7781512503836436
NZ_CP059767.1,28402,<100 kb,tRNA-,6.0,0.8450980400142568
NZ_CP059824.1,206393,≥100 kb,tRNA-,11.0,1.0791812460476249
NZ_CP059825.1,41614,<100 kb,tRNA-,15.0,1.2041199826559248
NZ_CP059826.1,26581,<100 kb,tRNA-,1.0,0.3010299956639812
NZ_CP059756.1,246466,≥100 kb,tRNA-,9.0,1.0
NZ_CP059757.1,74076,<100 kb,tRNA-,7.0,0.9030899869919435
NZ_CP059759.1,35478,<100 kb,tRNA-,3.0,0.6020599913279624
NZ_CP060801.1,96486,<100 kb,tRNA-,7.0,0.9030899869919435
NZ_CP060802.1,54644,<100 kb,tRNA-,3.0,0.6020599913279624
NZ_CP060803.1,46541,<100 kb,tRNA-,6.0,0.8450980400142568
NZ_CP060862.1,49122,<100 kb,tRNA-,14.0,1.1760912590556813
NZ_CP050492.1,73653,<100 kb,tRNA-,2.0,0.47712125471966244
NZ_CP062266.1,227172,≥100 kb,tRNA-,1.0,0.3010299956639812
NZ_CP062268.1,43862,<100 kb,tRNA-,6.0,0.8450980400142568
NZ_CP062270.1,17300,<100 kb,tRNA-,6.0,0.8450980400142568
NZ_CP064052.1,39679,<100 kb,tRNA-,8.0,0.9542425094393249
NZ_CP065526.1,25787,<100 kb,tRNA-,7.0,0.9030899869919435
NZ_CP064344.1,196063,≥100 kb,tRNA-,5.0,0.7781512503836436
NZ_CP064345.1,96497,<100 kb,tRNA-,2.0,0.47712125471966244
NZ_CP064346.1,40064,<100 kb,tRNA-,7.0,0.9030899869919435
NZ_CP065550.1,44323,<100 kb,tRNA-,14.0,1.1760912590556813
NZ_CP065932.1,45647,<100 kb,tRNA-,14.0,1.1760912590556813
NZ_CP065930.1,70708,<100 kb,tRNA+,1.0,0.3010299956639812
NZ_CP066424.1,36284,<100 kb,tRNA-,15.0,1.2041199826559248
NZ_CP066438.1,38373,<100 kb,tRNA-,15.0,1.2041199826559248
NZ_CP066436.1,65409,<100 kb,tRNA-,1.0,0.3010299956639812
NZ_CP066454.1,44442,<100 kb,tRNA-,14.0,1.1760912590556813
NZ_CP066392.1,33158,<100 kb,tRNA-,13.0,1.146128035678238
NZ_CP066406.1,29409,<100 kb,tRNA-,7.0,0.9030899869919435
NZ_CP066405.1,29903,<100 kb,tRNA-,8.0,0.9542425094393249
NZ_CP066403.1,65409,<100 kb,tRNA-,1.0,0.3010299956639812
NZ_CP066383.1,104340,≥100 kb,tRNA-,4.0,0.6989700043360189
NZ_CP066385.1,41600,<100 kb,tRNA-,14.0,1.1760912590556813
NZ_CP066461.1,57116,<100 kb,tRNA-,15.0,1.2041199826559248
NZ_CP066446.1,44420,<100 kb,tRNA-,14.0,1.1760912590556813
NZ_CP066429.1,44421,<100 kb,tRNA-,13.0,1.146128035678238
NZ_CP066483.1,34144,<100 kb,tRNA-,10.0,1.0413926851582251
NZ_CP066475.1,63104,<100 kb,tRNA-,15.0,1.2041199826559248
NZ_CP066571.1,39713,<100 kb,tRNA-,11.0,1.0791812460476249
NZ_CP066586.1,48758,<100 kb,tRNA-,14.0,1.1760912590556813
NZ_CP066579.1,43236,<100 kb,tRNA-,14.0,1.1760912590556813
NZ_CP066594.1,41004,<100 kb,tRNA-,14.0,1.1760912590556813
NZ_CP066603.1,5013,<100 kb,tRNA-,3.0,0.6020599913279624
NZ_CP066599.1,17982,<100 kb,tRNA-,1.0,0.3010299956639812
NZ_CP066617.1,37877,<100 kb,tRNA-,14.0,1.1760912590556813
NZ_CP066610.1,37877,<100 kb,tRNA-,14.0,1.1760912590556813
NZ_CP066641.1,47773,<100 kb,tRNA-,15.0,1.2041199826559248
NZ_CP066639.1,66742,<100 kb,tRNA-,1.0,0.3010299956639812
NZ_CP066649.1,45965,<100 kb,tRNA-,14.0,1.1760912590556813
NZ_CP066632.1,35487,<100 kb,tRNA-,15.0,1.2041199826559248
NZ_CP066625.1,43860,<100 kb,tRNA-,14.0,1.1760912590556813
NZ_CP066675.1,25974,<100 kb,tRNA-,3.0,0.6020599913279624
NZ_CP066662.1,57134,<100 kb,tRNA-,15.0,1.2041199826559248
NZ_CP066656.1,22729,<100 kb,tRNA-,6.0,0.8450980400142568
NZ_CP066669.1,30941,<100 kb,tRNA-,14.0,1.1760912590556813
NZ_CP068245.1,154716,≥100 kb,tRNA-,13.0,1.146128035678238
NZ_CP068246.1,54259,<100 kb,tRNA-,14.0,1.1760912590556813
NZ_CP068250.1,54259,<100 kb,tRNA-,14.0,1.1760912590556813
NZ_CP046168.1,30099,<100 kb,tRNA-,8.0,0.9542425094393249
NZ_CP046169.1,19255,<100 kb,tRNA-,2.0,0.47712125471966244
NZ_CP071929.1,24233,<100 kb,tRNA-,5.0,0.7781512503836436
NZ_CP071959.1,296092,≥100 kb,tRNA-,10.0,1.0413926851582251
NZ_CP071960.1,40984,<100 kb,tRNA-,15.0,1.2041199826559248
NZ_CP072581.1,35966,<100 kb,tRNA-,15.0,1.2041199826559248
NZ_CP072582.1,32740,<100 kb,tRNA-,7.0,0.9030899869919435
NZ_CP072568.1,210114,≥100 kb,tRNA-,11.0,1.0791812460476249
NZ_CP072569.1,41278,<100 kb,tRNA-,15.0,1.2041199826559248
NZ_CP072570.1,27191,<100 kb,tRNA-,1.0,0.3010299956639812
NZ_CP072587.1,242945,≥100 kb,tRNA-,1.0,0.3010299956639812
NZ_CP072588.1,123647,≥100 kb,tRNA-,22.0,1.3617278360175928
NZ_CP072589.1,29437,<100 kb,tRNA-,7.0,0.9030899869919435
NZ_CP072732.1,213054,≥100 kb,tRNA-,11.0,1.0791812460476249
NZ_CP072733.1,99040,<100 kb,tRNA-,7.0,0.9030899869919435
NZ_CP072734.1,37510,<100 kb,tRNA-,4.0,0.6989700043360189
NZ_CP072708.1,227172,≥100 kb,tRNA-,1.0,0.3010299956639812
NZ_CP072710.1,43862,<100 kb,tRNA-,6.0,0.8450980400142568
NZ_CP072712.1,17300,<100 kb,tRNA-,6.0,0.8450980400142568
NZ_CP072721.1,213054,≥100 kb,tRNA-,11.0,1.0791812460476249
NZ_CP072722.1,99040,<100 kb,tRNA-,7.0,0.9030899869919435
NZ_CP072723.1,37510,<100 kb,tRNA-,4.0,0.6989700043360189
NZ_CP064426.1,65409,<100 kb,tRNA-,1.0,0.3010299956639812
NZ_CP064428.1,43518,<100 kb,tRNA-,15.0,1.2041199826559248
NZ_CP065753.1,24353,<100 kb,tRNA-,4.0,0.6989700043360189
NZ_CP047328.1,21625,<100 kb,tRNA-,3.0,0.6020599913279624
NZ_CP047329.1,31694,<100 kb,tRNA-,6.0,0.8450980400142568
NZ_CP065756.1,56729,<100 kb,tRNA-,11.0,1.0791812460476249
NZ_CP065757.1,35644,<100 kb,tRNA-,7.0,0.9030899869919435
NZ_CP065771.1,244041,≥100 kb,tRNA-,18.0,1.2787536009528289
NZ_CP065772.1,38383,<100 kb,tRNA-,6.0,0.8450980400142568
NZ_CP065774.1,226673,≥100 kb,tRNA-,24.0,1.3979400086720377
NZ_CP065775.1,27490,<100 kb,tRNA-,3.0,0.6020599913279624
NZ_CP065776.1,27166,<100 kb,tRNA-,4.0,0.6989700043360189
NZ_CP065778.1,129781,≥100 kb,tRNA-,12.0,1.1139433523068367
NZ_CP065779.1,38662,<100 kb,tRNA-,3.0,0.6020599913279624
NZ_CP065786.1,51905,<100 kb,tRNA-,3.0,0.6020599913279624
NZ_CP075605.1,75084,<100 kb,tRNA-,9.0,1.0
NZ_CP075608.1,21607,<100 kb,tRNA-,7.0,0.9030899869919435
NZ_CP072879.1,246327,≥100 kb,tRNA-,19.0,1.3010299956639813
NZ_CP072880.1,41084,<100 kb,tRNA-,6.0,0.8450980400142568
NZ_CP072882.1,183270,≥100 kb,tRNA+,10.0,1.0413926851582251
NZ_CP072886.1,53837,<100 kb,tRNA-,10.0,1.0413926851582251
NZ_CP072887.1,26651,<100 kb,tRNA-,1.0,0.3010299956639812
NZ_CP072896.1,36447,<100 kb,tRNA-,12.0,1.1139433523068367
NZ_CP078016.1,35987,<100 kb,tRNA-,15.0,1.2041199826559248
NZ_CP078163.1,77697,<100 kb,tRNA-,23.0,1.380211241711606
NZ_CP079928.1,72048,<100 kb,tRNA-,3.0,0.6020599913279624
NZ_CP079929.1,21754,<100 kb,tRNA-,2.0,0.47712125471966244
NZ_CP074106.1,168353,≥100 kb,tRNA-,7.0,0.9030899869919435
NZ_CP074108.1,165658,≥100 kb,tRNA-,7.0,0.9030899869919435
NZ_CP074110.1,165652,≥100 kb,tRNA-,7.0,0.9030899869919435
NZ_CP081506.1,121520,≥100 kb,tRNA-,29.0,1.4771212547196624
NZ_CP082232.1,101692,≥100 kb,tRNA-,24.0,1.3979400086720377
NZ_CP082233.1,19832,<100 kb,tRNA-,1.0,0.3010299956639812
NZ_CP085292.1,43405,<100 kb,tRNA-,13.0,1.146128035678238
NZ_CP085293.1,35757,<100 kb,tRNA-,14.0,1.1760912590556813
NZ_CP085290.1,75361,<100 kb,tRNA-,27.0,1.4471580313422192
NZ_CP085295.1,97455,<100 kb,tRNA-,9.0,1.0
NZ_CP085296.1,77870,<100 kb,tRNA-,8.0,0.9542425094393249
NZ_CP063981.1,65096,<100 kb,tRNA-,8.0,0.9542425094393249
NZ_CP086562.1,33086,<100 kb,tRNA-,2.0,0.47712125471966244
NZ_CP086563.1,52092,<100 kb,tRNA-,1.0,0.3010299956639812
NZ_CP086593.1,69345,<100 kb,tRNA-,8.0,0.9542425094393249
NZ_CP091199.1,41202,<100 kb,tRNA-,5.0,0.7781512503836436
NZ_CP091200.1,35753,<100 kb,tRNA-,8.0,0.9542425094393249
NZ_CP091890.1,77272,<100 kb,tRNA-,1.0,0.3010299956639812
NZ_CP091891.1,59470,<100 kb,tRNA-,6.0,0.8450980400142568
NZ_CP091893.1,172742,≥100 kb,tRNA-,8.0,0.9542425094393249
NZ_CP091900.1,65785,<100 kb,tRNA-,8.0,0.9542425094393249
NZ_CP091902.1,88965,<100 kb,tRNA-,5.0,0.7781512503836436
NZ_CP091903.1,43739,<100 kb,tRNA-,6.0,0.8450980400142568
NZ_CP091905.1,54858,<100 kb,tRNA-,8.0,0.9542425094393249
NZ_CP091907.1,149744,≥100 kb,tRNA-,7.0,0.9030899869919435
NZ_CP076489.1,119713,≥100 kb,tRNA-,8.0,0.9542425094393249
NZ_CP076492.1,33659,<100 kb,tRNA-,8.0,0.9542425094393249
NZ_CP076494.1,119714,≥100 kb,tRNA-,8.0,0.9542425094393249
NZ_CP076497.1,33656,<100 kb,tRNA-,8.0,0.9542425094393249
NZ_CP076499.1,119720,≥100 kb,tRNA-,8.0,0.9542425094393249
NZ_CP076502.1,33652,<100 kb,tRNA-,7.0,0.9030899869919435
NZ_CP092577.1,90885,<100 kb,tRNA+,7.0,0.9030899869919435
NZ_CP092578.1,84898,<100 kb,tRNA-,7.0,0.9030899869919435
NZ_CP093958.1,90089,<100 kb,tRNA-,7.0,0.9030899869919435
NZ_CP097067.1,57278,<100 kb,tRNA-,13.0,1.146128035678238
NZ_CP097011.1,102954,≥100 kb,tRNA-,24.0,1.3979400086720377
NZ_CP097007.1,59599,<100 kb,tRNA-,9.0,1.0
NZ_CP097036.1,57576,<100 kb,tRNA-,1.0,0.3010299956639812
NZ_CP097037.1,32754,<100 kb,tRNA-,5.0,0.7781512503836436
NZ_CP097003.1,72603,<100 kb,tRNA-,10.0,1.0413926851582251
NZ_CP097058.1,62360,<100 kb,tRNA-,22.0,1.3617278360175928
NZ_CP097070.1,79433,<100 kb,tRNA-,8.0,0.9542425094393249
NZ_CP097021.1,62360,<100 kb,tRNA-,22.0,1.3617278360175928
NZ_CP097039.1,82447,<100 kb,tRNA-,22.0,1.3617278360175928
NZ_CP097040.1,39237,<100 kb,tRNA-,9.0,1.0
NZ_CP097009.1,72164,<100 kb,tRNA-,23.0,1.380211241711606
NZ_CP097047.1,58213,<100 kb,tRNA-,14.0,1.1760912590556813
NZ_CP097043.1,40376,<100 kb,tRNA-,11.0,1.0791812460476249
NZ_CP097032.1,75254,<100 kb,tRNA-,16.0,1.2304489213782739
NZ_CP097060.1,69215,<100 kb,tRNA-,5.0,0.7781512503836436
NZ_CP088199.1,59610,<100 kb,tRNA-,9.0,1.0
NZ_CP088201.1,49180,<100 kb,tRNA-,9.0,1.0
NZ_CP088202.1,33618,<100 kb,tRNA-,9.0,1.0
NZ_CP091228.1,101904,≥100 kb,tRNA-,27.0,1.4471580313422192
NZ_CP091229.1,25324,<100 kb,tRNA-,8.0,0.9542425094393249
NZ_CP091232.1,37865,<100 kb,tRNA-,1.0,0.3010299956639812
NZ_CP091236.1,18962,<100 kb,tRNA-,14.0,1.1760912590556813
NZ_CP091238.1,68015,<100 kb,tRNA-,9.0,1.0
NZ_CP053182.1,73942,<100 kb,tRNA-,9.0,1.0
NZ_CP098026.1,65961,<100 kb,tRNA-,7.0,0.9030899869919435
NZ_CP098027.1,59955,<100 kb,tRNA-,2.0,0.47712125471966244
NZ_CP098028.1,55867,<100 kb,tRNA-,7.0,0.9030899869919435
NZ_CP098029.1,16397,<100 kb,tRNA-,9.0,1.0
NZ_CP098420.1,59955,<100 kb,tRNA-,2.0,0.47712125471966244
NZ_CP098421.1,59669,<100 kb,tRNA-,7.0,0.9030899869919435
NZ_CP098422.1,16255,<100 kb,tRNA-,9.0,1.0
NZ_CP098744.1,66643,<100 kb,tRNA-,25.0,1.414973347970818
NZ_CP102066.1,80765,<100 kb,tRNA-,8.0,0.9542425094393249
NZ_CP102068.1,26169,<100 kb,tRNA-,9.0,1.0
NZ_CP103862.1,40153,<100 kb,tRNA-,7.0,0.9030899869919435
NZ_CP102071.1,60949,<100 kb,tRNA-,1.0,0.3010299956639812
NZ_CP102072.1,54298,<100 kb,tRNA-,8.0,0.9542425094393249
NZ_CP102073.1,21806,<100 kb,tRNA-,9.0,1.0
NZ_CP110076.1,62694,<100 kb,tRNA-,2.0,0.47712125471966244
NZ_CP113829.1,65374,<100 kb,tRNA-,13.0,1.146128035678238
NZ_CP113833.1,73413,<100 kb,tRNA-,15.0,1.2041199826559248
NZ_CP115994.1,141731,≥100 kb,tRNA-,18.0,1.2787536009528289
NZ_CP115995.1,25721,<100 kb,tRNA-,1.0,0.3010299956639812
NZ_AP026723.1,56107,<100 kb,tRNA-,7.0,0.9030899869919435
NZ_CP116570.1,78685,<100 kb,tRNA-,10.0,1.0413926851582251
NZ_CP116572.1,63994,<100 kb,tRNA-,3.0,0.6020599913279624
NZ_CP116573.1,38206,<100 kb,tRNA-,6.0,0.8450980400142568
NZ_CP116556.1,59165,<100 kb,tRNA-,11.0,1.0791812460476249
NZ_CP116560.1,51389,<100 kb,tRNA-,9.0,1.0
NZ_CP116558.1,59610,<100 kb,tRNA-,9.0,1.0
NZ_CP116562.1,74469,<100 kb,tRNA-,22.0,1.3617278360175928
NZ_CP116554.1,59599,<100 kb,tRNA-,9.0,1.0
NZ_CP116565.1,74469,<100 kb,tRNA-,22.0,1.3617278360175928
NZ_CP116576.1,40660,<100 kb,tRNA-,3.0,0.6020599913279624
NZ_CP116577.1,36331,<100 kb,tRNA-,3.0,0.6020599913279624
NZ_CP116567.1,74469,<100 kb,tRNA-,22.0,1.3617278360175928
NZ_CP116963.1,88918,<100 kb,tRNA-,6.0,0.8450980400142568
NZ_CP116964.1,54078,<100 kb,tRNA-,9.0,1.0
NZ_CP116965.1,33351,<100 kb,tRNA-,9.0,1.0
NZ_CP117509.1,29927,<100 kb,tRNA-,7.0,0.9030899869919435
NZ_CP117510.1,22455,<100 kb,tRNA-,1.0,0.3010299956639812
NZ_CP117505.1,85315,<100 kb,tRNA-,21.0,1.3424226808222062
NZ_CP117504.1,99966,<100 kb,tRNA-,1.0,0.3010299956639812
NZ_CP117507.1,19987,<100 kb,tRNA-,15.0,1.2041199826559248
NZ_CP117513.1,102982,≥100 kb,tRNA-,12.0,1.1139433523068367
NZ_CP117512.1,105647,≥100 kb,tRNA-,25.0,1.414973347970818
NZ_CP118757.1,76420,<100 kb,tRNA-,27.0,1.4471580313422192
NZ_CP119160.1,93427,<100 kb,tRNA-,6.0,0.8450980400142568
NZ_CP119162.1,70159,<100 kb,tRNA-,5.0,0.7781512503836436
NZ_CP119529.1,66384,<100 kb,tRNA-,8.0,0.9542425094393249
NZ_CP104857.1,49839,<100 kb,tRNA-,9.0,1.0
NZ_CP106758.1,65086,<100 kb,tRNA-,3.0,0.6020599913279624
NZ_CP124888.1,69286,<100 kb,tRNA-,1.0,0.3010299956639812
NZ_CP124912.1,57398,<100 kb,tRNA-,3.0,0.6020599913279624
NZ_CP124909.1,104476,≥100 kb,tRNA-,8.0,0.9542425094393249
NZ_CP124915.1,52618,<100 kb,tRNA-,5.0,0.7781512503836436
NZ_CP109612.1,64400,<100 kb,tRNA-,8.0,0.9542425094393249
NZ_CP109613.1,74497,<100 kb,tRNA-,15.0,1.2041199826559248
NZ_CP127178.1,92098,<100 kb,tRNA-,27.0,1.4471580313422192
NZ_CP127179.1,62024,<100 kb,tRNA-,1.0,0.3010299956639812
NZ_AP027137.1,85996,<100 kb,tRNA-,15.0,1.2041199826559248
NZ_AP027298.1,26064,<100 kb,tRNA-,8.0,0.9542425094393249
NZ_CP128463.1,50228,<100 kb,tRNA-,9.0,1.0
NZ_AP027303.1,51671,<100 kb,tRNA-,7.0,0.9030899869919435
NZ_CP133451.1,92100,<100 kb,tRNA-,27.0,1.4471580313422192
NZ_CP136344.1,45375,<100 kb,tRNA-,7.0,0.9030899869919435
NZ_CP136349.1,39508,<100 kb,tRNA-,7.0,0.9030899869919435
NZ_CP136371.1,92100,<100 kb,tRNA-,27.0,1.4471580313422192
NZ_CP136404.1,92100,<100 kb,tRNA-,27.0,1.4471580313422192
NZ_CP138638.1,21899,<100 kb,tRNA-,9.0,1.0
NZ_CP138645.1,48434,<100 kb,tRNA-,10.0,1.0413926851582251
NZ_CP138652.1,15026,<100 kb,tRNA-,9.0,1.0
NZ_CP138654.1,53680,<100 kb,tRNA-,5.0,0.7781512503836436
NZ_CP138656.1,84891,<100 kb,tRNA-,16.0,1.2304489213782739
NZ_CP138659.1,82535,<100 kb,tRNA-,1.0,0.3010299956639812
NZ_CP141077.1,69873,<100 kb,tRNA-,5.0,0.7781512503836436
NZ_CP142817.1,92100,<100 kb,tRNA-,27.0,1.4471580313422192
NZ_CP142819.1,92100,<100 kb,tRNA-,27.0,1.4471580313422192
NZ_CP142822.1,92100,<100 kb,tRNA-,27.0,1.4471580313422192
NZ_CP142825.1,92100,<100 kb,tRNA-,27.0,1.4471580313422192
NZ_CP142828.1,92100,<100 kb,tRNA-,27.0,1.4471580313422192
NZ_CP142830.1,92100,<100 kb,tRNA-,27.0,1.4471580313422192
NZ_CP142832.1,92100,<100 kb,tRNA-,27.0,1.4471580313422192
NZ_CP142834.1,84864,<100 kb,tRNA-,21.0,1.3424226808222062
NZ_CP142812.1,94543,<100 kb,tRNA-,1.0,0.3010299956639812
NZ_CP143580.1,747526,≥100 kb,tRNA+,1.0,0.3010299956639812
NZ_CP143585.1,83692,<100 kb,tRNA-,1.0,0.3010299956639812
NZ_CP117495.1,2287,<100 kb,tRNA-,6.0,0.8450980400142568
NZ_CP117492.1,57871,<100 kb,tRNA-,7.0,0.9030899869919435
NZ_CP117491.1,59955,<100 kb,tRNA-,2.0,0.47712125471966244
NZ_CP117490.1,68332,<100 kb,tRNA-,1.0,0.3010299956639812
NZ_CP117494.1,16503,<100 kb,tRNA-,9.0,1.0
NZ_CP117497.1,109086,≥100 kb,tRNA-,7.0,0.9030899869919435
NZ_CP117498.1,58572,<100 kb,tRNA-,9.0,1.0
NZ_CP117500.1,15840,<100 kb,tRNA-,9.0,1.0
NZ_CP145115.1,59558,<100 kb,tRNA-,11.0,1.0791812460476249
NZ_CP148053.1,77676,<100 kb,tRNA-,22.0,1.3617278360175928
NZ_CP148054.1,61515,<100 kb,tRNA-,13.0,1.146128035678238
NZ_AP031219.1,93192,<100 kb,tRNA-,5.0,0.7781512503836436
NZ_CP159110.1,43679,<100 kb,tRNA-,15.0,1.2041199826559248
NZ_CP159112.1,87265,<100 kb,tRNA-,29.0,1.4771212547196624
NZ_CP159115.1,43674,<100 kb,tRNA-,15.0,1.2041199826559248
NZ_CP151210.1,28377,<100 kb,tRNA-,6.0,0.8450980400142568
NZ_CP156024.1,26348,<100 kb,tRNA-,9.0,1.0
NZ_CP151212.1,71090,<100 kb,tRNA-,39.0,1.6020599913279623
NZ_CP058565.1,32454,<100 kb,tRNA-,11.0,1.0791812460476249
NZ_CP185999.1,53305,<100 kb,tRNA-,5.0,0.7781512503836436
NZ_CP191296.1,72087,<100 kb,tRNA-,7.0,0.9030899869919435
NZ_CP191297.1,60645,<100 kb,tRNA-,5.0,0.7781512503836436
NZ_CP191303.1,74760,<100 kb,tRNA-,1.0,0.3010299956639812
NZ_CP191306.1,71942,<100 kb,tRNA-,7.0,0.9030899869919435
NZ_CP191307.1,60652,<100 kb,tRNA-,5.0,0.7781512503836436
NZ_CP191310.1,65945,<100 kb,tRNA-,5.0,0.7781512503836436
NZ_CP191316.1,61170,<100 kb,tRNA-,2.0,0.47712125471966244
NZ_CP191317.1,13305,<100 kb,tRNA-,2.0,0.47712125471966244
NZ_CP175059.1,42347,<100 kb,tRNA-,12.0,1.1139433523068367
NZ_CP175054.1,23077,<100 kb,tRNA-,6.0,0.8450980400142568
NZ_CP175042.1,67144,<100 kb,tRNA-,6.0,0.8450980400142568
NZ_CP175029.1,56318,<100 kb,tRNA-,1.0,0.3010299956639812
NZ_CP174918.1,32284,<100 kb,tRNA-,8.0,0.9542425094393249
NZ_CP174919.1,66291,<100 kb,tRNA-,8.0,0.9542425094393249
NZ_CP174917.1,66291,<100 kb,tRNA-,8.0,0.9542425094393249
NZ_CP174916.1,32284,<100 kb,tRNA-,8.0,0.9542425094393249
NZ_CP174866.1,28345,<100 kb,tRNA-,7.0,0.9030899869919435
NZ_CP174863.1,27754,<100 kb,tRNA-,6.0,0.8450980400142568
NZ_CP174857.1,65719,<100 kb,tRNA-,8.0,0.9542425094393249
NZ_CP174858.1,28345,<100 kb,tRNA-,7.0,0.9030899869919435
NZ_CP174854.1,65538,<100 kb,tRNA-,8.0,0.9542425094393249
NZ_CP174855.1,27938,<100 kb,tRNA-,7.0,0.9030899869919435
NZ_CP174840.1,134136,≥100 kb,tRNA-,10.0,1.0413926851582251
NZ_CP175117.1,61183,<100 kb,tRNA-,2.0,0.47712125471966244
NZ_CP175114.1,61183,<100 kb,tRNA-,2.0,0.47712125471966244
NZ_CP175112.1,139524,≥100 kb,tRNA-,13.0,1.146128035678238
NZ_CP175109.1,46333,<100 kb,tRNA-,8.0,0.9542425094393249
NZ_CP175108.1,93191,<100 kb,tRNA-,5.0,0.7781512503836436
NZ_CP175285.1,122189,≥100 kb,tRNA-,4.0,0.6989700043360189
NZ_CP175282.1,61166,<100 kb,tRNA-,2.0,0.47712125471966244
NZ_CP175277.1,128835,≥100 kb,tRNA-,13.0,1.146128035678238
NZ_CP175274.1,82234,<100 kb,tRNA-,5.0,0.7781512503836436
NZ_CP175270.1,73879,<100 kb,tRNA-,5.0,0.7781512503836436
NZ_CP175256.1,49320,<100 kb,tRNA-,5.0,0.7781512503836436
NZ_CP175251.1,86004,<100 kb,tRNA-,12.0,1.1139433523068367
NZ_CP175253.1,55988,<100 kb,tRNA-,2.0,0.47712125471966244
NZ_CP175240.1,73589,<100 kb,tRNA-,6.0,0.8450980400142568
NZ_CP175241.1,68931,<100 kb,tRNA-,6.0,0.8450980400142568
NZ_CP175222.1,65787,<100 kb,tRNA-,8.0,0.9542425094393249
NZ_CP175396.1,129195,≥100 kb,tRNA-,3.0,0.6020599913279624
NZ_OU538996.1,80496,<100 kb,tRNA-,7.0,0.9030899869919435
NC_017961.1,36262,<100 kb,tRNA-,2.0,0.47712125471966244
NC_017962.1,66247,<100 kb,tRNA+,10.0,1.0413926851582251
NZ_CP015517.1,73574,<100 kb,tRNA-,7.0,0.9030899869919435
NZ_CP033739.1,68599,<100 kb,tRNA-,1.0,0.3010299956639812
NZ_AP022823.1,76008,<100 kb,tRNA-,12.0,1.1139433523068367
NZ_AP022824.1,25275,<100 kb,tRNA-,6.0,0.8450980400142568
NZ_CP037956.1,125915,≥100 kb,tRNA-,5.0,0.7781512503836436
NZ_CP037957.1,33132,<100 kb,tRNA-,9.0,1.0
NZ_CP042290.1,133362,≥100 kb,tRNA-,21.0,1.3424226808222062
NZ_CP042294.1,27303,<100 kb,tRNA-,4.0,0.6989700043360189
NZ_CP050484.1,24463,<100 kb,tRNA-,1.0,0.3010299956639812
NZ_CP072890.1,37686,<100 kb,tRNA-,12.0,1.1139433523068367
NZ_CP072892.1,56910,<100 kb,tRNA-,7.0,0.9030899869919435
NZ_CP082266.1,171930,≥100 kb,tRNA-,13.0,1.146128035678238
NZ_CP082268.1,27847,<100 kb,tRNA-,5.0,0.7781512503836436
NZ_AP024833.1,71966,<100 kb,tRNA-,1.0,0.3010299956639812
NZ_AP024838.1,155411,≥100 kb,tRNA-,6.0,0.8450980400142568
NZ_AP024839.1,71967,<100 kb,tRNA-,1.0,0.3010299956639812
NZ_CP083475.1,42864,<100 kb,tRNA-,12.0,1.1139433523068367
NZ_CP083913.1,213284,≥100 kb,tRNA-,1.0,0.3010299956639812
NZ_CP083914.1,48157,<100 kb,tRNA-,13.0,1.146128035678238
NZ_CP083921.1,213279,≥100 kb,tRNA-,1.0,0.3010299956639812
NZ_CP083922.1,52056,<100 kb,tRNA-,14.0,1.1760912590556813
NZ_CP084179.1,282637,≥100 kb,tRNA-,2.0,0.47712125471966244
NZ_CP084180.1,42382,<100 kb,tRNA-,3.0,0.6020599913279624
NZ_CP084181.1,39491,<100 kb,tRNA-,6.0,0.8450980400142568
NZ_CP084245.1,75743,<100 kb,tRNA-,2.0,0.47712125471966244
NZ_CP084246.1,63644,<100 kb,tRNA-,4.0,0.6989700043360189
NZ_CP085895.1,224636,≥100 kb,tRNA-,1.0,0.3010299956639812
NZ_CP085896.1,134168,≥100 kb,tRNA-,13.0,1.146128035678238
NZ_CP085907.1,224638,≥100 kb,tRNA-,1.0,0.3010299956639812
NZ_CP085908.1,134985,≥100 kb,tRNA-,13.0,1.146128035678238
NZ_CP092374.1,162186,≥100 kb,tRNA+,1.0,0.3010299956639812
NZ_CP092375.1,44886,<100 kb,tRNA-,11.0,1.0791812460476249
NZ_CP089322.1,40605,<100 kb,tRNA-,15.0,1.2041199826559248
NZ_CP050817.1,51632,<100 kb,tRNA-,1.0,0.3010299956639812
NZ_CP050818.1,3425,<100 kb,tRNA-,1.0,0.3010299956639812
NZ_CP091103.1,180523,≥100 kb,tRNA-,7.0,0.9030899869919435
NZ_CP091101.1,27897,<100 kb,tRNA-,6.0,0.8450980400142568
NZ_CP091102.1,61338,<100 kb,tRNA-,12.0,1.1139433523068367
NZ_CP091303.1,66324,<100 kb,tRNA-,9.0,1.0
NZ_CP076475.1,34693,<100 kb,tRNA-,7.0,0.9030899869919435
NZ_CP091579.1,44472,<100 kb,tRNA-,12.0,1.1139433523068367
NZ_CP076481.1,41819,<100 kb,tRNA-,15.0,1.2041199826559248
NZ_CP076486.1,41819,<100 kb,tRNA-,15.0,1.2041199826559248
NZ_CP092571.1,83629,<100 kb,tRNA-,16.0,1.2304489213782739
NZ_CP093942.1,255599,≥100 kb,tRNA-,1.0,0.3010299956639812
NZ_CP093943.1,66138,<100 kb,tRNA-,9.0,1.0
NZ_CP093954.1,211188,≥100 kb,tRNA-,1.0,0.3010299956639812
NZ_CP093955.1,42856,<100 kb,tRNA-,12.0,1.1139433523068367
NZ_CP093948.1,210381,≥100 kb,tRNA-,1.0,0.3010299956639812
NZ_CP093949.1,42035,<100 kb,tRNA-,13.0,1.146128035678238
NZ_CP094236.1,36298,<100 kb,tRNA-,11.0,1.0791812460476249
NZ_CP096213.1,42009,<100 kb,tRNA-,12.0,1.1139433523068367
NZ_CP096222.1,29995,<100 kb,tRNA-,6.0,0.8450980400142568
NZ_CP097015.1,232122,≥100 kb,tRNA-,11.0,1.0791812460476249
NZ_CP097016.1,41159,<100 kb,tRNA-,6.0,0.8450980400142568
NZ_CP097024.1,24768,<100 kb,tRNA-,4.0,0.6989700043360189
NZ_CP097025.1,23514,<100 kb,tRNA-,9.0,1.0
NZ_CP097026.1,18501,<100 kb,tRNA-,2.0,0.47712125471966244
NZ_CP097028.1,189968,≥100 kb,tRNA-,19.0,1.3010299956639813
NZ_CP097029.1,46690,<100 kb,tRNA-,11.0,1.0791812460476249
NZ_CP097062.1,62247,<100 kb,tRNA-,1.0,0.3010299956639812
NZ_CP097063.1,52519,<100 kb,tRNA-,4.0,0.6989700043360189
NZ_CP097064.1,33236,<100 kb,tRNA-,10.0,1.0413926851582251
NZ_CP093927.1,136848,≥100 kb,tRNA-,13.0,1.146128035678238
NZ_CP088188.1,35172,<100 kb,tRNA-,6.0,0.8450980400142568
NZ_CP088192.1,178351,≥100 kb,tRNA-,13.0,1.146128035678238
NZ_CP088193.1,30822,<100 kb,tRNA-,3.0,0.6020599913279624
NZ_CP088196.1,23302,<100 kb,tRNA-,4.0,0.6989700043360189
NZ_CP088197.1,20449,<100 kb,tRNA-,2.0,0.47712125471966244
NZ_CP091202.1,53013,<100 kb,tRNA-,16.0,1.2304489213782739
NZ_CP091208.1,36787,<100 kb,tRNA-,2.0,0.47712125471966244
NZ_CP091209.1,23864,<100 kb,tRNA-,4.0,0.6989700043360189
NZ_CP091205.1,34683,<100 kb,tRNA-,1.0,0.3010299956639812
NZ_CP091212.1,28214,<100 kb,tRNA-,3.0,0.6020599913279624
NZ_CP091214.1,174882,≥100 kb,tRNA-,13.0,1.146128035678238
NZ_CP091216.1,27383,<100 kb,tRNA-,2.0,0.47712125471966244
NZ_CP091218.1,182818,≥100 kb,tRNA-,7.0,0.9030899869919435
NZ_CP091219.1,21430,<100 kb,tRNA-,4.0,0.6989700043360189
NZ_CP091222.1,174795,≥100 kb,tRNA-,10.0,1.0413926851582251
NZ_CP091223.1,21849,<100 kb,tRNA-,5.0,0.7781512503836436
NZ_CP091225.1,23596,<100 kb,tRNA-,4.0,0.6989700043360189
NZ_CP091226.1,20845,<100 kb,tRNA-,2.0,0.47712125471966244
NZ_CP058893.1,87675,<100 kb,tRNA-,14.0,1.1760912590556813
NZ_CP058895.1,203651,≥100 kb,tRNA-,1.0,0.3010299956639812
NZ_CP104394.1,79977,<100 kb,tRNA-,5.0,0.7781512503836436
NZ_JAOXXX010000004.1,164201,≥100 kb,tRNA-,12.0,1.1139433523068367
NZ_JAOXXX010000003.1,34286,<100 kb,tRNA-,7.0,0.9030899869919435
NZ_JAOXXX010000001.1,26310,<100 kb,tRNA-,1.0,0.3010299956639812
NZ_JAOXXY010000004.1,202584,≥100 kb,tRNA-,14.0,1.1760912590556813
NZ_JAOXXY010000003.1,40675,<100 kb,tRNA-,6.0,0.8450980400142568
NZ_JAOXXZ010000003.1,194482,≥100 kb,tRNA-,18.0,1.2787536009528289
NZ_JAOXXZ010000002.1,43004,<100 kb,tRNA-,3.0,0.6020599913279624
NZ_CP109800.1,196419,≥100 kb,tRNA-,19.0,1.3010299956639813
NZ_CP109799.1,41051,<100 kb,tRNA-,3.0,0.6020599913279624
NZ_CP109801.1,10262,<100 kb,tRNA-,2.0,0.47712125471966244
NZ_CP109805.1,21813,<100 kb,tRNA-,2.0,0.47712125471966244
NZ_CP109806.1,21813,<100 kb,tRNA-,2.0,0.47712125471966244
NZ_CP109810.1,21813,<100 kb,tRNA-,5.0,0.7781512503836436
NZ_CP109841.1,174036,≥100 kb,tRNA-,13.0,1.146128035678238
NZ_CP109840.1,57547,<100 kb,tRNA-,11.0,1.0791812460476249
NZ_CP109838.1,53378,<100 kb,tRNA-,13.0,1.146128035678238
NZ_AP026773.1,138954,≥100 kb,tRNA-,26.0,1.4313637641589874
NZ_AP026774.1,235911,≥100 kb,tRNA-,1.0,0.3010299956639812
NZ_AP026775.1,28491,<100 kb,tRNA-,6.0,0.8450980400142568
NZ_AP026776.1,25968,<100 kb,tRNA-,8.0,0.9542425094393249
NZ_AP026569.1,63729,<100 kb,tRNA-,1.0,0.3010299956639812
NZ_AP026570.1,45504,<100 kb,tRNA-,15.0,1.2041199826559248
NZ_AP026603.1,31114,<100 kb,tRNA-,8.0,0.9542425094393249
NZ_CP112865.1,59943,<100 kb,tRNA-,15.0,1.2041199826559248
NZ_CP114619.1,45954,<100 kb,tRNA-,7.0,0.9030899869919435
NZ_CP114620.1,32463,<100 kb,tRNA-,3.0,0.6020599913279624
NZ_CP116025.1,25261,<100 kb,tRNA-,4.0,0.6989700043360189
NZ_CP116511.1,484059,≥100 kb,tRNA+,5.0,0.7781512503836436
NZ_CP116512.1,18271,<100 kb,tRNA-,6.0,0.8450980400142568
NZ_CP116515.1,148727,≥100 kb,tRNA-,1.0,0.3010299956639812
NZ_CP116516.1,44010,<100 kb,tRNA-,2.0,0.47712125471966244
NZ_CP116535.1,12989,<100 kb,tRNA-,2.0,0.47712125471966244
NZ_CP116533.1,186836,≥100 kb,tRNA-,11.0,1.0791812460476249
NZ_CP116534.1,24768,<100 kb,tRNA-,4.0,0.6989700043360189
NZ_CP116519.1,77238,<100 kb,tRNA-,16.0,1.2304489213782739
NZ_CP116521.1,155657,≥100 kb,tRNA-,1.0,0.3010299956639812
NZ_CP116522.1,46474,<100 kb,tRNA-,11.0,1.0791812460476249
NZ_CP116524.1,184656,≥100 kb,tRNA-,11.0,1.0791812460476249
NZ_CP116526.1,28578,<100 kb,tRNA-,4.0,0.6989700043360189
NZ_CP116527.1,18533,<100 kb,tRNA-,2.0,0.47712125471966244
NZ_CP116538.1,27897,<100 kb,tRNA-,3.0,0.6020599913279624
NZ_CP116529.1,184843,≥100 kb,tRNA-,11.0,1.0791812460476249
NZ_CP116530.1,24566,<100 kb,tRNA-,4.0,0.6989700043360189
NZ_CP116531.1,18533,<100 kb,tRNA-,2.0,0.47712125471966244
NZ_CP116542.1,38387,<100 kb,tRNA-,5.0,0.7781512503836436
NZ_CP116544.1,242833,≥100 kb,tRNA-,19.0,1.3010299956639813
NZ_CP116545.1,39454,<100 kb,tRNA-,6.0,0.8450980400142568
NZ_CP116548.1,38387,<100 kb,tRNA-,3.0,0.6020599913279624
NZ_CP116551.1,41241,<100 kb,tRNA-,5.0,0.7781512503836436
NZ_CP116552.1,38387,<100 kb,tRNA-,3.0,0.6020599913279624
NZ_CP118550.1,196194,≥100 kb,tRNA-,13.0,1.146128035678238
NZ_CP118549.1,67732,<100 kb,tRNA-,6.0,0.8450980400142568
NZ_CP118551.1,25672,<100 kb,tRNA-,3.0,0.6020599913279624
NZ_CP119152.1,35758,<100 kb,tRNA-,9.0,1.0
NZ_CP122305.1,131504,≥100 kb,tRNA-,17.0,1.255272505103306
NZ_CP122307.1,26044,<100 kb,tRNA-,6.0,0.8450980400142568
NZ_CP109759.1,62460,<100 kb,tRNA-,12.0,1.1139433523068367
NZ_CP109760.1,25858,<100 kb,tRNA-,4.0,0.6989700043360189
NZ_AP027295.1,243853,≥100 kb,tRNA-,19.0,1.3010299956639813
NZ_AP027296.1,43624,<100 kb,tRNA-,11.0,1.0791812460476249
NZ_AP027300.1,46702,<100 kb,tRNA-,3.0,0.6020599913279624
NZ_AP027301.1,122510,≥100 kb,tRNA-,8.0,0.9542425094393249
NZ_CP128189.1,31838,<100 kb,tRNA-,9.0,1.0
NZ_CP132227.1,50239,<100 kb,tRNA-,9.0,1.0
NZ_AP028416.1,111773,≥100 kb,tRNA-,6.0,0.8450980400142568
NZ_CP137463.1,187042,≥100 kb,tRNA-,5.0,0.7781512503836436
NZ_CP137464.1,37427,<100 kb,tRNA-,7.0,0.9030899869919435
NZ_CP137462.1,27182,<100 kb,tRNA-,11.0,1.0791812460476249
NZ_CP137467.1,163281,≥100 kb,tRNA+,7.0,0.9030899869919435
NZ_CP137466.1,34798,<100 kb,tRNA-,2.0,0.47712125471966244
NZ_CP137471.1,133819,≥100 kb,tRNA-,9.0,1.0
NZ_CP137469.1,15881,<100 kb,tRNA-,1.0,0.3010299956639812
NZ_CP137470.1,48167,<100 kb,tRNA-,11.0,1.0791812460476249
NZ_CP137474.1,39555,<100 kb,tRNA-,1.0,0.3010299956639812
NZ_CP137473.1,237648,≥100 kb,tRNA-,7.0,0.9030899869919435
NZ_CP137477.1,211495,≥100 kb,tRNA+,15.0,1.2041199826559248
NZ_CP137475.1,49249,<100 kb,tRNA-,11.0,1.0791812460476249
NZ_CP142416.1,173215,≥100 kb,tRNA-,24.0,1.3979400086720377
NZ_CP142417.1,21849,<100 kb,tRNA-,5.0,0.7781512503836436
NZ_CP133954.1,147131,≥100 kb,tRNA-,13.0,1.146128035678238
NZ_CP144272.1,248575,≥100 kb,tRNA-,63.0,1.806179973983887
NZ_CP131796.1,271337,≥100 kb,tRNA-,11.0,1.0791812460476249
NZ_CP131797.1,34105,<100 kb,tRNA-,6.0,0.8450980400142568
NZ_CP131810.1,234957,≥100 kb,tRNA-,1.0,0.3010299956639812
NZ_CP131811.1,31210,<100 kb,tRNA-,11.0,1.0791812460476249
NZ_CP131812.1,28013,<100 kb,tRNA-,7.0,0.9030899869919435
NZ_CP131803.1,34319,<100 kb,tRNA-,11.0,1.0791812460476249
NZ_CP131804.1,28012,<100 kb,tRNA-,7.0,0.9030899869919435
NZ_CP131819.1,269167,≥100 kb,tRNA-,1.0,0.3010299956639812
NZ_CP131820.1,37439,<100 kb,tRNA-,13.0,1.146128035678238
NZ_CP131827.1,37758,<100 kb,tRNA-,7.0,0.9030899869919435
NZ_CP131828.1,34978,<100 kb,tRNA-,11.0,1.0791812460476249
NZ_CP131837.1,41779,<100 kb,tRNA-,6.0,0.8450980400142568
NZ_CP131838.1,36005,<100 kb,tRNA-,7.0,0.9030899869919435
NZ_CP131857.1,272409,≥100 kb,tRNA-,1.0,0.3010299956639812
NZ_CP131858.1,31541,<100 kb,tRNA-,7.0,0.9030899869919435
NZ_CP131859.1,28013,<100 kb,tRNA-,7.0,0.9030899869919435
NZ_CP131849.1,270653,≥100 kb,tRNA-,1.0,0.3010299956639812
NZ_CP131850.1,37767,<100 kb,tRNA-,11.0,1.0791812460476249
NZ_CP131851.1,28013,<100 kb,tRNA-,7.0,0.9030899869919435
NZ_CP131843.1,40751,<100 kb,tRNA-,7.0,0.9030899869919435
NZ_CP131844.1,28012,<100 kb,tRNA-,7.0,0.9030899869919435
NZ_CP131862.1,168193,≥100 kb,tRNA-,1.0,0.3010299956639812
NZ_CP131863.1,83634,<100 kb,tRNA-,6.0,0.8450980400142568
NZ_CP131864.1,54049,<100 kb,tRNA-,6.0,0.8450980400142568
NZ_CP152089.1,253159,≥100 kb,tRNA-,8.0,0.9542425094393249
NZ_CP152090.1,45954,<100 kb,tRNA-,7.0,0.9030899869919435
NZ_CP152091.1,32429,<100 kb,tRNA-,3.0,0.6020599913279624
NZ_AP027234.1,246977,≥100 kb,tRNA-,8.0,0.9542425094393249
NZ_AP027235.1,71749,<100 kb,tRNA-,7.0,0.9030899869919435
NZ_AP027228.1,246962,≥100 kb,tRNA-,8.0,0.9542425094393249
NZ_AP027229.1,71757,<100 kb,tRNA-,8.0,0.9542425094393249
NZ_AP027230.1,60121,<100 kb,tRNA-,6.0,0.8450980400142568
NZ_AP027222.1,248456,≥100 kb,tRNA-,8.0,0.9542425094393249
NZ_AP027223.1,71754,<100 kb,tRNA-,8.0,0.9542425094393249
NZ_CP127333.1,45311,<100 kb,tRNA-,12.0,1.1139433523068367
NZ_CP127334.1,37267,<100 kb,tRNA-,10.0,1.0413926851582251
NZ_CP127336.1,158463,≥100 kb,tRNA-,1.0,0.3010299956639812
NZ_CP161858.1,171709,≥100 kb,tRNA-,1.0,0.3010299956639812
NZ_CP161859.1,106517,≥100 kb,tRNA-,7.0,0.9030899869919435
NZ_CP161861.1,43537,<100 kb,tRNA-,13.0,1.146128035678238
NZ_CP161865.1,55596,<100 kb,tRNA-,3.0,0.6020599913279624
NZ_CP161866.1,24681,<100 kb,tRNA-,4.0,0.6989700043360189
NZ_CP161869.1,58219,<100 kb,tRNA-,15.0,1.2041199826559248
NZ_CP161870.1,55596,<100 kb,tRNA-,3.0,0.6020599913279624
NZ_CP161871.1,24681,<100 kb,tRNA-,4.0,0.6989700043360189
NZ_CP171694.1,149979,≥100 kb,tRNA-,20.0,1.3222192947339193
NZ_CP171698.1,192369,≥100 kb,tRNA-,2.0,0.47712125471966244
NZ_CP171699.1,106559,≥100 kb,tRNA-,7.0,0.9030899869919435
NZ_CP171701.1,44301,<100 kb,tRNA-,13.0,1.146128035678238
NZ_CP171704.1,192369,≥100 kb,tRNA-,2.0,0.47712125471966244
NZ_CP171705.1,106509,≥100 kb,tRNA-,7.0,0.9030899869919435
NZ_CP171707.1,43484,<100 kb,tRNA-,13.0,1.146128035678238
NZ_CP171710.1,185386,≥100 kb,tRNA-,1.0,0.3010299956639812
NZ_CP171711.1,106438,≥100 kb,tRNA-,7.0,0.9030899869919435
NZ_CP171714.1,43537,<100 kb,tRNA-,13.0,1.146128035678238
NZ_CP171717.1,190628,≥100 kb,tRNA-,1.0,0.3010299956639812
NZ_CP171718.1,106493,≥100 kb,tRNA-,7.0,0.9030899869919435
NZ_CP171720.1,43484,<100 kb,tRNA-,13.0,1.146128035678238
NZ_CP171723.1,171709,≥100 kb,tRNA-,1.0,0.3010299956639812
NZ_CP171724.1,106441,≥100 kb,tRNA-,7.0,0.9030899869919435
NZ_CP171726.1,43537,<100 kb,tRNA-,13.0,1.146128035678238
NZ_CP176378.1,77977,<100 kb,tRNA-,1.0,0.3010299956639812
NZ_CP176379.1,22082,<100 kb,tRNA-,5.0,0.7781512503836436
NZ_CP180196.1,41280,<100 kb,tRNA-,13.0,1.146128035678238
NZ_CP180197.1,38208,<100 kb,tRNA-,11.0,1.0791812460476249
NZ_CP180198.1,37500,<100 kb,tRNA-,11.0,1.0791812460476249
NZ_CP180200.1,9447,<100 kb,tRNA-,2.0,0.47712125471966244
NZ_CP186536.1,151144,≥100 kb,tRNA-,5.0,0.7781512503836436
NZ_CP186537.1,67195,<100 kb,tRNA-,22.0,1.3617278360175928
NZ_CP189634.1,230007,≥100 kb,tRNA-,17.0,1.255272505103306
NZ_CP189638.1,3425,<100 kb,tRNA-,1.0,0.3010299956639812
NZ_CP190402.1,49730,<100 kb,tRNA-,12.0,1.1139433523068367
NZ_CP187846.1,61131,<100 kb,tRNA-,6.0,0.8450980400142568
NZ_CP187847.1,23123,<100 kb,tRNA-,2.0,0.47712125471966244
NZ_CP187848.1,8796,<100 kb,tRNA-,2.0,0.47712125471966244
NZ_CP187897.1,63115,<100 kb,tRNA-,6.0,0.8450980400142568
NZ_CP191792.1,40399,<100 kb,tRNA-,15.0,1.2041199826559248
NZ_LN999989.1,32402,<100 kb,tRNA-,9.0,1.0
NZ_LT598666.1,77977,<100 kb,tRNA-,1.0,0.3010299956639812
NZ_LT598667.1,22080,<100 kb,tRNA-,5.0,0.7781512503836436
NZ_LR132068.1,141895,≥100 kb,tRNA-,12.0,1.1139433523068367
NZ_LR134097.1,32824,<100 kb,tRNA-,2.0,0.47712125471966244
NZ_LR134106.1,164095,≥100 kb,tRNA-,1.0,0.3010299956639812
NZ_LR134110.1,42954,<100 kb,tRNA-,7.0,0.9030899869919435
NZ_LR135172.1,46429,<100 kb,tRNA-,7.0,0.9030899869919435
NZ_LR135183.1,39303,<100 kb,tRNA-,7.0,0.9030899869919435
NZ_LR135180.1,139885,≥100 kb,tRNA-,12.0,1.1139433523068367
NZ_LR135236.1,167946,≥100 kb,tRNA-,1.0,0.3010299956639812
NZ_LR135239.1,51960,<100 kb,tRNA-,15.0,1.2041199826559248
NZ_LR135200.1,41060,<100 kb,tRNA-,9.0,1.0
NZ_LR135230.1,44498,<100 kb,tRNA-,15.0,1.2041199826559248
NZ_LR135204.1,231143,≥100 kb,tRNA-,9.0,1.0
NZ_LR135206.1,38582,<100 kb,tRNA-,5.0,0.7781512503836436
NZ_LR135220.1,165514,≥100 kb,tRNA-,1.0,0.3010299956639812
NZ_LR135221.1,114941,≥100 kb,tRNA-,9.0,1.0
NZ_LR135223.1,38599,<100 kb,tRNA-,6.0,0.8450980400142568
NZ_LR135279.1,231651,≥100 kb,tRNA-,1.0,0.3010299956639812
NZ_LR135281.1,39397,<100 kb,tRNA-,14.0,1.1760912590556813
NZ_LR135283.1,12090,<100 kb,tRNA-,5.0,0.7781512503836436
NZ_LR135260.1,57778,<100 kb,tRNA-,14.0,1.1760912590556813
NZ_LR135244.1,216239,≥100 kb,tRNA-,1.0,0.3010299956639812
NZ_LR135247.1,51931,<100 kb,tRNA-,15.0,1.2041199826559248
NZ_LR135256.1,155151,≥100 kb,tRNA-,17.0,1.255272505103306
NZ_LR135289.1,45824,<100 kb,tRNA-,6.0,0.8450980400142568
NZ_LR135290.1,26053,<100 kb,tRNA-,6.0,0.8450980400142568
NZ_LR135294.1,256017,≥100 kb,tRNA-,8.0,0.9542425094393249
NZ_LR135298.1,232499,≥100 kb,tRNA-,7.0,0.9030899869919435
NZ_LR135299.1,58745,<100 kb,tRNA-,1.0,0.3010299956639812
NZ_LR135300.1,28557,<100 kb,tRNA-,8.0,0.9542425094393249
NZ_LR135310.1,38828,<100 kb,tRNA-,15.0,1.2041199826559248
NZ_LR135311.1,27647,<100 kb,tRNA-,7.0,0.9030899869919435
NZ_LR135334.1,72466,<100 kb,tRNA-,2.0,0.47712125471966244
NZ_LR135335.1,35768,<100 kb,tRNA-,14.0,1.1760912590556813
NZ_LR135341.1,58745,<100 kb,tRNA-,1.0,0.3010299956639812
NZ_LR135342.1,28557,<100 kb,tRNA-,8.0,0.9542425094393249
NZ_LR135327.1,38929,<100 kb,tRNA-,12.0,1.1139433523068367
NZ_LR135320.1,38929,<100 kb,tRNA-,12.0,1.1139433523068367
NZ_LR135346.1,40152,<100 kb,tRNA-,10.0,1.0413926851582251
NZ_LR135387.1,62379,<100 kb,tRNA-,15.0,1.2041199826559248
NZ_LR135374.1,88799,<100 kb,tRNA-,12.0,1.1139433523068367
NZ_LR135375.1,22271,<100 kb,tRNA-,1.0,0.3010299956639812
NZ_LR135366.1,31867,<100 kb,tRNA-,8.0,0.9542425094393249
NZ_LR135352.1,238961,≥100 kb,tRNA-,5.0,0.7781512503836436
NZ_LR135353.1,42610,<100 kb,tRNA-,9.0,1.0
NZ_LR135354.1,11424,<100 kb,tRNA-,5.0,0.7781512503836436
NZ_LR135358.1,293851,≥100 kb,tRNA-,4.0,0.6989700043360189
NZ_LR135359.1,51724,<100 kb,tRNA-,7.0,0.9030899869919435
NZ_LR135403.1,63798,<100 kb,tRNA-,15.0,1.2041199826559248
NZ_LR135396.1,63798,<100 kb,tRNA-,15.0,1.2041199826559248
NZ_LR135410.1,63798,<100 kb,tRNA-,15.0,1.2041199826559248
NZ_LR135429.1,209872,≥100 kb,tRNA-,13.0,1.146128035678238
NZ_LR135430.1,16203,<100 kb,tRNA-,5.0,0.7781512503836436
NZ_LR135420.1,245801,≥100 kb,tRNA-,1.0,0.3010299956639812
NZ_LR135422.1,26633,<100 kb,tRNA-,8.0,0.9542425094393249
NZ_LR135437.1,19194,<100 kb,tRNA-,7.0,0.9030899869919435
NZ_LR135444.1,230681,≥100 kb,tRNA-,1.0,0.3010299956639812
NZ_LR135446.1,44438,<100 kb,tRNA-,12.0,1.1139433523068367
NZ_LR135449.1,12078,<100 kb,tRNA-,5.0,0.7781512503836436
NZ_LR135491.1,42699,<100 kb,tRNA-,13.0,1.146128035678238
NZ_LR135476.1,256660,≥100 kb,tRNA-,1.0,0.3010299956639812
NZ_LR135477.1,44000,<100 kb,tRNA-,13.0,1.146128035678238
NZ_LR135483.1,221062,≥100 kb,tRNA-,12.0,1.1139433523068367
NZ_LR135484.1,58698,<100 kb,tRNA-,10.0,1.0413926851582251
NZ_LR135784.1,45085,<100 kb,tRNA-,7.0,0.9030899869919435
NZ_OU015346.1,156565,≥100 kb,tRNA-,1.0,0.3010299956639812
NZ_OU015348.1,37193,<100 kb,tRNA-,11.0,1.0791812460476249
NZ_OU015351.1,156551,≥100 kb,tRNA-,1.0,0.3010299956639812
NZ_OU015353.1,37193,<100 kb,tRNA-,11.0,1.0791812460476249
NZ_OU015711.1,51289,<100 kb,tRNA-,14.0,1.1760912590556813
NZ_OU015948.1,47525,<100 kb,tRNA-,13.0,1.146128035678238
NZ_OU016029.1,47525,<100 kb,tRNA-,13.0,1.146128035678238
NZ_OU016037.1,204460,≥100 kb,tRNA-,1.0,0.3010299956639812
NZ_OU016039.1,47525,<100 kb,tRNA-,14.0,1.1760912590556813
NZ_CP009862.1,80186,<100 kb,tRNA-,13.0,1.146128035678238
NZ_CP009860.1,121385,≥100 kb,tRNA-,13.0,1.146128035678238
NZ_CP010372.1,151583,≥100 kb,tRNA-,9.0,1.0
NZ_CP010373.2,193908,≥100 kb,tRNA-,18.0,1.2787536009528289
NZ_CP010316.1,144859,≥100 kb,tRNA-,1.0,0.3010299956639812
NZ_CP010881.1,116803,≥100 kb,tRNA-,18.0,1.2787536009528289
NZ_CP010882.1,122966,≥100 kb,tRNA-,3.0,0.6020599913279624
NC_022742.1,88546,<100 kb,tRNA-,5.0,0.7781512503836436
NZ_CP011418.1,47606,<100 kb,tRNA-,3.0,0.6020599913279624
NZ_CP012636.1,149683,≥100 kb,tRNA-,7.0,0.9030899869919435
NZ_CP012626.1,110808,≥100 kb,tRNA-,5.0,0.7781512503836436
NZ_CP012627.1,92766,<100 kb,tRNA-,1.0,0.3010299956639812
NZ_CP012632.1,93074,<100 kb,tRNA-,9.0,1.0
NZ_CP013024.1,120611,≥100 kb,tRNA-,8.0,0.9542425094393249
NZ_CP013027.1,174564,≥100 kb,tRNA-,9.0,1.0
NZ_CP013657.1,143748,≥100 kb,tRNA-,13.0,1.146128035678238
NZ_CP008715.1,120653,≥100 kb,tRNA-,8.0,0.9542425094393249
NZ_CP013832.1,145221,≥100 kb,tRNA-,6.0,0.8450980400142568
NZ_CP013833.1,126302,≥100 kb,tRNA-,2.0,0.47712125471966244
NZ_CP014489.1,149732,≥100 kb,tRNA-,8.0,0.9542425094393249
NZ_CP014498.1,209768,≥100 kb,tRNA-,32.0,1.5185139398778875
NZ_CP014524.1,49467,<100 kb,tRNA-,2.0,0.47712125471966244
NZ_CP015140.1,129154,≥100 kb,tRNA-,12.0,1.1139433523068367
NZ_CP015139.1,186826,≥100 kb,tRNA-,18.0,1.2787536009528289
NZ_CP015071.1,69471,<100 kb,tRNA-,6.0,0.8450980400142568
NZ_CP015075.2,63544,<100 kb,tRNA-,2.0,0.47712125471966244
NZ_CP015077.1,133735,≥100 kb,tRNA-,5.0,0.7781512503836436
NZ_CP015078.1,71170,<100 kb,tRNA-,11.0,1.0791812460476249
NZ_CP015996.1,93029,<100 kb,tRNA-,3.0,0.6020599913279624
NZ_CP015160.1,212180,≥100 kb,tRNA-,14.0,1.1760912590556813
NZ_CP014669.1,113852,≥100 kb,tRNA-,4.0,0.6989700043360189
NZ_CP015914.1,129035,≥100 kb,tRNA-,13.0,1.146128035678238
NZ_CP016498.1,151033,≥100 kb,tRNA-,9.0,1.0
NZ_CP015835.1,137565,≥100 kb,tRNA-,9.0,1.0
NZ_CP015836.1,136327,≥100 kb,tRNA-,18.0,1.2787536009528289
NZ_CP016405.1,63329,<100 kb,tRNA-,1.0,0.3010299956639812
NZ_CP018108.1,5310,<100 kb,tRNA-,1.0,0.3010299956639812
NZ_CP018105.1,67946,<100 kb,tRNA-,6.0,0.8450980400142568
NZ_CP018104.1,207960,≥100 kb,tRNA-,106.0,2.0293837776852097
NZ_CP018116.1,119254,≥100 kb,tRNA-,4.0,0.6989700043360189
NZ_CP018120.1,5310,<100 kb,tRNA-,1.0,0.3010299956639812
NZ_CP018117.1,67946,<100 kb,tRNA-,6.0,0.8450980400142568
NZ_CP018122.1,120326,≥100 kb,tRNA-,5.0,0.7781512503836436
NZ_CP018126.1,5310,<100 kb,tRNA-,1.0,0.3010299956639812
NZ_CP018124.1,65539,<100 kb,tRNA-,1.0,0.3010299956639812
NZ_CP018123.1,67946,<100 kb,tRNA-,6.0,0.8450980400142568
NZ_CP018110.1,120326,≥100 kb,tRNA-,5.0,0.7781512503836436
NZ_CP018114.1,5310,<100 kb,tRNA-,1.0,0.3010299956639812
NZ_CP018111.1,67946,<100 kb,tRNA-,6.0,0.8450980400142568
NZ_CP013186.1,77339,<100 kb,tRNA-,3.0,0.6020599913279624
NZ_CP018207.1,113140,≥100 kb,tRNA-,19.0,1.3010299956639813
NZ_CP010118.1,8401,<100 kb,tRNA-,3.0,0.6020599913279624
NZ_CP010131.1,56460,<100 kb,tRNA-,1.0,0.3010299956639812
NZ_CP010138.1,83922,<100 kb,tRNA-,13.0,1.146128035678238
NZ_CP010141.1,174041,≥100 kb,tRNA-,18.0,1.2787536009528289
NZ_CP010142.1,90974,<100 kb,tRNA-,4.0,0.6989700043360189
NZ_CP010146.1,112874,≥100 kb,tRNA+,7.0,0.9030899869919435
NZ_CP010149.1,199494,≥100 kb,tRNA-,25.0,1.414973347970818
NZ_CP010154.1,78557,<100 kb,tRNA-,11.0,1.0791812460476249
NZ_CP010155.1,39406,<100 kb,tRNA-,3.0,0.6020599913279624
NZ_CP010164.1,29433,<100 kb,tRNA-,6.0,0.8450980400142568
NZ_CP010168.1,48243,<100 kb,tRNA-,8.0,0.9542425094393249
NZ_CP010174.1,106274,≥100 kb,tRNA-,17.0,1.255272505103306
NZ_CP010232.1,155425,≥100 kb,tRNA-,23.0,1.380211241711606
NZ_CP010233.1,136060,≥100 kb,tRNA-,8.0,0.9542425094393249
NZ_CP010243.1,131504,≥100 kb,tRNA-,9.0,1.0
NZ_CP017632.1,369298,≥100 kb,tRNA-,14.0,1.1760912590556813
NZ_CP017633.1,120528,≥100 kb,tRNA-,20.0,1.3222192947339193
NZ_CP019214.3,289260,≥100 kb,tRNA-,23.0,1.380211241711606
NZ_CP019356.1,275899,≥100 kb,tRNA-,22.0,1.3617278360175928
NZ_CP019357.1,67403,<100 kb,tRNA-,5.0,0.7781512503836436
NZ_CP019358.1,86028,<100 kb,tRNA-,1.0,0.3010299956639812
NZ_CP019910.1,68786,<100 kb,tRNA-,1.0,0.3010299956639812
NZ_CP019905.1,142304,≥100 kb,tRNA-,10.0,1.0413926851582251
NZ_CP018947.1,143972,≥100 kb,tRNA-,3.0,0.6020599913279624
NZ_CP018944.1,27133,<100 kb,tRNA-,1.0,0.3010299956639812
NZ_CP018945.1,55436,<100 kb,tRNA-,8.0,0.9542425094393249
NZ_CP018949.1,16559,<100 kb,tRNA-,4.0,0.6989700043360189
NZ_CP018954.1,97654,<100 kb,tRNA-,11.0,1.0791812460476249
NZ_CP018956.1,216226,≥100 kb,tRNA-,12.0,1.1139433523068367
NZ_CP018964.1,118495,≥100 kb,tRNA-,9.0,1.0
NZ_CP018963.1,54644,<100 kb,tRNA-,4.0,0.6989700043360189
NZ_CP018969.1,82364,<100 kb,tRNA-,3.0,0.6020599913279624
NZ_CP018968.1,44320,<100 kb,tRNA-,4.0,0.6989700043360189
NZ_CP018975.1,95926,<100 kb,tRNA-,5.0,0.7781512503836436
NZ_CP018974.1,70876,<100 kb,tRNA-,6.0,0.8450980400142568
NZ_CP018978.1,117844,≥100 kb,tRNA-,4.0,0.6989700043360189
NZ_CP018977.1,58431,<100 kb,tRNA-,6.0,0.8450980400142568
NZ_CP018990.1,150994,≥100 kb,tRNA-,7.0,0.9030899869919435
NZ_CP018989.1,85865,<100 kb,tRNA-,7.0,0.9030899869919435
NZ_CP018994.1,154853,≥100 kb,tRNA-,8.0,0.9542425094393249
NZ_CP018993.1,116562,≥100 kb,tRNA-,6.0,0.8450980400142568
NZ_CP018992.1,110226,≥100 kb,tRNA-,7.0,0.9030899869919435
NZ_CP019001.1,272202,≥100 kb,tRNA-,19.0,1.3010299956639813
NZ_CP019006.1,47531,<100 kb,tRNA-,10.0,1.0413926851582251
NZ_CP019014.1,142829,≥100 kb,tRNA-,11.0,1.0791812460476249
NZ_CP018982.1,100168,≥100 kb,tRNA-,13.0,1.146128035678238
NZ_CP018981.1,14029,<100 kb,tRNA-,4.0,0.6989700043360189
NZ_CP019028.1,147346,≥100 kb,tRNA-,10.0,1.0413926851582251
NZ_CP019026.1,59373,<100 kb,tRNA-,11.0,1.0791812460476249
NZ_CP018998.1,99006,<100 kb,tRNA-,6.0,0.8450980400142568
NZ_CP018999.1,146162,≥100 kb,tRNA-,17.0,1.255272505103306
NZ_CP019009.1,130905,≥100 kb,tRNA-,14.0,1.1760912590556813
NZ_CP019010.1,55746,<100 kb,tRNA-,3.0,0.6020599913279624
NZ_CP019019.1,199671,≥100 kb,tRNA-,1.0,0.3010299956639812
NZ_CP019017.1,73464,<100 kb,tRNA-,14.0,1.1760912590556813
NZ_CP020049.1,141885,≥100 kb,tRNA-,9.0,1.0
NZ_CP020059.1,87982,<100 kb,tRNA-,14.0,1.1760912590556813
NZ_CP020060.1,50999,<100 kb,tRNA-,7.0,0.9030899869919435
NZ_CP020056.1,136975,≥100 kb,tRNA-,8.0,0.9542425094393249
NZ_CP020057.1,31196,<100 kb,tRNA-,2.0,0.47712125471966244
NZ_CP020117.1,107210,≥100 kb,tRNA-,13.0,1.146128035678238
NZ_CP020119.1,51515,<100 kb,tRNA-,9.0,1.0
NZ_CP017221.1,147225,≥100 kb,tRNA-,16.0,1.2304489213782739
NZ_CP017222.1,54159,<100 kb,tRNA-,3.0,0.6020599913279624
NZ_CP020934.1,151137,≥100 kb,tRNA-,15.0,1.2041199826559248
NZ_CP021203.1,183508,≥100 kb,tRNA+,11.0,1.0791812460476249
NZ_CP021204.1,92438,<100 kb,tRNA-,3.0,0.6020599913279624
NZ_CP021206.1,111688,≥100 kb,tRNA-,15.0,1.2041199826559248
NZ_CP021177.1,154099,≥100 kb,tRNA-,10.0,1.0413926851582251
NZ_CP021208.1,86725,<100 kb,tRNA-,1.0,0.3010299956639812
NZ_CP021209.1,223982,≥100 kb,tRNA-,6.0,0.8450980400142568
NZ_CP021210.1,75553,<100 kb,tRNA-,4.0,0.6989700043360189
NZ_CP021180.1,135720,≥100 kb,tRNA-,13.0,1.146128035678238
NZ_CP019561.1,148529,≥100 kb,tRNA-,1.0,0.3010299956639812
NZ_CP019559.1,277790,≥100 kb,tRNA-,4.0,0.6989700043360189
NZ_CP032878.1,45484,<100 kb,tRNA-,4.0,0.6989700043360189
NZ_CP032877.1,150853,≥100 kb,tRNA-,12.0,1.1139433523068367
NZ_CP022226.2,45476,<100 kb,tRNA-,4.0,0.6989700043360189
NZ_CP022227.3,150853,≥100 kb,tRNA-,11.0,1.0791812460476249
NZ_CP028588.1,42856,<100 kb,tRNA-,4.0,0.6989700043360189
NZ_CP028587.1,150853,≥100 kb,tRNA-,11.0,1.0791812460476249
NZ_CP034964.1,87704,<100 kb,tRNA-,14.0,1.1760912590556813
NZ_CP034963.1,38448,<100 kb,tRNA-,1.0,0.3010299956639812
NZ_CP034957.1,46161,<100 kb,tRNA-,3.0,0.6020599913279624
NZ_CP034956.1,98397,<100 kb,tRNA-,20.0,1.3222192947339193
NZ_CP032888.1,109553,≥100 kb,tRNA-,8.0,0.9542425094393249
NZ_CP032890.1,91014,<100 kb,tRNA-,5.0,0.7781512503836436
NZ_CP032425.1,88392,<100 kb,tRNA-,2.0,0.47712125471966244
NZ_CP021533.1,48528,<100 kb,tRNA-,1.0,0.3010299956639812
NZ_CP021536.1,244955,≥100 kb,tRNA-,15.0,1.2041199826559248
NZ_CP021538.1,64372,<100 kb,tRNA-,6.0,0.8450980400142568
NZ_CP021681.1,95850,<100 kb,tRNA-,7.0,0.9030899869919435
NZ_CP021684.1,84929,<100 kb,tRNA-,9.0,1.0
NZ_CP021690.1,163045,≥100 kb,tRNA-,32.0,1.5185139398778875
NZ_CP021693.1,50228,<100 kb,tRNA-,4.0,0.6989700043360189
NZ_CP021719.1,128094,≥100 kb,tRNA-,5.0,0.7781512503836436
NZ_CP021720.1,216378,≥100 kb,tRNA+,4.0,0.6989700043360189
NZ_CP021733.1,114267,≥100 kb,tRNA-,10.0,1.0413926851582251
NZ_CP021734.1,85195,<100 kb,tRNA-,8.0,0.9542425094393249
NZ_CP021737.1,117703,≥100 kb,tRNA-,7.0,0.9030899869919435
NZ_CP021739.1,50235,<100 kb,tRNA-,4.0,0.6989700043360189
NZ_CP021871.1,134899,≥100 kb,tRNA-,13.0,1.146128035678238
NZ_CP021841.1,118934,≥100 kb,tRNA-,2.0,0.47712125471966244
NZ_CP021842.1,92385,<100 kb,tRNA-,4.0,0.6989700043360189
NZ_CP021843.1,78672,<100 kb,tRNA-,7.0,0.9030899869919435
NZ_CP021845.1,125099,≥100 kb,tRNA-,2.0,0.47712125471966244
NZ_CP021846.1,92350,<100 kb,tRNA-,3.0,0.6020599913279624
NZ_CP021847.1,84091,<100 kb,tRNA-,7.0,0.9030899869919435
NZ_CP021880.1,169449,≥100 kb,tRNA-,11.0,1.0791812460476249
NZ_CP021881.1,101165,≥100 kb,tRNA-,14.0,1.1760912590556813
NZ_CP021882.1,67973,<100 kb,tRNA-,1.0,0.3010299956639812
NZ_CP021936.1,138340,≥100 kb,tRNA-,9.0,1.0
NZ_CP021937.1,151110,≥100 kb,tRNA-,14.0,1.1760912590556813
NZ_CP022157.1,57232,<100 kb,tRNA-,4.0,0.6989700043360189
NZ_CP022165.1,233149,≥100 kb,tRNA-,6.0,0.8450980400142568
NZ_CP022166.1,173624,≥100 kb,tRNA-,8.0,0.9542425094393249
NZ_CP023552.1,77422,<100 kb,tRNA-,3.0,0.6020599913279624
NZ_CP018625.1,111755,≥100 kb,tRNA-,7.0,0.9030899869919435
NZ_CP041111.1,96497,<100 kb,tRNA-,9.0,1.0
NZ_CP041112.1,87516,<100 kb,tRNA-,12.0,1.1139433523068367
NZ_CP041114.1,58983,<100 kb,tRNA-,4.0,0.6989700043360189
NZ_CP023143.1,228947,≥100 kb,tRNA-,9.0,1.0
NZ_CP023145.1,87173,<100 kb,tRNA-,10.0,1.0413926851582251
NZ_CP021289.1,147172,≥100 kb,tRNA-,5.0,0.7781512503836436
NZ_CP023351.1,77345,<100 kb,tRNA-,8.0,0.9542425094393249
NZ_CP023360.1,53914,<100 kb,tRNA-,5.0,0.7781512503836436
NZ_CP023362.1,85570,<100 kb,tRNA-,3.0,0.6020599913279624
NZ_CP023363.1,134388,≥100 kb,tRNA-,7.0,0.9030899869919435
NZ_CP023387.1,86147,<100 kb,tRNA-,3.0,0.6020599913279624
NZ_CP023356.1,94881,<100 kb,tRNA-,3.0,0.6020599913279624
NZ_CP023380.1,43592,<100 kb,tRNA-,5.0,0.7781512503836436
NZ_CP023382.1,95720,<100 kb,tRNA-,3.0,0.6020599913279624
NZ_CP023378.1,123289,≥100 kb,tRNA-,9.0,1.0
NZ_CP023369.1,66332,<100 kb,tRNA-,2.0,0.47712125471966244
NZ_CP023370.1,96402,<100 kb,tRNA-,3.0,0.6020599913279624
NZ_CP023385.1,87770,<100 kb,tRNA-,3.0,0.6020599913279624
NZ_CP023375.1,6800,<100 kb,tRNA-,3.0,0.6020599913279624
NZ_CP023376.1,92420,<100 kb,tRNA-,3.0,0.6020599913279624
NZ_CP023372.1,109207,≥100 kb,tRNA-,1.0,0.3010299956639812
NZ_AP017621.1,116529,≥100 kb,tRNA-,12.0,1.1139433523068367
NZ_AP017618.1,116529,≥100 kb,tRNA-,12.0,1.1139433523068367
NZ_AP017613.1,108957,≥100 kb,tRNA-,2.0,0.47712125471966244
NZ_CP023534.1,108679,≥100 kb,tRNA-,5.0,0.7781512503836436
NZ_CP023816.1,145883,≥100 kb,tRNA-,18.0,1.2787536009528289
NZ_CP030921.1,109118,≥100 kb,tRNA-,4.0,0.6989700043360189
NZ_CP023903.1,101274,≥100 kb,tRNA-,5.0,0.7781512503836436
NZ_CP023895.1,91648,<100 kb,tRNA-,12.0,1.1139433523068367
NZ_CP023897.1,51479,<100 kb,tRNA-,3.0,0.6020599913279624
NZ_CP023900.1,34323,<100 kb,tRNA-,1.0,0.3010299956639812
NZ_CP023959.1,128761,≥100 kb,tRNA-,14.0,1.1760912590556813
NZ_CP023957.1,48550,<100 kb,tRNA-,1.0,0.3010299956639812
NZ_CP024254.1,107732,≥100 kb,tRNA-,2.0,0.47712125471966244
NZ_CP024281.1,84894,<100 kb,tRNA-,1.0,0.3010299956639812
NZ_CP024285.1,127606,≥100 kb,tRNA-,5.0,0.7781512503836436
NZ_CP024287.1,124142,≥100 kb,tRNA-,2.0,0.47712125471966244
NZ_CP024651.1,14241,<100 kb,tRNA-,3.0,0.6020599913279624
NZ_CP024652.2,107274,≥100 kb,tRNA-,9.0,1.0
NZ_CP024721.1,111776,≥100 kb,tRNA-,7.0,0.9030899869919435
NZ_CP024718.1,111779,≥100 kb,tRNA-,7.0,0.9030899869919435
NZ_CP024831.1,216181,≥100 kb,tRNA-,16.0,1.2304489213782739
NZ_CP024852.1,167974,≥100 kb,tRNA-,18.0,1.2787536009528289
NZ_CP024854.1,96413,<100 kb,tRNA-,3.0,0.6020599913279624
NZ_CP024860.1,172588,≥100 kb,tRNA-,5.0,0.7781512503836436
NZ_CP024816.1,176274,≥100 kb,tRNA-,17.0,1.255272505103306
NZ_CP024818.1,46161,<100 kb,tRNA-,3.0,0.6020599913279624
NZ_CP024827.1,122937,≥100 kb,tRNA-,10.0,1.0413926851582251
NZ_CP024828.1,51455,<100 kb,tRNA-,6.0,0.8450980400142568
NZ_CP024863.1,139059,≥100 kb,tRNA-,25.0,1.414973347970818
NZ_CP024864.1,88768,<100 kb,tRNA-,3.0,0.6020599913279624
NZ_CP024822.1,118156,≥100 kb,tRNA-,4.0,0.6989700043360189
NZ_CP024823.1,64564,<100 kb,tRNA-,2.0,0.47712125471966244
NZ_CP024824.1,62815,<100 kb,tRNA-,5.0,0.7781512503836436
NZ_CP024856.1,181436,≥100 kb,tRNA-,5.0,0.7781512503836436
NZ_CP024857.1,76680,<100 kb,tRNA-,3.0,0.6020599913279624
NZ_CP024888.1,76754,<100 kb,tRNA-,3.0,0.6020599913279624
NZ_CP024805.1,111310,≥100 kb,tRNA-,28.0,1.462397997898956
NZ_CP024806.1,51479,<100 kb,tRNA-,2.0,0.47712125471966244
NZ_CP027202.2,265538,≥100 kb,tRNA-,30.0,1.4913616938342726
NZ_CP027200.1,75779,<100 kb,tRNA-,17.0,1.255272505103306
NZ_CP025329.1,286854,≥100 kb,tRNA-,3.0,0.6020599913279624
NZ_CP025402.1,241162,≥100 kb,tRNA-,19.0,1.3010299956639813
NZ_CP025944.3,89313,<100 kb,tRNA-,4.0,0.6989700043360189
NZ_CP025949.1,73313,<100 kb,tRNA-,9.0,1.0
NZ_CP024136.1,93781,<100 kb,tRNA-,22.0,1.3617278360175928
NZ_CP024139.1,64765,<100 kb,tRNA-,1.0,0.3010299956639812
NZ_CP024140.1,166233,≥100 kb,tRNA-,10.0,1.0413926851582251
NZ_CP024143.1,254423,≥100 kb,tRNA-,24.0,1.3979400086720377
NZ_CP024144.1,96973,<100 kb,tRNA-,8.0,0.9542425094393249
NZ_CP024156.1,60258,<100 kb,tRNA-,1.0,0.3010299956639812
NZ_CP024157.1,88736,<100 kb,tRNA-,7.0,0.9030899869919435
NZ_CP024148.1,62585,<100 kb,tRNA-,1.0,0.3010299956639812
NZ_CP024149.1,33301,<100 kb,tRNA-,1.0,0.3010299956639812
NZ_CP024153.1,98181,<100 kb,tRNA-,18.0,1.2787536009528289
NZ_CP024128.1,50013,<100 kb,tRNA-,1.0,0.3010299956639812
NZ_CP024129.1,123884,≥100 kb,tRNA-,2.0,0.47712125471966244
NZ_CP024130.1,88460,<100 kb,tRNA-,13.0,1.146128035678238
NZ_CP024132.1,35098,<100 kb,tRNA-,1.0,0.3010299956639812
NZ_CP024133.1,190293,≥100 kb,tRNA-,8.0,0.9542425094393249
NZ_CP025253.1,105801,≥100 kb,tRNA-,9.0,1.0
NZ_CP019052.1,65533,<100 kb,tRNA-,2.0,0.47712125471966244
NZ_CP019053.1,155802,≥100 kb,tRNA-,19.0,1.3010299956639813
NZ_CP019054.1,116028,≥100 kb,tRNA+,9.0,1.0
NZ_CP019072.1,33858,<100 kb,tRNA-,1.0,0.3010299956639812
NZ_CP019074.1,73992,<100 kb,tRNA-,20.0,1.3222192947339193
NZ_CP019076.1,127772,≥100 kb,tRNA-,11.0,1.0791812460476249
NZ_CP025626.1,144225,≥100 kb,tRNA-,25.0,1.414973347970818
NZ_CP025677.1,129356,≥100 kb,tRNA-,16.0,1.2304489213782739
NZ_CP025751.1,110160,≥100 kb,tRNA-,4.0,0.6989700043360189
NZ_CP026207.1,202687,≥100 kb,tRNA-,14.0,1.1760912590556813
NZ_CP026205.1,77775,<100 kb,tRNA-,4.0,0.6989700043360189
NZ_CP026204.1,76500,<100 kb,tRNA-,4.0,0.6989700043360189
NZ_CP026201.1,100989,≥100 kb,tRNA-,18.0,1.2787536009528289
NZ_CP026200.1,97800,<100 kb,tRNA-,11.0,1.0791812460476249
NZ_CP025708.1,184098,≥100 kb,tRNA-,20.0,1.3222192947339193
NZ_CP025710.1,70372,<100 kb,tRNA-,12.0,1.1139433523068367
NZ_CP025709.1,85535,<100 kb,tRNA-,1.0,0.3010299956639812
NZ_CP026401.1,20245,<100 kb,tRNA-,4.0,0.6989700043360189
NZ_CP026405.1,186884,≥100 kb,tRNA-,8.0,0.9542425094393249
NZ_CP026572.2,6200,<100 kb,tRNA-,3.0,0.6020599913279624
NZ_CP026578.2,121908,≥100 kb,tRNA-,6.0,0.8450980400142568
NZ_CP026579.1,100229,≥100 kb,tRNA-,11.0,1.0791812460476249
NZ_CP026576.2,70688,<100 kb,tRNA-,5.0,0.7781512503836436
NZ_CP026727.1,51479,<100 kb,tRNA-,2.0,0.47712125471966244
NZ_CP019276.1,91701,<100 kb,tRNA-,2.0,0.47712125471966244
NZ_CP021103.1,80206,<100 kb,tRNA-,10.0,1.0413926851582251
NZ_CP019244.1,71430,<100 kb,tRNA-,10.0,1.0413926851582251
NZ_CP019247.1,151049,≥100 kb,tRNA-,22.0,1.3617278360175928
NZ_CP019248.1,121975,≥100 kb,tRNA-,2.0,0.47712125471966244
NZ_CP019251.1,162357,≥100 kb,tRNA-,21.0,1.3424226808222062
NZ_CP019253.1,120300,≥100 kb,tRNA-,4.0,0.6989700043360189
NZ_CP019282.1,149520,≥100 kb,tRNA-,22.0,1.3617278360175928
NZ_CP019284.1,93578,<100 kb,tRNA-,8.0,0.9542425094393249
NZ_CP019260.1,251286,≥100 kb,tRNA-,14.0,1.1760912590556813
NZ_CP019261.1,138610,≥100 kb,tRNA-,16.0,1.2304489213782739
NZ_CP019262.1,149653,≥100 kb,tRNA-,23.0,1.380211241711606
NZ_CP019264.1,82265,<100 kb,tRNA-,1.0,0.3010299956639812
NZ_CP019268.1,125272,≥100 kb,tRNA-,21.0,1.3424226808222062
NZ_CP019269.1,65009,<100 kb,tRNA-,2.0,0.47712125471966244
NZ_CP021727.1,224039,≥100 kb,tRNA-,13.0,1.146128035678238
NZ_CP021728.1,169487,≥100 kb,tRNA-,17.0,1.255272505103306
NZ_CP030780.2,80632,<100 kb,tRNA-,6.0,0.8450980400142568
NZ_CP070289.2,94500,<100 kb,tRNA-,2.0,0.47712125471966244
NZ_CP070293.1,107432,≥100 kb,tRNA-,2.0,0.47712125471966244
NZ_CP070297.1,266043,≥100 kb,tRNA-,17.0,1.255272505103306
NZ_CP070300.1,97847,<100 kb,tRNA-,2.0,0.47712125471966244
NZ_CP110261.1,148447,≥100 kb,tRNA-,1.0,0.3010299956639812
NZ_CP117585.1,13675,<100 kb,tRNA-,9.0,1.0
NZ_CP117597.1,7076,<100 kb,tRNA-,3.0,0.6020599913279624
NZ_CP117671.1,5952,<100 kb,tRNA-,3.0,0.6020599913279624
NZ_CP130157.1,192284,≥100 kb,tRNA-,7.0,0.9030899869919435
NZ_CP130158.1,75276,<100 kb,tRNA-,1.0,0.3010299956639812
NZ_CP136259.1,122474,≥100 kb,tRNA-,11.0,1.0791812460476249
NZ_CP136260.1,66386,<100 kb,tRNA-,1.0,0.3010299956639812
NZ_CP141902.1,180516,≥100 kb,tRNA-,1.0,0.3010299956639812
NZ_CP157784.1,209400,≥100 kb,tRNA-,16.0,1.2304489213782739
NZ_CP157785.1,95634,<100 kb,tRNA-,11.0,1.0791812460476249
NZ_CP157791.1,43045,<100 kb,tRNA-,1.0,0.3010299956639812
NZ_CP026494.1,201203,≥100 kb,tRNA-,1.0,0.3010299956639812
NZ_CP026492.1,264344,≥100 kb,tRNA-,33.0,1.5314789170422551
NZ_CP026474.1,107229,≥100 kb,tRNA-,26.0,1.4313637641589874
NZ_CP026476.1,51479,<100 kb,tRNA-,3.0,0.6020599913279624
NZ_CP027138.1,90735,<100 kb,tRNA-,12.0,1.1139433523068367
NZ_CP027135.1,151026,≥100 kb,tRNA-,7.0,0.9030899869919435
NZ_CP019272.1,129452,≥100 kb,tRNA-,20.0,1.3222192947339193
NZ_CP021087.1,169505,≥100 kb,tRNA-,15.0,1.2041199826559248
NZ_CP027130.1,170292,≥100 kb,tRNA-,12.0,1.1139433523068367
NZ_CP027535.1,101207,≥100 kb,tRNA-,3.0,0.6020599913279624
NZ_CP027537.1,100279,≥100 kb,tRNA-,3.0,0.6020599913279624
NZ_CP027536.1,72482,<100 kb,tRNA-,3.0,0.6020599913279624
NZ_CP027127.1,98987,<100 kb,tRNA-,3.0,0.6020599913279624
NZ_CP027554.1,70129,<100 kb,tRNA-,6.0,0.8450980400142568
NZ_CP027600.1,120604,≥100 kb,tRNA-,8.0,0.9542425094393249
NZ_CP027332.1,20839,<100 kb,tRNA-,1.0,0.3010299956639812
NZ_CP027357.1,131463,≥100 kb,tRNA-,1.0,0.3010299956639812
NZ_CP027383.1,73784,<100 kb,tRNA-,7.0,0.9030899869919435
NZ_CP027385.1,118259,≥100 kb,tRNA-,9.0,1.0
NZ_CP026855.1,84078,<100 kb,tRNA-,3.0,0.6020599913279624
NZ_CP028168.1,119076,≥100 kb,tRNA-,11.0,1.0791812460476249
NZ_CP027703.1,173882,≥100 kb,tRNA-,16.0,1.2304489213782739
NZ_CP020510.1,118182,≥100 kb,tRNA-,19.0,1.3010299956639813
NZ_CP020512.1,46159,<100 kb,tRNA-,3.0,0.6020599913279624
NZ_CP020515.1,158757,≥100 kb,tRNA-,17.0,1.255272505103306
NZ_CP020519.1,120667,≥100 kb,tRNA-,13.0,1.146128035678238
NZ_CP020517.1,109864,≥100 kb,tRNA-,14.0,1.1760912590556813
NZ_CP020524.1,177196,≥100 kb,tRNA-,12.0,1.1139433523068367
NZ_CP020523.1,113880,≥100 kb,tRNA-,12.0,1.1139433523068367
NZ_CP027119.1,86731,<100 kb,tRNA-,5.0,0.7781512503836436
NZ_CP028576.1,112422,≥100 kb,tRNA-,17.0,1.255272505103306
NZ_CP029104.1,76919,<100 kb,tRNA-,1.0,0.3010299956639812
NZ_CP029107.1,93435,<100 kb,tRNA-,6.0,0.8450980400142568
NZ_CP029113.1,114412,≥100 kb,tRNA-,6.0,0.8450980400142568
NZ_CP029116.1,25348,<100 kb,tRNA-,1.0,0.3010299956639812
NZ_CP029118.1,187909,≥100 kb,tRNA-,19.0,1.3010299956639813
NZ_CP029120.1,6172,<100 kb,tRNA-,3.0,0.6020599913279624
NZ_CP029110.1,91246,<100 kb,tRNA-,3.0,0.6020599913279624
NZ_CP029123.1,97471,<100 kb,tRNA-,9.0,1.0
NZ_CP020547.1,127809,≥100 kb,tRNA-,4.0,0.6989700043360189
NZ_CP020548.1,60959,<100 kb,tRNA-,1.0,0.3010299956639812
NZ_CP029181.1,145524,≥100 kb,tRNA-,14.0,1.1760912590556813
NZ_CP029182.1,31250,<100 kb,tRNA-,2.0,0.47712125471966244
NZ_CP029184.1,60942,<100 kb,tRNA-,1.0,0.3010299956639812
NZ_CP029243.1,146268,≥100 kb,tRNA-,5.0,0.7781512503836436
NZ_CP029244.1,139629,≥100 kb,tRNA-,10.0,1.0413926851582251
NZ_CP029575.1,156518,≥100 kb,tRNA-,21.0,1.3424226808222062
NZ_CP029580.1,178078,≥100 kb,tRNA-,23.0,1.380211241711606
NZ_CP029577.1,139191,≥100 kb,tRNA-,13.0,1.146128035678238
NZ_CP029578.1,70197,<100 kb,tRNA-,1.0,0.3010299956639812
NZ_CP028484.1,128911,≥100 kb,tRNA-,13.0,1.146128035678238
NZ_CP028486.1,52864,<100 kb,tRNA-,4.0,0.6989700043360189
NZ_CP029690.1,188342,≥100 kb,tRNA-,4.0,0.6989700043360189
NZ_CP029743.1,104555,≥100 kb,tRNA-,8.0,0.9542425094393249
NZ_CP029744.1,117192,≥100 kb,tRNA-,2.0,0.47712125471966244
NZ_CP029748.1,276880,≥100 kb,tRNA-,20.0,1.3222192947339193
NZ_CP029493.1,179444,≥100 kb,tRNA-,18.0,1.2787536009528289
NZ_CP029974.1,71718,<100 kb,tRNA-,5.0,0.7781512503836436
NZ_CP029975.1,113340,≥100 kb,tRNA-,9.0,1.0
NZ_CP029978.1,99465,<100 kb,tRNA-,12.0,1.1139433523068367
NZ_CP029368.1,122194,≥100 kb,tRNA-,3.0,0.6020599913279624
NZ_CP029367.1,34321,<100 kb,tRNA-,1.0,0.3010299956639812
NZ_CP030335.1,75281,<100 kb,tRNA-,11.0,1.0791812460476249
NZ_CP030329.1,128762,≥100 kb,tRNA-,15.0,1.2041199826559248
NZ_CP029979.1,36564,<100 kb,tRNA-,2.0,0.47712125471966244
NZ_CP030769.1,27128,<100 kb,tRNA-,1.0,0.3010299956639812
NZ_CP030770.1,149680,≥100 kb,tRNA-,10.0,1.0413926851582251
NZ_CP030940.1,257394,≥100 kb,tRNA-,35.0,1.5563025007672873
NZ_CP031106.1,131411,≥100 kb,tRNA-,5.0,0.7781512503836436
NZ_CP031109.1,46827,<100 kb,tRNA-,1.0,0.3010299956639812
NZ_CP031110.1,50124,<100 kb,tRNA-,3.0,0.6020599913279624
NZ_CP031137.1,77958,<100 kb,tRNA-,11.0,1.0791812460476249
NZ_CP031138.1,46157,<100 kb,tRNA-,3.0,0.6020599913279624
NZ_CP030112.1,88421,<100 kb,tRNA-,4.0,0.6989700043360189
NZ_CP031216.1,98533,<100 kb,tRNA-,18.0,1.2787536009528289
NZ_CP031233.1,98308,<100 kb,tRNA-,8.0,0.9542425094393249
NZ_CP031235.1,85456,<100 kb,tRNA-,10.0,1.0413926851582251
NZ_CP023733.1,70107,<100 kb,tRNA-,1.0,0.3010299956639812
NZ_CP031322.1,75645,<100 kb,tRNA-,8.0,0.9542425094393249
NZ_CP042970.1,33304,<100 kb,tRNA-,1.0,0.3010299956639812
NZ_CP042971.1,41491,<100 kb,tRNA-,2.0,0.47712125471966244
NZ_CP042972.1,129967,≥100 kb,tRNA-,7.0,0.9030899869919435
NZ_CP042974.1,117296,≥100 kb,tRNA-,19.0,1.3010299956639813
NZ_CP042900.1,117296,≥100 kb,tRNA-,16.0,1.2304489213782739
NZ_CP042902.1,113908,≥100 kb,tRNA-,18.0,1.2787536009528289
NZ_CP042894.1,141344,≥100 kb,tRNA-,10.0,1.0413926851582251
NZ_CP042895.1,258004,≥100 kb,tRNA-,17.0,1.255272505103306
NZ_CP042897.1,167754,≥100 kb,tRNA-,7.0,0.9030899869919435
NZ_CP042898.1,215531,≥100 kb,tRNA-,6.0,0.8450980400142568
NZ_CP031547.1,243642,≥100 kb,tRNA-,2.0,0.47712125471966244
NZ_CP031549.1,189020,≥100 kb,tRNA-,22.0,1.3617278360175928
NZ_CP031550.1,66945,<100 kb,tRNA-,1.0,0.3010299956639812
NZ_CP031610.1,160292,≥100 kb,tRNA-,13.0,1.146128035678238
NZ_CP031655.1,89335,<100 kb,tRNA-,5.0,0.7781512503836436
NZ_CP031656.1,59142,<100 kb,tRNA-,1.0,0.3010299956639812
NZ_CP030283.1,113645,≥100 kb,tRNA-,21.0,1.3424226808222062
NZ_CP030284.1,61476,<100 kb,tRNA-,1.0,0.3010299956639812
NZ_CP030285.1,92978,<100 kb,tRNA-,9.0,1.0
NZ_CP023062.1,77306,<100 kb,tRNA-,3.0,0.6020599913279624
NZ_CP032202.1,140509,≥100 kb,tRNA-,14.0,1.1760912590556813
NZ_CP032238.1,162163,≥100 kb,tRNA-,16.0,1.2304489213782739
NZ_CP032239.1,159756,≥100 kb,tRNA-,12.0,1.1139433523068367
NZ_CP032258.1,128033,≥100 kb,tRNA-,3.0,0.6020599913279624
NZ_CP032260.1,87423,<100 kb,tRNA-,3.0,0.6020599913279624
NZ_CP032262.1,75026,<100 kb,tRNA-,3.0,0.6020599913279624
NZ_CP032264.1,101614,≥100 kb,tRNA-,3.0,0.6020599913279624
NZ_CP032516.1,90328,<100 kb,tRNA-,5.0,0.7781512503836436
NZ_CP032988.1,84688,<100 kb,tRNA-,6.0,0.8450980400142568
NZ_CP032987.1,51622,<100 kb,tRNA-,1.0,0.3010299956639812
NZ_CP032991.1,83867,<100 kb,tRNA-,1.0,0.3010299956639812
NZ_CP032994.1,44779,<100 kb,tRNA-,3.0,0.6020599913279624
NZ_CP032995.1,72717,<100 kb,tRNA-,1.0,0.3010299956639812
NZ_CP032993.1,241043,≥100 kb,tRNA-,23.0,1.380211241711606
NZ_CP033093.1,38797,<100 kb,tRNA-,4.0,0.6989700043360189
NZ_CP033095.1,92168,<100 kb,tRNA-,10.0,1.0413926851582251
NZ_CP033094.1,231859,≥100 kb,tRNA-,20.0,1.3222192947339193
NZ_CP033251.1,164062,≥100 kb,tRNA-,12.0,1.1139433523068367
NZ_CP033379.1,167170,≥100 kb,tRNA-,11.0,1.0791812460476249
NZ_CP033400.1,91652,<100 kb,tRNA-,19.0,1.3010299956639813
NZ_CP033632.1,147451,≥100 kb,tRNA+,23.0,1.380211241711606
NZ_CP033636.1,253793,≥100 kb,tRNA-,21.0,1.3424226808222062
NZ_CP033761.1,111938,≥100 kb,tRNA-,8.0,0.9542425094393249
NZ_CP033847.1,143865,≥100 kb,tRNA-,5.0,0.7781512503836436
NZ_CP033883.1,88005,<100 kb,tRNA-,1.0,0.3010299956639812
NZ_CP033880.1,65499,<100 kb,tRNA-,2.0,0.47712125471966244
NZ_CP023835.1,152425,≥100 kb,tRNA-,8.0,0.9542425094393249
NZ_CP023850.1,138672,≥100 kb,tRNA-,11.0,1.0791812460476249
NZ_CP023854.1,135053,≥100 kb,tRNA-,9.0,1.0
NZ_CP023827.1,125877,≥100 kb,tRNA-,11.0,1.0791812460476249
NZ_CP023828.1,67839,<100 kb,tRNA-,3.0,0.6020599913279624
NZ_CP023821.1,113737,≥100 kb,tRNA-,6.0,0.8450980400142568
NZ_CP023845.1,181324,≥100 kb,tRNA-,16.0,1.2304489213782739
NZ_CP022732.1,113162,≥100 kb,tRNA-,4.0,0.6989700043360189
NZ_CP022735.1,241600,≥100 kb,tRNA-,15.0,1.2041199826559248
NZ_AP018147.1,102071,≥100 kb,tRNA-,17.0,1.255272505103306
NZ_AP019190.1,72781,<100 kb,tRNA-,1.0,0.3010299956639812
NZ_CP025853.1,36521,<100 kb,tRNA-,2.0,0.47712125471966244
NZ_CP025845.1,72294,<100 kb,tRNA-,7.0,0.9030899869919435
NZ_AP018797.1,125200,≥100 kb,tRNA-,8.0,0.9542425094393249
NZ_AP018799.1,92697,<100 kb,tRNA-,8.0,0.9542425094393249
NZ_AP018803.1,124261,≥100 kb,tRNA-,8.0,0.9542425094393249
NZ_AP018811.1,75799,<100 kb,tRNA-,6.0,0.8450980400142568
NZ_AP018812.1,62235,<100 kb,tRNA-,1.0,0.3010299956639812
NZ_CP034590.1,145704,≥100 kb,tRNA-,11.0,1.0791812460476249
NZ_CP034592.1,76559,<100 kb,tRNA-,5.0,0.7781512503836436
NZ_CP031295.1,245305,≥100 kb,tRNA-,13.0,1.146128035678238
NZ_CP031297.1,188230,≥100 kb,tRNA-,12.0,1.1139433523068367
NZ_CP034739.1,145346,≥100 kb,tRNA-,8.0,0.9542425094393249
NZ_CP034785.1,230964,≥100 kb,tRNA-,7.0,0.9030899869919435
NZ_CP034786.1,143706,≥100 kb,tRNA-,6.0,0.8450980400142568
NZ_CP034788.1,254365,≥100 kb,tRNA-,15.0,1.2041199826559248
NZ_CP034789.1,159108,≥100 kb,tRNA-,22.0,1.3617278360175928
NZ_CP035124.1,227349,≥100 kb,tRNA-,29.0,1.4771212547196624
NZ_CP034390.1,257270,≥100 kb,tRNA-,17.0,1.255272505103306
NZ_CP035489.1,1978,<100 kb,tRNA-,1.0,0.3010299956639812
NZ_CP035478.1,149312,≥100 kb,tRNA-,13.0,1.146128035678238
NZ_CP034401.1,134611,≥100 kb,tRNA-,21.0,1.3424226808222062
NZ_CP034405.1,61684,<100 kb,tRNA-,1.0,0.3010299956639812
NZ_CP034403.1,41191,<100 kb,tRNA-,3.0,0.6020599913279624
NZ_CP026642.1,250778,≥100 kb,tRNA-,15.0,1.2041199826559248
NZ_CP026644.1,65206,<100 kb,tRNA-,1.0,0.3010299956639812
NZ_CP035517.1,149317,≥100 kb,tRNA-,13.0,1.146128035678238
NZ_CP035468.1,151747,≥100 kb,tRNA-,14.0,1.1760912590556813
NZ_CP035721.1,109023,≥100 kb,tRNA-,10.0,1.0413926851582251
NZ_CP036180.1,109593,≥100 kb,tRNA-,10.0,1.0413926851582251
NZ_CP036181.1,103149,≥100 kb,tRNA-,5.0,0.7781512503836436
NZ_CP036178.1,238258,≥100 kb,tRNA-,22.0,1.3617278360175928
NZ_CP036204.1,65959,<100 kb,tRNA-,8.0,0.9542425094393249
NZ_CP036206.1,19897,<100 kb,tRNA-,6.0,0.8450980400142568
NZ_CP036205.1,51321,<100 kb,tRNA-,4.0,0.6989700043360189
NZ_CP035314.1,89963,<100 kb,tRNA-,1.0,0.3010299956639812
NZ_CP035316.1,30581,<100 kb,tRNA-,3.0,0.6020599913279624
NZ_CP035315.1,40654,<100 kb,tRNA-,1.0,0.3010299956639812
NZ_CP035313.1,96320,<100 kb,tRNA+,1.0,0.3010299956639812
NZ_CP037947.1,73152,<100 kb,tRNA-,8.0,0.9542425094393249
NZ_CP029058.1,253947,≥100 kb,tRNA-,21.0,1.3424226808222062
NZ_CP029059.1,61917,<100 kb,tRNA-,1.0,0.3010299956639812
NZ_CP029060.1,38749,<100 kb,tRNA-,3.0,0.6020599913279624
NZ_CP042337.1,159610,≥100 kb,tRNA-,6.0,0.8450980400142568
NZ_CP042339.1,55253,<100 kb,tRNA-,5.0,0.7781512503836436
NZ_CP042338.1,68545,<100 kb,tRNA-,3.0,0.6020599913279624
NZ_CP038181.1,33309,<100 kb,tRNA-,1.0,0.3010299956639812
NZ_CP038182.1,115257,≥100 kb,tRNA-,13.0,1.146128035678238
NZ_CP020496.1,120668,≥100 kb,tRNA-,12.0,1.1139433523068367
NZ_CP039299.1,105771,≥100 kb,tRNA-,1.0,0.3010299956639812
NZ_CP039301.1,17924,<100 kb,tRNA-,4.0,0.6989700043360189
NZ_CP037911.1,239511,≥100 kb,tRNA-,13.0,1.146128035678238
NZ_CP037912.1,149304,≥100 kb,tRNA-,9.0,1.0
NZ_CP037904.1,108366,≥100 kb,tRNA-,7.0,0.9030899869919435
NZ_CP037907.1,28942,<100 kb,tRNA-,3.0,0.6020599913279624
NZ_CP038139.1,265575,≥100 kb,tRNA-,30.0,1.4913616938342726
NZ_CP038140.1,138950,≥100 kb,tRNA-,23.0,1.380211241711606
NZ_CP038454.1,211718,≥100 kb,tRNA-,14.0,1.1760912590556813
NZ_CP038455.1,117599,≥100 kb,tRNA-,17.0,1.255272505103306
NZ_CP038456.1,67794,<100 kb,tRNA-,7.0,0.9030899869919435
NZ_CP038458.1,28640,<100 kb,tRNA-,4.0,0.6989700043360189
NZ_AP024113.1,126311,≥100 kb,tRNA-,3.0,0.6020599913279624
NZ_AP024115.1,109993,≥100 kb,tRNA-,5.0,0.7781512503836436
NZ_AP024116.1,95339,<100 kb,tRNA-,2.0,0.47712125471966244
NZ_AP024125.1,74684,<100 kb,tRNA-,5.0,0.7781512503836436
NZ_CP040398.1,98470,<100 kb,tRNA-,20.0,1.3222192947339193
NZ_CP040399.1,51478,<100 kb,tRNA-,2.0,0.47712125471966244
NZ_CP040884.1,145272,≥100 kb,tRNA-,9.0,1.0
NZ_CP040885.1,117590,≥100 kb,tRNA-,1.0,0.3010299956639812
NZ_CP029422.1,89323,<100 kb,tRNA-,3.0,0.6020599913279624
NZ_CP040068.1,210031,≥100 kb,tRNA-,11.0,1.0791812460476249
NZ_CP040070.1,82718,<100 kb,tRNA-,11.0,1.0791812460476249
NZ_CP041301.1,150137,≥100 kb,tRNA-,6.0,0.8450980400142568
NZ_CP041393.1,139547,≥100 kb,tRNA-,17.0,1.255272505103306
NZ_CP041394.1,137828,≥100 kb,tRNA-,5.0,0.7781512503836436
NZ_CP041920.1,122471,≥100 kb,tRNA-,7.0,0.9030899869919435
NZ_CP041921.1,65845,<100 kb,tRNA-,1.0,0.3010299956639812
NZ_CP041922.1,96668,<100 kb,tRNA+,1.0,0.3010299956639812
NZ_CP042245.1,285922,≥100 kb,tRNA-,4.0,0.6989700043360189
NZ_CP040455.1,101356,≥100 kb,tRNA-,4.0,0.6989700043360189
NZ_CP054408.1,147764,≥100 kb,tRNA-,20.0,1.3222192947339193
NZ_CP042586.1,146133,≥100 kb,tRNA-,7.0,0.9030899869919435
NZ_CP042587.1,246716,≥100 kb,tRNA-,14.0,1.1760912590556813
NZ_CP042868.1,279992,≥100 kb,tRNA-,19.0,1.3010299956639813
NZ_CP042870.1,11153,<100 kb,tRNA-,2.0,0.47712125471966244
NZ_CP042866.1,266396,≥100 kb,tRNA-,19.0,1.3010299956639813
NZ_CP040928.1,163111,≥100 kb,tRNA+,20.0,1.3222192947339193
NZ_CP040929.1,57104,<100 kb,tRNA-,4.0,0.6989700043360189
NZ_CP043229.1,67616,<100 kb,tRNA-,5.0,0.7781512503836436
NZ_CP043230.1,99461,<100 kb,tRNA-,12.0,1.1139433523068367
NZ_CP043228.1,115935,≥100 kb,tRNA-,9.0,1.0
NZ_CP041997.1,278067,≥100 kb,tRNA-,16.0,1.2304489213782739
NZ_CP126599.1,90204,<100 kb,tRNA-,1.0,0.3010299956639812
NZ_CP126603.1,119797,≥100 kb,tRNA-,2.0,0.47712125471966244
NZ_CP126615.1,179575,≥100 kb,tRNA-,8.0,0.9542425094393249
NZ_CP041679.1,88891,<100 kb,tRNA-,1.0,0.3010299956639812
NZ_CP043949.1,66611,<100 kb,tRNA-,8.0,0.9542425094393249
NZ_CP043948.1,99454,<100 kb,tRNA-,12.0,1.1139433523068367
NZ_CP043947.1,115932,≥100 kb,tRNA-,9.0,1.0
NZ_CP043945.1,66573,<100 kb,tRNA-,5.0,0.7781512503836436
NZ_CP043944.1,99465,<100 kb,tRNA-,11.0,1.0791812460476249
NZ_CP043943.1,115609,≥100 kb,tRNA-,9.0,1.0
NZ_CP043951.1,228062,≥100 kb,tRNA-,8.0,0.9542425094393249
NZ_CP040270.1,91123,<100 kb,tRNA-,5.0,0.7781512503836436
NZ_CP041449.1,190128,≥100 kb,tRNA-,8.0,0.9542425094393249
NZ_CP041444.1,78706,<100 kb,tRNA-,9.0,1.0
NZ_CP041443.1,101987,≥100 kb,tRNA-,11.0,1.0791812460476249
NZ_CP041439.1,106630,≥100 kb,tRNA-,10.0,1.0413926851582251
NZ_CP041441.1,122347,≥100 kb,tRNA-,9.0,1.0
NZ_CP041453.1,92973,<100 kb,tRNA-,7.0,0.9030899869919435
NZ_CP042589.1,42683,<100 kb,tRNA-,4.0,0.6989700043360189
NZ_CP043035.1,108364,≥100 kb,tRNA-,5.0,0.7781512503836436
NZ_CP043034.1,224961,≥100 kb,tRNA-,15.0,1.2041199826559248
NZ_AP019676.1,145389,≥100 kb,tRNA-,6.0,0.8450980400142568
NZ_AP019678.1,49365,<100 kb,tRNA-,8.0,0.9542425094393249
NZ_CP045278.1,111694,≥100 kb,tRNA+,2.0,0.47712125471966244
NZ_CP045742.1,180783,≥100 kb,tRNA-,10.0,1.0413926851582251
NZ_CP041338.1,161372,≥100 kb,tRNA-,9.0,1.0
NZ_CP041339.1,79945,<100 kb,tRNA-,4.0,0.6989700043360189
NZ_CP046001.1,73506,<100 kb,tRNA-,3.0,0.6020599913279624
NZ_CP046002.1,59351,<100 kb,tRNA-,4.0,0.6989700043360189
NZ_CP045998.1,59353,<100 kb,tRNA-,2.0,0.47712125471966244
NZ_CP046004.1,219101,≥100 kb,tRNA-,14.0,1.1760912590556813
NZ_CP046007.1,186058,≥100 kb,tRNA-,8.0,0.9542425094393249
NZ_CP041956.1,74945,<100 kb,tRNA-,10.0,1.0413926851582251
NZ_CP041957.1,83648,<100 kb,tRNA-,4.0,0.6989700043360189
NZ_CP041959.1,84917,<100 kb,tRNA-,1.0,0.3010299956639812
NZ_CP046260.1,108424,≥100 kb,tRNA-,4.0,0.6989700043360189
NZ_CP045188.1,115253,≥100 kb,tRNA-,15.0,1.2041199826559248
NZ_CP041032.1,126409,≥100 kb,tRNA-,10.0,1.0413926851582251
NZ_CP041033.1,51479,<100 kb,tRNA-,3.0,0.6020599913279624
NZ_CP044294.1,97529,<100 kb,tRNA-,5.0,0.7781512503836436
NZ_CP026930.2,129230,≥100 kb,tRNA+,5.0,0.7781512503836436
NZ_CP026933.2,268665,≥100 kb,tRNA-,22.0,1.3617278360175928
NZ_CP026934.1,145001,≥100 kb,tRNA-,9.0,1.0
NZ_CP026936.2,192449,≥100 kb,tRNA-,7.0,0.9030899869919435
NZ_CP026937.1,131954,≥100 kb,tRNA-,14.0,1.1760912590556813
NZ_CP026940.2,155171,≥100 kb,tRNA-,8.0,0.9542425094393249
NZ_CP026941.2,111822,≥100 kb,tRNA-,3.0,0.6020599913279624
NZ_CP047572.1,127645,≥100 kb,tRNA-,9.0,1.0
NZ_CP047573.1,113013,≥100 kb,tRNA-,7.0,0.9030899869919435
NZ_CP047577.1,178137,≥100 kb,tRNA-,4.0,0.6989700043360189
NZ_CP047578.1,134426,≥100 kb,tRNA-,9.0,1.0
NZ_CP047579.1,60960,<100 kb,tRNA-,1.0,0.3010299956639812
NZ_CP047659.1,251000,≥100 kb,tRNA-,15.0,1.2041199826559248
NZ_CP047667.1,135123,≥100 kb,tRNA-,6.0,0.8450980400142568
NZ_CP047666.1,251000,≥100 kb,tRNA-,15.0,1.2041199826559248
NZ_CP047664.1,33309,<100 kb,tRNA-,1.0,0.3010299956639812
NZ_CP047878.1,135123,≥100 kb,tRNA-,6.0,0.8450980400142568
NZ_CP047877.1,251000,≥100 kb,tRNA-,15.0,1.2041199826559248
NZ_CP041631.1,27108,<100 kb,tRNA-,4.0,0.6989700043360189
NZ_CP041629.1,98476,<100 kb,tRNA-,18.0,1.2787536009528289
NZ_CP041417.1,306181,≥100 kb,tRNA+,7.0,0.9030899869919435
NZ_CP048026.1,142236,≥100 kb,tRNA-,20.0,1.3222192947339193
NZ_CP048027.1,88706,<100 kb,tRNA-,5.0,0.7781512503836436
NZ_CP048305.1,159959,≥100 kb,tRNA-,10.0,1.0413926851582251
NZ_CP048307.1,94239,<100 kb,tRNA-,25.0,1.414973347970818
NZ_CP048309.1,24518,<100 kb,tRNA-,1.0,0.3010299956639812
NZ_CP048311.1,170395,≥100 kb,tRNA-,13.0,1.146128035678238
NZ_CP048313.1,6200,<100 kb,tRNA-,3.0,0.6020599913279624
NZ_CP048321.1,50168,<100 kb,tRNA-,2.0,0.47712125471966244
NZ_CP048325.1,50136,<100 kb,tRNA-,3.0,0.6020599913279624
NZ_CP048338.1,155486,≥100 kb,tRNA-,10.0,1.0413926851582251
NZ_CP048327.1,51471,<100 kb,tRNA-,3.0,0.6020599913279624
NZ_CP048331.1,129675,≥100 kb,tRNA-,9.0,1.0
NZ_CP048332.1,51479,<100 kb,tRNA-,3.0,0.6020599913279624
NZ_CP048345.1,97111,<100 kb,tRNA-,17.0,1.255272505103306
NZ_CP048346.1,51466,<100 kb,tRNA-,3.0,0.6020599913279624
NZ_CP048360.1,144585,≥100 kb,tRNA-,11.0,1.0791812460476249
NZ_CP048364.1,7872,<100 kb,tRNA-,2.0,0.47712125471966244
NZ_CP048372.1,90244,<100 kb,tRNA-,10.0,1.0413926851582251
NZ_CP048373.1,71270,<100 kb,tRNA-,1.0,0.3010299956639812
NZ_CP048374.1,10494,<100 kb,tRNA-,8.0,0.9542425094393249
NZ_CP048368.1,132482,≥100 kb,tRNA-,15.0,1.2041199826559248
NZ_CP048377.1,86996,<100 kb,tRNA-,13.0,1.146128035678238
NZ_CP048648.1,126964,≥100 kb,tRNA-,5.0,0.7781512503836436
NZ_CP049102.1,168051,≥100 kb,tRNA-,7.0,0.9030899869919435
NZ_CP049103.1,63295,<100 kb,tRNA-,2.0,0.47712125471966244
NZ_CP033159.1,146286,≥100 kb,tRNA-,12.0,1.1139433523068367
NZ_CP033160.1,62055,<100 kb,tRNA-,2.0,0.47712125471966244
NZ_CP047460.1,118248,≥100 kb,tRNA-,15.0,1.2041199826559248
NZ_CP047466.1,114813,≥100 kb,tRNA-,14.0,1.1760912590556813
NZ_CP049350.1,94989,<100 kb,tRNA-,3.0,0.6020599913279624
NZ_CP049351.1,68949,<100 kb,tRNA-,4.0,0.6989700043360189
NZ_CP049079.2,180962,≥100 kb,tRNA-,13.0,1.146128035678238
NZ_CP049082.1,143163,≥100 kb,tRNA-,7.0,0.9030899869919435
NZ_CP049083.1,6800,<100 kb,tRNA-,3.0,0.6020599913279624
NZ_CP049937.1,127295,≥100 kb,tRNA-,8.0,0.9542425094393249
NZ_AP021897.1,47676,<100 kb,tRNA-,1.0,0.3010299956639812
NZ_CP049354.1,193098,≥100 kb,tRNA-,8.0,0.9542425094393249
NZ_CP049355.1,161057,≥100 kb,tRNA-,14.0,1.1760912590556813
NZ_CP049356.1,65023,<100 kb,tRNA-,1.0,0.3010299956639812
NZ_CP046717.1,190391,≥100 kb,tRNA-,8.0,0.9542425094393249
NZ_CP046718.1,172892,≥100 kb,tRNA-,18.0,1.2787536009528289
NZ_CP046719.1,33309,<100 kb,tRNA-,1.0,0.3010299956639812
NZ_CP050174.1,97366,<100 kb,tRNA-,10.0,1.0413926851582251
NZ_CP050384.1,121872,≥100 kb,tRNA-,8.0,0.9542425094393249
NZ_CP047379.1,190219,≥100 kb,tRNA-,17.0,1.255272505103306
NZ_CP047381.1,76633,<100 kb,tRNA-,5.0,0.7781512503836436
NZ_AP022651.1,102029,≥100 kb,tRNA-,10.0,1.0413926851582251
NZ_CP041286.1,102347,≥100 kb,tRNA-,11.0,1.0791812460476249
NZ_CP051221.1,46160,<100 kb,tRNA-,3.0,0.6020599913279624
NZ_CP051224.1,143259,≥100 kb,tRNA-,20.0,1.3222192947339193
NZ_CP051739.1,172627,≥100 kb,tRNA-,3.0,0.6020599913279624
NZ_CP051740.1,9703,<100 kb,tRNA-,5.0,0.7781512503836436
NZ_CP051737.1,71625,<100 kb,tRNA-,3.0,0.6020599913279624
NZ_CP051734.1,110400,≥100 kb,tRNA-,4.0,0.6989700043360189
NZ_CP051726.1,103780,≥100 kb,tRNA-,2.0,0.47712125471966244
NZ_CP051717.1,85236,<100 kb,tRNA-,12.0,1.1139433523068367
NZ_CP051713.1,94616,<100 kb,tRNA-,5.0,0.7781512503836436
NZ_CP051708.1,72961,<100 kb,tRNA-,3.0,0.6020599913279624
NZ_CP051702.1,93339,<100 kb,tRNA-,5.0,0.7781512503836436
NZ_CP051695.1,105394,≥100 kb,tRNA-,9.0,1.0
NZ_CP051690.1,39292,<100 kb,tRNA-,3.0,0.6020599913279624
NZ_CP052878.1,63878,<100 kb,tRNA-,1.0,0.3010299956639812
NZ_CP052879.1,62933,<100 kb,tRNA-,18.0,1.2787536009528289
NZ_CP053081.1,103328,≥100 kb,tRNA-,1.0,0.3010299956639812
NZ_CP053082.1,71222,<100 kb,tRNA-,4.0,0.6989700043360189
NZ_CP053232.1,128584,≥100 kb,tRNA-,7.0,0.9030899869919435
NZ_CP053248.1,145015,≥100 kb,tRNA-,11.0,1.0791812460476249
NZ_CP053236.1,111501,≥100 kb,tRNA-,3.0,0.6020599913279624
NZ_CP053282.1,151546,≥100 kb,tRNA-,7.0,0.9030899869919435
NZ_CP054414.1,88052,<100 kb,tRNA-,3.0,0.6020599913279624
NZ_CP053593.1,7606,<100 kb,tRNA-,1.0,0.3010299956639812
NZ_CP053598.1,7718,<100 kb,tRNA-,1.0,0.3010299956639812
NZ_CP053608.1,242042,≥100 kb,tRNA+,2.0,0.47712125471966244
NZ_CP053722.1,121655,≥100 kb,tRNA-,16.0,1.2304489213782739
NZ_CP053721.1,264177,≥100 kb,tRNA-,11.0,1.0791812460476249
NZ_CP053724.1,99734,<100 kb,tRNA-,15.0,1.2041199826559248
NZ_CP053725.1,74817,<100 kb,tRNA-,4.0,0.6989700043360189
NZ_CP053726.1,50481,<100 kb,tRNA-,2.0,0.47712125471966244
NZ_CP053729.1,92076,<100 kb,tRNA-,13.0,1.146128035678238
NZ_CP053728.1,80920,<100 kb,tRNA-,3.0,0.6020599913279624
NZ_CP053738.1,75733,<100 kb,tRNA-,8.0,0.9542425094393249
NZ_CP053737.1,87125,<100 kb,tRNA-,5.0,0.7781512503836436
NZ_CP053739.1,47220,<100 kb,tRNA-,4.0,0.6989700043360189
NZ_CP053732.1,156025,≥100 kb,tRNA-,7.0,0.9030899869919435
NZ_CP053734.1,70770,<100 kb,tRNA-,1.0,0.3010299956639812
NZ_CP053735.1,33309,<100 kb,tRNA-,1.0,0.3010299956639812
NZ_CP053786.1,108661,≥100 kb,tRNA-,4.0,0.6989700043360189
NZ_CP053788.1,108661,≥100 kb,tRNA-,4.0,0.6989700043360189
NZ_CP042880.1,49825,<100 kb,tRNA-,1.0,0.3010299956639812
NZ_CP042881.1,66300,<100 kb,tRNA-,3.0,0.6020599913279624
NZ_CP043407.1,122112,≥100 kb,tRNA-,4.0,0.6989700043360189
NZ_CP043408.1,67044,<100 kb,tRNA-,2.0,0.47712125471966244
NZ_CP044404.1,114329,≥100 kb,tRNA-,3.0,0.6020599913279624
NZ_CP044402.1,49118,<100 kb,tRNA-,1.0,0.3010299956639812
NZ_CP054356.1,75628,<100 kb,tRNA-,3.0,0.6020599913279624
NZ_CP047406.1,142890,≥100 kb,tRNA-,9.0,1.0
NZ_CP047407.1,76661,<100 kb,tRNA-,4.0,0.6989700043360189
NZ_AP023191.1,272842,≥100 kb,tRNA-,21.0,1.3424226808222062
NZ_AP023192.1,115543,≥100 kb,tRNA-,2.0,0.47712125471966244
NZ_AP023198.1,272842,≥100 kb,tRNA-,21.0,1.3424226808222062
NZ_AP023199.1,115013,≥100 kb,tRNA-,1.0,0.3010299956639812
NZ_AP023202.1,46160,<100 kb,tRNA-,3.0,0.6020599913279624
NZ_AP023206.1,404189,≥100 kb,tRNA+,9.0,1.0
NZ_CP054941.1,142890,≥100 kb,tRNA-,10.0,1.0413926851582251
NZ_CP054942.1,76661,<100 kb,tRNA-,4.0,0.6989700043360189
NZ_CP055254.1,71937,<100 kb,tRNA-,5.0,0.7781512503836436
NZ_CP055255.1,145790,≥100 kb,tRNA-,11.0,1.0791812460476249
NZ_CP055257.1,64941,<100 kb,tRNA-,1.0,0.3010299956639812
NZ_CP055258.1,116030,≥100 kb,tRNA+,9.0,1.0
NZ_CP055260.1,60960,<100 kb,tRNA-,1.0,0.3010299956639812
NZ_CP055262.1,136694,≥100 kb,tRNA-,19.0,1.3010299956639813
NZ_CP054215.1,89178,<100 kb,tRNA-,8.0,0.9542425094393249
NZ_CP054220.1,128954,≥100 kb,tRNA-,3.0,0.6020599913279624
NZ_CP054233.1,129632,≥100 kb,tRNA-,3.0,0.6020599913279624
NZ_CP054237.1,131660,≥100 kb,tRNA-,10.0,1.0413926851582251
NZ_AP023220.2,97208,<100 kb,tRNA-,17.0,1.255272505103306
NZ_AP023221.2,130926,≥100 kb,tRNA-,8.0,0.9542425094393249
NZ_AP023225.1,108281,≥100 kb,tRNA-,23.0,1.380211241711606
NZ_AP023228.1,170909,≥100 kb,tRNA-,13.0,1.146128035678238
NZ_AP023231.2,83453,<100 kb,tRNA-,7.0,0.9030899869919435
NZ_AP023232.2,130942,≥100 kb,tRNA-,8.0,0.9542425094393249
NZ_AP023236.1,94613,<100 kb,tRNA-,17.0,1.255272505103306
NZ_AP023238.1,93649,<100 kb,tRNA-,22.0,1.3617278360175928
NZ_CP049968.1,230339,≥100 kb,tRNA-,8.0,0.9542425094393249
NZ_CP049969.1,139294,≥100 kb,tRNA-,6.0,0.8450980400142568
NZ_CP049970.1,101847,≥100 kb,tRNA-,3.0,0.6020599913279624
NZ_CP058224.1,162608,≥100 kb,tRNA-,16.0,1.2304489213782739
NZ_CP058310.1,129018,≥100 kb,tRNA-,1.0,0.3010299956639812
NZ_CP058311.1,217263,≥100 kb,tRNA-,14.0,1.1760912590556813
NZ_CP058303.1,60960,<100 kb,tRNA-,1.0,0.3010299956639812
NZ_CP058305.1,139513,≥100 kb,tRNA-,15.0,1.2041199826559248
NZ_CP058357.1,88999,<100 kb,tRNA-,2.0,0.47712125471966244
NZ_CP040091.1,52088,<100 kb,tRNA-,11.0,1.0791812460476249
NZ_CP040092.1,63136,<100 kb,tRNA-,4.0,0.6989700043360189
NZ_CP058572.1,109494,≥100 kb,tRNA-,6.0,0.8450980400142568
NZ_CP058573.1,88589,<100 kb,tRNA-,3.0,0.6020599913279624
NZ_CP058575.1,122379,≥100 kb,tRNA-,9.0,1.0
NZ_CP058576.1,77194,<100 kb,tRNA-,5.0,0.7781512503836436
NZ_CP058950.1,124445,≥100 kb,tRNA-,12.0,1.1139433523068367
NZ_CP058949.1,229493,≥100 kb,tRNA-,8.0,0.9542425094393249
NZ_CP059044.1,315984,≥100 kb,tRNA-,20.0,1.3222192947339193
NZ_CP059005.1,79323,<100 kb,tRNA-,6.0,0.8450980400142568
NZ_CP058653.1,154098,≥100 kb,tRNA-,6.0,0.8450980400142568
NZ_CP058652.1,34321,<100 kb,tRNA-,1.0,0.3010299956639812
NZ_CP058658.1,122305,≥100 kb,tRNA-,3.0,0.6020599913279624
NZ_CP058657.1,34321,<100 kb,tRNA-,1.0,0.3010299956639812
NZ_CP058664.1,53735,<100 kb,tRNA-,5.0,0.7781512503836436
NZ_CP058663.1,149236,≥100 kb,tRNA-,11.0,1.0791812460476249
NZ_CP058662.1,68106,<100 kb,tRNA-,1.0,0.3010299956639812
NZ_CP059289.1,99778,<100 kb,tRNA-,21.0,1.3424226808222062
NZ_CP059291.1,33309,<100 kb,tRNA-,1.0,0.3010299956639812
NZ_CP059292.1,32980,<100 kb,tRNA-,1.0,0.3010299956639812
NZ_CP059282.1,140350,≥100 kb,tRNA-,10.0,1.0413926851582251
NZ_CP059285.1,124445,≥100 kb,tRNA-,12.0,1.1139433523068367
NZ_CP059284.1,190381,≥100 kb,tRNA-,9.0,1.0
NZ_CP059280.1,141169,≥100 kb,tRNA-,9.0,1.0
NZ_CP050049.1,27018,<100 kb,tRNA-,4.0,0.6989700043360189
NZ_CP050051.1,4608,<100 kb,tRNA-,2.0,0.47712125471966244
NZ_CP050045.1,112291,≥100 kb,tRNA-,7.0,0.9030899869919435
NZ_CP050046.1,44690,<100 kb,tRNA-,8.0,0.9542425094393249
NZ_CP050037.1,44691,<100 kb,tRNA-,8.0,0.9542425094393249
NZ_CP050041.1,89748,<100 kb,tRNA-,10.0,1.0413926851582251
NZ_CP050032.1,30707,<100 kb,tRNA-,5.0,0.7781512503836436
NZ_CP050033.1,4608,<100 kb,tRNA-,2.0,0.47712125471966244
NZ_CP063371.1,108699,≥100 kb,tRNA-,6.0,0.8450980400142568
NZ_CP059722.1,218262,≥100 kb,tRNA-,6.0,0.8450980400142568
NZ_CP059718.1,73818,<100 kb,tRNA-,15.0,1.2041199826559248
NZ_AP021915.1,158754,≥100 kb,tRNA-,24.0,1.3979400086720377
NZ_AP021934.1,105973,≥100 kb,tRNA-,8.0,0.9542425094393249
NZ_AP021945.1,103781,≥100 kb,tRNA-,1.0,0.3010299956639812
NZ_AP021948.1,91630,<100 kb,tRNA-,1.0,0.3010299956639812
NZ_AP021964.1,105095,≥100 kb,tRNA-,17.0,1.255272505103306
NZ_AP021999.1,105864,≥100 kb,tRNA-,3.0,0.6020599913279624
NZ_AP022031.1,76037,<100 kb,tRNA-,6.0,0.8450980400142568
NZ_AP022033.1,105867,≥100 kb,tRNA-,3.0,0.6020599913279624
NZ_AP022037.1,88528,<100 kb,tRNA-,1.0,0.3010299956639812
NZ_AP022045.1,148598,≥100 kb,tRNA-,4.0,0.6989700043360189
NZ_AP022050.1,121254,≥100 kb,tRNA-,5.0,0.7781512503836436
NZ_AP022065.1,134864,≥100 kb,tRNA-,13.0,1.146128035678238
NZ_AP022070.1,117617,≥100 kb,tRNA-,12.0,1.1139433523068367
NZ_AP022096.1,158292,≥100 kb,tRNA-,3.0,0.6020599913279624
NZ_AP022097.1,93398,<100 kb,tRNA-,1.0,0.3010299956639812
NZ_AP022106.1,130869,≥100 kb,tRNA-,3.0,0.6020599913279624
NZ_AP022121.1,158291,≥100 kb,tRNA-,3.0,0.6020599913279624
NZ_AP022122.1,89476,<100 kb,tRNA-,1.0,0.3010299956639812
NZ_AP022162.1,147186,≥100 kb,tRNA-,15.0,1.2041199826559248
NZ_AP022172.1,187669,≥100 kb,tRNA-,3.0,0.6020599913279624
NZ_AP022174.1,94776,<100 kb,tRNA-,1.0,0.3010299956639812
NZ_AP022178.1,123262,≥100 kb,tRNA-,19.0,1.3010299956639813
NZ_AP022208.1,214586,≥100 kb,tRNA-,14.0,1.1760912590556813
NZ_AP022218.1,53216,<100 kb,tRNA-,6.0,0.8450980400142568
NZ_AP022223.1,139020,≥100 kb,tRNA-,6.0,0.8450980400142568
NZ_AP022224.1,87171,<100 kb,tRNA-,1.0,0.3010299956639812
NZ_AP022246.1,145389,≥100 kb,tRNA-,8.0,0.9542425094393249
NZ_AP022247.1,75556,<100 kb,tRNA-,1.0,0.3010299956639812
NZ_AP022248.1,49365,<100 kb,tRNA-,8.0,0.9542425094393249
NZ_AP022249.1,46158,<100 kb,tRNA-,3.0,0.6020599913279624
NZ_AP022263.1,91233,<100 kb,tRNA-,3.0,0.6020599913279624
NZ_AP022288.1,127169,≥100 kb,tRNA-,3.0,0.6020599913279624
NZ_AP022296.1,105884,≥100 kb,tRNA-,3.0,0.6020599913279624
NZ_AP022300.1,83140,<100 kb,tRNA-,5.0,0.7781512503836436
NZ_CP054283.1,43621,<100 kb,tRNA-,3.0,0.6020599913279624
NZ_CP059909.1,111912,≥100 kb,tRNA-,1.0,0.3010299956639812
NZ_CP059919.1,122123,≥100 kb,tRNA-,5.0,0.7781512503836436
NZ_CP059930.1,99943,<100 kb,tRNA-,13.0,1.146128035678238
NZ_CP059948.1,138915,≥100 kb,tRNA-,4.0,0.6989700043360189
NZ_AP022090.1,80029,<100 kb,tRNA-,2.0,0.47712125471966244
NZ_CP047278.1,256225,≥100 kb,tRNA-,15.0,1.2041199826559248
NZ_CP060749.1,153051,≥100 kb,tRNA-,15.0,1.2041199826559248
NZ_CP060751.1,93922,<100 kb,tRNA-,7.0,0.9030899869919435
NZ_CP049119.1,159690,≥100 kb,tRNA-,11.0,1.0791812460476249
NZ_CP049122.1,33858,<100 kb,tRNA-,1.0,0.3010299956639812
NZ_CP049121.1,50626,<100 kb,tRNA-,7.0,0.9030899869919435
NZ_CP061207.1,116466,≥100 kb,tRNA-,4.0,0.6989700043360189
NZ_CP061187.1,157028,≥100 kb,tRNA-,6.0,0.8450980400142568
NZ_CP061188.1,165427,≥100 kb,tRNA-,7.0,0.9030899869919435
NZ_CP061186.1,66568,<100 kb,tRNA-,1.0,0.3010299956639812
NZ_AP023428.1,120829,≥100 kb,tRNA-,16.0,1.2304489213782739
NZ_CP058620.1,67321,<100 kb,tRNA-,9.0,1.0
NZ_CP058622.1,9135,<100 kb,tRNA-,5.0,0.7781512503836436
NZ_CP058621.1,51480,<100 kb,tRNA-,3.0,0.6020599913279624
NZ_CP062212.1,177038,≥100 kb,tRNA-,8.0,0.9542425094393249
NZ_CP062213.1,88924,<100 kb,tRNA-,1.0,0.3010299956639812
NZ_CP062214.1,83974,<100 kb,tRNA-,11.0,1.0791812460476249
NZ_CP062215.1,44671,<100 kb,tRNA-,5.0,0.7781512503836436
NZ_CP075466.1,93368,<100 kb,tRNA-,9.0,1.0
NZ_CP075467.1,103081,≥100 kb,tRNA-,11.0,1.0791812460476249
NZ_CP075478.1,82668,<100 kb,tRNA-,13.0,1.146128035678238
NZ_CP075479.1,102128,≥100 kb,tRNA-,12.0,1.1139433523068367
NZ_CP075473.1,148421,≥100 kb,tRNA-,20.0,1.3222192947339193
NZ_CP075470.1,101476,≥100 kb,tRNA-,12.0,1.1139433523068367
NZ_CP075482.1,93332,<100 kb,tRNA-,9.0,1.0
NZ_CP075481.1,103246,≥100 kb,tRNA-,10.0,1.0413926851582251
NZ_CP075483.1,76891,<100 kb,tRNA-,8.0,0.9542425094393249
NZ_CP075485.1,115741,≥100 kb,tRNA-,18.0,1.2787536009528289
NZ_CP075486.1,130047,≥100 kb,tRNA-,18.0,1.2787536009528289
NZ_CP075471.1,122563,≥100 kb,tRNA-,16.0,1.2304489213782739
NZ_CP075463.1,97500,<100 kb,tRNA-,10.0,1.0413926851582251
NZ_AP022410.1,82247,<100 kb,tRNA-,4.0,0.6989700043360189
NZ_AP022479.1,91989,<100 kb,tRNA-,12.0,1.1139433523068367
NZ_AP022483.1,157329,≥100 kb,tRNA-,4.0,0.6989700043360189
NZ_AP022535.1,101966,≥100 kb,tRNA-,13.0,1.146128035678238
NZ_AP022537.1,151109,≥100 kb,tRNA-,24.0,1.3979400086720377
NZ_AP022541.1,211336,≥100 kb,tRNA-,19.0,1.3010299956639813
NZ_AP022543.1,111439,≥100 kb,tRNA-,3.0,0.6020599913279624
NZ_AP022550.1,88121,<100 kb,tRNA-,12.0,1.1139433523068367
NZ_CP062812.1,109586,≥100 kb,tRNA-,4.0,0.6989700043360189
NZ_CP062819.1,106948,≥100 kb,tRNA-,4.0,0.6989700043360189
NZ_CP062816.1,117229,≥100 kb,tRNA+,4.0,0.6989700043360189
NZ_CP062830.1,106949,≥100 kb,tRNA-,4.0,0.6989700043360189
NZ_CP062827.1,117229,≥100 kb,tRNA+,3.0,0.6020599913279624
NZ_CP062836.1,109656,≥100 kb,tRNA-,4.0,0.6989700043360189
NZ_CP062833.1,109181,≥100 kb,tRNA-,3.0,0.6020599913279624
NZ_CP062842.1,106949,≥100 kb,tRNA-,4.0,0.6989700043360189
NZ_CP062839.1,118942,≥100 kb,tRNA+,3.0,0.6020599913279624
NZ_CP062873.1,110363,≥100 kb,tRNA-,4.0,0.6989700043360189
NZ_CP062887.1,106949,≥100 kb,tRNA-,4.0,0.6989700043360189
NZ_CP062884.1,117198,≥100 kb,tRNA+,2.0,0.47712125471966244
NZ_CP062862.1,112076,≥100 kb,tRNA-,4.0,0.6989700043360189
NZ_CP062869.1,112549,≥100 kb,tRNA-,4.0,0.6989700043360189
NZ_CP062870.1,162467,≥100 kb,tRNA-,3.0,0.6020599913279624
NZ_CP062899.1,106949,≥100 kb,tRNA-,4.0,0.6989700043360189
NZ_CP062896.1,108020,≥100 kb,tRNA-,2.0,0.47712125471966244
NZ_CP062907.1,112076,≥100 kb,tRNA-,4.0,0.6989700043360189
NZ_CP064848.1,130181,≥100 kb,tRNA-,13.0,1.146128035678238
NZ_CP058343.1,140410,≥100 kb,tRNA-,9.0,1.0
NZ_CP058344.1,94776,<100 kb,tRNA-,10.0,1.0413926851582251
NZ_CP047711.1,152546,≥100 kb,tRNA-,14.0,1.1760912590556813
NZ_CP047712.1,123643,≥100 kb,tRNA-,2.0,0.47712125471966244
NZ_CP075853.1,117341,≥100 kb,tRNA-,2.0,0.47712125471966244
NZ_CP061102.1,95832,<100 kb,tRNA-,9.0,1.0
NZ_CP061109.1,112598,≥100 kb,tRNA-,10.0,1.0413926851582251
NZ_CP061110.1,51113,<100 kb,tRNA-,3.0,0.6020599913279624
NZ_CP048822.1,137410,≥100 kb,tRNA-,6.0,0.8450980400142568
NZ_CP048823.1,115329,≥100 kb,tRNA+,12.0,1.1139433523068367
NZ_CP048824.1,110687,≥100 kb,tRNA-,2.0,0.47712125471966244
NZ_CP048825.1,64916,<100 kb,tRNA-,12.0,1.1139433523068367
NZ_CP048826.1,33309,<100 kb,tRNA-,1.0,0.3010299956639812
NZ_CP066807.1,131861,≥100 kb,tRNA-,3.0,0.6020599913279624
NZ_CP066808.1,191962,≥100 kb,tRNA-,26.0,1.4313637641589874
NZ_CP056076.1,122112,≥100 kb,tRNA-,7.0,0.9030899869919435
NZ_CP068594.1,82214,<100 kb,tRNA-,4.0,0.6989700043360189
NZ_CP068592.1,122138,≥100 kb,tRNA-,1.0,0.3010299956639812
NZ_CP068593.1,53505,<100 kb,tRNA-,1.0,0.3010299956639812
NZ_CP068707.1,324396,≥100 kb,tRNA-,1.0,0.3010299956639812
NZ_CP048011.1,76937,<100 kb,tRNA-,9.0,1.0
NZ_CP048012.1,93625,<100 kb,tRNA-,11.0,1.0791812460476249
NZ_CP048009.1,51479,<100 kb,tRNA-,2.0,0.47712125471966244
NZ_CP019353.1,265134,≥100 kb,tRNA-,30.0,1.4913616938342726
NZ_CP019360.1,349248,≥100 kb,tRNA-,19.0,1.3010299956639813
NZ_CP019394.1,248458,≥100 kb,tRNA-,20.0,1.3222192947339193
NZ_CP019395.1,91319,<100 kb,tRNA-,26.0,1.4313637641589874
NZ_CP019393.1,63530,<100 kb,tRNA-,1.0,0.3010299956639812
NZ_CP069439.1,168315,≥100 kb,tRNA-,6.0,0.8450980400142568
NZ_CP069452.1,109644,≥100 kb,tRNA-,6.0,0.8450980400142568
NZ_CP069468.1,11379,<100 kb,tRNA-,1.0,0.3010299956639812
NZ_CP069481.1,92886,<100 kb,tRNA-,1.0,0.3010299956639812
NZ_CP069711.1,120379,≥100 kb,tRNA-,25.0,1.414973347970818
NZ_CP069708.1,77243,<100 kb,tRNA-,9.0,1.0
NZ_CP069713.1,182585,≥100 kb,tRNA-,21.0,1.3424226808222062
NZ_CP069716.1,33309,<100 kb,tRNA-,1.0,0.3010299956639812
NZ_CP069502.1,77233,<100 kb,tRNA-,3.0,0.6020599913279624
NZ_CP069530.1,96693,<100 kb,tRNA-,3.0,0.6020599913279624
NZ_CP069531.1,68185,<100 kb,tRNA-,2.0,0.47712125471966244
NZ_CP069543.1,50632,<100 kb,tRNA-,4.0,0.6989700043360189
NZ_CP069546.1,6211,<100 kb,tRNA-,2.0,0.47712125471966244
NZ_CP069560.1,67959,<100 kb,tRNA-,7.0,0.9030899869919435
NZ_CP069561.1,144098,≥100 kb,tRNA-,6.0,0.8450980400142568
NZ_CP069572.1,135042,≥100 kb,tRNA-,8.0,0.9542425094393249
NZ_CP069575.1,4271,<100 kb,tRNA-,1.0,0.3010299956639812
NZ_CP069584.1,206267,≥100 kb,tRNA-,1.0,0.3010299956639812
NZ_CP069590.1,127965,≥100 kb,tRNA-,7.0,0.9030899869919435
NZ_CP069864.1,115574,≥100 kb,tRNA-,10.0,1.0413926851582251
NZ_CP069866.1,54563,<100 kb,tRNA-,3.0,0.6020599913279624
NZ_CP069883.1,131034,≥100 kb,tRNA-,9.0,1.0
NZ_CP069959.1,135867,≥100 kb,tRNA-,7.0,0.9030899869919435
NZ_CP069974.1,136429,≥100 kb,tRNA-,24.0,1.3979400086720377
NZ_CP069982.1,116491,≥100 kb,tRNA-,10.0,1.0413926851582251
NZ_CP070008.1,198318,≥100 kb,tRNA+,10.0,1.0413926851582251
NZ_CP070067.1,123092,≥100 kb,tRNA-,6.0,0.8450980400142568
NZ_CP070097.1,104896,≥100 kb,tRNA-,7.0,0.9030899869919435
NZ_CP070104.1,40637,<100 kb,tRNA-,4.0,0.6989700043360189
NZ_CP070116.1,150643,≥100 kb,tRNA-,4.0,0.6989700043360189
NZ_CP070132.1,16992,<100 kb,tRNA-,2.0,0.47712125471966244
NZ_CP070133.1,151845,≥100 kb,tRNA-,12.0,1.1139433523068367
NZ_CP070149.1,26755,<100 kb,tRNA-,3.0,0.6020599913279624
NZ_CP070150.1,124137,≥100 kb,tRNA-,9.0,1.0
NZ_CP070151.1,136864,≥100 kb,tRNA-,3.0,0.6020599913279624
NZ_CP070171.1,118581,≥100 kb,tRNA-,10.0,1.0413926851582251
NZ_CP070590.1,101334,≥100 kb,tRNA-,4.0,0.6989700043360189
NZ_CP070588.1,18779,<100 kb,tRNA-,3.0,0.6020599913279624
NZ_CP070587.1,88947,<100 kb,tRNA-,11.0,1.0791812460476249
NZ_CP063333.1,109936,≥100 kb,tRNA-,10.0,1.0413926851582251
NZ_CP063335.1,33851,<100 kb,tRNA-,1.0,0.3010299956639812
NZ_CP063342.1,184822,≥100 kb,tRNA-,3.0,0.6020599913279624
NZ_CP063343.1,117739,≥100 kb,tRNA-,2.0,0.47712125471966244
NZ_CP063344.1,27893,<100 kb,tRNA-,1.0,0.3010299956639812
NZ_CP063350.1,121017,≥100 kb,tRNA+,5.0,0.7781512503836436
NZ_CP063352.1,7750,<100 kb,tRNA-,1.0,0.3010299956639812
NZ_CP063464.1,94799,<100 kb,tRNA-,10.0,1.0413926851582251
NZ_CP063469.1,129986,≥100 kb,tRNA-,4.0,0.6989700043360189
NZ_CP063470.1,47839,<100 kb,tRNA-,1.0,0.3010299956639812
NZ_CP063474.1,210342,≥100 kb,tRNA-,6.0,0.8450980400142568
NZ_CP063475.1,47868,<100 kb,tRNA-,4.0,0.6989700043360189
NZ_CP063477.1,113297,≥100 kb,tRNA-,8.0,0.9542425094393249
NZ_CP063478.1,47841,<100 kb,tRNA-,1.0,0.3010299956639812
NZ_CP063481.1,91066,<100 kb,tRNA-,11.0,1.0791812460476249
NZ_CP063484.1,77443,<100 kb,tRNA-,1.0,0.3010299956639812
NZ_CP063486.1,71139,<100 kb,tRNA-,4.0,0.6989700043360189
NZ_CP063488.1,172246,≥100 kb,tRNA-,13.0,1.146128035678238
NZ_CP063489.1,33309,<100 kb,tRNA-,1.0,0.3010299956639812
NZ_CP063490.1,9902,<100 kb,tRNA-,4.0,0.6989700043360189
NZ_CP063493.1,101982,≥100 kb,tRNA-,13.0,1.146128035678238
NZ_CP063495.1,56980,<100 kb,tRNA-,4.0,0.6989700043360189
NZ_CP063502.1,89721,<100 kb,tRNA-,8.0,0.9542425094393249
NZ_CP063506.1,131695,≥100 kb,tRNA-,14.0,1.1760912590556813
NZ_CP063512.1,273218,≥100 kb,tRNA-,14.0,1.1760912590556813
NZ_CP063516.1,149434,≥100 kb,tRNA-,13.0,1.146128035678238
NZ_CP063517.1,69098,<100 kb,tRNA-,5.0,0.7781512503836436
NZ_CP063522.1,56996,<100 kb,tRNA-,10.0,1.0413926851582251
NZ_CP070903.1,173696,≥100 kb,tRNA-,7.0,0.9030899869919435
NZ_CP070907.1,142545,≥100 kb,tRNA-,7.0,0.9030899869919435
NZ_CP070922.1,104226,≥100 kb,tRNA-,1.0,0.3010299956639812
NZ_CP070924.1,60993,<100 kb,tRNA-,1.0,0.3010299956639812
NZ_CP070925.1,50323,<100 kb,tRNA-,3.0,0.6020599913279624
NZ_CP070915.1,217265,≥100 kb,tRNA-,4.0,0.6989700043360189
NZ_CP070916.1,106065,≥100 kb,tRNA-,1.0,0.3010299956639812
NZ_CP070931.1,52585,<100 kb,tRNA-,10.0,1.0413926851582251
NZ_CP046026.1,104812,≥100 kb,tRNA-,9.0,1.0
NZ_CP034107.1,123510,≥100 kb,tRNA-,17.0,1.255272505103306
NZ_CP034108.1,87297,<100 kb,tRNA-,8.0,0.9542425094393249
NZ_CP046417.1,113995,≥100 kb,tRNA-,7.0,0.9030899869919435
NZ_CP046418.1,34645,<100 kb,tRNA-,1.0,0.3010299956639812
NZ_CP064104.1,145347,≥100 kb,tRNA-,8.0,0.9542425094393249
NZ_CP064106.1,65415,<100 kb,tRNA-,3.0,0.6020599913279624
NZ_CP064107.1,86173,<100 kb,tRNA-,5.0,0.7781512503836436
NZ_CP072315.1,234576,≥100 kb,tRNA-,15.0,1.2041199826559248
NZ_CP072316.1,33308,<100 kb,tRNA-,1.0,0.3010299956639812
NZ_CP072317.1,68833,<100 kb,tRNA-,7.0,0.9030899869919435
NZ_CP071440.1,98697,<100 kb,tRNA-,12.0,1.1139433523068367
NZ_CP071437.1,37036,<100 kb,tRNA-,1.0,0.3010299956639812
NZ_CP071442.1,159570,≥100 kb,tRNA-,9.0,1.0
NZ_CP066367.1,101116,≥100 kb,tRNA-,14.0,1.1760912590556813
NZ_CP066368.1,66038,<100 kb,tRNA-,1.0,0.3010299956639812
NZ_CP067236.1,122982,≥100 kb,tRNA-,13.0,1.146128035678238
NZ_CP067242.1,144175,≥100 kb,tRNA-,17.0,1.255272505103306
NZ_CP067246.1,108766,≥100 kb,tRNA-,10.0,1.0413926851582251
NZ_CP067247.1,74070,<100 kb,tRNA-,10.0,1.0413926851582251
NZ_CP067251.1,133432,≥100 kb,tRNA-,13.0,1.146128035678238
NZ_CP067252.1,46067,<100 kb,tRNA-,2.0,0.47712125471966244
NZ_CP067253.1,6200,<100 kb,tRNA-,3.0,0.6020599913279624
NZ_CP067267.1,63454,<100 kb,tRNA-,2.0,0.47712125471966244
NZ_CP067268.1,53010,<100 kb,tRNA-,6.0,0.8450980400142568
NZ_CP067300.1,157401,≥100 kb,tRNA-,12.0,1.1139433523068367
NZ_CP067301.1,72418,<100 kb,tRNA-,10.0,1.0413926851582251
NZ_CP067304.1,126378,≥100 kb,tRNA-,6.0,0.8450980400142568
NZ_CP067305.1,72418,<100 kb,tRNA-,10.0,1.0413926851582251
NZ_CP067313.1,104584,≥100 kb,tRNA-,11.0,1.0791812460476249
NZ_CP067314.1,63454,<100 kb,tRNA-,2.0,0.47712125471966244
NZ_CP067315.1,44683,<100 kb,tRNA-,1.0,0.3010299956639812
NZ_CP067317.1,3223,<100 kb,tRNA-,1.0,0.3010299956639812
NZ_CP067308.1,226468,≥100 kb,tRNA-,3.0,0.6020599913279624
NZ_CP072323.1,142200,≥100 kb,tRNA-,15.0,1.2041199826559248
NZ_CP072324.1,63589,<100 kb,tRNA-,2.0,0.47712125471966244
NZ_CP072804.1,69302,<100 kb,tRNA-,6.0,0.8450980400142568
NZ_CP072806.1,91224,<100 kb,tRNA-,5.0,0.7781512503836436
NZ_CP072803.1,267744,≥100 kb,tRNA-,9.0,1.0
NZ_CP072807.1,110313,≥100 kb,tRNA-,12.0,1.1139433523068367
NZ_ABACVG020000003.1,50659,<100 kb,tRNA-,2.0,0.47712125471966244
NZ_CP072977.1,144818,≥100 kb,tRNA-,23.0,1.380211241711606
NZ_CP072979.1,76592,<100 kb,tRNA-,9.0,1.0
NZ_CP072982.1,81323,<100 kb,tRNA-,3.0,0.6020599913279624
NZ_CP072981.1,94462,<100 kb,tRNA-,12.0,1.1139433523068367
NZ_CP072987.1,104812,≥100 kb,tRNA-,9.0,1.0
NZ_CP071074.1,169082,≥100 kb,tRNA-,18.0,1.2787536009528289
NZ_CP071075.1,129523,≥100 kb,tRNA-,11.0,1.0791812460476249
NZ_CP071076.1,93750,<100 kb,tRNA-,6.0,0.8450980400142568
NZ_CP056037.1,122881,≥100 kb,tRNA-,11.0,1.0791812460476249
NZ_CP056038.1,66150,<100 kb,tRNA-,6.0,0.8450980400142568
NZ_CP056039.1,29451,<100 kb,tRNA-,1.0,0.3010299956639812
NZ_CP056074.1,74317,<100 kb,tRNA-,5.0,0.7781512503836436
NZ_CP056075.1,39140,<100 kb,tRNA-,11.0,1.0791812460476249
NZ_CP032075.1,56401,<100 kb,tRNA-,14.0,1.1760912590556813
NZ_CP032076.1,33308,<100 kb,tRNA-,1.0,0.3010299956639812
NZ_CP032077.1,6635,<100 kb,tRNA-,5.0,0.7781512503836436
NZ_CP032067.1,157787,≥100 kb,tRNA-,13.0,1.146128035678238
NZ_CP032068.1,163224,≥100 kb,tRNA-,6.0,0.8450980400142568
NZ_CP032069.1,63623,<100 kb,tRNA-,1.0,0.3010299956639812
NZ_CP032079.1,175023,≥100 kb,tRNA-,19.0,1.3010299956639813
NZ_CP073361.1,223103,≥100 kb,tRNA-,30.0,1.4913616938342726
NZ_CP073362.1,134098,≥100 kb,tRNA-,3.0,0.6020599913279624
NZ_CP073769.1,67125,<100 kb,tRNA-,5.0,0.7781512503836436
NZ_CP047004.1,112016,≥100 kb,tRNA+,1.0,0.3010299956639812
NZ_CP047006.1,46161,<100 kb,tRNA-,3.0,0.6020599913279624
NZ_CP047003.1,116304,≥100 kb,tRNA-,16.0,1.2304489213782739
NZ_CP047005.1,88744,<100 kb,tRNA-,5.0,0.7781512503836436
NZ_CP047011.1,161471,≥100 kb,tRNA-,19.0,1.3010299956639813
NZ_CP047014.1,60734,<100 kb,tRNA-,1.0,0.3010299956639812
NZ_CP047012.1,101644,≥100 kb,tRNA-,3.0,0.6020599913279624
NZ_CP059837.1,133615,≥100 kb,tRNA-,5.0,0.7781512503836436
NZ_CP059836.1,267184,≥100 kb,tRNA-,32.0,1.5185139398778875
NZ_CP074125.1,6200,<100 kb,tRNA-,3.0,0.6020599913279624
NZ_CP074124.1,99826,<100 kb,tRNA-,6.0,0.8450980400142568
NZ_CP074121.1,145550,≥100 kb,tRNA-,11.0,1.0791812460476249
NZ_AP024583.1,291362,≥100 kb,tRNA-,17.0,1.255272505103306
NZ_AP024584.1,88903,<100 kb,tRNA-,15.0,1.2041199826559248
NZ_CP072861.1,6201,<100 kb,tRNA-,3.0,0.6020599913279624
NZ_CP072860.1,48636,<100 kb,tRNA-,2.0,0.47712125471966244
NZ_CP072859.1,116735,≥100 kb,tRNA-,13.0,1.146128035678238
NZ_CP074577.1,189141,≥100 kb,tRNA-,12.0,1.1139433523068367
NZ_CP075057.1,108031,≥100 kb,tRNA-,18.0,1.2787536009528289
NZ_CP075060.1,48292,<100 kb,tRNA-,1.0,0.3010299956639812
NZ_CP075059.1,101922,≥100 kb,tRNA+,2.0,0.47712125471966244
NZ_CP075056.1,209088,≥100 kb,tRNA-,4.0,0.6989700043360189
NZ_CP075064.1,101266,≥100 kb,tRNA-,2.0,0.47712125471966244
NZ_CP075063.1,140375,≥100 kb,tRNA-,12.0,1.1139433523068367
NZ_CP070963.1,154497,≥100 kb,tRNA-,6.0,0.8450980400142568
NZ_CP075378.1,279642,≥100 kb,tRNA-,13.0,1.146128035678238
NZ_CP075375.1,74773,<100 kb,tRNA-,8.0,0.9542425094393249
NZ_CP104385.1,263021,≥100 kb,tRNA-,22.0,1.3617278360175928
NZ_CP091926.1,263021,≥100 kb,tRNA-,22.0,1.3617278360175928
NZ_CP091927.1,101321,≥100 kb,tRNA-,18.0,1.2787536009528289
NZ_CP076308.1,51468,<100 kb,tRNA-,2.0,0.47712125471966244
NZ_CP076306.1,89595,<100 kb,tRNA-,14.0,1.1760912590556813
NZ_CP076319.1,51479,<100 kb,tRNA-,3.0,0.6020599913279624
NZ_CP076314.1,104422,≥100 kb,tRNA-,9.0,1.0
NZ_CP076315.1,167285,≥100 kb,tRNA-,1.0,0.3010299956639812
NZ_CP076345.1,101018,≥100 kb,tRNA-,10.0,1.0413926851582251
NZ_CP076302.1,127528,≥100 kb,tRNA-,15.0,1.2041199826559248
NZ_CP076304.1,48543,<100 kb,tRNA-,1.0,0.3010299956639812
NZ_CP048916.1,111334,≥100 kb,tRNA-,28.0,1.462397997898956
NZ_CP048918.1,51479,<100 kb,tRNA-,3.0,0.6020599913279624
NZ_CP035813.1,99955,<100 kb,tRNA-,4.0,0.6989700043360189
NZ_CP035821.1,97229,<100 kb,tRNA-,9.0,1.0
NZ_CP035835.1,72087,<100 kb,tRNA-,2.0,0.47712125471966244
NZ_CP035838.1,95151,<100 kb,tRNA-,7.0,0.9030899869919435
NZ_CP035844.1,93485,<100 kb,tRNA-,8.0,0.9542425094393249
NZ_CP035848.1,63103,<100 kb,tRNA-,2.0,0.47712125471966244
NZ_CP035851.1,155153,≥100 kb,tRNA-,9.0,1.0
NZ_CP035862.1,108586,≥100 kb,tRNA-,6.0,0.8450980400142568
NZ_CP035866.1,123312,≥100 kb,tRNA-,11.0,1.0791812460476249
NZ_CP035871.1,95804,<100 kb,tRNA-,3.0,0.6020599913279624
NZ_CP035877.1,83694,<100 kb,tRNA-,2.0,0.47712125471966244
NZ_CP035881.1,81772,<100 kb,tRNA-,2.0,0.47712125471966244
NZ_CP076648.1,266777,≥100 kb,tRNA-,24.0,1.3979400086720377
NZ_CP076647.1,113068,≥100 kb,tRNA-,8.0,0.9542425094393249
NZ_CP076650.1,90896,<100 kb,tRNA-,20.0,1.3222192947339193
NZ_CP076649.1,79203,<100 kb,tRNA-,12.0,1.1139433523068367
NZ_CP076690.1,85614,<100 kb,tRNA-,10.0,1.0413926851582251
NZ_CP076699.1,102381,≥100 kb,tRNA-,10.0,1.0413926851582251
NZ_CP067400.1,138776,≥100 kb,tRNA+,7.0,0.9030899869919435
NZ_CP068045.1,6200,<100 kb,tRNA-,2.0,0.47712125471966244
NZ_CP068043.1,133299,≥100 kb,tRNA-,15.0,1.2041199826559248
NZ_CP068042.1,270816,≥100 kb,tRNA-,17.0,1.255272505103306
NZ_CP068044.1,103093,≥100 kb,tRNA-,4.0,0.6989700043360189
NZ_CP074702.1,219118,≥100 kb,tRNA-,8.0,0.9542425094393249
NZ_CP074703.1,116496,≥100 kb,tRNA-,16.0,1.2304489213782739
NZ_CP074705.1,72073,<100 kb,tRNA-,2.0,0.47712125471966244
NZ_CP059120.1,171769,≥100 kb,tRNA-,9.0,1.0
NZ_CP059123.1,6200,<100 kb,tRNA-,3.0,0.6020599913279624
NZ_CP059126.1,146488,≥100 kb,tRNA-,9.0,1.0
NZ_CP059128.1,6200,<100 kb,tRNA-,3.0,0.6020599913279624
NZ_CP059131.1,167739,≥100 kb,tRNA-,13.0,1.146128035678238
NZ_CP067344.1,130221,≥100 kb,tRNA-,9.0,1.0
NZ_CP089134.1,244138,≥100 kb,tRNA-,20.0,1.3222192947339193
NZ_CP089135.1,129210,≥100 kb,tRNA-,17.0,1.255272505103306
NZ_CP089136.1,91079,<100 kb,tRNA-,20.0,1.3222192947339193
NZ_CP089137.1,85891,<100 kb,tRNA-,5.0,0.7781512503836436
NZ_CP089138.1,33309,<100 kb,tRNA-,1.0,0.3010299956639812
NZ_CP066837.1,132050,≥100 kb,tRNA-,4.0,0.6989700043360189
NZ_CP080123.1,139269,≥100 kb,tRNA-,4.0,0.6989700043360189
NZ_CP080122.1,267091,≥100 kb,tRNA-,8.0,0.9542425094393249
NZ_CP080124.1,105596,≥100 kb,tRNA-,10.0,1.0413926851582251
NZ_CP080128.1,122366,≥100 kb,tRNA-,4.0,0.6989700043360189
NZ_CP080127.1,156326,≥100 kb,tRNA-,6.0,0.8450980400142568
NZ_CP080130.1,60659,<100 kb,tRNA-,1.0,0.3010299956639812
NZ_CP080129.1,91844,<100 kb,tRNA-,6.0,0.8450980400142568
NZ_CP080137.1,49201,<100 kb,tRNA-,5.0,0.7781512503836436
NZ_CP080135.1,98016,<100 kb,tRNA-,1.0,0.3010299956639812
NZ_CP080134.1,101760,≥100 kb,tRNA-,10.0,1.0413926851582251
NZ_CP080144.1,5304,<100 kb,tRNA-,1.0,0.3010299956639812
NZ_CP080142.1,82038,<100 kb,tRNA-,8.0,0.9542425094393249
NZ_CP080141.1,62272,<100 kb,tRNA-,1.0,0.3010299956639812
NZ_CP080140.1,66580,<100 kb,tRNA-,2.0,0.47712125471966244
NZ_CP080151.1,100987,≥100 kb,tRNA-,5.0,0.7781512503836436
NZ_CP080150.1,107696,≥100 kb,tRNA-,3.0,0.6020599913279624
NZ_CP080148.1,60979,<100 kb,tRNA-,1.0,0.3010299956639812
NZ_CP080147.1,12396,<100 kb,tRNA-,1.0,0.3010299956639812
NZ_CP080158.1,145740,≥100 kb,tRNA-,3.0,0.6020599913279624
NZ_CP080157.1,180318,≥100 kb,tRNA-,2.0,0.47712125471966244
NZ_CP080156.1,119081,≥100 kb,tRNA-,10.0,1.0413926851582251
NZ_CP080166.1,145740,≥100 kb,tRNA-,3.0,0.6020599913279624
NZ_CP080165.1,180290,≥100 kb,tRNA-,2.0,0.47712125471966244
NZ_CP080164.1,119081,≥100 kb,tRNA-,10.0,1.0413926851582251
NZ_CP080173.1,169561,≥100 kb,tRNA-,2.0,0.47712125471966244
NZ_CP080175.1,111556,≥100 kb,tRNA-,11.0,1.0791812460476249
NZ_CP080254.1,101399,≥100 kb,tRNA+,1.0,0.3010299956639812
NZ_CP080256.1,153055,≥100 kb,tRNA-,13.0,1.146128035678238
NZ_CP080259.1,66696,<100 kb,tRNA-,13.0,1.146128035678238
NZ_CP080262.1,134984,≥100 kb,tRNA-,8.0,0.9542425094393249
NZ_CP080264.1,113140,≥100 kb,tRNA-,10.0,1.0413926851582251
NZ_CP076529.1,67321,<100 kb,tRNA-,9.0,1.0
NZ_CP076530.1,51480,<100 kb,tRNA-,2.0,0.47712125471966244
NZ_CP076531.1,34206,<100 kb,tRNA-,1.0,0.3010299956639812
NZ_CP080372.1,97614,<100 kb,tRNA-,21.0,1.3424226808222062
NZ_CP080371.1,100261,≥100 kb,tRNA-,10.0,1.0413926851582251
NZ_CP049840.1,91528,<100 kb,tRNA-,2.0,0.47712125471966244
NZ_CP049853.1,102591,≥100 kb,tRNA-,7.0,0.9030899869919435
NZ_CP081194.1,105553,≥100 kb,tRNA-,1.0,0.3010299956639812
NZ_CP081195.1,84890,<100 kb,tRNA-,4.0,0.6989700043360189
NZ_CP081307.1,98473,<100 kb,tRNA-,21.0,1.3424226808222062
NZ_CP081309.1,51479,<100 kb,tRNA-,2.0,0.47712125471966244
NZ_CP081887.1,114381,≥100 kb,tRNA-,11.0,1.0791812460476249
NZ_CP082121.1,109135,≥100 kb,tRNA-,18.0,1.2787536009528289
NZ_CP082123.1,48592,<100 kb,tRNA-,1.0,0.3010299956639812
NZ_CP082128.1,136961,≥100 kb,tRNA-,16.0,1.2304489213782739
NZ_CP082130.1,136961,≥100 kb,tRNA-,16.0,1.2304489213782739
NZ_CP082825.1,108070,≥100 kb,tRNA-,10.0,1.0413926851582251
NZ_CP082826.1,86164,<100 kb,tRNA-,1.0,0.3010299956639812
NZ_CP082832.1,186443,≥100 kb,tRNA-,6.0,0.8450980400142568
NZ_CP082828.1,139267,≥100 kb,tRNA-,10.0,1.0413926851582251
NZ_AP024688.1,137114,≥100 kb,tRNA-,25.0,1.414973347970818
NZ_AP024689.1,62903,<100 kb,tRNA-,1.0,0.3010299956639812
NZ_AP024519.1,100617,≥100 kb,tRNA-,6.0,0.8450980400142568
NZ_CP083266.1,1865,<100 kb,tRNA-,3.0,0.6020599913279624
NZ_CP083586.1,372134,≥100 kb,tRNA-,30.0,1.4913616938342726
NZ_CP083702.1,120731,≥100 kb,tRNA-,10.0,1.0413926851582251
NZ_CP083703.1,53292,<100 kb,tRNA-,6.0,0.8450980400142568
NZ_CP083704.1,58698,<100 kb,tRNA-,1.0,0.3010299956639812
NZ_CP083705.1,146558,≥100 kb,tRNA-,15.0,1.2041199826559248
NZ_CP083878.1,158041,≥100 kb,tRNA-,12.0,1.1139433523068367
NZ_CP083879.1,6278,<100 kb,tRNA-,1.0,0.3010299956639812
NZ_CP083873.1,6291,<100 kb,tRNA-,2.0,0.47712125471966244
NZ_CP083874.1,31976,<100 kb,tRNA-,2.0,0.47712125471966244
NZ_CP083875.1,170625,≥100 kb,tRNA-,16.0,1.2304489213782739
NZ_CP083876.1,50362,<100 kb,tRNA-,8.0,0.9542425094393249
NZ_CP083890.1,137647,≥100 kb,tRNA-,11.0,1.0791812460476249
NZ_CP083884.1,164740,≥100 kb,tRNA-,10.0,1.0413926851582251
NZ_CP083881.1,159955,≥100 kb,tRNA-,20.0,1.3222192947339193
NZ_CP083883.1,6188,<100 kb,tRNA-,2.0,0.47712125471966244
NZ_CP083867.1,224320,≥100 kb,tRNA-,11.0,1.0791812460476249
NZ_CP083868.1,6275,<100 kb,tRNA-,1.0,0.3010299956639812
NZ_CP084027.1,351436,≥100 kb,tRNA-,6.0,0.8450980400142568
NZ_CP066846.1,60935,<100 kb,tRNA-,3.0,0.6020599913279624
NZ_CP066845.1,127534,≥100 kb,tRNA-,8.0,0.9542425094393249
NZ_CP084901.1,231954,≥100 kb,tRNA-,19.0,1.3010299956639813
NZ_CP084904.1,4363,<100 kb,tRNA-,4.0,0.6989700043360189
NZ_CP084902.1,169208,≥100 kb,tRNA-,14.0,1.1760912590556813
NZ_CP085057.1,118805,≥100 kb,tRNA-,4.0,0.6989700043360189
NZ_CP085059.1,85542,<100 kb,tRNA-,11.0,1.0791812460476249
NZ_CP085062.1,66866,<100 kb,tRNA-,1.0,0.3010299956639812
NZ_CP085061.1,161701,≥100 kb,tRNA-,18.0,1.2787536009528289
NZ_CP085064.1,133958,≥100 kb,tRNA-,12.0,1.1139433523068367
NZ_CP085071.1,48551,<100 kb,tRNA-,1.0,0.3010299956639812
NZ_CP085070.1,146039,≥100 kb,tRNA-,18.0,1.2787536009528289
NZ_CP085077.1,56811,<100 kb,tRNA-,1.0,0.3010299956639812
NZ_CP085076.1,100217,≥100 kb,tRNA-,13.0,1.146128035678238
NZ_CP085075.1,134984,≥100 kb,tRNA-,20.0,1.3222192947339193
NZ_CP085186.1,49706,<100 kb,tRNA-,4.0,0.6989700043360189
NZ_CP085189.1,253380,≥100 kb,tRNA-,24.0,1.3979400086720377
NZ_CP085190.1,93120,<100 kb,tRNA-,17.0,1.255272505103306
NZ_CP085620.1,128649,≥100 kb,tRNA-,14.0,1.1760912590556813
NZ_CP085621.1,88542,<100 kb,tRNA-,1.0,0.3010299956639812
NZ_CP085624.1,83408,<100 kb,tRNA-,2.0,0.47712125471966244
NZ_CP085625.1,82796,<100 kb,tRNA-,11.0,1.0791812460476249
NZ_CP085623.1,269592,≥100 kb,tRNA-,18.0,1.2787536009528289
NZ_CP083479.1,149801,≥100 kb,tRNA-,10.0,1.0413926851582251
NZ_CP083484.1,224105,≥100 kb,tRNA-,1.0,0.3010299956639812
NZ_CP083487.1,33771,<100 kb,tRNA-,1.0,0.3010299956639812
NZ_CP083489.1,9740,<100 kb,tRNA-,3.0,0.6020599913279624
NZ_CP083498.1,128175,≥100 kb,tRNA-,13.0,1.146128035678238
NZ_CP083499.1,130873,≥100 kb,tRNA-,10.0,1.0413926851582251
NZ_CP083504.1,108485,≥100 kb,tRNA-,3.0,0.6020599913279624
NZ_CP083508.1,65500,<100 kb,tRNA-,2.0,0.47712125471966244
NZ_CP083513.1,171115,≥100 kb,tRNA-,8.0,0.9542425094393249
NZ_CP083515.1,77013,<100 kb,tRNA-,3.0,0.6020599913279624
NZ_CP086389.1,142329,≥100 kb,tRNA-,6.0,0.8450980400142568
NZ_CP086388.1,113047,≥100 kb,tRNA+,12.0,1.1139433523068367
NZ_CP073623.1,222008,≥100 kb,tRNA-,5.0,0.7781512503836436
NZ_CP086617.1,138402,≥100 kb,tRNA-,13.0,1.146128035678238
NZ_CP086619.1,126075,≥100 kb,tRNA-,6.0,0.8450980400142568
NZ_CP086621.1,135854,≥100 kb,tRNA-,13.0,1.146128035678238
NZ_CP086663.1,94190,<100 kb,tRNA-,6.0,0.8450980400142568
NZ_AP025206.2,92278,<100 kb,tRNA-,10.0,1.0413926851582251
NZ_AP025207.1,50591,<100 kb,tRNA-,1.0,0.3010299956639812
NZ_AP025210.2,216026,≥100 kb,tRNA-,19.0,1.3010299956639813
NZ_AP025216.1,83929,<100 kb,tRNA-,8.0,0.9542425094393249
NZ_AP025217.1,50950,<100 kb,tRNA-,4.0,0.6989700043360189
NZ_AP025221.1,129419,≥100 kb,tRNA-,4.0,0.6989700043360189
NZ_AP025222.1,51114,<100 kb,tRNA-,4.0,0.6989700043360189
NZ_CP087378.1,147403,≥100 kb,tRNA-,13.0,1.146128035678238
NZ_CP087579.1,120124,≥100 kb,tRNA-,10.0,1.0413926851582251
NZ_CP087576.1,51705,<100 kb,tRNA-,1.0,0.3010299956639812
NZ_CP087571.1,151915,≥100 kb,tRNA-,14.0,1.1760912590556813
NZ_CP089446.1,129071,≥100 kb,tRNA-,14.0,1.1760912590556813
NZ_CP089447.1,125150,≥100 kb,tRNA-,12.0,1.1139433523068367
NZ_CP090450.1,106761,≥100 kb,tRNA-,2.0,0.47712125471966244
NZ_CP090452.1,37779,<100 kb,tRNA-,1.0,0.3010299956639812
NZ_CP090449.1,108576,≥100 kb,tRNA-,12.0,1.1139433523068367
NZ_CP090458.1,147204,≥100 kb,tRNA-,14.0,1.1760912590556813
NZ_CP090459.1,46161,<100 kb,tRNA-,3.0,0.6020599913279624
NZ_CP090612.1,420355,≥100 kb,tRNA+,14.0,1.1760912590556813
NZ_CP090613.1,94297,<100 kb,tRNA-,13.0,1.146128035678238
NZ_CP051662.1,148312,≥100 kb,tRNA-,3.0,0.6020599913279624
NZ_CP051665.1,157396,≥100 kb,tRNA-,10.0,1.0413926851582251
NZ_CP097098.1,65305,<100 kb,tRNA-,10.0,1.0413926851582251
NZ_CP054192.1,407456,≥100 kb,tRNA-,26.0,1.4313637641589874
NZ_CP054165.1,68411,<100 kb,tRNA-,6.0,0.8450980400142568
NZ_CP054162.1,6222,<100 kb,tRNA-,3.0,0.6020599913279624
NZ_CP054166.1,165243,≥100 kb,tRNA-,5.0,0.7781512503836436
NZ_CP054168.1,10552,<100 kb,tRNA-,3.0,0.6020599913279624
NZ_CP091023.1,87231,<100 kb,tRNA-,1.0,0.3010299956639812
NZ_CP091047.1,82263,<100 kb,tRNA-,6.0,0.8450980400142568
NZ_CP091027.1,111805,≥100 kb,tRNA-,7.0,0.9030899869919435
NZ_CP091030.1,229883,≥100 kb,tRNA-,17.0,1.255272505103306
NZ_CP056115.1,128537,≥100 kb,tRNA-,17.0,1.255272505103306
NZ_CP091774.1,109860,≥100 kb,tRNA-,10.0,1.0413926851582251
NZ_CP091838.1,6821,<100 kb,tRNA-,4.0,0.6989700043360189
NZ_CP091841.1,6821,<100 kb,tRNA-,4.0,0.6989700043360189
NZ_CP043824.1,114358,≥100 kb,tRNA-,2.0,0.47712125471966244
NZ_CP074408.1,71810,<100 kb,tRNA-,3.0,0.6020599913279624
NZ_CP092254.1,70864,<100 kb,tRNA-,8.0,0.9542425094393249
NZ_CP054966.1,87961,<100 kb,tRNA-,7.0,0.9030899869919435
NZ_CP055020.1,154739,≥100 kb,tRNA-,15.0,1.2041199826559248
NZ_CP055023.1,40757,<100 kb,tRNA-,3.0,0.6020599913279624
NZ_CP055050.1,46569,<100 kb,tRNA-,6.0,0.8450980400142568
NZ_CP058711.1,104573,≥100 kb,tRNA-,11.0,1.0791812460476249
NZ_CP058712.1,88457,<100 kb,tRNA-,6.0,0.8450980400142568
NZ_CP058713.1,99340,<100 kb,tRNA-,1.0,0.3010299956639812
NZ_CP058716.1,235360,≥100 kb,tRNA-,7.0,0.9030899869919435
NZ_CP058717.1,97389,<100 kb,tRNA-,12.0,1.1139433523068367
NZ_CP058718.1,48680,<100 kb,tRNA-,8.0,0.9542425094393249
NZ_CP058720.1,87766,<100 kb,tRNA-,9.0,1.0
NZ_CP058721.1,90772,<100 kb,tRNA-,14.0,1.1760912590556813
NZ_CP058722.1,90147,<100 kb,tRNA-,6.0,0.8450980400142568
NZ_CP058726.1,152180,≥100 kb,tRNA-,10.0,1.0413926851582251
NZ_CP058727.1,91934,<100 kb,tRNA-,19.0,1.3010299956639813
NZ_CP091429.1,40232,<100 kb,tRNA-,4.0,0.6989700043360189
NZ_CP091428.1,145445,≥100 kb,tRNA-,9.0,1.0
NZ_CP092451.1,46799,<100 kb,tRNA-,1.0,0.3010299956639812
NZ_CP092450.1,91489,<100 kb,tRNA-,14.0,1.1760912590556813
NZ_CP035828.1,89897,<100 kb,tRNA-,7.0,0.9030899869919435
NZ_CP092453.1,86914,<100 kb,tRNA-,12.0,1.1139433523068367
NZ_CP092645.1,99284,<100 kb,tRNA+,1.0,0.3010299956639812
NZ_CP092646.1,256955,≥100 kb,tRNA-,14.0,1.1760912590556813
NZ_CP058880.1,121453,≥100 kb,tRNA-,19.0,1.3010299956639813
NZ_CP058876.1,121650,≥100 kb,tRNA-,11.0,1.0791812460476249
NZ_CP058877.1,67224,<100 kb,tRNA-,8.0,0.9542425094393249
NZ_CP058749.1,121453,≥100 kb,tRNA-,19.0,1.3010299956639813
NZ_CP091653.1,113312,≥100 kb,tRNA-,1.0,0.3010299956639812
NZ_CP091658.1,137247,≥100 kb,tRNA-,11.0,1.0791812460476249
NZ_CP091672.1,224424,≥100 kb,tRNA-,22.0,1.3617278360175928
NZ_CP091675.1,89404,<100 kb,tRNA-,1.0,0.3010299956639812
NZ_CP091674.1,18520,<100 kb,tRNA-,1.0,0.3010299956639812
NZ_CP091678.1,108771,≥100 kb,tRNA-,2.0,0.47712125471966244
NZ_CP091684.1,100833,≥100 kb,tRNA-,4.0,0.6989700043360189
NZ_CP091685.1,86532,<100 kb,tRNA-,6.0,0.8450980400142568
NZ_CP091692.1,154958,≥100 kb,tRNA-,14.0,1.1760912590556813
NZ_CP091693.1,68938,<100 kb,tRNA-,5.0,0.7781512503836436
NZ_CP091694.1,6222,<100 kb,tRNA-,3.0,0.6020599913279624
NZ_CP091698.1,86740,<100 kb,tRNA-,1.0,0.3010299956639812
NZ_CP091705.1,100940,≥100 kb,tRNA-,2.0,0.47712125471966244
NZ_AP025182.1,89026,<100 kb,tRNA-,5.0,0.7781512503836436
NZ_AP025181.1,40045,<100 kb,tRNA-,2.0,0.47712125471966244
NZ_CP090307.1,48150,<100 kb,tRNA-,1.0,0.3010299956639812
NZ_CP090306.1,85345,<100 kb,tRNA-,15.0,1.2041199826559248
NZ_CP090308.1,46810,<100 kb,tRNA-,4.0,0.6989700043360189
NZ_CP060988.1,141542,≥100 kb,tRNA-,11.0,1.0791812460476249
NZ_CP060989.1,105686,≥100 kb,tRNA-,4.0,0.6989700043360189
NZ_CP060991.1,6200,<100 kb,tRNA-,3.0,0.6020599913279624
NZ_CP060868.1,147459,≥100 kb,tRNA-,23.0,1.380211241711606
NZ_CP060874.1,111544,≥100 kb,tRNA-,4.0,0.6989700043360189
NZ_CP060875.1,92062,<100 kb,tRNA-,1.0,0.3010299956639812
NZ_CP060883.1,46161,<100 kb,tRNA-,3.0,0.6020599913279624
NZ_CP060886.1,88670,<100 kb,tRNA-,2.0,0.47712125471966244
NZ_CP060887.1,86975,<100 kb,tRNA-,1.0,0.3010299956639812
NZ_CP060888.1,46161,<100 kb,tRNA-,3.0,0.6020599913279624
NZ_CP060894.1,110689,≥100 kb,tRNA-,10.0,1.0413926851582251
NZ_CP060896.1,6200,<100 kb,tRNA-,2.0,0.47712125471966244
NZ_CP060893.1,168221,≥100 kb,tRNA-,9.0,1.0
NZ_CP060900.1,168844,≥100 kb,tRNA-,26.0,1.4313637641589874
NZ_CP060903.1,88680,<100 kb,tRNA-,2.0,0.47712125471966244
NZ_CP060904.1,86975,<100 kb,tRNA-,1.0,0.3010299956639812
NZ_CP060905.1,46161,<100 kb,tRNA-,4.0,0.6989700043360189
NZ_CP060909.1,88659,<100 kb,tRNA-,2.0,0.47712125471966244
NZ_CP060910.1,86975,<100 kb,tRNA-,1.0,0.3010299956639812
NZ_CP060911.1,46161,<100 kb,tRNA-,3.0,0.6020599913279624
NZ_CP060925.1,159110,≥100 kb,tRNA-,2.0,0.47712125471966244
NZ_CP060926.1,118444,≥100 kb,tRNA-,22.0,1.3617278360175928
NZ_CP060915.1,137235,≥100 kb,tRNA-,10.0,1.0413926851582251
NZ_CP060917.1,24665,<100 kb,tRNA-,4.0,0.6989700043360189
NZ_CP060920.1,137235,≥100 kb,tRNA-,10.0,1.0413926851582251
NZ_CP060922.1,24944,<100 kb,tRNA-,6.0,0.8450980400142568
NZ_CP060934.1,137192,≥100 kb,tRNA-,10.0,1.0413926851582251
NZ_CP060936.1,24944,<100 kb,tRNA-,4.0,0.6989700043360189
NZ_CP060929.1,145694,≥100 kb,tRNA-,15.0,1.2041199826559248
NZ_CP060940.1,55175,<100 kb,tRNA-,2.0,0.47712125471966244
NZ_CP060943.1,6189,<100 kb,tRNA-,3.0,0.6020599913279624
NZ_CP060941.1,49849,<100 kb,tRNA-,4.0,0.6989700043360189
NZ_CP060952.1,61845,<100 kb,tRNA-,5.0,0.7781512503836436
NZ_CP043276.1,122305,≥100 kb,tRNA-,3.0,0.6020599913279624
NZ_CP043275.1,34321,<100 kb,tRNA-,1.0,0.3010299956639812
NZ_CP043282.1,116435,≥100 kb,tRNA-,7.0,0.9030899869919435
NZ_CP043280.1,77649,<100 kb,tRNA-,7.0,0.9030899869919435
NZ_CP043289.1,72276,<100 kb,tRNA-,5.0,0.7781512503836436
NZ_CP043290.1,5847,<100 kb,tRNA-,1.0,0.3010299956639812
NZ_CP043286.1,111058,≥100 kb,tRNA-,12.0,1.1139433523068367
NZ_CP043285.1,99721,<100 kb,tRNA-,1.0,0.3010299956639812
NZ_CP043297.1,110724,≥100 kb,tRNA-,1.0,0.3010299956639812
NZ_CP043296.1,19903,<100 kb,tRNA-,3.0,0.6020599913279624
NZ_CP043336.1,133446,≥100 kb,tRNA-,16.0,1.2304489213782739
NZ_CP043338.1,90384,<100 kb,tRNA-,12.0,1.1139433523068367
NZ_CP043335.1,51478,<100 kb,tRNA-,2.0,0.47712125471966244
NZ_CP060955.1,97755,<100 kb,tRNA-,11.0,1.0791812460476249
NZ_CP060954.1,168756,≥100 kb,tRNA-,22.0,1.3617278360175928
NZ_CP060964.1,128054,≥100 kb,tRNA-,15.0,1.2041199826559248
NZ_CP060965.1,89379,<100 kb,tRNA-,1.0,0.3010299956639812
NZ_CP060970.1,147909,≥100 kb,tRNA-,14.0,1.1760912590556813
NZ_CP060971.1,111472,≥100 kb,tRNA-,10.0,1.0413926851582251
NZ_CP060972.1,46161,<100 kb,tRNA-,3.0,0.6020599913279624
NZ_CP060975.1,112054,≥100 kb,tRNA-,16.0,1.2304489213782739
NZ_CP060980.1,140376,≥100 kb,tRNA-,6.0,0.8450980400142568
NZ_CP060981.1,106787,≥100 kb,tRNA-,2.0,0.47712125471966244
NZ_CP092977.1,6200,<100 kb,tRNA-,3.0,0.6020599913279624
NZ_CP092974.1,104665,≥100 kb,tRNA-,5.0,0.7781512503836436
NZ_CP092976.1,122037,≥100 kb,tRNA-,6.0,0.8450980400142568
NZ_CP088133.1,62662,<100 kb,tRNA-,1.0,0.3010299956639812
NZ_CP091757.1,298935,≥100 kb,tRNA-,17.0,1.255272505103306
NZ_CP093069.1,100606,≥100 kb,tRNA-,6.0,0.8450980400142568
NZ_CP093227.1,212822,≥100 kb,tRNA-,27.0,1.4471580313422192
NZ_CP093229.1,90339,<100 kb,tRNA-,1.0,0.3010299956639812
NZ_CP093284.1,248308,≥100 kb,tRNA-,14.0,1.1760912590556813
NZ_CP093285.1,96949,<100 kb,tRNA-,5.0,0.7781512503836436
NZ_CP066840.1,136209,≥100 kb,tRNA-,5.0,0.7781512503836436
NZ_CP093920.1,100291,≥100 kb,tRNA-,12.0,1.1139433523068367
NZ_CP086501.1,117620,≥100 kb,tRNA-,9.0,1.0
NZ_CP086502.1,99465,<100 kb,tRNA-,11.0,1.0791812460476249
NZ_CP086504.1,66616,<100 kb,tRNA-,5.0,0.7781512503836436
NZ_CP086491.1,115986,≥100 kb,tRNA-,9.0,1.0
NZ_CP086492.1,99465,<100 kb,tRNA-,11.0,1.0791812460476249
NZ_CP086494.1,66612,<100 kb,tRNA-,5.0,0.7781512503836436
NZ_CP086481.1,117620,≥100 kb,tRNA-,9.0,1.0
NZ_CP086482.1,99476,<100 kb,tRNA-,11.0,1.0791812460476249
NZ_CP086484.1,66616,<100 kb,tRNA-,5.0,0.7781512503836436
NZ_CP086511.1,115932,≥100 kb,tRNA-,9.0,1.0
NZ_CP086512.1,99465,<100 kb,tRNA-,11.0,1.0791812460476249
NZ_CP086514.1,66616,<100 kb,tRNA-,5.0,0.7781512503836436
NZ_CP086471.1,115932,≥100 kb,tRNA-,9.0,1.0
NZ_CP086472.1,99465,<100 kb,tRNA-,11.0,1.0791812460476249
NZ_CP086474.1,66616,<100 kb,tRNA-,5.0,0.7781512503836436
NZ_CP086540.1,47514,<100 kb,tRNA-,1.0,0.3010299956639812
NZ_CP086533.1,51479,<100 kb,tRNA-,2.0,0.47712125471966244
NZ_CP086534.1,47185,<100 kb,tRNA-,1.0,0.3010299956639812
NZ_CP086528.1,47185,<100 kb,tRNA-,1.0,0.3010299956639812
NZ_CP086522.1,47193,<100 kb,tRNA-,1.0,0.3010299956639812
NZ_CP086545.1,51479,<100 kb,tRNA-,2.0,0.47712125471966244
NZ_CP086546.1,47185,<100 kb,tRNA-,1.0,0.3010299956639812
NZ_CP094340.1,96018,<100 kb,tRNA-,8.0,0.9542425094393249
NZ_CP094342.1,19977,<100 kb,tRNA-,3.0,0.6020599913279624
NZ_AP025658.1,171085,≥100 kb,tRNA-,8.0,0.9542425094393249
NZ_AP025660.1,56167,<100 kb,tRNA-,13.0,1.146128035678238
NZ_AP025659.1,59793,<100 kb,tRNA-,3.0,0.6020599913279624
NZ_CP095084.1,144934,≥100 kb,tRNA-,6.0,0.8450980400142568
NZ_CP095089.1,36460,<100 kb,tRNA-,2.0,0.47712125471966244
NZ_CP095128.1,64118,<100 kb,tRNA-,4.0,0.6989700043360189
NZ_CP095138.1,133313,≥100 kb,tRNA-,10.0,1.0413926851582251
NZ_CP095139.1,110850,≥100 kb,tRNA+,2.0,0.47712125471966244
NZ_CP095156.1,174508,≥100 kb,tRNA-,16.0,1.2304489213782739
NZ_CP101514.1,140492,≥100 kb,tRNA-,9.0,1.0
NZ_CP101516.1,228609,≥100 kb,tRNA-,15.0,1.2041199826559248
NZ_CP095272.1,146265,≥100 kb,tRNA-,6.0,0.8450980400142568
NZ_CP095273.1,96608,<100 kb,tRNA-,1.0,0.3010299956639812
NZ_CP095449.1,107459,≥100 kb,tRNA-,1.0,0.3010299956639812
NZ_CP095451.1,92017,<100 kb,tRNA-,13.0,1.146128035678238
NZ_CP095452.1,64620,<100 kb,tRNA-,2.0,0.47712125471966244
NZ_CP086221.1,242460,≥100 kb,tRNA-,11.0,1.0791812460476249
NZ_CP086222.1,114310,≥100 kb,tRNA-,4.0,0.6989700043360189
NZ_CP086224.1,62813,<100 kb,tRNA-,4.0,0.6989700043360189
NZ_CP095859.1,63122,<100 kb,tRNA-,2.0,0.47712125471966244
NZ_CP095857.1,230727,≥100 kb,tRNA-,24.0,1.3979400086720377
NZ_CP095858.1,107055,≥100 kb,tRNA-,4.0,0.6989700043360189
NZ_AP023434.1,94605,<100 kb,tRNA-,17.0,1.255272505103306
NZ_AP023435.1,130897,≥100 kb,tRNA-,8.0,0.9542425094393249
NZ_AP019804.1,123767,≥100 kb,tRNA-,12.0,1.1139433523068367
NZ_AP019806.1,48562,<100 kb,tRNA-,1.0,0.3010299956639812
NZ_AP025663.1,170915,≥100 kb,tRNA-,8.0,0.9542425094393249
NZ_AP025665.1,28365,<100 kb,tRNA-,6.0,0.8450980400142568
NZ_AP025664.1,59793,<100 kb,tRNA-,3.0,0.6020599913279624
NZ_CP048610.1,119126,≥100 kb,tRNA-,17.0,1.255272505103306
NZ_CP096588.1,262413,≥100 kb,tRNA-,21.0,1.3424226808222062
NZ_CP096589.1,140101,≥100 kb,tRNA-,8.0,0.9542425094393249
NZ_CP096836.1,43439,<100 kb,tRNA-,3.0,0.6020599913279624
NZ_CP096831.1,106484,≥100 kb,tRNA-,5.0,0.7781512503836436
NZ_CP096833.1,190632,≥100 kb,tRNA-,8.0,0.9542425094393249
NZ_CP096838.1,54649,<100 kb,tRNA-,7.0,0.9030899869919435
NZ_CP097200.1,73029,<100 kb,tRNA-,9.0,1.0
NZ_CP097199.1,298559,≥100 kb,tRNA-,16.0,1.2304489213782739
NZ_CP097201.1,49214,<100 kb,tRNA-,5.0,0.7781512503836436
NZ_CP097182.1,104161,≥100 kb,tRNA-,10.0,1.0413926851582251
NZ_CP086679.1,262144,≥100 kb,tRNA-,8.0,0.9542425094393249
NZ_CP086680.1,46324,<100 kb,tRNA-,2.0,0.47712125471966244
NZ_CP086681.1,135562,≥100 kb,tRNA-,2.0,0.47712125471966244
NZ_CP049849.1,6336,<100 kb,tRNA-,1.0,0.3010299956639812
NZ_CP049846.1,109478,≥100 kb,tRNA-,4.0,0.6989700043360189
NZ_CP080058.1,104551,≥100 kb,tRNA-,12.0,1.1139433523068367
NZ_CP080061.1,4607,<100 kb,tRNA-,2.0,0.47712125471966244
NZ_CP080067.1,97038,<100 kb,tRNA-,11.0,1.0791812460476249
NZ_CP080072.1,13952,<100 kb,tRNA-,4.0,0.6989700043360189
NZ_CP080078.1,5920,<100 kb,tRNA-,1.0,0.3010299956639812
NZ_CP080077.1,51975,<100 kb,tRNA-,3.0,0.6020599913279624
NZ_CP080076.1,144481,≥100 kb,tRNA-,11.0,1.0791812460476249
NZ_CP080081.1,246552,≥100 kb,tRNA-,16.0,1.2304489213782739
NZ_CP080082.1,110148,≥100 kb,tRNA-,3.0,0.6020599913279624
NZ_CP080087.1,13936,<100 kb,tRNA-,4.0,0.6989700043360189
NZ_CP097427.1,87915,<100 kb,tRNA-,4.0,0.6989700043360189
NZ_CP097428.1,70092,<100 kb,tRNA-,3.0,0.6020599913279624
NZ_CP097429.1,63590,<100 kb,tRNA-,2.0,0.47712125471966244
NZ_CP097366.1,86293,<100 kb,tRNA-,3.0,0.6020599913279624
NZ_CP097364.1,269522,≥100 kb,tRNA-,14.0,1.1760912590556813
NZ_CP097365.1,158302,≥100 kb,tRNA-,3.0,0.6020599913279624
NZ_CP097431.1,87915,<100 kb,tRNA-,4.0,0.6989700043360189
NZ_CP097432.1,70092,<100 kb,tRNA-,3.0,0.6020599913279624
NZ_CP097433.1,63589,<100 kb,tRNA-,2.0,0.47712125471966244
NZ_CP097368.1,122671,≥100 kb,tRNA-,13.0,1.146128035678238
NZ_CP097361.1,145705,≥100 kb,tRNA-,14.0,1.1760912590556813
NZ_CP097371.1,137735,≥100 kb,tRNA-,12.0,1.1139433523068367
NZ_CP071260.1,63589,<100 kb,tRNA-,2.0,0.47712125471966244
NZ_CP071264.1,63589,<100 kb,tRNA-,2.0,0.47712125471966244
NZ_CP084206.1,138128,≥100 kb,tRNA-,7.0,0.9030899869919435
NZ_CP084208.1,139530,≥100 kb,tRNA-,7.0,0.9030899869919435
NZ_CP084211.1,102745,≥100 kb,tRNA-,7.0,0.9030899869919435
NZ_CP098179.1,121118,≥100 kb,tRNA-,4.0,0.6989700043360189
NZ_CP098180.1,100768,≥100 kb,tRNA-,2.0,0.47712125471966244
NZ_CP098184.1,230317,≥100 kb,tRNA-,11.0,1.0791812460476249
NZ_CP098191.1,91188,<100 kb,tRNA-,1.0,0.3010299956639812
NZ_CP098194.1,67947,<100 kb,tRNA-,2.0,0.47712125471966244
NZ_CP098196.1,114575,≥100 kb,tRNA-,6.0,0.8450980400142568
NZ_CP098202.1,78537,<100 kb,tRNA-,4.0,0.6989700043360189
NZ_CP098198.1,102319,≥100 kb,tRNA-,1.0,0.3010299956639812
NZ_CP098205.1,62190,<100 kb,tRNA-,2.0,0.47712125471966244
NZ_CP098207.1,173366,≥100 kb,tRNA-,11.0,1.0791812460476249
NZ_CP098212.1,115561,≥100 kb,tRNA-,8.0,0.9542425094393249
NZ_CP098215.1,157136,≥100 kb,tRNA-,15.0,1.2041199826559248
NZ_CP098216.1,15385,<100 kb,tRNA-,1.0,0.3010299956639812
NZ_CP098220.1,103564,≥100 kb,tRNA-,3.0,0.6020599913279624
NZ_CP098225.1,57370,<100 kb,tRNA-,12.0,1.1139433523068367
NZ_CP071712.1,268215,≥100 kb,tRNA-,17.0,1.255272505103306
NZ_CP099723.1,203860,≥100 kb,tRNA-,8.0,0.9542425094393249
NZ_CP099722.1,260179,≥100 kb,tRNA-,29.0,1.4771212547196624
NZ_CP141206.1,106723,≥100 kb,tRNA-,1.0,0.3010299956639812
NZ_CP100502.1,112293,≥100 kb,tRNA-,5.0,0.7781512503836436
NZ_CP100528.1,46338,<100 kb,tRNA-,1.0,0.3010299956639812
NZ_CP100546.1,112664,≥100 kb,tRNA-,4.0,0.6989700043360189
NZ_CP101265.1,100090,≥100 kb,tRNA-,4.0,0.6989700043360189
NZ_CP101264.1,109419,≥100 kb,tRNA-,8.0,0.9542425094393249
NZ_CP101266.1,46712,<100 kb,tRNA-,3.0,0.6020599913279624
NZ_CP101223.1,120930,≥100 kb,tRNA-,12.0,1.1139433523068367
NZ_CP101227.1,36377,<100 kb,tRNA-,1.0,0.3010299956639812
NZ_CP101224.1,88826,<100 kb,tRNA-,4.0,0.6989700043360189
NZ_CP101246.1,122859,≥100 kb,tRNA-,14.0,1.1760912590556813
NZ_CP101249.1,46161,<100 kb,tRNA-,3.0,0.6020599913279624
NZ_CP101252.1,122859,≥100 kb,tRNA-,14.0,1.1760912590556813
NZ_CP101276.1,111893,≥100 kb,tRNA-,13.0,1.146128035678238
NZ_CP101277.1,45739,<100 kb,tRNA-,3.0,0.6020599913279624
NZ_CP101258.1,122859,≥100 kb,tRNA-,14.0,1.1760912590556813
NZ_CP101261.1,46161,<100 kb,tRNA-,3.0,0.6020599913279624
NZ_CP101198.1,127790,≥100 kb,tRNA-,14.0,1.1760912590556813
NZ_CP101201.1,36377,<100 kb,tRNA-,1.0,0.3010299956639812
NZ_CP101199.1,88826,<100 kb,tRNA-,4.0,0.6989700043360189
NZ_CP101212.1,127578,≥100 kb,tRNA-,2.0,0.47712125471966244
NZ_CP101211.1,274018,≥100 kb,tRNA-,18.0,1.2787536009528289
NZ_CP101213.1,62297,<100 kb,tRNA-,1.0,0.3010299956639812
NZ_CP101234.1,237484,≥100 kb,tRNA-,8.0,0.9542425094393249
NZ_CP101236.1,81957,<100 kb,tRNA-,5.0,0.7781512503836436
NZ_CP101297.1,6222,<100 kb,tRNA-,3.0,0.6020599913279624
NZ_CP084057.1,280258,≥100 kb,tRNA-,20.0,1.3222192947339193
NZ_CP084056.1,108559,≥100 kb,tRNA-,10.0,1.0413926851582251
NZ_CP116914.1,89725,<100 kb,tRNA-,19.0,1.3010299956639813
NZ_CP116911.1,89725,<100 kb,tRNA-,19.0,1.3010299956639813
NZ_CP116920.1,84886,<100 kb,tRNA-,11.0,1.0791812460476249
NZ_CP116924.1,93511,<100 kb,tRNA-,6.0,0.8450980400142568
NZ_CP116930.1,121841,≥100 kb,tRNA-,19.0,1.3010299956639813
NZ_CP116998.1,6222,<100 kb,tRNA-,3.0,0.6020599913279624
NZ_CP116995.1,172011,≥100 kb,tRNA-,12.0,1.1139433523068367
NZ_CP117017.1,65272,<100 kb,tRNA-,9.0,1.0
NZ_CP117047.1,6178,<100 kb,tRNA-,3.0,0.6020599913279624
NZ_CP117046.1,174497,≥100 kb,tRNA-,16.0,1.2304489213782739
NZ_CP117051.1,6178,<100 kb,tRNA-,3.0,0.6020599913279624
NZ_CP117050.1,174496,≥100 kb,tRNA-,16.0,1.2304489213782739
NZ_CP117004.1,89004,<100 kb,tRNA-,8.0,0.9542425094393249
NZ_CP117003.1,95344,<100 kb,tRNA-,11.0,1.0791812460476249
NZ_CP074681.1,158291,≥100 kb,tRNA-,3.0,0.6020599913279624
NZ_CP074682.1,63589,<100 kb,tRNA-,2.0,0.47712125471966244
NZ_CP101617.1,74006,<100 kb,tRNA-,11.0,1.0791812460476249
NZ_CP101618.1,72929,<100 kb,tRNA-,5.0,0.7781512503836436
NZ_CP101667.1,122198,≥100 kb,tRNA-,12.0,1.1139433523068367
NZ_CP101668.1,72916,<100 kb,tRNA-,11.0,1.0791812460476249
NZ_CP101706.1,223341,≥100 kb,tRNA-,17.0,1.255272505103306
NZ_CP075718.1,81639,<100 kb,tRNA-,6.0,0.8450980400142568
NZ_CP075720.1,60485,<100 kb,tRNA-,9.0,1.0
NZ_CP075721.1,29590,<100 kb,tRNA-,1.0,0.3010299956639812
NZ_CP075738.1,222848,≥100 kb,tRNA-,13.0,1.146128035678238
NZ_CP075741.1,77891,<100 kb,tRNA-,3.0,0.6020599913279624
NZ_CP075732.1,115794,≥100 kb,tRNA-,4.0,0.6989700043360189
NZ_CP075733.1,33858,<100 kb,tRNA-,1.0,0.3010299956639812
NZ_CP075724.1,91697,<100 kb,tRNA-,13.0,1.146128035678238
NZ_CP075723.1,106446,≥100 kb,tRNA+,3.0,0.6020599913279624
NZ_CP075725.1,83577,<100 kb,tRNA-,6.0,0.8450980400142568
NZ_CP101867.1,106681,≥100 kb,tRNA-,2.0,0.47712125471966244
NZ_CP101869.1,37779,<100 kb,tRNA-,1.0,0.3010299956639812
NZ_CP101859.1,101973,≥100 kb,tRNA-,5.0,0.7781512503836436
NZ_CP101861.1,33309,<100 kb,tRNA-,1.0,0.3010299956639812
NZ_CP030153.1,152677,≥100 kb,tRNA-,4.0,0.6989700043360189
NZ_CP030154.1,134064,≥100 kb,tRNA-,9.0,1.0
NZ_CP030156.1,61828,<100 kb,tRNA-,1.0,0.3010299956639812
NZ_JALDNN010000002.1,123900,≥100 kb,tRNA-,1.0,0.3010299956639812
NZ_CP101923.1,111928,≥100 kb,tRNA+,2.0,0.47712125471966244
NZ_CP101916.1,129083,≥100 kb,tRNA-,11.0,1.0791812460476249
NZ_CP102063.1,41190,<100 kb,tRNA-,4.0,0.6989700043360189
NZ_CP102062.1,152865,≥100 kb,tRNA-,9.0,1.0
NZ_CP073925.1,252347,≥100 kb,tRNA-,31.0,1.505149978319906
NZ_CP073927.1,118380,≥100 kb,tRNA-,9.0,1.0
NZ_CP073930.1,112470,≥100 kb,tRNA-,3.0,0.6020599913279624
NZ_CP073931.1,37766,<100 kb,tRNA-,1.0,0.3010299956639812
NZ_CP073933.1,85429,<100 kb,tRNA-,3.0,0.6020599913279624
NZ_CP073937.1,46249,<100 kb,tRNA-,6.0,0.8450980400142568
NZ_CP073944.1,67961,<100 kb,tRNA-,4.0,0.6989700043360189
NZ_CP073947.1,87651,<100 kb,tRNA-,2.0,0.47712125471966244
NZ_CP073948.1,57766,<100 kb,tRNA-,9.0,1.0
NZ_CP073950.1,117974,≥100 kb,tRNA-,10.0,1.0413926851582251
NZ_CP073951.1,37766,<100 kb,tRNA-,1.0,0.3010299956639812
NZ_CP073954.1,94480,<100 kb,tRNA-,3.0,0.6020599913279624
NZ_CP073957.1,36963,<100 kb,tRNA-,1.0,0.3010299956639812
NZ_CP073959.1,214096,≥100 kb,tRNA-,13.0,1.146128035678238
NZ_CP073963.1,133598,≥100 kb,tRNA-,7.0,0.9030899869919435
NZ_CP073965.1,6200,<100 kb,tRNA-,3.0,0.6020599913279624
NZ_CP073969.1,247187,≥100 kb,tRNA-,4.0,0.6989700043360189
NZ_CP073970.1,141466,≥100 kb,tRNA-,1.0,0.3010299956639812
NZ_CP073982.1,247187,≥100 kb,tRNA-,4.0,0.6989700043360189
NZ_CP073977.1,241691,≥100 kb,tRNA-,3.0,0.6020599913279624
NZ_CP073978.1,104269,≥100 kb,tRNA-,3.0,0.6020599913279624
NZ_CP073990.1,36593,<100 kb,tRNA-,1.0,0.3010299956639812
NZ_CP073995.1,98811,<100 kb,tRNA-,10.0,1.0413926851582251
NZ_CP073985.1,247187,≥100 kb,tRNA-,4.0,0.6989700043360189
NZ_CP074002.1,136494,≥100 kb,tRNA-,12.0,1.1139433523068367
NZ_CP074009.1,84156,<100 kb,tRNA-,3.0,0.6020599913279624
NZ_CP074011.1,8622,<100 kb,tRNA-,1.0,0.3010299956639812
NZ_CP074013.1,140432,≥100 kb,tRNA-,14.0,1.1760912590556813
NZ_CP074014.1,38883,<100 kb,tRNA-,1.0,0.3010299956639812
NZ_CP074020.1,120320,≥100 kb,tRNA-,5.0,0.7781512503836436
NZ_CP074022.1,54950,<100 kb,tRNA-,3.0,0.6020599913279624
NZ_CP074025.1,49405,<100 kb,tRNA-,4.0,0.6989700043360189
NZ_CP074029.1,32666,<100 kb,tRNA-,1.0,0.3010299956639812
NZ_CP074032.1,129015,≥100 kb,tRNA-,11.0,1.0791812460476249
NZ_CP074034.1,96684,<100 kb,tRNA-,6.0,0.8450980400142568
NZ_CP074036.1,88772,<100 kb,tRNA-,3.0,0.6020599913279624
NZ_CP074048.1,218006,≥100 kb,tRNA-,14.0,1.1760912590556813
NZ_CP074049.1,102246,≥100 kb,tRNA-,8.0,0.9542425094393249
NZ_CP074050.1,19393,<100 kb,tRNA-,2.0,0.47712125471966244
NZ_CP074051.1,10820,<100 kb,tRNA-,1.0,0.3010299956639812
NZ_CP074044.1,44800,<100 kb,tRNA-,1.0,0.3010299956639812
NZ_CP074053.1,2963,<100 kb,tRNA-,1.0,0.3010299956639812
NZ_CP097216.1,4668,<100 kb,tRNA-,4.0,0.6989700043360189
NZ_CP117009.1,122030,≥100 kb,tRNA-,19.0,1.3010299956639813
NZ_CP117012.1,8286,<100 kb,tRNA-,2.0,0.47712125471966244
NZ_CP116927.1,8412,<100 kb,tRNA-,4.0,0.6989700043360189
NZ_CP116926.1,11848,<100 kb,tRNA-,5.0,0.7781512503836436
NZ_CP116991.1,6222,<100 kb,tRNA-,3.0,0.6020599913279624
NZ_CP116988.1,172011,≥100 kb,tRNA-,12.0,1.1139433523068367
NZ_CP117015.1,8286,<100 kb,tRNA-,2.0,0.47712125471966244
NZ_CP102854.1,233164,≥100 kb,tRNA-,17.0,1.255272505103306
NZ_CP102855.1,149702,≥100 kb,tRNA-,8.0,0.9542425094393249
NZ_CP102856.1,114525,≥100 kb,tRNA-,4.0,0.6989700043360189
NZ_CP102948.1,105437,≥100 kb,tRNA-,6.0,0.8450980400142568
NZ_CP102673.1,167177,≥100 kb,tRNA-,16.0,1.2304489213782739
NZ_CP102674.1,100243,≥100 kb,tRNA+,10.0,1.0413926851582251
NZ_CP102676.1,188009,≥100 kb,tRNA-,23.0,1.380211241711606
NZ_CP102678.1,62208,<100 kb,tRNA-,1.0,0.3010299956639812
NZ_CP102677.1,100225,≥100 kb,tRNA+,10.0,1.0413926851582251
NZ_CP103296.1,108288,≥100 kb,tRNA-,10.0,1.0413926851582251
NZ_CP103297.1,64018,<100 kb,tRNA-,11.0,1.0791812460476249
NZ_CP103571.1,166880,≥100 kb,tRNA-,10.0,1.0413926851582251
NZ_CP103597.1,133650,≥100 kb,tRNA-,4.0,0.6989700043360189
NZ_CP103598.1,68086,<100 kb,tRNA-,7.0,0.9030899869919435
NZ_CP103599.1,34426,<100 kb,tRNA-,2.0,0.47712125471966244
NZ_CP103634.1,151676,≥100 kb,tRNA-,12.0,1.1139433523068367
NZ_CP103590.1,91107,<100 kb,tRNA-,5.0,0.7781512503836436
NZ_CP103763.1,128773,≥100 kb,tRNA-,23.0,1.380211241711606
NZ_CP103480.1,143132,≥100 kb,tRNA-,17.0,1.255272505103306
NZ_CP103481.1,114140,≥100 kb,tRNA-,1.0,0.3010299956639812
NZ_CP103534.1,105260,≥100 kb,tRNA-,8.0,0.9542425094393249
NZ_CP103535.1,94558,<100 kb,tRNA-,3.0,0.6020599913279624
NZ_CP103536.1,54676,<100 kb,tRNA-,2.0,0.47712125471966244
NZ_CP103530.1,133836,≥100 kb,tRNA-,16.0,1.2304489213782739
NZ_CP103541.1,140210,≥100 kb,tRNA-,12.0,1.1139433523068367
NZ_CP103542.1,6200,<100 kb,tRNA-,3.0,0.6020599913279624
NZ_CP103516.1,198645,≥100 kb,tRNA-,27.0,1.4471580313422192
NZ_CP103518.1,6222,<100 kb,tRNA-,2.0,0.47712125471966244
NZ_CP103746.1,120324,≥100 kb,tRNA-,10.0,1.0413926851582251
NZ_CP103747.1,89420,<100 kb,tRNA-,6.0,0.8450980400142568
NZ_CP103748.1,50937,<100 kb,tRNA-,1.0,0.3010299956639812
NZ_CP103749.1,6200,<100 kb,tRNA-,3.0,0.6020599913279624
NZ_CP103523.1,82867,<100 kb,tRNA-,12.0,1.1139433523068367
NZ_CP103545.1,132824,≥100 kb,tRNA-,7.0,0.9030899869919435
NZ_CP103546.1,98998,<100 kb,tRNA-,3.0,0.6020599913279624
NZ_CP103624.1,86833,<100 kb,tRNA-,2.0,0.47712125471966244
NZ_CP103627.1,140136,≥100 kb,tRNA-,8.0,0.9542425094393249
NZ_CP103629.1,10209,<100 kb,tRNA-,1.0,0.3010299956639812
NZ_CP103646.1,187551,≥100 kb,tRNA-,24.0,1.3979400086720377
NZ_CP103648.1,6200,<100 kb,tRNA-,3.0,0.6020599913279624
NZ_CP103705.1,165827,≥100 kb,tRNA-,11.0,1.0791812460476249
NZ_CP103706.1,109870,≥100 kb,tRNA+,3.0,0.6020599913279624
NZ_CP103658.1,131479,≥100 kb,tRNA-,14.0,1.1760912590556813
NZ_CP103662.1,51731,<100 kb,tRNA-,2.0,0.47712125471966244
NZ_CP103663.1,44038,<100 kb,tRNA-,4.0,0.6989700043360189
NZ_CP103695.1,128470,≥100 kb,tRNA-,3.0,0.6020599913279624
NZ_CP103696.1,114012,≥100 kb,tRNA+,1.0,0.3010299956639812
NZ_CP103740.1,208091,≥100 kb,tRNA-,26.0,1.4313637641589874
NZ_CP103719.1,250715,≥100 kb,tRNA+,14.0,1.1760912590556813
NZ_CP103759.1,132213,≥100 kb,tRNA-,4.0,0.6989700043360189
NZ_CP103756.1,180962,≥100 kb,tRNA-,13.0,1.146128035678238
NZ_CP103975.1,104244,≥100 kb,tRNA-,1.0,0.3010299956639812
NZ_CP079765.1,265589,≥100 kb,tRNA-,30.0,1.4913616938342726
NZ_CP079766.1,127890,≥100 kb,tRNA-,3.0,0.6020599913279624
NZ_CP079769.1,266941,≥100 kb,tRNA-,30.0,1.4913616938342726
NZ_CP079774.1,76462,<100 kb,tRNA-,6.0,0.8450980400142568
NZ_CP079775.1,33587,<100 kb,tRNA-,1.0,0.3010299956639812
NZ_CP079777.1,119769,≥100 kb,tRNA-,6.0,0.8450980400142568
NZ_CP079778.1,76462,<100 kb,tRNA-,6.0,0.8450980400142568
NZ_CP079779.1,37819,<100 kb,tRNA-,1.0,0.3010299956639812
NZ_CP104078.1,154403,≥100 kb,tRNA-,8.0,0.9542425094393249
NZ_CP104079.1,100197,≥100 kb,tRNA-,12.0,1.1139433523068367
NZ_CP104080.1,61731,<100 kb,tRNA-,4.0,0.6989700043360189
NZ_CP104115.1,194998,≥100 kb,tRNA-,22.0,1.3617278360175928
NZ_CP104113.1,194997,≥100 kb,tRNA-,22.0,1.3617278360175928
NZ_CP104118.1,126915,≥100 kb,tRNA-,6.0,0.8450980400142568
NZ_CP104119.1,74189,<100 kb,tRNA-,8.0,0.9542425094393249
NZ_CP104120.1,48650,<100 kb,tRNA-,4.0,0.6989700043360189
NZ_CP104124.1,48623,<100 kb,tRNA-,6.0,0.8450980400142568
NZ_CP099753.1,177859,≥100 kb,tRNA-,11.0,1.0791812460476249
NZ_CP099755.1,177860,≥100 kb,tRNA-,11.0,1.0791812460476249
NZ_CP104327.1,162761,≥100 kb,tRNA-,19.0,1.3010299956639813
NZ_CP104329.1,123517,≥100 kb,tRNA-,7.0,0.9030899869919435
NZ_CP104331.1,161931,≥100 kb,tRNA-,19.0,1.3010299956639813
NZ_CP104372.1,112409,≥100 kb,tRNA-,13.0,1.146128035678238
NZ_CP104510.1,124280,≥100 kb,tRNA+,4.0,0.6989700043360189
NZ_CP104530.1,16639,<100 kb,tRNA-,1.0,0.3010299956639812
NZ_CP104525.1,111369,≥100 kb,tRNA-,3.0,0.6020599913279624
NZ_CP104537.1,109755,≥100 kb,tRNA-,4.0,0.6989700043360189
NZ_CP104501.1,281548,≥100 kb,tRNA-,3.0,0.6020599913279624
NZ_CP104518.1,119377,≥100 kb,tRNA-,8.0,0.9542425094393249
NZ_CP104504.1,390109,≥100 kb,tRNA-,6.0,0.8450980400142568
NZ_CP104506.1,39219,<100 kb,tRNA-,1.0,0.3010299956639812
NZ_CP104541.1,114993,≥100 kb,tRNA-,3.0,0.6020599913279624
NZ_CP104666.1,131846,≥100 kb,tRNA-,23.0,1.380211241711606
NZ_CP104682.1,210107,≥100 kb,tRNA-,9.0,1.0
NZ_CP104686.1,3223,<100 kb,tRNA-,1.0,0.3010299956639812
NZ_CP104722.1,167630,≥100 kb,tRNA-,24.0,1.3979400086720377
NZ_CP104789.1,259017,≥100 kb,tRNA-,28.0,1.462397997898956
NZ_CP104791.1,99354,<100 kb,tRNA+,1.0,0.3010299956639812
NZ_CP104847.1,92732,<100 kb,tRNA-,3.0,0.6020599913279624
NZ_CP104849.1,85007,<100 kb,tRNA-,3.0,0.6020599913279624
NZ_CP104845.1,140749,≥100 kb,tRNA-,6.0,0.8450980400142568
NZ_CP123250.1,46544,<100 kb,tRNA-,4.0,0.6989700043360189
NZ_CP123248.1,245805,≥100 kb,tRNA-,18.0,1.2787536009528289
NZ_CP123257.1,80091,<100 kb,tRNA-,7.0,0.9030899869919435
NZ_CP123246.1,115670,≥100 kb,tRNA-,2.0,0.47712125471966244
NZ_CP123245.1,226504,≥100 kb,tRNA-,13.0,1.146128035678238
NZ_CP123268.1,142926,≥100 kb,tRNA+,11.0,1.0791812460476249
NZ_CP123267.1,159725,≥100 kb,tRNA-,12.0,1.1139433523068367
NZ_CP123269.1,96063,<100 kb,tRNA-,6.0,0.8450980400142568
NZ_CP123262.1,138734,≥100 kb,tRNA-,1.0,0.3010299956639812
NZ_CP123261.1,143631,≥100 kb,tRNA+,14.0,1.1760912590556813
NZ_CP123241.1,160923,≥100 kb,tRNA-,8.0,0.9542425094393249
NZ_CP093318.1,168684,≥100 kb,tRNA-,19.0,1.3010299956639813
NZ_CP093319.1,155161,≥100 kb,tRNA-,8.0,0.9542425094393249
NZ_CP093320.1,96053,<100 kb,tRNA-,3.0,0.6020599913279624
NZ_CP107285.1,151562,≥100 kb,tRNA-,5.0,0.7781512503836436
NZ_CP107721.1,145946,≥100 kb,tRNA-,6.0,0.8450980400142568
NZ_CP107724.1,17056,<100 kb,tRNA-,10.0,1.0413926851582251
NZ_CP109602.1,145661,≥100 kb,tRNA-,4.0,0.6989700043360189
NZ_CP109875.1,133748,≥100 kb,tRNA-,8.0,0.9542425094393249
NZ_CP109876.1,126200,≥100 kb,tRNA-,4.0,0.6989700043360189
NZ_AP026938.1,160424,≥100 kb,tRNA-,11.0,1.0791812460476249
NZ_AP026939.1,137080,≥100 kb,tRNA-,5.0,0.7781512503836436
NZ_AP026962.1,254266,≥100 kb,tRNA-,11.0,1.0791812460476249
NZ_AP026963.1,87025,<100 kb,tRNA-,8.0,0.9542425094393249
NZ_AP026784.1,102618,≥100 kb,tRNA-,10.0,1.0413926851582251
NZ_AP026786.1,7872,<100 kb,tRNA-,2.0,0.47712125471966244
NZ_AP026789.1,165449,≥100 kb,tRNA-,14.0,1.1760912590556813
NZ_AP026795.1,165477,≥100 kb,tRNA-,14.0,1.1760912590556813
NZ_AP026903.1,291417,≥100 kb,tRNA-,8.0,0.9542425094393249
NZ_AP026904.1,237635,≥100 kb,tRNA+,5.0,0.7781512503836436
NZ_AP026908.1,94497,<100 kb,tRNA-,5.0,0.7781512503836436
NZ_CP110815.1,162755,≥100 kb,tRNA-,16.0,1.2304489213782739
NZ_CP110817.1,161920,≥100 kb,tRNA-,19.0,1.3010299956639813
NZ_CP110861.1,56157,<100 kb,tRNA-,3.0,0.6020599913279624
NZ_CP111001.1,69242,<100 kb,tRNA-,7.0,0.9030899869919435
NZ_CP111003.1,6813,<100 kb,tRNA-,1.0,0.3010299956639812
NZ_CP111006.1,78164,<100 kb,tRNA-,7.0,0.9030899869919435
NZ_CP111010.1,69242,<100 kb,tRNA-,7.0,0.9030899869919435
NZ_CP110989.1,214754,≥100 kb,tRNA-,10.0,1.0413926851582251
NZ_CP110990.1,30965,<100 kb,tRNA-,3.0,0.6020599913279624
NZ_CP110991.1,21237,<100 kb,tRNA-,5.0,0.7781512503836436
NZ_CP110995.1,93647,<100 kb,tRNA-,18.0,1.2787536009528289
NZ_CP110998.1,168068,≥100 kb,tRNA-,16.0,1.2304489213782739
NZ_CP110979.1,188533,≥100 kb,tRNA+,12.0,1.1139433523068367
NZ_CP110980.1,31816,<100 kb,tRNA-,4.0,0.6989700043360189
NZ_CP151162.1,113727,≥100 kb,tRNA-,12.0,1.1139433523068367
NZ_CP151163.1,142555,≥100 kb,tRNA-,15.0,1.2041199826559248
NZ_CP151167.1,81343,<100 kb,tRNA-,2.0,0.47712125471966244
NZ_CP044438.1,114090,≥100 kb,tRNA-,24.0,1.3979400086720377
NZ_CP044440.1,83958,<100 kb,tRNA-,5.0,0.7781512503836436
NZ_CP097713.1,122563,≥100 kb,tRNA-,4.0,0.6989700043360189
NZ_CP097715.1,42571,<100 kb,tRNA-,1.0,0.3010299956639812
NZ_CP097717.1,170336,≥100 kb,tRNA-,2.0,0.47712125471966244
NZ_CP097722.1,161324,≥100 kb,tRNA-,4.0,0.6989700043360189
NZ_CP097723.1,39219,<100 kb,tRNA-,1.0,0.3010299956639812
NZ_CP097725.1,42570,<100 kb,tRNA-,1.0,0.3010299956639812
NZ_CP097728.1,117915,≥100 kb,tRNA-,5.0,0.7781512503836436
NZ_CP095506.1,67746,<100 kb,tRNA-,3.0,0.6020599913279624
NZ_CP095511.1,164623,≥100 kb,tRNA-,3.0,0.6020599913279624
NZ_CP095517.1,74109,<100 kb,tRNA-,3.0,0.6020599913279624
NZ_CP095519.1,117950,≥100 kb,tRNA-,3.0,0.6020599913279624
NZ_CP095524.1,74318,<100 kb,tRNA-,3.0,0.6020599913279624
NZ_CP095522.1,67887,<100 kb,tRNA-,3.0,0.6020599913279624
NZ_CP095528.1,72021,<100 kb,tRNA-,3.0,0.6020599913279624
NZ_CP095530.1,63283,<100 kb,tRNA-,3.0,0.6020599913279624
NZ_CP095535.1,148943,≥100 kb,tRNA-,8.0,0.9542425094393249
NZ_CP095534.1,78130,<100 kb,tRNA-,3.0,0.6020599913279624
NZ_CP095539.1,135067,≥100 kb,tRNA-,7.0,0.9030899869919435
NZ_CP095541.1,123172,≥100 kb,tRNA-,12.0,1.1139433523068367
NZ_CP113494.1,148685,≥100 kb,tRNA-,13.0,1.146128035678238
NZ_CP113487.1,123389,≥100 kb,tRNA-,6.0,0.8450980400142568
NZ_CP113488.1,109174,≥100 kb,tRNA+,2.0,0.47712125471966244
NZ_CP113489.1,93095,<100 kb,tRNA-,18.0,1.2787536009528289
NZ_CP114132.1,438722,≥100 kb,tRNA+,6.0,0.8450980400142568
NZ_JAPVBU010000002.1,117276,≥100 kb,tRNA-,4.0,0.6989700043360189
NZ_CP123195.1,68057,<100 kb,tRNA-,3.0,0.6020599913279624
NZ_CP123196.1,113069,≥100 kb,tRNA-,11.0,1.0791812460476249
NZ_CP123198.1,110016,≥100 kb,tRNA-,8.0,0.9542425094393249
NZ_AP027160.1,113641,≥100 kb,tRNA-,1.0,0.3010299956639812
NZ_AP027168.1,81402,<100 kb,tRNA-,1.0,0.3010299956639812
NZ_AP027171.1,129563,≥100 kb,tRNA-,3.0,0.6020599913279624
NZ_AP027175.1,6213,<100 kb,tRNA-,3.0,0.6020599913279624
NZ_AP027177.1,147858,≥100 kb,tRNA-,5.0,0.7781512503836436
NZ_AP019539.1,151109,≥100 kb,tRNA-,24.0,1.3979400086720377
NZ_CP116069.1,82435,<100 kb,tRNA-,8.0,0.9542425094393249
NZ_CP116072.1,132207,≥100 kb,tRNA-,5.0,0.7781512503836436
NZ_CP116073.1,89022,<100 kb,tRNA-,1.0,0.3010299956639812
NZ_CP116075.1,141890,≥100 kb,tRNA-,4.0,0.6989700043360189
NZ_CP116086.1,87637,<100 kb,tRNA-,1.0,0.3010299956639812
NZ_CP116087.1,81555,<100 kb,tRNA-,4.0,0.6989700043360189
NZ_CP116089.1,187674,≥100 kb,tRNA-,8.0,0.9542425094393249
NZ_CP116090.1,90981,<100 kb,tRNA-,1.0,0.3010299956639812
NZ_CP116097.1,6200,<100 kb,tRNA-,3.0,0.6020599913279624
NZ_CP116095.1,102896,≥100 kb,tRNA-,8.0,0.9542425094393249
NZ_CP116096.1,86167,<100 kb,tRNA-,1.0,0.3010299956639812
NZ_CP116101.1,178682,≥100 kb,tRNA-,9.0,1.0
NZ_CP116102.1,76416,<100 kb,tRNA-,3.0,0.6020599913279624
NZ_CP116104.1,108072,≥100 kb,tRNA-,11.0,1.0791812460476249
NZ_CP116107.1,266247,≥100 kb,tRNA-,16.0,1.2304489213782739
NZ_CP116109.1,118588,≥100 kb,tRNA-,6.0,0.8450980400142568
NZ_CP116119.1,8520,<100 kb,tRNA-,1.0,0.3010299956639812
NZ_CP116124.1,98478,<100 kb,tRNA-,3.0,0.6020599913279624
NZ_CP116137.1,151807,≥100 kb,tRNA-,17.0,1.255272505103306
NZ_CP116146.1,107932,≥100 kb,tRNA-,8.0,0.9542425094393249
NZ_CP116148.1,13744,<100 kb,tRNA-,1.0,0.3010299956639812
NZ_CP116147.1,82763,<100 kb,tRNA-,8.0,0.9542425094393249
NZ_CP116153.1,142064,≥100 kb,tRNA-,22.0,1.3617278360175928
NZ_CP116154.1,128466,≥100 kb,tRNA-,4.0,0.6989700043360189
NZ_CP116155.1,44960,<100 kb,tRNA-,3.0,0.6020599913279624
NZ_CP116160.1,116501,≥100 kb,tRNA-,7.0,0.9030899869919435
NZ_CP116161.1,77960,<100 kb,tRNA-,6.0,0.8450980400142568
NZ_CP116167.1,119948,≥100 kb,tRNA+,8.0,0.9542425094393249
NZ_CP116168.1,113066,≥100 kb,tRNA-,7.0,0.9030899869919435
NZ_CP116171.1,88352,<100 kb,tRNA-,1.0,0.3010299956639812
NZ_CP116177.1,93520,<100 kb,tRNA-,10.0,1.0413926851582251
NZ_CP116182.1,107932,≥100 kb,tRNA-,8.0,0.9542425094393249
NZ_CP116183.1,103383,≥100 kb,tRNA-,14.0,1.1760912590556813
NZ_CP116184.1,13744,<100 kb,tRNA-,1.0,0.3010299956639812
NZ_CP116189.1,154454,≥100 kb,tRNA-,12.0,1.1139433523068367
NZ_CP116190.1,6200,<100 kb,tRNA-,3.0,0.6020599913279624
NZ_CP116192.1,108072,≥100 kb,tRNA-,11.0,1.0791812460476249
NZ_CP116195.1,108065,≥100 kb,tRNA-,11.0,1.0791812460476249
NZ_CP116199.1,111058,≥100 kb,tRNA-,2.0,0.47712125471966244
NZ_CP116200.1,86715,<100 kb,tRNA-,1.0,0.3010299956639812
NZ_CP116049.1,65072,<100 kb,tRNA-,6.0,0.8450980400142568
NZ_CP116048.1,69262,<100 kb,tRNA-,8.0,0.9542425094393249
NZ_CP116047.1,193145,≥100 kb,tRNA-,8.0,0.9542425094393249
NZ_CP116242.1,122629,≥100 kb,tRNA-,5.0,0.7781512503836436
NZ_CP116481.1,138420,≥100 kb,tRNA-,19.0,1.3010299956639813
NZ_CP116484.1,18808,<100 kb,tRNA-,3.0,0.6020599913279624
NZ_CP104596.1,157264,≥100 kb,tRNA-,18.0,1.2787536009528289
NZ_CP116901.1,103554,≥100 kb,tRNA-,25.0,1.414973347970818
NZ_CP093551.1,53307,<100 kb,tRNA-,7.0,0.9030899869919435
NZ_CP093552.1,15672,<100 kb,tRNA-,3.0,0.6020599913279624
NZ_CP103330.1,261664,≥100 kb,tRNA-,12.0,1.1139433523068367
NZ_CP103331.1,117696,≥100 kb,tRNA-,5.0,0.7781512503836436
NZ_CP097171.1,124392,≥100 kb,tRNA-,18.0,1.2787536009528289
NZ_CP116972.1,101216,≥100 kb,tRNA-,3.0,0.6020599913279624
NZ_CP116973.1,87391,<100 kb,tRNA-,18.0,1.2787536009528289
NZ_CP116974.1,81122,<100 kb,tRNA-,7.0,0.9030899869919435
NZ_CP116982.1,156174,≥100 kb,tRNA-,7.0,0.9030899869919435
NZ_CP116984.1,51555,<100 kb,tRNA-,5.0,0.7781512503836436
NZ_CP116977.1,100405,≥100 kb,tRNA-,1.0,0.3010299956639812
NZ_CP116978.1,98110,<100 kb,tRNA-,6.0,0.8450980400142568
NZ_CP116979.1,51743,<100 kb,tRNA-,7.0,0.9030899869919435
NZ_CP116111.1,159559,≥100 kb,tRNA-,21.0,1.3424226808222062
NZ_CP116112.1,118716,≥100 kb,tRNA-,9.0,1.0
NZ_CP116113.1,103125,≥100 kb,tRNA-,14.0,1.1760912590556813
NZ_CP053663.1,340412,≥100 kb,tRNA-,23.0,1.380211241711606
NZ_CP117673.1,179817,≥100 kb,tRNA-,29.0,1.4771212547196624
NZ_CP117716.1,137545,≥100 kb,tRNA-,10.0,1.0413926851582251
NZ_CP117718.1,151146,≥100 kb,tRNA-,8.0,0.9542425094393249
NZ_CP117719.1,199026,≥100 kb,tRNA-,23.0,1.380211241711606
NZ_CP117722.1,108673,≥100 kb,tRNA-,11.0,1.0791812460476249
NZ_CP117721.1,97576,<100 kb,tRNA+,1.0,0.3010299956639812
NZ_CP118602.1,261710,≥100 kb,tRNA-,28.0,1.462397997898956
NZ_CP118603.1,145194,≥100 kb,tRNA-,7.0,0.9030899869919435
NZ_CP118604.1,60980,<100 kb,tRNA-,1.0,0.3010299956639812
NZ_CP090213.1,103545,≥100 kb,tRNA-,8.0,0.9542425094393249
NZ_CP090214.1,92267,<100 kb,tRNA-,12.0,1.1139433523068367
NZ_CP090215.1,41043,<100 kb,tRNA-,7.0,0.9030899869919435
NZ_CP090571.1,103545,≥100 kb,tRNA-,8.0,0.9542425094393249
NZ_CP090572.1,92267,<100 kb,tRNA-,12.0,1.1139433523068367
NZ_CP090573.1,41043,<100 kb,tRNA-,7.0,0.9030899869919435
NZ_CP090574.1,33309,<100 kb,tRNA-,1.0,0.3010299956639812
NZ_CP119121.1,124387,≥100 kb,tRNA-,9.0,1.0
NZ_CP119122.1,51478,<100 kb,tRNA-,2.0,0.47712125471966244
NZ_CP102699.1,10723,<100 kb,tRNA-,5.0,0.7781512503836436
NZ_CP098228.1,181896,≥100 kb,tRNA-,7.0,0.9030899869919435
NZ_CP098230.1,230802,≥100 kb,tRNA-,20.0,1.3222192947339193
NZ_CP098232.1,185577,≥100 kb,tRNA-,7.0,0.9030899869919435
NZ_CP098235.1,128706,≥100 kb,tRNA-,14.0,1.1760912590556813
NZ_CP098236.1,230802,≥100 kb,tRNA-,20.0,1.3222192947339193
NZ_CP074355.1,209150,≥100 kb,tRNA-,5.0,0.7781512503836436
NZ_CP074357.1,267429,≥100 kb,tRNA-,16.0,1.2304489213782739
NZ_CP074360.1,154679,≥100 kb,tRNA-,8.0,0.9542425094393249
NZ_CP074367.1,226158,≥100 kb,tRNA-,17.0,1.255272505103306
NZ_CP119578.1,257019,≥100 kb,tRNA-,15.0,1.2041199826559248
NZ_CP119582.2,42886,<100 kb,tRNA-,4.0,0.6989700043360189
NZ_CP119727.1,226260,≥100 kb,tRNA-,19.0,1.3010299956639813
NZ_CP119728.1,130351,≥100 kb,tRNA-,10.0,1.0413926851582251
NZ_CP119731.1,226260,≥100 kb,tRNA-,19.0,1.3010299956639813
NZ_CP119732.1,130351,≥100 kb,tRNA-,7.0,0.9030899869919435
NZ_CP119735.1,231254,≥100 kb,tRNA-,16.0,1.2304489213782739
NZ_CP119737.1,100459,≥100 kb,tRNA+,1.0,0.3010299956639812
NZ_CP119738.1,100423,≥100 kb,tRNA-,7.0,0.9030899869919435
NZ_CP119741.1,231243,≥100 kb,tRNA-,16.0,1.2304489213782739
NZ_CP119743.1,100470,≥100 kb,tRNA+,1.0,0.3010299956639812
NZ_CP119744.1,99623,<100 kb,tRNA-,7.0,0.9030899869919435
NZ_CP119747.1,226260,≥100 kb,tRNA-,18.0,1.2787536009528289
NZ_CP119748.1,130351,≥100 kb,tRNA-,10.0,1.0413926851582251
NZ_CP120552.1,11599,<100 kb,tRNA-,3.0,0.6020599913279624
NZ_CP120551.1,77638,<100 kb,tRNA-,3.0,0.6020599913279624
NZ_CP120559.1,95480,<100 kb,tRNA-,3.0,0.6020599913279624
NZ_CP110512.1,118422,≥100 kb,tRNA-,17.0,1.255272505103306
NZ_CP121088.1,167740,≥100 kb,tRNA-,5.0,0.7781512503836436
NZ_CP121148.1,124410,≥100 kb,tRNA-,13.0,1.146128035678238
NZ_CP121150.1,226260,≥100 kb,tRNA-,18.0,1.2787536009528289
NZ_CP121152.1,142233,≥100 kb,tRNA-,7.0,0.9030899869919435
NZ_CP121154.1,124410,≥100 kb,tRNA-,13.0,1.146128035678238
NZ_CP121158.1,159910,≥100 kb,tRNA-,13.0,1.146128035678238
NZ_CP121156.1,124410,≥100 kb,tRNA-,13.0,1.146128035678238
NZ_CP121200.1,124410,≥100 kb,tRNA-,13.0,1.146128035678238
NZ_CP109955.1,234214,≥100 kb,tRNA-,21.0,1.3424226808222062
NZ_CP047470.1,29812,<100 kb,tRNA-,3.0,0.6020599913279624
NZ_CP047471.1,75321,<100 kb,tRNA-,10.0,1.0413926851582251
NZ_CP047473.1,97200,<100 kb,tRNA-,17.0,1.255272505103306
NZ_CP049111.1,436531,≥100 kb,tRNA-,25.0,1.414973347970818
NZ_CP049114.1,254290,≥100 kb,tRNA-,14.0,1.1760912590556813
NZ_CP049113.1,183610,≥100 kb,tRNA-,13.0,1.146128035678238
NZ_CP121357.1,99247,<100 kb,tRNA-,3.0,0.6020599913279624
NZ_CP121363.1,57921,<100 kb,tRNA-,2.0,0.47712125471966244
NZ_CP122518.1,125049,≥100 kb,tRNA-,1.0,0.3010299956639812
NZ_CP122520.1,54392,<100 kb,tRNA-,3.0,0.6020599913279624
NZ_CP123014.1,107858,≥100 kb,tRNA-,27.0,1.4471580313422192
NZ_CP123019.1,83900,<100 kb,tRNA-,19.0,1.3010299956639813
NZ_CP123020.1,67953,<100 kb,tRNA-,3.0,0.6020599913279624
NZ_CP123025.1,100602,≥100 kb,tRNA-,23.0,1.380211241711606
NZ_CP123031.1,84132,<100 kb,tRNA-,17.0,1.255272505103306
NZ_CP123037.1,108280,≥100 kb,tRNA-,27.0,1.4471580313422192
NZ_CP123048.1,114815,≥100 kb,tRNA-,10.0,1.0413926851582251
NZ_CP123232.1,91437,<100 kb,tRNA-,2.0,0.47712125471966244
NZ_CP123233.1,87114,<100 kb,tRNA-,2.0,0.47712125471966244
NZ_CP123238.1,122596,≥100 kb,tRNA-,4.0,0.6989700043360189
NZ_CP128597.1,235243,≥100 kb,tRNA-,19.0,1.3010299956639813
NZ_CP104852.1,99713,<100 kb,tRNA-,22.0,1.3617278360175928
NZ_CP104853.1,46420,<100 kb,tRNA-,2.0,0.47712125471966244
NZ_CP123952.1,260368,≥100 kb,tRNA-,14.0,1.1760912590556813
NZ_CP123965.1,72225,<100 kb,tRNA-,12.0,1.1139433523068367
NZ_CP124323.1,146628,≥100 kb,tRNA-,13.0,1.146128035678238
NZ_CP124325.1,146647,≥100 kb,tRNA-,13.0,1.146128035678238
NZ_CP124327.1,146619,≥100 kb,tRNA-,13.0,1.146128035678238
NZ_CP124338.1,138200,≥100 kb,tRNA-,12.0,1.1139433523068367
NZ_CP124342.1,146752,≥100 kb,tRNA-,13.0,1.146128035678238
NZ_CP124346.1,146626,≥100 kb,tRNA-,13.0,1.146128035678238
NZ_CP124348.1,146617,≥100 kb,tRNA-,13.0,1.146128035678238
NZ_CP124358.1,138192,≥100 kb,tRNA-,12.0,1.1139433523068367
NZ_CP124360.1,146363,≥100 kb,tRNA-,11.0,1.0791812460476249
NZ_CP124361.1,3004,<100 kb,tRNA-,3.0,0.6020599913279624
NZ_CP124368.1,103076,≥100 kb,tRNA-,8.0,0.9542425094393249
NZ_CP124373.1,150420,≥100 kb,tRNA-,6.0,0.8450980400142568
NZ_CP124375.1,99789,<100 kb,tRNA-,10.0,1.0413926851582251
NZ_CP124388.1,103452,≥100 kb,tRNA-,3.0,0.6020599913279624
NZ_CP124393.1,135338,≥100 kb,tRNA-,13.0,1.146128035678238
NZ_CP124399.1,84202,<100 kb,tRNA-,11.0,1.0791812460476249
NZ_CP124344.1,146629,≥100 kb,tRNA-,14.0,1.1760912590556813
NZ_CP124340.1,146636,≥100 kb,tRNA-,13.0,1.146128035678238
NZ_CP124335.1,119951,≥100 kb,tRNA-,3.0,0.6020599913279624
NZ_CP124321.1,119946,≥100 kb,tRNA-,3.0,0.6020599913279624
NZ_CP124822.1,65499,<100 kb,tRNA-,2.0,0.47712125471966244
NZ_CP110118.1,143596,≥100 kb,tRNA-,14.0,1.1760912590556813
NZ_CP110119.1,72901,<100 kb,tRNA-,1.0,0.3010299956639812
NZ_CP122873.1,43949,<100 kb,tRNA-,4.0,0.6989700043360189
NZ_CP122877.1,46607,<100 kb,tRNA-,4.0,0.6989700043360189
NZ_CP122881.1,118236,≥100 kb,tRNA-,1.0,0.3010299956639812
NZ_CP122883.1,40758,<100 kb,tRNA-,3.0,0.6020599913279624
NZ_CP122905.1,72734,<100 kb,tRNA-,8.0,0.9542425094393249
NZ_CP122914.1,130537,≥100 kb,tRNA-,3.0,0.6020599913279624
NZ_CP122916.1,266050,≥100 kb,tRNA-,8.0,0.9542425094393249
NZ_CP122926.1,102470,≥100 kb,tRNA-,5.0,0.7781512503836436
NZ_CP122931.1,132912,≥100 kb,tRNA-,13.0,1.146128035678238
NZ_CP122932.1,152206,≥100 kb,tRNA-,10.0,1.0413926851582251
NZ_CP122589.1,136050,≥100 kb,tRNA-,5.0,0.7781512503836436
NZ_CP122606.1,115204,≥100 kb,tRNA-,9.0,1.0
NZ_CP122602.1,109229,≥100 kb,tRNA-,9.0,1.0
NZ_CP122619.1,149679,≥100 kb,tRNA-,7.0,0.9030899869919435
NZ_CP122623.1,107589,≥100 kb,tRNA-,10.0,1.0413926851582251
NZ_CP122631.1,110098,≥100 kb,tRNA-,10.0,1.0413926851582251
NZ_CP122636.1,129439,≥100 kb,tRNA-,5.0,0.7781512503836436
NZ_CP122637.1,102584,≥100 kb,tRNA-,4.0,0.6989700043360189
NZ_CP122639.1,36533,<100 kb,tRNA-,1.0,0.3010299956639812
NZ_CP122640.1,86703,<100 kb,tRNA+,3.0,0.6020599913279624
NZ_CP122642.1,66179,<100 kb,tRNA-,5.0,0.7781512503836436
NZ_CP122644.1,77176,<100 kb,tRNA-,2.0,0.47712125471966244
NZ_CP122645.1,216724,≥100 kb,tRNA-,16.0,1.2304489213782739
NZ_CP122646.1,36528,<100 kb,tRNA-,1.0,0.3010299956639812
NZ_CP122649.1,216724,≥100 kb,tRNA-,16.0,1.2304489213782739
NZ_CP122654.1,109222,≥100 kb,tRNA-,10.0,1.0413926851582251
NZ_CP122662.1,102120,≥100 kb,tRNA-,2.0,0.47712125471966244
NZ_CP122665.1,222416,≥100 kb,tRNA-,9.0,1.0
NZ_CP122674.1,95104,<100 kb,tRNA-,3.0,0.6020599913279624
NZ_CP122678.1,95101,<100 kb,tRNA-,3.0,0.6020599913279624
NZ_CP122687.1,93031,<100 kb,tRNA-,3.0,0.6020599913279624
NZ_CP122762.1,95417,<100 kb,tRNA-,19.0,1.3010299956639813
NZ_CP122765.1,47686,<100 kb,tRNA-,3.0,0.6020599913279624
NZ_CP122766.1,88929,<100 kb,tRNA-,2.0,0.47712125471966244
NZ_CP122769.1,232987,≥100 kb,tRNA-,4.0,0.6989700043360189
NZ_CP122804.1,79114,<100 kb,tRNA-,3.0,0.6020599913279624
NZ_CP122827.1,80827,<100 kb,tRNA-,2.0,0.47712125471966244
NZ_CP122835.1,104099,≥100 kb,tRNA-,4.0,0.6989700043360189
NZ_CP122845.1,47685,<100 kb,tRNA-,3.0,0.6020599913279624
NZ_CP122847.1,105315,≥100 kb,tRNA-,9.0,1.0
NZ_CP122848.1,98832,<100 kb,tRNA+,4.0,0.6989700043360189
NZ_CP122849.1,84901,<100 kb,tRNA-,1.0,0.3010299956639812
NZ_CP122860.1,81442,<100 kb,tRNA-,3.0,0.6020599913279624
NZ_CP122862.1,95798,<100 kb,tRNA-,8.0,0.9542425094393249
NZ_CP122864.1,100169,≥100 kb,tRNA+,4.0,0.6989700043360189
NZ_CP122865.1,47684,<100 kb,tRNA-,4.0,0.6989700043360189
NZ_CP122866.1,105313,≥100 kb,tRNA-,9.0,1.0
NZ_CP122450.1,91257,<100 kb,tRNA-,7.0,0.9030899869919435
NZ_CP122453.1,93344,<100 kb,tRNA-,8.0,0.9542425094393249
NZ_CP122456.1,93344,<100 kb,tRNA-,8.0,0.9542425094393249
NZ_CP124516.1,146635,≥100 kb,tRNA-,13.0,1.146128035678238
NZ_CP124514.1,138219,≥100 kb,tRNA-,13.0,1.146128035678238
NZ_CP124512.1,119945,≥100 kb,tRNA-,3.0,0.6020599913279624
NZ_CP124509.1,146755,≥100 kb,tRNA-,14.0,1.1760912590556813
NZ_CP124501.1,86455,<100 kb,tRNA-,3.0,0.6020599913279624
NZ_CP124499.1,133542,≥100 kb,tRNA-,4.0,0.6989700043360189
NZ_CP124503.1,146767,≥100 kb,tRNA-,13.0,1.146128035678238
NZ_CP124493.1,111743,≥100 kb,tRNA+,2.0,0.47712125471966244
NZ_CP124494.1,63429,<100 kb,tRNA-,4.0,0.6989700043360189
NZ_CP124491.1,143034,≥100 kb,tRNA-,13.0,1.146128035678238
NZ_CP124488.1,69343,<100 kb,tRNA-,3.0,0.6020599913279624
NZ_CP124484.1,137093,≥100 kb,tRNA-,12.0,1.1139433523068367
NZ_CP124485.1,110848,≥100 kb,tRNA+,2.0,0.47712125471966244
NZ_CP124482.1,108535,≥100 kb,tRNA-,7.0,0.9030899869919435
NZ_CP124476.1,130369,≥100 kb,tRNA-,9.0,1.0
NZ_CP124478.1,73258,<100 kb,tRNA-,3.0,0.6020599913279624
NZ_CP124468.1,109429,≥100 kb,tRNA-,3.0,0.6020599913279624
NZ_CP124472.1,134675,≥100 kb,tRNA-,9.0,1.0
NZ_CP124474.1,91072,<100 kb,tRNA-,5.0,0.7781512503836436
NZ_CP124461.1,110076,≥100 kb,tRNA-,3.0,0.6020599913279624
NZ_CP124456.1,146449,≥100 kb,tRNA-,13.0,1.146128035678238
NZ_CP124443.1,82934,<100 kb,tRNA-,3.0,0.6020599913279624
NZ_CP124437.1,82979,<100 kb,tRNA-,3.0,0.6020599913279624
NZ_CP124430.1,113044,≥100 kb,tRNA-,3.0,0.6020599913279624
NZ_CP124425.1,104594,≥100 kb,tRNA-,8.0,0.9542425094393249
NZ_CP124421.1,127206,≥100 kb,tRNA-,13.0,1.146128035678238
NZ_CP124416.1,134299,≥100 kb,tRNA-,13.0,1.146128035678238
NZ_CP124518.1,125500,≥100 kb,tRNA-,13.0,1.146128035678238
NZ_CP124411.1,135326,≥100 kb,tRNA-,13.0,1.146128035678238
NZ_CP124406.1,91501,<100 kb,tRNA-,10.0,1.0413926851582251
NZ_CP124407.1,74054,<100 kb,tRNA-,3.0,0.6020599913279624
NZ_CP124401.1,97703,<100 kb,tRNA-,3.0,0.6020599913279624
NZ_CP125732.1,107935,≥100 kb,tRNA-,8.0,0.9542425094393249
NZ_CP125733.1,165770,≥100 kb,tRNA-,14.0,1.1760912590556813
NZ_CP124507.1,145535,≥100 kb,tRNA-,13.0,1.146128035678238
NZ_AP027947.1,229662,≥100 kb,tRNA-,5.0,0.7781512503836436
NZ_AP027949.1,9902,<100 kb,tRNA-,4.0,0.6989700043360189
NZ_AP027954.1,86247,<100 kb,tRNA-,8.0,0.9542425094393249
NZ_AP027956.1,13190,<100 kb,tRNA-,1.0,0.3010299956639812
NZ_AP027958.1,81505,<100 kb,tRNA-,6.0,0.8450980400142568
NZ_AP027959.1,33308,<100 kb,tRNA-,1.0,0.3010299956639812
NZ_AP027961.1,88388,<100 kb,tRNA-,8.0,0.9542425094393249
NZ_AP027964.1,102149,≥100 kb,tRNA-,10.0,1.0413926851582251
NZ_AP027965.1,86870,<100 kb,tRNA-,4.0,0.6989700043360189
NZ_AP027966.1,24433,<100 kb,tRNA-,1.0,0.3010299956639812
NZ_AP027972.1,169195,≥100 kb,tRNA-,8.0,0.9542425094393249
NZ_AP027973.1,58314,<100 kb,tRNA-,2.0,0.47712125471966244
NZ_AP027979.1,138038,≥100 kb,tRNA-,1.0,0.3010299956639812
NZ_AP027980.1,72919,<100 kb,tRNA-,5.0,0.7781512503836436
NZ_CP126344.1,130224,≥100 kb,tRNA-,16.0,1.2304489213782739
NZ_CP126349.1,49842,<100 kb,tRNA-,2.0,0.47712125471966244
NZ_CP126346.1,122915,≥100 kb,tRNA-,4.0,0.6989700043360189
NZ_CP126347.1,53346,<100 kb,tRNA-,4.0,0.6989700043360189
NZ_CP122493.1,207405,≥100 kb,tRNA-,4.0,0.6989700043360189
NZ_CP122495.1,95954,<100 kb,tRNA-,18.0,1.2787536009528289
NZ_CP122498.1,46710,<100 kb,tRNA-,2.0,0.47712125471966244
NZ_CP122500.1,135934,≥100 kb,tRNA-,13.0,1.146128035678238
NZ_CP122501.1,86106,<100 kb,tRNA-,1.0,0.3010299956639812
NZ_CP122505.1,100002,≥100 kb,tRNA-,5.0,0.7781512503836436
NZ_CP122506.1,66482,<100 kb,tRNA-,1.0,0.3010299956639812
NZ_CP122508.1,247590,≥100 kb,tRNA-,10.0,1.0413926851582251
NZ_CP122509.1,121553,≥100 kb,tRNA-,15.0,1.2041199826559248
NZ_CP122511.1,88955,<100 kb,tRNA-,1.0,0.3010299956639812
NZ_CP122513.1,44872,<100 kb,tRNA-,5.0,0.7781512503836436
NZ_CP122514.1,26284,<100 kb,tRNA-,1.0,0.3010299956639812
NZ_CP104600.1,94780,<100 kb,tRNA-,29.0,1.4771212547196624
NZ_CP104615.1,95335,<100 kb,tRNA-,28.0,1.462397997898956
NZ_CP104619.1,133317,≥100 kb,tRNA+,13.0,1.146128035678238
NZ_CP104621.1,84082,<100 kb,tRNA-,8.0,0.9542425094393249
NZ_CP104622.1,66033,<100 kb,tRNA-,1.0,0.3010299956639812
NZ_CP104623.1,30784,<100 kb,tRNA-,1.0,0.3010299956639812
NZ_CP104630.1,273959,≥100 kb,tRNA-,26.0,1.4313637641589874
NZ_CP127849.1,108804,≥100 kb,tRNA-,5.0,0.7781512503836436
NZ_CP127850.1,70343,<100 kb,tRNA-,11.0,1.0791812460476249
NZ_CP127852.1,46895,<100 kb,tRNA-,1.0,0.3010299956639812
NZ_CP127302.1,66746,<100 kb,tRNA-,1.0,0.3010299956639812
NZ_CP127298.1,143100,≥100 kb,tRNA-,11.0,1.0791812460476249
NZ_CP127311.1,136357,≥100 kb,tRNA-,7.0,0.9030899869919435
NZ_CP127310.1,102363,≥100 kb,tRNA-,3.0,0.6020599913279624
NZ_CP127312.1,97369,<100 kb,tRNA-,14.0,1.1760912590556813
NZ_CP127320.1,65485,<100 kb,tRNA-,1.0,0.3010299956639812
NZ_CP127315.1,29144,<100 kb,tRNA-,3.0,0.6020599913279624
NZ_AP025547.1,260770,≥100 kb,tRNA-,10.0,1.0413926851582251
NZ_AP025548.1,145376,≥100 kb,tRNA-,2.0,0.47712125471966244
NZ_AP025552.1,197729,≥100 kb,tRNA-,6.0,0.8450980400142568
NZ_AP027416.1,253349,≥100 kb,tRNA-,3.0,0.6020599913279624
NZ_AP027415.1,104272,≥100 kb,tRNA-,5.0,0.7781512503836436
NZ_AP027418.1,284829,≥100 kb,tRNA-,9.0,1.0
NZ_AP027422.1,249953,≥100 kb,tRNA-,2.0,0.47712125471966244
NZ_AP027421.1,138688,≥100 kb,tRNA-,7.0,0.9030899869919435
NZ_AP027420.1,83405,<100 kb,tRNA-,10.0,1.0413926851582251
NZ_AP027425.1,133820,≥100 kb,tRNA-,3.0,0.6020599913279624
NZ_AP027426.1,93860,<100 kb,tRNA-,7.0,0.9030899869919435
NZ_AP027431.1,201683,≥100 kb,tRNA-,10.0,1.0413926851582251
NZ_AP027429.1,72582,<100 kb,tRNA-,1.0,0.3010299956639812
NZ_AP027434.1,72586,<100 kb,tRNA-,1.0,0.3010299956639812
NZ_AP027438.1,72582,<100 kb,tRNA-,1.0,0.3010299956639812
NZ_AP027444.1,98615,<100 kb,tRNA-,7.0,0.9030899869919435
NZ_AP027442.1,60421,<100 kb,tRNA-,7.0,0.9030899869919435
NZ_AP028096.1,75901,<100 kb,tRNA-,4.0,0.6989700043360189
NZ_CP128256.1,113750,≥100 kb,tRNA+,8.0,0.9542425094393249
NZ_CP128258.1,52047,<100 kb,tRNA-,7.0,0.9030899869919435
NZ_CP128579.1,56894,<100 kb,tRNA-,3.0,0.6020599913279624
NZ_CP128611.1,101686,≥100 kb,tRNA-,4.0,0.6989700043360189
NZ_CP128612.1,10682,<100 kb,tRNA-,4.0,0.6989700043360189
NZ_CP128610.1,260021,≥100 kb,tRNA-,21.0,1.3424226808222062
NZ_CP128615.1,96416,<100 kb,tRNA-,2.0,0.47712125471966244
NZ_CP128614.1,248334,≥100 kb,tRNA-,14.0,1.1760912590556813
NZ_CP128791.1,117432,≥100 kb,tRNA-,9.0,1.0
NZ_CP128876.1,103545,≥100 kb,tRNA-,10.0,1.0413926851582251
NZ_CP128878.1,94317,<100 kb,tRNA-,4.0,0.6989700043360189
NZ_CP128882.1,49458,<100 kb,tRNA-,6.0,0.8450980400142568
NZ_CP128890.1,51117,<100 kb,tRNA-,7.0,0.9030899869919435
NZ_CP128909.1,50134,<100 kb,tRNA-,8.0,0.9542425094393249
NZ_CP128913.1,179124,≥100 kb,tRNA-,8.0,0.9542425094393249
NZ_CP128915.1,51776,<100 kb,tRNA-,6.0,0.8450980400142568
NZ_CP128917.1,137068,≥100 kb,tRNA-,6.0,0.8450980400142568
NZ_CP128918.1,49758,<100 kb,tRNA-,7.0,0.9030899869919435
NZ_CP128921.1,58542,<100 kb,tRNA-,4.0,0.6989700043360189
NZ_CP128933.1,93168,<100 kb,tRNA-,1.0,0.3010299956639812
NZ_CP128932.1,195290,≥100 kb,tRNA-,4.0,0.6989700043360189
NZ_CP128935.1,50698,<100 kb,tRNA-,4.0,0.6989700043360189
NZ_CP128927.1,93747,<100 kb,tRNA-,1.0,0.3010299956639812
NZ_CP128929.1,48249,<100 kb,tRNA-,3.0,0.6020599913279624
NZ_CP128924.1,235972,≥100 kb,tRNA-,9.0,1.0
NZ_CP128925.1,48260,<100 kb,tRNA-,3.0,0.6020599913279624
NZ_CP128944.1,6222,<100 kb,tRNA-,2.0,0.47712125471966244
NZ_CP128941.1,103767,≥100 kb,tRNA-,3.0,0.6020599913279624
NZ_CP128943.1,48260,<100 kb,tRNA-,3.0,0.6020599913279624
NZ_CP128942.1,50131,<100 kb,tRNA-,6.0,0.8450980400142568
NZ_CP128948.1,39121,<100 kb,tRNA-,1.0,0.3010299956639812
NZ_CP128952.1,168269,≥100 kb,tRNA-,11.0,1.0791812460476249
NZ_CP128954.1,45363,<100 kb,tRNA-,1.0,0.3010299956639812
NZ_CP128951.1,655459,≥100 kb,tRNA+,35.0,1.5563025007672873
NZ_CP128960.1,74427,<100 kb,tRNA-,5.0,0.7781512503836436
NZ_CP128961.1,50698,<100 kb,tRNA-,4.0,0.6989700043360189
NZ_CP128967.1,47664,<100 kb,tRNA-,3.0,0.6020599913279624
NZ_CP128974.1,49620,<100 kb,tRNA-,3.0,0.6020599913279624
NZ_CP128981.1,121438,≥100 kb,tRNA-,8.0,0.9542425094393249
NZ_CP128982.1,49245,<100 kb,tRNA-,4.0,0.6989700043360189
NZ_CP129242.1,85984,<100 kb,tRNA-,18.0,1.2787536009528289
NZ_CP118998.1,142349,≥100 kb,tRNA-,4.0,0.6989700043360189
NZ_CP119001.1,142356,≥100 kb,tRNA-,4.0,0.6989700043360189
NZ_CP119004.1,135958,≥100 kb,tRNA-,9.0,1.0
NZ_CP119009.1,8401,<100 kb,tRNA-,4.0,0.6989700043360189
NZ_CP119007.1,166228,≥100 kb,tRNA-,3.0,0.6020599913279624
NZ_CP119012.1,174562,≥100 kb,tRNA-,6.0,0.8450980400142568
NZ_CP129273.1,160269,≥100 kb,tRNA-,8.0,0.9542425094393249
NZ_CP129274.1,93635,<100 kb,tRNA-,13.0,1.146128035678238
NZ_CP129282.1,100759,≥100 kb,tRNA-,11.0,1.0791812460476249
NZ_CP129283.1,90008,<100 kb,tRNA-,3.0,0.6020599913279624
NZ_CP129284.1,76863,<100 kb,tRNA-,6.0,0.8450980400142568
NZ_CP129285.1,62194,<100 kb,tRNA-,1.0,0.3010299956639812
NZ_CP082048.1,93061,<100 kb,tRNA-,6.0,0.8450980400142568
NZ_CP082057.1,128293,≥100 kb,tRNA-,9.0,1.0
NZ_CP082063.1,87055,<100 kb,tRNA-,4.0,0.6989700043360189
NZ_CP082068.1,130247,≥100 kb,tRNA-,2.0,0.47712125471966244
NZ_CP082081.1,149988,≥100 kb,tRNA+,5.0,0.7781512503836436
NZ_CP082088.1,100023,≥100 kb,tRNA-,3.0,0.6020599913279624
NZ_CP082089.1,59165,<100 kb,tRNA-,3.0,0.6020599913279624
NZ_CP082090.1,57134,<100 kb,tRNA-,5.0,0.7781512503836436
NZ_CP082092.1,22411,<100 kb,tRNA-,1.0,0.3010299956639812
NZ_CP082095.1,125677,≥100 kb,tRNA-,5.0,0.7781512503836436
NZ_CP082098.1,142105,≥100 kb,tRNA-,9.0,1.0
NZ_CP082101.1,113122,≥100 kb,tRNA-,3.0,0.6020599913279624
NZ_CP082104.1,137906,≥100 kb,tRNA-,9.0,1.0
NZ_CP082105.1,91472,<100 kb,tRNA-,4.0,0.6989700043360189
NZ_CP130449.1,186751,≥100 kb,tRNA+,17.0,1.255272505103306
NZ_CP130670.1,105678,≥100 kb,tRNA-,2.0,0.47712125471966244
NZ_CP130669.1,111450,≥100 kb,tRNA-,1.0,0.3010299956639812
NZ_CP130668.1,119850,≥100 kb,tRNA-,10.0,1.0413926851582251
NZ_CP130707.1,124693,≥100 kb,tRNA-,15.0,1.2041199826559248
NZ_CP130711.1,124693,≥100 kb,tRNA-,15.0,1.2041199826559248
NZ_CP107152.1,187795,≥100 kb,tRNA-,10.0,1.0413926851582251
NZ_CP107156.1,110062,≥100 kb,tRNA-,2.0,0.47712125471966244
NZ_CP107157.1,95994,<100 kb,tRNA-,2.0,0.47712125471966244
NZ_CP107163.1,138672,≥100 kb,tRNA-,4.0,0.6989700043360189
NZ_CP107165.1,110949,≥100 kb,tRNA+,2.0,0.47712125471966244
NZ_CP107173.1,149268,≥100 kb,tRNA-,5.0,0.7781512503836436
NZ_CP107176.1,129206,≥100 kb,tRNA-,6.0,0.8450980400142568
NZ_CP107179.1,150400,≥100 kb,tRNA-,1.0,0.3010299956639812
NZ_CP107189.1,162472,≥100 kb,tRNA-,10.0,1.0413926851582251
NZ_CP107115.1,119061,≥100 kb,tRNA-,13.0,1.146128035678238
NZ_CP107121.1,150851,≥100 kb,tRNA-,7.0,0.9030899869919435
NZ_CP107123.1,171301,≥100 kb,tRNA-,9.0,1.0
NZ_CP107127.1,140908,≥100 kb,tRNA-,1.0,0.3010299956639812
NZ_CP107129.1,123735,≥100 kb,tRNA-,11.0,1.0791812460476249
NZ_CP107130.1,6200,<100 kb,tRNA-,3.0,0.6020599913279624
NZ_CP107135.1,139731,≥100 kb,tRNA-,5.0,0.7781512503836436
NZ_CP107138.1,158955,≥100 kb,tRNA-,7.0,0.9030899869919435
NZ_CP107141.1,137474,≥100 kb,tRNA-,6.0,0.8450980400142568
NZ_CP107144.1,129206,≥100 kb,tRNA-,6.0,0.8450980400142568
NZ_CP123590.1,48020,<100 kb,tRNA-,3.0,0.6020599913279624
NZ_CP123591.1,152210,≥100 kb,tRNA-,17.0,1.255272505103306
NZ_CP123595.1,48627,<100 kb,tRNA-,3.0,0.6020599913279624
NZ_CP096111.2,92396,<100 kb,tRNA-,6.0,0.8450980400142568
NZ_CP107148.1,139792,≥100 kb,tRNA-,5.0,0.7781512503836436
NZ_CP132062.1,151773,≥100 kb,tRNA-,8.0,0.9542425094393249
NZ_CP132549.1,242042,≥100 kb,tRNA+,2.0,0.47712125471966244
NZ_CP132730.1,112510,≥100 kb,tRNA-,10.0,1.0413926851582251
NZ_CP132982.1,267517,≥100 kb,tRNA-,16.0,1.2304489213782739
NZ_CP058898.1,93277,<100 kb,tRNA-,12.0,1.1139433523068367
NZ_CP058918.1,89795,<100 kb,tRNA-,7.0,0.9030899869919435
NZ_CP059333.1,104838,≥100 kb,tRNA-,11.0,1.0791812460476249
NZ_CP058923.1,98451,<100 kb,tRNA-,9.0,1.0
NZ_CP059340.1,181199,≥100 kb,tRNA-,8.0,0.9542425094393249
NZ_CP115314.1,96320,<100 kb,tRNA-,11.0,1.0791812460476249
NZ_CP115315.1,48816,<100 kb,tRNA-,4.0,0.6989700043360189
NZ_CP115321.1,98809,<100 kb,tRNA-,10.0,1.0413926851582251
NZ_CP115325.1,146752,≥100 kb,tRNA-,1.0,0.3010299956639812
NZ_CP115331.1,157054,≥100 kb,tRNA-,17.0,1.255272505103306
NZ_CP115344.1,84550,<100 kb,tRNA-,4.0,0.6989700043360189
NZ_CP115352.1,141537,≥100 kb,tRNA-,7.0,0.9030899869919435
NZ_CP115353.1,76741,<100 kb,tRNA-,3.0,0.6020599913279624
NZ_CP115359.1,149951,≥100 kb,tRNA-,13.0,1.146128035678238
NZ_CP115362.1,137735,≥100 kb,tRNA-,9.0,1.0
NZ_CP115366.1,123620,≥100 kb,tRNA-,15.0,1.2041199826559248
NZ_CP115367.1,69932,<100 kb,tRNA-,4.0,0.6989700043360189
NZ_CP115368.1,43410,<100 kb,tRNA-,1.0,0.3010299956639812
NZ_CP115371.1,138366,≥100 kb,tRNA-,9.0,1.0
NZ_CP115377.1,127633,≥100 kb,tRNA-,14.0,1.1760912590556813
NZ_CP115378.1,111925,≥100 kb,tRNA+,1.0,0.3010299956639812
NZ_CP115387.1,100876,≥100 kb,tRNA-,12.0,1.1139433523068367
NZ_CP115391.1,146827,≥100 kb,tRNA-,13.0,1.146128035678238
NZ_CP133454.1,126277,≥100 kb,tRNA-,13.0,1.146128035678238
NZ_CP114793.1,40480,<100 kb,tRNA-,2.0,0.47712125471966244
NZ_CP114794.1,93314,<100 kb,tRNA-,10.0,1.0413926851582251
NZ_CP125886.1,88320,<100 kb,tRNA-,6.0,0.8450980400142568
NZ_CP125888.1,76852,<100 kb,tRNA-,6.0,0.8450980400142568
NZ_CP125890.1,67643,<100 kb,tRNA-,4.0,0.6989700043360189
NZ_CP133873.1,63588,<100 kb,tRNA-,2.0,0.47712125471966244
NZ_CP133855.1,95679,<100 kb,tRNA-,4.0,0.6989700043360189
NZ_CP133853.1,141901,≥100 kb,tRNA-,14.0,1.1760912590556813
NZ_CP134355.1,89476,<100 kb,tRNA-,1.0,0.3010299956639812
NZ_CP134363.1,131450,≥100 kb,tRNA-,7.0,0.9030899869919435
NZ_CP134365.1,89484,<100 kb,tRNA-,1.0,0.3010299956639812
NZ_CP134381.1,92123,<100 kb,tRNA-,1.0,0.3010299956639812
NZ_CP134359.1,92646,<100 kb,tRNA-,1.0,0.3010299956639812
NZ_CP134378.1,109106,≥100 kb,tRNA-,7.0,0.9030899869919435
NZ_CP134369.1,84532,<100 kb,tRNA-,1.0,0.3010299956639812
NZ_CP134371.1,146353,≥100 kb,tRNA-,6.0,0.8450980400142568
NZ_CP134372.1,90769,<100 kb,tRNA-,1.0,0.3010299956639812
NZ_CP134386.1,94712,<100 kb,tRNA-,1.0,0.3010299956639812
NZ_CP134390.1,142356,≥100 kb,tRNA-,4.0,0.6989700043360189
NZ_CP134392.1,90263,<100 kb,tRNA-,1.0,0.3010299956639812
NZ_CP133918.1,164787,≥100 kb,tRNA-,4.0,0.6989700043360189
NZ_CP133917.1,185802,≥100 kb,tRNA-,6.0,0.8450980400142568
NZ_CP133921.1,137549,≥100 kb,tRNA-,7.0,0.9030899869919435
NZ_CP133920.1,247558,≥100 kb,tRNA-,3.0,0.6020599913279624
NZ_CP133926.1,111125,≥100 kb,tRNA-,4.0,0.6989700043360189
NZ_CP133924.1,274233,≥100 kb,tRNA-,8.0,0.9542425094393249
NZ_CP125884.1,84082,<100 kb,tRNA-,8.0,0.9542425094393249
NZ_CP135245.1,373462,≥100 kb,tRNA+,31.0,1.505149978319906
NZ_CP135246.1,113529,≥100 kb,tRNA-,6.0,0.8450980400142568
NZ_CP135248.1,71103,<100 kb,tRNA-,2.0,0.47712125471966244
NZ_CP135249.1,33304,<100 kb,tRNA-,1.0,0.3010299956639812
NZ_CP135489.1,148746,≥100 kb,tRNA-,22.0,1.3617278360175928
NZ_CP135490.1,51479,<100 kb,tRNA-,2.0,0.47712125471966244
NZ_CP135491.1,26248,<100 kb,tRNA-,1.0,0.3010299956639812
NZ_CP135459.1,76262,<100 kb,tRNA-,3.0,0.6020599913279624
NZ_CP135460.1,53262,<100 kb,tRNA-,4.0,0.6989700043360189
NZ_CP135503.1,166109,≥100 kb,tRNA-,18.0,1.2787536009528289
NZ_CP135504.1,51122,<100 kb,tRNA-,1.0,0.3010299956639812
NZ_CP135647.1,147576,≥100 kb,tRNA-,10.0,1.0413926851582251
NZ_CP135648.1,86199,<100 kb,tRNA-,1.0,0.3010299956639812
NZ_CP135650.1,128936,≥100 kb,tRNA-,9.0,1.0
NZ_CP135645.1,90712,<100 kb,tRNA-,1.0,0.3010299956639812
NZ_CP135644.1,92285,<100 kb,tRNA-,13.0,1.146128035678238
NZ_CP135720.1,114077,≥100 kb,tRNA-,12.0,1.1139433523068367
NZ_CP135713.1,123062,≥100 kb,tRNA-,15.0,1.2041199826559248
NZ_CP135654.1,97567,<100 kb,tRNA-,9.0,1.0
NZ_CP135657.1,160382,≥100 kb,tRNA-,15.0,1.2041199826559248
NZ_CP135660.1,87747,<100 kb,tRNA-,1.0,0.3010299956639812
NZ_CP135659.1,229583,≥100 kb,tRNA-,17.0,1.255272505103306
NZ_CP135667.1,76366,<100 kb,tRNA-,3.0,0.6020599913279624
NZ_CP135699.1,104860,≥100 kb,tRNA-,4.0,0.6989700043360189
NZ_CP135698.1,160742,≥100 kb,tRNA-,14.0,1.1760912590556813
NZ_CP135695.1,6211,<100 kb,tRNA-,3.0,0.6020599913279624
NZ_CP135692.1,160056,≥100 kb,tRNA-,13.0,1.146128035678238
NZ_CP135682.1,107043,≥100 kb,tRNA-,8.0,0.9542425094393249
NZ_CP135672.1,151518,≥100 kb,tRNA-,1.0,0.3010299956639812
NZ_CP135689.1,102136,≥100 kb,tRNA-,3.0,0.6020599913279624
NZ_CP135690.1,31756,<100 kb,tRNA-,11.0,1.0791812460476249
NZ_CP135723.1,93037,<100 kb,tRNA-,11.0,1.0791812460476249
NZ_CP135710.1,98339,<100 kb,tRNA-,4.0,0.6989700043360189
NZ_CP136026.1,273302,≥100 kb,tRNA-,27.0,1.4471580313422192
NZ_CP127005.1,84777,<100 kb,tRNA-,3.0,0.6020599913279624
NZ_CP135961.1,122100,≥100 kb,tRNA-,8.0,0.9542425094393249
NZ_CP137697.1,128814,≥100 kb,tRNA+,24.0,1.3979400086720377
NZ_CP137698.1,111928,≥100 kb,tRNA+,2.0,0.47712125471966244
NZ_CP137706.1,129194,≥100 kb,tRNA-,11.0,1.0791812460476249
NZ_CP137738.1,142379,≥100 kb,tRNA-,1.0,0.3010299956639812
NZ_CP137739.1,187535,≥100 kb,tRNA+,6.0,0.8450980400142568
NZ_CP137740.1,74875,<100 kb,tRNA-,4.0,0.6989700043360189
NZ_CP137741.1,79082,<100 kb,tRNA-,9.0,1.0
NZ_CP137766.1,173409,≥100 kb,tRNA-,10.0,1.0413926851582251
NZ_CP132224.1,165182,≥100 kb,tRNA-,16.0,1.2304489213782739
NZ_CP132225.1,188350,≥100 kb,tRNA-,6.0,0.8450980400142568
NZ_CP140505.1,106301,≥100 kb,tRNA-,18.0,1.2787536009528289
NZ_CP140506.1,71884,<100 kb,tRNA-,1.0,0.3010299956639812
NZ_CP140507.1,42143,<100 kb,tRNA-,2.0,0.47712125471966244
NZ_CP138394.1,79037,<100 kb,tRNA-,5.0,0.7781512503836436
NZ_CP138395.1,46570,<100 kb,tRNA-,4.0,0.6989700043360189
NZ_CP138398.1,288082,≥100 kb,tRNA-,12.0,1.1139433523068367
NZ_CP138401.1,26938,<100 kb,tRNA-,4.0,0.6989700043360189
NZ_CP138402.1,7590,<100 kb,tRNA-,1.0,0.3010299956639812
NZ_CP138405.1,101052,≥100 kb,tRNA+,2.0,0.47712125471966244
NZ_CP138406.1,69211,<100 kb,tRNA-,9.0,1.0
NZ_CP138408.1,115560,≥100 kb,tRNA-,3.0,0.6020599913279624
NZ_CP138410.1,88209,<100 kb,tRNA-,6.0,0.8450980400142568
NZ_CP138411.1,52523,<100 kb,tRNA-,2.0,0.47712125471966244
NZ_CP138413.1,79989,<100 kb,tRNA-,9.0,1.0
NZ_CP138415.1,114454,≥100 kb,tRNA-,9.0,1.0
NZ_CP138421.1,101952,≥100 kb,tRNA-,6.0,0.8450980400142568
NZ_CP138422.1,45028,<100 kb,tRNA-,3.0,0.6020599913279624
NZ_CP138424.1,67965,<100 kb,tRNA-,8.0,0.9542425094393249
NZ_CP138426.1,124145,≥100 kb,tRNA-,13.0,1.146128035678238
NZ_CP138429.1,221159,≥100 kb,tRNA-,15.0,1.2041199826559248
NZ_CP138430.1,105102,≥100 kb,tRNA-,11.0,1.0791812460476249
NZ_CP138417.1,101526,≥100 kb,tRNA-,14.0,1.1760912590556813
NZ_CP139131.1,103087,≥100 kb,tRNA-,11.0,1.0791812460476249
NZ_CP115824.1,98512,<100 kb,tRNA-,3.0,0.6020599913279624
NZ_CP115825.1,47686,<100 kb,tRNA-,4.0,0.6989700043360189
NZ_CP115823.1,111005,≥100 kb,tRNA-,8.0,0.9542425094393249
NZ_CP115822.1,149806,≥100 kb,tRNA-,7.0,0.9030899869919435
NZ_CP139361.1,110106,≥100 kb,tRNA-,11.0,1.0791812460476249
NZ_CP139362.1,46421,<100 kb,tRNA-,2.0,0.47712125471966244
NZ_CP139338.1,190712,≥100 kb,tRNA-,8.0,0.9542425094393249
NZ_CP139340.1,191776,≥100 kb,tRNA-,8.0,0.9542425094393249
NZ_CP139342.1,32331,<100 kb,tRNA-,2.0,0.47712125471966244
NZ_CP141748.1,114295,≥100 kb,tRNA-,9.0,1.0
NZ_CP141751.1,61790,<100 kb,tRNA-,1.0,0.3010299956639812
NZ_CP141739.1,51479,<100 kb,tRNA-,2.0,0.47712125471966244
NZ_CP139658.2,303612,≥100 kb,tRNA-,6.0,0.8450980400142568
NZ_CP139662.2,303604,≥100 kb,tRNA-,6.0,0.8450980400142568
NZ_CP139666.2,303604,≥100 kb,tRNA-,6.0,0.8450980400142568
NZ_CP139672.2,19459,<100 kb,tRNA-,4.0,0.6989700043360189
NZ_CP139676.2,19459,<100 kb,tRNA-,4.0,0.6989700043360189
NZ_CP139680.2,19459,<100 kb,tRNA-,4.0,0.6989700043360189
NZ_CP139795.1,116100,≥100 kb,tRNA-,7.0,0.9030899869919435
NZ_CP139796.1,89600,<100 kb,tRNA-,10.0,1.0413926851582251
NZ_CP139804.1,148925,≥100 kb,tRNA-,9.0,1.0
NZ_CP139805.1,141114,≥100 kb,tRNA-,22.0,1.3617278360175928
NZ_CP139807.1,41334,<100 kb,tRNA-,3.0,0.6020599913279624
NZ_CP139855.1,90897,<100 kb,tRNA-,16.0,1.2304489213782739
NZ_CP139856.1,67017,<100 kb,tRNA-,7.0,0.9030899869919435
NZ_CP139844.1,24120,<100 kb,tRNA-,5.0,0.7781512503836436
NZ_CP139845.1,74362,<100 kb,tRNA-,3.0,0.6020599913279624
NZ_CP139811.1,36254,<100 kb,tRNA-,1.0,0.3010299956639812
NZ_CP139812.1,80024,<100 kb,tRNA-,6.0,0.8450980400142568
NZ_CP139813.1,232487,≥100 kb,tRNA-,18.0,1.2787536009528289
NZ_CP139905.1,147986,≥100 kb,tRNA-,14.0,1.1760912590556813
NZ_CP139890.1,33309,<100 kb,tRNA-,1.0,0.3010299956639812
NZ_CP139888.1,175772,≥100 kb,tRNA-,9.0,1.0
NZ_CP139894.1,33309,<100 kb,tRNA-,1.0,0.3010299956639812
NZ_CP139892.1,175772,≥100 kb,tRNA-,9.0,1.0
NZ_CP141078.1,161809,≥100 kb,tRNA-,11.0,1.0791812460476249
NZ_CP141081.1,134237,≥100 kb,tRNA-,9.0,1.0
NZ_CP141089.1,4938057,≥100 kb,tRNA+,173.0,2.2405492482826
NZ_CP141085.1,385579,≥100 kb,tRNA+,23.0,1.380211241711606
NZ_CP141086.1,42027,<100 kb,tRNA-,18.0,1.2787536009528289
NZ_CP141087.1,8274,<100 kb,tRNA-,3.0,0.6020599913279624
NZ_CP141094.1,72337,<100 kb,tRNA-,8.0,0.9542425094393249
NZ_CP141095.1,101664,≥100 kb,tRNA-,5.0,0.7781512503836436
NZ_CP141101.1,151962,≥100 kb,tRNA-,10.0,1.0413926851582251
NZ_CP149851.1,120269,≥100 kb,tRNA-,9.0,1.0
NZ_CP149849.1,61790,<100 kb,tRNA-,1.0,0.3010299956639812
NZ_CP141582.1,160236,≥100 kb,tRNA-,14.0,1.1760912590556813
NZ_CP141584.1,95917,<100 kb,tRNA-,11.0,1.0791812460476249
NZ_CP141585.1,70829,<100 kb,tRNA-,1.0,0.3010299956639812
NZ_CP141593.1,77016,<100 kb,tRNA-,7.0,0.9030899869919435
NZ_CP141197.1,89218,<100 kb,tRNA-,3.0,0.6020599913279624
NZ_CP141198.1,122231,≥100 kb,tRNA-,2.0,0.47712125471966244
NZ_CP141199.1,214402,≥100 kb,tRNA-,11.0,1.0791812460476249
NZ_CP141766.1,96110,<100 kb,tRNA+,1.0,0.3010299956639812
NZ_CP141768.1,104341,≥100 kb,tRNA+,1.0,0.3010299956639812
NZ_CP141788.1,69429,<100 kb,tRNA-,4.0,0.6989700043360189
NZ_CP141792.1,119424,≥100 kb,tRNA-,7.0,0.9030899869919435
NZ_CP141795.1,33854,<100 kb,tRNA-,1.0,0.3010299956639812
NZ_CP141794.1,76461,<100 kb,tRNA-,6.0,0.8450980400142568
NZ_CP141790.1,82724,<100 kb,tRNA-,4.0,0.6989700043360189
NZ_CP141843.1,47481,<100 kb,tRNA-,16.0,1.2304489213782739
NZ_CP141841.1,250595,≥100 kb,tRNA-,18.0,1.2787536009528289
NZ_CP141842.1,115583,≥100 kb,tRNA-,4.0,0.6989700043360189
NZ_CP141846.1,77578,<100 kb,tRNA-,6.0,0.8450980400142568
NZ_CP141866.1,131431,≥100 kb,tRNA-,14.0,1.1760912590556813
NZ_CP142036.1,241206,≥100 kb,tRNA-,9.0,1.0
NZ_CP142037.1,154899,≥100 kb,tRNA-,12.0,1.1139433523068367
NZ_CP142038.1,75709,<100 kb,tRNA-,1.0,0.3010299956639812
NZ_CP142045.1,133989,≥100 kb,tRNA-,8.0,0.9542425094393249
NZ_CP142046.1,113748,≥100 kb,tRNA-,20.0,1.3222192947339193
NZ_CP142383.1,167321,≥100 kb,tRNA-,5.0,0.7781512503836436
NZ_CP142384.1,165246,≥100 kb,tRNA-,12.0,1.1139433523068367
NZ_CP142591.1,93378,<100 kb,tRNA-,8.0,0.9542425094393249
NZ_CP142916.1,142988,≥100 kb,tRNA-,8.0,0.9542425094393249
NZ_CP142917.1,73794,<100 kb,tRNA-,3.0,0.6020599913279624
NZ_CP142931.1,148373,≥100 kb,tRNA-,8.0,0.9542425094393249
NZ_CP142932.1,112121,≥100 kb,tRNA-,4.0,0.6989700043360189
NZ_CP142940.1,120441,≥100 kb,tRNA-,9.0,1.0
NZ_CP142941.1,67118,<100 kb,tRNA-,1.0,0.3010299956639812
NZ_CP142950.1,129346,≥100 kb,tRNA-,15.0,1.2041199826559248
NZ_CP142954.1,137130,≥100 kb,tRNA-,9.0,1.0
NZ_CP142955.1,119625,≥100 kb,tRNA-,3.0,0.6020599913279624
NZ_CP142957.1,115135,≥100 kb,tRNA-,12.0,1.1139433523068367
NZ_CP143093.1,124301,≥100 kb,tRNA-,13.0,1.146128035678238
NZ_CP143094.1,28545,<100 kb,tRNA-,2.0,0.47712125471966244
NZ_CP143630.1,51518,<100 kb,tRNA-,4.0,0.6989700043360189
NZ_CP143629.1,61301,<100 kb,tRNA-,8.0,0.9542425094393249
NZ_CP127494.1,95129,<100 kb,tRNA-,20.0,1.3222192947339193
NZ_CP127495.1,51473,<100 kb,tRNA-,2.0,0.47712125471966244
NZ_AP027471.1,104833,≥100 kb,tRNA-,1.0,0.3010299956639812
NZ_AP027472.1,58107,<100 kb,tRNA-,5.0,0.7781512503836436
NZ_AP027473.1,49386,<100 kb,tRNA-,4.0,0.6989700043360189
NZ_AP027475.1,45435,<100 kb,tRNA-,4.0,0.6989700043360189
NZ_AP027488.1,191909,≥100 kb,tRNA-,5.0,0.7781512503836436
NZ_AP027480.1,8904,<100 kb,tRNA-,1.0,0.3010299956639812
NZ_AP027482.1,3071,<100 kb,tRNA-,1.0,0.3010299956639812
NZ_AP027496.1,71968,<100 kb,tRNA-,3.0,0.6020599913279624
NZ_AP027501.1,98142,<100 kb,tRNA-,3.0,0.6020599913279624
NZ_AP027507.1,126139,≥100 kb,tRNA-,2.0,0.47712125471966244
NZ_AP027508.1,51087,<100 kb,tRNA-,1.0,0.3010299956639812
NZ_AP027513.1,129130,≥100 kb,tRNA-,1.0,0.3010299956639812
NZ_AP027514.1,36340,<100 kb,tRNA-,1.0,0.3010299956639812
NZ_AP027516.1,99273,<100 kb,tRNA-,2.0,0.47712125471966244
NZ_AP027517.1,51086,<100 kb,tRNA-,1.0,0.3010299956639812
NZ_AP027518.1,3071,<100 kb,tRNA-,1.0,0.3010299956639812
NZ_AP027524.1,50339,<100 kb,tRNA-,1.0,0.3010299956639812
NZ_AP027538.1,231520,≥100 kb,tRNA+,3.0,0.6020599913279624
NZ_AP027539.1,61573,<100 kb,tRNA-,1.0,0.3010299956639812
NZ_AP027533.1,86444,<100 kb,tRNA-,1.0,0.3010299956639812
NZ_AP027534.1,61589,<100 kb,tRNA-,1.0,0.3010299956639812
NZ_AP027544.1,112533,≥100 kb,tRNA-,1.0,0.3010299956639812
NZ_AP027546.1,81917,<100 kb,tRNA-,1.0,0.3010299956639812
NZ_AP027551.1,74240,<100 kb,tRNA-,3.0,0.6020599913279624
NZ_AP027552.1,66231,<100 kb,tRNA-,3.0,0.6020599913279624
NZ_AP027554.1,108156,≥100 kb,tRNA-,20.0,1.3222192947339193
NZ_AP027564.1,205671,≥100 kb,tRNA-,16.0,1.2304489213782739
NZ_AP027571.1,171070,≥100 kb,tRNA-,8.0,0.9542425094393249
NZ_AP027577.1,213958,≥100 kb,tRNA+,5.0,0.7781512503836436
NZ_AP027579.1,89357,<100 kb,tRNA-,4.0,0.6989700043360189
NZ_AP027590.1,94657,<100 kb,tRNA-,2.0,0.47712125471966244
NZ_AP027591.1,45882,<100 kb,tRNA-,7.0,0.9030899869919435
NZ_AP027596.1,94667,<100 kb,tRNA-,2.0,0.47712125471966244
NZ_AP027600.1,134893,≥100 kb,tRNA-,4.0,0.6989700043360189
NZ_AP027601.1,108617,≥100 kb,tRNA-,9.0,1.0
NZ_AP027602.1,107143,≥100 kb,tRNA-,2.0,0.47712125471966244
NZ_AP027603.1,81917,<100 kb,tRNA-,1.0,0.3010299956639812
NZ_AP027604.1,9030,<100 kb,tRNA-,1.0,0.3010299956639812
NZ_AP027613.1,63700,<100 kb,tRNA-,1.0,0.3010299956639812
NZ_AP027623.1,84338,<100 kb,tRNA-,1.0,0.3010299956639812
NZ_AP027620.1,93143,<100 kb,tRNA-,5.0,0.7781512503836436
NZ_AP027621.1,51444,<100 kb,tRNA-,1.0,0.3010299956639812
NZ_AP027627.1,213033,≥100 kb,tRNA-,13.0,1.146128035678238
NZ_AP027628.1,126072,≥100 kb,tRNA-,1.0,0.3010299956639812
NZ_AP027633.1,200003,≥100 kb,tRNA-,5.0,0.7781512503836436
NZ_AP027638.1,237772,≥100 kb,tRNA-,11.0,1.0791812460476249
NZ_AP027640.1,272804,≥100 kb,tRNA-,6.0,0.8450980400142568
NZ_AP027641.1,64042,<100 kb,tRNA-,3.0,0.6020599913279624
NZ_AP027643.1,120374,≥100 kb,tRNA-,3.0,0.6020599913279624
NZ_AP027645.1,9092,<100 kb,tRNA-,1.0,0.3010299956639812
NZ_AP027649.1,209316,≥100 kb,tRNA-,10.0,1.0413926851582251
NZ_AP027651.1,9092,<100 kb,tRNA-,1.0,0.3010299956639812
NZ_AP027654.1,116456,≥100 kb,tRNA-,8.0,0.9542425094393249
NZ_AP027655.1,60550,<100 kb,tRNA-,1.0,0.3010299956639812
NZ_AP027667.1,120374,≥100 kb,tRNA-,3.0,0.6020599913279624
NZ_AP027668.1,61575,<100 kb,tRNA-,1.0,0.3010299956639812
NZ_AP027670.1,9092,<100 kb,tRNA-,1.0,0.3010299956639812
NZ_AP027674.1,191304,≥100 kb,tRNA-,2.0,0.47712125471966244
NZ_AP027675.1,60961,<100 kb,tRNA-,1.0,0.3010299956639812
NZ_AP027677.1,237772,≥100 kb,tRNA-,11.0,1.0791812460476249
NZ_AP027680.1,222322,≥100 kb,tRNA-,10.0,1.0413926851582251
NZ_AP027682.1,60961,<100 kb,tRNA-,1.0,0.3010299956639812
NZ_AP027686.1,159684,≥100 kb,tRNA-,4.0,0.6989700043360189
NZ_AP027687.1,114901,≥100 kb,tRNA-,3.0,0.6020599913279624
NZ_AP027689.1,51832,<100 kb,tRNA-,1.0,0.3010299956639812
NZ_AP027695.1,209317,≥100 kb,tRNA-,10.0,1.0413926851582251
NZ_AP027699.1,60960,<100 kb,tRNA-,1.0,0.3010299956639812
NZ_AP027701.1,6768,<100 kb,tRNA-,3.0,0.6020599913279624
NZ_AP027705.1,166021,≥100 kb,tRNA-,4.0,0.6989700043360189
NZ_AP027706.1,85379,<100 kb,tRNA-,7.0,0.9030899869919435
NZ_AP027711.1,60961,<100 kb,tRNA-,1.0,0.3010299956639812
NZ_AP027714.1,114948,≥100 kb,tRNA-,5.0,0.7781512503836436
NZ_AP027715.1,60960,<100 kb,tRNA-,1.0,0.3010299956639812
NZ_AP027717.1,123192,≥100 kb,tRNA-,14.0,1.1760912590556813
NZ_AP027722.1,77624,<100 kb,tRNA-,12.0,1.1139433523068367
NZ_AP027746.1,182962,≥100 kb,tRNA+,15.0,1.2041199826559248
NZ_AP027749.1,162071,≥100 kb,tRNA-,7.0,0.9030899869919435
NZ_AP027750.1,45735,<100 kb,tRNA-,2.0,0.47712125471966244
NZ_AP027751.1,8818,<100 kb,tRNA-,4.0,0.6989700043360189
NZ_AP027755.1,88234,<100 kb,tRNA-,17.0,1.255272505103306
NZ_AP027760.1,231841,≥100 kb,tRNA-,7.0,0.9030899869919435
NZ_AP027761.1,183352,≥100 kb,tRNA-,17.0,1.255272505103306
NZ_AP027766.1,68291,<100 kb,tRNA-,6.0,0.8450980400142568
NZ_AP027767.1,34997,<100 kb,tRNA-,1.0,0.3010299956639812
NZ_AP027770.1,232080,≥100 kb,tRNA-,11.0,1.0791812460476249
NZ_AP027771.1,189778,≥100 kb,tRNA-,10.0,1.0413926851582251
NZ_AP027776.1,43746,<100 kb,tRNA-,3.0,0.6020599913279624
NZ_AP027777.1,33303,<100 kb,tRNA-,1.0,0.3010299956639812
NZ_AP027778.1,26235,<100 kb,tRNA-,4.0,0.6989700043360189
NZ_AP027784.1,294708,≥100 kb,tRNA-,17.0,1.255272505103306
NZ_AP027785.1,134109,≥100 kb,tRNA-,1.0,0.3010299956639812
NZ_AP027789.1,101380,≥100 kb,tRNA-,14.0,1.1760912590556813
NZ_AP027801.1,81088,<100 kb,tRNA-,5.0,0.7781512503836436
NZ_AP027802.1,42931,<100 kb,tRNA-,3.0,0.6020599913279624
NZ_AP027816.1,67788,<100 kb,tRNA-,5.0,0.7781512503836436
NZ_AP027817.1,33309,<100 kb,tRNA-,1.0,0.3010299956639812
NZ_AP027819.1,105855,≥100 kb,tRNA-,13.0,1.146128035678238
NZ_AP027823.1,51115,<100 kb,tRNA-,4.0,0.6989700043360189
NZ_AP027830.1,225168,≥100 kb,tRNA-,8.0,0.9542425094393249
NZ_AP027840.1,3452,<100 kb,tRNA-,2.0,0.47712125471966244
NZ_AP027833.1,85393,<100 kb,tRNA-,6.0,0.8450980400142568
NZ_AP027834.1,80254,<100 kb,tRNA-,5.0,0.7781512503836436
NZ_AP027837.1,6909,<100 kb,tRNA-,2.0,0.47712125471966244
NZ_AP027845.1,125746,≥100 kb,tRNA-,11.0,1.0791812460476249
NZ_AP027851.1,168686,≥100 kb,tRNA-,10.0,1.0413926851582251
NZ_AP027856.1,64269,<100 kb,tRNA-,9.0,1.0
NZ_AP027857.1,56614,<100 kb,tRNA-,3.0,0.6020599913279624
NZ_AP027858.1,33309,<100 kb,tRNA-,1.0,0.3010299956639812
NZ_AP027866.1,126684,≥100 kb,tRNA-,6.0,0.8450980400142568
NZ_AP027867.1,111265,≥100 kb,tRNA-,2.0,0.47712125471966244
NZ_AP027868.1,12365,<100 kb,tRNA-,7.0,0.9030899869919435
NZ_AP027870.1,97846,<100 kb,tRNA-,12.0,1.1139433523068367
NZ_AP027874.1,102258,≥100 kb,tRNA-,14.0,1.1760912590556813
NZ_AP027875.1,59658,<100 kb,tRNA-,7.0,0.9030899869919435
NZ_AP027876.1,47676,<100 kb,tRNA-,1.0,0.3010299956639812
NZ_AP027878.1,97315,<100 kb,tRNA+,1.0,0.3010299956639812
NZ_AP027879.1,47389,<100 kb,tRNA-,4.0,0.6989700043360189
NZ_AP027887.1,100722,≥100 kb,tRNA-,14.0,1.1760912590556813
NZ_AP027890.1,73303,<100 kb,tRNA-,12.0,1.1139433523068367
NZ_AP027901.1,60967,<100 kb,tRNA-,1.0,0.3010299956639812
NZ_AP027903.1,120822,≥100 kb,tRNA-,7.0,0.9030899869919435
NZ_AP027905.1,86488,<100 kb,tRNA-,5.0,0.7781512503836436
NZ_AP028871.1,151726,≥100 kb,tRNA-,6.0,0.8450980400142568
NZ_AP028873.1,59260,<100 kb,tRNA-,1.0,0.3010299956639812
NZ_AP028870.1,63152,<100 kb,tRNA-,7.0,0.9030899869919435
NZ_CP144366.1,256300,≥100 kb,tRNA-,20.0,1.3222192947339193
NZ_CP144711.1,74322,<100 kb,tRNA-,7.0,0.9030899869919435
NZ_CP144712.1,80339,<100 kb,tRNA-,9.0,1.0
NZ_CP107235.1,163870,≥100 kb,tRNA-,9.0,1.0
NZ_CP107236.1,93794,<100 kb,tRNA-,6.0,0.8450980400142568
NZ_CP107237.1,8274,<100 kb,tRNA-,3.0,0.6020599913279624
NZ_CP107231.1,106993,≥100 kb,tRNA-,3.0,0.6020599913279624
NZ_CP149837.1,194719,≥100 kb,tRNA-,15.0,1.2041199826559248
NZ_CP150018.1,132479,≥100 kb,tRNA-,10.0,1.0413926851582251
NZ_CP145140.1,126126,≥100 kb,tRNA-,3.0,0.6020599913279624
NZ_CP145141.1,76846,<100 kb,tRNA-,3.0,0.6020599913279624
NZ_CP145142.1,72182,<100 kb,tRNA-,13.0,1.146128035678238
NZ_CP145619.1,72340,<100 kb,tRNA-,3.0,0.6020599913279624
NZ_CP145621.1,72411,<100 kb,tRNA-,3.0,0.6020599913279624
NZ_CP145623.1,92405,<100 kb,tRNA-,5.0,0.7781512503836436
NZ_CP145629.1,99794,<100 kb,tRNA-,6.0,0.8450980400142568
NZ_CP145635.1,124123,≥100 kb,tRNA-,3.0,0.6020599913279624
NZ_CP145637.1,133043,≥100 kb,tRNA-,9.0,1.0
NZ_CP145638.1,86191,<100 kb,tRNA-,1.0,0.3010299956639812
NZ_CP145647.1,150486,≥100 kb,tRNA-,21.0,1.3424226808222062
NZ_CP145649.1,81794,<100 kb,tRNA-,5.0,0.7781512503836436
NZ_CP145656.1,140349,≥100 kb,tRNA-,10.0,1.0413926851582251
NZ_CP145658.1,126880,≥100 kb,tRNA-,7.0,0.9030899869919435
NZ_CP145664.1,90367,<100 kb,tRNA-,4.0,0.6989700043360189
NZ_CP145670.1,72484,<100 kb,tRNA-,3.0,0.6020599913279624
NZ_CP145672.1,166858,≥100 kb,tRNA-,9.0,1.0
NZ_CP145674.1,85155,<100 kb,tRNA-,3.0,0.6020599913279624
NZ_CP145680.1,113912,≥100 kb,tRNA-,6.0,0.8450980400142568
NZ_CP145681.1,113079,≥100 kb,tRNA+,2.0,0.47712125471966244
NZ_CP145684.1,102327,≥100 kb,tRNA-,11.0,1.0791812460476249
NZ_CP145690.1,117860,≥100 kb,tRNA-,13.0,1.146128035678238
NZ_CP145691.1,126176,≥100 kb,tRNA-,12.0,1.1139433523068367
NZ_CP145695.1,126176,≥100 kb,tRNA-,12.0,1.1139433523068367
NZ_CP145699.1,109837,≥100 kb,tRNA-,13.0,1.146128035678238
NZ_CP145701.1,145112,≥100 kb,tRNA-,18.0,1.2787536009528289
NZ_CP145704.1,145203,≥100 kb,tRNA-,9.0,1.0
NZ_CP145708.1,106483,≥100 kb,tRNA-,5.0,0.7781512503836436
NZ_CP145710.1,95144,<100 kb,tRNA-,3.0,0.6020599913279624
NZ_CP145715.1,200314,≥100 kb,tRNA-,7.0,0.9030899869919435
NZ_CP145716.1,66698,<100 kb,tRNA-,3.0,0.6020599913279624
NZ_CP146251.1,138594,≥100 kb,tRNA-,5.0,0.7781512503836436
NZ_CP146252.1,98998,<100 kb,tRNA-,3.0,0.6020599913279624
NZ_CP146572.1,122590,≥100 kb,tRNA-,9.0,1.0
NZ_CP146565.1,122589,≥100 kb,tRNA-,9.0,1.0
NZ_CP146590.1,115246,≥100 kb,tRNA-,4.0,0.6989700043360189
NZ_CP146589.1,107035,≥100 kb,tRNA-,2.0,0.47712125471966244
NZ_CP146587.1,59996,<100 kb,tRNA-,6.0,0.8450980400142568
NZ_CP146586.1,137533,≥100 kb,tRNA-,5.0,0.7781512503836436
NZ_CP146594.1,125903,≥100 kb,tRNA-,10.0,1.0413926851582251
NZ_CP146651.1,130698,≥100 kb,tRNA-,8.0,0.9542425094393249
NZ_CP146661.1,161662,≥100 kb,tRNA-,12.0,1.1139433523068367
NZ_CP146676.1,46078,<100 kb,tRNA-,6.0,0.8450980400142568
NZ_CP146671.1,86055,<100 kb,tRNA-,3.0,0.6020599913279624
NZ_CP146669.1,98999,<100 kb,tRNA-,3.0,0.6020599913279624
NZ_CP146680.1,97195,<100 kb,tRNA-,5.0,0.7781512503836436
NZ_CP146682.1,120515,≥100 kb,tRNA-,10.0,1.0413926851582251
NZ_CP146688.1,134947,≥100 kb,tRNA-,6.0,0.8450980400142568
NZ_CP146689.1,66790,<100 kb,tRNA-,5.0,0.7781512503836436
NZ_CP146584.1,48539,<100 kb,tRNA-,1.0,0.3010299956639812
NZ_CP146583.1,120344,≥100 kb,tRNA-,8.0,0.9542425094393249
NZ_CP146582.1,42502,<100 kb,tRNA-,2.0,0.47712125471966244
NZ_AP018396.1,219009,≥100 kb,tRNA-,2.0,0.47712125471966244
NZ_CP147010.1,108436,≥100 kb,tRNA-,4.0,0.6989700043360189
NZ_CP147531.1,85636,<100 kb,tRNA-,7.0,0.9030899869919435
NZ_CP147528.1,118641,≥100 kb,tRNA-,12.0,1.1139433523068367
NZ_CP147533.1,105752,≥100 kb,tRNA-,10.0,1.0413926851582251
NZ_CP147536.1,128727,≥100 kb,tRNA-,16.0,1.2304489213782739
NZ_CP147573.1,103988,≥100 kb,tRNA-,3.0,0.6020599913279624
NZ_CP147568.1,88168,<100 kb,tRNA-,3.0,0.6020599913279624
NZ_CP147569.1,134350,≥100 kb,tRNA-,3.0,0.6020599913279624
NZ_CP147575.1,103982,≥100 kb,tRNA-,3.0,0.6020599913279624
NZ_CP147562.1,105378,≥100 kb,tRNA-,7.0,0.9030899869919435
NZ_CP147560.1,105378,≥100 kb,tRNA-,7.0,0.9030899869919435
NZ_CP147564.1,105378,≥100 kb,tRNA-,7.0,0.9030899869919435
NZ_CP147566.1,69257,<100 kb,tRNA-,7.0,0.9030899869919435
NZ_CP147613.1,72146,<100 kb,tRNA-,3.0,0.6020599913279624
NZ_CP147615.1,140388,≥100 kb,tRNA-,1.0,0.3010299956639812
NZ_CP147617.1,169950,≥100 kb,tRNA-,7.0,0.9030899869919435
NZ_CP139178.1,160933,≥100 kb,tRNA-,36.0,1.568201724066995
NZ_CP139179.1,57902,<100 kb,tRNA-,6.0,0.8450980400142568
NZ_CP139180.1,36293,<100 kb,tRNA-,3.0,0.6020599913279624
NZ_CP139181.1,14435,<100 kb,tRNA-,4.0,0.6989700043360189
NZ_CP139183.1,86341,<100 kb,tRNA-,6.0,0.8450980400142568
NZ_CP139184.1,57902,<100 kb,tRNA-,6.0,0.8450980400142568
NZ_CP139185.1,27980,<100 kb,tRNA-,3.0,0.6020599913279624
NZ_CP148270.1,92350,<100 kb,tRNA-,11.0,1.0791812460476249
NZ_CP148278.1,92350,<100 kb,tRNA-,11.0,1.0791812460476249
NZ_CP148340.1,121418,≥100 kb,tRNA-,5.0,0.7781512503836436
NZ_CP148376.1,88569,<100 kb,tRNA-,10.0,1.0413926851582251
NZ_CP148388.1,18207,<100 kb,tRNA-,5.0,0.7781512503836436
NZ_CP148406.1,109058,≥100 kb,tRNA-,3.0,0.6020599913279624
NZ_CP148418.1,93084,<100 kb,tRNA-,7.0,0.9030899869919435
NZ_CP148436.1,94229,<100 kb,tRNA-,7.0,0.9030899869919435
NZ_CP148441.1,141648,≥100 kb,tRNA-,8.0,0.9542425094393249
NZ_CP148448.1,60769,<100 kb,tRNA-,3.0,0.6020599913279624
NZ_CP148454.1,80176,<100 kb,tRNA-,5.0,0.7781512503836436
NZ_CP148455.1,70041,<100 kb,tRNA-,6.0,0.8450980400142568
NZ_CP148462.1,134750,≥100 kb,tRNA-,8.0,0.9542425094393249
NZ_CP148464.1,135576,≥100 kb,tRNA-,8.0,0.9542425094393249
NZ_CP148465.1,98504,<100 kb,tRNA-,7.0,0.9030899869919435
NZ_CP148468.1,98504,<100 kb,tRNA-,7.0,0.9030899869919435
NZ_CP148494.1,142496,≥100 kb,tRNA-,8.0,0.9542425094393249
NZ_CP148508.1,119059,≥100 kb,tRNA-,6.0,0.8450980400142568
NZ_CP148509.1,77526,<100 kb,tRNA-,5.0,0.7781512503836436
NZ_CP148987.1,145399,≥100 kb,tRNA-,6.0,0.8450980400142568
NZ_CP149451.1,160933,≥100 kb,tRNA-,36.0,1.568201724066995
NZ_CP149452.1,57902,<100 kb,tRNA-,6.0,0.8450980400142568
NZ_CP149453.1,36293,<100 kb,tRNA-,3.0,0.6020599913279624
NZ_CP149450.1,172459,≥100 kb,tRNA-,1.0,0.3010299956639812
NZ_CP149795.1,75355,<100 kb,tRNA-,5.0,0.7781512503836436
NZ_CP148585.1,55571,<100 kb,tRNA-,3.0,0.6020599913279624
NZ_CP149814.1,46569,<100 kb,tRNA-,6.0,0.8450980400142568
NZ_CP149816.1,180964,≥100 kb,tRNA-,9.0,1.0
NZ_CP149968.1,116513,≥100 kb,tRNA-,7.0,0.9030899869919435
NZ_CP149970.1,47227,<100 kb,tRNA-,3.0,0.6020599913279624
NZ_CP149969.1,65846,<100 kb,tRNA-,2.0,0.47712125471966244
NZ_CP150995.1,125705,≥100 kb,tRNA-,9.0,1.0
NZ_CP150997.1,87837,<100 kb,tRNA-,5.0,0.7781512503836436
NZ_CP150991.1,89140,<100 kb,tRNA-,3.0,0.6020599913279624
NZ_CP151001.1,246353,≥100 kb,tRNA-,11.0,1.0791812460476249
NZ_CP151002.1,18413,<100 kb,tRNA-,3.0,0.6020599913279624
NZ_CP147082.1,123573,≥100 kb,tRNA-,20.0,1.3222192947339193
NZ_CP147085.1,162069,≥100 kb,tRNA-,2.0,0.47712125471966244
NZ_CP147089.1,47871,<100 kb,tRNA-,1.0,0.3010299956639812
NZ_CP147091.1,4270,<100 kb,tRNA-,1.0,0.3010299956639812
NZ_CP147098.1,114265,≥100 kb,tRNA-,6.0,0.8450980400142568
NZ_CP147097.1,41491,<100 kb,tRNA-,2.0,0.47712125471966244
NZ_CP147102.1,130264,≥100 kb,tRNA-,7.0,0.9030899869919435
NZ_CP147103.1,95879,<100 kb,tRNA-,2.0,0.47712125471966244
NZ_CP147106.1,131602,≥100 kb,tRNA-,7.0,0.9030899869919435
NZ_CP147107.1,95550,<100 kb,tRNA-,2.0,0.47712125471966244
NZ_CP147115.1,4270,<100 kb,tRNA-,1.0,0.3010299956639812
NZ_CP147126.1,140174,≥100 kb,tRNA-,7.0,0.9030899869919435
NZ_CP147128.1,70144,<100 kb,tRNA-,1.0,0.3010299956639812
NZ_CP147134.1,6657,<100 kb,tRNA-,1.0,0.3010299956639812
NZ_CP147070.1,143870,≥100 kb,tRNA-,15.0,1.2041199826559248
NZ_CP147068.1,81100,<100 kb,tRNA-,3.0,0.6020599913279624
NZ_CP147064.1,63327,<100 kb,tRNA-,4.0,0.6989700043360189
NZ_CP147060.1,100666,≥100 kb,tRNA-,7.0,0.9030899869919435
NZ_CP147054.1,43766,<100 kb,tRNA-,1.0,0.3010299956639812
NZ_CP147051.1,50257,<100 kb,tRNA-,5.0,0.7781512503836436
NZ_CP147049.1,125807,≥100 kb,tRNA-,18.0,1.2787536009528289
NZ_CP147039.1,140764,≥100 kb,tRNA-,3.0,0.6020599913279624
NZ_CP147040.1,48446,<100 kb,tRNA-,7.0,0.9030899869919435
NZ_CP147033.1,100207,≥100 kb,tRNA-,14.0,1.1760912590556813
NZ_CP147052.1,65333,<100 kb,tRNA-,3.0,0.6020599913279624
NZ_CP131687.1,82641,<100 kb,tRNA-,6.0,0.8450980400142568
NZ_CP131688.1,78393,<100 kb,tRNA-,3.0,0.6020599913279624
NZ_CP131689.1,74309,<100 kb,tRNA-,2.0,0.47712125471966244
NZ_CP157328.1,110062,≥100 kb,tRNA-,9.0,1.0
NZ_CP157235.1,93982,<100 kb,tRNA-,8.0,0.9542425094393249
NZ_CP157244.1,140367,≥100 kb,tRNA-,12.0,1.1139433523068367
NZ_CP157247.1,6200,<100 kb,tRNA-,3.0,0.6020599913279624
NZ_CP106955.1,152423,≥100 kb,tRNA-,13.0,1.146128035678238
NZ_CP106956.1,37068,<100 kb,tRNA-,2.0,0.47712125471966244
NZ_CP106957.1,36286,<100 kb,tRNA-,3.0,0.6020599913279624
NZ_CP166436.1,141938,≥100 kb,tRNA-,13.0,1.146128035678238
NZ_CP147076.1,120365,≥100 kb,tRNA-,12.0,1.1139433523068367
NZ_CP155524.1,235820,≥100 kb,tRNA-,9.0,1.0
NZ_CP155525.1,141178,≥100 kb,tRNA-,7.0,0.9030899869919435
NZ_CP155556.1,286601,≥100 kb,tRNA-,14.0,1.1760912590556813
NZ_CP065204.1,148225,≥100 kb,tRNA-,13.0,1.146128035678238
NZ_CP156719.1,46657,<100 kb,tRNA-,4.0,0.6989700043360189
NZ_CP157105.1,103918,≥100 kb,tRNA-,1.0,0.3010299956639812
NZ_CP157091.1,103913,≥100 kb,tRNA-,1.0,0.3010299956639812
NZ_CP157097.1,97141,<100 kb,tRNA-,1.0,0.3010299956639812
NZ_CP157157.1,94273,<100 kb,tRNA-,3.0,0.6020599913279624
NZ_CP157111.1,233671,≥100 kb,tRNA-,5.0,0.7781512503836436
NZ_CP157154.1,68631,<100 kb,tRNA-,4.0,0.6989700043360189
NZ_CP157163.1,171887,≥100 kb,tRNA-,17.0,1.255272505103306
NZ_CP157166.1,45989,<100 kb,tRNA-,4.0,0.6989700043360189
NZ_CP157326.2,360666,≥100 kb,tRNA-,4.0,0.6989700043360189
NZ_CP157673.1,124906,≥100 kb,tRNA-,6.0,0.8450980400142568
NZ_CP157956.1,259813,≥100 kb,tRNA-,14.0,1.1760912590556813
NZ_CP157957.1,207238,≥100 kb,tRNA-,19.0,1.3010299956639813
NZ_CP157959.1,145662,≥100 kb,tRNA-,7.0,0.9030899869919435
NZ_CP158113.1,101285,≥100 kb,tRNA-,13.0,1.146128035678238
NZ_CP158115.1,64627,<100 kb,tRNA-,1.0,0.3010299956639812
NZ_CP158183.1,230088,≥100 kb,tRNA-,11.0,1.0791812460476249
NZ_CP158184.1,153142,≥100 kb,tRNA-,10.0,1.0413926851582251
NZ_CP158185.1,128094,≥100 kb,tRNA-,1.0,0.3010299956639812
NZ_CP158188.1,145033,≥100 kb,tRNA-,13.0,1.146128035678238
NZ_CP158189.1,94734,<100 kb,tRNA-,7.0,0.9030899869919435
NZ_CP158276.1,112434,≥100 kb,tRNA-,6.0,0.8450980400142568
NZ_CP158277.1,102665,≥100 kb,tRNA-,12.0,1.1139433523068367
NZ_CP158313.1,138334,≥100 kb,tRNA-,21.0,1.3424226808222062
NZ_CP158312.1,113704,≥100 kb,tRNA-,9.0,1.0
NZ_CP158309.1,113754,≥100 kb,tRNA-,10.0,1.0413926851582251
NZ_CP158352.1,159816,≥100 kb,tRNA-,12.0,1.1139433523068367
NZ_CP158350.1,90516,<100 kb,tRNA-,12.0,1.1139433523068367
NZ_CP158354.1,130696,≥100 kb,tRNA-,6.0,0.8450980400142568
NZ_CP158355.1,124304,≥100 kb,tRNA+,9.0,1.0
NZ_CP158356.1,51004,<100 kb,tRNA-,6.0,0.8450980400142568
NZ_CP158334.1,120763,≥100 kb,tRNA-,12.0,1.1139433523068367
NZ_CP158336.1,79938,<100 kb,tRNA-,7.0,0.9030899869919435
NZ_CP158337.1,48532,<100 kb,tRNA-,1.0,0.3010299956639812
NZ_CP158330.1,153277,≥100 kb,tRNA-,33.0,1.5314789170422551
NZ_CP158332.1,53292,<100 kb,tRNA-,6.0,0.8450980400142568
NZ_CP158339.1,120676,≥100 kb,tRNA-,12.0,1.1139433523068367
NZ_CP158342.1,74031,<100 kb,tRNA-,4.0,0.6989700043360189
NZ_CP158343.1,48532,<100 kb,tRNA-,1.0,0.3010299956639812
NZ_CP158345.1,151761,≥100 kb,tRNA-,17.0,1.255272505103306
NZ_CP158347.1,71142,<100 kb,tRNA-,2.0,0.47712125471966244
NZ_CP158319.1,120763,≥100 kb,tRNA-,12.0,1.1139433523068367
NZ_CP158320.1,93452,<100 kb,tRNA-,13.0,1.146128035678238
NZ_CP158321.1,53292,<100 kb,tRNA-,6.0,0.8450980400142568
NZ_CP158322.1,48532,<100 kb,tRNA-,1.0,0.3010299956639812
NZ_CP158324.1,120754,≥100 kb,tRNA-,12.0,1.1139433523068367
NZ_CP158326.1,93452,<100 kb,tRNA-,13.0,1.146128035678238
NZ_CP158327.1,53292,<100 kb,tRNA-,6.0,0.8450980400142568
NZ_CP158328.1,48532,<100 kb,tRNA-,1.0,0.3010299956639812
NZ_CP158448.1,97848,<100 kb,tRNA-,3.0,0.6020599913279624
NZ_CP158506.1,136595,≥100 kb,tRNA-,5.0,0.7781512503836436
NZ_CP158504.1,201698,≥100 kb,tRNA-,25.0,1.414973347970818
NZ_CP180608.1,138120,≥100 kb,tRNA-,5.0,0.7781512503836436
NZ_CP180605.1,136837,≥100 kb,tRNA-,3.0,0.6020599913279624
NZ_CP180606.1,29386,<100 kb,tRNA-,3.0,0.6020599913279624
NZ_CP180610.1,131358,≥100 kb,tRNA-,5.0,0.7781512503836436
NZ_CP180598.1,110454,≥100 kb,tRNA-,7.0,0.9030899869919435
NZ_CP180599.1,72274,<100 kb,tRNA-,5.0,0.7781512503836436
NZ_CP180601.1,95218,<100 kb,tRNA-,10.0,1.0413926851582251
NZ_CP159119.1,140985,≥100 kb,tRNA-,10.0,1.0413926851582251
NZ_CP159136.1,224986,≥100 kb,tRNA-,17.0,1.255272505103306
NZ_CP159140.1,42020,<100 kb,tRNA-,6.0,0.8450980400142568
NZ_CP159148.1,142904,≥100 kb,tRNA-,9.0,1.0
NZ_CP159150.1,149748,≥100 kb,tRNA-,1.0,0.3010299956639812
NZ_CP159151.1,143633,≥100 kb,tRNA+,15.0,1.2041199826559248
NZ_CP151935.1,17372,<100 kb,tRNA-,1.0,0.3010299956639812
NZ_CP156664.1,96210,<100 kb,tRNA-,10.0,1.0413926851582251
NZ_CP156815.1,126076,≥100 kb,tRNA-,12.0,1.1139433523068367
NZ_CP156816.1,104161,≥100 kb,tRNA-,10.0,1.0413926851582251
NZ_CP156814.1,252734,≥100 kb,tRNA-,7.0,0.9030899869919435
NZ_CP156708.1,96209,<100 kb,tRNA-,10.0,1.0413926851582251
NZ_CP159695.1,155962,≥100 kb,tRNA-,11.0,1.0791812460476249
NZ_CP159696.1,48678,<100 kb,tRNA-,2.0,0.47712125471966244
NZ_CP159702.1,41069,<100 kb,tRNA-,5.0,0.7781512503836436
NZ_CP159749.1,139151,≥100 kb,tRNA-,13.0,1.146128035678238
NZ_CP159754.1,72350,<100 kb,tRNA-,7.0,0.9030899869919435
NZ_CP159915.1,109106,≥100 kb,tRNA-,10.0,1.0413926851582251
NZ_CP159914.1,36805,<100 kb,tRNA-,6.0,0.8450980400142568
NZ_CP160026.1,84521,<100 kb,tRNA-,7.0,0.9030899869919435
NZ_CP160028.1,56994,<100 kb,tRNA-,6.0,0.8450980400142568
NZ_CP138233.1,135594,≥100 kb,tRNA-,13.0,1.146128035678238
NZ_CP160469.1,125967,≥100 kb,tRNA-,18.0,1.2787536009528289
NZ_CP144892.1,65406,<100 kb,tRNA-,2.0,0.47712125471966244
NZ_CP144887.1,64722,<100 kb,tRNA-,2.0,0.47712125471966244
NZ_CP144886.1,76697,<100 kb,tRNA-,7.0,0.9030899869919435
NZ_CP157263.1,8273,<100 kb,tRNA-,3.0,0.6020599913279624
NZ_CP160644.1,137057,≥100 kb,tRNA-,20.0,1.3222192947339193
NZ_CP161339.1,77745,<100 kb,tRNA-,9.0,1.0
NZ_CP162306.1,92550,<100 kb,tRNA-,7.0,0.9030899869919435
NZ_CP162408.1,48552,<100 kb,tRNA-,1.0,0.3010299956639812
NZ_CP162409.1,128762,≥100 kb,tRNA-,15.0,1.2041199826559248
NZ_CP146891.1,156101,≥100 kb,tRNA-,13.0,1.146128035678238
NZ_CP146894.1,156101,≥100 kb,tRNA-,13.0,1.146128035678238
NZ_CP162604.1,128763,≥100 kb,tRNA-,14.0,1.1760912590556813
NZ_CP162605.1,48552,<100 kb,tRNA-,1.0,0.3010299956639812
NZ_CP162988.1,170915,≥100 kb,tRNA-,8.0,0.9542425094393249
NZ_CP162989.1,103541,≥100 kb,tRNA-,1.0,0.3010299956639812
NZ_CP163030.1,111963,≥100 kb,tRNA+,1.0,0.3010299956639812
NZ_CP163031.1,95914,<100 kb,tRNA-,11.0,1.0791812460476249
NZ_CP163043.1,112826,≥100 kb,tRNA-,4.0,0.6989700043360189
NZ_CP163068.1,105429,≥100 kb,tRNA-,5.0,0.7781512503836436
NZ_CP163070.1,46080,<100 kb,tRNA-,6.0,0.8450980400142568
NZ_CP163123.1,137609,≥100 kb,tRNA-,15.0,1.2041199826559248
NZ_CP163124.1,98079,<100 kb,tRNA-,2.0,0.47712125471966244
NZ_CP163125.1,41190,<100 kb,tRNA-,4.0,0.6989700043360189
NZ_CP163133.1,156652,≥100 kb,tRNA-,26.0,1.4313637641589874
NZ_CP163134.1,91115,<100 kb,tRNA-,5.0,0.7781512503836436
NZ_CP163135.1,85718,<100 kb,tRNA-,8.0,0.9542425094393249
NZ_CP163136.1,30053,<100 kb,tRNA-,1.0,0.3010299956639812
NZ_CP146021.1,115297,≥100 kb,tRNA-,9.0,1.0
NZ_CP158676.1,94064,<100 kb,tRNA-,4.0,0.6989700043360189
NZ_CP165738.1,147593,≥100 kb,tRNA-,23.0,1.380211241711606
NZ_CP166187.1,52505,<100 kb,tRNA-,7.0,0.9030899869919435
NZ_CP166189.1,169223,≥100 kb,tRNA-,18.0,1.2787536009528289
NZ_CP166193.1,12400,<100 kb,tRNA-,6.0,0.8450980400142568
NZ_CP158425.1,238073,≥100 kb,tRNA-,14.0,1.1760912590556813
NZ_CP158427.1,147848,≥100 kb,tRNA-,20.0,1.3222192947339193
NZ_CP158431.1,251411,≥100 kb,tRNA-,14.0,1.1760912590556813
NZ_CP158430.1,178896,≥100 kb,tRNA+,4.0,0.6989700043360189
NZ_CP158433.1,138329,≥100 kb,tRNA-,8.0,0.9542425094393249
NZ_CP158434.1,96964,<100 kb,tRNA-,9.0,1.0
NZ_CP158440.1,118285,≥100 kb,tRNA-,12.0,1.1139433523068367
NZ_CP158439.1,53815,<100 kb,tRNA-,5.0,0.7781512503836436
NZ_CP100877.1,109635,≥100 kb,tRNA-,9.0,1.0
NZ_CP100878.1,91816,<100 kb,tRNA-,6.0,0.8450980400142568
NZ_CP100880.1,270492,≥100 kb,tRNA-,12.0,1.1139433523068367
NZ_CP100881.1,109727,≥100 kb,tRNA-,6.0,0.8450980400142568
NZ_CP100882.1,61211,<100 kb,tRNA-,1.0,0.3010299956639812
NZ_CP100884.1,304596,≥100 kb,tRNA-,3.0,0.6020599913279624
NZ_CP100885.1,245798,≥100 kb,tRNA-,17.0,1.255272505103306
NZ_CP100887.1,117713,≥100 kb,tRNA-,6.0,0.8450980400142568
NZ_CP100888.1,41376,<100 kb,tRNA-,3.0,0.6020599913279624
NZ_CP100891.1,263237,≥100 kb,tRNA-,15.0,1.2041199826559248
NZ_CP100892.1,141791,≥100 kb,tRNA-,9.0,1.0
NZ_CP100896.1,273522,≥100 kb,tRNA-,14.0,1.1760912590556813
NZ_CP100898.1,89471,<100 kb,tRNA-,1.0,0.3010299956639812
NZ_CP100899.1,78789,<100 kb,tRNA-,3.0,0.6020599913279624
NZ_CP100902.1,275284,≥100 kb,tRNA-,12.0,1.1139433523068367
NZ_CP100903.1,100385,≥100 kb,tRNA-,6.0,0.8450980400142568
NZ_CP100904.1,94159,<100 kb,tRNA-,1.0,0.3010299956639812
NZ_CP100905.1,49958,<100 kb,tRNA-,6.0,0.8450980400142568
NZ_CP101015.1,271690,≥100 kb,tRNA-,15.0,1.2041199826559248
NZ_CP101016.1,80707,<100 kb,tRNA-,2.0,0.47712125471966244
NZ_CP100907.1,92696,<100 kb,tRNA-,4.0,0.6989700043360189
NZ_CP100908.1,76980,<100 kb,tRNA-,3.0,0.6020599913279624
NZ_CP100910.1,301613,≥100 kb,tRNA-,4.0,0.6989700043360189
NZ_CP100911.1,140169,≥100 kb,tRNA-,6.0,0.8450980400142568
NZ_CP100912.1,83522,<100 kb,tRNA-,6.0,0.8450980400142568
NZ_CP100915.1,131149,≥100 kb,tRNA-,8.0,0.9542425094393249
NZ_CP100917.1,56717,<100 kb,tRNA-,16.0,1.2304489213782739
NZ_CP100919.1,227539,≥100 kb,tRNA-,9.0,1.0
NZ_CP100920.1,109189,≥100 kb,tRNA-,6.0,0.8450980400142568
NZ_CP100923.1,248607,≥100 kb,tRNA-,13.0,1.146128035678238
NZ_CP100924.1,95224,<100 kb,tRNA-,2.0,0.47712125471966244
NZ_CP100928.1,198662,≥100 kb,tRNA-,29.0,1.4771212547196624
NZ_CP100931.1,78988,<100 kb,tRNA-,7.0,0.9030899869919435
NZ_CP100932.1,75503,<100 kb,tRNA-,5.0,0.7781512503836436
NZ_CP100934.1,170995,≥100 kb,tRNA-,23.0,1.380211241711606
NZ_CP100935.1,123419,≥100 kb,tRNA-,8.0,0.9542425094393249
NZ_CP100937.1,252113,≥100 kb,tRNA+,20.0,1.3222192947339193
NZ_CP100938.1,109626,≥100 kb,tRNA-,4.0,0.6989700043360189
NZ_CP100942.1,100325,≥100 kb,tRNA-,4.0,0.6989700043360189
NZ_CP100943.1,77659,<100 kb,tRNA-,13.0,1.146128035678238
NZ_CP100945.1,143378,≥100 kb,tRNA-,5.0,0.7781512503836436
NZ_CP100946.1,100354,≥100 kb,tRNA-,10.0,1.0413926851582251
NZ_CP100948.1,105575,≥100 kb,tRNA-,8.0,0.9542425094393249
NZ_CP100949.1,93487,<100 kb,tRNA-,9.0,1.0
NZ_CP100951.1,120484,≥100 kb,tRNA-,6.0,0.8450980400142568
NZ_CP100955.1,256992,≥100 kb,tRNA-,12.0,1.1139433523068367
NZ_CP100956.1,97570,<100 kb,tRNA-,9.0,1.0
NZ_CP100959.1,276836,≥100 kb,tRNA-,12.0,1.1139433523068367
NZ_CP100960.1,98223,<100 kb,tRNA-,3.0,0.6020599913279624
NZ_CP100961.1,96867,<100 kb,tRNA-,5.0,0.7781512503836436
NZ_CP100963.1,266709,≥100 kb,tRNA-,10.0,1.0413926851582251
NZ_CP100964.1,92967,<100 kb,tRNA-,4.0,0.6989700043360189
NZ_CP100965.1,85393,<100 kb,tRNA+,8.0,0.9542425094393249
NZ_CP100967.1,323994,≥100 kb,tRNA+,16.0,1.2304489213782739
NZ_CP100968.1,117707,≥100 kb,tRNA-,10.0,1.0413926851582251
NZ_CP100969.1,92988,<100 kb,tRNA-,7.0,0.9030899869919435
NZ_CP100975.1,97874,<100 kb,tRNA-,5.0,0.7781512503836436
NZ_CP100976.1,93487,<100 kb,tRNA-,6.0,0.8450980400142568
NZ_CP100979.1,180480,≥100 kb,tRNA-,12.0,1.1139433523068367
NZ_CP100980.1,95185,<100 kb,tRNA-,2.0,0.47712125471966244
NZ_CP100982.1,304974,≥100 kb,tRNA-,19.0,1.3010299956639813
NZ_CP100984.1,92980,<100 kb,tRNA-,3.0,0.6020599913279624
NZ_CP100988.1,306303,≥100 kb,tRNA-,2.0,0.47712125471966244
NZ_CP100990.1,116282,≥100 kb,tRNA-,3.0,0.6020599913279624
NZ_CP100992.1,78771,<100 kb,tRNA-,6.0,0.8450980400142568
NZ_CP100993.1,47229,<100 kb,tRNA-,6.0,0.8450980400142568
NZ_CP100995.1,88760,<100 kb,tRNA-,8.0,0.9542425094393249
NZ_CP100998.1,82420,<100 kb,tRNA-,5.0,0.7781512503836436
NZ_CP100999.1,82245,<100 kb,tRNA-,2.0,0.47712125471966244
NZ_CP101000.1,51803,<100 kb,tRNA-,2.0,0.47712125471966244
NZ_CP101002.1,306446,≥100 kb,tRNA-,19.0,1.3010299956639813
NZ_CP101003.1,65676,<100 kb,tRNA-,5.0,0.7781512503836436
NZ_CP101004.1,55600,<100 kb,tRNA-,6.0,0.8450980400142568
NZ_CP101006.1,301818,≥100 kb,tRNA-,15.0,1.2041199826559248
NZ_CP101007.1,98569,<100 kb,tRNA-,4.0,0.6989700043360189
NZ_CP101008.1,50234,<100 kb,tRNA-,1.0,0.3010299956639812
NZ_CP101009.1,10511,<100 kb,tRNA-,1.0,0.3010299956639812
NZ_CP101011.1,235624,≥100 kb,tRNA-,9.0,1.0
NZ_CP101013.1,65556,<100 kb,tRNA-,3.0,0.6020599913279624
NZ_CP166756.1,77772,<100 kb,tRNA-,3.0,0.6020599913279624
NZ_CP166761.1,169206,≥100 kb,tRNA-,18.0,1.2787536009528289
NZ_CP166763.1,100021,≥100 kb,tRNA-,1.0,0.3010299956639812
NZ_CP166765.1,194888,≥100 kb,tRNA-,21.0,1.3424226808222062
NZ_CP166766.1,65498,<100 kb,tRNA-,2.0,0.47712125471966244
NZ_CP166767.1,48526,<100 kb,tRNA-,1.0,0.3010299956639812
NZ_CP166768.1,100032,≥100 kb,tRNA-,1.0,0.3010299956639812
NZ_CP168038.1,114565,≥100 kb,tRNA-,5.0,0.7781512503836436
NZ_CP168037.1,119750,≥100 kb,tRNA-,16.0,1.2304489213782739
NZ_CP168036.1,195799,≥100 kb,tRNA-,8.0,0.9542425094393249
NZ_CP168040.1,51479,<100 kb,tRNA-,3.0,0.6020599913279624
NZ_CP168042.1,5920,<100 kb,tRNA-,1.0,0.3010299956639812
NZ_CP163453.1,131993,≥100 kb,tRNA-,15.0,1.2041199826559248
NZ_CP168982.1,176834,≥100 kb,tRNA-,6.0,0.8450980400142568
NZ_CP168999.1,266559,≥100 kb,tRNA-,9.0,1.0
NZ_CP168986.1,46950,<100 kb,tRNA-,9.0,1.0
NZ_CP168992.1,231149,≥100 kb,tRNA-,2.0,0.47712125471966244
NZ_CP169014.1,129291,≥100 kb,tRNA-,10.0,1.0413926851582251
NZ_CP169015.1,125075,≥100 kb,tRNA-,8.0,0.9542425094393249
NZ_CP169017.1,66893,<100 kb,tRNA-,2.0,0.47712125471966244
NZ_CP169019.1,167836,≥100 kb,tRNA-,12.0,1.1139433523068367
NZ_CP169020.1,99368,<100 kb,tRNA-,2.0,0.47712125471966244
NZ_CP169027.1,152534,≥100 kb,tRNA-,11.0,1.0791812460476249
NZ_CP169225.1,150123,≥100 kb,tRNA-,9.0,1.0
NZ_CP169226.1,110648,≥100 kb,tRNA+,1.0,0.3010299956639812
NZ_CP169227.1,106531,≥100 kb,tRNA-,2.0,0.47712125471966244
NZ_CP169228.1,95921,<100 kb,tRNA+,6.0,0.8450980400142568
NZ_CP169030.1,205294,≥100 kb,tRNA-,1.0,0.3010299956639812
NZ_CP169756.1,150608,≥100 kb,tRNA-,4.0,0.6989700043360189
NZ_CP160189.1,104731,≥100 kb,tRNA-,17.0,1.255272505103306
NZ_CP160190.1,45619,<100 kb,tRNA-,6.0,0.8450980400142568
NZ_CP151644.1,136398,≥100 kb,tRNA-,11.0,1.0791812460476249
NZ_CP171638.1,323922,≥100 kb,tRNA-,13.0,1.146128035678238
NZ_CP171866.1,80201,<100 kb,tRNA-,1.0,0.3010299956639812
NZ_CP171867.1,63656,<100 kb,tRNA-,1.0,0.3010299956639812
NZ_CP171868.1,46569,<100 kb,tRNA-,6.0,0.8450980400142568
NZ_CP171870.1,82203,<100 kb,tRNA-,4.0,0.6989700043360189
NZ_CP171871.1,63079,<100 kb,tRNA-,1.0,0.3010299956639812
NZ_CP171872.1,60011,<100 kb,tRNA-,5.0,0.7781512503836436
NZ_CP171873.1,46569,<100 kb,tRNA-,6.0,0.8450980400142568
NZ_CP171875.1,80201,<100 kb,tRNA-,1.0,0.3010299956639812
NZ_CP171876.1,63656,<100 kb,tRNA-,1.0,0.3010299956639812
NZ_CP171877.1,59969,<100 kb,tRNA-,5.0,0.7781512503836436
NZ_CP171878.1,46569,<100 kb,tRNA-,6.0,0.8450980400142568
NZ_CP172109.1,128880,≥100 kb,tRNA-,13.0,1.146128035678238
NZ_CP172112.1,132736,≥100 kb,tRNA-,3.0,0.6020599913279624
NZ_CP172113.1,88906,<100 kb,tRNA-,8.0,0.9542425094393249
NZ_CP172129.1,144444,≥100 kb,tRNA-,4.0,0.6989700043360189
NZ_CP172130.1,44355,<100 kb,tRNA-,5.0,0.7781512503836436
NZ_CP172137.1,46799,<100 kb,tRNA-,1.0,0.3010299956639812
NZ_CP172154.1,89411,<100 kb,tRNA-,4.0,0.6989700043360189
NZ_CP172166.1,35764,<100 kb,tRNA-,3.0,0.6020599913279624
NZ_CP172176.1,92261,<100 kb,tRNA-,1.0,0.3010299956639812
NZ_CP172177.1,70509,<100 kb,tRNA-,5.0,0.7781512503836436
NZ_CP172183.1,93223,<100 kb,tRNA-,7.0,0.9030899869919435
NZ_CP172184.1,92018,<100 kb,tRNA-,1.0,0.3010299956639812
NZ_CP172187.1,100879,≥100 kb,tRNA-,8.0,0.9542425094393249
NZ_CP172197.1,107429,≥100 kb,tRNA-,3.0,0.6020599913279624
NZ_CP172204.1,152364,≥100 kb,tRNA-,4.0,0.6989700043360189
NZ_CP172205.1,110607,≥100 kb,tRNA-,4.0,0.6989700043360189
NZ_CP172209.1,152355,≥100 kb,tRNA-,4.0,0.6989700043360189
NZ_CP172210.1,110607,≥100 kb,tRNA-,4.0,0.6989700043360189
NZ_CP172213.1,152355,≥100 kb,tRNA-,4.0,0.6989700043360189
NZ_CP172214.1,110607,≥100 kb,tRNA-,4.0,0.6989700043360189
NZ_CP172220.1,88613,<100 kb,tRNA-,1.0,0.3010299956639812
NZ_CP172141.1,154188,≥100 kb,tRNA-,8.0,0.9542425094393249
NZ_CP172142.1,46799,<100 kb,tRNA-,1.0,0.3010299956639812
NZ_CP172869.1,119946,≥100 kb,tRNA-,3.0,0.6020599913279624
NZ_CP172870.1,120624,≥100 kb,tRNA-,9.0,1.0
NZ_CP118682.1,99605,<100 kb,tRNA+,1.0,0.3010299956639812
NZ_CP118683.1,42837,<100 kb,tRNA-,6.0,0.8450980400142568
NZ_CP173471.1,47725,<100 kb,tRNA-,5.0,0.7781512503836436
NZ_CP173474.1,96491,<100 kb,tRNA-,16.0,1.2304489213782739
NZ_CP173443.1,50702,<100 kb,tRNA-,1.0,0.3010299956639812
NZ_CP173444.1,120321,≥100 kb,tRNA-,9.0,1.0
NZ_CP173478.1,112752,≥100 kb,tRNA-,8.0,0.9542425094393249
NZ_CP173476.1,61792,<100 kb,tRNA-,1.0,0.3010299956639812
NZ_CP173439.1,124559,≥100 kb,tRNA-,1.0,0.3010299956639812
NZ_CP173440.1,353276,≥100 kb,tRNA-,15.0,1.2041199826559248
NZ_CP173467.1,45178,<100 kb,tRNA-,5.0,0.7781512503836436
NZ_CP173469.1,122004,≥100 kb,tRNA-,10.0,1.0413926851582251
NZ_CP173468.1,12402,<100 kb,tRNA-,5.0,0.7781512503836436
NZ_CP173441.1,128762,≥100 kb,tRNA-,15.0,1.2041199826559248
NZ_CP173449.1,46408,<100 kb,tRNA-,1.0,0.3010299956639812
NZ_CP173447.1,22578,<100 kb,tRNA-,1.0,0.3010299956639812
NZ_CP173568.1,100204,≥100 kb,tRNA-,17.0,1.255272505103306
NZ_CP173597.1,101585,≥100 kb,tRNA-,18.0,1.2787536009528289
NZ_CP173595.1,90680,<100 kb,tRNA-,9.0,1.0
NZ_CP173563.1,128763,≥100 kb,tRNA-,15.0,1.2041199826559248
NZ_CP173572.1,112747,≥100 kb,tRNA-,8.0,0.9542425094393249
NZ_CP173571.1,61790,<100 kb,tRNA-,1.0,0.3010299956639812
NZ_CP173589.1,110042,≥100 kb,tRNA-,10.0,1.0413926851582251
NZ_CP173585.1,134327,≥100 kb,tRNA-,13.0,1.146128035678238
NZ_CP173586.1,104544,≥100 kb,tRNA-,11.0,1.0791812460476249
NZ_CP173584.1,119853,≥100 kb,tRNA-,19.0,1.3010299956639813
NZ_CP173583.1,63295,<100 kb,tRNA-,2.0,0.47712125471966244
NZ_CP173603.1,134266,≥100 kb,tRNA-,14.0,1.1760912590556813
NZ_CP173604.1,57545,<100 kb,tRNA-,4.0,0.6989700043360189
NZ_CP173599.1,128762,≥100 kb,tRNA-,15.0,1.2041199826559248
NZ_CP173490.1,54382,<100 kb,tRNA-,11.0,1.0791812460476249
NZ_CP173487.1,164388,≥100 kb,tRNA-,10.0,1.0413926851582251
NZ_CP173491.1,272740,≥100 kb,tRNA-,9.0,1.0
NZ_CP173488.1,57462,<100 kb,tRNA-,1.0,0.3010299956639812
NZ_CP173481.1,137619,≥100 kb,tRNA-,13.0,1.146128035678238
NZ_CP173483.1,129539,≥100 kb,tRNA-,15.0,1.2041199826559248
NZ_CP173510.1,105291,≥100 kb,tRNA-,17.0,1.255272505103306
NZ_CP173512.1,71828,<100 kb,tRNA-,1.0,0.3010299956639812
NZ_CP173511.1,42143,<100 kb,tRNA-,2.0,0.47712125471966244
NZ_CP173494.1,157225,≥100 kb,tRNA-,10.0,1.0413926851582251
NZ_CP173536.1,50661,<100 kb,tRNA-,1.0,0.3010299956639812
NZ_CP173535.1,120330,≥100 kb,tRNA-,10.0,1.0413926851582251
NZ_CP173538.1,129599,≥100 kb,tRNA-,15.0,1.2041199826559248
NZ_CP173526.1,42144,<100 kb,tRNA-,2.0,0.47712125471966244
NZ_CP173525.1,105127,≥100 kb,tRNA-,17.0,1.255272505103306
NZ_CP173523.1,71113,<100 kb,tRNA-,1.0,0.3010299956639812
NZ_CP173527.1,128829,≥100 kb,tRNA-,23.0,1.380211241711606
NZ_CP173529.1,92711,<100 kb,tRNA-,11.0,1.0791812460476249
NZ_CP173547.1,152602,≥100 kb,tRNA-,24.0,1.3979400086720377
NZ_CP173530.1,100502,≥100 kb,tRNA-,20.0,1.3222192947339193
NZ_CP173541.1,272512,≥100 kb,tRNA-,13.0,1.146128035678238
NZ_CP173558.1,170777,≥100 kb,tRNA-,20.0,1.3222192947339193
NZ_CP173559.1,45095,<100 kb,tRNA-,4.0,0.6989700043360189
NZ_CP173564.1,137619,≥100 kb,tRNA-,11.0,1.0791812460476249
NZ_CP173565.1,80595,<100 kb,tRNA-,6.0,0.8450980400142568
NZ_CP173550.1,77328,<100 kb,tRNA-,8.0,0.9542425094393249
NZ_CP173555.1,110742,≥100 kb,tRNA-,1.0,0.3010299956639812
NZ_CP173552.1,136867,≥100 kb,tRNA-,3.0,0.6020599913279624
NZ_CP173553.1,235486,≥100 kb,tRNA-,9.0,1.0
NZ_CP173461.1,132078,≥100 kb,tRNA-,9.0,1.0
NZ_CP104594.1,103138,≥100 kb,tRNA-,1.0,0.3010299956639812
NZ_CP118408.1,93036,<100 kb,tRNA-,3.0,0.6020599913279624
NZ_CP127326.1,106238,≥100 kb,tRNA-,3.0,0.6020599913279624
NZ_CP127329.1,72824,<100 kb,tRNA-,4.0,0.6989700043360189
NZ_CP127330.1,168612,≥100 kb,tRNA-,12.0,1.1139433523068367
NZ_CP133812.1,139558,≥100 kb,tRNA-,1.0,0.3010299956639812
NZ_CP133915.1,34504,<100 kb,tRNA-,1.0,0.3010299956639812
NZ_CP133914.1,89456,<100 kb,tRNA-,1.0,0.3010299956639812
NZ_CP139126.1,218363,≥100 kb,tRNA+,19.0,1.3010299956639813
NZ_CP139127.1,30871,<100 kb,tRNA-,4.0,0.6989700043360189
NZ_CP140467.1,27742,<100 kb,tRNA-,6.0,0.8450980400142568
NZ_CP140469.1,146950,≥100 kb,tRNA-,13.0,1.146128035678238
NZ_CP142926.1,118996,≥100 kb,tRNA-,10.0,1.0413926851582251
NZ_CP142944.1,120444,≥100 kb,tRNA-,9.0,1.0
NZ_CP142946.1,48552,<100 kb,tRNA-,1.0,0.3010299956639812
NZ_CP142947.1,6200,<100 kb,tRNA-,2.0,0.47712125471966244
NZ_CP174269.1,15959,<100 kb,tRNA-,4.0,0.6989700043360189
NZ_CP148499.1,100054,≥100 kb,tRNA-,2.0,0.47712125471966244
NZ_CP148500.1,46023,<100 kb,tRNA-,5.0,0.7781512503836436
NZ_CP148484.1,101383,≥100 kb,tRNA-,2.0,0.47712125471966244
NZ_CP148486.1,46023,<100 kb,tRNA-,5.0,0.7781512503836436
NZ_CP148477.1,44310,<100 kb,tRNA-,4.0,0.6989700043360189
NZ_CP148352.1,60486,<100 kb,tRNA-,1.0,0.3010299956639812
NZ_CP148353.1,35791,<100 kb,tRNA-,1.0,0.3010299956639812
NZ_CP148335.1,128012,≥100 kb,tRNA-,9.0,1.0
NZ_CP148333.1,18375,<100 kb,tRNA-,5.0,0.7781512503836436
NZ_CP150076.1,137940,≥100 kb,tRNA-,7.0,0.9030899869919435
NZ_CP150078.1,40935,<100 kb,tRNA-,4.0,0.6989700043360189
NZ_CP150077.1,66460,<100 kb,tRNA-,1.0,0.3010299956639812
NZ_CP157417.1,169208,≥100 kb,tRNA-,12.0,1.1139433523068367
NZ_CP157416.1,231954,≥100 kb,tRNA-,18.0,1.2787536009528289
NZ_CP157418.1,16023,<100 kb,tRNA-,3.0,0.6020599913279624
NZ_CP162200.1,136012,≥100 kb,tRNA-,9.0,1.0
NZ_CP162186.1,95643,<100 kb,tRNA-,3.0,0.6020599913279624
NZ_CP162187.1,82844,<100 kb,tRNA-,3.0,0.6020599913279624
NZ_CP162164.1,100491,≥100 kb,tRNA-,3.0,0.6020599913279624
NZ_CP162162.1,99581,<100 kb,tRNA-,7.0,0.9030899869919435
NZ_CP095796.1,157953,≥100 kb,tRNA-,14.0,1.1760912590556813
NZ_CP095799.1,209221,≥100 kb,tRNA-,11.0,1.0791812460476249
NZ_CP095802.1,157787,≥100 kb,tRNA-,13.0,1.146128035678238
NZ_CP095803.1,152101,≥100 kb,tRNA-,1.0,0.3010299956639812
NZ_CP095804.1,63623,<100 kb,tRNA-,1.0,0.3010299956639812
NZ_CP095817.1,161639,≥100 kb,tRNA-,21.0,1.3424226808222062
NZ_CP095818.1,107611,≥100 kb,tRNA-,9.0,1.0
NZ_CP095819.1,98288,<100 kb,tRNA-,2.0,0.47712125471966244
NZ_CP095831.1,167004,≥100 kb,tRNA-,16.0,1.2304489213782739
NZ_CP095835.1,4284,<100 kb,tRNA-,1.0,0.3010299956639812
NZ_CP095822.1,104057,≥100 kb,tRNA-,2.0,0.47712125471966244
NZ_CP095824.1,210044,≥100 kb,tRNA-,2.0,0.47712125471966244
NZ_CP095826.1,26357,<100 kb,tRNA-,4.0,0.6989700043360189
NZ_CP137163.1,144776,≥100 kb,tRNA-,8.0,0.9542425094393249
NZ_CP137165.1,77544,<100 kb,tRNA-,4.0,0.6989700043360189
NZ_CP142683.1,40779,<100 kb,tRNA-,5.0,0.7781512503836436
NZ_CP142681.1,76603,<100 kb,tRNA-,3.0,0.6020599913279624
NZ_CP142679.1,109871,≥100 kb,tRNA-,1.0,0.3010299956639812
NZ_CP142678.1,252870,≥100 kb,tRNA-,14.0,1.1760912590556813
NZ_CP142705.1,354983,≥100 kb,tRNA-,21.0,1.3424226808222062
NZ_CP142706.1,354983,≥100 kb,tRNA-,21.0,1.3424226808222062
NZ_CP142707.1,263549,≥100 kb,tRNA-,7.0,0.9030899869919435
NZ_CP142709.1,108982,≥100 kb,tRNA-,13.0,1.146128035678238
NZ_CP142920.1,120124,≥100 kb,tRNA-,12.0,1.1139433523068367
NZ_CP142922.1,48552,<100 kb,tRNA-,1.0,0.3010299956639812
NZ_CP175683.1,83313,<100 kb,tRNA-,13.0,1.146128035678238
NZ_CP175684.1,46161,<100 kb,tRNA-,3.0,0.6020599913279624
NZ_CP151003.1,63589,<100 kb,tRNA-,2.0,0.47712125471966244
NZ_CP151006.1,146466,≥100 kb,tRNA-,5.0,0.7781512503836436
NZ_CP151008.1,65499,<100 kb,tRNA-,2.0,0.47712125471966244
NZ_CP151010.1,144672,≥100 kb,tRNA-,4.0,0.6989700043360189
NZ_CP151012.1,65499,<100 kb,tRNA-,2.0,0.47712125471966244
NZ_CP151014.1,158119,≥100 kb,tRNA-,3.0,0.6020599913279624
NZ_CP151016.1,75900,<100 kb,tRNA-,4.0,0.6989700043360189
NZ_CP151022.1,6222,<100 kb,tRNA-,3.0,0.6020599913279624
NZ_CP151025.1,63589,<100 kb,tRNA-,2.0,0.47712125471966244
NZ_CP151031.1,121414,≥100 kb,tRNA-,9.0,1.0
NZ_CP151032.1,67188,<100 kb,tRNA-,2.0,0.47712125471966244
NZ_CP151033.1,63589,<100 kb,tRNA-,2.0,0.47712125471966244
NZ_CP151029.1,63589,<100 kb,tRNA-,2.0,0.47712125471966244
NZ_CP151044.1,63589,<100 kb,tRNA-,2.0,0.47712125471966244
NZ_CP151046.1,162520,≥100 kb,tRNA-,3.0,0.6020599913279624
NZ_CP151049.1,63589,<100 kb,tRNA-,2.0,0.47712125471966244
NZ_CP151051.1,155321,≥100 kb,tRNA-,8.0,0.9542425094393249
NZ_CP151054.1,63589,<100 kb,tRNA-,2.0,0.47712125471966244
NZ_CP151056.1,158348,≥100 kb,tRNA-,12.0,1.1139433523068367
NZ_CP151058.1,63589,<100 kb,tRNA-,2.0,0.47712125471966244
NZ_CP151060.1,158348,≥100 kb,tRNA-,12.0,1.1139433523068367
NZ_CP151062.1,63589,<100 kb,tRNA-,2.0,0.47712125471966244
NZ_CP151064.1,158348,≥100 kb,tRNA-,12.0,1.1139433523068367
NZ_CP151066.1,63589,<100 kb,tRNA-,2.0,0.47712125471966244
NZ_CP151068.1,63589,<100 kb,tRNA-,2.0,0.47712125471966244
NZ_CP151073.1,63589,<100 kb,tRNA-,2.0,0.47712125471966244
NZ_CP176052.1,147286,≥100 kb,tRNA-,14.0,1.1760912590556813
NZ_CP176058.1,4270,<100 kb,tRNA-,1.0,0.3010299956639812
NZ_CP176482.1,111048,≥100 kb,tRNA-,7.0,0.9030899869919435
NZ_CP176483.1,74736,<100 kb,tRNA-,7.0,0.9030899869919435
NZ_CP176486.1,81784,<100 kb,tRNA-,5.0,0.7781512503836436
NZ_CP176487.1,7872,<100 kb,tRNA-,2.0,0.47712125471966244
NZ_CP176491.1,63588,<100 kb,tRNA-,2.0,0.47712125471966244
NZ_CP142844.1,179563,≥100 kb,tRNA-,17.0,1.255272505103306
NZ_CP142793.1,98093,<100 kb,tRNA-,3.0,0.6020599913279624
NZ_CP142795.1,89566,<100 kb,tRNA-,8.0,0.9542425094393249
NZ_CP142796.1,65888,<100 kb,tRNA-,1.0,0.3010299956639812
NZ_CP142399.1,98136,<100 kb,tRNA-,3.0,0.6020599913279624
NZ_CP142401.1,89566,<100 kb,tRNA-,8.0,0.9542425094393249
NZ_CP142790.1,151517,≥100 kb,tRNA-,12.0,1.1139433523068367
NZ_CP176787.1,109702,≥100 kb,tRNA-,7.0,0.9030899869919435
NZ_CP175692.1,130753,≥100 kb,tRNA-,10.0,1.0413926851582251
NZ_CP175693.1,7872,<100 kb,tRNA-,2.0,0.47712125471966244
NZ_CP178205.1,122566,≥100 kb,tRNA-,3.0,0.6020599913279624
NZ_CP142071.1,154777,≥100 kb,tRNA-,8.0,0.9542425094393249
NZ_CP142072.1,81007,<100 kb,tRNA-,4.0,0.6989700043360189
NZ_CP142074.1,51479,<100 kb,tRNA-,3.0,0.6020599913279624
NZ_CP119720.1,301353,≥100 kb,tRNA-,22.0,1.3617278360175928
NZ_CP119721.1,72887,<100 kb,tRNA-,8.0,0.9542425094393249
NZ_CP128644.1,85688,<100 kb,tRNA-,3.0,0.6020599913279624
NZ_CP128645.1,60960,<100 kb,tRNA-,1.0,0.3010299956639812
NZ_CP128643.1,227970,≥100 kb,tRNA-,14.0,1.1760912590556813
NZ_CP178403.1,63589,<100 kb,tRNA-,2.0,0.47712125471966244
NZ_CP178549.1,237966,≥100 kb,tRNA-,12.0,1.1139433523068367
NZ_CP178550.1,80887,<100 kb,tRNA-,3.0,0.6020599913279624
NZ_CP178553.1,189037,≥100 kb,tRNA-,8.0,0.9542425094393249
NZ_CP178554.1,92879,<100 kb,tRNA-,5.0,0.7781512503836436
NZ_CP178598.1,71953,<100 kb,tRNA-,5.0,0.7781512503836436
NZ_CP159457.1,81974,<100 kb,tRNA-,3.0,0.6020599913279624
NZ_CP159458.1,59875,<100 kb,tRNA-,6.0,0.8450980400142568
NZ_CP180223.1,192048,≥100 kb,tRNA-,8.0,0.9542425094393249
NZ_CP180224.1,174600,≥100 kb,tRNA-,9.0,1.0
NZ_CP180225.1,100529,≥100 kb,tRNA-,2.0,0.47712125471966244
NZ_CP180394.1,157198,≥100 kb,tRNA-,11.0,1.0791812460476249
NZ_CP172873.1,16776,<100 kb,tRNA-,7.0,0.9030899869919435
NZ_CP180633.1,277485,≥100 kb,tRNA-,11.0,1.0791812460476249
NZ_CP180635.1,130160,≥100 kb,tRNA-,6.0,0.8450980400142568
NZ_CP180691.1,122743,≥100 kb,tRNA-,4.0,0.6989700043360189
NZ_CP180695.1,133269,≥100 kb,tRNA-,7.0,0.9030899869919435
NZ_CP180701.1,29747,<100 kb,tRNA-,3.0,0.6020599913279624
NZ_CP159530.1,298830,≥100 kb,tRNA+,5.0,0.7781512503836436
NZ_CP159531.1,115072,≥100 kb,tRNA-,18.0,1.2787536009528289
NZ_CP159532.1,174500,≥100 kb,tRNA-,8.0,0.9542425094393249
NZ_CP159533.1,110696,≥100 kb,tRNA-,8.0,0.9542425094393249
NZ_CP182140.1,51196,<100 kb,tRNA-,4.0,0.6989700043360189
NZ_CP182143.1,136365,≥100 kb,tRNA-,6.0,0.8450980400142568
NZ_CP182146.1,119288,≥100 kb,tRNA-,4.0,0.6989700043360189
NZ_CP182162.1,20376,<100 kb,tRNA-,4.0,0.6989700043360189
NZ_CP182155.1,117795,≥100 kb,tRNA-,19.0,1.3010299956639813
NZ_CP182156.1,94505,<100 kb,tRNA-,1.0,0.3010299956639812
NZ_CP182175.1,240144,≥100 kb,tRNA-,12.0,1.1139433523068367
NZ_CP182177.1,51371,<100 kb,tRNA-,7.0,0.9030899869919435
NZ_CP181473.1,264857,≥100 kb,tRNA-,3.0,0.6020599913279624
NZ_CP181474.1,74014,<100 kb,tRNA-,4.0,0.6989700043360189
NZ_CP181476.1,196720,≥100 kb,tRNA-,14.0,1.1760912590556813
NZ_CP182183.1,106820,≥100 kb,tRNA-,13.0,1.146128035678238
NZ_CP182185.1,69327,<100 kb,tRNA-,3.0,0.6020599913279624
NZ_CP182193.1,97723,<100 kb,tRNA-,6.0,0.8450980400142568
NZ_CP182195.1,30964,<100 kb,tRNA-,3.0,0.6020599913279624
NZ_CP182199.1,151019,≥100 kb,tRNA-,14.0,1.1760912590556813
NZ_CP182200.1,99423,<100 kb,tRNA-,1.0,0.3010299956639812
NZ_CP182201.1,66534,<100 kb,tRNA-,1.0,0.3010299956639812
NZ_CP182310.1,77918,<100 kb,tRNA-,1.0,0.3010299956639812
NZ_CP182409.1,229147,≥100 kb,tRNA-,8.0,0.9542425094393249
NZ_CP182410.1,88922,<100 kb,tRNA-,3.0,0.6020599913279624
NZ_CP182401.1,42747,<100 kb,tRNA-,6.0,0.8450980400142568
NZ_CP182367.1,70600,<100 kb,tRNA-,5.0,0.7781512503836436
NZ_CP182372.1,207415,≥100 kb,tRNA-,3.0,0.6020599913279624
NZ_CP182373.1,58714,<100 kb,tRNA-,9.0,1.0
NZ_CP182376.1,94610,<100 kb,tRNA-,2.0,0.47712125471966244
NZ_CP182379.1,116663,≥100 kb,tRNA-,4.0,0.6989700043360189
NZ_CP182380.1,102771,≥100 kb,tRNA-,2.0,0.47712125471966244
NZ_CP182389.1,116319,≥100 kb,tRNA-,7.0,0.9030899869919435
NZ_CP182390.1,103942,≥100 kb,tRNA-,6.0,0.8450980400142568
NZ_CP182385.1,87170,<100 kb,tRNA-,5.0,0.7781512503836436
NZ_CP182332.1,122897,≥100 kb,tRNA-,8.0,0.9542425094393249
NZ_CP182333.1,95058,<100 kb,tRNA-,1.0,0.3010299956639812
NZ_CP182337.1,111510,≥100 kb,tRNA-,4.0,0.6989700043360189
NZ_CP182338.1,96484,<100 kb,tRNA+,3.0,0.6020599913279624
NZ_CP182339.1,88133,<100 kb,tRNA-,2.0,0.47712125471966244
NZ_CP182340.1,69707,<100 kb,tRNA-,1.0,0.3010299956639812
NZ_CP182914.1,50431,<100 kb,tRNA-,3.0,0.6020599913279624
NZ_CP182913.1,139821,≥100 kb,tRNA-,9.0,1.0
NZ_CP183154.1,172411,≥100 kb,tRNA-,10.0,1.0413926851582251
NZ_CP183156.1,169212,≥100 kb,tRNA-,18.0,1.2787536009528289
NZ_CP183157.1,89782,<100 kb,tRNA-,3.0,0.6020599913279624
NZ_CP183152.1,171158,≥100 kb,tRNA-,10.0,1.0413926851582251
NZ_CP183147.1,170140,≥100 kb,tRNA-,7.0,0.9030899869919435
NZ_CP183163.1,169209,≥100 kb,tRNA-,18.0,1.2787536009528289
NZ_CP183139.1,166791,≥100 kb,tRNA-,18.0,1.2787536009528289
NZ_CP183141.1,154207,≥100 kb,tRNA-,5.0,0.7781512503836436
NZ_CP183145.1,107865,≥100 kb,tRNA-,1.0,0.3010299956639812
NZ_CP183135.1,171864,≥100 kb,tRNA-,18.0,1.2787536009528289
NZ_CP183131.1,167027,≥100 kb,tRNA-,15.0,1.2041199826559248
NZ_CP183102.1,137890,≥100 kb,tRNA-,6.0,0.8450980400142568
NZ_CP183098.1,137884,≥100 kb,tRNA-,6.0,0.8450980400142568
NZ_CP183100.1,4347,<100 kb,tRNA-,4.0,0.6989700043360189
NZ_CP183118.1,171863,≥100 kb,tRNA-,18.0,1.2787536009528289
NZ_CP183119.1,157598,≥100 kb,tRNA-,6.0,0.8450980400142568
NZ_CP183120.1,98823,<100 kb,tRNA-,7.0,0.9030899869919435
NZ_CP183113.1,143418,≥100 kb,tRNA-,18.0,1.2787536009528289
NZ_CP183112.1,51479,<100 kb,tRNA-,2.0,0.47712125471966244
NZ_CP183115.1,143416,≥100 kb,tRNA-,18.0,1.2787536009528289
NZ_CP183116.1,51480,<100 kb,tRNA-,2.0,0.47712125471966244
NZ_CP183087.1,137888,≥100 kb,tRNA-,6.0,0.8450980400142568
NZ_CP183092.1,137887,≥100 kb,tRNA-,6.0,0.8450980400142568
NZ_CP183093.1,6470,<100 kb,tRNA-,4.0,0.6989700043360189
NZ_CP183127.1,143723,≥100 kb,tRNA-,16.0,1.2304489213782739
NZ_CP183124.1,112115,≥100 kb,tRNA-,3.0,0.6020599913279624
NZ_CP183125.1,98822,<100 kb,tRNA-,6.0,0.8450980400142568
NZ_CP172333.1,122007,≥100 kb,tRNA-,14.0,1.1760912590556813
NZ_CP172337.1,44831,<100 kb,tRNA-,1.0,0.3010299956639812
NZ_CP183339.1,150188,≥100 kb,tRNA-,9.0,1.0
NZ_CP183341.1,47429,<100 kb,tRNA-,8.0,0.9542425094393249
NZ_CP183342.1,46161,<100 kb,tRNA-,4.0,0.6989700043360189
NZ_CP074774.1,120615,≥100 kb,tRNA-,8.0,0.9542425094393249
NZ_CP074786.1,208746,≥100 kb,tRNA-,7.0,0.9030899869919435
NZ_CP074792.1,154743,≥100 kb,tRNA+,2.0,0.47712125471966244
NZ_CP074795.1,95311,<100 kb,tRNA-,2.0,0.47712125471966244
NZ_CP074807.1,21087,<100 kb,tRNA-,3.0,0.6020599913279624
NZ_CP074820.1,183524,≥100 kb,tRNA-,2.0,0.47712125471966244
NZ_CP154888.1,6069,<100 kb,tRNA-,1.0,0.3010299956639812
NZ_CP154889.1,79759,<100 kb,tRNA-,7.0,0.9030899869919435
NZ_CP074865.1,83548,<100 kb,tRNA-,3.0,0.6020599913279624
NZ_CP074870.1,92785,<100 kb,tRNA-,3.0,0.6020599913279624
NZ_CP074871.1,70888,<100 kb,tRNA-,5.0,0.7781512503836436
NZ_CP074934.1,71705,<100 kb,tRNA-,3.0,0.6020599913279624
NZ_CP074901.1,120615,≥100 kb,tRNA-,8.0,0.9542425094393249
NZ_CP074941.1,73158,<100 kb,tRNA-,7.0,0.9030899869919435
NZ_CP074970.1,68484,<100 kb,tRNA-,3.0,0.6020599913279624
NZ_CP074979.1,123708,≥100 kb,tRNA-,6.0,0.8450980400142568
NZ_CP123312.1,122636,≥100 kb,tRNA-,13.0,1.146128035678238
NZ_CP123314.1,122636,≥100 kb,tRNA-,13.0,1.146128035678238
NZ_CP123316.1,114922,≥100 kb,tRNA-,18.0,1.2787536009528289
NZ_CP123322.1,114922,≥100 kb,tRNA-,18.0,1.2787536009528289
NZ_CP123326.1,97289,<100 kb,tRNA-,3.0,0.6020599913279624
NZ_CP123331.1,88895,<100 kb,tRNA-,1.0,0.3010299956639812
NZ_CP123333.1,110786,≥100 kb,tRNA-,4.0,0.6989700043360189
NZ_CP123336.1,123593,≥100 kb,tRNA-,8.0,0.9542425094393249
NZ_CP123337.1,71888,<100 kb,tRNA-,3.0,0.6020599913279624
NZ_CP123344.1,79530,<100 kb,tRNA-,3.0,0.6020599913279624
NZ_CP123347.1,65601,<100 kb,tRNA-,3.0,0.6020599913279624
NZ_CP178657.1,161786,≥100 kb,tRNA-,2.0,0.47712125471966244
NZ_CP178658.1,86932,<100 kb,tRNA-,4.0,0.6989700043360189
NZ_CP183998.1,43380,<100 kb,tRNA-,2.0,0.47712125471966244
NZ_CP184000.1,16559,<100 kb,tRNA-,4.0,0.6989700043360189
NZ_CP184008.1,121053,≥100 kb,tRNA-,5.0,0.7781512503836436
NZ_CP184010.1,68674,<100 kb,tRNA-,3.0,0.6020599913279624
NZ_CP184011.1,49117,<100 kb,tRNA-,7.0,0.9030899869919435
NZ_CP184020.1,94744,<100 kb,tRNA-,1.0,0.3010299956639812
NZ_CP184021.1,92285,<100 kb,tRNA-,4.0,0.6989700043360189
NZ_CP184036.1,96581,<100 kb,tRNA-,13.0,1.146128035678238
NZ_CP184037.1,40479,<100 kb,tRNA-,4.0,0.6989700043360189
NZ_CP184026.1,96624,<100 kb,tRNA-,16.0,1.2304489213782739
NZ_CP184027.1,40580,<100 kb,tRNA-,4.0,0.6989700043360189
NZ_CP184046.1,142806,≥100 kb,tRNA-,14.0,1.1760912590556813
NZ_CP184047.1,116880,≥100 kb,tRNA-,7.0,0.9030899869919435
NZ_CP183994.1,117844,≥100 kb,tRNA-,4.0,0.6989700043360189
NZ_CP183995.1,58135,<100 kb,tRNA-,6.0,0.8450980400142568
NZ_CP184004.1,45802,<100 kb,tRNA-,10.0,1.0413926851582251
NZ_CP184017.1,158717,≥100 kb,tRNA-,10.0,1.0413926851582251
NZ_CP184018.1,86973,<100 kb,tRNA-,2.0,0.47712125471966244
NZ_CP184041.1,96438,<100 kb,tRNA-,16.0,1.2304489213782739
NZ_CP184042.1,40530,<100 kb,tRNA-,4.0,0.6989700043360189
NZ_CP184031.1,96622,<100 kb,tRNA-,16.0,1.2304489213782739
NZ_CP184032.1,40665,<100 kb,tRNA-,4.0,0.6989700043360189
NZ_CP184061.1,113055,≥100 kb,tRNA-,7.0,0.9030899869919435
NZ_CP184081.1,116303,≥100 kb,tRNA-,8.0,0.9542425094393249
NZ_CP184052.1,158701,≥100 kb,tRNA-,13.0,1.146128035678238
NZ_CP184053.1,118064,≥100 kb,tRNA-,14.0,1.1760912590556813
NZ_CP184055.1,40614,<100 kb,tRNA-,4.0,0.6989700043360189
NZ_CP184070.1,106015,≥100 kb,tRNA-,3.0,0.6020599913279624
NZ_CP184071.1,89342,<100 kb,tRNA-,3.0,0.6020599913279624
NZ_CP184072.1,64746,<100 kb,tRNA-,9.0,1.0
NZ_CP184078.1,116073,≥100 kb,tRNA-,3.0,0.6020599913279624
NZ_CP184079.1,43500,<100 kb,tRNA-,3.0,0.6020599913279624
NZ_CP184092.1,100866,≥100 kb,tRNA-,4.0,0.6989700043360189
NZ_CP184093.1,94943,<100 kb,tRNA-,1.0,0.3010299956639812
NZ_CP184103.1,201967,≥100 kb,tRNA-,23.0,1.380211241711606
NZ_CP184104.1,127205,≥100 kb,tRNA-,13.0,1.146128035678238
NZ_CP184098.1,160852,≥100 kb,tRNA-,11.0,1.0791812460476249
NZ_CP184099.1,132495,≥100 kb,tRNA-,10.0,1.0413926851582251
NZ_CP184110.1,113055,≥100 kb,tRNA-,7.0,0.9030899869919435
NZ_CP184112.1,113055,≥100 kb,tRNA-,7.0,0.9030899869919435
NZ_CP184087.1,91378,<100 kb,tRNA-,6.0,0.8450980400142568
NZ_CP184088.1,21157,<100 kb,tRNA-,2.0,0.47712125471966244
NZ_CP184115.1,109284,≥100 kb,tRNA-,3.0,0.6020599913279624
NZ_CP184116.1,53097,<100 kb,tRNA-,4.0,0.6989700043360189
NZ_CP184120.1,80802,<100 kb,tRNA-,4.0,0.6989700043360189
NZ_CP184156.1,108371,≥100 kb,tRNA-,2.0,0.47712125471966244
NZ_CP184144.1,279329,≥100 kb,tRNA-,15.0,1.2041199826559248
NZ_CP184263.1,105806,≥100 kb,tRNA-,6.0,0.8450980400142568
NZ_CP184063.1,175997,≥100 kb,tRNA-,19.0,1.3010299956639813
NZ_CP184064.1,153878,≥100 kb,tRNA-,9.0,1.0
NZ_CP184065.1,126957,≥100 kb,tRNA-,11.0,1.0791812460476249
NZ_CP184067.1,95693,<100 kb,tRNA-,6.0,0.8450980400142568
NZ_CP184050.1,51478,<100 kb,tRNA-,2.0,0.47712125471966244
NZ_CP184059.1,113054,≥100 kb,tRNA-,7.0,0.9030899869919435
NZ_CP184989.1,31287,<100 kb,tRNA-,4.0,0.6989700043360189
NZ_CP184990.1,5440,<100 kb,tRNA-,1.0,0.3010299956639812
NZ_CP156035.1,42753,<100 kb,tRNA-,1.0,0.3010299956639812
NZ_CP156037.1,69739,<100 kb,tRNA-,8.0,0.9542425094393249
NZ_CP074728.1,71705,<100 kb,tRNA-,3.0,0.6020599913279624
NZ_CP074747.1,6211,<100 kb,tRNA-,2.0,0.47712125471966244
NZ_CP186507.1,135517,≥100 kb,tRNA-,9.0,1.0
NZ_CP182283.1,166806,≥100 kb,tRNA-,11.0,1.0791812460476249
NZ_CP139197.1,102086,≥100 kb,tRNA-,12.0,1.1139433523068367
NZ_CP187190.1,130785,≥100 kb,tRNA-,11.0,1.0791812460476249
NZ_CP187192.1,7872,<100 kb,tRNA-,2.0,0.47712125471966244
NZ_CP187206.1,7872,<100 kb,tRNA-,2.0,0.47712125471966244
NZ_CP187196.1,130775,≥100 kb,tRNA-,11.0,1.0791812460476249
NZ_CP187200.1,7872,<100 kb,tRNA-,2.0,0.47712125471966244
NZ_CP187212.1,71102,<100 kb,tRNA-,3.0,0.6020599913279624
NZ_CP187287.1,171158,≥100 kb,tRNA-,10.0,1.0413926851582251
NZ_CP187288.1,49625,<100 kb,tRNA-,1.0,0.3010299956639812
NZ_CP187962.1,89366,<100 kb,tRNA-,5.0,0.7781512503836436
NZ_CP187524.1,137552,≥100 kb,tRNA-,8.0,0.9542425094393249
NZ_CP187523.1,142066,≥100 kb,tRNA-,11.0,1.0791812460476249
NZ_CP188131.1,10428,<100 kb,tRNA-,4.0,0.6989700043360189
NZ_CP188133.1,10503,<100 kb,tRNA-,4.0,0.6989700043360189
NZ_CP188135.1,10503,<100 kb,tRNA-,4.0,0.6989700043360189
NZ_CP188137.1,10572,<100 kb,tRNA-,5.0,0.7781512503836436
NZ_CP188140.1,10488,<100 kb,tRNA-,3.0,0.6020599913279624
NZ_CP188142.1,10551,<100 kb,tRNA-,3.0,0.6020599913279624
NZ_CP188144.1,10551,<100 kb,tRNA-,4.0,0.6989700043360189
NZ_CP188148.1,10566,<100 kb,tRNA-,2.0,0.47712125471966244
NZ_CP188146.1,10566,<100 kb,tRNA-,3.0,0.6020599913279624
NZ_CP188150.1,10566,<100 kb,tRNA-,2.0,0.47712125471966244
NZ_CP188152.1,10566,<100 kb,tRNA-,2.0,0.47712125471966244
NZ_CP188154.1,10521,<100 kb,tRNA-,3.0,0.6020599913279624
NZ_CP188156.1,10836,<100 kb,tRNA-,4.0,0.6989700043360189
NZ_CP188158.1,10884,<100 kb,tRNA-,4.0,0.6989700043360189
NZ_CP188160.1,10836,<100 kb,tRNA-,2.0,0.47712125471966244
NZ_CP188162.1,10836,<100 kb,tRNA-,4.0,0.6989700043360189
NZ_CP188164.1,10836,<100 kb,tRNA-,3.0,0.6020599913279624
NZ_CP188166.1,10830,<100 kb,tRNA-,2.0,0.47712125471966244
NZ_CP188170.1,10566,<100 kb,tRNA-,2.0,0.47712125471966244
NZ_CP188168.1,10857,<100 kb,tRNA-,1.0,0.3010299956639812
NZ_CP188316.1,109319,≥100 kb,tRNA-,16.0,1.2304489213782739
NZ_CP189736.1,239563,≥100 kb,tRNA-,14.0,1.1760912590556813
NZ_CP169036.1,142695,≥100 kb,tRNA-,10.0,1.0413926851582251
NZ_CP189960.1,239469,≥100 kb,tRNA-,11.0,1.0791812460476249
NZ_CP190028.1,240997,≥100 kb,tRNA-,18.0,1.2787536009528289
NZ_CP190030.1,112592,≥100 kb,tRNA-,13.0,1.146128035678238
NZ_CP190034.1,51330,<100 kb,tRNA-,4.0,0.6989700043360189
NZ_CP190033.1,65264,<100 kb,tRNA-,2.0,0.47712125471966244
NZ_CP190031.1,102454,≥100 kb,tRNA-,6.0,0.8450980400142568
NZ_CP190019.1,174539,≥100 kb,tRNA-,23.0,1.380211241711606
NZ_CP190021.1,89070,<100 kb,tRNA-,1.0,0.3010299956639812
NZ_CP190037.1,154357,≥100 kb,tRNA+,10.0,1.0413926851582251
NZ_CP190040.1,33297,<100 kb,tRNA-,1.0,0.3010299956639812
NZ_CP190039.1,47227,<100 kb,tRNA-,3.0,0.6020599913279624
NZ_CP190334.1,211748,≥100 kb,tRNA-,23.0,1.380211241711606
NZ_CP190336.1,46161,<100 kb,tRNA-,3.0,0.6020599913279624
NZ_CP190350.1,212098,≥100 kb,tRNA-,11.0,1.0791812460476249
NZ_CP190351.1,78623,<100 kb,tRNA-,11.0,1.0791812460476249
NZ_CP058902.1,102641,≥100 kb,tRNA-,3.0,0.6020599913279624
NZ_CP058904.1,91656,<100 kb,tRNA-,8.0,0.9542425094393249
NZ_CP191550.1,108898,≥100 kb,tRNA-,8.0,0.9542425094393249
NZ_CP191549.1,186992,≥100 kb,tRNA-,21.0,1.3424226808222062
NZ_CP191554.1,97575,<100 kb,tRNA+,1.0,0.3010299956639812
NZ_CP191553.1,107053,≥100 kb,tRNA-,12.0,1.1139433523068367
NZ_CP191557.1,98473,<100 kb,tRNA-,21.0,1.3424226808222062
NZ_CP191556.1,120926,≥100 kb,tRNA-,11.0,1.0791812460476249
NZ_CP191563.1,207252,≥100 kb,tRNA-,8.0,0.9542425094393249
NZ_CP191564.1,141456,≥100 kb,tRNA-,6.0,0.8450980400142568
NZ_CP191566.1,60960,<100 kb,tRNA-,1.0,0.3010299956639812
NZ_CP191565.1,111294,≥100 kb,tRNA-,11.0,1.0791812460476249
NZ_CP191568.1,107763,≥100 kb,tRNA-,11.0,1.0791812460476249
NZ_CP191569.1,70143,<100 kb,tRNA-,2.0,0.47712125471966244
NZ_CP191570.1,108432,≥100 kb,tRNA-,14.0,1.1760912590556813
NZ_CP191806.1,71337,<100 kb,tRNA-,6.0,0.8450980400142568
NZ_CP191807.1,44984,<100 kb,tRNA-,1.0,0.3010299956639812
NZ_CP192203.1,166408,≥100 kb,tRNA-,13.0,1.146128035678238
NZ_CP192204.1,55817,<100 kb,tRNA-,9.0,1.0
NZ_LT906556.1,157174,≥100 kb,tRNA-,13.0,1.146128035678238
NZ_LT599826.1,137186,≥100 kb,tRNA-,15.0,1.2041199826559248
NZ_LT599827.1,88196,<100 kb,tRNA-,20.0,1.3222192947339193
NZ_LT599829.1,238073,≥100 kb,tRNA-,14.0,1.1760912590556813
NZ_LT795503.1,223020,≥100 kb,tRNA-,6.0,0.8450980400142568
NZ_LT795504.1,111093,≥100 kb,tRNA-,6.0,0.8450980400142568
NZ_LT795505.1,71544,<100 kb,tRNA-,6.0,0.8450980400142568
NZ_LT795508.1,39744,<100 kb,tRNA-,2.0,0.47712125471966244
NZ_LT838197.1,54518,<100 kb,tRNA-,4.0,0.6989700043360189
NZ_LT838202.1,62645,<100 kb,tRNA-,2.0,0.47712125471966244
NZ_LT838201.1,33304,<100 kb,tRNA-,1.0,0.3010299956639812
NZ_CP043545.1,274059,≥100 kb,tRNA-,12.0,1.1139433523068367
NZ_LS998787.1,27017,<100 kb,tRNA-,3.0,0.6020599913279624
NZ_LS999562.1,102557,≥100 kb,tRNA-,1.0,0.3010299956639812
NZ_LR025097.1,142200,≥100 kb,tRNA-,15.0,1.2041199826559248
NZ_LR025098.1,63589,<100 kb,tRNA-,2.0,0.47712125471966244
NC_013365.1,204604,≥100 kb,tRNA-,10.0,1.0413926851582251
NC_009838.1,241387,≥100 kb,tRNA-,4.0,0.6989700043360189
NC_009789.1,6199,<100 kb,tRNA-,3.0,0.6020599913279624
NC_011602.1,6147,<100 kb,tRNA-,3.0,0.6020599913279624
NC_018659.1,88544,<100 kb,tRNA-,5.0,0.7781512503836436
NC_022651.1,110040,≥100 kb,tRNA-,4.0,0.6989700043360189
NZ_CP006029.1,64561,<100 kb,tRNA-,4.0,0.6989700043360189
NZ_CP007137.1,64562,<100 kb,tRNA-,4.0,0.6989700043360189
NZ_CP014321.1,107507,≥100 kb,tRNA-,4.0,0.6989700043360189
NZ_CP014320.1,130603,≥100 kb,tRNA-,11.0,1.0791812460476249
NZ_CP015833.1,240662,≥100 kb,tRNA-,11.0,1.0791812460476249
NZ_CP027395.1,117229,≥100 kb,tRNA-,5.0,0.7781512503836436
NZ_CP009053.1,78111,<100 kb,tRNA-,3.0,0.6020599913279624
NZ_CP031903.1,88545,<100 kb,tRNA-,5.0,0.7781512503836436
NZ_AP019762.1,118827,≥100 kb,tRNA-,7.0,0.9030899869919435
NZ_CP042935.2,51479,<100 kb,tRNA-,2.0,0.47712125471966244
NZ_CP042936.2,45674,<100 kb,tRNA-,1.0,0.3010299956639812
NZ_AP024923.1,67947,<100 kb,tRNA-,2.0,0.47712125471966244
NZ_CP044137.1,88229,<100 kb,tRNA-,3.0,0.6020599913279624
NZ_CP044142.1,152532,≥100 kb,tRNA-,11.0,1.0791812460476249
NZ_CP044149.1,74819,<100 kb,tRNA-,9.0,1.0
NZ_CP047128.1,85943,<100 kb,tRNA-,9.0,1.0
NZ_CP045864.1,95989,<100 kb,tRNA-,1.0,0.3010299956639812
NZ_CP038322.1,145329,≥100 kb,tRNA-,9.0,1.0
NZ_CP038326.1,145329,≥100 kb,tRNA-,9.0,1.0
NZ_CP038330.1,93970,<100 kb,tRNA-,5.0,0.7781512503836436
NZ_CP042886.1,88772,<100 kb,tRNA-,3.0,0.6020599913279624
NZ_CP042887.1,68601,<100 kb,tRNA-,1.0,0.3010299956639812
NZ_CP031350.1,187274,≥100 kb,tRNA+,5.0,0.7781512503836436
NZ_CP062892.1,109586,≥100 kb,tRNA-,4.0,0.6989700043360189
NZ_CP062877.1,109586,≥100 kb,tRNA-,4.0,0.6989700043360189
NZ_CP062903.1,112293,≥100 kb,tRNA-,4.0,0.6989700043360189
NZ_CP062913.1,110368,≥100 kb,tRNA-,4.0,0.6989700043360189
NZ_CP062915.1,151873,≥100 kb,tRNA-,4.0,0.6989700043360189
NZ_CP065153.1,237102,≥100 kb,tRNA-,7.0,0.9030899869919435
NZ_CP066749.1,95679,<100 kb,tRNA-,3.0,0.6020599913279624
NZ_CP062704.1,55197,<100 kb,tRNA-,2.0,0.47712125471966244
NZ_CP069678.1,146908,≥100 kb,tRNA-,8.0,0.9542425094393249
NZ_CP069680.1,33305,<100 kb,tRNA-,1.0,0.3010299956639812
NZ_CP069693.1,89956,<100 kb,tRNA-,8.0,0.9542425094393249
NZ_CP069694.1,56897,<100 kb,tRNA-,6.0,0.8450980400142568
NZ_CP069695.1,33288,<100 kb,tRNA-,1.0,0.3010299956639812
NZ_CP080224.1,226437,≥100 kb,tRNA-,3.0,0.6020599913279624
NZ_CP080225.1,103673,≥100 kb,tRNA-,6.0,0.8450980400142568
NZ_CP136553.1,88539,<100 kb,tRNA-,5.0,0.7781512503836436
NZ_CP163449.1,132040,≥100 kb,tRNA-,17.0,1.255272505103306
NZ_CP178860.1,51330,<100 kb,tRNA-,1.0,0.3010299956639812
NZ_CP184672.1,49546,<100 kb,tRNA-,1.0,0.3010299956639812
NZ_CP077437.1,148812,≥100 kb,tRNA-,8.0,0.9542425094393249
NZ_CP077448.1,121960,≥100 kb,tRNA-,8.0,0.9542425094393249
NZ_CP077461.1,186654,≥100 kb,tRNA-,19.0,1.3010299956639813
NZ_CP077482.1,223327,≥100 kb,tRNA-,20.0,1.3222192947339193
NZ_CP077483.1,171286,≥100 kb,tRNA-,15.0,1.2041199826559248
NZ_CP077500.1,124962,≥100 kb,tRNA-,5.0,0.7781512503836436
NZ_CP077507.1,124478,≥100 kb,tRNA-,8.0,0.9542425094393249
NZ_CP077508.1,121737,≥100 kb,tRNA-,6.0,0.8450980400142568
NZ_CP077510.1,90711,<100 kb,tRNA-,3.0,0.6020599913279624
NZ_LR025102.1,94720,<100 kb,tRNA-,10.0,1.0413926851582251
NZ_LR025105.1,63589,<100 kb,tRNA-,2.0,0.47712125471966244
NZ_LS992167.1,174857,≥100 kb,tRNA-,13.0,1.146128035678238
NZ_LS992172.1,117801,≥100 kb,tRNA-,3.0,0.6020599913279624
NZ_LS992173.1,16544,<100 kb,tRNA-,3.0,0.6020599913279624
NZ_LS992169.1,172923,≥100 kb,tRNA-,14.0,1.1760912590556813
NZ_LS992182.1,133139,≥100 kb,tRNA-,10.0,1.0413926851582251
NZ_LS992188.1,96986,<100 kb,tRNA-,7.0,0.9030899869919435
NZ_LS992191.1,133139,≥100 kb,tRNA-,10.0,1.0413926851582251
NZ_LR130546.1,112588,≥100 kb,tRNA-,9.0,1.0
NZ_LR130556.1,136397,≥100 kb,tRNA-,13.0,1.146128035678238
NZ_LR130553.1,123043,≥100 kb,tRNA-,12.0,1.1139433523068367
NZ_LR130554.1,93927,<100 kb,tRNA-,7.0,0.9030899869919435
NZ_LR130565.1,133379,≥100 kb,tRNA-,6.0,0.8450980400142568
NZ_LR595692.1,98473,<100 kb,tRNA-,21.0,1.3424226808222062
NZ_LR595693.1,51479,<100 kb,tRNA-,2.0,0.47712125471966244
NZ_LR740759.1,223939,≥100 kb,tRNA-,2.0,0.47712125471966244
NZ_LR881941.1,21374,<100 kb,tRNA-,3.0,0.6020599913279624
NZ_LR882060.1,47686,<100 kb,tRNA-,4.0,0.6989700043360189
NZ_LR882053.1,113096,≥100 kb,tRNA-,18.0,1.2787536009528289
NZ_LR882055.1,50909,<100 kb,tRNA-,5.0,0.7781512503836436
NZ_LR882051.1,94955,<100 kb,tRNA-,11.0,1.0791812460476249
NZ_LR882980.1,72255,<100 kb,tRNA-,6.0,0.8450980400142568
NZ_LR882999.1,99448,<100 kb,tRNA-,2.0,0.47712125471966244
NZ_LR883013.1,130302,≥100 kb,tRNA-,5.0,0.7781512503836436
NZ_LR883005.1,83375,<100 kb,tRNA-,4.0,0.6989700043360189
NZ_LR883966.1,104732,≥100 kb,tRNA+,4.0,0.6989700043360189
NZ_LR890199.1,125802,≥100 kb,tRNA-,4.0,0.6989700043360189
NZ_LR890335.1,139312,≥100 kb,tRNA-,13.0,1.146128035678238
NZ_LR890271.1,118421,≥100 kb,tRNA-,3.0,0.6020599913279624
NZ_LR890272.1,95130,<100 kb,tRNA-,1.0,0.3010299956639812
NZ_LR890275.1,12424,<100 kb,tRNA-,6.0,0.8450980400142568
NZ_LR890300.1,160467,≥100 kb,tRNA-,21.0,1.3424226808222062
NZ_LR890301.1,70656,<100 kb,tRNA-,5.0,0.7781512503836436
NZ_LR890302.1,65499,<100 kb,tRNA-,2.0,0.47712125471966244
NZ_LR890327.1,98336,<100 kb,tRNA-,12.0,1.1139433523068367
NZ_LR890328.1,70656,<100 kb,tRNA-,5.0,0.7781512503836436
NZ_LR890329.1,47582,<100 kb,tRNA-,1.0,0.3010299956639812
NZ_LR890289.1,173787,≥100 kb,tRNA-,16.0,1.2304489213782739
NZ_LR890351.1,59604,<100 kb,tRNA-,9.0,1.0
NZ_LR890406.1,97983,<100 kb,tRNA-,10.0,1.0413926851582251
NZ_LR890467.1,160530,≥100 kb,tRNA-,21.0,1.3424226808222062
NZ_LR890411.1,52208,<100 kb,tRNA-,4.0,0.6989700043360189
NZ_LR890537.1,158162,≥100 kb,tRNA-,15.0,1.2041199826559248
NZ_LR890510.1,69018,<100 kb,tRNA-,5.0,0.7781512503836436
NZ_LR890511.1,44618,<100 kb,tRNA-,5.0,0.7781512503836436
NZ_LR890604.1,147870,≥100 kb,tRNA-,5.0,0.7781512503836436
NZ_LR890652.1,207369,≥100 kb,tRNA-,1.0,0.3010299956639812
NZ_LR890653.1,114568,≥100 kb,tRNA-,5.0,0.7781512503836436
NZ_LR890607.1,126618,≥100 kb,tRNA-,10.0,1.0413926851582251
NZ_LR890608.1,115278,≥100 kb,tRNA+,2.0,0.47712125471966244
NZ_LR890694.1,112822,≥100 kb,tRNA-,3.0,0.6020599913279624
NZ_LR898869.1,96021,<100 kb,tRNA-,3.0,0.6020599913279624
NZ_LR898870.1,75659,<100 kb,tRNA-,4.0,0.6989700043360189
NZ_OW848786.1,109001,≥100 kb,tRNA-,1.0,0.3010299956639812
NZ_OW848981.1,125197,≥100 kb,tRNA-,9.0,1.0
NZ_OW848982.1,97252,<100 kb,tRNA-,3.0,0.6020599913279624
NZ_OW848983.1,39780,<100 kb,tRNA-,4.0,0.6989700043360189
NZ_OW849065.1,146311,≥100 kb,tRNA-,8.0,0.9542425094393249
NZ_OW849066.1,38262,<100 kb,tRNA-,5.0,0.7781512503836436
NZ_OW849378.1,145050,≥100 kb,tRNA-,8.0,0.9542425094393249
NZ_OW849381.1,40408,<100 kb,tRNA-,4.0,0.6989700043360189
NZ_OW967179.1,70748,<100 kb,tRNA-,2.0,0.47712125471966244
NZ_OW967004.1,145385,≥100 kb,tRNA-,3.0,0.6020599913279624
NZ_OW967006.1,63589,<100 kb,tRNA-,2.0,0.47712125471966244
NZ_OW967009.1,8328,<100 kb,tRNA-,3.0,0.6020599913279624
NZ_OW967803.1,109109,≥100 kb,tRNA-,27.0,1.4471580313422192
NZ_OW967977.1,103714,≥100 kb,tRNA-,1.0,0.3010299956639812
NZ_OW967978.1,63589,<100 kb,tRNA-,2.0,0.47712125471966244
NZ_OW968126.1,103714,≥100 kb,tRNA-,1.0,0.3010299956639812
NZ_OW968127.1,63589,<100 kb,tRNA-,2.0,0.47712125471966244
NZ_OW968128.1,27551,<100 kb,tRNA-,3.0,0.6020599913279624
NZ_OW967967.1,107837,≥100 kb,tRNA-,16.0,1.2304489213782739
NZ_OW968112.1,160357,≥100 kb,tRNA-,20.0,1.3222192947339193
NZ_OW968113.1,72412,<100 kb,tRNA-,12.0,1.1139433523068367
NZ_OW967797.1,63589,<100 kb,tRNA-,2.0,0.47712125471966244
NZ_OW968278.1,128607,≥100 kb,tRNA-,9.0,1.0
NZ_OX030702.1,90741,<100 kb,tRNA-,3.0,0.6020599913279624
NZ_OX030703.1,88990,<100 kb,tRNA-,7.0,0.9030899869919435
NZ_OX030704.1,63570,<100 kb,tRNA-,2.0,0.47712125471966244
NZ_OX030729.1,115409,≥100 kb,tRNA-,19.0,1.3010299956639813
NZ_OX030730.1,100782,≥100 kb,tRNA-,6.0,0.8450980400142568
NZ_OX030731.1,100287,≥100 kb,tRNA-,3.0,0.6020599913279624
NZ_OX030732.1,63589,<100 kb,tRNA-,2.0,0.47712125471966244
NZ_OX030734.1,3223,<100 kb,tRNA-,1.0,0.3010299956639812
NZ_OW968289.1,130092,≥100 kb,tRNA-,13.0,1.146128035678238
NZ_OW968291.1,78039,<100 kb,tRNA-,4.0,0.6989700043360189
NZ_OW968012.1,154854,≥100 kb,tRNA-,8.0,0.9542425094393249
NZ_OW968013.1,65499,<100 kb,tRNA-,2.0,0.47712125471966244
NZ_OX442410.1,140747,≥100 kb,tRNA-,10.0,1.0413926851582251
NZ_OX460313.1,159448,≥100 kb,tRNA-,4.0,0.6989700043360189
NZ_OX460317.1,73423,<100 kb,tRNA-,8.0,0.9542425094393249
NZ_OX460319.1,159448,≥100 kb,tRNA-,4.0,0.6989700043360189
NZ_OX460327.1,73423,<100 kb,tRNA-,8.0,0.9542425094393249
NZ_OX460324.1,73423,<100 kb,tRNA-,8.0,0.9542425094393249
NZ_OX460331.1,73423,<100 kb,tRNA-,8.0,0.9542425094393249
NZ_OX460339.1,73432,<100 kb,tRNA-,8.0,0.9542425094393249
NZ_OX460340.1,159448,≥100 kb,tRNA-,4.0,0.6989700043360189
NZ_OX460333.1,159448,≥100 kb,tRNA-,4.0,0.6989700043360189
NZ_OY754350.1,176757,≥100 kb,tRNA-,8.0,0.9542425094393249
NZ_OY754354.1,112380,≥100 kb,tRNA-,5.0,0.7781512503836436
NZ_OY754360.1,131262,≥100 kb,tRNA-,1.0,0.3010299956639812
NZ_OY754361.1,112173,≥100 kb,tRNA-,6.0,0.8450980400142568
NZ_OY754365.1,126554,≥100 kb,tRNA-,3.0,0.6020599913279624
NZ_OY754368.1,43051,<100 kb,tRNA-,1.0,0.3010299956639812
NZ_OY754378.1,204501,≥100 kb,tRNA-,1.0,0.3010299956639812
NZ_OY754379.1,134861,≥100 kb,tRNA-,5.0,0.7781512503836436
NZ_OY754384.1,128731,≥100 kb,tRNA-,3.0,0.6020599913279624
NZ_OY754385.1,96900,<100 kb,tRNA-,1.0,0.3010299956639812
NZ_OY754390.1,174634,≥100 kb,tRNA-,4.0,0.6989700043360189
NZ_OY754395.1,109308,≥100 kb,tRNA-,6.0,0.8450980400142568
NZ_OY754399.1,155170,≥100 kb,tRNA-,8.0,0.9542425094393249
NZ_OY754408.1,146441,≥100 kb,tRNA-,7.0,0.9030899869919435
NZ_OY754410.1,148429,≥100 kb,tRNA-,8.0,0.9542425094393249
NZ_OY754417.1,174642,≥100 kb,tRNA-,4.0,0.6989700043360189
NZ_OY754418.1,148429,≥100 kb,tRNA-,8.0,0.9542425094393249
NZ_OY754422.1,134888,≥100 kb,tRNA-,5.0,0.7781512503836436
NZ_OY754428.1,139237,≥100 kb,tRNA-,8.0,0.9542425094393249
NZ_OY754444.1,171487,≥100 kb,tRNA-,4.0,0.6989700043360189
NZ_OY754457.1,65744,<100 kb,tRNA-,2.0,0.47712125471966244
NZ_OY754458.1,50028,<100 kb,tRNA-,3.0,0.6020599913279624
NZ_OY754836.1,53041,<100 kb,tRNA-,4.0,0.6989700043360189
NZ_OY754837.1,42576,<100 kb,tRNA-,4.0,0.6989700043360189
NZ_OY757950.1,150582,≥100 kb,tRNA-,8.0,0.9542425094393249
NZ_OY757951.1,138101,≥100 kb,tRNA-,3.0,0.6020599913279624
NZ_OY856301.1,110154,≥100 kb,tRNA-,6.0,0.8450980400142568
NZ_OZ001729.1,161040,≥100 kb,tRNA-,10.0,1.0413926851582251
NZ_OZ038536.1,82497,<100 kb,tRNA-,6.0,0.8450980400142568
NZ_OZ038770.1,128920,≥100 kb,tRNA-,6.0,0.8450980400142568
NZ_OZ038788.1,134994,≥100 kb,tRNA-,10.0,1.0413926851582251
NZ_OZ038807.1,166510,≥100 kb,tRNA-,7.0,0.9030899869919435
NZ_OZ039046.1,128449,≥100 kb,tRNA-,14.0,1.1760912590556813
NZ_OZ039172.1,108754,≥100 kb,tRNA-,2.0,0.47712125471966244
NZ_OZ039399.1,157129,≥100 kb,tRNA-,14.0,1.1760912590556813
NZ_OZ039411.1,104163,≥100 kb,tRNA-,4.0,0.6989700043360189
NZ_OZ039829.1,59965,<100 kb,tRNA-,7.0,0.9030899869919435
NZ_OZ039819.1,48173,<100 kb,tRNA-,3.0,0.6020599913279624
NZ_OZ039849.1,144850,≥100 kb,tRNA-,6.0,0.8450980400142568
NZ_OZ040016.1,132550,≥100 kb,tRNA-,6.0,0.8450980400142568
NZ_OZ040036.1,145514,≥100 kb,tRNA-,12.0,1.1139433523068367
NZ_OZ040092.1,153880,≥100 kb,tRNA-,15.0,1.2041199826559248
NZ_OZ040193.1,149682,≥100 kb,tRNA-,7.0,0.9030899869919435
NZ_OZ040209.1,149185,≥100 kb,tRNA-,1.0,0.3010299956639812
NZ_OZ040332.1,119868,≥100 kb,tRNA-,3.0,0.6020599913279624
NZ_OZ040466.1,146142,≥100 kb,tRNA-,7.0,0.9030899869919435
NZ_OZ040491.1,145112,≥100 kb,tRNA-,4.0,0.6989700043360189
NZ_OZ040670.1,143477,≥100 kb,tRNA-,13.0,1.146128035678238
NZ_OZ040717.1,129167,≥100 kb,tRNA-,13.0,1.146128035678238
NZ_OZ040720.1,2630,<100 kb,tRNA-,1.0,0.3010299956639812
NZ_OZ040729.1,140727,≥100 kb,tRNA-,10.0,1.0413926851582251
NZ_OZ040757.1,119769,≥100 kb,tRNA-,2.0,0.47712125471966244
NZ_OZ040765.1,130201,≥100 kb,tRNA-,4.0,0.6989700043360189
NZ_OZ040767.1,7942,<100 kb,tRNA-,6.0,0.8450980400142568
NZ_OZ040951.1,101573,≥100 kb,tRNA-,3.0,0.6020599913279624
NZ_OZ040964.1,145246,≥100 kb,tRNA-,12.0,1.1139433523068367
NZ_OZ040995.1,93522,<100 kb,tRNA-,4.0,0.6989700043360189
NZ_OZ042070.1,132867,≥100 kb,tRNA-,4.0,0.6989700043360189
NZ_OZ042071.1,73787,<100 kb,tRNA-,5.0,0.7781512503836436
NZ_OZ043764.1,140766,≥100 kb,tRNA-,9.0,1.0
NZ_OZ043765.1,103272,≥100 kb,tRNA-,4.0,0.6989700043360189
NZ_OZ043946.1,137206,≥100 kb,tRNA-,6.0,0.8450980400142568
NZ_OZ121070.1,150301,≥100 kb,tRNA-,17.0,1.255272505103306
NZ_OZ121073.1,100219,≥100 kb,tRNA-,11.0,1.0791812460476249
NZ_OZ121078.1,150477,≥100 kb,tRNA-,14.0,1.1760912590556813
NZ_OZ121082.1,99386,<100 kb,tRNA-,11.0,1.0791812460476249
NZ_OZ121085.1,149835,≥100 kb,tRNA-,14.0,1.1760912590556813
NZ_OZ121088.1,7872,<100 kb,tRNA-,2.0,0.47712125471966244
NZ_OZ121092.1,129170,≥100 kb,tRNA-,10.0,1.0413926851582251
NC_010488.1,130440,≥100 kb,tRNA-,11.0,1.0791812460476249
NC_011743.1,55150,<100 kb,tRNA-,7.0,0.9030899869919435
NC_013362.1,63365,<100 kb,tRNA-,1.0,0.3010299956639812
NC_017659.1,147060,≥100 kb,tRNA-,13.0,1.146128035678238
NZ_CP006635.1,161511,≥100 kb,tRNA-,20.0,1.3222192947339193
NC_017645.1,160573,≥100 kb,tRNA-,13.0,1.146128035678238
NZ_AGTD01000004.1,103624,≥100 kb,tRNA-,8.0,0.9542425094393249
NZ_AGTD01000002.1,69065,<100 kb,tRNA-,3.0,0.6020599913279624
NC_017654.1,12068,<100 kb,tRNA-,3.0,0.6020599913279624
NC_017658.1,6211,<100 kb,tRNA-,3.0,0.6020599913279624
NZ_HG941719.1,135602,≥100 kb,tRNA-,13.0,1.146128035678238
NC_022371.1,98864,<100 kb,tRNA-,1.0,0.3010299956639812
NZ_CP050997.1,64010,<100 kb,tRNA-,5.0,0.7781512503836436
NZ_CP011135.1,70533,<100 kb,tRNA-,6.0,0.8450980400142568
NZ_CP006639.1,6222,<100 kb,tRNA-,3.0,0.6020599913279624
NZ_CP006641.1,103644,≥100 kb,tRNA-,1.0,0.3010299956639812
NZ_CP006642.1,145722,≥100 kb,tRNA-,15.0,1.2041199826559248
NZ_CP011062.1,255368,≥100 kb,tRNA-,29.0,1.4771212547196624
NZ_CP015086.1,130920,≥100 kb,tRNA-,15.0,1.2041199826559248
NZ_CP024230.1,73915,<100 kb,tRNA-,1.0,0.3010299956639812
NZ_CP024226.1,85864,<100 kb,tRNA-,3.0,0.6020599913279624
NZ_CP024247.1,68864,<100 kb,tRNA-,5.0,0.7781512503836436
NZ_CP040806.1,204246,≥100 kb,tRNA-,16.0,1.2304489213782739
NZ_CP040807.1,90871,<100 kb,tRNA-,7.0,0.9030899869919435
NZ_CP040809.1,80105,<100 kb,tRNA-,11.0,1.0791812460476249
NZ_CP040810.1,79936,<100 kb,tRNA-,10.0,1.0413926851582251
NZ_CP028322.1,96272,<100 kb,tRNA-,6.0,0.8450980400142568
NZ_CP028323.1,12894,<100 kb,tRNA-,3.0,0.6020599913279624
NZ_CP040675.1,68746,<100 kb,tRNA-,1.0,0.3010299956639812
NZ_CP043218.1,102028,≥100 kb,tRNA+,5.0,0.7781512503836436
NZ_CP043219.1,94175,<100 kb,tRNA-,10.0,1.0413926851582251
NZ_CP043220.1,64997,<100 kb,tRNA-,3.0,0.6020599913279624
NZ_CP043182.1,64997,<100 kb,tRNA-,3.0,0.6020599913279624
NZ_CP043186.1,42591,<100 kb,tRNA-,1.0,0.3010299956639812
NZ_CP043184.1,43125,<100 kb,tRNA-,1.0,0.3010299956639812
NZ_CP043188.1,42596,<100 kb,tRNA-,1.0,0.3010299956639812
NZ_CP043190.1,165649,≥100 kb,tRNA-,15.0,1.2041199826559248
NZ_CP043192.1,165649,≥100 kb,tRNA-,15.0,1.2041199826559248
NZ_CP043194.1,64997,<100 kb,tRNA-,3.0,0.6020599913279624
NZ_CP043198.1,64997,<100 kb,tRNA-,3.0,0.6020599913279624
NZ_CP043202.1,64997,<100 kb,tRNA-,3.0,0.6020599913279624
NZ_CP043206.1,64997,<100 kb,tRNA-,3.0,0.6020599913279624
NZ_CP043200.1,64997,<100 kb,tRNA-,3.0,0.6020599913279624
NZ_CP043204.1,64415,<100 kb,tRNA-,3.0,0.6020599913279624
NZ_CP043208.1,64997,<100 kb,tRNA-,3.0,0.6020599913279624
NZ_CP043210.1,64997,<100 kb,tRNA-,3.0,0.6020599913279624
NZ_CP043212.1,64997,<100 kb,tRNA-,3.0,0.6020599913279624
NZ_CP051431.1,217533,≥100 kb,tRNA-,12.0,1.1139433523068367
NZ_CP051432.1,45814,<100 kb,tRNA-,1.0,0.3010299956639812
NZ_CP038297.1,6211,<100 kb,tRNA-,3.0,0.6020599913279624
NZ_CP038299.1,70894,<100 kb,tRNA-,5.0,0.7781512503836436
NZ_CP038385.1,80565,<100 kb,tRNA-,2.0,0.47712125471966244
NZ_CP038384.1,69832,<100 kb,tRNA-,1.0,0.3010299956639812
NZ_CP038391.1,9563,<100 kb,tRNA-,4.0,0.6989700043360189
NZ_CP053046.1,130643,≥100 kb,tRNA-,8.0,0.9542425094393249
NZ_CP053047.1,57105,<100 kb,tRNA-,3.0,0.6020599913279624
NZ_CP039843.1,95647,<100 kb,tRNA+,3.0,0.6020599913279624
NZ_CP039841.1,6200,<100 kb,tRNA-,3.0,0.6020599913279624
NZ_CP055600.1,113051,≥100 kb,tRNA+,2.0,0.47712125471966244
NZ_CP055601.1,112380,≥100 kb,tRNA-,5.0,0.7781512503836436
NZ_CP055676.1,282651,≥100 kb,tRNA-,23.0,1.380211241711606
NZ_CP057312.1,277375,≥100 kb,tRNA-,21.0,1.3424226808222062
NZ_CP057358.1,285327,≥100 kb,tRNA-,23.0,1.380211241711606
NZ_CP058058.1,116881,≥100 kb,tRNA-,6.0,0.8450980400142568
NZ_CP051610.1,113351,≥100 kb,tRNA-,13.0,1.146128035678238
NZ_CP051616.1,134872,≥100 kb,tRNA-,13.0,1.146128035678238
NZ_CP048244.1,331410,≥100 kb,tRNA-,2.0,0.47712125471966244
NZ_CP061766.1,3256,<100 kb,tRNA-,1.0,0.3010299956639812
NZ_CP062825.1,109586,≥100 kb,tRNA-,4.0,0.6989700043360189
NZ_CP062858.1,150153,≥100 kb,tRNA-,6.0,0.8450980400142568
NZ_CP062866.1,109586,≥100 kb,tRNA-,4.0,0.6989700043360189
NZ_CP066086.1,57214,<100 kb,tRNA-,7.0,0.9030899869919435
NZ_AP022327.1,139450,≥100 kb,tRNA-,13.0,1.146128035678238
NZ_CP069648.1,67974,<100 kb,tRNA-,5.0,0.7781512503836436
NZ_CP069650.1,33290,<100 kb,tRNA-,1.0,0.3010299956639812
NZ_CP069658.1,163427,≥100 kb,tRNA-,21.0,1.3424226808222062
NZ_CP069659.1,95526,<100 kb,tRNA-,6.0,0.8450980400142568
NZ_CP069660.1,61257,<100 kb,tRNA-,1.0,0.3010299956639812
NZ_CP069661.1,33303,<100 kb,tRNA-,1.0,0.3010299956639812
NZ_CP069667.1,85440,<100 kb,tRNA-,7.0,0.9030899869919435
NZ_CP069668.1,74912,<100 kb,tRNA-,2.0,0.47712125471966244
NZ_CP069669.1,33303,<100 kb,tRNA-,1.0,0.3010299956639812
NZ_CP069683.1,283245,≥100 kb,tRNA-,18.0,1.2787536009528289
NZ_CP069687.1,5309,<100 kb,tRNA-,1.0,0.3010299956639812
NZ_CP069690.1,3191,<100 kb,tRNA-,1.0,0.3010299956639812
NZ_CP075898.1,119838,≥100 kb,tRNA+,4.0,0.6989700043360189
NZ_CP035857.1,90447,<100 kb,tRNA-,10.0,1.0413926851582251
NZ_CP080248.1,93013,<100 kb,tRNA-,12.0,1.1139433523068367
NZ_CP082334.1,133106,≥100 kb,tRNA-,3.0,0.6020599913279624
NZ_CP079886.1,66077,<100 kb,tRNA-,2.0,0.47712125471966244
NZ_CP079890.1,5488,<100 kb,tRNA-,1.0,0.3010299956639812
NZ_CP079893.1,61228,<100 kb,tRNA-,1.0,0.3010299956639812
NZ_CP070874.1,255882,≥100 kb,tRNA-,13.0,1.146128035678238
NZ_CP070875.1,128710,≥100 kb,tRNA-,8.0,0.9542425094393249
NZ_CP083639.1,57214,<100 kb,tRNA-,7.0,0.9030899869919435
NZ_CP070952.1,184652,≥100 kb,tRNA-,24.0,1.3979400086720377
NZ_CP070953.1,124087,≥100 kb,tRNA-,1.0,0.3010299956639812
NZ_CP086605.1,236839,≥100 kb,tRNA-,20.0,1.3222192947339193
NZ_CP086606.1,119765,≥100 kb,tRNA+,1.0,0.3010299956639812
NZ_CP086608.1,61140,<100 kb,tRNA-,1.0,0.3010299956639812
NZ_CP070955.1,143778,≥100 kb,tRNA-,3.0,0.6020599913279624
NZ_CP070956.1,93652,<100 kb,tRNA-,5.0,0.7781512503836436
NZ_CP060948.1,86240,<100 kb,tRNA-,3.0,0.6020599913279624
NZ_CP060949.1,61845,<100 kb,tRNA-,6.0,0.8450980400142568
NZ_CP093241.1,54584,<100 kb,tRNA-,3.0,0.6020599913279624
NZ_CP095789.1,124926,≥100 kb,tRNA-,11.0,1.0791812460476249
NZ_CP095787.1,230045,≥100 kb,tRNA-,12.0,1.1139433523068367
NZ_CP095792.1,59528,<100 kb,tRNA-,1.0,0.3010299956639812
NZ_CP095791.1,99658,<100 kb,tRNA-,7.0,0.9030899869919435
NZ_CP095844.1,190391,≥100 kb,tRNA-,8.0,0.9542425094393249
NZ_CP092416.1,48395,<100 kb,tRNA-,5.0,0.7781512503836436
NZ_CP101463.1,111141,≥100 kb,tRNA-,10.0,1.0413926851582251
NZ_CP103558.1,125598,≥100 kb,tRNA-,1.0,0.3010299956639812
NZ_CP103593.1,138020,≥100 kb,tRNA-,13.0,1.146128035678238
NZ_CP103594.1,94615,<100 kb,tRNA-,6.0,0.8450980400142568
NZ_CP103509.1,111292,≥100 kb,tRNA-,3.0,0.6020599913279624
NZ_CP103563.1,241084,≥100 kb,tRNA-,16.0,1.2304489213782739
NZ_CP103564.1,37348,<100 kb,tRNA-,1.0,0.3010299956639812
NZ_CP103466.1,122603,≥100 kb,tRNA-,13.0,1.146128035678238
NZ_CP103711.1,178234,≥100 kb,tRNA-,7.0,0.9030899869919435
NZ_CP103712.1,81007,<100 kb,tRNA-,3.0,0.6020599913279624
NZ_CP103743.1,136642,≥100 kb,tRNA-,13.0,1.146128035678238
NZ_CP099350.1,277375,≥100 kb,tRNA-,21.0,1.3424226808222062
NZ_CP099354.1,8401,<100 kb,tRNA-,4.0,0.6989700043360189
NZ_CP099359.1,116881,≥100 kb,tRNA-,6.0,0.8450980400142568
NZ_CP099329.1,112169,≥100 kb,tRNA-,3.0,0.6020599913279624
NZ_CP099339.1,108225,≥100 kb,tRNA-,6.0,0.8450980400142568
NZ_CP124741.1,286775,≥100 kb,tRNA+,1.0,0.3010299956639812
NZ_CP125352.1,82020,<100 kb,tRNA-,10.0,1.0413926851582251
NZ_AP025743.1,123362,≥100 kb,tRNA-,8.0,0.9542425094393249
NZ_AP027927.1,234318,≥100 kb,tRNA-,13.0,1.146128035678238
NZ_CP126950.1,115173,≥100 kb,tRNA-,5.0,0.7781512503836436
NZ_CP126954.1,114229,≥100 kb,tRNA-,3.0,0.6020599913279624
NZ_CP126947.1,204838,≥100 kb,tRNA-,1.0,0.3010299956639812
NZ_CP126933.1,90722,<100 kb,tRNA+,1.0,0.3010299956639812
NZ_CP127266.1,76371,<100 kb,tRNA-,8.0,0.9542425094393249
NZ_CP137857.1,44817,<100 kb,tRNA-,3.0,0.6020599913279624
NZ_CP137858.1,105283,≥100 kb,tRNA-,1.0,0.3010299956639812
NZ_AP028816.1,170087,≥100 kb,tRNA-,7.0,0.9030899869919435
NZ_AP028823.1,116758,≥100 kb,tRNA+,7.0,0.9030899869919435
NZ_AP028824.1,115142,≥100 kb,tRNA-,1.0,0.3010299956639812
NZ_AP028828.1,137465,≥100 kb,tRNA-,1.0,0.3010299956639812
NZ_AP028829.1,122823,≥100 kb,tRNA+,9.0,1.0
NZ_AP028833.1,137416,≥100 kb,tRNA-,1.0,0.3010299956639812
NZ_AP028834.1,127982,≥100 kb,tRNA+,9.0,1.0
NZ_AP028838.1,137396,≥100 kb,tRNA-,1.0,0.3010299956639812
NZ_AP028839.1,115847,≥100 kb,tRNA+,2.0,0.47712125471966244
NZ_AP028843.1,137403,≥100 kb,tRNA-,1.0,0.3010299956639812
NZ_AP028844.1,115846,≥100 kb,tRNA+,1.0,0.3010299956639812
NZ_AP028848.1,140068,≥100 kb,tRNA-,1.0,0.3010299956639812
NZ_AP028849.1,122823,≥100 kb,tRNA+,9.0,1.0
NZ_AP028853.1,200586,≥100 kb,tRNA-,6.0,0.8450980400142568
NZ_AP028854.1,134363,≥100 kb,tRNA-,1.0,0.3010299956639812
NZ_AP028855.1,120834,≥100 kb,tRNA+,6.0,0.8450980400142568
NZ_AP028859.1,140111,≥100 kb,tRNA-,1.0,0.3010299956639812
NZ_AP028860.1,122823,≥100 kb,tRNA+,9.0,1.0
NZ_CP146381.1,105106,≥100 kb,tRNA-,28.0,1.462397997898956
NZ_CP171348.1,213209,≥100 kb,tRNA-,1.0,0.3010299956639812
NZ_CP085005.1,76636,<100 kb,tRNA+,1.0,0.3010299956639812
NZ_CP085019.1,63315,<100 kb,tRNA-,3.0,0.6020599913279624
NZ_CP085239.1,76636,<100 kb,tRNA+,1.0,0.3010299956639812
NZ_CP174454.1,128833,≥100 kb,tRNA-,3.0,0.6020599913279624
NZ_CP174455.1,71750,<100 kb,tRNA-,3.0,0.6020599913279624
NZ_CP174274.1,102713,≥100 kb,tRNA-,1.0,0.3010299956639812
NZ_CP166685.1,135640,≥100 kb,tRNA-,7.0,0.9030899869919435
NZ_CP166684.1,251846,≥100 kb,tRNA-,17.0,1.255272505103306
NZ_CP183078.1,85349,<100 kb,tRNA-,1.0,0.3010299956639812
NZ_OX637960.1,162859,≥100 kb,tRNA-,14.0,1.1760912590556813
NZ_OX637962.1,146919,≥100 kb,tRNA-,13.0,1.146128035678238
NZ_OX637963.1,78028,<100 kb,tRNA-,4.0,0.6989700043360189
NZ_OX637965.1,123938,≥100 kb,tRNA-,4.0,0.6989700043360189
NZ_OY019089.1,168227,≥100 kb,tRNA-,7.0,0.9030899869919435
NZ_AP022346.1,16356,<100 kb,tRNA-,2.0,0.47712125471966244
NZ_AP022348.1,16356,<100 kb,tRNA-,2.0,0.47712125471966244
NZ_AP025318.1,309146,≥100 kb,tRNA-,1.0,0.3010299956639812
NZ_AP025323.1,62265,<100 kb,tRNA-,1.0,0.3010299956639812
NZ_CP188023.1,290519,≥100 kb,tRNA-,1.0,0.3010299956639812
NC_020051.1,201822,≥100 kb,tRNA-,2.0,0.47712125471966244
NZ_CP023058.1,10207,<100 kb,tRNA-,1.0,0.3010299956639812
NZ_CP033083.2,9949,<100 kb,tRNA-,4.0,0.6989700043360189
NZ_CP142605.1,68567,<100 kb,tRNA-,3.0,0.6020599913279624
NZ_CP033082.2,106440,≥100 kb,tRNA-,1.0,0.3010299956639812
NZ_CP043625.1,52466,<100 kb,tRNA-,1.0,0.3010299956639812
NZ_CP069807.1,71437,<100 kb,tRNA-,6.0,0.8450980400142568
NZ_CP069808.1,44941,<100 kb,tRNA-,1.0,0.3010299956639812
NZ_CP071492.1,5215,<100 kb,tRNA-,1.0,0.3010299956639812
NZ_CP127169.1,42121,<100 kb,tRNA-,5.0,0.7781512503836436
NZ_CP084075.1,2108235,≥100 kb,tRNA+,1.0,0.3010299956639812
NZ_CP178604.1,80486,<100 kb,tRNA-,5.0,0.7781512503836436
NZ_CP181438.1,3789,<100 kb,tRNA-,2.0,0.47712125471966244
NZ_CP040452.1,1833961,≥100 kb,tRNA+,1.0,0.3010299956639812
NZ_CP083738.1,212640,≥100 kb,tRNA-,1.0,0.3010299956639812
NZ_CP085950.1,5457,<100 kb,tRNA-,3.0,0.6020599913279624
NZ_CP131721.1,5403,<100 kb,tRNA-,3.0,0.6020599913279624
NZ_CP186713.1,48097,<100 kb,tRNA-,6.0,0.8450980400142568
NZ_CP030127.1,1184037,≥100 kb,tRNA+,3.0,0.6020599913279624
NZ_CP050949.1,77252,<100 kb,tRNA-,1.0,0.3010299956639812
NZ_CP050950.1,34219,<100 kb,tRNA-,1.0,0.3010299956639812
NZ_CP088082.1,708898,≥100 kb,tRNA+,2.0,0.47712125471966244
NZ_CP095055.1,3986,<100 kb,tRNA-,1.0,0.3010299956639812
NC_021501.1,110781,≥100 kb,tRNA-,5.0,0.7781512503836436
NC_018107.1,353865,≥100 kb,tRNA-,28.0,1.462397997898956
NC_020180.1,162202,≥100 kb,tRNA-,9.0,1.0
NZ_CP006663.1,117755,≥100 kb,tRNA-,3.0,0.6020599913279624
NZ_CP006662.2,85161,<100 kb,tRNA-,15.0,1.2041199826559248
NZ_CP006661.1,140825,≥100 kb,tRNA-,9.0,1.0
NZ_CP009116.1,94760,<100 kb,tRNA-,17.0,1.255272505103306
NZ_CP009115.1,118061,≥100 kb,tRNA-,14.0,1.1760912590556813
NZ_CP008930.1,187571,≥100 kb,tRNA-,1.0,0.3010299956639812
NZ_CP008932.1,69947,<100 kb,tRNA-,1.0,0.3010299956639812
NZ_CP008933.1,304526,≥100 kb,tRNA-,22.0,1.3617278360175928
NZ_CP010394.1,13841,<100 kb,tRNA-,1.0,0.3010299956639812
NZ_CP010393.1,207543,≥100 kb,tRNA-,8.0,0.9542425094393249
NZ_CP010396.1,71572,<100 kb,tRNA-,11.0,1.0791812460476249
NZ_CP011573.1,13981,<100 kb,tRNA-,4.0,0.6989700043360189
NZ_CP011617.1,115319,≥100 kb,tRNA-,8.0,0.9542425094393249
NZ_CP011614.1,92095,<100 kb,tRNA-,10.0,1.0413926851582251
NZ_CP011615.1,113105,≥100 kb,tRNA-,4.0,0.6989700043360189
NZ_CP011576.1,49832,<100 kb,tRNA-,3.0,0.6020599913279624
NZ_CP011575.1,43621,<100 kb,tRNA-,7.0,0.9030899869919435
NZ_CP011620.1,39554,<100 kb,tRNA-,3.0,0.6020599913279624
NZ_CP011621.1,77808,<100 kb,tRNA-,5.0,0.7781512503836436
NZ_CP011622.1,176497,≥100 kb,tRNA-,16.0,1.2304489213782739
NZ_CP011644.1,40939,<100 kb,tRNA-,3.0,0.6020599913279624
NZ_CP011645.1,77801,<100 kb,tRNA-,10.0,1.0413926851582251
NZ_CP011646.1,96702,<100 kb,tRNA-,6.0,0.8450980400142568
NZ_CP011596.1,113992,≥100 kb,tRNA-,8.0,0.9542425094393249
NZ_CP011593.1,68910,<100 kb,tRNA-,5.0,0.7781512503836436
NZ_CP011595.1,113105,≥100 kb,tRNA-,4.0,0.6989700043360189
NZ_CP073055.1,324410,≥100 kb,tRNA-,10.0,1.0413926851582251
NZ_CP073057.1,114263,≥100 kb,tRNA-,10.0,1.0413926851582251
NZ_CP012754.1,273628,≥100 kb,tRNA-,13.0,1.146128035678238
NZ_CP012755.1,6141,<100 kb,tRNA-,2.0,0.47712125471966244
NZ_LN824135.1,118323,≥100 kb,tRNA-,2.0,0.47712125471966244
NZ_LN824138.1,84940,<100 kb,tRNA-,4.0,0.6989700043360189
NZ_CP012991.1,3223,<100 kb,tRNA-,1.0,0.3010299956639812
NZ_CP012988.3,190072,≥100 kb,tRNA-,11.0,1.0791812460476249
NZ_CP014305.2,3223,<100 kb,tRNA-,1.0,0.3010299956639812
NZ_CP012993.2,190072,≥100 kb,tRNA-,11.0,1.0791812460476249
NZ_CP013324.1,166486,≥100 kb,tRNA-,12.0,1.1139433523068367
NZ_CP013326.1,77808,<100 kb,tRNA-,5.0,0.7781512503836436
NZ_CP013325.1,49565,<100 kb,tRNA-,7.0,0.9030899869919435
NZ_CP011540.1,174066,≥100 kb,tRNA-,12.0,1.1139433523068367
NZ_CP015502.1,140874,≥100 kb,tRNA-,2.0,0.47712125471966244
NZ_CP015503.1,84941,<100 kb,tRNA-,4.0,0.6989700043360189
NZ_CP014757.1,54064,<100 kb,tRNA-,12.0,1.1139433523068367
NZ_CP014758.1,38384,<100 kb,tRNA-,1.0,0.3010299956639812
NZ_CP015991.1,76251,<100 kb,tRNA-,12.0,1.1139433523068367
NZ_CP014765.1,106559,≥100 kb,tRNA-,4.0,0.6989700043360189
NZ_CP015026.1,170926,≥100 kb,tRNA-,3.0,0.6020599913279624
NZ_CP015131.1,142858,≥100 kb,tRNA-,8.0,0.9542425094393249
NZ_CP014650.1,113639,≥100 kb,tRNA-,7.0,0.9030899869919435
NZ_CP014648.1,40448,<100 kb,tRNA-,8.0,0.9542425094393249
NZ_CP052762.1,272742,≥100 kb,tRNA-,14.0,1.1760912590556813
NZ_CP052763.1,52578,<100 kb,tRNA-,4.0,0.6989700043360189
NZ_CP027044.1,168873,≥100 kb,tRNA-,5.0,0.7781512503836436
NZ_CP027047.1,53495,<100 kb,tRNA-,9.0,1.0
NZ_CP027043.1,192771,≥100 kb,tRNA-,20.0,1.3222192947339193
NZ_CP027037.1,187670,≥100 kb,tRNA-,11.0,1.0791812460476249
NZ_CP027039.1,63589,<100 kb,tRNA-,2.0,0.47712125471966244
NZ_CP027038.1,155161,≥100 kb,tRNA-,18.0,1.2787536009528289
NZ_CP027052.1,13841,<100 kb,tRNA-,1.0,0.3010299956639812
NZ_CP027050.1,50979,<100 kb,tRNA-,6.0,0.8450980400142568
NZ_CP027049.1,170467,≥100 kb,tRNA-,8.0,0.9542425094393249
NZ_CP027058.1,13841,<100 kb,tRNA-,1.0,0.3010299956639812
NZ_CP027056.1,95481,<100 kb,tRNA-,7.0,0.9030899869919435
NZ_CP027054.1,197872,≥100 kb,tRNA-,8.0,0.9542425094393249
NZ_CP027055.1,175636,≥100 kb,tRNA-,20.0,1.3222192947339193
NZ_CP016810.1,307743,≥100 kb,tRNA-,7.0,0.9030899869919435
NZ_CP016812.1,65887,<100 kb,tRNA-,2.0,0.47712125471966244
NZ_CP015823.1,205221,≥100 kb,tRNA-,8.0,0.9542425094393249
NZ_CP015824.1,103147,≥100 kb,tRNA-,4.0,0.6989700043360189
NZ_CP015825.1,43322,<100 kb,tRNA-,2.0,0.47712125471966244
NZ_CP016921.1,283369,≥100 kb,tRNA-,15.0,1.2041199826559248
NZ_CP016920.1,6139,<100 kb,tRNA-,2.0,0.47712125471966244
NZ_CP016919.1,70830,<100 kb,tRNA-,16.0,1.2304489213782739
NZ_CP016925.1,63291,<100 kb,tRNA-,11.0,1.0791812460476249
NZ_CP016927.1,72093,<100 kb,tRNA-,7.0,0.9030899869919435
NZ_CP089428.1,266289,≥100 kb,tRNA-,16.0,1.2304489213782739
NZ_CP089429.1,66743,<100 kb,tRNA-,3.0,0.6020599913279624
NZ_CP089430.1,47288,<100 kb,tRNA-,1.0,0.3010299956639812
NZ_CP089431.1,34269,<100 kb,tRNA-,2.0,0.47712125471966244
NZ_CP089432.1,33041,<100 kb,tRNA-,1.0,0.3010299956639812
NZ_CP012569.1,83730,<100 kb,tRNA-,2.0,0.47712125471966244
NZ_CP012571.1,126863,≥100 kb,tRNA-,4.0,0.6989700043360189
NZ_CP012428.1,54744,<100 kb,tRNA-,6.0,0.8450980400142568
NZ_CP011839.1,90103,<100 kb,tRNA-,12.0,1.1139433523068367
NZ_CP012562.1,6141,<100 kb,tRNA-,2.0,0.47712125471966244
NZ_CP012564.1,88800,<100 kb,tRNA-,4.0,0.6989700043360189
NZ_CP012566.1,127690,≥100 kb,tRNA-,3.0,0.6020599913279624
NZ_CP012567.1,196706,≥100 kb,tRNA-,1.0,0.3010299956639812
NZ_CP017937.1,43621,<100 kb,tRNA-,7.0,0.9030899869919435
NZ_CP017936.1,76186,<100 kb,tRNA-,4.0,0.6989700043360189
NZ_CP017935.1,89621,<100 kb,tRNA-,2.0,0.47712125471966244
NZ_CP017929.1,113105,≥100 kb,tRNA-,4.0,0.6989700043360189
NZ_CP017930.1,114139,≥100 kb,tRNA-,8.0,0.9542425094393249
NZ_CP017932.1,76186,<100 kb,tRNA-,5.0,0.7781512503836436
NZ_CP018318.1,96082,<100 kb,tRNA-,8.0,0.9542425094393249
NZ_CP018315.1,63587,<100 kb,tRNA-,2.0,0.47712125471966244
NZ_CP018316.1,61012,<100 kb,tRNA-,9.0,1.0
NZ_CP026584.1,156099,≥100 kb,tRNA-,10.0,1.0413926851582251
NZ_CP018431.1,18890,<100 kb,tRNA-,1.0,0.3010299956639812
NZ_CP018432.1,52059,<100 kb,tRNA-,5.0,0.7781512503836436
NZ_CP018430.1,208225,≥100 kb,tRNA-,8.0,0.9542425094393249
NZ_CP018425.1,15270,<100 kb,tRNA-,1.0,0.3010299956639812
NZ_CP018426.1,52058,<100 kb,tRNA-,1.0,0.3010299956639812
NZ_CP018424.1,208225,≥100 kb,tRNA-,8.0,0.9542425094393249
NZ_CP018433.1,15273,<100 kb,tRNA-,1.0,0.3010299956639812
NZ_CP018436.1,52058,<100 kb,tRNA-,1.0,0.3010299956639812
NZ_CP018434.1,208225,≥100 kb,tRNA-,8.0,0.9542425094393249
NZ_CP031884.1,105259,≥100 kb,tRNA-,4.0,0.6989700043360189
NZ_CP031883.1,110966,≥100 kb,tRNA-,11.0,1.0791812460476249
NZ_CP018353.1,13841,<100 kb,tRNA-,1.0,0.3010299956639812
NZ_CP018355.1,207543,≥100 kb,tRNA-,8.0,0.9542425094393249
NZ_CP018354.1,45742,<100 kb,tRNA-,7.0,0.9030899869919435
NZ_CP018341.1,81641,<100 kb,tRNA-,6.0,0.8450980400142568
NZ_CP018342.1,63588,<100 kb,tRNA-,2.0,0.47712125471966244
NZ_CP018343.1,57266,<100 kb,tRNA-,2.0,0.47712125471966244
NZ_CP018365.1,260772,≥100 kb,tRNA-,14.0,1.1760912590556813
NZ_CP018366.1,94434,<100 kb,tRNA-,5.0,0.7781512503836436
NZ_CP018441.1,180027,≥100 kb,tRNA-,6.0,0.8450980400142568
NZ_CP018443.1,50611,<100 kb,tRNA-,2.0,0.47712125471966244
NZ_CP018442.1,34374,<100 kb,tRNA-,4.0,0.6989700043360189
NZ_CP018448.1,90685,<100 kb,tRNA-,20.0,1.3222192947339193
NZ_CP018449.1,67101,<100 kb,tRNA-,6.0,0.8450980400142568
NZ_CP018455.1,162552,≥100 kb,tRNA-,11.0,1.0791812460476249
NZ_CP018451.1,90684,<100 kb,tRNA-,18.0,1.2787536009528289
NZ_CP018452.1,67100,<100 kb,tRNA-,6.0,0.8450980400142568
NZ_CP018689.1,96070,<100 kb,tRNA-,8.0,0.9542425094393249
NZ_CP018690.1,63589,<100 kb,tRNA-,2.0,0.47712125471966244
NZ_CP018691.1,61007,<100 kb,tRNA-,9.0,1.0
NZ_CP018704.1,96073,<100 kb,tRNA-,8.0,0.9542425094393249
NZ_CP018706.1,63588,<100 kb,tRNA-,2.0,0.47712125471966244
NZ_CP018705.1,61010,<100 kb,tRNA-,12.0,1.1139433523068367
NZ_CP018668.1,43621,<100 kb,tRNA-,7.0,0.9030899869919435
NZ_CP018669.1,88688,<100 kb,tRNA-,11.0,1.0791812460476249
NZ_CP018710.1,96073,<100 kb,tRNA-,8.0,0.9542425094393249
NZ_CP018711.1,61009,<100 kb,tRNA-,11.0,1.0791812460476249
NZ_CP018716.1,96074,<100 kb,tRNA-,8.0,0.9542425094393249
NZ_CP018717.1,63589,<100 kb,tRNA-,2.0,0.47712125471966244
NZ_CP018718.1,61010,<100 kb,tRNA-,9.0,1.0
NZ_CP018722.1,96073,<100 kb,tRNA-,8.0,0.9542425094393249
NZ_CP018723.1,63588,<100 kb,tRNA-,2.0,0.47712125471966244
NZ_CP018724.1,61012,<100 kb,tRNA-,11.0,1.0791812460476249
NZ_CP018698.1,96072,<100 kb,tRNA-,7.0,0.9030899869919435
NZ_CP018700.1,63588,<100 kb,tRNA-,2.0,0.47712125471966244
NZ_CP018699.1,61010,<100 kb,tRNA-,10.0,1.0413926851582251
NZ_CP018693.1,180027,≥100 kb,tRNA-,6.0,0.8450980400142568
NZ_CP018694.1,50609,<100 kb,tRNA-,2.0,0.47712125471966244
NZ_CP018737.1,72952,<100 kb,tRNA-,11.0,1.0791812460476249
NZ_CP018736.1,63589,<100 kb,tRNA-,2.0,0.47712125471966244
NZ_CP018817.1,140825,≥100 kb,tRNA-,9.0,1.0
NZ_CP018818.1,117755,≥100 kb,tRNA-,3.0,0.6020599913279624
NZ_CP018819.1,85161,<100 kb,tRNA-,11.0,1.0791812460476249
NZ_CP019220.1,73952,<100 kb,tRNA-,12.0,1.1139433523068367
NZ_CP015383.1,182846,≥100 kb,tRNA-,5.0,0.7781512503836436
NZ_CP015384.1,15100,<100 kb,tRNA-,1.0,0.3010299956639812
NZ_CP015386.1,199497,≥100 kb,tRNA-,7.0,0.9030899869919435
NZ_CP015387.1,139933,≥100 kb,tRNA-,12.0,1.1139433523068367
NZ_CP015388.1,89067,<100 kb,tRNA-,7.0,0.9030899869919435
NZ_CP015393.1,202696,≥100 kb,tRNA-,3.0,0.6020599913279624
NZ_CP015394.1,154343,≥100 kb,tRNA-,11.0,1.0791812460476249
NZ_CP015395.1,116419,≥100 kb,tRNA-,7.0,0.9030899869919435
NZ_CP015396.1,110092,≥100 kb,tRNA-,1.0,0.3010299956639812
NZ_CP015397.1,9456,<100 kb,tRNA-,1.0,0.3010299956639812
NZ_CP017987.1,117168,≥100 kb,tRNA-,10.0,1.0413926851582251
NZ_CP017989.1,61011,<100 kb,tRNA-,9.0,1.0
NZ_CP020062.1,152697,≥100 kb,tRNA-,6.0,0.8450980400142568
NZ_CP020064.1,83376,<100 kb,tRNA-,4.0,0.6989700043360189
NZ_CP020066.1,72663,<100 kb,tRNA-,6.0,0.8450980400142568
NZ_CP020068.1,276460,≥100 kb,tRNA-,18.0,1.2787536009528289
NZ_CP020069.1,213013,≥100 kb,tRNA-,1.0,0.3010299956639812
NZ_CP020070.1,37875,<100 kb,tRNA-,7.0,0.9030899869919435
NZ_CP020072.1,209424,≥100 kb,tRNA-,8.0,0.9542425094393249
NZ_CP020073.1,39762,<100 kb,tRNA-,3.0,0.6020599913279624
NZ_CP020074.1,43380,<100 kb,tRNA-,2.0,0.47712125471966244
NZ_CP020075.1,22062,<100 kb,tRNA-,4.0,0.6989700043360189
NZ_CP020109.1,169952,≥100 kb,tRNA-,7.0,0.9030899869919435
NZ_CP020110.1,73467,<100 kb,tRNA-,13.0,1.146128035678238
NZ_CP020112.1,13841,<100 kb,tRNA-,1.0,0.3010299956639812
NZ_CP020902.1,338512,≥100 kb,tRNA-,16.0,1.2304489213782739
NZ_CP020903.1,200365,≥100 kb,tRNA-,3.0,0.6020599913279624
NZ_CP020904.1,120533,≥100 kb,tRNA-,10.0,1.0413926851582251
NZ_CP020838.1,232540,≥100 kb,tRNA-,8.0,0.9542425094393249
NZ_CP020840.1,11984,<100 kb,tRNA-,1.0,0.3010299956639812
NZ_CP020842.1,180210,≥100 kb,tRNA-,3.0,0.6020599913279624
NZ_CP020844.1,74177,<100 kb,tRNA-,4.0,0.6989700043360189
NZ_CP020854.1,292471,≥100 kb,tRNA-,15.0,1.2041199826559248
NZ_CP020855.1,221428,≥100 kb,tRNA-,1.0,0.3010299956639812
NZ_CP020856.1,76158,<100 kb,tRNA-,11.0,1.0791812460476249
NZ_CP043349.1,141339,≥100 kb,tRNA-,6.0,0.8450980400142568
NZ_CP043350.1,180572,≥100 kb,tRNA-,12.0,1.1139433523068367
NZ_CP043351.1,106448,≥100 kb,tRNA-,6.0,0.8450980400142568
NZ_CP031717.1,18218,<100 kb,tRNA-,7.0,0.9030899869919435
NZ_CP031720.1,154957,≥100 kb,tRNA-,9.0,1.0
NZ_CP028541.2,177516,≥100 kb,tRNA-,19.0,1.3010299956639813
NZ_CP021540.1,201874,≥100 kb,tRNA-,7.0,0.9030899869919435
NZ_CP021541.1,111531,≥100 kb,tRNA-,6.0,0.8450980400142568
NZ_CP021543.1,15271,<100 kb,tRNA-,1.0,0.3010299956639812
NZ_CP021544.1,208223,≥100 kb,tRNA-,8.0,0.9542425094393249
NZ_CP021545.1,125536,≥100 kb,tRNA-,2.0,0.47712125471966244
NZ_CP021546.1,74660,<100 kb,tRNA-,7.0,0.9030899869919435
NZ_CP021547.1,45740,<100 kb,tRNA-,7.0,0.9030899869919435
NZ_CP021548.1,22633,<100 kb,tRNA-,1.0,0.3010299956639812
NZ_CP021686.1,183376,≥100 kb,tRNA-,3.0,0.6020599913279624
NZ_CP021687.1,96814,<100 kb,tRNA-,5.0,0.7781512503836436
NZ_CP021688.1,90199,<100 kb,tRNA-,9.0,1.0
NZ_CP021698.1,87411,<100 kb,tRNA-,9.0,1.0
NZ_CP021699.1,354705,≥100 kb,tRNA-,16.0,1.2304489213782739
NZ_CP021713.1,208224,≥100 kb,tRNA-,8.0,0.9542425094393249
NZ_CP021717.1,15271,<100 kb,tRNA-,1.0,0.3010299956639812
NZ_CP021709.1,186758,≥100 kb,tRNA-,11.0,1.0791812460476249
NZ_CP021710.1,214114,≥100 kb,tRNA-,1.0,0.3010299956639812
NZ_CP021711.1,78638,<100 kb,tRNA-,5.0,0.7781512503836436
NZ_CP021712.1,70457,<100 kb,tRNA-,12.0,1.1139433523068367
NZ_CP021741.1,89621,<100 kb,tRNA-,2.0,0.47712125471966244
NZ_CP021742.1,76179,<100 kb,tRNA-,6.0,0.8450980400142568
NZ_CP021743.1,43620,<100 kb,tRNA-,7.0,0.9030899869919435
NZ_CP021752.1,209550,≥100 kb,tRNA-,8.0,0.9542425094393249
NZ_CP021754.1,74751,<100 kb,tRNA-,7.0,0.9030899869919435
NZ_CP021755.1,45740,<100 kb,tRNA-,5.0,0.7781512503836436
NZ_CP021756.1,22632,<100 kb,tRNA-,5.0,0.7781512503836436
NZ_CP021758.1,121057,≥100 kb,tRNA-,3.0,0.6020599913279624
NZ_CP021761.1,79767,<100 kb,tRNA-,19.0,1.3010299956639813
NZ_CP021834.1,212837,≥100 kb,tRNA-,7.0,0.9030899869919435
NZ_CP021835.1,210045,≥100 kb,tRNA-,8.0,0.9542425094393249
NZ_CP021837.1,15271,<100 kb,tRNA-,1.0,0.3010299956639812
NZ_CP021856.1,146168,≥100 kb,tRNA-,8.0,0.9542425094393249
NZ_CP021858.1,47277,<100 kb,tRNA-,7.0,0.9030899869919435
NZ_CP021860.1,24749,<100 kb,tRNA-,5.0,0.7781512503836436
NZ_CP021861.1,79489,<100 kb,tRNA-,10.0,1.0413926851582251
NZ_CP021941.1,54064,<100 kb,tRNA-,12.0,1.1139433523068367
NZ_CP021943.1,38384,<100 kb,tRNA-,1.0,0.3010299956639812
NZ_CP021958.1,128920,≥100 kb,tRNA-,11.0,1.0791812460476249
NZ_CP021959.1,89382,<100 kb,tRNA-,2.0,0.47712125471966244
NZ_CP021961.1,97389,<100 kb,tRNA-,11.0,1.0791812460476249
NZ_CP021962.1,132217,≥100 kb,tRNA+,4.0,0.6989700043360189
NZ_CP021946.1,120345,≥100 kb,tRNA-,7.0,0.9030899869919435
NZ_CP021947.1,54064,<100 kb,tRNA-,11.0,1.0791812460476249
NZ_CP021948.1,38384,<100 kb,tRNA-,1.0,0.3010299956639812
NZ_CP021951.1,181589,≥100 kb,tRNA-,3.0,0.6020599913279624
NZ_CP021952.1,176349,≥100 kb,tRNA-,15.0,1.2041199826559248
NZ_CP021953.1,69541,<100 kb,tRNA-,11.0,1.0791812460476249
NZ_CP021956.1,153527,≥100 kb,tRNA-,21.0,1.3424226808222062
NZ_CP022126.1,140133,≥100 kb,tRNA-,9.0,1.0
NZ_CP022125.1,187721,≥100 kb,tRNA-,3.0,0.6020599913279624
NZ_CP022349.1,126877,≥100 kb,tRNA-,4.0,0.6989700043360189
NZ_CP022350.1,106140,≥100 kb,tRNA-,5.0,0.7781512503836436
NZ_CP022574.1,170415,≥100 kb,tRNA-,8.0,0.9542425094393249
NZ_CP022576.1,13841,<100 kb,tRNA-,1.0,0.3010299956639812
NZ_CP036363.1,54110,<100 kb,tRNA-,9.0,1.0
NZ_CP036362.1,120195,≥100 kb,tRNA-,5.0,0.7781512503836436
NZ_CP028389.3,166034,≥100 kb,tRNA-,21.0,1.3424226808222062
NZ_CP043363.1,131027,≥100 kb,tRNA-,4.0,0.6989700043360189
NZ_CP043364.1,127885,≥100 kb,tRNA-,8.0,0.9542425094393249
NZ_CP028804.2,323935,≥100 kb,tRNA-,23.0,1.380211241711606
NZ_CP028805.1,131028,≥100 kb,tRNA-,4.0,0.6989700043360189
NZ_CP043380.1,159323,≥100 kb,tRNA-,10.0,1.0413926851582251
NZ_CP043379.1,37493,<100 kb,tRNA-,4.0,0.6989700043360189
NZ_CP027067.1,120074,≥100 kb,tRNA-,11.0,1.0791812460476249
NZ_CP043598.1,401561,≥100 kb,tRNA-,29.0,1.4771212547196624
NZ_CP023186.1,126846,≥100 kb,tRNA-,4.0,0.6989700043360189
NZ_CP023187.1,106579,≥100 kb,tRNA-,5.0,0.7781512503836436
NZ_CP023188.1,46146,<100 kb,tRNA-,4.0,0.6989700043360189
NZ_CP036321.1,127300,≥100 kb,tRNA-,7.0,0.9030899869919435
NZ_CP036323.1,6136,<100 kb,tRNA-,2.0,0.47712125471966244
NZ_CP023943.1,196733,≥100 kb,tRNA-,11.0,1.0791812460476249
NZ_CP023942.1,187926,≥100 kb,tRNA-,10.0,1.0413926851582251
NZ_CP023948.1,219350,≥100 kb,tRNA-,9.0,1.0
NZ_CP023947.1,153385,≥100 kb,tRNA-,9.0,1.0
NZ_CP023918.1,106914,≥100 kb,tRNA-,16.0,1.2304489213782739
NZ_CP023917.1,164607,≥100 kb,tRNA-,2.0,0.47712125471966244
NZ_CP023916.1,130348,≥100 kb,tRNA-,6.0,0.8450980400142568
NZ_CP023914.1,106853,≥100 kb,tRNA-,5.0,0.7781512503836436
NZ_CP024192.1,221606,≥100 kb,tRNA-,15.0,1.2041199826559248
NZ_CP024194.1,89345,<100 kb,tRNA-,11.0,1.0791812460476249
NZ_CP024494.1,3223,<100 kb,tRNA-,1.0,0.3010299956639812
NZ_CP024459.1,211313,≥100 kb,tRNA-,6.0,0.8450980400142568
NZ_CP024461.1,77269,<100 kb,tRNA-,6.0,0.8450980400142568
NZ_CP024564.1,187611,≥100 kb,tRNA-,8.0,0.9542425094393249
NZ_CP024566.1,89345,<100 kb,tRNA-,11.0,1.0791812460476249
NZ_CP024522.1,221606,≥100 kb,tRNA-,15.0,1.2041199826559248
NZ_CP024524.1,89345,<100 kb,tRNA-,11.0,1.0791812460476249
NZ_CP024529.1,221606,≥100 kb,tRNA-,15.0,1.2041199826559248
NZ_CP024531.1,89345,<100 kb,tRNA-,11.0,1.0791812460476249
NZ_CP024536.1,187611,≥100 kb,tRNA-,8.0,0.9542425094393249
NZ_CP024538.1,89345,<100 kb,tRNA-,11.0,1.0791812460476249
NZ_CP024550.1,187611,≥100 kb,tRNA-,8.0,0.9542425094393249
NZ_CP024552.1,89345,<100 kb,tRNA-,11.0,1.0791812460476249
NZ_CP024557.1,217685,≥100 kb,tRNA-,12.0,1.1139433523068367
NZ_CP024559.1,89345,<100 kb,tRNA-,11.0,1.0791812460476249
NZ_CP024571.1,187611,≥100 kb,tRNA-,8.0,0.9542425094393249
NZ_CP024573.1,90173,<100 kb,tRNA-,11.0,1.0791812460476249
NZ_CP024839.1,130922,≥100 kb,tRNA-,7.0,0.9030899869919435
NZ_CP024840.1,96185,<100 kb,tRNA-,17.0,1.255272505103306
NZ_CP024835.1,112150,≥100 kb,tRNA-,2.0,0.47712125471966244
NZ_CP024836.1,96185,<100 kb,tRNA-,17.0,1.255272505103306
NZ_CP036372.1,172770,≥100 kb,tRNA-,15.0,1.2041199826559248
NZ_CP028579.2,28726,<100 kb,tRNA-,3.0,0.6020599913279624
NZ_CP028582.2,149258,≥100 kb,tRNA-,12.0,1.1139433523068367
NZ_CP045990.1,144645,≥100 kb,tRNA-,6.0,0.8450980400142568
NZ_CP045991.1,180568,≥100 kb,tRNA-,12.0,1.1139433523068367
NZ_CP045989.1,106446,≥100 kb,tRNA-,6.0,0.8450980400142568
NZ_CP025965.2,59730,<100 kb,tRNA-,6.0,0.8450980400142568
NZ_CP025964.2,260970,≥100 kb,tRNA-,7.0,0.9030899869919435
NZ_CP025966.2,130691,≥100 kb,tRNA-,16.0,1.2304489213782739
NZ_CP025006.1,167373,≥100 kb,tRNA-,4.0,0.6989700043360189
NZ_CP025007.1,51423,<100 kb,tRNA-,5.0,0.7781512503836436
NZ_CP025009.1,176049,≥100 kb,tRNA-,6.0,0.8450980400142568
NZ_CP025010.1,118202,≥100 kb,tRNA-,8.0,0.9542425094393249
NZ_CP025038.1,199686,≥100 kb,tRNA-,5.0,0.7781512503836436
NZ_CP025039.1,146689,≥100 kb,tRNA-,13.0,1.146128035678238
NZ_CP025041.1,63772,<100 kb,tRNA-,2.0,0.47712125471966244
NZ_CP025144.1,204123,≥100 kb,tRNA-,7.0,0.9030899869919435
NZ_CP025141.1,204734,≥100 kb,tRNA-,7.0,0.9030899869919435
NZ_CP025147.1,205953,≥100 kb,tRNA-,11.0,1.0791812460476249
NZ_CP025458.1,128563,≥100 kb,tRNA-,12.0,1.1139433523068367
NZ_CP025467.1,246557,≥100 kb,tRNA+,16.0,1.2304489213782739
NZ_CP025468.1,129684,≥100 kb,tRNA-,4.0,0.6989700043360189
NZ_CP025470.1,106402,≥100 kb,tRNA-,14.0,1.1760912590556813
NZ_CP025462.1,261706,≥100 kb,tRNA-,7.0,0.9030899869919435
NZ_CP025463.1,161580,≥100 kb,tRNA-,9.0,1.0
NZ_CP028786.2,54035,<100 kb,tRNA-,5.0,0.7781512503836436
NZ_CP037965.1,54035,<100 kb,tRNA-,4.0,0.6989700043360189
NZ_CP037964.1,131811,≥100 kb,tRNA-,21.0,1.3424226808222062
NZ_CP026173.1,64271,<100 kb,tRNA-,2.0,0.47712125471966244
NZ_CP026174.1,93680,<100 kb,tRNA-,3.0,0.6020599913279624
NZ_CP026175.1,172259,≥100 kb,tRNA-,4.0,0.6989700043360189
NZ_CP026179.1,237571,≥100 kb,tRNA-,16.0,1.2304489213782739
NZ_CP036329.1,71246,<100 kb,tRNA-,10.0,1.0413926851582251
NZ_CP036328.1,130775,≥100 kb,tRNA-,7.0,0.9030899869919435
NZ_CP036331.1,10101,<100 kb,tRNA-,2.0,0.47712125471966244
NZ_CP036332.1,8504,<100 kb,tRNA-,3.0,0.6020599913279624
NZ_CP036446.1,96395,<100 kb,tRNA-,1.0,0.3010299956639812
NZ_CP036447.1,87465,<100 kb,tRNA-,11.0,1.0791812460476249
NZ_CP036448.1,51570,<100 kb,tRNA-,5.0,0.7781512503836436
NZ_CP036449.1,19305,<100 kb,tRNA-,4.0,0.6989700043360189
NZ_CP026395.1,80642,<100 kb,tRNA-,10.0,1.0413926851582251
NZ_CP026394.1,63725,<100 kb,tRNA-,4.0,0.6989700043360189
NZ_CP026588.1,126149,≥100 kb,tRNA-,16.0,1.2304489213782739
NZ_CP026589.1,89247,<100 kb,tRNA-,10.0,1.0413926851582251
NZ_CP026590.1,49215,<100 kb,tRNA-,5.0,0.7781512503836436
NZ_CP026752.1,211813,≥100 kb,tRNA-,1.0,0.3010299956639812
NZ_CP026753.1,70730,<100 kb,tRNA-,17.0,1.255272505103306
NZ_CP026757.1,54418,<100 kb,tRNA-,3.0,0.6020599913279624
NZ_CP029142.1,340462,≥100 kb,tRNA-,9.0,1.0
NZ_CP033845.1,6078,<100 kb,tRNA-,1.0,0.3010299956639812
NZ_CP033846.1,8424,<100 kb,tRNA-,1.0,0.3010299956639812
NZ_CP035216.1,231662,≥100 kb,tRNA-,3.0,0.6020599913279624
NZ_CP035217.1,87421,<100 kb,tRNA-,6.0,0.8450980400142568
NZ_CP044111.1,490750,≥100 kb,tRNA-,5.0,0.7781512503836436
NZ_CP044112.1,3223,<100 kb,tRNA-,1.0,0.3010299956639812
NZ_CP044215.1,333880,≥100 kb,tRNA-,22.0,1.3617278360175928
NZ_CP042548.1,59124,<100 kb,tRNA-,10.0,1.0413926851582251
NZ_CP042532.1,88956,<100 kb,tRNA-,14.0,1.1760912590556813
NZ_CP047668.1,234522,≥100 kb,tRNA-,11.0,1.0791812460476249
NZ_CP024641.1,308586,≥100 kb,tRNA-,13.0,1.146128035678238
NZ_CP048109.1,281962,≥100 kb,tRNA-,2.0,0.47712125471966244
NZ_CP049601.1,119990,≥100 kb,tRNA-,4.0,0.6989700043360189
NZ_CP050069.1,88962,<100 kb,tRNA-,8.0,0.9542425094393249
NZ_CP050068.1,397663,≥100 kb,tRNA-,2.0,0.47712125471966244
NZ_CP058213.1,220911,≥100 kb,tRNA-,10.0,1.0413926851582251
NZ_CP057331.1,271498,≥100 kb,tRNA-,19.0,1.3010299956639813
NZ_CP057332.1,6790,<100 kb,tRNA-,2.0,0.47712125471966244
NZ_CP113905.1,130876,≥100 kb,tRNA-,13.0,1.146128035678238
NZ_CP113908.1,8300,<100 kb,tRNA-,3.0,0.6020599913279624
NZ_AP022548.1,106439,≥100 kb,tRNA-,3.0,0.6020599913279624
NZ_CP065475.1,397447,≥100 kb,tRNA-,22.0,1.3617278360175928
NZ_CP061931.1,196307,≥100 kb,tRNA-,27.0,1.4471580313422192
NZ_CP069915.1,19745,<100 kb,tRNA-,1.0,0.3010299956639812
NZ_CP069919.1,11338,<100 kb,tRNA-,3.0,0.6020599913279624
NZ_CP069925.1,5317,<100 kb,tRNA-,2.0,0.47712125471966244
NZ_CP069944.1,216716,≥100 kb,tRNA-,4.0,0.6989700043360189
NZ_CP069942.1,3179,<100 kb,tRNA-,1.0,0.3010299956639812
NZ_CP070021.1,176321,≥100 kb,tRNA-,12.0,1.1139433523068367
NZ_CP070022.1,58790,<100 kb,tRNA-,16.0,1.2304489213782739
NZ_JAFFQV010000013.1,161151,≥100 kb,tRNA+,25.0,1.414973347970818
NZ_JAFFQV010000014.1,134407,≥100 kb,tRNA-,3.0,0.6020599913279624
NZ_JAFFQV010000015.1,18732,<100 kb,tRNA+,1.0,0.3010299956639812
NZ_CP070519.1,87618,<100 kb,tRNA-,12.0,1.1139433523068367
NZ_CP064112.1,79397,<100 kb,tRNA-,12.0,1.1139433523068367
NZ_CP071394.1,251953,≥100 kb,tRNA-,16.0,1.2304489213782739
NZ_CP071396.1,46161,<100 kb,tRNA-,3.0,0.6020599913279624
NZ_CP067381.1,297332,≥100 kb,tRNA-,12.0,1.1139433523068367
NZ_CP067382.1,75780,<100 kb,tRNA-,7.0,0.9030899869919435
NZ_CP067384.1,90605,<100 kb,tRNA-,8.0,0.9542425094393249
NZ_CP075883.1,307464,≥100 kb,tRNA-,15.0,1.2041199826559248
NZ_CP077431.1,17210,<100 kb,tRNA-,3.0,0.6020599913279624
NZ_CP082899.1,81641,<100 kb,tRNA-,6.0,0.8450980400142568
NZ_CP082900.1,54036,<100 kb,tRNA-,4.0,0.6989700043360189
NZ_CP081352.1,88159,<100 kb,tRNA-,14.0,1.1760912590556813
NZ_CP081353.1,62417,<100 kb,tRNA-,4.0,0.6989700043360189
NZ_CP085766.1,364473,≥100 kb,tRNA-,11.0,1.0791812460476249
NZ_CP089393.1,323400,≥100 kb,tRNA-,33.0,1.5314789170422551
NZ_CP089396.1,136868,≥100 kb,tRNA-,2.0,0.47712125471966244
NZ_CP089400.1,316115,≥100 kb,tRNA-,32.0,1.5185139398778875
NZ_CP089405.1,87732,<100 kb,tRNA-,10.0,1.0413926851582251
NZ_CP089406.1,64736,<100 kb,tRNA-,9.0,1.0
NZ_CP089409.1,87731,<100 kb,tRNA-,14.0,1.1760912590556813
NZ_CP089412.1,269500,≥100 kb,tRNA-,15.0,1.2041199826559248
NZ_CP089449.1,81451,<100 kb,tRNA-,9.0,1.0
NZ_CP090080.1,301654,≥100 kb,tRNA-,19.0,1.3010299956639813
NZ_CP091471.2,286463,≥100 kb,tRNA-,18.0,1.2787536009528289
NZ_CP091472.1,62120,<100 kb,tRNA-,1.0,0.3010299956639812
NZ_CP084416.1,101530,≥100 kb,tRNA-,4.0,0.6989700043360189
NZ_CP084417.1,145051,≥100 kb,tRNA-,6.0,0.8450980400142568
NZ_CP084543.1,145051,≥100 kb,tRNA-,6.0,0.8450980400142568
NZ_CP084544.1,103463,≥100 kb,tRNA-,5.0,0.7781512503836436
NZ_CP166140.1,189110,≥100 kb,tRNA-,16.0,1.2304489213782739
NZ_CP091753.1,252919,≥100 kb,tRNA-,17.0,1.255272505103306
NZ_CP094273.1,106628,≥100 kb,tRNA-,10.0,1.0413926851582251
NZ_CP094275.1,46193,<100 kb,tRNA-,4.0,0.6989700043360189
NZ_CP094276.1,239700,≥100 kb,tRNA-,9.0,1.0
NZ_CP094277.1,47320,<100 kb,tRNA-,4.0,0.6989700043360189
NZ_CP094278.1,62120,<100 kb,tRNA-,1.0,0.3010299956639812
NZ_CP094281.1,326718,≥100 kb,tRNA-,19.0,1.3010299956639813
NZ_CP095000.1,202694,≥100 kb,tRNA-,1.0,0.3010299956639812
NZ_CP095001.1,140266,≥100 kb,tRNA-,4.0,0.6989700043360189
NZ_CP095004.1,255357,≥100 kb,tRNA-,15.0,1.2041199826559248
NZ_CP103555.1,188758,≥100 kb,tRNA-,22.0,1.3617278360175928
NZ_CP103640.1,170849,≥100 kb,tRNA-,13.0,1.146128035678238
NZ_CP103665.1,271931,≥100 kb,tRNA-,10.0,1.0413926851582251
NZ_CP103666.1,269284,≥100 kb,tRNA-,6.0,0.8450980400142568
NZ_CP103691.1,449953,≥100 kb,tRNA-,6.0,0.8450980400142568
NZ_CP103692.1,81842,<100 kb,tRNA-,7.0,0.9030899869919435
NZ_CP102106.1,141565,≥100 kb,tRNA-,4.0,0.6989700043360189
NZ_CP102107.1,47285,<100 kb,tRNA-,2.0,0.47712125471966244
NZ_CP114309.1,246621,≥100 kb,tRNA-,2.0,0.47712125471966244
NZ_CP114310.1,66959,<100 kb,tRNA-,4.0,0.6989700043360189
NZ_CP114306.1,189110,≥100 kb,tRNA-,16.0,1.2304489213782739
NZ_CP107041.1,208719,≥100 kb,tRNA-,46.0,1.6720978579357175
NZ_CP110124.1,31314,<100 kb,tRNA-,5.0,0.7781512503836436
NZ_CP114158.1,70696,<100 kb,tRNA-,10.0,1.0413926851582251
NZ_CP114151.1,131529,≥100 kb,tRNA-,3.0,0.6020599913279624
NZ_CP114152.1,70898,<100 kb,tRNA-,10.0,1.0413926851582251
NZ_CP074450.1,61376,<100 kb,tRNA-,11.0,1.0791812460476249
NZ_CP112888.1,98913,<100 kb,tRNA-,1.0,0.3010299956639812
NZ_CP116218.1,54035,<100 kb,tRNA-,6.0,0.8450980400142568
NZ_CP117732.1,178660,≥100 kb,tRNA-,10.0,1.0413926851582251
NZ_CP117736.1,55029,<100 kb,tRNA-,6.0,0.8450980400142568
NZ_CP117854.1,198749,≥100 kb,tRNA-,11.0,1.0791812460476249
NZ_CP099305.1,221069,≥100 kb,tRNA-,10.0,1.0413926851582251
NZ_CP099307.1,221119,≥100 kb,tRNA-,9.0,1.0
NZ_CP104926.1,159878,≥100 kb,tRNA-,22.0,1.3617278360175928
NZ_CP129617.1,210264,≥100 kb,tRNA-,19.0,1.3010299956639813
NZ_CP138719.1,284403,≥100 kb,tRNA-,19.0,1.3010299956639813
NZ_CP138720.1,61008,<100 kb,tRNA-,8.0,0.9542425094393249
NZ_CP138758.1,269925,≥100 kb,tRNA-,19.0,1.3010299956639813
NZ_CP138759.1,94397,<100 kb,tRNA-,17.0,1.255272505103306
NZ_CP138768.1,248205,≥100 kb,tRNA-,25.0,1.414973347970818
NZ_CP138769.1,228213,≥100 kb,tRNA-,10.0,1.0413926851582251
NZ_CP138772.1,3731,<100 kb,tRNA-,3.0,0.6020599913279624
NZ_CP139029.1,298381,≥100 kb,tRNA-,15.0,1.2041199826559248
NZ_CP139030.1,215871,≥100 kb,tRNA-,5.0,0.7781512503836436
NZ_CP139031.1,51391,<100 kb,tRNA-,3.0,0.6020599913279624
NZ_CP139371.1,160253,≥100 kb,tRNA-,5.0,0.7781512503836436
NZ_CP139374.1,104335,≥100 kb,tRNA-,4.0,0.6989700043360189
NZ_CP139373.1,226448,≥100 kb,tRNA-,2.0,0.47712125471966244
NZ_CP139383.1,69988,<100 kb,tRNA-,4.0,0.6989700043360189
NZ_CP139378.1,46161,<100 kb,tRNA-,3.0,0.6020599913279624
NZ_CP139381.1,54213,<100 kb,tRNA-,4.0,0.6989700043360189
NZ_CP139380.1,62120,<100 kb,tRNA-,1.0,0.3010299956639812
NZ_CP139389.1,105069,≥100 kb,tRNA-,4.0,0.6989700043360189
NZ_CP139388.1,140664,≥100 kb,tRNA-,7.0,0.9030899869919435
NZ_CP139392.1,109673,≥100 kb,tRNA-,4.0,0.6989700043360189
NZ_CP139391.1,61717,<100 kb,tRNA-,1.0,0.3010299956639812
NZ_CP139395.1,54035,<100 kb,tRNA-,4.0,0.6989700043360189
NZ_CP139398.1,75628,<100 kb,tRNA-,9.0,1.0
NZ_CP139397.1,110952,≥100 kb,tRNA-,7.0,0.9030899869919435
NZ_CP139410.1,93450,<100 kb,tRNA-,11.0,1.0791812460476249
NZ_CP139409.1,47849,<100 kb,tRNA-,3.0,0.6020599913279624
NZ_CP139412.1,128919,≥100 kb,tRNA-,13.0,1.146128035678238
NZ_CP139413.1,101621,≥100 kb,tRNA-,9.0,1.0
NZ_CP139415.1,94042,<100 kb,tRNA-,4.0,0.6989700043360189
NZ_CP139405.1,13848,<100 kb,tRNA-,5.0,0.7781512503836436
NZ_CP139402.1,104961,≥100 kb,tRNA-,4.0,0.6989700043360189
NZ_CP143096.1,53659,<100 kb,tRNA-,2.0,0.47712125471966244
NZ_CP143098.1,47309,<100 kb,tRNA-,1.0,0.3010299956639812
NZ_CP144731.1,48656,<100 kb,tRNA-,2.0,0.47712125471966244
NZ_CP146530.1,18893,<100 kb,tRNA-,10.0,1.0413926851582251
NZ_CP151771.1,58472,<100 kb,tRNA-,8.0,0.9542425094393249
NZ_CP166430.1,160241,≥100 kb,tRNA-,17.0,1.255272505103306
NZ_CP159880.1,207430,≥100 kb,tRNA-,21.0,1.3424226808222062
NZ_CP163000.1,41190,<100 kb,tRNA-,4.0,0.6989700043360189
NZ_CP163002.1,41189,<100 kb,tRNA-,3.0,0.6020599913279624
NZ_CP166212.1,124333,≥100 kb,tRNA-,4.0,0.6989700043360189
NZ_CP166226.1,97854,<100 kb,tRNA-,6.0,0.8450980400142568
NZ_CP166217.1,49518,<100 kb,tRNA-,9.0,1.0
NZ_CP166220.1,49518,<100 kb,tRNA-,9.0,1.0
NZ_CP166223.1,49518,<100 kb,tRNA-,9.0,1.0
NZ_CP166207.1,82461,<100 kb,tRNA-,10.0,1.0413926851582251
NZ_CP166236.1,186601,≥100 kb,tRNA-,24.0,1.3979400086720377
NZ_CP166240.1,100534,≥100 kb,tRNA-,3.0,0.6020599913279624
NZ_CP101018.1,97254,<100 kb,tRNA-,14.0,1.1760912590556813
NZ_CP133939.1,115525,≥100 kb,tRNA-,5.0,0.7781512503836436
NZ_CP133940.1,12697,<100 kb,tRNA-,4.0,0.6989700043360189
NZ_CP180161.1,40636,<100 kb,tRNA-,1.0,0.3010299956639812
NZ_CP180162.1,31406,<100 kb,tRNA-,1.0,0.3010299956639812
NZ_CP136266.1,271885,≥100 kb,tRNA-,10.0,1.0413926851582251
NZ_CP180089.1,263945,≥100 kb,tRNA-,3.0,0.6020599913279624
NZ_CP180090.1,154672,≥100 kb,tRNA-,12.0,1.1139433523068367
NZ_CP180091.1,77552,<100 kb,tRNA-,3.0,0.6020599913279624
NZ_CP116607.1,238423,≥100 kb,tRNA-,21.0,1.3424226808222062
NZ_CP116608.1,51465,<100 kb,tRNA-,2.0,0.47712125471966244
NZ_CP116610.1,255085,≥100 kb,tRNA-,21.0,1.3424226808222062
NZ_CP116611.1,55134,<100 kb,tRNA-,3.0,0.6020599913279624
NZ_CP119438.1,87421,<100 kb,tRNA-,5.0,0.7781512503836436
NZ_CP182941.1,49915,<100 kb,tRNA-,2.0,0.47712125471966244
NZ_CP182940.1,73385,<100 kb,tRNA-,4.0,0.6989700043360189
NZ_CP163257.1,137213,≥100 kb,tRNA-,7.0,0.9030899869919435
NZ_CP163261.1,170890,≥100 kb,tRNA-,5.0,0.7781512503836436
NZ_CP163262.1,48497,<100 kb,tRNA-,2.0,0.47712125471966244
NZ_CP183843.1,56413,<100 kb,tRNA-,7.0,0.9030899869919435
NZ_CP183846.1,145758,≥100 kb,tRNA-,2.0,0.47712125471966244
NZ_CP183847.1,207701,≥100 kb,tRNA-,14.0,1.1760912590556813
NZ_CP183848.1,280326,≥100 kb,tRNA-,2.0,0.47712125471966244
NZ_CP182046.1,116005,≥100 kb,tRNA-,12.0,1.1139433523068367
NZ_CP182036.1,115194,≥100 kb,tRNA-,12.0,1.1139433523068367
NZ_OW849471.1,209598,≥100 kb,tRNA-,12.0,1.1139433523068367
NZ_OW849472.1,63570,<100 kb,tRNA-,2.0,0.47712125471966244
NZ_OW967375.1,253358,≥100 kb,tRNA-,13.0,1.146128035678238
NZ_OW967376.1,68845,<100 kb,tRNA-,2.0,0.47712125471966244
NZ_OW967378.1,21209,<100 kb,tRNA-,3.0,0.6020599913279624
NZ_OW967521.1,10058,<100 kb,tRNA-,3.0,0.6020599913279624
NZ_OW968348.1,98209,<100 kb,tRNA-,13.0,1.146128035678238
NZ_OW968281.1,98209,<100 kb,tRNA-,13.0,1.146128035678238
NZ_OW969634.1,191161,≥100 kb,tRNA-,13.0,1.146128035678238
NZ_OW969635.1,52582,<100 kb,tRNA-,2.0,0.47712125471966244
NZ_OW969660.1,165787,≥100 kb,tRNA-,3.0,0.6020599913279624
NZ_OW969662.1,64401,<100 kb,tRNA-,3.0,0.6020599913279624
NZ_OW969663.1,33557,<100 kb,tRNA-,7.0,0.9030899869919435
NZ_OW969782.1,61830,<100 kb,tRNA-,2.0,0.47712125471966244
NZ_CP014121.1,200203,≥100 kb,tRNA-,1.0,0.3010299956639812
NZ_CP053365.1,329160,≥100 kb,tRNA-,14.0,1.1760912590556813
NZ_CP027152.1,208849,≥100 kb,tRNA-,7.0,0.9030899869919435
NZ_CP027150.1,65684,<100 kb,tRNA-,8.0,0.9542425094393249
NZ_CP027156.1,184525,≥100 kb,tRNA-,1.0,0.3010299956639812
NZ_CP027148.1,47286,<100 kb,tRNA-,1.0,0.3010299956639812
NZ_CP027149.1,33772,<100 kb,tRNA+,1.0,0.3010299956639812
NZ_CP027161.1,207543,≥100 kb,tRNA-,8.0,0.9542425094393249
NZ_CP027158.1,113639,≥100 kb,tRNA-,7.0,0.9030899869919435
NZ_CP027162.1,42420,<100 kb,tRNA-,6.0,0.8450980400142568
NZ_CP027164.1,5446,<100 kb,tRNA-,2.0,0.47712125471966244
NZ_CP024430.1,131243,≥100 kb,tRNA-,13.0,1.146128035678238
NZ_CP024431.1,114815,≥100 kb,tRNA-,2.0,0.47712125471966244
NZ_CP028177.1,116768,≥100 kb,tRNA-,12.0,1.1139433523068367
NZ_CP028178.1,100222,≥100 kb,tRNA-,14.0,1.1760912590556813
NZ_CP028179.1,38695,<100 kb,tRNA-,2.0,0.47712125471966244
NZ_CP024875.1,227692,≥100 kb,tRNA-,3.0,0.6020599913279624
NZ_CP024876.1,129299,≥100 kb,tRNA-,15.0,1.2041199826559248
NZ_CP024878.1,73339,<100 kb,tRNA-,5.0,0.7781512503836436
NZ_CP024879.1,38383,<100 kb,tRNA-,4.0,0.6989700043360189
NZ_CP024917.1,126018,≥100 kb,tRNA-,14.0,1.1760912590556813
NZ_CP020500.1,73467,<100 kb,tRNA-,13.0,1.146128035678238
NZ_CP043592.1,178979,≥100 kb,tRNA-,7.0,0.9030899869919435
NZ_CP036307.1,229483,≥100 kb,tRNA-,8.0,0.9542425094393249
NZ_CP036306.1,149519,≥100 kb,tRNA-,12.0,1.1139433523068367
NZ_CP043582.1,53761,<100 kb,tRNA-,6.0,0.8450980400142568
NZ_CP043583.1,103693,≥100 kb,tRNA-,3.0,0.6020599913279624
NZ_CP028796.1,112467,≥100 kb,tRNA-,8.0,0.9542425094393249
NZ_CP046959.1,80768,<100 kb,tRNA-,5.0,0.7781512503836436
NZ_CP046958.1,97576,<100 kb,tRNA-,9.0,1.0
NZ_CP043355.1,78836,<100 kb,tRNA-,4.0,0.6989700043360189
NZ_CP043354.1,99284,<100 kb,tRNA-,11.0,1.0791812460476249
NZ_CP028791.1,288222,≥100 kb,tRNA-,5.0,0.7781512503836436
NZ_CP028790.2,104810,≥100 kb,tRNA-,10.0,1.0413926851582251
NZ_CP028792.1,125009,≥100 kb,tRNA-,11.0,1.0791812460476249
NZ_CP028717.1,134869,≥100 kb,tRNA-,21.0,1.3424226808222062
NZ_CP028954.1,214704,≥100 kb,tRNA-,3.0,0.6020599913279624
NZ_CP028955.1,134346,≥100 kb,tRNA-,4.0,0.6989700043360189
NZ_CP028929.1,283371,≥100 kb,tRNA-,15.0,1.2041199826559248
NZ_CP028931.1,70829,<100 kb,tRNA-,18.0,1.2787536009528289
NZ_CP024040.1,122082,≥100 kb,tRNA-,8.0,0.9542425094393249
NZ_CP024041.1,33858,<100 kb,tRNA-,1.0,0.3010299956639812
NZ_CP024039.1,125285,≥100 kb,tRNA-,9.0,1.0
NZ_CP024042.1,6141,<100 kb,tRNA-,2.0,0.47712125471966244
NZ_CP028991.1,85698,<100 kb,tRNA-,3.0,0.6020599913279624
NZ_CP028993.1,49476,<100 kb,tRNA-,1.0,0.3010299956639812
NZ_CP029000.1,125913,≥100 kb,tRNA-,4.0,0.6989700043360189
NZ_CP028999.1,46504,<100 kb,tRNA-,1.0,0.3010299956639812
NZ_CP028996.1,176325,≥100 kb,tRNA-,19.0,1.3010299956639813
NZ_CP028995.1,152176,≥100 kb,tRNA-,4.0,0.6989700043360189
NZ_CP029101.1,208035,≥100 kb,tRNA-,8.0,0.9542425094393249
NZ_CP029102.1,135655,≥100 kb,tRNA-,14.0,1.1760912590556813
NZ_CP029135.1,70613,<100 kb,tRNA-,6.0,0.8450980400142568
NZ_CP029138.1,81137,<100 kb,tRNA-,4.0,0.6989700043360189
NZ_CP026496.1,58110,<100 kb,tRNA-,6.0,0.8450980400142568
NZ_CP029586.1,96190,<100 kb,tRNA-,14.0,1.1760912590556813
NZ_CP029588.1,216772,≥100 kb,tRNA-,11.0,1.0791812460476249
NZ_CP029591.1,219996,≥100 kb,tRNA-,15.0,1.2041199826559248
NZ_CP021166.1,177145,≥100 kb,tRNA-,22.0,1.3617278360175928
NZ_CP023250.1,65276,<100 kb,tRNA-,10.0,1.0413926851582251
NZ_CP023251.1,63075,<100 kb,tRNA-,2.0,0.47712125471966244
NZ_CP023724.1,159072,≥100 kb,tRNA-,12.0,1.1139433523068367
NZ_CP023725.1,103454,≥100 kb,tRNA-,4.0,0.6989700043360189
NZ_CP029740.1,103250,≥100 kb,tRNA-,4.0,0.6989700043360189
NZ_CP029723.1,183663,≥100 kb,tRNA-,6.0,0.8450980400142568
NZ_CP029724.1,178561,≥100 kb,tRNA-,3.0,0.6020599913279624
NZ_CP033395.2,55373,<100 kb,tRNA-,4.0,0.6989700043360189
NZ_CP033394.2,82631,<100 kb,tRNA-,1.0,0.3010299956639812
NZ_CP022612.1,334957,≥100 kb,tRNA-,32.0,1.5185139398778875
NZ_CP030343.1,207546,≥100 kb,tRNA-,8.0,0.9542425094393249
NZ_CP030342.1,113639,≥100 kb,tRNA-,7.0,0.9030899869919435
NZ_CP031584.1,164082,≥100 kb,tRNA-,13.0,1.146128035678238
NZ_CP031583.1,198719,≥100 kb,tRNA-,1.0,0.3010299956639812
NZ_CP026131.1,164510,≥100 kb,tRNA-,12.0,1.1139433523068367
NZ_CP030132.1,194181,≥100 kb,tRNA-,37.0,1.5797835966168101
NZ_CP030134.1,60307,<100 kb,tRNA-,4.0,0.6989700043360189
NZ_CP030135.1,65500,<100 kb,tRNA-,2.0,0.47712125471966244
NZ_CP031802.1,128238,≥100 kb,tRNA-,22.0,1.3617278360175928
NZ_CP031804.1,70656,<100 kb,tRNA-,5.0,0.7781512503836436
NZ_CP031805.1,65454,<100 kb,tRNA-,2.0,0.47712125471966244
NZ_CP031614.1,196414,≥100 kb,tRNA-,6.0,0.8450980400142568
NZ_CP031615.1,107458,≥100 kb,tRNA-,5.0,0.7781512503836436
NZ_CP023419.1,70869,<100 kb,tRNA-,4.0,0.6989700043360189
NZ_CP023420.1,64940,<100 kb,tRNA-,8.0,0.9542425094393249
NZ_CP032168.1,158987,≥100 kb,tRNA-,14.0,1.1760912590556813
NZ_CP032170.1,65672,<100 kb,tRNA-,3.0,0.6020599913279624
NZ_CP032176.1,90682,<100 kb,tRNA-,18.0,1.2787536009528289
NZ_CP032174.1,63589,<100 kb,tRNA-,2.0,0.47712125471966244
NZ_CP032186.1,202373,≥100 kb,tRNA-,4.0,0.6989700043360189
NZ_CP032188.1,93870,<100 kb,tRNA-,6.0,0.8450980400142568
NZ_CP032189.1,127285,≥100 kb,tRNA-,4.0,0.6989700043360189
NZ_CP032195.1,143515,≥100 kb,tRNA-,4.0,0.6989700043360189
NZ_CP032197.1,73502,<100 kb,tRNA-,14.0,1.1760912590556813
NZ_CP032212.1,83015,<100 kb,tRNA-,18.0,1.2787536009528289
NZ_CP032226.1,85410,<100 kb,tRNA-,5.0,0.7781512503836436
NZ_CP032227.1,49701,<100 kb,tRNA-,8.0,0.9542425094393249
NZ_AP018752.1,31835,<100 kb,tRNA-,1.0,0.3010299956639812
NZ_AP018755.1,31833,<100 kb,tRNA-,6.0,0.8450980400142568
NZ_AP018672.1,159072,≥100 kb,tRNA-,12.0,1.1139433523068367
NZ_AP018673.1,134879,≥100 kb,tRNA-,3.0,0.6020599913279624
NZ_CP022917.1,246577,≥100 kb,tRNA-,12.0,1.1139433523068367
NZ_CP022923.1,246577,≥100 kb,tRNA-,13.0,1.146128035678238
NZ_CP022920.1,246577,≥100 kb,tRNA-,13.0,1.146128035678238
NZ_CP022926.1,258210,≥100 kb,tRNA-,17.0,1.255272505103306
NZ_CP032832.1,399913,≥100 kb,tRNA-,2.0,0.47712125471966244
NZ_CP028480.1,77910,<100 kb,tRNA-,4.0,0.6989700043360189
NZ_CP033402.1,208288,≥100 kb,tRNA-,8.0,0.9542425094393249
NZ_CP033404.1,154986,≥100 kb,tRNA-,9.0,1.0
NZ_CP033628.1,110020,≥100 kb,tRNA-,11.0,1.0791812460476249
NZ_CP033629.1,67867,<100 kb,tRNA-,2.0,0.47712125471966244
NZ_CP033775.1,74543,<100 kb,tRNA-,6.0,0.8450980400142568
NZ_CP034046.1,345775,≥100 kb,tRNA-,13.0,1.146128035678238
NZ_CP034048.1,76757,<100 kb,tRNA-,4.0,0.6989700043360189
NZ_CP034125.1,109179,≥100 kb,tRNA-,10.0,1.0413926851582251
NZ_CP034126.1,85665,<100 kb,tRNA-,7.0,0.9030899869919435
NZ_CP023841.1,96190,<100 kb,tRNA-,14.0,1.1760912590556813
NZ_CP024709.1,47126,<100 kb,tRNA-,7.0,0.9030899869919435
NZ_CP034282.1,193222,≥100 kb,tRNA-,13.0,1.146128035678238
NZ_CP034283.1,63589,<100 kb,tRNA-,2.0,0.47712125471966244
NZ_CP034284.1,51479,<100 kb,tRNA-,2.0,0.47712125471966244
NZ_CP078034.1,319619,≥100 kb,tRNA-,25.0,1.414973347970818
NZ_CP078036.1,69836,<100 kb,tRNA-,2.0,0.47712125471966244
NZ_CP078037.1,6141,<100 kb,tRNA-,2.0,0.47712125471966244
NZ_CP026022.1,193176,≥100 kb,tRNA-,1.0,0.3010299956639812
NZ_CP034761.1,81092,<100 kb,tRNA-,7.0,0.9030899869919435
NZ_CP034762.1,6141,<100 kb,tRNA-,2.0,0.47712125471966244
NZ_CP025578.1,80272,<100 kb,tRNA-,9.0,1.0
NZ_CP026133.1,105124,≥100 kb,tRNA-,9.0,1.0
NZ_CP026135.1,161567,≥100 kb,tRNA-,6.0,0.8450980400142568
NZ_CP026137.1,104887,≥100 kb,tRNA-,12.0,1.1139433523068367
NZ_CP026139.1,86594,<100 kb,tRNA-,4.0,0.6989700043360189
NZ_CP026141.1,164501,≥100 kb,tRNA-,12.0,1.1139433523068367
NZ_CP026151.1,146984,≥100 kb,tRNA-,1.0,0.3010299956639812
NZ_CP026152.1,83260,<100 kb,tRNA-,5.0,0.7781512503836436
NZ_CP026156.1,77359,<100 kb,tRNA-,8.0,0.9542425094393249
NZ_CP026158.1,95560,<100 kb,tRNA-,10.0,1.0413926851582251
NZ_CP036188.1,251327,≥100 kb,tRNA-,18.0,1.2787536009528289
NZ_CP036193.1,164195,≥100 kb,tRNA-,2.0,0.47712125471966244
NZ_CP036192.1,165052,≥100 kb,tRNA-,11.0,1.0791812460476249
NZ_CP036197.1,6140,<100 kb,tRNA-,2.0,0.47712125471966244
NZ_CP036195.1,67237,<100 kb,tRNA-,6.0,0.8450980400142568
NZ_CP036191.1,216586,≥100 kb,tRNA-,1.0,0.3010299956639812
NZ_CP036337.1,225575,≥100 kb,tRNA-,7.0,0.9030899869919435
NZ_CP036336.1,242563,≥100 kb,tRNA-,16.0,1.2304489213782739
NZ_CP036368.1,59798,<100 kb,tRNA-,9.0,1.0
NZ_CP036367.1,55373,<100 kb,tRNA-,4.0,0.6989700043360189
NZ_CP036366.1,82649,<100 kb,tRNA-,1.0,0.3010299956639812
NZ_CP036443.1,207854,≥100 kb,tRNA-,3.0,0.6020599913279624
NZ_CP036440.1,51570,<100 kb,tRNA-,5.0,0.7781512503836436
NZ_CP036441.1,19305,<100 kb,tRNA-,4.0,0.6989700043360189
NZ_CP031850.1,239020,≥100 kb,tRNA-,14.0,1.1760912590556813
NZ_CP034777.1,109503,≥100 kb,tRNA-,4.0,0.6989700043360189
NZ_CP037744.1,121239,≥100 kb,tRNA-,7.0,0.9030899869919435
NZ_CP040535.1,177591,≥100 kb,tRNA-,11.0,1.0791812460476249
NZ_CP040541.1,177585,≥100 kb,tRNA-,11.0,1.0791812460476249
NZ_CP040547.1,177587,≥100 kb,tRNA-,11.0,1.0791812460476249
NZ_CP040730.1,79244,<100 kb,tRNA-,3.0,0.6020599913279624
NZ_CP040731.1,56271,<100 kb,tRNA-,1.0,0.3010299956639812
NZ_CP040728.1,53955,<100 kb,tRNA-,10.0,1.0413926851582251
NZ_CP040726.1,339117,≥100 kb,tRNA-,9.0,1.0
NZ_CP032165.1,130628,≥100 kb,tRNA-,6.0,0.8450980400142568
NZ_CP032166.1,99048,<100 kb,tRNA-,11.0,1.0791812460476249
NZ_CP041083.1,179254,≥100 kb,tRNA-,27.0,1.4471580313422192
NZ_CP041084.1,158439,≥100 kb,tRNA-,6.0,0.8450980400142568
NZ_CP041085.1,63499,<100 kb,tRNA-,2.0,0.47712125471966244
NZ_CP041086.1,61718,<100 kb,tRNA-,5.0,0.7781512503836436
NZ_CP033956.1,133772,≥100 kb,tRNA-,8.0,0.9542425094393249
NZ_CP033957.1,87095,<100 kb,tRNA-,7.0,0.9030899869919435
NZ_CP033962.1,136159,≥100 kb,tRNA-,11.0,1.0791812460476249
NZ_CP044029.1,166344,≥100 kb,tRNA-,9.0,1.0
NZ_CP040362.1,74011,<100 kb,tRNA-,11.0,1.0791812460476249
NZ_CP041645.1,114444,≥100 kb,tRNA-,4.0,0.6989700043360189
NZ_CP054402.1,147763,≥100 kb,tRNA-,20.0,1.3222192947339193
NZ_CP054399.1,147763,≥100 kb,tRNA-,19.0,1.3010299956639813
NZ_CP054405.1,147761,≥100 kb,tRNA-,19.0,1.3010299956639813
NZ_CP041641.1,144138,≥100 kb,tRNA-,6.0,0.8450980400142568
NZ_CP041640.1,222330,≥100 kb,tRNA-,13.0,1.146128035678238
NZ_CP041642.1,121851,≥100 kb,tRNA-,10.0,1.0413926851582251
NZ_CP082755.1,133772,≥100 kb,tRNA-,8.0,0.9542425094393249
NZ_CP082756.1,87095,<100 kb,tRNA-,6.0,0.8450980400142568
NZ_CP082761.1,133771,≥100 kb,tRNA-,8.0,0.9542425094393249
NZ_CP082762.1,87095,<100 kb,tRNA-,7.0,0.9030899869919435
NZ_CP082767.1,133376,≥100 kb,tRNA-,8.0,0.9542425094393249
NZ_CP082768.1,87095,<100 kb,tRNA-,7.0,0.9030899869919435
NZ_CP041928.1,202623,≥100 kb,tRNA-,7.0,0.9030899869919435
NZ_CP041930.1,86019,<100 kb,tRNA-,8.0,0.9542425094393249
NZ_CP041931.1,51479,<100 kb,tRNA-,2.0,0.47712125471966244
NZ_CP043048.1,71836,<100 kb,tRNA-,11.0,1.0791812460476249
NZ_CP043049.1,212420,≥100 kb,tRNA-,4.0,0.6989700043360189
NZ_CP043933.1,247938,≥100 kb,tRNA-,11.0,1.0791812460476249
NZ_CP043935.1,179179,≥100 kb,tRNA-,17.0,1.255272505103306
NZ_CP043936.1,82768,<100 kb,tRNA-,11.0,1.0791812460476249
NZ_CP044035.1,114306,≥100 kb,tRNA-,5.0,0.7781512503836436
NZ_CP044036.1,151028,≥100 kb,tRNA-,6.0,0.8450980400142568
NZ_CP044037.1,23368,<100 kb,tRNA-,3.0,0.6020599913279624
NZ_CP044032.1,63589,<100 kb,tRNA-,2.0,0.47712125471966244
NZ_CP044034.1,114663,≥100 kb,tRNA+,3.0,0.6020599913279624
NZ_CP044043.1,72634,<100 kb,tRNA-,10.0,1.0413926851582251
NZ_CP044045.1,138560,≥100 kb,tRNA-,5.0,0.7781512503836436
NZ_CP044259.1,144422,≥100 kb,tRNA-,10.0,1.0413926851582251
NZ_CP041375.1,134972,≥100 kb,tRNA-,8.0,0.9542425094393249
NZ_CP041376.1,87095,<100 kb,tRNA-,7.0,0.9030899869919435
NZ_CP042483.1,208956,≥100 kb,tRNA-,10.0,1.0413926851582251
NZ_CP042484.1,15010,<100 kb,tRNA-,6.0,0.8450980400142568
NZ_CP042486.1,6953,<100 kb,tRNA-,5.0,0.7781512503836436
NZ_CP042522.1,87731,<100 kb,tRNA-,13.0,1.146128035678238
NZ_CP035205.1,58460,<100 kb,tRNA-,1.0,0.3010299956639812
NZ_CP035204.1,141746,≥100 kb,tRNA-,12.0,1.1139433523068367
NZ_CP035212.1,69596,<100 kb,tRNA-,11.0,1.0791812460476249
NZ_CP035213.1,73685,<100 kb,tRNA-,1.0,0.3010299956639812
NZ_CP035198.1,46873,<100 kb,tRNA-,3.0,0.6020599913279624
NZ_CP035200.1,40255,<100 kb,tRNA-,1.0,0.3010299956639812
NZ_CP035195.1,60128,<100 kb,tRNA-,3.0,0.6020599913279624
NZ_CP026019.1,305423,≥100 kb,tRNA-,24.0,1.3979400086720377
NZ_CP026018.1,76297,<100 kb,tRNA-,13.0,1.146128035678238
NZ_CP026020.1,41874,<100 kb,tRNA-,4.0,0.6989700043360189
NZ_CP026025.1,81180,<100 kb,tRNA-,4.0,0.6989700043360189
NZ_CP063012.1,164278,≥100 kb,tRNA-,18.0,1.2787536009528289
NZ_CP063002.1,3223,<100 kb,tRNA-,1.0,0.3010299956639812
NZ_CP062987.1,146591,≥100 kb,tRNA-,12.0,1.1139433523068367
NZ_CP062988.1,63454,<100 kb,tRNA-,2.0,0.47712125471966244
NZ_CP062990.1,8350,<100 kb,tRNA-,1.0,0.3010299956639812
NZ_CP063020.1,79562,<100 kb,tRNA-,13.0,1.146128035678238
NZ_CP063009.1,103524,≥100 kb,tRNA-,14.0,1.1760912590556813
NZ_CP063010.1,84069,<100 kb,tRNA-,13.0,1.146128035678238
NZ_CP034417.1,128299,≥100 kb,tRNA-,12.0,1.1139433523068367
NZ_CP041947.1,47983,<100 kb,tRNA-,5.0,0.7781512503836436
NZ_CP041948.1,75307,<100 kb,tRNA-,1.0,0.3010299956639812
NZ_CP041949.1,174723,≥100 kb,tRNA-,4.0,0.6989700043360189
NZ_CP046382.1,204070,≥100 kb,tRNA-,10.0,1.0413926851582251
NZ_CP046384.1,113102,≥100 kb,tRNA-,9.0,1.0
NZ_CP046613.1,237090,≥100 kb,tRNA-,6.0,0.8450980400142568
NZ_CP046614.1,230910,≥100 kb,tRNA-,9.0,1.0
NZ_CP046950.1,204047,≥100 kb,tRNA-,14.0,1.1760912590556813
NZ_CP046952.1,113105,≥100 kb,tRNA-,9.0,1.0
NZ_CP046940.1,153682,≥100 kb,tRNA-,12.0,1.1139433523068367
NZ_CP046942.1,102826,≥100 kb,tRNA-,8.0,0.9542425094393249
NZ_CP032242.1,96030,<100 kb,tRNA-,9.0,1.0
NZ_CP032243.1,84855,<100 kb,tRNA-,6.0,0.8450980400142568
NZ_CP047161.1,127240,≥100 kb,tRNA-,12.0,1.1139433523068367
NZ_CP047194.1,142228,≥100 kb,tRNA-,12.0,1.1139433523068367
NZ_CP047195.1,87117,<100 kb,tRNA-,7.0,0.9030899869919435
NZ_CP045195.1,50514,<100 kb,tRNA-,2.0,0.47712125471966244
NZ_CP045676.1,146858,≥100 kb,tRNA-,9.0,1.0
NZ_CP045677.1,128536,≥100 kb,tRNA+,3.0,0.6020599913279624
NZ_CP045680.1,6141,<100 kb,tRNA-,2.0,0.47712125471966244
NZ_CP040123.1,227415,≥100 kb,tRNA-,7.0,0.9030899869919435
NZ_CP040124.1,72060,<100 kb,tRNA-,5.0,0.7781512503836436
NZ_CP030294.1,164198,≥100 kb,tRNA-,10.0,1.0413926851582251
NZ_CP030297.1,185726,≥100 kb,tRNA-,13.0,1.146128035678238
NZ_CP030299.1,54035,<100 kb,tRNA-,6.0,0.8450980400142568
NZ_CP030301.1,148021,≥100 kb,tRNA-,12.0,1.1139433523068367
NZ_CP030304.1,153373,≥100 kb,tRNA-,10.0,1.0413926851582251
NZ_CP030305.1,110786,≥100 kb,tRNA-,5.0,0.7781512503836436
NZ_CP030308.1,79463,<100 kb,tRNA-,11.0,1.0791812460476249
NZ_CP030309.1,65112,<100 kb,tRNA-,1.0,0.3010299956639812
NZ_CP030310.1,55833,<100 kb,tRNA-,3.0,0.6020599913279624
NZ_CP030316.1,64018,<100 kb,tRNA-,6.0,0.8450980400142568
NZ_CP039809.1,205652,≥100 kb,tRNA-,7.0,0.9030899869919435
NZ_CP039810.1,153556,≥100 kb,tRNA-,9.0,1.0
NZ_CP039811.1,53097,<100 kb,tRNA-,6.0,0.8450980400142568
NZ_CP039820.1,172001,≥100 kb,tRNA-,11.0,1.0791812460476249
NZ_CP039821.1,63046,<100 kb,tRNA-,4.0,0.6989700043360189
NZ_AP019667.1,88953,<100 kb,tRNA-,9.0,1.0
NZ_AP019668.1,81239,<100 kb,tRNA-,13.0,1.146128035678238
NZ_CP040859.1,60832,<100 kb,tRNA-,7.0,0.9030899869919435
NZ_CP047634.1,174647,≥100 kb,tRNA-,11.0,1.0791812460476249
NZ_CP047339.1,35955,<100 kb,tRNA-,2.0,0.47712125471966244
NZ_CP047338.1,50845,<100 kb,tRNA-,3.0,0.6020599913279624
NZ_CP047337.1,345655,≥100 kb,tRNA-,23.0,1.380211241711606
NZ_CP034322.1,150094,≥100 kb,tRNA-,8.0,0.9542425094393249
NZ_CP045264.1,129252,≥100 kb,tRNA-,13.0,1.146128035678238
NZ_CP040036.1,65499,<100 kb,tRNA-,2.0,0.47712125471966244
NZ_CP040034.1,176345,≥100 kb,tRNA-,16.0,1.2304489213782739
NZ_CP040035.1,148625,≥100 kb,tRNA-,1.0,0.3010299956639812
NZ_CP040031.1,65499,<100 kb,tRNA-,2.0,0.47712125471966244
NZ_CP040029.1,176345,≥100 kb,tRNA-,16.0,1.2304489213782739
NZ_CP040030.1,148625,≥100 kb,tRNA-,1.0,0.3010299956639812
NZ_CP040039.1,151220,≥100 kb,tRNA-,6.0,0.8450980400142568
NZ_CP040025.1,150325,≥100 kb,tRNA-,2.0,0.47712125471966244
NZ_CP040024.1,155920,≥100 kb,tRNA-,7.0,0.9030899869919435
NZ_CP059470.1,211813,≥100 kb,tRNA-,1.0,0.3010299956639812
NZ_CP059469.1,289419,≥100 kb,tRNA-,20.0,1.3222192947339193
NZ_CP058941.1,208077,≥100 kb,tRNA-,1.0,0.3010299956639812
NZ_CP058942.1,99664,<100 kb,tRNA-,17.0,1.255272505103306
NZ_CP058943.1,60771,<100 kb,tRNA-,8.0,0.9542425094393249
NZ_CP058945.1,50126,<100 kb,tRNA-,2.0,0.47712125471966244
NZ_CP053774.1,11154,<100 kb,tRNA-,2.0,0.47712125471966244
NZ_CP053778.1,6030,<100 kb,tRNA-,2.0,0.47712125471966244
NZ_CP053772.1,317680,≥100 kb,tRNA-,18.0,1.2787536009528289
NZ_CP054172.1,32976,<100 kb,tRNA-,2.0,0.47712125471966244
NZ_CP054171.1,92972,<100 kb,tRNA-,15.0,1.2041199826559248
NZ_CP053767.1,211810,≥100 kb,tRNA-,1.0,0.3010299956639812
NZ_CP053768.1,97846,<100 kb,tRNA-,14.0,1.1760912590556813
NZ_CP053766.1,307718,≥100 kb,tRNA-,14.0,1.1760912590556813
NZ_CP060425.1,47630,<100 kb,tRNA-,2.0,0.47712125471966244
NZ_CP060423.1,74731,<100 kb,tRNA-,9.0,1.0
NZ_CP060426.1,6047,<100 kb,tRNA-,1.0,0.3010299956639812
NZ_AP023338.1,288040,≥100 kb,tRNA-,18.0,1.2787536009528289
NZ_AP023340.1,160398,≥100 kb,tRNA-,7.0,0.9030899869919435
NZ_AP023341.1,71220,<100 kb,tRNA-,3.0,0.6020599913279624
NZ_CP050361.1,107451,≥100 kb,tRNA-,3.0,0.6020599913279624
NZ_CP050364.1,119981,≥100 kb,tRNA-,11.0,1.0791812460476249
NZ_CP050367.1,103085,≥100 kb,tRNA-,15.0,1.2041199826559248
NZ_CP050368.1,6812,<100 kb,tRNA-,2.0,0.47712125471966244
NZ_CP050372.1,76387,<100 kb,tRNA-,7.0,0.9030899869919435
NZ_CP050374.1,193462,≥100 kb,tRNA-,15.0,1.2041199826559248
NZ_CP050375.1,51140,<100 kb,tRNA-,2.0,0.47712125471966244
NZ_CP050379.1,225540,≥100 kb,tRNA-,12.0,1.1139433523068367
NZ_CP050380.1,353810,≥100 kb,tRNA-,14.0,1.1760912590556813
NZ_CP050381.1,71402,<100 kb,tRNA-,2.0,0.47712125471966244
NZ_CP061390.1,183887,≥100 kb,tRNA-,3.0,0.6020599913279624
NZ_CP061394.1,43501,<100 kb,tRNA-,3.0,0.6020599913279624
NZ_CP061382.1,136387,≥100 kb,tRNA-,9.0,1.0
NZ_CP061383.1,5488,<100 kb,tRNA-,1.0,0.3010299956639812
NZ_CP061406.1,85405,<100 kb,tRNA-,1.0,0.3010299956639812
NZ_CP061407.1,68514,<100 kb,tRNA-,1.0,0.3010299956639812
NZ_CP061397.1,177258,≥100 kb,tRNA-,8.0,0.9542425094393249
NZ_CP061398.1,121507,≥100 kb,tRNA+,7.0,0.9030899869919435
NZ_CP061401.1,77139,<100 kb,tRNA-,11.0,1.0791812460476249
NZ_CP061386.1,186866,≥100 kb,tRNA-,8.0,0.9542425094393249
NZ_CP061387.1,114416,≥100 kb,tRNA-,7.0,0.9030899869919435
NZ_CP061388.1,13636,<100 kb,tRNA-,1.0,0.3010299956639812
NZ_CP050827.1,186278,≥100 kb,tRNA-,2.0,0.47712125471966244
NZ_CP042976.1,43296,<100 kb,tRNA-,4.0,0.6989700043360189
NZ_AP023150.1,86902,<100 kb,tRNA-,22.0,1.3617278360175928
NZ_CP042883.1,194856,≥100 kb,tRNA-,5.0,0.7781512503836436
NZ_CP054265.1,168717,≥100 kb,tRNA-,8.0,0.9542425094393249
NZ_CP054266.1,89626,<100 kb,tRNA-,4.0,0.6989700043360189
NZ_CP054267.1,57419,<100 kb,tRNA-,1.0,0.3010299956639812
NZ_CP054305.1,125232,≥100 kb,tRNA-,14.0,1.1760912590556813
NZ_CP054764.1,133772,≥100 kb,tRNA-,8.0,0.9542425094393249
NZ_CP054765.1,87095,<100 kb,tRNA-,6.0,0.8450980400142568
NZ_CP054722.1,133772,≥100 kb,tRNA-,8.0,0.9542425094393249
NZ_CP054723.1,87095,<100 kb,tRNA-,7.0,0.9030899869919435
NZ_CP054758.1,123177,≥100 kb,tRNA-,5.0,0.7781512503836436
NZ_CP054759.1,87095,<100 kb,tRNA-,7.0,0.9030899869919435
NZ_CP054734.1,123177,≥100 kb,tRNA-,5.0,0.7781512503836436
NZ_CP054735.1,87095,<100 kb,tRNA-,7.0,0.9030899869919435
NZ_CP054728.1,133772,≥100 kb,tRNA-,8.0,0.9542425094393249
NZ_CP054729.1,87095,<100 kb,tRNA-,7.0,0.9030899869919435
NZ_CP054740.1,123177,≥100 kb,tRNA-,5.0,0.7781512503836436
NZ_CP054741.1,87095,<100 kb,tRNA-,7.0,0.9030899869919435
NZ_CP054746.1,133772,≥100 kb,tRNA-,8.0,0.9542425094393249
NZ_CP054747.1,87095,<100 kb,tRNA-,7.0,0.9030899869919435
NZ_CP054752.1,133772,≥100 kb,tRNA-,8.0,0.9542425094393249
NZ_CP054753.1,87095,<100 kb,tRNA-,7.0,0.9030899869919435
NZ_CP054770.1,133772,≥100 kb,tRNA-,8.0,0.9542425094393249
NZ_CP054771.1,87095,<100 kb,tRNA-,7.0,0.9030899869919435
NZ_CP054776.1,133772,≥100 kb,tRNA-,8.0,0.9542425094393249
NZ_CP054777.1,87095,<100 kb,tRNA-,7.0,0.9030899869919435
NZ_CP054782.1,133771,≥100 kb,tRNA-,8.0,0.9542425094393249
NZ_CP054783.1,87095,<100 kb,tRNA-,7.0,0.9030899869919435
NZ_CP076548.1,221626,≥100 kb,tRNA-,2.0,0.47712125471966244
NZ_CP076553.1,162180,≥100 kb,tRNA-,15.0,1.2041199826559248
NZ_CP076554.1,123686,≥100 kb,tRNA-,7.0,0.9030899869919435
NZ_CP039937.1,54473,<100 kb,tRNA-,6.0,0.8450980400142568
NZ_CP039938.1,63589,<100 kb,tRNA-,2.0,0.47712125471966244
NZ_CP039940.1,54444,<100 kb,tRNA-,6.0,0.8450980400142568
NZ_CP039941.1,63589,<100 kb,tRNA-,2.0,0.47712125471966244
NZ_CP039943.1,54473,<100 kb,tRNA-,6.0,0.8450980400142568
NZ_CP039944.1,63589,<100 kb,tRNA-,2.0,0.47712125471966244
NZ_CP039946.1,54251,<100 kb,tRNA-,7.0,0.9030899869919435
NZ_CP039947.1,63589,<100 kb,tRNA-,2.0,0.47712125471966244
NZ_CP039949.1,56374,<100 kb,tRNA-,6.0,0.8450980400142568
NZ_CP039950.1,63589,<100 kb,tRNA-,2.0,0.47712125471966244
NZ_CP039952.1,156332,≥100 kb,tRNA-,13.0,1.146128035678238
NZ_CP039953.1,63589,<100 kb,tRNA-,2.0,0.47712125471966244
NZ_CP039955.1,156332,≥100 kb,tRNA-,13.0,1.146128035678238
NZ_CP039956.1,63589,<100 kb,tRNA-,2.0,0.47712125471966244
NZ_CP039958.1,54469,<100 kb,tRNA-,7.0,0.9030899869919435
NZ_CP039959.1,63589,<100 kb,tRNA-,2.0,0.47712125471966244
NZ_CP039961.1,54467,<100 kb,tRNA-,7.0,0.9030899869919435
NZ_CP039962.1,63589,<100 kb,tRNA-,2.0,0.47712125471966244
NZ_CP049717.1,190737,≥100 kb,tRNA-,5.0,0.7781512503836436
NZ_CP049718.1,55778,<100 kb,tRNA-,8.0,0.9542425094393249
NZ_CP049720.1,204699,≥100 kb,tRNA-,9.0,1.0
NZ_CP049949.1,43417,<100 kb,tRNA-,6.0,0.8450980400142568
NZ_CP049948.1,63589,<100 kb,tRNA-,2.0,0.47712125471966244
NZ_CP049952.1,37432,<100 kb,tRNA-,6.0,0.8450980400142568
NZ_CP049951.1,63589,<100 kb,tRNA-,2.0,0.47712125471966244
NZ_CP049955.1,54471,<100 kb,tRNA-,7.0,0.9030899869919435
NZ_CP049954.1,63589,<100 kb,tRNA-,2.0,0.47712125471966244
NZ_CP058961.1,108036,≥100 kb,tRNA-,23.0,1.380211241711606
NZ_CP058962.1,88061,<100 kb,tRNA-,6.0,0.8450980400142568
NZ_CP059311.1,286241,≥100 kb,tRNA-,16.0,1.2304489213782739
NZ_CP059309.1,35866,<100 kb,tRNA-,3.0,0.6020599913279624
NZ_CP059315.1,101059,≥100 kb,tRNA-,4.0,0.6989700043360189
NZ_CP059314.1,49681,<100 kb,tRNA-,7.0,0.9030899869919435
NZ_CP056302.1,267374,≥100 kb,tRNA-,5.0,0.7781512503836436
NZ_CP056435.1,136301,≥100 kb,tRNA-,9.0,1.0
NZ_CP056879.1,199477,≥100 kb,tRNA-,3.0,0.6020599913279624
NZ_CP056880.1,107020,≥100 kb,tRNA-,5.0,0.7781512503836436
NZ_CP056884.1,198658,≥100 kb,tRNA-,3.0,0.6020599913279624
NZ_CP056885.1,107020,≥100 kb,tRNA-,5.0,0.7781512503836436
NZ_CP057318.1,44303,<100 kb,tRNA-,3.0,0.6020599913279624
NZ_CP057724.1,48464,<100 kb,tRNA-,3.0,0.6020599913279624
NZ_CP066536.1,154728,≥100 kb,tRNA-,9.0,1.0
NZ_CP066535.1,192589,≥100 kb,tRNA-,13.0,1.146128035678238
NZ_CP066529.1,144228,≥100 kb,tRNA-,10.0,1.0413926851582251
NZ_CP066530.1,223344,≥100 kb,tRNA-,6.0,0.8450980400142568
NZ_CP066525.1,206852,≥100 kb,tRNA-,7.0,0.9030899869919435
NZ_CP066524.1,149116,≥100 kb,tRNA-,5.0,0.7781512503836436
NZ_CP066518.1,149181,≥100 kb,tRNA-,12.0,1.1139433523068367
NZ_CP066519.1,228076,≥100 kb,tRNA-,8.0,0.9542425094393249
NZ_AP021911.1,80272,<100 kb,tRNA-,9.0,1.0
NZ_AP021931.1,130287,≥100 kb,tRNA-,11.0,1.0791812460476249
NZ_CP054287.1,156980,≥100 kb,tRNA-,10.0,1.0413926851582251
NZ_CP054288.1,43620,<100 kb,tRNA-,7.0,0.9030899869919435
NZ_AP022080.1,176026,≥100 kb,tRNA-,13.0,1.146128035678238
NZ_AP022081.1,55445,<100 kb,tRNA-,9.0,1.0
NZ_CP060283.1,111136,≥100 kb,tRNA-,3.0,0.6020599913279624
NZ_CP060284.1,71861,<100 kb,tRNA-,7.0,0.9030899869919435
NZ_CP047272.1,271744,≥100 kb,tRNA-,13.0,1.146128035678238
NZ_CP060745.1,92237,<100 kb,tRNA-,7.0,0.9030899869919435
NZ_CP060746.1,72636,<100 kb,tRNA-,1.0,0.3010299956639812
NZ_CP072906.1,372862,≥100 kb,tRNA-,16.0,1.2304489213782739
NZ_CP061054.1,6103,<100 kb,tRNA-,2.0,0.47712125471966244
NZ_CP061055.1,70762,<100 kb,tRNA-,14.0,1.1760912590556813
NZ_CP061063.1,6103,<100 kb,tRNA-,2.0,0.47712125471966244
NZ_CP061064.1,66330,<100 kb,tRNA-,13.0,1.146128035678238
NZ_CP053036.1,248660,≥100 kb,tRNA-,7.0,0.9030899869919435
NZ_CP053037.1,85168,<100 kb,tRNA-,10.0,1.0413926851582251
NZ_CP053039.1,8312,<100 kb,tRNA-,4.0,0.6989700043360189
NZ_CP061352.1,108694,≥100 kb,tRNA-,6.0,0.8450980400142568
NZ_CP061353.1,73483,<100 kb,tRNA-,7.0,0.9030899869919435
NZ_CP061701.1,334893,≥100 kb,tRNA-,20.0,1.3222192947339193
NZ_CP061833.1,193300,≥100 kb,tRNA-,7.0,0.9030899869919435
NZ_CP061834.1,47819,<100 kb,tRNA-,5.0,0.7781512503836436
NZ_CP060050.1,199783,≥100 kb,tRNA-,11.0,1.0791812460476249
NZ_CP061843.1,173471,≥100 kb,tRNA-,25.0,1.414973347970818
NZ_CP031936.1,133770,≥100 kb,tRNA-,8.0,0.9542425094393249
NZ_CP031937.1,87094,<100 kb,tRNA-,7.0,0.9030899869919435
NZ_CP062793.1,116956,≥100 kb,tRNA-,13.0,1.146128035678238
NZ_CP062794.1,15947,<100 kb,tRNA-,4.0,0.6989700043360189
NZ_AP023454.1,93470,<100 kb,tRNA-,17.0,1.255272505103306
NZ_AP023455.1,185769,≥100 kb,tRNA-,2.0,0.47712125471966244
NZ_AP023456.1,56841,<100 kb,tRNA-,3.0,0.6020599913279624
NZ_CP063148.1,159093,≥100 kb,tRNA-,4.0,0.6989700043360189
NZ_CP063149.1,375474,≥100 kb,tRNA-,23.0,1.380211241711606
NZ_CP066542.1,188594,≥100 kb,tRNA-,31.0,1.505149978319906
NZ_CP066544.1,88050,<100 kb,tRNA-,5.0,0.7781512503836436
NZ_CP065035.1,191744,≥100 kb,tRNA-,5.0,0.7781512503836436
NZ_CP063279.1,127014,≥100 kb,tRNA-,13.0,1.146128035678238
NZ_CP063280.1,63589,<100 kb,tRNA-,2.0,0.47712125471966244
NZ_AP022529.1,44402,<100 kb,tRNA-,1.0,0.3010299956639812
NZ_CP067047.1,150767,≥100 kb,tRNA-,3.0,0.6020599913279624
NZ_CP067046.1,194435,≥100 kb,tRNA-,3.0,0.6020599913279624
NZ_CP067048.1,7418,<100 kb,tRNA-,3.0,0.6020599913279624
NZ_CP063216.1,273789,≥100 kb,tRNA-,15.0,1.2041199826559248
NZ_CP063218.1,59223,<100 kb,tRNA-,10.0,1.0413926851582251
NZ_CP063749.1,142252,≥100 kb,tRNA-,4.0,0.6989700043360189
NZ_CP063748.1,374513,≥100 kb,tRNA-,23.0,1.380211241711606
NZ_CP050337.1,238333,≥100 kb,tRNA-,11.0,1.0791812460476249
NZ_CP050339.1,86253,<100 kb,tRNA-,5.0,0.7781512503836436
NZ_CP050343.1,205940,≥100 kb,tRNA-,10.0,1.0413926851582251
NZ_CP050345.1,91097,<100 kb,tRNA-,6.0,0.8450980400142568
NZ_CP050349.1,220761,≥100 kb,tRNA-,10.0,1.0413926851582251
NZ_CP050351.1,91502,<100 kb,tRNA-,6.0,0.8450980400142568
NZ_CP050355.1,239469,≥100 kb,tRNA-,12.0,1.1139433523068367
NZ_CP050357.1,91097,<100 kb,tRNA-,6.0,0.8450980400142568
NZ_CP063761.1,107554,≥100 kb,tRNA-,11.0,1.0791812460476249
NZ_CP063762.1,65935,<100 kb,tRNA-,3.0,0.6020599913279624
NZ_CP063763.1,61413,<100 kb,tRNA-,3.0,0.6020599913279624
NZ_CP063835.1,128675,≥100 kb,tRNA-,10.0,1.0413926851582251
NZ_CP063836.1,87095,<100 kb,tRNA-,7.0,0.9030899869919435
NZ_CP063859.1,262519,≥100 kb,tRNA-,23.0,1.380211241711606
NZ_CP063861.1,89965,<100 kb,tRNA-,4.0,0.6989700043360189
NZ_CP063857.1,92970,<100 kb,tRNA-,21.0,1.3424226808222062
NZ_CP063852.1,262508,≥100 kb,tRNA-,22.0,1.3617278360175928
NZ_CP063855.1,89958,<100 kb,tRNA-,9.0,1.0
NZ_CP063866.1,150355,≥100 kb,tRNA-,1.0,0.3010299956639812
NZ_CP063872.1,194302,≥100 kb,tRNA-,2.0,0.47712125471966244
NZ_CP063884.1,57825,<100 kb,tRNA-,6.0,0.8450980400142568
NZ_CP063886.1,104834,≥100 kb,tRNA-,1.0,0.3010299956639812
NZ_CP063929.1,190929,≥100 kb,tRNA-,25.0,1.414973347970818
NZ_CP063907.1,104836,≥100 kb,tRNA-,1.0,0.3010299956639812
NZ_CP063914.1,256775,≥100 kb,tRNA-,21.0,1.3424226808222062
NZ_CP063924.1,116734,≥100 kb,tRNA-,6.0,0.8450980400142568
NZ_CP063935.1,104836,≥100 kb,tRNA-,1.0,0.3010299956639812
NZ_CP063944.1,104835,≥100 kb,tRNA-,1.0,0.3010299956639812
NZ_CP063938.1,62783,<100 kb,tRNA-,6.0,0.8450980400142568
NZ_CP063946.1,433968,≥100 kb,tRNA-,18.0,1.2787536009528289
NZ_CP063949.1,83704,<100 kb,tRNA-,8.0,0.9542425094393249
NZ_CP028853.1,94396,<100 kb,tRNA-,15.0,1.2041199826559248
NZ_CP028851.1,238037,≥100 kb,tRNA-,11.0,1.0791812460476249
NZ_CP064130.1,75711,<100 kb,tRNA-,4.0,0.6989700043360189
NZ_CP064175.1,168672,≥100 kb,tRNA-,3.0,0.6020599913279624
NZ_CP064179.1,73978,<100 kb,tRNA-,12.0,1.1139433523068367
NZ_CP064177.1,46161,<100 kb,tRNA-,3.0,0.6020599913279624
NZ_CP064176.1,22246,<100 kb,tRNA-,1.0,0.3010299956639812
NZ_CP064259.1,394328,≥100 kb,tRNA+,4.0,0.6989700043360189
NZ_CP064260.1,90714,<100 kb,tRNA-,4.0,0.6989700043360189
NZ_CP064261.1,77551,<100 kb,tRNA-,7.0,0.9030899869919435
NZ_CP064212.1,277720,≥100 kb,tRNA-,4.0,0.6989700043360189
NZ_CP064214.1,90714,<100 kb,tRNA-,5.0,0.7781512503836436
NZ_CP064215.1,77551,<100 kb,tRNA-,7.0,0.9030899869919435
NZ_CP064225.1,133575,≥100 kb,tRNA-,9.0,1.0
NZ_CP064226.1,91913,<100 kb,tRNA-,5.0,0.7781512503836436
NZ_CP064219.1,146760,≥100 kb,tRNA-,13.0,1.146128035678238
NZ_CP064220.1,87179,<100 kb,tRNA-,5.0,0.7781512503836436
NZ_CP064231.1,105085,≥100 kb,tRNA-,4.0,0.6989700043360189
NZ_CP064234.1,105085,≥100 kb,tRNA-,4.0,0.6989700043360189
NZ_CP064237.1,165027,≥100 kb,tRNA-,14.0,1.1760912590556813
NZ_CP064238.1,87095,<100 kb,tRNA-,7.0,0.9030899869919435
NZ_CP064243.1,154868,≥100 kb,tRNA-,10.0,1.0413926851582251
NZ_CP064244.1,87095,<100 kb,tRNA-,7.0,0.9030899869919435
NZ_CP064247.1,272092,≥100 kb,tRNA-,13.0,1.146128035678238
NZ_CP064248.1,168025,≥100 kb,tRNA-,11.0,1.0791812460476249
NZ_CP064253.1,167834,≥100 kb,tRNA-,11.0,1.0791812460476249
NZ_CP064254.1,102456,≥100 kb,tRNA-,5.0,0.7781512503836436
NZ_CP065173.1,228345,≥100 kb,tRNA-,10.0,1.0413926851582251
NZ_CP065168.1,236645,≥100 kb,tRNA-,11.0,1.0791812460476249
NZ_CP065170.1,3223,<100 kb,tRNA-,1.0,0.3010299956639812
NZ_CP065342.1,107590,≥100 kb,tRNA-,5.0,0.7781512503836436
NZ_CP065348.1,75829,<100 kb,tRNA-,14.0,1.1760912590556813
NZ_CP065344.1,75824,<100 kb,tRNA-,14.0,1.1760912590556813
NZ_CP065352.1,107589,≥100 kb,tRNA-,5.0,0.7781512503836436
NZ_CP047701.1,279435,≥100 kb,tRNA-,11.0,1.0791812460476249
NZ_CP047703.1,150505,≥100 kb,tRNA-,11.0,1.0791812460476249
NZ_CP047704.1,73052,<100 kb,tRNA-,6.0,0.8450980400142568
NZ_CP047709.1,81960,<100 kb,tRNA-,8.0,0.9542425094393249
NZ_CP065445.1,94245,<100 kb,tRNA-,4.0,0.6989700043360189
NZ_CP065446.1,139649,≥100 kb,tRNA-,9.0,1.0
NZ_CP065458.1,59242,<100 kb,tRNA-,8.0,0.9542425094393249
NZ_CP065461.1,105090,≥100 kb,tRNA-,6.0,0.8450980400142568
NZ_CP065462.1,195964,≥100 kb,tRNA-,13.0,1.146128035678238
NZ_CP065463.1,139635,≥100 kb,tRNA-,9.0,1.0
NZ_CP065465.1,139648,≥100 kb,tRNA-,9.0,1.0
NZ_CP065466.1,105091,≥100 kb,tRNA-,6.0,0.8450980400142568
NZ_CP065437.1,147528,≥100 kb,tRNA-,16.0,1.2304489213782739
NZ_CP065439.1,148704,≥100 kb,tRNA-,15.0,1.2041199826559248
NZ_CP065440.1,89034,<100 kb,tRNA-,5.0,0.7781512503836436
NZ_CP065451.1,154765,≥100 kb,tRNA-,10.0,1.0413926851582251
NZ_CP065452.1,7148,<100 kb,tRNA-,1.0,0.3010299956639812
NZ_CP065448.1,43961,<100 kb,tRNA-,5.0,0.7781512503836436
NZ_CP065449.1,150314,≥100 kb,tRNA-,2.0,0.47712125471966244
NZ_CP065442.1,6570,<100 kb,tRNA-,4.0,0.6989700043360189
NZ_CP065443.1,139394,≥100 kb,tRNA-,10.0,1.0413926851582251
NZ_CP065556.1,77979,<100 kb,tRNA-,1.0,0.3010299956639812
NZ_CP065826.1,213019,≥100 kb,tRNA-,7.0,0.9030899869919435
NZ_CP065454.1,176326,≥100 kb,tRNA-,19.0,1.3010299956639813
NZ_CP065455.1,74205,<100 kb,tRNA-,2.0,0.47712125471966244
NZ_CP065456.1,3579,<100 kb,tRNA-,1.0,0.3010299956639812
NZ_CP066251.1,122076,≥100 kb,tRNA-,11.0,1.0791812460476249
NZ_CP066252.1,99066,<100 kb,tRNA-,7.0,0.9030899869919435
NZ_CP066256.1,149407,≥100 kb,tRNA-,12.0,1.1139433523068367
NZ_CP066257.1,86962,<100 kb,tRNA-,7.0,0.9030899869919435
NZ_CP068140.1,196709,≥100 kb,tRNA-,2.0,0.47712125471966244
NZ_CP068605.1,13841,<100 kb,tRNA-,1.0,0.3010299956639812
NZ_CP068608.1,195414,≥100 kb,tRNA-,8.0,0.9542425094393249
NZ_CP068609.1,72912,<100 kb,tRNA-,14.0,1.1760912590556813
NZ_CP068611.1,13841,<100 kb,tRNA-,1.0,0.3010299956639812
NZ_CP068613.1,73313,<100 kb,tRNA-,13.0,1.146128035678238
NZ_CP068615.1,13841,<100 kb,tRNA-,1.0,0.3010299956639812
NZ_CP068616.1,207249,≥100 kb,tRNA-,8.0,0.9542425094393249
NZ_CP068617.1,67920,<100 kb,tRNA-,11.0,1.0791812460476249
NZ_CP068619.1,13841,<100 kb,tRNA-,1.0,0.3010299956639812
NZ_CP068620.1,206602,≥100 kb,tRNA-,7.0,0.9030899869919435
NZ_CP068621.1,65819,<100 kb,tRNA-,5.0,0.7781512503836436
NZ_CP068973.1,200198,≥100 kb,tRNA-,8.0,0.9542425094393249
NZ_CP068975.1,6635,<100 kb,tRNA-,4.0,0.6989700043360189
NZ_CP069047.1,196778,≥100 kb,tRNA-,1.0,0.3010299956639812
NZ_CP069049.1,107863,≥100 kb,tRNA-,2.0,0.47712125471966244
NZ_CP069051.1,47426,<100 kb,tRNA-,6.0,0.8450980400142568
NZ_CP069050.1,74767,<100 kb,tRNA-,7.0,0.9030899869919435
NZ_CP053017.1,169824,≥100 kb,tRNA-,11.0,1.0791812460476249
NZ_CP053018.1,220791,≥100 kb,tRNA-,11.0,1.0791812460476249
NZ_CP069172.1,134972,≥100 kb,tRNA-,9.0,1.0
NZ_CP069173.1,117844,≥100 kb,tRNA-,11.0,1.0791812460476249
NZ_CP069176.1,87095,<100 kb,tRNA-,7.0,0.9030899869919435
NZ_CP017778.1,225961,≥100 kb,tRNA+,7.0,0.9030899869919435
NZ_CP017779.1,173923,≥100 kb,tRNA-,7.0,0.9030899869919435
NZ_CP069833.1,79088,<100 kb,tRNA-,3.0,0.6020599913279624
NZ_CP069829.1,39709,<100 kb,tRNA-,3.0,0.6020599913279624
NZ_CP069822.1,187940,≥100 kb,tRNA-,8.0,0.9542425094393249
NZ_CP069844.1,54312,<100 kb,tRNA-,5.0,0.7781512503836436
NZ_CP069845.1,53443,<100 kb,tRNA-,8.0,0.9542425094393249
NZ_CP069856.1,17733,<100 kb,tRNA-,1.0,0.3010299956639812
NZ_CP069875.1,141542,≥100 kb,tRNA-,13.0,1.146128035678238
NZ_CP069901.1,3223,<100 kb,tRNA-,1.0,0.3010299956639812
NZ_CP070178.1,67308,<100 kb,tRNA-,2.0,0.47712125471966244
NZ_CP070185.1,29895,<100 kb,tRNA-,3.0,0.6020599913279624
NZ_CP070187.1,12439,<100 kb,tRNA-,5.0,0.7781512503836436
NZ_CP070181.1,2579,<100 kb,tRNA-,1.0,0.3010299956639812
NZ_CP069947.1,93379,<100 kb,tRNA-,7.0,0.9030899869919435
NZ_CP069948.1,85832,<100 kb,tRNA-,8.0,0.9542425094393249
NZ_CP069963.1,64998,<100 kb,tRNA-,3.0,0.6020599913279624
NZ_CP069966.1,27282,<100 kb,tRNA-,3.0,0.6020599913279624
NZ_CP069967.1,48813,<100 kb,tRNA-,3.0,0.6020599913279624
NZ_CP069995.1,181659,≥100 kb,tRNA-,3.0,0.6020599913279624
NZ_CP070016.1,248897,≥100 kb,tRNA-,14.0,1.1760912590556813
NZ_CP070047.1,215306,≥100 kb,tRNA-,4.0,0.6989700043360189
NZ_CP070083.1,208838,≥100 kb,tRNA-,7.0,0.9030899869919435
NZ_CP070084.1,42567,<100 kb,tRNA-,3.0,0.6020599913279624
NZ_CP070082.1,15271,<100 kb,tRNA-,1.0,0.3010299956639812
NZ_CP070093.1,210510,≥100 kb,tRNA-,2.0,0.47712125471966244
NZ_CP070107.1,6169,<100 kb,tRNA-,5.0,0.7781512503836436
NZ_CP070110.1,78821,<100 kb,tRNA-,5.0,0.7781512503836436
NZ_CP070159.1,248395,≥100 kb,tRNA-,15.0,1.2041199826559248
NZ_CP070411.1,127801,≥100 kb,tRNA-,9.0,1.0
NZ_CP070413.1,6141,<100 kb,tRNA-,2.0,0.47712125471966244
NZ_CP070416.1,127805,≥100 kb,tRNA-,9.0,1.0
NZ_CP070418.1,6141,<100 kb,tRNA-,2.0,0.47712125471966244
NZ_CP070426.1,127805,≥100 kb,tRNA-,9.0,1.0
NZ_CP070428.1,6141,<100 kb,tRNA-,2.0,0.47712125471966244
NZ_CP070436.1,151424,≥100 kb,tRNA-,5.0,0.7781512503836436
NZ_CP070437.1,144870,≥100 kb,tRNA-,3.0,0.6020599913279624
NZ_CP070438.1,112495,≥100 kb,tRNA-,12.0,1.1139433523068367
NZ_CP070431.1,127805,≥100 kb,tRNA-,9.0,1.0
NZ_CP070433.1,6141,<100 kb,tRNA-,2.0,0.47712125471966244
NZ_CP070446.1,127805,≥100 kb,tRNA-,9.0,1.0
NZ_CP070448.1,6141,<100 kb,tRNA-,2.0,0.47712125471966244
NZ_CP070450.1,127805,≥100 kb,tRNA-,9.0,1.0
NZ_CP070452.1,6141,<100 kb,tRNA-,2.0,0.47712125471966244
NZ_CP070460.1,132760,≥100 kb,tRNA-,10.0,1.0413926851582251
NZ_CP070461.1,6141,<100 kb,tRNA-,2.0,0.47712125471966244
NZ_CP070465.1,137142,≥100 kb,tRNA-,14.0,1.1760912590556813
NZ_CP070525.1,108537,≥100 kb,tRNA-,11.0,1.0791812460476249
NZ_CP070562.1,171286,≥100 kb,tRNA-,8.0,0.9542425094393249
NZ_CP070560.1,113456,≥100 kb,tRNA-,7.0,0.9030899869919435
NZ_CP070565.1,118664,≥100 kb,tRNA-,15.0,1.2041199826559248
NZ_CP070578.1,102009,≥100 kb,tRNA-,4.0,0.6989700043360189
NZ_CP070577.1,170806,≥100 kb,tRNA-,6.0,0.8450980400142568
NZ_CP070576.1,88945,<100 kb,tRNA-,12.0,1.1139433523068367
NZ_CP070585.1,3223,<100 kb,tRNA-,1.0,0.3010299956639812
NZ_CP070581.1,94665,<100 kb,tRNA-,7.0,0.9030899869919435
NZ_CP070580.1,88945,<100 kb,tRNA-,12.0,1.1139433523068367
NZ_CP070596.1,102008,≥100 kb,tRNA-,4.0,0.6989700043360189
NZ_CP070595.1,189174,≥100 kb,tRNA-,8.0,0.9542425094393249
NZ_CP070594.1,88946,<100 kb,tRNA-,12.0,1.1139433523068367
NZ_CP070599.1,122733,≥100 kb,tRNA-,11.0,1.0791812460476249
NZ_CP070971.1,106354,≥100 kb,tRNA-,16.0,1.2304489213782739
NZ_CP070972.1,106126,≥100 kb,tRNA-,3.0,0.6020599913279624
NZ_CP070900.1,136763,≥100 kb,tRNA-,11.0,1.0791812460476249
NZ_CP046647.1,154760,≥100 kb,tRNA-,13.0,1.146128035678238
NZ_CP046648.1,66546,<100 kb,tRNA-,5.0,0.7781512503836436
NZ_CP046649.1,47885,<100 kb,tRNA-,5.0,0.7781512503836436
NZ_CP053359.1,184664,≥100 kb,tRNA-,7.0,0.9030899869919435
NZ_CP053360.1,153286,≥100 kb,tRNA-,12.0,1.1139433523068367
NZ_CP053361.1,66546,<100 kb,tRNA-,5.0,0.7781512503836436
NZ_CP048779.1,184553,≥100 kb,tRNA-,7.0,0.9030899869919435
NZ_CP048780.1,153286,≥100 kb,tRNA-,12.0,1.1139433523068367
NZ_CP048781.1,66546,<100 kb,tRNA-,5.0,0.7781512503836436
NZ_CP048801.1,192902,≥100 kb,tRNA-,7.0,0.9030899869919435
NZ_CP048802.1,141806,≥100 kb,tRNA-,9.0,1.0
NZ_CP048803.1,66546,<100 kb,tRNA-,5.0,0.7781512503836436
NZ_CP061949.1,295331,≥100 kb,tRNA-,5.0,0.7781512503836436
NZ_CP061950.1,35664,<100 kb,tRNA-,2.0,0.47712125471966244
NZ_CP061951.1,77477,<100 kb,tRNA-,12.0,1.1139433523068367
NZ_CP061953.1,168138,≥100 kb,tRNA-,4.0,0.6989700043360189
NZ_CP061955.1,44557,<100 kb,tRNA-,3.0,0.6020599913279624
NZ_CP061956.1,67524,<100 kb,tRNA-,6.0,0.8450980400142568
NZ_CP061958.1,109135,≥100 kb,tRNA-,11.0,1.0791812460476249
NZ_CP061960.1,144349,≥100 kb,tRNA-,7.0,0.9030899869919435
NZ_CP061962.1,307252,≥100 kb,tRNA-,7.0,0.9030899869919435
NZ_CP061963.1,62234,<100 kb,tRNA-,5.0,0.7781512503836436
NZ_CP061964.1,63578,<100 kb,tRNA-,2.0,0.47712125471966244
NZ_CP061966.1,150870,≥100 kb,tRNA-,8.0,0.9542425094393249
NZ_CP061969.1,63581,<100 kb,tRNA-,2.0,0.47712125471966244
NZ_CP061972.1,121732,≥100 kb,tRNA-,12.0,1.1139433523068367
NZ_CP061973.1,51982,<100 kb,tRNA-,1.0,0.3010299956639812
NZ_CP061974.1,72450,<100 kb,tRNA-,6.0,0.8450980400142568
NZ_CP061976.1,24514,<100 kb,tRNA-,1.0,0.3010299956639812
NZ_CP061977.1,266729,≥100 kb,tRNA-,5.0,0.7781512503836436
NZ_CP061978.1,77479,<100 kb,tRNA-,12.0,1.1139433523068367
NZ_CP061979.1,95882,<100 kb,tRNA-,3.0,0.6020599913279624
NZ_CP068573.1,185118,≥100 kb,tRNA-,13.0,1.146128035678238
NZ_CP068575.1,86878,<100 kb,tRNA-,7.0,0.9030899869919435
NZ_CP068574.1,72218,<100 kb,tRNA-,7.0,0.9030899869919435
NZ_CP071386.1,195272,≥100 kb,tRNA-,16.0,1.2304489213782739
NZ_CP071387.1,68574,<100 kb,tRNA-,11.0,1.0791812460476249
NZ_CP067256.1,172022,≥100 kb,tRNA-,9.0,1.0
NZ_CP067257.1,65548,<100 kb,tRNA-,7.0,0.9030899869919435
NZ_CP072423.1,137142,≥100 kb,tRNA-,14.0,1.1760912590556813
NZ_CP072409.1,127805,≥100 kb,tRNA-,9.0,1.0
NZ_CP072411.1,6141,<100 kb,tRNA-,2.0,0.47712125471966244
NZ_CP072414.1,127805,≥100 kb,tRNA-,9.0,1.0
NZ_CP072416.1,6141,<100 kb,tRNA-,2.0,0.47712125471966244
NZ_CP072420.1,2731,<100 kb,tRNA-,3.0,0.6020599913279624
NZ_CP072404.1,127805,≥100 kb,tRNA-,9.0,1.0
NZ_CP072406.1,6141,<100 kb,tRNA-,2.0,0.47712125471966244
NZ_CP072498.1,55508,<100 kb,tRNA-,7.0,0.9030899869919435
NZ_CP072465.1,119109,≥100 kb,tRNA-,8.0,0.9542425094393249
NZ_CP051491.1,222864,≥100 kb,tRNA-,6.0,0.8450980400142568
NZ_CP051492.1,225763,≥100 kb,tRNA-,21.0,1.3424226808222062
NZ_CP058359.1,161606,≥100 kb,tRNA-,3.0,0.6020599913279624
NZ_CP058360.1,103005,≥100 kb,tRNA-,5.0,0.7781512503836436
NZ_CP058362.1,191595,≥100 kb,tRNA-,3.0,0.6020599913279624
NZ_CP058363.1,147971,≥100 kb,tRNA-,15.0,1.2041199826559248
NZ_CP072939.1,384269,≥100 kb,tRNA+,14.0,1.1760912590556813
NZ_CP072998.1,163348,≥100 kb,tRNA-,7.0,0.9030899869919435
NZ_CP073001.1,5692,<100 kb,tRNA-,4.0,0.6989700043360189
NZ_CP071083.1,64471,<100 kb,tRNA-,6.0,0.8450980400142568
NZ_CP071087.1,222789,≥100 kb,tRNA-,22.0,1.3617278360175928
NZ_CP082793.1,86182,<100 kb,tRNA-,1.0,0.3010299956639812
NZ_CP082794.1,34685,<100 kb,tRNA-,1.0,0.3010299956639812
NZ_CP073303.1,125619,≥100 kb,tRNA-,11.0,1.0791812460476249
NZ_CP086666.1,174841,≥100 kb,tRNA-,21.0,1.3424226808222062
NZ_CP086668.1,102252,≥100 kb,tRNA-,4.0,0.6989700043360189
NZ_CP086665.1,323074,≥100 kb,tRNA-,14.0,1.1760912590556813
NZ_CP065950.1,49502,<100 kb,tRNA-,2.0,0.47712125471966244
NZ_CP065952.1,100684,≥100 kb,tRNA-,8.0,0.9542425094393249
NZ_CP065953.1,317010,≥100 kb,tRNA-,13.0,1.146128035678238
NZ_CP065954.1,63769,<100 kb,tRNA-,2.0,0.47712125471966244
NZ_CP094994.1,102252,≥100 kb,tRNA-,4.0,0.6989700043360189
NZ_CP094993.1,174840,≥100 kb,tRNA-,21.0,1.3424226808222062
NZ_CP094992.1,326663,≥100 kb,tRNA-,14.0,1.1760912590556813
NZ_CP073907.1,204580,≥100 kb,tRNA-,10.0,1.0413926851582251
NZ_CP073908.1,115662,≥100 kb,tRNA-,1.0,0.3010299956639812
NZ_CP073909.1,98579,<100 kb,tRNA-,5.0,0.7781512503836436
NZ_CP055296.1,133766,≥100 kb,tRNA-,8.0,0.9542425094393249
NZ_CP055297.1,87095,<100 kb,tRNA-,7.0,0.9030899869919435
NZ_CP074581.1,137142,≥100 kb,tRNA-,14.0,1.1760912590556813
NZ_CP075261.1,151651,≥100 kb,tRNA-,11.0,1.0791812460476249
NZ_CP075257.1,274231,≥100 kb,tRNA-,15.0,1.2041199826559248
NZ_CP075288.1,233263,≥100 kb,tRNA-,8.0,0.9542425094393249
NZ_CP075287.1,84019,<100 kb,tRNA-,9.0,1.0
NZ_CP075318.1,105939,≥100 kb,tRNA-,4.0,0.6989700043360189
NZ_CP075453.1,181365,≥100 kb,tRNA-,14.0,1.1760912590556813
NZ_CP075454.1,78533,<100 kb,tRNA-,6.0,0.8450980400142568
NZ_CP075455.1,307852,≥100 kb,tRNA-,15.0,1.2041199826559248
NZ_CP075549.1,181365,≥100 kb,tRNA-,14.0,1.1760912590556813
NZ_CP075550.1,78533,<100 kb,tRNA-,7.0,0.9030899869919435
NZ_CP075551.1,310767,≥100 kb,tRNA-,21.0,1.3424226808222062
NZ_CP075554.1,75824,<100 kb,tRNA-,16.0,1.2304489213782739
NZ_CP075559.1,317811,≥100 kb,tRNA-,19.0,1.3010299956639813
NZ_CP068016.1,234774,≥100 kb,tRNA-,3.0,0.6020599913279624
NZ_CP068017.1,80836,<100 kb,tRNA-,8.0,0.9542425094393249
NZ_CP075891.1,187495,≥100 kb,tRNA-,3.0,0.6020599913279624
NZ_CP075892.1,97674,<100 kb,tRNA-,5.0,0.7781512503836436
NZ_CP075893.1,87454,<100 kb,tRNA-,9.0,1.0
NZ_CP058228.1,149200,≥100 kb,tRNA-,12.0,1.1139433523068367
NZ_CP058230.1,93354,<100 kb,tRNA-,1.0,0.3010299956639812
NZ_CP076519.1,247566,≥100 kb,tRNA-,8.0,0.9542425094393249
NZ_CP076520.1,78128,<100 kb,tRNA-,1.0,0.3010299956639812
NZ_CP076521.1,26021,<100 kb,tRNA-,4.0,0.6989700043360189
NZ_CP076869.1,17446,<100 kb,tRNA-,4.0,0.6989700043360189
NZ_CP077777.1,140828,≥100 kb,tRNA-,5.0,0.7781512503836436
NZ_CP077776.1,86980,<100 kb,tRNA-,7.0,0.9030899869919435
NZ_CP077783.1,124281,≥100 kb,tRNA-,5.0,0.7781512503836436
NZ_CP077784.1,348342,≥100 kb,tRNA-,14.0,1.1760912590556813
NZ_CP077782.1,63589,<100 kb,tRNA-,2.0,0.47712125471966244
NZ_CP079727.1,133750,≥100 kb,tRNA-,10.0,1.0413926851582251
NZ_CP079728.1,128536,≥100 kb,tRNA+,3.0,0.6020599913279624
NZ_CP079730.1,6141,<100 kb,tRNA-,2.0,0.47712125471966244
NZ_CP079764.1,104757,≥100 kb,tRNA-,16.0,1.2304489213782739
NZ_CP080311.1,128928,≥100 kb,tRNA-,8.0,0.9542425094393249
NZ_CP080312.1,80673,<100 kb,tRNA-,4.0,0.6989700043360189
NZ_CP080299.1,128928,≥100 kb,tRNA-,8.0,0.9542425094393249
NZ_CP080300.1,80673,<100 kb,tRNA-,4.0,0.6989700043360189
NZ_CP080305.1,128928,≥100 kb,tRNA-,8.0,0.9542425094393249
NZ_CP080306.1,92645,<100 kb,tRNA-,4.0,0.6989700043360189
NZ_CP080359.1,136344,≥100 kb,tRNA-,14.0,1.1760912590556813
NZ_CP080360.1,63589,<100 kb,tRNA-,2.0,0.47712125471966244
NZ_CP080352.1,288525,≥100 kb,tRNA-,7.0,0.9030899869919435
NZ_CP080350.1,51884,<100 kb,tRNA-,7.0,0.9030899869919435
NZ_CP080366.1,85191,<100 kb,tRNA-,8.0,0.9542425094393249
NZ_CP080367.1,51479,<100 kb,tRNA-,2.0,0.47712125471966244
NZ_CP078123.1,157394,≥100 kb,tRNA-,11.0,1.0791812460476249
NZ_CP078125.1,95399,<100 kb,tRNA-,6.0,0.8450980400142568
NZ_CP078126.1,49863,<100 kb,tRNA-,5.0,0.7781512503836436
NZ_CP040837.1,6135,<100 kb,tRNA-,5.0,0.7781512503836436
NZ_CP040835.1,167468,≥100 kb,tRNA-,11.0,1.0791812460476249
NZ_CP040834.1,284671,≥100 kb,tRNA-,16.0,1.2304489213782739
NZ_CP067062.1,36708,<100 kb,tRNA-,4.0,0.6989700043360189
NZ_AP024752.1,13841,<100 kb,tRNA-,1.0,0.3010299956639812
NZ_AP024751.1,123779,≥100 kb,tRNA-,14.0,1.1760912590556813
NZ_AP024755.1,13841,<100 kb,tRNA-,1.0,0.3010299956639812
NZ_AP024754.1,123514,≥100 kb,tRNA-,11.0,1.0791812460476249
NZ_AP024759.1,23753,<100 kb,tRNA-,5.0,0.7781512503836436
NZ_AP024757.1,123816,≥100 kb,tRNA-,14.0,1.1760912590556813
NZ_AP024762.1,13841,<100 kb,tRNA-,1.0,0.3010299956639812
NZ_AP024761.1,125298,≥100 kb,tRNA-,10.0,1.0413926851582251
NZ_AP024765.1,12692,<100 kb,tRNA-,1.0,0.3010299956639812
NZ_AP024764.1,122843,≥100 kb,tRNA-,14.0,1.1760912590556813
NZ_AP024768.1,13841,<100 kb,tRNA-,1.0,0.3010299956639812
NZ_AP024767.1,124880,≥100 kb,tRNA-,13.0,1.146128035678238
NZ_AP024771.1,13841,<100 kb,tRNA-,1.0,0.3010299956639812
NZ_AP024770.1,123805,≥100 kb,tRNA-,14.0,1.1760912590556813
NZ_AP024774.1,13841,<100 kb,tRNA-,1.0,0.3010299956639812
NZ_AP024773.1,123760,≥100 kb,tRNA-,14.0,1.1760912590556813
NZ_AP024777.1,23753,<100 kb,tRNA-,5.0,0.7781512503836436
NZ_AP024776.1,122429,≥100 kb,tRNA-,14.0,1.1760912590556813
NZ_AP024780.1,23753,<100 kb,tRNA-,5.0,0.7781512503836436
NZ_AP024779.1,122441,≥100 kb,tRNA-,14.0,1.1760912590556813
NZ_AP024783.1,13841,<100 kb,tRNA-,1.0,0.3010299956639812
NZ_AP024782.1,123767,≥100 kb,tRNA-,11.0,1.0791812460476249
NZ_AP024787.1,13841,<100 kb,tRNA-,1.0,0.3010299956639812
NZ_AP024786.1,128491,≥100 kb,tRNA-,17.0,1.255272505103306
NZ_AP024791.1,13841,<100 kb,tRNA-,1.0,0.3010299956639812
NZ_AP024790.1,123780,≥100 kb,tRNA-,14.0,1.1760912590556813
NZ_AP024794.1,13841,<100 kb,tRNA-,1.0,0.3010299956639812
NZ_AP024793.1,133170,≥100 kb,tRNA-,13.0,1.146128035678238
NZ_AP024797.1,13841,<100 kb,tRNA-,1.0,0.3010299956639812
NZ_AP024796.1,133781,≥100 kb,tRNA-,17.0,1.255272505103306
NZ_CP081821.1,172862,≥100 kb,tRNA-,12.0,1.1139433523068367
NZ_CP081822.1,82468,<100 kb,tRNA-,6.0,0.8450980400142568
NZ_CP073628.1,247177,≥100 kb,tRNA-,13.0,1.146128035678238
NZ_CP073785.1,115132,≥100 kb,tRNA-,8.0,0.9542425094393249
NZ_CP073790.1,40128,<100 kb,tRNA-,1.0,0.3010299956639812
NZ_CP073793.1,82998,<100 kb,tRNA-,7.0,0.9030899869919435
NZ_CP082003.1,153399,≥100 kb,tRNA-,11.0,1.0791812460476249
NZ_CP082007.1,174262,≥100 kb,tRNA-,1.0,0.3010299956639812
NZ_CP082004.1,105913,≥100 kb,tRNA-,4.0,0.6989700043360189
NZ_CP082012.1,153214,≥100 kb,tRNA-,11.0,1.0791812460476249
NZ_CP082021.1,241489,≥100 kb,tRNA-,3.0,0.6020599913279624
NZ_CP082020.1,135837,≥100 kb,tRNA-,14.0,1.1760912590556813
NZ_CP082015.1,128480,≥100 kb,tRNA-,11.0,1.0791812460476249
NZ_CP082034.1,115559,≥100 kb,tRNA-,6.0,0.8450980400142568
NZ_CP082031.1,212588,≥100 kb,tRNA-,7.0,0.9030899869919435
NZ_CP082030.1,105927,≥100 kb,tRNA-,4.0,0.6989700043360189
NZ_CP082043.1,239197,≥100 kb,tRNA-,13.0,1.146128035678238
NZ_CP082042.1,160563,≥100 kb,tRNA-,11.0,1.0791812460476249
NZ_CP082026.1,237812,≥100 kb,tRNA-,2.0,0.47712125471966244
NZ_CP082025.1,130597,≥100 kb,tRNA-,13.0,1.146128035678238
NZ_CP082039.1,160747,≥100 kb,tRNA-,11.0,1.0791812460476249
NZ_CP092407.1,189738,≥100 kb,tRNA-,2.0,0.47712125471966244
NZ_CP115838.1,91820,<100 kb,tRNA-,8.0,0.9542425094393249
NZ_CP115840.1,34060,<100 kb,tRNA-,2.0,0.47712125471966244
NZ_CP072461.1,301103,≥100 kb,tRNA-,19.0,1.3010299956639813
NZ_CP072462.1,9585,<100 kb,tRNA-,1.0,0.3010299956639812
NZ_CP083446.1,349403,≥100 kb,tRNA-,26.0,1.4313637641589874
NZ_CP083447.1,48038,<100 kb,tRNA-,1.0,0.3010299956639812
NZ_CP083786.1,42290,<100 kb,tRNA-,1.0,0.3010299956639812
NZ_CP072457.1,185386,≥100 kb,tRNA-,6.0,0.8450980400142568
NZ_CP072458.1,111105,≥100 kb,tRNA-,11.0,1.0791812460476249
NZ_CP084169.1,137142,≥100 kb,tRNA-,14.0,1.1760912590556813
NZ_CP084498.1,163933,≥100 kb,tRNA-,10.0,1.0413926851582251
NZ_CP084499.1,91703,<100 kb,tRNA-,14.0,1.1760912590556813
NZ_CP084493.1,296908,≥100 kb,tRNA-,11.0,1.0791812460476249
NZ_CP084494.1,152725,≥100 kb,tRNA-,12.0,1.1139433523068367
NZ_CP084105.1,54034,<100 kb,tRNA-,4.0,0.6989700043360189
NZ_CP084707.1,131273,≥100 kb,tRNA-,8.0,0.9542425094393249
NZ_CP084708.1,124300,≥100 kb,tRNA-,7.0,0.9030899869919435
NZ_CP084853.1,196349,≥100 kb,tRNA-,16.0,1.2304489213782739
NZ_CP084872.1,153259,≥100 kb,tRNA-,8.0,0.9542425094393249
NZ_CP084987.1,362034,≥100 kb,tRNA-,20.0,1.3222192947339193
NZ_CP084988.1,142244,≥100 kb,tRNA-,4.0,0.6989700043360189
NZ_CP085731.1,170174,≥100 kb,tRNA-,7.0,0.9030899869919435
NZ_CP085732.1,227661,≥100 kb,tRNA-,2.0,0.47712125471966244
NZ_CP085733.1,56199,<100 kb,tRNA-,8.0,0.9542425094393249
NZ_CP085742.1,107933,≥100 kb,tRNA-,3.0,0.6020599913279624
NZ_CP085890.1,143980,≥100 kb,tRNA-,5.0,0.7781512503836436
NZ_CP085892.1,87106,<100 kb,tRNA-,7.0,0.9030899869919435
NZ_CP086725.1,230544,≥100 kb,tRNA-,15.0,1.2041199826559248
NZ_CP087670.1,280953,≥100 kb,tRNA-,18.0,1.2787536009528289
NZ_CP087671.1,153633,≥100 kb,tRNA-,20.0,1.3222192947339193
NZ_CP087672.1,71532,<100 kb,tRNA-,2.0,0.47712125471966244
NZ_CP087707.1,217602,≥100 kb,tRNA-,4.0,0.6989700043360189
NZ_CP087708.1,210296,≥100 kb,tRNA-,13.0,1.146128035678238
NZ_CP082969.1,63675,<100 kb,tRNA-,2.0,0.47712125471966244
NZ_CP082970.1,48981,<100 kb,tRNA-,5.0,0.7781512503836436
NZ_CP082971.1,13190,<100 kb,tRNA-,4.0,0.6989700043360189
NZ_CP082976.1,342741,≥100 kb,tRNA-,12.0,1.1139433523068367
NZ_CP082979.1,91520,<100 kb,tRNA-,19.0,1.3010299956639813
NZ_CP082980.1,67100,<100 kb,tRNA-,6.0,0.8450980400142568
NZ_CP082986.1,342478,≥100 kb,tRNA-,12.0,1.1139433523068367
NZ_CP082996.1,64366,<100 kb,tRNA-,2.0,0.47712125471966244
NZ_CP082997.1,41479,<100 kb,tRNA-,4.0,0.6989700043360189
NZ_CP083001.1,140975,≥100 kb,tRNA-,11.0,1.0791812460476249
NZ_CP082989.1,174853,≥100 kb,tRNA-,19.0,1.3010299956639813
NZ_CP082990.1,117446,≥100 kb,tRNA-,16.0,1.2304489213782739
NZ_CP082992.1,54065,<100 kb,tRNA-,12.0,1.1139433523068367
NZ_CP082993.1,37866,<100 kb,tRNA-,1.0,0.3010299956639812
NZ_CP083008.1,211349,≥100 kb,tRNA-,7.0,0.9030899869919435
NZ_CP083010.1,13841,<100 kb,tRNA-,1.0,0.3010299956639812
NZ_CP083012.1,91520,<100 kb,tRNA-,19.0,1.3010299956639813
NZ_CP083013.1,67100,<100 kb,tRNA-,6.0,0.8450980400142568
NZ_CP083017.1,94997,<100 kb,tRNA-,8.0,0.9542425094393249
NZ_CP083022.1,94932,<100 kb,tRNA-,8.0,0.9542425094393249
NZ_CP083027.1,94913,<100 kb,tRNA-,8.0,0.9542425094393249
NZ_CP083028.1,29251,<100 kb,tRNA-,3.0,0.6020599913279624
NZ_CP083037.1,194848,≥100 kb,tRNA-,13.0,1.146128035678238
NZ_CP083038.1,63589,<100 kb,tRNA-,2.0,0.47712125471966244
NZ_CP083034.1,137856,≥100 kb,tRNA-,7.0,0.9030899869919435
NZ_CP083044.1,254008,≥100 kb,tRNA-,8.0,0.9542425094393249
NZ_CP083045.1,216901,≥100 kb,tRNA-,1.0,0.3010299956639812
NZ_CP083046.1,6141,<100 kb,tRNA-,2.0,0.47712125471966244
NZ_CP083048.1,254008,≥100 kb,tRNA-,8.0,0.9542425094393249
NZ_CP083049.1,216901,≥100 kb,tRNA-,1.0,0.3010299956639812
NZ_CP083050.1,6141,<100 kb,tRNA-,2.0,0.47712125471966244
NZ_CP083053.1,61736,<100 kb,tRNA-,2.0,0.47712125471966244
NZ_CP083056.1,204868,≥100 kb,tRNA-,8.0,0.9542425094393249
NZ_CP083057.1,73277,<100 kb,tRNA-,11.0,1.0791812460476249
NZ_CP083059.1,6141,<100 kb,tRNA-,2.0,0.47712125471966244
NZ_CP083064.1,61693,<100 kb,tRNA-,2.0,0.47712125471966244
NZ_CP083068.1,63589,<100 kb,tRNA-,2.0,0.47712125471966244
NZ_CP083069.1,48821,<100 kb,tRNA-,4.0,0.6989700043360189
NZ_CP083072.1,190458,≥100 kb,tRNA-,12.0,1.1139433523068367
NZ_CP083073.1,63589,<100 kb,tRNA-,2.0,0.47712125471966244
NZ_CP083077.1,74736,<100 kb,tRNA-,7.0,0.9030899869919435
NZ_CP083078.1,62913,<100 kb,tRNA-,7.0,0.9030899869919435
NZ_CP088983.1,97945,<100 kb,tRNA-,1.0,0.3010299956639812
NZ_CP088986.1,88907,<100 kb,tRNA-,9.0,1.0
NZ_CP088989.1,121561,≥100 kb,tRNA-,2.0,0.47712125471966244
NZ_CP088995.1,140550,≥100 kb,tRNA-,7.0,0.9030899869919435
NZ_CP088994.1,83442,<100 kb,tRNA-,6.0,0.8450980400142568
NZ_CP089007.1,46148,<100 kb,tRNA-,6.0,0.8450980400142568
NZ_CP089008.1,63589,<100 kb,tRNA-,2.0,0.47712125471966244
NZ_CP089010.1,89690,<100 kb,tRNA-,4.0,0.6989700043360189
NZ_CP089000.1,279210,≥100 kb,tRNA-,11.0,1.0791812460476249
NZ_CP089017.1,100026,≥100 kb,tRNA-,1.0,0.3010299956639812
NZ_CP089015.1,15032,<100 kb,tRNA-,3.0,0.6020599913279624
NZ_CP089019.1,177113,≥100 kb,tRNA-,19.0,1.3010299956639813
NZ_CP089016.1,65499,<100 kb,tRNA-,2.0,0.47712125471966244
NZ_CP089022.1,97945,<100 kb,tRNA-,1.0,0.3010299956639812
NZ_CP089028.1,107790,≥100 kb,tRNA-,7.0,0.9030899869919435
NZ_CP089029.1,124933,≥100 kb,tRNA-,13.0,1.146128035678238
NZ_CP089027.1,63408,<100 kb,tRNA-,2.0,0.47712125471966244
NZ_CP089098.1,330084,≥100 kb,tRNA-,14.0,1.1760912590556813
NZ_CP089099.1,152520,≥100 kb,tRNA-,15.0,1.2041199826559248
NZ_CP089384.1,243534,≥100 kb,tRNA-,12.0,1.1139433523068367
NZ_CP089600.1,136701,≥100 kb,tRNA-,8.0,0.9542425094393249
NZ_CP089990.1,190701,≥100 kb,tRNA-,4.0,0.6989700043360189
NZ_CP089991.1,27668,<100 kb,tRNA-,4.0,0.6989700043360189
NZ_CP090127.1,103807,≥100 kb,tRNA-,4.0,0.6989700043360189
NZ_CP090128.1,88164,<100 kb,tRNA-,10.0,1.0413926851582251
NZ_CP090129.1,53096,<100 kb,tRNA-,4.0,0.6989700043360189
NZ_CP090130.1,39224,<100 kb,tRNA-,3.0,0.6020599913279624
NZ_CP090132.1,5651,<100 kb,tRNA-,1.0,0.3010299956639812
NZ_CP090204.1,126203,≥100 kb,tRNA-,9.0,1.0
NZ_CP090205.1,140306,≥100 kb,tRNA-,11.0,1.0791812460476249
NZ_CP090390.1,256194,≥100 kb,tRNA-,13.0,1.146128035678238
NZ_CP090391.1,171602,≥100 kb,tRNA-,4.0,0.6989700043360189
NZ_CP090430.1,147900,≥100 kb,tRNA-,6.0,0.8450980400142568
NZ_CP090394.1,249955,≥100 kb,tRNA-,12.0,1.1139433523068367
NZ_CP090395.1,171626,≥100 kb,tRNA-,4.0,0.6989700043360189
NZ_CP090470.1,129313,≥100 kb,tRNA+,3.0,0.6020599913279624
NZ_CP090471.1,135574,≥100 kb,tRNA-,10.0,1.0413926851582251
NZ_CP090472.1,12274,<100 kb,tRNA-,2.0,0.47712125471966244
NZ_CP090464.1,134477,≥100 kb,tRNA-,9.0,1.0
NZ_CP090465.1,83551,<100 kb,tRNA-,6.0,0.8450980400142568
NZ_CP073352.1,80922,<100 kb,tRNA-,5.0,0.7781512503836436
NZ_CP090618.1,208364,≥100 kb,tRNA-,6.0,0.8450980400142568
NZ_CP090619.1,102938,≥100 kb,tRNA-,1.0,0.3010299956639812
NZ_CP090620.1,95171,<100 kb,tRNA-,10.0,1.0413926851582251
NZ_CP090621.1,65184,<100 kb,tRNA-,7.0,0.9030899869919435
NZ_CP090624.1,115240,≥100 kb,tRNA-,7.0,0.9030899869919435
NZ_CP090625.1,23548,<100 kb,tRNA-,5.0,0.7781512503836436
NZ_CP090627.1,116335,≥100 kb,tRNA-,7.0,0.9030899869919435
NZ_CP090628.1,13636,<100 kb,tRNA-,1.0,0.3010299956639812
NZ_CP090630.1,115240,≥100 kb,tRNA-,7.0,0.9030899869919435
NZ_CP090631.1,13636,<100 kb,tRNA-,1.0,0.3010299956639812
NZ_CP090932.1,266289,≥100 kb,tRNA-,16.0,1.2304489213782739
NZ_CP090933.1,66743,<100 kb,tRNA-,3.0,0.6020599913279624
NZ_CP090934.1,47288,<100 kb,tRNA-,1.0,0.3010299956639812
NZ_CP090935.1,34269,<100 kb,tRNA-,2.0,0.47712125471966244
NZ_CP090936.1,33041,<100 kb,tRNA-,1.0,0.3010299956639812
NZ_CP066153.1,133625,≥100 kb,tRNA-,8.0,0.9542425094393249
NZ_CP066154.1,87095,<100 kb,tRNA-,7.0,0.9030899869919435
NZ_CP053876.1,183589,≥100 kb,tRNA-,9.0,1.0
NZ_CP091063.1,66070,<100 kb,tRNA-,8.0,0.9542425094393249
NZ_CP091070.1,103130,≥100 kb,tRNA-,9.0,1.0
NZ_CP091071.1,87095,<100 kb,tRNA-,7.0,0.9030899869919435
NZ_CP091060.1,57896,<100 kb,tRNA-,5.0,0.7781512503836436
NZ_AP024569.1,220075,≥100 kb,tRNA-,9.0,1.0
NZ_AP024571.1,220075,≥100 kb,tRNA-,9.0,1.0
NZ_AP024573.1,220075,≥100 kb,tRNA-,9.0,1.0
NZ_AP024575.1,36504,<100 kb,tRNA-,1.0,0.3010299956639812
NZ_AP024580.1,220075,≥100 kb,tRNA-,9.0,1.0
NZ_AP024581.1,36504,<100 kb,tRNA-,1.0,0.3010299956639812
NZ_AP024577.1,220075,≥100 kb,tRNA-,9.0,1.0
NZ_AP024578.1,36504,<100 kb,tRNA-,1.0,0.3010299956639812
NZ_CP058549.1,169990,≥100 kb,tRNA-,6.0,0.8450980400142568
NZ_CP058550.1,105000,≥100 kb,tRNA-,5.0,0.7781512503836436
NZ_CP058545.1,104999,≥100 kb,tRNA-,6.0,0.8450980400142568
NZ_CP058546.1,178411,≥100 kb,tRNA-,9.0,1.0
NZ_CP058547.1,136732,≥100 kb,tRNA+,9.0,1.0
NZ_CP063879.1,131081,≥100 kb,tRNA-,8.0,0.9542425094393249
NZ_CP063880.1,37458,<100 kb,tRNA-,4.0,0.6989700043360189
NZ_CP082157.1,65599,<100 kb,tRNA-,2.0,0.47712125471966244
NZ_CP082156.1,66722,<100 kb,tRNA-,10.0,1.0413926851582251
NZ_CP082155.1,220228,≥100 kb,tRNA-,8.0,0.9542425094393249
NZ_CP091583.1,258013,≥100 kb,tRNA-,24.0,1.3979400086720377
NZ_CP091584.1,214248,≥100 kb,tRNA-,1.0,0.3010299956639812
NZ_CP091586.1,20868,<100 kb,tRNA-,2.0,0.47712125471966244
NZ_CP091591.1,109037,≥100 kb,tRNA-,17.0,1.255272505103306
NZ_CP091593.1,96023,<100 kb,tRNA-,3.0,0.6020599913279624
NZ_CP085864.1,63589,<100 kb,tRNA-,2.0,0.47712125471966244
NZ_CP091602.1,298468,≥100 kb,tRNA-,22.0,1.3617278360175928
NZ_CP091599.1,211798,≥100 kb,tRNA-,1.0,0.3010299956639812
NZ_CP091600.1,69630,<100 kb,tRNA-,17.0,1.255272505103306
NZ_CP091603.1,6141,<100 kb,tRNA-,2.0,0.47712125471966244
NZ_CP085867.1,202882,≥100 kb,tRNA-,12.0,1.1139433523068367
NZ_CP085868.1,63589,<100 kb,tRNA-,2.0,0.47712125471966244
NZ_CP091848.1,171032,≥100 kb,tRNA-,2.0,0.47712125471966244
NZ_CP091849.1,72015,<100 kb,tRNA-,13.0,1.146128035678238
NZ_CP091847.1,349120,≥100 kb,tRNA-,21.0,1.3424226808222062
NZ_CP091987.1,171032,≥100 kb,tRNA-,3.0,0.6020599913279624
NZ_CP091986.1,355227,≥100 kb,tRNA-,22.0,1.3617278360175928
NZ_CP091980.1,55296,<100 kb,tRNA-,6.0,0.8450980400142568
NZ_CP055163.1,260949,≥100 kb,tRNA-,18.0,1.2787536009528289
NZ_CP055175.1,233421,≥100 kb,tRNA-,12.0,1.1139433523068367
NZ_CP054968.1,350285,≥100 kb,tRNA-,10.0,1.0413926851582251
NZ_CP054969.1,137932,≥100 kb,tRNA-,21.0,1.3424226808222062
NZ_CP054986.1,121235,≥100 kb,tRNA-,15.0,1.2041199826559248
NZ_CP054988.1,68256,<100 kb,tRNA-,10.0,1.0413926851582251
NZ_CP054973.1,140582,≥100 kb,tRNA-,23.0,1.380211241711606
NZ_CP054999.1,91712,<100 kb,tRNA-,19.0,1.3010299956639813
NZ_CP055004.1,58253,<100 kb,tRNA-,8.0,0.9542425094393249
NZ_CP055007.1,66378,<100 kb,tRNA-,9.0,1.0
NZ_CP055034.1,242129,≥100 kb,tRNA-,11.0,1.0791812460476249
NZ_CP055059.1,146309,≥100 kb,tRNA-,25.0,1.414973347970818
NZ_CP055062.1,263057,≥100 kb,tRNA-,11.0,1.0791812460476249
NZ_CP055067.1,181158,≥100 kb,tRNA-,18.0,1.2787536009528289
NZ_CP055068.1,74918,<100 kb,tRNA-,2.0,0.47712125471966244
NZ_CP055188.1,58759,<100 kb,tRNA-,7.0,0.9030899869919435
NZ_CP055189.1,48420,<100 kb,tRNA-,6.0,0.8450980400142568
NZ_CP055211.1,223722,≥100 kb,tRNA-,14.0,1.1760912590556813
NZ_CP055212.1,102776,≥100 kb,tRNA-,11.0,1.0791812460476249
NZ_CP092337.1,212639,≥100 kb,tRNA-,13.0,1.146128035678238
NZ_CP092341.1,6141,<100 kb,tRNA-,2.0,0.47712125471966244
NZ_CP055088.1,42893,<100 kb,tRNA-,4.0,0.6989700043360189
NZ_CP055097.1,91928,<100 kb,tRNA-,21.0,1.3424226808222062
NZ_CP055108.1,105546,≥100 kb,tRNA-,10.0,1.0413926851582251
NZ_CP055120.1,173773,≥100 kb,tRNA-,12.0,1.1139433523068367
NZ_CP070891.1,341276,≥100 kb,tRNA-,10.0,1.0413926851582251
NZ_CP070893.1,42041,<100 kb,tRNA-,8.0,0.9542425094393249
NZ_CP071030.1,54064,<100 kb,tRNA-,12.0,1.1139433523068367
NZ_CP071028.1,340568,≥100 kb,tRNA-,11.0,1.0791812460476249
NZ_CP092649.1,90810,<100 kb,tRNA-,18.0,1.2787536009528289
NZ_CP092650.1,45048,<100 kb,tRNA-,3.0,0.6020599913279624
NZ_CP092654.1,171047,≥100 kb,tRNA-,2.0,0.47712125471966244
NZ_CP092655.1,71683,<100 kb,tRNA-,12.0,1.1139433523068367
NZ_CP092653.1,355489,≥100 kb,tRNA-,21.0,1.3424226808222062
NZ_CP092754.1,228673,≥100 kb,tRNA-,7.0,0.9030899869919435
NZ_CP092755.1,118840,≥100 kb,tRNA-,4.0,0.6989700043360189
NZ_CP092758.1,13636,<100 kb,tRNA-,1.0,0.3010299956639812
NZ_CP092760.1,228671,≥100 kb,tRNA-,8.0,0.9542425094393249
NZ_CP092761.1,118949,≥100 kb,tRNA-,7.0,0.9030899869919435
NZ_CP092763.1,57741,<100 kb,tRNA-,4.0,0.6989700043360189
NZ_CP092764.1,13636,<100 kb,tRNA-,1.0,0.3010299956639812
NZ_CP092766.1,228809,≥100 kb,tRNA-,15.0,1.2041199826559248
NZ_CP092767.1,118949,≥100 kb,tRNA-,7.0,0.9030899869919435
NZ_CP092770.1,13636,<100 kb,tRNA-,1.0,0.3010299956639812
NZ_CP058858.1,43449,<100 kb,tRNA-,3.0,0.6020599913279624
NZ_CP058868.1,62003,<100 kb,tRNA-,10.0,1.0413926851582251
NZ_CP058870.1,283086,≥100 kb,tRNA-,15.0,1.2041199826559248
NZ_CP058871.1,115053,≥100 kb,tRNA-,24.0,1.3979400086720377
NZ_CP058755.1,97014,<100 kb,tRNA-,22.0,1.3617278360175928
NZ_CP058746.1,36029,<100 kb,tRNA-,13.0,1.146128035678238
NZ_CP058759.1,141426,≥100 kb,tRNA-,23.0,1.380211241711606
NZ_CP092788.1,133775,≥100 kb,tRNA-,10.0,1.0413926851582251
NZ_CP092789.1,87095,<100 kb,tRNA-,7.0,0.9030899869919435
NZ_CP092795.1,133775,≥100 kb,tRNA-,10.0,1.0413926851582251
NZ_CP092796.1,87095,<100 kb,tRNA-,7.0,0.9030899869919435
NZ_CP092902.1,221757,≥100 kb,tRNA-,6.0,0.8450980400142568
NZ_CP092903.1,159322,≥100 kb,tRNA-,12.0,1.1139433523068367
NZ_CP092904.1,92904,<100 kb,tRNA-,6.0,0.8450980400142568
NZ_CP073003.1,144365,≥100 kb,tRNA-,13.0,1.146128035678238
NZ_CP073005.1,62001,<100 kb,tRNA-,1.0,0.3010299956639812
NZ_CP088121.1,272060,≥100 kb,tRNA-,17.0,1.255272505103306
NZ_CP088122.1,72636,<100 kb,tRNA-,6.0,0.8450980400142568
NZ_CP088123.1,82962,<100 kb,tRNA-,15.0,1.2041199826559248
NZ_CP088124.1,186056,≥100 kb,tRNA-,8.0,0.9542425094393249
NZ_CP088125.1,101184,≥100 kb,tRNA-,1.0,0.3010299956639812
NZ_CP088127.1,83070,<100 kb,tRNA-,14.0,1.1760912590556813
NZ_CP088128.1,72637,<100 kb,tRNA-,3.0,0.6020599913279624
NZ_CP088129.1,186040,≥100 kb,tRNA-,8.0,0.9542425094393249
NZ_CP088130.1,100928,≥100 kb,tRNA-,1.0,0.3010299956639812
NZ_CP093153.1,140105,≥100 kb,tRNA-,9.0,1.0
NZ_CP093152.1,257343,≥100 kb,tRNA-,13.0,1.146128035678238
NZ_CP084242.1,293653,≥100 kb,tRNA-,11.0,1.0791812460476249
NZ_CP091049.1,248847,≥100 kb,tRNA-,11.0,1.0791812460476249
NZ_CP091052.1,59349,<100 kb,tRNA-,5.0,0.7781512503836436
NZ_CP091051.1,120990,≥100 kb,tRNA-,7.0,0.9030899869919435
NZ_CP093853.1,332171,≥100 kb,tRNA-,18.0,1.2787536009528289
NZ_CP093857.1,316167,≥100 kb,tRNA-,6.0,0.8450980400142568
NZ_CP093855.1,337042,≥100 kb,tRNA-,18.0,1.2787536009528289
NZ_CP069207.1,9302,<100 kb,tRNA-,2.0,0.47712125471966244
NZ_CP069204.1,127934,≥100 kb,tRNA-,5.0,0.7781512503836436
NZ_CP094228.1,328083,≥100 kb,tRNA-,18.0,1.2787536009528289
NZ_CP086465.1,247089,≥100 kb,tRNA-,13.0,1.146128035678238
NZ_CP086462.1,246787,≥100 kb,tRNA-,13.0,1.146128035678238
NZ_CP086459.1,247089,≥100 kb,tRNA-,13.0,1.146128035678238
NZ_CP086456.1,246787,≥100 kb,tRNA-,13.0,1.146128035678238
NZ_CP086468.1,247089,≥100 kb,tRNA-,13.0,1.146128035678238
NZ_CP086440.1,167626,≥100 kb,tRNA-,15.0,1.2041199826559248
NZ_CP086441.1,158444,≥100 kb,tRNA-,6.0,0.8450980400142568
NZ_CP086442.1,70475,<100 kb,tRNA-,6.0,0.8450980400142568
NZ_CP086443.1,63589,<100 kb,tRNA-,2.0,0.47712125471966244
NZ_CP086424.1,167626,≥100 kb,tRNA-,15.0,1.2041199826559248
NZ_CP086425.1,158444,≥100 kb,tRNA-,6.0,0.8450980400142568
NZ_CP086426.1,71321,<100 kb,tRNA-,6.0,0.8450980400142568
NZ_CP086427.1,63589,<100 kb,tRNA-,2.0,0.47712125471966244
NZ_CP086448.1,189866,≥100 kb,tRNA-,28.0,1.462397997898956
NZ_CP086449.1,158444,≥100 kb,tRNA-,6.0,0.8450980400142568
NZ_CP086450.1,71289,<100 kb,tRNA-,6.0,0.8450980400142568
NZ_CP086451.1,63589,<100 kb,tRNA-,2.0,0.47712125471966244
NZ_CP086432.1,156512,≥100 kb,tRNA-,13.0,1.146128035678238
NZ_CP086433.1,158444,≥100 kb,tRNA-,6.0,0.8450980400142568
NZ_CP086434.1,71315,<100 kb,tRNA-,6.0,0.8450980400142568
NZ_CP086435.1,63589,<100 kb,tRNA-,2.0,0.47712125471966244
NZ_CP086417.1,156512,≥100 kb,tRNA-,13.0,1.146128035678238
NZ_CP086418.1,158444,≥100 kb,tRNA-,6.0,0.8450980400142568
NZ_CP086419.1,70475,<100 kb,tRNA-,6.0,0.8450980400142568
NZ_CP087144.1,133114,≥100 kb,tRNA-,8.0,0.9542425094393249
NZ_CP087145.1,99065,<100 kb,tRNA-,7.0,0.9030899869919435
NZ_CP087148.1,133129,≥100 kb,tRNA-,8.0,0.9542425094393249
NZ_CP087149.1,87095,<100 kb,tRNA-,7.0,0.9030899869919435
NZ_CP087153.1,133129,≥100 kb,tRNA-,8.0,0.9542425094393249
NZ_CP087154.1,87095,<100 kb,tRNA-,7.0,0.9030899869919435
NZ_CP087273.1,117755,≥100 kb,tRNA-,3.0,0.6020599913279624
NZ_CP087274.1,140824,≥100 kb,tRNA-,9.0,1.0
NZ_CP087275.1,85168,<100 kb,tRNA-,11.0,1.0791812460476249
NZ_CP095123.1,65895,<100 kb,tRNA-,7.0,0.9030899869919435
NZ_CP095124.1,16833,<100 kb,tRNA-,5.0,0.7781512503836436
NZ_CP095133.1,194916,≥100 kb,tRNA-,6.0,0.8450980400142568
NZ_CP095134.1,70936,<100 kb,tRNA-,8.0,0.9542425094393249
NZ_CP095146.1,224675,≥100 kb,tRNA-,6.0,0.8450980400142568
NZ_CP095147.1,109388,≥100 kb,tRNA-,19.0,1.3010299956639813
NZ_CP095151.1,219384,≥100 kb,tRNA-,6.0,0.8450980400142568
NZ_CP095152.1,92025,<100 kb,tRNA-,16.0,1.2304489213782739
NZ_CP095153.1,82442,<100 kb,tRNA-,9.0,1.0
NZ_CP095141.1,221581,≥100 kb,tRNA-,6.0,0.8450980400142568
NZ_CP095265.1,133771,≥100 kb,tRNA-,8.0,0.9542425094393249
NZ_CP095266.1,84876,<100 kb,tRNA-,6.0,0.8450980400142568
NZ_CP095242.1,129649,≥100 kb,tRNA-,10.0,1.0413926851582251
NZ_CP095243.1,87095,<100 kb,tRNA-,7.0,0.9030899869919435
NZ_CP095248.1,210914,≥100 kb,tRNA-,6.0,0.8450980400142568
NZ_CP095249.1,87095,<100 kb,tRNA-,7.0,0.9030899869919435
NZ_CP095250.1,30116,<100 kb,tRNA-,3.0,0.6020599913279624
NZ_CP095255.1,132724,≥100 kb,tRNA-,4.0,0.6989700043360189
NZ_CP095256.1,68628,<100 kb,tRNA-,1.0,0.3010299956639812
NZ_CP095261.1,9789,<100 kb,tRNA-,4.0,0.6989700043360189
NZ_CP095235.1,173108,≥100 kb,tRNA-,18.0,1.2787536009528289
NZ_CP086762.1,296148,≥100 kb,tRNA-,12.0,1.1139433523068367
NZ_CP095763.1,143840,≥100 kb,tRNA-,16.0,1.2304489213782739
NZ_CP095779.1,51478,<100 kb,tRNA-,2.0,0.47712125471966244
NZ_CP095778.1,112243,≥100 kb,tRNA-,7.0,0.9030899869919435
NZ_CP095777.1,363560,≥100 kb,tRNA-,20.0,1.3222192947339193
NZ_CP096261.1,227518,≥100 kb,tRNA-,18.0,1.2787536009528289
NZ_CP096262.1,65839,<100 kb,tRNA-,4.0,0.6989700043360189
NZ_CP091331.1,203312,≥100 kb,tRNA-,11.0,1.0791812460476249
NZ_CP091332.1,123020,≥100 kb,tRNA-,4.0,0.6989700043360189
NZ_CP081818.1,50175,<100 kb,tRNA-,4.0,0.6989700043360189
NZ_CP097235.1,70829,<100 kb,tRNA-,17.0,1.255272505103306
NZ_CP097233.1,284698,≥100 kb,tRNA-,15.0,1.2041199826559248
NZ_CP097230.1,70829,<100 kb,tRNA-,15.0,1.2041199826559248
NZ_CP097229.1,390420,≥100 kb,tRNA-,16.0,1.2304489213782739
NZ_CP097225.1,122319,≥100 kb,tRNA-,18.0,1.2787536009528289
NZ_CP097224.1,235390,≥100 kb,tRNA-,16.0,1.2304489213782739
NZ_CP097221.1,206564,≥100 kb,tRNA-,20.0,1.3222192947339193
NZ_CP097241.1,6141,<100 kb,tRNA-,2.0,0.47712125471966244
NZ_CP097240.1,70829,<100 kb,tRNA-,17.0,1.255272505103306
NZ_CP097238.1,283371,≥100 kb,tRNA-,15.0,1.2041199826559248
NZ_CP067371.1,246731,≥100 kb,tRNA-,13.0,1.146128035678238
NZ_CP067373.1,226169,≥100 kb,tRNA-,11.0,1.0791812460476249
NZ_CP097412.1,223898,≥100 kb,tRNA-,9.0,1.0
NZ_CP097416.1,223898,≥100 kb,tRNA-,9.0,1.0
NZ_CP097417.1,65499,<100 kb,tRNA-,2.0,0.47712125471966244
NZ_CP097420.1,143352,≥100 kb,tRNA-,2.0,0.47712125471966244
NZ_CP097421.1,96910,<100 kb,tRNA-,10.0,1.0413926851582251
NZ_CP097422.1,52373,<100 kb,tRNA-,2.0,0.47712125471966244
NZ_CP097628.1,205645,≥100 kb,tRNA-,7.0,0.9030899869919435
NZ_CP097627.1,155793,≥100 kb,tRNA-,9.0,1.0
NZ_CP097425.1,51318,<100 kb,tRNA-,2.0,0.47712125471966244
NZ_CP097424.1,64722,<100 kb,tRNA-,2.0,0.47712125471966244
NZ_CP097653.1,52065,<100 kb,tRNA-,4.0,0.6989700043360189
NZ_CP097655.1,106759,≥100 kb,tRNA-,5.0,0.7781512503836436
NZ_CP097657.1,59153,<100 kb,tRNA-,4.0,0.6989700043360189
NZ_CP097662.1,147322,≥100 kb,tRNA-,12.0,1.1139433523068367
NZ_CP097666.1,147295,≥100 kb,tRNA-,13.0,1.146128035678238
NZ_CP097667.1,153479,≥100 kb,tRNA-,10.0,1.0413926851582251
NZ_CP097668.1,200049,≥100 kb,tRNA-,10.0,1.0413926851582251
NZ_CP097673.1,292919,≥100 kb,tRNA-,6.0,0.8450980400142568
NZ_CP097674.1,92812,<100 kb,tRNA-,8.0,0.9542425094393249
NZ_CP097680.1,274502,≥100 kb,tRNA-,7.0,0.9030899869919435
NZ_CP097682.1,57847,<100 kb,tRNA-,4.0,0.6989700043360189
NZ_CP097677.1,162611,≥100 kb,tRNA-,12.0,1.1139433523068367
NZ_CP097686.1,153836,≥100 kb,tRNA-,6.0,0.8450980400142568
NZ_CP097687.1,161025,≥100 kb,tRNA-,14.0,1.1760912590556813
NZ_CP097689.1,127340,≥100 kb,tRNA-,7.0,0.9030899869919435
NZ_CP097690.1,230866,≥100 kb,tRNA-,5.0,0.7781512503836436
NZ_CP097691.1,85555,<100 kb,tRNA-,14.0,1.1760912590556813
NZ_CP097693.1,130677,≥100 kb,tRNA-,13.0,1.146128035678238
NZ_CP097698.1,110851,≥100 kb,tRNA-,11.0,1.0791812460476249
NZ_CP097702.1,59999,<100 kb,tRNA-,6.0,0.8450980400142568
NZ_CP097704.1,108673,≥100 kb,tRNA-,5.0,0.7781512503836436
NZ_CP097707.1,159393,≥100 kb,tRNA-,6.0,0.8450980400142568
NZ_CP097708.1,85318,<100 kb,tRNA-,1.0,0.3010299956639812
NZ_CP048390.1,205754,≥100 kb,tRNA-,5.0,0.7781512503836436
NZ_CP048391.1,77268,<100 kb,tRNA-,11.0,1.0791812460476249
NZ_CP071253.1,190768,≥100 kb,tRNA-,3.0,0.6020599913279624
NZ_CP071255.1,63589,<100 kb,tRNA-,2.0,0.47712125471966244
NZ_CP071256.1,56333,<100 kb,tRNA-,8.0,0.9542425094393249
NZ_CP071262.1,63589,<100 kb,tRNA-,2.0,0.47712125471966244
NZ_CP089510.1,239834,≥100 kb,tRNA-,9.0,1.0
NZ_CP089511.1,182009,≥100 kb,tRNA-,5.0,0.7781512503836436
NZ_CP072557.1,102746,≥100 kb,tRNA-,6.0,0.8450980400142568
NZ_CP098124.1,204730,≥100 kb,tRNA-,15.0,1.2041199826559248
NZ_CP098125.1,9250,<100 kb,tRNA-,1.0,0.3010299956639812
NZ_CP098127.1,265595,≥100 kb,tRNA-,12.0,1.1139433523068367
NZ_CP098129.1,164435,≥100 kb,tRNA-,8.0,0.9542425094393249
NZ_CP098130.1,28775,<100 kb,tRNA-,5.0,0.7781512503836436
NZ_CP098140.1,267989,≥100 kb,tRNA-,12.0,1.1139433523068367
NZ_CP098142.1,194865,≥100 kb,tRNA-,13.0,1.146128035678238
NZ_CP098132.1,172552,≥100 kb,tRNA-,10.0,1.0413926851582251
NZ_CP098133.1,265597,≥100 kb,tRNA-,12.0,1.1139433523068367
NZ_CP098135.1,265596,≥100 kb,tRNA-,12.0,1.1139433523068367
NZ_CP098137.1,194864,≥100 kb,tRNA-,13.0,1.146128035678238
NZ_CP098146.1,155584,≥100 kb,tRNA-,12.0,1.1139433523068367
NZ_CP098147.1,285767,≥100 kb,tRNA-,16.0,1.2304489213782739
NZ_CP098148.1,12452,<100 kb,tRNA-,1.0,0.3010299956639812
NZ_CP098150.1,180492,≥100 kb,tRNA-,11.0,1.0791812460476249
NZ_CP098152.1,300038,≥100 kb,tRNA-,14.0,1.1760912590556813
NZ_CP098155.1,298973,≥100 kb,tRNA-,14.0,1.1760912590556813
NZ_CP098156.1,285768,≥100 kb,tRNA-,16.0,1.2304489213782739
NZ_CP098160.1,154762,≥100 kb,tRNA-,13.0,1.146128035678238
NZ_CP098162.1,154763,≥100 kb,tRNA-,13.0,1.146128035678238
NZ_CP098166.1,154762,≥100 kb,tRNA-,13.0,1.146128035678238
NZ_CP098168.1,154763,≥100 kb,tRNA-,13.0,1.146128035678238
NZ_CP098170.1,253995,≥100 kb,tRNA-,3.0,0.6020599913279624
NZ_CP098171.1,233713,≥100 kb,tRNA-,4.0,0.6989700043360189
NZ_CP098172.1,194787,≥100 kb,tRNA-,13.0,1.146128035678238
NZ_CP098173.1,275057,≥100 kb,tRNA+,1.0,0.3010299956639812
NZ_CP098176.1,262875,≥100 kb,tRNA-,15.0,1.2041199826559248
NZ_CP098337.1,165212,≥100 kb,tRNA-,16.0,1.2304489213782739
NZ_CP098339.1,165212,≥100 kb,tRNA-,16.0,1.2304489213782739
NZ_CP098342.1,126542,≥100 kb,tRNA-,5.0,0.7781512503836436
NZ_CP098345.1,126321,≥100 kb,tRNA-,5.0,0.7781512503836436
NZ_CP098346.1,167851,≥100 kb,tRNA-,4.0,0.6989700043360189
NZ_CP098348.1,161666,≥100 kb,tRNA-,14.0,1.1760912590556813
NZ_CP098349.1,166337,≥100 kb,tRNA-,1.0,0.3010299956639812
NZ_CP098351.1,161666,≥100 kb,tRNA-,14.0,1.1760912590556813
NZ_CP098356.1,15271,<100 kb,tRNA-,1.0,0.3010299956639812
NZ_CP098357.1,206884,≥100 kb,tRNA-,8.0,0.9542425094393249
NZ_CP098358.1,113639,≥100 kb,tRNA-,7.0,0.9030899869919435
NZ_CP098353.1,161666,≥100 kb,tRNA-,14.0,1.1760912590556813
NZ_CP098354.1,166337,≥100 kb,tRNA-,1.0,0.3010299956639812
NZ_CP077825.1,49579,<100 kb,tRNA-,2.0,0.47712125471966244
NZ_CP098759.1,261525,≥100 kb,tRNA-,20.0,1.3222192947339193
NZ_CP098760.1,98478,<100 kb,tRNA-,2.0,0.47712125471966244
NZ_CP099406.1,145825,≥100 kb,tRNA-,4.0,0.6989700043360189
NZ_CP099404.1,262110,≥100 kb,tRNA-,8.0,0.9542425094393249
NZ_CP099411.1,143887,≥100 kb,tRNA-,4.0,0.6989700043360189
NZ_CP082209.1,49053,<100 kb,tRNA-,4.0,0.6989700043360189
NZ_CP082210.1,62120,<100 kb,tRNA-,1.0,0.3010299956639812
NZ_CP099416.1,87095,<100 kb,tRNA-,7.0,0.9030899869919435
NZ_CP099415.1,150096,≥100 kb,tRNA-,12.0,1.1139433523068367
NZ_CP092590.1,177059,≥100 kb,tRNA-,1.0,0.3010299956639812
NZ_CP092592.1,70104,<100 kb,tRNA-,6.0,0.8450980400142568
NZ_CP092593.1,65919,<100 kb,tRNA-,9.0,1.0
NZ_CP092596.1,6925,<100 kb,tRNA-,1.0,0.3010299956639812
NZ_CP092591.1,74647,<100 kb,tRNA-,2.0,0.47712125471966244
NZ_CP083753.1,110627,≥100 kb,tRNA-,7.0,0.9030899869919435
NZ_CP100543.1,46338,<100 kb,tRNA-,1.0,0.3010299956639812
NZ_CP100524.1,46338,<100 kb,tRNA-,1.0,0.3010299956639812
NZ_CP092718.1,133346,≥100 kb,tRNA-,9.0,1.0
NZ_CP066892.1,147717,≥100 kb,tRNA-,9.0,1.0
NZ_CP066888.1,180300,≥100 kb,tRNA-,13.0,1.146128035678238
NZ_CP066896.1,205681,≥100 kb,tRNA-,7.0,0.9030899869919435
NZ_CP066897.1,163729,≥100 kb,tRNA-,9.0,1.0
NZ_CP066901.1,178237,≥100 kb,tRNA-,16.0,1.2304489213782739
NZ_CP066906.1,85781,<100 kb,tRNA-,5.0,0.7781512503836436
NZ_CP066907.1,85185,<100 kb,tRNA-,7.0,0.9030899869919435
NZ_CP066911.1,302656,≥100 kb,tRNA-,15.0,1.2041199826559248
NZ_CP066912.1,122553,≥100 kb,tRNA-,12.0,1.1139433523068367
NZ_CP066916.1,87509,<100 kb,tRNA-,6.0,0.8450980400142568
NZ_CP101534.1,141697,≥100 kb,tRNA-,9.0,1.0
NZ_CP074679.1,63589,<100 kb,tRNA-,2.0,0.47712125471966244
NZ_CP101772.1,84876,<100 kb,tRNA-,6.0,0.8450980400142568
NZ_CP101775.1,134477,≥100 kb,tRNA-,10.0,1.0413926851582251
NZ_CP101765.1,353327,≥100 kb,tRNA-,9.0,1.0
NZ_CP101766.1,127176,≥100 kb,tRNA-,6.0,0.8450980400142568
NZ_CP101767.1,84876,<100 kb,tRNA-,6.0,0.8450980400142568
NZ_CP101778.1,57405,<100 kb,tRNA-,7.0,0.9030899869919435
NZ_CP101780.1,53988,<100 kb,tRNA-,6.0,0.8450980400142568
NZ_CP101782.1,111949,≥100 kb,tRNA-,11.0,1.0791812460476249
NZ_CP101783.1,84876,<100 kb,tRNA-,6.0,0.8450980400142568
NZ_CP101785.1,134477,≥100 kb,tRNA-,10.0,1.0413926851582251
NZ_CP101788.1,84876,<100 kb,tRNA-,6.0,0.8450980400142568
NZ_CP101795.1,95527,<100 kb,tRNA-,5.0,0.7781512503836436
NZ_CP101728.1,172348,≥100 kb,tRNA-,8.0,0.9542425094393249
NZ_CP090345.1,132507,≥100 kb,tRNA-,11.0,1.0791812460476249
NZ_CP090346.1,87091,<100 kb,tRNA-,7.0,0.9030899869919435
NZ_CP090835.1,75446,<100 kb,tRNA-,15.0,1.2041199826559248
NZ_CP101878.1,111444,≥100 kb,tRNA-,6.0,0.8450980400142568
NZ_CP101880.1,68908,<100 kb,tRNA-,2.0,0.47712125471966244
NZ_CP101881.1,6141,<100 kb,tRNA-,2.0,0.47712125471966244
NZ_CP102078.1,290720,≥100 kb,tRNA-,19.0,1.3010299956639813
NZ_CP102080.1,51479,<100 kb,tRNA-,2.0,0.47712125471966244
NZ_CP102079.1,137567,≥100 kb,tRNA-,13.0,1.146128035678238
NZ_CP102188.1,146760,≥100 kb,tRNA-,13.0,1.146128035678238
NZ_CP102190.1,87177,<100 kb,tRNA-,5.0,0.7781512503836436
NZ_CP102196.1,154868,≥100 kb,tRNA-,10.0,1.0413926851582251
NZ_CP102194.1,87095,<100 kb,tRNA-,7.0,0.9030899869919435
NZ_CP030718.1,296277,≥100 kb,tRNA-,19.0,1.3010299956639813
NZ_CP030719.1,176719,≥100 kb,tRNA-,4.0,0.6989700043360189
NZ_CP030720.1,174080,≥100 kb,tRNA-,21.0,1.3424226808222062
NZ_CP030726.1,176719,≥100 kb,tRNA-,4.0,0.6989700043360189
NZ_CP030727.1,174080,≥100 kb,tRNA-,21.0,1.3424226808222062
NZ_CP030734.1,298409,≥100 kb,tRNA-,19.0,1.3010299956639813
NZ_CP030735.1,176719,≥100 kb,tRNA-,4.0,0.6989700043360189
NZ_CP030736.1,174080,≥100 kb,tRNA-,21.0,1.3424226808222062
NZ_CP030742.1,304705,≥100 kb,tRNA-,22.0,1.3617278360175928
NZ_CP030743.1,176721,≥100 kb,tRNA-,4.0,0.6989700043360189
NZ_CP030744.1,174080,≥100 kb,tRNA-,21.0,1.3424226808222062
NZ_CP102392.1,135425,≥100 kb,tRNA-,8.0,0.9542425094393249
NZ_CP102394.1,84876,<100 kb,tRNA-,6.0,0.8450980400142568
NZ_CP094513.1,73661,<100 kb,tRNA-,18.0,1.2787536009528289
NZ_CP094514.1,53065,<100 kb,tRNA-,3.0,0.6020599913279624
NZ_CP097387.1,128536,≥100 kb,tRNA+,3.0,0.6020599913279624
NZ_CP097388.1,116556,≥100 kb,tRNA-,2.0,0.47712125471966244
NZ_CP097389.1,50463,<100 kb,tRNA+,6.0,0.8450980400142568
NZ_CP097391.1,6141,<100 kb,tRNA-,2.0,0.47712125471966244
NZ_CP102547.1,132031,≥100 kb,tRNA-,8.0,0.9542425094393249
NZ_CP102548.1,125297,≥100 kb,tRNA-,9.0,1.0
NZ_CP102553.1,108736,≥100 kb,tRNA-,16.0,1.2304489213782739
NZ_CP102555.1,41190,<100 kb,tRNA-,4.0,0.6989700043360189
NZ_CP102834.1,130974,≥100 kb,tRNA-,20.0,1.3222192947339193
NZ_CP102838.1,135440,≥100 kb,tRNA-,11.0,1.0791812460476249
NZ_CP102839.1,84881,<100 kb,tRNA-,6.0,0.8450980400142568
NZ_CP102842.1,186106,≥100 kb,tRNA-,4.0,0.6989700043360189
NZ_CP102870.1,257713,≥100 kb,tRNA-,23.0,1.380211241711606
NZ_CP102871.1,134407,≥100 kb,tRNA-,6.0,0.8450980400142568
NZ_CP102872.1,118931,≥100 kb,tRNA-,6.0,0.8450980400142568
NZ_CP102874.1,65073,<100 kb,tRNA-,3.0,0.6020599913279624
NZ_CP102878.1,222330,≥100 kb,tRNA-,10.0,1.0413926851582251
NZ_CP102879.1,101383,≥100 kb,tRNA-,7.0,0.9030899869919435
NZ_CP102880.1,100448,≥100 kb,tRNA-,1.0,0.3010299956639812
NZ_CP102881.1,52085,<100 kb,tRNA-,3.0,0.6020599913279624
NZ_CP102890.1,46161,<100 kb,tRNA-,3.0,0.6020599913279624
NZ_CP102884.1,222331,≥100 kb,tRNA-,10.0,1.0413926851582251
NZ_CP102885.1,101130,≥100 kb,tRNA-,9.0,1.0
NZ_CP102886.1,100448,≥100 kb,tRNA-,1.0,0.3010299956639812
NZ_CP102941.1,224137,≥100 kb,tRNA-,8.0,0.9542425094393249
NZ_CP102988.1,188688,≥100 kb,tRNA-,4.0,0.6989700043360189
NZ_CP102989.1,160519,≥100 kb,tRNA-,13.0,1.146128035678238
NZ_CP102990.1,82102,<100 kb,tRNA-,11.0,1.0791812460476249
NZ_CP102991.1,6141,<100 kb,tRNA-,2.0,0.47712125471966244
NZ_CP102994.1,175819,≥100 kb,tRNA-,7.0,0.9030899869919435
NZ_CP102995.1,121101,≥100 kb,tRNA-,2.0,0.47712125471966244
NZ_CP084503.1,251955,≥100 kb,tRNA-,11.0,1.0791812460476249
NZ_CP084504.1,149924,≥100 kb,tRNA-,1.0,0.3010299956639812
NZ_CP103318.1,87095,<100 kb,tRNA-,7.0,0.9030899869919435
NZ_CP103319.1,83447,<100 kb,tRNA-,6.0,0.8450980400142568
NZ_CP103568.1,149523,≥100 kb,tRNA-,12.0,1.1139433523068367
NZ_CP103580.1,170849,≥100 kb,tRNA-,13.0,1.146128035678238
NZ_CP103583.1,176613,≥100 kb,tRNA-,15.0,1.2041199826559248
NZ_CP103615.1,170849,≥100 kb,tRNA-,13.0,1.146128035678238
NZ_CP103587.1,283924,≥100 kb,tRNA-,9.0,1.0
NZ_CP103636.1,246341,≥100 kb,tRNA-,21.0,1.3424226808222062
NZ_CP103619.1,218258,≥100 kb,tRNA-,15.0,1.2041199826559248
NZ_CP103606.1,135203,≥100 kb,tRNA-,11.0,1.0791812460476249
NZ_CP103607.1,114874,≥100 kb,tRNA-,7.0,0.9030899869919435
NZ_CP103561.1,151342,≥100 kb,tRNA-,12.0,1.1139433523068367
NZ_CP103504.1,235473,≥100 kb,tRNA-,11.0,1.0791812460476249
NZ_CP103500.1,145779,≥100 kb,tRNA-,3.0,0.6020599913279624
NZ_CP103502.1,67896,<100 kb,tRNA-,1.0,0.3010299956639812
NZ_CP103514.1,190614,≥100 kb,tRNA-,23.0,1.380211241711606
NZ_CP103700.1,224357,≥100 kb,tRNA-,13.0,1.146128035678238
NZ_CP103551.1,113639,≥100 kb,tRNA-,7.0,0.9030899869919435
NZ_CP103552.1,55976,<100 kb,tRNA-,2.0,0.47712125471966244
NZ_CP103677.1,207376,≥100 kb,tRNA-,18.0,1.2787536009528289
NZ_CP103622.1,243762,≥100 kb,tRNA-,12.0,1.1139433523068367
NZ_CP103655.1,75285,<100 kb,tRNA-,8.0,0.9542425094393249
NZ_CP103715.1,94783,<100 kb,tRNA-,7.0,0.9030899869919435
NZ_CP103688.1,183966,≥100 kb,tRNA-,8.0,0.9542425094393249
NZ_CP103689.1,70661,<100 kb,tRNA-,2.0,0.47712125471966244
NZ_CP103728.1,152422,≥100 kb,tRNA-,6.0,0.8450980400142568
NZ_CP103732.1,180461,≥100 kb,tRNA-,5.0,0.7781512503836436
NZ_CP103730.1,262225,≥100 kb,tRNA-,21.0,1.3424226808222062
NZ_CP100309.1,116484,≥100 kb,tRNA-,7.0,0.9030899869919435
NZ_CP100313.1,116484,≥100 kb,tRNA-,7.0,0.9030899869919435
NZ_CP091814.1,376754,≥100 kb,tRNA-,23.0,1.380211241711606
NZ_CP091815.1,72224,<100 kb,tRNA-,6.0,0.8450980400142568
NZ_CP104032.1,172348,≥100 kb,tRNA-,8.0,0.9542425094393249
NZ_CP104111.1,157887,≥100 kb,tRNA-,6.0,0.8450980400142568
NZ_CP099747.1,177859,≥100 kb,tRNA-,11.0,1.0791812460476249
NZ_CP099744.1,243656,≥100 kb,tRNA-,1.0,0.3010299956639812
NZ_CP099750.1,177859,≥100 kb,tRNA-,11.0,1.0791812460476249
NZ_CP099749.1,243395,≥100 kb,tRNA-,1.0,0.3010299956639812
NZ_CP104197.1,101251,≥100 kb,tRNA-,1.0,0.3010299956639812
NZ_CP104198.1,57644,<100 kb,tRNA-,7.0,0.9030899869919435
NZ_CP104199.1,49316,<100 kb,tRNA-,9.0,1.0
NZ_CP104314.1,84878,<100 kb,tRNA-,6.0,0.8450980400142568
NZ_CP104315.1,135468,≥100 kb,tRNA-,10.0,1.0413926851582251
NZ_CP099523.1,302470,≥100 kb,tRNA-,15.0,1.2041199826559248
NZ_CP099524.1,51874,<100 kb,tRNA-,5.0,0.7781512503836436
NZ_CP104374.1,112409,≥100 kb,tRNA-,13.0,1.146128035678238
NZ_CP104662.1,115456,≥100 kb,tRNA-,15.0,1.2041199826559248
NZ_CP104679.1,210059,≥100 kb,tRNA-,2.0,0.47712125471966244
NZ_CP104680.1,112409,≥100 kb,tRNA-,13.0,1.146128035678238
NZ_CP106656.1,48427,<100 kb,tRNA-,4.0,0.6989700043360189
NZ_CP106762.1,134861,≥100 kb,tRNA-,11.0,1.0791812460476249
NZ_CP106763.1,84876,<100 kb,tRNA-,6.0,0.8450980400142568
NZ_CP106787.1,115363,≥100 kb,tRNA-,2.0,0.47712125471966244
NZ_CP081866.1,55288,<100 kb,tRNA-,12.0,1.1139433523068367
NZ_CP081868.1,38384,<100 kb,tRNA-,1.0,0.3010299956639812
NZ_CP082937.1,122148,≥100 kb,tRNA-,10.0,1.0413926851582251
NZ_CP106914.1,167656,≥100 kb,tRNA-,12.0,1.1139433523068367
NZ_CP106915.1,120349,≥100 kb,tRNA-,9.0,1.0
NZ_CP106907.1,216864,≥100 kb,tRNA-,9.0,1.0
NZ_CP106909.1,166350,≥100 kb,tRNA-,12.0,1.1139433523068367
NZ_CP107016.1,124616,≥100 kb,tRNA-,3.0,0.6020599913279624
NZ_CP107017.1,96126,<100 kb,tRNA-,11.0,1.0791812460476249
NZ_CP107044.1,164378,≥100 kb,tRNA-,12.0,1.1139433523068367
NZ_CP107046.1,72739,<100 kb,tRNA-,6.0,0.8450980400142568
NZ_CP107047.1,30124,<100 kb,tRNA-,1.0,0.3010299956639812
NZ_CP104767.1,156780,≥100 kb,tRNA-,14.0,1.1760912590556813
NZ_CP100073.1,164564,≥100 kb,tRNA-,11.0,1.0791812460476249
NZ_CP100074.1,88196,<100 kb,tRNA-,7.0,0.9030899869919435
NZ_CP100077.1,134731,≥100 kb,tRNA-,6.0,0.8450980400142568
NZ_CP100078.1,284769,≥100 kb,tRNA+,3.0,0.6020599913279624
NZ_CP100079.1,108814,≥100 kb,tRNA-,4.0,0.6989700043360189
NZ_CP100085.1,215633,≥100 kb,tRNA-,11.0,1.0791812460476249
NZ_CP100086.1,94061,<100 kb,tRNA-,4.0,0.6989700043360189
NZ_CP100088.1,94350,<100 kb,tRNA-,4.0,0.6989700043360189
NZ_CP100089.1,201702,≥100 kb,tRNA-,9.0,1.0
NZ_CP100090.1,87072,<100 kb,tRNA-,7.0,0.9030899869919435
NZ_CP100095.1,201928,≥100 kb,tRNA-,9.0,1.0
NZ_CP100096.1,94061,<100 kb,tRNA-,4.0,0.6989700043360189
NZ_CP100097.1,87095,<100 kb,tRNA-,7.0,0.9030899869919435
NZ_CP100099.1,201929,≥100 kb,tRNA-,9.0,1.0
NZ_CP100100.1,94059,<100 kb,tRNA-,4.0,0.6989700043360189
NZ_CP100101.1,87095,<100 kb,tRNA-,7.0,0.9030899869919435
NZ_CP100104.1,120171,≥100 kb,tRNA-,2.0,0.47712125471966244
NZ_CP100105.1,37693,<100 kb,tRNA-,5.0,0.7781512503836436
NZ_CP100107.1,201929,≥100 kb,tRNA-,9.0,1.0
NZ_CP100108.1,94061,<100 kb,tRNA-,4.0,0.6989700043360189
NZ_CP100109.1,87095,<100 kb,tRNA-,7.0,0.9030899869919435
NZ_CP100111.1,201929,≥100 kb,tRNA-,9.0,1.0
NZ_CP100112.1,94061,<100 kb,tRNA-,4.0,0.6989700043360189
NZ_CP100113.1,87095,<100 kb,tRNA-,7.0,0.9030899869919435
NZ_CP100115.1,142065,≥100 kb,tRNA-,9.0,1.0
NZ_CP100116.1,110202,≥100 kb,tRNA-,2.0,0.47712125471966244
NZ_CP100121.1,185954,≥100 kb,tRNA-,22.0,1.3617278360175928
NZ_CP100122.1,56210,<100 kb,tRNA-,5.0,0.7781512503836436
NZ_CP109774.1,173418,≥100 kb,tRNA-,5.0,0.7781512503836436
NZ_CP075592.1,182204,≥100 kb,tRNA-,6.0,0.8450980400142568
NZ_CP075593.1,82789,<100 kb,tRNA-,5.0,0.7781512503836436
NZ_CP109964.1,178868,≥100 kb,tRNA-,8.0,0.9542425094393249
NZ_CP109950.1,145205,≥100 kb,tRNA-,10.0,1.0413926851582251
NZ_CP109951.1,84876,<100 kb,tRNA-,5.0,0.7781512503836436
NZ_CP109986.1,86272,<100 kb,tRNA-,4.0,0.6989700043360189
NZ_CP109990.1,7329,<100 kb,tRNA-,4.0,0.6989700043360189
NZ_CP109984.1,293179,≥100 kb,tRNA-,7.0,0.9030899869919435
NZ_CP109975.1,162625,≥100 kb,tRNA-,14.0,1.1760912590556813
NZ_CP109976.1,83551,<100 kb,tRNA-,6.0,0.8450980400142568
NZ_CP110194.1,154204,≥100 kb,tRNA-,14.0,1.1760912590556813
NZ_CP110195.1,94216,<100 kb,tRNA-,5.0,0.7781512503836436
NZ_CP110197.1,4245,<100 kb,tRNA-,2.0,0.47712125471966244
NZ_CP110370.1,227378,≥100 kb,tRNA-,7.0,0.9030899869919435
NZ_CP110662.1,315621,≥100 kb,tRNA-,8.0,0.9542425094393249
NZ_CP092078.1,241435,≥100 kb,tRNA-,11.0,1.0791812460476249
NZ_CP083933.1,421072,≥100 kb,tRNA-,16.0,1.2304489213782739
NZ_CP083935.1,6141,<100 kb,tRNA-,2.0,0.47712125471966244
NZ_CP102491.1,158043,≥100 kb,tRNA-,4.0,0.6989700043360189
NZ_CP113176.1,74004,<100 kb,tRNA-,12.0,1.1139433523068367
NZ_CP113174.1,229076,≥100 kb,tRNA-,17.0,1.255272505103306
NZ_CP113170.1,101224,≥100 kb,tRNA-,1.0,0.3010299956639812
NZ_CP113169.1,296308,≥100 kb,tRNA-,30.0,1.4913616938342726
NZ_CP113180.1,94951,<100 kb,tRNA-,19.0,1.3010299956639813
NZ_CP113181.1,53177,<100 kb,tRNA-,1.0,0.3010299956639812
NZ_CP113179.1,287882,≥100 kb,tRNA-,18.0,1.2787536009528289
NZ_CP113188.1,70383,<100 kb,tRNA-,9.0,1.0
NZ_CP113189.1,57862,<100 kb,tRNA-,7.0,0.9030899869919435
NZ_CP113187.1,103507,≥100 kb,tRNA-,1.0,0.3010299956639812
NZ_CP113186.1,279422,≥100 kb,tRNA-,19.0,1.3010299956639813
NZ_CP113167.1,104215,≥100 kb,tRNA-,2.0,0.47712125471966244
NZ_CP113166.1,202189,≥100 kb,tRNA-,21.0,1.3424226808222062
NZ_CP113201.1,211625,≥100 kb,tRNA-,8.0,0.9542425094393249
NZ_CP113198.1,60224,<100 kb,tRNA-,4.0,0.6989700043360189
NZ_CP113199.1,36155,<100 kb,tRNA-,1.0,0.3010299956639812
NZ_CP113200.1,294073,≥100 kb,tRNA-,18.0,1.2787536009528289
NZ_CP113212.1,249782,≥100 kb,tRNA-,9.0,1.0
NZ_CP113213.1,212905,≥100 kb,tRNA-,8.0,0.9542425094393249
NZ_CP113214.1,96379,<100 kb,tRNA-,7.0,0.9030899869919435
NZ_CP113215.1,24407,<100 kb,tRNA-,1.0,0.3010299956639812
NZ_CP113193.1,350595,≥100 kb,tRNA-,35.0,1.5563025007672873
NZ_CP113217.1,254258,≥100 kb,tRNA-,9.0,1.0
NZ_CP113218.1,225748,≥100 kb,tRNA-,21.0,1.3424226808222062
NZ_CP113219.1,21381,<100 kb,tRNA-,1.0,0.3010299956639812
NZ_CP113204.1,211765,≥100 kb,tRNA-,8.0,0.9542425094393249
NZ_CP113205.1,56294,<100 kb,tRNA-,3.0,0.6020599913279624
NZ_CP113206.1,36155,<100 kb,tRNA-,1.0,0.3010299956639812
NZ_CP113203.1,288388,≥100 kb,tRNA-,17.0,1.255272505103306
NZ_CP109608.1,368951,≥100 kb,tRNA-,17.0,1.255272505103306
NZ_CP109609.1,142244,≥100 kb,tRNA-,4.0,0.6989700043360189
NZ_CP104797.1,193355,≥100 kb,tRNA-,5.0,0.7781512503836436
NZ_CP104795.1,53814,<100 kb,tRNA-,4.0,0.6989700043360189
NZ_CP104798.1,201292,≥100 kb,tRNA-,5.0,0.7781512503836436
NZ_CP104800.1,51478,<100 kb,tRNA-,3.0,0.6020599913279624
NZ_CP114377.1,62606,<100 kb,tRNA-,1.0,0.3010299956639812
NZ_CP114378.1,51591,<100 kb,tRNA-,3.0,0.6020599913279624
NZ_CP114854.1,249122,≥100 kb,tRNA-,12.0,1.1139433523068367
NZ_CP114855.1,155225,≥100 kb,tRNA-,17.0,1.255272505103306
NZ_CP097077.1,296587,≥100 kb,tRNA-,7.0,0.9030899869919435
NZ_CP097081.1,78167,<100 kb,tRNA-,7.0,0.9030899869919435
NZ_CP097084.1,70024,<100 kb,tRNA-,7.0,0.9030899869919435
NZ_CP074443.1,45290,<100 kb,tRNA-,2.0,0.47712125471966244
NZ_CP074444.1,45175,<100 kb,tRNA-,7.0,0.9030899869919435
NZ_CP074445.1,13841,<100 kb,tRNA-,1.0,0.3010299956639812
NZ_CP074521.1,76587,<100 kb,tRNA-,2.0,0.47712125471966244
NZ_CP074522.1,53696,<100 kb,tRNA-,4.0,0.6989700043360189
NZ_CP074524.1,209959,≥100 kb,tRNA-,5.0,0.7781512503836436
NZ_CP074525.1,71941,<100 kb,tRNA-,14.0,1.1760912590556813
NZ_CP074527.1,15271,<100 kb,tRNA-,1.0,0.3010299956639812
NZ_CP074530.1,110787,≥100 kb,tRNA-,5.0,0.7781512503836436
NZ_CP074531.1,74537,<100 kb,tRNA-,12.0,1.1139433523068367
NZ_CP074536.1,212193,≥100 kb,tRNA-,8.0,0.9542425094393249
NZ_CP074537.1,75610,<100 kb,tRNA-,14.0,1.1760912590556813
NZ_CP074538.1,14879,<100 kb,tRNA-,1.0,0.3010299956639812
NZ_CP074540.1,157575,≥100 kb,tRNA-,4.0,0.6989700043360189
NZ_CP074542.1,217630,≥100 kb,tRNA-,9.0,1.0
NZ_CP074543.1,115320,≥100 kb,tRNA-,16.0,1.2304489213782739
NZ_CP074544.1,15271,<100 kb,tRNA-,1.0,0.3010299956639812
NZ_CP074554.1,142024,≥100 kb,tRNA-,12.0,1.1139433523068367
NZ_CP074559.1,308362,≥100 kb,tRNA-,16.0,1.2304489213782739
NZ_CP074560.1,15271,<100 kb,tRNA-,1.0,0.3010299956639812
NZ_CP115702.1,68167,<100 kb,tRNA-,5.0,0.7781512503836436
NZ_CP115704.1,15271,<100 kb,tRNA-,1.0,0.3010299956639812
NZ_CP115705.1,8905,<100 kb,tRNA-,1.0,0.3010299956639812
NZ_CP115716.1,219411,≥100 kb,tRNA-,39.0,1.6020599913279623
NZ_CP095423.1,129505,≥100 kb,tRNA-,11.0,1.0791812460476249
NZ_CP095427.1,120647,≥100 kb,tRNA-,8.0,0.9542425094393249
NZ_CP095430.1,124551,≥100 kb,tRNA-,15.0,1.2041199826559248
NZ_CP095431.1,72069,<100 kb,tRNA-,8.0,0.9542425094393249
NZ_CP107293.1,205511,≥100 kb,tRNA-,18.0,1.2787536009528289
NZ_CP107299.1,215446,≥100 kb,tRNA-,20.0,1.3222192947339193
NZ_CP107304.1,103669,≥100 kb,tRNA-,9.0,1.0
NZ_CP107309.1,158295,≥100 kb,tRNA-,6.0,0.8450980400142568
NZ_CP107313.1,146891,≥100 kb,tRNA-,11.0,1.0791812460476249
NZ_CP107316.1,84699,<100 kb,tRNA-,6.0,0.8450980400142568
NZ_CP107322.1,134594,≥100 kb,tRNA-,8.0,0.9542425094393249
NZ_CP107324.1,84876,<100 kb,tRNA-,6.0,0.8450980400142568
NZ_CP107329.1,134594,≥100 kb,tRNA-,8.0,0.9542425094393249
NZ_CP107331.1,84876,<100 kb,tRNA-,5.0,0.7781512503836436
NZ_CP107336.1,134594,≥100 kb,tRNA-,8.0,0.9542425094393249
NZ_CP107338.1,84876,<100 kb,tRNA-,5.0,0.7781512503836436
NZ_CP107342.1,88043,<100 kb,tRNA-,4.0,0.6989700043360189
NZ_CP107347.1,134594,≥100 kb,tRNA-,8.0,0.9542425094393249
NZ_CP107349.1,84876,<100 kb,tRNA-,5.0,0.7781512503836436
NZ_CP107354.1,119995,≥100 kb,tRNA-,23.0,1.380211241711606
NZ_CP107356.1,76517,<100 kb,tRNA-,8.0,0.9542425094393249
NZ_CP107360.1,155508,≥100 kb,tRNA-,9.0,1.0
NZ_CP107364.1,121138,≥100 kb,tRNA-,9.0,1.0
NZ_CP107368.1,152729,≥100 kb,tRNA-,2.0,0.47712125471966244
NZ_CP107371.1,4746,<100 kb,tRNA-,4.0,0.6989700043360189
NZ_CP107374.1,134594,≥100 kb,tRNA-,8.0,0.9542425094393249
NZ_CP107376.1,84876,<100 kb,tRNA-,6.0,0.8450980400142568
NZ_CP107380.1,155820,≥100 kb,tRNA-,9.0,1.0
NZ_CP107385.1,134592,≥100 kb,tRNA-,8.0,0.9542425094393249
NZ_CP107387.1,84876,<100 kb,tRNA-,6.0,0.8450980400142568
NZ_CP107391.1,155492,≥100 kb,tRNA-,9.0,1.0
NZ_CP107395.1,154664,≥100 kb,tRNA-,9.0,1.0
NZ_CP107399.1,205642,≥100 kb,tRNA-,7.0,0.9030899869919435
NZ_CP107400.1,146158,≥100 kb,tRNA-,9.0,1.0
NZ_CP107404.1,154719,≥100 kb,tRNA-,9.0,1.0
NZ_CP107409.1,157273,≥100 kb,tRNA-,6.0,0.8450980400142568
NZ_CP107413.1,205642,≥100 kb,tRNA-,7.0,0.9030899869919435
NZ_CP107414.1,146158,≥100 kb,tRNA-,9.0,1.0
NZ_CP107418.1,210034,≥100 kb,tRNA-,9.0,1.0
NZ_CP107419.1,205645,≥100 kb,tRNA-,7.0,0.9030899869919435
NZ_CP107423.1,159410,≥100 kb,tRNA-,13.0,1.146128035678238
NZ_CP107427.1,205639,≥100 kb,tRNA-,7.0,0.9030899869919435
NZ_CP107428.1,154725,≥100 kb,tRNA-,9.0,1.0
NZ_CP107433.1,169677,≥100 kb,tRNA-,5.0,0.7781512503836436
NZ_CP107434.1,118453,≥100 kb,tRNA-,11.0,1.0791812460476249
NZ_CP107437.1,205638,≥100 kb,tRNA-,5.0,0.7781512503836436
NZ_CP107438.1,154719,≥100 kb,tRNA-,9.0,1.0
NZ_CP107442.1,205639,≥100 kb,tRNA-,7.0,0.9030899869919435
NZ_CP107443.1,154725,≥100 kb,tRNA-,9.0,1.0
NZ_CP107448.1,205652,≥100 kb,tRNA-,7.0,0.9030899869919435
NZ_CP107449.1,154720,≥100 kb,tRNA-,9.0,1.0
NZ_CP107453.1,175839,≥100 kb,tRNA-,11.0,1.0791812460476249
NZ_CP107454.1,96034,<100 kb,tRNA-,6.0,0.8450980400142568
NZ_CP107459.1,205641,≥100 kb,tRNA-,7.0,0.9030899869919435
NZ_CP107460.1,154719,≥100 kb,tRNA-,9.0,1.0
NZ_CP107464.1,128751,≥100 kb,tRNA-,12.0,1.1139433523068367
NZ_CP107469.1,205641,≥100 kb,tRNA-,7.0,0.9030899869919435
NZ_CP107470.1,154719,≥100 kb,tRNA-,9.0,1.0
NZ_CP107474.1,205965,≥100 kb,tRNA-,6.0,0.8450980400142568
NZ_CP107475.1,154725,≥100 kb,tRNA-,9.0,1.0
NZ_CP107479.1,205545,≥100 kb,tRNA-,7.0,0.9030899869919435
NZ_CP107480.1,154726,≥100 kb,tRNA-,9.0,1.0
NZ_CP107484.1,205636,≥100 kb,tRNA-,7.0,0.9030899869919435
NZ_CP107485.1,154720,≥100 kb,tRNA-,9.0,1.0
NZ_CP107489.1,205638,≥100 kb,tRNA-,7.0,0.9030899869919435
NZ_CP107490.1,154725,≥100 kb,tRNA-,9.0,1.0
NZ_CP107494.1,205641,≥100 kb,tRNA-,7.0,0.9030899869919435
NZ_CP107495.1,154725,≥100 kb,tRNA-,9.0,1.0
NZ_CP107499.1,205642,≥100 kb,tRNA-,7.0,0.9030899869919435
NZ_CP107500.1,154725,≥100 kb,tRNA-,9.0,1.0
NZ_CP107504.1,205642,≥100 kb,tRNA-,7.0,0.9030899869919435
NZ_CP107505.1,154719,≥100 kb,tRNA-,9.0,1.0
NZ_CP107509.1,205645,≥100 kb,tRNA-,7.0,0.9030899869919435
NZ_CP107510.1,154726,≥100 kb,tRNA-,9.0,1.0
NZ_CP107519.1,205640,≥100 kb,tRNA-,7.0,0.9030899869919435
NZ_CP107520.1,154725,≥100 kb,tRNA-,9.0,1.0
NZ_CP107514.1,206705,≥100 kb,tRNA-,7.0,0.9030899869919435
NZ_CP107515.1,154719,≥100 kb,tRNA-,9.0,1.0
NZ_CP130916.1,107722,≥100 kb,tRNA-,3.0,0.6020599913279624
NZ_CP130919.1,88933,<100 kb,tRNA-,11.0,1.0791812460476249
NZ_CP130918.1,58049,<100 kb,tRNA-,6.0,0.8450980400142568
NZ_CP116905.1,134875,≥100 kb,tRNA-,10.0,1.0413926851582251
NZ_CP116906.1,86599,<100 kb,tRNA-,7.0,0.9030899869919435
NZ_CP115708.1,248840,≥100 kb,tRNA-,8.0,0.9542425094393249
NZ_CP115709.1,119165,≥100 kb,tRNA-,13.0,1.146128035678238
NZ_CP117226.1,85160,<100 kb,tRNA-,15.0,1.2041199826559248
NZ_CP117225.1,117755,≥100 kb,tRNA-,3.0,0.6020599913279624
NZ_CP117223.1,140825,≥100 kb,tRNA-,8.0,0.9542425094393249
NZ_CP053670.1,190180,≥100 kb,tRNA-,15.0,1.2041199826559248
NZ_CP053668.1,97666,<100 kb,tRNA-,8.0,0.9542425094393249
NZ_CP053669.1,71962,<100 kb,tRNA-,5.0,0.7781512503836436
NZ_CP117741.1,341460,≥100 kb,tRNA-,11.0,1.0791812460476249
NZ_CP117743.1,39711,<100 kb,tRNA-,1.0,0.3010299956639812
NZ_CP117746.1,381441,≥100 kb,tRNA-,17.0,1.255272505103306
NZ_CP131947.1,246740,≥100 kb,tRNA-,13.0,1.146128035678238
NZ_CP131948.1,71469,<100 kb,tRNA-,4.0,0.6989700043360189
NZ_CP097191.1,275345,≥100 kb,tRNA-,19.0,1.3010299956639813
NZ_CP097192.1,192753,≥100 kb,tRNA-,8.0,0.9542425094393249
NZ_CP097193.1,52998,<100 kb,tRNA-,2.0,0.47712125471966244
NZ_CP097194.1,43761,<100 kb,tRNA-,3.0,0.6020599913279624
NZ_CP116493.1,100630,≥100 kb,tRNA-,6.0,0.8450980400142568
NZ_CP116494.1,85083,<100 kb,tRNA-,7.0,0.9030899869919435
NZ_CP118401.1,12224,<100 kb,tRNA-,4.0,0.6989700043360189
NZ_CP118902.1,262673,≥100 kb,tRNA-,9.0,1.0
NZ_CP118903.1,162879,≥100 kb,tRNA+,6.0,0.8450980400142568
NZ_CP118904.1,124316,≥100 kb,tRNA-,17.0,1.255272505103306
NZ_CP118908.1,98386,<100 kb,tRNA+,4.0,0.6989700043360189
NZ_CP090219.1,172001,≥100 kb,tRNA-,11.0,1.0791812460476249
NZ_CP090220.1,193044,≥100 kb,tRNA-,2.0,0.47712125471966244
NZ_CP119177.1,87095,<100 kb,tRNA-,7.0,0.9030899869919435
NZ_CP119178.1,232058,≥100 kb,tRNA-,12.0,1.1139433523068367
NZ_CP119179.1,127419,≥100 kb,tRNA-,2.0,0.47712125471966244
NZ_CP119184.1,258333,≥100 kb,tRNA-,16.0,1.2304489213782739
NZ_CP119185.1,238816,≥100 kb,tRNA-,13.0,1.146128035678238
NZ_CP101836.1,217547,≥100 kb,tRNA-,7.0,0.9030899869919435
NZ_CP101838.1,38758,<100 kb,tRNA-,5.0,0.7781512503836436
NZ_CP102688.1,217547,≥100 kb,tRNA-,7.0,0.9030899869919435
NZ_CP102690.1,38759,<100 kb,tRNA-,4.0,0.6989700043360189
NZ_CP102693.1,178593,≥100 kb,tRNA-,6.0,0.8450980400142568
NZ_CP119333.1,155833,≥100 kb,tRNA-,11.0,1.0791812460476249
NZ_CP119014.1,69455,<100 kb,tRNA-,6.0,0.8450980400142568
NZ_CP089770.1,99554,<100 kb,tRNA-,1.0,0.3010299956639812
NZ_CP089763.1,135709,≥100 kb,tRNA-,9.0,1.0
NZ_CP089871.1,231344,≥100 kb,tRNA-,3.0,0.6020599913279624
NZ_CP089875.1,186670,≥100 kb,tRNA-,2.0,0.47712125471966244
NZ_CP089876.1,110438,≥100 kb,tRNA-,10.0,1.0413926851582251
NZ_CP089878.1,309645,≥100 kb,tRNA-,13.0,1.146128035678238
NZ_CP089879.1,216726,≥100 kb,tRNA-,7.0,0.9030899869919435
NZ_CP089881.1,253878,≥100 kb,tRNA-,14.0,1.1760912590556813
NZ_CP089885.1,247180,≥100 kb,tRNA-,13.0,1.146128035678238
NZ_CP089886.1,131492,≥100 kb,tRNA-,16.0,1.2304489213782739
NZ_CP089960.1,298594,≥100 kb,tRNA-,4.0,0.6989700043360189
NZ_CP110525.1,254400,≥100 kb,tRNA-,9.0,1.0
NZ_CP110526.1,213187,≥100 kb,tRNA-,2.0,0.47712125471966244
NZ_CP110527.1,98221,<100 kb,tRNA-,8.0,0.9542425094393249
NZ_CP110516.1,223870,≥100 kb,tRNA-,6.0,0.8450980400142568
NZ_CP110517.1,212886,≥100 kb,tRNA-,2.0,0.47712125471966244
NZ_CP110518.1,112292,≥100 kb,tRNA-,11.0,1.0791812460476249
NZ_CP120848.1,133718,≥100 kb,tRNA-,5.0,0.7781512503836436
NZ_CP121140.1,192395,≥100 kb,tRNA-,13.0,1.146128035678238
NZ_CP121130.1,247178,≥100 kb,tRNA-,13.0,1.146128035678238
NZ_CP121138.1,247159,≥100 kb,tRNA-,13.0,1.146128035678238
NZ_CP121136.1,247177,≥100 kb,tRNA-,13.0,1.146128035678238
NZ_CP121132.1,247177,≥100 kb,tRNA-,13.0,1.146128035678238
NZ_CP121144.1,247179,≥100 kb,tRNA-,12.0,1.1139433523068367
NZ_CP121142.1,247179,≥100 kb,tRNA-,13.0,1.146128035678238
NZ_CP121146.1,247173,≥100 kb,tRNA-,13.0,1.146128035678238
NZ_CP121134.1,247179,≥100 kb,tRNA-,13.0,1.146128035678238
NZ_CP121128.1,247179,≥100 kb,tRNA-,13.0,1.146128035678238
NZ_CP088271.1,76708,<100 kb,tRNA-,10.0,1.0413926851582251
NZ_CP122390.1,299152,≥100 kb,tRNA-,15.0,1.2041199826559248
NZ_CP122391.1,273266,≥100 kb,tRNA-,17.0,1.255272505103306
NZ_CP122571.1,100026,≥100 kb,tRNA-,1.0,0.3010299956639812
NZ_CP122572.1,15032,<100 kb,tRNA-,3.0,0.6020599913279624
NZ_CP122569.1,177113,≥100 kb,tRNA-,19.0,1.3010299956639813
NZ_CP122568.1,65409,<100 kb,tRNA-,2.0,0.47712125471966244
NZ_CP122575.1,64276,<100 kb,tRNA-,2.0,0.47712125471966244
NZ_CP123041.1,118619,≥100 kb,tRNA-,11.0,1.0791812460476249
NZ_CP122583.1,100034,≥100 kb,tRNA-,1.0,0.3010299956639812
NZ_CP122582.1,121944,≥100 kb,tRNA+,1.0,0.3010299956639812
NZ_CP122585.1,15014,<100 kb,tRNA-,3.0,0.6020599913279624
NZ_CP122581.1,176344,≥100 kb,tRNA-,16.0,1.2304489213782739
NZ_CP122584.1,54892,<100 kb,tRNA-,8.0,0.9542425094393249
NZ_CP122580.1,65499,<100 kb,tRNA-,2.0,0.47712125471966244
NZ_CP123044.1,118619,≥100 kb,tRNA-,11.0,1.0791812460476249
NZ_CP123431.1,218903,≥100 kb,tRNA-,3.0,0.6020599913279624
NZ_CP123432.1,139452,≥100 kb,tRNA-,21.0,1.3424226808222062
NZ_CP123433.1,51197,<100 kb,tRNA-,9.0,1.0
NZ_CP123434.1,3223,<100 kb,tRNA-,1.0,0.3010299956639812
NZ_CP123873.1,108909,≥100 kb,tRNA-,1.0,0.3010299956639812
NZ_CP123874.1,44092,<100 kb,tRNA-,2.0,0.47712125471966244
NZ_CP124696.1,96675,<100 kb,tRNA-,5.0,0.7781512503836436
NZ_CP124697.1,62484,<100 kb,tRNA-,3.0,0.6020599913279624
NZ_CP124694.1,279261,≥100 kb,tRNA-,15.0,1.2041199826559248
NZ_CP124700.1,93119,<100 kb,tRNA-,5.0,0.7781512503836436
NZ_CP124701.1,61402,<100 kb,tRNA-,5.0,0.7781512503836436
NZ_CP124703.1,254179,≥100 kb,tRNA-,4.0,0.6989700043360189
NZ_CP124704.1,93640,<100 kb,tRNA-,5.0,0.7781512503836436
NZ_CP124706.1,52716,<100 kb,tRNA-,4.0,0.6989700043360189
NZ_CP124828.1,211945,≥100 kb,tRNA-,5.0,0.7781512503836436
NZ_CP124829.1,65499,<100 kb,tRNA-,2.0,0.47712125471966244
NZ_CP124826.1,63589,<100 kb,tRNA-,2.0,0.47712125471966244
NZ_CP124838.1,119030,≥100 kb,tRNA-,8.0,0.9542425094393249
NZ_CP124839.1,45465,<100 kb,tRNA-,4.0,0.6989700043360189
NZ_CP124874.1,315303,≥100 kb,tRNA-,14.0,1.1760912590556813
NZ_CP124875.1,180663,≥100 kb,tRNA-,2.0,0.47712125471966244
NZ_CP125335.1,302246,≥100 kb,tRNA-,6.0,0.8450980400142568
NZ_CP125336.1,110449,≥100 kb,tRNA-,12.0,1.1139433523068367
NZ_CP125342.1,110599,≥100 kb,tRNA-,10.0,1.0413926851582251
NZ_CP125341.1,83551,<100 kb,tRNA-,6.0,0.8450980400142568
NZ_CP125348.1,83551,<100 kb,tRNA-,6.0,0.8450980400142568
NZ_CP125347.1,73344,<100 kb,tRNA-,4.0,0.6989700043360189
NZ_CP125346.1,50524,<100 kb,tRNA-,3.0,0.6020599913279624
NZ_CP125736.1,211607,≥100 kb,tRNA-,14.0,1.1760912590556813
NZ_CP093459.1,388130,≥100 kb,tRNA-,3.0,0.6020599913279624
NZ_CP093469.1,14283,<100 kb,tRNA+,18.0,1.2787536009528289
NZ_CP093466.1,190540,≥100 kb,tRNA-,11.0,1.0791812460476249
NZ_CP093467.1,58125,<100 kb,tRNA-,10.0,1.0413926851582251
NZ_CP093472.1,160137,≥100 kb,tRNA-,1.0,0.3010299956639812
NZ_CP093478.1,35376,<100 kb,tRNA-,3.0,0.6020599913279624
NZ_CP093480.1,5584,<100 kb,tRNA-,2.0,0.47712125471966244
NZ_CP093477.1,77813,<100 kb,tRNA-,8.0,0.9542425094393249
NZ_CP093482.1,178685,≥100 kb,tRNA-,8.0,0.9542425094393249
NZ_CP093484.1,37145,<100 kb,tRNA-,4.0,0.6989700043360189
NZ_CP093488.1,67142,<100 kb,tRNA-,5.0,0.7781512503836436
NZ_CP093487.1,90276,<100 kb,tRNA-,14.0,1.1760912590556813
NZ_CP093491.1,175202,≥100 kb,tRNA-,9.0,1.0
NZ_CP093490.1,338797,≥100 kb,tRNA+,1.0,0.3010299956639812
NZ_CP093492.1,68131,<100 kb,tRNA-,8.0,0.9542425094393249
NZ_CP093493.1,41608,<100 kb,tRNA-,4.0,0.6989700043360189
NZ_CP093496.1,200019,≥100 kb,tRNA-,13.0,1.146128035678238
NZ_CP093499.1,58118,<100 kb,tRNA-,13.0,1.146128035678238
NZ_CP093498.1,73875,<100 kb,tRNA-,7.0,0.9030899869919435
NZ_CP093502.1,195694,≥100 kb,tRNA-,12.0,1.1139433523068367
NZ_CP093503.1,57589,<100 kb,tRNA-,4.0,0.6989700043360189
NZ_CP096815.1,207747,≥100 kb,tRNA-,7.0,0.9030899869919435
NZ_CP096817.1,45138,<100 kb,tRNA-,7.0,0.9030899869919435
NZ_CP104606.1,159878,≥100 kb,tRNA-,23.0,1.380211241711606
NZ_CP104604.1,315605,≥100 kb,tRNA-,12.0,1.1139433523068367
NZ_CP104605.1,218818,≥100 kb,tRNA-,12.0,1.1139433523068367
NZ_CP104607.1,110502,≥100 kb,tRNA-,2.0,0.47712125471966244
NZ_CP104609.1,33310,<100 kb,tRNA-,1.0,0.3010299956639812
NZ_CP104628.1,266761,≥100 kb,tRNA-,25.0,1.414973347970818
NZ_CP110143.1,344396,≥100 kb,tRNA-,22.0,1.3617278360175928
NZ_CP110144.1,238814,≥100 kb,tRNA-,13.0,1.146128035678238
NZ_CP110146.1,273252,≥100 kb,tRNA-,18.0,1.2787536009528289
NZ_CP110147.1,216138,≥100 kb,tRNA-,11.0,1.0791812460476249
NZ_CP110149.1,368144,≥100 kb,tRNA-,34.0,1.5440680443502757
NZ_CP110151.1,224600,≥100 kb,tRNA-,22.0,1.3617278360175928
NZ_CP110152.1,119650,≥100 kb,tRNA-,14.0,1.1760912590556813
NZ_CP110154.1,239545,≥100 kb,tRNA-,19.0,1.3010299956639813
NZ_CP110155.1,60163,<100 kb,tRNA-,5.0,0.7781512503836436
NZ_CP110161.1,239545,≥100 kb,tRNA-,19.0,1.3010299956639813
NZ_CP110162.1,60381,<100 kb,tRNA-,6.0,0.8450980400142568
NZ_CP110163.1,30049,<100 kb,tRNA-,1.0,0.3010299956639812
NZ_CP110168.1,262096,≥100 kb,tRNA-,16.0,1.2304489213782739
NZ_CP110169.1,131266,≥100 kb,tRNA-,17.0,1.255272505103306
NZ_CP110171.1,171542,≥100 kb,tRNA-,17.0,1.255272505103306
NZ_CP110172.1,33309,<100 kb,tRNA-,1.0,0.3010299956639812
NZ_CP110266.1,224600,≥100 kb,tRNA-,22.0,1.3617278360175928
NZ_CP110267.1,119654,≥100 kb,tRNA-,14.0,1.1760912590556813
NZ_CP127237.1,205645,≥100 kb,tRNA-,7.0,0.9030899869919435
NZ_CP127236.1,154719,≥100 kb,tRNA-,9.0,1.0
NZ_CP127232.1,28875,<100 kb,tRNA-,2.0,0.47712125471966244
NZ_CP127230.1,153000,≥100 kb,tRNA-,14.0,1.1760912590556813
NZ_CP127231.1,258228,≥100 kb,tRNA-,13.0,1.146128035678238
NZ_AP027264.1,106575,≥100 kb,tRNA-,4.0,0.6989700043360189
NZ_AP027265.1,39088,<100 kb,tRNA-,4.0,0.6989700043360189
NZ_CP128193.1,74021,<100 kb,tRNA-,9.0,1.0
NZ_CP128192.1,254123,≥100 kb,tRNA-,5.0,0.7781512503836436
NZ_CP095559.1,73277,<100 kb,tRNA-,11.0,1.0791812460476249
NZ_CP095558.1,114673,≥100 kb,tRNA-,3.0,0.6020599913279624
NZ_CP095560.1,6141,<100 kb,tRNA-,2.0,0.47712125471966244
NZ_CP040712.1,270854,≥100 kb,tRNA-,6.0,0.8450980400142568
NZ_CP106892.1,89653,<100 kb,tRNA-,15.0,1.2041199826559248
NZ_CP106888.1,89653,<100 kb,tRNA-,15.0,1.2041199826559248
NZ_CP128486.1,136829,≥100 kb,tRNA+,6.0,0.8450980400142568
NZ_CP128489.1,65140,<100 kb,tRNA-,10.0,1.0413926851582251
NZ_CP128484.1,207962,≥100 kb,tRNA-,13.0,1.146128035678238
NZ_CP118692.1,268400,≥100 kb,tRNA-,6.0,0.8450980400142568
NZ_CP118693.1,134960,≥100 kb,tRNA-,10.0,1.0413926851582251
NZ_CP118694.1,87095,<100 kb,tRNA-,7.0,0.9030899869919435
NZ_CP133404.1,103833,≥100 kb,tRNA-,10.0,1.0413926851582251
NZ_CP133403.1,132750,≥100 kb,tRNA-,8.0,0.9542425094393249
NZ_CP129187.1,135702,≥100 kb,tRNA+,7.0,0.9030899869919435
NZ_CP129189.1,64447,<100 kb,tRNA-,5.0,0.7781512503836436
NZ_CP129185.1,207983,≥100 kb,tRNA-,13.0,1.146128035678238
NZ_CP129697.1,118285,≥100 kb,tRNA-,1.0,0.3010299956639812
NZ_CP129695.1,211876,≥100 kb,tRNA-,6.0,0.8450980400142568
NZ_CP129696.1,32432,<100 kb,tRNA-,5.0,0.7781512503836436
NZ_CP129765.1,224924,≥100 kb,tRNA-,18.0,1.2787536009528289
NZ_CP129768.1,44706,<100 kb,tRNA-,1.0,0.3010299956639812
NZ_CP129767.1,66269,<100 kb,tRNA-,2.0,0.47712125471966244
NZ_CP129698.1,105092,≥100 kb,tRNA-,4.0,0.6989700043360189
NZ_CP129701.1,23183,<100 kb,tRNA-,3.0,0.6020599913279624
NZ_CP129699.1,265129,≥100 kb,tRNA-,6.0,0.8450980400142568
NZ_CP129707.1,106832,≥100 kb,tRNA-,13.0,1.146128035678238
NZ_CP129708.1,143797,≥100 kb,tRNA-,11.0,1.0791812460476249
NZ_CP129693.1,172282,≥100 kb,tRNA-,17.0,1.255272505103306
NZ_CP129690.1,38982,<100 kb,tRNA-,1.0,0.3010299956639812
NZ_CP129692.1,97965,<100 kb,tRNA-,6.0,0.8450980400142568
NZ_CP129704.1,65499,<100 kb,tRNA-,2.0,0.47712125471966244
NZ_CP129723.1,148625,≥100 kb,tRNA-,1.0,0.3010299956639812
NZ_CP129722.1,176336,≥100 kb,tRNA-,16.0,1.2304489213782739
NZ_CP129724.1,65499,<100 kb,tRNA-,2.0,0.47712125471966244
NZ_CP129720.1,148618,≥100 kb,tRNA-,1.0,0.3010299956639812
NZ_CP129719.1,176320,≥100 kb,tRNA-,16.0,1.2304489213782739
NZ_CP129716.1,90802,<100 kb,tRNA-,6.0,0.8450980400142568
NZ_CP129713.1,106834,≥100 kb,tRNA-,12.0,1.1139433523068367
NZ_CP129712.1,143798,≥100 kb,tRNA-,11.0,1.0791812460476249
NZ_CP129741.1,150011,≥100 kb,tRNA-,15.0,1.2041199826559248
NZ_CP129740.1,228963,≥100 kb,tRNA+,1.0,0.3010299956639812
NZ_CP129742.1,90134,<100 kb,tRNA-,5.0,0.7781512503836436
NZ_CP129746.1,148704,≥100 kb,tRNA-,15.0,1.2041199826559248
NZ_CP129744.1,89031,<100 kb,tRNA-,5.0,0.7781512503836436
NZ_CP129780.1,148623,≥100 kb,tRNA-,1.0,0.3010299956639812
NZ_CP129782.1,176350,≥100 kb,tRNA-,16.0,1.2304489213782739
NZ_CP129781.1,65124,<100 kb,tRNA-,2.0,0.47712125471966244
NZ_CP129788.1,148651,≥100 kb,tRNA-,1.0,0.3010299956639812
NZ_CP129787.1,176333,≥100 kb,tRNA-,16.0,1.2304489213782739
NZ_CP129786.1,26615,<100 kb,tRNA-,1.0,0.3010299956639812
NZ_CP129785.1,33976,<100 kb,tRNA-,2.0,0.47712125471966244
NZ_CP129789.1,65488,<100 kb,tRNA-,2.0,0.47712125471966244
NZ_CP129761.1,160139,≥100 kb,tRNA-,2.0,0.47712125471966244
NZ_CP129760.1,176346,≥100 kb,tRNA-,16.0,1.2304489213782739
NZ_CP129762.1,66276,<100 kb,tRNA-,2.0,0.47712125471966244
NZ_CP129772.1,189863,≥100 kb,tRNA-,33.0,1.5314789170422551
NZ_CP129771.1,691891,≥100 kb,tRNA+,5.0,0.7781512503836436
NZ_CP129773.1,94403,<100 kb,tRNA-,5.0,0.7781512503836436
NZ_CP129776.1,148642,≥100 kb,tRNA-,1.0,0.3010299956639812
NZ_CP129778.1,176345,≥100 kb,tRNA-,16.0,1.2304489213782739
NZ_CP129777.1,65458,<100 kb,tRNA-,2.0,0.47712125471966244
NZ_CP129805.1,157907,≥100 kb,tRNA-,7.0,0.9030899869919435
NZ_CP129804.1,280987,≥100 kb,tRNA-,18.0,1.2787536009528289
NZ_CP129806.1,65289,<100 kb,tRNA-,2.0,0.47712125471966244
NZ_CP129811.1,145564,≥100 kb,tRNA-,11.0,1.0791812460476249
NZ_CP129810.1,54510,<100 kb,tRNA-,5.0,0.7781512503836436
NZ_CP129815.1,146394,≥100 kb,tRNA-,11.0,1.0791812460476249
NZ_CP129816.1,54512,<100 kb,tRNA-,5.0,0.7781512503836436
NZ_CP129827.1,116223,≥100 kb,tRNA-,13.0,1.146128035678238
NZ_CP129828.1,16942,<100 kb,tRNA-,3.0,0.6020599913279624
NZ_CP129826.1,385786,≥100 kb,tRNA-,20.0,1.3222192947339193
NZ_CP129825.1,65499,<100 kb,tRNA-,2.0,0.47712125471966244
NZ_CP129848.1,115367,≥100 kb,tRNA-,6.0,0.8450980400142568
NZ_CP129831.1,90802,<100 kb,tRNA-,6.0,0.8450980400142568
NZ_CP129728.1,148625,≥100 kb,tRNA-,1.0,0.3010299956639812
NZ_CP129726.1,15020,<100 kb,tRNA-,3.0,0.6020599913279624
NZ_CP129729.1,176329,≥100 kb,tRNA-,16.0,1.2304489213782739
NZ_CP129727.1,66272,<100 kb,tRNA-,2.0,0.47712125471966244
NZ_CP129842.1,144492,≥100 kb,tRNA-,10.0,1.0413926851582251
NZ_CP129844.1,63932,<100 kb,tRNA-,4.0,0.6989700043360189
NZ_CP129843.1,86968,<100 kb,tRNA-,6.0,0.8450980400142568
NZ_CP129792.1,117471,≥100 kb,tRNA-,14.0,1.1760912590556813
NZ_CP129793.1,139644,≥100 kb,tRNA-,8.0,0.9542425094393249
NZ_CP129791.1,241161,≥100 kb,tRNA-,12.0,1.1139433523068367
NZ_CP129795.1,184336,≥100 kb,tRNA-,5.0,0.7781512503836436
NZ_CP129797.1,212056,≥100 kb,tRNA-,1.0,0.3010299956639812
NZ_CP129798.1,65191,<100 kb,tRNA-,2.0,0.47712125471966244
NZ_CP129733.1,65915,<100 kb,tRNA-,2.0,0.47712125471966244
NZ_CP129737.1,148627,≥100 kb,tRNA-,1.0,0.3010299956639812
NZ_CP129738.1,176336,≥100 kb,tRNA-,15.0,1.2041199826559248
NZ_CP129736.1,26059,<100 kb,tRNA-,4.0,0.6989700043360189
NZ_CP129735.1,66280,<100 kb,tRNA-,2.0,0.47712125471966244
NZ_CP129749.1,219510,≥100 kb,tRNA-,9.0,1.0
NZ_CP129748.1,249494,≥100 kb,tRNA-,13.0,1.146128035678238
NZ_CP129750.1,6726,<100 kb,tRNA-,2.0,0.47712125471966244
NZ_CP129752.1,151938,≥100 kb,tRNA-,7.0,0.9030899869919435
NZ_CP129754.1,71813,<100 kb,tRNA-,4.0,0.6989700043360189
NZ_CP129753.1,84382,<100 kb,tRNA-,4.0,0.6989700043360189
NZ_CP129820.1,154479,≥100 kb,tRNA-,16.0,1.2304489213782739
NZ_CP129823.1,76523,<100 kb,tRNA-,4.0,0.6989700043360189
NZ_CP129802.1,115394,≥100 kb,tRNA-,11.0,1.0791812460476249
NZ_CP129801.1,139648,≥100 kb,tRNA-,8.0,0.9542425094393249
NZ_CP129800.1,241164,≥100 kb,tRNA-,12.0,1.1139433523068367
NZ_CP129834.1,195414,≥100 kb,tRNA-,15.0,1.2041199826559248
NZ_CP129851.1,139648,≥100 kb,tRNA-,9.0,1.0
NZ_CP129853.1,17898,<100 kb,tRNA-,4.0,0.6989700043360189
NZ_CP129852.1,86081,<100 kb,tRNA-,4.0,0.6989700043360189
NZ_CP129870.1,94877,<100 kb,tRNA-,11.0,1.0791812460476249
NZ_CP129874.1,100026,≥100 kb,tRNA-,4.0,0.6989700043360189
NZ_CP129872.1,384453,≥100 kb,tRNA-,22.0,1.3617278360175928
NZ_CP129873.1,727204,≥100 kb,tRNA+,10.0,1.0413926851582251
NZ_CP129858.1,212501,≥100 kb,tRNA-,9.0,1.0
NZ_CP129857.1,338219,≥100 kb,tRNA-,27.0,1.4471580313422192
NZ_CP129856.1,550231,≥100 kb,tRNA+,1.0,0.3010299956639812
NZ_CP129836.1,96125,<100 kb,tRNA-,8.0,0.9542425094393249
NZ_CP129839.1,96125,<100 kb,tRNA-,8.0,0.9542425094393249
NZ_CP076107.1,241766,≥100 kb,tRNA-,13.0,1.146128035678238
NZ_CP076108.1,153275,≥100 kb,tRNA-,9.0,1.0
NZ_CP076112.1,153283,≥100 kb,tRNA-,9.0,1.0
NZ_CP130259.1,133771,≥100 kb,tRNA-,8.0,0.9542425094393249
NZ_CP130261.1,87935,<100 kb,tRNA-,7.0,0.9030899869919435
NZ_CP130265.1,133772,≥100 kb,tRNA-,8.0,0.9542425094393249
NZ_CP130267.1,87935,<100 kb,tRNA-,6.0,0.8450980400142568
NZ_CP130563.1,77135,<100 kb,tRNA-,13.0,1.146128035678238
NZ_CP092280.1,51479,<100 kb,tRNA-,2.0,0.47712125471966244
NZ_CP092273.1,236626,≥100 kb,tRNA-,8.0,0.9542425094393249
NZ_CP092274.1,166543,≥100 kb,tRNA-,13.0,1.146128035678238
NZ_CP130675.1,327617,≥100 kb,tRNA-,23.0,1.380211241711606
NZ_CP130676.1,103950,≥100 kb,tRNA-,16.0,1.2304489213782739
NZ_CP130677.1,46162,<100 kb,tRNA-,3.0,0.6020599913279624
NZ_CP130689.1,112364,≥100 kb,tRNA-,9.0,1.0
NZ_CP130686.1,101767,≥100 kb,tRNA-,12.0,1.1139433523068367
NZ_CP130695.1,112363,≥100 kb,tRNA-,9.0,1.0
NZ_CP130692.1,101768,≥100 kb,tRNA-,12.0,1.1139433523068367
NZ_CP099521.1,83665,<100 kb,tRNA-,11.0,1.0791812460476249
NZ_CP085098.1,265616,≥100 kb,tRNA-,3.0,0.6020599913279624
NZ_CP085102.1,215261,≥100 kb,tRNA-,1.0,0.3010299956639812
NZ_CP085105.1,122654,≥100 kb,tRNA-,1.0,0.3010299956639812
NZ_CP085034.1,187807,≥100 kb,tRNA-,10.0,1.0413926851582251
NZ_CP085100.1,137603,≥100 kb,tRNA+,10.0,1.0413926851582251
NZ_CP131956.1,217359,≥100 kb,tRNA-,11.0,1.0791812460476249
NZ_CP131957.1,116170,≥100 kb,tRNA-,8.0,0.9542425094393249
NZ_CP131958.1,49884,<100 kb,tRNA-,1.0,0.3010299956639812
NZ_CP131959.1,45465,<100 kb,tRNA-,4.0,0.6989700043360189
NZ_CP132050.1,133859,≥100 kb,tRNA-,8.0,0.9542425094393249
NZ_CP132051.1,88161,<100 kb,tRNA-,7.0,0.9030899869919435
NZ_CP132044.1,133859,≥100 kb,tRNA-,8.0,0.9542425094393249
NZ_CP132045.1,68033,<100 kb,tRNA-,4.0,0.6989700043360189
NZ_CP132611.1,137593,≥100 kb,tRNA-,9.0,1.0
NZ_CP132612.1,90681,<100 kb,tRNA-,11.0,1.0791812460476249
NZ_CP132617.1,117218,≥100 kb,tRNA-,14.0,1.1760912590556813
NZ_CP132619.1,333788,≥100 kb,tRNA-,13.0,1.146128035678238
NZ_CP132625.1,178607,≥100 kb,tRNA-,13.0,1.146128035678238
NZ_CP132626.1,83199,<100 kb,tRNA-,5.0,0.7781512503836436
NZ_CP132628.1,6925,<100 kb,tRNA-,1.0,0.3010299956639812
NZ_CP132632.1,428505,≥100 kb,tRNA-,31.0,1.505149978319906
NZ_CP132636.1,128536,≥100 kb,tRNA+,3.0,0.6020599913279624
NZ_CP132637.1,86841,<100 kb,tRNA-,3.0,0.6020599913279624
NZ_CP132640.1,128536,≥100 kb,tRNA+,3.0,0.6020599913279624
NZ_CP132642.1,86841,<100 kb,tRNA-,3.0,0.6020599913279624
NZ_CP132644.1,6141,<100 kb,tRNA-,2.0,0.47712125471966244
NZ_CP132647.1,128536,≥100 kb,tRNA+,3.0,0.6020599913279624
NZ_CP132648.1,86841,<100 kb,tRNA-,3.0,0.6020599913279624
NZ_CP132652.1,194364,≥100 kb,tRNA-,2.0,0.47712125471966244
NZ_CP132655.1,97507,<100 kb,tRNA-,3.0,0.6020599913279624
NZ_CP132656.1,67166,<100 kb,tRNA-,4.0,0.6989700043360189
NZ_CP132659.1,26229,<100 kb,tRNA-,3.0,0.6020599913279624
NZ_CP132661.1,305455,≥100 kb,tRNA-,10.0,1.0413926851582251
NZ_CP132662.1,149780,≥100 kb,tRNA-,1.0,0.3010299956639812
NZ_CP132663.1,65499,<100 kb,tRNA-,2.0,0.47712125471966244
NZ_CP132665.1,211312,≥100 kb,tRNA-,6.0,0.8450980400142568
NZ_CP132667.1,77269,<100 kb,tRNA-,6.0,0.8450980400142568
NZ_CP132668.1,33858,<100 kb,tRNA-,1.0,0.3010299956639812
NZ_CP132671.1,248266,≥100 kb,tRNA-,12.0,1.1139433523068367
NZ_CP132672.1,49061,<100 kb,tRNA-,4.0,0.6989700043360189
NZ_CP132674.1,330595,≥100 kb,tRNA-,5.0,0.7781512503836436
NZ_CP132676.1,301976,≥100 kb,tRNA-,10.0,1.0413926851582251
NZ_CP132677.1,94404,<100 kb,tRNA-,11.0,1.0791812460476249
NZ_CP132689.1,245291,≥100 kb,tRNA-,6.0,0.8450980400142568
NZ_CP132692.1,308779,≥100 kb,tRNA-,2.0,0.47712125471966244
NZ_CP132693.1,122442,≥100 kb,tRNA-,13.0,1.146128035678238
NZ_CP132695.1,320610,≥100 kb,tRNA-,12.0,1.1139433523068367
NZ_CP132696.1,150160,≥100 kb,tRNA-,8.0,0.9542425094393249
NZ_CP132698.1,94223,<100 kb,tRNA-,1.0,0.3010299956639812
NZ_CP132699.1,67573,<100 kb,tRNA-,10.0,1.0413926851582251
NZ_CP132700.1,62812,<100 kb,tRNA-,2.0,0.47712125471966244
NZ_CP132703.1,308779,≥100 kb,tRNA-,2.0,0.47712125471966244
NZ_CP132704.1,122441,≥100 kb,tRNA-,14.0,1.1760912590556813
NZ_CP132706.1,153064,≥100 kb,tRNA-,10.0,1.0413926851582251
NZ_CP132710.1,322633,≥100 kb,tRNA-,5.0,0.7781512503836436
NZ_CP132711.1,246211,≥100 kb,tRNA-,7.0,0.9030899869919435
NZ_CP132712.1,171924,≥100 kb,tRNA-,10.0,1.0413926851582251
NZ_CP132715.1,107139,≥100 kb,tRNA-,5.0,0.7781512503836436
NZ_CP132716.1,88104,<100 kb,tRNA-,7.0,0.9030899869919435
NZ_CP132737.1,355922,≥100 kb,tRNA-,23.0,1.380211241711606
NZ_CP132727.1,221089,≥100 kb,tRNA-,13.0,1.146128035678238
NZ_CP132948.1,175543,≥100 kb,tRNA-,6.0,0.8450980400142568
NZ_CP079854.1,70873,<100 kb,tRNA-,4.0,0.6989700043360189
NZ_CP079853.1,177356,≥100 kb,tRNA-,12.0,1.1139433523068367
NZ_CP101120.1,86209,<100 kb,tRNA-,17.0,1.255272505103306
NZ_CP101121.1,6141,<100 kb,tRNA-,2.0,0.47712125471966244
NZ_CP103064.1,241400,≥100 kb,tRNA-,8.0,0.9542425094393249
NZ_CP103065.1,84737,<100 kb,tRNA-,1.0,0.3010299956639812
NZ_CP133748.1,312066,≥100 kb,tRNA-,6.0,0.8450980400142568
NZ_CP133747.1,78141,<100 kb,tRNA-,8.0,0.9542425094393249
NZ_CP133742.1,246730,≥100 kb,tRNA-,13.0,1.146128035678238
NZ_CP133741.1,52317,<100 kb,tRNA-,7.0,0.9030899869919435
NZ_CP133745.1,113624,≥100 kb,tRNA-,7.0,0.9030899869919435
NZ_CP125892.1,105034,≥100 kb,tRNA-,15.0,1.2041199826559248
NZ_CP125894.1,124933,≥100 kb,tRNA-,21.0,1.3424226808222062
NZ_CP133845.1,229024,≥100 kb,tRNA-,9.0,1.0
NZ_CP133846.1,63590,<100 kb,tRNA-,2.0,0.47712125471966244
NZ_CP133867.1,99318,<100 kb,tRNA-,8.0,0.9542425094393249
NZ_CP131920.1,84970,<100 kb,tRNA-,5.0,0.7781512503836436
NZ_CP131917.1,175191,≥100 kb,tRNA-,17.0,1.255272505103306
NZ_CP134809.1,83258,<100 kb,tRNA-,7.0,0.9030899869919435
NZ_CP134810.1,81641,<100 kb,tRNA-,6.0,0.8450980400142568
NZ_CP135168.1,45080,<100 kb,tRNA-,4.0,0.6989700043360189
NZ_CP135169.1,24680,<100 kb,tRNA-,2.0,0.47712125471966244
NZ_CP135170.1,23166,<100 kb,tRNA-,1.0,0.3010299956639812
NZ_CP135509.1,125751,≥100 kb,tRNA-,14.0,1.1760912590556813
NZ_CP135187.1,54404,<100 kb,tRNA-,8.0,0.9542425094393249
NZ_CP135455.1,175879,≥100 kb,tRNA-,10.0,1.0413926851582251
NZ_CP135456.1,45239,<100 kb,tRNA-,1.0,0.3010299956639812
NZ_CP135457.1,15100,<100 kb,tRNA-,1.0,0.3010299956639812
NZ_CP135482.1,121382,≥100 kb,tRNA-,18.0,1.2787536009528289
NZ_CP135483.1,6141,<100 kb,tRNA-,2.0,0.47712125471966244
NZ_CP136000.1,179140,≥100 kb,tRNA-,1.0,0.3010299956639812
NZ_CP136253.1,181365,≥100 kb,tRNA-,14.0,1.1760912590556813
NZ_CP136256.1,78533,<100 kb,tRNA-,7.0,0.9030899869919435
NZ_CP136255.1,289219,≥100 kb,tRNA-,13.0,1.146128035678238
NZ_CP136271.1,87095,<100 kb,tRNA-,7.0,0.9030899869919435
NZ_CP136269.1,133771,≥100 kb,tRNA-,10.0,1.0413926851582251
NZ_CP136270.1,107188,≥100 kb,tRNA-,6.0,0.8450980400142568
NZ_CP136251.1,181365,≥100 kb,tRNA-,14.0,1.1760912590556813
NZ_CP136250.1,78533,<100 kb,tRNA-,6.0,0.8450980400142568
NZ_CP136249.1,289219,≥100 kb,tRNA-,13.0,1.146128035678238
NZ_CP136406.1,211397,≥100 kb,tRNA-,8.0,0.9542425094393249
NZ_CP136407.1,113639,≥100 kb,tRNA-,7.0,0.9030899869919435
NZ_CP136408.1,108797,≥100 kb,tRNA-,9.0,1.0
NZ_CP136410.1,13841,<100 kb,tRNA-,1.0,0.3010299956639812
NZ_CP133877.1,176335,≥100 kb,tRNA-,16.0,1.2304489213782739
NZ_CP133879.1,100034,≥100 kb,tRNA-,1.0,0.3010299956639812
NZ_CP133880.1,65499,<100 kb,tRNA-,2.0,0.47712125471966244
NZ_CP133881.1,15032,<100 kb,tRNA-,3.0,0.6020599913279624
NZ_CP133883.1,297608,≥100 kb,tRNA-,21.0,1.3424226808222062
NZ_CP133884.1,155929,≥100 kb,tRNA-,7.0,0.9030899869919435
NZ_CP133885.1,65499,<100 kb,tRNA-,2.0,0.47712125471966244
NZ_CP133886.1,16942,<100 kb,tRNA-,3.0,0.6020599913279624
NZ_CP134000.1,155901,≥100 kb,tRNA-,7.0,0.9030899869919435
NZ_CP134001.1,148625,≥100 kb,tRNA-,1.0,0.3010299956639812
NZ_CP134003.1,42340,<100 kb,tRNA-,6.0,0.8450980400142568
NZ_CP134037.1,155878,≥100 kb,tRNA-,7.0,0.9030899869919435
NZ_CP134038.1,150908,≥100 kb,tRNA-,1.0,0.3010299956639812
NZ_CP134042.1,164804,≥100 kb,tRNA-,14.0,1.1760912590556813
NZ_CP134043.1,152188,≥100 kb,tRNA-,5.0,0.7781512503836436
NZ_CP098424.1,112610,≥100 kb,tRNA-,11.0,1.0791812460476249
NZ_CP098430.1,54064,<100 kb,tRNA-,12.0,1.1139433523068367
NZ_CP098431.1,39711,<100 kb,tRNA-,1.0,0.3010299956639812
NZ_CP137355.1,167269,≥100 kb,tRNA-,3.0,0.6020599913279624
NZ_CP137353.1,129715,≥100 kb,tRNA-,2.0,0.47712125471966244
NZ_CP137356.1,72224,<100 kb,tRNA-,6.0,0.8450980400142568
NZ_CP137352.1,349289,≥100 kb,tRNA-,16.0,1.2304489213782739
NZ_CP137360.1,344177,≥100 kb,tRNA-,16.0,1.2304489213782739
NZ_CP137427.1,39711,<100 kb,tRNA-,1.0,0.3010299956639812
NZ_CP137425.1,54064,<100 kb,tRNA-,12.0,1.1139433523068367
NZ_CP137424.1,328537,≥100 kb,tRNA-,8.0,0.9542425094393249
NZ_CP137362.1,39712,<100 kb,tRNA-,1.0,0.3010299956639812
NZ_CP137365.1,54063,<100 kb,tRNA-,12.0,1.1139433523068367
NZ_CP137363.1,328539,≥100 kb,tRNA-,8.0,0.9542425094393249
NZ_CP137435.1,325816,≥100 kb,tRNA-,13.0,1.146128035678238
NZ_CP137374.1,39710,<100 kb,tRNA-,1.0,0.3010299956639812
NZ_CP137370.1,161532,≥100 kb,tRNA-,11.0,1.0791812460476249
NZ_CP137372.1,352773,≥100 kb,tRNA-,17.0,1.255272505103306
NZ_CP137376.1,154737,≥100 kb,tRNA-,3.0,0.6020599913279624
NZ_CP137377.1,68942,<100 kb,tRNA-,5.0,0.7781512503836436
NZ_CP137375.1,459868,≥100 kb,tRNA-,15.0,1.2041199826559248
NZ_CP137385.1,39711,<100 kb,tRNA-,1.0,0.3010299956639812
NZ_CP137381.1,54064,<100 kb,tRNA-,12.0,1.1139433523068367
NZ_CP137383.1,64455,<100 kb,tRNA-,2.0,0.47712125471966244
NZ_CP137382.1,332962,≥100 kb,tRNA-,8.0,0.9542425094393249
NZ_CP137386.1,325820,≥100 kb,tRNA-,12.0,1.1139433523068367
NZ_CP137392.1,343106,≥100 kb,tRNA-,17.0,1.255272505103306
NZ_CP137401.1,46984,<100 kb,tRNA-,3.0,0.6020599913279624
NZ_CP137400.1,352310,≥100 kb,tRNA-,14.0,1.1760912590556813
NZ_CP137404.1,91282,<100 kb,tRNA-,8.0,0.9542425094393249
NZ_CP137407.1,133282,≥100 kb,tRNA-,16.0,1.2304489213782739
NZ_CP137409.1,12206,<100 kb,tRNA-,2.0,0.47712125471966244
NZ_CP137418.1,334323,≥100 kb,tRNA-,10.0,1.0413926851582251
NZ_CP137415.1,39449,<100 kb,tRNA-,1.0,0.3010299956639812
NZ_CP137419.1,12282,<100 kb,tRNA-,4.0,0.6989700043360189
NZ_CP137414.1,53404,<100 kb,tRNA-,11.0,1.0791812460476249
NZ_CP137422.1,91287,<100 kb,tRNA-,9.0,1.0
NZ_CP137420.1,143654,≥100 kb,tRNA-,7.0,0.9030899869919435
NZ_CP137341.1,206718,≥100 kb,tRNA-,7.0,0.9030899869919435
NZ_CP137342.1,144470,≥100 kb,tRNA-,9.0,1.0
NZ_CP137347.1,164088,≥100 kb,tRNA-,6.0,0.8450980400142568
NZ_CP137349.1,87871,<100 kb,tRNA-,6.0,0.8450980400142568
NZ_CP132216.1,246588,≥100 kb,tRNA-,11.0,1.0791812460476249
NZ_CP132217.1,146089,≥100 kb,tRNA-,18.0,1.2787536009528289
NZ_CP132218.1,207447,≥100 kb,tRNA-,6.0,0.8450980400142568
NZ_CP132221.1,137567,≥100 kb,tRNA-,13.0,1.146128035678238
NZ_CP132222.1,309063,≥100 kb,tRNA-,23.0,1.380211241711606
NZ_CP138347.1,125072,≥100 kb,tRNA-,12.0,1.1139433523068367
NZ_CP138434.1,124323,≥100 kb,tRNA-,7.0,0.9030899869919435
NZ_CP138438.1,97656,<100 kb,tRNA-,2.0,0.47712125471966244
NZ_CP138482.1,112179,≥100 kb,tRNA-,8.0,0.9542425094393249
NZ_CP138481.1,309018,≥100 kb,tRNA-,14.0,1.1760912590556813
NZ_CP138484.1,33994,<100 kb,tRNA-,2.0,0.47712125471966244
NZ_CP138529.1,154719,≥100 kb,tRNA-,9.0,1.0
NZ_CP138530.1,173510,≥100 kb,tRNA-,8.0,0.9542425094393249
NZ_CP138521.1,125150,≥100 kb,tRNA-,11.0,1.0791812460476249
NZ_CP138522.1,84876,<100 kb,tRNA-,5.0,0.7781512503836436
NZ_CP138523.1,59765,<100 kb,tRNA-,5.0,0.7781512503836436
NZ_CP138535.1,133059,≥100 kb,tRNA-,9.0,1.0
NZ_CP138536.1,59933,<100 kb,tRNA-,5.0,0.7781512503836436
NZ_CP138537.1,258248,≥100 kb,tRNA-,7.0,0.9030899869919435
NZ_CP138542.1,76517,<100 kb,tRNA-,8.0,0.9542425094393249
NZ_CP138543.1,113081,≥100 kb,tRNA-,23.0,1.380211241711606
NZ_CP138549.1,76517,<100 kb,tRNA-,8.0,0.9542425094393249
NZ_CP138550.1,110221,≥100 kb,tRNA-,23.0,1.380211241711606
NZ_CP138556.1,76517,<100 kb,tRNA-,8.0,0.9542425094393249
NZ_CP138557.1,110222,≥100 kb,tRNA-,23.0,1.380211241711606
NZ_CP138563.1,76517,<100 kb,tRNA-,8.0,0.9542425094393249
NZ_CP138564.1,119995,≥100 kb,tRNA-,23.0,1.380211241711606
NZ_CP138682.1,182137,≥100 kb,tRNA-,10.0,1.0413926851582251
NZ_CP138684.1,115736,≥100 kb,tRNA-,9.0,1.0
NZ_CP138689.1,141680,≥100 kb,tRNA-,4.0,0.6989700043360189
NZ_CP138693.1,181581,≥100 kb,tRNA-,10.0,1.0413926851582251
NZ_CP138694.1,116885,≥100 kb,tRNA-,7.0,0.9030899869919435
NZ_CP138698.1,274977,≥100 kb,tRNA-,19.0,1.3010299956639813
NZ_CP138699.1,173814,≥100 kb,tRNA-,10.0,1.0413926851582251
NZ_CP138702.1,152869,≥100 kb,tRNA-,5.0,0.7781512503836436
NZ_CP138703.1,149489,≥100 kb,tRNA-,2.0,0.47712125471966244
NZ_CP138704.1,146146,≥100 kb,tRNA-,4.0,0.6989700043360189
NZ_CP138707.1,229896,≥100 kb,tRNA-,15.0,1.2041199826559248
NZ_CP138708.1,124240,≥100 kb,tRNA-,16.0,1.2304489213782739
NZ_CP138808.1,182009,≥100 kb,tRNA-,10.0,1.0413926851582251
NZ_CP138809.1,115728,≥100 kb,tRNA-,9.0,1.0
NZ_CP138715.1,239860,≥100 kb,tRNA-,17.0,1.255272505103306
NZ_CP138716.1,68260,<100 kb,tRNA-,9.0,1.0
NZ_CP138723.1,226504,≥100 kb,tRNA-,14.0,1.1760912590556813
NZ_CP138724.1,62643,<100 kb,tRNA-,11.0,1.0791812460476249
NZ_CP138727.1,277344,≥100 kb,tRNA-,18.0,1.2787536009528289
NZ_CP138729.1,122555,≥100 kb,tRNA-,20.0,1.3222192947339193
NZ_CP138730.1,63639,<100 kb,tRNA-,4.0,0.6989700043360189
NZ_CP138738.1,277343,≥100 kb,tRNA-,18.0,1.2787536009528289
NZ_CP138740.1,122555,≥100 kb,tRNA-,20.0,1.3222192947339193
NZ_CP138741.1,64170,<100 kb,tRNA-,4.0,0.6989700043360189
NZ_CP138764.1,307717,≥100 kb,tRNA-,16.0,1.2304489213782739
NZ_CP138765.1,267699,≥100 kb,tRNA-,18.0,1.2787536009528289
NZ_CP138816.1,255905,≥100 kb,tRNA-,26.0,1.4313637641589874
NZ_CP138817.1,51573,<100 kb,tRNA-,1.0,0.3010299956639812
NZ_CP138818.1,38026,<100 kb,tRNA-,4.0,0.6989700043360189
NZ_CP138820.1,931,<100 kb,tRNA-,1.0,0.3010299956639812
NZ_CP138774.1,193029,≥100 kb,tRNA-,14.0,1.1760912590556813
NZ_CP138775.1,73530,<100 kb,tRNA-,13.0,1.146128035678238
NZ_CP138824.1,226033,≥100 kb,tRNA-,6.0,0.8450980400142568
NZ_CP138825.1,48831,<100 kb,tRNA-,1.0,0.3010299956639812
NZ_CP138826.1,36883,<100 kb,tRNA-,15.0,1.2041199826559248
NZ_CP138827.1,29632,<100 kb,tRNA-,4.0,0.6989700043360189
NZ_CP138830.1,2440,<100 kb,tRNA-,2.0,0.47712125471966244
NZ_CP138780.1,307717,≥100 kb,tRNA-,16.0,1.2304489213782739
NZ_CP138781.1,268899,≥100 kb,tRNA-,18.0,1.2787536009528289
NZ_CP138784.1,274404,≥100 kb,tRNA-,4.0,0.6989700043360189
NZ_CP138785.1,190679,≥100 kb,tRNA-,17.0,1.255272505103306
NZ_CP138786.1,138897,≥100 kb,tRNA-,24.0,1.3979400086720377
NZ_CP138795.1,274404,≥100 kb,tRNA-,4.0,0.6989700043360189
NZ_CP138796.1,190421,≥100 kb,tRNA-,17.0,1.255272505103306
NZ_CP138797.1,138897,≥100 kb,tRNA-,24.0,1.3979400086720377
NZ_CP138803.1,307717,≥100 kb,tRNA-,16.0,1.2304489213782739
NZ_CP138804.1,267699,≥100 kb,tRNA-,18.0,1.2787536009528289
NZ_CP138747.1,269396,≥100 kb,tRNA-,17.0,1.255272505103306
NZ_CP138748.1,68261,<100 kb,tRNA-,7.0,0.9030899869919435
NZ_CP138752.1,4995,<100 kb,tRNA-,3.0,0.6020599913279624
NZ_CP140511.1,343675,≥100 kb,tRNA-,11.0,1.0791812460476249
NZ_CP140513.1,39711,<100 kb,tRNA-,1.0,0.3010299956639812
NZ_CP139489.1,166057,≥100 kb,tRNA-,4.0,0.6989700043360189
NZ_CP139490.1,98536,<100 kb,tRNA-,6.0,0.8450980400142568
NZ_CP139496.1,62996,<100 kb,tRNA-,10.0,1.0413926851582251
NZ_CP139495.1,190378,≥100 kb,tRNA-,5.0,0.7781512503836436
NZ_CP139499.1,191880,≥100 kb,tRNA-,3.0,0.6020599913279624
NZ_CP139498.1,228940,≥100 kb,tRNA-,24.0,1.3979400086720377
NZ_CP139683.1,74500,<100 kb,tRNA-,6.0,0.8450980400142568
NZ_CP139684.1,42848,<100 kb,tRNA-,4.0,0.6989700043360189
NZ_CP139688.1,86070,<100 kb,tRNA-,7.0,0.9030899869919435
NZ_CP139689.1,42848,<100 kb,tRNA-,4.0,0.6989700043360189
NZ_CP139933.1,82691,<100 kb,tRNA-,17.0,1.255272505103306
NZ_CP139934.1,54035,<100 kb,tRNA-,5.0,0.7781512503836436
NZ_CP140258.1,190653,≥100 kb,tRNA-,8.0,0.9542425094393249
NZ_CP139936.1,167501,≥100 kb,tRNA-,4.0,0.6989700043360189
NZ_CP140296.1,12282,<100 kb,tRNA-,2.0,0.47712125471966244
NZ_CP140295.1,310375,≥100 kb,tRNA-,14.0,1.1760912590556813
NZ_CP140290.1,246468,≥100 kb,tRNA-,13.0,1.146128035678238
NZ_CP140762.1,131420,≥100 kb,tRNA-,4.0,0.6989700043360189
NZ_CP140764.1,83068,<100 kb,tRNA-,12.0,1.1139433523068367
NZ_CP140765.1,72637,<100 kb,tRNA-,6.0,0.8450980400142568
NZ_CP140763.1,101185,≥100 kb,tRNA-,1.0,0.3010299956639812
NZ_CP140761.1,271379,≥100 kb,tRNA-,17.0,1.255272505103306
NZ_CP140769.1,83074,<100 kb,tRNA-,15.0,1.2041199826559248
NZ_CP140770.1,72637,<100 kb,tRNA-,6.0,0.8450980400142568
NZ_CP140768.1,101185,≥100 kb,tRNA-,1.0,0.3010299956639812
NZ_CP140767.1,271379,≥100 kb,tRNA-,17.0,1.255272505103306
NZ_CP141068.1,93804,<100 kb,tRNA-,6.0,0.8450980400142568
NZ_CP141070.1,120635,≥100 kb,tRNA-,11.0,1.0791812460476249
NZ_CP144127.1,198824,≥100 kb,tRNA-,17.0,1.255272505103306
NZ_CP144129.1,83682,<100 kb,tRNA-,1.0,0.3010299956639812
NZ_CP144130.1,66524,<100 kb,tRNA-,13.0,1.146128035678238
NZ_CP144132.1,201285,≥100 kb,tRNA-,7.0,0.9030899869919435
NZ_CP144134.1,82352,<100 kb,tRNA-,8.0,0.9542425094393249
NZ_CP144135.1,51475,<100 kb,tRNA-,2.0,0.47712125471966244
NZ_CP128565.1,167277,≥100 kb,tRNA-,17.0,1.255272505103306
NZ_CP150005.1,374781,≥100 kb,tRNA-,22.0,1.3617278360175928
NZ_CP149999.1,161056,≥100 kb,tRNA-,17.0,1.255272505103306
NZ_CP150002.1,112409,≥100 kb,tRNA-,13.0,1.146128035678238
NZ_CP141580.1,246732,≥100 kb,tRNA-,13.0,1.146128035678238
NZ_CP141579.1,52318,<100 kb,tRNA-,3.0,0.6020599913279624
NZ_CP141602.1,149114,≥100 kb,tRNA-,18.0,1.2787536009528289
NZ_CP141603.1,84876,<100 kb,tRNA-,6.0,0.8450980400142568
NZ_CP141626.1,217359,≥100 kb,tRNA-,11.0,1.0791812460476249
NZ_CP141627.1,119030,≥100 kb,tRNA-,8.0,0.9542425094393249
NZ_CP141628.1,49884,<100 kb,tRNA-,1.0,0.3010299956639812
NZ_CP141629.1,45465,<100 kb,tRNA-,4.0,0.6989700043360189
NZ_CP141540.1,213832,≥100 kb,tRNA-,14.0,1.1760912590556813
NZ_CP141541.1,63723,<100 kb,tRNA-,2.0,0.47712125471966244
NZ_CP141542.1,202151,≥100 kb,tRNA-,15.0,1.2041199826559248
NZ_CP141544.1,51479,<100 kb,tRNA-,2.0,0.47712125471966244
NZ_CP141546.1,348041,≥100 kb,tRNA-,17.0,1.255272505103306
NZ_CP141551.1,106717,≥100 kb,tRNA-,6.0,0.8450980400142568
NZ_CP141549.1,51479,<100 kb,tRNA-,3.0,0.6020599913279624
NZ_CP141555.1,246730,≥100 kb,tRNA-,13.0,1.146128035678238
NZ_CP141558.1,221046,≥100 kb,tRNA-,12.0,1.1139433523068367
NZ_CP141561.1,143019,≥100 kb,tRNA-,7.0,0.9030899869919435
NZ_CP141563.1,78884,<100 kb,tRNA-,7.0,0.9030899869919435
NZ_CP141566.1,246729,≥100 kb,tRNA-,12.0,1.1139433523068367
NZ_CP141564.1,61500,<100 kb,tRNA-,2.0,0.47712125471966244
NZ_CP141568.1,57006,<100 kb,tRNA-,7.0,0.9030899869919435
NZ_CP141573.1,12283,<100 kb,tRNA-,4.0,0.6989700043360189
NZ_CP141662.1,300313,≥100 kb,tRNA-,22.0,1.3617278360175928
NZ_CP141664.1,113656,≥100 kb,tRNA-,4.0,0.6989700043360189
NZ_CP141668.1,131177,≥100 kb,tRNA-,8.0,0.9542425094393249
NZ_CP141669.1,84876,<100 kb,tRNA-,6.0,0.8450980400142568
NZ_CP141678.1,228888,≥100 kb,tRNA-,16.0,1.2304489213782739
NZ_CP141679.1,37117,<100 kb,tRNA-,1.0,0.3010299956639812
NZ_CP141680.1,36918,<100 kb,tRNA-,1.0,0.3010299956639812
NZ_CP141782.1,97707,<100 kb,tRNA-,5.0,0.7781512503836436
NZ_CP141783.1,84876,<100 kb,tRNA-,6.0,0.8450980400142568
NZ_CP141802.1,158371,≥100 kb,tRNA-,6.0,0.8450980400142568
NZ_CP141854.1,344527,≥100 kb,tRNA-,18.0,1.2787536009528289
NZ_CP141857.1,71861,<100 kb,tRNA-,1.0,0.3010299956639812
NZ_CP141849.1,62849,<100 kb,tRNA-,12.0,1.1139433523068367
NZ_CP141851.1,3223,<100 kb,tRNA-,1.0,0.3010299956639812
NZ_CP141907.1,68941,<100 kb,tRNA-,5.0,0.7781512503836436
NZ_CP141906.1,283567,≥100 kb,tRNA-,23.0,1.380211241711606
NZ_CP141988.1,183052,≥100 kb,tRNA-,3.0,0.6020599913279624
NZ_CP141989.1,100141,≥100 kb,tRNA-,22.0,1.3617278360175928
NZ_CP141990.1,98508,<100 kb,tRNA-,18.0,1.2787536009528289
NZ_CP142023.1,78707,<100 kb,tRNA-,8.0,0.9542425094393249
NZ_CP142404.1,262128,≥100 kb,tRNA-,22.0,1.3617278360175928
NZ_CP142408.1,51479,<100 kb,tRNA-,2.0,0.47712125471966244
NZ_CP184711.1,65345,<100 kb,tRNA-,2.0,0.47712125471966244
NZ_CP142986.1,15032,<100 kb,tRNA-,3.0,0.6020599913279624
NZ_CP142987.1,100033,≥100 kb,tRNA-,1.0,0.3010299956639812
NZ_CP142989.1,176329,≥100 kb,tRNA-,16.0,1.2304489213782739
NZ_CP141218.1,135725,≥100 kb,tRNA-,13.0,1.146128035678238
NZ_CP141219.1,105948,≥100 kb,tRNA-,4.0,0.6989700043360189
NZ_CP142388.1,272090,≥100 kb,tRNA-,13.0,1.146128035678238
NZ_CP142389.1,168024,≥100 kb,tRNA-,11.0,1.0791812460476249
NZ_CP142990.1,237759,≥100 kb,tRNA-,11.0,1.0791812460476249
NZ_CP142992.1,43051,<100 kb,tRNA-,3.0,0.6020599913279624
NZ_CP142997.1,102074,≥100 kb,tRNA-,1.0,0.3010299956639812
NZ_CP143000.1,104872,≥100 kb,tRNA-,1.0,0.3010299956639812
NZ_CP143002.1,112415,≥100 kb,tRNA-,1.0,0.3010299956639812
NZ_CP143003.1,163044,≥100 kb,tRNA-,4.0,0.6989700043360189
NZ_CP143006.1,190019,≥100 kb,tRNA-,5.0,0.7781512503836436
NZ_CP142900.1,116874,≥100 kb,tRNA-,7.0,0.9030899869919435
NZ_CP142902.1,13841,<100 kb,tRNA-,1.0,0.3010299956639812
NZ_CP142911.1,317768,≥100 kb,tRNA-,15.0,1.2041199826559248
NZ_CP142912.1,43379,<100 kb,tRNA-,2.0,0.47712125471966244
NZ_CP142966.1,134096,≥100 kb,tRNA-,10.0,1.0413926851582251
NZ_CP142967.1,192083,≥100 kb,tRNA-,10.0,1.0413926851582251
NZ_CP142977.1,29507,<100 kb,tRNA-,9.0,1.0
NZ_CP143281.1,63589,<100 kb,tRNA-,2.0,0.47712125471966244
NZ_CP143282.1,248177,≥100 kb,tRNA-,13.0,1.146128035678238
NZ_CP143301.1,124624,≥100 kb,tRNA-,18.0,1.2787536009528289
NZ_CP143302.1,83020,<100 kb,tRNA-,5.0,0.7781512503836436
NZ_CP143502.1,69740,<100 kb,tRNA-,6.0,0.8450980400142568
NZ_CP143503.1,179533,≥100 kb,tRNA-,12.0,1.1139433523068367
NZ_CP143508.1,301425,≥100 kb,tRNA-,7.0,0.9030899869919435
NZ_CP143510.1,59154,<100 kb,tRNA-,2.0,0.47712125471966244
NZ_CP143910.1,261432,≥100 kb,tRNA-,4.0,0.6989700043360189
NZ_CP143911.1,142684,≥100 kb,tRNA-,14.0,1.1760912590556813
NZ_CP143912.1,85186,<100 kb,tRNA-,15.0,1.2041199826559248
NZ_CP143920.1,261432,≥100 kb,tRNA-,4.0,0.6989700043360189
NZ_CP143921.1,142685,≥100 kb,tRNA-,14.0,1.1760912590556813
NZ_CP143923.1,85186,<100 kb,tRNA-,15.0,1.2041199826559248
NZ_CP144140.1,84502,<100 kb,tRNA-,1.0,0.3010299956639812
NZ_CP144139.1,92096,<100 kb,tRNA-,17.0,1.255272505103306
NZ_CP127506.1,205806,≥100 kb,tRNA-,20.0,1.3222192947339193
NZ_CP127502.1,345497,≥100 kb,tRNA-,20.0,1.3222192947339193
NZ_CP127504.1,3431,<100 kb,tRNA-,3.0,0.6020599913279624
NZ_CP127509.1,97919,<100 kb,tRNA-,17.0,1.255272505103306
NZ_CP127510.1,6141,<100 kb,tRNA-,2.0,0.47712125471966244
NZ_CP127512.1,94578,<100 kb,tRNA-,18.0,1.2787536009528289
NZ_CP127513.1,6141,<100 kb,tRNA-,2.0,0.47712125471966244
NZ_CP127515.1,155277,≥100 kb,tRNA-,30.0,1.4913616938342726
NZ_CP127517.1,6141,<100 kb,tRNA-,2.0,0.47712125471966244
NZ_CP127521.1,57229,<100 kb,tRNA-,9.0,1.0
NZ_CP127522.1,53007,<100 kb,tRNA-,6.0,0.8450980400142568
NZ_CP144317.1,174409,≥100 kb,tRNA-,19.0,1.3010299956639813
NZ_CP144318.1,102107,≥100 kb,tRNA-,1.0,0.3010299956639812
NZ_CP144305.1,132750,≥100 kb,tRNA-,8.0,0.9542425094393249
NZ_CP144507.1,122031,≥100 kb,tRNA-,1.0,0.3010299956639812
NZ_CP144508.1,134985,≥100 kb,tRNA-,9.0,1.0
NZ_CP144509.1,112461,≥100 kb,tRNA-,11.0,1.0791812460476249
NZ_CP144703.1,63589,<100 kb,tRNA-,2.0,0.47712125471966244
NZ_CP144704.1,132423,≥100 kb,tRNA-,11.0,1.0791812460476249
NZ_CP144511.1,78971,<100 kb,tRNA-,1.0,0.3010299956639812
NZ_CP144512.1,134989,≥100 kb,tRNA-,9.0,1.0
NZ_CP144513.1,112459,≥100 kb,tRNA-,11.0,1.0791812460476249
NZ_CP144719.1,63589,<100 kb,tRNA-,2.0,0.47712125471966244
NZ_CP144723.1,63589,<100 kb,tRNA-,2.0,0.47712125471966244
NZ_CP150129.1,340515,≥100 kb,tRNA-,11.0,1.0791812460476249
NZ_CP145152.1,31044,<100 kb,tRNA-,1.0,0.3010299956639812
NZ_CP145172.1,128820,≥100 kb,tRNA-,7.0,0.9030899869919435
NZ_CP145175.1,53235,<100 kb,tRNA-,7.0,0.9030899869919435
NZ_CP145177.1,12072,<100 kb,tRNA-,4.0,0.6989700043360189
NZ_CP125287.1,167464,≥100 kb,tRNA-,17.0,1.255272505103306
NZ_CP145720.1,198461,≥100 kb,tRNA-,18.0,1.2787536009528289
NZ_CP146025.1,51089,<100 kb,tRNA-,5.0,0.7781512503836436
NZ_CP146026.1,104736,≥100 kb,tRNA-,16.0,1.2304489213782739
NZ_CP146027.1,83399,<100 kb,tRNA-,1.0,0.3010299956639812
NZ_CP149827.1,222348,≥100 kb,tRNA-,14.0,1.1760912590556813
NZ_CP149828.1,90333,<100 kb,tRNA-,13.0,1.146128035678238
NZ_CP149829.1,36439,<100 kb,tRNA-,1.0,0.3010299956639812
NZ_CP146088.1,197477,≥100 kb,tRNA-,24.0,1.3979400086720377
NZ_CP146089.1,134998,≥100 kb,tRNA-,10.0,1.0413926851582251
NZ_CP146090.1,112466,≥100 kb,tRNA-,11.0,1.0791812460476249
NZ_CP146146.1,126359,≥100 kb,tRNA-,9.0,1.0
NZ_CP146147.1,71305,<100 kb,tRNA-,11.0,1.0791812460476249
NZ_CP146149.1,6141,<100 kb,tRNA-,2.0,0.47712125471966244
NZ_CP146151.1,127806,≥100 kb,tRNA-,9.0,1.0
NZ_CP146152.1,71307,<100 kb,tRNA-,11.0,1.0791812460476249
NZ_CP146154.1,6141,<100 kb,tRNA-,2.0,0.47712125471966244
NZ_CP146156.1,127806,≥100 kb,tRNA-,9.0,1.0
NZ_CP146157.1,71307,<100 kb,tRNA-,11.0,1.0791812460476249
NZ_CP146159.1,6141,<100 kb,tRNA-,2.0,0.47712125471966244
NZ_CP146161.1,127803,≥100 kb,tRNA-,9.0,1.0
NZ_CP146162.1,71307,<100 kb,tRNA-,11.0,1.0791812460476249
NZ_CP146164.1,6101,<100 kb,tRNA-,2.0,0.47712125471966244
NZ_CP146166.1,127803,≥100 kb,tRNA-,9.0,1.0
NZ_CP146167.1,71307,<100 kb,tRNA-,11.0,1.0791812460476249
NZ_CP146169.1,6141,<100 kb,tRNA-,2.0,0.47712125471966244
NZ_CP146171.1,126406,≥100 kb,tRNA-,9.0,1.0
NZ_CP146172.1,71307,<100 kb,tRNA-,11.0,1.0791812460476249
NZ_CP146174.1,6141,<100 kb,tRNA-,2.0,0.47712125471966244
NZ_CP146176.1,127803,≥100 kb,tRNA-,9.0,1.0
NZ_CP146177.1,71688,<100 kb,tRNA-,11.0,1.0791812460476249
NZ_CP146179.1,6141,<100 kb,tRNA-,2.0,0.47712125471966244
NZ_CP146181.1,127803,≥100 kb,tRNA-,9.0,1.0
NZ_CP146182.1,71307,<100 kb,tRNA-,11.0,1.0791812460476249
NZ_CP146184.1,6141,<100 kb,tRNA-,2.0,0.47712125471966244
NZ_CP146186.1,126359,≥100 kb,tRNA-,9.0,1.0
NZ_CP146187.1,71307,<100 kb,tRNA-,11.0,1.0791812460476249
NZ_CP146189.1,6141,<100 kb,tRNA-,2.0,0.47712125471966244
NZ_CP146192.1,133766,≥100 kb,tRNA-,8.0,0.9542425094393249
NZ_CP146194.1,84876,<100 kb,tRNA-,6.0,0.8450980400142568
NZ_CP146196.1,6141,<100 kb,tRNA-,2.0,0.47712125471966244
NZ_CP146601.1,141491,≥100 kb,tRNA-,11.0,1.0791812460476249
NZ_CP146604.1,85184,<100 kb,tRNA-,7.0,0.9030899869919435
NZ_CP146851.1,138872,≥100 kb,tRNA-,10.0,1.0413926851582251
NZ_CP146853.1,138889,≥100 kb,tRNA-,10.0,1.0413926851582251
NZ_CP146994.1,227409,≥100 kb,tRNA-,7.0,0.9030899869919435
NZ_CP146995.1,110028,≥100 kb,tRNA-,1.0,0.3010299956639812
NZ_CP146996.1,71848,<100 kb,tRNA-,5.0,0.7781512503836436
NZ_CP146997.1,71087,<100 kb,tRNA-,11.0,1.0791812460476249
NZ_CP146998.1,66252,<100 kb,tRNA-,1.0,0.3010299956639812
NZ_CP147180.1,153960,≥100 kb,tRNA-,4.0,0.6989700043360189
NZ_CP147152.1,149116,≥100 kb,tRNA-,5.0,0.7781512503836436
NZ_CP147156.1,158706,≥100 kb,tRNA-,10.0,1.0413926851582251
NZ_CP147160.1,106445,≥100 kb,tRNA-,3.0,0.6020599913279624
NZ_CP147166.1,153960,≥100 kb,tRNA-,4.0,0.6989700043360189
NZ_CP147170.1,155628,≥100 kb,tRNA-,4.0,0.6989700043360189
NZ_CP147171.1,107076,≥100 kb,tRNA-,10.0,1.0413926851582251
NZ_CP147175.1,143791,≥100 kb,tRNA-,22.0,1.3617278360175928
NZ_CP147515.1,290963,≥100 kb,tRNA-,3.0,0.6020599913279624
NZ_CP147743.1,84874,<100 kb,tRNA-,5.0,0.7781512503836436
NZ_CP147744.1,133695,≥100 kb,tRNA-,11.0,1.0791812460476249
NZ_CP147750.1,133699,≥100 kb,tRNA-,11.0,1.0791812460476249
NZ_CP147752.1,84876,<100 kb,tRNA-,6.0,0.8450980400142568
NZ_CP147747.1,133696,≥100 kb,tRNA-,11.0,1.0791812460476249
NZ_CP147591.1,213546,≥100 kb,tRNA-,3.0,0.6020599913279624
NZ_CP147592.1,310528,≥100 kb,tRNA-,6.0,0.8450980400142568
NZ_CP147600.1,312660,≥100 kb,tRNA-,6.0,0.8450980400142568
NZ_CP147628.1,257290,≥100 kb,tRNA-,12.0,1.1139433523068367
NZ_CP147630.1,53322,<100 kb,tRNA-,6.0,0.8450980400142568
NZ_CP125112.1,476248,≥100 kb,tRNA-,16.0,1.2304489213782739
NZ_CP125116.1,66456,<100 kb,tRNA-,10.0,1.0413926851582251
NZ_CP125117.1,62812,<100 kb,tRNA-,2.0,0.47712125471966244
NZ_CP125100.1,305805,≥100 kb,tRNA-,7.0,0.9030899869919435
NZ_CP125103.1,54064,<100 kb,tRNA-,12.0,1.1139433523068367
NZ_CP125104.1,37940,<100 kb,tRNA-,1.0,0.3010299956639812
NZ_CP125127.1,282624,≥100 kb,tRNA-,5.0,0.7781512503836436
NZ_CP125128.1,60907,<100 kb,tRNA-,3.0,0.6020599913279624
NZ_CP125146.1,52315,<100 kb,tRNA-,7.0,0.9030899869919435
NZ_CP125147.1,8351,<100 kb,tRNA-,1.0,0.3010299956639812
NZ_CP125176.1,352288,≥100 kb,tRNA-,14.0,1.1760912590556813
NZ_CP125168.1,82418,<100 kb,tRNA-,6.0,0.8450980400142568
NZ_CP125170.1,62254,<100 kb,tRNA-,3.0,0.6020599913279624
NZ_CP125172.1,8181,<100 kb,tRNA-,1.0,0.3010299956639812
NZ_CP125196.1,54215,<100 kb,tRNA-,8.0,0.9542425094393249
NZ_CP125133.1,289003,≥100 kb,tRNA-,2.0,0.47712125471966244
NZ_CP125134.1,51354,<100 kb,tRNA-,8.0,0.9542425094393249
NZ_CP125139.1,301696,≥100 kb,tRNA-,7.0,0.9030899869919435
NZ_CP125140.1,54364,<100 kb,tRNA-,9.0,1.0
NZ_CP125122.1,333411,≥100 kb,tRNA-,18.0,1.2787536009528289
NZ_CP125160.1,285775,≥100 kb,tRNA-,5.0,0.7781512503836436
NZ_CP125161.1,63583,<100 kb,tRNA-,2.0,0.47712125471966244
NZ_CP125162.1,57942,<100 kb,tRNA-,6.0,0.8450980400142568
NZ_CP147976.1,100062,≥100 kb,tRNA-,1.0,0.3010299956639812
NZ_CP149580.1,112409,≥100 kb,tRNA-,13.0,1.146128035678238
NZ_CP149581.1,91733,<100 kb,tRNA-,8.0,0.9542425094393249
NZ_CP136462.1,121449,≥100 kb,tRNA-,10.0,1.0413926851582251
NZ_CP159239.1,127125,≥100 kb,tRNA-,6.0,0.8450980400142568
NZ_CP159240.1,25683,<100 kb,tRNA-,3.0,0.6020599913279624
NZ_CP159238.1,278177,≥100 kb,tRNA-,19.0,1.3010299956639813
NZ_CP159233.1,242714,≥100 kb,tRNA-,18.0,1.2787536009528289
NZ_CP159232.1,275949,≥100 kb,tRNA-,18.0,1.2787536009528289
NZ_CP151171.1,206059,≥100 kb,tRNA-,16.0,1.2304489213782739
NZ_CP157230.1,298037,≥100 kb,tRNA-,10.0,1.0413926851582251
NZ_CP157479.1,341579,≥100 kb,tRNA-,11.0,1.0791812460476249
NZ_CP156948.1,337386,≥100 kb,tRNA-,8.0,0.9542425094393249
NZ_CP156951.1,39674,<100 kb,tRNA-,1.0,0.3010299956639812
NZ_CP156952.1,153621,≥100 kb,tRNA-,11.0,1.0791812460476249
NZ_CP131675.1,334870,≥100 kb,tRNA-,20.0,1.3222192947339193
NZ_CP131676.1,65499,<100 kb,tRNA-,2.0,0.47712125471966244
NZ_CP131681.1,176336,≥100 kb,tRNA-,16.0,1.2304489213782739
NZ_CP131682.1,148625,≥100 kb,tRNA-,1.0,0.3010299956639812
NZ_CP131683.1,66275,<100 kb,tRNA-,2.0,0.47712125471966244
NZ_CP131692.1,184236,≥100 kb,tRNA-,22.0,1.3617278360175928
NZ_CP131693.1,77226,<100 kb,tRNA-,7.0,0.9030899869919435
NZ_CP131907.1,219375,≥100 kb,tRNA-,8.0,0.9542425094393249
NZ_CP131908.1,176347,≥100 kb,tRNA-,19.0,1.3010299956639813
NZ_CP131910.1,102042,≥100 kb,tRNA-,1.0,0.3010299956639812
NZ_CP131702.1,176336,≥100 kb,tRNA-,16.0,1.2304489213782739
NZ_CP131703.1,148625,≥100 kb,tRNA-,1.0,0.3010299956639812
NZ_CP131704.1,65499,<100 kb,tRNA-,2.0,0.47712125471966244
NZ_CP151755.1,53097,<100 kb,tRNA-,4.0,0.6989700043360189
NZ_CP151761.1,53097,<100 kb,tRNA-,6.0,0.8450980400142568
NZ_CP138467.1,118898,≥100 kb,tRNA-,10.0,1.0413926851582251
NZ_CP138468.1,39953,<100 kb,tRNA-,4.0,0.6989700043360189
NZ_CP152065.1,134235,≥100 kb,tRNA-,16.0,1.2304489213782739
NZ_CP151758.1,53097,<100 kb,tRNA-,6.0,0.8450980400142568
NZ_CP157238.1,340516,≥100 kb,tRNA-,11.0,1.0791812460476249
NZ_CP157239.1,190331,≥100 kb,tRNA-,12.0,1.1139433523068367
NZ_CP157241.1,339878,≥100 kb,tRNA-,11.0,1.0791812460476249
NZ_CP157242.1,202328,≥100 kb,tRNA-,19.0,1.3010299956639813
NZ_CP152445.1,175327,≥100 kb,tRNA-,13.0,1.146128035678238
NZ_CP152446.1,87096,<100 kb,tRNA-,7.0,0.9030899869919435
NZ_CP152450.1,116361,≥100 kb,tRNA-,7.0,0.9030899869919435
NZ_CP152451.1,87095,<100 kb,tRNA-,7.0,0.9030899869919435
NZ_CP152441.1,116361,≥100 kb,tRNA-,7.0,0.9030899869919435
NZ_CP152442.1,87096,<100 kb,tRNA-,7.0,0.9030899869919435
NZ_CP152423.1,55234,<100 kb,tRNA-,5.0,0.7781512503836436
NZ_CP154425.1,139309,≥100 kb,tRNA-,12.0,1.1139433523068367
NZ_CP154426.1,122368,≥100 kb,tRNA-,16.0,1.2304489213782739
NZ_CP154429.1,198026,≥100 kb,tRNA-,10.0,1.0413926851582251
NZ_CP154430.1,94594,<100 kb,tRNA-,10.0,1.0413926851582251
NZ_CP154420.1,147613,≥100 kb,tRNA-,11.0,1.0791812460476249
NZ_CP154421.1,87736,<100 kb,tRNA-,6.0,0.8450980400142568
NZ_CP154492.1,138913,≥100 kb,tRNA-,12.0,1.1139433523068367
NZ_CP154493.1,76018,<100 kb,tRNA-,3.0,0.6020599913279624
NZ_CP154388.1,133696,≥100 kb,tRNA-,11.0,1.0791812460476249
NZ_CP154390.1,84876,<100 kb,tRNA-,5.0,0.7781512503836436
NZ_CP154303.1,121777,≥100 kb,tRNA-,16.0,1.2304489213782739
NZ_CP154305.1,87095,<100 kb,tRNA-,7.0,0.9030899869919435
NZ_CP154398.1,71646,<100 kb,tRNA-,4.0,0.6989700043360189
NZ_CP154400.1,69804,<100 kb,tRNA-,5.0,0.7781512503836436
NZ_CP154393.1,150086,≥100 kb,tRNA-,11.0,1.0791812460476249
NZ_CP154395.1,87095,<100 kb,tRNA-,6.0,0.8450980400142568
NZ_CP154295.1,88313,<100 kb,tRNA-,8.0,0.9542425094393249
NZ_CP154300.1,234553,≥100 kb,tRNA-,12.0,1.1139433523068367
NZ_CP154275.1,116361,≥100 kb,tRNA-,5.0,0.7781512503836436
NZ_CP154276.1,87096,<100 kb,tRNA-,7.0,0.9030899869919435
NZ_CP154607.1,51391,<100 kb,tRNA-,3.0,0.6020599913279624
NZ_CP154605.1,381238,≥100 kb,tRNA-,20.0,1.3222192947339193
NZ_CP154606.1,170010,≥100 kb,tRNA-,3.0,0.6020599913279624
NZ_CP154344.1,147552,≥100 kb,tRNA-,4.0,0.6989700043360189
NZ_CP154346.1,81922,<100 kb,tRNA-,7.0,0.9030899869919435
NZ_CP154347.1,46087,<100 kb,tRNA-,2.0,0.47712125471966244
NZ_CP154633.1,210515,≥100 kb,tRNA-,15.0,1.2041199826559248
NZ_CP154634.1,295484,≥100 kb,tRNA-,5.0,0.7781512503836436
NZ_CP126620.1,51693,<100 kb,tRNA-,3.0,0.6020599913279624
NZ_CP166161.1,209821,≥100 kb,tRNA-,22.0,1.3617278360175928
NZ_CP166440.1,334654,≥100 kb,tRNA-,11.0,1.0791812460476249
NZ_CP166441.1,160030,≥100 kb,tRNA-,6.0,0.8450980400142568
NZ_CP166445.1,234195,≥100 kb,tRNA+,21.0,1.3424226808222062
NZ_CP166446.1,72741,<100 kb,tRNA-,7.0,0.9030899869919435
NZ_CP166168.1,95131,<100 kb,tRNA-,18.0,1.2787536009528289
NZ_CP166169.1,6141,<100 kb,tRNA-,2.0,0.47712125471966244
NZ_CP155645.1,174899,≥100 kb,tRNA-,11.0,1.0791812460476249
NZ_CP155648.1,219479,≥100 kb,tRNA-,4.0,0.6989700043360189
NZ_CP155649.1,46017,<100 kb,tRNA-,4.0,0.6989700043360189
NZ_CP155656.1,331181,≥100 kb,tRNA-,27.0,1.4471580313422192
NZ_CP155655.1,235629,≥100 kb,tRNA-,12.0,1.1139433523068367
NZ_CP155660.1,180046,≥100 kb,tRNA-,6.0,0.8450980400142568
NZ_CP155674.1,205166,≥100 kb,tRNA-,7.0,0.9030899869919435
NZ_CP155673.1,165031,≥100 kb,tRNA-,16.0,1.2304489213782739
NZ_CP155671.1,63422,<100 kb,tRNA-,5.0,0.7781512503836436
NZ_CP155702.1,142236,≥100 kb,tRNA-,15.0,1.2041199826559248
NZ_CP155706.1,158035,≥100 kb,tRNA-,8.0,0.9542425094393249
NZ_CP155709.1,149931,≥100 kb,tRNA-,2.0,0.47712125471966244
NZ_CP155718.1,358992,≥100 kb,tRNA-,10.0,1.0413926851582251
NZ_CP155773.1,265248,≥100 kb,tRNA-,16.0,1.2304489213782739
NZ_CP166180.1,382935,≥100 kb,tRNA-,16.0,1.2304489213782739
NZ_CP166175.1,332724,≥100 kb,tRNA-,7.0,0.9030899869919435
NZ_CP166177.1,51603,<100 kb,tRNA-,3.0,0.6020599913279624
NZ_CP157324.1,94064,<100 kb,tRNA-,4.0,0.6989700043360189
NZ_CP157295.1,224688,≥100 kb,tRNA-,16.0,1.2304489213782739
NZ_CP157296.1,109535,≥100 kb,tRNA-,4.0,0.6989700043360189
NZ_CP157297.1,75407,<100 kb,tRNA-,5.0,0.7781512503836436
NZ_CP157363.1,122272,≥100 kb,tRNA-,8.0,0.9542425094393249
NZ_CP157366.1,87095,<100 kb,tRNA-,7.0,0.9030899869919435
NZ_CP157371.1,224688,≥100 kb,tRNA-,16.0,1.2304489213782739
NZ_CP157372.1,109532,≥100 kb,tRNA-,4.0,0.6989700043360189
NZ_CP157740.1,141275,≥100 kb,tRNA-,23.0,1.380211241711606
NZ_CP157741.1,61633,<100 kb,tRNA-,5.0,0.7781512503836436
NZ_CP158193.1,194976,≥100 kb,tRNA-,8.0,0.9542425094393249
NZ_CP158304.1,303063,≥100 kb,tRNA-,18.0,1.2787536009528289
NZ_CP158303.1,270484,≥100 kb,tRNA-,17.0,1.255272505103306
NZ_CP158288.1,114648,≥100 kb,tRNA-,10.0,1.0413926851582251
NZ_CP158289.1,82789,<100 kb,tRNA-,6.0,0.8450980400142568
NZ_CP158201.1,183006,≥100 kb,tRNA-,8.0,0.9542425094393249
NZ_CP158202.1,211253,≥100 kb,tRNA-,13.0,1.146128035678238
NZ_CP158197.1,183010,≥100 kb,tRNA-,8.0,0.9542425094393249
NZ_CP158198.1,210089,≥100 kb,tRNA-,13.0,1.146128035678238
NZ_CP140645.1,128219,≥100 kb,tRNA-,17.0,1.255272505103306
NZ_CP140646.1,84812,<100 kb,tRNA-,6.0,0.8450980400142568
NZ_CP149631.1,130994,≥100 kb,tRNA-,16.0,1.2304489213782739
NZ_CP149632.1,54737,<100 kb,tRNA-,1.0,0.3010299956639812
NZ_CP149633.1,50255,<100 kb,tRNA-,8.0,0.9542425094393249
NZ_CP149636.2,130975,≥100 kb,tRNA-,16.0,1.2304489213782739
NZ_CP149637.2,82610,<100 kb,tRNA-,1.0,0.3010299956639812
NZ_CP149638.2,51082,<100 kb,tRNA-,5.0,0.7781512503836436
NZ_CP149640.1,4746,<100 kb,tRNA-,4.0,0.6989700043360189
NZ_CP159183.1,135051,≥100 kb,tRNA-,10.0,1.0413926851582251
NZ_CP159184.1,87095,<100 kb,tRNA-,7.0,0.9030899869919435
NZ_CP159186.1,135518,≥100 kb,tRNA-,2.0,0.47712125471966244
NZ_CP159187.1,103163,≥100 kb,tRNA-,5.0,0.7781512503836436
NZ_CP159191.1,135050,≥100 kb,tRNA-,10.0,1.0413926851582251
NZ_CP159192.1,87094,<100 kb,tRNA-,7.0,0.9030899869919435
NZ_CP159127.1,59811,<100 kb,tRNA-,3.0,0.6020599913279624
NZ_CP159154.1,76253,<100 kb,tRNA-,16.0,1.2304489213782739
NZ_CP159344.1,249336,≥100 kb,tRNA-,8.0,0.9542425094393249
NZ_CP159346.1,176124,≥100 kb,tRNA-,8.0,0.9542425094393249
NZ_CP159347.1,110450,≥100 kb,tRNA-,12.0,1.1139433523068367
NZ_CP147869.1,263252,≥100 kb,tRNA-,20.0,1.3222192947339193
NZ_CP147871.1,55817,<100 kb,tRNA-,3.0,0.6020599913279624
NZ_CP107564.1,135074,≥100 kb,tRNA-,10.0,1.0413926851582251
NZ_CP107565.1,87097,<100 kb,tRNA-,7.0,0.9030899869919435
NZ_CP145496.1,42780,<100 kb,tRNA-,4.0,0.6989700043360189
NZ_CP149642.1,128284,≥100 kb,tRNA-,16.0,1.2304489213782739
NZ_CP149643.1,57454,<100 kb,tRNA-,1.0,0.3010299956639812
NZ_CP149644.1,51089,<100 kb,tRNA-,5.0,0.7781512503836436
NZ_CP149892.1,3223,<100 kb,tRNA-,1.0,0.3010299956639812
NZ_CP159927.1,202924,≥100 kb,tRNA-,8.0,0.9542425094393249
NZ_CP159928.1,173051,≥100 kb,tRNA-,16.0,1.2304489213782739
NZ_CP159931.1,46621,<100 kb,tRNA-,5.0,0.7781512503836436
NZ_CP159932.1,41323,<100 kb,tRNA-,5.0,0.7781512503836436
NZ_CP159935.1,203235,≥100 kb,tRNA-,8.0,0.9542425094393249
NZ_CP159936.1,173049,≥100 kb,tRNA-,16.0,1.2304489213782739
NZ_CP159937.1,46925,<100 kb,tRNA-,5.0,0.7781512503836436
NZ_CP160030.1,93242,<100 kb,tRNA-,7.0,0.9030899869919435
NZ_CP160031.1,61359,<100 kb,tRNA-,5.0,0.7781512503836436
NZ_CP138225.1,232092,≥100 kb,tRNA-,9.0,1.0
NZ_CP138226.1,183124,≥100 kb,tRNA-,6.0,0.8450980400142568
NZ_CP138227.1,123814,≥100 kb,tRNA-,14.0,1.1760912590556813
NZ_CP144869.1,65499,<100 kb,tRNA-,2.0,0.47712125471966244
NZ_CP144867.1,186035,≥100 kb,tRNA-,13.0,1.146128035678238
NZ_CP144868.1,66105,<100 kb,tRNA-,6.0,0.8450980400142568
NZ_CP144873.1,65499,<100 kb,tRNA-,2.0,0.47712125471966244
NZ_CP144871.1,186035,≥100 kb,tRNA-,11.0,1.0791812460476249
NZ_CP144872.1,67584,<100 kb,tRNA-,7.0,0.9030899869919435
NZ_CP144877.1,65499,<100 kb,tRNA-,2.0,0.47712125471966244
NZ_CP144875.1,239800,≥100 kb,tRNA-,2.0,0.47712125471966244
NZ_CP144876.1,183740,≥100 kb,tRNA-,10.0,1.0413926851582251
NZ_CP144881.1,65499,<100 kb,tRNA-,2.0,0.47712125471966244
NZ_CP144879.1,240052,≥100 kb,tRNA-,2.0,0.47712125471966244
NZ_CP144880.1,183740,≥100 kb,tRNA-,10.0,1.0413926851582251
NZ_CP160625.1,100133,≥100 kb,tRNA-,11.0,1.0791812460476249
NZ_CP160626.1,59947,<100 kb,tRNA-,5.0,0.7781512503836436
NZ_CP144884.1,65499,<100 kb,tRNA-,2.0,0.47712125471966244
NZ_CP144883.1,263943,≥100 kb,tRNA-,10.0,1.0413926851582251
NZ_CP162034.1,113639,≥100 kb,tRNA-,7.0,0.9030899869919435
NZ_CP162036.1,13841,<100 kb,tRNA-,1.0,0.3010299956639812
NZ_CP162033.1,149756,≥100 kb,tRNA-,8.0,0.9542425094393249
NZ_CP162032.1,198023,≥100 kb,tRNA-,3.0,0.6020599913279624
NZ_CP162382.1,199812,≥100 kb,tRNA-,6.0,0.8450980400142568
NZ_CP162383.1,63589,<100 kb,tRNA-,2.0,0.47712125471966244
NZ_CP162384.1,38822,<100 kb,tRNA-,7.0,0.9030899869919435
NZ_CP161848.1,141594,≥100 kb,tRNA-,9.0,1.0
NZ_CP161852.1,53210,<100 kb,tRNA-,1.0,0.3010299956639812
NZ_CP161850.1,63592,<100 kb,tRNA-,2.0,0.47712125471966244
NZ_CP146896.1,59250,<100 kb,tRNA-,5.0,0.7781512503836436
NZ_CP146899.1,59248,<100 kb,tRNA-,6.0,0.8450980400142568
NZ_CP173044.1,21096,<100 kb,tRNA-,2.0,0.47712125471966244
NZ_JBFSET010000006.1,21096,<100 kb,tRNA-,2.0,0.47712125471966244
NZ_JBFSET010000002.1,254440,≥100 kb,tRNA-,8.0,0.9542425094393249
NZ_CP162971.1,127803,≥100 kb,tRNA-,9.0,1.0
NZ_CP162972.1,71307,<100 kb,tRNA-,11.0,1.0791812460476249
NZ_CP162974.1,12281,<100 kb,tRNA-,4.0,0.6989700043360189
NZ_CP162993.1,214613,≥100 kb,tRNA-,14.0,1.1760912590556813
NZ_CP163004.1,220351,≥100 kb,tRNA-,13.0,1.146128035678238
NZ_CP163005.1,84231,<100 kb,tRNA-,10.0,1.0413926851582251
NZ_CP163036.1,70459,<100 kb,tRNA-,9.0,1.0
NZ_CP163085.1,223943,≥100 kb,tRNA-,8.0,0.9542425094393249
NZ_CP163100.1,224286,≥100 kb,tRNA-,22.0,1.3617278360175928
NZ_CP163128.1,203792,≥100 kb,tRNA-,6.0,0.8450980400142568
NZ_CP163272.1,167469,≥100 kb,tRNA-,11.0,1.0791812460476249
NZ_CP163275.1,116228,≥100 kb,tRNA-,8.0,0.9542425094393249
NZ_CP163278.1,136068,≥100 kb,tRNA-,6.0,0.8450980400142568
NZ_CP163280.1,87095,<100 kb,tRNA-,7.0,0.9030899869919435
NZ_CP163285.1,119517,≥100 kb,tRNA-,11.0,1.0791812460476249
NZ_CP163286.1,87095,<100 kb,tRNA-,6.0,0.8450980400142568
NZ_CP163293.1,141173,≥100 kb,tRNA-,23.0,1.380211241711606
NZ_CP163294.1,134876,≥100 kb,tRNA-,11.0,1.0791812460476249
NZ_CP163296.1,159683,≥100 kb,tRNA-,10.0,1.0413926851582251
NZ_CP163300.1,159683,≥100 kb,tRNA-,10.0,1.0413926851582251
NZ_CP162936.1,138913,≥100 kb,tRNA-,12.0,1.1139433523068367
NZ_CP162937.1,87095,<100 kb,tRNA-,7.0,0.9030899869919435
NZ_CP162931.1,86841,<100 kb,tRNA-,6.0,0.8450980400142568
NZ_CP162932.1,79185,<100 kb,tRNA-,8.0,0.9542425094393249
NZ_CP162092.1,147811,≥100 kb,tRNA-,5.0,0.7781512503836436
NZ_CP162093.1,105601,≥100 kb,tRNA-,5.0,0.7781512503836436
NZ_CP162089.1,147811,≥100 kb,tRNA-,5.0,0.7781512503836436
NZ_CP162090.1,105601,≥100 kb,tRNA-,5.0,0.7781512503836436
NZ_CP165743.1,86958,<100 kb,tRNA-,6.0,0.8450980400142568
NZ_CP165745.1,100422,≥100 kb,tRNA-,5.0,0.7781512503836436
NZ_CP165746.1,140950,≥100 kb,tRNA-,9.0,1.0
NZ_CP165749.1,256595,≥100 kb,tRNA-,14.0,1.1760912590556813
NZ_CP165750.1,59849,<100 kb,tRNA-,5.0,0.7781512503836436
NZ_CP165754.1,122559,≥100 kb,tRNA-,2.0,0.47712125471966244
NZ_CP165757.1,15032,<100 kb,tRNA-,3.0,0.6020599913279624
NZ_CP165759.1,176330,≥100 kb,tRNA-,16.0,1.2304489213782739
NZ_CP165760.1,100065,≥100 kb,tRNA-,1.0,0.3010299956639812
NZ_CP165764.1,100025,≥100 kb,tRNA-,1.0,0.3010299956639812
NZ_CP165766.1,176337,≥100 kb,tRNA-,16.0,1.2304489213782739
NZ_CP166314.1,289348,≥100 kb,tRNA-,16.0,1.2304489213782739
NZ_CP166311.1,111592,≥100 kb,tRNA-,2.0,0.47712125471966244
NZ_CP166312.1,176335,≥100 kb,tRNA-,16.0,1.2304489213782739
NZ_CP166313.1,29873,<100 kb,tRNA-,3.0,0.6020599913279624
NZ_CP166320.1,176330,≥100 kb,tRNA-,16.0,1.2304489213782739
NZ_CP166321.1,100033,≥100 kb,tRNA-,1.0,0.3010299956639812
NZ_CP166322.1,30067,<100 kb,tRNA-,6.0,0.8450980400142568
NZ_CP166325.1,100024,≥100 kb,tRNA-,1.0,0.3010299956639812
NZ_CP166326.1,176330,≥100 kb,tRNA-,16.0,1.2304489213782739
NZ_CP166328.1,15032,<100 kb,tRNA-,3.0,0.6020599913279624
NZ_CP166332.1,141152,≥100 kb,tRNA-,14.0,1.1760912590556813
NZ_CP166479.1,193896,≥100 kb,tRNA-,7.0,0.9030899869919435
NZ_CP166480.1,99600,<100 kb,tRNA-,10.0,1.0413926851582251
NZ_CP101021.1,125846,≥100 kb,tRNA-,4.0,0.6989700043360189
NZ_CP101022.1,117649,≥100 kb,tRNA-,10.0,1.0413926851582251
NZ_CP101023.1,86890,<100 kb,tRNA-,3.0,0.6020599913279624
NZ_CP101025.1,178038,≥100 kb,tRNA-,9.0,1.0
NZ_CP101028.1,78530,<100 kb,tRNA-,4.0,0.6989700043360189
NZ_CP101029.1,62195,<100 kb,tRNA-,12.0,1.1139433523068367
NZ_CP166690.1,99523,<100 kb,tRNA-,3.0,0.6020599913279624
NZ_CP166691.1,75078,<100 kb,tRNA-,12.0,1.1139433523068367
NZ_CP166697.1,198553,≥100 kb,tRNA-,1.0,0.3010299956639812
NZ_CP166698.1,55935,<100 kb,tRNA-,7.0,0.9030899869919435
NZ_CP166752.1,266138,≥100 kb,tRNA-,12.0,1.1139433523068367
NZ_CP166754.1,15032,<100 kb,tRNA-,3.0,0.6020599913279624
NZ_CP160194.1,114386,≥100 kb,tRNA-,10.0,1.0413926851582251
NZ_CP160195.1,95709,<100 kb,tRNA-,1.0,0.3010299956639812
NZ_CP160199.1,236487,≥100 kb,tRNA-,2.0,0.47712125471966244
NZ_CP160200.1,118468,≥100 kb,tRNA-,8.0,0.9542425094393249
NZ_CP160201.1,111886,≥100 kb,tRNA-,6.0,0.8450980400142568
NZ_CP160051.1,307723,≥100 kb,tRNA-,11.0,1.0791812460476249
NZ_CP160052.1,126707,≥100 kb,tRNA-,13.0,1.146128035678238
NZ_CP160056.1,303747,≥100 kb,tRNA-,13.0,1.146128035678238
NZ_CP167946.1,108603,≥100 kb,tRNA-,3.0,0.6020599913279624
NZ_CP167947.1,168051,≥100 kb,tRNA-,7.0,0.9030899869919435
NZ_CP167949.1,166125,≥100 kb,tRNA-,14.0,1.1760912590556813
NZ_CP167951.1,15036,<100 kb,tRNA-,3.0,0.6020599913279624
NZ_CP167954.1,15033,<100 kb,tRNA-,3.0,0.6020599913279624
NZ_CP167955.1,100023,≥100 kb,tRNA-,1.0,0.3010299956639812
NZ_CP167957.1,176329,≥100 kb,tRNA-,16.0,1.2304489213782739
NZ_CP167965.1,99112,<100 kb,tRNA-,5.0,0.7781512503836436
NZ_CP167966.1,136560,≥100 kb,tRNA-,8.0,0.9542425094393249
NZ_CP167959.1,178753,≥100 kb,tRNA-,16.0,1.2304489213782739
NZ_CP167960.1,211523,≥100 kb,tRNA+,1.0,0.3010299956639812
NZ_CP168070.1,247179,≥100 kb,tRNA-,13.0,1.146128035678238
NZ_CP168112.1,13635,<100 kb,tRNA-,1.0,0.3010299956639812
NZ_CP168113.1,123551,≥100 kb,tRNA-,11.0,1.0791812460476249
NZ_CP168109.1,13636,<100 kb,tRNA-,1.0,0.3010299956639812
NZ_CP168107.1,263486,≥100 kb,tRNA-,18.0,1.2787536009528289
NZ_CP168105.1,13636,<100 kb,tRNA-,1.0,0.3010299956639812
NZ_CP168103.1,208634,≥100 kb,tRNA-,8.0,0.9542425094393249
NZ_CP168102.1,123551,≥100 kb,tRNA-,11.0,1.0791812460476249
NZ_CP168288.1,128689,≥100 kb,tRNA-,10.0,1.0413926851582251
NZ_CP168289.1,87095,<100 kb,tRNA-,7.0,0.9030899869919435
NZ_CP168663.1,139321,≥100 kb,tRNA-,10.0,1.0413926851582251
NZ_CP168664.1,87097,<100 kb,tRNA-,7.0,0.9030899869919435
NZ_CP168668.1,144993,≥100 kb,tRNA-,8.0,0.9542425094393249
NZ_CP168669.1,87095,<100 kb,tRNA-,7.0,0.9030899869919435
NZ_CP153638.1,232019,≥100 kb,tRNA-,2.0,0.47712125471966244
NZ_CP168958.1,84142,<100 kb,tRNA-,13.0,1.146128035678238
NZ_CP168959.1,47359,<100 kb,tRNA-,4.0,0.6989700043360189
NZ_CP139927.1,207087,≥100 kb,tRNA-,2.0,0.47712125471966244
NZ_CP139928.1,128110,≥100 kb,tRNA-,5.0,0.7781512503836436
NZ_CP169586.1,46522,<100 kb,tRNA-,4.0,0.6989700043360189
NZ_CP168402.1,126329,≥100 kb,tRNA-,9.0,1.0
NZ_CP168404.1,88156,<100 kb,tRNA-,3.0,0.6020599913279624
NZ_CP170703.1,84875,<100 kb,tRNA-,6.0,0.8450980400142568
NZ_CP168411.1,88122,<100 kb,tRNA-,5.0,0.7781512503836436
NZ_CP170701.1,62746,<100 kb,tRNA-,1.0,0.3010299956639812
NZ_CP113897.1,381416,≥100 kb,tRNA-,18.0,1.2787536009528289
NZ_CP113898.1,100329,≥100 kb,tRNA-,5.0,0.7781512503836436
NZ_CP170135.1,91212,<100 kb,tRNA-,5.0,0.7781512503836436
NZ_CP170136.1,261134,≥100 kb,tRNA-,6.0,0.8450980400142568
NZ_CP170119.1,146367,≥100 kb,tRNA-,5.0,0.7781512503836436
NZ_CP170120.1,102257,≥100 kb,tRNA-,4.0,0.6989700043360189
NZ_CP170121.1,71123,<100 kb,tRNA-,6.0,0.8450980400142568
NZ_CP138677.1,132750,≥100 kb,tRNA-,8.0,0.9542425094393249
NZ_CP138673.1,132750,≥100 kb,tRNA-,8.0,0.9542425094393249
NZ_CP133447.1,106078,≥100 kb,tRNA-,4.0,0.6989700043360189
NZ_CP103407.1,139318,≥100 kb,tRNA-,12.0,1.1139433523068367
NZ_CP103408.1,87095,<100 kb,tRNA-,7.0,0.9030899869919435
NZ_CP170751.1,51893,<100 kb,tRNA-,1.0,0.3010299956639812
NZ_CP170815.1,176327,≥100 kb,tRNA-,16.0,1.2304489213782739
NZ_CP170816.1,77790,<100 kb,tRNA-,3.0,0.6020599913279624
NZ_CP170819.1,176317,≥100 kb,tRNA-,16.0,1.2304489213782739
NZ_CP170820.1,160139,≥100 kb,tRNA-,2.0,0.47712125471966244
NZ_CP170821.1,66276,<100 kb,tRNA-,2.0,0.47712125471966244
NZ_CP170824.1,176327,≥100 kb,tRNA-,16.0,1.2304489213782739
NZ_CP170825.1,77790,<100 kb,tRNA-,3.0,0.6020599913279624
NZ_CP170828.1,191157,≥100 kb,tRNA-,15.0,1.2041199826559248
NZ_CP170829.1,87907,<100 kb,tRNA-,6.0,0.8450980400142568
NZ_CP170832.1,97965,<100 kb,tRNA-,6.0,0.8450980400142568
NZ_CP170835.1,69700,<100 kb,tRNA-,9.0,1.0
NZ_CP170836.1,53776,<100 kb,tRNA-,2.0,0.47712125471966244
NZ_CP170845.1,164355,≥100 kb,tRNA-,16.0,1.2304489213782739
NZ_CP170847.1,74204,<100 kb,tRNA-,6.0,0.8450980400142568
NZ_CP170852.1,169057,≥100 kb,tRNA-,16.0,1.2304489213782739
NZ_CP170854.1,97964,<100 kb,tRNA-,6.0,0.8450980400142568
NZ_CP170861.1,169065,≥100 kb,tRNA-,16.0,1.2304489213782739
NZ_CP170863.1,97965,<100 kb,tRNA-,6.0,0.8450980400142568
NZ_CP170868.1,277098,≥100 kb,tRNA-,19.0,1.3010299956639813
NZ_CP170869.1,169065,≥100 kb,tRNA-,16.0,1.2304489213782739
NZ_CP170871.1,85021,<100 kb,tRNA-,4.0,0.6989700043360189
NZ_CP170872.1,13199,<100 kb,tRNA-,2.0,0.47712125471966244
NZ_CP170877.1,169065,≥100 kb,tRNA-,16.0,1.2304489213782739
NZ_CP170879.1,96844,<100 kb,tRNA-,6.0,0.8450980400142568
NZ_CP170884.1,169065,≥100 kb,tRNA-,16.0,1.2304489213782739
NZ_CP170886.1,97965,<100 kb,tRNA-,6.0,0.8450980400142568
NZ_CP170892.1,169065,≥100 kb,tRNA-,16.0,1.2304489213782739
NZ_CP170894.1,97965,<100 kb,tRNA-,6.0,0.8450980400142568
NZ_CP170899.1,169065,≥100 kb,tRNA-,16.0,1.2304489213782739
NZ_CP170901.1,97965,<100 kb,tRNA-,6.0,0.8450980400142568
NZ_CP170906.1,169303,≥100 kb,tRNA-,15.0,1.2041199826559248
NZ_CP170907.1,62235,<100 kb,tRNA-,2.0,0.47712125471966244
NZ_CP170912.1,165748,≥100 kb,tRNA-,15.0,1.2041199826559248
NZ_CP170914.1,82992,<100 kb,tRNA-,4.0,0.6989700043360189
NZ_CP170918.1,169065,≥100 kb,tRNA-,16.0,1.2304489213782739
NZ_CP170920.1,97965,<100 kb,tRNA-,6.0,0.8450980400142568
NZ_CP170925.1,169065,≥100 kb,tRNA-,16.0,1.2304489213782739
NZ_CP170927.1,97965,<100 kb,tRNA-,6.0,0.8450980400142568
NZ_CP170932.1,231775,≥100 kb,tRNA+,9.0,1.0
NZ_CP170933.1,145587,≥100 kb,tRNA-,4.0,0.6989700043360189
NZ_CP170934.1,139487,≥100 kb,tRNA-,7.0,0.9030899869919435
NZ_CP170935.1,90098,<100 kb,tRNA-,5.0,0.7781512503836436
NZ_CP170939.1,158828,≥100 kb,tRNA-,19.0,1.3010299956639813
NZ_CP170942.1,7391,<100 kb,tRNA-,4.0,0.6989700043360189
NZ_CP170946.1,90813,<100 kb,tRNA-,7.0,0.9030899869919435
NZ_CP170947.1,88376,<100 kb,tRNA-,1.0,0.3010299956639812
NZ_CP170952.1,184236,≥100 kb,tRNA-,22.0,1.3617278360175928
NZ_CP170953.1,77226,<100 kb,tRNA-,7.0,0.9030899869919435
NZ_CP170961.1,166639,≥100 kb,tRNA-,15.0,1.2041199826559248
NZ_CP170963.1,94155,<100 kb,tRNA-,6.0,0.8450980400142568
NZ_CP170967.1,165312,≥100 kb,tRNA-,13.0,1.146128035678238
NZ_CP170969.1,119005,≥100 kb,tRNA-,10.0,1.0413926851582251
NZ_CP170973.1,162271,≥100 kb,tRNA-,9.0,1.0
NZ_CP170974.1,76744,<100 kb,tRNA-,7.0,0.9030899869919435
NZ_CP170977.1,169142,≥100 kb,tRNA-,16.0,1.2304489213782739
NZ_CP170978.1,70607,<100 kb,tRNA-,4.0,0.6989700043360189
NZ_CP170983.1,166639,≥100 kb,tRNA-,15.0,1.2041199826559248
NZ_CP170985.1,94156,<100 kb,tRNA-,6.0,0.8450980400142568
NZ_CP171166.1,127576,≥100 kb,tRNA-,7.0,0.9030899869919435
NZ_CP171366.1,82981,<100 kb,tRNA-,8.0,0.9542425094393249
NZ_CP171368.1,81332,<100 kb,tRNA-,5.0,0.7781512503836436
NZ_CP171372.1,143613,≥100 kb,tRNA-,8.0,0.9542425094393249
NZ_CP171374.1,81332,<100 kb,tRNA-,5.0,0.7781512503836436
NZ_CP171387.1,52710,<100 kb,tRNA-,1.0,0.3010299956639812
NZ_CP171389.1,71192,<100 kb,tRNA-,1.0,0.3010299956639812
NZ_CP171393.1,4844,<100 kb,tRNA-,1.0,0.3010299956639812
NZ_CP171445.1,86582,<100 kb,tRNA-,4.0,0.6989700043360189
NZ_CP171788.1,84647,<100 kb,tRNA-,7.0,0.9030899869919435
NZ_CP171787.1,87923,<100 kb,tRNA-,7.0,0.9030899869919435
NZ_CP171799.1,134705,≥100 kb,tRNA-,10.0,1.0413926851582251
NZ_CP171800.1,84876,<100 kb,tRNA-,6.0,0.8450980400142568
NZ_CP171819.1,142620,≥100 kb,tRNA-,12.0,1.1139433523068367
NZ_CP171820.1,87096,<100 kb,tRNA-,6.0,0.8450980400142568
NZ_CP171604.1,114786,≥100 kb,tRNA-,8.0,0.9542425094393249
NZ_CP171605.1,122855,≥100 kb,tRNA-,6.0,0.8450980400142568
NZ_CP171596.1,59916,<100 kb,tRNA-,20.0,1.3222192947339193
NZ_CP171601.1,4521,<100 kb,tRNA-,1.0,0.3010299956639812
NZ_CP171602.1,131893,≥100 kb,tRNA-,8.0,0.9542425094393249
NZ_CP171592.1,126576,≥100 kb,tRNA-,16.0,1.2304489213782739
NZ_CP171589.1,122079,≥100 kb,tRNA-,8.0,0.9542425094393249
NZ_CP171590.1,125285,≥100 kb,tRNA-,9.0,1.0
NZ_CP171584.1,212573,≥100 kb,tRNA-,6.0,0.8450980400142568
NZ_CP171587.1,54064,<100 kb,tRNA-,12.0,1.1139433523068367
NZ_CP171581.1,164816,≥100 kb,tRNA-,6.0,0.8450980400142568
NZ_CP171582.1,48565,<100 kb,tRNA-,10.0,1.0413926851582251
NZ_CP171575.1,122079,≥100 kb,tRNA-,8.0,0.9542425094393249
NZ_CP171576.1,125284,≥100 kb,tRNA-,9.0,1.0
NZ_CP171578.1,122078,≥100 kb,tRNA-,8.0,0.9542425094393249
NZ_CP171579.1,113426,≥100 kb,tRNA-,9.0,1.0
NZ_CP171572.1,122076,≥100 kb,tRNA-,8.0,0.9542425094393249
NZ_CP171573.1,113428,≥100 kb,tRNA-,10.0,1.0413926851582251
NZ_CP171566.1,148145,≥100 kb,tRNA-,4.0,0.6989700043360189
NZ_CP171567.1,93040,<100 kb,tRNA-,8.0,0.9542425094393249
NZ_CP171570.1,109437,≥100 kb,tRNA-,9.0,1.0
NZ_CP171563.1,122078,≥100 kb,tRNA-,8.0,0.9542425094393249
NZ_CP171564.1,84509,<100 kb,tRNA-,1.0,0.3010299956639812
NZ_CP171560.1,122075,≥100 kb,tRNA-,8.0,0.9542425094393249
NZ_CP171561.1,119902,≥100 kb,tRNA-,8.0,0.9542425094393249
NZ_CP171555.1,1731,<100 kb,tRNA-,1.0,0.3010299956639812
NZ_CP171558.1,269188,≥100 kb,tRNA-,15.0,1.2041199826559248
NZ_CP171551.1,125285,≥100 kb,tRNA-,9.0,1.0
NZ_CP171552.1,122853,≥100 kb,tRNA-,8.0,0.9542425094393249
NZ_CP171543.1,9173,<100 kb,tRNA-,4.0,0.6989700043360189
NZ_CP171544.1,53991,<100 kb,tRNA-,8.0,0.9542425094393249
NZ_CP171545.1,178260,≥100 kb,tRNA-,8.0,0.9542425094393249
NZ_CP171546.1,73470,<100 kb,tRNA-,2.0,0.47712125471966244
NZ_CP171541.1,115018,≥100 kb,tRNA-,9.0,1.0
NZ_CP171539.1,122889,≥100 kb,tRNA-,17.0,1.255272505103306
NZ_CP171533.1,120944,≥100 kb,tRNA-,7.0,0.9030899869919435
NZ_CP171534.1,79063,<100 kb,tRNA-,5.0,0.7781512503836436
NZ_CP171536.1,120112,≥100 kb,tRNA-,1.0,0.3010299956639812
NZ_CP171526.1,2760,<100 kb,tRNA-,2.0,0.47712125471966244
NZ_CP171527.1,3544,<100 kb,tRNA-,2.0,0.47712125471966244
NZ_CP171528.1,11302,<100 kb,tRNA-,4.0,0.6989700043360189
NZ_CP171530.1,142545,≥100 kb,tRNA-,4.0,0.6989700043360189
NZ_CP171522.1,181862,≥100 kb,tRNA-,11.0,1.0791812460476249
NZ_CP171518.1,215557,≥100 kb,tRNA-,10.0,1.0413926851582251
NZ_CP171520.1,67712,<100 kb,tRNA-,2.0,0.47712125471966244
NZ_CP171514.1,160515,≥100 kb,tRNA-,14.0,1.1760912590556813
NZ_CP171516.1,88822,<100 kb,tRNA-,2.0,0.47712125471966244
NZ_CP171511.1,86093,<100 kb,tRNA-,15.0,1.2041199826559248
NZ_CP171509.1,155744,≥100 kb,tRNA-,9.0,1.0
NZ_CP171507.1,146757,≥100 kb,tRNA-,10.0,1.0413926851582251
NZ_CP171498.1,218813,≥100 kb,tRNA-,1.0,0.3010299956639812
NZ_CP148926.1,270819,≥100 kb,tRNA-,6.0,0.8450980400142568
NZ_CP148927.1,76743,<100 kb,tRNA-,7.0,0.9030899869919435
NZ_CP148903.1,78202,<100 kb,tRNA-,7.0,0.9030899869919435
NZ_CP148953.1,76751,<100 kb,tRNA-,7.0,0.9030899869919435
NZ_CP148959.1,76751,<100 kb,tRNA-,7.0,0.9030899869919435
NZ_CP172344.1,59596,<100 kb,tRNA-,5.0,0.7781512503836436
NZ_CP148920.1,76743,<100 kb,tRNA-,7.0,0.9030899869919435
NZ_CP148912.1,76743,<100 kb,tRNA-,7.0,0.9030899869919435
NZ_CP148932.1,264921,≥100 kb,tRNA-,6.0,0.8450980400142568
NZ_CP148933.1,76742,<100 kb,tRNA-,7.0,0.9030899869919435
NZ_CP148939.1,269451,≥100 kb,tRNA-,6.0,0.8450980400142568
NZ_CP148940.1,76743,<100 kb,tRNA-,7.0,0.9030899869919435
NZ_CP148946.1,77631,<100 kb,tRNA-,9.0,1.0
NZ_CP148966.1,74036,<100 kb,tRNA-,4.0,0.6989700043360189
NZ_CP148971.1,274311,≥100 kb,tRNA-,6.0,0.8450980400142568
NZ_CP148972.1,76743,<100 kb,tRNA-,7.0,0.9030899869919435
NZ_CP148979.1,74038,<100 kb,tRNA-,4.0,0.6989700043360189
NZ_CP148984.1,74626,<100 kb,tRNA-,6.0,0.8450980400142568
NZ_CP148985.1,73303,<100 kb,tRNA-,4.0,0.6989700043360189
NZ_CP149003.1,76741,<100 kb,tRNA-,7.0,0.9030899869919435
NZ_CP149004.1,60498,<100 kb,tRNA-,3.0,0.6020599913279624
NZ_CP149009.1,283190,≥100 kb,tRNA-,6.0,0.8450980400142568
NZ_CP149010.1,77043,<100 kb,tRNA-,12.0,1.1139433523068367
NZ_CP149011.1,76625,<100 kb,tRNA-,7.0,0.9030899869919435
NZ_CP172451.1,169249,≥100 kb,tRNA-,11.0,1.0791812460476249
NZ_CP172453.1,96416,<100 kb,tRNA-,8.0,0.9542425094393249
NZ_CP172444.1,141274,≥100 kb,tRNA-,22.0,1.3617278360175928
NZ_CP172445.1,63930,<100 kb,tRNA-,9.0,1.0
NZ_CP172458.1,94884,<100 kb,tRNA-,4.0,0.6989700043360189
NZ_CP172578.1,289270,≥100 kb,tRNA-,14.0,1.1760912590556813
NZ_CP172579.1,171410,≥100 kb,tRNA-,1.0,0.3010299956639812
NZ_CP172580.1,59730,<100 kb,tRNA-,6.0,0.8450980400142568
NZ_CP172829.1,95973,<100 kb,tRNA-,4.0,0.6989700043360189
NZ_CP136386.1,355465,≥100 kb,tRNA-,19.0,1.3010299956639813
NZ_CP136387.1,114519,≥100 kb,tRNA-,1.0,0.3010299956639812
NZ_CP136388.1,66859,<100 kb,tRNA-,5.0,0.7781512503836436
NZ_CP136389.1,63389,<100 kb,tRNA-,2.0,0.47712125471966244
NZ_CP136391.1,48823,<100 kb,tRNA-,3.0,0.6020599913279624
NZ_CP110179.1,95599,<100 kb,tRNA-,6.0,0.8450980400142568
NZ_CP110181.1,71813,<100 kb,tRNA-,4.0,0.6989700043360189
NZ_CP173434.1,63589,<100 kb,tRNA-,2.0,0.47712125471966244
NZ_CP173433.1,355620,≥100 kb,tRNA-,16.0,1.2304489213782739
NZ_CP173452.1,217794,≥100 kb,tRNA-,14.0,1.1760912590556813
NZ_CP173451.1,65646,<100 kb,tRNA-,15.0,1.2041199826559248
NZ_CP173455.1,68942,<100 kb,tRNA-,5.0,0.7781512503836436
NZ_CP173459.1,378858,≥100 kb,tRNA-,22.0,1.3617278360175928
NZ_CP173460.1,63589,<100 kb,tRNA-,2.0,0.47712125471966244
NZ_CP095782.1,120290,≥100 kb,tRNA-,8.0,0.9542425094393249
NZ_CP095781.1,363634,≥100 kb,tRNA-,23.0,1.380211241711606
NZ_CP095783.1,54339,<100 kb,tRNA-,2.0,0.47712125471966244
NZ_CP173724.1,261642,≥100 kb,tRNA-,13.0,1.146128035678238
NZ_CP173726.1,98915,<100 kb,tRNA-,2.0,0.47712125471966244
NZ_CP173730.1,119574,≥100 kb,tRNA-,8.0,0.9542425094393249
NZ_CP173733.1,71104,<100 kb,tRNA-,6.0,0.8450980400142568
NZ_CP173732.1,119159,≥100 kb,tRNA-,3.0,0.6020599913279624
NZ_CP173739.1,88594,<100 kb,tRNA-,23.0,1.380211241711606
NZ_CP173742.1,71572,<100 kb,tRNA-,2.0,0.47712125471966244
NZ_CP127338.1,260017,≥100 kb,tRNA-,8.0,0.9542425094393249
NZ_CP127341.1,157680,≥100 kb,tRNA-,8.0,0.9542425094393249
NZ_CP136456.1,209900,≥100 kb,tRNA-,8.0,0.9542425094393249
NZ_CP136457.1,63972,<100 kb,tRNA-,14.0,1.1760912590556813
NZ_CP140500.1,225324,≥100 kb,tRNA-,16.0,1.2304489213782739
NZ_CP140501.1,87356,<100 kb,tRNA-,11.0,1.0791812460476249
NZ_CP140502.1,36439,<100 kb,tRNA-,1.0,0.3010299956639812
NZ_CP174251.1,119517,≥100 kb,tRNA-,11.0,1.0791812460476249
NZ_CP174252.1,87095,<100 kb,tRNA-,7.0,0.9030899869919435
NZ_CP149488.1,207198,≥100 kb,tRNA-,8.0,0.9542425094393249
NZ_CP149490.1,13841,<100 kb,tRNA-,1.0,0.3010299956639812
NZ_CP174257.1,119519,≥100 kb,tRNA-,11.0,1.0791812460476249
NZ_CP174258.1,87095,<100 kb,tRNA-,7.0,0.9030899869919435
NZ_CP174263.1,119520,≥100 kb,tRNA-,11.0,1.0791812460476249
NZ_CP174264.1,87095,<100 kb,tRNA-,7.0,0.9030899869919435
NZ_CP162205.1,201972,≥100 kb,tRNA-,13.0,1.146128035678238
NZ_CP162193.1,120997,≥100 kb,tRNA-,10.0,1.0413926851582251
NZ_CP162181.1,168338,≥100 kb,tRNA-,5.0,0.7781512503836436
NZ_CP142693.1,134670,≥100 kb,tRNA-,8.0,0.9542425094393249
NZ_CP142694.1,81332,<100 kb,tRNA-,5.0,0.7781512503836436
NZ_CP175679.1,64247,<100 kb,tRNA-,2.0,0.47712125471966244
NZ_CP175680.1,58867,<100 kb,tRNA-,5.0,0.7781512503836436
NZ_CP176043.1,365584,≥100 kb,tRNA-,13.0,1.146128035678238
NZ_CP176045.1,87028,<100 kb,tRNA-,6.0,0.8450980400142568
NZ_CP176046.1,45291,<100 kb,tRNA-,3.0,0.6020599913279624
NZ_CP175990.1,370169,≥100 kb,tRNA-,17.0,1.255272505103306
NZ_CP175991.1,131321,≥100 kb,tRNA-,8.0,0.9542425094393249
NZ_CP176086.1,154724,≥100 kb,tRNA-,9.0,1.0
NZ_CP176090.1,154724,≥100 kb,tRNA-,9.0,1.0
NZ_CP176494.1,154724,≥100 kb,tRNA-,9.0,1.0
NZ_CP160504.1,209339,≥100 kb,tRNA-,14.0,1.1760912590556813
NZ_CP160505.1,72109,<100 kb,tRNA-,6.0,0.8450980400142568
NZ_CP160500.1,330111,≥100 kb,tRNA-,11.0,1.0791812460476249
NZ_CP160502.1,54059,<100 kb,tRNA-,11.0,1.0791812460476249
NZ_CP160501.1,39711,<100 kb,tRNA-,1.0,0.3010299956639812
NZ_CP160510.1,209343,≥100 kb,tRNA-,14.0,1.1760912590556813
NZ_CP160509.1,72007,<100 kb,tRNA-,6.0,0.8450980400142568
NZ_CP160496.1,299930,≥100 kb,tRNA-,3.0,0.6020599913279624
NZ_CP160497.1,55263,<100 kb,tRNA-,11.0,1.0791812460476249
NZ_CP160498.1,39710,<100 kb,tRNA-,1.0,0.3010299956639812
NZ_CP160493.1,330112,≥100 kb,tRNA-,10.0,1.0413926851582251
NZ_CP160494.1,39723,<100 kb,tRNA-,1.0,0.3010299956639812
NZ_CP145337.1,365937,≥100 kb,tRNA-,13.0,1.146128035678238
NZ_CP145338.1,51565,<100 kb,tRNA-,14.0,1.1760912590556813
NZ_CP145342.1,355074,≥100 kb,tRNA-,11.0,1.0791812460476249
NZ_CP145343.1,55269,<100 kb,tRNA-,11.0,1.0791812460476249
NZ_CP145344.1,39712,<100 kb,tRNA-,1.0,0.3010299956639812
NZ_CP145345.1,22425,<100 kb,tRNA-,4.0,0.6989700043360189
NZ_CP145329.1,55269,<100 kb,tRNA-,11.0,1.0791812460476249
NZ_CP145328.1,39700,<100 kb,tRNA-,1.0,0.3010299956639812
NZ_CP145325.1,338015,≥100 kb,tRNA-,11.0,1.0791812460476249
NZ_CP145353.1,324592,≥100 kb,tRNA-,3.0,0.6020599913279624
NZ_CP145348.1,203113,≥100 kb,tRNA-,13.0,1.146128035678238
NZ_CP145350.1,93105,<100 kb,tRNA-,3.0,0.6020599913279624
NZ_CP145349.1,87237,<100 kb,tRNA-,12.0,1.1139433523068367
NZ_CP145356.1,355306,≥100 kb,tRNA-,11.0,1.0791812460476249
NZ_CP145357.1,55266,<100 kb,tRNA-,10.0,1.0413926851582251
NZ_CP145358.1,39714,<100 kb,tRNA-,1.0,0.3010299956639812
NZ_CP145368.1,327260,≥100 kb,tRNA-,15.0,1.2041199826559248
NZ_CP145369.1,137027,≥100 kb,tRNA-,13.0,1.146128035678238
NZ_CP145331.1,352202,≥100 kb,tRNA-,11.0,1.0791812460476249
NZ_CP145332.1,55263,<100 kb,tRNA-,10.0,1.0413926851582251
NZ_CP145333.1,39937,<100 kb,tRNA-,1.0,0.3010299956639812
NZ_CP150855.1,222035,≥100 kb,tRNA-,14.0,1.1760912590556813
NZ_CP150856.1,81653,<100 kb,tRNA-,9.0,1.0
NZ_CP058583.1,66076,<100 kb,tRNA-,2.0,0.47712125471966244
NZ_CP058588.1,193269,≥100 kb,tRNA-,2.0,0.47712125471966244
NZ_CP172748.1,229606,≥100 kb,tRNA-,2.0,0.47712125471966244
NZ_CP176998.1,116526,≥100 kb,tRNA-,7.0,0.9030899869919435
NZ_CP176999.1,162899,≥100 kb,tRNA-,1.0,0.3010299956639812
NZ_CP177006.1,115956,≥100 kb,tRNA-,5.0,0.7781512503836436
NZ_CP177008.1,303369,≥100 kb,tRNA-,22.0,1.3617278360175928
NZ_CP177010.1,230053,≥100 kb,tRNA+,3.0,0.6020599913279624
NZ_CP177012.1,294715,≥100 kb,tRNA-,22.0,1.3617278360175928
NZ_CP177018.1,103952,≥100 kb,tRNA-,5.0,0.7781512503836436
NZ_CP177022.1,312131,≥100 kb,tRNA-,8.0,0.9542425094393249
NZ_CP177024.1,105406,≥100 kb,tRNA-,6.0,0.8450980400142568
NZ_CP176929.1,295665,≥100 kb,tRNA-,23.0,1.380211241711606
NZ_CP176918.1,147324,≥100 kb,tRNA-,8.0,0.9542425094393249
NZ_CP176991.1,393990,≥100 kb,tRNA-,16.0,1.2304489213782739
NZ_CP176993.1,107773,≥100 kb,tRNA-,5.0,0.7781512503836436
NZ_CP177165.1,236149,≥100 kb,tRNA-,7.0,0.9030899869919435
NZ_CP142054.1,310928,≥100 kb,tRNA-,8.0,0.9542425094393249
NZ_CP142055.1,199260,≥100 kb,tRNA-,7.0,0.9030899869919435
NZ_CP142056.1,136739,≥100 kb,tRNA-,15.0,1.2041199826559248
NZ_CP142057.1,6141,<100 kb,tRNA-,2.0,0.47712125471966244
NZ_CP142061.1,215412,≥100 kb,tRNA-,19.0,1.3010299956639813
NZ_CP142062.1,51479,<100 kb,tRNA-,2.0,0.47712125471966244
NZ_CP142064.1,233015,≥100 kb,tRNA-,8.0,0.9542425094393249
NZ_CP142067.1,6141,<100 kb,tRNA-,2.0,0.47712125471966244
NZ_CP177197.1,393506,≥100 kb,tRNA-,22.0,1.3617278360175928
NZ_CP177200.1,78128,<100 kb,tRNA-,1.0,0.3010299956639812
NZ_CP177310.1,141007,≥100 kb,tRNA-,7.0,0.9030899869919435
NZ_CP158678.1,237519,≥100 kb,tRNA-,12.0,1.1139433523068367
NZ_CP128625.1,34166,<100 kb,tRNA-,4.0,0.6989700043360189
NZ_CP178569.1,29477,<100 kb,tRNA-,1.0,0.3010299956639812
NZ_CP178566.1,127487,≥100 kb,tRNA-,16.0,1.2304489213782739
NZ_CP178568.1,33310,<100 kb,tRNA-,1.0,0.3010299956639812
NZ_CP178567.1,46161,<100 kb,tRNA-,3.0,0.6020599913279624
NZ_CP178565.1,264844,≥100 kb,tRNA-,16.0,1.2304489213782739
NZ_CP160465.1,485030,≥100 kb,tRNA-,18.0,1.2787536009528289
NZ_CP160466.1,141660,≥100 kb,tRNA-,12.0,1.1139433523068367
NZ_CP160467.1,106770,≥100 kb,tRNA-,7.0,0.9030899869919435
NZ_CP160640.1,394261,≥100 kb,tRNA-,30.0,1.4913616938342726
NZ_CP160642.1,106770,≥100 kb,tRNA-,7.0,0.9030899869919435
NZ_CP178848.1,53757,<100 kb,tRNA-,6.0,0.8450980400142568
NZ_CP178863.1,144133,≥100 kb,tRNA-,19.0,1.3010299956639813
NZ_CP180339.1,127849,≥100 kb,tRNA-,13.0,1.146128035678238
NZ_CP180341.1,88638,<100 kb,tRNA-,1.0,0.3010299956639812
NZ_CP180333.1,141454,≥100 kb,tRNA-,18.0,1.2787536009528289
NZ_CP180335.1,88637,<100 kb,tRNA-,1.0,0.3010299956639812
NZ_CP180320.1,141448,≥100 kb,tRNA-,18.0,1.2787536009528289
NZ_CP180327.1,91156,<100 kb,tRNA-,12.0,1.1139433523068367
NZ_CP180400.1,149190,≥100 kb,tRNA-,23.0,1.380211241711606
NZ_CP180402.1,88638,<100 kb,tRNA-,1.0,0.3010299956639812
NZ_CP180540.1,109206,≥100 kb,tRNA-,13.0,1.146128035678238
NZ_CP180541.1,99862,<100 kb,tRNA-,10.0,1.0413926851582251
NZ_CP180582.1,139340,≥100 kb,tRNA-,12.0,1.1139433523068367
NZ_CP180583.1,87096,<100 kb,tRNA-,7.0,0.9030899869919435
NZ_CP180651.1,106308,≥100 kb,tRNA-,4.0,0.6989700043360189
NZ_CP180649.1,330970,≥100 kb,tRNA-,22.0,1.3617278360175928
NZ_CP180656.1,106308,≥100 kb,tRNA-,4.0,0.6989700043360189
NZ_CP180654.1,331201,≥100 kb,tRNA-,20.0,1.3222192947339193
NZ_CP180661.1,105088,≥100 kb,tRNA-,4.0,0.6989700043360189
NZ_CP180659.1,296292,≥100 kb,tRNA-,14.0,1.1760912590556813
NZ_CP180666.1,105088,≥100 kb,tRNA-,4.0,0.6989700043360189
NZ_CP180664.1,365410,≥100 kb,tRNA-,23.0,1.380211241711606
NZ_CP180671.1,105056,≥100 kb,tRNA-,4.0,0.6989700043360189
NZ_CP180669.1,366334,≥100 kb,tRNA-,23.0,1.380211241711606
NZ_CP180676.1,105088,≥100 kb,tRNA-,4.0,0.6989700043360189
NZ_CP180674.1,331332,≥100 kb,tRNA-,15.0,1.2041199826559248
NZ_CP180682.1,105088,≥100 kb,tRNA-,4.0,0.6989700043360189
NZ_CP180680.1,298616,≥100 kb,tRNA-,14.0,1.1760912590556813
NZ_CP181328.1,59596,<100 kb,tRNA-,5.0,0.7781512503836436
NZ_CP181427.1,174074,≥100 kb,tRNA-,17.0,1.255272505103306
NZ_CP181428.1,47442,<100 kb,tRNA-,1.0,0.3010299956639812
NZ_CP188118.1,126679,≥100 kb,tRNA-,12.0,1.1139433523068367
NZ_CP182835.1,90039,<100 kb,tRNA-,7.0,0.9030899869919435
NZ_CP182844.1,135793,≥100 kb,tRNA-,10.0,1.0413926851582251
NZ_CP182845.1,87095,<100 kb,tRNA-,7.0,0.9030899869919435
NZ_CP182846.1,53097,<100 kb,tRNA-,5.0,0.7781512503836436
NZ_CP182850.1,163915,≥100 kb,tRNA-,9.0,1.0
NZ_CP182852.1,84876,<100 kb,tRNA-,4.0,0.6989700043360189
NZ_CP182853.1,53035,<100 kb,tRNA-,9.0,1.0
NZ_CP182817.1,249149,≥100 kb,tRNA-,13.0,1.146128035678238
NZ_CP182818.1,278962,≥100 kb,tRNA-,15.0,1.2041199826559248
NZ_CP011981.1,130552,≥100 kb,tRNA-,4.0,0.6989700043360189
NZ_CP011982.1,51662,<100 kb,tRNA-,1.0,0.3010299956639812
NZ_CP011977.1,218836,≥100 kb,tRNA-,9.0,1.0
NZ_CP011978.1,77775,<100 kb,tRNA-,10.0,1.0413926851582251
NZ_CP006919.1,25284,<100 kb,tRNA-,5.0,0.7781512503836436
NZ_CP009773.1,75618,<100 kb,tRNA-,14.0,1.1760912590556813
NZ_CP009776.1,115320,≥100 kb,tRNA-,16.0,1.2304489213782739
NZ_CP009778.1,15271,<100 kb,tRNA-,1.0,0.3010299956639812
NZ_CP009777.1,212192,≥100 kb,tRNA-,8.0,0.9542425094393249
NZ_CP009864.1,62589,<100 kb,tRNA-,7.0,0.9030899869919435
NZ_CP009874.1,50051,<100 kb,tRNA-,4.0,0.6989700043360189
NZ_CP009873.1,13841,<100 kb,tRNA-,1.0,0.3010299956639812
NZ_CP009875.1,113639,≥100 kb,tRNA-,7.0,0.9030899869919435
NZ_CP009879.1,178563,≥100 kb,tRNA-,4.0,0.6989700043360189
NZ_CP009877.1,15100,<100 kb,tRNA-,1.0,0.3010299956639812
NZ_CP023488.1,223434,≥100 kb,tRNA-,15.0,1.2041199826559248
NZ_CP014005.1,101030,≥100 kb,tRNA-,3.0,0.6020599913279624
NZ_CP019048.1,230606,≥100 kb,tRNA-,5.0,0.7781512503836436
NZ_CP041102.1,98807,<100 kb,tRNA-,8.0,0.9542425094393249
NZ_CP041103.1,82819,<100 kb,tRNA-,8.0,0.9542425094393249
NZ_CP041104.1,36884,<100 kb,tRNA-,1.0,0.3010299956639812
NZ_CP022692.2,207351,≥100 kb,tRNA-,8.0,0.9542425094393249
NZ_CP022693.2,113222,≥100 kb,tRNA-,7.0,0.9030899869919435
NZ_CP045796.1,13841,<100 kb,tRNA-,1.0,0.3010299956639812
NZ_CP041093.1,250990,≥100 kb,tRNA-,12.0,1.1139433523068367
NZ_CP041095.1,70501,<100 kb,tRNA-,1.0,0.3010299956639812
NZ_CP043589.1,99510,<100 kb,tRNA-,4.0,0.6989700043360189
NZ_CP036302.1,205652,≥100 kb,tRNA-,7.0,0.9030899869919435
NZ_CP036301.1,154724,≥100 kb,tRNA-,9.0,1.0
NZ_CP046963.1,152833,≥100 kb,tRNA-,9.0,1.0
NZ_CP043359.1,205652,≥100 kb,tRNA-,7.0,0.9030899869919435
NZ_CP043358.1,154719,≥100 kb,tRNA-,9.0,1.0
NZ_CP028781.2,159311,≥100 kb,tRNA-,11.0,1.0791812460476249
NZ_CP028782.2,74010,<100 kb,tRNA-,7.0,0.9030899869919435
NZ_CP029381.1,146790,≥100 kb,tRNA-,11.0,1.0791812460476249
NZ_CP029382.1,85185,<100 kb,tRNA-,6.0,0.8450980400142568
NZ_CP043586.1,66830,<100 kb,tRNA-,20.0,1.3222192947339193
NZ_CP028543.1,159355,≥100 kb,tRNA-,5.0,0.7781512503836436
NZ_CP028547.2,73791,<100 kb,tRNA-,11.0,1.0791812460476249
NZ_CP025952.1,170821,≥100 kb,tRNA-,11.0,1.0791812460476249
NZ_CP043345.1,128614,≥100 kb,tRNA-,12.0,1.1139433523068367
NZ_CP018884.1,121863,≥100 kb,tRNA-,13.0,1.146128035678238
NZ_CP018886.1,217456,≥100 kb,tRNA-,5.0,0.7781512503836436
NZ_CP018887.1,123208,≥100 kb,tRNA-,6.0,0.8450980400142568
NZ_CP034040.1,213351,≥100 kb,tRNA-,5.0,0.7781512503836436
NZ_CP034041.1,65202,<100 kb,tRNA-,2.0,0.47712125471966244
NZ_CP029386.1,52989,<100 kb,tRNA-,4.0,0.6989700043360189
NZ_CP029387.1,226524,≥100 kb,tRNA-,1.0,0.3010299956639812
NZ_CP030267.1,41519,<100 kb,tRNA-,4.0,0.6989700043360189
NZ_CP030270.1,236809,≥100 kb,tRNA-,5.0,0.7781512503836436
NZ_CP033947.1,142764,≥100 kb,tRNA-,8.0,0.9542425094393249
NZ_CP033948.1,70586,<100 kb,tRNA-,11.0,1.0791812460476249
NZ_CP033950.1,6141,<100 kb,tRNA-,2.0,0.47712125471966244
NZ_CP034085.1,113569,≥100 kb,tRNA-,6.0,0.8450980400142568
NZ_CP034084.1,144158,≥100 kb,tRNA-,12.0,1.1139433523068367
NZ_CP035536.1,185957,≥100 kb,tRNA-,5.0,0.7781512503836436
NZ_CP035537.1,108500,≥100 kb,tRNA-,5.0,0.7781512503836436
NZ_CP035538.1,48698,<100 kb,tRNA-,3.0,0.6020599913279624
NZ_CP040595.1,277162,≥100 kb,tRNA-,5.0,0.7781512503836436
NZ_CP040598.1,106597,≥100 kb,tRNA-,5.0,0.7781512503836436
NZ_CP045016.1,82240,<100 kb,tRNA-,10.0,1.0413926851582251
NZ_CP045022.1,50635,<100 kb,tRNA-,5.0,0.7781512503836436
NZ_CP058329.1,13636,<100 kb,tRNA-,1.0,0.3010299956639812
NZ_CP058327.1,120302,≥100 kb,tRNA-,8.0,0.9542425094393249
NZ_CP058326.1,205144,≥100 kb,tRNA-,8.0,0.9542425094393249
NZ_CP037930.1,102851,≥100 kb,tRNA-,12.0,1.1139433523068367
NZ_CP037929.1,271781,≥100 kb,tRNA-,11.0,1.0791812460476249
NZ_CP039526.1,396373,≥100 kb,tRNA-,17.0,1.255272505103306
NZ_CP059891.1,189307,≥100 kb,tRNA-,8.0,0.9542425094393249
NZ_CP059890.1,95050,<100 kb,tRNA-,4.0,0.6989700043360189
NZ_CP068691.1,206263,≥100 kb,tRNA-,16.0,1.2304489213782739
NZ_CP068692.1,184748,≥100 kb,tRNA-,8.0,0.9542425094393249
NZ_CP068686.1,225445,≥100 kb,tRNA-,1.0,0.3010299956639812
NZ_CP068687.1,184751,≥100 kb,tRNA-,8.0,0.9542425094393249
NZ_CP071280.1,269326,≥100 kb,tRNA-,12.0,1.1139433523068367
NZ_CP071281.1,68932,<100 kb,tRNA-,4.0,0.6989700043360189
NZ_CP072951.1,120604,≥100 kb,tRNA-,10.0,1.0413926851582251
NZ_CP084395.1,374716,≥100 kb,tRNA-,21.0,1.3424226808222062
NZ_CP074117.1,123557,≥100 kb,tRNA-,7.0,0.9030899869919435
NZ_CP074118.1,116047,≥100 kb,tRNA-,4.0,0.6989700043360189
NZ_CP074088.1,335489,≥100 kb,tRNA-,11.0,1.0791812460476249
NZ_CP074090.1,54064,<100 kb,tRNA-,12.0,1.1139433523068367
NZ_CP071824.1,64683,<100 kb,tRNA-,4.0,0.6989700043360189
NZ_CP071820.1,253649,≥100 kb,tRNA-,7.0,0.9030899869919435
NZ_CP076009.1,166659,≥100 kb,tRNA-,20.0,1.3222192947339193
NZ_CP076010.1,63589,<100 kb,tRNA-,2.0,0.47712125471966244
NZ_CP076012.1,49065,<100 kb,tRNA-,6.0,0.8450980400142568
NZ_CP079116.1,210997,≥100 kb,tRNA-,14.0,1.1760912590556813
NZ_CP079118.1,5922,<100 kb,tRNA-,2.0,0.47712125471966244
NZ_CP079121.1,198536,≥100 kb,tRNA-,1.0,0.3010299956639812
NZ_CP079123.1,96887,<100 kb,tRNA-,17.0,1.255272505103306
NZ_CP079124.1,79546,<100 kb,tRNA-,9.0,1.0
NZ_CP079125.1,37333,<100 kb,tRNA-,1.0,0.3010299956639812
NZ_CP079128.1,6141,<100 kb,tRNA-,2.0,0.47712125471966244
NZ_CP079132.1,198536,≥100 kb,tRNA-,1.0,0.3010299956639812
NZ_CP079134.1,96887,<100 kb,tRNA-,16.0,1.2304489213782739
NZ_CP079135.1,79555,<100 kb,tRNA-,9.0,1.0
NZ_CP079136.1,9117,<100 kb,tRNA-,4.0,0.6989700043360189
NZ_CP079139.1,286022,≥100 kb,tRNA-,18.0,1.2787536009528289
NZ_CP079140.1,211813,≥100 kb,tRNA-,1.0,0.3010299956639812
NZ_CP079142.1,6141,<100 kb,tRNA-,2.0,0.47712125471966244
NZ_CP079146.1,286022,≥100 kb,tRNA-,18.0,1.2787536009528289
NZ_CP079147.1,211813,≥100 kb,tRNA-,1.0,0.3010299956639812
NZ_CP079148.1,6141,<100 kb,tRNA-,2.0,0.47712125471966244
NZ_CP079156.1,285823,≥100 kb,tRNA-,18.0,1.2787536009528289
NZ_CP079157.1,211813,≥100 kb,tRNA-,1.0,0.3010299956639812
NZ_CP079160.1,6141,<100 kb,tRNA-,2.0,0.47712125471966244
NZ_CP079151.1,289419,≥100 kb,tRNA-,20.0,1.3222192947339193
NZ_CP079152.1,211813,≥100 kb,tRNA-,1.0,0.3010299956639812
NZ_CP079153.1,6141,<100 kb,tRNA-,2.0,0.47712125471966244
NZ_CP079165.1,213013,≥100 kb,tRNA-,1.0,0.3010299956639812
NZ_CP079168.1,6141,<100 kb,tRNA-,2.0,0.47712125471966244
NZ_CP079173.1,210501,≥100 kb,tRNA-,11.0,1.0791812460476249
NZ_CP079174.1,157028,≥100 kb,tRNA-,3.0,0.6020599913279624
NZ_CP079176.1,5922,<100 kb,tRNA-,2.0,0.47712125471966244
NZ_CP079180.1,160795,≥100 kb,tRNA-,10.0,1.0413926851582251
NZ_CP079181.1,71307,<100 kb,tRNA-,11.0,1.0791812460476249
NZ_CP079183.1,6141,<100 kb,tRNA-,2.0,0.47712125471966244
NZ_CP079187.1,160795,≥100 kb,tRNA-,10.0,1.0413926851582251
NZ_CP079188.1,71264,<100 kb,tRNA-,11.0,1.0791812460476249
NZ_CP079190.1,6141,<100 kb,tRNA-,2.0,0.47712125471966244
NZ_CP079600.1,213013,≥100 kb,tRNA-,1.0,0.3010299956639812
NZ_CP079603.1,6141,<100 kb,tRNA-,2.0,0.47712125471966244
NZ_CP079607.1,120325,≥100 kb,tRNA-,6.0,0.8450980400142568
NZ_CP079609.1,71307,<100 kb,tRNA-,11.0,1.0791812460476249
NZ_CP079611.1,6141,<100 kb,tRNA-,2.0,0.47712125471966244
NZ_CP079625.1,211805,≥100 kb,tRNA-,1.0,0.3010299956639812
NZ_CP079626.1,197458,≥100 kb,tRNA-,19.0,1.3010299956639813
NZ_CP079627.1,77128,<100 kb,tRNA-,17.0,1.255272505103306
NZ_CP079628.1,6200,<100 kb,tRNA-,3.0,0.6020599913279624
NZ_CP079618.1,170268,≥100 kb,tRNA-,12.0,1.1139433523068367
NZ_CP079619.1,157028,≥100 kb,tRNA-,3.0,0.6020599913279624
NZ_CP079621.1,5922,<100 kb,tRNA-,2.0,0.47712125471966244
NZ_CP079630.1,211805,≥100 kb,tRNA-,1.0,0.3010299956639812
NZ_CP079631.1,197458,≥100 kb,tRNA-,19.0,1.3010299956639813
NZ_CP079632.1,77128,<100 kb,tRNA-,17.0,1.255272505103306
NZ_CP079633.1,6200,<100 kb,tRNA-,2.0,0.47712125471966244
NZ_CP079635.1,1039047,≥100 kb,tRNA+,20.0,1.3222192947339193
NZ_CP079637.1,127803,≥100 kb,tRNA-,9.0,1.0
NZ_CP079638.1,73277,<100 kb,tRNA-,11.0,1.0791812460476249
NZ_CP079639.1,8514,<100 kb,tRNA-,3.0,0.6020599913279624
NZ_CP079640.1,6141,<100 kb,tRNA-,2.0,0.47712125471966244
NZ_CP079643.1,127803,≥100 kb,tRNA-,9.0,1.0
NZ_CP079644.1,73277,<100 kb,tRNA-,11.0,1.0791812460476249
NZ_CP079646.1,150711,≥100 kb,tRNA-,1.0,0.3010299956639812
NZ_CP079649.1,5561,<100 kb,tRNA-,3.0,0.6020599913279624
NZ_CP079656.1,161754,≥100 kb,tRNA-,9.0,1.0
NZ_CP079665.1,4092,<100 kb,tRNA-,1.0,0.3010299956639812
NZ_CP079666.1,2600,<100 kb,tRNA-,1.0,0.3010299956639812
NZ_CP079667.1,2186,<100 kb,tRNA-,3.0,0.6020599913279624
NZ_CP079657.1,157028,≥100 kb,tRNA-,3.0,0.6020599913279624
NZ_CP079659.1,8514,<100 kb,tRNA-,3.0,0.6020599913279624
NZ_CP079661.1,5922,<100 kb,tRNA-,2.0,0.47712125471966244
NZ_CP079669.1,286022,≥100 kb,tRNA-,18.0,1.2787536009528289
NZ_CP079670.1,211813,≥100 kb,tRNA-,1.0,0.3010299956639812
NZ_CP079671.1,6141,<100 kb,tRNA-,2.0,0.47712125471966244
NZ_CP079674.1,213013,≥100 kb,tRNA-,1.0,0.3010299956639812
NZ_CP079678.1,6141,<100 kb,tRNA-,2.0,0.47712125471966244
NZ_CP079684.1,120317,≥100 kb,tRNA-,3.0,0.6020599913279624
NZ_CP079685.1,71306,<100 kb,tRNA-,11.0,1.0791812460476249
NZ_CP079686.1,6141,<100 kb,tRNA-,2.0,0.47712125471966244
NZ_CP079693.1,170268,≥100 kb,tRNA-,12.0,1.1139433523068367
NZ_CP079694.1,55146,<100 kb,tRNA-,7.0,0.9030899869919435
NZ_CP079695.1,5922,<100 kb,tRNA-,2.0,0.47712125471966244
NZ_CP079808.1,161754,≥100 kb,tRNA-,9.0,1.0
NZ_CP079809.1,55140,<100 kb,tRNA-,7.0,0.9030899869919435
NZ_CP079811.1,5922,<100 kb,tRNA-,2.0,0.47712125471966244
NZ_CP079814.1,2710,<100 kb,tRNA-,3.0,0.6020599913279624
NZ_CP082291.1,337329,≥100 kb,tRNA-,24.0,1.3979400086720377
NZ_CP127840.1,53326,<100 kb,tRNA-,6.0,0.8450980400142568
NZ_CP182921.1,133772,≥100 kb,tRNA-,8.0,0.9542425094393249
NZ_CP182922.1,84876,<100 kb,tRNA-,6.0,0.8450980400142568
NZ_CP182923.1,46161,<100 kb,tRNA-,3.0,0.6020599913279624
NZ_CP183023.1,258551,≥100 kb,tRNA-,8.0,0.9542425094393249
NZ_CP183021.1,70502,<100 kb,tRNA-,8.0,0.9542425094393249
NZ_CP183011.1,1679309,≥100 kb,tRNA+,46.0,1.6720978579357175
NZ_CP183204.1,129540,≥100 kb,tRNA-,6.0,0.8450980400142568
NZ_CP183205.1,100883,≥100 kb,tRNA-,12.0,1.1139433523068367
NZ_CP183351.1,276478,≥100 kb,tRNA-,4.0,0.6989700043360189
NZ_CP183352.1,193653,≥100 kb,tRNA-,13.0,1.146128035678238
NZ_CP183354.1,162681,≥100 kb,tRNA+,12.0,1.1139433523068367
NZ_CP183355.1,106446,≥100 kb,tRNA-,3.0,0.6020599913279624
NZ_CP183356.1,80054,<100 kb,tRNA-,1.0,0.3010299956639812
NZ_CP183387.1,141448,≥100 kb,tRNA-,18.0,1.2787536009528289
NZ_CP183780.1,133120,≥100 kb,tRNA-,10.0,1.0413926851582251
NZ_CP183786.1,133120,≥100 kb,tRNA-,10.0,1.0413926851582251
NZ_CP183788.1,53116,<100 kb,tRNA-,6.0,0.8450980400142568
NZ_CP127951.1,155920,≥100 kb,tRNA-,7.0,0.9030899869919435
NZ_CP127952.1,148625,≥100 kb,tRNA-,1.0,0.3010299956639812
NZ_CP127941.1,176336,≥100 kb,tRNA-,16.0,1.2304489213782739
NZ_CP127942.1,148625,≥100 kb,tRNA-,1.0,0.3010299956639812
NZ_CP127943.1,66275,<100 kb,tRNA-,2.0,0.47712125471966244
NZ_CP127930.1,101883,≥100 kb,tRNA-,1.0,0.3010299956639812
NZ_CP127927.1,66276,<100 kb,tRNA-,2.0,0.47712125471966244
NZ_CP127936.1,236426,≥100 kb,tRNA-,11.0,1.0791812460476249
NZ_CP127932.1,139648,≥100 kb,tRNA-,9.0,1.0
NZ_CP127933.1,93726,<100 kb,tRNA-,5.0,0.7781512503836436
NZ_CP127937.1,65499,<100 kb,tRNA-,2.0,0.47712125471966244
NZ_CP127938.1,148705,≥100 kb,tRNA-,15.0,1.2041199826559248
NZ_CP127940.1,96160,<100 kb,tRNA-,4.0,0.6989700043360189
NZ_CP127947.1,138688,≥100 kb,tRNA-,9.0,1.0
NZ_CP127950.1,93546,<100 kb,tRNA-,4.0,0.6989700043360189
NZ_CP127948.1,86963,<100 kb,tRNA-,7.0,0.9030899869919435
NZ_CP127959.1,191157,≥100 kb,tRNA-,15.0,1.2041199826559248
NZ_CP127956.1,87906,<100 kb,tRNA-,6.0,0.8450980400142568
NZ_CP127961.1,176336,≥100 kb,tRNA-,16.0,1.2304489213782739
NZ_CP127966.1,161838,≥100 kb,tRNA-,3.0,0.6020599913279624
NZ_CP127963.1,64722,<100 kb,tRNA-,2.0,0.47712125471966244
NZ_CP127968.1,63902,<100 kb,tRNA-,6.0,0.8450980400142568
NZ_CP127969.1,38828,<100 kb,tRNA-,1.0,0.3010299956639812
NZ_CP127973.1,176336,≥100 kb,tRNA-,16.0,1.2304489213782739
NZ_CP127974.1,65499,<100 kb,tRNA-,2.0,0.47712125471966244
NZ_CP127995.1,140476,≥100 kb,tRNA-,9.0,1.0
NZ_CP127996.1,98261,<100 kb,tRNA-,5.0,0.7781512503836436
NZ_CP127997.1,86963,<100 kb,tRNA-,7.0,0.9030899869919435
NZ_CP127976.1,196836,≥100 kb,tRNA-,18.0,1.2787536009528289
NZ_CP127983.1,115138,≥100 kb,tRNA-,4.0,0.6989700043360189
NZ_CP127977.1,87439,<100 kb,tRNA-,6.0,0.8450980400142568
NZ_CP127990.1,104355,≥100 kb,tRNA-,9.0,1.0
NZ_CP127984.1,145564,≥100 kb,tRNA-,11.0,1.0791812460476249
NZ_CP127988.1,54510,<100 kb,tRNA-,5.0,0.7781512503836436
NZ_CP128001.1,115858,≥100 kb,tRNA-,6.0,0.8450980400142568
NZ_CP128004.1,91070,<100 kb,tRNA-,6.0,0.8450980400142568
NZ_CP128005.1,40309,<100 kb,tRNA-,5.0,0.7781512503836436
NZ_CP128008.1,176336,≥100 kb,tRNA-,16.0,1.2304489213782739
NZ_CP128012.1,171630,≥100 kb,tRNA-,3.0,0.6020599913279624
NZ_CP128043.1,155920,≥100 kb,tRNA-,7.0,0.9030899869919435
NZ_CP128047.1,148625,≥100 kb,tRNA-,1.0,0.3010299956639812
NZ_CP128019.1,137932,≥100 kb,tRNA-,5.0,0.7781512503836436
NZ_CP128020.1,135393,≥100 kb,tRNA-,8.0,0.9542425094393249
NZ_CP128035.1,148705,≥100 kb,tRNA-,15.0,1.2041199826559248
NZ_CP128036.1,71037,<100 kb,tRNA-,4.0,0.6989700043360189
NZ_CP128040.1,54499,<100 kb,tRNA-,5.0,0.7781512503836436
NZ_CP128034.1,205977,≥100 kb,tRNA-,15.0,1.2041199826559248
NZ_CP128032.1,104048,≥100 kb,tRNA-,6.0,0.8450980400142568
NZ_CP146098.1,94914,<100 kb,tRNA-,18.0,1.2787536009528289
NZ_CP184851.1,133053,≥100 kb,tRNA-,11.0,1.0791812460476249
NZ_CP184856.1,133053,≥100 kb,tRNA-,11.0,1.0791812460476249
NZ_CP184861.1,133053,≥100 kb,tRNA-,11.0,1.0791812460476249
NZ_CP184994.1,46836,<100 kb,tRNA-,4.0,0.6989700043360189
NZ_CP184996.1,46836,<100 kb,tRNA-,6.0,0.8450980400142568
NZ_CP184997.1,159393,≥100 kb,tRNA-,10.0,1.0413926851582251
NZ_CP185000.1,46831,<100 kb,tRNA-,6.0,0.8450980400142568
NZ_CP185002.1,239431,≥100 kb,tRNA-,12.0,1.1139433523068367
NZ_CP185004.1,107162,≥100 kb,tRNA-,20.0,1.3222192947339193
NZ_CP185005.1,121551,≥100 kb,tRNA-,8.0,0.9542425094393249
NZ_CP185009.1,199298,≥100 kb,tRNA-,10.0,1.0413926851582251
NZ_CP185011.1,46820,<100 kb,tRNA-,6.0,0.8450980400142568
NZ_CP185014.1,149370,≥100 kb,tRNA-,8.0,0.9542425094393249
NZ_CP185016.1,228976,≥100 kb,tRNA-,20.0,1.3222192947339193
NZ_CP185017.1,74465,<100 kb,tRNA-,1.0,0.3010299956639812
NZ_CP185018.1,48927,<100 kb,tRNA-,5.0,0.7781512503836436
NZ_CP185021.1,112298,≥100 kb,tRNA-,4.0,0.6989700043360189
NZ_CP185023.1,115465,≥100 kb,tRNA-,8.0,0.9542425094393249
NZ_CP185024.1,46837,<100 kb,tRNA-,4.0,0.6989700043360189
NZ_CP185025.1,246728,≥100 kb,tRNA-,13.0,1.146128035678238
NZ_CP185027.1,46823,<100 kb,tRNA-,4.0,0.6989700043360189
NZ_CP185029.1,246727,≥100 kb,tRNA-,12.0,1.1139433523068367
NZ_CP185030.1,46834,<100 kb,tRNA-,6.0,0.8450980400142568
NZ_CP185032.1,246729,≥100 kb,tRNA-,13.0,1.146128035678238
NZ_CP185042.1,46829,<100 kb,tRNA-,6.0,0.8450980400142568
NZ_CP185044.1,246699,≥100 kb,tRNA-,13.0,1.146128035678238
NZ_CP185034.1,39776,<100 kb,tRNA-,5.0,0.7781512503836436
NZ_CP185035.1,61752,<100 kb,tRNA-,1.0,0.3010299956639812
NZ_CP185036.1,78728,<100 kb,tRNA-,9.0,1.0
NZ_CP185037.1,45641,<100 kb,tRNA-,4.0,0.6989700043360189
NZ_CP185038.1,137096,≥100 kb,tRNA-,8.0,0.9542425094393249
NZ_CP185046.1,46833,<100 kb,tRNA-,6.0,0.8450980400142568
NZ_CP185047.1,247376,≥100 kb,tRNA-,13.0,1.146128035678238
NZ_CP185048.1,246542,≥100 kb,tRNA-,13.0,1.146128035678238
NZ_CP185049.1,46830,<100 kb,tRNA-,6.0,0.8450980400142568
NZ_CP185051.1,46835,<100 kb,tRNA-,6.0,0.8450980400142568
NZ_CP185053.1,246540,≥100 kb,tRNA-,13.0,1.146128035678238
NZ_CP185054.1,213503,≥100 kb,tRNA-,14.0,1.1760912590556813
NZ_CP185056.1,246539,≥100 kb,tRNA-,13.0,1.146128035678238
NZ_CP185057.1,46828,<100 kb,tRNA-,6.0,0.8450980400142568
NZ_CP185059.1,46832,<100 kb,tRNA-,6.0,0.8450980400142568
NZ_CP185060.1,246329,≥100 kb,tRNA-,12.0,1.1139433523068367
NZ_CP185062.1,46833,<100 kb,tRNA-,6.0,0.8450980400142568
NZ_CP185064.1,241844,≥100 kb,tRNA-,13.0,1.146128035678238
NZ_CP185066.1,204910,≥100 kb,tRNA-,15.0,1.2041199826559248
NZ_CP185069.1,231225,≥100 kb,tRNA-,17.0,1.255272505103306
NZ_CP185071.1,45632,<100 kb,tRNA-,4.0,0.6989700043360189
NZ_CP185073.1,244114,≥100 kb,tRNA-,11.0,1.0791812460476249
NZ_CP185074.1,46835,<100 kb,tRNA-,6.0,0.8450980400142568
NZ_CP185076.1,246545,≥100 kb,tRNA-,13.0,1.146128035678238
NZ_CP185078.1,46825,<100 kb,tRNA-,4.0,0.6989700043360189
NZ_CP185079.1,246544,≥100 kb,tRNA-,13.0,1.146128035678238
NZ_CP185080.1,246725,≥100 kb,tRNA-,13.0,1.146128035678238
NZ_CP185081.1,46833,<100 kb,tRNA-,4.0,0.6989700043360189
NZ_CP185083.1,46833,<100 kb,tRNA-,6.0,0.8450980400142568
NZ_CP185085.1,246544,≥100 kb,tRNA-,13.0,1.146128035678238
NZ_CP185091.1,246536,≥100 kb,tRNA-,13.0,1.146128035678238
NZ_CP185092.1,71190,<100 kb,tRNA-,10.0,1.0413926851582251
NZ_CP185086.1,4238,<100 kb,tRNA-,1.0,0.3010299956639812
NZ_CP185088.1,289967,≥100 kb,tRNA-,15.0,1.2041199826559248
NZ_CP185093.1,46829,<100 kb,tRNA-,6.0,0.8450980400142568
NZ_CP185095.1,246533,≥100 kb,tRNA-,13.0,1.146128035678238
NZ_CP185096.1,46836,<100 kb,tRNA-,4.0,0.6989700043360189
NZ_CP185098.1,246556,≥100 kb,tRNA-,13.0,1.146128035678238
NZ_CP185099.1,46834,<100 kb,tRNA-,4.0,0.6989700043360189
NZ_CP185101.1,246543,≥100 kb,tRNA-,12.0,1.1139433523068367
NZ_CP185102.1,46834,<100 kb,tRNA-,4.0,0.6989700043360189
NZ_CP185104.1,246544,≥100 kb,tRNA-,13.0,1.146128035678238
NZ_CP185105.1,246542,≥100 kb,tRNA-,13.0,1.146128035678238
NZ_CP185106.1,46819,<100 kb,tRNA-,6.0,0.8450980400142568
NZ_CP185109.1,192585,≥100 kb,tRNA-,13.0,1.146128035678238
NZ_CP185110.1,46824,<100 kb,tRNA-,4.0,0.6989700043360189
NZ_CP185119.1,247371,≥100 kb,tRNA-,13.0,1.146128035678238
NZ_CP185120.1,46832,<100 kb,tRNA-,4.0,0.6989700043360189
NZ_CP185112.1,47119,<100 kb,tRNA-,6.0,0.8450980400142568
NZ_CP185113.1,246537,≥100 kb,tRNA-,13.0,1.146128035678238
NZ_CP185129.1,239431,≥100 kb,tRNA-,17.0,1.255272505103306
NZ_CP185122.1,246548,≥100 kb,tRNA-,13.0,1.146128035678238
NZ_CP185124.1,46833,<100 kb,tRNA-,6.0,0.8450980400142568
NZ_CP185126.1,47094,<100 kb,tRNA-,6.0,0.8450980400142568
NZ_CP185127.1,246533,≥100 kb,tRNA-,13.0,1.146128035678238
NZ_CP185131.1,46833,<100 kb,tRNA-,6.0,0.8450980400142568
NZ_CP185132.1,171180,≥100 kb,tRNA-,8.0,0.9542425094393249
NZ_CP185133.1,192595,≥100 kb,tRNA-,13.0,1.146128035678238
NZ_CP185135.1,46830,<100 kb,tRNA-,4.0,0.6989700043360189
NZ_CP185137.1,189753,≥100 kb,tRNA-,12.0,1.1139433523068367
NZ_CP185138.1,46828,<100 kb,tRNA-,4.0,0.6989700043360189
NZ_CP185140.1,192592,≥100 kb,tRNA-,12.0,1.1139433523068367
NZ_CP185141.1,46891,<100 kb,tRNA-,4.0,0.6989700043360189
NZ_CP185144.1,46833,<100 kb,tRNA-,6.0,0.8450980400142568
NZ_CP185146.1,217126,≥100 kb,tRNA-,13.0,1.146128035678238
NZ_CP185147.1,192599,≥100 kb,tRNA-,13.0,1.146128035678238
NZ_CP185148.1,46824,<100 kb,tRNA-,4.0,0.6989700043360189
NZ_CP185156.1,192598,≥100 kb,tRNA-,13.0,1.146128035678238
NZ_CP185157.1,46834,<100 kb,tRNA-,6.0,0.8450980400142568
NZ_CP185158.1,46833,<100 kb,tRNA-,6.0,0.8450980400142568
NZ_CP185160.1,173898,≥100 kb,tRNA-,11.0,1.0791812460476249
NZ_CP185161.1,258922,≥100 kb,tRNA-,5.0,0.7781512503836436
NZ_CP185163.1,9642,<100 kb,tRNA-,1.0,0.3010299956639812
NZ_CP185164.1,21962,<100 kb,tRNA-,7.0,0.9030899869919435
NZ_CP185169.1,46832,<100 kb,tRNA-,4.0,0.6989700043360189
NZ_CP185171.1,243116,≥100 kb,tRNA-,11.0,1.0791812460476249
NZ_CP185166.1,93676,<100 kb,tRNA-,12.0,1.1139433523068367
NZ_CP185168.1,192587,≥100 kb,tRNA-,13.0,1.146128035678238
NZ_CP185177.1,172716,≥100 kb,tRNA-,10.0,1.0413926851582251
NZ_CP185179.1,46831,<100 kb,tRNA-,6.0,0.8450980400142568
NZ_CP185181.1,46833,<100 kb,tRNA-,6.0,0.8450980400142568
NZ_CP185182.1,238802,≥100 kb,tRNA-,12.0,1.1139433523068367
NZ_CP185183.1,155572,≥100 kb,tRNA-,13.0,1.146128035678238
NZ_CP185185.1,46834,<100 kb,tRNA-,6.0,0.8450980400142568
NZ_CP185186.1,83055,<100 kb,tRNA-,1.0,0.3010299956639812
NZ_CP185187.1,48091,<100 kb,tRNA-,6.0,0.8450980400142568
NZ_CP185189.1,243114,≥100 kb,tRNA-,11.0,1.0791812460476249
NZ_CP185192.1,48090,<100 kb,tRNA-,4.0,0.6989700043360189
NZ_CP185193.1,243119,≥100 kb,tRNA-,14.0,1.1760912590556813
NZ_CP185195.1,232485,≥100 kb,tRNA-,11.0,1.0791812460476249
NZ_CP185196.1,61059,<100 kb,tRNA-,8.0,0.9542425094393249
NZ_CP185197.1,232484,≥100 kb,tRNA-,11.0,1.0791812460476249
NZ_CP185199.1,61058,<100 kb,tRNA-,6.0,0.8450980400142568
NZ_CP185202.1,200624,≥100 kb,tRNA-,18.0,1.2787536009528289
NZ_CP185204.1,55581,<100 kb,tRNA-,7.0,0.9030899869919435
NZ_CP185206.1,232474,≥100 kb,tRNA-,10.0,1.0413926851582251
NZ_CP185207.1,48095,<100 kb,tRNA-,6.0,0.8450980400142568
NZ_CP185208.1,243135,≥100 kb,tRNA-,12.0,1.1139433523068367
NZ_CP185211.1,46824,<100 kb,tRNA-,6.0,0.8450980400142568
NZ_CP185214.1,46835,<100 kb,tRNA-,6.0,0.8450980400142568
NZ_CP185217.1,258491,≥100 kb,tRNA-,15.0,1.2041199826559248
NZ_CP185219.1,48097,<100 kb,tRNA-,6.0,0.8450980400142568
NZ_CP185220.1,46835,<100 kb,tRNA-,6.0,0.8450980400142568
NZ_CP185221.1,240007,≥100 kb,tRNA-,12.0,1.1139433523068367
NZ_CP185223.1,236517,≥100 kb,tRNA-,11.0,1.0791812460476249
NZ_CP185224.1,46834,<100 kb,tRNA-,4.0,0.6989700043360189
NZ_CP185226.1,246555,≥100 kb,tRNA-,13.0,1.146128035678238
NZ_CP185228.1,46836,<100 kb,tRNA-,6.0,0.8450980400142568
NZ_CP185229.1,61062,<100 kb,tRNA-,5.0,0.7781512503836436
NZ_CP185231.1,232500,≥100 kb,tRNA-,11.0,1.0791812460476249
NZ_CP185239.1,243959,≥100 kb,tRNA-,12.0,1.1139433523068367
NZ_CP185235.1,192767,≥100 kb,tRNA-,12.0,1.1139433523068367
NZ_CP185237.1,48096,<100 kb,tRNA-,6.0,0.8450980400142568
NZ_CP185233.1,243129,≥100 kb,tRNA-,12.0,1.1139433523068367
NZ_CP185234.1,46835,<100 kb,tRNA-,4.0,0.6989700043360189
NZ_CP185388.1,209929,≥100 kb,tRNA-,4.0,0.6989700043360189
NZ_CP128029.1,205977,≥100 kb,tRNA-,15.0,1.2041199826559248
NZ_CP128030.1,104047,≥100 kb,tRNA-,6.0,0.8450980400142568
NZ_CP128017.1,67961,<100 kb,tRNA-,6.0,0.8450980400142568
NZ_CP128023.1,133290,≥100 kb,tRNA-,4.0,0.6989700043360189
NZ_CP128026.1,92868,<100 kb,tRNA-,5.0,0.7781512503836436
NZ_CP128048.1,118188,≥100 kb,tRNA-,4.0,0.6989700043360189
NZ_CP128077.1,137932,≥100 kb,tRNA-,5.0,0.7781512503836436
NZ_CP128075.1,135393,≥100 kb,tRNA-,8.0,0.9542425094393249
NZ_CP128058.1,174679,≥100 kb,tRNA-,15.0,1.2041199826559248
NZ_CP128068.1,174679,≥100 kb,tRNA-,15.0,1.2041199826559248
NZ_CP128072.1,95621,<100 kb,tRNA-,6.0,0.8450980400142568
NZ_CP128052.1,174479,≥100 kb,tRNA-,15.0,1.2041199826559248
NZ_CP128053.1,100971,≥100 kb,tRNA-,6.0,0.8450980400142568
NZ_CP128067.1,98935,<100 kb,tRNA-,6.0,0.8450980400142568
NZ_CP128064.1,74400,<100 kb,tRNA-,8.0,0.9542425094393249
NZ_CP128079.1,206805,≥100 kb,tRNA-,15.0,1.2041199826559248
NZ_CP128081.1,104047,≥100 kb,tRNA-,6.0,0.8450980400142568
NZ_CP128082.1,127047,≥100 kb,tRNA-,14.0,1.1760912590556813
NZ_CP128087.1,99558,<100 kb,tRNA-,5.0,0.7781512503836436
NZ_CP128089.1,158828,≥100 kb,tRNA-,19.0,1.3010299956639813
NZ_CP128092.1,94714,<100 kb,tRNA-,4.0,0.6989700043360189
NZ_CP128093.1,205977,≥100 kb,tRNA-,15.0,1.2041199826559248
NZ_CP128094.1,104048,≥100 kb,tRNA-,6.0,0.8450980400142568
NZ_CP128098.1,325200,≥100 kb,tRNA-,14.0,1.1760912590556813
NZ_CP128099.1,206805,≥100 kb,tRNA-,15.0,1.2041199826559248
NZ_CP186343.1,247177,≥100 kb,tRNA-,13.0,1.146128035678238
NZ_CP186346.1,51112,<100 kb,tRNA-,4.0,0.6989700043360189
NZ_CP186489.1,121881,≥100 kb,tRNA-,15.0,1.2041199826559248
NZ_CP186349.1,188177,≥100 kb,tRNA-,7.0,0.9030899869919435
NZ_CP186353.1,98142,<100 kb,tRNA-,8.0,0.9542425094393249
NZ_CP186354.1,53156,<100 kb,tRNA-,3.0,0.6020599913279624
NZ_CP186381.1,201374,≥100 kb,tRNA-,4.0,0.6989700043360189
NZ_CP186427.1,103713,≥100 kb,tRNA-,6.0,0.8450980400142568
NZ_CP186433.1,76975,<100 kb,tRNA-,1.0,0.3010299956639812
NZ_CP186429.1,43143,<100 kb,tRNA-,3.0,0.6020599913279624
NZ_CP186447.1,126118,≥100 kb,tRNA-,7.0,0.9030899869919435
NZ_CP186437.1,178398,≥100 kb,tRNA-,10.0,1.0413926851582251
NZ_CP186451.1,148891,≥100 kb,tRNA-,7.0,0.9030899869919435
NZ_CP186478.1,93219,<100 kb,tRNA-,6.0,0.8450980400142568
NZ_CP186477.1,6141,<100 kb,tRNA-,2.0,0.47712125471966244
NZ_CP186461.1,150109,≥100 kb,tRNA-,6.0,0.8450980400142568
NZ_CP186467.1,191115,≥100 kb,tRNA-,9.0,1.0
NZ_CP186385.1,201374,≥100 kb,tRNA-,4.0,0.6989700043360189
NZ_CP186401.1,186168,≥100 kb,tRNA-,9.0,1.0
NZ_CP186400.1,110655,≥100 kb,tRNA-,1.0,0.3010299956639812
NZ_CP186405.1,180837,≥100 kb,tRNA-,7.0,0.9030899869919435
NZ_CP186408.1,215105,≥100 kb,tRNA-,8.0,0.9542425094393249
NZ_CP186410.1,53292,<100 kb,tRNA-,6.0,0.8450980400142568
NZ_CP186434.1,181665,≥100 kb,tRNA-,7.0,0.9030899869919435
NZ_CP186412.1,216875,≥100 kb,tRNA-,9.0,1.0
NZ_CP186414.1,53292,<100 kb,tRNA-,6.0,0.8450980400142568
NZ_CP186423.1,128129,≥100 kb,tRNA-,3.0,0.6020599913279624
NZ_CP186422.1,110655,≥100 kb,tRNA-,1.0,0.3010299956639812
NZ_CP186367.1,180837,≥100 kb,tRNA-,7.0,0.9030899869919435
NZ_CP186372.1,6141,<100 kb,tRNA-,2.0,0.47712125471966244
NZ_CP186362.1,146661,≥100 kb,tRNA-,3.0,0.6020599913279624
NZ_CP186389.1,129653,≥100 kb,tRNA-,9.0,1.0
NZ_CP186418.1,186168,≥100 kb,tRNA-,9.0,1.0
NZ_CP186417.1,110655,≥100 kb,tRNA-,1.0,0.3010299956639812
NZ_CP186374.1,201374,≥100 kb,tRNA-,4.0,0.6989700043360189
NZ_CP186379.1,6141,<100 kb,tRNA-,2.0,0.47712125471966244
NZ_CP186660.1,115367,≥100 kb,tRNA-,12.0,1.1139433523068367
NZ_CP186684.1,73277,<100 kb,tRNA-,11.0,1.0791812460476249
NZ_CP186683.1,118612,≥100 kb,tRNA-,8.0,0.9542425094393249
NZ_CP186652.1,115367,≥100 kb,tRNA-,12.0,1.1139433523068367
NZ_CP186669.1,51479,<100 kb,tRNA-,3.0,0.6020599913279624
NZ_CP186668.1,77490,<100 kb,tRNA-,8.0,0.9542425094393249
NZ_CP186667.1,137593,≥100 kb,tRNA-,9.0,1.0
NZ_CP186666.1,250325,≥100 kb,tRNA-,12.0,1.1139433523068367
NZ_CP186647.1,211181,≥100 kb,tRNA-,6.0,0.8450980400142568
NZ_CP186657.1,117606,≥100 kb,tRNA-,12.0,1.1139433523068367
NZ_CP186678.1,73277,<100 kb,tRNA-,11.0,1.0791812460476249
NZ_CP186677.1,118612,≥100 kb,tRNA-,8.0,0.9542425094393249
NZ_CP186633.1,243522,≥100 kb,tRNA-,8.0,0.9542425094393249
NZ_CP186631.1,383487,≥100 kb,tRNA-,25.0,1.414973347970818
NZ_CP186632.1,5250802,≥100 kb,tRNA+,109.0,2.041392685158225
NZ_CP186644.1,12276,<100 kb,tRNA-,4.0,0.6989700043360189
NZ_CP186638.1,75106,<100 kb,tRNA-,8.0,0.9542425094393249
NZ_CP186645.1,103522,≥100 kb,tRNA-,15.0,1.2041199826559248
NZ_CP186624.1,92490,<100 kb,tRNA-,16.0,1.2304489213782739
NZ_CP186625.1,133177,≥100 kb,tRNA-,30.0,1.4913616938342726
NZ_CP063027.1,104772,≥100 kb,tRNA-,10.0,1.0413926851582251
NZ_CP063028.1,85185,<100 kb,tRNA-,7.0,0.9030899869919435
NZ_CP063037.1,111987,≥100 kb,tRNA-,9.0,1.0
NZ_CP063038.1,85185,<100 kb,tRNA-,7.0,0.9030899869919435
NZ_CP063033.1,108280,≥100 kb,tRNA-,5.0,0.7781512503836436
NZ_CP063034.1,82966,<100 kb,tRNA-,6.0,0.8450980400142568
NZ_CP063041.1,117926,≥100 kb,tRNA-,10.0,1.0413926851582251
NZ_CP063042.1,86385,<100 kb,tRNA-,7.0,0.9030899869919435
NZ_CP186865.1,246550,≥100 kb,tRNA-,13.0,1.146128035678238
NZ_CP186867.1,46835,<100 kb,tRNA-,6.0,0.8450980400142568
NZ_CP186869.1,192769,≥100 kb,tRNA-,13.0,1.146128035678238
NZ_CP186871.1,46832,<100 kb,tRNA-,6.0,0.8450980400142568
NZ_CP186873.1,213500,≥100 kb,tRNA-,13.0,1.146128035678238
NZ_CP186874.1,192599,≥100 kb,tRNA-,13.0,1.146128035678238
NZ_CP186876.1,46830,<100 kb,tRNA-,4.0,0.6989700043360189
NZ_CP186939.1,107151,≥100 kb,tRNA-,10.0,1.0413926851582251
NZ_CP186940.1,163911,≥100 kb,tRNA-,11.0,1.0791812460476249
NZ_CP186947.1,113639,≥100 kb,tRNA-,7.0,0.9030899869919435
NZ_CP186948.1,155929,≥100 kb,tRNA-,10.0,1.0413926851582251
NZ_CP187134.1,126679,≥100 kb,tRNA-,12.0,1.1139433523068367
NZ_CP187123.1,113639,≥100 kb,tRNA-,7.0,0.9030899869919435
NZ_CP187124.1,155929,≥100 kb,tRNA-,10.0,1.0413926851582251
NZ_CP131728.1,151965,≥100 kb,tRNA-,17.0,1.255272505103306
NZ_CP131730.1,44136,<100 kb,tRNA-,4.0,0.6989700043360189
NZ_CP131735.1,312689,≥100 kb,tRNA-,16.0,1.2304489213782739
NZ_CP131736.1,123285,≥100 kb,tRNA-,5.0,0.7781512503836436
NZ_CP131741.1,317969,≥100 kb,tRNA-,13.0,1.146128035678238
NZ_CP131742.1,144519,≥100 kb,tRNA-,15.0,1.2041199826559248
NZ_CP187243.1,247701,≥100 kb,tRNA-,9.0,1.0
NZ_CP187244.1,127746,≥100 kb,tRNA-,16.0,1.2304489213782739
NZ_CP187245.1,65029,<100 kb,tRNA-,5.0,0.7781512503836436
NZ_CP187304.1,120349,≥100 kb,tRNA-,6.0,0.8450980400142568
NZ_CP187305.1,60947,<100 kb,tRNA-,3.0,0.6020599913279624
NZ_CP187964.1,246922,≥100 kb,tRNA-,9.0,1.0
NZ_CP173411.1,140060,≥100 kb,tRNA-,9.0,1.0
NZ_CP173412.1,89248,<100 kb,tRNA-,7.0,0.9030899869919435
NZ_CP188102.1,134602,≥100 kb,tRNA-,9.0,1.0
NZ_CP188104.1,84870,<100 kb,tRNA-,6.0,0.8450980400142568
NZ_CP188229.1,102462,≥100 kb,tRNA-,4.0,0.6989700043360189
NZ_CP188264.1,102478,≥100 kb,tRNA-,4.0,0.6989700043360189
NZ_CP189717.1,129329,≥100 kb,tRNA-,12.0,1.1139433523068367
NZ_CP181942.1,247175,≥100 kb,tRNA-,13.0,1.146128035678238
NZ_CP181876.1,229794,≥100 kb,tRNA-,10.0,1.0413926851582251
NZ_CP181892.1,247179,≥100 kb,tRNA-,13.0,1.146128035678238
NZ_CP181894.1,226718,≥100 kb,tRNA-,10.0,1.0413926851582251
NZ_CP181806.1,206098,≥100 kb,tRNA-,14.0,1.1760912590556813
NZ_CP181815.1,175315,≥100 kb,tRNA-,8.0,0.9542425094393249
NZ_CP181791.1,219056,≥100 kb,tRNA-,13.0,1.146128035678238
NZ_CP181766.1,133731,≥100 kb,tRNA-,11.0,1.0791812460476249
NZ_CP181695.1,173230,≥100 kb,tRNA-,4.0,0.6989700043360189
NZ_CP181664.1,120553,≥100 kb,tRNA-,9.0,1.0
NZ_CP181645.1,81579,<100 kb,tRNA-,13.0,1.146128035678238
NZ_CP181651.1,192774,≥100 kb,tRNA-,13.0,1.146128035678238
NZ_CP181658.1,155720,≥100 kb,tRNA-,9.0,1.0
NZ_CP181659.1,41531,<100 kb,tRNA-,4.0,0.6989700043360189
NZ_CP181599.1,162787,≥100 kb,tRNA-,4.0,0.6989700043360189
NZ_CP181624.1,274115,≥100 kb,tRNA-,16.0,1.2304489213782739
NZ_CP181553.1,247179,≥100 kb,tRNA-,13.0,1.146128035678238
NZ_CP189831.1,53848,<100 kb,tRNA-,7.0,0.9030899869919435
NZ_CP182079.1,186195,≥100 kb,tRNA-,10.0,1.0413926851582251
NZ_CP182090.1,54496,<100 kb,tRNA-,7.0,0.9030899869919435
NZ_CP182051.1,153970,≥100 kb,tRNA-,1.0,0.3010299956639812
NZ_CP182049.1,163822,≥100 kb,tRNA-,1.0,0.3010299956639812
NZ_CP182048.1,133526,≥100 kb,tRNA-,11.0,1.0791812460476249
NZ_CP182074.1,38675,<100 kb,tRNA-,2.0,0.47712125471966244
NZ_CP182076.1,119599,≥100 kb,tRNA-,12.0,1.1139433523068367
NZ_CP182011.1,38623,<100 kb,tRNA-,3.0,0.6020599913279624
NZ_CP182017.1,378059,≥100 kb,tRNA-,15.0,1.2041199826559248
NZ_CP184150.1,181271,≥100 kb,tRNA-,10.0,1.0413926851582251
NZ_CP184154.1,114870,≥100 kb,tRNA-,7.0,0.9030899869919435
NZ_CP184151.1,84490,<100 kb,tRNA-,13.0,1.146128035678238
NZ_CP189957.1,92447,<100 kb,tRNA-,1.0,0.3010299956639812
NZ_CP189894.1,200740,≥100 kb,tRNA-,21.0,1.3424226808222062
NZ_CP189895.1,214285,≥100 kb,tRNA-,1.0,0.3010299956639812
NZ_CP189898.1,168960,≥100 kb,tRNA-,11.0,1.0791812460476249
NZ_CP189899.1,124930,≥100 kb,tRNA-,17.0,1.255272505103306
NZ_CP191320.1,170671,≥100 kb,tRNA-,14.0,1.1760912590556813
NZ_CP191321.1,53023,<100 kb,tRNA-,4.0,0.6989700043360189
NZ_CP191322.1,50631,<100 kb,tRNA-,6.0,0.8450980400142568
NZ_CP191326.1,170669,≥100 kb,tRNA-,14.0,1.1760912590556813
NZ_CP191327.1,53023,<100 kb,tRNA-,4.0,0.6989700043360189
NZ_CP191328.1,50631,<100 kb,tRNA-,6.0,0.8450980400142568
NZ_CP191393.1,107053,≥100 kb,tRNA-,9.0,1.0
NZ_CP191489.1,252792,≥100 kb,tRNA-,8.0,0.9542425094393249
NZ_CP191490.1,40449,<100 kb,tRNA-,1.0,0.3010299956639812
NZ_CP191477.1,93699,<100 kb,tRNA-,4.0,0.6989700043360189
NZ_CP191475.1,304938,≥100 kb,tRNA-,19.0,1.3010299956639813
NZ_CP191478.1,25061,<100 kb,tRNA-,4.0,0.6989700043360189
NZ_CP177331.1,323738,≥100 kb,tRNA-,15.0,1.2041199826559248
NZ_CP177333.1,56083,<100 kb,tRNA-,9.0,1.0
NZ_CP177332.1,108400,≥100 kb,tRNA-,5.0,0.7781512503836436
NZ_LR025089.1,220174,≥100 kb,tRNA-,15.0,1.2041199826559248
NZ_LR025091.1,63589,<100 kb,tRNA-,2.0,0.47712125471966244
NZ_LR025100.1,63589,<100 kb,tRNA-,2.0,0.47712125471966244
NZ_LR025093.1,231732,≥100 kb,tRNA-,15.0,1.2041199826559248
NZ_LR025095.1,63592,<100 kb,tRNA-,2.0,0.47712125471966244
NZ_LR130542.1,202379,≥100 kb,tRNA-,5.0,0.7781512503836436
NZ_LR130549.1,207198,≥100 kb,tRNA-,8.0,0.9542425094393249
NZ_LR130551.1,13841,<100 kb,tRNA-,1.0,0.3010299956639812
NZ_LR745044.1,61761,<100 kb,tRNA-,2.0,0.47712125471966244
NZ_LR745047.1,100433,≥100 kb,tRNA-,2.0,0.47712125471966244
NZ_OW970366.1,117442,≥100 kb,tRNA-,3.0,0.6020599913279624
NZ_OW970367.1,65762,<100 kb,tRNA-,9.0,1.0
NZ_OW970368.1,63589,<100 kb,tRNA-,2.0,0.47712125471966244
NZ_OW970542.1,74813,<100 kb,tRNA-,6.0,0.8450980400142568
NZ_OW970543.1,63589,<100 kb,tRNA-,2.0,0.47712125471966244
NZ_OW970561.1,121082,≥100 kb,tRNA-,3.0,0.6020599913279624
NZ_OW970562.1,65762,<100 kb,tRNA-,10.0,1.0413926851582251
NZ_OW970563.1,63589,<100 kb,tRNA-,2.0,0.47712125471966244
NZ_OW970453.1,117649,≥100 kb,tRNA-,1.0,0.3010299956639812
NZ_OW970454.1,64366,<100 kb,tRNA-,2.0,0.47712125471966244
NZ_OW970455.1,58021,<100 kb,tRNA-,6.0,0.8450980400142568
NZ_OW970415.1,83975,<100 kb,tRNA-,9.0,1.0
NZ_OW970416.1,63589,<100 kb,tRNA-,2.0,0.47712125471966244
NZ_OW970375.1,215903,≥100 kb,tRNA-,11.0,1.0791812460476249
NZ_OW970376.1,41949,<100 kb,tRNA-,1.0,0.3010299956639812
NZ_OW970479.1,119845,≥100 kb,tRNA-,3.0,0.6020599913279624
NZ_OW970481.1,52932,<100 kb,tRNA-,3.0,0.6020599913279624
NZ_OW970482.1,49695,<100 kb,tRNA-,2.0,0.47712125471966244
NZ_OW970423.1,121066,≥100 kb,tRNA-,3.0,0.6020599913279624
NZ_OW970424.1,63589,<100 kb,tRNA-,2.0,0.47712125471966244
NZ_OW970437.1,121034,≥100 kb,tRNA-,3.0,0.6020599913279624
NZ_OW970438.1,64662,<100 kb,tRNA-,6.0,0.8450980400142568
NZ_OW970439.1,63589,<100 kb,tRNA-,2.0,0.47712125471966244
NZ_OW970515.1,121074,≥100 kb,tRNA-,3.0,0.6020599913279624
NZ_OW970517.1,52932,<100 kb,tRNA-,3.0,0.6020599913279624
NZ_OW970518.1,49695,<100 kb,tRNA-,2.0,0.47712125471966244
NZ_OW970494.1,83975,<100 kb,tRNA-,9.0,1.0
NZ_OW970495.1,63589,<100 kb,tRNA-,2.0,0.47712125471966244
NZ_OW970358.1,116273,≥100 kb,tRNA-,3.0,0.6020599913279624
NZ_OW970359.1,67089,<100 kb,tRNA-,8.0,0.9542425094393249
NZ_OW970360.1,63589,<100 kb,tRNA-,2.0,0.47712125471966244
NZ_OW970487.1,121034,≥100 kb,tRNA-,3.0,0.6020599913279624
NZ_OW970445.1,119298,≥100 kb,tRNA-,7.0,0.9030899869919435
NZ_OW970446.1,96925,<100 kb,tRNA-,4.0,0.6989700043360189
NZ_OW970447.1,38201,<100 kb,tRNA-,2.0,0.47712125471966244
NZ_OW970554.1,121066,≥100 kb,tRNA-,3.0,0.6020599913279624
NZ_OW970555.1,65762,<100 kb,tRNA-,9.0,1.0
NZ_OW970556.1,63589,<100 kb,tRNA-,2.0,0.47712125471966244
NZ_OW970531.1,121074,≥100 kb,tRNA-,3.0,0.6020599913279624
NZ_OW970532.1,63589,<100 kb,tRNA-,2.0,0.47712125471966244
NZ_OW970534.1,44051,<100 kb,tRNA-,3.0,0.6020599913279624
NZ_LR890179.1,303850,≥100 kb,tRNA+,2.0,0.47712125471966244
NZ_LR890246.1,238703,≥100 kb,tRNA-,11.0,1.0791812460476249
NZ_LR890241.1,218412,≥100 kb,tRNA-,10.0,1.0413926851582251
NZ_LR890243.1,3223,<100 kb,tRNA-,1.0,0.3010299956639812
NZ_LR890256.1,128238,≥100 kb,tRNA-,22.0,1.3617278360175928
NZ_LR890258.1,70656,<100 kb,tRNA-,5.0,0.7781512503836436
NZ_LR890259.1,65499,<100 kb,tRNA-,2.0,0.47712125471966244
NZ_LR890191.1,245649,≥100 kb,tRNA-,12.0,1.1139433523068367
NZ_LR890193.1,120029,≥100 kb,tRNA-,1.0,0.3010299956639812
NZ_LR890197.1,3223,<100 kb,tRNA-,1.0,0.3010299956639812
NZ_LR890203.1,237123,≥100 kb,tRNA-,12.0,1.1139433523068367
NZ_LR890205.1,259454,≥100 kb,tRNA-,18.0,1.2787536009528289
NZ_LR890207.1,3223,<100 kb,tRNA-,1.0,0.3010299956639812
NZ_LR890231.1,244844,≥100 kb,tRNA-,12.0,1.1139433523068367
NZ_LR890233.1,3223,<100 kb,tRNA-,1.0,0.3010299956639812
NZ_LR890278.1,184852,≥100 kb,tRNA-,10.0,1.0413926851582251
NZ_LR890308.1,263601,≥100 kb,tRNA-,16.0,1.2304489213782739
NZ_LR890344.1,260491,≥100 kb,tRNA-,15.0,1.2041199826559248
NZ_LR890345.1,15648,<100 kb,tRNA-,4.0,0.6989700043360189
NZ_LR890347.1,3223,<100 kb,tRNA-,1.0,0.3010299956639812
NZ_LR890370.1,234772,≥100 kb,tRNA-,12.0,1.1139433523068367
NZ_LR890372.1,3223,<100 kb,tRNA-,1.0,0.3010299956639812
NZ_LR890383.1,3223,<100 kb,tRNA-,1.0,0.3010299956639812
NZ_LR890375.1,243634,≥100 kb,tRNA-,12.0,1.1139433523068367
NZ_LR890379.1,3223,<100 kb,tRNA-,1.0,0.3010299956639812
NZ_LR890295.1,62194,<100 kb,tRNA-,1.0,0.3010299956639812
NZ_LR890428.1,128238,≥100 kb,tRNA-,22.0,1.3617278360175928
NZ_LR890430.1,70656,<100 kb,tRNA-,5.0,0.7781512503836436
NZ_LR890431.1,65499,<100 kb,tRNA-,2.0,0.47712125471966244
NZ_LR890392.1,244845,≥100 kb,tRNA-,12.0,1.1139433523068367
NZ_LR890393.1,3223,<100 kb,tRNA-,1.0,0.3010299956639812
NZ_LR890423.1,152399,≥100 kb,tRNA-,6.0,0.8450980400142568
NZ_LR890416.1,243620,≥100 kb,tRNA-,12.0,1.1139433523068367
NZ_LR890420.1,3223,<100 kb,tRNA-,1.0,0.3010299956639812
NZ_LR890385.1,244759,≥100 kb,tRNA-,12.0,1.1139433523068367
NZ_LR890386.1,3223,<100 kb,tRNA-,1.0,0.3010299956639812
NZ_LR890396.1,227214,≥100 kb,tRNA-,13.0,1.146128035678238
NZ_LR890545.1,73736,<100 kb,tRNA-,1.0,0.3010299956639812
NZ_LR890502.1,128238,≥100 kb,tRNA-,20.0,1.3222192947339193
NZ_LR890504.1,70656,<100 kb,tRNA-,5.0,0.7781512503836436
NZ_LR890505.1,65499,<100 kb,tRNA-,2.0,0.47712125471966244
NZ_LR890528.1,190324,≥100 kb,tRNA-,11.0,1.0791812460476249
NZ_LR890563.1,159592,≥100 kb,tRNA-,12.0,1.1139433523068367
NZ_LR890565.1,228690,≥100 kb,tRNA-,8.0,0.9542425094393249
NZ_LR890548.1,188520,≥100 kb,tRNA-,8.0,0.9542425094393249
NZ_LR890550.1,89345,<100 kb,tRNA-,11.0,1.0791812460476249
NZ_LR890551.1,9465,<100 kb,tRNA-,3.0,0.6020599913279624
NZ_LR890485.1,244845,≥100 kb,tRNA-,12.0,1.1139433523068367
NZ_LR890488.1,3223,<100 kb,tRNA-,1.0,0.3010299956639812
NZ_LR890517.1,128238,≥100 kb,tRNA-,22.0,1.3617278360175928
NZ_LR890519.1,70656,<100 kb,tRNA-,5.0,0.7781512503836436
NZ_LR890520.1,65499,<100 kb,tRNA-,2.0,0.47712125471966244
NZ_LR890496.1,3223,<100 kb,tRNA-,1.0,0.3010299956639812
NZ_LR890557.1,244845,≥100 kb,tRNA-,12.0,1.1139433523068367
NZ_LR890560.1,3223,<100 kb,tRNA-,1.0,0.3010299956639812
NZ_LR890572.1,227807,≥100 kb,tRNA-,9.0,1.0
NZ_LR890575.1,3223,<100 kb,tRNA-,1.0,0.3010299956639812
NZ_LR890617.1,269043,≥100 kb,tRNA-,16.0,1.2304489213782739
NZ_LR890596.1,244314,≥100 kb,tRNA-,10.0,1.0413926851582251
NZ_LR890597.1,60529,<100 kb,tRNA-,6.0,0.8450980400142568
NZ_LR890641.1,190324,≥100 kb,tRNA-,11.0,1.0791812460476249
NZ_LR890644.1,42290,<100 kb,tRNA-,1.0,0.3010299956639812
NZ_LR890634.1,128238,≥100 kb,tRNA-,22.0,1.3617278360175928
NZ_LR890636.1,70656,<100 kb,tRNA-,5.0,0.7781512503836436
NZ_LR890637.1,65499,<100 kb,tRNA-,2.0,0.47712125471966244
NZ_LR890625.1,233683,≥100 kb,tRNA-,2.0,0.47712125471966244
NZ_LR890680.1,243460,≥100 kb,tRNA-,12.0,1.1139433523068367
NZ_LR890684.1,3223,<100 kb,tRNA-,1.0,0.3010299956639812
NZ_LR890666.1,235594,≥100 kb,tRNA-,2.0,0.47712125471966244
NZ_LR890704.1,128238,≥100 kb,tRNA-,22.0,1.3617278360175928
NZ_LR890706.1,70656,<100 kb,tRNA-,5.0,0.7781512503836436
NZ_LR890707.1,65499,<100 kb,tRNA-,2.0,0.47712125471966244
NZ_LR890721.1,89062,<100 kb,tRNA-,1.0,0.3010299956639812
NZ_LR890712.1,76475,<100 kb,tRNA-,7.0,0.9030899869919435
NZ_LR890736.1,225088,≥100 kb,tRNA-,12.0,1.1139433523068367
NZ_LR890723.1,225937,≥100 kb,tRNA-,5.0,0.7781512503836436
NZ_LR890725.1,3223,<100 kb,tRNA-,1.0,0.3010299956639812
NZ_LR890753.1,44503,<100 kb,tRNA-,5.0,0.7781512503836436
NZ_OU342707.1,227556,≥100 kb,tRNA-,6.0,0.8450980400142568
NZ_OU342708.1,110924,≥100 kb,tRNA-,14.0,1.1760912590556813
NZ_OU342709.1,76065,<100 kb,tRNA-,11.0,1.0791812460476249
NZ_OV049813.1,57055,<100 kb,tRNA-,9.0,1.0
NZ_OV049814.1,123022,≥100 kb,tRNA-,3.0,0.6020599913279624
NZ_OV049815.1,84041,<100 kb,tRNA-,8.0,0.9542425094393249
NZ_OV408203.1,237007,≥100 kb,tRNA-,12.0,1.1139433523068367
NZ_OV408205.1,110489,≥100 kb,tRNA-,7.0,0.9030899869919435
NZ_OV753988.1,205644,≥100 kb,tRNA-,2.0,0.47712125471966244
NZ_OV753989.1,74476,<100 kb,tRNA-,6.0,0.8450980400142568
NZ_OV754011.1,205645,≥100 kb,tRNA-,2.0,0.47712125471966244
NZ_OV754012.1,74247,<100 kb,tRNA-,1.0,0.3010299956639812
NZ_OV753993.1,205650,≥100 kb,tRNA-,2.0,0.47712125471966244
NZ_OV753994.1,74473,<100 kb,tRNA-,6.0,0.8450980400142568
NZ_OX337253.1,240519,≥100 kb,tRNA-,12.0,1.1139433523068367
NZ_OX359176.1,141822,≥100 kb,tRNA-,8.0,0.9542425094393249
NZ_OX359183.1,139364,≥100 kb,tRNA-,12.0,1.1139433523068367
NZ_OY856404.1,201369,≥100 kb,tRNA-,4.0,0.6989700043360189
NZ_OY856406.1,6141,<100 kb,tRNA-,2.0,0.47712125471966244
NZ_OY899161.1,124957,≥100 kb,tRNA-,4.0,0.6989700043360189
NZ_OY899162.1,66945,<100 kb,tRNA-,4.0,0.6989700043360189
NZ_OY899164.1,6141,<100 kb,tRNA-,2.0,0.47712125471966244
NZ_OY978172.1,140843,≥100 kb,tRNA-,9.0,1.0
NZ_OY978236.1,201365,≥100 kb,tRNA-,4.0,0.6989700043360189
NZ_OY978238.1,6141,<100 kb,tRNA-,2.0,0.47712125471966244
NZ_OY978495.1,157553,≥100 kb,tRNA-,6.0,0.8450980400142568
NZ_OZ066661.1,218006,≥100 kb,tRNA-,8.0,0.9542425094393249
NZ_OZ066663.1,130907,≥100 kb,tRNA-,7.0,0.9030899869919435
NZ_OZ066665.1,39395,<100 kb,tRNA-,3.0,0.6020599913279624
NZ_OZ111278.1,204866,≥100 kb,tRNA-,8.0,0.9542425094393249
NZ_OZ111280.1,94438,<100 kb,tRNA-,14.0,1.1760912590556813
NZ_OZ111281.1,31240,<100 kb,tRNA-,8.0,0.9542425094393249
NZ_OZ111273.1,227546,≥100 kb,tRNA-,16.0,1.2304489213782739
NZ_OZ111275.1,94438,<100 kb,tRNA-,14.0,1.1760912590556813
NZ_OZ111286.1,226769,≥100 kb,tRNA-,14.0,1.1760912590556813
NZ_OZ111288.1,94438,<100 kb,tRNA-,14.0,1.1760912590556813
NZ_OZ111305.1,155570,≥100 kb,tRNA-,2.0,0.47712125471966244
NZ_OZ111306.1,65133,<100 kb,tRNA-,8.0,0.9542425094393249
NZ_OZ111291.1,226769,≥100 kb,tRNA-,14.0,1.1760912590556813
NZ_OZ111293.1,94438,<100 kb,tRNA-,14.0,1.1760912590556813
NZ_OZ111296.1,282105,≥100 kb,tRNA-,12.0,1.1139433523068367
NZ_OZ111297.1,175618,≥100 kb,tRNA-,4.0,0.6989700043360189
NZ_OZ111298.1,171849,≥100 kb,tRNA-,20.0,1.3222192947339193
NZ_OZ111316.1,226769,≥100 kb,tRNA-,16.0,1.2304489213782739
NZ_OZ111318.1,94438,<100 kb,tRNA-,14.0,1.1760912590556813
NZ_OZ111360.1,197961,≥100 kb,tRNA-,13.0,1.146128035678238
NZ_OZ111311.1,226769,≥100 kb,tRNA-,16.0,1.2304489213782739
NZ_OZ111313.1,94348,<100 kb,tRNA-,14.0,1.1760912590556813
NZ_OZ111367.1,199822,≥100 kb,tRNA-,5.0,0.7781512503836436
NZ_OZ111369.1,94438,<100 kb,tRNA-,14.0,1.1760912590556813
NZ_OZ111370.1,20576,<100 kb,tRNA-,2.0,0.47712125471966244
NZ_OZ111372.1,3087,<100 kb,tRNA-,3.0,0.6020599913279624
NZ_OZ111330.1,226769,≥100 kb,tRNA-,14.0,1.1760912590556813
NZ_OZ111332.1,94438,<100 kb,tRNA-,14.0,1.1760912590556813
NZ_OZ111386.1,226769,≥100 kb,tRNA-,16.0,1.2304489213782739
NZ_OZ111388.1,94438,<100 kb,tRNA-,14.0,1.1760912590556813
NZ_OZ111337.1,226769,≥100 kb,tRNA-,16.0,1.2304489213782739
NZ_OZ111339.1,94438,<100 kb,tRNA-,14.0,1.1760912590556813
NZ_OZ111354.1,261146,≥100 kb,tRNA-,18.0,1.2787536009528289
NZ_OZ111357.1,93571,<100 kb,tRNA-,13.0,1.146128035678238
NZ_OZ111377.1,226769,≥100 kb,tRNA-,14.0,1.1760912590556813
NZ_OZ111379.1,94438,<100 kb,tRNA-,14.0,1.1760912590556813
NZ_OZ111321.1,227835,≥100 kb,tRNA-,16.0,1.2304489213782739
NZ_OZ111343.1,94438,<100 kb,tRNA-,14.0,1.1760912590556813
NZ_OZ111325.1,226769,≥100 kb,tRNA-,16.0,1.2304489213782739
NZ_OZ111327.1,94438,<100 kb,tRNA-,14.0,1.1760912590556813
NZ_OZ111347.1,160735,≥100 kb,tRNA-,18.0,1.2787536009528289
NZ_OZ111348.1,84911,<100 kb,tRNA-,8.0,0.9542425094393249
NZ_OZ111392.1,192631,≥100 kb,tRNA-,2.0,0.47712125471966244
NZ_OZ111393.1,94861,<100 kb,tRNA-,13.0,1.146128035678238
NZ_OZ111394.1,86816,<100 kb,tRNA-,10.0,1.0413926851582251
NZ_OZ111382.1,226769,≥100 kb,tRNA-,14.0,1.1760912590556813
NZ_OZ111398.1,264905,≥100 kb,tRNA-,15.0,1.2041199826559248
NZ_OZ111400.1,157952,≥100 kb,tRNA-,2.0,0.47712125471966244
NZ_OZ111401.1,88334,<100 kb,tRNA-,10.0,1.0413926851582251
NZ_OZ111402.1,63589,<100 kb,tRNA-,2.0,0.47712125471966244
NZ_OZ111405.1,2423,<100 kb,tRNA-,1.0,0.3010299956639812
NZ_OZ111413.1,226769,≥100 kb,tRNA-,14.0,1.1760912590556813
NZ_OZ111422.1,211167,≥100 kb,tRNA-,10.0,1.0413926851582251
NZ_OZ111424.1,94438,<100 kb,tRNA-,14.0,1.1760912590556813
NZ_OZ111437.1,226769,≥100 kb,tRNA-,14.0,1.1760912590556813
NZ_OZ111439.1,94438,<100 kb,tRNA-,14.0,1.1760912590556813
NZ_OZ111432.1,209708,≥100 kb,tRNA-,5.0,0.7781512503836436
NZ_OZ111434.1,94438,<100 kb,tRNA-,14.0,1.1760912590556813
NZ_OZ111417.1,226769,≥100 kb,tRNA-,14.0,1.1760912590556813
NZ_OZ111419.1,94438,<100 kb,tRNA-,14.0,1.1760912590556813
NZ_OZ111427.1,226769,≥100 kb,tRNA-,14.0,1.1760912590556813
NZ_OZ111429.1,94438,<100 kb,tRNA-,14.0,1.1760912590556813
NZ_OZ111409.1,93341,<100 kb,tRNA-,6.0,0.8450980400142568
NZ_OZ111442.1,276607,≥100 kb,tRNA-,17.0,1.255272505103306
NZ_OZ111444.1,155416,≥100 kb,tRNA-,1.0,0.3010299956639812
NZ_OZ111445.1,63589,<100 kb,tRNA-,2.0,0.47712125471966244
NZ_OZ111446.1,43002,<100 kb,tRNA-,9.0,1.0
NZ_OZ111453.1,226769,≥100 kb,tRNA-,14.0,1.1760912590556813
NZ_OZ111455.1,94438,<100 kb,tRNA-,14.0,1.1760912590556813
NZ_OZ111534.1,59063,<100 kb,tRNA-,5.0,0.7781512503836436
NZ_OZ111487.1,83774,<100 kb,tRNA-,8.0,0.9542425094393249
NZ_OZ111476.1,271925,≥100 kb,tRNA-,15.0,1.2041199826559248
NZ_OZ111479.1,79333,<100 kb,tRNA-,5.0,0.7781512503836436
NZ_OZ111480.1,63589,<100 kb,tRNA-,2.0,0.47712125471966244
NZ_OZ111483.1,2424,<100 kb,tRNA-,1.0,0.3010299956639812
NZ_OZ111492.1,226769,≥100 kb,tRNA-,16.0,1.2304489213782739
NZ_OZ111494.1,94438,<100 kb,tRNA-,14.0,1.1760912590556813
NZ_OZ111458.1,276606,≥100 kb,tRNA-,18.0,1.2787536009528289
NZ_OZ111460.1,157952,≥100 kb,tRNA-,2.0,0.47712125471966244
NZ_OZ111461.1,63589,<100 kb,tRNA-,2.0,0.47712125471966244
NZ_OZ111462.1,43667,<100 kb,tRNA-,4.0,0.6989700043360189
NZ_OZ111468.1,276607,≥100 kb,tRNA-,17.0,1.255272505103306
NZ_OZ111471.1,88342,<100 kb,tRNA-,10.0,1.0413926851582251
NZ_OZ111472.1,63581,<100 kb,tRNA-,2.0,0.47712125471966244
NZ_OZ111520.1,340209,≥100 kb,tRNA-,9.0,1.0
NZ_OZ111522.1,54064,<100 kb,tRNA-,12.0,1.1139433523068367
NZ_OZ111523.1,39711,<100 kb,tRNA-,1.0,0.3010299956639812
NZ_OZ111503.1,228093,≥100 kb,tRNA-,16.0,1.2304489213782739
NZ_OZ111505.1,94438,<100 kb,tRNA-,14.0,1.1760912590556813
NZ_OZ111528.1,226769,≥100 kb,tRNA-,14.0,1.1760912590556813
NZ_OZ111530.1,94438,<100 kb,tRNA-,14.0,1.1760912590556813
NZ_OZ111542.1,94988,<100 kb,tRNA-,14.0,1.1760912590556813
NZ_OZ111508.1,211167,≥100 kb,tRNA-,10.0,1.0413926851582251
NZ_OZ111510.1,87216,<100 kb,tRNA-,8.0,0.9542425094393249
NZ_OZ111497.1,226769,≥100 kb,tRNA-,16.0,1.2304489213782739
NZ_OZ111499.1,94438,<100 kb,tRNA-,14.0,1.1760912590556813
NZ_OZ111514.1,192631,≥100 kb,tRNA-,2.0,0.47712125471966244
NZ_OZ111515.1,114579,≥100 kb,tRNA-,23.0,1.380211241711606
NZ_OZ111516.1,64366,<100 kb,tRNA-,2.0,0.47712125471966244
NZ_OZ111552.1,192630,≥100 kb,tRNA-,2.0,0.47712125471966244
NZ_OZ111553.1,94861,<100 kb,tRNA-,13.0,1.146128035678238
NZ_OZ111554.1,86772,<100 kb,tRNA-,9.0,1.0
NZ_OZ185744.1,184225,≥100 kb,tRNA-,13.0,1.146128035678238
NZ_OZ185745.1,126027,≥100 kb,tRNA-,7.0,0.9030899869919435
NZ_OZ111545.1,192631,≥100 kb,tRNA-,2.0,0.47712125471966244
NZ_OZ111546.1,114579,≥100 kb,tRNA-,23.0,1.380211241711606
NZ_OZ111547.1,64366,<100 kb,tRNA-,2.0,0.47712125471966244
NZ_OZ185758.1,160862,≥100 kb,tRNA-,19.0,1.3010299956639813
NZ_OZ185759.1,118748,≥100 kb,tRNA-,4.0,0.6989700043360189
NZ_OZ185760.1,94419,<100 kb,tRNA-,5.0,0.7781512503836436
NZ_OZ185761.1,40890,<100 kb,tRNA-,2.0,0.47712125471966244
NZ_OZ185762.1,13843,<100 kb,tRNA-,1.0,0.3010299956639812
NZ_OZ259398.1,207526,≥100 kb,tRNA-,10.0,1.0413926851582251
NZ_OZ259500.1,266042,≥100 kb,tRNA-,10.0,1.0413926851582251
NC_009650.1,107576,≥100 kb,tRNA-,7.0,0.9030899869919435
NC_009651.1,88582,<100 kb,tRNA-,11.0,1.0791812460476249
NC_016838.1,122799,≥100 kb,tRNA-,1.0,0.3010299956639812
NC_016846.1,111195,≥100 kb,tRNA-,7.0,0.9030899869919435
NC_016839.1,105974,≥100 kb,tRNA-,15.0,1.2041199826559248
NZ_CP007730.1,113639,≥100 kb,tRNA-,7.0,0.9030899869919435
NZ_CP007728.1,15096,<100 kb,tRNA-,1.0,0.3010299956639812
NZ_CP007729.1,243824,≥100 kb,tRNA-,8.0,0.9542425094393249
NZ_CP008830.1,113639,≥100 kb,tRNA-,7.0,0.9030899869919435
NZ_CP008828.1,15096,<100 kb,tRNA-,1.0,0.3010299956639812
NZ_CP008829.1,243824,≥100 kb,tRNA-,8.0,0.9542425094393249
NZ_CP011986.1,113639,≥100 kb,tRNA-,7.0,0.9030899869919435
NZ_CP011988.1,13841,<100 kb,tRNA-,1.0,0.3010299956639812
NZ_CP011987.1,74026,<100 kb,tRNA-,3.0,0.6020599913279624
NZ_CP003994.1,3223,<100 kb,tRNA-,1.0,0.3010299956639812
NZ_CP003997.1,45574,<100 kb,tRNA-,5.0,0.7781512503836436
NZ_CP004000.1,295493,≥100 kb,tRNA-,17.0,1.255272505103306
NZ_CP007732.1,268334,≥100 kb,tRNA-,18.0,1.2787536009528289
NZ_CP007733.1,80411,<100 kb,tRNA-,5.0,0.7781512503836436
NZ_CP008800.1,194877,≥100 kb,tRNA-,4.0,0.6989700043360189
NZ_CP008798.1,85473,<100 kb,tRNA-,15.0,1.2041199826559248
NZ_CP008799.1,58050,<100 kb,tRNA-,1.0,0.3010299956639812
NZ_CP008832.1,13841,<100 kb,tRNA-,1.0,0.3010299956639812
NZ_CP008833.1,113639,≥100 kb,tRNA-,7.0,0.9030899869919435
NZ_CP006799.1,283371,≥100 kb,tRNA-,15.0,1.2041199826559248
NZ_CP006801.1,70814,<100 kb,tRNA-,18.0,1.2787536009528289
NZ_CP006802.1,6141,<100 kb,tRNA-,2.0,0.47712125471966244
NZ_CP014698.2,77127,<100 kb,tRNA-,6.0,0.8450980400142568
NZ_CP017451.1,526446,≥100 kb,tRNA-,2.0,0.47712125471966244
NZ_CP017283.1,108867,≥100 kb,tRNA-,7.0,0.9030899869919435
NZ_CP017850.1,108965,≥100 kb,tRNA-,5.0,0.7781512503836436
NZ_CP017852.1,66447,<100 kb,tRNA-,6.0,0.8450980400142568
NZ_CP017285.1,108857,≥100 kb,tRNA-,8.0,0.9542425094393249
NZ_CP017287.1,73385,<100 kb,tRNA-,8.0,0.9542425094393249
NZ_CP020848.1,347748,≥100 kb,tRNA-,16.0,1.2304489213782739
NZ_CP020851.1,161100,≥100 kb,tRNA-,2.0,0.47712125471966244
NZ_CP020849.1,10373,<100 kb,tRNA-,1.0,0.3010299956639812
NZ_CP028554.1,89738,<100 kb,tRNA-,4.0,0.6989700043360189
NZ_CP028553.2,117244,≥100 kb,tRNA-,14.0,1.1760912590556813
NZ_CP034137.1,150833,≥100 kb,tRNA-,17.0,1.255272505103306
NZ_CP034131.1,136368,≥100 kb,tRNA-,14.0,1.1760912590556813
NZ_CP022826.1,67851,<100 kb,tRNA-,1.0,0.3010299956639812
NZ_CP014072.1,76312,<100 kb,tRNA-,6.0,0.8450980400142568
NZ_CP023480.1,10951,<100 kb,tRNA-,5.0,0.7781512503836436
NZ_CP029431.1,435125,≥100 kb,tRNA-,9.0,1.0
NZ_CP029429.1,63235,<100 kb,tRNA-,15.0,1.2041199826559248
NZ_CP029436.1,447095,≥100 kb,tRNA-,9.0,1.0
NZ_CP029441.1,172839,≥100 kb,tRNA+,1.0,0.3010299956639812
NZ_CP029438.1,14106,<100 kb,tRNA-,4.0,0.6989700043360189
NZ_CP029442.1,412382,≥100 kb,tRNA-,8.0,0.9542425094393249
NZ_CP029439.1,55890,<100 kb,tRNA-,14.0,1.1760912590556813
NZ_CP029599.1,77110,<100 kb,tRNA-,7.0,0.9030899869919435
NZ_CP031259.1,59149,<100 kb,tRNA-,8.0,0.9542425094393249
NZ_CP031260.1,64468,<100 kb,tRNA-,9.0,1.0
NZ_CP031261.1,66154,<100 kb,tRNA-,1.0,0.3010299956639812
NZ_CP031262.1,95314,<100 kb,tRNA-,5.0,0.7781512503836436
NZ_CP023980.1,52398,<100 kb,tRNA-,1.0,0.3010299956639812
NZ_CP023985.1,72224,<100 kb,tRNA-,3.0,0.6020599913279624
NZ_CP034677.1,80476,<100 kb,tRNA-,7.0,0.9030899869919435
NZ_CP034679.1,83909,<100 kb,tRNA-,1.0,0.3010299956639812
NZ_CP022442.1,95324,<100 kb,tRNA-,5.0,0.7781512503836436
NZ_CP022443.1,38669,<100 kb,tRNA-,2.0,0.47712125471966244
NZ_CP022441.1,316557,≥100 kb,tRNA-,19.0,1.3010299956639813
NZ_CP032355.1,41874,<100 kb,tRNA-,4.0,0.6989700043360189
NZ_CP032357.1,185478,≥100 kb,tRNA-,1.0,0.3010299956639812
NZ_CP043927.1,477340,≥100 kb,tRNA-,21.0,1.3424226808222062
NZ_CP044051.1,282877,≥100 kb,tRNA-,6.0,0.8450980400142568
NZ_CP026369.1,238703,≥100 kb,tRNA-,13.0,1.146128035678238
NZ_AP019688.1,185311,≥100 kb,tRNA-,16.0,1.2304489213782739
NZ_CP035209.1,73414,<100 kb,tRNA-,7.0,0.9030899869919435
NZ_CP035208.1,59814,<100 kb,tRNA-,1.0,0.3010299956639812
NZ_CP026014.1,344479,≥100 kb,tRNA-,28.0,1.462397997898956
NZ_CP026015.1,56044,<100 kb,tRNA-,4.0,0.6989700043360189
NZ_CP045846.1,245785,≥100 kb,tRNA-,11.0,1.0791812460476249
NZ_CP045844.1,245785,≥100 kb,tRNA-,11.0,1.0791812460476249
NZ_CP058133.1,55155,<100 kb,tRNA-,5.0,0.7781512503836436
NZ_CP058135.1,16582,<100 kb,tRNA-,6.0,0.8450980400142568
NZ_CP058136.1,12557,<100 kb,tRNA-,1.0,0.3010299956639812
NZ_CP056487.1,46403,<100 kb,tRNA-,1.0,0.3010299956639812
NZ_AP022010.1,31071,<100 kb,tRNA-,2.0,0.47712125471966244
NZ_AP022017.1,113050,≥100 kb,tRNA-,8.0,0.9542425094393249
NZ_AP022018.1,111708,≥100 kb,tRNA-,6.0,0.8450980400142568
NZ_AP022115.1,107360,≥100 kb,tRNA-,4.0,0.6989700043360189
NZ_AP022143.1,215703,≥100 kb,tRNA-,5.0,0.7781512503836436
NZ_AP022153.1,3071,<100 kb,tRNA-,1.0,0.3010299956639812
NZ_AP022185.1,118077,≥100 kb,tRNA-,10.0,1.0413926851582251
NZ_AP022192.1,42961,<100 kb,tRNA-,3.0,0.6020599913279624
NZ_AP022193.1,27833,<100 kb,tRNA-,1.0,0.3010299956639812
NZ_AP022198.1,42961,<100 kb,tRNA-,4.0,0.6989700043360189
NZ_AP022199.1,28179,<100 kb,tRNA-,1.0,0.3010299956639812
NZ_AP022204.1,42962,<100 kb,tRNA-,3.0,0.6020599913279624
NZ_AP022205.1,25896,<100 kb,tRNA-,1.0,0.3010299956639812
NZ_AP021952.1,206811,≥100 kb,tRNA-,7.0,0.9030899869919435
NZ_AP021953.1,118328,≥100 kb,tRNA-,7.0,0.9030899869919435
NZ_AP021954.1,101937,≥100 kb,tRNA-,3.0,0.6020599913279624
NZ_CP047282.1,187068,≥100 kb,tRNA-,13.0,1.146128035678238
NZ_CP047284.1,39531,<100 kb,tRNA-,2.0,0.47712125471966244
NZ_CP060808.1,138721,≥100 kb,tRNA-,3.0,0.6020599913279624
NZ_CP060810.1,346514,≥100 kb,tRNA-,29.0,1.4771212547196624
NZ_AP022667.1,149316,≥100 kb,tRNA-,8.0,0.9542425094393249
NZ_AP022415.1,6423,<100 kb,tRNA-,1.0,0.3010299956639812
NZ_CP063875.1,51856,<100 kb,tRNA-,10.0,1.0413926851582251
NZ_CP063876.1,56886,<100 kb,tRNA-,6.0,0.8450980400142568
NZ_CP063877.1,159310,≥100 kb,tRNA-,6.0,0.8450980400142568
NZ_CP065164.1,243621,≥100 kb,tRNA-,12.0,1.1139433523068367
NZ_CP065468.1,76488,<100 kb,tRNA-,4.0,0.6989700043360189
NZ_CP065469.1,5027,<100 kb,tRNA-,1.0,0.3010299956639812
NZ_CP065470.1,148255,≥100 kb,tRNA-,16.0,1.2304489213782739
NZ_CP065471.1,14940,<100 kb,tRNA-,1.0,0.3010299956639812
NZ_CP065472.1,62418,<100 kb,tRNA-,2.0,0.47712125471966244
NZ_CP068445.1,311723,≥100 kb,tRNA-,17.0,1.255272505103306
NZ_CP068447.1,61574,<100 kb,tRNA-,6.0,0.8450980400142568
NZ_CP070442.1,46161,<100 kb,tRNA-,3.0,0.6020599913279624
NZ_CP039792.1,270400,≥100 kb,tRNA-,15.0,1.2041199826559248
NZ_CP039793.1,206406,≥100 kb,tRNA-,10.0,1.0413926851582251
NZ_CP039794.1,141814,≥100 kb,tRNA-,4.0,0.6989700043360189
NZ_CP072470.1,46161,<100 kb,tRNA-,3.0,0.6020599913279624
NZ_CP073374.1,104361,≥100 kb,tRNA-,4.0,0.6989700043360189
NZ_CP073375.1,87045,<100 kb,tRNA-,7.0,0.9030899869919435
NZ_CP073376.1,55826,<100 kb,tRNA-,8.0,0.9542425094393249
NZ_CP073378.1,299258,≥100 kb,tRNA-,15.0,1.2041199826559248
NZ_CP073379.1,213917,≥100 kb,tRNA-,8.0,0.9542425094393249
NZ_CP073380.1,162093,≥100 kb,tRNA-,11.0,1.0791812460476249
NZ_CP073658.1,288244,≥100 kb,tRNA-,10.0,1.0413926851582251
NZ_CP075884.1,229265,≥100 kb,tRNA-,5.0,0.7781512503836436
NZ_CP075886.1,297981,≥100 kb,tRNA-,14.0,1.1760912590556813
NZ_CP075887.1,46166,<100 kb,tRNA-,3.0,0.6020599913279624
NZ_CP078148.1,369339,≥100 kb,tRNA-,20.0,1.3222192947339193
NZ_CP080103.1,40407,<100 kb,tRNA-,4.0,0.6989700043360189
NZ_CP082786.1,194684,≥100 kb,tRNA-,10.0,1.0413926851582251
NZ_CP072516.1,259774,≥100 kb,tRNA-,9.0,1.0
NZ_CP072517.1,196655,≥100 kb,tRNA-,4.0,0.6989700043360189
NZ_CP072518.1,110830,≥100 kb,tRNA-,1.0,0.3010299956639812
NZ_CP083634.1,151102,≥100 kb,tRNA-,2.0,0.47712125471966244
NZ_CP083791.1,271926,≥100 kb,tRNA-,32.0,1.5185139398778875
NZ_CP084045.1,114409,≥100 kb,tRNA-,3.0,0.6020599913279624
NZ_CP084046.1,8380,<100 kb,tRNA-,2.0,0.47712125471966244
NZ_CP084047.1,6141,<100 kb,tRNA-,2.0,0.47712125471966244
NZ_CP084050.1,3161,<100 kb,tRNA-,3.0,0.6020599913279624
NZ_CP084051.1,2921,<100 kb,tRNA-,1.0,0.3010299956639812
NZ_CP084780.1,239503,≥100 kb,tRNA-,3.0,0.6020599913279624
NZ_CP084784.1,195396,≥100 kb,tRNA-,2.0,0.47712125471966244
NZ_CP084785.1,78123,<100 kb,tRNA-,5.0,0.7781512503836436
NZ_CP084790.1,205084,≥100 kb,tRNA-,3.0,0.6020599913279624
NZ_CP084820.1,75062,<100 kb,tRNA-,1.0,0.3010299956639812
NZ_CP084877.1,163751,≥100 kb,tRNA-,2.0,0.47712125471966244
NZ_CP087581.1,170849,≥100 kb,tRNA-,13.0,1.146128035678238
NZ_CP087582.1,104872,≥100 kb,tRNA-,4.0,0.6989700043360189
NZ_CP089386.1,289376,≥100 kb,tRNA-,10.0,1.0413926851582251
NZ_CP090434.1,134873,≥100 kb,tRNA-,10.0,1.0413926851582251
NZ_CP090435.1,87095,<100 kb,tRNA-,7.0,0.9030899869919435
NZ_CP055214.1,160169,≥100 kb,tRNA-,14.0,1.1760912590556813
NZ_CP055215.1,13247,<100 kb,tRNA-,2.0,0.47712125471966244
NZ_CP055011.1,274085,≥100 kb,tRNA-,17.0,1.255272505103306
NZ_CP058860.1,204335,≥100 kb,tRNA-,2.0,0.47712125471966244
NZ_CP058861.1,100885,≥100 kb,tRNA-,22.0,1.3617278360175928
NZ_CP079783.1,90695,<100 kb,tRNA-,8.0,0.9542425094393249
NZ_CP079782.1,138834,≥100 kb,tRNA-,8.0,0.9542425094393249
NZ_CP079784.1,291624,≥100 kb,tRNA-,18.0,1.2787536009528289
NZ_CP094452.1,215609,≥100 kb,tRNA-,1.0,0.3010299956639812
NZ_CP094453.1,96608,<100 kb,tRNA-,10.0,1.0413926851582251
NZ_CP064769.1,184047,≥100 kb,tRNA-,2.0,0.47712125471966244
NZ_CP064771.1,108776,≥100 kb,tRNA-,12.0,1.1139433523068367
NZ_CP087612.1,281138,≥100 kb,tRNA-,4.0,0.6989700043360189
NZ_CP087613.1,106447,≥100 kb,tRNA-,6.0,0.8450980400142568
NZ_CP087607.1,210574,≥100 kb,tRNA-,11.0,1.0791812460476249
NZ_CP087608.1,169136,≥100 kb,tRNA-,11.0,1.0791812460476249
NZ_CP087619.1,209653,≥100 kb,tRNA-,5.0,0.7781512503836436
NZ_CP087620.1,70343,<100 kb,tRNA-,7.0,0.9030899869919435
NZ_CP087621.1,60051,<100 kb,tRNA-,7.0,0.9030899869919435
NZ_CP087625.1,139857,≥100 kb,tRNA-,12.0,1.1139433523068367
NZ_CP087626.1,91826,<100 kb,tRNA-,6.0,0.8450980400142568
NZ_CP087630.1,178812,≥100 kb,tRNA-,11.0,1.0791812460476249
NZ_CP087635.1,76107,<100 kb,tRNA-,5.0,0.7781512503836436
NZ_CP087640.1,133772,≥100 kb,tRNA-,8.0,0.9542425094393249
NZ_CP087642.1,87095,<100 kb,tRNA-,7.0,0.9030899869919435
NZ_CP087646.1,273290,≥100 kb,tRNA-,13.0,1.146128035678238
NZ_CP087647.1,182556,≥100 kb,tRNA-,14.0,1.1760912590556813
NZ_CP087653.1,112393,≥100 kb,tRNA-,12.0,1.1139433523068367
NZ_CP087654.1,103339,≥100 kb,tRNA-,24.0,1.3979400086720377
NZ_CP087659.1,118186,≥100 kb,tRNA-,19.0,1.3010299956639813
NZ_CP087660.1,112390,≥100 kb,tRNA-,12.0,1.1139433523068367
NZ_CP087665.1,141469,≥100 kb,tRNA-,24.0,1.3979400086720377
NZ_CP087666.1,112224,≥100 kb,tRNA-,12.0,1.1139433523068367
NZ_CP096264.1,232977,≥100 kb,tRNA-,4.0,0.6989700043360189
NZ_CP096266.1,159894,≥100 kb,tRNA-,4.0,0.6989700043360189
NZ_CP081829.1,162505,≥100 kb,tRNA-,12.0,1.1139433523068367
NZ_CP081830.1,55362,<100 kb,tRNA-,6.0,0.8450980400142568
NZ_CP089442.1,259761,≥100 kb,tRNA-,7.0,0.9030899869919435
NZ_CP089443.1,34729,<100 kb,tRNA-,1.0,0.3010299956639812
NZ_CP092516.1,22211,<100 kb,tRNA-,2.0,0.47712125471966244
NZ_CP092515.1,51479,<100 kb,tRNA-,2.0,0.47712125471966244
NZ_CP099836.1,123534,≥100 kb,tRNA-,15.0,1.2041199826559248
NZ_AP026394.1,220409,≥100 kb,tRNA-,5.0,0.7781512503836436
NZ_AP026398.1,31078,<100 kb,tRNA-,2.0,0.47712125471966244
NZ_AP026409.1,222214,≥100 kb,tRNA-,7.0,0.9030899869919435
NZ_AP026412.1,77500,<100 kb,tRNA-,5.0,0.7781512503836436
NZ_AP026414.1,31084,<100 kb,tRNA-,5.0,0.7781512503836436
NZ_AP026422.1,219538,≥100 kb,tRNA-,7.0,0.9030899869919435
NZ_AP026425.1,77499,<100 kb,tRNA-,5.0,0.7781512503836436
NZ_AP026427.1,31063,<100 kb,tRNA-,5.0,0.7781512503836436
NZ_CP101543.1,129998,≥100 kb,tRNA-,13.0,1.146128035678238
NZ_CP101547.1,255261,≥100 kb,tRNA-,9.0,1.0
NZ_CP101548.1,125346,≥100 kb,tRNA-,18.0,1.2787536009528289
NZ_CP101550.1,54035,<100 kb,tRNA-,5.0,0.7781512503836436
NZ_CP101555.1,181183,≥100 kb,tRNA-,1.0,0.3010299956639812
NZ_CP101556.1,87511,<100 kb,tRNA-,1.0,0.3010299956639812
NZ_CP101557.1,46288,<100 kb,tRNA-,3.0,0.6020599913279624
NZ_CP101558.1,113479,≥100 kb,tRNA-,18.0,1.2787536009528289
NZ_CP101561.1,318780,≥100 kb,tRNA-,24.0,1.3979400086720377
NZ_CP101564.1,126958,≥100 kb,tRNA-,12.0,1.1139433523068367
NZ_CP101568.1,258415,≥100 kb,tRNA-,12.0,1.1139433523068367
NZ_CP101569.1,138059,≥100 kb,tRNA-,10.0,1.0413926851582251
NZ_CP102895.1,85913,<100 kb,tRNA-,10.0,1.0413926851582251
NZ_CP102899.1,93612,<100 kb,tRNA-,9.0,1.0
NZ_CP102904.1,93612,<100 kb,tRNA-,9.0,1.0
NZ_CP102923.1,63978,<100 kb,tRNA-,11.0,1.0791812460476249
NZ_CP103488.1,101380,≥100 kb,tRNA-,8.0,0.9542425094393249
NZ_CP103489.1,69872,<100 kb,tRNA-,1.0,0.3010299956639812
NZ_CP103490.1,51479,<100 kb,tRNA-,2.0,0.47712125471966244
NZ_CP114322.1,157867,≥100 kb,tRNA-,16.0,1.2304489213782739
NZ_CP114330.1,157867,≥100 kb,tRNA-,16.0,1.2304489213782739
NZ_CP114314.1,157867,≥100 kb,tRNA-,16.0,1.2304489213782739
NZ_CP114326.1,157867,≥100 kb,tRNA-,16.0,1.2304489213782739
NZ_CP114318.1,157867,≥100 kb,tRNA-,16.0,1.2304489213782739
NZ_CP114334.1,157867,≥100 kb,tRNA-,16.0,1.2304489213782739
NZ_CP106965.1,183783,≥100 kb,tRNA-,1.0,0.3010299956639812
NZ_CP109615.1,159149,≥100 kb,tRNA-,4.0,0.6989700043360189
NZ_CP027802.1,128932,≥100 kb,tRNA-,8.0,0.9542425094393249
NZ_CP027803.1,346781,≥100 kb,tRNA-,16.0,1.2304489213782739
NZ_CP027865.1,111037,≥100 kb,tRNA-,9.0,1.0
NZ_CP027866.1,134794,≥100 kb,tRNA-,10.0,1.0413926851582251
NZ_AP026526.1,166530,≥100 kb,tRNA-,11.0,1.0791812460476249
NZ_AP026527.1,49694,<100 kb,tRNA-,3.0,0.6020599913279624
NZ_CP085199.1,285278,≥100 kb,tRNA-,17.0,1.255272505103306
NZ_CP114356.1,137756,≥100 kb,tRNA-,11.0,1.0791812460476249
NZ_CP114357.1,66898,<100 kb,tRNA-,3.0,0.6020599913279624
NZ_CP114360.1,3223,<100 kb,tRNA-,1.0,0.3010299956639812
NZ_CP114363.1,159067,≥100 kb,tRNA-,16.0,1.2304489213782739
NZ_CP114364.1,76313,<100 kb,tRNA-,3.0,0.6020599913279624
NZ_CP110940.1,13636,<100 kb,tRNA-,1.0,0.3010299956639812
NZ_CP110938.1,205140,≥100 kb,tRNA-,8.0,0.9542425094393249
NZ_CP110937.1,237535,≥100 kb,tRNA+,12.0,1.1139433523068367
NZ_CP110946.1,13636,<100 kb,tRNA-,1.0,0.3010299956639812
NZ_CP110942.1,205144,≥100 kb,tRNA-,8.0,0.9542425094393249
NZ_CP110943.1,120296,≥100 kb,tRNA-,8.0,0.9542425094393249
NZ_CP110944.1,119615,≥100 kb,tRNA+,4.0,0.6989700043360189
NZ_CP110951.1,13636,<100 kb,tRNA-,1.0,0.3010299956639812
NZ_CP110948.1,203817,≥100 kb,tRNA-,8.0,0.9542425094393249
NZ_CP110949.1,133656,≥100 kb,tRNA-,14.0,1.1760912590556813
NZ_CP110961.1,13636,<100 kb,tRNA-,1.0,0.3010299956639812
NZ_CP110958.1,203817,≥100 kb,tRNA-,8.0,0.9542425094393249
NZ_CP110959.1,134385,≥100 kb,tRNA-,14.0,1.1760912590556813
NZ_CP110956.1,13636,<100 kb,tRNA-,1.0,0.3010299956639812
NZ_CP110953.1,134385,≥100 kb,tRNA-,14.0,1.1760912590556813
NZ_CP110966.1,13636,<100 kb,tRNA-,1.0,0.3010299956639812
NZ_CP110963.1,203817,≥100 kb,tRNA-,8.0,0.9542425094393249
NZ_CP110964.1,131583,≥100 kb,tRNA-,14.0,1.1760912590556813
NZ_CP110969.1,138197,≥100 kb,tRNA-,9.0,1.0
NZ_CP110971.1,13636,<100 kb,tRNA-,1.0,0.3010299956639812
NZ_CP110970.1,73575,<100 kb,tRNA-,11.0,1.0791812460476249
NZ_CP110968.1,161141,≥100 kb,tRNA-,4.0,0.6989700043360189
NZ_CP091807.1,121831,≥100 kb,tRNA-,6.0,0.8450980400142568
NZ_CP091808.1,76237,<100 kb,tRNA-,6.0,0.8450980400142568
NZ_CP113792.1,92624,<100 kb,tRNA-,6.0,0.8450980400142568
NZ_CP114162.1,157867,≥100 kb,tRNA-,16.0,1.2304489213782739
NZ_CP114166.1,157867,≥100 kb,tRNA-,16.0,1.2304489213782739
NZ_CP114170.1,157867,≥100 kb,tRNA-,16.0,1.2304489213782739
NZ_CP096232.1,114748,≥100 kb,tRNA-,10.0,1.0413926851582251
NZ_CP096236.1,103167,≥100 kb,tRNA-,5.0,0.7781512503836436
NZ_CP096240.1,97079,<100 kb,tRNA-,4.0,0.6989700043360189
NZ_CP096241.1,62344,<100 kb,tRNA-,8.0,0.9542425094393249
NZ_CP096244.1,94000,<100 kb,tRNA-,4.0,0.6989700043360189
NZ_CP115931.1,113594,≥100 kb,tRNA-,7.0,0.9030899869919435
NZ_CP115933.1,162490,≥100 kb,tRNA-,8.0,0.9542425094393249
NZ_CP090062.1,189603,≥100 kb,tRNA-,11.0,1.0791812460476249
NZ_CP050681.1,347317,≥100 kb,tRNA-,36.0,1.568201724066995
NZ_CP118937.1,152213,≥100 kb,tRNA-,2.0,0.47712125471966244
NZ_CP122470.1,146164,≥100 kb,tRNA-,4.0,0.6989700043360189
NZ_CP122472.1,103532,≥100 kb,tRNA-,15.0,1.2041199826559248
NZ_CP122463.1,146163,≥100 kb,tRNA-,3.0,0.6020599913279624
NZ_CP122462.1,175206,≥100 kb,tRNA-,15.0,1.2041199826559248
NZ_CP124807.1,63589,<100 kb,tRNA-,2.0,0.47712125471966244
NZ_CP124868.1,85705,<100 kb,tRNA-,1.0,0.3010299956639812
NZ_CP124869.1,47971,<100 kb,tRNA-,4.0,0.6989700043360189
NZ_CP124870.1,33309,<100 kb,tRNA-,1.0,0.3010299956639812
NZ_CP126059.1,181271,≥100 kb,tRNA-,10.0,1.0413926851582251
NZ_CP126060.1,84490,<100 kb,tRNA-,13.0,1.146128035678238
NZ_CP126063.1,114870,≥100 kb,tRNA-,7.0,0.9030899869919435
NZ_CP126988.1,177756,≥100 kb,tRNA-,9.0,1.0
NZ_CP126989.1,54508,<100 kb,tRNA-,9.0,1.0
NZ_CP127155.1,123027,≥100 kb,tRNA-,11.0,1.0791812460476249
NZ_CP127156.1,83572,<100 kb,tRNA-,6.0,0.8450980400142568
NZ_CP128465.1,63589,<100 kb,tRNA-,2.0,0.47712125471966244
NZ_CP122382.1,241335,≥100 kb,tRNA-,8.0,0.9542425094393249
NZ_CP122383.1,118111,≥100 kb,tRNA-,11.0,1.0791812460476249
NZ_CP122385.1,6141,<100 kb,tRNA-,2.0,0.47712125471966244
NZ_CP129758.1,107299,≥100 kb,tRNA-,5.0,0.7781512503836436
NZ_CP129756.1,237315,≥100 kb,tRNA-,10.0,1.0413926851582251
NZ_CP129862.1,87382,<100 kb,tRNA-,9.0,1.0
NZ_CP129861.1,92522,<100 kb,tRNA-,1.0,0.3010299956639812
NZ_CP130664.1,87083,<100 kb,tRNA-,7.0,0.9030899869919435
NZ_CP130660.1,45135,<100 kb,tRNA-,10.0,1.0413926851582251
NZ_CP130665.1,87036,<100 kb,tRNA-,15.0,1.2041199826559248
NZ_CP133207.1,59353,<100 kb,tRNA-,5.0,0.7781512503836436
NZ_CP133225.1,59761,<100 kb,tRNA-,5.0,0.7781512503836436
NZ_CP135069.1,334271,≥100 kb,tRNA-,21.0,1.3424226808222062
NZ_CP137438.1,46161,<100 kb,tRNA-,3.0,0.6020599913279624
NZ_CP127000.1,90338,<100 kb,tRNA-,5.0,0.7781512503836436
NZ_CP127001.1,259967,≥100 kb,tRNA-,7.0,0.9030899869919435
NZ_CP136941.1,185591,≥100 kb,tRNA-,23.0,1.380211241711606
NZ_CP138477.1,65420,<100 kb,tRNA-,3.0,0.6020599913279624
NZ_CP138475.1,335444,≥100 kb,tRNA-,15.0,1.2041199826559248
NZ_CP138836.1,53624,<100 kb,tRNA-,4.0,0.6989700043360189
NZ_CP151666.1,75697,<100 kb,tRNA-,9.0,1.0
NZ_CP141734.1,51479,<100 kb,tRNA-,2.0,0.47712125471966244
NZ_CP139785.1,208561,≥100 kb,tRNA-,12.0,1.1139433523068367
NZ_CP139786.1,74095,<100 kb,tRNA-,2.0,0.47712125471966244
NZ_CP139787.1,52624,<100 kb,tRNA-,2.0,0.47712125471966244
NZ_CP141633.1,294608,≥100 kb,tRNA-,14.0,1.1760912590556813
NZ_CP127497.1,315919,≥100 kb,tRNA-,6.0,0.8450980400142568
NZ_CP127498.1,301711,≥100 kb,tRNA-,12.0,1.1139433523068367
NZ_CP144714.1,64740,<100 kb,tRNA-,2.0,0.47712125471966244
NZ_CP144715.1,206531,≥100 kb,tRNA-,1.0,0.3010299956639812
NZ_CP147547.1,162805,≥100 kb,tRNA-,7.0,0.9030899869919435
NZ_CP147544.1,162807,≥100 kb,tRNA-,7.0,0.9030899869919435
NZ_CP149943.1,94219,<100 kb,tRNA-,5.0,0.7781512503836436
NZ_CP149944.1,53023,<100 kb,tRNA-,6.0,0.8450980400142568
NZ_CP151188.1,329735,≥100 kb,tRNA-,12.0,1.1139433523068367
NZ_CP151190.1,119262,≥100 kb,tRNA-,4.0,0.6989700043360189
NZ_CP131698.1,338302,≥100 kb,tRNA-,21.0,1.3424226808222062
NZ_CP151725.1,75697,<100 kb,tRNA-,9.0,1.0
NZ_CP159122.1,168330,≥100 kb,tRNA-,1.0,0.3010299956639812
NZ_CP162030.1,159618,≥100 kb,tRNA+,17.0,1.255272505103306
NZ_CP162270.1,46843,<100 kb,tRNA-,4.0,0.6989700043360189
NZ_CP162272.1,100524,≥100 kb,tRNA-,1.0,0.3010299956639812
NZ_CP163013.1,68551,<100 kb,tRNA-,17.0,1.255272505103306
NZ_CP163014.1,54035,<100 kb,tRNA-,5.0,0.7781512503836436
NZ_CP163019.1,70403,<100 kb,tRNA-,17.0,1.255272505103306
NZ_CP163020.1,54035,<100 kb,tRNA-,4.0,0.6989700043360189
NZ_CP126581.1,338883,≥100 kb,tRNA-,13.0,1.146128035678238
NZ_CP126582.1,197908,≥100 kb,tRNA-,6.0,0.8450980400142568
NZ_CP126584.1,37873,<100 kb,tRNA-,3.0,0.6020599913279624
NZ_CP163411.1,205076,≥100 kb,tRNA-,8.0,0.9542425094393249
NZ_CP163412.1,175545,≥100 kb,tRNA-,15.0,1.2041199826559248
NZ_CP163413.1,46475,<100 kb,tRNA-,5.0,0.7781512503836436
NZ_CP165790.1,205071,≥100 kb,tRNA-,8.0,0.9542425094393249
NZ_CP165791.1,158541,≥100 kb,tRNA-,10.0,1.0413926851582251
NZ_CP165792.1,46460,<100 kb,tRNA-,5.0,0.7781512503836436
NZ_CP165808.1,163850,≥100 kb,tRNA-,19.0,1.3010299956639813
NZ_CP165809.1,84456,<100 kb,tRNA-,5.0,0.7781512503836436
NZ_CP165796.1,263123,≥100 kb,tRNA-,6.0,0.8450980400142568
NZ_CP165797.1,69823,<100 kb,tRNA-,4.0,0.6989700043360189
NZ_CP165798.1,67814,<100 kb,tRNA-,4.0,0.6989700043360189
NZ_CP165802.1,161193,≥100 kb,tRNA-,7.0,0.9030899869919435
NZ_CP165803.1,84460,<100 kb,tRNA-,3.0,0.6020599913279624
NZ_CP165804.1,46577,<100 kb,tRNA-,4.0,0.6989700043360189
NZ_CP165812.1,205071,≥100 kb,tRNA-,8.0,0.9542425094393249
NZ_CP165813.1,175659,≥100 kb,tRNA-,16.0,1.2304489213782739
NZ_CP165814.1,46620,<100 kb,tRNA-,5.0,0.7781512503836436
NZ_CP165817.1,205071,≥100 kb,tRNA-,8.0,0.9542425094393249
NZ_CP165818.1,175654,≥100 kb,tRNA-,16.0,1.2304489213782739
NZ_CP165819.1,46620,<100 kb,tRNA-,5.0,0.7781512503836436
NZ_CP165843.1,205071,≥100 kb,tRNA-,8.0,0.9542425094393249
NZ_CP165844.1,175659,≥100 kb,tRNA-,16.0,1.2304489213782739
NZ_CP165845.1,46362,<100 kb,tRNA-,5.0,0.7781512503836436
NZ_CP165822.1,265380,≥100 kb,tRNA-,9.0,1.0
NZ_CP165823.1,114933,≥100 kb,tRNA-,6.0,0.8450980400142568
NZ_CP165824.1,19206,<100 kb,tRNA-,4.0,0.6989700043360189
NZ_CP165839.1,194590,≥100 kb,tRNA-,7.0,0.9030899869919435
NZ_CP165840.1,113646,≥100 kb,tRNA-,7.0,0.9030899869919435
NZ_CP165835.1,326794,≥100 kb,tRNA-,12.0,1.1139433523068367
NZ_CP165836.1,105227,≥100 kb,tRNA-,4.0,0.6989700043360189
NZ_CP165827.1,73107,<100 kb,tRNA-,5.0,0.7781512503836436
NZ_CP165828.1,47969,<100 kb,tRNA-,4.0,0.6989700043360189
NZ_CP165858.1,206603,≥100 kb,tRNA-,8.0,0.9542425094393249
NZ_CP165859.1,101896,≥100 kb,tRNA-,7.0,0.9030899869919435
NZ_CP165861.1,13636,<100 kb,tRNA-,1.0,0.3010299956639812
NZ_CP165853.1,173082,≥100 kb,tRNA-,4.0,0.6989700043360189
NZ_CP165855.1,8312,<100 kb,tRNA-,4.0,0.6989700043360189
NZ_CP165864.1,114932,≥100 kb,tRNA-,6.0,0.8450980400142568
NZ_CP165866.1,7044,<100 kb,tRNA-,1.0,0.3010299956639812
NZ_CP165848.1,208543,≥100 kb,tRNA-,8.0,0.9542425094393249
NZ_CP165849.1,178745,≥100 kb,tRNA-,19.0,1.3010299956639813
NZ_CP165850.1,46481,<100 kb,tRNA-,5.0,0.7781512503836436
NZ_CP165868.1,262779,≥100 kb,tRNA-,9.0,1.0
NZ_CP165869.1,97531,<100 kb,tRNA-,6.0,0.8450980400142568
NZ_CP165889.1,235622,≥100 kb,tRNA-,1.0,0.3010299956639812
NZ_CP165890.1,68385,<100 kb,tRNA-,1.0,0.3010299956639812
NZ_CP165891.1,46532,<100 kb,tRNA-,4.0,0.6989700043360189
NZ_CP165895.1,211359,≥100 kb,tRNA-,8.0,0.9542425094393249
NZ_CP165896.1,137797,≥100 kb,tRNA-,1.0,0.3010299956639812
NZ_CP165935.1,299882,≥100 kb,tRNA-,9.0,1.0
NZ_CP165936.1,85230,<100 kb,tRNA-,5.0,0.7781512503836436
NZ_CP165883.1,161203,≥100 kb,tRNA-,7.0,0.9030899869919435
NZ_CP165884.1,84460,<100 kb,tRNA-,3.0,0.6020599913279624
NZ_CP165885.1,46577,<100 kb,tRNA-,4.0,0.6989700043360189
NZ_CP165872.1,176674,≥100 kb,tRNA-,13.0,1.146128035678238
NZ_CP165873.1,111332,≥100 kb,tRNA-,4.0,0.6989700043360189
NZ_CP165922.1,332012,≥100 kb,tRNA-,7.0,0.9030899869919435
NZ_CP165923.1,102430,≥100 kb,tRNA-,10.0,1.0413926851582251
NZ_CP165926.1,208996,≥100 kb,tRNA-,11.0,1.0791812460476249
NZ_CP165929.1,46665,<100 kb,tRNA-,5.0,0.7781512503836436
NZ_CP165879.1,141822,≥100 kb,tRNA-,8.0,0.9542425094393249
NZ_CP165880.1,138175,≥100 kb,tRNA-,1.0,0.3010299956639812
NZ_CP165917.1,203216,≥100 kb,tRNA-,7.0,0.9030899869919435
NZ_CP165918.1,158424,≥100 kb,tRNA-,10.0,1.0413926851582251
NZ_CP165919.1,46544,<100 kb,tRNA-,5.0,0.7781512503836436
NZ_CP165899.1,205673,≥100 kb,tRNA-,7.0,0.9030899869919435
NZ_CP165900.1,176318,≥100 kb,tRNA-,14.0,1.1760912590556813
NZ_CP165901.1,46493,<100 kb,tRNA-,5.0,0.7781512503836436
NZ_CP165904.1,370711,≥100 kb,tRNA-,23.0,1.380211241711606
NZ_CP165905.1,46359,<100 kb,tRNA-,5.0,0.7781512503836436
NZ_CP165908.1,298311,≥100 kb,tRNA-,10.0,1.0413926851582251
NZ_CP165909.1,115778,≥100 kb,tRNA-,6.0,0.8450980400142568
NZ_CP165910.1,7044,<100 kb,tRNA-,1.0,0.3010299956639812
NZ_CP165951.1,207532,≥100 kb,tRNA-,8.0,0.9542425094393249
NZ_CP165952.1,176327,≥100 kb,tRNA-,18.0,1.2787536009528289
NZ_CP165953.1,46300,<100 kb,tRNA-,5.0,0.7781512503836436
NZ_CP165939.1,114951,≥100 kb,tRNA-,7.0,0.9030899869919435
NZ_CP165940.1,68106,<100 kb,tRNA-,4.0,0.6989700043360189
NZ_CP165945.1,114951,≥100 kb,tRNA-,7.0,0.9030899869919435
NZ_CP165946.1,68105,<100 kb,tRNA-,4.0,0.6989700043360189
NZ_CP165960.1,344485,≥100 kb,tRNA-,9.0,1.0
NZ_CP165961.1,75912,<100 kb,tRNA-,4.0,0.6989700043360189
NZ_CP166705.1,119209,≥100 kb,tRNA-,15.0,1.2041199826559248
NZ_CP154003.1,112621,≥100 kb,tRNA-,3.0,0.6020599913279624
NZ_CP153448.1,54394,<100 kb,tRNA-,14.0,1.1760912590556813
NZ_CP153309.1,107451,≥100 kb,tRNA-,10.0,1.0413926851582251
NZ_CP152573.1,105646,≥100 kb,tRNA-,6.0,0.8450980400142568
NZ_CP152725.1,200131,≥100 kb,tRNA-,2.0,0.47712125471966244
NZ_CP152816.1,160857,≥100 kb,tRNA-,3.0,0.6020599913279624
NZ_CP152859.1,157168,≥100 kb,tRNA-,11.0,1.0791812460476249
NZ_CP152912.1,135810,≥100 kb,tRNA-,3.0,0.6020599913279624
NZ_CP153341.1,58638,<100 kb,tRNA-,4.0,0.6989700043360189
NZ_CP171745.1,166709,≥100 kb,tRNA-,7.0,0.9030899869919435
NZ_CP140476.1,59408,<100 kb,tRNA-,4.0,0.6989700043360189
NZ_CP140474.1,150192,≥100 kb,tRNA-,12.0,1.1139433523068367
NZ_CP140475.1,74103,<100 kb,tRNA-,2.0,0.47712125471966244
NZ_AP029257.1,299362,≥100 kb,tRNA-,12.0,1.1139433523068367
NZ_AP029259.1,32519,<100 kb,tRNA-,1.0,0.3010299956639812
NZ_AP029246.1,224908,≥100 kb,tRNA-,13.0,1.146128035678238
NZ_CP178194.1,177706,≥100 kb,tRNA-,9.0,1.0
NZ_CP178197.1,55314,<100 kb,tRNA-,10.0,1.0413926851582251
NZ_CP128795.1,342361,≥100 kb,tRNA-,23.0,1.380211241711606
NZ_CP129301.1,322519,≥100 kb,tRNA-,28.0,1.462397997898956
NZ_CP128102.1,291605,≥100 kb,tRNA-,15.0,1.2041199826559248
NZ_CP170105.1,275668,≥100 kb,tRNA+,1.0,0.3010299956639812
NZ_CP170106.1,774616,≥100 kb,tRNA+,13.0,1.146128035678238
NZ_CP170103.1,17520,<100 kb,tRNA-,3.0,0.6020599913279624
NZ_CP181795.1,92981,<100 kb,tRNA-,9.0,1.0
NZ_OW968433.1,51757,<100 kb,tRNA-,3.0,0.6020599913279624
NZ_OW969914.1,39199,<100 kb,tRNA-,4.0,0.6989700043360189
NZ_OV753640.1,3539,<100 kb,tRNA-,1.0,0.3010299956639812
NZ_OV753637.1,78541,<100 kb,tRNA-,7.0,0.9030899869919435
NZ_OV754001.1,6947,<100 kb,tRNA-,1.0,0.3010299956639812
NZ_OV754004.1,3539,<100 kb,tRNA-,1.0,0.3010299956639812
NZ_OV754000.1,78539,<100 kb,tRNA-,7.0,0.9030899869919435
NC_012780.1,626744,≥100 kb,tRNA-,2.0,0.47712125471966244
NZ_CP019447.1,96883,<100 kb,tRNA+,1.0,0.3010299956639812
NZ_CP035015.1,35533,<100 kb,tRNA-,1.0,0.3010299956639812
NZ_CP085937.1,628583,≥100 kb,tRNA-,2.0,0.47712125471966244
NZ_CP126690.1,67393,<100 kb,tRNA-,4.0,0.6989700043360189
NZ_CP147848.1,34162,<100 kb,tRNA-,2.0,0.47712125471966244
NC_015213.1,7197,<100 kb,tRNA-,5.0,0.7781512503836436
NC_017472.1,78145,<100 kb,tRNA-,1.0,0.3010299956639812
NZ_CP008840.1,35660,<100 kb,tRNA-,5.0,0.7781512503836436
NZ_CP047411.1,37548,<100 kb,tRNA-,5.0,0.7781512503836436
NZ_CP071287.1,39782,<100 kb,tRNA-,7.0,0.9030899869919435
NZ_CP071286.1,77547,<100 kb,tRNA-,11.0,1.0791812460476249
NZ_CP071291.1,76771,<100 kb,tRNA-,9.0,1.0
NZ_CP058737.1,10443,<100 kb,tRNA-,1.0,0.3010299956639812
NZ_CP090185.1,64531,<100 kb,tRNA-,1.0,0.3010299956639812
NZ_CP090604.1,67799,<100 kb,tRNA-,6.0,0.8450980400142568
NZ_CP086398.1,26734,<100 kb,tRNA-,1.0,0.3010299956639812
NZ_CP104880.1,76480,<100 kb,tRNA-,1.0,0.3010299956639812
NZ_CP116750.1,66865,<100 kb,tRNA-,5.0,0.7781512503836436
NZ_CP140093.1,10443,<100 kb,tRNA-,1.0,0.3010299956639812
NZ_CP141722.1,67982,<100 kb,tRNA-,2.0,0.47712125471966244
NZ_CP141726.1,67982,<100 kb,tRNA-,2.0,0.47712125471966244
NZ_CP161922.1,45108,<100 kb,tRNA-,5.0,0.7781512503836436
NZ_CP141724.1,93569,<100 kb,tRNA-,10.0,1.0413926851582251
NZ_CP136660.1,7371,<100 kb,tRNA-,5.0,0.7781512503836436
NZ_CP187835.1,3206954,≥100 kb,tRNA+,2.0,0.47712125471966244
NZ_CP188239.1,21540,<100 kb,tRNA-,2.0,0.47712125471966244
NC_018141.1,150432,≥100 kb,tRNA-,1.0,0.3010299956639812
NZ_LN774770.1,55671,<100 kb,tRNA-,1.0,0.3010299956639812
NZ_CP016721.3,49356,<100 kb,tRNA-,1.0,0.3010299956639812
NZ_CP130278.1,75745,<100 kb,tRNA+,2.0,0.47712125471966244
NZ_CP025492.2,150432,≥100 kb,tRNA-,1.0,0.3010299956639812
NZ_CP026170.1,128920,≥100 kb,tRNA-,4.0,0.6989700043360189
NZ_CP026171.1,341250,≥100 kb,tRNA-,7.0,0.9030899869919435
NZ_CP026168.1,50622,<100 kb,tRNA-,1.0,0.3010299956639812
NZ_CP026169.1,58627,<100 kb,tRNA-,4.0,0.6989700043360189
NZ_CP026391.1,330021,≥100 kb,tRNA-,7.0,0.9030899869919435
NZ_CP026389.1,50333,<100 kb,tRNA-,1.0,0.3010299956639812
NZ_CP021284.1,150433,≥100 kb,tRNA-,1.0,0.3010299956639812
NZ_CP029969.1,4909,<100 kb,tRNA-,1.0,0.3010299956639812
NZ_CP031102.1,221681,≥100 kb,tRNA-,1.0,0.3010299956639812
NZ_CP040895.1,94635,<100 kb,tRNA-,4.0,0.6989700043360189
NZ_CP040891.1,9782,<100 kb,tRNA-,1.0,0.3010299956639812
NZ_CP035381.1,64226,<100 kb,tRNA-,8.0,0.9542425094393249
NZ_CP042253.1,150432,≥100 kb,tRNA-,1.0,0.3010299956639812
NZ_CP042494.1,357530,≥100 kb,tRNA-,1.0,0.3010299956639812
NZ_CP042496.1,128715,≥100 kb,tRNA-,14.0,1.1760912590556813
NZ_CP042506.1,357530,≥100 kb,tRNA-,1.0,0.3010299956639812
NZ_CP042509.1,82010,<100 kb,tRNA-,11.0,1.0791812460476249
NZ_CP045305.1,150426,≥100 kb,tRNA-,1.0,0.3010299956639812
NZ_CP061027.2,9908,<100 kb,tRNA-,1.0,0.3010299956639812
NZ_CP059698.1,56165,<100 kb,tRNA-,1.0,0.3010299956639812
NZ_CP059577.1,150431,≥100 kb,tRNA-,1.0,0.3010299956639812
NZ_CP043642.1,118178,≥100 kb,tRNA-,1.0,0.3010299956639812
NZ_CP071294.1,85819,<100 kb,tRNA-,8.0,0.9542425094393249
NZ_CP071296.1,71872,<100 kb,tRNA-,7.0,0.9030899869919435
NZ_CP071299.1,41979,<100 kb,tRNA-,8.0,0.9542425094393249
NZ_CP071303.1,55512,<100 kb,tRNA-,1.0,0.3010299956639812
NZ_CP071302.1,69600,<100 kb,tRNA-,7.0,0.9030899869919435
NZ_CP077333.1,123770,≥100 kb,tRNA-,1.0,0.3010299956639812
NZ_CP082855.1,143699,≥100 kb,tRNA-,1.0,0.3010299956639812
NZ_CP087281.1,76208,<100 kb,tRNA-,10.0,1.0413926851582251
NZ_CP087283.1,56309,<100 kb,tRNA-,10.0,1.0413926851582251
NZ_CP088263.1,253593,≥100 kb,tRNA-,14.0,1.1760912590556813
NZ_CP099512.1,66758,<100 kb,tRNA-,7.0,0.9030899869919435
NZ_CP107260.1,18095,<100 kb,tRNA-,10.0,1.0413926851582251
NZ_CP120418.1,65460,<100 kb,tRNA-,7.0,0.9030899869919435
NZ_CP120419.2,28817,<100 kb,tRNA-,1.0,0.3010299956639812
NZ_CP124539.1,16445,<100 kb,tRNA-,1.0,0.3010299956639812
NZ_CP129296.1,34541,<100 kb,tRNA-,1.0,0.3010299956639812
NZ_CP106960.1,115001,≥100 kb,tRNA-,5.0,0.7781512503836436
NZ_CP106962.1,42504,<100 kb,tRNA-,3.0,0.6020599913279624
NZ_CP102375.1,341709,≥100 kb,tRNA-,1.0,0.3010299956639812
NZ_CP102376.1,63001,<100 kb,tRNA-,8.0,0.9542425094393249
NZ_CP106669.1,118035,≥100 kb,tRNA-,5.0,0.7781512503836436
NZ_CP152489.1,236280,≥100 kb,tRNA-,11.0,1.0791812460476249
NZ_CP168389.1,262320,≥100 kb,tRNA-,8.0,0.9542425094393249
NZ_CP168390.1,118036,≥100 kb,tRNA-,5.0,0.7781512503836436
NZ_CP168393.1,4346,<100 kb,tRNA-,1.0,0.3010299956639812
NZ_CP086095.1,11469,<100 kb,tRNA-,1.0,0.3010299956639812
NZ_CP183304.1,224877,≥100 kb,tRNA-,1.0,0.3010299956639812
NZ_CP191280.1,37397,<100 kb,tRNA-,6.0,0.8450980400142568
NZ_LR134418.1,451287,≥100 kb,tRNA+,2.0,0.47712125471966244
NZ_CP007650.1,33315,<100 kb,tRNA-,1.0,0.3010299956639812
NZ_CP017110.1,27292,<100 kb,tRNA-,4.0,0.6989700043360189
NZ_CP020413.2,350181,≥100 kb,tRNA-,1.0,0.3010299956639812
NZ_CP020859.1,264403,≥100 kb,tRNA-,2.0,0.47712125471966244
NZ_CP020860.1,19851,<100 kb,tRNA-,3.0,0.6020599913279624
NZ_CP021459.1,52778,<100 kb,tRNA-,1.0,0.3010299956639812
NZ_CP062072.1,274836,≥100 kb,tRNA-,2.0,0.47712125471966244
NZ_CP062073.1,31824,<100 kb,tRNA-,2.0,0.47712125471966244
NZ_CP043881.1,393564,≥100 kb,tRNA-,1.0,0.3010299956639812
NZ_CP084927.1,27292,<100 kb,tRNA-,4.0,0.6989700043360189
NZ_CP084928.1,3349,<100 kb,tRNA-,1.0,0.3010299956639812
NZ_CP089853.1,28852,<100 kb,tRNA-,2.0,0.47712125471966244
NZ_CP089851.1,359787,≥100 kb,tRNA+,2.0,0.47712125471966244
NZ_CP089852.1,37237,<100 kb,tRNA-,11.0,1.0791812460476249
NZ_CP092420.1,411369,≥100 kb,tRNA-,1.0,0.3010299956639812
NZ_CP097641.1,22823,<100 kb,tRNA-,7.0,0.9030899869919435
NZ_CP102715.1,44665,<100 kb,tRNA-,5.0,0.7781512503836436
NZ_CP101532.1,26769,<100 kb,tRNA-,4.0,0.6989700043360189
NZ_CP101687.1,22823,<100 kb,tRNA-,7.0,0.9030899869919435
NZ_CP097167.1,27293,<100 kb,tRNA-,4.0,0.6989700043360189
NZ_CP097168.1,3349,<100 kb,tRNA-,1.0,0.3010299956639812
NZ_CP113124.1,35614,<100 kb,tRNA-,5.0,0.7781512503836436
NZ_CP114544.1,25373,<100 kb,tRNA-,7.0,0.9030899869919435
NZ_CP114506.1,25373,<100 kb,tRNA-,7.0,0.9030899869919435
NZ_CP114520.1,25370,<100 kb,tRNA-,7.0,0.9030899869919435
NZ_CP114525.1,25373,<100 kb,tRNA-,7.0,0.9030899869919435
NZ_CP114527.1,25373,<100 kb,tRNA-,7.0,0.9030899869919435
NZ_CP137609.1,137808,≥100 kb,tRNA-,2.0,0.47712125471966244
NZ_CP137610.1,35582,<100 kb,tRNA-,4.0,0.6989700043360189
NZ_CP117985.1,21670,<100 kb,tRNA-,2.0,0.47712125471966244
NZ_CP147491.1,51481,<100 kb,tRNA-,1.0,0.3010299956639812
NZ_CP173168.1,22099,<100 kb,tRNA-,5.0,0.7781512503836436
NZ_CP183833.1,167328,≥100 kb,tRNA-,5.0,0.7781512503836436
NC_015700.1,12160,<100 kb,tRNA-,1.0,0.3010299956639812
NC_015698.1,14173,<100 kb,tRNA-,1.0,0.3010299956639812
NC_021504.1,16384,<100 kb,tRNA-,2.0,0.47712125471966244
NC_022045.1,148959,≥100 kb,tRNA-,2.0,0.47712125471966244
NZ_CP011399.1,68224,<100 kb,tRNA-,2.0,0.47712125471966244
NZ_CP020829.1,67033,<100 kb,tRNA-,2.0,0.47712125471966244
NZ_CP020834.1,81588,<100 kb,tRNA-,2.0,0.47712125471966244
NZ_CP022021.1,152337,≥100 kb,tRNA-,4.0,0.6989700043360189
NZ_CP023053.1,61919,<100 kb,tRNA-,2.0,0.47712125471966244
NZ_CP023051.1,61922,<100 kb,tRNA-,2.0,0.47712125471966244
NZ_CP025260.1,63182,<100 kb,tRNA-,2.0,0.47712125471966244
NZ_CP025439.1,63151,<100 kb,tRNA-,2.0,0.47712125471966244
NZ_CP025441.1,63182,<100 kb,tRNA-,2.0,0.47712125471966244
NZ_CP041212.1,81588,<100 kb,tRNA-,2.0,0.47712125471966244
NZ_CP095729.1,69303,<100 kb,tRNA-,2.0,0.47712125471966244
NZ_CP038643.1,4392,<100 kb,tRNA-,1.0,0.3010299956639812
NZ_CP030091.1,15134,<100 kb,tRNA-,2.0,0.47712125471966244
NZ_CP045730.1,34082,<100 kb,tRNA-,5.0,0.7781512503836436
NZ_CP045750.1,51115,<100 kb,tRNA-,2.0,0.47712125471966244
NZ_CP054659.1,16368,<100 kb,tRNA-,1.0,0.3010299956639812
NZ_CP054660.1,10268,<100 kb,tRNA-,1.0,0.3010299956639812
NZ_CP060527.1,90421,<100 kb,tRNA-,2.0,0.47712125471966244
NZ_CP063384.1,4265,<100 kb,tRNA-,1.0,0.3010299956639812
NZ_CP071180.1,93516,<100 kb,tRNA-,4.0,0.6989700043360189
NZ_CP071158.1,83202,<100 kb,tRNA-,13.0,1.146128035678238
NZ_CP071156.1,85554,<100 kb,tRNA-,14.0,1.1760912590556813
NZ_CP095722.1,69229,<100 kb,tRNA-,2.0,0.47712125471966244
NZ_CP117297.1,62042,<100 kb,tRNA-,5.0,0.7781512503836436
NZ_CP110923.1,4265,<100 kb,tRNA-,1.0,0.3010299956639812
NZ_CP125630.1,16341,<100 kb,tRNA-,1.0,0.3010299956639812
NZ_CP125633.1,10708,<100 kb,tRNA-,1.0,0.3010299956639812
NZ_CP096162.1,81589,<100 kb,tRNA-,2.0,0.47712125471966244
NZ_CP096158.1,81588,<100 kb,tRNA-,2.0,0.47712125471966244
NZ_CP089964.1,13866,<100 kb,tRNA-,1.0,0.3010299956639812
NZ_CP128358.1,26488,<100 kb,tRNA-,2.0,0.47712125471966244
NZ_CP168814.1,91396,<100 kb,tRNA-,2.0,0.47712125471966244
NZ_CP168816.1,8530,<100 kb,tRNA-,2.0,0.47712125471966244
NZ_CP168826.1,67045,<100 kb,tRNA-,2.0,0.47712125471966244
NZ_CP168847.1,81589,<100 kb,tRNA-,2.0,0.47712125471966244
NZ_CP168903.1,54218,<100 kb,tRNA-,1.0,0.3010299956639812
NZ_CP173395.1,27071,<100 kb,tRNA-,1.0,0.3010299956639812
NZ_CP176711.1,94380,<100 kb,tRNA-,2.0,0.47712125471966244
NZ_CP178249.1,76840,<100 kb,tRNA-,14.0,1.1760912590556813
NZ_CP183933.1,80655,<100 kb,tRNA-,1.0,0.3010299956639812
NC_011996.1,80545,<100 kb,tRNA-,7.0,0.9030899869919435
NZ_CP014874.1,28996,<100 kb,tRNA-,1.0,0.3010299956639812
NZ_CP014900.1,28997,<100 kb,tRNA-,1.0,0.3010299956639812
NZ_CP047365.1,2566,<100 kb,tRNA-,1.0,0.3010299956639812
NZ_CP059681.1,26210,<100 kb,tRNA-,1.0,0.3010299956639812
NZ_CP059680.1,46167,<100 kb,tRNA-,8.0,0.9542425094393249
NZ_CP048735.1,100455,≥100 kb,tRNA-,1.0,0.3010299956639812
NZ_CP046364.1,39302,<100 kb,tRNA-,3.0,0.6020599913279624
NZ_CP046367.1,2565,<100 kb,tRNA-,1.0,0.3010299956639812
NZ_CP065794.1,2353,<100 kb,tRNA-,1.0,0.3010299956639812
NZ_CP065793.1,53742,<100 kb,tRNA-,11.0,1.0791812460476249
NZ_CP065796.1,24103,<100 kb,tRNA-,13.0,1.146128035678238
NZ_CP065963.1,12724,<100 kb,tRNA-,13.0,1.146128035678238
NZ_CP065961.1,38277,<100 kb,tRNA-,7.0,0.9030899869919435
NZ_CP068062.1,4440,<100 kb,tRNA-,1.0,0.3010299956639812
NZ_CP069390.1,60565,<100 kb,tRNA-,8.0,0.9542425094393249
NZ_CP069487.1,4440,<100 kb,tRNA-,1.0,0.3010299956639812
NZ_CP072839.1,2426,<100 kb,tRNA-,1.0,0.3010299956639812
NZ_CP077962.1,2271,<100 kb,tRNA-,1.0,0.3010299956639812
NZ_CP079951.1,30337,<100 kb,tRNA-,5.0,0.7781512503836436
NZ_CP079953.1,5667,<100 kb,tRNA-,2.0,0.47712125471966244
NZ_CP079966.1,72742,<100 kb,tRNA-,1.0,0.3010299956639812
NZ_CP064869.1,4497,<100 kb,tRNA-,1.0,0.3010299956639812
NZ_CP073800.1,2426,<100 kb,tRNA-,1.0,0.3010299956639812
NZ_CP073806.1,2426,<100 kb,tRNA-,1.0,0.3010299956639812
NZ_CP073807.1,2388,<100 kb,tRNA-,1.0,0.3010299956639812
NZ_CP073812.1,5667,<100 kb,tRNA-,2.0,0.47712125471966244
NZ_CP106863.1,109927,≥100 kb,tRNA-,2.0,0.47712125471966244
NZ_CP106864.1,106814,≥100 kb,tRNA-,9.0,1.0
NZ_CP106866.1,81003,<100 kb,tRNA-,15.0,1.2041199826559248
NZ_CP118975.1,4440,<100 kb,tRNA-,1.0,0.3010299956639812
NZ_CP118839.1,8331,<100 kb,tRNA-,5.0,0.7781512503836436
NZ_CP118840.1,4440,<100 kb,tRNA-,1.0,0.3010299956639812
NZ_CP118851.1,8331,<100 kb,tRNA-,5.0,0.7781512503836436
NZ_CP118854.1,4440,<100 kb,tRNA-,1.0,0.3010299956639812
NZ_CP118855.1,4431,<100 kb,tRNA-,1.0,0.3010299956639812
NZ_CP118858.1,8331,<100 kb,tRNA-,5.0,0.7781512503836436
NZ_CP118778.1,8331,<100 kb,tRNA-,5.0,0.7781512503836436
NZ_CP118779.1,4440,<100 kb,tRNA-,1.0,0.3010299956639812
NZ_CP118802.1,8331,<100 kb,tRNA-,5.0,0.7781512503836436
NZ_CP118804.1,6013,<100 kb,tRNA-,1.0,0.3010299956639812
NZ_CP118805.1,4253,<100 kb,tRNA-,1.0,0.3010299956639812
NZ_CP130332.1,244822,≥100 kb,tRNA-,5.0,0.7781512503836436
NZ_CP120156.1,26532,<100 kb,tRNA-,1.0,0.3010299956639812
NZ_CP120157.1,17765,<100 kb,tRNA-,1.0,0.3010299956639812
NZ_CP120158.1,6274,<100 kb,tRNA-,2.0,0.47712125471966244
NZ_CP120160.1,4204,<100 kb,tRNA-,1.0,0.3010299956639812
NZ_CP120063.1,4847,<100 kb,tRNA-,1.0,0.3010299956639812
NZ_CP120066.1,2865,<100 kb,tRNA-,1.0,0.3010299956639812
NZ_CP145890.1,4614,<100 kb,tRNA-,2.0,0.47712125471966244
NZ_CP124580.1,4885,<100 kb,tRNA-,1.0,0.3010299956639812
NZ_CP124596.1,2377,<100 kb,tRNA-,1.0,0.3010299956639812
NZ_CP095317.1,22525,<100 kb,tRNA+,5.0,0.7781512503836436
NZ_CP095319.1,5097,<100 kb,tRNA-,2.0,0.47712125471966244
NZ_CP183827.1,20972,<100 kb,tRNA-,5.0,0.7781512503836436
NZ_CP183825.1,71660,<100 kb,tRNA-,9.0,1.0
NZ_CP015319.1,102093,≥100 kb,tRNA-,1.0,0.3010299956639812
NZ_CP015322.1,948568,≥100 kb,tRNA-,1.0,0.3010299956639812
NZ_CP020331.1,593079,≥100 kb,tRNA-,1.0,0.3010299956639812
NZ_CP021334.1,244163,≥100 kb,tRNA-,2.0,0.47712125471966244
NZ_CP055304.1,10005,<100 kb,tRNA-,6.0,0.8450980400142568
NZ_CP123959.1,4614,<100 kb,tRNA-,2.0,0.47712125471966244
NZ_CP128517.1,4614,<100 kb,tRNA-,2.0,0.47712125471966244
NZ_CP128521.1,4614,<100 kb,tRNA-,2.0,0.47712125471966244
NZ_CP152381.1,216927,≥100 kb,tRNA-,1.0,0.3010299956639812
NC_011758.1,380207,≥100 kb,tRNA-,1.0,0.3010299956639812
NZ_AP014705.1,1571989,≥100 kb,tRNA+,2.0,0.47712125471966244
NZ_CP045499.1,389300,≥100 kb,tRNA+,2.0,0.47712125471966244
NZ_OK052578.1,362158,≥100 kb,tRNA-,2.0,0.47712125471966244
NZ_CP162631.1,455086,≥100 kb,tRNA-,1.0,0.3010299956639812
NZ_CP159954.1,410557,≥100 kb,tRNA-,2.0,0.47712125471966244
NZ_LR743510.1,2832553,≥100 kb,tRNA+,2.0,0.47712125471966244
NC_014718.1,822304,≥100 kb,tRNA-,1.0,0.3010299956639812
NZ_CP016617.1,1343367,≥100 kb,tRNA+,2.0,0.47712125471966244
NZ_CP024444.1,271709,≥100 kb,tRNA-,3.0,0.6020599913279624
NZ_CP028958.1,71304,<100 kb,tRNA-,10.0,1.0413926851582251
NZ_CP048807.1,4982,<100 kb,tRNA-,1.0,0.3010299956639812
NZ_CP048808.1,2683,<100 kb,tRNA-,1.0,0.3010299956639812
NZ_CP102846.1,556397,≥100 kb,tRNA+,2.0,0.47712125471966244
NZ_CP102847.1,238488,≥100 kb,tRNA-,2.0,0.47712125471966244
NZ_CP069356.1,1387944,≥100 kb,tRNA+,2.0,0.47712125471966244
NZ_CP070521.1,54351,<100 kb,tRNA-,9.0,1.0
NZ_CP070535.1,62326,<100 kb,tRNA-,12.0,1.1139433523068367
NZ_CP070550.1,54347,<100 kb,tRNA-,9.0,1.0
NZ_CP066135.1,3186,<100 kb,tRNA-,1.0,0.3010299956639812
NZ_CP093261.1,102837,≥100 kb,tRNA-,6.0,0.8450980400142568
NZ_CP093262.1,2683,<100 kb,tRNA-,1.0,0.3010299956639812
NZ_CP093250.1,270793,≥100 kb,tRNA-,9.0,1.0
NZ_CP093246.1,270632,≥100 kb,tRNA-,12.0,1.1139433523068367
NZ_CP093248.1,2624,<100 kb,tRNA-,1.0,0.3010299956639812
NZ_CP093256.1,331804,≥100 kb,tRNA-,8.0,0.9542425094393249
NZ_CP093259.1,2616,<100 kb,tRNA-,1.0,0.3010299956639812
NZ_CP093243.1,345391,≥100 kb,tRNA-,10.0,1.0413926851582251
NZ_CP132322.1,198157,≥100 kb,tRNA-,27.0,1.4471580313422192
NZ_CP120971.1,325408,≥100 kb,tRNA-,26.0,1.4313637641589874
NZ_CP120979.1,325408,≥100 kb,tRNA-,26.0,1.4313637641589874
NZ_CP120981.1,2683,<100 kb,tRNA-,1.0,0.3010299956639812
NZ_CP120975.1,325400,≥100 kb,tRNA-,26.0,1.4313637641589874
NZ_CP120977.1,2683,<100 kb,tRNA-,1.0,0.3010299956639812
NZ_CP128436.1,30668,<100 kb,tRNA-,12.0,1.1139433523068367
NZ_CP128437.1,22710,<100 kb,tRNA-,1.0,0.3010299956639812
NZ_CP129022.1,219302,≥100 kb,tRNA-,15.0,1.2041199826559248
NZ_CP129023.1,110982,≥100 kb,tRNA-,5.0,0.7781512503836436
NZ_CP130428.1,6137,<100 kb,tRNA-,1.0,0.3010299956639812
NZ_CP135146.1,2683,<100 kb,tRNA-,1.0,0.3010299956639812
NZ_CP139442.1,50842,<100 kb,tRNA-,7.0,0.9030899869919435
NZ_CP141049.1,1179416,≥100 kb,tRNA+,9.0,1.0
NZ_CP141050.1,1131471,≥100 kb,tRNA+,6.0,0.8450980400142568
NZ_CP132745.1,789630,≥100 kb,tRNA-,1.0,0.3010299956639812
NZ_CP132742.1,768340,≥100 kb,tRNA-,1.0,0.3010299956639812
NZ_CP062169.1,716486,≥100 kb,tRNA-,3.0,0.6020599913279624
NZ_CP062172.1,823248,≥100 kb,tRNA-,1.0,0.3010299956639812
NZ_CP062173.1,824220,≥100 kb,tRNA-,1.0,0.3010299956639812
NZ_CP062175.1,857052,≥100 kb,tRNA-,3.0,0.6020599913279624
NZ_CP062179.1,763274,≥100 kb,tRNA-,1.0,0.3010299956639812
NZ_CP062180.1,855141,≥100 kb,tRNA-,1.0,0.3010299956639812
NZ_CP148044.1,67608,<100 kb,tRNA-,10.0,1.0413926851582251
NZ_CP148045.1,2683,<100 kb,tRNA-,1.0,0.3010299956639812
NZ_CP148046.1,1860,<100 kb,tRNA-,1.0,0.3010299956639812
NZ_CP132601.1,77196,<100 kb,tRNA-,9.0,1.0
NZ_CP132602.1,2683,<100 kb,tRNA-,1.0,0.3010299956639812
NZ_CP159741.1,296145,≥100 kb,tRNA+,9.0,1.0
NZ_CP101059.1,48385,<100 kb,tRNA-,2.0,0.47712125471966244
NZ_CP172116.1,4017,<100 kb,tRNA-,1.0,0.3010299956639812
NZ_CP172118.1,4017,<100 kb,tRNA-,1.0,0.3010299956639812
NZ_CP149976.1,58972,<100 kb,tRNA-,5.0,0.7781512503836436
NZ_CP149981.1,66924,<100 kb,tRNA-,12.0,1.1139433523068367
NZ_CP149980.1,99641,<100 kb,tRNA-,4.0,0.6989700043360189
NZ_CP149983.1,99842,<100 kb,tRNA-,4.0,0.6989700043360189
NZ_CP149987.1,141750,≥100 kb,tRNA-,10.0,1.0413926851582251
NZ_CP149986.1,60836,<100 kb,tRNA-,4.0,0.6989700043360189
NZ_CP149990.1,257632,≥100 kb,tRNA-,20.0,1.3222192947339193
NZ_CP149992.1,109328,≥100 kb,tRNA-,4.0,0.6989700043360189
NZ_CP134064.1,1940935,≥100 kb,tRNA+,5.0,0.7781512503836436
NZ_OY725726.1,70666,<100 kb,tRNA+,1.0,0.3010299956639812
NZ_OY725736.1,517814,≥100 kb,tRNA+,2.0,0.47712125471966244
NZ_OY725740.1,335155,≥100 kb,tRNA+,1.0,0.3010299956639812
NZ_OY725744.1,78388,<100 kb,tRNA+,1.0,0.3010299956639812
NZ_CP013691.1,90798,<100 kb,tRNA-,4.0,0.6989700043360189
NZ_CP020417.1,7450,<100 kb,tRNA-,3.0,0.6020599913279624
NZ_AP018380.1,5819,<100 kb,tRNA-,3.0,0.6020599913279624
NZ_AP018384.1,5598,<100 kb,tRNA-,3.0,0.6020599913279624
NZ_CP045833.1,41998,<100 kb,tRNA-,1.0,0.3010299956639812
NZ_CP043817.1,41356,<100 kb,tRNA-,1.0,0.3010299956639812
NZ_CP043818.1,5600,<100 kb,tRNA-,3.0,0.6020599913279624
NZ_CP043813.1,41357,<100 kb,tRNA-,1.0,0.3010299956639812
NZ_CP043814.1,5600,<100 kb,tRNA-,3.0,0.6020599913279624
NZ_CP043872.1,41355,<100 kb,tRNA-,1.0,0.3010299956639812
NZ_CP043873.1,5600,<100 kb,tRNA-,3.0,0.6020599913279624
NZ_CP068762.1,42003,<100 kb,tRNA-,1.0,0.3010299956639812
NZ_CP068763.1,5089,<100 kb,tRNA-,3.0,0.6020599913279624
NZ_CP045708.1,42907,<100 kb,tRNA-,1.0,0.3010299956639812
NZ_CP045709.1,5154,<100 kb,tRNA-,3.0,0.6020599913279624
NZ_CP048930.1,41999,<100 kb,tRNA-,1.0,0.3010299956639812
NZ_CP048931.1,5154,<100 kb,tRNA-,3.0,0.6020599913279624
NZ_CP050931.1,41356,<100 kb,tRNA-,1.0,0.3010299956639812
NZ_CP050932.1,5600,<100 kb,tRNA-,3.0,0.6020599913279624
NZ_CP048251.1,42001,<100 kb,tRNA-,1.0,0.3010299956639812
NZ_CP048252.1,5155,<100 kb,tRNA-,3.0,0.6020599913279624
NZ_CP048248.1,5111,<100 kb,tRNA-,3.0,0.6020599913279624
NZ_CP048255.1,42003,<100 kb,tRNA-,1.0,0.3010299956639812
NZ_CP048256.1,5111,<100 kb,tRNA-,3.0,0.6020599913279624
NZ_CP097847.1,41997,<100 kb,tRNA-,1.0,0.3010299956639812
NZ_CP102755.1,84474,<100 kb,tRNA-,10.0,1.0413926851582251
NZ_CP116343.1,42004,<100 kb,tRNA-,1.0,0.3010299956639812
NZ_CP116345.1,3270,<100 kb,tRNA-,3.0,0.6020599913279624
NZ_CP119140.1,2168363,≥100 kb,tRNA+,9.0,1.0
NZ_CP119142.1,2167441,≥100 kb,tRNA+,13.0,1.146128035678238
NZ_CP131617.1,42023,<100 kb,tRNA-,1.0,0.3010299956639812
NZ_CP131618.1,5600,<100 kb,tRNA-,3.0,0.6020599913279624
NZ_CP131623.1,42024,<100 kb,tRNA-,1.0,0.3010299956639812
NZ_CP131624.1,5600,<100 kb,tRNA-,3.0,0.6020599913279624
NZ_CP131627.1,42005,<100 kb,tRNA-,1.0,0.3010299956639812
NZ_CP131633.1,42022,<100 kb,tRNA-,1.0,0.3010299956639812
NZ_CP131634.1,5600,<100 kb,tRNA-,3.0,0.6020599913279624
NZ_CP131642.1,42003,<100 kb,tRNA-,1.0,0.3010299956639812
NZ_CP131643.1,5600,<100 kb,tRNA-,3.0,0.6020599913279624
NZ_CP131646.1,42003,<100 kb,tRNA-,1.0,0.3010299956639812
NZ_CP131647.1,7427,<100 kb,tRNA-,3.0,0.6020599913279624
NZ_CP145022.1,7427,<100 kb,tRNA-,3.0,0.6020599913279624
NZ_CP145029.1,7538,<100 kb,tRNA-,3.0,0.6020599913279624
NZ_CP145033.1,42000,<100 kb,tRNA-,1.0,0.3010299956639812
NZ_CP145038.1,5598,<100 kb,tRNA-,3.0,0.6020599913279624
NZ_CP145042.1,5597,<100 kb,tRNA-,3.0,0.6020599913279624
NZ_CP145054.1,5600,<100 kb,tRNA-,3.0,0.6020599913279624
NZ_CP145055.1,43018,<100 kb,tRNA-,1.0,0.3010299956639812
NZ_CP145068.1,7449,<100 kb,tRNA-,3.0,0.6020599913279624
NZ_CP145069.1,42004,<100 kb,tRNA-,1.0,0.3010299956639812
NZ_CP145072.1,7427,<100 kb,tRNA-,3.0,0.6020599913279624
NZ_CP145078.1,42004,<100 kb,tRNA-,1.0,0.3010299956639812
NZ_CP145081.1,5597,<100 kb,tRNA-,3.0,0.6020599913279624
NZ_LT592147.1,5598,<100 kb,tRNA-,3.0,0.6020599913279624
NZ_LT591905.1,5597,<100 kb,tRNA-,3.0,0.6020599913279624
NZ_LT591911.1,7449,<100 kb,tRNA-,3.0,0.6020599913279624
NZ_LT591912.1,42004,<100 kb,tRNA-,1.0,0.3010299956639812
NZ_LT591899.1,42004,<100 kb,tRNA-,1.0,0.3010299956639812
NZ_LT592151.1,7427,<100 kb,tRNA-,3.0,0.6020599913279624
NZ_OZ004877.1,5584,<100 kb,tRNA-,3.0,0.6020599913279624
NZ_OZ197916.1,43016,<100 kb,tRNA-,1.0,0.3010299956639812
NZ_OZ197917.1,11200,<100 kb,tRNA-,3.0,0.6020599913279624
NZ_OZ197911.1,43017,<100 kb,tRNA-,1.0,0.3010299956639812
NZ_OZ197913.1,16800,<100 kb,tRNA-,9.0,1.0
NC_015583.1,1161602,≥100 kb,tRNA-,2.0,0.47712125471966244
NZ_AP017978.1,231307,≥100 kb,tRNA+,3.0,0.6020599913279624
NZ_CP009294.1,188477,≥100 kb,tRNA-,2.0,0.47712125471966244
NZ_CP009292.1,756828,≥100 kb,tRNA-,2.0,0.47712125471966244
NZ_LN868939.1,2657929,≥100 kb,tRNA+,3.0,0.6020599913279624
NZ_CP017076.1,1756808,≥100 kb,tRNA+,2.0,0.47712125471966244
NZ_CP025613.1,1003851,≥100 kb,tRNA+,1.0,0.3010299956639812
NZ_CP025513.1,1172176,≥100 kb,tRNA+,2.0,0.47712125471966244
NZ_CP030828.1,764863,≥100 kb,tRNA+,2.0,0.47712125471966244
NZ_CP030829.1,448010,≥100 kb,tRNA-,2.0,0.47712125471966244
NZ_CP039697.1,757197,≥100 kb,tRNA-,2.0,0.47712125471966244
NZ_CP044223.1,43759,<100 kb,tRNA-,1.0,0.3010299956639812
NZ_CP046705.1,325114,≥100 kb,tRNA-,1.0,0.3010299956639812
NZ_CP054697.1,264855,≥100 kb,tRNA-,1.0,0.3010299956639812
NZ_CP063448.1,199902,≥100 kb,tRNA-,1.0,0.3010299956639812
NZ_CP086601.1,64936,<100 kb,tRNA-,1.0,0.3010299956639812
NZ_CP116247.1,109048,≥100 kb,tRNA-,6.0,0.8450980400142568
NZ_CP117418.1,1319841,≥100 kb,tRNA-,2.0,0.47712125471966244
NZ_CP117882.1,1327038,≥100 kb,tRNA-,2.0,0.47712125471966244
NZ_CP123002.1,379813,≥100 kb,tRNA-,2.0,0.47712125471966244
NZ_CP124682.1,110680,≥100 kb,tRNA-,3.0,0.6020599913279624
NZ_CP103869.1,1060223,≥100 kb,tRNA-,2.0,0.47712125471966244
NZ_CP133084.1,78633,<100 kb,tRNA-,2.0,0.47712125471966244
NZ_CP102590.1,1442636,≥100 kb,tRNA+,3.0,0.6020599913279624
NZ_CP141945.1,1820724,≥100 kb,tRNA+,2.0,0.47712125471966244
NZ_CP170992.1,191628,≥100 kb,tRNA-,2.0,0.47712125471966244
NZ_CP180554.1,949422,≥100 kb,tRNA+,3.0,0.6020599913279624
NZ_CP045296.1,896837,≥100 kb,tRNA-,2.0,0.47712125471966244
NZ_CP054613.1,2697188,≥100 kb,tRNA+,3.0,0.6020599913279624
NZ_CP053545.1,440465,≥100 kb,tRNA+,2.0,0.47712125471966244
NZ_CP089294.1,165141,≥100 kb,tRNA-,1.0,0.3010299956639812
NZ_CP101181.1,115106,≥100 kb,tRNA-,4.0,0.6989700043360189
NZ_CP101182.1,57612,<100 kb,tRNA-,1.0,0.3010299956639812
NZ_CP101186.1,115106,≥100 kb,tRNA-,4.0,0.6989700043360189
NZ_CP101187.1,67506,<100 kb,tRNA-,1.0,0.3010299956639812
NZ_CP101188.1,57612,<100 kb,tRNA-,1.0,0.3010299956639812
NZ_CP106842.1,14591,<100 kb,tRNA-,1.0,0.3010299956639812
NZ_CP118104.1,12591,<100 kb,tRNA-,1.0,0.3010299956639812
NZ_CP118107.1,25177,<100 kb,tRNA-,2.0,0.47712125471966244
NZ_CP118105.1,205811,≥100 kb,tRNA-,2.0,0.47712125471966244
NZ_CP118111.1,12589,<100 kb,tRNA-,1.0,0.3010299956639812
NZ_CP123580.1,162224,≥100 kb,tRNA-,1.0,0.3010299956639812
NZ_CP127116.1,139717,≥100 kb,tRNA-,1.0,0.3010299956639812
NZ_CP145893.1,374980,≥100 kb,tRNA+,3.0,0.6020599913279624
NZ_CP145888.1,4690,<100 kb,tRNA-,3.0,0.6020599913279624
NZ_CP180536.1,143784,≥100 kb,tRNA-,1.0,0.3010299956639812
NZ_CP186053.1,517771,≥100 kb,tRNA+,2.0,0.47712125471966244
NC_014561.1,167983,≥100 kb,tRNA-,1.0,0.3010299956639812
NC_014258.1,529676,≥100 kb,tRNA-,1.0,0.3010299956639812
NC_014838.1,793953,≥100 kb,tRNA-,2.0,0.47712125471966244
NC_017553.1,280753,≥100 kb,tRNA-,1.0,0.3010299956639812
NC_017533.1,321744,≥100 kb,tRNA-,1.0,0.3010299956639812
NC_016817.1,302599,≥100 kb,tRNA-,1.0,0.3010299956639812
NZ_CP012748.1,2555069,≥100 kb,tRNA+,2.0,0.47712125471966244
NZ_CP013104.1,2011268,≥100 kb,tRNA+,2.0,0.47712125471966244
NZ_CP014208.1,331058,≥100 kb,tRNA-,1.0,0.3010299956639812
NZ_CP014128.2,197914,≥100 kb,tRNA-,1.0,0.3010299956639812
NZ_CP122321.1,582658,≥100 kb,tRNA-,1.0,0.3010299956639812
NZ_CP122322.1,143524,≥100 kb,tRNA-,1.0,0.3010299956639812
NZ_CP122326.1,178621,≥100 kb,tRNA-,1.0,0.3010299956639812
NZ_CP016892.1,173592,≥100 kb,tRNA-,1.0,0.3010299956639812
NZ_CP017591.1,304641,≥100 kb,tRNA-,1.0,0.3010299956639812
NZ_CP022429.1,328324,≥100 kb,tRNA-,1.0,0.3010299956639812
NZ_CP022428.1,34600,<100 kb,tRNA-,2.0,0.47712125471966244
NZ_CP026110.1,100133,≥100 kb,tRNA-,1.0,0.3010299956639812
NZ_CP020944.2,273809,≥100 kb,tRNA-,1.0,0.3010299956639812
NZ_CP028351.1,166637,≥100 kb,tRNA-,1.0,0.3010299956639812
NZ_CP028350.1,507680,≥100 kb,tRNA-,2.0,0.47712125471966244
NZ_CP028920.1,198760,≥100 kb,tRNA-,2.0,0.47712125471966244
NZ_CP024907.1,403765,≥100 kb,tRNA-,2.0,0.47712125471966244
NZ_CP031651.1,182169,≥100 kb,tRNA-,1.0,0.3010299956639812
NZ_CP034150.1,179590,≥100 kb,tRNA-,1.0,0.3010299956639812
NZ_CP035036.1,307670,≥100 kb,tRNA-,1.0,0.3010299956639812
NZ_CP034476.1,211326,≥100 kb,tRNA-,1.0,0.3010299956639812
NZ_CP034471.1,211326,≥100 kb,tRNA-,1.0,0.3010299956639812
NZ_CP038855.1,180464,≥100 kb,tRNA-,1.0,0.3010299956639812
NZ_CP143521.1,185041,≥100 kb,tRNA-,1.0,0.3010299956639812
NZ_CP040096.1,744154,≥100 kb,tRNA-,3.0,0.6020599913279624
NZ_CP040819.1,586520,≥100 kb,tRNA+,2.0,0.47712125471966244
NZ_CP040820.1,288677,≥100 kb,tRNA-,2.0,0.47712125471966244
NZ_CP044425.1,535332,≥100 kb,tRNA-,3.0,0.6020599913279624
NZ_CP045722.1,138725,≥100 kb,tRNA-,1.0,0.3010299956639812
NZ_CP046724.1,207454,≥100 kb,tRNA-,1.0,0.3010299956639812
NZ_CP049116.1,326337,≥100 kb,tRNA-,1.0,0.3010299956639812
NZ_CP054909.1,283516,≥100 kb,tRNA-,1.0,0.3010299956639812
NZ_CP058691.1,556977,≥100 kb,tRNA-,1.0,0.3010299956639812
NZ_CP015960.1,1913088,≥100 kb,tRNA+,2.0,0.47712125471966244
NZ_AP023176.1,2342401,≥100 kb,tRNA+,4.0,0.6989700043360189
NZ_AP023181.1,2380791,≥100 kb,tRNA+,4.0,0.6989700043360189
NZ_CP143411.1,170121,≥100 kb,tRNA-,1.0,0.3010299956639812
NZ_CP143402.1,185071,≥100 kb,tRNA-,1.0,0.3010299956639812
NZ_CP143417.1,162603,≥100 kb,tRNA-,1.0,0.3010299956639812
NZ_CP061085.1,131020,≥100 kb,tRNA-,1.0,0.3010299956639812
NZ_CP143408.1,183359,≥100 kb,tRNA-,1.0,0.3010299956639812
NZ_CP143419.1,180109,≥100 kb,tRNA-,1.0,0.3010299956639812
NZ_CP059083.1,305982,≥100 kb,tRNA-,1.0,0.3010299956639812
NZ_CP059088.1,160336,≥100 kb,tRNA-,1.0,0.3010299956639812
NZ_CP077367.1,180597,≥100 kb,tRNA-,1.0,0.3010299956639812
NZ_CP081344.1,276579,≥100 kb,tRNA-,1.0,0.3010299956639812
NZ_CP082294.1,160986,≥100 kb,tRNA-,1.0,0.3010299956639812
NZ_CP082347.1,689940,≥100 kb,tRNA-,1.0,0.3010299956639812
NZ_CP082342.1,653898,≥100 kb,tRNA-,1.0,0.3010299956639812
NZ_CP079740.1,47028,<100 kb,tRNA-,1.0,0.3010299956639812
NZ_CP083450.1,342726,≥100 kb,tRNA-,1.0,0.3010299956639812
NZ_CP083808.1,527897,≥100 kb,tRNA-,7.0,0.9030899869919435
NZ_CP086135.1,182426,≥100 kb,tRNA-,1.0,0.3010299956639812
NZ_AP024959.1,365189,≥100 kb,tRNA-,2.0,0.47712125471966244
NZ_CP090209.1,164785,≥100 kb,tRNA-,1.0,0.3010299956639812
NZ_CP068442.1,170989,≥100 kb,tRNA-,1.0,0.3010299956639812
NZ_CP074351.1,710238,≥100 kb,tRNA-,1.0,0.3010299956639812
NZ_CP071406.1,158640,≥100 kb,tRNA-,1.0,0.3010299956639812
NZ_CP071407.1,450383,≥100 kb,tRNA-,1.0,0.3010299956639812
NZ_CP091098.1,206494,≥100 kb,tRNA-,1.0,0.3010299956639812
NZ_CP094938.1,24990,<100 kb,tRNA-,1.0,0.3010299956639812
NZ_CP090357.1,338834,≥100 kb,tRNA-,1.0,0.3010299956639812
NZ_CP060819.1,267898,≥100 kb,tRNA-,1.0,0.3010299956639812
NZ_CP102605.1,926844,≥100 kb,tRNA-,1.0,0.3010299956639812
NZ_CP103403.1,180424,≥100 kb,tRNA-,1.0,0.3010299956639812
NZ_CP106661.1,742161,≥100 kb,tRNA-,1.0,0.3010299956639812
NZ_CP099543.1,272048,≥100 kb,tRNA-,1.0,0.3010299956639812
NZ_CP099536.1,286165,≥100 kb,tRNA-,1.0,0.3010299956639812
NZ_CP099538.1,65926,<100 kb,tRNA+,1.0,0.3010299956639812
NZ_CP099541.1,333832,≥100 kb,tRNA-,4.0,0.6989700043360189
NZ_CP107574.1,696693,≥100 kb,tRNA-,1.0,0.3010299956639812
NZ_CP109854.1,690879,≥100 kb,tRNA-,1.0,0.3010299956639812
NZ_AP019754.1,281268,≥100 kb,tRNA-,1.0,0.3010299956639812
NZ_CP110474.1,157117,≥100 kb,tRNA-,1.0,0.3010299956639812
NZ_CP113087.1,183838,≥100 kb,tRNA-,1.0,0.3010299956639812
NZ_CP104759.1,513647,≥100 kb,tRNA-,14.0,1.1760912590556813
NZ_CP115896.1,527820,≥100 kb,tRNA-,14.0,1.1760912590556813
NZ_CP067126.1,402633,≥100 kb,tRNA+,2.0,0.47712125471966244
NZ_CP118630.1,708540,≥100 kb,tRNA-,1.0,0.3010299956639812
NZ_CP084199.1,171886,≥100 kb,tRNA-,1.0,0.3010299956639812
NZ_CP035287.1,1740310,≥100 kb,tRNA+,2.0,0.47712125471966244
NZ_CP119568.1,615005,≥100 kb,tRNA+,2.0,0.47712125471966244
NZ_CP121109.1,771939,≥100 kb,tRNA-,1.0,0.3010299956639812
NZ_CP117200.1,779368,≥100 kb,tRNA-,3.0,0.6020599913279624
NZ_CP038196.1,2238439,≥100 kb,tRNA+,3.0,0.6020599913279624
NZ_CP038205.1,538229,≥100 kb,tRNA-,1.0,0.3010299956639812
NZ_CP038206.1,1499165,≥100 kb,tRNA+,1.0,0.3010299956639812
NZ_CP118268.1,159984,≥100 kb,tRNA-,1.0,0.3010299956639812
NZ_CP116286.1,262265,≥100 kb,tRNA-,1.0,0.3010299956639812
NZ_CP098363.1,225540,≥100 kb,tRNA+,1.0,0.3010299956639812
NZ_CP099730.1,197206,≥100 kb,tRNA-,1.0,0.3010299956639812
NZ_CP134721.1,173084,≥100 kb,tRNA-,1.0,0.3010299956639812
NZ_CP134726.1,174239,≥100 kb,tRNA-,1.0,0.3010299956639812
NZ_CP134731.1,181783,≥100 kb,tRNA-,1.0,0.3010299956639812
NZ_CP134735.1,205987,≥100 kb,tRNA-,1.0,0.3010299956639812
NZ_CP134740.1,193122,≥100 kb,tRNA-,1.0,0.3010299956639812
NZ_CP134746.1,174185,≥100 kb,tRNA-,1.0,0.3010299956639812
NZ_CP134751.1,176820,≥100 kb,tRNA-,1.0,0.3010299956639812
NZ_CP134755.1,173091,≥100 kb,tRNA-,1.0,0.3010299956639812
NZ_CP134759.1,172528,≥100 kb,tRNA-,1.0,0.3010299956639812
NZ_CP134763.1,174197,≥100 kb,tRNA-,1.0,0.3010299956639812
NZ_CP141053.1,1730091,≥100 kb,tRNA+,2.0,0.47712125471966244
NZ_CP045242.1,413800,≥100 kb,tRNA-,1.0,0.3010299956639812
NZ_CP045248.1,284318,≥100 kb,tRNA-,1.0,0.3010299956639812
NZ_CP141611.1,210352,≥100 kb,tRNA-,1.0,0.3010299956639812
NZ_CP144370.1,182630,≥100 kb,tRNA-,1.0,0.3010299956639812
NZ_CP146255.1,654618,≥100 kb,tRNA-,1.0,0.3010299956639812
NZ_AP028998.1,2481578,≥100 kb,tRNA+,4.0,0.6989700043360189
NZ_CP152095.1,203979,≥100 kb,tRNA-,1.0,0.3010299956639812
NZ_CP046138.1,258759,≥100 kb,tRNA-,1.0,0.3010299956639812
NZ_CP155067.1,729466,≥100 kb,tRNA-,1.0,0.3010299956639812
NZ_CP155068.1,163397,≥100 kb,tRNA-,1.0,0.3010299956639812
NZ_CP155075.1,1091221,≥100 kb,tRNA-,4.0,0.6989700043360189
NZ_CP149511.1,1505860,≥100 kb,tRNA-,2.0,0.47712125471966244
NZ_CP157883.1,654855,≥100 kb,tRNA-,1.0,0.3010299956639812
NZ_CP168167.1,272492,≥100 kb,tRNA-,1.0,0.3010299956639812
NZ_CP158293.1,839246,≥100 kb,tRNA-,3.0,0.6020599913279624
NZ_CP160460.1,256684,≥100 kb,tRNA-,1.0,0.3010299956639812
NZ_CP162623.1,172601,≥100 kb,tRNA-,1.0,0.3010299956639812
NZ_CP160632.1,131107,≥100 kb,tRNA-,1.0,0.3010299956639812
NZ_CP171470.1,170809,≥100 kb,tRNA-,1.0,0.3010299956639812
NZ_CP171469.1,154306,≥100 kb,tRNA-,1.0,0.3010299956639812
NZ_CP171463.1,169798,≥100 kb,tRNA-,1.0,0.3010299956639812
NZ_CP171464.1,151090,≥100 kb,tRNA-,1.0,0.3010299956639812
NZ_CP162548.1,184744,≥100 kb,tRNA-,1.0,0.3010299956639812
NZ_CP046586.1,310867,≥100 kb,tRNA-,1.0,0.3010299956639812
NZ_CP118619.1,534552,≥100 kb,tRNA-,7.0,0.9030899869919435
NZ_CP173700.1,391382,≥100 kb,tRNA-,1.0,0.3010299956639812
NZ_CP125959.1,257267,≥100 kb,tRNA-,1.0,0.3010299956639812
NZ_CP176872.1,174641,≥100 kb,tRNA-,1.0,0.3010299956639812
NZ_CP126315.1,263541,≥100 kb,tRNA-,1.0,0.3010299956639812
NZ_CP151277.1,535398,≥100 kb,tRNA+,1.0,0.3010299956639812
NZ_CP168604.1,697950,≥100 kb,tRNA-,1.0,0.3010299956639812
NZ_CP133291.1,666049,≥100 kb,tRNA-,2.0,0.47712125471966244
NZ_CP133292.1,399597,≥100 kb,tRNA+,1.0,0.3010299956639812
NZ_CP182419.1,1565577,≥100 kb,tRNA+,1.0,0.3010299956639812
NZ_CP182420.1,720709,≥100 kb,tRNA-,1.0,0.3010299956639812
NZ_CP133066.1,170956,≥100 kb,tRNA-,1.0,0.3010299956639812
NZ_CP182590.1,531228,≥100 kb,tRNA-,1.0,0.3010299956639812
NZ_CP182591.1,168020,≥100 kb,tRNA-,1.0,0.3010299956639812
NZ_CP185916.1,207683,≥100 kb,tRNA-,1.0,0.3010299956639812
NZ_CP189649.1,403055,≥100 kb,tRNA-,1.0,0.3010299956639812
NZ_OW970318.1,163706,≥100 kb,tRNA-,1.0,0.3010299956639812
NZ_OY970451.1,508307,≥100 kb,tRNA-,7.0,0.9030899869919435
NC_017035.1,5360,<100 kb,tRNA-,2.0,0.47712125471966244
NZ_CP012291.1,143870,≥100 kb,tRNA-,1.0,0.3010299956639812
NZ_CP018764.1,13522,<100 kb,tRNA-,7.0,0.9030899869919435
NZ_CP077724.1,5047,<100 kb,tRNA-,1.0,0.3010299956639812
NZ_CP116476.1,8688,<100 kb,tRNA-,2.0,0.47712125471966244
NZ_CP121789.1,5259,<100 kb,tRNA-,1.0,0.3010299956639812
NZ_CP133764.1,362832,≥100 kb,tRNA-,1.0,0.3010299956639812
NZ_CP135195.1,6205,<100 kb,tRNA-,1.0,0.3010299956639812
NZ_CP138503.1,37357,<100 kb,tRNA-,1.0,0.3010299956639812
NZ_CP138505.1,15435,<100 kb,tRNA-,5.0,0.7781512503836436
NZ_AP025293.1,1068661,≥100 kb,tRNA-,5.0,0.7781512503836436
NZ_CP144919.1,7769,<100 kb,tRNA-,7.0,0.9030899869919435
NZ_CP144455.1,4769,<100 kb,tRNA-,2.0,0.47712125471966244
NZ_CP152405.1,5237,<100 kb,tRNA-,1.0,0.3010299956639812
NZ_CP172052.1,11053,<100 kb,tRNA-,1.0,0.3010299956639812
NZ_CP183805.1,4320,<100 kb,tRNA-,2.0,0.47712125471966244
NZ_CP183801.1,4615,<100 kb,tRNA-,2.0,0.47712125471966244
NZ_CP183803.1,5727,<100 kb,tRNA-,1.0,0.3010299956639812
NZ_CP011601.1,295619,≥100 kb,tRNA-,18.0,1.2787536009528289
NZ_CP011599.1,82986,<100 kb,tRNA-,5.0,0.7781512503836436
NZ_CP011598.1,43621,<100 kb,tRNA-,7.0,0.9030899869919435
NZ_CP014003.1,163688,≥100 kb,tRNA+,1.0,0.3010299956639812
NZ_CP016489.1,165618,≥100 kb,tRNA+,1.0,0.3010299956639812
NZ_CP016476.1,253256,≥100 kb,tRNA-,1.0,0.3010299956639812
NZ_CP013819.1,45767,<100 kb,tRNA-,3.0,0.6020599913279624
NZ_CP013795.1,45766,<100 kb,tRNA-,3.0,0.6020599913279624
NZ_CP013800.1,20368,<100 kb,tRNA-,1.0,0.3010299956639812
NZ_CP013814.1,45767,<100 kb,tRNA-,3.0,0.6020599913279624
NZ_CP010686.1,23657,<100 kb,tRNA-,1.0,0.3010299956639812
NZ_CP010647.1,72213,<100 kb,tRNA-,2.0,0.47712125471966244
NZ_CP010775.1,36658,<100 kb,tRNA-,1.0,0.3010299956639812
NZ_CP017945.1,211008,≥100 kb,tRNA-,2.0,0.47712125471966244
NZ_CP010722.1,36658,<100 kb,tRNA-,1.0,0.3010299956639812
NZ_CP010723.1,16050,<100 kb,tRNA-,1.0,0.3010299956639812
NZ_CP010740.1,57427,<100 kb,tRNA-,1.0,0.3010299956639812
NZ_CP010635.1,54309,<100 kb,tRNA-,1.0,0.3010299956639812
NZ_CP010616.1,57789,<100 kb,tRNA-,1.0,0.3010299956639812
NZ_CP010667.1,57789,<100 kb,tRNA-,1.0,0.3010299956639812
NZ_CP010713.1,57788,<100 kb,tRNA-,1.0,0.3010299956639812
NZ_CP010755.1,57788,<100 kb,tRNA-,1.0,0.3010299956639812
NZ_CP010693.1,72213,<100 kb,tRNA-,2.0,0.47712125471966244
NZ_CP027853.1,395858,≥100 kb,tRNA+,2.0,0.47712125471966244
NZ_CP027855.1,18970,<100 kb,tRNA-,2.0,0.47712125471966244
NZ_CP018299.1,319190,≥100 kb,tRNA-,6.0,0.8450980400142568
NZ_AP018758.1,47417,<100 kb,tRNA-,7.0,0.9030899869919435
NZ_CP039041.1,251458,≥100 kb,tRNA+,3.0,0.6020599913279624
NZ_CP051549.1,104972,≥100 kb,tRNA-,2.0,0.47712125471966244
NZ_CP050303.1,611708,≥100 kb,tRNA-,8.0,0.9542425094393249
NZ_CP062197.1,301696,≥100 kb,tRNA+,2.0,0.47712125471966244
NZ_CP088275.1,519835,≥100 kb,tRNA-,8.0,0.9542425094393249
NZ_CP088276.1,476847,≥100 kb,tRNA-,2.0,0.47712125471966244
NZ_AP025336.1,174343,≥100 kb,tRNA-,23.0,1.380211241711606
NZ_CP104969.1,394220,≥100 kb,tRNA+,2.0,0.47712125471966244
NZ_CP104967.1,1594332,≥100 kb,tRNA+,2.0,0.47712125471966244
NZ_AP026782.1,203929,≥100 kb,tRNA-,8.0,0.9542425094393249
NZ_CP119424.1,2139191,≥100 kb,tRNA+,3.0,0.6020599913279624
NZ_CP074082.1,258200,≥100 kb,tRNA-,8.0,0.9542425094393249
NZ_CP076735.1,299701,≥100 kb,tRNA-,8.0,0.9542425094393249
NZ_CP077688.1,283781,≥100 kb,tRNA-,14.0,1.1760912590556813
NZ_AP028043.1,172011,≥100 kb,tRNA-,21.0,1.3424226808222062
NZ_AP028044.1,98997,<100 kb,tRNA-,10.0,1.0413926851582251
NZ_AP028048.1,174343,≥100 kb,tRNA-,23.0,1.380211241711606
NZ_AP028052.1,174343,≥100 kb,tRNA-,23.0,1.380211241711606
NZ_CP101031.1,271161,≥100 kb,tRNA+,5.0,0.7781512503836436
NC_022111.1,1770419,≥100 kb,tRNA+,1.0,0.3010299956639812
NZ_CP009919.1,74772,<100 kb,tRNA-,3.0,0.6020599913279624
NZ_CP015327.1,56750,<100 kb,tRNA-,3.0,0.6020599913279624
NZ_CP018877.1,128297,≥100 kb,tRNA-,1.0,0.3010299956639812
NZ_CP095480.1,87457,<100 kb,tRNA-,3.0,0.6020599913279624
NZ_CP095479.1,87720,<100 kb,tRNA-,2.0,0.47712125471966244
NZ_CP021551.1,161830,≥100 kb,tRNA-,17.0,1.255272505103306
NZ_CP021695.1,214441,≥100 kb,tRNA-,11.0,1.0791812460476249
NZ_CP021853.1,180262,≥100 kb,tRNA-,15.0,1.2041199826559248
NZ_CP017083.1,24225,<100 kb,tRNA-,4.0,0.6989700043360189
NZ_CP017084.1,171489,≥100 kb,tRNA-,12.0,1.1139433523068367
NZ_CP017086.1,59035,<100 kb,tRNA-,6.0,0.8450980400142568
NZ_CP035096.1,74777,<100 kb,tRNA-,3.0,0.6020599913279624
NZ_CP045540.1,99278,<100 kb,tRNA-,13.0,1.146128035678238
NZ_CP047113.1,12795,<100 kb,tRNA-,6.0,0.8450980400142568
NZ_CP047114.1,138818,≥100 kb,tRNA-,22.0,1.3617278360175928
NZ_CP047354.1,2683,<100 kb,tRNA-,1.0,0.3010299956639812
NZ_CP047353.1,168512,≥100 kb,tRNA-,11.0,1.0791812460476249
NZ_CP045273.1,1081311,≥100 kb,tRNA+,1.0,0.3010299956639812
NZ_CP053895.1,102319,≥100 kb,tRNA-,6.0,0.8450980400142568
NZ_CP053899.1,135623,≥100 kb,tRNA-,15.0,1.2041199826559248
NZ_CP053900.1,35276,<100 kb,tRNA-,6.0,0.8450980400142568
NZ_CP070570.1,40918,<100 kb,tRNA-,3.0,0.6020599913279624
NZ_CP070571.1,88945,<100 kb,tRNA-,12.0,1.1139433523068367
NZ_CP070574.1,40918,<100 kb,tRNA-,3.0,0.6020599913279624
NZ_CP070575.1,88945,<100 kb,tRNA-,12.0,1.1139433523068367
NZ_CP069291.1,74778,<100 kb,tRNA-,3.0,0.6020599913279624
NZ_CP069398.1,188115,≥100 kb,tRNA+,1.0,0.3010299956639812
NZ_CP069413.1,4697,<100 kb,tRNA-,1.0,0.3010299956639812
NZ_CP046050.1,165918,≥100 kb,tRNA-,16.0,1.2304489213782739
NZ_CP072477.1,126990,≥100 kb,tRNA+,1.0,0.3010299956639812
NZ_CP066835.1,5947,<100 kb,tRNA-,1.0,0.3010299956639812
NZ_CP072780.1,2683,<100 kb,tRNA-,1.0,0.3010299956639812
NZ_CP177078.1,40917,<100 kb,tRNA-,3.0,0.6020599913279624
NZ_CP177079.1,101867,≥100 kb,tRNA-,4.0,0.6989700043360189
NZ_CP047590.1,165923,≥100 kb,tRNA-,19.0,1.3010299956639813
NZ_CP077964.1,211006,≥100 kb,tRNA-,19.0,1.3010299956639813
NZ_CP098445.1,205118,≥100 kb,tRNA-,18.0,1.2787536009528289
NZ_CP098449.1,24225,<100 kb,tRNA-,4.0,0.6989700043360189
NZ_CP098452.1,24225,<100 kb,tRNA-,4.0,0.6989700043360189
NZ_CP085444.1,126504,≥100 kb,tRNA+,1.0,0.3010299956639812
NZ_CP085447.1,103394,≥100 kb,tRNA-,1.0,0.3010299956639812
NZ_CP071775.1,2683,<100 kb,tRNA-,1.0,0.3010299956639812
NZ_CP071778.1,4942,<100 kb,tRNA-,1.0,0.3010299956639812
NZ_CP031847.1,24225,<100 kb,tRNA-,4.0,0.6989700043360189
NZ_CP071782.1,2683,<100 kb,tRNA-,1.0,0.3010299956639812
NZ_AP026828.1,111709,≥100 kb,tRNA-,12.0,1.1139433523068367
NZ_CP118228.1,8441,<100 kb,tRNA-,1.0,0.3010299956639812
NZ_CP118229.1,2683,<100 kb,tRNA-,1.0,0.3010299956639812
NZ_CP120596.1,10537,<100 kb,tRNA-,1.0,0.3010299956639812
NZ_CP120607.1,81667,<100 kb,tRNA-,3.0,0.6020599913279624
NZ_CP187622.1,157164,≥100 kb,tRNA+,1.0,0.3010299956639812
NZ_CP121764.1,431692,≥100 kb,tRNA+,3.0,0.6020599913279624
NZ_CP140442.1,40919,<100 kb,tRNA-,3.0,0.6020599913279624
NZ_CP136434.1,25002,<100 kb,tRNA-,4.0,0.6989700043360189
NZ_CP137216.1,109990,≥100 kb,tRNA-,11.0,1.0791812460476249
NZ_CP137219.1,252119,≥100 kb,tRNA-,20.0,1.3222192947339193
NZ_CP137222.1,24225,<100 kb,tRNA-,4.0,0.6989700043360189
NZ_CP137225.1,25002,<100 kb,tRNA-,4.0,0.6989700043360189
NZ_CP137227.1,24225,<100 kb,tRNA-,4.0,0.6989700043360189
NZ_CP137237.1,48462,<100 kb,tRNA-,6.0,0.8450980400142568
NZ_CP137234.1,124764,≥100 kb,tRNA-,14.0,1.1760912590556813
NZ_CP137235.1,2683,<100 kb,tRNA-,1.0,0.3010299956639812
NZ_CP137230.1,252119,≥100 kb,tRNA-,20.0,1.3222192947339193
NZ_CP137239.1,48462,<100 kb,tRNA-,2.0,0.47712125471966244
NZ_CP137334.1,24118,<100 kb,tRNA-,4.0,0.6989700043360189
NZ_CP137336.1,2683,<100 kb,tRNA-,1.0,0.3010299956639812
NZ_CP138493.1,24225,<100 kb,tRNA-,4.0,0.6989700043360189
NZ_CP142377.1,2683,<100 kb,tRNA-,1.0,0.3010299956639812
NZ_CP148137.1,49093,<100 kb,tRNA-,2.0,0.47712125471966244
NZ_CP148135.1,49093,<100 kb,tRNA-,2.0,0.47712125471966244
NZ_CP148139.1,141887,≥100 kb,tRNA-,14.0,1.1760912590556813
NZ_CP148141.1,66644,<100 kb,tRNA-,4.0,0.6989700043360189
NZ_CP151673.1,63589,<100 kb,tRNA-,2.0,0.47712125471966244
NZ_CP151677.1,40918,<100 kb,tRNA-,3.0,0.6020599913279624
NZ_CP162498.1,198305,≥100 kb,tRNA+,2.0,0.47712125471966244
NZ_CP182169.1,2682,<100 kb,tRNA-,1.0,0.3010299956639812
NZ_CP189781.1,181597,≥100 kb,tRNA-,2.0,0.47712125471966244
NZ_CP013139.1,906103,≥100 kb,tRNA-,2.0,0.47712125471966244
NZ_CP016215.1,423017,≥100 kb,tRNA-,11.0,1.0791812460476249
NZ_CP017055.1,195378,≥100 kb,tRNA-,2.0,0.47712125471966244
NZ_CP025052.1,59923,<100 kb,tRNA-,7.0,0.9030899869919435
NZ_CP025054.1,59923,<100 kb,tRNA-,7.0,0.9030899869919435
NZ_CP031121.1,18784,<100 kb,tRNA-,8.0,0.9542425094393249
NZ_CP031122.1,164992,≥100 kb,tRNA-,19.0,1.3010299956639813
NZ_CP022523.1,1244003,≥100 kb,tRNA+,3.0,0.6020599913279624
NZ_CP029737.1,144970,≥100 kb,tRNA-,7.0,0.9030899869919435
NZ_CP032091.1,842855,≥100 kb,tRNA-,4.0,0.6989700043360189
NZ_CP032092.1,244204,≥100 kb,tRNA-,2.0,0.47712125471966244
NZ_CP028385.1,231957,≥100 kb,tRNA-,8.0,0.9542425094393249
NZ_CP044075.1,186363,≥100 kb,tRNA-,14.0,1.1760912590556813
NZ_CP045419.1,801066,≥100 kb,tRNA+,2.0,0.47712125471966244
NZ_CP045009.1,59167,<100 kb,tRNA-,6.0,0.8450980400142568
NZ_CP045011.1,2683,<100 kb,tRNA-,1.0,0.3010299956639812
NZ_AP022376.1,84930,<100 kb,tRNA-,8.0,0.9542425094393249
NZ_AP022377.1,152754,≥100 kb,tRNA-,6.0,0.8450980400142568
NZ_CP048622.1,2683,<100 kb,tRNA-,1.0,0.3010299956639812
NZ_CP048797.1,151684,≥100 kb,tRNA-,9.0,1.0
NZ_CP047341.1,59168,<100 kb,tRNA-,6.0,0.8450980400142568
NZ_CP047343.1,2683,<100 kb,tRNA-,1.0,0.3010299956639812
NZ_CP047346.1,121294,≥100 kb,tRNA-,20.0,1.3222192947339193
NZ_CP047348.1,2683,<100 kb,tRNA-,1.0,0.3010299956639812
NZ_CP047345.1,171206,≥100 kb,tRNA-,9.0,1.0
NZ_CP047350.1,171208,≥100 kb,tRNA-,12.0,1.1139433523068367
NZ_CP047640.1,103912,≥100 kb,tRNA-,12.0,1.1139433523068367
NZ_CP047642.1,8401,<100 kb,tRNA-,1.0,0.3010299956639812
NZ_CP047641.1,2683,<100 kb,tRNA-,1.0,0.3010299956639812
NZ_CP053372.1,177911,≥100 kb,tRNA-,31.0,1.505149978319906
NZ_CP053373.1,51686,<100 kb,tRNA-,6.0,0.8450980400142568
NZ_CP053043.1,139490,≥100 kb,tRNA-,19.0,1.3010299956639813
NZ_CP053897.1,135614,≥100 kb,tRNA-,15.0,1.2041199826559248
NZ_CP058973.1,865783,≥100 kb,tRNA-,4.0,0.6989700043360189
NZ_CP060727.1,135614,≥100 kb,tRNA-,15.0,1.2041199826559248
NZ_CP060728.1,35276,<100 kb,tRNA-,6.0,0.8450980400142568
NZ_CP060729.1,2683,<100 kb,tRNA-,1.0,0.3010299956639812
NZ_CP066316.1,32931,<100 kb,tRNA-,4.0,0.6989700043360189
NZ_CP066317.1,8234,<100 kb,tRNA-,1.0,0.3010299956639812
NZ_CP063315.1,85309,<100 kb,tRNA-,16.0,1.2304489213782739
NZ_CP071069.1,188750,≥100 kb,tRNA-,27.0,1.4471580313422192
NZ_CP075348.1,432748,≥100 kb,tRNA+,2.0,0.47712125471966244
NZ_CP075356.1,432745,≥100 kb,tRNA+,2.0,0.47712125471966244
NZ_CP075360.1,432748,≥100 kb,tRNA+,2.0,0.47712125471966244
NZ_CP123366.1,224540,≥100 kb,tRNA-,15.0,1.2041199826559248
NZ_CP123373.1,319669,≥100 kb,tRNA-,24.0,1.3979400086720377
NZ_CP123369.1,209862,≥100 kb,tRNA-,11.0,1.0791812460476249
NZ_CP123370.1,97908,<100 kb,tRNA-,7.0,0.9030899869919435
NZ_CP077771.1,899440,≥100 kb,tRNA-,4.0,0.6989700043360189
NZ_CP082353.1,56282,<100 kb,tRNA-,2.0,0.47712125471966244
NZ_CP073357.1,192359,≥100 kb,tRNA-,21.0,1.3424226808222062
NZ_CP084393.1,463690,≥100 kb,tRNA+,1.0,0.3010299956639812
NZ_CP074588.1,1319534,≥100 kb,tRNA+,3.0,0.6020599913279624
NZ_CP085482.1,262556,≥100 kb,tRNA-,21.0,1.3424226808222062
NZ_CP091443.1,826286,≥100 kb,tRNA-,4.0,0.6989700043360189
NZ_CP059691.1,44070,<100 kb,tRNA-,3.0,0.6020599913279624
NZ_CP096259.1,129768,≥100 kb,tRNA-,19.0,1.3010299956639813
NZ_CP097381.1,166313,≥100 kb,tRNA-,19.0,1.3010299956639813
NZ_CP095444.1,278489,≥100 kb,tRNA-,23.0,1.380211241711606
NZ_CP095445.1,2683,<100 kb,tRNA-,1.0,0.3010299956639812
NZ_CP098041.1,273271,≥100 kb,tRNA-,16.0,1.2304489213782739
NZ_CP104122.1,93239,<100 kb,tRNA-,5.0,0.7781512503836436
NZ_CP123254.1,2683,<100 kb,tRNA-,1.0,0.3010299956639812
NZ_CP123252.1,129473,≥100 kb,tRNA-,20.0,1.3222192947339193
NZ_CP086375.1,306935,≥100 kb,tRNA-,24.0,1.3979400086720377
NZ_CP114581.1,41842,<100 kb,tRNA-,3.0,0.6020599913279624
NZ_CP114797.1,180854,≥100 kb,tRNA-,9.0,1.0
NZ_CP114800.1,2558,<100 kb,tRNA-,1.0,0.3010299956639812
NZ_CP116622.1,2683,<100 kb,tRNA-,1.0,0.3010299956639812
NZ_CP135053.1,2683,<100 kb,tRNA-,1.0,0.3010299956639812
NZ_CP135054.1,79375,<100 kb,tRNA-,14.0,1.1760912590556813
NZ_CP119541.1,239161,≥100 kb,tRNA-,29.0,1.4771212547196624
NZ_CP119545.1,2683,<100 kb,tRNA-,1.0,0.3010299956639812
NZ_CP119547.1,207362,≥100 kb,tRNA-,22.0,1.3617278360175928
NZ_CP119551.1,2683,<100 kb,tRNA-,1.0,0.3010299956639812
NZ_CP119553.1,238333,≥100 kb,tRNA-,29.0,1.4771212547196624
NZ_CP119558.1,2683,<100 kb,tRNA-,1.0,0.3010299956639812
NZ_CP119556.1,3223,<100 kb,tRNA-,1.0,0.3010299956639812
NZ_CP118864.1,118246,≥100 kb,tRNA-,1.0,0.3010299956639812
NZ_CP118865.1,315510,≥100 kb,tRNA-,13.0,1.146128035678238
NZ_CP126336.1,109464,≥100 kb,tRNA-,18.0,1.2787536009528289
NZ_CP109734.1,203863,≥100 kb,tRNA-,7.0,0.9030899869919435
NZ_CP135991.1,2683,<100 kb,tRNA-,1.0,0.3010299956639812
NZ_CP133570.1,805506,≥100 kb,tRNA-,2.0,0.47712125471966244
NZ_CP133572.1,680547,≥100 kb,tRNA-,2.0,0.47712125471966244
NZ_CP120532.1,173100,≥100 kb,tRNA-,13.0,1.146128035678238
NZ_CP120531.1,249616,≥100 kb,tRNA-,10.0,1.0413926851582251
NZ_CP120534.1,247814,≥100 kb,tRNA-,14.0,1.1760912590556813
NZ_CP120536.1,258768,≥100 kb,tRNA-,16.0,1.2304489213782739
NZ_CP120540.1,2683,<100 kb,tRNA-,1.0,0.3010299956639812
NZ_CP120542.1,301811,≥100 kb,tRNA-,19.0,1.3010299956639813
NZ_CP120546.1,260228,≥100 kb,tRNA-,8.0,0.9542425094393249
NZ_CP120547.1,2683,<100 kb,tRNA-,1.0,0.3010299956639812
NZ_CP137231.1,142801,≥100 kb,tRNA-,8.0,0.9542425094393249
NZ_CP096283.1,305102,≥100 kb,tRNA-,15.0,1.2041199826559248
NZ_CP096284.1,2683,<100 kb,tRNA-,1.0,0.3010299956639812
NZ_CP096286.1,254068,≥100 kb,tRNA-,6.0,0.8450980400142568
NZ_CP096288.1,273273,≥100 kb,tRNA-,16.0,1.2304489213782739
NZ_CP096290.1,273271,≥100 kb,tRNA-,16.0,1.2304489213782739
NZ_CP096295.1,253713,≥100 kb,tRNA-,17.0,1.255272505103306
NZ_CP096296.1,2683,<100 kb,tRNA-,1.0,0.3010299956639812
NZ_CP096298.1,138711,≥100 kb,tRNA-,21.0,1.3424226808222062
NZ_CP096301.1,89183,<100 kb,tRNA-,1.0,0.3010299956639812
NZ_CP096303.1,168272,≥100 kb,tRNA-,3.0,0.6020599913279624
NZ_CP096314.1,239034,≥100 kb,tRNA-,11.0,1.0791812460476249
NZ_CP096316.1,231099,≥100 kb,tRNA-,15.0,1.2041199826559248
NZ_CP096317.1,89183,<100 kb,tRNA-,1.0,0.3010299956639812
NZ_CP096319.1,239029,≥100 kb,tRNA-,11.0,1.0791812460476249
NZ_CP096321.1,137552,≥100 kb,tRNA-,8.0,0.9542425094393249
NZ_CP096322.1,2683,<100 kb,tRNA-,1.0,0.3010299956639812
NZ_CP096324.1,137552,≥100 kb,tRNA-,9.0,1.0
NZ_CP096327.1,137552,≥100 kb,tRNA-,9.0,1.0
NZ_CP096329.1,137551,≥100 kb,tRNA-,8.0,0.9542425094393249
NZ_CP096331.1,137552,≥100 kb,tRNA-,9.0,1.0
NZ_CP096333.1,378876,≥100 kb,tRNA-,26.0,1.4313637641589874
NZ_CP096336.1,378875,≥100 kb,tRNA-,24.0,1.3979400086720377
NZ_CP096343.1,133357,≥100 kb,tRNA-,9.0,1.0
NZ_CP096344.1,132772,≥100 kb,tRNA-,1.0,0.3010299956639812
NZ_CP096345.1,91941,<100 kb,tRNA-,5.0,0.7781512503836436
NZ_CP096347.1,197829,≥100 kb,tRNA-,15.0,1.2041199826559248
NZ_CP096354.1,133325,≥100 kb,tRNA-,17.0,1.255272505103306
NZ_CP096355.1,132772,≥100 kb,tRNA-,1.0,0.3010299956639812
NZ_CP096356.1,91941,<100 kb,tRNA-,5.0,0.7781512503836436
NZ_CP096358.1,208476,≥100 kb,tRNA-,6.0,0.8450980400142568
NZ_CP096359.1,89198,<100 kb,tRNA-,4.0,0.6989700043360189
NZ_CP096361.1,89183,<100 kb,tRNA-,1.0,0.3010299956639812
NZ_CP096363.1,385271,≥100 kb,tRNA-,26.0,1.4313637641589874
NZ_CP096365.1,385271,≥100 kb,tRNA-,26.0,1.4313637641589874
NZ_CP137921.1,185591,≥100 kb,tRNA-,23.0,1.380211241711606
NZ_CP141743.1,58610,<100 kb,tRNA-,11.0,1.0791812460476249
NZ_CP141744.1,2683,<100 kb,tRNA-,1.0,0.3010299956639812
NZ_CP142031.1,792064,≥100 kb,tRNA-,2.0,0.47712125471966244
NZ_CP142096.1,141594,≥100 kb,tRNA-,9.0,1.0
NZ_CP145914.1,82475,<100 kb,tRNA-,5.0,0.7781512503836436
NZ_CP145915.1,28487,<100 kb,tRNA-,4.0,0.6989700043360189
NZ_CP145911.1,200491,≥100 kb,tRNA-,15.0,1.2041199826559248
NZ_CP145913.1,5579,<100 kb,tRNA-,1.0,0.3010299956639812
NZ_CP145919.1,82475,<100 kb,tRNA-,5.0,0.7781512503836436
NZ_CP145918.1,42848,<100 kb,tRNA-,4.0,0.6989700043360189
NZ_CP145916.1,190651,≥100 kb,tRNA-,12.0,1.1139433523068367
NZ_CP145923.1,82475,<100 kb,tRNA-,5.0,0.7781512503836436
NZ_CP145920.1,53100,<100 kb,tRNA-,16.0,1.2304489213782739
NZ_CP145921.1,190651,≥100 kb,tRNA-,12.0,1.1139433523068367
NZ_CP145925.1,116732,≥100 kb,tRNA-,17.0,1.255272505103306
NZ_CP145929.1,82475,<100 kb,tRNA-,5.0,0.7781512503836436
NZ_CP145927.1,41244,<100 kb,tRNA-,4.0,0.6989700043360189
NZ_CP145930.1,189504,≥100 kb,tRNA-,12.0,1.1139433523068367
NZ_CP145932.1,82475,<100 kb,tRNA-,5.0,0.7781512503836436
NZ_CP145933.1,189504,≥100 kb,tRNA-,12.0,1.1139433523068367
NZ_CP150646.1,93273,<100 kb,tRNA-,15.0,1.2041199826559248
NZ_CP150647.1,30447,<100 kb,tRNA-,6.0,0.8450980400142568
NZ_CP155464.1,41842,<100 kb,tRNA-,3.0,0.6020599913279624
NZ_CP139431.1,143575,≥100 kb,tRNA-,18.0,1.2787536009528289
NZ_CP157268.1,255719,≥100 kb,tRNA-,22.0,1.3617278360175928
NZ_CP157269.1,68028,<100 kb,tRNA-,10.0,1.0413926851582251
NZ_CP157270.1,39418,<100 kb,tRNA-,3.0,0.6020599913279624
NZ_CP157272.2,8894,<100 kb,tRNA-,10.0,1.0413926851582251
NZ_CP157274.1,2590,<100 kb,tRNA-,1.0,0.3010299956639812
NZ_CP169567.1,7406,<100 kb,tRNA-,5.0,0.7781512503836436
NZ_CP174023.1,41842,<100 kb,tRNA-,3.0,0.6020599913279624
NZ_CP152391.1,723540,≥100 kb,tRNA-,4.0,0.6989700043360189
NZ_CP172120.1,2683,<100 kb,tRNA-,1.0,0.3010299956639812
NZ_CP172122.1,2683,<100 kb,tRNA-,1.0,0.3010299956639812
NZ_CP085274.1,660195,≥100 kb,tRNA-,4.0,0.6989700043360189
NZ_CP090668.1,824538,≥100 kb,tRNA-,4.0,0.6989700043360189
NZ_CP096374.1,239343,≥100 kb,tRNA-,10.0,1.0413926851582251
NZ_CP096375.1,152308,≥100 kb,tRNA-,8.0,0.9542425094393249
NZ_CP096376.1,2669,<100 kb,tRNA-,1.0,0.3010299956639812
NZ_CP096372.1,41936,<100 kb,tRNA-,9.0,1.0
NZ_CP096370.1,37139,<100 kb,tRNA-,6.0,0.8450980400142568
NZ_CP096368.1,134802,≥100 kb,tRNA-,8.0,0.9542425094393249
NZ_CP137082.1,24225,<100 kb,tRNA-,4.0,0.6989700043360189
NZ_CP137084.1,2683,<100 kb,tRNA-,1.0,0.3010299956639812
NZ_CP137087.1,123188,≥100 kb,tRNA-,6.0,0.8450980400142568
NZ_AP018947.1,168819,≥100 kb,tRNA-,1.0,0.3010299956639812
NZ_CP175959.1,200019,≥100 kb,tRNA-,13.0,1.146128035678238
NZ_CP175960.1,4270,<100 kb,tRNA-,1.0,0.3010299956639812
NZ_CP166997.1,748547,≥100 kb,tRNA-,4.0,0.6989700043360189
NZ_CP185401.1,899258,≥100 kb,tRNA-,4.0,0.6989700043360189
NZ_CP096292.1,156586,≥100 kb,tRNA-,15.0,1.2041199826559248
NZ_CP096293.1,148602,≥100 kb,tRNA-,18.0,1.2787536009528289
NZ_CP096305.1,239036,≥100 kb,tRNA-,11.0,1.0791812460476249
NZ_CP096306.1,2683,<100 kb,tRNA-,1.0,0.3010299956639812
NZ_CP096308.1,307514,≥100 kb,tRNA-,26.0,1.4313637641589874
NZ_CP096309.1,2683,<100 kb,tRNA-,1.0,0.3010299956639812
NZ_CP096311.1,166775,≥100 kb,tRNA-,11.0,1.0791812460476249
NZ_CP096312.1,71432,<100 kb,tRNA-,1.0,0.3010299956639812
NZ_CP096338.1,147245,≥100 kb,tRNA-,20.0,1.3222192947339193
NZ_CP096339.1,132772,≥100 kb,tRNA-,1.0,0.3010299956639812
NZ_CP096340.1,91911,<100 kb,tRNA-,5.0,0.7781512503836436
NZ_CP096341.1,2683,<100 kb,tRNA-,1.0,0.3010299956639812
NZ_CP181871.1,157130,≥100 kb,tRNA-,24.0,1.3979400086720377
NZ_CP174124.1,2683,<100 kb,tRNA-,1.0,0.3010299956639812
NZ_CP191543.1,6400,<100 kb,tRNA-,4.0,0.6989700043360189
NZ_CP178222.1,206981,≥100 kb,tRNA-,8.0,0.9542425094393249
NZ_OU659114.1,170656,≥100 kb,tRNA-,1.0,0.3010299956639812
NZ_OU659126.1,171426,≥100 kb,tRNA-,1.0,0.3010299956639812
NZ_OU659121.1,171405,≥100 kb,tRNA-,1.0,0.3010299956639812
NZ_OU659119.1,168972,≥100 kb,tRNA-,1.0,0.3010299956639812
NZ_OU659131.1,488666,≥100 kb,tRNA+,10.0,1.0413926851582251
NZ_OU659132.1,171426,≥100 kb,tRNA-,1.0,0.3010299956639812
NZ_OU659163.1,171398,≥100 kb,tRNA-,1.0,0.3010299956639812
NZ_OY979118.1,239711,≥100 kb,tRNA-,25.0,1.414973347970818
NZ_OY979224.1,195746,≥100 kb,tRNA-,12.0,1.1139433523068367
NZ_OY979225.1,94284,<100 kb,tRNA-,13.0,1.146128035678238
NZ_CP027173.1,41559,<100 kb,tRNA-,3.0,0.6020599913279624
NZ_CP029096.1,437392,≥100 kb,tRNA-,8.0,0.9542425094393249
NZ_CP029708.1,4440,<100 kb,tRNA-,1.0,0.3010299956639812
NZ_CP039294.1,414954,≥100 kb,tRNA-,6.0,0.8450980400142568
NZ_CP033834.1,36032,<100 kb,tRNA-,9.0,1.0
NZ_CP040126.1,395774,≥100 kb,tRNA-,14.0,1.1760912590556813
NZ_CP083367.1,318215,≥100 kb,tRNA-,6.0,0.8450980400142568
NZ_CP040685.1,40180,<100 kb,tRNA-,4.0,0.6989700043360189
NZ_CP042268.1,167069,≥100 kb,tRNA+,14.0,1.1760912590556813
NZ_CP039989.1,422811,≥100 kb,tRNA-,12.0,1.1139433523068367
NZ_CP039991.1,439744,≥100 kb,tRNA-,18.0,1.2787536009528289
NZ_CP045003.1,513322,≥100 kb,tRNA-,15.0,1.2041199826559248
NZ_CP045917.1,468631,≥100 kb,tRNA-,5.0,0.7781512503836436
NZ_CP061851.1,29402,<100 kb,tRNA-,4.0,0.6989700043360189
NZ_CP065414.1,48306,<100 kb,tRNA-,4.0,0.6989700043360189
NZ_CP065418.1,40937,<100 kb,tRNA-,4.0,0.6989700043360189
NZ_CP073081.1,463517,≥100 kb,tRNA-,20.0,1.3222192947339193
NZ_CP073083.1,436486,≥100 kb,tRNA-,22.0,1.3617278360175928
NZ_CP086065.1,60312,<100 kb,tRNA-,4.0,0.6989700043360189
NZ_CP061377.1,486963,≥100 kb,tRNA-,21.0,1.3424226808222062
NZ_CP080012.1,41101,<100 kb,tRNA-,4.0,0.6989700043360189
NZ_CP080290.1,41938,<100 kb,tRNA-,4.0,0.6989700043360189
NZ_CP071948.1,159998,≥100 kb,tRNA-,12.0,1.1139433523068367
NZ_CP071949.1,153270,≥100 kb,tRNA-,14.0,1.1760912590556813
NZ_CP081203.1,475028,≥100 kb,tRNA-,7.0,0.9030899869919435
NZ_CP081289.1,32558,<100 kb,tRNA-,3.0,0.6020599913279624
NZ_CP081348.1,478017,≥100 kb,tRNA-,3.0,0.6020599913279624
NZ_CP081349.1,42487,<100 kb,tRNA-,4.0,0.6989700043360189
NZ_CP081478.1,232884,≥100 kb,tRNA-,3.0,0.6020599913279624
NZ_CP064398.1,49370,<100 kb,tRNA-,8.0,0.9542425094393249
NZ_CP064396.1,44426,<100 kb,tRNA-,4.0,0.6989700043360189
NZ_CP064400.1,88210,<100 kb,tRNA-,4.0,0.6989700043360189
NZ_CP064402.1,392244,≥100 kb,tRNA-,21.0,1.3424226808222062
NZ_CP064404.1,396963,≥100 kb,tRNA-,4.0,0.6989700043360189
NZ_CP077978.1,397554,≥100 kb,tRNA-,4.0,0.6989700043360189
NZ_CP077975.1,35358,<100 kb,tRNA-,1.0,0.3010299956639812
NZ_CP077974.1,52415,<100 kb,tRNA-,4.0,0.6989700043360189
NZ_CP077982.1,52491,<100 kb,tRNA-,4.0,0.6989700043360189
NZ_CP077987.1,35358,<100 kb,tRNA-,1.0,0.3010299956639812
NZ_CP077986.1,52415,<100 kb,tRNA-,4.0,0.6989700043360189
NZ_CP077990.1,52415,<100 kb,tRNA-,4.0,0.6989700043360189
NZ_CP077992.1,35358,<100 kb,tRNA-,1.0,0.3010299956639812
NZ_CP077995.1,62848,<100 kb,tRNA-,4.0,0.6989700043360189
NZ_CP078000.1,106679,≥100 kb,tRNA-,4.0,0.6989700043360189
NZ_CP078003.1,58802,<100 kb,tRNA-,4.0,0.6989700043360189
NZ_CP078005.1,64631,<100 kb,tRNA-,4.0,0.6989700043360189
NZ_CP078008.1,28700,<100 kb,tRNA-,5.0,0.7781512503836436
NZ_CP078010.1,24350,<100 kb,tRNA-,4.0,0.6989700043360189
NZ_CP086014.1,412187,≥100 kb,tRNA-,16.0,1.2304489213782739
NZ_CP123896.1,25355,<100 kb,tRNA-,1.0,0.3010299956639812
NZ_CP068679.1,54433,<100 kb,tRNA-,2.0,0.47712125471966244
NZ_CP090650.1,475129,≥100 kb,tRNA-,15.0,1.2041199826559248
NZ_CP095775.1,42729,<100 kb,tRNA-,4.0,0.6989700043360189
NZ_CP095921.1,495621,≥100 kb,tRNA-,19.0,1.3010299956639813
NZ_CP095924.1,275369,≥100 kb,tRNA-,7.0,0.9030899869919435
NZ_CP097845.1,54029,<100 kb,tRNA-,8.0,0.9542425094393249
NZ_CP097844.1,54030,<100 kb,tRNA-,8.0,0.9542425094393249
NZ_CP094852.1,52416,<100 kb,tRNA-,4.0,0.6989700043360189
NZ_CP104871.1,453250,≥100 kb,tRNA-,22.0,1.3617278360175928
NZ_CP104872.1,49370,<100 kb,tRNA-,8.0,0.9542425094393249
NZ_CP094678.1,436716,≥100 kb,tRNA-,20.0,1.3222192947339193
NZ_CP104585.1,103681,≥100 kb,tRNA-,8.0,0.9542425094393249
NZ_CP104587.1,426499,≥100 kb,tRNA-,12.0,1.1139433523068367
NZ_CP104589.1,109939,≥100 kb,tRNA-,6.0,0.8450980400142568
NZ_CP104591.1,462066,≥100 kb,tRNA-,12.0,1.1139433523068367
NZ_CP114762.1,432403,≥100 kb,tRNA-,21.0,1.3424226808222062
NZ_CP096823.1,335200,≥100 kb,tRNA-,6.0,0.8450980400142568
NZ_CP096910.1,24897,<100 kb,tRNA-,3.0,0.6020599913279624
NZ_CP096914.1,152682,≥100 kb,tRNA-,8.0,0.9542425094393249
NZ_CP116716.1,24068,<100 kb,tRNA-,2.0,0.47712125471966244
NZ_CP118639.1,422938,≥100 kb,tRNA-,7.0,0.9030899869919435
NZ_CP084322.1,463412,≥100 kb,tRNA-,20.0,1.3222192947339193
NZ_CP110191.1,416612,≥100 kb,tRNA-,9.0,1.0
NZ_CP123955.1,7845,<100 kb,tRNA-,3.0,0.6020599913279624
NZ_CP124659.1,526642,≥100 kb,tRNA-,14.0,1.1760912590556813
NZ_CP125362.1,38558,<100 kb,tRNA-,4.0,0.6989700043360189
NZ_CP125364.1,34090,<100 kb,tRNA-,4.0,0.6989700043360189
NZ_CP125366.1,34090,<100 kb,tRNA-,4.0,0.6989700043360189
NZ_CP125368.1,33985,<100 kb,tRNA-,4.0,0.6989700043360189
NZ_CP096928.1,416743,≥100 kb,tRNA-,16.0,1.2304489213782739
NZ_CP096930.1,24305,<100 kb,tRNA-,3.0,0.6020599913279624
NZ_CP096935.1,31297,<100 kb,tRNA-,2.0,0.47712125471966244
NZ_CP096938.1,27975,<100 kb,tRNA-,3.0,0.6020599913279624
NZ_CP096939.1,33003,<100 kb,tRNA-,4.0,0.6989700043360189
NZ_CP096949.1,24305,<100 kb,tRNA-,3.0,0.6020599913279624
NZ_CP096951.1,407607,≥100 kb,tRNA-,6.0,0.8450980400142568
NZ_CP096955.1,31974,<100 kb,tRNA-,3.0,0.6020599913279624
NZ_CP096957.1,412305,≥100 kb,tRNA-,16.0,1.2304489213782739
NZ_CP096962.1,51878,<100 kb,tRNA-,2.0,0.47712125471966244
NZ_CP096963.1,413043,≥100 kb,tRNA-,17.0,1.255272505103306
NZ_CP129405.1,517764,≥100 kb,tRNA-,16.0,1.2304489213782739
NZ_CP129201.1,506353,≥100 kb,tRNA-,24.0,1.3979400086720377
NZ_CP129995.1,432097,≥100 kb,tRNA-,15.0,1.2041199826559248
NZ_CP132994.1,498409,≥100 kb,tRNA-,19.0,1.3010299956639813
NZ_CP132996.1,322697,≥100 kb,tRNA-,11.0,1.0791812460476249
NZ_CP132998.2,409129,≥100 kb,tRNA-,21.0,1.3424226808222062
NZ_CP133095.1,448610,≥100 kb,tRNA-,15.0,1.2041199826559248
NZ_CP031226.1,971889,≥100 kb,tRNA+,2.0,0.47712125471966244
NZ_CP084213.1,76741,<100 kb,tRNA-,2.0,0.47712125471966244
NZ_CP101701.1,455169,≥100 kb,tRNA-,27.0,1.4471580313422192
NZ_CP120882.1,28293,<100 kb,tRNA-,2.0,0.47712125471966244
NZ_CP133752.1,179608,≥100 kb,tRNA-,3.0,0.6020599913279624
NZ_CP133754.1,452564,≥100 kb,tRNA-,16.0,1.2304489213782739
NZ_CP136015.1,40346,<100 kb,tRNA-,4.0,0.6989700043360189
NZ_CP136599.1,429722,≥100 kb,tRNA-,16.0,1.2304489213782739
NZ_CP137489.1,3217,<100 kb,tRNA-,3.0,0.6020599913279624
NZ_CP137499.1,3217,<100 kb,tRNA-,3.0,0.6020599913279624
NZ_CP137508.1,96285,<100 kb,tRNA-,13.0,1.146128035678238
NZ_CP137509.1,34063,<100 kb,tRNA-,2.0,0.47712125471966244
NZ_CP140112.1,518222,≥100 kb,tRNA-,20.0,1.3222192947339193
NZ_CP133756.1,522477,≥100 kb,tRNA-,16.0,1.2304489213782739
NZ_CP149855.1,159128,≥100 kb,tRNA-,7.0,0.9030899869919435
NZ_CP151176.1,501042,≥100 kb,tRNA-,19.0,1.3010299956639813
NZ_CP131615.1,413844,≥100 kb,tRNA-,23.0,1.380211241711606
NZ_CP151544.1,433528,≥100 kb,tRNA-,18.0,1.2787536009528289
NZ_CP151648.1,406808,≥100 kb,tRNA-,12.0,1.1139433523068367
NZ_CP131786.1,461212,≥100 kb,tRNA-,9.0,1.0
NZ_CP131792.1,846886,≥100 kb,tRNA+,7.0,0.9030899869919435
NZ_CP131793.1,405567,≥100 kb,tRNA-,10.0,1.0413926851582251
NZ_CP158571.1,394374,≥100 kb,tRNA-,4.0,0.6989700043360189
NZ_CP159838.1,426741,≥100 kb,tRNA-,12.0,1.1139433523068367
NZ_CP159839.1,37533,<100 kb,tRNA-,4.0,0.6989700043360189
NZ_CP159842.1,449377,≥100 kb,tRNA-,21.0,1.3424226808222062
NZ_CP159843.1,37887,<100 kb,tRNA-,4.0,0.6989700043360189
NZ_CP163545.1,432650,≥100 kb,tRNA-,21.0,1.3424226808222062
NZ_CP166818.1,347738,≥100 kb,tRNA-,12.0,1.1139433523068367
NZ_CP166820.1,448137,≥100 kb,tRNA-,14.0,1.1760912590556813
NZ_CP166822.1,444414,≥100 kb,tRNA-,16.0,1.2304489213782739
NZ_CP139037.1,422428,≥100 kb,tRNA-,15.0,1.2041199826559248
NZ_CP173220.1,449083,≥100 kb,tRNA-,17.0,1.255272505103306
NZ_CP060006.1,426027,≥100 kb,tRNA-,17.0,1.255272505103306
NZ_CP172963.1,448205,≥100 kb,tRNA-,7.0,0.9030899869919435
NZ_CP181090.1,22626,<100 kb,tRNA-,1.0,0.3010299956639812
NZ_CP185403.1,136246,≥100 kb,tRNA-,3.0,0.6020599913279624
NZ_CP185404.1,41668,<100 kb,tRNA-,4.0,0.6989700043360189
NZ_CP191354.1,26759,<100 kb,tRNA-,4.0,0.6989700043360189
NZ_OX638703.1,61494,<100 kb,tRNA-,7.0,0.9030899869919435
NZ_CP016446.1,52710,<100 kb,tRNA-,4.0,0.6989700043360189
NZ_CP027168.1,57053,<100 kb,tRNA-,4.0,0.6989700043360189
NZ_CP027170.1,438531,≥100 kb,tRNA-,4.0,0.6989700043360189
NZ_CP029092.1,57052,<100 kb,tRNA-,4.0,0.6989700043360189
NZ_CP029094.1,438529,≥100 kb,tRNA-,4.0,0.6989700043360189
NZ_MN961670.1,636818,≥100 kb,tRNA+,32.0,1.5185139398778875
NZ_CP046873.1,103556,≥100 kb,tRNA-,14.0,1.1760912590556813
NZ_CP061724.1,602772,≥100 kb,tRNA-,17.0,1.255272505103306
NZ_AP022476.1,44219,<100 kb,tRNA-,4.0,0.6989700043360189
NZ_CP064944.1,50708,<100 kb,tRNA-,4.0,0.6989700043360189
NZ_CP064945.1,585396,≥100 kb,tRNA-,26.0,1.4313637641589874
NZ_CP064947.1,150273,≥100 kb,tRNA-,2.0,0.47712125471966244
NZ_CP064948.1,589460,≥100 kb,tRNA-,24.0,1.3979400086720377
NZ_CP066307.1,80360,<100 kb,tRNA-,13.0,1.146128035678238
NZ_CP070507.1,249868,≥100 kb,tRNA-,3.0,0.6020599913279624
NZ_CP100662.1,28317,<100 kb,tRNA-,1.0,0.3010299956639812
NZ_CP102429.1,245277,≥100 kb,tRNA-,1.0,0.3010299956639812
NZ_CP102430.1,98312,<100 kb,tRNA-,4.0,0.6989700043360189
NZ_CP118678.1,496468,≥100 kb,tRNA-,14.0,1.1760912590556813
NZ_CP146842.1,49704,<100 kb,tRNA-,3.0,0.6020599913279624
NZ_CP131922.1,492744,≥100 kb,tRNA-,17.0,1.255272505103306
NZ_CP132348.1,450033,≥100 kb,tRNA-,22.0,1.3617278360175928
NZ_CP156903.1,311425,≥100 kb,tRNA-,4.0,0.6989700043360189
NZ_CP160621.1,492744,≥100 kb,tRNA-,17.0,1.255272505103306
NZ_CP161880.1,577808,≥100 kb,tRNA-,24.0,1.3979400086720377
NZ_CP161881.1,50709,<100 kb,tRNA-,4.0,0.6989700043360189
NZ_CP162503.1,581766,≥100 kb,tRNA-,24.0,1.3979400086720377
NZ_CP101035.1,403142,≥100 kb,tRNA-,10.0,1.0413926851582251
NZ_AP035766.1,405495,≥100 kb,tRNA-,3.0,0.6020599913279624
NZ_CP173615.1,498459,≥100 kb,tRNA+,1.0,0.3010299956639812
NZ_CP053064.1,787051,≥100 kb,tRNA+,5.0,0.7781512503836436
NZ_CP186943.1,441611,≥100 kb,tRNA-,4.0,0.6989700043360189
NZ_CP186944.1,44069,<100 kb,tRNA-,3.0,0.6020599913279624
NC_019906.1,80360,<100 kb,tRNA-,13.0,1.146128035678238
NZ_CP010893.1,36379,<100 kb,tRNA-,4.0,0.6989700043360189
NZ_CP026333.1,394537,≥100 kb,tRNA-,3.0,0.6020599913279624
NZ_CP032678.1,904163,≥100 kb,tRNA+,2.0,0.47712125471966244
NZ_CP063457.1,199972,≥100 kb,tRNA-,10.0,1.0413926851582251
NZ_CP073662.1,125508,≥100 kb,tRNA-,1.0,0.3010299956639812
NZ_CP087162.1,61278,<100 kb,tRNA-,4.0,0.6989700043360189
NZ_CP097490.1,301296,≥100 kb,tRNA-,1.0,0.3010299956639812
NZ_CP072560.1,267513,≥100 kb,tRNA-,1.0,0.3010299956639812
NZ_CP079828.1,375255,≥100 kb,tRNA-,4.0,0.6989700043360189
NZ_CP097104.1,480951,≥100 kb,tRNA-,12.0,1.1139433523068367
NZ_CP115662.1,8187,<100 kb,tRNA-,1.0,0.3010299956639812
NZ_CP115664.1,8219,<100 kb,tRNA-,1.0,0.3010299956639812
NZ_CP115666.1,8187,<100 kb,tRNA-,1.0,0.3010299956639812
NZ_CP132008.1,106245,≥100 kb,tRNA-,7.0,0.9030899869919435
NZ_CP134603.1,430899,≥100 kb,tRNA-,21.0,1.3424226808222062
NZ_CP139144.1,48998,<100 kb,tRNA-,1.0,0.3010299956639812
NZ_CP142111.1,35720,<100 kb,tRNA-,1.0,0.3010299956639812
NZ_CP143525.1,577576,≥100 kb,tRNA+,25.0,1.414973347970818
NZ_CP146345.1,95682,<100 kb,tRNA-,1.0,0.3010299956639812
NZ_CP132351.1,456648,≥100 kb,tRNA-,16.0,1.2304489213782739
NZ_CP138358.1,404664,≥100 kb,tRNA-,15.0,1.2041199826559248
NZ_CP162591.1,97979,<100 kb,tRNA-,5.0,0.7781512503836436
NZ_CP162597.1,97971,<100 kb,tRNA-,5.0,0.7781512503836436
NZ_CP137000.1,492744,≥100 kb,tRNA-,17.0,1.255272505103306
NZ_CP064950.1,948989,≥100 kb,tRNA+,1.0,0.3010299956639812
NZ_CP177042.1,895153,≥100 kb,tRNA+,2.0,0.47712125471966244
NC_003296.1,2094509,≥100 kb,tRNA+,4.0,0.6989700043360189
NC_015062.1,616549,≥100 kb,tRNA-,3.0,0.6020599913279624
NC_017575.1,1949172,≥100 kb,tRNA+,4.0,0.6989700043360189
NC_014310.1,2085000,≥100 kb,tRNA+,5.0,0.7781512503836436
NZ_CP172583.1,2122903,≥100 kb,tRNA+,4.0,0.6989700043360189
NZ_CP012688.1,1999545,≥100 kb,tRNA+,4.0,0.6989700043360189
NZ_CP014703.1,1883432,≥100 kb,tRNA+,5.0,0.7781512503836436
NZ_CP012940.1,1932001,≥100 kb,tRNA+,4.0,0.6989700043360189
NZ_CP012944.1,2069788,≥100 kb,tRNA+,4.0,0.6989700043360189
NZ_CP172971.1,2341923,≥100 kb,tRNA+,4.0,0.6989700043360189
NZ_CP015116.1,2093441,≥100 kb,tRNA+,4.0,0.6989700043360189
NZ_CP021328.1,446611,≥100 kb,tRNA-,32.0,1.5185139398778875
NZ_CP016915.1,2061090,≥100 kb,tRNA+,4.0,0.6989700043360189
NZ_CP021653.1,1999547,≥100 kb,tRNA+,2.0,0.47712125471966244
NZ_CP021767.1,1999547,≥100 kb,tRNA+,4.0,0.6989700043360189
NZ_CP024713.1,68316,<100 kb,tRNA-,2.0,0.47712125471966244
NZ_CP019063.1,549463,≥100 kb,tRNA-,3.0,0.6020599913279624
NZ_CP019064.1,229977,≥100 kb,tRNA-,1.0,0.3010299956639812
NZ_CP022771.1,1883756,≥100 kb,tRNA+,5.0,0.7781512503836436
NZ_CP022777.1,1883805,≥100 kb,tRNA+,5.0,0.7781512503836436
NZ_CP022789.1,1986284,≥100 kb,tRNA+,4.0,0.6989700043360189
NZ_CP022760.1,1986282,≥100 kb,tRNA+,4.0,0.6989700043360189
NZ_CP022775.1,1988373,≥100 kb,tRNA+,5.0,0.7781512503836436
NZ_CP022797.1,1988567,≥100 kb,tRNA+,5.0,0.7781512503836436
NZ_CP022799.1,1884392,≥100 kb,tRNA+,5.0,0.7781512503836436
NZ_CP022758.1,1988531,≥100 kb,tRNA+,5.0,0.7781512503836436
NZ_CP022762.1,1884412,≥100 kb,tRNA+,5.0,0.7781512503836436
NZ_CP022764.1,1988569,≥100 kb,tRNA+,5.0,0.7781512503836436
NZ_CP026308.1,1949116,≥100 kb,tRNA+,4.0,0.6989700043360189
NZ_CP021763.1,2094505,≥100 kb,tRNA+,4.0,0.6989700043360189
NZ_CP038279.1,35262,<100 kb,tRNA-,4.0,0.6989700043360189
NZ_CP038280.1,75415,<100 kb,tRNA-,7.0,0.9030899869919435
NZ_CP038277.1,238550,≥100 kb,tRNA-,16.0,1.2304489213782739
NZ_CP039340.1,1830097,≥100 kb,tRNA+,4.0,0.6989700043360189
NZ_CP044120.1,68566,<100 kb,tRNA-,8.0,0.9542425094393249
NZ_CP048350.1,279792,≥100 kb,tRNA-,12.0,1.1139433523068367
NZ_CP048353.1,63589,<100 kb,tRNA-,2.0,0.47712125471966244
NZ_CP048358.1,3223,<100 kb,tRNA-,1.0,0.3010299956639812
NZ_CP051295.1,1907373,≥100 kb,tRNA+,4.0,0.6989700043360189
NZ_AP021985.1,110248,≥100 kb,tRNA-,7.0,0.9030899869919435
NZ_AP022269.1,241445,≥100 kb,tRNA-,4.0,0.6989700043360189
NZ_AP022270.1,148619,≥100 kb,tRNA-,10.0,1.0413926851582251
NZ_AP022271.1,86933,<100 kb,tRNA-,7.0,0.9030899869919435
NZ_CP051170.1,1942331,≥100 kb,tRNA+,4.0,0.6989700043360189
NZ_CP051172.1,1911272,≥100 kb,tRNA+,4.0,0.6989700043360189
NZ_CP051174.1,2021285,≥100 kb,tRNA+,4.0,0.6989700043360189
NZ_CP051176.1,1837383,≥100 kb,tRNA+,4.0,0.6989700043360189
NZ_CP067059.1,553387,≥100 kb,tRNA-,3.0,0.6020599913279624
NZ_CP067414.1,68533,<100 kb,tRNA-,10.0,1.0413926851582251
NZ_CP046730.1,2046405,≥100 kb,tRNA+,5.0,0.7781512503836436
NZ_CP046675.1,1994515,≥100 kb,tRNA+,4.0,0.6989700043360189
NZ_AP023421.1,503999,≥100 kb,tRNA+,1.0,0.3010299956639812
NZ_CP076606.1,185066,≥100 kb,tRNA-,16.0,1.2304489213782739
NZ_AP025010.1,378524,≥100 kb,tRNA-,13.0,1.146128035678238
NZ_AP025011.1,261835,≥100 kb,tRNA-,4.0,0.6989700043360189
NZ_AP025012.1,139908,≥100 kb,tRNA-,6.0,0.8450980400142568
NZ_AP025013.1,107444,≥100 kb,tRNA-,12.0,1.1139433523068367
NZ_CP089920.1,722843,≥100 kb,tRNA-,3.0,0.6020599913279624
NZ_CP054272.1,78869,<100 kb,tRNA-,11.0,1.0791812460476249
NZ_CP054273.1,45048,<100 kb,tRNA-,3.0,0.6020599913279624
NZ_CP055217.1,97587,<100 kb,tRNA-,7.0,0.9030899869919435
NZ_CP055218.1,48095,<100 kb,tRNA-,5.0,0.7781512503836436
NZ_CP093536.1,2075606,≥100 kb,tRNA+,4.0,0.6989700043360189
NZ_CP100399.2,35502,<100 kb,tRNA-,3.0,0.6020599913279624
NZ_CP093330.1,562130,≥100 kb,tRNA-,3.0,0.6020599913279624
NZ_CP069246.1,2008534,≥100 kb,tRNA+,4.0,0.6989700043360189
NZ_CP166146.1,51479,<100 kb,tRNA-,3.0,0.6020599913279624
NZ_CP104455.1,22326,<100 kb,tRNA-,2.0,0.47712125471966244
NZ_CP104457.1,9838,<100 kb,tRNA-,3.0,0.6020599913279624
NZ_CP104451.1,148888,≥100 kb,tRNA-,5.0,0.7781512503836436
NZ_CP104456.1,13466,<100 kb,tRNA-,1.0,0.3010299956639812
NZ_CP085044.1,2061231,≥100 kb,tRNA+,4.0,0.6989700043360189
NZ_CP084739.1,2083023,≥100 kb,tRNA+,4.0,0.6989700043360189
NZ_CP086019.1,1996921,≥100 kb,tRNA+,4.0,0.6989700043360189
NZ_CP086105.1,2073962,≥100 kb,tRNA+,4.0,0.6989700043360189
NZ_CP086266.1,2069415,≥100 kb,tRNA+,4.0,0.6989700043360189
NZ_AP019670.1,241445,≥100 kb,tRNA-,4.0,0.6989700043360189
NZ_AP019671.1,148619,≥100 kb,tRNA-,10.0,1.0413926851582251
NZ_AP019672.1,86933,<100 kb,tRNA-,8.0,0.9542425094393249
NZ_CP115942.1,1578131,≥100 kb,tRNA+,2.0,0.47712125471966244
NZ_CP115945.1,1751279,≥100 kb,tRNA+,2.0,0.47712125471966244
NZ_CP115953.1,2210741,≥100 kb,tRNA+,4.0,0.6989700043360189
NZ_CP115958.1,2067958,≥100 kb,tRNA+,4.0,0.6989700043360189
NZ_CP115956.1,1973144,≥100 kb,tRNA+,4.0,0.6989700043360189
NZ_CP124528.1,7492,<100 kb,tRNA-,1.0,0.3010299956639812
NZ_CP124527.1,44871,<100 kb,tRNA-,4.0,0.6989700043360189
NZ_CP041388.1,382325,≥100 kb,tRNA-,22.0,1.3617278360175928
NZ_CP130155.1,40525,<100 kb,tRNA-,6.0,0.8450980400142568
NZ_CP130154.1,363911,≥100 kb,tRNA-,21.0,1.3424226808222062
NZ_CP132596.1,48322,<100 kb,tRNA-,4.0,0.6989700043360189
NZ_CP132597.1,28275,<100 kb,tRNA-,3.0,0.6020599913279624
NZ_CP145159.1,16903,<100 kb,tRNA-,5.0,0.7781512503836436
NZ_CP145158.1,71436,<100 kb,tRNA-,13.0,1.146128035678238
NZ_CP145170.1,3223,<100 kb,tRNA-,1.0,0.3010299956639812
NZ_CP145166.1,72181,<100 kb,tRNA-,14.0,1.1760912590556813
NZ_CP145194.1,3223,<100 kb,tRNA-,1.0,0.3010299956639812
NZ_CP145190.1,72181,<100 kb,tRNA-,14.0,1.1760912590556813
NZ_CP145186.1,3223,<100 kb,tRNA-,1.0,0.3010299956639812
NZ_CP145183.1,19705,<100 kb,tRNA-,4.0,0.6989700043360189
NZ_CP145182.1,72181,<100 kb,tRNA-,14.0,1.1760912590556813
NZ_CP146092.1,1983207,≥100 kb,tRNA+,6.0,0.8450980400142568
NZ_CP146093.1,412450,≥100 kb,tRNA+,2.0,0.47712125471966244
NZ_AP029005.1,1955831,≥100 kb,tRNA+,4.0,0.6989700043360189
NZ_AP029007.1,1976271,≥100 kb,tRNA+,4.0,0.6989700043360189
NZ_AP029009.1,1976266,≥100 kb,tRNA+,4.0,0.6989700043360189
NZ_AP029011.1,2060108,≥100 kb,tRNA+,4.0,0.6989700043360189
NZ_AP029015.1,1988610,≥100 kb,tRNA+,5.0,0.7781512503836436
NZ_AP029013.1,2004817,≥100 kb,tRNA+,4.0,0.6989700043360189
NZ_CP139092.1,92321,<100 kb,tRNA-,21.0,1.3424226808222062
NZ_CP139091.1,238021,≥100 kb,tRNA-,15.0,1.2041199826559248
NZ_CP113979.1,1979818,≥100 kb,tRNA+,4.0,0.6989700043360189
NZ_CP155589.1,1951655,≥100 kb,tRNA+,4.0,0.6989700043360189
NZ_CP155592.1,1951654,≥100 kb,tRNA+,4.0,0.6989700043360189
NZ_CP158969.1,1987859,≥100 kb,tRNA+,4.0,0.6989700043360189
NZ_CP162964.1,220357,≥100 kb,tRNA-,15.0,1.2041199826559248
NZ_CP162965.1,43273,<100 kb,tRNA-,4.0,0.6989700043360189
NZ_CP168236.1,1950766,≥100 kb,tRNA+,4.0,0.6989700043360189
NZ_CP168234.1,1944777,≥100 kb,tRNA+,4.0,0.6989700043360189
NZ_CP168245.1,1950768,≥100 kb,tRNA+,4.0,0.6989700043360189
NZ_CP168239.1,1941693,≥100 kb,tRNA+,4.0,0.6989700043360189
NZ_CP168243.1,1941694,≥100 kb,tRNA+,4.0,0.6989700043360189
NZ_CP168294.1,75966,<100 kb,tRNA-,6.0,0.8450980400142568
NZ_CP168298.1,90185,<100 kb,tRNA-,10.0,1.0413926851582251
NZ_CP170452.1,1749600,≥100 kb,tRNA+,2.0,0.47712125471966244
NZ_CP118368.1,147874,≥100 kb,tRNA-,9.0,1.0
NZ_CP118370.1,262888,≥100 kb,tRNA-,22.0,1.3617278360175928
NZ_CP118371.1,73166,<100 kb,tRNA-,3.0,0.6020599913279624
NZ_CP171633.1,256985,≥100 kb,tRNA-,1.0,0.3010299956639812
NZ_CP168726.1,2066778,≥100 kb,tRNA+,4.0,0.6989700043360189
NZ_CP168728.1,2058588,≥100 kb,tRNA+,4.0,0.6989700043360189
NZ_CP168730.1,1973034,≥100 kb,tRNA+,4.0,0.6989700043360189
NZ_CP168734.1,2064406,≥100 kb,tRNA+,4.0,0.6989700043360189
NZ_CP168732.1,1973033,≥100 kb,tRNA+,4.0,0.6989700043360189
NZ_CP168738.1,2128303,≥100 kb,tRNA+,4.0,0.6989700043360189
NZ_CP168736.1,2071478,≥100 kb,tRNA+,4.0,0.6989700043360189
NZ_CP168740.1,2065897,≥100 kb,tRNA+,4.0,0.6989700043360189
NZ_CP162170.1,182225,≥100 kb,tRNA-,7.0,0.9030899869919435
NZ_CP120898.1,167410,≥100 kb,tRNA-,11.0,1.0791812460476249
NZ_CP120899.1,108686,≥100 kb,tRNA-,21.0,1.3424226808222062
NZ_CP121084.1,167410,≥100 kb,tRNA-,11.0,1.0791812460476249
NZ_CP121085.1,108685,≥100 kb,tRNA-,21.0,1.3424226808222062
NZ_CP120902.1,167408,≥100 kb,tRNA-,12.0,1.1139433523068367
NZ_CP120903.1,108679,≥100 kb,tRNA-,21.0,1.3424226808222062
NZ_CP120906.1,167405,≥100 kb,tRNA-,12.0,1.1139433523068367
NZ_CP120907.1,99043,<100 kb,tRNA-,15.0,1.2041199826559248
NZ_CP172237.1,2065317,≥100 kb,tRNA+,4.0,0.6989700043360189
NZ_CP171857.1,2065317,≥100 kb,tRNA+,4.0,0.6989700043360189
NZ_JBLWDC010000002.1,2061115,≥100 kb,tRNA+,4.0,0.6989700043360189
NZ_CP182934.1,172125,≥100 kb,tRNA-,13.0,1.146128035678238
NZ_CP182935.1,147604,≥100 kb,tRNA-,3.0,0.6020599913279624
NZ_CP182936.1,116942,≥100 kb,tRNA-,6.0,0.8450980400142568
NZ_CP182937.1,97074,<100 kb,tRNA-,6.0,0.8450980400142568
NZ_CP182938.1,46161,<100 kb,tRNA-,3.0,0.6020599913279624
NZ_CP184650.1,1045745,≥100 kb,tRNA+,2.0,0.47712125471966244
NZ_CP133723.1,2000883,≥100 kb,tRNA+,4.0,0.6989700043360189
NZ_CP187216.1,1847134,≥100 kb,tRNA+,4.0,0.6989700043360189
NZ_CP187218.1,1875311,≥100 kb,tRNA+,4.0,0.6989700043360189
NZ_CP187220.1,1845649,≥100 kb,tRNA+,4.0,0.6989700043360189
NZ_CP187583.1,2068356,≥100 kb,tRNA+,4.0,0.6989700043360189
NZ_CP187585.1,1943775,≥100 kb,tRNA+,4.0,0.6989700043360189
NZ_CP191527.1,2021182,≥100 kb,tRNA+,4.0,0.6989700043360189
NZ_CP191530.1,2022590,≥100 kb,tRNA+,4.0,0.6989700043360189
NZ_CP191532.1,2021182,≥100 kb,tRNA+,4.0,0.6989700043360189
NZ_CP191534.1,2021040,≥100 kb,tRNA+,4.0,0.6989700043360189
NZ_CP191535.1,2016900,≥100 kb,tRNA+,4.0,0.6989700043360189
NZ_CP191538.1,2016051,≥100 kb,tRNA+,4.0,0.6989700043360189
NZ_CP191539.1,2025207,≥100 kb,tRNA+,4.0,0.6989700043360189
NZ_OW849031.1,228616,≥100 kb,tRNA-,4.0,0.6989700043360189
NZ_OW849032.1,40356,<100 kb,tRNA-,4.0,0.6989700043360189
NZ_CP017782.1,264008,≥100 kb,tRNA-,1.0,0.3010299956639812
NZ_CP017783.1,29119,<100 kb,tRNA-,1.0,0.3010299956639812
NZ_CP017784.1,24776,<100 kb,tRNA-,1.0,0.3010299956639812
NZ_CP015041.1,67286,<100 kb,tRNA-,2.0,0.47712125471966244
NZ_CP022999.1,1569179,≥100 kb,tRNA+,2.0,0.47712125471966244
NZ_CP023721.1,301603,≥100 kb,tRNA-,1.0,0.3010299956639812
NZ_CP021356.1,299209,≥100 kb,tRNA-,1.0,0.3010299956639812
NZ_CP032695.1,2584926,≥100 kb,tRNA+,4.0,0.6989700043360189
NZ_CP043499.1,1961522,≥100 kb,tRNA+,2.0,0.47712125471966244
NZ_CP046575.1,353952,≥100 kb,tRNA-,1.0,0.3010299956639812
NZ_CP048426.1,236493,≥100 kb,tRNA-,2.0,0.47712125471966244
NZ_CP049249.1,1207714,≥100 kb,tRNA+,2.0,0.47712125471966244
NZ_CP040184.1,334854,≥100 kb,tRNA-,23.0,1.380211241711606
NZ_CP040185.1,120082,≥100 kb,tRNA-,4.0,0.6989700043360189
NZ_CP050307.1,2402091,≥100 kb,tRNA-,2.0,0.47712125471966244
NZ_CP067067.1,328379,≥100 kb,tRNA-,24.0,1.3979400086720377
NZ_CP032406.1,510647,≥100 kb,tRNA+,2.0,0.47712125471966244
NZ_CP092100.1,209974,≥100 kb,tRNA-,1.0,0.3010299956639812
NZ_CP044010.1,1951402,≥100 kb,tRNA+,2.0,0.47712125471966244
NZ_CP031366.1,34917,<100 kb,tRNA-,2.0,0.47712125471966244
NZ_CP149877.1,802278,≥100 kb,tRNA-,1.0,0.3010299956639812
NZ_CP149878.1,1762614,≥100 kb,tRNA+,2.0,0.47712125471966244
NZ_CP071314.1,90919,<100 kb,tRNA-,1.0,0.3010299956639812
NZ_CP076854.1,2149667,≥100 kb,tRNA+,2.0,0.47712125471966244
NZ_CP076855.1,406180,≥100 kb,tRNA-,2.0,0.47712125471966244
NZ_CP077418.1,592026,≥100 kb,tRNA-,1.0,0.3010299956639812
NZ_CP082170.1,110781,≥100 kb,tRNA-,5.0,0.7781512503836436
NZ_CP082172.1,125664,≥100 kb,tRNA-,1.0,0.3010299956639812
NZ_CP082173.1,173509,≥100 kb,tRNA-,8.0,0.9542425094393249
NZ_CP082175.1,334207,≥100 kb,tRNA-,21.0,1.3424226808222062
NZ_CP082176.1,42847,<100 kb,tRNA-,4.0,0.6989700043360189
NZ_CP074185.1,110557,≥100 kb,tRNA-,6.0,0.8450980400142568
NZ_CP074186.1,102491,≥100 kb,tRNA-,10.0,1.0413926851582251
NZ_CP074187.1,32930,<100 kb,tRNA-,1.0,0.3010299956639812
NZ_CP088009.1,1987087,≥100 kb,tRNA+,2.0,0.47712125471966244
NZ_CP088013.1,757934,≥100 kb,tRNA-,1.0,0.3010299956639812
NZ_CP092346.1,2542150,≥100 kb,tRNA+,2.0,0.47712125471966244
NZ_CP092352.1,828029,≥100 kb,tRNA+,2.0,0.47712125471966244
NZ_CP097187.1,167169,≥100 kb,tRNA-,3.0,0.6020599913279624
NZ_CP101470.1,59067,<100 kb,tRNA-,3.0,0.6020599913279624
NZ_CP103311.1,87329,<100 kb,tRNA-,3.0,0.6020599913279624
NZ_CP114773.1,260053,≥100 kb,tRNA-,14.0,1.1760912590556813
NZ_CP129381.1,1544100,≥100 kb,tRNA+,2.0,0.47712125471966244
NZ_CP145323.1,73973,<100 kb,tRNA-,1.0,0.3010299956639812
NZ_CP154259.1,87452,<100 kb,tRNA-,4.0,0.6989700043360189
NZ_CP154257.1,456533,≥100 kb,tRNA-,14.0,1.1760912590556813
NZ_CP162950.1,220625,≥100 kb,tRNA-,15.0,1.2041199826559248
NZ_CP162951.1,43273,<100 kb,tRNA-,4.0,0.6989700043360189
NZ_CP162957.1,199158,≥100 kb,tRNA-,15.0,1.2041199826559248
NZ_CP162958.1,43273,<100 kb,tRNA-,4.0,0.6989700043360189
NZ_CP148094.1,802663,≥100 kb,tRNA-,1.0,0.3010299956639812
NZ_CP148092.1,1762614,≥100 kb,tRNA+,2.0,0.47712125471966244
NZ_CP174429.1,51479,<100 kb,tRNA-,2.0,0.47712125471966244
NZ_CP145802.1,82046,<100 kb,tRNA-,8.0,0.9542425094393249
NZ_CP180220.1,123405,≥100 kb,tRNA-,2.0,0.47712125471966244
NC_014825.1,352646,≥100 kb,tRNA-,1.0,0.3010299956639812
NZ_CP026053.1,47793,<100 kb,tRNA-,4.0,0.6989700043360189
NZ_CP015725.1,210106,≥100 kb,tRNA-,37.0,1.5797835966168101
NZ_CP012397.1,116939,≥100 kb,tRNA-,6.0,0.8450980400142568
NZ_CP017233.1,96999,<100 kb,tRNA-,7.0,0.9030899869919435
NZ_CP026570.1,96994,<100 kb,tRNA-,7.0,0.9030899869919435
NZ_CP028170.1,177712,≥100 kb,tRNA-,18.0,1.2787536009528289
NZ_CP028171.1,4277,<100 kb,tRNA-,4.0,0.6989700043360189
NZ_CP028173.1,50905,<100 kb,tRNA-,6.0,0.8450980400142568
NZ_CP028174.1,33310,<100 kb,tRNA-,1.0,0.3010299956639812
NZ_CP030182.1,224430,≥100 kb,tRNA-,9.0,1.0
NZ_CP030186.1,298919,≥100 kb,tRNA-,12.0,1.1139433523068367
NZ_CP030191.1,111887,≥100 kb,tRNA-,6.0,0.8450980400142568
NZ_CP073240.1,37356,<100 kb,tRNA-,11.0,1.0791812460476249
NZ_CP047096.1,138020,≥100 kb,tRNA-,1.0,0.3010299956639812
NZ_CP045120.1,205328,≥100 kb,tRNA-,4.0,0.6989700043360189
NZ_CP045122.1,263859,≥100 kb,tRNA-,3.0,0.6020599913279624
NZ_CP072187.1,104567,≥100 kb,tRNA-,1.0,0.3010299956639812
NZ_CP072192.1,20009,<100 kb,tRNA-,9.0,1.0
NZ_CP080650.1,6050,<100 kb,tRNA-,1.0,0.3010299956639812
NZ_CP081938.1,101897,≥100 kb,tRNA-,1.0,0.3010299956639812
NZ_CP081932.1,101897,≥100 kb,tRNA-,1.0,0.3010299956639812
NZ_CP081930.1,101897,≥100 kb,tRNA-,1.0,0.3010299956639812
NZ_CP020493.1,264914,≥100 kb,tRNA-,21.0,1.3424226808222062
NZ_CP026661.1,310921,≥100 kb,tRNA-,16.0,1.2304489213782739
NZ_CP023438.1,51931,<100 kb,tRNA-,6.0,0.8450980400142568
NZ_CP018220.1,197365,≥100 kb,tRNA-,15.0,1.2041199826559248
NZ_CP033224.2,181747,≥100 kb,tRNA-,16.0,1.2304489213782739
NZ_CP033256.1,147918,≥100 kb,tRNA-,6.0,0.8450980400142568
NZ_CP033253.2,149567,≥100 kb,tRNA-,19.0,1.3010299956639813
NZ_CP033254.2,60381,<100 kb,tRNA-,1.0,0.3010299956639812
NZ_CP033347.2,297348,≥100 kb,tRNA-,18.0,1.2787536009528289
NZ_CP033351.2,210674,≥100 kb,tRNA-,5.0,0.7781512503836436
NZ_CP033349.2,33309,<100 kb,tRNA-,1.0,0.3010299956639812
NZ_CP033353.2,255327,≥100 kb,tRNA-,33.0,1.5314789170422551
NZ_CP039562.1,178506,≥100 kb,tRNA-,13.0,1.146128035678238
NZ_CP039559.1,246505,≥100 kb,tRNA-,2.0,0.47712125471966244
NZ_CP039580.1,125502,≥100 kb,tRNA-,2.0,0.47712125471966244
NZ_CP039581.1,3208,<100 kb,tRNA-,1.0,0.3010299956639812
NZ_CP039584.1,3208,<100 kb,tRNA-,1.0,0.3010299956639812
NZ_CP039597.1,3208,<100 kb,tRNA-,1.0,0.3010299956639812
NZ_CP039605.1,38556,<100 kb,tRNA-,4.0,0.6989700043360189
NZ_CP039717.1,248353,≥100 kb,tRNA-,2.0,0.47712125471966244
NZ_CP039857.1,249601,≥100 kb,tRNA-,5.0,0.7781512503836436
NZ_CP039861.1,245375,≥100 kb,tRNA-,9.0,1.0
NZ_CP039864.1,5310,<100 kb,tRNA-,1.0,0.3010299956639812
NZ_CP040652.1,84296,<100 kb,tRNA-,7.0,0.9030899869919435
NZ_CP040669.1,107560,≥100 kb,tRNA-,3.0,0.6020599913279624
NZ_CP040670.1,3208,<100 kb,tRNA-,1.0,0.3010299956639812
NZ_CP140418.1,111473,≥100 kb,tRNA-,4.0,0.6989700043360189
NZ_CP025455.1,96532,<100 kb,tRNA-,5.0,0.7781512503836436
NZ_CP041027.1,190723,≥100 kb,tRNA-,12.0,1.1139433523068367
NZ_CP069167.1,217773,≥100 kb,tRNA-,20.0,1.3222192947339193
NZ_CP050832.1,152940,≥100 kb,tRNA-,19.0,1.3010299956639813
NZ_CP044256.1,290830,≥100 kb,tRNA-,10.0,1.0413926851582251
NZ_CP035916.1,287007,≥100 kb,tRNA-,24.0,1.3979400086720377
NZ_CP035918.1,247705,≥100 kb,tRNA-,13.0,1.146128035678238
NZ_CP044958.1,247576,≥100 kb,tRNA-,2.0,0.47712125471966244
NZ_CP044962.1,126750,≥100 kb,tRNA-,12.0,1.1139433523068367
NZ_CP033359.1,50864,<100 kb,tRNA-,6.0,0.8450980400142568
NZ_CP033357.1,33334,<100 kb,tRNA-,1.0,0.3010299956639812
NZ_CP044968.1,245071,≥100 kb,tRNA-,2.0,0.47712125471966244
NZ_CP033382.2,209798,≥100 kb,tRNA-,27.0,1.4471580313422192
NZ_CP033383.2,34764,<100 kb,tRNA-,1.0,0.3010299956639812
NZ_CP033385.2,181814,≥100 kb,tRNA-,9.0,1.0
NZ_CP033386.2,52902,<100 kb,tRNA-,2.0,0.47712125471966244
NZ_CP037875.1,247701,≥100 kb,tRNA-,2.0,0.47712125471966244
NZ_CP047116.1,190174,≥100 kb,tRNA-,30.0,1.4913616938342726
NZ_WUPX01000002.1,182565,≥100 kb,tRNA-,16.0,1.2304489213782739
NZ_WUQC01000002.1,138255,≥100 kb,tRNA-,11.0,1.0791812460476249
NZ_CP048776.1,311615,≥100 kb,tRNA-,18.0,1.2787536009528289
NZ_CP048777.1,27511,<100 kb,tRNA-,2.0,0.47712125471966244
NZ_CP058810.1,205772,≥100 kb,tRNA-,16.0,1.2304489213782739
NZ_CP059887.1,277539,≥100 kb,tRNA-,19.0,1.3010299956639813
NZ_CP060509.1,209422,≥100 kb,tRNA-,6.0,0.8450980400142568
NZ_CP060513.1,254662,≥100 kb,tRNA-,3.0,0.6020599913279624
NZ_CP060516.1,278034,≥100 kb,tRNA-,14.0,1.1760912590556813
NZ_CP060518.1,233305,≥100 kb,tRNA-,11.0,1.0791812460476249
NZ_CP060524.1,33310,<100 kb,tRNA-,1.0,0.3010299956639812
NZ_CP060586.1,256017,≥100 kb,tRNA-,15.0,1.2041199826559248
NZ_CP066008.1,8688,<100 kb,tRNA-,1.0,0.3010299956639812
NZ_CP051357.1,161620,≥100 kb,tRNA-,11.0,1.0791812460476249
NZ_CP051403.1,102040,≥100 kb,tRNA-,11.0,1.0791812460476249
NZ_CP075373.1,250232,≥100 kb,tRNA-,23.0,1.380211241711606
NZ_CP080093.1,56813,<100 kb,tRNA-,1.0,0.3010299956639812
NZ_AP023301.1,131843,≥100 kb,tRNA-,14.0,1.1760912590556813
NZ_AP023305.1,128709,≥100 kb,tRNA-,7.0,0.9030899869919435
NZ_AP023307.1,131843,≥100 kb,tRNA-,14.0,1.1760912590556813
NZ_AP023310.1,229829,≥100 kb,tRNA-,13.0,1.146128035678238
NZ_AP023312.1,230500,≥100 kb,tRNA-,12.0,1.1139433523068367
NZ_AP023314.1,99131,<100 kb,tRNA-,5.0,0.7781512503836436
NZ_AP023316.1,229829,≥100 kb,tRNA-,13.0,1.146128035678238
NZ_AP023318.1,151734,≥100 kb,tRNA-,10.0,1.0413926851582251
NZ_CP081190.2,84884,<100 kb,tRNA-,4.0,0.6989700043360189
NZ_CP082955.1,250265,≥100 kb,tRNA-,28.0,1.462397997898956
NZ_CP082956.1,152282,≥100 kb,tRNA-,15.0,1.2041199826559248
NZ_CP082958.1,67319,<100 kb,tRNA-,1.0,0.3010299956639812
NZ_CP082959.1,52879,<100 kb,tRNA-,3.0,0.6020599913279624
NZ_CP077663.1,33308,<100 kb,tRNA-,1.0,0.3010299956639812
NZ_CP077671.1,238101,≥100 kb,tRNA-,27.0,1.4471580313422192
NZ_CP085984.1,280239,≥100 kb,tRNA-,6.0,0.8450980400142568
NZ_CP085985.1,53154,<100 kb,tRNA-,6.0,0.8450980400142568
NZ_CP085982.1,272840,≥100 kb,tRNA-,2.0,0.47712125471966244
NZ_CP085980.1,53986,<100 kb,tRNA-,7.0,0.9030899869919435
NZ_CP089208.1,308491,≥100 kb,tRNA-,22.0,1.3617278360175928
NZ_CP089210.1,266098,≥100 kb,tRNA-,6.0,0.8450980400142568
NZ_CP090530.1,241424,≥100 kb,tRNA-,17.0,1.255272505103306
NZ_CP090534.1,292358,≥100 kb,tRNA-,30.0,1.4913616938342726
NZ_CP090546.1,250700,≥100 kb,tRNA-,31.0,1.505149978319906
NZ_CP090538.1,90380,<100 kb,tRNA-,1.0,0.3010299956639812
NZ_CP090536.1,170071,≥100 kb,tRNA-,21.0,1.3424226808222062
NZ_CP090540.1,242063,≥100 kb,tRNA-,27.0,1.4471580313422192
NZ_CP090542.1,144387,≥100 kb,tRNA-,11.0,1.0791812460476249
NZ_CP067083.1,295452,≥100 kb,tRNA-,16.0,1.2304489213782739
NZ_CP067079.1,271919,≥100 kb,tRNA-,10.0,1.0413926851582251
NZ_CP067080.1,27718,<100 kb,tRNA-,1.0,0.3010299956639812
NZ_CP060835.1,248180,≥100 kb,tRNA-,12.0,1.1139433523068367
NZ_CP060838.1,252011,≥100 kb,tRNA-,13.0,1.146128035678238
NZ_CP060841.1,252013,≥100 kb,tRNA-,13.0,1.146128035678238
NZ_CP060847.1,253764,≥100 kb,tRNA-,13.0,1.146128035678238
NZ_CP060850.1,251692,≥100 kb,tRNA-,13.0,1.146128035678238
NZ_CP060853.1,251455,≥100 kb,tRNA-,13.0,1.146128035678238
NZ_CP060856.1,220699,≥100 kb,tRNA-,8.0,0.9542425094393249
NZ_CP094333.1,109070,≥100 kb,tRNA-,7.0,0.9030899869919435
NZ_CP094334.1,70455,<100 kb,tRNA-,4.0,0.6989700043360189
NZ_CP058672.1,242694,≥100 kb,tRNA-,2.0,0.47712125471966244
NZ_CP091545.1,188626,≥100 kb,tRNA-,6.0,0.8450980400142568
NZ_CP068019.1,208610,≥100 kb,tRNA-,8.0,0.9542425094393249
NZ_CP091548.1,271705,≥100 kb,tRNA-,19.0,1.3010299956639813
NZ_CP091551.1,301285,≥100 kb,tRNA-,21.0,1.3424226808222062
NZ_CP091555.1,249973,≥100 kb,tRNA-,24.0,1.3979400086720377
NZ_CP091557.1,221549,≥100 kb,tRNA-,22.0,1.3617278360175928
NZ_CP091559.1,287681,≥100 kb,tRNA-,20.0,1.3222192947339193
NZ_CP091561.1,215225,≥100 kb,tRNA-,24.0,1.3979400086720377
NZ_CP091564.1,295985,≥100 kb,tRNA-,28.0,1.462397997898956
NZ_CP091568.1,7942,<100 kb,tRNA-,5.0,0.7781512503836436
NZ_CP091567.1,33309,<100 kb,tRNA-,1.0,0.3010299956639812
NZ_CP091570.1,247705,≥100 kb,tRNA-,13.0,1.146128035678238
NZ_CP091572.1,180977,≥100 kb,tRNA-,27.0,1.4471580313422192
NZ_CP091573.1,86718,<100 kb,tRNA-,1.0,0.3010299956639812
NZ_CP091574.1,78621,<100 kb,tRNA-,2.0,0.47712125471966244
NZ_CP069382.1,259529,≥100 kb,tRNA-,18.0,1.2787536009528289
NZ_CP101368.1,58878,<100 kb,tRNA-,5.0,0.7781512503836436
NZ_CP101371.1,90508,<100 kb,tRNA-,1.0,0.3010299956639812
NZ_CP101370.1,33309,<100 kb,tRNA-,1.0,0.3010299956639812
NZ_CP101374.1,33309,<100 kb,tRNA-,1.0,0.3010299956639812
NZ_CP101378.1,116686,≥100 kb,tRNA-,3.0,0.6020599913279624
NZ_CP101380.1,147496,≥100 kb,tRNA-,7.0,0.9030899869919435
NZ_CP101383.1,257067,≥100 kb,tRNA-,25.0,1.414973347970818
NZ_CP101387.1,218090,≥100 kb,tRNA-,14.0,1.1760912590556813
NZ_CP101389.1,256591,≥100 kb,tRNA-,26.0,1.4313637641589874
NZ_CP101391.1,249573,≥100 kb,tRNA-,22.0,1.3617278360175928
NZ_CP101941.1,152311,≥100 kb,tRNA-,11.0,1.0791812460476249
NZ_CP101908.1,152311,≥100 kb,tRNA-,11.0,1.0791812460476249
NZ_CP103772.1,85991,<100 kb,tRNA-,1.0,0.3010299956639812
NZ_CP104369.1,291810,≥100 kb,tRNA-,23.0,1.380211241711606
NZ_CP104480.1,44362,<100 kb,tRNA-,6.0,0.8450980400142568
NZ_CP104485.1,82631,<100 kb,tRNA-,6.0,0.8450980400142568
NZ_CP104489.1,44362,<100 kb,tRNA-,6.0,0.8450980400142568
NZ_CP104637.1,158207,≥100 kb,tRNA-,9.0,1.0
NZ_CP060667.1,110273,≥100 kb,tRNA-,4.0,0.6989700043360189
NZ_CP060669.1,110273,≥100 kb,tRNA-,4.0,0.6989700043360189
NZ_CP060671.1,109445,≥100 kb,tRNA-,4.0,0.6989700043360189
NZ_CP060673.1,110273,≥100 kb,tRNA-,4.0,0.6989700043360189
NZ_CP060675.1,110273,≥100 kb,tRNA-,4.0,0.6989700043360189
NZ_CP060677.1,110273,≥100 kb,tRNA-,4.0,0.6989700043360189
NZ_CP060679.1,110273,≥100 kb,tRNA-,4.0,0.6989700043360189
NZ_AP026949.1,256294,≥100 kb,tRNA-,8.0,0.9542425094393249
NZ_AP026950.1,74956,<100 kb,tRNA-,5.0,0.7781512503836436
NZ_CP110658.1,271960,≥100 kb,tRNA-,10.0,1.0413926851582251
NZ_CP110932.1,118995,≥100 kb,tRNA-,1.0,0.3010299956639812
NZ_CP091605.1,255566,≥100 kb,tRNA-,13.0,1.146128035678238
NZ_CP091608.1,225457,≥100 kb,tRNA-,11.0,1.0791812460476249
NZ_CP091616.1,252013,≥100 kb,tRNA-,13.0,1.146128035678238
NZ_CP091620.1,172729,≥100 kb,tRNA-,2.0,0.47712125471966244
NZ_CP091627.1,252013,≥100 kb,tRNA-,13.0,1.146128035678238
NZ_CP091631.1,252013,≥100 kb,tRNA-,13.0,1.146128035678238
NZ_CP091637.1,279202,≥100 kb,tRNA-,16.0,1.2304489213782739
NZ_CP091641.1,276543,≥100 kb,tRNA-,15.0,1.2041199826559248
NZ_AP024348.1,92251,<100 kb,tRNA-,8.0,0.9542425094393249
NZ_CP117035.1,133901,≥100 kb,tRNA-,12.0,1.1139433523068367
NZ_CP117034.1,232119,≥100 kb,tRNA-,4.0,0.6989700043360189
NZ_CP117185.1,65644,<100 kb,tRNA-,3.0,0.6020599913279624
NZ_CP120838.1,64327,<100 kb,tRNA-,3.0,0.6020599913279624
NZ_CP120839.1,4852,<100 kb,tRNA-,3.0,0.6020599913279624
NZ_CP121004.1,64327,<100 kb,tRNA-,3.0,0.6020599913279624
NZ_CP121005.1,24483,<100 kb,tRNA-,6.0,0.8450980400142568
NZ_CP119981.1,294021,≥100 kb,tRNA-,3.0,0.6020599913279624
NZ_CP119983.1,312171,≥100 kb,tRNA-,8.0,0.9542425094393249
NZ_CP119985.1,315489,≥100 kb,tRNA-,9.0,1.0
NZ_CP119987.1,312164,≥100 kb,tRNA-,9.0,1.0
NZ_CP122302.1,64327,<100 kb,tRNA-,3.0,0.6020599913279624
NZ_CP122303.1,4852,<100 kb,tRNA-,3.0,0.6020599913279624
NZ_CP091867.1,180872,≥100 kb,tRNA-,13.0,1.146128035678238
NZ_CP091869.1,180031,≥100 kb,tRNA-,13.0,1.146128035678238
NZ_CP092492.1,222126,≥100 kb,tRNA-,11.0,1.0791812460476249
NZ_CP117189.1,205161,≥100 kb,tRNA-,18.0,1.2787536009528289
NZ_CP117190.1,69007,<100 kb,tRNA-,1.0,0.3010299956639812
NZ_CP126179.1,189237,≥100 kb,tRNA-,15.0,1.2041199826559248
NZ_CP133182.1,310238,≥100 kb,tRNA-,7.0,0.9030899869919435
NZ_CP133184.1,228305,≥100 kb,tRNA-,21.0,1.3424226808222062
NZ_CP133213.1,184553,≥100 kb,tRNA-,28.0,1.462397997898956
NZ_CP133214.1,111419,≥100 kb,tRNA-,4.0,0.6989700043360189
NZ_CP133211.1,184313,≥100 kb,tRNA-,28.0,1.462397997898956
NZ_CP064910.1,90388,<100 kb,tRNA-,9.0,1.0
NZ_CP065129.1,101992,≥100 kb,tRNA-,4.0,0.6989700043360189
NZ_CP065127.1,10047,<100 kb,tRNA-,1.0,0.3010299956639812
NZ_CP065126.1,104115,≥100 kb,tRNA-,4.0,0.6989700043360189
NZ_CP065124.1,47133,<100 kb,tRNA-,1.0,0.3010299956639812
NZ_CP065122.1,97648,<100 kb,tRNA-,3.0,0.6020599913279624
NZ_CP065118.1,176705,≥100 kb,tRNA-,19.0,1.3010299956639813
NZ_CP065119.1,101018,≥100 kb,tRNA-,9.0,1.0
NZ_CP065113.1,47085,<100 kb,tRNA-,1.0,0.3010299956639812
NZ_CP065114.1,9007,<100 kb,tRNA-,3.0,0.6020599913279624
NZ_CP065112.1,117668,≥100 kb,tRNA-,19.0,1.3010299956639813
NZ_CP065065.1,11078,<100 kb,tRNA-,2.0,0.47712125471966244
NZ_CP065063.1,99057,<100 kb,tRNA-,4.0,0.6989700043360189
NZ_CP065064.1,33309,<100 kb,tRNA-,1.0,0.3010299956639812
NZ_CP065070.1,279751,≥100 kb,tRNA-,16.0,1.2304489213782739
NZ_CP065132.1,148549,≥100 kb,tRNA-,12.0,1.1139433523068367
NZ_CP065072.1,266567,≥100 kb,tRNA-,15.0,1.2041199826559248
NZ_CP065073.1,86025,<100 kb,tRNA-,5.0,0.7781512503836436
NZ_CP065077.1,227458,≥100 kb,tRNA-,8.0,0.9542425094393249
NZ_CP065079.1,106255,≥100 kb,tRNA-,15.0,1.2041199826559248
NZ_CP065081.1,226935,≥100 kb,tRNA-,8.0,0.9542425094393249
NZ_CP065083.1,227199,≥100 kb,tRNA-,8.0,0.9542425094393249
NZ_CP065085.1,159165,≥100 kb,tRNA-,27.0,1.4471580313422192
NZ_CP065088.1,187198,≥100 kb,tRNA-,19.0,1.3010299956639813
NZ_CP065095.1,278374,≥100 kb,tRNA-,16.0,1.2304489213782739
NZ_CP065098.1,253971,≥100 kb,tRNA-,13.0,1.146128035678238
NZ_CP065101.1,112193,≥100 kb,tRNA-,4.0,0.6989700043360189
NZ_CP065102.1,105084,≥100 kb,tRNA-,6.0,0.8450980400142568
NZ_CP065103.1,47397,<100 kb,tRNA-,4.0,0.6989700043360189
NZ_CP065109.1,118737,≥100 kb,tRNA-,9.0,1.0
NZ_CP133488.1,249152,≥100 kb,tRNA-,28.0,1.462397997898956
NZ_CP133489.1,33858,<100 kb,tRNA-,1.0,0.3010299956639812
NZ_CP133567.1,47645,<100 kb,tRNA-,3.0,0.6020599913279624
NZ_CP103967.1,216988,≥100 kb,tRNA-,25.0,1.414973347970818
NZ_CP145535.1,353748,≥100 kb,tRNA-,5.0,0.7781512503836436
NZ_CP145534.1,20220,<100 kb,tRNA-,2.0,0.47712125471966244
NZ_CP149141.1,62540,<100 kb,tRNA-,6.0,0.8450980400142568
NZ_CP149143.1,228542,≥100 kb,tRNA-,21.0,1.3424226808222062
NZ_CP149137.1,212241,≥100 kb,tRNA-,15.0,1.2041199826559248
NZ_CP149155.1,205448,≥100 kb,tRNA-,12.0,1.1139433523068367
NZ_CP149158.1,1924,<100 kb,tRNA-,2.0,0.47712125471966244
NZ_CP149164.1,214434,≥100 kb,tRNA-,15.0,1.2041199826559248
NZ_CP149168.1,228305,≥100 kb,tRNA-,21.0,1.3424226808222062
NZ_CP149172.1,229371,≥100 kb,tRNA-,21.0,1.3424226808222062
NZ_CP149176.1,214434,≥100 kb,tRNA-,15.0,1.2041199826559248
NZ_CP149181.1,18622,<100 kb,tRNA-,2.0,0.47712125471966244
NZ_CP149182.1,4386,<100 kb,tRNA-,2.0,0.47712125471966244
NZ_CP149183.1,1916,<100 kb,tRNA-,3.0,0.6020599913279624
NZ_CP149201.1,121863,≥100 kb,tRNA-,4.0,0.6989700043360189
NZ_CP149215.1,107357,≥100 kb,tRNA-,6.0,0.8450980400142568
NZ_CP149217.1,93365,<100 kb,tRNA-,9.0,1.0
NZ_CP149222.1,119064,≥100 kb,tRNA+,24.0,1.3979400086720377
NZ_CP149223.1,77367,<100 kb,tRNA-,2.0,0.47712125471966244
NZ_CP149264.1,104770,≥100 kb,tRNA-,6.0,0.8450980400142568
NZ_CP149279.1,225790,≥100 kb,tRNA-,11.0,1.0791812460476249
NZ_CP149280.1,93081,<100 kb,tRNA-,8.0,0.9542425094393249
NZ_CP149288.1,214671,≥100 kb,tRNA-,15.0,1.2041199826559248
NZ_CP149286.1,297813,≥100 kb,tRNA-,11.0,1.0791812460476249
NZ_CP149160.1,228542,≥100 kb,tRNA-,23.0,1.380211241711606
NZ_CP149219.1,104103,≥100 kb,tRNA-,4.0,0.6989700043360189
NZ_CP149199.1,78203,<100 kb,tRNA-,3.0,0.6020599913279624
NZ_CP151083.1,185309,≥100 kb,tRNA-,28.0,1.462397997898956
NZ_CP101855.1,286802,≥100 kb,tRNA-,16.0,1.2304489213782739
NZ_CP101857.1,151740,≥100 kb,tRNA-,11.0,1.0791812460476249
NZ_CP102199.1,306822,≥100 kb,tRNA-,9.0,1.0
NZ_CP140779.1,67678,<100 kb,tRNA-,5.0,0.7781512503836436
NZ_CP149276.1,297813,≥100 kb,tRNA-,11.0,1.0791812460476249
NZ_CP140782.1,74492,<100 kb,tRNA-,3.0,0.6020599913279624
NZ_CP140785.1,74492,<100 kb,tRNA-,3.0,0.6020599913279624
NZ_CP140787.1,64327,<100 kb,tRNA-,3.0,0.6020599913279624
NZ_CP140788.1,59138,<100 kb,tRNA-,5.0,0.7781512503836436
NZ_CP140789.1,23819,<100 kb,tRNA-,2.0,0.47712125471966244
NZ_CP160177.1,12656,<100 kb,tRNA-,4.0,0.6989700043360189
NZ_CP162903.1,246818,≥100 kb,tRNA-,16.0,1.2304489213782739
NZ_CP087472.1,97003,<100 kb,tRNA-,7.0,0.9030899869919435
NZ_CP087476.1,294842,≥100 kb,tRNA-,8.0,0.9542425094393249
NZ_CP087478.1,296361,≥100 kb,tRNA-,8.0,0.9542425094393249
NZ_CP087480.1,118029,≥100 kb,tRNA-,7.0,0.9030899869919435
NZ_CP087490.1,61547,<100 kb,tRNA-,6.0,0.8450980400142568
NZ_CP087494.1,116939,≥100 kb,tRNA-,7.0,0.9030899869919435
NZ_CP087498.1,97005,<100 kb,tRNA-,7.0,0.9030899869919435
NZ_CP087504.1,96461,<100 kb,tRNA-,4.0,0.6989700043360189
NZ_CP087507.1,96467,<100 kb,tRNA-,4.0,0.6989700043360189
NZ_CP087508.1,4679600,≥100 kb,tRNA+,143.0,2.1583624920952498
NZ_CP087511.1,96210,<100 kb,tRNA-,1.0,0.3010299956639812
NZ_CP087512.1,4681359,≥100 kb,tRNA+,143.0,2.1583624920952498
NZ_CP087518.1,31706,<100 kb,tRNA-,4.0,0.6989700043360189
NZ_CP087520.1,31706,<100 kb,tRNA-,2.0,0.47712125471966244
NZ_CP087522.1,31706,<100 kb,tRNA-,3.0,0.6020599913279624
NZ_CP087524.1,31706,<100 kb,tRNA-,3.0,0.6020599913279624
NZ_CP087526.1,31706,<100 kb,tRNA-,4.0,0.6989700043360189
NZ_CP087532.1,110054,≥100 kb,tRNA-,1.0,0.3010299956639812
NZ_CP087535.1,82437,<100 kb,tRNA+,7.0,0.9030899869919435
NZ_CP087537.1,31831,<100 kb,tRNA-,6.0,0.8450980400142568
NZ_CP087549.1,119163,≥100 kb,tRNA-,4.0,0.6989700043360189
NZ_CP087553.1,4779036,≥100 kb,tRNA+,149.0,2.1760912590556813
NZ_CP087555.1,96467,<100 kb,tRNA-,4.0,0.6989700043360189
NZ_CP167159.1,63589,<100 kb,tRNA-,2.0,0.47712125471966244
NZ_CP169337.1,34452,<100 kb,tRNA-,2.0,0.47712125471966244
NZ_CP169347.1,33715,<100 kb,tRNA-,4.0,0.6989700043360189
NZ_CP169345.1,111849,≥100 kb,tRNA-,6.0,0.8450980400142568
NZ_CP169339.1,1714735,≥100 kb,tRNA+,51.0,1.7160033436347992
NZ_CP127344.1,167813,≥100 kb,tRNA-,16.0,1.2304489213782739
NZ_CP149284.1,90901,<100 kb,tRNA-,2.0,0.47712125471966244
NZ_CP149271.1,93982,<100 kb,tRNA-,7.0,0.9030899869919435
NZ_CP149267.1,10303,<100 kb,tRNA-,6.0,0.8450980400142568
NZ_CP149258.1,241503,≥100 kb,tRNA-,11.0,1.0791812460476249
NZ_CP149259.1,90690,<100 kb,tRNA-,7.0,0.9030899869919435
NZ_CP149247.1,108185,≥100 kb,tRNA-,6.0,0.8450980400142568
NZ_CP149234.1,245275,≥100 kb,tRNA-,12.0,1.1139433523068367
NZ_CP149235.1,107354,≥100 kb,tRNA-,5.0,0.7781512503836436
NZ_CP149229.1,241503,≥100 kb,tRNA-,11.0,1.0791812460476249
NZ_CP149230.1,90690,<100 kb,tRNA-,7.0,0.9030899869919435
NZ_CP149208.1,318523,≥100 kb,tRNA-,7.0,0.9030899869919435
NZ_CP149197.1,78203,<100 kb,tRNA-,2.0,0.47712125471966244
NZ_CP149195.1,78203,<100 kb,tRNA-,2.0,0.47712125471966244
NZ_CP149193.1,78203,<100 kb,tRNA-,2.0,0.47712125471966244
NZ_CP149191.1,78203,<100 kb,tRNA-,2.0,0.47712125471966244
NZ_CP149188.1,74162,<100 kb,tRNA-,2.0,0.47712125471966244
NZ_CP149189.1,4041,<100 kb,tRNA-,1.0,0.3010299956639812
NZ_CP149151.1,205448,≥100 kb,tRNA-,12.0,1.1139433523068367
NZ_CP149147.1,214671,≥100 kb,tRNA-,15.0,1.2041199826559248
NZ_CP149469.1,85413,<100 kb,tRNA-,9.0,1.0
NZ_CP149470.1,85925,<100 kb,tRNA-,8.0,0.9542425094393249
NZ_CP190248.1,308757,≥100 kb,tRNA-,7.0,0.9030899869919435
NZ_CP178252.1,234479,≥100 kb,tRNA-,6.0,0.8450980400142568
NZ_CP184880.1,64327,<100 kb,tRNA-,3.0,0.6020599913279624
NZ_CP184881.1,29336,<100 kb,tRNA-,8.0,0.9542425094393249
NZ_CP186701.1,10351,<100 kb,tRNA-,1.0,0.3010299956639812
NZ_CP186700.1,280713,≥100 kb,tRNA-,30.0,1.4913616938342726
NZ_CP131775.1,80072,<100 kb,tRNA-,4.0,0.6989700043360189
NZ_CP189822.1,98976,<100 kb,tRNA-,3.0,0.6020599913279624
NC_006856.1,138742,≥100 kb,tRNA-,18.0,1.2787536009528289
NZ_CP189877.1,190695,≥100 kb,tRNA-,8.0,0.9542425094393249
NC_021813.2,110363,≥100 kb,tRNA-,4.0,0.6989700043360189
NC_021811.1,117929,≥100 kb,tRNA-,6.0,0.8450980400142568
NC_021819.1,122863,≥100 kb,tRNA-,1.0,0.3010299956639812
NZ_CP009767.1,101428,≥100 kb,tRNA-,1.0,0.3010299956639812
NZ_CP012929.1,96042,<100 kb,tRNA-,3.0,0.6020599913279624
NZ_CP012931.1,236176,≥100 kb,tRNA-,9.0,1.0
NZ_CP012936.1,98999,<100 kb,tRNA-,3.0,0.6020599913279624
NZ_CP013221.1,112176,≥100 kb,tRNA-,6.0,0.8450980400142568
NZ_CP013224.1,112176,≥100 kb,tRNA-,7.0,0.9030899869919435
NZ_CP014658.1,160227,≥100 kb,tRNA-,12.0,1.1139433523068367
NZ_CP014660.1,9323,<100 kb,tRNA-,1.0,0.3010299956639812
NZ_CP014662.1,103851,≥100 kb,tRNA-,4.0,0.6989700043360189
NZ_CP016516.1,98998,<100 kb,tRNA-,3.0,0.6020599913279624
NZ_CP016520.1,92323,<100 kb,tRNA-,3.0,0.6020599913279624
NZ_CP016533.1,91980,<100 kb,tRNA-,3.0,0.6020599913279624
NZ_CP016522.1,101723,≥100 kb,tRNA-,3.0,0.6020599913279624
NZ_CP016526.1,261310,≥100 kb,tRNA-,16.0,1.2304489213782739
NZ_CP016529.1,42652,<100 kb,tRNA-,3.0,0.6020599913279624
NZ_CP016572.1,98999,<100 kb,tRNA-,3.0,0.6020599913279624
NZ_CP016568.1,98998,<100 kb,tRNA-,3.0,0.6020599913279624
NZ_CP016585.1,99473,<100 kb,tRNA-,2.0,0.47712125471966244
NZ_CP016407.1,323122,≥100 kb,tRNA-,10.0,1.0413926851582251
NZ_CP016409.1,322518,≥100 kb,tRNA-,10.0,1.0413926851582251
NZ_CP016411.1,316814,≥100 kb,tRNA-,8.0,0.9542425094393249
NZ_CP016413.1,316160,≥100 kb,tRNA-,8.0,0.9542425094393249
NZ_CP022016.1,473456,≥100 kb,tRNA+,10.0,1.0413926851582251
NZ_CP022068.1,19849,<100 kb,tRNA-,6.0,0.8450980400142568
NZ_CP022451.1,222470,≥100 kb,tRNA-,27.0,1.4471580313422192
NZ_CP022453.1,38911,<100 kb,tRNA-,1.0,0.3010299956639812
NZ_CP022495.1,236555,≥100 kb,tRNA-,2.0,0.47712125471966244
NZ_CP018643.1,118824,≥100 kb,tRNA-,6.0,0.8450980400142568
NZ_CP018646.1,54796,<100 kb,tRNA-,5.0,0.7781512503836436
NZ_CP018656.1,244210,≥100 kb,tRNA-,8.0,0.9542425094393249
NZ_CP018662.1,51980,<100 kb,tRNA-,4.0,0.6989700043360189
NZ_CP018638.1,95773,<100 kb,tRNA-,4.0,0.6989700043360189
NZ_CP018649.1,54541,<100 kb,tRNA-,5.0,0.7781512503836436
NZ_CP018652.1,200045,≥100 kb,tRNA-,5.0,0.7781512503836436
NZ_CP019203.1,178238,≥100 kb,tRNA+,2.0,0.47712125471966244
NZ_CP027411.1,232341,≥100 kb,tRNA-,5.0,0.7781512503836436
NZ_CP028197.1,444417,≥100 kb,tRNA-,31.0,1.505149978319906
NZ_CP027678.1,284485,≥100 kb,tRNA-,2.0,0.47712125471966244
NZ_CP027679.1,177190,≥100 kb,tRNA-,24.0,1.3979400086720377
NZ_CP027680.1,10047,<100 kb,tRNA-,1.0,0.3010299956639812
NZ_CP029802.1,90137,<100 kb,tRNA-,10.0,1.0413926851582251
NZ_CP030795.1,33304,<100 kb,tRNA-,1.0,0.3010299956639812
NZ_CP030000.1,102921,≥100 kb,tRNA-,3.0,0.6020599913279624
NZ_CP030003.1,119613,≥100 kb,tRNA-,2.0,0.47712125471966244
NZ_CP032388.1,124532,≥100 kb,tRNA-,9.0,1.0
NZ_CP032385.1,103514,≥100 kb,tRNA-,12.0,1.1139433523068367
NZ_CP032391.1,146176,≥100 kb,tRNA-,8.0,0.9542425094393249
NZ_CP032395.1,164900,≥100 kb,tRNA-,9.0,1.0
NZ_CP032397.1,329264,≥100 kb,tRNA-,18.0,1.2787536009528289
NZ_CP032448.1,77171,<100 kb,tRNA-,5.0,0.7781512503836436
NZ_CP032380.1,96567,<100 kb,tRNA-,11.0,1.0791812460476249
NZ_CP031362.1,190543,≥100 kb,tRNA-,5.0,0.7781512503836436
NZ_CP028312.1,117928,≥100 kb,tRNA-,6.0,0.8450980400142568
NZ_CP028313.1,43609,<100 kb,tRNA-,3.0,0.6020599913279624
NZ_CP037995.1,48223,<100 kb,tRNA-,5.0,0.7781512503836436
NZ_CP037959.1,278374,≥100 kb,tRNA-,16.0,1.2304489213782739
NZ_CP038599.1,3223,<100 kb,tRNA-,1.0,0.3010299956639812
NZ_CP039170.1,278377,≥100 kb,tRNA-,16.0,1.2304489213782739
NZ_CP041174.1,248746,≥100 kb,tRNA-,24.0,1.3979400086720377
NZ_CP041175.1,29337,<100 kb,tRNA-,8.0,0.9542425094393249
NZ_CP041180.1,236217,≥100 kb,tRNA-,37.0,1.5797835966168101
NZ_CP041177.1,111764,≥100 kb,tRNA-,16.0,1.2304489213782739
NZ_CP041182.1,240209,≥100 kb,tRNA-,39.0,1.6020599913279623
NZ_CP043215.1,165649,≥100 kb,tRNA-,15.0,1.2041199826559248
NZ_CP043223.1,257405,≥100 kb,tRNA-,3.0,0.6020599913279624
NZ_CP043224.1,42407,<100 kb,tRNA-,1.0,0.3010299956639812
NZ_CP044201.1,11045,<100 kb,tRNA-,3.0,0.6020599913279624
NZ_CP044202.1,10046,<100 kb,tRNA-,1.0,0.3010299956639812
NZ_CP044183.1,101684,≥100 kb,tRNA-,3.0,0.6020599913279624
NZ_CP044187.1,62424,<100 kb,tRNA-,11.0,1.0791812460476249
NZ_CP044189.1,90935,<100 kb,tRNA-,7.0,0.9030899869919435
NZ_CP044190.1,120390,≥100 kb,tRNA-,6.0,0.8450980400142568
NZ_CP045763.1,117406,≥100 kb,tRNA-,5.0,0.7781512503836436
NZ_CP047882.1,285081,≥100 kb,tRNA-,4.0,0.6989700043360189
NZ_CP045459.1,89619,<100 kb,tRNA-,10.0,1.0413926851582251
NZ_CP045460.1,33309,<100 kb,tRNA-,1.0,0.3010299956639812
NZ_CP045467.1,195486,≥100 kb,tRNA-,14.0,1.1760912590556813
NZ_CP045462.1,90138,<100 kb,tRNA-,10.0,1.0413926851582251
NZ_CP045511.1,54907,<100 kb,tRNA-,4.0,0.6989700043360189
NZ_CP045510.1,90966,<100 kb,tRNA-,10.0,1.0413926851582251
NZ_CP045514.1,77622,<100 kb,tRNA-,7.0,0.9030899869919435
NZ_CP045517.1,86794,<100 kb,tRNA-,10.0,1.0413926851582251
NZ_CP045519.1,106855,≥100 kb,tRNA-,5.0,0.7781512503836436
NZ_CP045520.1,90138,<100 kb,tRNA-,10.0,1.0413926851582251
NZ_CP050707.1,108447,≥100 kb,tRNA-,16.0,1.2304489213782739
NZ_CP050710.1,90315,<100 kb,tRNA-,12.0,1.1139433523068367
NZ_CP050717.1,90315,<100 kb,tRNA-,12.0,1.1139433523068367
NZ_CP050719.1,7264,<100 kb,tRNA-,1.0,0.3010299956639812
NZ_CP050713.1,106652,≥100 kb,tRNA-,16.0,1.2304489213782739
NZ_CP050724.1,115154,≥100 kb,tRNA-,12.0,1.1139433523068367
NZ_CP050725.1,64336,<100 kb,tRNA-,3.0,0.6020599913279624
NZ_CP050772.1,199036,≥100 kb,tRNA-,15.0,1.2041199826559248
NZ_CP050773.1,34285,<100 kb,tRNA-,2.0,0.47712125471966244
NZ_CP050759.1,29164,<100 kb,tRNA-,10.0,1.0413926851582251
NZ_CP050763.1,190597,≥100 kb,tRNA-,7.0,0.9030899869919435
NZ_CP050761.1,214820,≥100 kb,tRNA-,23.0,1.380211241711606
NZ_CP050765.1,30641,<100 kb,tRNA-,2.0,0.47712125471966244
NZ_CP050770.1,145548,≥100 kb,tRNA-,14.0,1.1760912590556813
NZ_CP050778.1,190811,≥100 kb,tRNA-,12.0,1.1139433523068367
NZ_CP050784.1,255307,≥100 kb,tRNA-,16.0,1.2304489213782739
NZ_CP050780.1,239058,≥100 kb,tRNA-,18.0,1.2787536009528289
NZ_CP039442.1,321887,≥100 kb,tRNA-,10.0,1.0413926851582251
NZ_CP039444.1,321889,≥100 kb,tRNA-,10.0,1.0413926851582251
NZ_CP039446.1,321890,≥100 kb,tRNA-,10.0,1.0413926851582251
NZ_CP062224.1,270696,≥100 kb,tRNA-,16.0,1.2304489213782739
NZ_CP062226.1,265014,≥100 kb,tRNA-,15.0,1.2041199826559248
NZ_CP063290.1,113786,≥100 kb,tRNA-,8.0,0.9542425094393249
NZ_CP063703.1,115352,≥100 kb,tRNA-,5.0,0.7781512503836436
NZ_CP063706.1,95694,<100 kb,tRNA-,3.0,0.6020599913279624
NZ_CP063707.1,8688,<100 kb,tRNA-,2.0,0.47712125471966244
NZ_CP051311.1,239428,≥100 kb,tRNA-,5.0,0.7781512503836436
NZ_CP051312.1,101468,≥100 kb,tRNA-,3.0,0.6020599913279624
NZ_CP051345.1,277441,≥100 kb,tRNA-,5.0,0.7781512503836436
NZ_CP051343.1,101468,≥100 kb,tRNA-,3.0,0.6020599913279624
NZ_CP051344.1,5698,<100 kb,tRNA-,1.0,0.3010299956639812
NZ_CP051359.1,234536,≥100 kb,tRNA-,5.0,0.7781512503836436
NZ_CP051360.1,167068,≥100 kb,tRNA-,17.0,1.255272505103306
NZ_CP051365.1,8688,<100 kb,tRNA-,2.0,0.47712125471966244
NZ_CP051371.1,101673,≥100 kb,tRNA-,4.0,0.6989700043360189
NZ_CP051382.1,235025,≥100 kb,tRNA-,5.0,0.7781512503836436
NZ_CP051383.1,112349,≥100 kb,tRNA-,3.0,0.6020599913279624
NZ_CP051395.1,155923,≥100 kb,tRNA-,11.0,1.0791812460476249
NZ_CP051411.1,125574,≥100 kb,tRNA-,7.0,0.9030899869919435
NZ_CP051412.1,232583,≥100 kb,tRNA-,5.0,0.7781512503836436
NZ_CP053049.1,224991,≥100 kb,tRNA-,6.0,0.8450980400142568
NZ_CP053050.1,54008,<100 kb,tRNA-,8.0,0.9542425094393249
NZ_CP069298.1,17017,<100 kb,tRNA-,1.0,0.3010299956639812
NZ_CP069299.1,10124,<100 kb,tRNA-,1.0,0.3010299956639812
NZ_CP077762.1,56404,<100 kb,tRNA-,4.0,0.6989700043360189
NZ_CP090138.1,300750,≥100 kb,tRNA-,22.0,1.3617278360175928
NZ_CP090139.1,53329,<100 kb,tRNA-,2.0,0.47712125471966244
NZ_CP090142.1,294023,≥100 kb,tRNA-,22.0,1.3617278360175928
NZ_CP090143.1,53329,<100 kb,tRNA-,2.0,0.47712125471966244
NZ_CP090134.1,294023,≥100 kb,tRNA-,22.0,1.3617278360175928
NZ_CP090135.1,53329,<100 kb,tRNA-,2.0,0.47712125471966244
NZ_CP071389.1,295499,≥100 kb,tRNA-,18.0,1.2787536009528289
NZ_CP071391.1,50931,<100 kb,tRNA-,6.0,0.8450980400142568
NZ_CP092259.1,214299,≥100 kb,tRNA-,29.0,1.4771212547196624
NZ_CP092260.1,38906,<100 kb,tRNA-,1.0,0.3010299956639812
NZ_CP093401.1,195315,≥100 kb,tRNA-,5.0,0.7781512503836436
NZ_CP093404.1,215451,≥100 kb,tRNA-,14.0,1.1760912590556813
NZ_CP093406.1,265849,≥100 kb,tRNA-,17.0,1.255272505103306
NZ_CP093412.1,278374,≥100 kb,tRNA-,16.0,1.2304489213782739
NZ_CP093408.1,302777,≥100 kb,tRNA-,19.0,1.3010299956639813
NZ_CP093374.1,320713,≥100 kb,tRNA-,9.0,1.0
NZ_CP096119.1,235522,≥100 kb,tRNA-,9.0,1.0
NZ_CP088139.1,125931,≥100 kb,tRNA-,5.0,0.7781512503836436
NZ_CP088140.1,8274,<100 kb,tRNA-,3.0,0.6020599913279624
NZ_CP098832.1,229976,≥100 kb,tRNA-,31.0,1.505149978319906
NZ_CP099974.1,29336,<100 kb,tRNA-,8.0,0.9542425094393249
NZ_CP100668.1,29336,<100 kb,tRNA-,8.0,0.9542425094393249
NZ_CP100667.1,64325,<100 kb,tRNA-,3.0,0.6020599913279624
NZ_CP100683.1,262557,≥100 kb,tRNA-,13.0,1.146128035678238
NZ_CP100686.1,279202,≥100 kb,tRNA-,16.0,1.2304489213782739
NZ_CP100699.1,181948,≥100 kb,tRNA-,16.0,1.2304489213782739
NZ_CP100711.1,77896,<100 kb,tRNA+,1.0,0.3010299956639812
NZ_CP100726.1,24484,<100 kb,tRNA-,6.0,0.8450980400142568
NZ_CP100725.1,64326,<100 kb,tRNA-,3.0,0.6020599913279624
NZ_CP100729.1,83642,<100 kb,tRNA+,1.0,0.3010299956639812
NZ_CP100737.1,258626,≥100 kb,tRNA-,18.0,1.2787536009528289
NZ_CP102828.1,237848,≥100 kb,tRNA-,26.0,1.4313637641589874
NZ_CP102829.1,50798,<100 kb,tRNA-,1.0,0.3010299956639812
NZ_CP103792.1,278481,≥100 kb,tRNA-,3.0,0.6020599913279624
NZ_CP068387.1,67734,<100 kb,tRNA-,3.0,0.6020599913279624
NZ_CP117303.1,6046,<100 kb,tRNA-,1.0,0.3010299956639812
NZ_CP117309.1,6047,<100 kb,tRNA-,1.0,0.3010299956639812
NZ_CP117314.1,6047,<100 kb,tRNA-,1.0,0.3010299956639812
NZ_CP117320.1,6045,<100 kb,tRNA-,1.0,0.3010299956639812
NZ_CP117323.1,11944,<100 kb,tRNA-,1.0,0.3010299956639812
NZ_CP117337.1,150540,≥100 kb,tRNA-,5.0,0.7781512503836436
NZ_CP117341.1,86676,<100 kb,tRNA-,7.0,0.9030899869919435
NZ_CP117344.1,86282,<100 kb,tRNA-,7.0,0.9030899869919435
NZ_CP117352.1,103508,≥100 kb,tRNA-,12.0,1.1139433523068367
NZ_CP117349.1,180389,≥100 kb,tRNA-,14.0,1.1760912590556813
NZ_CP117347.1,178387,≥100 kb,tRNA-,12.0,1.1139433523068367
NZ_CP117355.1,82559,<100 kb,tRNA-,7.0,0.9030899869919435
NZ_CP117360.1,101652,≥100 kb,tRNA-,8.0,0.9542425094393249
NZ_CP117363.1,84245,<100 kb,tRNA-,8.0,0.9542425094393249
NZ_CP117368.1,107978,≥100 kb,tRNA-,12.0,1.1139433523068367
NZ_CP117374.1,106220,≥100 kb,tRNA-,9.0,1.0
NZ_CP119136.1,237330,≥100 kb,tRNA-,25.0,1.414973347970818
NZ_CP121067.1,195329,≥100 kb,tRNA-,5.0,0.7781512503836436
NZ_CP121071.1,195305,≥100 kb,tRNA-,5.0,0.7781512503836436
NZ_CP121069.1,195307,≥100 kb,tRNA-,5.0,0.7781512503836436
NZ_CP121077.1,195315,≥100 kb,tRNA-,5.0,0.7781512503836436
NZ_CP121074.1,195026,≥100 kb,tRNA-,5.0,0.7781512503836436
NZ_CP094270.1,211429,≥100 kb,tRNA-,5.0,0.7781512503836436
NZ_CP094271.1,54608,<100 kb,tRNA-,11.0,1.0791812460476249
NZ_CP125221.1,64327,<100 kb,tRNA-,3.0,0.6020599913279624
NZ_CP125222.1,29336,<100 kb,tRNA-,8.0,0.9542425094393249
NZ_CP126141.1,64327,<100 kb,tRNA-,3.0,0.6020599913279624
NZ_CP126142.1,29336,<100 kb,tRNA-,8.0,0.9542425094393249
NZ_CP126143.1,28942,<100 kb,tRNA-,3.0,0.6020599913279624
NZ_CP128262.1,101492,≥100 kb,tRNA-,3.0,0.6020599913279624
NZ_CP129386.1,94398,<100 kb,tRNA-,6.0,0.8450980400142568
NZ_CP133420.1,11043,<100 kb,tRNA-,3.0,0.6020599913279624
NZ_CP133428.1,45040,<100 kb,tRNA-,3.0,0.6020599913279624
NZ_CP133431.1,45040,<100 kb,tRNA-,3.0,0.6020599913279624
NZ_CP133434.1,45040,<100 kb,tRNA-,3.0,0.6020599913279624
NZ_CP136150.1,64327,<100 kb,tRNA-,3.0,0.6020599913279624
NZ_CP136151.1,24484,<100 kb,tRNA-,5.0,0.7781512503836436
NZ_CP136142.1,127061,≥100 kb,tRNA-,11.0,1.0791812460476249
NZ_CP136143.1,64327,<100 kb,tRNA-,3.0,0.6020599913279624
NZ_CP136144.1,24484,<100 kb,tRNA-,5.0,0.7781512503836436
NZ_CP148791.1,338878,≥100 kb,tRNA-,13.0,1.146128035678238
NZ_CP148795.1,307572,≥100 kb,tRNA-,7.0,0.9030899869919435
NZ_CP148798.1,331945,≥100 kb,tRNA-,13.0,1.146128035678238
NZ_CP148802.1,325704,≥100 kb,tRNA-,10.0,1.0413926851582251
NZ_CP148803.1,7119,<100 kb,tRNA-,1.0,0.3010299956639812
NZ_CP148811.1,316755,≥100 kb,tRNA-,8.0,0.9542425094393249
NZ_CP148815.1,316724,≥100 kb,tRNA-,8.0,0.9542425094393249
NZ_CP148819.1,290815,≥100 kb,tRNA-,3.0,0.6020599913279624
NZ_CP148823.1,309708,≥100 kb,tRNA-,7.0,0.9030899869919435
NZ_CP148827.1,310238,≥100 kb,tRNA-,7.0,0.9030899869919435
NZ_CP148829.1,310264,≥100 kb,tRNA-,7.0,0.9030899869919435
NZ_CP148833.1,318535,≥100 kb,tRNA-,9.0,1.0
NZ_CP148837.1,318536,≥100 kb,tRNA-,9.0,1.0
NZ_CP148847.1,319638,≥100 kb,tRNA-,9.0,1.0
NZ_CP148876.1,499069,≥100 kb,tRNA+,16.0,1.2304489213782739
NZ_CP150497.1,217909,≥100 kb,tRNA-,1.0,0.3010299956639812
NZ_CP156714.1,103670,≥100 kb,tRNA-,12.0,1.1139433523068367
NZ_CP156717.1,179898,≥100 kb,tRNA-,12.0,1.1139433523068367
NZ_CP157395.1,318349,≥100 kb,tRNA-,9.0,1.0
NZ_CP145807.1,7621,<100 kb,tRNA-,1.0,0.3010299956639812
NZ_CP145805.1,7621,<100 kb,tRNA-,1.0,0.3010299956639812
NZ_CP177303.1,138951,≥100 kb,tRNA-,7.0,0.9030899869919435
NZ_CP178835.1,85437,<100 kb,tRNA-,7.0,0.9030899869919435
NZ_CP178919.1,146646,≥100 kb,tRNA-,4.0,0.6989700043360189
NZ_CP182172.1,131015,≥100 kb,tRNA-,4.0,0.6989700043360189
NZ_CP182118.1,132005,≥100 kb,tRNA-,4.0,0.6989700043360189
NZ_CP182121.1,125691,≥100 kb,tRNA-,4.0,0.6989700043360189
NZ_CP182124.1,159851,≥100 kb,tRNA-,8.0,0.9542425094393249
NZ_CP182132.1,92556,<100 kb,tRNA-,5.0,0.7781512503836436
NZ_CP131745.1,90138,<100 kb,tRNA-,10.0,1.0413926851582251
NZ_CP131747.1,103469,≥100 kb,tRNA-,3.0,0.6020599913279624
NZ_CP187363.1,110272,≥100 kb,tRNA-,4.0,0.6989700043360189
NZ_OX442404.1,277357,≥100 kb,tRNA-,11.0,1.0791812460476249
NC_009140.1,176473,≥100 kb,tRNA-,15.0,1.2041199826559248
NC_011092.1,110227,≥100 kb,tRNA-,12.0,1.1139433523068367
NC_003384.1,218160,≥100 kb,tRNA-,10.0,1.0413926851582251
NC_016825.1,181431,≥100 kb,tRNA-,2.0,0.47712125471966244
NZ_CP009564.1,120340,≥100 kb,tRNA-,10.0,1.0413926851582251
NZ_CP009562.1,120346,≥100 kb,tRNA-,11.0,1.0791812460476249
NZ_CP009563.1,80098,<100 kb,tRNA-,4.0,0.6989700043360189
NZ_CP009560.1,158195,≥100 kb,tRNA-,11.0,1.0791812460476249
NZ_CP009567.1,158521,≥100 kb,tRNA-,11.0,1.0791812460476249
NZ_CP009566.1,94725,<100 kb,tRNA-,3.0,0.6020599913279624
NZ_CP011429.1,156323,≥100 kb,tRNA-,20.0,1.3222192947339193
NZ_CP012683.1,112639,≥100 kb,tRNA-,3.0,0.6020599913279624
NZ_CP012682.1,161461,≥100 kb,tRNA-,20.0,1.3222192947339193
NZ_LN868944.1,727905,≥100 kb,tRNA+,7.0,0.9030899869919435
NZ_LN868945.1,147787,≥100 kb,tRNA+,2.0,0.47712125471966244
NZ_LN868946.1,141119,≥100 kb,tRNA+,1.0,0.3010299956639812
NZ_CP123661.1,146005,≥100 kb,tRNA-,4.0,0.6989700043360189
NZ_CP016389.1,68117,<100 kb,tRNA-,3.0,0.6020599913279624
NZ_CP016013.1,130039,≥100 kb,tRNA-,15.0,1.2041199826559248
NZ_CP019443.1,233802,≥100 kb,tRNA-,9.0,1.0
NZ_CP019444.1,84565,<100 kb,tRNA-,8.0,0.9542425094393249
NZ_CP022072.1,42327,<100 kb,tRNA-,6.0,0.8450980400142568
NZ_CP022498.1,31173,<100 kb,tRNA-,2.0,0.47712125471966244
NZ_CP022499.1,38945,<100 kb,tRNA-,7.0,0.9030899869919435
NZ_CP022169.1,151609,≥100 kb,tRNA-,7.0,0.9030899869919435
NZ_CP023167.1,254041,≥100 kb,tRNA-,12.0,1.1139433523068367
NZ_CP027415.1,113066,≥100 kb,tRNA-,2.0,0.47712125471966244
NZ_CP027409.1,220137,≥100 kb,tRNA-,5.0,0.7781512503836436
NZ_CP029249.1,152940,≥100 kb,tRNA-,19.0,1.3010299956639813
NZ_CP029037.1,319930,≥100 kb,tRNA-,1.0,0.3010299956639812
NZ_CP030025.1,100335,≥100 kb,tRNA-,3.0,0.6020599913279624
NZ_CP032192.1,159356,≥100 kb,tRNA-,10.0,1.0413926851582251
NZ_CP032193.1,87450,<100 kb,tRNA-,13.0,1.146128035678238
NZ_CP022964.1,67685,<100 kb,tRNA-,4.0,0.6989700043360189
NZ_CP029924.1,217512,≥100 kb,tRNA-,12.0,1.1139433523068367
NZ_CP029887.1,216908,≥100 kb,tRNA-,12.0,1.1139433523068367
NZ_CP029910.1,217083,≥100 kb,tRNA-,12.0,1.1139433523068367
NZ_CP029931.1,216915,≥100 kb,tRNA-,12.0,1.1139433523068367
NZ_CP029934.1,217083,≥100 kb,tRNA-,12.0,1.1139433523068367
NZ_CP029935.1,216699,≥100 kb,tRNA-,12.0,1.1139433523068367
NZ_CP029943.1,217072,≥100 kb,tRNA-,12.0,1.1139433523068367
NZ_CP029947.1,218627,≥100 kb,tRNA-,12.0,1.1139433523068367
NZ_CP029948.1,217284,≥100 kb,tRNA-,12.0,1.1139433523068367
NZ_CP029937.1,216810,≥100 kb,tRNA-,12.0,1.1139433523068367
NZ_CP029939.1,215792,≥100 kb,tRNA-,12.0,1.1139433523068367
NZ_CP029953.1,217395,≥100 kb,tRNA-,12.0,1.1139433523068367
NZ_CP029955.1,217339,≥100 kb,tRNA-,12.0,1.1139433523068367
NZ_CP029860.1,91891,<100 kb,tRNA-,6.0,0.8450980400142568
NZ_CP029869.1,91891,<100 kb,tRNA-,6.0,0.8450980400142568
NZ_CP029871.1,91848,<100 kb,tRNA-,6.0,0.8450980400142568
NZ_CP029874.1,91892,<100 kb,tRNA-,6.0,0.8450980400142568
NZ_CP029912.1,91848,<100 kb,tRNA-,6.0,0.8450980400142568
NZ_CP029903.1,88544,<100 kb,tRNA-,5.0,0.7781512503836436
NZ_CP029895.1,217284,≥100 kb,tRNA-,12.0,1.1139433523068367
NZ_CP029877.1,217083,≥100 kb,tRNA-,12.0,1.1139433523068367
NZ_CP029879.1,214596,≥100 kb,tRNA-,12.0,1.1139433523068367
NZ_CP029963.1,93445,<100 kb,tRNA-,6.0,0.8450980400142568
NZ_CP029965.1,91848,<100 kb,tRNA-,6.0,0.8450980400142568
NZ_CP029926.1,217120,≥100 kb,tRNA-,12.0,1.1139433523068367
NZ_CP029957.1,216847,≥100 kb,tRNA-,12.0,1.1139433523068367
NZ_CP029941.1,217175,≥100 kb,tRNA-,12.0,1.1139433523068367
NZ_CP029645.1,216963,≥100 kb,tRNA-,12.0,1.1139433523068367
NZ_CP025231.1,158213,≥100 kb,tRNA-,11.0,1.0791812460476249
NZ_CP025233.1,60586,<100 kb,tRNA-,5.0,0.7781512503836436
NZ_CP025236.1,122896,≥100 kb,tRNA-,11.0,1.0791812460476249
NZ_CP025245.1,111814,≥100 kb,tRNA-,8.0,0.9542425094393249
NZ_CP025240.1,146581,≥100 kb,tRNA-,8.0,0.9542425094393249
NZ_CP025242.1,98400,<100 kb,tRNA-,5.0,0.7781512503836436
NZ_CP041209.1,158212,≥100 kb,tRNA-,11.0,1.0791812460476249
NZ_CP025275.1,125113,≥100 kb,tRNA-,11.0,1.0791812460476249
NZ_CP025277.1,266480,≥100 kb,tRNA-,4.0,0.6989700043360189
NZ_CP040319.1,47477,<100 kb,tRNA-,1.0,0.3010299956639812
NZ_CP040574.1,84498,<100 kb,tRNA-,9.0,1.0
NZ_CP041172.1,153516,≥100 kb,tRNA-,19.0,1.3010299956639813
NZ_CP044204.1,60896,<100 kb,tRNA-,9.0,1.0
NZ_CP045448.1,2989,<100 kb,tRNA-,1.0,0.3010299956639812
NZ_CP045449.1,276739,≥100 kb,tRNA-,13.0,1.146128035678238
NZ_CP045445.1,2989,<100 kb,tRNA-,1.0,0.3010299956639812
NZ_CP045446.1,276821,≥100 kb,tRNA-,14.0,1.1760912590556813
NZ_CP046430.1,83365,<100 kb,tRNA-,9.0,1.0
NZ_CP039438.1,255725,≥100 kb,tRNA-,17.0,1.255272505103306
NZ_CP039440.1,276733,≥100 kb,tRNA-,19.0,1.3010299956639813
NZ_CP060133.1,176767,≥100 kb,tRNA-,28.0,1.462397997898956
NZ_CP060135.1,112916,≥100 kb,tRNA-,18.0,1.2787536009528289
NZ_CP060136.1,57187,<100 kb,tRNA-,6.0,0.8450980400142568
NZ_CP051308.1,154276,≥100 kb,tRNA-,16.0,1.2304489213782739
NZ_CP051314.1,102373,≥100 kb,tRNA-,3.0,0.6020599913279624
NZ_CP051319.1,170814,≥100 kb,tRNA-,15.0,1.2041199826559248
NZ_CP051318.1,105973,≥100 kb,tRNA-,5.0,0.7781512503836436
NZ_CP051322.1,278418,≥100 kb,tRNA-,5.0,0.7781512503836436
NZ_CP051321.1,9588,<100 kb,tRNA-,3.0,0.6020599913279624
NZ_CP051330.1,16747,<100 kb,tRNA-,1.0,0.3010299956639812
NZ_CP051347.1,146811,≥100 kb,tRNA-,4.0,0.6989700043360189
NZ_CP051351.1,109942,≥100 kb,tRNA-,6.0,0.8450980400142568
NZ_CP051352.1,9569,<100 kb,tRNA-,2.0,0.47712125471966244
NZ_CP051374.1,194325,≥100 kb,tRNA+,2.0,0.47712125471966244
NZ_CP051373.1,122954,≥100 kb,tRNA-,11.0,1.0791812460476249
NZ_CP051385.1,111658,≥100 kb,tRNA-,2.0,0.47712125471966244
NZ_CP051390.1,11037,<100 kb,tRNA-,3.0,0.6020599913279624
NZ_CP051392.1,282550,≥100 kb,tRNA-,5.0,0.7781512503836436
NZ_CP051393.1,51490,<100 kb,tRNA-,5.0,0.7781512503836436
NZ_CP051417.1,10910,<100 kb,tRNA-,3.0,0.6020599913279624
NZ_CP053056.1,269824,≥100 kb,tRNA-,7.0,0.9030899869919435
NZ_CP080515.1,129660,≥100 kb,tRNA-,1.0,0.3010299956639812
NZ_CP080514.1,352141,≥100 kb,tRNA-,5.0,0.7781512503836436
NZ_CP081859.1,11046,<100 kb,tRNA-,3.0,0.6020599913279624
NZ_CP085697.1,237710,≥100 kb,tRNA-,14.0,1.1760912590556813
NZ_CP088902.1,285167,≥100 kb,tRNA-,4.0,0.6989700043360189
NZ_CP092000.1,19682,<100 kb,tRNA-,6.0,0.8450980400142568
NZ_CP092007.1,340763,≥100 kb,tRNA-,13.0,1.146128035678238
NZ_CP092010.1,63499,<100 kb,tRNA-,2.0,0.47712125471966244
NZ_CP100745.1,299493,≥100 kb,tRNA-,18.0,1.2787536009528289
NZ_CP100690.1,258970,≥100 kb,tRNA-,14.0,1.1760912590556813
NZ_CP100748.1,84323,<100 kb,tRNA-,8.0,0.9542425094393249
NZ_CP100694.1,113134,≥100 kb,tRNA-,23.0,1.380211241711606
NZ_CP100703.1,149266,≥100 kb,tRNA-,18.0,1.2787536009528289
NZ_CP100706.1,15860,<100 kb,tRNA-,3.0,0.6020599913279624
NZ_CP100704.1,93173,<100 kb,tRNA-,3.0,0.6020599913279624
NZ_CP100723.1,328074,≥100 kb,tRNA-,13.0,1.146128035678238
NZ_CP101690.1,10047,<100 kb,tRNA-,1.0,0.3010299956639812
NZ_CP101691.1,9208,<100 kb,tRNA-,4.0,0.6989700043360189
NZ_CP101692.1,7769,<100 kb,tRNA-,1.0,0.3010299956639812
NZ_CP082931.1,64841,<100 kb,tRNA-,2.0,0.47712125471966244
NZ_CP107011.1,97817,<100 kb,tRNA-,2.0,0.47712125471966244
NZ_CP117699.1,102202,≥100 kb,tRNA-,17.0,1.255272505103306
NZ_CP118538.1,84390,<100 kb,tRNA-,9.0,1.0
NZ_CP117379.1,99205,<100 kb,tRNA-,8.0,0.9542425094393249
NZ_CP117381.1,99202,<100 kb,tRNA-,7.0,0.9030899869919435
NZ_CP117328.1,114639,≥100 kb,tRNA-,8.0,0.9542425094393249
NZ_CP117330.1,64283,<100 kb,tRNA-,3.0,0.6020599913279624
NZ_CP117334.1,62867,<100 kb,tRNA-,4.0,0.6989700043360189
NZ_CP117366.1,146584,≥100 kb,tRNA-,8.0,0.9542425094393249
NZ_CP117372.1,99201,<100 kb,tRNA-,8.0,0.9542425094393249
NZ_CP117377.1,99205,<100 kb,tRNA-,8.0,0.9542425094393249
NZ_CP120328.1,285079,≥100 kb,tRNA-,3.0,0.6020599913279624
NZ_CP120326.1,285076,≥100 kb,tRNA-,4.0,0.6989700043360189
NZ_CP120332.1,285074,≥100 kb,tRNA-,4.0,0.6989700043360189
NZ_CP120330.1,52319,<100 kb,tRNA-,3.0,0.6020599913279624
NZ_CP120334.1,285078,≥100 kb,tRNA-,4.0,0.6989700043360189
NZ_CP120336.1,285072,≥100 kb,tRNA-,4.0,0.6989700043360189
NZ_CP120338.1,285085,≥100 kb,tRNA-,4.0,0.6989700043360189
NZ_CP120340.1,285079,≥100 kb,tRNA-,4.0,0.6989700043360189
NZ_CP120342.1,58367,<100 kb,tRNA-,5.0,0.7781512503836436
NZ_CP120344.1,285070,≥100 kb,tRNA-,4.0,0.6989700043360189
NZ_CP120348.1,285075,≥100 kb,tRNA-,4.0,0.6989700043360189
NZ_CP120346.1,285070,≥100 kb,tRNA-,4.0,0.6989700043360189
NZ_CP120350.1,285080,≥100 kb,tRNA-,4.0,0.6989700043360189
NZ_CP130074.1,144836,≥100 kb,tRNA+,2.0,0.47712125471966244
NZ_CP130077.1,144828,≥100 kb,tRNA+,2.0,0.47712125471966244
NZ_CP130084.1,144833,≥100 kb,tRNA+,2.0,0.47712125471966244
NZ_CP130097.1,144840,≥100 kb,tRNA+,2.0,0.47712125471966244
NZ_CP130092.1,143790,≥100 kb,tRNA+,2.0,0.47712125471966244
NZ_CP130104.1,144846,≥100 kb,tRNA+,2.0,0.47712125471966244
NZ_CP130107.1,144840,≥100 kb,tRNA+,2.0,0.47712125471966244
NZ_CP130110.1,144840,≥100 kb,tRNA+,2.0,0.47712125471966244
NZ_CP130113.1,144841,≥100 kb,tRNA+,2.0,0.47712125471966244
NZ_CP130116.1,144840,≥100 kb,tRNA+,2.0,0.47712125471966244
NZ_CP130127.1,144840,≥100 kb,tRNA+,2.0,0.47712125471966244
NZ_CP130275.1,146167,≥100 kb,tRNA+,2.0,0.47712125471966244
NZ_CP133287.1,42423,<100 kb,tRNA-,8.0,0.9542425094393249
NZ_CP133399.1,48921,<100 kb,tRNA-,5.0,0.7781512503836436
NZ_CP133279.1,274597,≥100 kb,tRNA-,5.0,0.7781512503836436
NZ_CP133280.1,44109,<100 kb,tRNA-,3.0,0.6020599913279624
NZ_CP133281.1,21790,<100 kb,tRNA-,3.0,0.6020599913279624
NZ_CP133423.1,101760,≥100 kb,tRNA-,9.0,1.0
NZ_CP136147.1,111466,≥100 kb,tRNA-,18.0,1.2787536009528289
NZ_CP138308.1,210622,≥100 kb,tRNA-,21.0,1.3424226808222062
NZ_CP138306.1,238640,≥100 kb,tRNA-,41.0,1.6232492903979006
NZ_CP141257.1,114617,≥100 kb,tRNA-,27.0,1.4471580313422192
NZ_CP146619.1,89439,<100 kb,tRNA-,1.0,0.3010299956639812
NZ_CP160060.1,185945,≥100 kb,tRNA-,7.0,0.9030899869919435
NZ_CP160062.1,185943,≥100 kb,tRNA-,7.0,0.9030899869919435
NZ_CP168964.1,76317,<100 kb,tRNA-,7.0,0.9030899869919435
NZ_CP169080.1,76959,<100 kb,tRNA-,8.0,0.9542425094393249
NZ_CP169510.1,310289,≥100 kb,tRNA-,7.0,0.9030899869919435
NZ_CP169502.1,304831,≥100 kb,tRNA-,6.0,0.8450980400142568
NZ_CP169508.1,303375,≥100 kb,tRNA-,6.0,0.8450980400142568
NZ_CP169516.1,327150,≥100 kb,tRNA-,10.0,1.0413926851582251
NZ_CP169518.1,286902,≥100 kb,tRNA-,4.0,0.6989700043360189
NZ_CP169514.1,295501,≥100 kb,tRNA-,7.0,0.9030899869919435
NZ_CP169506.1,319112,≥100 kb,tRNA-,10.0,1.0413926851582251
NZ_CP169512.1,319153,≥100 kb,tRNA-,7.0,0.9030899869919435
NZ_CP169504.1,292757,≥100 kb,tRNA-,4.0,0.6989700043360189
NZ_CP173298.1,76161,<100 kb,tRNA-,7.0,0.9030899869919435
NZ_CP173294.1,76961,<100 kb,tRNA-,8.0,0.9542425094393249
NZ_CP173313.1,90362,<100 kb,tRNA-,9.0,1.0
NZ_CP148841.1,319375,≥100 kb,tRNA-,9.0,1.0
NZ_CP148839.1,318536,≥100 kb,tRNA-,9.0,1.0
NZ_CP148807.1,316546,≥100 kb,tRNA-,8.0,0.9542425094393249
NZ_CP174479.1,310431,≥100 kb,tRNA-,7.0,0.9030899869919435
NZ_CP179911.1,274179,≥100 kb,tRNA-,5.0,0.7781512503836436
NZ_CP180715.1,162410,≥100 kb,tRNA-,18.0,1.2787536009528289
NZ_CP180718.1,162415,≥100 kb,tRNA-,19.0,1.3010299956639813
NZ_CP181480.1,315450,≥100 kb,tRNA-,7.0,0.9030899869919435
NZ_CP182624.1,278566,≥100 kb,tRNA-,3.0,0.6020599913279624
NZ_CP182615.1,280984,≥100 kb,tRNA-,3.0,0.6020599913279624
NZ_CP182628.1,45040,<100 kb,tRNA-,3.0,0.6020599913279624
NZ_CP182621.1,45040,<100 kb,tRNA-,3.0,0.6020599913279624
NZ_CP182630.1,270104,≥100 kb,tRNA-,3.0,0.6020599913279624
NZ_CP182618.1,45040,<100 kb,tRNA-,3.0,0.6020599913279624
NZ_CP186711.1,318579,≥100 kb,tRNA-,9.0,1.0
NZ_CP131761.1,195861,≥100 kb,tRNA-,12.0,1.1139433523068367
NZ_CP131762.1,97648,<100 kb,tRNA-,3.0,0.6020599913279624
NZ_CP131764.1,70701,<100 kb,tRNA-,4.0,0.6989700043360189
NZ_CP131769.1,117774,≥100 kb,tRNA-,18.0,1.2787536009528289
NZ_CP131770.1,47091,<100 kb,tRNA-,1.0,0.3010299956639812
NZ_CP131771.1,9007,<100 kb,tRNA-,3.0,0.6020599913279624
NZ_CP187230.1,287574,≥100 kb,tRNA-,5.0,0.7781512503836436
NZ_CP187231.1,3071,<100 kb,tRNA-,1.0,0.3010299956639812
NZ_CP187560.1,250469,≥100 kb,tRNA-,18.0,1.2787536009528289
NZ_LT882487.1,79940,<100 kb,tRNA-,6.0,0.8450980400142568
NZ_LT906491.1,215784,≥100 kb,tRNA-,12.0,1.1139433523068367
NZ_OY754840.1,288977,≥100 kb,tRNA-,8.0,0.9542425094393249
NC_016859.1,8688,<100 kb,tRNA-,2.0,0.47712125471966244
NC_017719.1,8688,<100 kb,tRNA-,2.0,0.47712125471966244
NC_021742.1,44107,<100 kb,tRNA+,1.0,0.3010299956639812
NC_021815.1,221009,≥100 kb,tRNA-,2.0,0.47712125471966244
NZ_CP011637.1,3223,<100 kb,tRNA-,1.0,0.3010299956639812
NZ_CP011640.1,73100,<100 kb,tRNA-,2.0,0.47712125471966244
NZ_CP011639.1,69158,<100 kb,tRNA-,14.0,1.1760912590556813
NZ_CP012686.1,26346,<100 kb,tRNA-,3.0,0.6020599913279624
NZ_CP014240.1,15626,<100 kb,tRNA-,5.0,0.7781512503836436
NZ_CP016864.1,104649,≥100 kb,tRNA-,2.0,0.47712125471966244
NZ_CP016865.1,104250,≥100 kb,tRNA-,3.0,0.6020599913279624
NZ_CP016867.1,3223,<100 kb,tRNA-,1.0,0.3010299956639812
NZ_CP014978.1,147296,≥100 kb,tRNA-,8.0,0.9542425094393249
NZ_CP022061.1,44561,<100 kb,tRNA-,4.0,0.6989700043360189
NZ_CP022063.1,173817,≥100 kb,tRNA-,2.0,0.47712125471966244
NZ_CP022064.1,109170,≥100 kb,tRNA-,1.0,0.3010299956639812
NZ_CP019647.1,275801,≥100 kb,tRNA-,15.0,1.2041199826559248
NZ_CM008896.1,80890,<100 kb,tRNA-,7.0,0.9030899869919435
NZ_CM008895.1,119046,≥100 kb,tRNA-,5.0,0.7781512503836436
NZ_CP020502.1,74726,<100 kb,tRNA-,4.0,0.6989700043360189
NZ_CP029447.1,73100,<100 kb,tRNA-,2.0,0.47712125471966244
NZ_CP029446.1,69158,<100 kb,tRNA-,14.0,1.1760912590556813
NZ_CP028315.1,98989,<100 kb,tRNA-,3.0,0.6020599913279624
NZ_CP028316.1,187594,≥100 kb,tRNA-,2.0,0.47712125471966244
NZ_CP025737.1,99333,<100 kb,tRNA-,10.0,1.0413926851582251
NZ_CP034820.1,188527,≥100 kb,tRNA-,17.0,1.255272505103306
NZ_CP034832.1,211458,≥100 kb,tRNA-,19.0,1.3010299956639813
NZ_CP034833.1,33303,<100 kb,tRNA-,1.0,0.3010299956639812
NZ_CP047526.1,249143,≥100 kb,tRNA-,28.0,1.462397997898956
NZ_CP047530.1,197840,≥100 kb,tRNA-,25.0,1.414973347970818
NZ_CP047532.1,212793,≥100 kb,tRNA-,15.0,1.2041199826559248
NZ_CP047541.1,232064,≥100 kb,tRNA-,15.0,1.2041199826559248
NZ_CP047543.1,216197,≥100 kb,tRNA-,8.0,0.9542425094393249
NZ_CP047545.1,238273,≥100 kb,tRNA-,21.0,1.3424226808222062
NZ_CP047547.1,250477,≥100 kb,tRNA-,28.0,1.462397997898956
NZ_CP047551.1,240317,≥100 kb,tRNA-,17.0,1.255272505103306
NZ_CP047554.1,213570,≥100 kb,tRNA-,15.0,1.2041199826559248
NZ_CP047528.1,249152,≥100 kb,tRNA-,28.0,1.462397997898956
NZ_CP047549.1,249152,≥100 kb,tRNA-,26.0,1.4313637641589874
NZ_CP047556.1,256080,≥100 kb,tRNA-,28.0,1.462397997898956
NZ_CP047523.1,195873,≥100 kb,tRNA-,17.0,1.255272505103306
NZ_CP047538.1,329730,≥100 kb,tRNA+,23.0,1.380211241711606
NZ_CP039515.1,2450,<100 kb,tRNA-,1.0,0.3010299956639812
NZ_CP039513.2,81615,<100 kb,tRNA-,5.0,0.7781512503836436
NZ_CP040457.1,254752,≥100 kb,tRNA-,22.0,1.3617278360175928
NZ_CP048785.1,23411,<100 kb,tRNA-,1.0,0.3010299956639812
NZ_CP048786.1,8823,<100 kb,tRNA-,1.0,0.3010299956639812
NZ_CP042514.1,87731,<100 kb,tRNA-,13.0,1.146128035678238
NZ_CP042515.1,67074,<100 kb,tRNA+,2.0,0.47712125471966244
NZ_CP032491.1,164229,≥100 kb,tRNA-,8.0,0.9542425094393249
NZ_CP032495.1,118265,≥100 kb,tRNA-,4.0,0.6989700043360189
NZ_CP032496.1,90607,<100 kb,tRNA-,5.0,0.7781512503836436
NZ_CP045953.1,144821,≥100 kb,tRNA-,6.0,0.8450980400142568
NZ_CP047392.1,42724,<100 kb,tRNA-,4.0,0.6989700043360189
NZ_CP047680.1,94056,<100 kb,tRNA-,4.0,0.6989700043360189
NZ_CP047683.1,103175,≥100 kb,tRNA-,5.0,0.7781512503836436
NZ_CP047689.1,103167,≥100 kb,tRNA-,5.0,0.7781512503836436
NZ_CP047686.1,103167,≥100 kb,tRNA-,5.0,0.7781512503836436
NZ_CP047692.1,103167,≥100 kb,tRNA-,5.0,0.7781512503836436
NZ_CP035548.1,153015,≥100 kb,tRNA-,20.0,1.3222192947339193
NZ_CP050751.1,260225,≥100 kb,tRNA-,31.0,1.505149978319906
NZ_CP050727.1,147578,≥100 kb,tRNA-,12.0,1.1139433523068367
NZ_CP050735.1,150326,≥100 kb,tRNA-,8.0,0.9542425094393249
NZ_CP050736.1,110163,≥100 kb,tRNA-,5.0,0.7781512503836436
NZ_CP050732.1,181971,≥100 kb,tRNA-,13.0,1.146128035678238
NZ_CP050729.1,230228,≥100 kb,tRNA-,23.0,1.380211241711606
NZ_CP050754.1,260432,≥100 kb,tRNA-,30.0,1.4913616938342726
NZ_CP053874.1,8688,<100 kb,tRNA-,2.0,0.47712125471966244
NZ_CP053869.1,8688,<100 kb,tRNA-,2.0,0.47712125471966244
NZ_CP050131.1,298622,≥100 kb,tRNA-,29.0,1.4771212547196624
NZ_CP061046.1,81781,<100 kb,tRNA-,1.0,0.3010299956639812
NZ_CP063296.1,102507,≥100 kb,tRNA-,9.0,1.0
NZ_CP063295.1,159330,≥100 kb,tRNA-,15.0,1.2041199826559248
NZ_CP063239.1,83750,<100 kb,tRNA-,8.0,0.9542425094393249
NZ_CP064662.1,7621,<100 kb,tRNA-,1.0,0.3010299956639812
NZ_CP064664.1,7856,<100 kb,tRNA-,1.0,0.3010299956639812
NZ_CP064665.1,7621,<100 kb,tRNA-,1.0,0.3010299956639812
NZ_CP064667.1,202724,≥100 kb,tRNA-,28.0,1.462397997898956
NZ_CP064668.1,7621,<100 kb,tRNA-,1.0,0.3010299956639812
NZ_CP064673.1,103445,≥100 kb,tRNA+,3.0,0.6020599913279624
NZ_CP064675.1,227512,≥100 kb,tRNA-,1.0,0.3010299956639812
NZ_CP064676.1,103445,≥100 kb,tRNA+,3.0,0.6020599913279624
NZ_CP061116.1,284303,≥100 kb,tRNA-,26.0,1.4313637641589874
NZ_CP061123.1,260707,≥100 kb,tRNA-,23.0,1.380211241711606
NZ_CP061125.1,253817,≥100 kb,tRNA-,24.0,1.3979400086720377
NZ_CP061127.1,254873,≥100 kb,tRNA-,21.0,1.3424226808222062
NZ_CP061128.1,60870,<100 kb,tRNA-,1.0,0.3010299956639812
NZ_CP061120.1,253797,≥100 kb,tRNA-,24.0,1.3979400086720377
NZ_CP065568.1,247565,≥100 kb,tRNA-,12.0,1.1139433523068367
NZ_CP065569.2,107790,≥100 kb,tRNA-,8.0,0.9542425094393249
NZ_CP051316.1,170832,≥100 kb,tRNA-,16.0,1.2304489213782739
NZ_CP051332.1,330859,≥100 kb,tRNA-,9.0,1.0
NZ_CP051335.1,159544,≥100 kb,tRNA-,12.0,1.1139433523068367
NZ_CP051354.1,104600,≥100 kb,tRNA-,4.0,0.6989700043360189
NZ_CP053053.1,219745,≥100 kb,tRNA-,14.0,1.1760912590556813
NZ_CP053052.1,25682,<100 kb,tRNA-,3.0,0.6020599913279624
NZ_CP051379.1,224721,≥100 kb,tRNA-,19.0,1.3010299956639813
NZ_CP051387.1,131331,≥100 kb,tRNA-,14.0,1.1760912590556813
NZ_CP051388.1,120420,≥100 kb,tRNA-,5.0,0.7781512503836436
NZ_CP051400.1,183507,≥100 kb,tRNA-,13.0,1.146128035678238
NZ_CP051397.1,191208,≥100 kb,tRNA-,12.0,1.1139433523068367
NZ_CP051405.1,99003,<100 kb,tRNA-,3.0,0.6020599913279624
NZ_CP051426.1,188725,≥100 kb,tRNA-,14.0,1.1760912590556813
NZ_CP051421.1,8496,<100 kb,tRNA-,1.0,0.3010299956639812
NZ_CP071691.1,64327,<100 kb,tRNA-,3.0,0.6020599913279624
NZ_CP071692.1,24484,<100 kb,tRNA-,5.0,0.7781512503836436
NZ_CP071694.1,318041,≥100 kb,tRNA-,24.0,1.3979400086720377
NZ_CP071695.1,24484,<100 kb,tRNA-,5.0,0.7781512503836436
NZ_CP071687.1,64327,<100 kb,tRNA-,3.0,0.6020599913279624
NZ_CP071688.1,29336,<100 kb,tRNA-,8.0,0.9542425094393249
NZ_CP074426.1,101606,≥100 kb,tRNA-,6.0,0.8450980400142568
NZ_CP074429.1,85862,<100 kb,tRNA-,1.0,0.3010299956639812
NZ_CP074430.1,64327,<100 kb,tRNA-,3.0,0.6020599913279624
NZ_CP074431.1,24486,<100 kb,tRNA-,6.0,0.8450980400142568
NZ_CP137558.1,93148,<100 kb,tRNA-,5.0,0.7781512503836436
NZ_CP084217.1,263947,≥100 kb,tRNA-,16.0,1.2304489213782739
NZ_CP085700.1,88502,<100 kb,tRNA-,1.0,0.3010299956639812
NZ_CP085933.1,167126,≥100 kb,tRNA-,1.0,0.3010299956639812
NZ_CP085862.1,57983,<100 kb,tRNA-,8.0,0.9542425094393249
NZ_CP085861.1,63589,<100 kb,tRNA-,2.0,0.47712125471966244
NZ_CP098439.1,109442,≥100 kb,tRNA-,2.0,0.47712125471966244
NZ_CP098742.1,109442,≥100 kb,tRNA-,2.0,0.47712125471966244
NZ_CP098835.1,241147,≥100 kb,tRNA-,24.0,1.3979400086720377
NZ_CP098836.1,33858,<100 kb,tRNA-,1.0,0.3010299956639812
NZ_CP100740.1,199721,≥100 kb,tRNA-,26.0,1.4313637641589874
NZ_CP100741.1,88662,<100 kb,tRNA-,3.0,0.6020599913279624
NZ_CP100692.1,11080,<100 kb,tRNA-,3.0,0.6020599913279624
NZ_CP100697.1,78306,<100 kb,tRNA-,7.0,0.9030899869919435
NZ_CP100708.1,278879,≥100 kb,tRNA-,32.0,1.5185139398778875
NZ_CP100709.1,97209,<100 kb,tRNA-,3.0,0.6020599913279624
NZ_CP100716.1,294171,≥100 kb,tRNA-,20.0,1.3222192947339193
NZ_CP100720.1,71243,<100 kb,tRNA-,6.0,0.8450980400142568
NZ_CP100733.1,161012,≥100 kb,tRNA-,13.0,1.146128035678238
NZ_CP029683.1,86805,<100 kb,tRNA-,7.0,0.9030899869919435
NZ_CP104860.1,45301,<100 kb,tRNA-,4.0,0.6989700043360189
NZ_CP104859.1,79524,<100 kb,tRNA-,3.0,0.6020599913279624
NZ_CP109830.1,107807,≥100 kb,tRNA-,4.0,0.6989700043360189
NZ_CP109826.1,39600,<100 kb,tRNA-,4.0,0.6989700043360189
NZ_CP110199.1,77789,<100 kb,tRNA-,8.0,0.9542425094393249
NZ_CP091541.1,149407,≥100 kb,tRNA-,8.0,0.9542425094393249
NZ_CP115836.1,103536,≥100 kb,tRNA-,4.0,0.6989700043360189
NZ_CP115835.1,329489,≥100 kb,tRNA-,25.0,1.414973347970818
NZ_CP091543.1,185529,≥100 kb,tRNA-,29.0,1.4771212547196624
NZ_CP117383.1,100649,≥100 kb,tRNA-,7.0,0.9030899869919435
NZ_CP117385.1,100527,≥100 kb,tRNA-,8.0,0.9542425094393249
NZ_CP117387.1,100517,≥100 kb,tRNA-,8.0,0.9542425094393249
NZ_CP117389.1,100526,≥100 kb,tRNA-,8.0,0.9542425094393249
NZ_CP117391.1,100521,≥100 kb,tRNA-,8.0,0.9542425094393249
NZ_CP117395.1,100527,≥100 kb,tRNA-,8.0,0.9542425094393249
NZ_CP117397.1,100527,≥100 kb,tRNA-,8.0,0.9542425094393249
NZ_CP117339.1,146580,≥100 kb,tRNA-,8.0,0.9542425094393249
NZ_CP123281.1,199024,≥100 kb,tRNA-,34.0,1.5440680443502757
NZ_CP123283.1,29276,<100 kb,tRNA-,3.0,0.6020599913279624
NZ_CP123925.1,286565,≥100 kb,tRNA-,11.0,1.0791812460476249
NZ_CP123926.1,12163,<100 kb,tRNA-,2.0,0.47712125471966244
NZ_CP123927.1,10047,<100 kb,tRNA-,1.0,0.3010299956639812
NZ_CP129632.1,98748,<100 kb,tRNA-,1.0,0.3010299956639812
NZ_CP129631.1,321025,≥100 kb,tRNA-,9.0,1.0
NZ_CP132198.1,8255,<100 kb,tRNA-,3.0,0.6020599913279624
NZ_CP149295.1,95631,<100 kb,tRNA-,10.0,1.0413926851582251
NZ_CP149304.1,89475,<100 kb,tRNA-,9.0,1.0
NZ_CP149308.1,120145,≥100 kb,tRNA-,7.0,0.9030899869919435
NZ_CP149309.1,102748,≥100 kb,tRNA-,5.0,0.7781512503836436
NZ_CP149313.1,120144,≥100 kb,tRNA-,7.0,0.9030899869919435
NZ_CP149314.1,108995,≥100 kb,tRNA-,6.0,0.8450980400142568
NZ_CP149318.1,98062,<100 kb,tRNA-,4.0,0.6989700043360189
NZ_CP149319.1,58440,<100 kb,tRNA-,6.0,0.8450980400142568
NZ_CP149417.1,11069,<100 kb,tRNA-,3.0,0.6020599913279624
NZ_CP149333.1,125247,≥100 kb,tRNA-,10.0,1.0413926851582251
NZ_CP149340.1,98067,<100 kb,tRNA-,4.0,0.6989700043360189
NZ_CP149341.1,58440,<100 kb,tRNA-,6.0,0.8450980400142568
NZ_CP149342.1,5310,<100 kb,tRNA-,1.0,0.3010299956639812
NZ_CP149345.1,58440,<100 kb,tRNA-,6.0,0.8450980400142568
NZ_CP149346.1,5310,<100 kb,tRNA-,1.0,0.3010299956639812
NZ_CP149351.1,115680,≥100 kb,tRNA-,4.0,0.6989700043360189
NZ_CP149354.1,296637,≥100 kb,tRNA-,5.0,0.7781512503836436
NZ_CP139426.1,147265,≥100 kb,tRNA-,20.0,1.3222192947339193
NZ_CP139428.1,70139,<100 kb,tRNA-,1.0,0.3010299956639812
NZ_CP104806.1,81266,<100 kb,tRNA-,1.0,0.3010299956639812
NZ_CP104807.1,36957,<100 kb,tRNA-,1.0,0.3010299956639812
NZ_CP104813.1,243984,≥100 kb,tRNA-,13.0,1.146128035678238
NZ_CP104821.1,164832,≥100 kb,tRNA-,8.0,0.9542425094393249
NZ_CP104830.1,232591,≥100 kb,tRNA-,13.0,1.146128035678238
NZ_CP160069.1,5770,<100 kb,tRNA-,3.0,0.6020599913279624
NZ_CP171354.1,147396,≥100 kb,tRNA-,8.0,0.9542425094393249
NZ_CP159349.1,214509,≥100 kb,tRNA-,25.0,1.414973347970818
NZ_CP159350.1,34260,<100 kb,tRNA-,1.0,0.3010299956639812
NZ_CP149336.1,248114,≥100 kb,tRNA-,12.0,1.1139433523068367
NZ_CP149329.1,11069,<100 kb,tRNA-,3.0,0.6020599913279624
NZ_CP149326.1,11069,<100 kb,tRNA-,3.0,0.6020599913279624
NZ_CP149321.1,98067,<100 kb,tRNA-,4.0,0.6989700043360189
NZ_CP149322.1,58440,<100 kb,tRNA-,7.0,0.9030899869919435
NZ_CP149323.1,5310,<100 kb,tRNA-,1.0,0.3010299956639812
NZ_CP149300.1,89476,<100 kb,tRNA-,9.0,1.0
NZ_CP185809.1,112188,≥100 kb,tRNA-,5.0,0.7781512503836436
NZ_CP186495.1,64327,<100 kb,tRNA-,3.0,0.6020599913279624
NZ_CP186494.1,24484,<100 kb,tRNA-,5.0,0.7781512503836436
NZ_CP131750.1,286967,≥100 kb,tRNA-,13.0,1.146128035678238
NZ_CP131751.1,10047,<100 kb,tRNA-,1.0,0.3010299956639812
NZ_CP131754.1,138951,≥100 kb,tRNA-,23.0,1.380211241711606
NZ_CP131758.1,104384,≥100 kb,tRNA-,4.0,0.6989700043360189
NZ_CP131759.1,10047,<100 kb,tRNA-,1.0,0.3010299956639812
NZ_CP131778.1,100517,≥100 kb,tRNA-,11.0,1.0791812460476249
NZ_LT795115.1,246444,≥100 kb,tRNA-,27.0,1.4471580313422192
NZ_OU015341.1,133718,≥100 kb,tRNA-,12.0,1.1139433523068367
NZ_OU015324.1,123084,≥100 kb,tRNA-,11.0,1.0791812460476249
NZ_OU015329.1,262389,≥100 kb,tRNA-,10.0,1.0413926851582251
NZ_OY754830.1,232110,≥100 kb,tRNA-,1.0,0.3010299956639812
NZ_OY754831.1,133900,≥100 kb,tRNA-,12.0,1.1139433523068367
NC_017329.1,6200,<100 kb,tRNA-,3.0,0.6020599913279624
NZ_AP013064.1,41517,<100 kb,tRNA-,4.0,0.6989700043360189
NZ_CP010832.1,8405,<100 kb,tRNA-,3.0,0.6020599913279624
NZ_CP014100.1,8421,<100 kb,tRNA-,2.0,0.47712125471966244
NZ_CP014101.1,8420,<100 kb,tRNA-,3.0,0.6020599913279624
NZ_CP012734.1,63412,<100 kb,tRNA-,4.0,0.6989700043360189
NZ_CP012141.1,248368,≥100 kb,tRNA-,11.0,1.0791812460476249
NZ_CP012143.1,42002,<100 kb,tRNA-,1.0,0.3010299956639812
NZ_CP012139.1,86407,<100 kb,tRNA-,14.0,1.1760912590556813
NZ_CP022359.1,193338,≥100 kb,tRNA-,11.0,1.0791812460476249
NZ_CP022456.1,87762,<100 kb,tRNA-,5.0,0.7781512503836436
NZ_CP020338.1,95633,<100 kb,tRNA-,11.0,1.0791812460476249
NZ_CP020340.1,73096,<100 kb,tRNA-,4.0,0.6989700043360189
NZ_CP020341.1,47688,<100 kb,tRNA-,3.0,0.6020599913279624
NZ_CP020344.1,78308,<100 kb,tRNA-,10.0,1.0413926851582251
NZ_CP020088.1,47674,<100 kb,tRNA-,4.0,0.6989700043360189
NZ_CP023647.1,8401,<100 kb,tRNA-,4.0,0.6989700043360189
NZ_CP030774.1,10866,<100 kb,tRNA-,3.0,0.6020599913279624
NZ_CP024467.1,54993,<100 kb,tRNA-,4.0,0.6989700043360189
NZ_CP024468.1,115922,≥100 kb,tRNA-,6.0,0.8450980400142568
NZ_CP024474.1,69554,<100 kb,tRNA-,6.0,0.8450980400142568
NZ_CP024475.1,82833,<100 kb,tRNA-,14.0,1.1760912590556813
NZ_CP026385.1,82860,<100 kb,tRNA-,13.0,1.146128035678238
NZ_CP026764.1,68319,<100 kb,tRNA-,6.0,0.8450980400142568
NZ_CP026778.1,115128,≥100 kb,tRNA-,5.0,0.7781512503836436
NZ_CP022673.1,113079,≥100 kb,tRNA-,9.0,1.0
NZ_CP032524.1,94537,<100 kb,tRNA-,3.0,0.6020599913279624
NZ_CP033574.1,167144,≥100 kb,tRNA-,16.0,1.2304489213782739
NZ_CP034068.1,8401,<100 kb,tRNA-,4.0,0.6989700043360189
NZ_CP043903.1,355688,≥100 kb,tRNA-,3.0,0.6020599913279624
NZ_CP041619.1,90682,<100 kb,tRNA-,6.0,0.8450980400142568
NZ_CP044156.1,79831,<100 kb,tRNA-,13.0,1.146128035678238
NZ_CP044159.1,59694,<100 kb,tRNA-,8.0,0.9542425094393249
NZ_CP045934.1,80987,<100 kb,tRNA-,14.0,1.1760912590556813
NZ_CP046287.1,9180,<100 kb,tRNA-,3.0,0.6020599913279624
NZ_CP045943.1,83548,<100 kb,tRNA-,13.0,1.146128035678238
NZ_CP047421.1,149553,≥100 kb,tRNA-,6.0,0.8450980400142568
NZ_CP045523.1,137368,≥100 kb,tRNA-,11.0,1.0791812460476249
NZ_CP045525.1,83273,<100 kb,tRNA-,3.0,0.6020599913279624
NZ_CP045527.1,89848,<100 kb,tRNA-,2.0,0.47712125471966244
NZ_CP034932.1,71053,<100 kb,tRNA-,5.0,0.7781512503836436
NZ_CP050314.1,231478,≥100 kb,tRNA-,7.0,0.9030899869919435
NZ_CP049166.1,74389,<100 kb,tRNA-,3.0,0.6020599913279624
NZ_CP049168.1,67713,<100 kb,tRNA-,3.0,0.6020599913279624
NZ_CP049170.1,83333,<100 kb,tRNA-,3.0,0.6020599913279624
NZ_CP049172.1,83337,<100 kb,tRNA-,3.0,0.6020599913279624
NZ_CP049186.1,83249,<100 kb,tRNA-,3.0,0.6020599913279624
NZ_CP049174.1,89387,<100 kb,tRNA-,8.0,0.9542425094393249
NZ_CP049176.1,86143,<100 kb,tRNA-,2.0,0.47712125471966244
NZ_CP049178.1,86039,<100 kb,tRNA-,2.0,0.47712125471966244
NZ_CP049180.1,86136,<100 kb,tRNA-,2.0,0.47712125471966244
NZ_CP053755.1,80217,<100 kb,tRNA-,13.0,1.146128035678238
NZ_CP053763.1,8401,<100 kb,tRNA-,4.0,0.6989700043360189
NZ_CP049607.1,68674,<100 kb,tRNA-,5.0,0.7781512503836436
NZ_CP049284.1,8379,<100 kb,tRNA-,4.0,0.6989700043360189
NZ_CP058590.1,81694,<100 kb,tRNA-,5.0,0.7781512503836436
NZ_CP061363.1,79814,<100 kb,tRNA-,5.0,0.7781512503836436
NZ_CP117175.1,3223,<100 kb,tRNA-,1.0,0.3010299956639812
NZ_CP081814.1,47219,<100 kb,tRNA-,4.0,0.6989700043360189
NZ_CP074169.1,106702,≥100 kb,tRNA-,2.0,0.47712125471966244
NZ_CP055168.1,125110,≥100 kb,tRNA-,8.0,0.9542425094393249
NZ_CP055171.1,131772,≥100 kb,tRNA-,16.0,1.2304489213782739
NZ_CP055180.1,122007,≥100 kb,tRNA-,9.0,1.0
NZ_CP054980.1,124795,≥100 kb,tRNA-,10.0,1.0413926851582251
NZ_CP054995.1,80448,<100 kb,tRNA-,16.0,1.2304489213782739
NZ_CP055001.1,132056,≥100 kb,tRNA-,16.0,1.2304489213782739
NZ_CP055016.1,183928,≥100 kb,tRNA-,10.0,1.0413926851582251
NZ_CP055017.1,35655,<100 kb,tRNA-,2.0,0.47712125471966244
NZ_CP055025.1,98457,<100 kb,tRNA-,3.0,0.6020599913279624
NZ_CP055026.1,47888,<100 kb,tRNA-,8.0,0.9542425094393249
NZ_CP055031.1,26517,<100 kb,tRNA-,3.0,0.6020599913279624
NZ_CP055042.1,87472,<100 kb,tRNA-,13.0,1.146128035678238
NZ_CP055043.1,47227,<100 kb,tRNA-,8.0,0.9542425094393249
NZ_CP055038.1,140589,≥100 kb,tRNA-,23.0,1.380211241711606
NZ_CP055039.1,72259,<100 kb,tRNA-,8.0,0.9542425094393249
NZ_CP055064.1,315105,≥100 kb,tRNA-,18.0,1.2787536009528289
NZ_CP055065.1,73882,<100 kb,tRNA-,7.0,0.9030899869919435
NZ_CP055071.1,144275,≥100 kb,tRNA-,12.0,1.1139433523068367
NZ_CP055073.1,46569,<100 kb,tRNA-,4.0,0.6989700043360189
NZ_CP055076.1,125787,≥100 kb,tRNA-,16.0,1.2304489213782739
NZ_CP055077.1,69050,<100 kb,tRNA-,5.0,0.7781512503836436
NZ_CP055182.1,103571,≥100 kb,tRNA-,14.0,1.1760912590556813
NZ_CP055183.1,35925,<100 kb,tRNA-,1.0,0.3010299956639812
NZ_CP055185.1,46569,<100 kb,tRNA-,6.0,0.8450980400142568
NZ_CP055221.1,82001,<100 kb,tRNA-,10.0,1.0413926851582251
NZ_CP055195.1,125749,≥100 kb,tRNA-,2.0,0.47712125471966244
NZ_CP055197.1,78847,<100 kb,tRNA-,6.0,0.8450980400142568
NZ_CP055200.1,137403,≥100 kb,tRNA-,17.0,1.255272505103306
NZ_CP055202.1,91691,<100 kb,tRNA-,1.0,0.3010299956639812
NZ_CP055093.1,93448,<100 kb,tRNA-,19.0,1.3010299956639813
NZ_CP055100.1,171874,≥100 kb,tRNA-,29.0,1.4771212547196624
NZ_CP055110.1,177080,≥100 kb,tRNA-,31.0,1.505149978319906
NZ_CP055114.1,131712,≥100 kb,tRNA-,15.0,1.2041199826559248
NZ_CP055115.1,91560,<100 kb,tRNA-,1.0,0.3010299956639812
NZ_CP058827.1,46569,<100 kb,tRNA-,4.0,0.6989700043360189
NZ_CP058829.1,169932,≥100 kb,tRNA-,10.0,1.0413926851582251
NZ_CP058830.1,24419,<100 kb,tRNA-,2.0,0.47712125471966244
NZ_CP058832.1,86483,<100 kb,tRNA-,20.0,1.3222192947339193
NZ_CP058834.1,98962,<100 kb,tRNA-,10.0,1.0413926851582251
NZ_CP058835.1,82975,<100 kb,tRNA-,11.0,1.0791812460476249
NZ_CP058887.1,95227,<100 kb,tRNA-,6.0,0.8450980400142568
NZ_CP058840.1,98962,<100 kb,tRNA-,10.0,1.0413926851582251
NZ_CP058841.1,76454,<100 kb,tRNA-,6.0,0.8450980400142568
NZ_CP058847.1,85837,<100 kb,tRNA-,17.0,1.255272505103306
NZ_CP058848.1,54419,<100 kb,tRNA-,3.0,0.6020599913279624
NZ_CP058854.1,122103,≥100 kb,tRNA-,9.0,1.0
NZ_CP058855.1,39362,<100 kb,tRNA-,3.0,0.6020599913279624
NZ_CP058781.1,99490,<100 kb,tRNA-,17.0,1.255272505103306
NZ_CP058782.1,54485,<100 kb,tRNA-,7.0,0.9030899869919435
NZ_CP058772.1,121463,≥100 kb,tRNA-,16.0,1.2304489213782739
NZ_CP058789.1,45031,<100 kb,tRNA-,4.0,0.6989700043360189
NZ_CP058792.1,19857,<100 kb,tRNA-,9.0,1.0
NZ_CP058797.1,53820,<100 kb,tRNA-,5.0,0.7781512503836436
NZ_CP094989.1,101193,≥100 kb,tRNA-,2.0,0.47712125471966244
NZ_CP096164.1,166090,≥100 kb,tRNA-,18.0,1.2787536009528289
NZ_CP096170.1,152348,≥100 kb,tRNA-,18.0,1.2787536009528289
NZ_CP096167.1,137224,≥100 kb,tRNA-,9.0,1.0
NZ_CP097830.1,75782,<100 kb,tRNA-,10.0,1.0413926851582251
NZ_CP097833.1,75783,<100 kb,tRNA-,9.0,1.0
NZ_CP097835.1,75781,<100 kb,tRNA-,9.0,1.0
NZ_CP097838.1,75782,<100 kb,tRNA-,9.0,1.0
NZ_CP051531.1,86727,<100 kb,tRNA-,1.0,0.3010299956639812
NZ_CP097842.1,75782,<100 kb,tRNA-,9.0,1.0
NZ_CP079717.1,206938,≥100 kb,tRNA-,23.0,1.380211241711606
NZ_CP091834.1,256918,≥100 kb,tRNA-,28.0,1.462397997898956
NZ_CP032414.1,132551,≥100 kb,tRNA-,4.0,0.6989700043360189
NZ_CP109777.1,8401,<100 kb,tRNA-,3.0,0.6020599913279624
NZ_AP026733.1,187993,≥100 kb,tRNA-,23.0,1.380211241711606
NZ_AP026734.1,152182,≥100 kb,tRNA-,2.0,0.47712125471966244
NZ_AP026736.1,24750,<100 kb,tRNA-,8.0,0.9542425094393249
NZ_CP121221.1,96218,<100 kb,tRNA-,5.0,0.7781512503836436
NZ_CP109741.1,53976,<100 kb,tRNA-,9.0,1.0
NZ_CP130062.1,150284,≥100 kb,tRNA-,9.0,1.0
NZ_CP130065.1,94752,<100 kb,tRNA-,9.0,1.0
NZ_CP115010.1,109998,≥100 kb,tRNA-,10.0,1.0413926851582251
NZ_CP115012.1,84227,<100 kb,tRNA-,6.0,0.8450980400142568
NZ_CP115013.1,52830,<100 kb,tRNA-,2.0,0.47712125471966244
NZ_CP115016.1,109998,≥100 kb,tRNA-,10.0,1.0413926851582251
NZ_CP115018.1,84227,<100 kb,tRNA-,6.0,0.8450980400142568
NZ_CP115019.1,52830,<100 kb,tRNA-,2.0,0.47712125471966244
NZ_CP138848.1,84286,<100 kb,tRNA-,8.0,0.9542425094393249
NZ_CP127083.1,76772,<100 kb,tRNA-,5.0,0.7781512503836436
NZ_CP140622.1,83425,<100 kb,tRNA-,14.0,1.1760912590556813
NZ_CP140623.1,8390,<100 kb,tRNA-,4.0,0.6989700043360189
NZ_CP149846.1,140367,≥100 kb,tRNA-,12.0,1.1139433523068367
NZ_CP143634.1,220408,≥100 kb,tRNA-,22.0,1.3617278360175928
NZ_CP143636.1,198495,≥100 kb,tRNA-,27.0,1.4471580313422192
NZ_CP151330.1,114320,≥100 kb,tRNA-,6.0,0.8450980400142568
NZ_CP151331.1,84373,<100 kb,tRNA-,5.0,0.7781512503836436
NZ_CP151325.1,117034,≥100 kb,tRNA-,6.0,0.8450980400142568
NZ_CP151326.1,84373,<100 kb,tRNA-,5.0,0.7781512503836436
NZ_CP151346.1,111620,≥100 kb,tRNA-,6.0,0.8450980400142568
NZ_CP151347.1,84373,<100 kb,tRNA-,5.0,0.7781512503836436
NZ_CP128222.1,93926,<100 kb,tRNA-,9.0,1.0
NZ_CP128223.1,66344,<100 kb,tRNA-,8.0,0.9542425094393249
NZ_CP160655.1,100996,≥100 kb,tRNA-,6.0,0.8450980400142568
NZ_CP162044.1,6768,<100 kb,tRNA-,3.0,0.6020599913279624
NZ_CP162061.1,6779,<100 kb,tRNA-,3.0,0.6020599913279624
NZ_CP162069.1,6036,<100 kb,tRNA-,1.0,0.3010299956639812
NZ_CP162076.1,7766,<100 kb,tRNA-,1.0,0.3010299956639812
NZ_CP162082.1,6036,<100 kb,tRNA-,1.0,0.3010299956639812
NZ_CP171403.1,6155,<100 kb,tRNA-,1.0,0.3010299956639812
NZ_CP119436.1,86503,<100 kb,tRNA-,4.0,0.6989700043360189
NZ_CP191462.1,113856,≥100 kb,tRNA-,8.0,0.9542425094393249
NZ_CP191463.1,55235,<100 kb,tRNA-,6.0,0.8450980400142568
NZ_LR213453.1,82887,<100 kb,tRNA-,12.0,1.1139433523068367
NZ_LR213454.1,69446,<100 kb,tRNA-,7.0,0.9030899869919435
NZ_LR213457.1,76615,<100 kb,tRNA-,10.0,1.0413926851582251
NZ_LR878367.1,72593,<100 kb,tRNA-,10.0,1.0413926851582251
NZ_LR890658.1,184703,≥100 kb,tRNA-,10.0,1.0413926851582251
NZ_OW849156.1,68707,<100 kb,tRNA-,7.0,0.9030899869919435
NZ_OW849161.1,3223,<100 kb,tRNA-,1.0,0.3010299956639812
NZ_OW849112.1,70086,<100 kb,tRNA-,5.0,0.7781512503836436
NZ_OW849113.1,3223,<100 kb,tRNA-,1.0,0.3010299956639812
NZ_OW849492.1,194555,≥100 kb,tRNA-,5.0,0.7781512503836436
NZ_OW849493.1,79391,<100 kb,tRNA-,5.0,0.7781512503836436
NZ_OW849496.1,3223,<100 kb,tRNA-,1.0,0.3010299956639812
NZ_OW967954.1,63589,<100 kb,tRNA-,2.0,0.47712125471966244
NZ_OW967831.1,63570,<100 kb,tRNA-,2.0,0.47712125471966244
NZ_OW968017.1,63570,<100 kb,tRNA-,2.0,0.47712125471966244
NZ_OW967879.1,65499,<100 kb,tRNA-,2.0,0.47712125471966244
NZ_OX291479.1,3223,<100 kb,tRNA-,1.0,0.3010299956639812
NZ_OX291531.1,3223,<100 kb,tRNA-,1.0,0.3010299956639812
NZ_OX291539.1,3223,<100 kb,tRNA-,1.0,0.3010299956639812
NZ_OX291589.1,3223,<100 kb,tRNA-,1.0,0.3010299956639812
NZ_OX291708.1,3223,<100 kb,tRNA-,1.0,0.3010299956639812
NZ_OX291774.1,3223,<100 kb,tRNA-,1.0,0.3010299956639812
NZ_OX461108.1,3223,<100 kb,tRNA-,1.0,0.3010299956639812
NC_003037.1,1354226,≥100 kb,tRNA+,2.0,0.47712125471966244
NC_003078.1,1683333,≥100 kb,tRNA+,3.0,0.6020599913279624
NC_009620.1,1570951,≥100 kb,tRNA+,2.0,0.47712125471966244
NC_009345.1,8401,<100 kb,tRNA-,4.0,0.6989700043360189
NC_017324.1,1616209,≥100 kb,tRNA+,2.0,0.47712125471966244
NC_017323.1,1690594,≥100 kb,tRNA+,3.0,0.6020599913279624
NC_017327.1,1633319,≥100 kb,tRNA+,2.0,0.47712125471966244
NC_017326.1,1632395,≥100 kb,tRNA+,3.0,0.6020599913279624
NC_018683.1,1559666,≥100 kb,tRNA+,3.0,0.6020599913279624
NC_018701.1,1664896,≥100 kb,tRNA+,3.0,0.6020599913279624
NC_019849.2,1701381,≥100 kb,tRNA+,3.0,0.6020599913279624
NC_020527.1,1352561,≥100 kb,tRNA+,2.0,0.47712125471966244
NC_020560.1,1683348,≥100 kb,tRNA+,3.0,0.6020599913279624
NC_020562.1,172140,≥100 kb,tRNA-,1.0,0.3010299956639812
NZ_CP013054.1,2249899,≥100 kb,tRNA-,2.0,0.47712125471966244
NZ_CP009145.1,1466845,≥100 kb,tRNA+,2.0,0.47712125471966244
NZ_CP009146.1,1617037,≥100 kb,tRNA+,3.0,0.6020599913279624
NZ_CP021217.1,1613292,≥100 kb,tRNA+,2.0,0.47712125471966244
NZ_CP021218.1,1686813,≥100 kb,tRNA+,3.0,0.6020599913279624
NZ_CP005085.1,520614,≥100 kb,tRNA-,1.0,0.3010299956639812
NZ_CP015738.1,445803,≥100 kb,tRNA-,2.0,0.47712125471966244
NZ_CP016452.1,2220160,≥100 kb,tRNA-,4.0,0.6989700043360189
NZ_CP020539.1,959196,≥100 kb,tRNA+,2.0,0.47712125471966244
NZ_CP020541.1,39633,<100 kb,tRNA-,1.0,0.3010299956639812
NZ_CP021809.1,1549593,≥100 kb,tRNA+,3.0,0.6020599913279624
NZ_CP021810.1,1665079,≥100 kb,tRNA+,3.0,0.6020599913279624
NZ_CP021794.1,1433621,≥100 kb,tRNA+,2.0,0.47712125471966244
NZ_CP021795.1,1700327,≥100 kb,tRNA+,3.0,0.6020599913279624
NZ_CP021813.1,1454983,≥100 kb,tRNA+,2.0,0.47712125471966244
NZ_CP021814.1,1694441,≥100 kb,tRNA+,3.0,0.6020599913279624
NZ_CP021798.1,1363628,≥100 kb,tRNA+,2.0,0.47712125471966244
NZ_CP021799.1,1680729,≥100 kb,tRNA+,3.0,0.6020599913279624
NZ_CP021828.1,1624370,≥100 kb,tRNA+,3.0,0.6020599913279624
NZ_CP021819.1,892745,≥100 kb,tRNA-,2.0,0.47712125471966244
NZ_CP021820.1,1681904,≥100 kb,tRNA+,3.0,0.6020599913279624
NZ_CP021805.1,1423499,≥100 kb,tRNA+,2.0,0.47712125471966244
NZ_CP021806.1,1646425,≥100 kb,tRNA+,3.0,0.6020599913279624
NZ_CP021831.1,1628141,≥100 kb,tRNA+,3.0,0.6020599913279624
NZ_CP021801.1,1412628,≥100 kb,tRNA+,2.0,0.47712125471966244
NZ_CP021802.1,2011522,≥100 kb,tRNA+,3.0,0.6020599913279624
NZ_CP021824.1,1597380,≥100 kb,tRNA+,2.0,0.47712125471966244
NZ_CP021823.1,1683883,≥100 kb,tRNA+,3.0,0.6020599913279624
NZ_CP019586.1,1639840,≥100 kb,tRNA+,3.0,0.6020599913279624
NZ_CP019484.1,1584717,≥100 kb,tRNA+,3.0,0.6020599913279624
NZ_CP019487.1,1573992,≥100 kb,tRNA+,3.0,0.6020599913279624
NZ_CP027670.1,140077,≥100 kb,tRNA-,3.0,0.6020599913279624
NZ_CP029988.1,72676,<100 kb,tRNA-,4.0,0.6989700043360189
NZ_AP018520.1,214196,≥100 kb,tRNA-,2.0,0.47712125471966244
NZ_CP033227.1,505328,≥100 kb,tRNA-,4.0,0.6989700043360189
NZ_CP033229.1,59573,<100 kb,tRNA-,2.0,0.47712125471966244
NZ_CP026526.1,1506823,≥100 kb,tRNA+,2.0,0.47712125471966244
NZ_CP026527.1,1676618,≥100 kb,tRNA+,3.0,0.6020599913279624
NZ_CP046254.1,168214,≥100 kb,tRNA-,2.0,0.47712125471966244
NZ_CP041239.1,436172,≥100 kb,tRNA-,2.0,0.47712125471966244
NZ_CP041241.1,1933675,≥100 kb,tRNA+,2.0,0.47712125471966244
NZ_CP060123.1,232139,≥100 kb,tRNA-,1.0,0.3010299956639812
NZ_CP065021.1,1514798,≥100 kb,tRNA+,2.0,0.47712125471966244
NZ_CP065022.1,1716787,≥100 kb,tRNA+,3.0,0.6020599913279624
NZ_CP066361.1,1580177,≥100 kb,tRNA+,3.0,0.6020599913279624
NZ_CP066358.1,1719217,≥100 kb,tRNA+,3.0,0.6020599913279624
NZ_CP067421.1,821558,≥100 kb,tRNA-,2.0,0.47712125471966244
NZ_CP068087.1,2109,<100 kb,tRNA-,1.0,0.3010299956639812
NZ_CP068225.1,4273,<100 kb,tRNA-,1.0,0.3010299956639812
NZ_CP086113.1,529001,≥100 kb,tRNA-,2.0,0.47712125471966244
NZ_CP069303.1,4605385,≥100 kb,tRNA+,9.0,1.0
NZ_CP044012.1,1138596,≥100 kb,tRNA+,2.0,0.47712125471966244
NZ_CP149871.1,1583446,≥100 kb,tRNA+,2.0,0.47712125471966244
NZ_CP085527.1,1217792,≥100 kb,tRNA+,2.0,0.47712125471966244
NZ_CP085528.1,1645902,≥100 kb,tRNA+,3.0,0.6020599913279624
NZ_CP088110.1,1551681,≥100 kb,tRNA+,2.0,0.47712125471966244
NZ_CP088114.1,1607182,≥100 kb,tRNA+,3.0,0.6020599913279624
NZ_CP088115.1,1289339,≥100 kb,tRNA+,2.0,0.47712125471966244
NZ_CP093338.1,892686,≥100 kb,tRNA-,1.0,0.3010299956639812
NZ_CP093339.1,396096,≥100 kb,tRNA-,2.0,0.47712125471966244
NZ_CP093529.1,422312,≥100 kb,tRNA-,2.0,0.47712125471966244
NZ_CP081988.1,1888955,≥100 kb,tRNA-,2.0,0.47712125471966244
NZ_CP084411.1,35165,<100 kb,tRNA-,2.0,0.47712125471966244
NZ_CP102386.1,227036,≥100 kb,tRNA-,1.0,0.3010299956639812
NZ_CP102387.1,36803,<100 kb,tRNA-,1.0,0.3010299956639812
NZ_CP104148.1,1534656,≥100 kb,tRNA+,2.0,0.47712125471966244
NZ_CP094932.1,17468,<100 kb,tRNA-,9.0,1.0
NZ_CP110112.1,257344,≥100 kb,tRNA+,2.0,0.47712125471966244
NZ_CP104129.1,1695771,≥100 kb,tRNA+,2.0,0.47712125471966244
NZ_CP104131.1,3521393,≥100 kb,tRNA+,7.0,0.9030899869919435
NZ_CP104133.1,1695711,≥100 kb,tRNA+,2.0,0.47712125471966244
NZ_CP104135.1,3521547,≥100 kb,tRNA+,7.0,0.9030899869919435
NZ_CP121660.1,2093508,≥100 kb,tRNA+,2.0,0.47712125471966244
NZ_CP123005.1,1592319,≥100 kb,tRNA+,2.0,0.47712125471966244
NZ_CP123006.1,1662188,≥100 kb,tRNA+,2.0,0.47712125471966244
NZ_CP123862.1,57796,<100 kb,tRNA-,8.0,0.9542425094393249
NZ_CP120366.1,1418903,≥100 kb,tRNA+,2.0,0.47712125471966244
NZ_CP120364.1,1543136,≥100 kb,tRNA+,3.0,0.6020599913279624
NZ_CP119128.1,449985,≥100 kb,tRNA-,3.0,0.6020599913279624
NZ_CP132303.1,1465988,≥100 kb,tRNA-,3.0,0.6020599913279624
NZ_CP132315.1,1924368,≥100 kb,tRNA+,3.0,0.6020599913279624
NZ_CP131131.1,1891767,≥100 kb,tRNA+,2.0,0.47712125471966244
NZ_CP140893.1,1538203,≥100 kb,tRNA+,2.0,0.47712125471966244
NZ_CP140897.1,1592858,≥100 kb,tRNA+,2.0,0.47712125471966244
NZ_CP140918.1,1540116,≥100 kb,tRNA+,2.0,0.47712125471966244
NZ_CP140904.1,1562646,≥100 kb,tRNA+,2.0,0.47712125471966244
NZ_CP140926.1,1559714,≥100 kb,tRNA+,2.0,0.47712125471966244
NZ_CP140932.1,1512545,≥100 kb,tRNA+,2.0,0.47712125471966244
NZ_CP140968.1,1580747,≥100 kb,tRNA+,2.0,0.47712125471966244
NZ_CP140299.1,1418903,≥100 kb,tRNA+,2.0,0.47712125471966244
NZ_CP140300.1,1657699,≥100 kb,tRNA+,3.0,0.6020599913279624
NZ_CP141213.1,1820429,≥100 kb,tRNA+,2.0,0.47712125471966244
NZ_CP158133.1,1059202,≥100 kb,tRNA+,2.0,0.47712125471966244
NZ_CP144672.1,78386,<100 kb,tRNA-,2.0,0.47712125471966244
NZ_CP133152.1,1633160,≥100 kb,tRNA+,2.0,0.47712125471966244
NZ_CP146207.1,1606862,≥100 kb,tRNA+,3.0,0.6020599913279624
NZ_CP146209.1,1667934,≥100 kb,tRNA+,3.0,0.6020599913279624
NZ_CP146290.1,100423,≥100 kb,tRNA-,3.0,0.6020599913279624
NZ_CP146289.1,10216,<100 kb,tRNA-,6.0,0.8450980400142568
NZ_CP146295.1,107673,≥100 kb,tRNA-,6.0,0.8450980400142568
NZ_CP146296.1,8362,<100 kb,tRNA-,4.0,0.6989700043360189
NZ_CP148090.1,1680067,≥100 kb,tRNA+,3.0,0.6020599913279624
NZ_CP151296.1,108737,≥100 kb,tRNA-,5.0,0.7781512503836436
NZ_CP151302.1,106388,≥100 kb,tRNA-,4.0,0.6989700043360189
NZ_CP151303.1,8401,<100 kb,tRNA-,4.0,0.6989700043360189
NZ_CP151315.1,81766,<100 kb,tRNA-,5.0,0.7781512503836436
NZ_CP151316.1,8378,<100 kb,tRNA-,4.0,0.6989700043360189
NZ_CP151335.1,111597,≥100 kb,tRNA-,7.0,0.9030899869919435
NZ_CP151336.1,8401,<100 kb,tRNA-,4.0,0.6989700043360189
NZ_CP151350.1,111597,≥100 kb,tRNA-,7.0,0.9030899869919435
NZ_CP151351.1,8412,<100 kb,tRNA-,4.0,0.6989700043360189
NZ_CP151365.1,107674,≥100 kb,tRNA-,6.0,0.8450980400142568
NZ_CP151366.1,8379,<100 kb,tRNA-,4.0,0.6989700043360189
NZ_CP151358.1,103010,≥100 kb,tRNA-,4.0,0.6989700043360189
NZ_CP151359.1,77957,<100 kb,tRNA-,9.0,1.0
NZ_CP151393.1,104284,≥100 kb,tRNA-,4.0,0.6989700043360189
NZ_CP151394.1,8401,<100 kb,tRNA-,4.0,0.6989700043360189
NZ_CP151373.1,104284,≥100 kb,tRNA-,4.0,0.6989700043360189
NZ_CP151375.1,8401,<100 kb,tRNA-,4.0,0.6989700043360189
NZ_CP151385.1,113731,≥100 kb,tRNA-,7.0,0.9030899869919435
NZ_CP151386.1,8401,<100 kb,tRNA-,4.0,0.6989700043360189
NZ_CP101724.1,143601,≥100 kb,tRNA-,2.0,0.47712125471966244
NZ_CP166839.1,1328750,≥100 kb,tRNA+,2.0,0.47712125471966244
NZ_CP166838.1,1712122,≥100 kb,tRNA+,3.0,0.6020599913279624
NZ_CP166836.1,1328750,≥100 kb,tRNA+,2.0,0.47712125471966244
NZ_CP166835.1,1712122,≥100 kb,tRNA+,3.0,0.6020599913279624
NZ_CP135243.1,1600864,≥100 kb,tRNA+,3.0,0.6020599913279624
NZ_CP176664.1,8401,<100 kb,tRNA-,4.0,0.6989700043360189
NZ_CP178399.1,133533,≥100 kb,tRNA-,2.0,0.47712125471966244
NZ_CP159616.1,844458,≥100 kb,tRNA+,2.0,0.47712125471966244
NZ_CP191784.1,239968,≥100 kb,tRNA-,1.0,0.3010299956639812
NZ_CP191788.1,125003,≥100 kb,tRNA-,1.0,0.3010299956639812
NZ_OZ000534.1,362552,≥100 kb,tRNA-,1.0,0.3010299956639812
NZ_OZ000535.1,348572,≥100 kb,tRNA+,2.0,0.47712125471966244
NZ_OZ012600.1,348572,≥100 kb,tRNA+,2.0,0.47712125471966244
NZ_OZ012601.1,220271,≥100 kb,tRNA-,1.0,0.3010299956639812
NC_016942.1,24853,<100 kb,tRNA-,2.0,0.47712125471966244
NC_021657.1,2908,<100 kb,tRNA-,1.0,0.3010299956639812
NZ_CP007500.1,32406,<100 kb,tRNA-,2.0,0.47712125471966244
NZ_CP026963.1,61643,<100 kb,tRNA-,4.0,0.6989700043360189
NZ_CP026081.1,28102,<100 kb,tRNA-,6.0,0.8450980400142568
NZ_CP026078.1,31954,<100 kb,tRNA-,1.0,0.3010299956639812
NZ_CP007671.1,20409,<100 kb,tRNA-,1.0,0.3010299956639812
NZ_CP007675.1,25025,<100 kb,tRNA-,1.0,0.3010299956639812
NZ_CP007673.1,25054,<100 kb,tRNA-,1.0,0.3010299956639812
NZ_CP007679.1,33093,<100 kb,tRNA-,3.0,0.6020599913279624
NZ_CP007658.1,43396,<100 kb,tRNA-,6.0,0.8450980400142568
NZ_CP012118.2,27043,<100 kb,tRNA-,7.0,0.9030899869919435
NZ_CP012121.2,61539,<100 kb,tRNA-,7.0,0.9030899869919435
NZ_CP012594.1,55713,<100 kb,tRNA-,8.0,0.9542425094393249
NZ_CP010891.1,27273,<100 kb,tRNA-,1.0,0.3010299956639812
NZ_CP010403.1,28895,<100 kb,tRNA-,3.0,0.6020599913279624
NZ_CP010404.1,2473,<100 kb,tRNA-,5.0,0.7781512503836436
NZ_CP012757.1,42747,<100 kb,tRNA-,2.0,0.47712125471966244
NZ_CP013617.1,2362,<100 kb,tRNA-,5.0,0.7781512503836436
NZ_CP012016.1,2903,<100 kb,tRNA-,1.0,0.3010299956639812
NZ_CP012014.1,2757,<100 kb,tRNA-,1.0,0.3010299956639812
NZ_CP012017.1,2895,<100 kb,tRNA-,1.0,0.3010299956639812
NZ_AP017321.1,55980,<100 kb,tRNA-,4.0,0.6989700043360189
NZ_CP014063.1,37980,<100 kb,tRNA-,1.0,0.3010299956639812
NZ_CP012980.1,20720,<100 kb,tRNA-,1.0,0.3010299956639812
NZ_CP012977.1,17307,<100 kb,tRNA-,1.0,0.3010299956639812
NZ_CP012975.1,17307,<100 kb,tRNA-,1.0,0.3010299956639812
NZ_CP012973.1,20633,<100 kb,tRNA-,1.0,0.3010299956639812
NZ_CP012971.1,20633,<100 kb,tRNA-,1.0,0.3010299956639812
NZ_CP015175.1,3085,<100 kb,tRNA-,1.0,0.3010299956639812
NZ_CP013956.1,24657,<100 kb,tRNA-,1.0,0.3010299956639812
NZ_CP013960.1,43115,<100 kb,tRNA-,1.0,0.3010299956639812
NZ_CP016854.1,53799,<100 kb,tRNA-,8.0,0.9542425094393249
NZ_CP016859.1,21841,<100 kb,tRNA-,2.0,0.47712125471966244
NZ_CP016857.1,37941,<100 kb,tRNA-,8.0,0.9542425094393249
NZ_CP016860.1,61505,<100 kb,tRNA-,7.0,0.9030899869919435
NZ_CP016862.1,27067,<100 kb,tRNA-,7.0,0.9030899869919435
NZ_CP017095.1,32660,<100 kb,tRNA-,8.0,0.9542425094393249
NZ_CP025497.1,61505,<100 kb,tRNA-,7.0,0.9030899869919435
NZ_CP014695.1,7190,<100 kb,tRNA-,1.0,0.3010299956639812
NZ_CP014694.1,2361,<100 kb,tRNA-,1.0,0.3010299956639812
NZ_CP009425.1,27068,<100 kb,tRNA-,6.0,0.8450980400142568
NZ_CP018767.1,26856,<100 kb,tRNA-,7.0,0.9030899869919435
NZ_CP018769.1,27270,<100 kb,tRNA-,1.0,0.3010299956639812
NZ_CP019564.1,20658,<100 kb,tRNA-,1.0,0.3010299956639812
NZ_CP019565.1,2473,<100 kb,tRNA-,5.0,0.7781512503836436
NZ_CP019566.1,2622,<100 kb,tRNA-,1.0,0.3010299956639812
NZ_CP019567.1,4817,<100 kb,tRNA-,1.0,0.3010299956639812
NZ_CP014394.1,25980,<100 kb,tRNA-,8.0,0.9542425094393249
NZ_CP014395.1,2473,<100 kb,tRNA-,5.0,0.7781512503836436
NZ_CP014399.1,25980,<100 kb,tRNA-,8.0,0.9542425094393249
NZ_CP014400.1,2473,<100 kb,tRNA-,5.0,0.7781512503836436
NZ_CP014404.1,25980,<100 kb,tRNA-,8.0,0.9542425094393249
NZ_CP014405.1,2473,<100 kb,tRNA-,5.0,0.7781512503836436
NZ_CP014408.1,27098,<100 kb,tRNA-,5.0,0.7781512503836436
NZ_CP014411.1,27068,<100 kb,tRNA-,6.0,0.8450980400142568
NZ_CP014414.1,27068,<100 kb,tRNA-,6.0,0.8450980400142568
NZ_CP014416.1,27098,<100 kb,tRNA-,5.0,0.7781512503836436
NZ_CP014417.1,2415,<100 kb,tRNA-,5.0,0.7781512503836436
NZ_CP014418.1,3567,<100 kb,tRNA-,1.0,0.3010299956639812
NZ_CP014422.1,27068,<100 kb,tRNA-,6.0,0.8450980400142568
NZ_CP014428.1,27068,<100 kb,tRNA-,6.0,0.8450980400142568
NZ_CP014425.1,27068,<100 kb,tRNA-,6.0,0.8450980400142568
NZ_CP014431.1,27068,<100 kb,tRNA-,6.0,0.8450980400142568
NZ_CP014434.1,27079,<100 kb,tRNA-,6.0,0.8450980400142568
NZ_CP014437.1,27068,<100 kb,tRNA-,6.0,0.8450980400142568
NZ_CP014440.1,27079,<100 kb,tRNA-,6.0,0.8450980400142568
NZ_CP014443.1,27079,<100 kb,tRNA-,6.0,0.8450980400142568
NZ_CP014445.1,27098,<100 kb,tRNA-,5.0,0.7781512503836436
NZ_CP014446.1,2415,<100 kb,tRNA-,5.0,0.7781512503836436
NZ_CP014447.1,3567,<100 kb,tRNA-,1.0,0.3010299956639812
NZ_CP015818.1,35415,<100 kb,tRNA-,6.0,0.8450980400142568
NZ_AP014922.1,32580,<100 kb,tRNA-,1.0,0.3010299956639812
NZ_CP017683.1,39249,<100 kb,tRNA-,5.0,0.7781512503836436
NZ_CP017681.1,20653,<100 kb,tRNA-,1.0,0.3010299956639812
NZ_CP017678.1,27264,<100 kb,tRNA-,1.0,0.3010299956639812
NZ_CP024999.1,20730,<100 kb,tRNA-,1.0,0.3010299956639812
NZ_CP025250.1,26757,<100 kb,tRNA-,2.0,0.47712125471966244
NZ_CP020355.1,35269,<100 kb,tRNA-,7.0,0.9030899869919435
NZ_CP028164.1,45885,<100 kb,tRNA-,10.0,1.0413926851582251
NZ_CP023562.1,31340,<100 kb,tRNA-,1.0,0.3010299956639812
NZ_CP029079.1,24653,<100 kb,tRNA-,1.0,0.3010299956639812
NZ_CP029081.1,27246,<100 kb,tRNA-,1.0,0.3010299956639812
NZ_CP029083.1,20730,<100 kb,tRNA-,1.0,0.3010299956639812
NZ_CP029085.1,27267,<100 kb,tRNA-,1.0,0.3010299956639812
NZ_CP029167.1,27887,<100 kb,tRNA-,1.0,0.3010299956639812
NZ_CP029165.1,2495,<100 kb,tRNA-,5.0,0.7781512503836436
NZ_CP029168.1,4203,<100 kb,tRNA-,5.0,0.7781512503836436
NZ_CP029171.1,2627,<100 kb,tRNA-,1.0,0.3010299956639812
NZ_CP029648.1,2473,<100 kb,tRNA-,5.0,0.7781512503836436
NZ_CP029674.1,25109,<100 kb,tRNA-,2.0,0.47712125471966244
NZ_CP029677.1,27067,<100 kb,tRNA-,6.0,0.8450980400142568
NZ_CP029650.1,40931,<100 kb,tRNA-,1.0,0.3010299956639812
NZ_CP029659.1,27244,<100 kb,tRNA-,1.0,0.3010299956639812
NZ_CP029666.1,27063,<100 kb,tRNA-,6.0,0.8450980400142568
NZ_CP029654.1,27267,<100 kb,tRNA-,1.0,0.3010299956639812
NZ_CP029679.1,27267,<100 kb,tRNA-,1.0,0.3010299956639812
NZ_CP029665.1,26984,<100 kb,tRNA-,5.0,0.7781512503836436
NZ_CP029656.1,27245,<100 kb,tRNA-,1.0,0.3010299956639812
NZ_CP029661.1,28166,<100 kb,tRNA-,3.0,0.6020599913279624
NZ_CP029662.1,27238,<100 kb,tRNA-,1.0,0.3010299956639812
NZ_CP029670.1,27276,<100 kb,tRNA-,1.0,0.3010299956639812
NZ_CP029672.1,27269,<100 kb,tRNA-,1.0,0.3010299956639812
NZ_CP030324.1,27168,<100 kb,tRNA-,7.0,0.9030899869919435
NZ_CP030325.1,30429,<100 kb,tRNA-,2.0,0.47712125471966244
NZ_CP022719.1,20730,<100 kb,tRNA-,1.0,0.3010299956639812
NZ_CP022721.1,20730,<100 kb,tRNA-,1.0,0.3010299956639812
NZ_CP022907.1,27573,<100 kb,tRNA-,2.0,0.47712125471966244
NZ_CP022909.1,26240,<100 kb,tRNA-,2.0,0.47712125471966244
NZ_CP031668.1,18320,<100 kb,tRNA-,1.0,0.3010299956639812
NZ_CP031669.1,2241,<100 kb,tRNA-,1.0,0.3010299956639812
NZ_CP031671.1,18320,<100 kb,tRNA-,1.0,0.3010299956639812
NZ_CP031672.1,2241,<100 kb,tRNA-,1.0,0.3010299956639812
NZ_AP018924.1,21326,<100 kb,tRNA-,1.0,0.3010299956639812
NZ_CP014364.1,27068,<100 kb,tRNA-,6.0,0.8450980400142568
NZ_CP014367.1,27068,<100 kb,tRNA-,6.0,0.8450980400142568
NZ_CP014370.1,27068,<100 kb,tRNA-,6.0,0.8450980400142568
NZ_CP014373.1,25980,<100 kb,tRNA-,8.0,0.9542425094393249
NZ_CP014374.1,2473,<100 kb,tRNA-,5.0,0.7781512503836436
NZ_CP014378.1,25980,<100 kb,tRNA-,8.0,0.9542425094393249
NZ_CP014379.1,2473,<100 kb,tRNA-,5.0,0.7781512503836436
NZ_CP014383.1,27068,<100 kb,tRNA-,6.0,0.8450980400142568
NZ_CP014386.1,26135,<100 kb,tRNA-,6.0,0.8450980400142568
NZ_CP014389.1,25980,<100 kb,tRNA-,8.0,0.9542425094393249
NZ_CP014390.1,2473,<100 kb,tRNA-,5.0,0.7781512503836436
NZ_CP029475.1,27086,<100 kb,tRNA-,1.0,0.3010299956639812
NZ_CP035792.1,27267,<100 kb,tRNA-,1.0,0.3010299956639812
NZ_CP040620.1,41710,<100 kb,tRNA-,6.0,0.8450980400142568
NZ_CP040621.1,27068,<100 kb,tRNA-,7.0,0.9030899869919435
NZ_CP040561.1,37585,<100 kb,tRNA-,6.0,0.8450980400142568
NZ_CP040624.1,27267,<100 kb,tRNA-,1.0,0.3010299956639812
NZ_CP040666.1,27267,<100 kb,tRNA-,1.0,0.3010299956639812
NZ_CP040802.1,25946,<100 kb,tRNA-,2.0,0.47712125471966244
NZ_CP041009.1,32188,<100 kb,tRNA-,1.0,0.3010299956639812
NZ_AP019752.1,51624,<100 kb,tRNA-,3.0,0.6020599913279624
NZ_CP168755.1,27267,<100 kb,tRNA-,1.0,0.3010299956639812
NZ_CP042006.1,4979,<100 kb,tRNA-,1.0,0.3010299956639812
NZ_CP042004.1,46487,<100 kb,tRNA-,1.0,0.3010299956639812
NZ_CP042047.1,75938,<100 kb,tRNA-,2.0,0.47712125471966244
NZ_CP042287.1,21570,<100 kb,tRNA-,1.0,0.3010299956639812
NZ_CP043387.1,4439,<100 kb,tRNA-,1.0,0.3010299956639812
NZ_CP043393.1,4439,<100 kb,tRNA-,1.0,0.3010299956639812
NZ_CP043390.1,4439,<100 kb,tRNA-,1.0,0.3010299956639812
NZ_CP031889.1,27068,<100 kb,tRNA-,7.0,0.9030899869919435
NZ_CP031891.1,27068,<100 kb,tRNA-,7.0,0.9030899869919435
NZ_CP039449.1,29324,<100 kb,tRNA-,2.0,0.47712125471966244
NZ_CP031887.1,59051,<100 kb,tRNA+,4.0,0.6989700043360189
NZ_CP043303.1,40628,<100 kb,tRNA-,8.0,0.9542425094393249
NZ_AP020325.1,30220,<100 kb,tRNA-,1.0,0.3010299956639812
NZ_AP020312.1,32574,<100 kb,tRNA-,1.0,0.3010299956639812
NZ_AP020314.1,34268,<100 kb,tRNA-,3.0,0.6020599913279624
NZ_AP020319.1,34268,<100 kb,tRNA-,3.0,0.6020599913279624
NZ_AP020321.1,30217,<100 kb,tRNA-,1.0,0.3010299956639812
NZ_CP044105.1,22780,<100 kb,tRNA-,7.0,0.9030899869919435
NZ_AP020323.1,20547,<100 kb,tRNA-,2.0,0.47712125471966244
NZ_AP019544.1,23184,<100 kb,tRNA-,3.0,0.6020599913279624
NZ_AP019546.1,21014,<100 kb,tRNA-,3.0,0.6020599913279624
NZ_CP045867.1,27265,<100 kb,tRNA-,1.0,0.3010299956639812
NZ_CP082337.1,43042,<100 kb,tRNA-,1.0,0.3010299956639812
NZ_CP089541.1,219293,≥100 kb,tRNA-,2.0,0.47712125471966244
NZ_CP092073.1,20644,<100 kb,tRNA-,1.0,0.3010299956639812
NZ_CP083806.1,34870,<100 kb,tRNA-,1.0,0.3010299956639812
NZ_CP083807.1,20644,<100 kb,tRNA-,1.0,0.3010299956639812
NZ_CP096113.1,25332,<100 kb,tRNA-,1.0,0.3010299956639812
NZ_CP086575.1,20646,<100 kb,tRNA-,1.0,0.3010299956639812
NZ_CP086573.1,20644,<100 kb,tRNA-,1.0,0.3010299956639812
NZ_CP086571.1,24446,<100 kb,tRNA-,1.0,0.3010299956639812
NZ_CP097888.1,38498,<100 kb,tRNA-,9.0,1.0
NZ_CP097893.1,2531,<100 kb,tRNA-,1.0,0.3010299956639812
NZ_CP045473.1,25960,<100 kb,tRNA-,2.0,0.47712125471966244
NZ_CP033113.1,2405,<100 kb,tRNA-,1.0,0.3010299956639812
NZ_CP033115.1,2684,<100 kb,tRNA-,1.0,0.3010299956639812
NZ_CP033980.1,3785,<100 kb,tRNA-,1.0,0.3010299956639812
NZ_CP033981.1,25519,<100 kb,tRNA-,1.0,0.3010299956639812
NZ_CP033985.1,3785,<100 kb,tRNA-,1.0,0.3010299956639812
NZ_CP033986.1,25519,<100 kb,tRNA-,1.0,0.3010299956639812
NZ_CP033995.1,4525,<100 kb,tRNA-,1.0,0.3010299956639812
NZ_CP033975.1,3785,<100 kb,tRNA-,1.0,0.3010299956639812
NZ_CP033976.1,25519,<100 kb,tRNA-,1.0,0.3010299956639812
NZ_CP033998.1,4525,<100 kb,tRNA-,1.0,0.3010299956639812
NZ_CP034001.1,4525,<100 kb,tRNA-,1.0,0.3010299956639812
NZ_CP034004.1,4525,<100 kb,tRNA-,1.0,0.3010299956639812
NZ_CP034010.1,4525,<100 kb,tRNA-,1.0,0.3010299956639812
NZ_CP034013.1,4525,<100 kb,tRNA-,1.0,0.3010299956639812
NZ_CP033989.1,4525,<100 kb,tRNA-,1.0,0.3010299956639812
NZ_CP034258.1,4525,<100 kb,tRNA-,1.0,0.3010299956639812
NZ_CP043844.1,20729,<100 kb,tRNA-,1.0,0.3010299956639812
NZ_CP034007.1,4525,<100 kb,tRNA-,1.0,0.3010299956639812
NZ_CP047322.1,2473,<100 kb,tRNA-,5.0,0.7781512503836436
NZ_CP047812.1,20730,<100 kb,tRNA-,1.0,0.3010299956639812
NZ_CP047818.1,27265,<100 kb,tRNA-,1.0,0.3010299956639812
NZ_CP047821.1,27406,<100 kb,tRNA-,1.0,0.3010299956639812
NZ_CP047823.1,3085,<100 kb,tRNA-,1.0,0.3010299956639812
NZ_CP047827.1,20731,<100 kb,tRNA-,1.0,0.3010299956639812
NZ_CP047829.1,20730,<100 kb,tRNA-,1.0,0.3010299956639812
NZ_CP047816.1,2473,<100 kb,tRNA-,5.0,0.7781512503836436
NZ_CP047836.1,17328,<100 kb,tRNA-,1.0,0.3010299956639812
NZ_CP047832.1,2476,<100 kb,tRNA-,5.0,0.7781512503836436
NZ_CP047838.1,20654,<100 kb,tRNA-,1.0,0.3010299956639812
NZ_CP047840.1,25502,<100 kb,tRNA-,1.0,0.3010299956639812
NZ_CP047844.1,20730,<100 kb,tRNA-,1.0,0.3010299956639812
NZ_CP047846.1,20651,<100 kb,tRNA-,1.0,0.3010299956639812
NZ_CP047850.1,25704,<100 kb,tRNA-,1.0,0.3010299956639812
NZ_CP047858.1,27268,<100 kb,tRNA-,1.0,0.3010299956639812
NZ_CP047866.1,27266,<100 kb,tRNA-,1.0,0.3010299956639812
NZ_CP047853.1,17297,<100 kb,tRNA-,1.0,0.3010299956639812
NZ_CP047860.1,27268,<100 kb,tRNA-,1.0,0.3010299956639812
NZ_CP047855.1,27159,<100 kb,tRNA-,1.0,0.3010299956639812
NZ_CP047862.1,27267,<100 kb,tRNA-,1.0,0.3010299956639812
NZ_CP047864.1,27268,<100 kb,tRNA-,1.0,0.3010299956639812
NZ_CP047810.1,27353,<100 kb,tRNA-,1.0,0.3010299956639812
NZ_CP152421.1,39709,<100 kb,tRNA-,3.0,0.6020599913279624
NZ_CP048644.1,39500,<100 kb,tRNA-,7.0,0.9030899869919435
NZ_CP048645.1,28040,<100 kb,tRNA-,5.0,0.7781512503836436
NZ_CP048646.1,24637,<100 kb,tRNA-,1.0,0.3010299956639812
NZ_CP047022.1,19760,<100 kb,tRNA-,1.0,0.3010299956639812
NZ_CP038230.1,19758,<100 kb,tRNA-,1.0,0.3010299956639812
NZ_CP053076.1,25664,<100 kb,tRNA-,8.0,0.9542425094393249
NZ_CP053186.1,20736,<100 kb,tRNA-,1.0,0.3010299956639812
NZ_CP053184.1,25960,<100 kb,tRNA-,1.0,0.3010299956639812
NZ_CP053637.1,25430,<100 kb,tRNA-,6.0,0.8450980400142568
NZ_CP053641.1,27268,<100 kb,tRNA-,1.0,0.3010299956639812
NZ_CP053354.1,54059,<100 kb,tRNA-,8.0,0.9542425094393249
NZ_CP053355.1,27057,<100 kb,tRNA-,1.0,0.3010299956639812
NZ_CP053638.1,27018,<100 kb,tRNA-,5.0,0.7781512503836436
NZ_CP038184.1,34949,<100 kb,tRNA-,4.0,0.6989700043360189
NZ_CP058314.1,2348,<100 kb,tRNA-,5.0,0.7781512503836436
NZ_AP023035.1,25058,<100 kb,tRNA-,1.0,0.3010299956639812
NZ_CP045436.1,32212,<100 kb,tRNA-,3.0,0.6020599913279624
NZ_CP058616.1,2473,<100 kb,tRNA-,5.0,0.7781512503836436
NZ_CP058614.1,2473,<100 kb,tRNA-,5.0,0.7781512503836436
NZ_CP065195.1,37510,<100 kb,tRNA-,1.0,0.3010299956639812
NZ_CP065198.1,2362,<100 kb,tRNA-,5.0,0.7781512503836436
NZ_CP065516.1,39212,<100 kb,tRNA-,7.0,0.9030899869919435
NZ_AP024171.1,24653,<100 kb,tRNA-,1.0,0.3010299956639812
NZ_CP068144.1,19758,<100 kb,tRNA-,1.0,0.3010299956639812
NZ_CP069471.1,32634,<100 kb,tRNA-,8.0,0.9542425094393249
NZ_CP069566.1,32653,<100 kb,tRNA-,8.0,0.9542425094393249
NZ_CP069800.1,2539,<100 kb,tRNA-,1.0,0.3010299956639812
NZ_CP070987.1,19830,<100 kb,tRNA-,1.0,0.3010299956639812
NZ_CP070988.1,2473,<100 kb,tRNA-,5.0,0.7781512503836436
NZ_CP070984.1,20730,<100 kb,tRNA-,1.0,0.3010299956639812
NZ_CP060279.1,46979,<100 kb,tRNA-,1.0,0.3010299956639812
NZ_CP071101.1,2762,<100 kb,tRNA-,1.0,0.3010299956639812
NZ_CP071106.1,2921,<100 kb,tRNA-,1.0,0.3010299956639812
NZ_CP047923.1,39227,<100 kb,tRNA-,7.0,0.9030899869919435
NZ_CP047925.1,39227,<100 kb,tRNA-,7.0,0.9030899869919435
NZ_AP024512.1,20501,<100 kb,tRNA-,1.0,0.3010299956639812
NZ_CP076840.1,15048,<100 kb,tRNA-,5.0,0.7781512503836436
NZ_CP080561.1,25109,<100 kb,tRNA-,2.0,0.47712125471966244
NZ_CP080563.1,25109,<100 kb,tRNA-,2.0,0.47712125471966244
NZ_CP080557.1,42253,<100 kb,tRNA-,4.0,0.6989700043360189
NZ_CP080558.1,19845,<100 kb,tRNA-,5.0,0.7781512503836436
NZ_CP080554.1,23058,<100 kb,tRNA-,7.0,0.9030899869919435
NZ_CP080549.1,24653,<100 kb,tRNA-,1.0,0.3010299956639812
NZ_CP080567.1,24653,<100 kb,tRNA-,1.0,0.3010299956639812
NZ_CP080771.1,20724,<100 kb,tRNA-,1.0,0.3010299956639812
NZ_AP024312.1,3785,<100 kb,tRNA-,1.0,0.3010299956639812
NZ_AP024314.1,3785,<100 kb,tRNA-,1.0,0.3010299956639812
NZ_AP024316.1,20731,<100 kb,tRNA-,1.0,0.3010299956639812
NZ_AP024319.1,20722,<100 kb,tRNA-,1.0,0.3010299956639812
NZ_CP081355.1,27068,<100 kb,tRNA-,6.0,0.8450980400142568
NZ_CP082790.1,38056,<100 kb,tRNA-,3.0,0.6020599913279624
NZ_CP077743.1,11899,<100 kb,tRNA-,6.0,0.8450980400142568
NZ_CP083261.1,2465,<100 kb,tRNA-,5.0,0.7781512503836436
NZ_CP083435.1,22961,<100 kb,tRNA-,2.0,0.47712125471966244
NZ_CP083672.1,20732,<100 kb,tRNA-,1.0,0.3010299956639812
NZ_CP083729.1,27440,<100 kb,tRNA-,1.0,0.3010299956639812
NZ_CP098728.1,42928,<100 kb,tRNA-,7.0,0.9030899869919435
NZ_CP098730.1,2473,<100 kb,tRNA-,5.0,0.7781512503836436
NZ_CP077934.1,28425,<100 kb,tRNA-,1.0,0.3010299956639812
NZ_CP077935.1,256180,≥100 kb,tRNA+,3.0,0.6020599913279624
NZ_CP077876.1,28395,<100 kb,tRNA-,1.0,0.3010299956639812
NZ_CP077879.1,28395,<100 kb,tRNA-,1.0,0.3010299956639812
NZ_CP077881.1,28395,<100 kb,tRNA-,1.0,0.3010299956639812
NZ_CP077887.1,28358,<100 kb,tRNA-,1.0,0.3010299956639812
NZ_CP077886.1,28979,<100 kb,tRNA-,1.0,0.3010299956639812
NZ_CP077909.1,46752,<100 kb,tRNA-,2.0,0.47712125471966244
NZ_CP077927.1,33926,<100 kb,tRNA-,4.0,0.6989700043360189
NZ_CP099507.1,2360,<100 kb,tRNA-,1.0,0.3010299956639812
NZ_CP099505.1,20723,<100 kb,tRNA-,1.0,0.3010299956639812
NZ_CP099503.1,24655,<100 kb,tRNA-,1.0,0.3010299956639812
NZ_CP099501.1,2360,<100 kb,tRNA-,1.0,0.3010299956639812
NZ_CP099509.1,22489,<100 kb,tRNA-,1.0,0.3010299956639812
NZ_CP099496.1,24654,<100 kb,tRNA-,1.0,0.3010299956639812
NZ_CP099498.1,2360,<100 kb,tRNA-,1.0,0.3010299956639812
NZ_AP024204.1,24496,<100 kb,tRNA-,1.0,0.3010299956639812
NZ_CP116910.1,41081,<100 kb,tRNA-,5.0,0.7781512503836436
NZ_CP089155.1,20730,<100 kb,tRNA-,1.0,0.3010299956639812
NZ_CP089158.1,30818,<100 kb,tRNA-,1.0,0.3010299956639812
NZ_CP089160.1,21089,<100 kb,tRNA-,5.0,0.7781512503836436
NZ_CP089163.1,21807,<100 kb,tRNA-,1.0,0.3010299956639812
NZ_CP089164.1,20721,<100 kb,tRNA-,1.0,0.3010299956639812
NZ_CP089166.1,28953,<100 kb,tRNA-,7.0,0.9030899869919435
NZ_CP089587.1,26732,<100 kb,tRNA-,1.0,0.3010299956639812
NZ_CP068683.1,17697,<100 kb,tRNA-,1.0,0.3010299956639812
NZ_CP091413.1,24653,<100 kb,tRNA-,1.0,0.3010299956639812
NZ_CP091877.2,16592,<100 kb,tRNA-,1.0,0.3010299956639812
NZ_CP080252.1,20729,<100 kb,tRNA-,1.0,0.3010299956639812
NZ_CP092053.1,13162,<100 kb,tRNA-,1.0,0.3010299956639812
NZ_CP062315.1,27035,<100 kb,tRNA-,6.0,0.8450980400142568
NZ_CP062313.1,17329,<100 kb,tRNA-,1.0,0.3010299956639812
NZ_CP062319.1,24654,<100 kb,tRNA-,1.0,0.3010299956639812
NZ_CP062321.1,27068,<100 kb,tRNA-,6.0,0.8450980400142568
NZ_CP062323.1,20691,<100 kb,tRNA-,1.0,0.3010299956639812
NZ_CP062325.1,27068,<100 kb,tRNA-,7.0,0.9030899869919435
NZ_CP062328.1,20730,<100 kb,tRNA-,1.0,0.3010299956639812
NZ_CP062332.1,13162,<100 kb,tRNA-,1.0,0.3010299956639812
NZ_CP062337.1,20730,<100 kb,tRNA-,1.0,0.3010299956639812
NZ_CP062335.1,20691,<100 kb,tRNA-,1.0,0.3010299956639812
NZ_CP062341.1,20721,<100 kb,tRNA-,1.0,0.3010299956639812
NZ_CP062343.1,20691,<100 kb,tRNA-,1.0,0.3010299956639812
NZ_CP062345.1,17329,<100 kb,tRNA-,1.0,0.3010299956639812
NZ_CP062349.1,20653,<100 kb,tRNA-,1.0,0.3010299956639812
NZ_CP062351.1,16691,<100 kb,tRNA-,3.0,0.6020599913279624
NZ_CP062355.1,20680,<100 kb,tRNA-,1.0,0.3010299956639812
NZ_CP062359.1,27268,<100 kb,tRNA-,1.0,0.3010299956639812
NZ_CP062365.1,27473,<100 kb,tRNA-,1.0,0.3010299956639812
NZ_CP062367.1,27068,<100 kb,tRNA-,7.0,0.9030899869919435
NZ_CP062369.1,27268,<100 kb,tRNA-,1.0,0.3010299956639812
NZ_CP062371.1,27267,<100 kb,tRNA-,1.0,0.3010299956639812
NZ_CP062374.1,3566,<100 kb,tRNA-,1.0,0.3010299956639812
NZ_CP062375.1,2366,<100 kb,tRNA-,5.0,0.7781512503836436
NZ_CP062377.1,19781,<100 kb,tRNA-,1.0,0.3010299956639812
NZ_CP062379.1,27265,<100 kb,tRNA-,1.0,0.3010299956639812
NZ_CP062385.1,20730,<100 kb,tRNA-,1.0,0.3010299956639812
NZ_CP062389.1,27269,<100 kb,tRNA-,1.0,0.3010299956639812
NZ_CP062392.1,24655,<100 kb,tRNA-,1.0,0.3010299956639812
NZ_CP062394.1,27439,<100 kb,tRNA-,1.0,0.3010299956639812
NZ_CP092826.1,25884,<100 kb,tRNA-,2.0,0.47712125471966244
NZ_CP092557.1,24653,<100 kb,tRNA-,1.0,0.3010299956639812
NZ_CP092559.1,78566,<100 kb,tRNA-,16.0,1.2304489213782739
NZ_CP092560.1,24653,<100 kb,tRNA-,1.0,0.3010299956639812
NZ_CP092562.1,24653,<100 kb,tRNA-,1.0,0.3010299956639812
NZ_CP092564.1,24653,<100 kb,tRNA-,1.0,0.3010299956639812
NZ_CP092566.1,24653,<100 kb,tRNA-,1.0,0.3010299956639812
NZ_CP092568.1,24652,<100 kb,tRNA-,1.0,0.3010299956639812
NZ_CP092539.1,24653,<100 kb,tRNA-,1.0,0.3010299956639812
NZ_CP092541.1,24653,<100 kb,tRNA-,1.0,0.3010299956639812
NZ_CP092543.1,24653,<100 kb,tRNA-,1.0,0.3010299956639812
NZ_CP092582.1,24653,<100 kb,tRNA-,1.0,0.3010299956639812
NZ_CP092545.1,78567,<100 kb,tRNA-,17.0,1.255272505103306
NZ_CP092546.1,24653,<100 kb,tRNA-,1.0,0.3010299956639812
NZ_CP092548.1,78566,<100 kb,tRNA-,16.0,1.2304489213782739
NZ_CP092549.1,24653,<100 kb,tRNA-,1.0,0.3010299956639812
NZ_CP092551.1,24653,<100 kb,tRNA-,1.0,0.3010299956639812
NZ_CP092553.1,24653,<100 kb,tRNA-,1.0,0.3010299956639812
NZ_CP092555.1,24653,<100 kb,tRNA-,1.0,0.3010299956639812
NZ_CP093931.1,36923,<100 kb,tRNA-,1.0,0.3010299956639812
NZ_CP094444.1,48552,<100 kb,tRNA-,2.0,0.47712125471966244
NZ_CP094856.1,2402,<100 kb,tRNA-,5.0,0.7781512503836436
NZ_CP094858.1,46979,<100 kb,tRNA-,1.0,0.3010299956639812
NZ_CP094854.1,2402,<100 kb,tRNA-,5.0,0.7781512503836436
NZ_CP064390.1,32188,<100 kb,tRNA-,2.0,0.47712125471966244
NZ_CP078522.1,46979,<100 kb,tRNA-,1.0,0.3010299956639812
NZ_AP025684.1,24495,<100 kb,tRNA-,1.0,0.3010299956639812
NZ_AP025694.1,40253,<100 kb,tRNA-,1.0,0.3010299956639812
NZ_AP025695.1,17851,<100 kb,tRNA-,4.0,0.6989700043360189
NZ_CP091524.1,2483,<100 kb,tRNA-,5.0,0.7781512503836436
NZ_CP094664.1,27265,<100 kb,tRNA-,1.0,0.3010299956639812
NZ_CP099577.1,16683,<100 kb,tRNA-,1.0,0.3010299956639812
NZ_CP091526.1,36202,<100 kb,tRNA-,3.0,0.6020599913279624
NZ_AP024725.1,20465,<100 kb,tRNA-,1.0,0.3010299956639812
NZ_AP024727.1,21326,<100 kb,tRNA-,1.0,0.3010299956639812
NZ_AP024729.1,21326,<100 kb,tRNA-,1.0,0.3010299956639812
NZ_AP024731.1,21326,<100 kb,tRNA-,1.0,0.3010299956639812
NZ_AP024733.1,21326,<100 kb,tRNA-,1.0,0.3010299956639812
NZ_AP024735.1,18532,<100 kb,tRNA-,1.0,0.3010299956639812
NZ_AP024737.1,21326,<100 kb,tRNA-,1.0,0.3010299956639812
NZ_AP024739.1,40197,<100 kb,tRNA-,1.0,0.3010299956639812
NZ_AP024740.1,21326,<100 kb,tRNA-,1.0,0.3010299956639812
NZ_AP024743.1,23724,<100 kb,tRNA-,1.0,0.3010299956639812
NZ_AP024744.1,21326,<100 kb,tRNA-,1.0,0.3010299956639812
NZ_CP104021.1,27068,<100 kb,tRNA-,7.0,0.9030899869919435
NZ_CP103861.1,27068,<100 kb,tRNA-,7.0,0.9030899869919435
NZ_CP094749.1,4443,<100 kb,tRNA-,1.0,0.3010299956639812
NZ_CP094754.1,4504,<100 kb,tRNA-,1.0,0.3010299956639812
NZ_CP094756.1,4729,<100 kb,tRNA-,1.0,0.3010299956639812
NZ_CP094767.1,4740,<100 kb,tRNA-,1.0,0.3010299956639812
NZ_CP095114.1,4468,<100 kb,tRNA-,1.0,0.3010299956639812
NZ_CP032822.1,24655,<100 kb,tRNA-,1.0,0.3010299956639812
NZ_CP096523.1,37279,<100 kb,tRNA-,7.0,0.9030899869919435
NZ_CP096527.1,34523,<100 kb,tRNA-,1.0,0.3010299956639812
NZ_CP096529.1,35612,<100 kb,tRNA-,7.0,0.9030899869919435
NZ_CP096531.1,37004,<100 kb,tRNA-,1.0,0.3010299956639812
NZ_CP096533.1,39628,<100 kb,tRNA-,10.0,1.0413926851582251
NZ_CP096534.1,2361,<100 kb,tRNA-,1.0,0.3010299956639812
NZ_CP096536.1,38430,<100 kb,tRNA-,7.0,0.9030899869919435
NZ_CP096538.1,2407,<100 kb,tRNA-,5.0,0.7781512503836436
NZ_CP096541.1,13757,<100 kb,tRNA-,12.0,1.1139433523068367
NZ_CP113008.1,41657,<100 kb,tRNA-,2.0,0.47712125471966244
NZ_CP113010.1,37869,<100 kb,tRNA-,1.0,0.3010299956639812
NZ_CP113023.1,34956,<100 kb,tRNA-,7.0,0.9030899869919435
NZ_CP113017.1,29813,<100 kb,tRNA-,5.0,0.7781512503836436
NZ_CP113020.1,39805,<100 kb,tRNA-,1.0,0.3010299956639812
NZ_CP113026.1,22927,<100 kb,tRNA-,1.0,0.3010299956639812
NZ_CP113025.1,20414,<100 kb,tRNA-,1.0,0.3010299956639812
NZ_CP113024.1,20181,<100 kb,tRNA-,1.0,0.3010299956639812
NZ_CP113028.1,27068,<100 kb,tRNA-,7.0,0.9030899869919435
NZ_CP113033.1,20267,<100 kb,tRNA-,1.0,0.3010299956639812
NZ_CP113034.1,17606,<100 kb,tRNA-,1.0,0.3010299956639812
NZ_CP113030.1,17850,<100 kb,tRNA-,1.0,0.3010299956639812
NZ_CP113038.1,25943,<100 kb,tRNA-,2.0,0.47712125471966244
NZ_CP113036.1,34598,<100 kb,tRNA-,7.0,0.9030899869919435
NZ_CP113035.1,26336,<100 kb,tRNA-,2.0,0.47712125471966244
NZ_CP113043.1,54230,<100 kb,tRNA-,9.0,1.0
NZ_CP113045.1,36673,<100 kb,tRNA-,6.0,0.8450980400142568
NZ_CP113048.1,35294,<100 kb,tRNA-,6.0,0.8450980400142568
NZ_CP113050.1,22943,<100 kb,tRNA-,1.0,0.3010299956639812
NZ_CP113232.1,20673,<100 kb,tRNA-,5.0,0.7781512503836436
NZ_CP115888.1,2473,<100 kb,tRNA-,5.0,0.7781512503836436
NZ_CP096273.1,32359,<100 kb,tRNA-,3.0,0.6020599913279624
NZ_CP117205.1,27080,<100 kb,tRNA-,7.0,0.9030899869919435
NZ_CP117237.1,27269,<100 kb,tRNA-,1.0,0.3010299956639812
NZ_CP117241.1,4326,<100 kb,tRNA-,1.0,0.3010299956639812
NZ_CP117243.1,4439,<100 kb,tRNA-,1.0,0.3010299956639812
NZ_CP117240.1,30891,<100 kb,tRNA-,1.0,0.3010299956639812
NZ_CP117239.1,15773,<100 kb,tRNA-,1.0,0.3010299956639812
NZ_CP117980.1,5925,<100 kb,tRNA-,2.0,0.47712125471966244
NZ_CP119114.1,2391,<100 kb,tRNA-,5.0,0.7781512503836436
NZ_CP119110.1,45608,<100 kb,tRNA-,10.0,1.0413926851582251
NZ_CP119112.1,2271,<100 kb,tRNA-,1.0,0.3010299956639812
NZ_CP090408.1,52881,<100 kb,tRNA-,8.0,0.9542425094393249
NZ_CP119342.1,41208,<100 kb,tRNA-,1.0,0.3010299956639812
NZ_CP119345.1,27498,<100 kb,tRNA-,8.0,0.9542425094393249
NZ_CP118831.1,19761,<100 kb,tRNA-,1.0,0.3010299956639812
NZ_CP118833.1,19760,<100 kb,tRNA-,1.0,0.3010299956639812
NZ_CP118836.1,19760,<100 kb,tRNA-,1.0,0.3010299956639812
NZ_CP125896.1,31309,<100 kb,tRNA-,1.0,0.3010299956639812
NZ_CP125898.1,20460,<100 kb,tRNA-,4.0,0.6989700043360189
NZ_CP109934.1,28243,<100 kb,tRNA-,5.0,0.7781512503836436
NZ_CP109935.1,24652,<100 kb,tRNA-,1.0,0.3010299956639812
NZ_CP127020.1,27322,<100 kb,tRNA-,1.0,0.3010299956639812
NZ_CP127022.1,27322,<100 kb,tRNA-,1.0,0.3010299956639812
NZ_CP127023.1,34996,<100 kb,tRNA-,6.0,0.8450980400142568
NZ_CP127018.1,27438,<100 kb,tRNA-,1.0,0.3010299956639812
NZ_CP156698.1,27267,<100 kb,tRNA-,1.0,0.3010299956639812
NZ_CP156985.1,24403,<100 kb,tRNA-,1.0,0.3010299956639812
NZ_CP156696.1,24451,<100 kb,tRNA-,1.0,0.3010299956639812
NZ_CP165775.1,27069,<100 kb,tRNA-,7.0,0.9030899869919435
NZ_CP165639.1,24654,<100 kb,tRNA-,1.0,0.3010299956639812
NZ_CP165643.1,27268,<100 kb,tRNA-,1.0,0.3010299956639812
NZ_CP165779.1,27067,<100 kb,tRNA-,6.0,0.8450980400142568
NZ_CP162116.1,27268,<100 kb,tRNA-,1.0,0.3010299956639812
NZ_CP162117.1,2462,<100 kb,tRNA-,5.0,0.7781512503836436
NZ_CP162114.1,24654,<100 kb,tRNA-,1.0,0.3010299956639812
NZ_CP165635.1,20403,<100 kb,tRNA-,1.0,0.3010299956639812
NZ_CP165637.1,32592,<100 kb,tRNA-,3.0,0.6020599913279624
NZ_CP115475.1,25430,<100 kb,tRNA-,7.0,0.9030899869919435
NZ_CP130506.1,42526,<100 kb,tRNA-,7.0,0.9030899869919435
NZ_CP130511.1,42533,<100 kb,tRNA-,7.0,0.9030899869919435
NZ_CP130514.1,20641,<100 kb,tRNA-,1.0,0.3010299956639812
NZ_CP130519.1,25958,<100 kb,tRNA-,2.0,0.47712125471966244
NZ_CP130521.1,25959,<100 kb,tRNA-,2.0,0.47712125471966244
NZ_CP130527.1,43336,<100 kb,tRNA-,2.0,0.47712125471966244
NZ_CP130535.1,42914,<100 kb,tRNA-,1.0,0.3010299956639812
NZ_CP130546.1,42533,<100 kb,tRNA-,7.0,0.9030899869919435
NZ_CP130548.1,20637,<100 kb,tRNA-,1.0,0.3010299956639812
NZ_CP132025.1,34901,<100 kb,tRNA-,5.0,0.7781512503836436
NZ_CP132030.1,35038,<100 kb,tRNA-,5.0,0.7781512503836436
NZ_CP132032.1,34981,<100 kb,tRNA-,5.0,0.7781512503836436
NZ_CP132034.1,35037,<100 kb,tRNA-,5.0,0.7781512503836436
NZ_CP132373.1,28895,<100 kb,tRNA-,1.0,0.3010299956639812
NZ_CP132364.1,2230,<100 kb,tRNA-,1.0,0.3010299956639812
NZ_CP132366.1,81560,<100 kb,tRNA-,9.0,1.0
NZ_CP132363.1,27270,<100 kb,tRNA-,1.0,0.3010299956639812
NZ_CP132370.1,22815,<100 kb,tRNA-,3.0,0.6020599913279624
NZ_CP132369.1,36305,<100 kb,tRNA-,1.0,0.3010299956639812
NZ_CP133443.1,2276,<100 kb,tRNA-,1.0,0.3010299956639812
NZ_CP133444.1,2908,<100 kb,tRNA-,1.0,0.3010299956639812
NZ_CP133661.1,42831,<100 kb,tRNA-,2.0,0.47712125471966244
NZ_CP134069.1,27826,<100 kb,tRNA-,2.0,0.47712125471966244
NZ_CP134535.1,25109,<100 kb,tRNA-,1.0,0.3010299956639812
NZ_CP134802.1,24654,<100 kb,tRNA-,1.0,0.3010299956639812
NZ_CP136526.1,4439,<100 kb,tRNA-,1.0,0.3010299956639812
NZ_CP136525.1,37136,<100 kb,tRNA-,6.0,0.8450980400142568
NZ_CP136530.1,4439,<100 kb,tRNA-,1.0,0.3010299956639812
NZ_CP136529.1,37136,<100 kb,tRNA-,6.0,0.8450980400142568
NZ_CP135967.1,3044,<100 kb,tRNA-,1.0,0.3010299956639812
NZ_CP138456.2,2473,<100 kb,tRNA-,5.0,0.7781512503836436
NZ_CP152411.1,27068,<100 kb,tRNA-,6.0,0.8450980400142568
NZ_CP138567.1,34997,<100 kb,tRNA-,6.0,0.8450980400142568
NZ_CP165633.1,41213,<100 kb,tRNA-,7.0,0.9030899869919435
NZ_CP120168.1,43859,<100 kb,tRNA-,1.0,0.3010299956639812
NZ_CP120171.1,40206,<100 kb,tRNA-,1.0,0.3010299956639812
NZ_CP120175.1,33701,<100 kb,tRNA-,1.0,0.3010299956639812
NZ_CP120198.1,33700,<100 kb,tRNA-,1.0,0.3010299956639812
NZ_CP120183.1,33647,<100 kb,tRNA-,1.0,0.3010299956639812
NZ_CP120202.1,39930,<100 kb,tRNA-,1.0,0.3010299956639812
NZ_CP120122.1,33911,<100 kb,tRNA-,1.0,0.3010299956639812
NZ_CP129358.1,42033,<100 kb,tRNA-,1.0,0.3010299956639812
NZ_CP120080.1,33701,<100 kb,tRNA-,1.0,0.3010299956639812
NZ_CP120094.1,33700,<100 kb,tRNA-,1.0,0.3010299956639812
NZ_CP120097.1,43010,<100 kb,tRNA-,1.0,0.3010299956639812
NZ_CP120109.1,38825,<100 kb,tRNA-,1.0,0.3010299956639812
NZ_CP120112.1,33770,<100 kb,tRNA-,1.0,0.3010299956639812
NZ_CP120116.1,33706,<100 kb,tRNA-,1.0,0.3010299956639812
NZ_CP120119.1,33647,<100 kb,tRNA-,1.0,0.3010299956639812
NZ_CP120133.1,33701,<100 kb,tRNA-,1.0,0.3010299956639812
NZ_CP120126.1,45948,<100 kb,tRNA-,1.0,0.3010299956639812
NZ_CP120135.1,33777,<100 kb,tRNA-,1.0,0.3010299956639812
NZ_CP120144.1,33934,<100 kb,tRNA-,1.0,0.3010299956639812
NZ_CP120153.1,33676,<100 kb,tRNA-,1.0,0.3010299956639812
NZ_CP120163.1,37595,<100 kb,tRNA-,1.0,0.3010299956639812
NZ_CP129353.1,36291,<100 kb,tRNA-,1.0,0.3010299956639812
NZ_CP120002.1,20730,<100 kb,tRNA-,1.0,0.3010299956639812
NZ_CP120003.1,4451,<100 kb,tRNA-,1.0,0.3010299956639812
NZ_CP120010.1,20707,<100 kb,tRNA-,1.0,0.3010299956639812
NZ_CP120005.1,20727,<100 kb,tRNA-,1.0,0.3010299956639812
NZ_CP120006.1,4441,<100 kb,tRNA-,1.0,0.3010299956639812
NZ_CP120012.1,20730,<100 kb,tRNA-,1.0,0.3010299956639812
NZ_CP120015.1,20724,<100 kb,tRNA-,1.0,0.3010299956639812
NZ_CP120016.1,4439,<100 kb,tRNA-,1.0,0.3010299956639812
NZ_CP120018.1,44067,<100 kb,tRNA-,1.0,0.3010299956639812
NZ_CP120021.1,20730,<100 kb,tRNA-,1.0,0.3010299956639812
NZ_CP120024.1,20729,<100 kb,tRNA-,1.0,0.3010299956639812
NZ_CP120026.1,20730,<100 kb,tRNA-,1.0,0.3010299956639812
NZ_CP120031.1,41716,<100 kb,tRNA-,1.0,0.3010299956639812
NZ_CP120034.1,33647,<100 kb,tRNA-,1.0,0.3010299956639812
NZ_CP120037.1,20730,<100 kb,tRNA-,1.0,0.3010299956639812
NZ_CP120039.1,33371,<100 kb,tRNA-,1.0,0.3010299956639812
NZ_CP120042.1,39161,<100 kb,tRNA-,1.0,0.3010299956639812
NZ_CP120045.1,41456,<100 kb,tRNA-,1.0,0.3010299956639812
NZ_CP120048.1,33677,<100 kb,tRNA-,1.0,0.3010299956639812
NZ_CP120051.1,33649,<100 kb,tRNA-,1.0,0.3010299956639812
NZ_CP120068.1,36030,<100 kb,tRNA-,1.0,0.3010299956639812
NZ_CP120071.1,33427,<100 kb,tRNA-,1.0,0.3010299956639812
NZ_CP152122.1,27079,<100 kb,tRNA-,6.0,0.8450980400142568
NZ_CP169951.1,27098,<100 kb,tRNA-,6.0,0.8450980400142568
NZ_CP120058.1,36291,<100 kb,tRNA-,1.0,0.3010299956639812
NZ_CP139867.1,19762,<100 kb,tRNA-,1.0,0.3010299956639812
NZ_CP160636.1,27267,<100 kb,tRNA-,1.0,0.3010299956639812
NZ_CP169948.1,34343,<100 kb,tRNA-,5.0,0.7781512503836436
NZ_CP169946.1,27067,<100 kb,tRNA-,6.0,0.8450980400142568
NZ_CP120054.1,38657,<100 kb,tRNA-,1.0,0.3010299956639812
NZ_CP159431.1,20642,<100 kb,tRNA-,1.0,0.3010299956639812
NZ_CP152311.1,27265,<100 kb,tRNA-,1.0,0.3010299956639812
NZ_CP157421.1,2473,<100 kb,tRNA-,5.0,0.7781512503836436
NZ_CP157422.1,34344,<100 kb,tRNA-,5.0,0.7781512503836436
NZ_CP085319.1,35294,<100 kb,tRNA-,7.0,0.9030899869919435
NZ_CP085321.1,29583,<100 kb,tRNA-,2.0,0.47712125471966244
NZ_CP134619.1,23740,<100 kb,tRNA-,1.0,0.3010299956639812
NZ_CP138665.1,20446,<100 kb,tRNA-,1.0,0.3010299956639812
NZ_CP138668.1,20721,<100 kb,tRNA-,1.0,0.3010299956639812
NZ_CP154498.1,37655,<100 kb,tRNA-,6.0,0.8450980400142568
NZ_CP158668.1,30084,<100 kb,tRNA-,5.0,0.7781512503836436
NZ_CP154862.1,27269,<100 kb,tRNA-,1.0,0.3010299956639812
NZ_CP154864.1,27269,<100 kb,tRNA-,1.0,0.3010299956639812
NZ_CP146216.1,27332,<100 kb,tRNA-,1.0,0.3010299956639812
NZ_CP146211.1,20879,<100 kb,tRNA-,1.0,0.3010299956639812
NZ_CP146212.1,19784,<100 kb,tRNA-,1.0,0.3010299956639812
NZ_CP146214.1,21414,<100 kb,tRNA-,1.0,0.3010299956639812
NZ_CP157311.1,2505,<100 kb,tRNA-,1.0,0.3010299956639812
NZ_CP157313.1,27069,<100 kb,tRNA-,6.0,0.8450980400142568
NZ_CP157309.1,36446,<100 kb,tRNA-,8.0,0.9542425094393249
NZ_CP157774.1,20653,<100 kb,tRNA-,1.0,0.3010299956639812
NZ_CP157775.1,3567,<100 kb,tRNA-,1.0,0.3010299956639812
NZ_CP157307.1,30083,<100 kb,tRNA-,5.0,0.7781512503836436
NZ_CP157770.1,24653,<100 kb,tRNA-,1.0,0.3010299956639812
NZ_CP156039.1,27069,<100 kb,tRNA-,6.0,0.8450980400142568
NZ_CP152315.1,27268,<100 kb,tRNA-,1.0,0.3010299956639812
NZ_CP158489.1,27269,<100 kb,tRNA-,1.0,0.3010299956639812
NZ_CP157772.1,2537,<100 kb,tRNA-,1.0,0.3010299956639812
NZ_CP159799.1,27035,<100 kb,tRNA-,6.0,0.8450980400142568
NZ_CP160482.1,20403,<100 kb,tRNA-,1.0,0.3010299956639812
NZ_CP147507.1,14517,<100 kb,tRNA-,1.0,0.3010299956639812
NZ_CP147692.1,27068,<100 kb,tRNA-,6.0,0.8450980400142568
NZ_CP147689.1,2469,<100 kb,tRNA-,5.0,0.7781512503836436
NZ_CP147695.1,27068,<100 kb,tRNA-,6.0,0.8450980400142568
NZ_CP147832.1,23062,<100 kb,tRNA-,5.0,0.7781512503836436
NZ_CP147873.1,33648,<100 kb,tRNA-,6.0,0.8450980400142568
NZ_CP148077.1,27068,<100 kb,tRNA-,6.0,0.8450980400142568
NZ_CP148080.1,27068,<100 kb,tRNA-,6.0,0.8450980400142568
NZ_CP149462.1,28985,<100 kb,tRNA-,1.0,0.3010299956639812
NZ_CP149809.1,27004,<100 kb,tRNA-,6.0,0.8450980400142568
NZ_CP149806.1,20653,<100 kb,tRNA-,1.0,0.3010299956639812
NZ_CP149938.1,25925,<100 kb,tRNA-,6.0,0.8450980400142568
NZ_CP143801.1,20403,<100 kb,tRNA-,1.0,0.3010299956639812
NZ_CP150654.1,11451,<100 kb,tRNA-,1.0,0.3010299956639812
NZ_CP150652.1,4350,<100 kb,tRNA-,1.0,0.3010299956639812
NZ_CP150653.1,2188,<100 kb,tRNA-,1.0,0.3010299956639812
NZ_CP150656.1,14477,<100 kb,tRNA-,1.0,0.3010299956639812
NZ_CP150655.1,39287,<100 kb,tRNA-,7.0,0.9030899869919435
NZ_CP150658.1,13163,<100 kb,tRNA-,1.0,0.3010299956639812
NZ_CP150728.1,21326,<100 kb,tRNA-,1.0,0.3010299956639812
NZ_CP150730.1,21326,<100 kb,tRNA-,1.0,0.3010299956639812
NZ_CP150732.1,21326,<100 kb,tRNA-,1.0,0.3010299956639812
NZ_CP150736.1,40446,<100 kb,tRNA-,2.0,0.47712125471966244
NZ_CP150738.1,41460,<100 kb,tRNA-,2.0,0.47712125471966244
NZ_CP150740.1,30215,<100 kb,tRNA-,1.0,0.3010299956639812
NZ_CP150745.1,13580,<100 kb,tRNA-,2.0,0.47712125471966244
NZ_CP150746.1,7432,<100 kb,tRNA-,1.0,0.3010299956639812
NZ_CP150889.1,27268,<100 kb,tRNA-,1.0,0.3010299956639812
NZ_CP150890.1,3567,<100 kb,tRNA-,1.0,0.3010299956639812
NZ_CP150894.1,24313,<100 kb,tRNA-,6.0,0.8450980400142568
NZ_CP151141.1,2383,<100 kb,tRNA-,5.0,0.7781512503836436
NZ_CP151143.1,27099,<100 kb,tRNA-,6.0,0.8450980400142568
NZ_CP151114.1,24652,<100 kb,tRNA-,1.0,0.3010299956639812
NZ_CP151120.1,25430,<100 kb,tRNA-,7.0,0.9030899869919435
NZ_CP151116.1,2462,<100 kb,tRNA-,5.0,0.7781512503836436
NZ_CP151117.1,27257,<100 kb,tRNA-,1.0,0.3010299956639812
NZ_CP151145.1,23061,<100 kb,tRNA-,6.0,0.8450980400142568
NZ_CP151128.1,20730,<100 kb,tRNA-,1.0,0.3010299956639812
NZ_CP151126.1,13364,<100 kb,tRNA-,1.0,0.3010299956639812
NZ_CP151148.1,60647,<100 kb,tRNA-,4.0,0.6989700043360189
NZ_CP151149.1,18969,<100 kb,tRNA-,4.0,0.6989700043360189
NZ_CP151150.1,24818,<100 kb,tRNA-,7.0,0.9030899869919435
NZ_CP151151.1,2473,<100 kb,tRNA-,5.0,0.7781512503836436
NZ_CP151130.1,24256,<100 kb,tRNA-,2.0,0.47712125471966244
NZ_CP151139.1,27269,<100 kb,tRNA-,1.0,0.3010299956639812
NZ_CP151124.1,27068,<100 kb,tRNA-,6.0,0.8450980400142568
NZ_CP151256.1,19758,<100 kb,tRNA-,1.0,0.3010299956639812
NZ_CP151122.1,25430,<100 kb,tRNA-,7.0,0.9030899869919435
NZ_CP151259.1,26375,<100 kb,tRNA-,2.0,0.47712125471966244
NZ_CP151258.1,1918,<100 kb,tRNA-,1.0,0.3010299956639812
NZ_CP131650.1,13166,<100 kb,tRNA-,1.0,0.3010299956639812
NZ_CP131653.1,33996,<100 kb,tRNA-,4.0,0.6989700043360189
NZ_CP131660.1,28311,<100 kb,tRNA-,2.0,0.47712125471966244
NZ_CP131662.1,34746,<100 kb,tRNA-,4.0,0.6989700043360189
NZ_CP131664.1,32304,<100 kb,tRNA-,2.0,0.47712125471966244
NZ_CP131666.1,24655,<100 kb,tRNA-,1.0,0.3010299956639812
NZ_CP131669.1,33066,<100 kb,tRNA-,1.0,0.3010299956639812
NZ_CP131671.1,21144,<100 kb,tRNA-,3.0,0.6020599913279624
NZ_CP151814.1,27252,<100 kb,tRNA-,1.0,0.3010299956639812
NZ_CP125865.1,3567,<100 kb,tRNA-,1.0,0.3010299956639812
NZ_CP125868.1,20966,<100 kb,tRNA-,5.0,0.7781512503836436
NZ_CP156176.1,27268,<100 kb,tRNA-,1.0,0.3010299956639812
NZ_CP138861.1,2473,<100 kb,tRNA-,5.0,0.7781512503836436
NZ_CP138865.1,2473,<100 kb,tRNA-,5.0,0.7781512503836436
NZ_CP138868.1,2473,<100 kb,tRNA-,5.0,0.7781512503836436
NZ_CP138870.1,4989,<100 kb,tRNA-,1.0,0.3010299956639812
NZ_CP138872.1,2473,<100 kb,tRNA-,5.0,0.7781512503836436
NZ_CP138877.1,2473,<100 kb,tRNA-,5.0,0.7781512503836436
NZ_CP138883.1,2473,<100 kb,tRNA-,5.0,0.7781512503836436
NZ_CP138888.1,2395,<100 kb,tRNA-,5.0,0.7781512503836436
NZ_CP138891.1,2473,<100 kb,tRNA-,5.0,0.7781512503836436
NZ_CP138893.1,2473,<100 kb,tRNA-,5.0,0.7781512503836436
NZ_CP162419.1,42652,<100 kb,tRNA-,2.0,0.47712125471966244
NZ_CP162424.1,4950,<100 kb,tRNA-,2.0,0.47712125471966244
NZ_CP162423.1,41460,<100 kb,tRNA-,2.0,0.47712125471966244
NZ_CP162426.1,30215,<100 kb,tRNA-,1.0,0.3010299956639812
NZ_CP162431.1,21013,<100 kb,tRNA-,3.0,0.6020599913279624
NZ_CP162434.1,21013,<100 kb,tRNA-,3.0,0.6020599913279624
NZ_CP162439.1,24664,<100 kb,tRNA-,1.0,0.3010299956639812
NZ_CP162441.1,24666,<100 kb,tRNA-,1.0,0.3010299956639812
NZ_CP162443.1,21326,<100 kb,tRNA-,1.0,0.3010299956639812
NZ_CP162446.1,21326,<100 kb,tRNA-,1.0,0.3010299956639812
NZ_CP162450.1,42346,<100 kb,tRNA-,2.0,0.47712125471966244
NZ_CP162455.1,21327,<100 kb,tRNA-,1.0,0.3010299956639812
NZ_CP162460.1,18033,<100 kb,tRNA-,4.0,0.6989700043360189
NZ_CP162459.1,60432,<100 kb,tRNA-,2.0,0.47712125471966244
NZ_CP162462.1,42654,<100 kb,tRNA-,2.0,0.47712125471966244
NZ_CP162457.1,21328,<100 kb,tRNA-,1.0,0.3010299956639812
NZ_CP162466.1,42651,<100 kb,tRNA-,2.0,0.47712125471966244
NZ_CP162470.1,21326,<100 kb,tRNA-,1.0,0.3010299956639812
NZ_CP162472.1,42653,<100 kb,tRNA-,2.0,0.47712125471966244
NZ_CP162476.1,30216,<100 kb,tRNA-,1.0,0.3010299956639812
NZ_CP162477.1,13507,<100 kb,tRNA-,3.0,0.6020599913279624
NZ_CP167763.1,27267,<100 kb,tRNA-,1.0,0.3010299956639812
NZ_CP167766.1,27068,<100 kb,tRNA-,6.0,0.8450980400142568
NZ_CP167768.1,27068,<100 kb,tRNA-,6.0,0.8450980400142568
NZ_CP167933.1,23059,<100 kb,tRNA-,7.0,0.9030899869919435
NZ_CP167936.1,4439,<100 kb,tRNA-,1.0,0.3010299956639812
NZ_CP167938.1,26805,<100 kb,tRNA-,6.0,0.8450980400142568
NZ_CP167941.1,27068,<100 kb,tRNA-,6.0,0.8450980400142568
NZ_CP167944.1,27068,<100 kb,tRNA-,7.0,0.9030899869919435
NZ_CP167988.1,27068,<100 kb,tRNA-,6.0,0.8450980400142568
NZ_CP167991.1,27067,<100 kb,tRNA-,6.0,0.8450980400142568
NZ_CP168095.1,27268,<100 kb,tRNA-,1.0,0.3010299956639812
NZ_CP168090.1,24653,<100 kb,tRNA-,1.0,0.3010299956639812
NZ_CP168088.1,30078,<100 kb,tRNA-,6.0,0.8450980400142568
NZ_CP168092.1,41864,<100 kb,tRNA-,3.0,0.6020599913279624
NZ_CP168094.1,2401,<100 kb,tRNA-,5.0,0.7781512503836436
NZ_CP168155.1,27268,<100 kb,tRNA-,1.0,0.3010299956639812
NZ_CP168157.1,27267,<100 kb,tRNA-,1.0,0.3010299956639812
NZ_CP168159.1,27068,<100 kb,tRNA-,6.0,0.8450980400142568
NZ_CP168161.1,20403,<100 kb,tRNA-,1.0,0.3010299956639812
NZ_CP168222.1,2473,<100 kb,tRNA-,5.0,0.7781512503836436
NZ_CP168441.1,28952,<100 kb,tRNA-,1.0,0.3010299956639812
NZ_CP168438.1,2473,<100 kb,tRNA-,5.0,0.7781512503836436
NZ_CP168643.1,17697,<100 kb,tRNA-,1.0,0.3010299956639812
NZ_CP168443.1,41710,<100 kb,tRNA-,6.0,0.8450980400142568
NZ_CP168444.1,27068,<100 kb,tRNA-,7.0,0.9030899869919435
NZ_CP168718.1,28974,<100 kb,tRNA-,1.0,0.3010299956639812
NZ_CP115047.1,46979,<100 kb,tRNA-,1.0,0.3010299956639812
NZ_CP170580.1,36347,<100 kb,tRNA-,7.0,0.9030899869919435
NZ_CP173177.1,4439,<100 kb,tRNA-,1.0,0.3010299956639812
NZ_CP173178.1,2908,<100 kb,tRNA-,1.0,0.3010299956639812
NZ_CP173179.1,2366,<100 kb,tRNA-,5.0,0.7781512503836436
NZ_CP119708.1,42746,<100 kb,tRNA-,4.0,0.6989700043360189
NZ_CP119711.1,42746,<100 kb,tRNA-,4.0,0.6989700043360189
NZ_CP119714.1,40256,<100 kb,tRNA-,1.0,0.3010299956639812
NZ_CP119716.1,41469,<100 kb,tRNA-,3.0,0.6020599913279624
NZ_CP127346.1,26571,<100 kb,tRNA-,1.0,0.3010299956639812
NZ_CP149493.1,27319,<100 kb,tRNA-,1.0,0.3010299956639812
NZ_CP150787.1,30217,<100 kb,tRNA-,1.0,0.3010299956639812
NZ_CP150782.1,21326,<100 kb,tRNA-,1.0,0.3010299956639812
NZ_CP150778.1,42165,<100 kb,tRNA-,2.0,0.47712125471966244
NZ_CP150774.1,42652,<100 kb,tRNA-,2.0,0.47712125471966244
NZ_CP150772.1,60430,<100 kb,tRNA-,2.0,0.47712125471966244
NZ_CP150770.1,42652,<100 kb,tRNA-,1.0,0.3010299956639812
NZ_CP150768.1,21326,<100 kb,tRNA-,1.0,0.3010299956639812
NZ_CP150764.1,21326,<100 kb,tRNA-,1.0,0.3010299956639812
NZ_CP150760.1,21326,<100 kb,tRNA-,1.0,0.3010299956639812
NZ_CP150757.1,42585,<100 kb,tRNA-,1.0,0.3010299956639812
NZ_CP150755.1,24665,<100 kb,tRNA-,1.0,0.3010299956639812
NZ_CP150753.1,24665,<100 kb,tRNA-,1.0,0.3010299956639812
NZ_CP150748.1,41979,<100 kb,tRNA-,6.0,0.8450980400142568
NZ_CP089478.1,31560,<100 kb,tRNA-,1.0,0.3010299956639812
NZ_CP155818.1,27267,<100 kb,tRNA-,1.0,0.3010299956639812
NZ_CP089480.1,27322,<100 kb,tRNA-,1.0,0.3010299956639812
NZ_CP089482.1,34305,<100 kb,tRNA-,3.0,0.6020599913279624
NZ_CP089486.1,34305,<100 kb,tRNA-,3.0,0.6020599913279624
NZ_CP089484.1,34305,<100 kb,tRNA-,3.0,0.6020599913279624
NZ_CP089490.1,28150,<100 kb,tRNA-,3.0,0.6020599913279624
NZ_CP089488.1,31560,<100 kb,tRNA-,1.0,0.3010299956639812
NZ_CP089494.1,33111,<100 kb,tRNA-,2.0,0.47712125471966244
NZ_CP089496.1,28815,<100 kb,tRNA-,2.0,0.47712125471966244
NZ_CP089499.1,31779,<100 kb,tRNA-,2.0,0.47712125471966244
NZ_CP089503.1,40560,<100 kb,tRNA-,7.0,0.9030899869919435
NZ_CP089505.1,32188,<100 kb,tRNA-,2.0,0.47712125471966244
NZ_CP176569.1,35372,<100 kb,tRNA-,5.0,0.7781512503836436
NZ_CP176567.1,42633,<100 kb,tRNA-,3.0,0.6020599913279624
NZ_CP176714.1,27346,<100 kb,tRNA-,1.0,0.3010299956639812
NZ_CP176716.1,39305,<100 kb,tRNA-,5.0,0.7781512503836436
NZ_CP170390.1,23801,<100 kb,tRNA-,1.0,0.3010299956639812
NZ_CP170393.1,27296,<100 kb,tRNA-,1.0,0.3010299956639812
NZ_CP170396.1,2161,<100 kb,tRNA-,1.0,0.3010299956639812
NZ_CP170398.1,27595,<100 kb,tRNA-,7.0,0.9030899869919435
NZ_CP170400.1,4435,<100 kb,tRNA-,1.0,0.3010299956639812
NZ_CP170402.1,41864,<100 kb,tRNA-,1.0,0.3010299956639812
NZ_CP170405.1,4429,<100 kb,tRNA-,1.0,0.3010299956639812
NZ_CP170415.1,29320,<100 kb,tRNA-,6.0,0.8450980400142568
NZ_CP170420.1,41081,<100 kb,tRNA-,5.0,0.7781512503836436
NZ_CP170421.1,4232,<100 kb,tRNA-,1.0,0.3010299956639812
NZ_CP170423.1,25575,<100 kb,tRNA-,1.0,0.3010299956639812
NZ_CP170427.1,20724,<100 kb,tRNA-,1.0,0.3010299956639812
NZ_CP170428.1,4437,<100 kb,tRNA-,1.0,0.3010299956639812
NZ_CP170430.1,41141,<100 kb,tRNA-,5.0,0.7781512503836436
NZ_CP170431.1,4440,<100 kb,tRNA-,1.0,0.3010299956639812
NZ_CP170433.1,2481,<100 kb,tRNA-,5.0,0.7781512503836436
NZ_CP170435.1,33187,<100 kb,tRNA-,1.0,0.3010299956639812
NZ_CP170437.1,20731,<100 kb,tRNA-,1.0,0.3010299956639812
NZ_CP123069.1,20721,<100 kb,tRNA-,1.0,0.3010299956639812
NZ_CP123076.1,30843,<100 kb,tRNA-,1.0,0.3010299956639812
NZ_CP123078.1,30843,<100 kb,tRNA-,1.0,0.3010299956639812
NZ_CP123081.1,30843,<100 kb,tRNA-,1.0,0.3010299956639812
NZ_CP123083.1,30843,<100 kb,tRNA-,1.0,0.3010299956639812
NZ_CP123085.1,20730,<100 kb,tRNA-,1.0,0.3010299956639812
NZ_CP123087.1,46979,<100 kb,tRNA-,1.0,0.3010299956639812
NZ_CP123092.1,25109,<100 kb,tRNA-,2.0,0.47712125471966244
NZ_CP123094.1,2400,<100 kb,tRNA-,5.0,0.7781512503836436
NZ_CP123096.1,4440,<100 kb,tRNA-,1.0,0.3010299956639812
NZ_CP123098.1,55496,<100 kb,tRNA-,4.0,0.6989700043360189
NZ_CP123100.1,36308,<100 kb,tRNA-,2.0,0.47712125471966244
NZ_CP123103.1,25060,<100 kb,tRNA-,1.0,0.3010299956639812
NZ_CP123105.1,19758,<100 kb,tRNA-,1.0,0.3010299956639812
NZ_CP123114.1,2473,<100 kb,tRNA-,5.0,0.7781512503836436
NC_017334.1,5246,<100 kb,tRNA-,1.0,0.3010299956639812
NC_003140.1,24653,<100 kb,tRNA-,1.0,0.3010299956639812
NC_002774.1,25107,<100 kb,tRNA-,2.0,0.47712125471966244
NC_005951.1,20652,<100 kb,tRNA-,1.0,0.3010299956639812
NC_006629.2,4440,<100 kb,tRNA-,1.0,0.3010299956639812
NC_007791.1,4439,<100 kb,tRNA-,1.0,0.3010299956639812
NC_007792.1,37136,<100 kb,tRNA-,6.0,0.8450980400142568
NC_009477.1,30429,<100 kb,tRNA-,2.0,0.47712125471966244
NC_010063.1,27041,<100 kb,tRNA-,7.0,0.9030899869919435
NC_013452.1,4440,<100 kb,tRNA-,1.0,0.3010299956639812
NC_017352.1,29585,<100 kb,tRNA-,1.0,0.3010299956639812
NC_017339.1,20730,<100 kb,tRNA-,1.0,0.3010299956639812
NC_017345.1,24491,<100 kb,tRNA-,1.0,0.3010299956639812
NZ_CP039996.1,21682,<100 kb,tRNA-,1.0,0.3010299956639812
NC_017350.1,22317,<100 kb,tRNA-,1.0,0.3010299956639812
NC_017346.1,2241,<100 kb,tRNA-,1.0,0.3010299956639812
NC_017344.1,27271,<100 kb,tRNA-,1.0,0.3010299956639812
NC_020534.1,30853,<100 kb,tRNA-,1.0,0.3010299956639812
NC_020535.1,37285,<100 kb,tRNA-,6.0,0.8450980400142568
NC_020539.1,23758,<100 kb,tRNA-,1.0,0.3010299956639812
NC_021552.1,24653,<100 kb,tRNA-,1.0,0.3010299956639812
NC_022228.1,2472,<100 kb,tRNA-,5.0,0.7781512503836436
NC_022610.1,27326,<100 kb,tRNA-,1.0,0.3010299956639812
NZ_CP007177.1,27068,<100 kb,tRNA-,6.0,0.8450980400142568
NC_020530.1,30854,<100 kb,tRNA-,1.0,0.3010299956639812
NC_020531.1,30854,<100 kb,tRNA-,1.0,0.3010299956639812
NC_020565.1,32184,<100 kb,tRNA-,1.0,0.3010299956639812
NC_020567.1,32700,<100 kb,tRNA-,1.0,0.3010299956639812
NC_020538.1,23759,<100 kb,tRNA-,1.0,0.3010299956639812
NZ_CP022250.1,23530,<100 kb,tRNA-,2.0,0.47712125471966244
NZ_CP022252.1,2390,<100 kb,tRNA-,1.0,0.3010299956639812
NZ_CP023967.1,65466,<100 kb,tRNA-,1.0,0.3010299956639812
NZ_CP014118.1,25054,<100 kb,tRNA-,2.0,0.47712125471966244
NZ_CP014130.1,21267,<100 kb,tRNA-,5.0,0.7781512503836436
NZ_CP014131.1,9026,<100 kb,tRNA-,5.0,0.7781512503836436
NZ_CP030247.1,24519,<100 kb,tRNA-,5.0,0.7781512503836436
NZ_CP033781.1,30843,<100 kb,tRNA-,1.0,0.3010299956639812
NZ_CP033783.1,2366,<100 kb,tRNA-,5.0,0.7781512503836436
NZ_CP034113.1,36008,<100 kb,tRNA-,3.0,0.6020599913279624
NZ_CP034116.1,23943,<100 kb,tRNA-,2.0,0.47712125471966244
NZ_AP019722.1,4439,<100 kb,tRNA-,1.0,0.3010299956639812
NZ_CP031272.1,28583,<100 kb,tRNA-,1.0,0.3010299956639812
NZ_CP045647.1,13568,<100 kb,tRNA-,1.0,0.3010299956639812
NZ_CP046029.1,80178,<100 kb,tRNA-,4.0,0.6989700043360189
NZ_CP051645.1,41252,<100 kb,tRNA-,1.0,0.3010299956639812
NZ_CP051648.1,44854,<100 kb,tRNA-,4.0,0.6989700043360189
NZ_CP060795.1,27456,<100 kb,tRNA-,3.0,0.6020599913279624
NZ_CP065654.1,11858,<100 kb,tRNA-,1.0,0.3010299956639812
NZ_CP065660.1,43211,<100 kb,tRNA-,1.0,0.3010299956639812
NZ_CP068075.1,2216,<100 kb,tRNA-,1.0,0.3010299956639812
NZ_CP068076.1,4846,<100 kb,tRNA-,1.0,0.3010299956639812
NZ_CP068077.1,2361,<100 kb,tRNA-,1.0,0.3010299956639812
NZ_CP068078.1,4972,<100 kb,tRNA-,1.0,0.3010299956639812
NZ_CP068138.1,2473,<100 kb,tRNA-,5.0,0.7781512503836436
NZ_CP069216.1,25326,<100 kb,tRNA-,4.0,0.6989700043360189
NZ_CP069220.1,30151,<100 kb,tRNA-,3.0,0.6020599913279624
NZ_CP069474.1,30898,<100 kb,tRNA-,4.0,0.6989700043360189
NZ_CP069478.1,2366,<100 kb,tRNA-,5.0,0.7781512503836436
NZ_CP069953.1,30896,<100 kb,tRNA-,4.0,0.6989700043360189
NZ_CP069950.1,2366,<100 kb,tRNA-,5.0,0.7781512503836436
NZ_CP069955.1,27970,<100 kb,tRNA-,1.0,0.3010299956639812
NZ_CP070061.1,22816,<100 kb,tRNA-,1.0,0.3010299956639812
NZ_CP073825.1,13570,<100 kb,tRNA-,1.0,0.3010299956639812
NZ_CP073822.1,13570,<100 kb,tRNA-,1.0,0.3010299956639812
NZ_CP073828.1,13570,<100 kb,tRNA-,1.0,0.3010299956639812
NZ_CP073831.1,13570,<100 kb,tRNA-,1.0,0.3010299956639812
NZ_CP073833.1,13568,<100 kb,tRNA-,1.0,0.3010299956639812
NZ_CP073837.1,13570,<100 kb,tRNA-,1.0,0.3010299956639812
NZ_CP073839.1,13570,<100 kb,tRNA-,1.0,0.3010299956639812
NZ_CP073843.1,13570,<100 kb,tRNA-,1.0,0.3010299956639812
NZ_CP073846.1,13570,<100 kb,tRNA-,1.0,0.3010299956639812
NZ_CP073848.1,13570,<100 kb,tRNA-,1.0,0.3010299956639812
NZ_CP073849.1,13570,<100 kb,tRNA-,1.0,0.3010299956639812
NZ_CP073854.1,13570,<100 kb,tRNA-,1.0,0.3010299956639812
NZ_CP073858.1,13570,<100 kb,tRNA-,1.0,0.3010299956639812
NZ_CP073860.1,13570,<100 kb,tRNA-,1.0,0.3010299956639812
NZ_CP073861.1,13570,<100 kb,tRNA-,1.0,0.3010299956639812
NZ_CP073866.1,13570,<100 kb,tRNA-,1.0,0.3010299956639812
NZ_CP073871.1,13570,<100 kb,tRNA-,1.0,0.3010299956639812
NZ_CP073868.1,13570,<100 kb,tRNA-,1.0,0.3010299956639812
NZ_CP073875.1,13570,<100 kb,tRNA-,1.0,0.3010299956639812
NZ_CP073882.1,13570,<100 kb,tRNA-,1.0,0.3010299956639812
NZ_CP073889.1,13570,<100 kb,tRNA-,1.0,0.3010299956639812
NZ_CP073896.1,13570,<100 kb,tRNA-,1.0,0.3010299956639812
NZ_CP073899.1,13570,<100 kb,tRNA-,1.0,0.3010299956639812
NZ_CP073902.1,13570,<100 kb,tRNA-,1.0,0.3010299956639812
NZ_CP073903.1,13570,<100 kb,tRNA-,1.0,0.3010299956639812
NZ_CP073879.1,13570,<100 kb,tRNA-,1.0,0.3010299956639812
NZ_CP084011.1,2507,<100 kb,tRNA-,1.0,0.3010299956639812
NZ_CP071989.1,20813,<100 kb,tRNA-,1.0,0.3010299956639812
NZ_CP071993.1,24268,<100 kb,tRNA-,4.0,0.6989700043360189
NZ_CP090576.1,15374,<100 kb,tRNA-,3.0,0.6020599913279624
NZ_CP090919.1,8421,<100 kb,tRNA-,5.0,0.7781512503836436
NZ_CP091008.1,31284,<100 kb,tRNA-,5.0,0.7781512503836436
NZ_CP091009.1,10356,<100 kb,tRNA-,5.0,0.7781512503836436
NZ_CP090987.1,10390,<100 kb,tRNA-,5.0,0.7781512503836436
NZ_CP090999.1,39644,<100 kb,tRNA-,5.0,0.7781512503836436
NZ_CP090995.1,31284,<100 kb,tRNA-,5.0,0.7781512503836436
NZ_CP090996.1,10356,<100 kb,tRNA-,5.0,0.7781512503836436
NZ_CP092858.1,31876,<100 kb,tRNA-,1.0,0.3010299956639812
NZ_CP092859.1,21482,<100 kb,tRNA-,2.0,0.47712125471966244
NZ_CP094860.1,30676,<100 kb,tRNA-,2.0,0.47712125471966244
NZ_CP094866.1,30676,<100 kb,tRNA-,2.0,0.47712125471966244
NZ_CP094871.1,2458,<100 kb,tRNA-,5.0,0.7781512503836436
NZ_CP094874.1,30678,<100 kb,tRNA-,1.0,0.3010299956639812
NZ_CP094878.1,2473,<100 kb,tRNA-,5.0,0.7781512503836436
NZ_CP064362.1,27011,<100 kb,tRNA-,1.0,0.3010299956639812
NZ_CP097513.1,21016,<100 kb,tRNA-,1.0,0.3010299956639812
NZ_CP097515.1,22527,<100 kb,tRNA-,1.0,0.3010299956639812
NZ_CP097518.1,3803,<100 kb,tRNA-,5.0,0.7781512503836436
NZ_CP097520.1,37219,<100 kb,tRNA-,4.0,0.6989700043360189
NZ_CP097523.1,3804,<100 kb,tRNA-,5.0,0.7781512503836436
NZ_CP093166.1,25527,<100 kb,tRNA-,1.0,0.3010299956639812
NZ_CP093169.1,2241,<100 kb,tRNA-,1.0,0.3010299956639812
NZ_CP093176.1,8533,<100 kb,tRNA-,5.0,0.7781512503836436
NZ_CP093177.1,2585,<100 kb,tRNA-,1.0,0.3010299956639812
NZ_CP093178.1,2473,<100 kb,tRNA-,5.0,0.7781512503836436
NZ_CP093180.1,22886,<100 kb,tRNA-,2.0,0.47712125471966244
NZ_CP093182.1,25240,<100 kb,tRNA-,2.0,0.47712125471966244
NZ_CP093186.1,19944,<100 kb,tRNA-,3.0,0.6020599913279624
NZ_CP093187.1,3784,<100 kb,tRNA-,1.0,0.3010299956639812
NZ_CP093195.1,8468,<100 kb,tRNA-,5.0,0.7781512503836436
NZ_CP093197.1,17766,<100 kb,tRNA-,2.0,0.47712125471966244
NZ_CP093203.1,34484,<100 kb,tRNA-,1.0,0.3010299956639812
NZ_CP093191.1,10412,<100 kb,tRNA-,5.0,0.7781512503836436
NZ_CP093200.1,32759,<100 kb,tRNA-,8.0,0.9542425094393249
NZ_CP093207.1,2241,<100 kb,tRNA-,1.0,0.3010299956639812
NZ_CP093209.1,14923,<100 kb,tRNA-,1.0,0.3010299956639812
NZ_CP093211.1,2242,<100 kb,tRNA-,1.0,0.3010299956639812
NZ_CP090942.1,64388,<100 kb,tRNA-,5.0,0.7781512503836436
NZ_CP103051.1,9586,<100 kb,tRNA-,3.0,0.6020599913279624
NZ_CP094727.1,4544,<100 kb,tRNA-,1.0,0.3010299956639812
NZ_CP094730.1,4439,<100 kb,tRNA-,1.0,0.3010299956639812
NZ_CP094732.1,12647,<100 kb,tRNA-,1.0,0.3010299956639812
NZ_CP106836.1,25401,<100 kb,tRNA-,4.0,0.6989700043360189
NZ_CP111112.1,16658,<100 kb,tRNA-,1.0,0.3010299956639812
NZ_CP121508.1,24517,<100 kb,tRNA-,5.0,0.7781512503836436
NZ_CP121524.1,15767,<100 kb,tRNA-,10.0,1.0413926851582251
NZ_CP121525.1,386356,≥100 kb,tRNA+,6.0,0.8450980400142568
NZ_CP121520.1,21268,<100 kb,tRNA-,4.0,0.6989700043360189
NZ_CP121499.1,18310,<100 kb,tRNA-,1.0,0.3010299956639812
NZ_CP121514.1,25172,<100 kb,tRNA-,5.0,0.7781512503836436
NZ_CP121503.1,53010,<100 kb,tRNA-,3.0,0.6020599913279624
NZ_CP121528.1,15150,<100 kb,tRNA-,10.0,1.0413926851582251
NZ_CP118846.1,41938,<100 kb,tRNA-,5.0,0.7781512503836436
NZ_CP118815.1,17841,<100 kb,tRNA-,1.0,0.3010299956639812
NZ_CP118824.1,25879,<100 kb,tRNA-,4.0,0.6989700043360189
NZ_CP126541.1,39662,<100 kb,tRNA-,7.0,0.9030899869919435
NZ_CP129366.1,30246,<100 kb,tRNA-,5.0,0.7781512503836436
NZ_CP129368.1,2473,<100 kb,tRNA-,5.0,0.7781512503836436
NZ_CP119999.1,29585,<100 kb,tRNA-,5.0,0.7781512503836436
NZ_CP134834.1,24197,<100 kb,tRNA-,1.0,0.3010299956639812
NZ_CP134827.1,4546,<100 kb,tRNA-,1.0,0.3010299956639812
NZ_CP134831.1,20544,<100 kb,tRNA-,2.0,0.47712125471966244
NZ_CP098817.1,44138,<100 kb,tRNA-,1.0,0.3010299956639812
NZ_CP098818.1,39504,<100 kb,tRNA-,7.0,0.9030899869919435
NZ_CP098819.1,22579,<100 kb,tRNA-,2.0,0.47712125471966244
NZ_CP098821.1,44396,<100 kb,tRNA-,1.0,0.3010299956639812
NZ_CP098822.1,39504,<100 kb,tRNA-,7.0,0.9030899869919435
NZ_CP098823.1,22579,<100 kb,tRNA-,2.0,0.47712125471966244
NZ_CP179944.1,9043,<100 kb,tRNA-,1.0,0.3010299956639812
NZ_CP145202.2,26146,<100 kb,tRNA-,1.0,0.3010299956639812
NZ_CP145203.1,4439,<100 kb,tRNA-,1.0,0.3010299956639812
NZ_CP163415.1,2473,<100 kb,tRNA-,5.0,0.7781512503836436
NZ_CP145207.1,29147,<100 kb,tRNA-,1.0,0.3010299956639812
NZ_CP145204.1,20987,<100 kb,tRNA-,1.0,0.3010299956639812
NZ_CP145205.2,2473,<100 kb,tRNA-,5.0,0.7781512503836436
NZ_CP145217.3,40074,<100 kb,tRNA-,1.0,0.3010299956639812
NZ_CP145219.1,29667,<100 kb,tRNA-,1.0,0.3010299956639812
NZ_CP145222.2,47004,<100 kb,tRNA-,9.0,1.0
NZ_CP145226.1,30051,<100 kb,tRNA-,3.0,0.6020599913279624
NZ_CP145225.1,29055,<100 kb,tRNA-,1.0,0.3010299956639812
NZ_CP145227.1,2473,<100 kb,tRNA-,5.0,0.7781512503836436
NZ_CP145231.1,16507,<100 kb,tRNA-,1.0,0.3010299956639812
NZ_CP145233.1,2457,<100 kb,tRNA-,5.0,0.7781512503836436
NZ_CP145240.1,69071,<100 kb,tRNA-,1.0,0.3010299956639812
NZ_CP145245.1,27493,<100 kb,tRNA-,1.0,0.3010299956639812
NZ_CP145243.1,20037,<100 kb,tRNA-,1.0,0.3010299956639812
NZ_CP145250.1,4440,<100 kb,tRNA-,1.0,0.3010299956639812
NZ_CP145252.1,50982,<100 kb,tRNA-,6.0,0.8450980400142568
NZ_CP145254.1,29481,<100 kb,tRNA-,1.0,0.3010299956639812
NZ_CP145257.1,25362,<100 kb,tRNA-,1.0,0.3010299956639812
NZ_CP145259.1,29147,<100 kb,tRNA-,1.0,0.3010299956639812
NZ_CP145260.1,3567,<100 kb,tRNA-,1.0,0.3010299956639812
NZ_CP123118.1,2473,<100 kb,tRNA-,5.0,0.7781512503836436
NZ_CP123125.1,20731,<100 kb,tRNA-,1.0,0.3010299956639812
NZ_CP123129.1,39466,<100 kb,tRNA-,7.0,0.9030899869919435
NZ_CP123127.1,20730,<100 kb,tRNA-,1.0,0.3010299956639812
NZ_CP123131.1,24653,<100 kb,tRNA-,1.0,0.3010299956639812
NZ_CP123138.1,27265,<100 kb,tRNA-,1.0,0.3010299956639812
NZ_CP123136.1,2400,<100 kb,tRNA-,5.0,0.7781512503836436
NZ_CP123143.1,27268,<100 kb,tRNA-,1.0,0.3010299956639812
NZ_CP123145.1,27270,<100 kb,tRNA-,1.0,0.3010299956639812
NZ_CP123146.1,4439,<100 kb,tRNA-,1.0,0.3010299956639812
NZ_CP123148.1,2473,<100 kb,tRNA-,5.0,0.7781512503836436
NZ_CP123152.1,27438,<100 kb,tRNA-,1.0,0.3010299956639812
NZ_CP123155.1,27267,<100 kb,tRNA-,1.0,0.3010299956639812
NZ_CP123157.1,20728,<100 kb,tRNA-,1.0,0.3010299956639812
NZ_CP123161.1,20739,<100 kb,tRNA-,1.0,0.3010299956639812
NZ_CP123159.1,19758,<100 kb,tRNA-,1.0,0.3010299956639812
NZ_CP123163.1,24885,<100 kb,tRNA-,1.0,0.3010299956639812
NZ_CP123165.1,20730,<100 kb,tRNA-,1.0,0.3010299956639812
NZ_CP160101.1,34419,<100 kb,tRNA-,1.0,0.3010299956639812
NZ_CP178869.1,4439,<100 kb,tRNA-,1.0,0.3010299956639812
NZ_CP178872.1,4439,<100 kb,tRNA-,1.0,0.3010299956639812
NZ_CP178875.1,4439,<100 kb,tRNA-,1.0,0.3010299956639812
NZ_CP178878.1,4439,<100 kb,tRNA-,1.0,0.3010299956639812
NZ_CP178884.1,4439,<100 kb,tRNA-,1.0,0.3010299956639812
NZ_CP178881.1,4439,<100 kb,tRNA-,1.0,0.3010299956639812
NZ_CP178887.1,4439,<100 kb,tRNA-,1.0,0.3010299956639812
NZ_CP181098.1,24653,<100 kb,tRNA-,1.0,0.3010299956639812
NZ_CP181100.1,2473,<100 kb,tRNA-,5.0,0.7781512503836436
NZ_CP181101.1,27266,<100 kb,tRNA-,1.0,0.3010299956639812
NZ_CP181103.1,27268,<100 kb,tRNA-,1.0,0.3010299956639812
NZ_CP181106.1,2701,<100 kb,tRNA-,1.0,0.3010299956639812
NZ_CP181108.1,27176,<100 kb,tRNA-,7.0,0.9030899869919435
NZ_CP181110.1,27268,<100 kb,tRNA-,1.0,0.3010299956639812
NZ_CP181118.1,27069,<100 kb,tRNA-,6.0,0.8450980400142568
NZ_CP181123.1,2399,<100 kb,tRNA-,5.0,0.7781512503836436
NZ_CP181122.1,27068,<100 kb,tRNA-,7.0,0.9030899869919435
NZ_CP181127.1,27068,<100 kb,tRNA-,6.0,0.8450980400142568
NZ_CP181129.1,27068,<100 kb,tRNA-,6.0,0.8450980400142568
NZ_CP181132.1,27068,<100 kb,tRNA-,6.0,0.8450980400142568
NZ_CP181143.1,2473,<100 kb,tRNA-,5.0,0.7781512503836436
NZ_CP181144.1,27266,<100 kb,tRNA-,1.0,0.3010299956639812
NZ_CP181146.1,2473,<100 kb,tRNA-,5.0,0.7781512503836436
NZ_CP181147.1,27266,<100 kb,tRNA-,1.0,0.3010299956639812
NZ_CP129554.1,36066,<100 kb,tRNA-,2.0,0.47712125471966244
NZ_CP129559.1,35724,<100 kb,tRNA-,1.0,0.3010299956639812
NZ_CP129563.1,26759,<100 kb,tRNA-,1.0,0.3010299956639812
NZ_CP183316.1,27066,<100 kb,tRNA-,6.0,0.8450980400142568
NZ_CP133241.1,5062,<100 kb,tRNA-,2.0,0.47712125471966244
NZ_CP133245.1,24411,<100 kb,tRNA-,1.0,0.3010299956639812
NZ_CP168011.1,27268,<100 kb,tRNA-,1.0,0.3010299956639812
NZ_CP168015.1,40111,<100 kb,tRNA-,2.0,0.47712125471966244
NZ_CP184558.1,20722,<100 kb,tRNA-,1.0,0.3010299956639812
NZ_CP184542.1,41141,<100 kb,tRNA-,1.0,0.3010299956639812
NZ_CP184566.1,20730,<100 kb,tRNA-,1.0,0.3010299956639812
NZ_CP184544.1,20731,<100 kb,tRNA-,1.0,0.3010299956639812
NZ_CP184550.1,38093,<100 kb,tRNA-,8.0,0.9542425094393249
NZ_CP184546.1,20731,<100 kb,tRNA-,1.0,0.3010299956639812
NZ_CP184548.1,33154,<100 kb,tRNA-,2.0,0.47712125471966244
NZ_CP184568.1,20731,<100 kb,tRNA-,1.0,0.3010299956639812
NZ_CP184556.1,20729,<100 kb,tRNA-,1.0,0.3010299956639812
NZ_CP184552.1,29326,<100 kb,tRNA-,2.0,0.47712125471966244
NZ_CP184562.1,20758,<100 kb,tRNA-,1.0,0.3010299956639812
NZ_CP184564.1,49301,<100 kb,tRNA-,2.0,0.47712125471966244
NZ_CP184656.1,14837,<100 kb,tRNA-,1.0,0.3010299956639812
NZ_CP184661.1,27037,<100 kb,tRNA-,6.0,0.8450980400142568
NZ_CP184731.1,2366,<100 kb,tRNA-,5.0,0.7781512503836436
NZ_CP184720.1,27068,<100 kb,tRNA-,6.0,0.8450980400142568
NZ_CP011871.1,65517,<100 kb,tRNA-,1.0,0.3010299956639812
NZ_CP011872.1,65525,<100 kb,tRNA-,1.0,0.3010299956639812
NZ_CP011878.1,65507,<100 kb,tRNA-,1.0,0.3010299956639812
NZ_CP011881.1,3463,<100 kb,tRNA-,1.0,0.3010299956639812
NZ_CP186028.1,24126,<100 kb,tRNA-,6.0,0.8450980400142568
NZ_CP178840.1,259816,≥100 kb,tRNA+,6.0,0.8450980400142568
NZ_CP178921.1,20756,<100 kb,tRNA-,1.0,0.3010299956639812
NZ_CP178922.1,4432,<100 kb,tRNA-,1.0,0.3010299956639812
NZ_CP095322.1,20653,<100 kb,tRNA-,1.0,0.3010299956639812
NZ_CP095323.1,2473,<100 kb,tRNA-,5.0,0.7781512503836436
NZ_CP191235.1,35252,<100 kb,tRNA-,4.0,0.6989700043360189
NZ_CP191239.1,30582,<100 kb,tRNA-,3.0,0.6020599913279624
NZ_CP191241.1,69491,<100 kb,tRNA-,7.0,0.9030899869919435
NZ_CP191243.1,35412,<100 kb,tRNA-,4.0,0.6989700043360189
NZ_LT671860.1,27437,<100 kb,tRNA-,1.0,0.3010299956639812
NZ_LR027871.1,25922,<100 kb,tRNA-,2.0,0.47712125471966244
NZ_LR027872.1,25552,<100 kb,tRNA-,2.0,0.47712125471966244
NZ_LR027879.1,28654,<100 kb,tRNA-,1.0,0.3010299956639812
NZ_LR027875.1,23576,<100 kb,tRNA-,2.0,0.47712125471966244
NZ_LR130510.1,24885,<100 kb,tRNA-,1.0,0.3010299956639812
NZ_LR130512.1,27204,<100 kb,tRNA-,1.0,0.3010299956639812
NZ_LR130516.1,27319,<100 kb,tRNA-,1.0,0.3010299956639812
NZ_LR130514.1,2473,<100 kb,tRNA-,5.0,0.7781512503836436
NZ_LR130519.1,27037,<100 kb,tRNA-,6.0,0.8450980400142568
NC_005008.1,4439,<100 kb,tRNA-,1.0,0.3010299956639812
NC_005004.1,24365,<100 kb,tRNA-,1.0,0.3010299956639812
NC_007169.1,2300,<100 kb,tRNA-,1.0,0.3010299956639812
NC_007170.1,2366,<100 kb,tRNA-,5.0,0.7781512503836436
NC_006663.1,27310,<100 kb,tRNA-,4.0,0.6989700043360189
NZ_HG813243.1,4439,<100 kb,tRNA-,1.0,0.3010299956639812
NZ_CP014115.1,29612,<100 kb,tRNA-,4.0,0.6989700043360189
NZ_CP013912.1,10808,<100 kb,tRNA-,1.0,0.3010299956639812
NZ_CP013983.1,2638,<100 kb,tRNA-,1.0,0.3010299956639812
NZ_CP023496.1,169687,≥100 kb,tRNA-,1.0,0.3010299956639812
NZ_CP017464.1,115760,≥100 kb,tRNA-,10.0,1.0413926851582251
NZ_CP017465.1,28676,<100 kb,tRNA-,2.0,0.47712125471966244
NZ_CP009121.1,2743,<100 kb,tRNA-,1.0,0.3010299956639812
NZ_CP025033.1,41662,<100 kb,tRNA-,5.0,0.7781512503836436
NZ_CP017429.1,146786,≥100 kb,tRNA+,1.0,0.3010299956639812
NZ_CP017431.1,147416,≥100 kb,tRNA+,1.0,0.3010299956639812
NZ_CP016158.1,146543,≥100 kb,tRNA+,1.0,0.3010299956639812
NZ_CP015643.1,87667,<100 kb,tRNA-,1.0,0.3010299956639812
NZ_CP032158.1,25886,<100 kb,tRNA-,4.0,0.6989700043360189
NZ_CP033100.1,30898,<100 kb,tRNA-,5.0,0.7781512503836436
NZ_CP033733.1,4439,<100 kb,tRNA-,1.0,0.3010299956639812
NZ_CP031278.1,36240,<100 kb,tRNA-,4.0,0.6989700043360189
NZ_CP031281.1,110392,≥100 kb,tRNA-,10.0,1.0413926851582251
NZ_CP038249.1,4439,<100 kb,tRNA-,1.0,0.3010299956639812
NZ_CP046302.1,46602,<100 kb,tRNA-,3.0,0.6020599913279624
NZ_CP046305.1,25213,<100 kb,tRNA-,2.0,0.47712125471966244
NZ_CP084236.1,25444,<100 kb,tRNA-,1.0,0.3010299956639812
NZ_CP084230.1,25444,<100 kb,tRNA-,1.0,0.3010299956639812
NZ_CP049092.1,25444,<100 kb,tRNA-,1.0,0.3010299956639812
NZ_CP053472.1,36134,<100 kb,tRNA-,6.0,0.8450980400142568
NZ_CP053475.1,2509,<100 kb,tRNA-,1.0,0.3010299956639812
NZ_CP053476.1,2353,<100 kb,tRNA-,1.0,0.3010299956639812
NZ_CP054007.1,20361,<100 kb,tRNA-,2.0,0.47712125471966244
NZ_CP054016.1,42569,<100 kb,tRNA-,1.0,0.3010299956639812
NZ_CP054437.1,2458,<100 kb,tRNA-,1.0,0.3010299956639812
NZ_CP054447.1,4439,<100 kb,tRNA-,1.0,0.3010299956639812
NZ_CP054448.1,2276,<100 kb,tRNA-,1.0,0.3010299956639812
NZ_CP054441.1,42714,<100 kb,tRNA-,1.0,0.3010299956639812
NZ_CP054443.1,2276,<100 kb,tRNA-,1.0,0.3010299956639812
NZ_CP054579.1,2276,<100 kb,tRNA-,1.0,0.3010299956639812
NZ_CP054835.1,2276,<100 kb,tRNA-,1.0,0.3010299956639812
NZ_CP061042.1,31000,<100 kb,tRNA-,5.0,0.7781512503836436
NZ_CP065798.1,41503,<100 kb,tRNA-,8.0,0.9542425094393249
NZ_CP065799.1,36028,<100 kb,tRNA-,9.0,1.0
NZ_CP066012.1,33080,<100 kb,tRNA-,1.0,0.3010299956639812
NZ_CP068217.1,104542,≥100 kb,tRNA-,10.0,1.0413926851582251
NZ_CP068218.1,4440,<100 kb,tRNA-,1.0,0.3010299956639812
NZ_CP068220.1,111289,≥100 kb,tRNA-,10.0,1.0413926851582251
NZ_CP068070.1,28553,<100 kb,tRNA-,5.0,0.7781512503836436
NZ_CP068072.1,4846,<100 kb,tRNA-,1.0,0.3010299956639812
NZ_CP068248.1,6292,<100 kb,tRNA-,6.0,0.8450980400142568
NZ_CP068715.1,46422,<100 kb,tRNA-,1.0,0.3010299956639812
NZ_CP068580.1,2638,<100 kb,tRNA-,1.0,0.3010299956639812
NZ_CP070965.1,43947,<100 kb,tRNA-,3.0,0.6020599913279624
NZ_CP070967.1,4015,<100 kb,tRNA-,1.0,0.3010299956639812
NZ_CP071509.1,39811,<100 kb,tRNA-,1.0,0.3010299956639812
NZ_CP071513.1,41143,<100 kb,tRNA-,1.0,0.3010299956639812
NZ_CP071514.1,5922,<100 kb,tRNA-,1.0,0.3010299956639812
NZ_CP071506.1,38899,<100 kb,tRNA-,1.0,0.3010299956639812
NZ_CP066727.1,69221,<100 kb,tRNA-,1.0,0.3010299956639812
NZ_CP066729.1,2650,<100 kb,tRNA-,1.0,0.3010299956639812
NZ_CP088219.1,29007,<100 kb,tRNA-,1.0,0.3010299956639812
NZ_CP040734.1,29535,<100 kb,tRNA-,4.0,0.6989700043360189
NZ_CP049805.1,2531,<100 kb,tRNA-,1.0,0.3010299956639812
NZ_CP093540.1,33070,<100 kb,tRNA-,5.0,0.7781512503836436
NZ_CP093542.1,6056,<100 kb,tRNA-,4.0,0.6989700043360189
NZ_CP119328.1,31211,<100 kb,tRNA-,1.0,0.3010299956639812
NZ_CP099992.1,49332,<100 kb,tRNA-,1.0,0.3010299956639812
NZ_CP094699.1,9093,<100 kb,tRNA-,2.0,0.47712125471966244
NZ_CP094716.1,4583,<100 kb,tRNA-,1.0,0.3010299956639812
NZ_CP084481.1,44058,<100 kb,tRNA-,2.0,0.47712125471966244
NZ_CP084483.1,2457,<100 kb,tRNA-,5.0,0.7781512503836436
NZ_CP084439.1,2415,<100 kb,tRNA-,5.0,0.7781512503836436
NZ_CP084441.1,31852,<100 kb,tRNA-,1.0,0.3010299956639812
NZ_CP084442.1,21003,<100 kb,tRNA-,1.0,0.3010299956639812
NZ_CP084445.1,32784,<100 kb,tRNA-,2.0,0.47712125471966244
NZ_CP084446.1,2457,<100 kb,tRNA-,5.0,0.7781512503836436
NZ_CP092479.1,33938,<100 kb,tRNA-,1.0,0.3010299956639812
NZ_CP116599.1,2472,<100 kb,tRNA-,5.0,0.7781512503836436
NZ_CP118983.1,28553,<100 kb,tRNA-,5.0,0.7781512503836436
NZ_CP118984.1,4846,<100 kb,tRNA-,1.0,0.3010299956639812
NZ_CP118986.1,2361,<100 kb,tRNA-,1.0,0.3010299956639812
NZ_CP118987.1,2216,<100 kb,tRNA-,1.0,0.3010299956639812
NZ_CP123981.1,26934,<100 kb,tRNA-,5.0,0.7781512503836436
NZ_CP123982.1,6056,<100 kb,tRNA-,4.0,0.6989700043360189
NZ_CP123984.1,2473,<100 kb,tRNA-,5.0,0.7781512503836436
NZ_CP123985.1,2161,<100 kb,tRNA-,1.0,0.3010299956639812
NZ_CP129363.1,20539,<100 kb,tRNA-,2.0,0.47712125471966244
NZ_CP129371.1,2314,<100 kb,tRNA-,5.0,0.7781512503836436
NZ_CP129375.1,28674,<100 kb,tRNA-,2.0,0.47712125471966244
NZ_CP129378.1,2353,<100 kb,tRNA-,1.0,0.3010299956639812
NZ_CP129373.1,35321,<100 kb,tRNA-,6.0,0.8450980400142568
NZ_CP171743.1,26377,<100 kb,tRNA-,7.0,0.9030899869919435
NZ_CP132560.1,4439,<100 kb,tRNA-,1.0,0.3010299956639812
NZ_CP113108.1,36227,<100 kb,tRNA-,7.0,0.9030899869919435
NZ_CP133665.1,2366,<100 kb,tRNA-,5.0,0.7781512503836436
NZ_CP133664.1,34098,<100 kb,tRNA-,3.0,0.6020599913279624
NZ_CP134466.1,33176,<100 kb,tRNA+,6.0,0.8450980400142568
NZ_CP134468.1,28677,<100 kb,tRNA-,2.0,0.47712125471966244
NZ_CP120085.1,21424,<100 kb,tRNA-,1.0,0.3010299956639812
NZ_CP120104.1,4433,<100 kb,tRNA-,1.0,0.3010299956639812
NZ_CP120105.1,2557,<100 kb,tRNA-,1.0,0.3010299956639812
NZ_CP120075.1,25617,<100 kb,tRNA-,4.0,0.6989700043360189
NZ_CP121264.1,27953,<100 kb,tRNA-,2.0,0.47712125471966244
NZ_CP143640.1,40470,<100 kb,tRNA-,2.0,0.47712125471966244
NZ_CP142856.1,39524,<100 kb,tRNA-,7.0,0.9030899869919435
NZ_CP142857.1,34620,<100 kb,tRNA-,1.0,0.3010299956639812
NZ_CP142858.1,11952,<100 kb,tRNA-,1.0,0.3010299956639812
NZ_CP142859.1,2473,<100 kb,tRNA-,5.0,0.7781512503836436
NZ_CP143644.1,6056,<100 kb,tRNA-,4.0,0.6989700043360189
NZ_CP134841.1,46788,<100 kb,tRNA-,4.0,0.6989700043360189
NZ_CP090012.1,35196,<100 kb,tRNA-,4.0,0.6989700043360189
NZ_CP090013.1,20463,<100 kb,tRNA-,1.0,0.3010299956639812
NZ_CP090015.1,23944,<100 kb,tRNA-,7.0,0.9030899869919435
NZ_CP114451.1,24555,<100 kb,tRNA-,5.0,0.7781512503836436
NZ_CP114454.1,24519,<100 kb,tRNA-,5.0,0.7781512503836436
NZ_CP114457.1,24519,<100 kb,tRNA-,5.0,0.7781512503836436
NZ_CP133000.1,35344,<100 kb,tRNA-,4.0,0.6989700043360189
NZ_CP128356.1,81646,<100 kb,tRNA-,1.0,0.3010299956639812
NZ_CP154367.1,73671,<100 kb,tRNA-,4.0,0.6989700043360189
NZ_CP154371.1,4440,<100 kb,tRNA-,1.0,0.3010299956639812
NZ_AP028327.1,2234,<100 kb,tRNA-,1.0,0.3010299956639812
NZ_CP101503.1,48095,<100 kb,tRNA-,7.0,0.9030899869919435
NZ_CP101502.1,2362,<100 kb,tRNA-,5.0,0.7781512503836436
NZ_CP118791.1,171176,≥100 kb,tRNA-,1.0,0.3010299956639812
NZ_CP118793.1,100950,≥100 kb,tRNA-,1.0,0.3010299956639812
NZ_CP118795.1,33866,<100 kb,tRNA-,3.0,0.6020599913279624
NZ_CP118798.1,7970,<100 kb,tRNA-,5.0,0.7781512503836436
NZ_CP163556.1,2390,<100 kb,tRNA-,1.0,0.3010299956639812
NZ_CP163558.1,23220,<100 kb,tRNA-,3.0,0.6020599913279624
NZ_CP168761.1,42265,<100 kb,tRNA-,2.0,0.47712125471966244
NZ_CP168762.1,50207,<100 kb,tRNA-,9.0,1.0
NZ_CP168763.1,51225,<100 kb,tRNA-,20.0,1.3222192947339193
NZ_CP168758.1,6241,<100 kb,tRNA-,2.0,0.47712125471966244
NZ_CP170229.1,2216,<100 kb,tRNA-,1.0,0.3010299956639812
NZ_CP170231.1,5358,<100 kb,tRNA-,2.0,0.47712125471966244
NZ_CP170219.1,28961,<100 kb,tRNA-,4.0,0.6989700043360189
NZ_CP170220.1,2679,<100 kb,tRNA-,1.0,0.3010299956639812
NZ_CP170221.1,3911,<100 kb,tRNA-,1.0,0.3010299956639812
NZ_CP170236.1,19691,<100 kb,tRNA-,6.0,0.8450980400142568
NZ_CP170237.1,4198,<100 kb,tRNA-,2.0,0.47712125471966244
NZ_CP170239.1,9620,<100 kb,tRNA-,2.0,0.47712125471966244
NZ_CP170242.1,37180,<100 kb,tRNA-,9.0,1.0
NZ_CP170217.1,28141,<100 kb,tRNA-,8.0,0.9542425094393249
NZ_CP170215.1,29463,<100 kb,tRNA-,4.0,0.6989700043360189
NZ_CP170226.1,46229,<100 kb,tRNA-,10.0,1.0413926851582251
NZ_CP170223.1,37180,<100 kb,tRNA-,9.0,1.0
NZ_CP170241.1,37180,<100 kb,tRNA-,9.0,1.0
NZ_CP170233.1,20161,<100 kb,tRNA-,6.0,0.8450980400142568
NZ_CP170232.1,6850,<100 kb,tRNA-,2.0,0.47712125471966244
NZ_CP171615.1,4440,<100 kb,tRNA-,1.0,0.3010299956639812
NZ_CP084998.1,44512,<100 kb,tRNA-,9.0,1.0
NZ_CP084999.1,4827,<100 kb,tRNA-,1.0,0.3010299956639812
NZ_CP085002.1,3480,<100 kb,tRNA-,1.0,0.3010299956639812
NZ_CP085026.1,4439,<100 kb,tRNA-,1.0,0.3010299956639812
NZ_CP085028.1,39248,<100 kb,tRNA-,4.0,0.6989700043360189
NZ_CP085029.1,18302,<100 kb,tRNA-,1.0,0.3010299956639812
NZ_CP085030.1,17563,<100 kb,tRNA-,1.0,0.3010299956639812
NZ_CP085227.1,44512,<100 kb,tRNA-,9.0,1.0
NZ_CP085230.1,3480,<100 kb,tRNA-,1.0,0.3010299956639812
NZ_CP119686.1,40469,<100 kb,tRNA-,1.0,0.3010299956639812
NZ_CP119687.1,2539,<100 kb,tRNA-,1.0,0.3010299956639812
NZ_CP119699.1,26314,<100 kb,tRNA-,3.0,0.6020599913279624
NZ_CP119696.1,26308,<100 kb,tRNA-,3.0,0.6020599913279624
NZ_CP119704.1,30154,<100 kb,tRNA-,3.0,0.6020599913279624
NZ_CP119590.1,39166,<100 kb,tRNA-,1.0,0.3010299956639812
NZ_CP119706.1,21105,<100 kb,tRNA-,1.0,0.3010299956639812
NZ_CP119684.1,2501,<100 kb,tRNA-,1.0,0.3010299956639812
NZ_CP064486.1,2369,<100 kb,tRNA-,5.0,0.7781512503836436
NZ_CP064487.1,13568,<100 kb,tRNA-,1.0,0.3010299956639812
NZ_CP064488.1,3785,<100 kb,tRNA-,1.0,0.3010299956639812
NZ_CP064468.1,2366,<100 kb,tRNA-,5.0,0.7781512503836436
NZ_CP064469.1,13568,<100 kb,tRNA-,1.0,0.3010299956639812
NZ_AP038760.1,33285,<100 kb,tRNA-,6.0,0.8450980400142568
NZ_CP064454.1,35521,<100 kb,tRNA+,1.0,0.3010299956639812
NZ_CP064455.1,32518,<100 kb,tRNA-,2.0,0.47712125471966244
NZ_CP064457.1,2473,<100 kb,tRNA-,5.0,0.7781512503836436
NZ_CP064459.1,35114,<100 kb,tRNA-,3.0,0.6020599913279624
NZ_CP064462.1,34789,<100 kb,tRNA-,2.0,0.47712125471966244
NZ_CP064465.1,2473,<100 kb,tRNA-,5.0,0.7781512503836436
NZ_CP064466.1,13624,<100 kb,tRNA-,1.0,0.3010299956639812
NZ_CP064647.1,54585,<100 kb,tRNA-,1.0,0.3010299956639812
NZ_CP064472.1,34408,<100 kb,tRNA-,5.0,0.7781512503836436
NZ_CP064474.1,2366,<100 kb,tRNA-,5.0,0.7781512503836436
NZ_CP064475.1,31100,<100 kb,tRNA-,1.0,0.3010299956639812
NZ_CP064477.1,23263,<100 kb,tRNA-,2.0,0.47712125471966244
NZ_CP064479.1,29612,<100 kb,tRNA-,4.0,0.6989700043360189
NZ_CP064481.1,23263,<100 kb,tRNA-,2.0,0.47712125471966244
NZ_CP064483.1,29612,<100 kb,tRNA-,4.0,0.6989700043360189
NZ_CP064490.1,53248,<100 kb,tRNA+,1.0,0.3010299956639812
NZ_CP064492.1,25966,<100 kb,tRNA-,1.0,0.3010299956639812
NZ_CP064495.1,6937,<100 kb,tRNA-,1.0,0.3010299956639812
NZ_CP064497.1,12447,<100 kb,tRNA-,5.0,0.7781512503836436
NZ_CP064500.1,23263,<100 kb,tRNA-,2.0,0.47712125471966244
NZ_CP064502.1,29612,<100 kb,tRNA-,4.0,0.6989700043360189
NZ_CP064505.1,2536,<100 kb,tRNA-,1.0,0.3010299956639812
NZ_CP064506.1,28877,<100 kb,tRNA-,3.0,0.6020599913279624
NZ_CP064509.1,23263,<100 kb,tRNA-,2.0,0.47712125471966244
NZ_CP064511.1,29612,<100 kb,tRNA-,4.0,0.6989700043360189
NZ_CP064513.1,2473,<100 kb,tRNA-,5.0,0.7781512503836436
NZ_CP064514.1,26752,<100 kb,tRNA-,3.0,0.6020599913279624
NZ_CP064515.1,14452,<100 kb,tRNA-,1.0,0.3010299956639812
NZ_CP064517.1,23263,<100 kb,tRNA-,2.0,0.47712125471966244
NZ_CP064520.1,2241,<100 kb,tRNA-,1.0,0.3010299956639812
NZ_CP064522.1,25966,<100 kb,tRNA-,1.0,0.3010299956639812
NZ_CP064524.1,45264,<100 kb,tRNA-,1.0,0.3010299956639812
NZ_CP064526.1,2366,<100 kb,tRNA-,5.0,0.7781512503836436
NZ_CP064527.1,13569,<100 kb,tRNA-,1.0,0.3010299956639812
NZ_CP064529.1,4440,<100 kb,tRNA-,1.0,0.3010299956639812
NZ_CP064530.1,34408,<100 kb,tRNA-,5.0,0.7781512503836436
NZ_CP064534.1,28084,<100 kb,tRNA-,3.0,0.6020599913279624
NZ_CP064535.1,6935,<100 kb,tRNA-,1.0,0.3010299956639812
NZ_CP064541.1,4460,<100 kb,tRNA-,1.0,0.3010299956639812
NZ_CP064542.1,2366,<100 kb,tRNA-,5.0,0.7781512503836436
NZ_CP064537.1,34408,<100 kb,tRNA-,5.0,0.7781512503836436
NZ_CP064544.1,2537,<100 kb,tRNA-,1.0,0.3010299956639812
NZ_CP064546.1,2366,<100 kb,tRNA-,5.0,0.7781512503836436
NZ_CP064547.1,13568,<100 kb,tRNA-,1.0,0.3010299956639812
NZ_CP064553.1,43414,<100 kb,tRNA-,1.0,0.3010299956639812
NZ_CP064558.1,2366,<100 kb,tRNA-,5.0,0.7781512503836436
NZ_CP064559.1,13569,<100 kb,tRNA-,1.0,0.3010299956639812
NZ_CP064561.1,23263,<100 kb,tRNA-,2.0,0.47712125471966244
NZ_CP064569.1,25966,<100 kb,tRNA-,1.0,0.3010299956639812
NZ_CP064570.1,37301,<100 kb,tRNA+,1.0,0.3010299956639812
NZ_CP064573.1,13569,<100 kb,tRNA-,1.0,0.3010299956639812
NZ_CP064575.1,2366,<100 kb,tRNA-,5.0,0.7781512503836436
NZ_CP064576.1,13569,<100 kb,tRNA-,1.0,0.3010299956639812
NZ_CP064577.1,2381,<100 kb,tRNA-,1.0,0.3010299956639812
NZ_CP064579.1,3785,<100 kb,tRNA-,1.0,0.3010299956639812
NZ_CP064581.1,14452,<100 kb,tRNA-,1.0,0.3010299956639812
NZ_CP064591.1,2366,<100 kb,tRNA-,5.0,0.7781512503836436
NZ_CP064592.1,13569,<100 kb,tRNA-,1.0,0.3010299956639812
NZ_CP064588.1,23263,<100 kb,tRNA-,2.0,0.47712125471966244
NZ_CP064594.1,25966,<100 kb,tRNA-,1.0,0.3010299956639812
NZ_CP064595.1,51448,<100 kb,tRNA+,1.0,0.3010299956639812
NZ_CP064596.1,9757,<100 kb,tRNA-,5.0,0.7781512503836436
NZ_CP064600.1,2366,<100 kb,tRNA-,5.0,0.7781512503836436
NZ_CP064601.1,13569,<100 kb,tRNA-,1.0,0.3010299956639812
NZ_CP064604.1,2366,<100 kb,tRNA-,5.0,0.7781512503836436
NZ_CP064605.1,13569,<100 kb,tRNA-,1.0,0.3010299956639812
NZ_CP064614.1,2366,<100 kb,tRNA-,5.0,0.7781512503836436
NZ_CP064615.1,13569,<100 kb,tRNA-,1.0,0.3010299956639812
NZ_CP064607.1,2366,<100 kb,tRNA-,5.0,0.7781512503836436
NZ_CP064608.1,13569,<100 kb,tRNA-,1.0,0.3010299956639812
NZ_CP064610.1,2366,<100 kb,tRNA-,5.0,0.7781512503836436
NZ_CP064611.1,13569,<100 kb,tRNA-,1.0,0.3010299956639812
NZ_CP064617.1,2366,<100 kb,tRNA-,5.0,0.7781512503836436
NZ_CP064618.1,13569,<100 kb,tRNA-,1.0,0.3010299956639812
NZ_CP064620.1,2366,<100 kb,tRNA-,5.0,0.7781512503836436
NZ_CP064621.1,13569,<100 kb,tRNA-,1.0,0.3010299956639812
NZ_CP064623.1,31127,<100 kb,tRNA-,2.0,0.47712125471966244
NZ_CP064625.1,13569,<100 kb,tRNA-,1.0,0.3010299956639812
NZ_CP064627.1,2418,<100 kb,tRNA-,5.0,0.7781512503836436
NZ_CP064628.1,28879,<100 kb,tRNA-,3.0,0.6020599913279624
NZ_CP064630.1,2390,<100 kb,tRNA-,1.0,0.3010299956639812
NZ_CP064632.1,13569,<100 kb,tRNA-,1.0,0.3010299956639812
NZ_CP064634.1,32517,<100 kb,tRNA-,2.0,0.47712125471966244
NZ_CP064635.1,51447,<100 kb,tRNA+,1.0,0.3010299956639812
NZ_CP064636.1,9757,<100 kb,tRNA-,5.0,0.7781512503836436
NZ_CP064638.1,2366,<100 kb,tRNA-,5.0,0.7781512503836436
NZ_CP064639.1,13569,<100 kb,tRNA-,1.0,0.3010299956639812
NZ_CP064641.1,51447,<100 kb,tRNA+,1.0,0.3010299956639812
NZ_CP064642.1,27298,<100 kb,tRNA-,1.0,0.3010299956639812
NZ_CP064643.1,9757,<100 kb,tRNA-,5.0,0.7781512503836436
NZ_CP064645.1,28084,<100 kb,tRNA-,3.0,0.6020599913279624
NZ_CP064566.1,43382,<100 kb,tRNA-,1.0,0.3010299956639812
NZ_CP178242.1,50117,<100 kb,tRNA-,8.0,0.9542425094393249
NZ_CP132390.1,45146,<100 kb,tRNA-,1.0,0.3010299956639812
NZ_CP132392.1,23129,<100 kb,tRNA-,2.0,0.47712125471966244
NZ_CP132395.1,40395,<100 kb,tRNA-,1.0,0.3010299956639812
NZ_CP132402.1,4469,<100 kb,tRNA-,2.0,0.47712125471966244
NZ_CP178725.1,4555,<100 kb,tRNA-,1.0,0.3010299956639812
NZ_CP178724.1,27354,<100 kb,tRNA-,1.0,0.3010299956639812
NZ_CP178842.1,50114,<100 kb,tRNA-,1.0,0.3010299956639812
NZ_CP178727.1,14902,<100 kb,tRNA-,1.0,0.3010299956639812
NZ_CP180535.1,2473,<100 kb,tRNA-,5.0,0.7781512503836436
NZ_CP132545.1,69783,<100 kb,tRNA-,2.0,0.47712125471966244
NZ_CP183487.1,26563,<100 kb,tRNA-,1.0,0.3010299956639812
NZ_CP183794.1,53126,<100 kb,tRNA-,2.0,0.47712125471966244
NZ_CP133230.1,42794,<100 kb,tRNA-,1.0,0.3010299956639812
NZ_CP133233.1,2359,<100 kb,tRNA-,1.0,0.3010299956639812
NZ_CP133234.1,2443,<100 kb,tRNA-,1.0,0.3010299956639812
NZ_CP133236.1,11110,<100 kb,tRNA-,1.0,0.3010299956639812
NZ_CP183799.1,58673,<100 kb,tRNA-,6.0,0.8450980400142568
NZ_CP183798.1,35404,<100 kb,tRNA-,3.0,0.6020599913279624
NZ_CP185996.1,3085,<100 kb,tRNA-,1.0,0.3010299956639812
NZ_CP188058.1,68050,<100 kb,tRNA-,2.0,0.47712125471966244
NZ_CP188083.1,4336,<100 kb,tRNA-,2.0,0.47712125471966244
NZ_CP188214.1,4886,<100 kb,tRNA-,2.0,0.47712125471966244
NZ_LT571450.1,45804,<100 kb,tRNA-,1.0,0.3010299956639812
NZ_LT571451.1,2366,<100 kb,tRNA-,5.0,0.7781512503836436
NZ_LR736240.1,13569,<100 kb,tRNA-,1.0,0.3010299956639812
NC_015219.1,20765,<100 kb,tRNA-,2.0,0.47712125471966244
NC_017585.1,1812548,≥100 kb,tRNA+,1.0,0.3010299956639812
NC_016113.1,1809491,≥100 kb,tRNA+,1.0,0.3010299956639812
NZ_CP012742.1,4944,<100 kb,tRNA-,5.0,0.7781512503836436
NZ_CP024844.1,13781,<100 kb,tRNA-,6.0,0.8450980400142568
NZ_AP018727.1,28095,<100 kb,tRNA-,2.0,0.47712125471966244
NZ_CP025421.1,23538,<100 kb,tRNA-,1.0,0.3010299956639812
NZ_CP032701.1,4968,<100 kb,tRNA-,5.0,0.7781512503836436
NZ_CP044094.1,1330,<100 kb,tRNA-,5.0,0.7781512503836436
NZ_CP044494.1,13108,<100 kb,tRNA-,13.0,1.146128035678238
NZ_CP076722.1,7550,<100 kb,tRNA-,5.0,0.7781512503836436
NZ_CP104191.1,12786,<100 kb,tRNA-,1.0,0.3010299956639812
NZ_CP082784.1,12659,<100 kb,tRNA-,1.0,0.3010299956639812
NZ_CP136944.1,34665,<100 kb,tRNA-,6.0,0.8450980400142568
NZ_CP161816.1,29824,<100 kb,tRNA-,1.0,0.3010299956639812
NZ_CP102144.1,6022,<100 kb,tRNA-,5.0,0.7781512503836436
NZ_CP102142.1,5459,<100 kb,tRNA-,5.0,0.7781512503836436
NZ_CP102147.1,5711,<100 kb,tRNA-,5.0,0.7781512503836436
NZ_CP135067.1,1060,<100 kb,tRNA-,5.0,0.7781512503836436
NZ_CP135592.1,67713,<100 kb,tRNA-,1.0,0.3010299956639812
NZ_CP136949.1,4967,<100 kb,tRNA-,5.0,0.7781512503836436
NZ_CP136952.1,4967,<100 kb,tRNA-,5.0,0.7781512503836436
NZ_CP185346.1,8348,<100 kb,tRNA-,1.0,0.3010299956639812
NZ_CP016560.1,707056,≥100 kb,tRNA-,2.0,0.47712125471966244
NZ_CP030864.1,561689,≥100 kb,tRNA-,1.0,0.3010299956639812
NZ_CP032054.1,1051520,≥100 kb,tRNA-,2.0,0.47712125471966244
NZ_CP023408.1,926728,≥100 kb,tRNA+,1.0,0.3010299956639812
NZ_CP027859.1,1795495,≥100 kb,tRNA-,2.0,0.47712125471966244
NZ_CP045850.1,1794824,≥100 kb,tRNA-,2.0,0.47712125471966244
NZ_CP065247.1,716893,≥100 kb,tRNA-,2.0,0.47712125471966244
NZ_CP065249.1,723139,≥100 kb,tRNA-,2.0,0.47712125471966244
NZ_CP065256.1,716977,≥100 kb,tRNA-,2.0,0.47712125471966244
NZ_CP065259.1,727711,≥100 kb,tRNA-,2.0,0.47712125471966244
NZ_CP065254.1,719983,≥100 kb,tRNA-,2.0,0.47712125471966244
NZ_CP065235.1,706856,≥100 kb,tRNA-,2.0,0.47712125471966244
NZ_CP065240.1,727976,≥100 kb,tRNA-,2.0,0.47712125471966244
NZ_CP065262.1,717932,≥100 kb,tRNA-,2.0,0.47712125471966244
NZ_CP065242.1,718714,≥100 kb,tRNA-,2.0,0.47712125471966244
NZ_CP065245.1,720761,≥100 kb,tRNA-,2.0,0.47712125471966244
NZ_CP070252.1,3243,<100 kb,tRNA-,1.0,0.3010299956639812
NZ_CP070253.1,2059,<100 kb,tRNA-,1.0,0.3010299956639812
NZ_CP115301.1,273284,≥100 kb,tRNA-,1.0,0.3010299956639812
NZ_CP086233.1,1795699,≥100 kb,tRNA-,2.0,0.47712125471966244
NZ_CP107771.1,9295,<100 kb,tRNA-,5.0,0.7781512503836436
NZ_CP072432.1,118735,≥100 kb,tRNA+,1.0,0.3010299956639812
NZ_CP108841.1,1160295,≥100 kb,tRNA-,1.0,0.3010299956639812
NZ_CP081497.1,2808962,≥100 kb,tRNA+,1.0,0.3010299956639812
NZ_AP026074.1,1073703,≥100 kb,tRNA-,2.0,0.47712125471966244
NZ_CP095012.1,549987,≥100 kb,tRNA-,1.0,0.3010299956639812
NZ_CP108069.1,489730,≥100 kb,tRNA-,1.0,0.3010299956639812
NZ_CP108139.1,266950,≥100 kb,tRNA-,1.0,0.3010299956639812
NZ_CP108272.1,680406,≥100 kb,tRNA-,1.0,0.3010299956639812
NZ_CP108245.1,639575,≥100 kb,tRNA+,1.0,0.3010299956639812
NZ_CP108119.1,605427,≥100 kb,tRNA-,1.0,0.3010299956639812
NZ_CP169549.1,533741,≥100 kb,tRNA-,1.0,0.3010299956639812
NZ_CP187114.1,2010573,≥100 kb,tRNA+,1.0,0.3010299956639812
NZ_CP108509.1,1601525,≥100 kb,tRNA+,1.0,0.3010299956639812
NZ_CP109328.1,1272728,≥100 kb,tRNA-,6.0,0.8450980400142568
NZ_CP109366.1,678025,≥100 kb,tRNA+,1.0,0.3010299956639812
NZ_CP108558.1,702902,≥100 kb,tRNA-,1.0,0.3010299956639812
NZ_CP109481.1,2351338,≥100 kb,tRNA+,1.0,0.3010299956639812
NZ_CP109501.1,897515,≥100 kb,tRNA+,1.0,0.3010299956639812
NZ_CP108440.1,834464,≥100 kb,tRNA-,1.0,0.3010299956639812
NZ_CP107758.1,669226,≥100 kb,tRNA+,1.0,0.3010299956639812
NZ_CP173704.1,4062096,≥100 kb,tRNA+,3.0,0.6020599913279624
NZ_CP109047.1,559551,≥100 kb,tRNA+,1.0,0.3010299956639812
NZ_CP177299.1,352457,≥100 kb,tRNA-,1.0,0.3010299956639812
NZ_CP191373.1,884218,≥100 kb,tRNA-,1.0,0.3010299956639812
NC_014754.1,118585,≥100 kb,tRNA-,2.0,0.47712125471966244
NZ_CP063359.1,88056,<100 kb,tRNA-,7.0,0.9030899869919435
NZ_CP078510.1,261166,≥100 kb,tRNA-,3.0,0.6020599913279624
NZ_CP085150.1,6286,<100 kb,tRNA-,1.0,0.3010299956639812
NZ_CP081124.1,78481,<100 kb,tRNA-,2.0,0.47712125471966244
NZ_CP136686.1,6301,<100 kb,tRNA-,1.0,0.3010299956639812
NZ_CP136689.1,6271,<100 kb,tRNA-,1.0,0.3010299956639812
NZ_CP136700.1,15137,<100 kb,tRNA-,1.0,0.3010299956639812
NZ_CP139732.1,4986,<100 kb,tRNA-,1.0,0.3010299956639812
NZ_CP028340.1,53761,<100 kb,tRNA-,2.0,0.47712125471966244
NZ_CP058410.1,289634,≥100 kb,tRNA+,4.0,0.6989700043360189
NZ_CP125782.1,51539,<100 kb,tRNA-,2.0,0.47712125471966244
NZ_CP144686.1,249487,≥100 kb,tRNA-,1.0,0.3010299956639812
NZ_CP144688.1,249352,≥100 kb,tRNA-,1.0,0.3010299956639812
NZ_CP007636.1,167267,≥100 kb,tRNA-,21.0,1.3424226808222062
NZ_CP019295.1,157074,≥100 kb,tRNA-,4.0,0.6989700043360189
NZ_CP020079.1,204531,≥100 kb,tRNA-,5.0,0.7781512503836436
NZ_CP033514.1,171829,≥100 kb,tRNA-,11.0,1.0791812460476249
NZ_CP038866.1,27416,<100 kb,tRNA-,5.0,0.7781512503836436
NZ_CP045351.1,1317907,≥100 kb,tRNA+,1.0,0.3010299956639812
NZ_CP046773.1,131705,≥100 kb,tRNA-,5.0,0.7781512503836436
NZ_CP040171.1,140291,≥100 kb,tRNA-,4.0,0.6989700043360189
NZ_CP060721.1,61957,<100 kb,tRNA-,2.0,0.47712125471966244
NZ_CP063167.1,2479635,≥100 kb,tRNA+,2.0,0.47712125471966244
NZ_CP069196.1,213874,≥100 kb,tRNA-,12.0,1.1139433523068367
NZ_CP070344.1,1239157,≥100 kb,tRNA-,2.0,0.47712125471966244
NZ_AP023416.1,860917,≥100 kb,tRNA+,5.0,0.7781512503836436
NZ_CP080464.1,33998,<100 kb,tRNA-,3.0,0.6020599913279624
NZ_AP019851.1,306247,≥100 kb,tRNA-,9.0,1.0
NZ_AP024167.1,320083,≥100 kb,tRNA-,9.0,1.0
NZ_CP081834.1,33485,<100 kb,tRNA-,10.0,1.0413926851582251
NZ_CP081464.1,11384,<100 kb,tRNA-,5.0,0.7781512503836436
NZ_CP085846.1,208057,≥100 kb,tRNA-,13.0,1.146128035678238
NZ_CP097018.1,19187,<100 kb,tRNA-,3.0,0.6020599913279624
NZ_CP097054.1,19187,<100 kb,tRNA-,3.0,0.6020599913279624
NZ_CP097073.1,10004,<100 kb,tRNA-,2.0,0.47712125471966244
NZ_CP050465.1,2057352,≥100 kb,tRNA+,3.0,0.6020599913279624
NZ_CP116506.1,19187,<100 kb,tRNA-,3.0,0.6020599913279624
NZ_CP116509.1,27307,<100 kb,tRNA-,8.0,0.9542425094393249
NZ_CP138514.1,1192185,≥100 kb,tRNA+,2.0,0.47712125471966244
NZ_CP138516.1,1298350,≥100 kb,tRNA-,2.0,0.47712125471966244
NZ_CP134059.1,139375,≥100 kb,tRNA-,13.0,1.146128035678238
NZ_CP140105.1,221646,≥100 kb,tRNA-,8.0,0.9542425094393249
NZ_AP028805.1,182635,≥100 kb,tRNA-,28.0,1.462397997898956
NZ_CP135179.1,6093,<100 kb,tRNA-,1.0,0.3010299956639812
NZ_CP161856.1,13092,<100 kb,tRNA-,4.0,0.6989700043360189
NZ_CP162909.1,198667,≥100 kb,tRNA+,2.0,0.47712125471966244
NZ_AP028658.1,1282679,≥100 kb,tRNA-,2.0,0.47712125471966244
NZ_AP028662.1,1372437,≥100 kb,tRNA+,2.0,0.47712125471966244
NZ_AP028665.1,1117550,≥100 kb,tRNA+,2.0,0.47712125471966244
NZ_AP028668.1,1282679,≥100 kb,tRNA-,2.0,0.47712125471966244
NZ_AP028670.1,1282679,≥100 kb,tRNA-,2.0,0.47712125471966244
NZ_CP158976.1,139375,≥100 kb,tRNA-,13.0,1.146128035678238
NZ_CP173270.1,170522,≥100 kb,tRNA-,11.0,1.0791812460476249
NZ_CP173267.1,148732,≥100 kb,tRNA-,8.0,0.9542425094393249
NZ_LR134454.1,288890,≥100 kb,tRNA-,1.0,0.3010299956639812
NZ_LR134463.1,148472,≥100 kb,tRNA-,1.0,0.3010299956639812
NZ_LR134467.1,102145,≥100 kb,tRNA-,1.0,0.3010299956639812
NZ_LR594660.1,839194,≥100 kb,tRNA+,2.0,0.47712125471966244
NZ_OW443149.1,139375,≥100 kb,tRNA-,13.0,1.146128035678238
NZ_CP009357.1,122808,≥100 kb,tRNA-,3.0,0.6020599913279624
NZ_CP022424.1,282640,≥100 kb,tRNA+,2.0,0.47712125471966244
NZ_CP025539.1,185327,≥100 kb,tRNA-,7.0,0.9030899869919435
NZ_CP033579.1,195680,≥100 kb,tRNA-,2.0,0.47712125471966244
NZ_CP045339.1,1722714,≥100 kb,tRNA+,4.0,0.6989700043360189
NZ_CP045340.1,518670,≥100 kb,tRNA-,2.0,0.47712125471966244
NZ_CP045356.1,1848699,≥100 kb,tRNA+,4.0,0.6989700043360189
NZ_CP046066.1,1847800,≥100 kb,tRNA+,4.0,0.6989700043360189
NZ_CP046163.1,1848698,≥100 kb,tRNA+,4.0,0.6989700043360189
NZ_CP034301.1,193123,≥100 kb,tRNA-,10.0,1.0413926851582251
NZ_AP025146.1,285021,≥100 kb,tRNA-,2.0,0.47712125471966244
NZ_AP025151.1,240687,≥100 kb,tRNA-,2.0,0.47712125471966244
NZ_CP089604.1,193896,≥100 kb,tRNA-,12.0,1.1139433523068367
NZ_CP068629.1,83353,<100 kb,tRNA-,7.0,0.9030899869919435
NZ_CP068632.1,75682,<100 kb,tRNA-,4.0,0.6989700043360189
NZ_CP068640.1,74001,<100 kb,tRNA-,1.0,0.3010299956639812
NZ_CP080241.1,32685,<100 kb,tRNA-,1.0,0.3010299956639812
NZ_CP100424.1,198507,≥100 kb,tRNA-,15.0,1.2041199826559248
NZ_AP025489.1,332195,≥100 kb,tRNA-,2.0,0.47712125471966244
NZ_AP025505.1,395604,≥100 kb,tRNA-,2.0,0.47712125471966244
NZ_AP026554.1,322993,≥100 kb,tRNA+,2.0,0.47712125471966244
NZ_AP021871.1,118436,≥100 kb,tRNA-,8.0,0.9542425094393249
NZ_CP114196.1,222614,≥100 kb,tRNA-,2.0,0.47712125471966244
NZ_CP080480.1,191858,≥100 kb,tRNA-,9.0,1.0
NZ_CP092108.1,6305,<100 kb,tRNA-,1.0,0.3010299956639812
NZ_CP115190.1,207270,≥100 kb,tRNA-,6.0,0.8450980400142568
NZ_AP028130.1,370014,≥100 kb,tRNA-,26.0,1.4313637641589874
NZ_CP128206.1,85626,<100 kb,tRNA-,5.0,0.7781512503836436
NZ_CP134785.1,126955,≥100 kb,tRNA-,5.0,0.7781512503836436
NZ_CP150904.1,215724,≥100 kb,tRNA-,8.0,0.9542425094393249
NZ_CP150911.1,215724,≥100 kb,tRNA-,8.0,0.9542425094393249
NZ_CP150866.1,229659,≥100 kb,tRNA-,18.0,1.2787536009528289
NZ_CP150859.1,157684,≥100 kb,tRNA-,2.0,0.47712125471966244
NZ_CP162602.1,874895,≥100 kb,tRNA+,1.0,0.3010299956639812
NZ_CP128805.1,172213,≥100 kb,tRNA-,12.0,1.1139433523068367
NZ_CP091080.1,20174,<100 kb,tRNA-,1.0,0.3010299956639812
NZ_CP091077.1,15112,<100 kb,tRNA-,2.0,0.47712125471966244
NZ_CP116395.1,11829,<100 kb,tRNA-,5.0,0.7781512503836436
NZ_CP115970.1,42382,<100 kb,tRNA-,3.0,0.6020599913279624
NZ_CP010410.1,508653,≥100 kb,tRNA+,1.0,0.3010299956639812
NZ_CP018471.1,62784,<100 kb,tRNA-,1.0,0.3010299956639812
NZ_AP028969.1,502301,≥100 kb,tRNA+,1.0,0.3010299956639812
NZ_CP023686.1,40858,<100 kb,tRNA-,1.0,0.3010299956639812
NZ_CP050812.1,125281,≥100 kb,tRNA-,11.0,1.0791812460476249
NZ_CP076818.1,99399,<100 kb,tRNA-,2.0,0.47712125471966244
NZ_CP076819.1,13776,<100 kb,tRNA-,4.0,0.6989700043360189
NZ_CP050416.1,150385,≥100 kb,tRNA-,16.0,1.2304489213782739
