GCF_ID,Replicon_Acc,Length,Replicon_Type,Total_tRNA,Ala,Arg,Asn,Asp,Cys,Gln,Glu,Gly,His,Ile,Leu,Lys,Met,Phe,Pro,Ser,Thr,Trp,Tyr,Val,Sec,OTHER,Domain,Phylum,Class,Order,Family,Genus
GCF_000011085.1,NC_006394.1,155300,Plasmid,1,0,0,0,0,0,0,1,0,0,0,0,0,0,0,0,0,0,0,0,0,0,0,,Methanobacteriota,Halobacteria,Halobacteriales,Haloarculaceae,Haloarcula
GCF_000306765.2,NC_017943.1,321908,Plasmid,1,0,0,0,0,0,0,0,0,0,0,0,0,0,0,0,1,0,0,0,0,0,0,,Methanobacteriota,Halobacteria,Halobacteriales,Haloferacaceae,Haloferax
GCF_001190965.1,NZ_CP011949.1,335881,Plasmid,1,0,0,0,0,0,0,0,0,0,0,0,0,1,0,0,0,0,0,0,0,0,0,,Methanobacteriota,Halobacteria,Halobacteriales,Haloferacaceae,Haloferax
GCF_005310945.1,NZ_CP039134.1,155291,Plasmid,1,0,0,0,0,0,0,1,0,0,0,0,0,0,0,0,0,0,0,0,0,0,0,,Methanobacteriota,Halobacteria,Halobacteriales,Haloarculaceae,Haloarcula
GCF_005310945.1,NZ_CP039136.1,288045,Plasmid,1,0,0,0,0,0,0,0,0,0,0,0,1,0,0,0,0,0,0,0,0,0,0,,Methanobacteriota,Halobacteria,Halobacteriales,Haloarculaceae,Haloarcula
GCF_005406325.1,NZ_CP039141.1,321907,Plasmid,1,0,0,0,0,0,0,0,0,0,0,0,0,0,0,0,1,0,0,0,0,0,0,,Methanobacteriota,Halobacteria,Halobacteriales,Haloferacaceae,Haloferax
GCF_005576615.1,NZ_CP040331.1,492102,Plasmid,12,0,1,0,1,0,1,2,0,0,0,2,0,1,0,1,2,1,0,0,0,0,0,,Methanobacteriota,Halobacteria,Halobacteriales,Natrialbaceae,Natrinema
GCF_013402815.2,NZ_CP084881.1,56996,Plasmid,1,0,0,0,0,0,0,0,0,0,0,0,0,0,0,0,0,0,1,0,0,0,0,,Methanobacteriota,Halobacteria,Halobacteriales,Natrialbaceae,Natrinema
GCF_013456555.2,NZ_CP084882.1,508040,Plasmid,1,0,0,0,0,0,0,0,0,0,1,0,0,0,0,0,0,0,0,0,0,0,0,,Methanobacteriota,Halobacteria,Halobacteriales,Natrialbaceae,Natrinema
GCF_013456555.2,NZ_CP084884.1,358925,Plasmid,1,0,0,0,0,0,0,0,0,0,1,0,0,0,0,0,0,0,0,0,0,0,0,,Methanobacteriota,Halobacteria,Halobacteriales,Natrialbaceae,Natrinema
GCF_014969745.1,NZ_CP063206.1,608598,Plasmid,1,0,0,0,0,0,0,0,0,0,0,0,0,1,0,0,0,0,0,0,0,0,0,,Methanobacteriota,Halobacteria,Halobacteriales,Haloferacaceae,Haloferax
GCF_014969745.1,NZ_CP063207.1,322970,Plasmid,1,0,0,0,0,0,0,0,0,0,0,0,0,1,0,0,0,0,0,0,0,0,0,,Methanobacteriota,Halobacteria,Halobacteriales,Haloferacaceae,Haloferax
GCF_018200015.1,NZ_CP073368.1,540110,Plasmid,2,0,0,0,0,0,0,0,0,0,0,0,1,1,0,0,0,0,0,0,0,0,0,,Methanobacteriota,Halobacteria,Halobacteriales,Haloarculaceae,Haloarcula
GCF_020614375.1,NZ_CP085328.1,487259,Plasmid,1,0,0,0,0,0,0,0,0,0,0,0,0,0,0,0,0,1,0,0,0,0,0,,Methanobacteriota,Halobacteria,Halobacteriales,Haladaptataceae,Haladaptatus
GCF_020614375.1,NZ_CP085333.1,338577,Plasmid,1,0,0,0,0,0,0,0,0,0,0,1,0,0,0,0,0,0,0,0,0,0,0,,Methanobacteriota,Halobacteria,Halobacteriales,Haladaptataceae,Haladaptatus
GCF_020618475.1,NZ_CP085337.1,816114,Plasmid,2,0,0,0,0,0,0,0,0,0,0,2,0,0,0,0,0,0,0,0,0,0,0,,Methanobacteriota,Halobacteria,Halobacteriales,Haladaptataceae,Haladaptatus
GCF_020618475.1,NZ_CP085339.1,599015,Plasmid,3,0,0,0,0,0,0,0,0,0,0,1,0,0,0,0,0,2,0,0,0,0,0,,Methanobacteriota,Halobacteria,Halobacteriales,Haladaptataceae,Haladaptatus
GCF_020700235.1,NZ_CP085302.1,572393,Plasmid,3,0,0,0,0,0,0,0,0,0,0,1,0,0,0,0,0,2,0,0,0,0,0,,Methanobacteriota,Halobacteria,Halobacteriales,Haladaptataceae,Haladaptatus
GCF_020700235.1,NZ_CP085303.1,365107,Plasmid,1,0,0,0,0,0,0,0,0,0,0,0,0,0,0,0,0,1,0,0,0,0,0,,Methanobacteriota,Halobacteria,Halobacteriales,Haladaptataceae,Haladaptatus
GCF_020700235.1,NZ_CP085304.1,276260,Plasmid,1,0,0,0,0,0,0,0,0,0,0,1,0,0,0,0,0,0,0,0,0,0,0,,Methanobacteriota,Halobacteria,Halobacteriales,Haladaptataceae,Haladaptatus
GCF_020700235.1,NZ_CP085306.1,114740,Plasmid,1,0,0,0,0,0,0,0,0,0,0,0,0,0,0,0,0,1,0,0,0,0,0,,Methanobacteriota,Halobacteria,Halobacteriales,Haladaptataceae,Haladaptatus
GCF_026248685.1,NZ_CP111040.1,606999,Plasmid,2,0,0,0,0,0,0,0,0,0,0,1,0,0,0,0,0,1,0,0,0,0,0,,Methanobacteriota,Halobacteria,Halobacteriales,Haladaptataceae,Haladaptatus
GCF_026248685.1,NZ_CP111041.1,557465,Plasmid,1,0,0,0,0,0,0,0,0,0,0,0,0,0,0,0,0,1,0,0,0,0,0,,Methanobacteriota,Halobacteria,Halobacteriales,Haladaptataceae,Haladaptatus
GCF_026248685.1,NZ_CP111042.1,389240,Plasmid,1,0,0,0,0,0,0,0,0,0,0,0,0,0,0,0,0,1,0,0,0,0,0,,Methanobacteriota,Halobacteria,Halobacteriales,Haladaptataceae,Haladaptatus
GCF_029278565.1,NZ_CP119561.1,363408,Plasmid,20,0,2,0,1,0,1,2,2,1,1,3,0,1,0,1,2,0,1,1,1,0,0,,Methanobacteriota,Halobacteria,Halobacteriales,Haloarculaceae,Haloarcula
GCF_029338275.1,NZ_CP119790.1,335333,Plasmid,5,0,0,0,1,0,0,0,0,0,0,0,0,0,0,1,2,0,1,0,0,0,0,,Methanobacteriota,Halobacteria,Halobacteriales,Haloarculaceae,Haloarcula
GCF_030127105.1,NZ_CP126162.1,478761,Plasmid,1,0,0,0,0,0,0,0,1,0,0,0,0,0,0,0,0,0,0,0,0,0,0,,Methanobacteriota,Halobacteria,Halobacteriales,Haloarculaceae,Haloarcula
GCF_019879105.1,NZ_CP082247.1,891417,Plasmid,1,1,0,0,0,0,0,0,0,0,0,0,0,0,0,0,0,0,0,0,0,0,0,,Methanobacteriota,Halobacteria,Halobacteriales,Natrialbaceae,Natrinema
GCF_019879105.1,NZ_CP082248.1,881002,Plasmid,2,1,0,0,0,0,0,0,0,0,1,0,0,0,0,0,0,0,0,0,0,0,0,,Methanobacteriota,Halobacteria,Halobacteriales,Natrialbaceae,Natrinema
GCF_049568665.1,NZ_CP145897.1,3058531,Plasmid,48,2,5,1,2,1,2,2,4,1,2,5,2,2,1,3,4,3,1,1,3,0,1,,Methanobacteriota,Halobacteria,Halobacteriales,Haladaptataceae,Haladaptatus
GCF_049568665.1,NZ_CP145898.1,372797,Plasmid,1,1,0,0,0,0,0,0,0,0,0,0,0,0,0,0,0,0,0,0,0,0,0,,Methanobacteriota,Halobacteria,Halobacteriales,Haladaptataceae,Haladaptatus
GCF_049568665.1,NZ_CP145902.1,412007,Plasmid,1,0,0,0,0,0,0,0,0,0,0,0,0,0,0,0,0,1,0,0,0,0,0,,Methanobacteriota,Halobacteria,Halobacteriales,Haladaptataceae,Haladaptatus
GCF_000814345.1,NZ_CP010398.1,114848,Plasmid,1,0,0,1,0,0,0,0,0,0,0,0,0,0,0,0,0,0,0,0,0,0,0,,Pseudomonadota,Gammaproteobacteria,Moraxellales,Moraxellaceae,Acinetobacter
GCF_001026965.1,NZ_CP010780.1,112157,Plasmid,1,0,0,1,0,0,0,0,0,0,0,0,0,0,0,0,0,0,0,0,0,0,0,,Pseudomonadota,Gammaproteobacteria,Moraxellales,Moraxellaceae,Acinetobacter
GCF_001895985.1,NZ_CP018257.1,110964,Plasmid,1,0,0,1,0,0,0,0,0,0,0,0,0,0,0,0,0,0,0,0,0,0,0,,Pseudomonadota,Gammaproteobacteria,Moraxellales,Moraxellaceae,Acinetobacter
GCF_001922205.1,NZ_CP016296.1,110968,Plasmid,1,0,0,1,0,0,0,0,0,0,0,0,0,0,0,0,0,0,0,0,0,0,0,,Pseudomonadota,Gammaproteobacteria,Moraxellales,Moraxellaceae,Acinetobacter
GCF_001922225.1,NZ_CP016299.1,110967,Plasmid,1,0,0,1,0,0,0,0,0,0,0,0,0,0,0,0,0,0,0,0,0,0,0,,Pseudomonadota,Gammaproteobacteria,Moraxellales,Moraxellaceae,Acinetobacter
GCF_001922245.1,NZ_CP016301.1,110967,Plasmid,1,0,0,1,0,0,0,0,0,0,0,0,0,0,0,0,0,0,0,0,0,0,0,,Pseudomonadota,Gammaproteobacteria,Moraxellales,Moraxellaceae,Acinetobacter
GCF_002082645.1,NZ_CP020585.1,111999,Plasmid,1,0,0,1,0,0,0,0,0,0,0,0,0,0,0,0,0,0,0,0,0,0,0,,Pseudomonadota,Gammaproteobacteria,Moraxellales,Moraxellaceae,Acinetobacter
GCF_002504145.1,NZ_CP018333.1,112773,Plasmid,1,0,0,1,0,0,0,0,0,0,0,0,0,0,0,0,0,0,0,0,0,0,0,,Pseudomonadota,Gammaproteobacteria,Moraxellales,Moraxellaceae,Acinetobacter
GCF_002761575.1,NZ_CP024125.1,110967,Plasmid,1,0,0,1,0,0,0,0,0,0,0,0,0,0,0,0,0,0,0,0,0,0,0,,Pseudomonadota,Gammaproteobacteria,Moraxellales,Moraxellaceae,Acinetobacter
GCF_002902885.1,NZ_CP026128.1,110754,Plasmid,1,0,0,1,0,0,0,0,0,0,0,0,0,0,0,0,0,0,0,0,0,0,0,,Pseudomonadota,Gammaproteobacteria,Moraxellales,Moraxellaceae,Acinetobacter
GCF_003264275.1,NZ_CP021327.1,112155,Plasmid,1,0,0,1,0,0,0,0,0,0,0,0,0,0,0,0,0,0,0,0,0,0,0,,Pseudomonadota,Gammaproteobacteria,Moraxellales,Moraxellaceae,Acinetobacter
GCF_003431865.1,NZ_CP027182.1,105127,Plasmid,1,0,0,1,0,0,0,0,0,0,0,0,0,0,0,0,0,0,0,0,0,0,0,,Pseudomonadota,Gammaproteobacteria,Moraxellales,Moraxellaceae,Acinetobacter
GCF_003522705.1,NZ_CP023025.1,113420,Plasmid,1,0,0,1,0,0,0,0,0,0,0,0,0,0,0,0,0,0,0,0,0,0,0,,Pseudomonadota,Gammaproteobacteria,Moraxellales,Moraxellaceae,Acinetobacter
GCF_003547115.1,NZ_CP027185.1,105128,Plasmid,1,0,0,1,0,0,0,0,0,0,0,0,0,0,0,0,0,0,0,0,0,0,0,,Pseudomonadota,Gammaproteobacteria,Moraxellales,Moraxellaceae,Acinetobacter
GCF_003948085.2,NZ_CP039342.1,55269,Plasmid,1,0,1,0,0,0,0,0,0,0,0,0,0,0,0,0,0,0,0,0,0,0,0,,Pseudomonadota,Gammaproteobacteria,Moraxellales,Moraxellaceae,Acinetobacter
GCF_003948455.2,NZ_CP039519.1,127784,Plasmid,1,0,0,1,0,0,0,0,0,0,0,0,0,0,0,0,0,0,0,0,0,0,0,,Pseudomonadota,Gammaproteobacteria,Moraxellales,Moraxellaceae,Acinetobacter
GCF_003949115.2,NZ_CP039344.1,55268,Plasmid,1,0,1,0,0,0,0,0,0,0,0,0,0,0,0,0,0,0,0,0,0,0,0,,Pseudomonadota,Gammaproteobacteria,Moraxellales,Moraxellaceae,Acinetobacter
GCF_003949725.2,NZ_CP039931.1,84785,Plasmid,1,0,0,0,0,0,0,0,0,0,1,0,0,0,0,0,0,0,0,0,0,0,0,,Pseudomonadota,Gammaproteobacteria,Moraxellales,Moraxellaceae,Acinetobacter
GCF_003949725.2,NZ_CP039932.1,55269,Plasmid,1,0,1,0,0,0,0,0,0,0,0,0,0,0,0,0,0,0,0,0,0,0,0,,Pseudomonadota,Gammaproteobacteria,Moraxellales,Moraxellaceae,Acinetobacter
GCF_004028375.1,NZ_CP034093.1,110713,Plasmid,1,0,0,1,0,0,0,0,0,0,0,0,0,0,0,0,0,0,0,0,0,0,0,,Pseudomonadota,Gammaproteobacteria,Moraxellales,Moraxellaceae,Acinetobacter
GCF_004194555.1,NZ_CP028139.1,133709,Plasmid,1,0,0,1,0,0,0,0,0,0,0,0,0,0,0,0,0,0,0,0,0,0,0,,Pseudomonadota,Gammaproteobacteria,Moraxellales,Moraxellaceae,Acinetobacter
GCF_004768705.1,NZ_CP038645.1,116047,Plasmid,1,0,0,1,0,0,0,0,0,0,0,0,0,0,0,0,0,0,0,0,0,0,0,,Pseudomonadota,Gammaproteobacteria,Moraxellales,Moraxellaceae,Acinetobacter
GCF_007107525.1,NZ_CP041590.1,145071,Plasmid,1,0,0,1,0,0,0,0,0,0,0,0,0,0,0,0,0,0,0,0,0,0,0,,Pseudomonadota,Gammaproteobacteria,Moraxellales,Moraxellaceae,Acinetobacter
GCF_009740145.1,NZ_CP046537.1,112007,Plasmid,1,0,0,1,0,0,0,0,0,0,0,0,0,0,0,0,0,0,0,0,0,0,0,,Pseudomonadota,Gammaproteobacteria,Moraxellales,Moraxellaceae,Acinetobacter
GCF_012272715.1,NZ_CP050905.1,110967,Plasmid,1,0,0,1,0,0,0,0,0,0,0,0,0,0,0,0,0,0,0,0,0,0,0,,Pseudomonadota,Gammaproteobacteria,Moraxellales,Moraxellaceae,Acinetobacter
GCF_012272735.1,NZ_CP050908.1,110967,Plasmid,1,0,0,1,0,0,0,0,0,0,0,0,0,0,0,0,0,0,0,0,0,0,0,,Pseudomonadota,Gammaproteobacteria,Moraxellales,Moraxellaceae,Acinetobacter
GCF_014169655.1,NZ_AP022239.1,114365,Plasmid,1,0,0,1,0,0,0,0,0,0,0,0,0,0,0,0,0,0,0,0,0,0,0,,Pseudomonadota,Gammaproteobacteria,Moraxellales,Moraxellaceae,Acinetobacter
GCF_014322245.1,NZ_CP047974.1,103751,Plasmid,1,0,0,1,0,0,0,0,0,0,0,0,0,0,0,0,0,0,0,0,0,0,0,,Pseudomonadota,Gammaproteobacteria,Moraxellales,Moraxellaceae,Acinetobacter
GCF_014705785.1,NZ_CP061518.1,110965,Plasmid,1,0,0,1,0,0,0,0,0,0,0,0,0,0,0,0,0,0,0,0,0,0,0,,Pseudomonadota,Gammaproteobacteria,Moraxellales,Moraxellaceae,Acinetobacter
GCF_014705805.1,NZ_CP061515.1,110967,Plasmid,1,0,0,1,0,0,0,0,0,0,0,0,0,0,0,0,0,0,0,0,0,0,0,,Pseudomonadota,Gammaproteobacteria,Moraxellales,Moraxellaceae,Acinetobacter
GCF_014705845.1,NZ_CP061524.1,110967,Plasmid,1,0,0,1,0,0,0,0,0,0,0,0,0,0,0,0,0,0,0,0,0,0,0,,Pseudomonadota,Gammaproteobacteria,Moraxellales,Moraxellaceae,Acinetobacter
GCF_014705865.1,NZ_CP061522.1,110964,Plasmid,1,0,0,1,0,0,0,0,0,0,0,0,0,0,0,0,0,0,0,0,0,0,0,,Pseudomonadota,Gammaproteobacteria,Moraxellales,Moraxellaceae,Acinetobacter
GCF_014705885.1,NZ_CP061520.1,110967,Plasmid,1,0,0,1,0,0,0,0,0,0,0,0,0,0,0,0,0,0,0,0,0,0,0,,Pseudomonadota,Gammaproteobacteria,Moraxellales,Moraxellaceae,Acinetobacter
GCF_015571935.1,NZ_CP062920.1,113139,Plasmid,1,0,0,1,0,0,0,0,0,0,0,0,0,0,0,0,0,0,0,0,0,0,0,,Pseudomonadota,Gammaproteobacteria,Moraxellales,Moraxellaceae,Acinetobacter
GCF_016350085.1,NZ_CP066239.1,11508,Plasmid,2,1,0,0,0,0,0,0,0,0,1,0,0,0,0,0,0,0,0,0,0,0,0,,Pseudomonadota,Gammaproteobacteria,Moraxellales,Moraxellaceae,Acinetobacter
GCF_017726575.1,NZ_CP072306.1,55356,Plasmid,1,0,1,0,0,0,0,0,0,0,0,0,0,0,0,0,0,0,0,0,0,0,0,,Pseudomonadota,Gammaproteobacteria,Moraxellales,Moraxellaceae,Acinetobacter
GCF_017753625.1,NZ_CP072527.1,113682,Plasmid,1,0,0,1,0,0,0,0,0,0,0,0,0,0,0,0,0,0,0,0,0,0,0,,Pseudomonadota,Gammaproteobacteria,Moraxellales,Moraxellaceae,Acinetobacter
GCF_018454385.1,NZ_CP075322.1,110967,Plasmid,1,0,0,1,0,0,0,0,0,0,0,0,0,0,0,0,0,0,0,0,0,0,0,,Pseudomonadota,Gammaproteobacteria,Moraxellales,Moraxellaceae,Acinetobacter
GCF_019903155.1,NZ_CP059543.1,117806,Plasmid,1,0,0,1,0,0,0,0,0,0,0,0,0,0,0,0,0,0,0,0,0,0,0,,Pseudomonadota,Gammaproteobacteria,Moraxellales,Moraxellaceae,Acinetobacter
GCF_022369275.1,NZ_CP058730.1,110272,Plasmid,1,0,0,1,0,0,0,0,0,0,0,0,0,0,0,0,0,0,0,0,0,0,0,,Pseudomonadota,Gammaproteobacteria,Moraxellales,Moraxellaceae,Acinetobacter
GCF_022369355.1,NZ_CP059475.1,113429,Plasmid,1,0,0,1,0,0,0,0,0,0,0,0,0,0,0,0,0,0,0,0,0,0,0,,Pseudomonadota,Gammaproteobacteria,Moraxellales,Moraxellaceae,Acinetobacter
GCF_022759565.1,NZ_CP094284.1,110967,Plasmid,1,0,0,1,0,0,0,0,0,0,0,0,0,0,0,0,0,0,0,0,0,0,0,,Pseudomonadota,Gammaproteobacteria,Moraxellales,Moraxellaceae,Acinetobacter
GCF_023361015.1,NZ_CP096685.1,110973,Plasmid,1,0,0,1,0,0,0,0,0,0,0,0,0,0,0,0,0,0,0,0,0,0,0,,Pseudomonadota,Gammaproteobacteria,Moraxellales,Moraxellaceae,Acinetobacter
GCF_023361035.1,NZ_CP096687.1,110968,Plasmid,1,0,0,1,0,0,0,0,0,0,0,0,0,0,0,0,0,0,0,0,0,0,0,,Pseudomonadota,Gammaproteobacteria,Moraxellales,Moraxellaceae,Acinetobacter
GCF_023361135.1,NZ_CP096697.1,112156,Plasmid,1,0,0,1,0,0,0,0,0,0,0,0,0,0,0,0,0,0,0,0,0,0,0,,Pseudomonadota,Gammaproteobacteria,Moraxellales,Moraxellaceae,Acinetobacter
GCF_023361155.1,NZ_CP096699.1,110970,Plasmid,1,0,0,1,0,0,0,0,0,0,0,0,0,0,0,0,0,0,0,0,0,0,0,,Pseudomonadota,Gammaproteobacteria,Moraxellales,Moraxellaceae,Acinetobacter
GCF_023361175.1,NZ_CP096701.1,110966,Plasmid,1,0,0,1,0,0,0,0,0,0,0,0,0,0,0,0,0,0,0,0,0,0,0,,Pseudomonadota,Gammaproteobacteria,Moraxellales,Moraxellaceae,Acinetobacter
GCF_023361255.1,NZ_CP096709.1,110967,Plasmid,1,0,0,1,0,0,0,0,0,0,0,0,0,0,0,0,0,0,0,0,0,0,0,,Pseudomonadota,Gammaproteobacteria,Moraxellales,Moraxellaceae,Acinetobacter
GCF_023361275.1,NZ_CP096711.1,110967,Plasmid,1,0,0,1,0,0,0,0,0,0,0,0,0,0,0,0,0,0,0,0,0,0,0,,Pseudomonadota,Gammaproteobacteria,Moraxellales,Moraxellaceae,Acinetobacter
GCF_023361855.1,NZ_CP096721.1,112155,Plasmid,1,0,0,1,0,0,0,0,0,0,0,0,0,0,0,0,0,0,0,0,0,0,0,,Pseudomonadota,Gammaproteobacteria,Moraxellales,Moraxellaceae,Acinetobacter
GCF_023361875.1,NZ_CP096723.1,112157,Plasmid,1,0,0,1,0,0,0,0,0,0,0,0,0,0,0,0,0,0,0,0,0,0,0,,Pseudomonadota,Gammaproteobacteria,Moraxellales,Moraxellaceae,Acinetobacter
GCF_023361895.1,NZ_CP096726.1,110965,Plasmid,1,0,0,1,0,0,0,0,0,0,0,0,0,0,0,0,0,0,0,0,0,0,0,,Pseudomonadota,Gammaproteobacteria,Moraxellales,Moraxellaceae,Acinetobacter
GCF_023361915.1,NZ_CP096728.1,110968,Plasmid,1,0,0,1,0,0,0,0,0,0,0,0,0,0,0,0,0,0,0,0,0,0,0,,Pseudomonadota,Gammaproteobacteria,Moraxellales,Moraxellaceae,Acinetobacter
GCF_023361955.1,NZ_CP096732.1,110967,Plasmid,1,0,0,1,0,0,0,0,0,0,0,0,0,0,0,0,0,0,0,0,0,0,0,,Pseudomonadota,Gammaproteobacteria,Moraxellales,Moraxellaceae,Acinetobacter
GCF_023361995.1,NZ_CP096737.1,110968,Plasmid,1,0,0,1,0,0,0,0,0,0,0,0,0,0,0,0,0,0,0,0,0,0,0,,Pseudomonadota,Gammaproteobacteria,Moraxellales,Moraxellaceae,Acinetobacter
GCF_023362055.1,NZ_CP096743.1,110967,Plasmid,1,0,0,1,0,0,0,0,0,0,0,0,0,0,0,0,0,0,0,0,0,0,0,,Pseudomonadota,Gammaproteobacteria,Moraxellales,Moraxellaceae,Acinetobacter
GCF_023362075.1,NZ_CP096746.1,112156,Plasmid,1,0,0,1,0,0,0,0,0,0,0,0,0,0,0,0,0,0,0,0,0,0,0,,Pseudomonadota,Gammaproteobacteria,Moraxellales,Moraxellaceae,Acinetobacter
GCF_023362115.1,NZ_CP096752.1,110967,Plasmid,1,0,0,1,0,0,0,0,0,0,0,0,0,0,0,0,0,0,0,0,0,0,0,,Pseudomonadota,Gammaproteobacteria,Moraxellales,Moraxellaceae,Acinetobacter
GCF_023362195.1,NZ_CP096760.1,110967,Plasmid,1,0,0,1,0,0,0,0,0,0,0,0,0,0,0,0,0,0,0,0,0,0,0,,Pseudomonadota,Gammaproteobacteria,Moraxellales,Moraxellaceae,Acinetobacter
GCF_023362235.1,NZ_CP096765.1,110970,Plasmid,1,0,0,1,0,0,0,0,0,0,0,0,0,0,0,0,0,0,0,0,0,0,0,,Pseudomonadota,Gammaproteobacteria,Moraxellales,Moraxellaceae,Acinetobacter
GCF_023362255.1,NZ_CP096767.1,110967,Plasmid,1,0,0,1,0,0,0,0,0,0,0,0,0,0,0,0,0,0,0,0,0,0,0,,Pseudomonadota,Gammaproteobacteria,Moraxellales,Moraxellaceae,Acinetobacter
GCF_023362275.1,NZ_CP096770.1,110966,Plasmid,1,0,0,1,0,0,0,0,0,0,0,0,0,0,0,0,0,0,0,0,0,0,0,,Pseudomonadota,Gammaproteobacteria,Moraxellales,Moraxellaceae,Acinetobacter
GCF_023517155.1,NZ_CP077827.1,110967,Plasmid,1,0,0,1,0,0,0,0,0,0,0,0,0,0,0,0,0,0,0,0,0,0,0,,Pseudomonadota,Gammaproteobacteria,Moraxellales,Moraxellaceae,Acinetobacter
GCF_023809705.1,NZ_CP098797.1,135066,Plasmid,6,0,1,1,0,0,0,0,0,0,0,2,0,0,0,0,0,0,2,0,0,0,0,,Pseudomonadota,Gammaproteobacteria,Moraxellales,Moraxellaceae,Acinetobacter
GCF_024749465.1,NZ_CP087310.1,111162,Plasmid,1,0,0,1,0,0,0,0,0,0,0,0,0,0,0,0,0,0,0,0,0,0,0,,Pseudomonadota,Gammaproteobacteria,Moraxellales,Moraxellaceae,Acinetobacter
GCF_024749605.1,NZ_CP087333.1,110738,Plasmid,1,0,0,1,0,0,0,0,0,0,0,0,0,0,0,0,0,0,0,0,0,0,0,,Pseudomonadota,Gammaproteobacteria,Moraxellales,Moraxellaceae,Acinetobacter
GCF_024749625.1,NZ_CP087336.1,115180,Plasmid,1,0,0,1,0,0,0,0,0,0,0,0,0,0,0,0,0,0,0,0,0,0,0,,Pseudomonadota,Gammaproteobacteria,Moraxellales,Moraxellaceae,Acinetobacter
GCF_025369955.1,NZ_CP104448.1,4092895,Plasmid,73,7,6,4,3,1,4,4,4,1,7,7,2,5,2,2,4,3,2,1,4,0,0,,Pseudomonadota,Gammaproteobacteria,Moraxellales,Moraxellaceae,Acinetobacter
GCF_025402915.1,NZ_CP104752.1,110967,Plasmid,1,0,0,1,0,0,0,0,0,0,0,0,0,0,0,0,0,0,0,0,0,0,0,,Pseudomonadota,Gammaproteobacteria,Moraxellales,Moraxellaceae,Acinetobacter
GCF_025854035.1,NZ_CP107594.1,110194,Plasmid,1,0,0,1,0,0,0,0,0,0,0,0,0,0,0,0,0,0,0,0,0,0,0,,Pseudomonadota,Gammaproteobacteria,Moraxellales,Moraxellaceae,Acinetobacter
GCF_025854095.1,NZ_CP107600.1,110194,Plasmid,1,0,0,1,0,0,0,0,0,0,0,0,0,0,0,0,0,0,0,0,0,0,0,,Pseudomonadota,Gammaproteobacteria,Moraxellales,Moraxellaceae,Acinetobacter
GCF_025854255.1,NZ_CP107617.1,110194,Plasmid,1,0,0,1,0,0,0,0,0,0,0,0,0,0,0,0,0,0,0,0,0,0,0,,Pseudomonadota,Gammaproteobacteria,Moraxellales,Moraxellaceae,Acinetobacter
GCF_026062515.1,NZ_CP110466.1,80243,Plasmid,1,0,0,1,0,0,0,0,0,0,0,0,0,0,0,0,0,0,0,0,0,0,0,,Pseudomonadota,Gammaproteobacteria,Moraxellales,Moraxellaceae,Acinetobacter
GCF_027239755.1,NZ_CP102763.1,133579,Plasmid,1,0,0,1,0,0,0,0,0,0,0,0,0,0,0,0,0,0,0,0,0,0,0,,Pseudomonadota,Gammaproteobacteria,Moraxellales,Moraxellaceae,Acinetobacter
GCF_028464005.1,NZ_CP116802.1,110964,Plasmid,1,0,0,1,0,0,0,0,0,0,0,0,0,0,0,0,0,0,0,0,0,0,0,,Pseudomonadota,Gammaproteobacteria,Moraxellales,Moraxellaceae,Acinetobacter
GCF_028464025.1,NZ_CP116804.1,110969,Plasmid,1,0,0,1,0,0,0,0,0,0,0,0,0,0,0,0,0,0,0,0,0,0,0,,Pseudomonadota,Gammaproteobacteria,Moraxellales,Moraxellaceae,Acinetobacter
GCF_028753295.1,NZ_CP102581.1,110967,Plasmid,1,0,0,1,0,0,0,0,0,0,0,0,0,0,0,0,0,0,0,0,0,0,0,,Pseudomonadota,Gammaproteobacteria,Moraxellales,Moraxellaceae,Acinetobacter
GCF_029674805.1,NZ_CP121377.1,113985,Plasmid,1,0,0,1,0,0,0,0,0,0,0,0,0,0,0,0,0,0,0,0,0,0,0,,Pseudomonadota,Gammaproteobacteria,Moraxellales,Moraxellaceae,Acinetobacter
GCF_029674825.1,NZ_CP121372.1,113985,Plasmid,1,0,0,1,0,0,0,0,0,0,0,0,0,0,0,0,0,0,0,0,0,0,0,,Pseudomonadota,Gammaproteobacteria,Moraxellales,Moraxellaceae,Acinetobacter
GCF_029674845.1,NZ_CP121367.1,113985,Plasmid,1,0,0,1,0,0,0,0,0,0,0,0,0,0,0,0,0,0,0,0,0,0,0,,Pseudomonadota,Gammaproteobacteria,Moraxellales,Moraxellaceae,Acinetobacter
GCF_029713865.1,NZ_CP121610.1,110967,Plasmid,1,0,0,1,0,0,0,0,0,0,0,0,0,0,0,0,0,0,0,0,0,0,0,,Pseudomonadota,Gammaproteobacteria,Moraxellales,Moraxellaceae,Acinetobacter
GCF_029713945.1,NZ_CP121626.1,109264,Plasmid,1,0,0,1,0,0,0,0,0,0,0,0,0,0,0,0,0,0,0,0,0,0,0,,Pseudomonadota,Gammaproteobacteria,Moraxellales,Moraxellaceae,Acinetobacter
GCF_029774195.1,NZ_CP104298.1,106589,Plasmid,1,0,0,1,0,0,0,0,0,0,0,0,0,0,0,0,0,0,0,0,0,0,0,,Pseudomonadota,Gammaproteobacteria,Moraxellales,Moraxellaceae,Acinetobacter
GCF_029774275.1,NZ_CP074700.1,112156,Plasmid,1,0,0,1,0,0,0,0,0,0,0,0,0,0,0,0,0,0,0,0,0,0,0,,Pseudomonadota,Gammaproteobacteria,Moraxellales,Moraxellaceae,Acinetobacter
GCF_029774235.1,NZ_CP064203.1,3973223,Plasmid,73,7,6,4,3,1,4,4,4,1,7,6,2,5,2,2,4,3,3,1,4,0,0,,Pseudomonadota,Gammaproteobacteria,Moraxellales,Moraxellaceae,Acinetobacter
GCF_029774235.1,NZ_CP064204.1,112156,Plasmid,1,0,0,1,0,0,0,0,0,0,0,0,0,0,0,0,0,0,0,0,0,0,0,,Pseudomonadota,Gammaproteobacteria,Moraxellales,Moraxellaceae,Acinetobacter
GCF_029774295.1,NZ_CP074697.1,112156,Plasmid,1,0,0,1,0,0,0,0,0,0,0,0,0,0,0,0,0,0,0,0,0,0,0,,Pseudomonadota,Gammaproteobacteria,Moraxellales,Moraxellaceae,Acinetobacter
GCF_029774315.1,NZ_CP076738.1,112124,Plasmid,1,0,0,1,0,0,0,0,0,0,0,0,0,0,0,0,0,0,0,0,0,0,0,,Pseudomonadota,Gammaproteobacteria,Moraxellales,Moraxellaceae,Acinetobacter
GCF_029774335.1,NZ_CP076741.1,112148,Plasmid,1,0,0,1,0,0,0,0,0,0,0,0,0,0,0,0,0,0,0,0,0,0,0,,Pseudomonadota,Gammaproteobacteria,Moraxellales,Moraxellaceae,Acinetobacter
GCF_029814975.1,NZ_CP064195.1,112156,Plasmid,1,0,0,1,0,0,0,0,0,0,0,0,0,0,0,0,0,0,0,0,0,0,0,,Pseudomonadota,Gammaproteobacteria,Moraxellales,Moraxellaceae,Acinetobacter
GCF_029774355.1,NZ_CP076744.1,112151,Plasmid,1,0,0,1,0,0,0,0,0,0,0,0,0,0,0,0,0,0,0,0,0,0,0,,Pseudomonadota,Gammaproteobacteria,Moraxellales,Moraxellaceae,Acinetobacter
GCF_029931545.1,NZ_CP123992.1,154924,Plasmid,1,0,0,1,0,0,0,0,0,0,0,0,0,0,0,0,0,0,0,0,0,0,0,,Pseudomonadota,Gammaproteobacteria,Moraxellales,Moraxellaceae,Acinetobacter
GCF_030168285.1,NZ_CP096895.1,112202,Plasmid,1,0,0,1,0,0,0,0,0,0,0,0,0,0,0,0,0,0,0,0,0,0,0,,Pseudomonadota,Gammaproteobacteria,Moraxellales,Moraxellaceae,Acinetobacter
GCF_030585225.1,NZ_CP043453.1,111162,Plasmid,1,0,0,1,0,0,0,0,0,0,0,0,0,0,0,0,0,0,0,0,0,0,0,,Pseudomonadota,Gammaproteobacteria,Moraxellales,Moraxellaceae,Acinetobacter
GCF_030585245.1,NZ_CP043456.1,110963,Plasmid,1,0,0,1,0,0,0,0,0,0,0,0,0,0,0,0,0,0,0,0,0,0,0,,Pseudomonadota,Gammaproteobacteria,Moraxellales,Moraxellaceae,Acinetobacter
GCF_030585265.1,NZ_CP043459.1,287961,Plasmid,2,0,0,0,0,0,0,0,0,0,0,0,0,2,0,0,0,0,0,0,0,0,0,,Pseudomonadota,Gammaproteobacteria,Moraxellales,Moraxellaceae,Acinetobacter
GCF_030585285.1,NZ_CP043463.1,110967,Plasmid,1,0,0,1,0,0,0,0,0,0,0,0,0,0,0,0,0,0,0,0,0,0,0,,Pseudomonadota,Gammaproteobacteria,Moraxellales,Moraxellaceae,Acinetobacter
GCF_030585325.1,NZ_CP043470.1,110962,Plasmid,1,0,0,1,0,0,0,0,0,0,0,0,0,0,0,0,0,0,0,0,0,0,0,,Pseudomonadota,Gammaproteobacteria,Moraxellales,Moraxellaceae,Acinetobacter
GCF_030585325.1,NZ_CP043471.1,32363,Plasmid,2,1,0,0,0,0,0,0,0,0,1,0,0,0,0,0,0,0,0,0,0,0,0,,Pseudomonadota,Gammaproteobacteria,Moraxellales,Moraxellaceae,Acinetobacter
GCF_034081005.1,NZ_CP139205.1,93710,Plasmid,1,0,0,1,0,0,0,0,0,0,0,0,0,0,0,0,0,0,0,0,0,0,0,,Pseudomonadota,Gammaproteobacteria,Moraxellales,Moraxellaceae,Acinetobacter
GCF_034126905.1,NZ_CP143347.1,110967,Plasmid,1,0,0,1,0,0,0,0,0,0,0,0,0,0,0,0,0,0,0,0,0,0,0,,Pseudomonadota,Gammaproteobacteria,Moraxellales,Moraxellaceae,Acinetobacter
GCF_034126645.1,NZ_CP143345.1,110967,Plasmid,1,0,0,1,0,0,0,0,0,0,0,0,0,0,0,0,0,0,0,0,0,0,0,,Pseudomonadota,Gammaproteobacteria,Moraxellales,Moraxellaceae,Acinetobacter
GCF_034422815.1,NZ_CP139838.1,117330,Plasmid,1,0,0,1,0,0,0,0,0,0,0,0,0,0,0,0,0,0,0,0,0,0,0,,Pseudomonadota,Gammaproteobacteria,Moraxellales,Moraxellaceae,Acinetobacter
GCF_034494405.1,NZ_CP140422.1,56458,Plasmid,1,0,1,0,0,0,0,0,0,0,0,0,0,0,0,0,0,0,0,0,0,0,0,,Pseudomonadota,Gammaproteobacteria,Moraxellales,Moraxellaceae,Acinetobacter
GCF_038441195.1,NZ_CP131886.1,110546,Plasmid,1,0,0,1,0,0,0,0,0,0,0,0,0,0,0,0,0,0,0,0,0,0,0,,Pseudomonadota,Gammaproteobacteria,Moraxellales,Moraxellaceae,Acinetobacter
GCF_038441205.1,NZ_CP131890.1,110967,Plasmid,1,0,0,1,0,0,0,0,0,0,0,0,0,0,0,0,0,0,0,0,0,0,0,,Pseudomonadota,Gammaproteobacteria,Moraxellales,Moraxellaceae,Acinetobacter
GCF_038441215.1,NZ_CP131894.1,110967,Plasmid,1,0,0,1,0,0,0,0,0,0,0,0,0,0,0,0,0,0,0,0,0,0,0,,Pseudomonadota,Gammaproteobacteria,Moraxellales,Moraxellaceae,Acinetobacter
GCF_038441255.1,NZ_CP131904.1,110967,Plasmid,1,0,0,1,0,0,0,0,0,0,0,0,0,0,0,0,0,0,0,0,0,0,0,,Pseudomonadota,Gammaproteobacteria,Moraxellales,Moraxellaceae,Acinetobacter
GCF_038441325.1,NZ_CP133708.1,101308,Plasmid,1,0,0,1,0,0,0,0,0,0,0,0,0,0,0,0,0,0,0,0,0,0,0,,Pseudomonadota,Gammaproteobacteria,Moraxellales,Moraxellaceae,Acinetobacter
GCF_038442095.1,NZ_CP133714.1,90078,Plasmid,1,0,0,1,0,0,0,0,0,0,0,0,0,0,0,0,0,0,0,0,0,0,0,,Pseudomonadota,Gammaproteobacteria,Moraxellales,Moraxellaceae,Acinetobacter
GCF_038442125.1,NZ_CP133718.1,90078,Plasmid,1,0,0,1,0,0,0,0,0,0,0,0,0,0,0,0,0,0,0,0,0,0,0,,Pseudomonadota,Gammaproteobacteria,Moraxellales,Moraxellaceae,Acinetobacter
GCF_038985835.1,NZ_CP144239.1,112154,Plasmid,1,0,0,1,0,0,0,0,0,0,0,0,0,0,0,0,0,0,0,0,0,0,0,,Pseudomonadota,Gammaproteobacteria,Moraxellales,Moraxellaceae,Acinetobacter
GCF_038995905.1,NZ_CP144253.1,112526,Plasmid,1,0,0,1,0,0,0,0,0,0,0,0,0,0,0,0,0,0,0,0,0,0,0,,Pseudomonadota,Gammaproteobacteria,Moraxellales,Moraxellaceae,Acinetobacter
GCF_040357515.1,NZ_CP128373.1,114700,Plasmid,1,0,0,1,0,0,0,0,0,0,0,0,0,0,0,0,0,0,0,0,0,0,0,,Pseudomonadota,Gammaproteobacteria,Moraxellales,Moraxellaceae,Acinetobacter
GCF_040822125.1,NZ_CP161987.1,114495,Plasmid,1,0,0,1,0,0,0,0,0,0,0,0,0,0,0,0,0,0,0,0,0,0,0,,Pseudomonadota,Gammaproteobacteria,Moraxellales,Moraxellaceae,Acinetobacter
GCF_040822385.1,NZ_CP161996.1,109491,Plasmid,1,0,0,1,0,0,0,0,0,0,0,0,0,0,0,0,0,0,0,0,0,0,0,,Pseudomonadota,Gammaproteobacteria,Moraxellales,Moraxellaceae,Acinetobacter
GCF_040822395.1,NZ_CP161990.1,115424,Plasmid,1,0,0,1,0,0,0,0,0,0,0,0,0,0,0,0,0,0,0,0,0,0,0,,Pseudomonadota,Gammaproteobacteria,Moraxellales,Moraxellaceae,Acinetobacter
GCF_041930545.1,NZ_CP169376.1,112009,Plasmid,1,0,0,1,0,0,0,0,0,0,0,0,0,0,0,0,0,0,0,0,0,0,0,,Pseudomonadota,Gammaproteobacteria,Moraxellales,Moraxellaceae,Acinetobacter
GCF_042140285.1,NZ_CP169768.1,3919491,Plasmid,73,7,6,4,3,1,4,4,4,1,7,6,2,5,2,2,4,3,3,1,4,0,0,,Pseudomonadota,Gammaproteobacteria,Moraxellales,Moraxellaceae,Acinetobacter
GCF_042140325.1,NZ_CP169774.1,113681,Plasmid,1,0,0,1,0,0,0,0,0,0,0,0,0,0,0,0,0,0,0,0,0,0,0,,Pseudomonadota,Gammaproteobacteria,Moraxellales,Moraxellaceae,Acinetobacter
GCF_042143465.1,NZ_CP169818.1,113549,Plasmid,1,0,0,1,0,0,0,0,0,0,0,0,0,0,0,0,0,0,0,0,0,0,0,,Pseudomonadota,Gammaproteobacteria,Moraxellales,Moraxellaceae,Acinetobacter
GCF_042144055.1,NZ_CP169820.1,100723,Plasmid,1,0,0,1,0,0,0,0,0,0,0,0,0,0,0,0,0,0,0,0,0,0,0,,Pseudomonadota,Gammaproteobacteria,Moraxellales,Moraxellaceae,Acinetobacter
GCF_042148545.1,NZ_CP169843.1,106528,Plasmid,1,0,0,1,0,0,0,0,0,0,0,0,0,0,0,0,0,0,0,0,0,0,0,,Pseudomonadota,Gammaproteobacteria,Moraxellales,Moraxellaceae,Acinetobacter
GCF_042149195.1,NZ_CP169851.1,110968,Plasmid,1,0,0,1,0,0,0,0,0,0,0,0,0,0,0,0,0,0,0,0,0,0,0,,Pseudomonadota,Gammaproteobacteria,Moraxellales,Moraxellaceae,Acinetobacter
GCF_042151085.1,NZ_CP169863.1,101309,Plasmid,1,0,0,1,0,0,0,0,0,0,0,0,0,0,0,0,0,0,0,0,0,0,0,,Pseudomonadota,Gammaproteobacteria,Moraxellales,Moraxellaceae,Acinetobacter
GCF_042151695.1,NZ_CP169867.1,115879,Plasmid,2,0,0,1,0,0,0,0,0,0,0,0,0,1,0,0,0,0,0,0,0,0,0,,Pseudomonadota,Gammaproteobacteria,Moraxellales,Moraxellaceae,Acinetobacter
GCF_042474915.1,NZ_CP132916.1,108969,Plasmid,1,0,0,1,0,0,0,0,0,0,0,0,0,0,0,0,0,0,0,0,0,0,0,,Pseudomonadota,Gammaproteobacteria,Moraxellales,Moraxellaceae,Acinetobacter
GCF_043038945.1,NZ_CP134541.1,131816,Plasmid,1,0,0,1,0,0,0,0,0,0,0,0,0,0,0,0,0,0,0,0,0,0,0,,Pseudomonadota,Gammaproteobacteria,Moraxellales,Moraxellaceae,Acinetobacter
GCF_043039655.1,NZ_CP134545.1,110967,Plasmid,1,0,0,1,0,0,0,0,0,0,0,0,0,0,0,0,0,0,0,0,0,0,0,,Pseudomonadota,Gammaproteobacteria,Moraxellales,Moraxellaceae,Acinetobacter
GCF_000187205.2,NC_020524.1,110967,Plasmid,1,0,0,1,0,0,0,0,0,0,0,0,0,0,0,0,0,0,0,0,0,0,0,,Pseudomonadota,Gammaproteobacteria,Moraxellales,Moraxellaceae,Acinetobacter
GCF_000505685.1,NC_023031.1,113866,Plasmid,1,0,0,1,0,0,0,0,0,0,0,0,0,0,0,0,0,0,0,0,0,0,0,,Pseudomonadota,Gammaproteobacteria,Moraxellales,Moraxellaceae,Acinetobacter
GCF_002934965.1,NZ_CP026416.1,127843,Plasmid,1,0,0,0,0,0,0,0,0,0,1,0,0,0,0,0,0,0,0,0,0,0,0,,Pseudomonadota,Gammaproteobacteria,Moraxellales,Moraxellaceae,Acinetobacter
GCF_003024525.3,NZ_CP035936.1,177151,Plasmid,9,0,1,0,0,0,4,0,0,0,0,1,0,1,0,0,2,0,0,0,0,0,0,,Pseudomonadota,Gammaproteobacteria,Moraxellales,Moraxellaceae,Acinetobacter
GCF_003051965.2,NZ_CP028569.1,121612,Plasmid,1,0,0,1,0,0,0,0,0,0,0,0,0,0,0,0,0,0,0,0,0,0,0,,Pseudomonadota,Gammaproteobacteria,Moraxellales,Moraxellaceae,Acinetobacter
GCF_011996285.1,NZ_CP049807.1,37834,Plasmid,1,0,0,0,0,0,0,0,1,0,0,0,0,0,0,0,0,0,0,0,0,0,0,,Pseudomonadota,Gammaproteobacteria,Moraxellales,Moraxellaceae,Acinetobacter
GCF_016889305.1,NZ_CP069498.1,128321,Plasmid,1,0,0,1,0,0,0,0,0,0,0,0,0,0,0,0,0,0,0,0,0,0,0,,Pseudomonadota,Gammaproteobacteria,Moraxellales,Moraxellaceae,Acinetobacter
GCF_019047205.1,NZ_CP077239.1,108027,Plasmid,1,0,0,1,0,0,0,0,0,0,0,0,0,0,0,0,0,0,0,0,0,0,0,,Pseudomonadota,Gammaproteobacteria,Moraxellales,Moraxellaceae,Acinetobacter
GCF_021432045.1,NZ_CP090383.1,23275,Plasmid,1,0,0,0,0,0,0,0,0,0,0,0,0,1,0,0,0,0,0,0,0,0,0,,Pseudomonadota,Gammaproteobacteria,Moraxellales,Moraxellaceae,Acinetobacter
GCF_027239995.1,NZ_CP102935.1,133577,Plasmid,1,0,0,1,0,0,0,0,0,0,0,0,0,0,0,0,0,0,0,0,0,0,0,,Pseudomonadota,Gammaproteobacteria,Moraxellales,Moraxellaceae,Acinetobacter
GCF_029025705.1,NZ_CP118934.1,99281,Plasmid,1,0,0,1,0,0,0,0,0,0,0,0,0,0,0,0,0,0,0,0,0,0,0,,Pseudomonadota,Gammaproteobacteria,Moraxellales,Moraxellaceae,Acinetobacter
GCF_032821795.1,NZ_CP127896.1,9830,Plasmid,1,0,0,0,0,0,0,0,0,0,0,0,0,1,0,0,0,0,0,0,0,0,0,,Pseudomonadota,Gammaproteobacteria,Moraxellales,Moraxellaceae,Acinetobacter
GCF_032823475.1,NZ_CP127910.1,9830,Plasmid,1,0,0,0,0,0,0,0,0,0,0,0,0,1,0,0,0,0,0,0,0,0,0,,Pseudomonadota,Gammaproteobacteria,Moraxellales,Moraxellaceae,Acinetobacter
GCF_033439925.1,NZ_CP137749.1,14571,Plasmid,1,0,0,0,0,0,0,0,0,0,0,0,0,1,0,0,0,0,0,0,0,0,0,,Pseudomonadota,Gammaproteobacteria,Moraxellales,Moraxellaceae,Acinetobacter
GCF_034071845.1,NZ_CP139271.1,100717,Plasmid,1,0,0,1,0,0,0,0,0,0,0,0,0,0,0,0,0,0,0,0,0,0,0,,Pseudomonadota,Gammaproteobacteria,Moraxellales,Moraxellaceae,Acinetobacter
GCF_036320525.1,NZ_CP135161.1,9837,Plasmid,1,0,0,0,0,0,0,0,0,0,0,0,0,1,0,0,0,0,0,0,0,0,0,,Pseudomonadota,Gammaproteobacteria,Moraxellales,Moraxellaceae,Acinetobacter
GCF_038441185.1,NZ_CP131879.1,133801,Plasmid,1,0,0,1,0,0,0,0,0,0,0,0,0,0,0,0,0,0,0,0,0,0,0,,Pseudomonadota,Gammaproteobacteria,Moraxellales,Moraxellaceae,Acinetobacter
GCF_038441185.1,NZ_CP131880.1,120858,Plasmid,4,0,1,3,0,0,0,0,0,0,0,0,0,0,0,0,0,0,0,0,0,0,0,,Pseudomonadota,Gammaproteobacteria,Moraxellales,Moraxellaceae,Acinetobacter
GCF_039862095.1,NZ_CP156782.1,42239,Plasmid,1,0,0,0,0,0,0,0,0,0,0,0,0,0,0,0,0,0,1,0,0,0,0,,Pseudomonadota,Gammaproteobacteria,Moraxellales,Moraxellaceae,Acinetobacter
GCF_039862095.1,NZ_CP156783.1,40617,Plasmid,1,0,0,0,0,0,0,0,0,0,0,0,0,0,0,0,0,0,1,0,0,0,0,,Pseudomonadota,Gammaproteobacteria,Moraxellales,Moraxellaceae,Acinetobacter
GCF_040581475.1,NZ_CP095360.1,22175,Plasmid,2,0,0,0,0,0,0,0,0,0,0,0,0,2,0,0,0,0,0,0,0,0,0,,Pseudomonadota,Gammaproteobacteria,Moraxellales,Moraxellaceae,Acinetobacter
GCF_040961385.1,NZ_CP162644.1,37541,Plasmid,1,0,0,0,0,0,0,0,1,0,0,0,0,0,0,0,0,0,0,0,0,0,0,,Pseudomonadota,Gammaproteobacteria,Moraxellales,Moraxellaceae,Acinetobacter
GCF_041021885.1,NZ_CP157427.1,3827372,Plasmid,74,7,6,4,3,1,4,4,3,1,7,6,2,6,2,2,4,3,4,1,4,0,0,,Pseudomonadota,Gammaproteobacteria,Moraxellales,Moraxellaceae,Acinetobacter
GCF_042480395.1,NZ_CP133055.1,149365,Plasmid,1,0,0,1,0,0,0,0,0,0,0,0,0,0,0,0,0,0,0,0,0,0,0,,Pseudomonadota,Gammaproteobacteria,Moraxellales,Moraxellaceae,Acinetobacter
GCF_043049525.1,NZ_CP134572.1,112293,Plasmid,1,0,0,1,0,0,0,0,0,0,0,0,0,0,0,0,0,0,0,0,0,0,0,,Pseudomonadota,Gammaproteobacteria,Moraxellales,Moraxellaceae,Acinetobacter
GCF_043050195.1,NZ_CP134576.1,110967,Plasmid,1,0,0,1,0,0,0,0,0,0,0,0,0,0,0,0,0,0,0,0,0,0,0,,Pseudomonadota,Gammaproteobacteria,Moraxellales,Moraxellaceae,Acinetobacter
GCF_043050845.1,NZ_CP134577.1,93646,Plasmid,1,0,0,1,0,0,0,0,0,0,0,0,0,0,0,0,0,0,0,0,0,0,0,,Pseudomonadota,Gammaproteobacteria,Moraxellales,Moraxellaceae,Acinetobacter
GCF_043051495.1,NZ_CP134581.1,110957,Plasmid,1,0,0,1,0,0,0,0,0,0,0,0,0,0,0,0,0,0,0,0,0,0,0,,Pseudomonadota,Gammaproteobacteria,Moraxellales,Moraxellaceae,Acinetobacter
GCF_043054075.1,NZ_CP134593.1,110603,Plasmid,1,0,0,1,0,0,0,0,0,0,0,0,0,0,0,0,0,0,0,0,0,0,0,,Pseudomonadota,Gammaproteobacteria,Moraxellales,Moraxellaceae,Acinetobacter
GCF_043056065.1,NZ_CP134598.1,110965,Plasmid,1,0,0,1,0,0,0,0,0,0,0,0,0,0,0,0,0,0,0,0,0,0,0,,Pseudomonadota,Gammaproteobacteria,Moraxellales,Moraxellaceae,Acinetobacter
GCF_043572315.1,NZ_CP171397.1,114671,Plasmid,1,0,0,1,0,0,0,0,0,0,0,0,0,0,0,0,0,0,0,0,0,0,0,,Pseudomonadota,Gammaproteobacteria,Moraxellales,Moraxellaceae,Acinetobacter
GCF_043572945.1,NZ_CP171399.1,114671,Plasmid,1,0,0,1,0,0,0,0,0,0,0,0,0,0,0,0,0,0,0,0,0,0,0,,Pseudomonadota,Gammaproteobacteria,Moraxellales,Moraxellaceae,Acinetobacter
GCF_043950125.1,NZ_CP171792.1,110967,Plasmid,1,0,0,1,0,0,0,0,0,0,0,0,0,0,0,0,0,0,0,0,0,0,0,,Pseudomonadota,Gammaproteobacteria,Moraxellales,Moraxellaceae,Acinetobacter
GCF_045256945.1,NZ_CP174091.1,110967,Plasmid,1,0,0,1,0,0,0,0,0,0,0,0,0,0,0,0,0,0,0,0,0,0,0,,Pseudomonadota,Gammaproteobacteria,Moraxellales,Moraxellaceae,Acinetobacter
GCF_045278855.1,NZ_CP134600.1,110965,Plasmid,1,0,0,1,0,0,0,0,0,0,0,0,0,0,0,0,0,0,0,0,0,0,0,,Pseudomonadota,Gammaproteobacteria,Moraxellales,Moraxellaceae,Acinetobacter
GCF_046097165.1,NZ_CP175649.1,111038,Plasmid,1,0,0,1,0,0,0,0,0,0,0,0,0,0,0,0,0,0,0,0,0,0,0,,Pseudomonadota,Gammaproteobacteria,Moraxellales,Moraxellaceae,Acinetobacter
GCF_047300875.1,NZ_CP178607.1,23756,Plasmid,1,0,1,0,0,0,0,0,0,0,0,0,0,0,0,0,0,0,0,0,0,0,0,,Pseudomonadota,Gammaproteobacteria,Moraxellales,Moraxellaceae,Acinetobacter
GCF_047772455.1,NZ_CP179886.1,76810,Plasmid,1,0,0,1,0,0,0,0,0,0,0,0,0,0,0,0,0,0,0,0,0,0,0,,Pseudomonadota,Gammaproteobacteria,Moraxellales,Moraxellaceae,Acinetobacter
GCF_048632625.1,NZ_CP184586.1,184473,Plasmid,7,0,1,3,0,0,0,0,0,0,0,1,0,0,0,0,0,0,2,0,0,0,0,,Pseudomonadota,Gammaproteobacteria,Moraxellales,Moraxellaceae,Acinetobacter
GCF_048634375.1,NZ_CP184594.1,184469,Plasmid,7,0,1,3,0,0,0,0,0,0,0,1,0,0,0,0,0,0,2,0,0,0,0,,Pseudomonadota,Gammaproteobacteria,Moraxellales,Moraxellaceae,Acinetobacter
GCF_049949095.1,NZ_CP188190.1,25893,Plasmid,1,0,0,0,0,0,0,0,0,0,0,0,0,0,0,0,1,0,0,0,0,0,0,,Pseudomonadota,Gammaproteobacteria,Moraxellales,Moraxellaceae,Acinetobacter
GCF_050031495.1,NZ_CP188279.1,110967,Plasmid,1,0,0,1,0,0,0,0,0,0,0,0,0,0,0,0,0,0,0,0,0,0,0,,Pseudomonadota,Gammaproteobacteria,Moraxellales,Moraxellaceae,Acinetobacter
GCF_050320315.1,NZ_CP190384.1,126128,Plasmid,2,1,0,0,0,0,0,0,0,0,1,0,0,0,0,0,0,0,0,0,0,0,0,,Pseudomonadota,Gammaproteobacteria,Moraxellales,Moraxellaceae,Acinetobacter
GCF_050562225.1,NZ_CP191664.1,35143,Plasmid,1,0,1,0,0,0,0,0,0,0,0,0,0,0,0,0,0,0,0,0,0,0,0,,Pseudomonadota,Gammaproteobacteria,Moraxellales,Moraxellaceae,Acinetobacter
GCF_016653695.1,NZ_CP067418.1,373184,Plasmid,1,0,1,0,0,0,0,0,0,0,0,0,0,0,0,0,0,0,0,0,0,0,0,,Pseudomonadota,Gammaproteobacteria,Aeromonadales,Aeromonadaceae,Aeromonas
GCF_026000055.1,NZ_AP026896.1,4944632,Plasmid,123,8,8,5,4,2,5,7,12,2,4,10,7,11,3,5,6,4,2,6,12,0,0,,Pseudomonadota,Gammaproteobacteria,Aeromonadales,Aeromonadaceae,Aeromonas
GCF_029773045.1,NZ_CP121796.1,87046,Plasmid,3,0,0,0,0,0,0,0,1,0,0,0,0,1,0,0,0,1,0,0,0,0,0,,Pseudomonadota,Gammaproteobacteria,Aeromonadales,Aeromonadaceae,Aeromonas
GCF_047777975.1,NZ_CP180567.1,6760,Plasmid,1,0,0,0,0,0,1,0,0,0,0,0,0,0,0,0,0,0,0,0,0,0,0,,Pseudomonadota,Gammaproteobacteria,Aeromonadales,Aeromonadaceae,Aeromonas
GCF_047777985.1,NZ_CP180562.1,6760,Plasmid,1,0,0,0,0,0,1,0,0,0,0,0,0,0,0,0,0,0,0,0,0,0,0,,Pseudomonadota,Gammaproteobacteria,Aeromonadales,Aeromonadaceae,Aeromonas
GCF_001692275.2,NZ_CP110834.1,69124,Plasmid,1,0,0,0,0,0,0,0,1,0,0,0,0,0,0,0,0,0,0,0,0,0,0,,Pseudomonadota,Alphaproteobacteria,Hyphomicrobiales,Rhizobiaceae,Agrobacterium
GCF_001713475.1,NZ_CP016500.1,323507,Plasmid,1,0,0,0,0,0,0,0,0,0,0,0,0,0,0,0,1,0,0,0,0,0,0,,Pseudomonadota,Alphaproteobacteria,Hyphomicrobiales,Rhizobiaceae,Agrobacterium
GCF_002934795.1,NZ_CP026410.1,6782,Plasmid,1,0,0,0,0,0,1,0,0,0,0,0,0,0,0,0,0,0,0,0,0,0,0,,Pseudomonadota,Gammaproteobacteria,Aeromonadales,Aeromonadaceae,Aeromonas
GCF_009650195.1,NZ_CP045856.1,310891,Plasmid,1,0,0,0,0,0,0,0,0,0,0,0,0,0,0,0,1,0,0,0,0,0,0,,Pseudomonadota,Alphaproteobacteria,Hyphomicrobiales,Rhizobiaceae,Agrobacterium
GCF_013267135.1,NZ_JABRWL010000003.1,419173,Plasmid,1,0,1,0,0,0,0,0,0,0,0,0,0,0,0,0,0,0,0,0,0,0,0,,Pseudomonadota,Alphaproteobacteria,Hyphomicrobiales,Rhizobiaceae,Agrobacterium
GCF_013317865.2,NZ_CP115927.1,200862,Plasmid,1,0,1,0,0,0,0,0,0,0,0,0,0,0,0,0,0,0,0,0,0,0,0,,Pseudomonadota,Alphaproteobacteria,Hyphomicrobiales,Rhizobiaceae,Agrobacterium
GCF_013317955.2,NZ_CP169710.1,200862,Plasmid,1,0,1,0,0,0,0,0,0,0,0,0,0,0,0,0,0,0,0,0,0,0,0,,Pseudomonadota,Alphaproteobacteria,Hyphomicrobiales,Rhizobiaceae,Agrobacterium
GCF_013317965.2,NZ_CP123850.1,200862,Plasmid,1,0,1,0,0,0,0,0,0,0,0,0,0,0,0,0,0,0,0,0,0,0,0,,Pseudomonadota,Alphaproteobacteria,Hyphomicrobiales,Rhizobiaceae,Agrobacterium
GCF_018987285.1,NZ_CP076850.1,32222,Plasmid,1,0,1,0,0,0,0,0,0,0,0,0,0,0,0,0,0,0,0,0,0,0,0,,Pseudomonadota,Alphaproteobacteria,Hyphomicrobiales,Rhizobiaceae,Agrobacterium
GCF_019048945.1,NZ_CP074401.1,74110,Plasmid,3,1,0,0,0,0,0,0,0,0,1,0,0,1,0,0,0,0,0,0,0,0,0,,Pseudomonadota,Alphaproteobacteria,Hyphomicrobiales,Rhizobiaceae,Agrobacterium
GCF_025560605.1,NZ_CP048578.1,128592,Plasmid,1,0,1,0,0,0,0,0,0,0,0,0,0,0,0,0,0,0,0,0,0,0,0,,Pseudomonadota,Alphaproteobacteria,Hyphomicrobiales,Rhizobiaceae,Agrobacterium
GCF_032853125.1,NZ_CP136591.1,114265,Plasmid,2,0,0,0,0,0,0,0,0,0,1,1,0,0,0,0,0,0,0,0,0,0,0,,Pseudomonadota,Gammaproteobacteria,Aeromonadales,Aeromonadaceae,Aeromonas
GCF_037039395.1,NZ_CP146241.1,536170,Plasmid,1,0,0,0,0,0,0,0,0,0,0,1,0,0,0,0,0,0,0,0,0,0,0,,Pseudomonadota,Alphaproteobacteria,Hyphomicrobiales,Rhizobiaceae,Agrobacterium
GCF_001886395.1,NZ_CP018025.1,603655,Plasmid,11,0,1,0,0,2,0,0,1,0,1,1,0,0,1,0,1,0,1,2,0,0,0,,Pseudomonadota,Gammaproteobacteria,Alteromonadales,Alteromonadaceae,Alteromonas
GCF_001886415.1,NZ_CP018028.1,610127,Plasmid,11,0,1,0,0,2,0,0,1,0,1,1,0,0,1,0,1,0,1,2,0,0,0,,Pseudomonadota,Gammaproteobacteria,Alteromonadales,Alteromonadaceae,Alteromonas
GCF_002849875.1,NZ_CP018322.1,237311,Plasmid,1,0,0,0,0,0,0,0,0,0,0,0,0,0,0,0,0,0,0,0,0,0,1,,Pseudomonadota,Gammaproteobacteria,Alteromonadales,Alteromonadaceae,Alteromonas
GCF_023805395.1,NZ_CP098773.1,80008,Plasmid,1,0,0,0,0,0,0,0,0,0,0,0,0,0,0,0,0,0,0,0,0,0,1,,Pseudomonadota,Gammaproteobacteria,Alteromonadales,Alteromonadaceae,Alteromonas
GCF_042986645.1,NZ_CP168062.1,80008,Plasmid,1,0,0,0,0,0,0,0,0,0,0,0,0,0,0,0,0,0,0,0,0,0,1,,Pseudomonadota,Gammaproteobacteria,Alteromonadales,Alteromonadaceae,Alteromonas
GCF_048517045.1,NZ_CP183210.1,249248,Plasmid,1,0,0,0,0,0,0,0,0,0,0,0,0,0,1,0,0,0,0,0,0,0,0,,Pseudomonadota,Gammaproteobacteria,Alteromonadales,Alteromonadaceae,Alteromonas
GCF_901457835.2,NZ_OX359242.1,102855,Plasmid,1,0,0,0,0,0,0,0,0,0,0,0,0,0,0,0,0,0,0,0,0,0,1,,Pseudomonadota,Gammaproteobacteria,Alteromonadales,Alteromonadaceae,Alteromonas
GCF_000010725.1,NC_013855.1,1455109,Plasmid,14,3,1,0,0,0,1,0,0,0,3,0,0,1,0,2,2,0,0,0,1,0,0,,Pseudomonadota,Alphaproteobacteria,Rhodospirillales,Azospirillaceae,Azospirillum
GCF_000010725.1,NC_013856.1,723779,Plasmid,2,1,0,0,0,0,0,0,0,0,1,0,0,0,0,0,0,0,0,0,0,0,0,,Pseudomonadota,Alphaproteobacteria,Rhodospirillales,Azospirillaceae,Azospirillum
GCF_000010725.1,NC_013857.1,681723,Plasmid,3,1,0,0,0,0,0,0,0,0,1,0,0,1,0,0,0,0,0,0,0,0,0,,Pseudomonadota,Alphaproteobacteria,Rhodospirillales,Azospirillaceae,Azospirillum
GCF_000010725.1,NC_013858.1,628837,Plasmid,6,0,0,1,1,0,0,3,0,0,0,0,0,0,1,0,0,0,0,0,0,0,0,,Pseudomonadota,Alphaproteobacteria,Rhodospirillales,Azospirillaceae,Azospirillum
GCF_000010725.1,NC_013859.1,537299,Plasmid,9,2,0,0,1,0,0,0,1,0,1,1,0,1,0,0,0,0,0,1,1,0,0,,Pseudomonadota,Alphaproteobacteria,Rhodospirillales,Azospirillaceae,Azospirillum
GCF_000283655.1,NC_016585.1,1040425,Plasmid,12,2,1,0,0,0,1,0,0,0,2,0,0,1,0,2,2,0,0,0,1,0,0,,Pseudomonadota,Alphaproteobacteria,Rhodospirillales,Azospirillaceae,Azospirillum
GCF_000283655.1,NC_016586.1,750123,Plasmid,5,2,0,0,0,0,0,0,0,0,2,0,0,1,0,0,0,0,0,0,0,0,0,,Pseudomonadota,Alphaproteobacteria,Rhodospirillales,Azospirillaceae,Azospirillum
GCF_000283655.1,NC_016623.1,648491,Plasmid,2,1,0,0,0,0,0,0,0,0,1,0,0,0,0,0,0,0,0,0,0,0,0,,Pseudomonadota,Alphaproteobacteria,Rhodospirillales,Azospirillaceae,Azospirillum
GCF_000283655.1,NC_016587.1,645253,Plasmid,6,0,0,1,1,0,0,3,0,0,0,0,0,0,1,0,0,0,0,0,0,0,0,,Pseudomonadota,Alphaproteobacteria,Rhodospirillales,Azospirillaceae,Azospirillum
GCF_000283655.1,NC_016624.1,478032,Plasmid,8,2,0,0,1,0,0,0,1,0,1,1,0,0,0,0,0,0,0,1,1,0,0,,Pseudomonadota,Alphaproteobacteria,Rhodospirillales,Azospirillaceae,Azospirillum
GCF_000632475.1,NZ_CP007794.1,1901707,Plasmid,26,5,0,1,2,0,3,0,1,0,3,3,1,2,1,0,2,1,0,0,1,0,0,,Pseudomonadota,Alphaproteobacteria,Rhodospirillales,Azospirillaceae,Azospirillum
GCF_000632475.1,NZ_CP007795.1,933960,Plasmid,4,1,0,0,0,0,0,0,0,0,1,0,0,1,0,0,0,0,1,0,0,0,0,,Pseudomonadota,Alphaproteobacteria,Rhodospirillales,Azospirillaceae,Azospirillum
GCF_000632475.1,NZ_CP007797.1,641573,Plasmid,12,3,1,1,1,0,0,0,1,0,2,2,0,0,1,0,0,0,0,0,0,0,0,,Pseudomonadota,Alphaproteobacteria,Rhodospirillales,Azospirillaceae,Azospirillum
GCF_000632475.1,NZ_CP007798.1,163159,Plasmid,1,0,0,0,0,0,0,0,1,0,0,0,0,0,0,0,0,0,0,0,0,0,0,,Pseudomonadota,Alphaproteobacteria,Rhodospirillales,Azospirillaceae,Azospirillum
GCF_001281315.1,NZ_CP012477.1,754192,Plasmid,11,0,1,0,1,0,0,1,0,0,0,0,1,0,1,0,4,2,0,0,0,0,0,,Actinomycetota,Actinomycetes,Micrococcales,Micrococcaceae,Arthrobacter
GCF_001315015.1,NZ_CP012915.1,1754523,Plasmid,23,4,0,1,2,0,3,0,1,0,2,3,1,1,1,0,2,1,0,0,1,0,0,,Pseudomonadota,Alphaproteobacteria,Rhodospirillales,Azospirillaceae,Azospirillum
GCF_001315015.1,NZ_CP012916.1,819020,Plasmid,7,2,0,0,0,0,0,0,0,0,2,0,0,2,0,0,0,0,1,0,0,0,0,,Pseudomonadota,Alphaproteobacteria,Rhodospirillales,Azospirillaceae,Azospirillum
GCF_001315015.1,NZ_CP012917.1,645064,Plasmid,15,4,1,1,1,0,0,0,1,0,3,2,0,1,1,0,0,0,0,0,0,0,0,,Pseudomonadota,Alphaproteobacteria,Rhodospirillales,Azospirillaceae,Azospirillum
GCF_001315015.1,NZ_CP012919.1,156480,Plasmid,1,0,0,0,0,0,0,0,1,0,0,0,0,0,0,0,0,0,0,0,0,0,0,,Pseudomonadota,Alphaproteobacteria,Rhodospirillales,Azospirillaceae,Azospirillum
GCF_001454985.1,NZ_CP013298.1,112763,Plasmid,1,0,0,0,1,0,0,0,0,0,0,0,0,0,0,0,0,0,0,0,0,0,0,,Actinomycetota,Actinomycetes,Micrococcales,Micrococcaceae,Arthrobacter
GCF_003119115.1,NZ_CP022367.1,1910929,Plasmid,26,5,0,1,2,0,3,0,1,0,3,3,1,2,1,0,2,1,0,0,1,0,0,,Pseudomonadota,Alphaproteobacteria,Rhodospirillales,Azospirillaceae,Azospirillum
GCF_003119115.1,NZ_CP022363.1,836998,Plasmid,4,1,0,0,0,0,0,0,0,0,1,0,0,1,0,0,0,0,1,0,0,0,0,,Pseudomonadota,Alphaproteobacteria,Rhodospirillales,Azospirillaceae,Azospirillum
GCF_003119115.1,NZ_CP022366.1,660876,Plasmid,12,3,1,1,1,0,0,0,1,0,2,2,0,0,1,0,0,0,0,0,0,0,0,,Pseudomonadota,Alphaproteobacteria,Rhodospirillales,Azospirillaceae,Azospirillum
GCF_003119115.1,NZ_CP022365.1,200555,Plasmid,1,0,0,0,0,0,0,0,1,0,0,0,0,0,0,0,0,0,0,0,0,0,0,,Pseudomonadota,Alphaproteobacteria,Rhodospirillales,Azospirillaceae,Azospirillum
GCF_003130795.1,NZ_CP029356.1,882608,Plasmid,9,1,0,1,1,0,0,1,0,0,1,0,2,1,1,0,0,0,0,0,0,0,0,,Pseudomonadota,Alphaproteobacteria,Rhodospirillales,Azospirillaceae,Azospirillum
GCF_003130795.1,NZ_CP029357.1,672413,Plasmid,3,1,0,0,0,0,0,0,0,0,1,0,0,1,0,0,0,0,0,0,0,0,0,,Pseudomonadota,Alphaproteobacteria,Rhodospirillales,Azospirillaceae,Azospirillum
GCF_003233655.1,NZ_CP029830.1,919301,Plasmid,12,2,0,0,0,0,2,0,0,0,2,0,0,1,0,2,2,0,0,0,1,0,0,,Pseudomonadota,Alphaproteobacteria,Rhodospirillales,Azospirillaceae,Azospirillum
GCF_003233655.1,NZ_CP029832.1,644647,Plasmid,3,1,0,0,0,0,0,0,0,0,1,0,0,1,0,0,0,0,0,0,0,0,0,,Pseudomonadota,Alphaproteobacteria,Rhodospirillales,Azospirillaceae,Azospirillum
GCF_003233655.1,NZ_CP029833.1,544602,Plasmid,6,0,0,1,1,0,0,3,0,0,0,0,0,0,1,0,0,0,0,0,0,0,0,,Pseudomonadota,Alphaproteobacteria,Rhodospirillales,Azospirillaceae,Azospirillum
GCF_003233655.1,NZ_CP029834.1,437884,Plasmid,8,2,0,0,1,0,0,0,1,0,1,1,0,0,0,0,0,0,0,1,1,0,0,,Pseudomonadota,Alphaproteobacteria,Rhodospirillales,Azospirillaceae,Azospirillum
GCF_003233655.1,NZ_CP029831.1,686098,Plasmid,5,2,0,0,0,0,0,0,0,0,2,0,0,1,0,0,0,0,0,0,0,0,0,,Pseudomonadota,Alphaproteobacteria,Rhodospirillales,Azospirillaceae,Azospirillum
GCF_005222145.1,NZ_CP032340.1,1757525,Plasmid,24,4,0,1,2,0,4,0,1,0,2,3,1,1,1,0,2,1,0,0,1,0,0,,Pseudomonadota,Alphaproteobacteria,Rhodospirillales,Azospirillaceae,Azospirillum
GCF_005222145.1,NZ_CP032341.1,824946,Plasmid,7,2,0,0,0,0,0,0,0,0,2,0,0,2,0,0,0,0,1,0,0,0,0,,Pseudomonadota,Alphaproteobacteria,Rhodospirillales,Azospirillaceae,Azospirillum
GCF_005222145.1,NZ_CP032343.1,652802,Plasmid,15,4,1,1,1,0,0,0,1,0,3,2,0,1,1,0,0,0,0,0,0,0,0,,Pseudomonadota,Alphaproteobacteria,Rhodospirillales,Azospirillaceae,Azospirillum
GCF_005222145.1,NZ_CP032344.1,161729,Plasmid,1,0,0,0,0,0,0,0,1,0,0,0,0,0,0,0,0,0,0,0,0,0,0,,Pseudomonadota,Alphaproteobacteria,Rhodospirillales,Azospirillaceae,Azospirillum
GCF_005222165.1,NZ_CP032322.1,1930550,Plasmid,26,5,0,1,2,0,3,0,1,0,3,3,1,2,1,0,2,1,0,0,1,0,0,,Pseudomonadota,Alphaproteobacteria,Rhodospirillales,Azospirillaceae,Azospirillum
GCF_005222165.1,NZ_CP032323.1,951667,Plasmid,4,1,0,0,0,0,0,0,0,0,1,0,0,1,0,0,0,0,1,0,0,0,0,,Pseudomonadota,Alphaproteobacteria,Rhodospirillales,Azospirillaceae,Azospirillum
GCF_005222165.1,NZ_CP032324.1,699612,Plasmid,12,3,1,1,1,0,0,0,1,0,2,2,0,0,1,0,0,0,0,0,0,0,0,,Pseudomonadota,Alphaproteobacteria,Rhodospirillales,Azospirillaceae,Azospirillum
GCF_005222165.1,NZ_CP032327.1,162176,Plasmid,1,0,0,0,0,0,0,0,1,0,0,0,0,0,0,0,0,0,0,0,0,0,0,,Pseudomonadota,Alphaproteobacteria,Rhodospirillales,Azospirillaceae,Azospirillum
GCF_005222165.1,NZ_CP032328.1,163663,Plasmid,1,0,0,0,0,0,0,0,0,0,0,0,0,1,0,0,0,0,0,0,0,0,0,,Pseudomonadota,Alphaproteobacteria,Rhodospirillales,Azospirillaceae,Azospirillum
GCF_005222205.1,NZ_CP032346.1,1845095,Plasmid,26,5,0,1,2,0,3,0,1,0,3,3,1,2,1,0,2,1,0,0,1,0,0,,Pseudomonadota,Alphaproteobacteria,Rhodospirillales,Azospirillaceae,Azospirillum
GCF_005222205.1,NZ_CP032347.1,843474,Plasmid,4,1,0,0,0,0,0,0,0,0,1,0,0,1,0,0,0,0,1,0,0,0,0,,Pseudomonadota,Alphaproteobacteria,Rhodospirillales,Azospirillaceae,Azospirillum
GCF_005222205.1,NZ_CP032348.1,704115,Plasmid,13,3,2,1,1,0,0,0,1,0,2,2,0,0,1,0,0,0,0,0,0,0,0,,Pseudomonadota,Alphaproteobacteria,Rhodospirillales,Azospirillaceae,Azospirillum
GCF_005222205.1,NZ_CP032350.1,194238,Plasmid,1,0,0,0,0,0,0,0,1,0,0,0,0,0,0,0,0,0,0,0,0,0,0,,Pseudomonadota,Alphaproteobacteria,Rhodospirillales,Azospirillaceae,Azospirillum
GCF_008274945.1,NZ_CP033317.1,211626,Plasmid,1,0,0,0,0,0,0,0,1,0,0,0,0,0,0,0,0,0,0,0,0,0,0,,Pseudomonadota,Alphaproteobacteria,Rhodospirillales,Azospirillaceae,Azospirillum
GCF_008274965.1,NZ_CP033323.1,263311,Plasmid,1,0,0,0,0,0,0,0,1,0,0,0,0,0,0,0,0,0,0,0,0,0,0,,Pseudomonadota,Alphaproteobacteria,Rhodospirillales,Azospirillaceae,Azospirillum
GCF_013341255.1,NZ_CP054478.1,5685,Plasmid,7,1,1,0,0,0,0,0,1,0,0,2,1,0,0,1,0,0,0,0,0,0,0,,Bacillota,Bacilli,Bacillales,Bacillaceae,Bacillus
GCF_013347285.1,NZ_CP054616.1,668146,Plasmid,5,2,0,0,0,0,0,0,0,0,2,0,0,1,0,0,0,0,0,0,0,0,0,,Pseudomonadota,Alphaproteobacteria,Rhodospirillales,Azospirillaceae,Azospirillum
GCF_013347285.1,NZ_CP054617.1,728493,Plasmid,6,0,0,1,1,0,0,3,0,0,0,0,0,0,1,0,0,0,0,0,0,0,0,,Pseudomonadota,Alphaproteobacteria,Rhodospirillales,Azospirillaceae,Azospirillum
GCF_013347285.1,NZ_CP054620.1,443879,Plasmid,8,2,0,0,1,0,0,0,1,0,1,1,0,0,0,0,0,0,0,1,1,0,0,,Pseudomonadota,Alphaproteobacteria,Rhodospirillales,Azospirillaceae,Azospirillum
GCF_013347285.1,NZ_CP054621.1,1118090,Plasmid,12,2,1,0,0,0,1,0,0,0,2,0,0,1,0,2,2,0,0,0,1,0,0,,Pseudomonadota,Alphaproteobacteria,Rhodospirillales,Azospirillaceae,Azospirillum
GCF_017603845.1,NZ_CP071971.1,215881,Plasmid,1,0,0,0,0,1,0,0,0,0,0,0,0,0,0,0,0,0,0,0,0,0,0,,Bacillota,Bacilli,Bacillales,Bacillaceae,Bacillus
GCF_019977255.1,NZ_AP024648.1,1349533,Plasmid,8,0,1,2,0,0,1,0,0,0,1,2,0,0,0,0,0,1,0,0,0,0,0,,Actinomycetota,Actinomycetes,Micrococcales,Micrococcaceae,Arthrobacter
GCF_019977255.1,NZ_AP024649.1,1001828,Plasmid,13,1,1,0,1,0,0,1,0,0,1,1,1,0,1,0,4,1,0,0,0,0,0,,Actinomycetota,Actinomycetes,Micrococcales,Micrococcaceae,Arthrobacter
GCF_021789315.1,NZ_CP084562.1,131097,Plasmid,1,0,0,0,0,0,0,0,0,0,0,1,0,0,0,0,0,0,0,0,0,0,0,,Actinomycetota,Actinomycetes,Micrococcales,Micrococcaceae,Arthrobacter
GCF_022023855.1,NZ_CP059450.1,2048375,Plasmid,23,4,0,1,2,0,3,0,1,0,2,3,1,1,1,0,2,1,0,0,1,0,0,,Pseudomonadota,Alphaproteobacteria,Rhodospirillales,Azospirillaceae,Azospirillum
GCF_022023855.1,NZ_CP059452.1,753426,Plasmid,7,2,0,0,0,0,0,0,0,0,2,0,0,2,0,0,0,0,1,0,0,0,0,,Pseudomonadota,Alphaproteobacteria,Rhodospirillales,Azospirillaceae,Azospirillum
GCF_022023855.1,NZ_CP059453.1,642990,Plasmid,15,4,1,1,1,0,0,0,1,0,3,2,0,1,1,0,0,0,0,0,0,0,0,,Pseudomonadota,Alphaproteobacteria,Rhodospirillales,Azospirillaceae,Azospirillum
GCF_022023855.1,NZ_CP059454.1,181142,Plasmid,1,0,0,0,0,0,0,0,1,0,0,0,0,0,0,0,0,0,0,0,0,0,0,,Pseudomonadota,Alphaproteobacteria,Rhodospirillales,Azospirillaceae,Azospirillum
GCF_023278425.1,NZ_CP076118.1,161917,Plasmid,11,0,2,1,0,1,0,1,1,0,0,1,0,0,0,1,2,1,0,0,0,0,0,,Bacillota,Bacilli,Bacillales,Bacillaceae,Bacillus
GCF_023921125.1,NZ_CP099467.1,374851,Plasmid,38,2,4,1,1,1,1,2,2,1,2,3,2,1,1,2,4,3,1,1,2,0,1,,Actinomycetota,Actinomycetes,Micrococcales,Micrococcaceae,Arthrobacter
GCF_024380035.1,NZ_CP101507.1,60381,Plasmid,4,0,0,1,1,0,0,0,1,0,0,0,0,1,0,0,0,0,0,0,0,0,0,,Bacillota,Bacilli,Bacillales,Bacillaceae,Bacillus
GCF_025244865.1,NZ_CP104273.1,400603,Plasmid,41,2,4,1,1,1,2,2,2,1,2,3,2,1,2,3,5,3,1,1,1,0,1,,Actinomycetota,Actinomycetes,Micrococcales,Micrococcaceae,Arthrobacter
GCF_025960325.1,NZ_CP110115.1,129773,Plasmid,1,0,0,0,0,0,0,0,0,0,0,0,0,0,0,0,0,0,0,0,0,1,0,,Actinomycetota,Actinomycetes,Micrococcales,Micrococcaceae,Arthrobacter
GCF_026683955.1,NZ_CP113344.1,39587,Plasmid,1,0,0,0,0,0,0,0,0,0,1,0,0,0,0,0,0,0,0,0,0,0,0,,Actinomycetota,Actinomycetes,Micrococcales,Micrococcaceae,Arthrobacter
GCF_030292135.1,NZ_CP128151.1,530743,Plasmid,1,0,0,0,0,0,0,0,0,0,1,0,0,0,0,0,0,0,0,0,0,0,0,,Bacillota,Bacilli,Bacillales,Bacillaceae,Bacillus
GCF_036418335.1,NZ_CP143958.1,5903,Plasmid,5,0,1,1,0,0,0,0,1,0,0,0,0,0,0,1,0,1,0,0,0,0,0,,Bacillota,Bacilli,Bacillales,Bacillaceae,Bacillus
GCF_039619385.1,NZ_CP154894.1,5431,Plasmid,2,0,1,0,0,0,0,0,0,0,0,0,0,0,0,1,0,0,0,0,0,0,0,,Bacillota,Bacilli,Bacillales,Bacillaceae,Bacillus
GCF_039619395.1,NZ_CP154896.1,5971,Plasmid,5,0,1,1,0,0,0,0,1,0,0,0,0,0,0,1,0,1,0,0,0,0,0,,Bacillota,Bacilli,Bacillales,Bacillaceae,Bacillus
GCF_039619405.1,NZ_CP154897.1,147780,Plasmid,1,0,1,0,0,0,0,0,0,0,0,0,0,0,0,0,0,0,0,0,0,0,0,,Bacillota,Bacilli,Bacillales,Bacillaceae,Bacillus
GCF_039619405.1,NZ_CP154899.1,5968,Plasmid,5,0,1,1,0,0,0,0,1,0,0,0,0,0,0,1,0,1,0,0,0,0,0,,Bacillota,Bacilli,Bacillales,Bacillaceae,Bacillus
GCF_040500525.1,NZ_CP159403.1,1707124,Plasmid,24,5,0,1,2,0,3,0,1,0,3,3,1,1,1,0,1,1,0,0,1,0,0,,Pseudomonadota,Alphaproteobacteria,Rhodospirillales,Azospirillaceae,Azospirillum
GCF_040500525.1,NZ_CP159404.1,813369,Plasmid,3,1,0,0,0,0,0,0,0,0,1,0,0,0,0,0,0,0,1,0,0,0,0,,Pseudomonadota,Alphaproteobacteria,Rhodospirillales,Azospirillaceae,Azospirillum
GCF_040500525.1,NZ_CP159405.1,617161,Plasmid,14,3,1,1,1,0,0,0,1,0,2,2,0,1,1,0,1,0,0,0,0,0,0,,Pseudomonadota,Alphaproteobacteria,Rhodospirillales,Azospirillaceae,Azospirillum
GCF_040500525.1,NZ_CP159406.1,190277,Plasmid,1,0,0,0,0,0,0,0,1,0,0,0,0,0,0,0,0,0,0,0,0,0,0,,Pseudomonadota,Alphaproteobacteria,Rhodospirillales,Azospirillaceae,Azospirillum
GCF_041507355.1,NZ_CP167902.1,154250,Plasmid,2,1,0,0,0,0,0,0,0,0,0,0,0,0,0,1,0,0,0,0,0,0,0,,Pseudomonadota,Alphaproteobacteria,Rhodospirillales,Azospirillaceae,Azospirillum
GCF_041507355.1,NZ_CP167907.1,108862,Plasmid,1,0,0,0,0,0,0,0,0,0,0,0,0,0,0,1,0,0,0,0,0,0,0,,Pseudomonadota,Alphaproteobacteria,Rhodospirillales,Azospirillaceae,Azospirillum
GCF_042604625.1,NZ_CP170468.1,50790,Plasmid,3,0,0,0,0,0,0,0,0,0,1,1,0,0,0,1,0,0,0,0,0,0,0,,Pseudomonadota,Alphaproteobacteria,Rhodospirillales,Azospirillaceae,Azospirillum
GCF_042604625.1,NZ_CP170470.1,607914,Plasmid,6,0,0,1,1,0,0,3,0,0,0,0,0,0,1,0,0,0,0,0,0,0,0,,Pseudomonadota,Alphaproteobacteria,Rhodospirillales,Azospirillaceae,Azospirillum
GCF_042604635.1,NZ_CP170475.1,447823,Plasmid,8,2,0,0,1,0,0,0,1,0,1,1,0,0,0,0,0,0,0,1,1,0,0,,Pseudomonadota,Alphaproteobacteria,Rhodospirillales,Azospirillaceae,Azospirillum
GCF_042937815.1,NZ_CP170652.1,5994,Plasmid,11,2,1,0,0,0,0,0,1,0,1,2,1,0,0,1,0,1,0,0,1,0,0,,Bacillota,Bacilli,Bacillales,Bacillaceae,Bacillus
GCF_042938965.1,NZ_CP170666.1,1926296,Plasmid,15,3,1,0,0,0,1,0,0,0,3,0,0,2,0,2,2,0,0,0,1,0,0,,Pseudomonadota,Alphaproteobacteria,Rhodospirillales,Azospirillaceae,Azospirillum
GCF_042938965.1,NZ_CP170663.1,1253581,Plasmid,5,2,0,0,0,0,0,0,0,0,2,0,0,1,0,0,0,0,0,0,0,0,0,,Pseudomonadota,Alphaproteobacteria,Rhodospirillales,Azospirillaceae,Azospirillum
GCF_042938965.1,NZ_CP170664.1,598681,Plasmid,6,0,0,1,1,0,0,3,0,0,0,0,0,0,1,0,0,0,0,0,0,0,0,,Pseudomonadota,Alphaproteobacteria,Rhodospirillales,Azospirillaceae,Azospirillum
GCF_042938965.1,NZ_CP170668.1,511942,Plasmid,8,2,0,0,1,0,0,0,1,0,1,1,0,0,0,0,0,0,0,1,1,0,0,,Pseudomonadota,Alphaproteobacteria,Rhodospirillales,Azospirillaceae,Azospirillum
GCF_042938965.1,NZ_CP170671.1,85558,Plasmid,3,1,0,0,0,0,0,0,0,0,1,0,0,1,0,0,0,0,0,0,0,0,0,,Pseudomonadota,Alphaproteobacteria,Rhodospirillales,Azospirillaceae,Azospirillum
GCF_043950685.1,NZ_CP170718.1,5935,Plasmid,9,1,1,0,0,0,0,0,1,0,0,2,1,0,0,1,0,1,0,0,1,0,0,,Bacillota,Bacilli,Bacillales,Bacillaceae,Bacillus
GCF_044054585.1,NZ_CP171972.1,189994,Plasmid,1,0,0,0,0,0,0,0,0,0,0,1,0,0,0,0,0,0,0,0,0,0,0,,Actinomycetota,Actinomycetes,Micrococcales,Micrococcaceae,Arthrobacter
GCF_044056015.1,NZ_CP171989.1,579149,Plasmid,6,0,0,1,1,0,0,3,0,0,0,0,0,0,1,0,0,0,0,0,0,0,0,,Pseudomonadota,Alphaproteobacteria,Rhodospirillales,Azospirillaceae,Azospirillum
GCF_044056015.1,NZ_CP171983.1,480776,Plasmid,10,3,0,0,1,0,0,0,1,0,2,1,0,0,0,0,0,0,0,1,1,0,0,,Pseudomonadota,Alphaproteobacteria,Rhodospirillales,Azospirillaceae,Azospirillum
GCF_044056015.1,NZ_CP171992.1,46662,Plasmid,4,0,0,0,0,0,0,0,0,0,1,2,0,0,0,1,0,0,0,0,0,0,0,,Pseudomonadota,Alphaproteobacteria,Rhodospirillales,Azospirillaceae,Azospirillum
GCF_045924905.1,NZ_CP163563.1,6415,Plasmid,15,1,1,1,1,0,0,1,1,0,0,2,1,1,1,1,1,1,0,0,1,0,0,,Bacillota,Bacilli,Bacillales,Bacillaceae,Bacillus
GCF_000021305.1,NC_011774.1,140001,Plasmid,2,0,0,0,0,0,0,0,0,0,1,0,0,0,0,0,0,0,0,0,0,0,1,,Bacillota,Bacilli,Bacillales,Bacillaceae,Bacillus
GCF_000742855.1,NZ_CP007624.1,140690,Plasmid,4,0,0,0,0,0,0,0,0,0,0,0,0,0,0,0,0,0,0,0,0,0,4,,Bacillota,Bacilli,Bacillales,Bacillaceae,Bacillus
GCF_000831065.1,NZ_CP007513.1,577809,Plasmid,1,0,0,0,0,0,0,0,0,0,1,0,0,0,0,0,0,0,0,0,0,0,0,,Bacillota,Bacilli,Bacillales,Bacillaceae,Bacillus
GCF_000832865.1,NZ_CP009636.1,238933,Plasmid,1,0,0,0,0,0,0,0,0,0,1,0,0,0,0,0,0,0,0,0,0,0,0,,Bacillota,Bacilli,Bacillales,Bacillaceae,Bacillus
GCF_000832885.1,NZ_CP009649.1,140953,Plasmid,6,0,0,0,0,0,0,0,0,0,0,0,0,0,0,0,0,0,0,0,0,0,6,,Bacillota,Bacilli,Bacillales,Bacillaceae,Bacillus
GCF_002074095.1,NZ_CP014843.1,205480,Plasmid,2,0,0,1,0,0,0,0,0,0,0,0,0,1,0,0,0,0,0,0,0,0,0,,Bacillota,Bacilli,Bacillales,Bacillaceae,Bacillus
GCF_002104575.1,NZ_CP020744.1,460379,Plasmid,1,0,0,0,0,0,0,0,0,0,0,0,0,0,0,0,0,0,0,0,1,0,0,,Bacillota,Bacilli,Bacillales,Bacillaceae,Bacillus
GCF_002173675.1,NZ_CP021670.1,205000,Plasmid,2,0,0,1,0,0,0,0,0,0,0,0,0,1,0,0,0,0,0,0,0,0,0,,Bacillota,Bacilli,Bacillales,Bacillaceae,Bacillus
GCF_002224345.1,NZ_CP022446.1,715614,Plasmid,1,0,0,0,0,0,0,0,0,0,1,0,0,0,0,0,0,0,0,0,0,0,0,,Bacillota,Bacilli,Bacillales,Bacillaceae,Bacillus
GCF_002813875.1,NZ_CP024657.1,158531,Plasmid,1,0,0,0,0,0,0,0,0,0,1,0,0,0,0,0,0,0,0,0,0,0,0,,Bacillota,Bacilli,Bacillales,Bacillaceae,Bacillus
GCF_003568565.1,NZ_CP023246.1,546185,Plasmid,1,0,0,0,0,0,0,0,0,0,1,0,0,0,0,0,0,0,0,0,0,0,0,,Bacillota,Bacilli,Bacillales,Bacillaceae,Bacillus
GCF_004101525.1,NZ_CP035189.1,212467,Plasmid,2,0,0,1,0,0,0,0,0,0,0,0,0,1,0,0,0,0,0,0,0,0,0,,Bacillota,Bacilli,Bacillales,Bacillaceae,Bacillus
GCF_006349715.2,NZ_CP085499.1,480744,Plasmid,2,0,0,0,0,0,0,0,0,2,0,0,0,0,0,0,0,0,0,0,0,0,0,,Bacillota,Bacilli,Bacillales,Bacillaceae,Bacillus
GCF_006384875.1,NZ_CP029455.1,512032,Plasmid,1,0,0,0,0,0,0,0,0,0,0,0,0,0,0,0,0,0,0,0,1,0,0,,Bacillota,Bacilli,Bacillales,Bacillaceae,Bacillus
GCF_008274925.1,NZ_CP031077.1,10545,Plasmid,1,0,0,0,0,0,0,0,0,0,0,0,0,0,0,0,0,0,0,0,0,0,1,,Bacillota,Bacilli,Bacillales,Bacillaceae,Bacillus
GCF_009497015.2,NZ_CP045607.2,584798,Plasmid,1,0,0,0,0,0,0,0,0,0,1,0,0,0,0,0,0,0,0,0,0,0,0,,Bacillota,Bacilli,Bacillales,Bacillaceae,Bacillus
GCF_013177495.2,NZ_CP053657.2,500306,Plasmid,1,0,0,0,0,0,0,0,0,0,1,0,0,0,0,0,0,0,0,0,0,0,0,,Bacillota,Bacilli,Bacillales,Bacillaceae,Bacillus
GCF_013267235.1,NZ_CP053962.1,238933,Plasmid,1,0,0,0,0,0,0,0,0,0,1,0,0,0,0,0,0,0,0,0,0,0,0,,Bacillota,Bacilli,Bacillales,Bacillaceae,Bacillus
GCF_013267255.1,NZ_CP053949.1,480092,Plasmid,1,0,0,0,0,0,0,0,0,0,1,0,0,0,0,0,0,0,0,0,0,0,0,,Bacillota,Bacilli,Bacillales,Bacillaceae,Bacillus
GCF_013267275.1,NZ_CP053952.1,480092,Plasmid,1,0,0,0,0,0,0,0,0,0,1,0,0,0,0,0,0,0,0,0,0,0,0,,Bacillota,Bacilli,Bacillales,Bacillaceae,Bacillus
GCF_013284455.2,NZ_CP085507.1,503267,Plasmid,1,0,0,0,0,0,0,0,0,0,0,0,0,0,0,0,0,0,0,0,1,0,0,,Bacillota,Bacilli,Bacillales,Bacillaceae,Bacillus
GCF_013284505.2,NZ_CP085511.1,503267,Plasmid,1,0,0,0,0,0,0,0,0,0,0,0,0,0,0,0,0,0,0,0,1,0,0,,Bacillota,Bacilli,Bacillales,Bacillaceae,Bacillus
GCF_016774555.1,NZ_CP068720.1,647739,Plasmid,1,0,0,0,0,0,0,0,0,0,1,0,0,0,0,0,0,0,0,0,0,0,0,,Bacillota,Bacilli,Bacillales,Bacillaceae,Bacillus
GCF_018739625.1,NZ_CP036019.1,37113,Plasmid,2,1,0,0,0,1,0,0,0,0,0,0,0,0,0,0,0,0,0,0,0,0,0,,Bacillota,Bacilli,Bacillales,Bacillaceae,Bacillus
GCF_018739645.1,NZ_CP036025.1,479471,Plasmid,1,0,0,0,0,0,0,0,0,0,0,0,0,0,0,0,0,0,0,0,1,0,0,,Bacillota,Bacilli,Bacillales,Bacillaceae,Bacillus
GCF_018739665.1,NZ_CP036030.1,419002,Plasmid,1,0,0,0,0,0,0,0,0,0,0,0,0,0,0,0,0,0,0,0,1,0,0,,Bacillota,Bacilli,Bacillales,Bacillaceae,Bacillus
GCF_018741165.1,NZ_CP036068.1,233674,Plasmid,1,0,0,0,0,0,0,0,0,0,0,0,0,1,0,0,0,0,0,0,0,0,0,,Bacillota,Bacilli,Bacillales,Bacillaceae,Bacillus
GCF_018742225.1,NZ_CP036127.1,192434,Plasmid,1,0,0,0,0,0,0,0,0,0,1,0,0,0,0,0,0,0,0,0,0,0,0,,Bacillota,Bacilli,Bacillales,Bacillaceae,Bacillus
GCF_021391515.1,NZ_CP090082.1,448451,Plasmid,2,0,0,0,0,0,0,0,0,0,2,0,0,0,0,0,0,0,0,0,0,0,0,,Bacillota,Bacilli,Bacillales,Bacillaceae,Bacillus
GCF_021391515.1,NZ_CP090087.1,70091,Plasmid,1,0,0,0,0,0,0,0,0,0,1,0,0,0,0,0,0,0,0,0,0,0,0,,Bacillota,Bacilli,Bacillales,Bacillaceae,Bacillus
GCF_021654735.1,NZ_AP025341.1,200793,Plasmid,2,0,0,1,0,0,0,0,0,0,0,0,0,1,0,0,0,0,0,0,0,0,0,,Bacillota,Bacilli,Bacillales,Bacillaceae,Bacillus
GCF_021655315.1,NZ_AP022988.1,262361,Plasmid,1,0,0,0,0,0,0,0,0,0,0,0,0,0,0,0,0,0,0,0,1,0,0,,Bacillota,Bacilli,Bacillales,Bacillaceae,Bacillus
GCF_022700995.1,NZ_CP063976.1,463719,Plasmid,1,0,0,0,0,0,0,0,0,0,1,0,0,0,0,0,0,0,0,0,0,0,0,,Bacillota,Bacilli,Bacillales,Bacillaceae,Bacillus
GCF_022811845.1,NZ_CP064267.1,283919,Plasmid,2,0,0,0,0,0,0,0,0,0,2,0,0,0,0,0,0,0,0,0,0,0,0,,Bacillota,Bacilli,Bacillales,Bacillaceae,Bacillus
GCF_023008425.1,NZ_CP095378.1,537825,Plasmid,1,0,0,0,0,0,0,0,0,0,1,0,0,0,0,0,0,0,0,0,0,0,0,,Bacillota,Bacilli,Bacillales,Bacillaceae,Bacillus
GCF_023824075.1,NZ_CP085407.1,530756,Plasmid,1,0,0,0,0,0,0,0,0,0,1,0,0,0,0,0,0,0,0,0,0,0,0,,Bacillota,Bacilli,Bacillales,Bacillaceae,Bacillus
GCF_025946485.2,NZ_CP109873.2,551060,Plasmid,1,0,0,0,0,0,0,0,0,0,1,0,0,0,0,0,0,0,0,0,0,0,0,,Bacillota,Bacilli,Bacillales,Bacillaceae,Bacillus
GCF_026967595.1,NZ_CP114067.1,203589,Plasmid,2,0,0,1,0,0,0,0,0,0,0,0,0,1,0,0,0,0,0,0,0,0,0,,Bacillota,Bacilli,Bacillales,Bacillaceae,Bacillus
GCF_027625975.1,NZ_CP115306.1,641954,Plasmid,1,0,0,0,0,0,0,0,0,0,1,0,0,0,0,0,0,0,0,0,0,0,0,,Bacillota,Bacilli,Bacillales,Bacillaceae,Bacillus
GCF_028607045.1,NZ_CP117423.1,411441,Plasmid,1,0,0,0,0,0,0,0,0,0,1,0,0,0,0,0,0,0,0,0,0,0,0,,Bacillota,Bacilli,Bacillales,Bacillaceae,Bacillus
GCF_030067855.1,NZ_CP125990.1,579146,Plasmid,1,0,0,0,0,0,0,0,0,0,1,0,0,0,0,0,0,0,0,0,0,0,0,,Bacillota,Bacilli,Bacillales,Bacillaceae,Bacillus
GCF_030285945.1,NZ_CP127374.1,78253,Plasmid,2,1,0,0,0,1,0,0,0,0,0,0,0,0,0,0,0,0,0,0,0,0,0,,Bacillota,Bacilli,Bacillales,Bacillaceae,Bacillus
GCF_031216075.1,NZ_CP091447.1,36156,Plasmid,2,1,0,0,0,1,0,0,0,0,0,0,0,0,0,0,0,0,0,0,0,0,0,,Bacillota,Bacilli,Bacillales,Bacillaceae,Bacillus
GCF_031325985.1,NZ_CP133651.1,397915,Plasmid,1,0,0,0,0,0,0,0,0,0,1,0,0,0,0,0,0,0,0,0,0,0,0,,Bacillota,Bacilli,Bacillales,Bacillaceae,Bacillus
GCF_033452345.1,NZ_CP137769.1,497411,Plasmid,1,0,0,0,0,0,0,0,0,0,1,0,0,0,0,0,0,0,0,0,0,0,0,,Bacillota,Bacilli,Bacillales,Bacillaceae,Bacillus
GCF_038971285.1,NZ_CP152429.1,341000,Plasmid,1,0,0,0,0,0,0,0,0,0,1,0,0,0,0,0,0,0,0,0,0,0,0,,Bacillota,Bacilli,Bacillales,Bacillaceae,Bacillus
GCF_039619455.1,NZ_CP154900.1,59575,Plasmid,2,0,0,1,0,0,0,0,0,0,0,0,0,0,0,0,0,0,1,0,0,0,0,,Bacillota,Bacilli,Bacillales,Bacillaceae,Bacillus
GCF_039619495.1,NZ_CP154905.1,5851,Plasmid,8,0,1,0,0,0,0,0,0,0,0,1,1,0,0,1,0,1,0,0,1,0,2,,Bacillota,Bacilli,Bacillales,Bacillaceae,Bacillus
GCF_039619745.1,NZ_CP154916.1,6642,Plasmid,9,1,1,0,0,0,0,0,1,0,0,2,1,0,0,1,0,1,0,0,1,0,0,,Bacillota,Bacilli,Bacillales,Bacillaceae,Bacillus
GCF_040500475.1,NZ_CP159359.1,58834,Plasmid,4,0,0,1,1,0,0,0,0,0,0,0,0,0,0,0,0,1,0,0,0,0,1,,Bacillota,Bacilli,Bacillales,Bacillaceae,Bacillus
GCF_049728525.1,NZ_CP187291.1,524886,Plasmid,1,0,0,0,0,0,0,0,0,0,1,0,0,0,0,0,0,0,0,0,0,0,0,,Bacillota,Bacilli,Bacillales,Bacillaceae,Bacillus
GCF_000877815.1,NZ_CP010015.1,83186,Plasmid,2,0,0,1,0,0,0,0,0,0,0,0,0,0,0,0,0,0,1,0,0,0,0,,Bacillota,Bacilli,Bacillales,Bacillaceae,Bacillus
GCF_002055965.1,NZ_CP020103.1,84215,Plasmid,2,0,0,1,0,0,0,0,0,0,0,0,0,0,0,0,0,0,1,0,0,0,0,,Bacillota,Bacilli,Bacillales,Bacillaceae,Bacillus
GCF_003330965.1,NZ_CP030938.1,84240,Plasmid,2,0,0,1,0,0,0,0,0,0,0,0,0,0,0,0,0,0,1,0,0,0,0,,Bacillota,Bacilli,Bacillales,Bacillaceae,Bacillus
GCF_004119675.1,NZ_CP035398.1,84496,Plasmid,2,0,0,1,0,0,0,0,0,0,0,0,0,0,0,0,0,0,1,0,0,0,0,,Bacillota,Bacilli,Bacillales,Bacillaceae,Bacillus
GCF_004119775.1,NZ_CP035408.1,41961,Plasmid,1,0,1,0,0,0,0,0,0,0,0,0,0,0,0,0,0,0,0,0,0,0,0,,Bacillota,Bacilli,Bacillales,Bacillaceae,Bacillus
GCF_004119835.1,NZ_CP035412.1,85678,Plasmid,2,0,0,1,0,0,0,0,0,0,0,0,0,0,0,0,0,0,1,0,0,0,0,,Bacillota,Bacilli,Bacillales,Bacillaceae,Bacillus
GCF_005937795.2,NZ_CP041758.1,84215,Plasmid,2,0,0,1,0,0,0,0,0,0,0,0,0,0,0,0,0,0,1,0,0,0,0,,Bacillota,Bacilli,Bacillales,Bacillaceae,Bacillus
GCF_007363175.1,NZ_CP034684.1,162149,Plasmid,1,0,0,0,0,1,0,0,0,0,0,0,0,0,0,0,0,0,0,0,0,0,0,,Bacillota,Bacilli,Bacillales,Bacillaceae,Bacillus
GCF_008274905.1,NZ_CP031070.1,277779,Plasmid,1,0,0,0,0,0,0,0,0,0,1,0,0,0,0,0,0,0,0,0,0,0,0,,Bacillota,Bacilli,Bacillales,Bacillaceae,Bacillus
GCF_009662215.1,NZ_CP045822.1,84033,Plasmid,2,0,0,1,0,0,0,0,0,0,0,0,0,0,0,0,0,0,1,0,0,0,0,,Bacillota,Bacilli,Bacillales,Bacillaceae,Bacillus
GCF_009662415.1,NZ_CP045813.1,84215,Plasmid,2,0,0,1,0,0,0,0,0,0,0,0,0,0,0,0,0,0,1,0,0,0,0,,Bacillota,Bacilli,Bacillales,Bacillaceae,Bacillus
GCF_009662435.1,NZ_CP045923.1,84215,Plasmid,2,0,0,1,0,0,0,0,0,0,0,0,0,0,0,0,0,0,1,0,0,0,0,,Bacillota,Bacilli,Bacillales,Bacillaceae,Bacillus
GCF_009913555.1,NZ_CP028216.1,84569,Plasmid,2,0,0,1,0,0,0,0,0,0,0,0,0,0,0,0,0,0,1,0,0,0,0,,Bacillota,Bacilli,Bacillales,Bacillaceae,Bacillus
GCF_016924995.1,NZ_CP070484.1,82935,Plasmid,2,0,0,1,0,0,0,0,0,0,0,0,0,0,0,0,0,0,1,0,0,0,0,,Bacillota,Bacilli,Bacillales,Bacillaceae,Bacillus
GCF_019334685.1,NZ_CP079760.1,83007,Plasmid,2,0,0,1,0,0,0,0,0,0,0,0,0,0,0,0,0,0,1,0,0,0,0,,Bacillota,Bacilli,Bacillales,Bacillaceae,Bacillus
GCF_019931715.1,NZ_CP082925.1,84206,Plasmid,2,0,0,1,0,0,0,0,0,0,0,0,0,0,0,0,0,0,1,0,0,0,0,,Bacillota,Bacilli,Bacillales,Bacillaceae,Bacillus
GCF_020091665.1,NZ_CP083581.1,145630,Plasmid,1,0,0,0,0,1,0,0,0,0,0,0,0,0,0,0,0,0,0,0,0,0,0,,Bacillota,Bacilli,Bacillales,Bacillaceae,Bacillus
GCF_021172185.1,NZ_CP089149.1,142229,Plasmid,1,0,0,0,0,1,0,0,0,0,0,0,0,0,0,0,0,0,0,0,0,0,0,,Bacillota,Bacilli,Bacillales,Bacillaceae,Bacillus
GCF_022637375.2,NZ_CP093324.1,515706,Plasmid,1,0,0,0,0,0,0,0,0,0,1,0,0,0,0,0,0,0,0,0,0,0,0,,Bacillota,Bacilli,Bacillales,Bacillaceae,Bacillus
GCF_022647025.1,NZ_CP061871.1,136400,Plasmid,1,0,0,0,0,1,0,0,0,0,0,0,0,0,0,0,0,0,0,0,0,0,0,,Bacillota,Bacilli,Bacillales,Bacillaceae,Bacillus
GCF_023101325.1,NZ_CP095875.1,525898,Plasmid,1,0,0,0,0,0,0,0,0,0,1,0,0,0,0,0,0,0,0,0,0,0,0,,Bacillota,Bacilli,Bacillales,Bacillaceae,Bacillus
GCF_024297105.1,NZ_CP101131.1,145672,Plasmid,1,0,0,0,0,1,0,0,0,0,0,0,0,0,0,0,0,0,0,0,0,0,0,,Bacillota,Bacilli,Bacillales,Bacillaceae,Bacillus
GCF_025021505.1,NZ_CP103996.1,149727,Plasmid,1,0,0,0,0,1,0,0,0,0,0,0,0,0,0,0,0,0,0,0,0,0,0,,Bacillota,Bacilli,Bacillales,Bacillaceae,Bacillus
GCF_025502505.1,NZ_CP106674.1,82857,Plasmid,2,0,0,1,0,0,0,0,0,0,0,0,0,0,0,0,0,0,1,0,0,0,0,,Bacillota,Bacilli,Bacillales,Bacillaceae,Bacillus
GCF_025502545.1,NZ_CP106672.1,82857,Plasmid,2,0,0,1,0,0,0,0,0,0,0,0,0,0,0,0,0,0,1,0,0,0,0,,Bacillota,Bacilli,Bacillales,Bacillaceae,Bacillus
GCF_029027845.1,NZ_CP094362.1,84214,Plasmid,2,0,0,1,0,0,0,0,0,0,0,0,0,0,0,0,0,0,1,0,0,0,0,,Bacillota,Bacilli,Bacillales,Bacillaceae,Bacillus
GCF_029537415.2,NZ_CP120680.2,84215,Plasmid,2,0,0,1,0,0,0,0,0,0,0,0,0,0,0,0,0,0,1,0,0,0,0,,Bacillota,Bacilli,Bacillales,Bacillaceae,Bacillus
GCF_030643765.1,NZ_CP045479.1,84215,Plasmid,2,0,0,1,0,0,0,0,0,0,0,0,0,0,0,0,0,0,1,0,0,0,0,,Bacillota,Bacilli,Bacillales,Bacillaceae,Bacillus
GCF_032598945.1,NZ_CP129124.1,83869,Plasmid,2,0,0,1,0,0,0,0,0,0,0,0,0,0,0,0,0,0,1,0,0,0,0,,Bacillota,Bacilli,Bacillales,Bacillaceae,Bacillus
GCF_032878855.1,NZ_CP106792.1,165593,Plasmid,11,0,2,1,0,1,0,1,1,0,0,1,0,0,0,1,2,1,0,0,0,0,0,,Bacillota,Bacilli,Bacillales,Bacillaceae,Bacillus
GCF_033449965.1,NZ_CP137762.1,5796,Plasmid,9,1,1,0,0,0,0,0,1,0,0,2,1,0,0,1,0,1,0,0,1,0,0,,Bacillota,Bacilli,Bacillales,Bacillaceae,Bacillus
GCF_035658515.1,NZ_CP141998.1,155554,Plasmid,1,0,0,0,0,1,0,0,0,0,0,0,0,0,0,0,0,0,0,0,0,0,0,,Bacillota,Bacilli,Bacillales,Bacillaceae,Bacillus
GCF_036512515.1,NZ_AP028965.1,128740,Plasmid,11,1,1,0,0,0,0,1,1,0,0,2,1,1,0,1,0,1,0,0,1,0,0,,Bacillota,Bacilli,Bacillales,Bacillaceae,Bacillus
GCF_036512515.1,NZ_AP028966.1,20109,Plasmid,1,0,0,0,0,0,0,0,0,0,0,0,0,0,0,0,1,0,0,0,0,0,0,,Bacillota,Bacilli,Bacillales,Bacillaceae,Bacillus
GCF_037201935.1,NZ_CP147493.1,84290,Plasmid,2,0,0,1,0,0,0,0,0,0,0,0,0,0,0,0,0,0,1,0,0,0,0,,Bacillota,Bacilli,Bacillales,Bacillaceae,Bacillus
GCF_037747845.1,NZ_CP148111.1,84215,Plasmid,2,0,0,1,0,0,0,0,0,0,0,0,0,0,0,0,0,0,1,0,0,0,0,,Bacillota,Bacilli,Bacillales,Bacillaceae,Bacillus
GCF_037749255.1,NZ_CP148113.1,84215,Plasmid,2,0,0,1,0,0,0,0,0,0,0,0,0,0,0,0,0,0,1,0,0,0,0,,Bacillota,Bacilli,Bacillales,Bacillaceae,Bacillus
GCF_037749985.1,NZ_CP148115.1,84215,Plasmid,2,0,0,1,0,0,0,0,0,0,0,0,0,0,0,0,0,0,1,0,0,0,0,,Bacillota,Bacilli,Bacillales,Bacillaceae,Bacillus
GCF_037751545.1,NZ_CP148118.1,84215,Plasmid,2,0,0,1,0,0,0,0,0,0,0,0,0,0,0,0,0,0,1,0,0,0,0,,Bacillota,Bacilli,Bacillales,Bacillaceae,Bacillus
GCF_037753205.1,NZ_CP148121.1,84215,Plasmid,2,0,0,1,0,0,0,0,0,0,0,0,0,0,0,0,0,0,1,0,0,0,0,,Bacillota,Bacilli,Bacillales,Bacillaceae,Bacillus
GCF_037754115.1,NZ_CP148123.1,84215,Plasmid,2,0,0,1,0,0,0,0,0,0,0,0,0,0,0,0,0,0,1,0,0,0,0,,Bacillota,Bacilli,Bacillales,Bacillaceae,Bacillus
GCF_037755145.1,NZ_CP148125.1,84215,Plasmid,2,0,0,1,0,0,0,0,0,0,0,0,0,0,0,0,0,0,1,0,0,0,0,,Bacillota,Bacilli,Bacillales,Bacillaceae,Bacillus
GCF_037757895.1,NZ_CP148129.1,84215,Plasmid,2,0,0,1,0,0,0,0,0,0,0,0,0,0,0,0,0,0,1,0,0,0,0,,Bacillota,Bacilli,Bacillales,Bacillaceae,Bacillus
GCF_037914925.1,NZ_CP149577.1,84215,Plasmid,2,0,0,1,0,0,0,0,0,0,0,0,0,0,0,0,0,0,1,0,0,0,0,,Bacillota,Bacilli,Bacillales,Bacillaceae,Bacillus
GCF_039134555.1,NZ_CP152438.1,665485,Plasmid,1,0,0,0,0,0,0,0,0,0,1,0,0,0,0,0,0,0,0,0,0,0,0,,Bacillota,Bacilli,Bacillales,Bacillaceae,Bacillus
GCF_039619585.1,NZ_CP154910.1,6379,Plasmid,9,1,1,0,0,0,0,0,1,0,0,2,1,0,0,1,0,1,0,0,1,0,0,,Bacillota,Bacilli,Bacillales,Bacillaceae,Bacillus
GCF_039619595.1,NZ_CP154911.1,5950,Plasmid,3,0,0,0,0,0,0,0,0,0,0,1,0,0,0,0,0,1,0,0,1,0,0,,Bacillota,Bacilli,Bacillales,Bacillaceae,Bacillus
GCF_039620435.1,NZ_CP154919.1,83683,Plasmid,2,0,0,1,0,0,0,0,0,0,0,0,0,0,0,0,0,0,1,0,0,0,0,,Bacillota,Bacilli,Bacillales,Bacillaceae,Bacillus
GCF_039621185.1,NZ_CP154921.1,83683,Plasmid,2,0,0,1,0,0,0,0,0,0,0,0,0,0,0,0,0,0,1,0,0,0,0,,Bacillota,Bacilli,Bacillales,Bacillaceae,Bacillus
GCF_039621415.1,NZ_CP154924.1,83683,Plasmid,1,0,0,0,0,0,0,0,0,0,0,0,0,0,0,0,0,0,1,0,0,0,0,,Bacillota,Bacilli,Bacillales,Bacillaceae,Bacillus
GCF_045277205.1,NZ_CP117703.1,209197,Plasmid,1,0,0,0,0,0,0,0,0,0,1,0,0,0,0,0,0,0,0,0,0,0,0,,Bacillota,Bacilli,Bacillales,Bacillaceae,Bacillus
GCF_046267835.1,NZ_CP170735.1,209788,Plasmid,22,0,4,2,0,2,0,2,2,0,0,2,0,0,0,2,4,2,0,0,0,0,0,,Bacillota,Bacilli,Bacillales,Bacillaceae,Bacillus
GCF_047556505.1,NZ_CP180237.1,627665,Plasmid,1,0,0,0,0,0,0,0,0,0,1,0,0,0,0,0,0,0,0,0,0,0,0,,Bacillota,Bacilli,Bacillales,Bacillaceae,Bacillus
GCF_000292455.1,NC_018502.1,45262,Plasmid,1,0,0,0,0,0,0,0,0,0,1,0,0,0,0,0,0,0,0,0,0,0,0,,Bacillota,Bacilli,Bacillales,Bacillaceae,Bacillus
GCF_000292705.1,NC_018509.1,235425,Plasmid,18,0,2,1,1,1,1,1,1,0,0,2,0,1,0,1,2,1,1,1,0,0,1,,Bacillota,Bacilli,Bacillales,Bacillaceae,Bacillus
GCF_000306745.1,NC_018878.1,501911,Plasmid,35,1,2,2,3,1,2,4,2,1,2,2,1,1,1,1,2,1,2,1,0,0,3,,Bacillota,Bacilli,Bacillales,Bacillaceae,Bacillus
GCF_000497525.1,NC_022874.1,45206,Plasmid,1,0,0,0,0,0,0,0,0,0,1,0,0,0,0,0,0,0,0,0,0,0,0,,Bacillota,Bacilli,Bacillales,Bacillaceae,Bacillus
GCF_000497525.1,NC_022877.1,171593,Plasmid,2,0,0,0,0,0,0,0,0,0,2,0,0,0,0,0,0,0,0,0,0,0,0,,Bacillota,Bacilli,Bacillales,Bacillaceae,Bacillus
GCF_000497525.1,NC_022882.1,240661,Plasmid,1,0,0,0,0,0,0,0,0,0,1,0,0,0,0,0,0,0,0,0,0,0,0,,Bacillota,Bacilli,Bacillales,Bacillaceae,Bacillus
GCF_000688795.1,NZ_CP004860.1,422692,Plasmid,1,0,0,0,0,0,0,0,0,0,1,0,0,0,0,0,0,0,0,0,0,0,0,,Bacillota,Bacilli,Bacillales,Bacillaceae,Bacillus
GCF_000717535.1,NZ_CP004877.1,431546,Plasmid,1,0,0,0,0,0,0,0,0,0,1,0,0,0,0,0,0,0,0,0,0,0,0,,Bacillota,Bacilli,Bacillales,Bacillaceae,Bacillus
GCF_000747545.1,NZ_CP007616.1,416210,Plasmid,1,0,0,0,0,0,0,0,0,0,1,0,0,0,0,0,0,0,0,0,0,0,0,,Bacillota,Bacilli,Bacillales,Bacillaceae,Bacillus
GCF_000803665.1,NZ_CP010090.1,426282,Plasmid,1,0,0,0,0,0,0,0,0,0,1,0,0,0,0,0,0,0,0,0,0,0,0,,Bacillota,Bacilli,Bacillales,Bacillaceae,Bacillus
GCF_000835025.1,NZ_CP009347.1,235425,Plasmid,18,0,2,1,1,1,1,1,1,0,0,2,0,1,0,1,2,1,1,1,0,0,1,,Bacillota,Bacilli,Bacillales,Bacillaceae,Bacillus
GCF_001017635.1,NZ_CP011350.1,761374,Plasmid,1,0,0,0,0,0,0,0,0,0,1,0,0,0,0,0,0,0,0,0,0,0,0,,Bacillota,Bacilli,Bacillales,Bacillaceae,Bacillus
GCF_001548175.1,NZ_AP014865.1,437451,Plasmid,2,0,0,0,0,0,0,0,0,0,1,0,0,0,0,0,0,0,0,0,1,0,0,,Bacillota,Bacilli,Bacillales,Bacillaceae,Bacillus
GCF_001595725.1,NZ_CP014283.1,635508,Plasmid,1,0,0,0,0,0,0,0,0,0,1,0,0,0,0,0,0,0,0,0,0,0,0,,Bacillota,Bacilli,Bacillales,Bacillaceae,Bacillus
GCF_001598095.1,NZ_CP014849.1,38333,Plasmid,1,0,0,0,0,0,0,0,0,0,1,0,0,0,0,0,0,0,0,0,0,0,0,,Bacillota,Bacilli,Bacillales,Bacillaceae,Bacillus
GCF_001685565.1,NZ_CP015360.1,14456,Plasmid,1,0,0,0,0,0,0,0,0,0,1,0,0,0,0,0,0,0,0,0,0,0,0,,Bacillota,Bacilli,Bacillales,Bacillaceae,Bacillus
GCF_001685565.1,NZ_CP015358.1,46701,Plasmid,1,0,0,0,0,0,0,0,0,0,1,0,0,0,0,0,0,0,0,0,0,0,0,,Bacillota,Bacilli,Bacillales,Bacillaceae,Bacillus
GCF_001685565.1,NZ_CP015356.1,101287,Plasmid,1,0,0,0,0,0,0,0,0,0,1,0,0,0,0,0,0,0,0,0,0,0,0,,Bacillota,Bacilli,Bacillales,Bacillaceae,Bacillus
GCF_001685565.1,NZ_CP015354.1,120416,Plasmid,1,0,0,0,0,0,0,0,0,0,1,0,0,0,0,0,0,0,0,0,0,0,0,,Bacillota,Bacilli,Bacillales,Bacillaceae,Bacillus
GCF_001692675.1,NZ_CP016589.1,514994,Plasmid,1,0,0,0,0,0,0,0,0,0,1,0,0,0,0,0,0,0,0,0,0,0,0,,Bacillota,Bacilli,Bacillales,Bacillaceae,Bacillus
GCF_001721165.1,NZ_CP015254.1,81952,Plasmid,1,0,0,0,0,0,0,0,0,0,1,0,0,0,0,0,0,0,0,0,0,0,0,,Bacillota,Bacilli,Bacillales,Bacillaceae,Bacillus
GCF_001721165.1,NZ_CP015251.1,174778,Plasmid,1,0,0,0,0,0,0,0,0,0,1,0,0,0,0,0,0,0,0,0,0,0,0,,Bacillota,Bacilli,Bacillales,Bacillaceae,Bacillus
GCF_002222555.1,NZ_CP022346.1,326530,Plasmid,1,0,0,0,0,0,0,0,0,0,1,0,0,0,0,0,0,0,0,0,0,0,0,,Bacillota,Bacilli,Bacillales,Bacillaceae,Bacillus
GCF_002944585.1,NZ_CP026534.1,143634,Plasmid,1,0,0,0,0,1,0,0,0,0,0,0,0,0,0,0,0,0,0,0,0,0,0,,Bacillota,Bacilli,Bacillales,Bacillaceae,Bacillus
GCF_003054785.2,NZ_CP044979.1,561791,Plasmid,1,0,0,0,0,0,0,0,0,0,0,0,0,0,0,0,0,0,0,1,0,0,0,,Bacillota,Bacilli,Bacillales,Bacillaceae,Bacillus
GCF_003445395.2,NZ_CP013278.1,235424,Plasmid,18,0,2,1,1,1,1,1,1,0,0,2,0,1,0,1,2,1,1,1,0,0,1,,Bacillota,Bacilli,Bacillales,Bacillaceae,Bacillus
GCF_003626955.1,NZ_CP032614.1,492400,Plasmid,1,0,0,0,0,0,0,0,0,0,1,0,0,0,0,0,0,0,0,0,0,0,0,,Bacillota,Bacilli,Bacillales,Bacillaceae,Bacillus
GCF_003665275.1,NZ_CP032858.1,143743,Plasmid,1,0,0,0,0,1,0,0,0,0,0,0,0,0,0,0,0,0,0,0,0,0,0,,Bacillota,Bacilli,Bacillales,Bacillaceae,Bacillus
GCF_003665395.1,NZ_CP032873.1,143751,Plasmid,1,0,0,0,0,1,0,0,0,0,0,0,0,0,0,0,0,0,0,0,0,0,0,,Bacillota,Bacilli,Bacillales,Bacillaceae,Bacillus
GCF_003991175.1,NZ_CP021437.1,240314,Plasmid,1,0,0,0,0,0,0,0,0,0,1,0,0,0,0,0,0,0,0,0,0,0,0,,Bacillota,Bacilli,Bacillales,Bacillaceae,Bacillus
GCF_005155285.1,NZ_CP039724.1,235426,Plasmid,18,0,2,1,1,1,1,1,1,0,0,2,0,1,0,1,2,1,1,1,0,0,1,,Bacillota,Bacilli,Bacillales,Bacillaceae,Bacillus
GCF_006088795.1,NZ_CP034485.1,84215,Plasmid,2,0,0,1,0,0,0,0,0,0,0,0,0,0,0,0,0,0,1,0,0,0,0,,Bacillota,Bacilli,Bacillales,Bacillaceae,Bacillus
GCF_006151925.1,NZ_CP040783.1,435240,Plasmid,1,0,0,0,0,0,0,0,0,0,1,0,0,0,0,0,0,0,0,0,0,0,0,,Bacillota,Bacilli,Bacillales,Bacillaceae,Bacillus
GCF_006741845.1,NZ_AP019715.1,84215,Plasmid,2,0,0,1,0,0,0,0,0,0,0,0,0,0,0,0,0,0,1,0,0,0,0,,Bacillota,Bacilli,Bacillales,Bacillaceae,Bacillus
GCF_009025915.1,NZ_CP045025.1,235425,Plasmid,18,0,2,1,1,1,1,1,1,0,0,2,0,1,0,1,2,1,1,1,0,0,1,,Bacillota,Bacilli,Bacillales,Bacillaceae,Bacillus
GCF_013113775.1,NZ_CP051859.1,235425,Plasmid,18,0,2,1,1,1,1,1,1,0,0,2,0,1,0,1,2,1,1,1,0,0,1,,Bacillota,Bacilli,Bacillales,Bacillaceae,Bacillus
GCF_013267295.1,NZ_CP053971.1,235425,Plasmid,18,0,2,1,1,1,1,1,1,0,0,2,0,1,0,1,2,1,1,1,0,0,1,,Bacillota,Bacilli,Bacillales,Bacillaceae,Bacillus
GCF_013331815.1,NZ_CP053956.1,34163,Plasmid,2,1,0,0,0,1,0,0,0,0,0,0,0,0,0,0,0,0,0,0,0,0,0,,Bacillota,Bacilli,Bacillales,Bacillaceae,Bacillus
GCF_013340745.1,NZ_CP050184.1,368179,Plasmid,1,0,0,0,0,0,0,0,0,0,1,0,0,0,0,0,0,0,0,0,0,0,0,,Bacillota,Bacilli,Bacillales,Bacillaceae,Bacillus
GCF_014048285.1,NZ_CP059496.1,5826,Plasmid,9,1,1,0,0,0,0,0,1,0,0,2,1,0,0,1,0,1,0,0,1,0,0,,Bacillota,Bacilli,Bacillales,Bacillaceae,Bacillus
GCF_014048385.1,NZ_CP059498.1,5826,Plasmid,9,1,1,0,0,0,0,0,1,0,0,2,1,0,0,1,0,1,0,0,1,0,0,,Bacillota,Bacilli,Bacillales,Bacillaceae,Bacillus
GCF_016406185.1,NZ_CP066338.1,81032,Plasmid,1,0,0,0,0,1,0,0,0,0,0,0,0,0,0,0,0,0,0,0,0,0,0,,Bacillota,Bacilli,Bacillales,Bacillaceae,Bacillus
GCF_016904925.1,NZ_CP069392.1,148194,Plasmid,6,0,1,1,1,0,0,0,1,0,0,0,0,0,0,1,0,0,0,1,0,0,0,,Bacillota,Bacilli,Bacillales,Bacillaceae,Bacillus
GCF_017347625.1,NZ_AP024502.1,220131,Plasmid,8,0,0,1,0,0,0,0,1,0,1,0,0,0,0,1,0,1,1,1,0,0,1,,Bacillota,Bacilli,Bacillales,Bacillaceae,Bacillus
GCF_018771705.1,NZ_CP076292.1,215687,Plasmid,1,0,0,0,0,1,0,0,0,0,0,0,0,0,0,0,0,0,0,0,0,0,0,,Bacillota,Bacilli,Bacillales,Bacillaceae,Bacillus
GCF_020809105.1,NZ_CP083102.1,412032,Plasmid,1,0,0,0,0,0,0,0,0,0,1,0,0,0,0,0,0,0,0,0,0,0,0,,Bacillota,Bacilli,Bacillales,Bacillaceae,Bacillus
GCF_020809125.1,NZ_CP083086.1,407369,Plasmid,1,0,0,0,0,0,0,0,0,0,1,0,0,0,0,0,0,0,0,0,0,0,0,,Bacillota,Bacilli,Bacillales,Bacillaceae,Bacillus
GCF_020809145.1,NZ_CP083117.1,412008,Plasmid,1,0,0,0,0,0,0,0,0,0,1,0,0,0,0,0,0,0,0,0,0,0,0,,Bacillota,Bacilli,Bacillales,Bacillaceae,Bacillus
GCF_020809165.1,NZ_CP083130.1,472823,Plasmid,1,0,0,0,0,0,0,0,0,0,1,0,0,0,0,0,0,0,0,0,0,0,0,,Bacillota,Bacilli,Bacillales,Bacillaceae,Bacillus
GCF_020809185.1,NZ_CP083137.1,235425,Plasmid,18,0,2,1,1,1,1,1,1,0,0,2,0,1,0,1,2,1,1,1,0,0,1,,Bacillota,Bacilli,Bacillales,Bacillaceae,Bacillus
GCF_020809205.1,NZ_CP083145.1,412303,Plasmid,1,0,0,0,0,0,0,0,0,0,1,0,0,0,0,0,0,0,0,0,0,0,0,,Bacillota,Bacilli,Bacillales,Bacillaceae,Bacillus
GCF_020809245.1,NZ_CP083157.1,407307,Plasmid,1,0,0,0,0,0,0,0,0,0,1,0,0,0,0,0,0,0,0,0,0,0,0,,Bacillota,Bacilli,Bacillales,Bacillaceae,Bacillus
GCF_022095615.2,NZ_CP155560.1,555994,Plasmid,1,0,0,0,0,0,0,0,0,0,0,0,0,0,0,0,0,0,0,0,0,0,1,,Bacillota,Bacilli,Bacillales,Bacillaceae,Bacillus
GCF_022370935.1,NZ_CP092413.1,5683,Plasmid,8,0,1,0,0,0,0,0,2,0,0,2,1,0,0,0,0,1,0,0,1,0,0,,Bacillota,Bacilli,Bacillales,Bacillaceae,Bacillus
GCF_022810725.1,NZ_CP015311.1,250486,Plasmid,1,0,0,0,0,0,0,0,0,0,1,0,0,0,0,0,0,0,0,0,0,0,0,,Bacillota,Bacilli,Bacillales,Bacillaceae,Bacillus
GCF_023159405.1,NZ_CP078082.1,403981,Plasmid,1,0,0,0,0,0,0,0,0,0,1,0,0,0,0,0,0,0,0,0,0,0,0,,Bacillota,Bacilli,Bacillales,Bacillaceae,Bacillus
GCF_023159405.1,NZ_CP078085.1,41195,Plasmid,2,1,0,0,0,1,0,0,0,0,0,0,0,0,0,0,0,0,0,0,0,0,0,,Bacillota,Bacilli,Bacillales,Bacillaceae,Bacillus
GCF_023586825.4,NZ_CP097785.1,129705,Plasmid,6,0,1,1,1,0,0,0,1,0,0,0,0,0,0,1,0,0,0,1,0,0,0,,Bacillota,Bacilli,Bacillales,Bacillaceae,Bacillus
GCF_023586845.4,NZ_CP097781.1,129705,Plasmid,6,0,1,1,1,0,0,0,1,0,0,0,0,0,0,1,0,0,0,1,0,0,0,,Bacillota,Bacilli,Bacillales,Bacillaceae,Bacillus
GCF_023824035.1,NZ_CP085401.1,87295,Plasmid,1,0,0,0,0,1,0,0,0,0,0,0,0,0,0,0,0,0,0,0,0,0,0,,Bacillota,Bacilli,Bacillales,Bacillaceae,Bacillus
GCF_023824095.1,NZ_CP085411.1,36827,Plasmid,2,1,0,0,0,1,0,0,0,0,0,0,0,0,0,0,0,0,0,0,0,0,0,,Bacillota,Bacilli,Bacillales,Bacillaceae,Bacillus
GCF_024610615.1,NZ_CP102349.1,5827,Plasmid,9,1,1,0,0,0,0,0,1,0,0,2,1,0,0,1,0,1,0,0,1,0,0,,Bacillota,Bacilli,Bacillales,Bacillaceae,Bacillus
GCF_025677725.1,NZ_CP106948.1,884567,Plasmid,1,0,0,0,0,0,0,0,0,0,1,0,0,0,0,0,0,0,0,0,0,0,0,,Bacillota,Bacilli,Bacillales,Bacillaceae,Bacillus
GCF_025947955.1,NZ_CP097258.1,262245,Plasmid,1,0,0,0,0,0,0,0,0,0,0,0,0,0,0,0,0,0,0,0,1,0,0,,Bacillota,Bacilli,Bacillales,Bacillaceae,Bacillus
GCF_025947955.1,NZ_CP097261.1,259656,Plasmid,6,0,0,1,0,0,0,0,0,0,1,0,1,0,0,0,0,0,0,0,0,0,3,,Bacillota,Bacilli,Bacillales,Bacillaceae,Bacillus
GCF_027627725.1,NZ_CP114393.1,250492,Plasmid,1,0,0,0,0,0,0,0,0,0,1,0,0,0,0,0,0,0,0,0,0,0,0,,Bacillota,Bacilli,Bacillales,Bacillaceae,Bacillus
GCF_027627745.1,NZ_CP114400.1,250492,Plasmid,1,0,0,0,0,0,0,0,0,0,1,0,0,0,0,0,0,0,0,0,0,0,0,,Bacillota,Bacilli,Bacillales,Bacillaceae,Bacillus
GCF_027627765.1,NZ_CP114407.1,250492,Plasmid,1,0,0,0,0,0,0,0,0,0,1,0,0,0,0,0,0,0,0,0,0,0,0,,Bacillota,Bacilli,Bacillales,Bacillaceae,Bacillus
GCF_028356555.1,NZ_CP116318.1,457481,Plasmid,1,0,0,0,0,0,0,0,0,0,1,0,0,0,0,0,0,0,0,0,0,0,0,,Bacillota,Bacilli,Bacillales,Bacillaceae,Bacillus
GCF_030166715.1,NZ_CP126475.1,484576,Plasmid,1,0,0,0,0,0,0,0,0,0,1,0,0,0,0,0,0,0,0,0,0,0,0,,Bacillota,Bacilli,Bacillales,Bacillaceae,Bacillus
GCF_030718705.1,NZ_CP132202.1,141841,Plasmid,1,0,0,0,0,0,0,0,0,0,1,0,0,0,0,0,0,0,0,0,0,0,0,,Bacillota,Bacilli,Bacillales,Bacillaceae,Bacillus
GCF_031169915.1,NZ_CP133368.1,250491,Plasmid,1,0,0,0,0,0,0,0,0,0,1,0,0,0,0,0,0,0,0,0,0,0,0,,Bacillota,Bacilli,Bacillales,Bacillaceae,Bacillus
GCF_031170655.1,NZ_CP133370.1,250492,Plasmid,1,0,0,0,0,0,0,0,0,0,1,0,0,0,0,0,0,0,0,0,0,0,0,,Bacillota,Bacilli,Bacillales,Bacillaceae,Bacillus
GCF_031171585.1,NZ_CP133376.1,250492,Plasmid,1,0,0,0,0,0,0,0,0,0,1,0,0,0,0,0,0,0,0,0,0,0,0,,Bacillota,Bacilli,Bacillales,Bacillaceae,Bacillus
GCF_038561975.1,NZ_CP151868.1,571394,Plasmid,5,0,1,0,1,0,0,1,0,0,0,0,1,0,1,0,0,0,0,0,0,0,0,,Bacillota,Bacilli,Bacillales,Bacillaceae,Bacillus
GCF_038561975.1,NZ_CP151877.1,15183,Plasmid,1,0,0,0,0,0,0,0,0,0,0,0,0,0,0,0,1,0,0,0,0,0,0,,Bacillota,Bacilli,Bacillales,Bacillaceae,Bacillus
GCF_038561975.1,NZ_CP151884.1,530,Plasmid,5,0,0,0,0,0,0,0,1,1,0,1,0,0,0,0,0,1,0,0,1,0,0,,Bacillota,Bacilli,Bacillales,Bacillaceae,Bacillus
GCF_038561975.1,NZ_CP151885.1,509,Plasmid,2,1,0,0,0,0,0,0,0,0,1,0,0,0,0,0,0,0,0,0,0,0,0,,Bacillota,Bacilli,Bacillales,Bacillaceae,Bacillus
GCF_038561975.1,NZ_CP151869.1,205614,Plasmid,16,0,0,1,1,1,1,1,2,1,0,1,0,1,1,0,1,1,1,1,1,0,0,,Bacillota,Bacilli,Bacillales,Bacillaceae,Bacillus
GCF_038561975.1,NZ_CP151871.1,100160,Plasmid,20,1,1,2,1,0,2,2,2,0,0,1,2,0,0,1,1,1,0,1,2,0,0,,Bacillota,Bacilli,Bacillales,Bacillaceae,Bacillus
GCF_038561975.1,NZ_CP151874.1,48703,Plasmid,2,0,0,0,0,0,0,1,0,0,0,0,0,1,0,0,0,0,0,0,0,0,0,,Bacillota,Bacilli,Bacillales,Bacillaceae,Bacillus
GCF_038561975.1,NZ_CP151876.1,16131,Plasmid,2,0,0,0,1,0,0,0,0,0,0,0,0,1,0,0,0,0,0,0,0,0,0,,Bacillota,Bacilli,Bacillales,Bacillaceae,Bacillus
GCF_046529345.1,NZ_CP125662.1,499711,Plasmid,1,0,0,0,0,0,0,0,0,0,1,0,0,0,0,0,0,0,0,0,0,0,0,,Bacillota,Bacilli,Bacillales,Bacillaceae,Bacillus
GCF_046599155.1,NZ_CP158701.1,412031,Plasmid,1,0,0,0,0,0,0,0,0,0,1,0,0,0,0,0,0,0,0,0,0,0,0,,Bacillota,Bacilli,Bacillales,Bacillaceae,Bacillus
GCF_047049285.1,NZ_CP059142.1,486624,Plasmid,1,0,0,0,0,0,0,0,0,0,1,0,0,0,0,0,0,0,0,0,0,0,0,,Bacillota,Bacilli,Bacillales,Bacillaceae,Bacillus
GCF_047049475.1,NZ_CP059149.1,492482,Plasmid,1,0,0,0,0,0,0,0,0,0,1,0,0,0,0,0,0,0,0,0,0,0,0,,Bacillota,Bacilli,Bacillales,Bacillaceae,Bacillus
GCF_047130435.1,NZ_CP059976.1,412449,Plasmid,1,0,0,0,0,0,0,0,0,0,1,0,0,0,0,0,0,0,0,0,0,0,0,,Bacillota,Bacilli,Bacillales,Bacillaceae,Bacillus
GCF_049860545.1,NZ_CP187578.1,84215,Plasmid,2,0,0,1,0,0,0,0,0,0,0,0,0,0,0,0,0,0,1,0,0,0,0,,Bacillota,Bacilli,Bacillales,Bacillaceae,Bacillus
GCF_905315015.2,NZ_OX419561.1,84361,Plasmid,2,0,0,1,0,0,0,0,0,0,0,0,0,0,0,0,0,0,1,0,0,0,0,,Bacillota,Bacilli,Bacillales,Bacillaceae,Bacillus
GCF_905315395.2,NZ_OX419571.1,84036,Plasmid,2,0,0,1,0,0,0,0,0,0,0,0,0,0,0,0,0,0,1,0,0,0,0,,Bacillota,Bacilli,Bacillales,Bacillaceae,Bacillus
GCF_905315685.2,NZ_OX419566.1,83688,Plasmid,2,0,0,1,0,0,0,0,0,0,0,0,0,0,0,0,0,0,1,0,0,0,0,,Bacillota,Bacilli,Bacillales,Bacillaceae,Bacillus
GCF_905318255.2,NZ_OX419556.1,85818,Plasmid,2,0,0,1,0,0,0,0,0,0,0,0,0,0,0,0,0,0,1,0,0,0,0,,Bacillota,Bacilli,Bacillales,Bacillaceae,Bacillus
GCF_905319135.2,NZ_OX419558.1,84372,Plasmid,2,0,0,1,0,0,0,0,0,0,0,0,0,0,0,0,0,0,1,0,0,0,0,,Bacillota,Bacilli,Bacillales,Bacillaceae,Bacillus
GCF_002849695.1,NZ_CP018938.1,45350,Plasmid,2,0,0,0,0,0,0,0,1,0,0,0,0,0,0,0,0,0,0,1,0,0,0,,Bacteroidota,Bacteroidia,Bacteroidales,Bacteroidaceae,Bacteroides
GCF_008807735.1,NZ_CP032366.1,137592,Plasmid,7,0,0,1,1,0,0,0,1,0,0,0,0,0,0,0,2,0,0,2,0,0,0,,Bacillota,Bacilli,Bacillales,Bacillaceae,Bacillus
GCF_013874375.1,NZ_CP059406.1,29366,Plasmid,1,0,0,0,0,0,0,0,0,0,0,0,1,0,0,0,0,0,0,0,0,0,0,,Bacteroidota,Bacteroidia,Bacteroidales,Bacteroidaceae,Bacteroides
GCF_013874375.1,NZ_CP059409.1,40439,Plasmid,3,0,0,0,0,0,0,0,0,0,0,0,0,0,0,0,0,2,0,1,0,0,0,,Bacteroidota,Bacteroidia,Bacteroidales,Bacteroidaceae,Bacteroides
GCF_020091525.1,NZ_CP081918.1,190391,Plasmid,3,0,0,0,0,0,0,1,0,0,0,0,1,0,0,0,1,0,0,0,0,0,0,,Bacteroidota,Bacteroidia,Bacteroidales,Bacteroidaceae,Bacteroides
GCF_022810705.1,NZ_CP015259.1,135158,Plasmid,1,0,0,0,0,0,0,0,0,0,1,0,0,0,0,0,0,0,0,0,0,0,0,,Bacillota,Bacilli,Bacillales,Bacillaceae,Bacillus
GCF_022810705.1,NZ_CP015258.1,187728,Plasmid,1,0,0,0,0,0,0,0,0,0,1,0,0,0,0,0,0,0,0,0,0,0,0,,Bacillota,Bacilli,Bacillales,Bacillaceae,Bacillus
GCF_024760245.1,NZ_CP103284.1,61862,Plasmid,1,0,0,0,0,0,0,0,0,0,0,0,0,0,0,0,0,0,0,0,0,0,1,,Bacteroidota,Bacteroidia,Bacteroidales,Bacteroidaceae,Bacteroides
GCF_036417315.1,NZ_CP143845.1,5993,Plasmid,10,1,1,0,0,0,0,0,1,0,1,2,1,0,0,1,0,1,0,0,1,0,0,,Bacillota,Bacilli,Bacillales,Bacillaceae,Bacillus
GCF_044183005.1,NZ_CP171808.1,101071,Plasmid,1,0,0,0,0,1,0,0,0,0,0,0,0,0,0,0,0,0,0,0,0,0,0,,Bacillota,Bacilli,Bacillales,Bacillaceae,Bacillus
GCF_045278805.1,NZ_CP133558.1,557185,Plasmid,1,0,0,0,0,0,0,0,0,0,1,0,0,0,0,0,0,0,0,0,0,0,0,,Bacillota,Bacilli,Bacillales,Bacillaceae,Bacillus
GCF_046101815.1,NZ_CP175909.1,129906,Plasmid,1,0,0,0,0,1,0,0,0,0,0,0,0,0,0,0,0,0,0,0,0,0,0,,Bacillota,Bacilli,Bacillales,Bacillaceae,Bacillus
GCF_018141585.1,NZ_CP065396.1,198121,Plasmid,23,1,4,0,0,0,0,0,2,0,0,3,1,2,1,1,2,2,1,1,0,0,2,,Actinomycetota,Actinomycetes,Bifidobacteriales,Bifidobacteriaceae,Bifidobacterium
GCF_018141605.1,NZ_CP065398.1,198121,Plasmid,23,1,4,0,0,0,0,0,2,0,0,3,1,2,1,1,2,2,1,1,0,0,2,,Actinomycetota,Actinomycetes,Bifidobacteriales,Bifidobacteriaceae,Bifidobacterium
GCF_020181415.1,NZ_CP084013.1,169194,Plasmid,21,0,4,0,0,0,0,0,2,0,1,2,1,1,1,1,2,1,1,1,0,0,3,,Actinomycetota,Actinomycetes,Bifidobacteriales,Bifidobacteriaceae,Bifidobacterium
GCF_036419235.1,NZ_CP143940.1,183781,Plasmid,23,1,4,0,0,0,1,0,2,0,1,3,1,1,1,1,2,2,1,1,0,0,1,,Actinomycetota,Actinomycetes,Bifidobacteriales,Bifidobacteriaceae,Bifidobacterium
GCF_037100215.1,NZ_CP146883.1,193392,Plasmid,23,1,4,0,0,0,0,0,2,0,1,2,2,1,1,1,2,2,1,1,0,0,2,,Actinomycetota,Actinomycetes,Bifidobacteriales,Bifidobacteriaceae,Bifidobacterium
GCF_011516635.5,NZ_CP096256.1,455818,Plasmid,1,0,0,0,0,0,0,0,0,0,1,0,0,0,0,0,0,0,0,0,0,0,0,,Pseudomonadota,Alphaproteobacteria,Hyphomicrobiales,Nitrobacteraceae,Bradyrhizobium
GCF_011516645.4,NZ_CP088284.1,456902,Plasmid,1,0,0,0,0,0,0,0,0,0,0,0,0,1,0,0,0,0,0,0,0,0,0,,Pseudomonadota,Alphaproteobacteria,Hyphomicrobiales,Nitrobacteraceae,Bradyrhizobium
GCF_013373785.3,NZ_CP088289.1,421054,Plasmid,1,0,0,0,0,0,0,0,0,0,0,0,0,1,0,0,0,0,0,0,0,0,0,,Pseudomonadota,Alphaproteobacteria,Hyphomicrobiales,Nitrobacteraceae,Bradyrhizobium
GCF_013373785.3,NZ_CP088291.1,177103,Plasmid,1,0,0,0,0,0,0,0,0,0,0,0,1,0,0,0,0,0,0,0,0,0,0,,Pseudomonadota,Alphaproteobacteria,Hyphomicrobiales,Nitrobacteraceae,Bradyrhizobium
GCF_017493175.3,NZ_CP088283.1,203757,Plasmid,1,0,0,0,0,0,0,0,0,0,0,0,0,1,0,0,0,0,0,0,0,0,0,,Pseudomonadota,Alphaproteobacteria,Hyphomicrobiales,Nitrobacteraceae,Bradyrhizobium
GCF_017565645.3,NZ_CP086137.1,317868,Plasmid,1,0,0,0,0,0,0,0,0,0,0,0,0,0,0,0,1,0,0,0,0,0,0,,Pseudomonadota,Alphaproteobacteria,Hyphomicrobiales,Nitrobacteraceae,Bradyrhizobium
GCF_021052365.1,NZ_CP088101.1,431158,Plasmid,1,0,0,0,0,0,0,0,0,0,0,0,0,0,0,0,1,0,0,0,0,0,0,,Pseudomonadota,Alphaproteobacteria,Hyphomicrobiales,Nitrobacteraceae,Bradyrhizobium
GCF_023100905.1,NZ_CP064687.1,297728,Plasmid,1,0,0,0,0,0,0,0,0,0,1,0,0,0,0,0,0,0,0,0,0,0,0,,Pseudomonadota,Alphaproteobacteria,Hyphomicrobiales,Nitrobacteraceae,Bradyrhizobium
GCF_023100965.1,NZ_CP064691.1,295268,Plasmid,1,0,0,0,0,0,0,0,0,0,1,0,0,0,0,0,0,0,0,0,0,0,0,,Pseudomonadota,Alphaproteobacteria,Hyphomicrobiales,Nitrobacteraceae,Bradyrhizobium
GCF_023101025.1,NZ_CP064696.1,537573,Plasmid,1,0,0,0,0,0,0,0,0,0,1,0,0,0,0,0,0,0,0,0,0,0,0,,Pseudomonadota,Alphaproteobacteria,Hyphomicrobiales,Nitrobacteraceae,Bradyrhizobium
GCF_023101045.1,NZ_CP064699.1,537575,Plasmid,1,0,0,0,0,0,0,0,0,0,1,0,0,0,0,0,0,0,0,0,0,0,0,,Pseudomonadota,Alphaproteobacteria,Hyphomicrobiales,Nitrobacteraceae,Bradyrhizobium
GCF_023101065.1,NZ_CP064702.1,356376,Plasmid,1,0,0,0,0,0,0,0,0,0,1,0,0,0,0,0,0,0,0,0,0,0,0,,Pseudomonadota,Alphaproteobacteria,Hyphomicrobiales,Nitrobacteraceae,Bradyrhizobium
GCF_023101105.1,NZ_CP064705.1,433165,Plasmid,1,0,0,0,0,0,0,0,0,0,1,0,0,0,0,0,0,0,0,0,0,0,0,,Pseudomonadota,Alphaproteobacteria,Hyphomicrobiales,Nitrobacteraceae,Bradyrhizobium
GCF_023101125.1,NZ_CP064708.1,456067,Plasmid,1,0,0,0,0,0,0,0,0,0,1,0,0,0,0,0,0,0,0,0,0,0,0,,Pseudomonadota,Alphaproteobacteria,Hyphomicrobiales,Nitrobacteraceae,Bradyrhizobium
GCF_023101685.1,NZ_CP082165.1,359288,Plasmid,1,0,0,0,0,0,0,0,0,0,0,0,0,0,0,0,1,0,0,0,0,0,0,,Pseudomonadota,Alphaproteobacteria,Hyphomicrobiales,Nitrobacteraceae,Bradyrhizobium
GCF_023278145.1,NZ_CP066352.1,572704,Plasmid,3,0,0,0,0,0,0,0,0,0,0,0,0,1,0,0,2,0,0,0,0,0,0,,Pseudomonadota,Alphaproteobacteria,Hyphomicrobiales,Nitrobacteraceae,Bradyrhizobium
GCF_029714225.1,NZ_CP121645.1,441693,Plasmid,1,0,0,0,0,0,0,0,0,0,0,0,0,0,0,0,1,0,0,0,0,0,0,,Pseudomonadota,Alphaproteobacteria,Hyphomicrobiales,Nitrobacteraceae,Bradyrhizobium
GCF_029714405.1,NZ_CP121651.1,900293,Plasmid,1,0,0,0,0,0,0,0,0,0,0,0,0,0,0,0,1,0,0,0,0,0,0,,Pseudomonadota,Alphaproteobacteria,Hyphomicrobiales,Nitrobacteraceae,Bradyrhizobium
GCF_029910015.1,NZ_CP094520.1,316663,Plasmid,2,0,0,0,0,0,0,0,0,0,2,0,0,0,0,0,0,0,0,0,0,0,0,,Pseudomonadota,Alphaproteobacteria,Hyphomicrobiales,Nitrobacteraceae,Bradyrhizobium
GCF_029910035.1,NZ_CP094522.1,316663,Plasmid,2,0,0,0,0,0,0,0,0,0,2,0,0,0,0,0,0,0,0,0,0,0,0,,Pseudomonadota,Alphaproteobacteria,Hyphomicrobiales,Nitrobacteraceae,Bradyrhizobium
GCF_029910055.1,NZ_CP094524.1,316663,Plasmid,2,0,0,0,0,0,0,0,0,0,2,0,0,0,0,0,0,0,0,0,0,0,0,,Pseudomonadota,Alphaproteobacteria,Hyphomicrobiales,Nitrobacteraceae,Bradyrhizobium
GCF_030272265.2,NZ_CP092842.1,859431,Plasmid,1,0,0,0,0,0,0,0,0,0,1,0,0,0,0,0,0,0,0,0,0,0,0,,Pseudomonadota,Alphaproteobacteria,Hyphomicrobiales,Nitrobacteraceae,Bradyrhizobium
GCF_030584845.1,NZ_CP126008.1,207279,Plasmid,1,0,0,0,0,0,0,0,0,0,0,0,0,0,0,0,0,0,0,0,0,0,1,,Pseudomonadota,Alphaproteobacteria,Hyphomicrobiales,Nitrobacteraceae,Bradyrhizobium
GCF_030584845.1,NZ_CP126009.1,227189,Plasmid,1,0,0,0,0,0,0,0,0,0,0,0,0,0,0,0,0,0,0,0,0,0,1,,Pseudomonadota,Alphaproteobacteria,Hyphomicrobiales,Nitrobacteraceae,Bradyrhizobium
GCF_030584905.1,NZ_CP126014.1,641150,Plasmid,1,0,0,0,0,0,0,1,0,0,0,0,0,0,0,0,0,0,0,0,0,0,0,,Pseudomonadota,Alphaproteobacteria,Hyphomicrobiales,Nitrobacteraceae,Bradyrhizobium
GCF_031202265.1,NZ_CP100605.1,375468,Plasmid,1,0,0,0,0,0,0,0,0,0,0,0,1,0,0,0,0,0,0,0,0,0,0,,Pseudomonadota,Alphaproteobacteria,Hyphomicrobiales,Nitrobacteraceae,Bradyrhizobium
GCF_042137995.2,NZ_CP169753.1,440193,Plasmid,2,0,0,0,0,0,0,0,0,0,0,0,0,0,0,0,1,1,0,0,0,0,0,,Pseudomonadota,Alphaproteobacteria,Hyphomicrobiales,Nitrobacteraceae,Bradyrhizobium
GCF_042258825.1,NZ_CP170154.1,431333,Plasmid,2,0,0,0,0,0,0,0,0,0,0,0,0,0,0,0,1,1,0,0,0,0,0,,Pseudomonadota,Alphaproteobacteria,Hyphomicrobiales,Nitrobacteraceae,Bradyrhizobium
GCF_045571455.1,NZ_CP120696.1,326229,Plasmid,1,0,0,0,0,0,0,1,0,0,0,0,0,0,0,0,0,0,0,0,0,0,0,,Pseudomonadota,Alphaproteobacteria,Hyphomicrobiales,Nitrobacteraceae,Bradyrhizobium
GCF_045571475.1,NZ_CP120700.1,107436,Plasmid,1,0,0,0,0,0,0,0,0,0,0,0,0,0,0,0,0,1,0,0,0,0,0,,Pseudomonadota,Alphaproteobacteria,Hyphomicrobiales,Nitrobacteraceae,Bradyrhizobium
GCF_045571485.1,NZ_CP120702.1,111355,Plasmid,1,0,0,0,0,0,0,0,0,0,0,0,0,0,0,0,0,1,0,0,0,0,0,,Pseudomonadota,Alphaproteobacteria,Hyphomicrobiales,Nitrobacteraceae,Bradyrhizobium
GCF_048833685.1,NZ_CP184780.1,473545,Plasmid,2,0,0,0,0,0,0,0,0,0,0,0,0,0,0,0,1,1,0,0,0,0,0,,Pseudomonadota,Alphaproteobacteria,Hyphomicrobiales,Nitrobacteraceae,Bradyrhizobium
GCF_000022645.2,NC_012720.2,141067,Plasmid,1,0,1,0,0,0,0,0,0,0,0,0,0,0,0,0,0,0,0,0,0,0,0,,Pseudomonadota,Betaproteobacteria,Burkholderiales,Burkholderiaceae,Burkholderia
GCF_000022645.2,NC_012725.2,134346,Plasmid,1,0,1,0,0,0,0,0,0,0,0,0,0,0,0,0,0,0,0,0,0,0,0,,Pseudomonadota,Betaproteobacteria,Burkholderiales,Burkholderiaceae,Burkholderia
GCF_000194745.1,NC_015377.1,129399,Plasmid,1,1,0,0,0,0,0,0,0,0,0,0,0,0,0,0,0,0,0,0,0,0,0,,Pseudomonadota,Betaproteobacteria,Burkholderiales,Burkholderiaceae,Burkholderia
GCF_003019965.1,NZ_CP020399.1,550288,Plasmid,2,1,0,0,0,0,0,0,0,0,1,0,0,0,0,0,0,0,0,0,0,0,0,,Pseudomonadota,Betaproteobacteria,Burkholderiales,Burkholderiaceae,Burkholderia
GCF_007724625.1,NZ_CP042167.1,239952,Plasmid,1,0,0,0,0,0,0,0,1,0,0,0,0,0,0,0,0,0,0,0,0,0,0,,Pseudomonadota,Betaproteobacteria,Burkholderiales,Burkholderiaceae,Burkholderia
GCF_009191525.1,NZ_CP028810.1,200961,Plasmid,1,0,0,0,0,0,0,0,1,0,0,0,0,0,0,0,0,0,0,0,0,0,0,,Pseudomonadota,Betaproteobacteria,Burkholderiales,Burkholderiaceae,Burkholderia
GCF_009755625.1,NZ_CP046610.1,152473,Plasmid,1,0,0,0,0,0,0,0,1,0,0,0,0,0,0,0,0,0,0,0,0,0,0,,Pseudomonadota,Betaproteobacteria,Burkholderiales,Burkholderiaceae,Burkholderia
GCF_009931375.1,NZ_CP035902.1,214469,Plasmid,1,0,1,0,0,0,0,0,0,0,0,0,0,0,0,0,0,0,0,0,0,0,0,,Pseudomonadota,Betaproteobacteria,Burkholderiales,Burkholderiaceae,Burkholderia
GCF_013307145.1,NZ_CP021159.1,193251,Plasmid,1,0,1,0,0,0,0,0,0,0,0,0,0,0,0,0,0,0,0,0,0,0,0,,Pseudomonadota,Betaproteobacteria,Burkholderiales,Burkholderiaceae,Burkholderia
GCF_013307165.1,NZ_CP023206.1,135963,Plasmid,1,0,1,0,0,0,0,0,0,0,0,0,0,0,0,0,0,0,0,0,0,0,0,,Pseudomonadota,Betaproteobacteria,Burkholderiales,Burkholderiaceae,Burkholderia
GCF_017514945.1,NZ_CP071829.1,152479,Plasmid,1,0,0,0,0,0,0,0,1,0,0,0,0,0,0,0,0,0,0,0,0,0,0,,Pseudomonadota,Betaproteobacteria,Burkholderiales,Burkholderiaceae,Burkholderia
GCF_017858835.1,NZ_CP021077.1,168969,Plasmid,1,0,1,0,0,0,0,0,0,0,0,0,0,0,0,0,0,0,0,0,0,0,0,,Pseudomonadota,Betaproteobacteria,Burkholderiales,Burkholderiaceae,Burkholderia
GCF_018223785.1,NZ_CP073666.1,77157,Plasmid,1,0,0,0,0,0,0,0,1,0,0,0,0,0,0,0,0,0,0,0,0,0,0,,Pseudomonadota,Betaproteobacteria,Burkholderiales,Burkholderiaceae,Burkholderia
GCF_019915365.1,NZ_CP082810.1,49329,Plasmid,1,0,0,0,0,0,0,0,1,0,0,0,0,0,0,0,0,0,0,0,0,0,0,,Pseudomonadota,Betaproteobacteria,Burkholderiales,Burkholderiaceae,Burkholderia
GCF_021535065.1,NZ_CP091013.1,3224222,Plasmid,7,1,0,0,0,0,0,0,0,0,2,1,0,0,1,0,0,0,0,0,0,1,1,,Pseudomonadota,Betaproteobacteria,Burkholderiales,Burkholderiaceae,Burkholderia
GCF_021535065.1,NZ_CP091014.1,1096197,Plasmid,2,1,0,0,0,0,0,0,0,0,1,0,0,0,0,0,0,0,0,0,0,0,0,,Pseudomonadota,Betaproteobacteria,Burkholderiales,Burkholderiaceae,Burkholderia
GCF_021899435.1,NZ_CP091649.1,448767,Plasmid,2,0,0,0,0,0,0,0,1,0,1,0,0,0,0,0,0,0,0,0,0,0,0,,Pseudomonadota,Betaproteobacteria,Burkholderiales,Burkholderiaceae,Burkholderia
GCF_024022955.1,NZ_CP099585.1,136716,Plasmid,1,0,1,0,0,0,0,0,0,0,0,0,0,0,0,0,0,0,0,0,0,0,0,,Pseudomonadota,Betaproteobacteria,Burkholderiales,Burkholderiaceae,Burkholderia
GCF_024662395.1,NZ_CP100135.1,104740,Plasmid,1,0,1,0,0,0,0,0,0,0,0,0,0,0,0,0,0,0,0,0,0,0,0,,Pseudomonadota,Betaproteobacteria,Burkholderiales,Burkholderiaceae,Burkholderia
GCF_024662415.1,NZ_CP100138.1,204816,Plasmid,1,0,1,0,0,0,0,0,0,0,0,0,0,0,0,0,0,0,0,0,0,0,0,,Pseudomonadota,Betaproteobacteria,Burkholderiales,Burkholderiaceae,Burkholderia
GCF_024662455.1,NZ_CP100148.1,136971,Plasmid,1,0,1,0,0,0,0,0,0,0,0,0,0,0,0,0,0,0,0,0,0,0,0,,Pseudomonadota,Betaproteobacteria,Burkholderiales,Burkholderiaceae,Burkholderia
GCF_024662455.1,NZ_CP100149.1,132942,Plasmid,1,0,1,0,0,0,0,0,0,0,0,0,0,0,0,0,0,0,0,0,0,0,0,,Pseudomonadota,Betaproteobacteria,Burkholderiales,Burkholderiaceae,Burkholderia
GCF_024662475.1,NZ_CP100154.1,141000,Plasmid,1,0,1,0,0,0,0,0,0,0,0,0,0,0,0,0,0,0,0,0,0,0,0,,Pseudomonadota,Betaproteobacteria,Burkholderiales,Burkholderiaceae,Burkholderia
GCF_024662475.1,NZ_CP100155.1,128913,Plasmid,1,0,1,0,0,0,0,0,0,0,0,0,0,0,0,0,0,0,0,0,0,0,0,,Pseudomonadota,Betaproteobacteria,Burkholderiales,Burkholderiaceae,Burkholderia
GCF_024662615.1,NZ_CP100160.1,141000,Plasmid,1,0,1,0,0,0,0,0,0,0,0,0,0,0,0,0,0,0,0,0,0,0,0,,Pseudomonadota,Betaproteobacteria,Burkholderiales,Burkholderiaceae,Burkholderia
GCF_024662615.1,NZ_CP100161.1,128913,Plasmid,1,0,1,0,0,0,0,0,0,0,0,0,0,0,0,0,0,0,0,0,0,0,0,,Pseudomonadota,Betaproteobacteria,Burkholderiales,Burkholderiaceae,Burkholderia
GCF_024662735.1,NZ_CP100166.1,141000,Plasmid,1,0,1,0,0,0,0,0,0,0,0,0,0,0,0,0,0,0,0,0,0,0,0,,Pseudomonadota,Betaproteobacteria,Burkholderiales,Burkholderiaceae,Burkholderia
GCF_024662735.1,NZ_CP100167.1,128913,Plasmid,1,0,1,0,0,0,0,0,0,0,0,0,0,0,0,0,0,0,0,0,0,0,0,,Pseudomonadota,Betaproteobacteria,Burkholderiales,Burkholderiaceae,Burkholderia
GCF_024662895.1,NZ_CP100172.1,141000,Plasmid,1,0,1,0,0,0,0,0,0,0,0,0,0,0,0,0,0,0,0,0,0,0,0,,Pseudomonadota,Betaproteobacteria,Burkholderiales,Burkholderiaceae,Burkholderia
GCF_024662895.1,NZ_CP100173.1,128913,Plasmid,1,0,1,0,0,0,0,0,0,0,0,0,0,0,0,0,0,0,0,0,0,0,0,,Pseudomonadota,Betaproteobacteria,Burkholderiales,Burkholderiaceae,Burkholderia
GCF_024663015.1,NZ_CP100184.1,172554,Plasmid,1,0,1,0,0,0,0,0,0,0,0,0,0,0,0,0,0,0,0,0,0,0,0,,Pseudomonadota,Betaproteobacteria,Burkholderiales,Burkholderiaceae,Burkholderia
GCF_024663135.1,NZ_CP100177.1,124884,Plasmid,1,0,1,0,0,0,0,0,0,0,0,0,0,0,0,0,0,0,0,0,0,0,0,,Pseudomonadota,Betaproteobacteria,Burkholderiales,Burkholderiaceae,Burkholderia
GCF_024663135.1,NZ_CP100179.1,132942,Plasmid,1,0,1,0,0,0,0,0,0,0,0,0,0,0,0,0,0,0,0,0,0,0,0,,Pseudomonadota,Betaproteobacteria,Burkholderiales,Burkholderiaceae,Burkholderia
GCF_024663255.1,NZ_CP100190.1,104740,Plasmid,1,0,1,0,0,0,0,0,0,0,0,0,0,0,0,0,0,0,0,0,0,0,0,,Pseudomonadota,Betaproteobacteria,Burkholderiales,Burkholderiaceae,Burkholderia
GCF_024663375.1,NZ_CP100195.1,141000,Plasmid,1,0,1,0,0,0,0,0,0,0,0,0,0,0,0,0,0,0,0,0,0,0,0,,Pseudomonadota,Betaproteobacteria,Burkholderiales,Burkholderiaceae,Burkholderia
GCF_024663375.1,NZ_CP100196.1,128913,Plasmid,1,0,1,0,0,0,0,0,0,0,0,0,0,0,0,0,0,0,0,0,0,0,0,,Pseudomonadota,Betaproteobacteria,Burkholderiales,Burkholderiaceae,Burkholderia
GCF_024663615.1,NZ_CP100201.1,140999,Plasmid,1,0,1,0,0,0,0,0,0,0,0,0,0,0,0,0,0,0,0,0,0,0,0,,Pseudomonadota,Betaproteobacteria,Burkholderiales,Burkholderiaceae,Burkholderia
GCF_024663615.1,NZ_CP100202.1,128912,Plasmid,1,0,1,0,0,0,0,0,0,0,0,0,0,0,0,0,0,0,0,0,0,0,0,,Pseudomonadota,Betaproteobacteria,Burkholderiales,Burkholderiaceae,Burkholderia
GCF_024663775.1,NZ_CP100207.1,141000,Plasmid,1,0,1,0,0,0,0,0,0,0,0,0,0,0,0,0,0,0,0,0,0,0,0,,Pseudomonadota,Betaproteobacteria,Burkholderiales,Burkholderiaceae,Burkholderia
GCF_024663775.1,NZ_CP100208.1,128913,Plasmid,1,0,1,0,0,0,0,0,0,0,0,0,0,0,0,0,0,0,0,0,0,0,0,,Pseudomonadota,Betaproteobacteria,Burkholderiales,Burkholderiaceae,Burkholderia
GCF_024663895.1,NZ_CP100213.1,141000,Plasmid,1,0,1,0,0,0,0,0,0,0,0,0,0,0,0,0,0,0,0,0,0,0,0,,Pseudomonadota,Betaproteobacteria,Burkholderiales,Burkholderiaceae,Burkholderia
GCF_024663895.1,NZ_CP100214.1,128913,Plasmid,1,0,1,0,0,0,0,0,0,0,0,0,0,0,0,0,0,0,0,0,0,0,0,,Pseudomonadota,Betaproteobacteria,Burkholderiales,Burkholderiaceae,Burkholderia
GCF_024663975.1,NZ_CP100219.1,141000,Plasmid,1,0,1,0,0,0,0,0,0,0,0,0,0,0,0,0,0,0,0,0,0,0,0,,Pseudomonadota,Betaproteobacteria,Burkholderiales,Burkholderiaceae,Burkholderia
GCF_024663975.1,NZ_CP100220.1,128914,Plasmid,1,0,1,0,0,0,0,0,0,0,0,0,0,0,0,0,0,0,0,0,0,0,0,,Pseudomonadota,Betaproteobacteria,Burkholderiales,Burkholderiaceae,Burkholderia
GCF_024663995.1,NZ_CP100225.1,140999,Plasmid,1,0,1,0,0,0,0,0,0,0,0,0,0,0,0,0,0,0,0,0,0,0,0,,Pseudomonadota,Betaproteobacteria,Burkholderiales,Burkholderiaceae,Burkholderia
GCF_024663995.1,NZ_CP100226.1,128912,Plasmid,1,0,1,0,0,0,0,0,0,0,0,0,0,0,0,0,0,0,0,0,0,0,0,,Pseudomonadota,Betaproteobacteria,Burkholderiales,Burkholderiaceae,Burkholderia
GCF_024664035.1,NZ_CP100231.1,141000,Plasmid,1,0,1,0,0,0,0,0,0,0,0,0,0,0,0,0,0,0,0,0,0,0,0,,Pseudomonadota,Betaproteobacteria,Burkholderiales,Burkholderiaceae,Burkholderia
GCF_024664035.1,NZ_CP100232.1,128914,Plasmid,1,0,1,0,0,0,0,0,0,0,0,0,0,0,0,0,0,0,0,0,0,0,0,,Pseudomonadota,Betaproteobacteria,Burkholderiales,Burkholderiaceae,Burkholderia
GCF_024664055.1,NZ_CP100241.1,132942,Plasmid,1,0,1,0,0,0,0,0,0,0,0,0,0,0,0,0,0,0,0,0,0,0,0,,Pseudomonadota,Betaproteobacteria,Burkholderiales,Burkholderiaceae,Burkholderia
GCF_024664055.1,NZ_CP100242.1,116826,Plasmid,1,0,1,0,0,0,0,0,0,0,0,0,0,0,0,0,0,0,0,0,0,0,0,,Pseudomonadota,Betaproteobacteria,Burkholderiales,Burkholderiaceae,Burkholderia
GCF_024664075.1,NZ_CP100246.1,169201,Plasmid,1,0,1,0,0,0,0,0,0,0,0,0,0,0,0,0,0,0,0,0,0,0,0,,Pseudomonadota,Betaproteobacteria,Burkholderiales,Burkholderiaceae,Burkholderia
GCF_024664095.1,NZ_CP100252.1,204789,Plasmid,1,0,1,0,0,0,0,0,0,0,0,0,0,0,0,0,0,0,0,0,0,0,0,,Pseudomonadota,Betaproteobacteria,Burkholderiales,Burkholderiaceae,Burkholderia
GCF_024664095.1,NZ_CP100253.1,172021,Plasmid,1,0,1,0,0,0,0,0,0,0,0,0,0,0,0,0,0,0,0,0,0,0,0,,Pseudomonadota,Betaproteobacteria,Burkholderiales,Burkholderiaceae,Burkholderia
GCF_024664095.1,NZ_CP100255.1,118773,Plasmid,1,0,0,0,0,0,0,0,0,0,0,0,0,1,0,0,0,0,0,0,0,0,0,,Pseudomonadota,Betaproteobacteria,Burkholderiales,Burkholderiaceae,Burkholderia
GCF_024664135.1,NZ_CP100258.1,362586,Plasmid,1,0,1,0,0,0,0,0,0,0,0,0,0,0,0,0,0,0,0,0,0,0,0,,Pseudomonadota,Betaproteobacteria,Burkholderiales,Burkholderiaceae,Burkholderia
GCF_024664135.1,NZ_CP100259.1,177259,Plasmid,2,0,1,0,0,0,0,0,0,0,0,0,0,0,0,0,1,0,0,0,0,0,0,,Pseudomonadota,Betaproteobacteria,Burkholderiales,Burkholderiaceae,Burkholderia
GCF_024664135.1,NZ_CP100261.1,104740,Plasmid,1,0,0,0,0,0,0,0,0,0,0,0,0,1,0,0,0,0,0,0,0,0,0,,Pseudomonadota,Betaproteobacteria,Burkholderiales,Burkholderiaceae,Burkholderia
GCF_024664155.1,NZ_CP100272.1,141000,Plasmid,1,0,1,0,0,0,0,0,0,0,0,0,0,0,0,0,0,0,0,0,0,0,0,,Pseudomonadota,Betaproteobacteria,Burkholderiales,Burkholderiaceae,Burkholderia
GCF_024664155.1,NZ_CP100273.1,128913,Plasmid,1,0,1,0,0,0,0,0,0,0,0,0,0,0,0,0,0,0,0,0,0,0,0,,Pseudomonadota,Betaproteobacteria,Burkholderiales,Burkholderiaceae,Burkholderia
GCF_024664175.1,NZ_CP100278.1,141000,Plasmid,1,0,1,0,0,0,0,0,0,0,0,0,0,0,0,0,0,0,0,0,0,0,0,,Pseudomonadota,Betaproteobacteria,Burkholderiales,Burkholderiaceae,Burkholderia
GCF_024664175.1,NZ_CP100279.1,128913,Plasmid,1,0,1,0,0,0,0,0,0,0,0,0,0,0,0,0,0,0,0,0,0,0,0,,Pseudomonadota,Betaproteobacteria,Burkholderiales,Burkholderiaceae,Burkholderia
GCF_024664215.1,NZ_CP100289.1,112798,Plasmid,1,0,1,0,0,0,0,0,0,0,0,0,0,0,0,0,0,0,0,0,0,0,0,,Pseudomonadota,Betaproteobacteria,Burkholderiales,Burkholderiaceae,Burkholderia
GCF_024664235.1,NZ_CP100293.1,177826,Plasmid,1,0,1,0,0,0,0,0,0,0,0,0,0,0,0,0,0,0,0,0,0,0,0,,Pseudomonadota,Betaproteobacteria,Burkholderiales,Burkholderiaceae,Burkholderia
GCF_024664255.1,NZ_CP100298.1,269922,Plasmid,1,0,1,0,0,0,0,0,0,0,0,0,0,0,0,0,0,0,0,0,0,0,0,,Pseudomonadota,Betaproteobacteria,Burkholderiales,Burkholderiaceae,Burkholderia
GCF_024664275.1,NZ_CP100303.1,132942,Plasmid,1,0,1,0,0,0,0,0,0,0,0,0,0,0,0,0,0,0,0,0,0,0,0,,Pseudomonadota,Betaproteobacteria,Burkholderiales,Burkholderiaceae,Burkholderia
GCF_024760585.1,NZ_CP033655.1,221577,Plasmid,2,0,1,0,0,0,0,0,0,0,0,0,0,0,0,0,1,0,0,0,0,0,0,,Pseudomonadota,Betaproteobacteria,Burkholderiales,Burkholderiaceae,Burkholderia
GCF_024760605.1,NZ_CP033662.1,128913,Plasmid,1,0,1,0,0,0,0,0,0,0,0,0,0,0,0,0,0,0,0,0,0,0,0,,Pseudomonadota,Betaproteobacteria,Burkholderiales,Burkholderiaceae,Burkholderia
GCF_024760625.1,NZ_CP033670.1,100711,Plasmid,1,0,1,0,0,0,0,0,0,0,0,0,0,0,0,0,0,0,0,0,0,0,0,,Pseudomonadota,Betaproteobacteria,Burkholderiales,Burkholderiaceae,Burkholderia
GCF_024760645.1,NZ_CP033674.1,132942,Plasmid,1,0,1,0,0,0,0,0,0,0,0,0,0,0,0,0,0,0,0,0,0,0,0,,Pseudomonadota,Betaproteobacteria,Burkholderiales,Burkholderiaceae,Burkholderia
GCF_025244785.1,NZ_CP104216.1,41653,Plasmid,1,0,0,1,0,0,0,0,0,0,0,0,0,0,0,0,0,0,0,0,0,0,0,,Pseudomonadota,Betaproteobacteria,Burkholderiales,Burkholderiaceae,Burkholderia
GCF_025643515.1,NZ_CP102465.1,240894,Plasmid,1,0,0,0,0,0,0,0,1,0,0,0,0,0,0,0,0,0,0,0,0,0,0,,Pseudomonadota,Betaproteobacteria,Burkholderiales,Burkholderiaceae,Burkholderia
GCF_025643515.1,NZ_CP102466.1,70795,Plasmid,1,0,0,0,0,0,0,0,1,0,0,0,0,0,0,0,0,0,0,0,0,0,0,,Pseudomonadota,Betaproteobacteria,Burkholderiales,Burkholderiaceae,Burkholderia
GCF_026651975.1,NZ_CP033639.1,141001,Plasmid,1,0,1,0,0,0,0,0,0,0,0,0,0,0,0,0,0,0,0,0,0,0,0,,Pseudomonadota,Betaproteobacteria,Burkholderiales,Burkholderiaceae,Burkholderia
GCF_026651975.1,NZ_CP033640.1,128915,Plasmid,1,0,1,0,0,0,0,0,0,0,0,0,0,0,0,0,0,0,0,0,0,0,0,,Pseudomonadota,Betaproteobacteria,Burkholderiales,Burkholderiaceae,Burkholderia
GCF_026651995.1,NZ_CP033646.1,141001,Plasmid,1,0,1,0,0,0,0,0,0,0,0,0,0,0,0,0,0,0,0,0,0,0,0,,Pseudomonadota,Betaproteobacteria,Burkholderiales,Burkholderiaceae,Burkholderia
GCF_026651995.1,NZ_CP033647.1,128915,Plasmid,1,0,1,0,0,0,0,0,0,0,0,0,0,0,0,0,0,0,0,0,0,0,0,,Pseudomonadota,Betaproteobacteria,Burkholderiales,Burkholderiaceae,Burkholderia
GCF_026652015.1,NZ_CP033651.1,141001,Plasmid,1,0,1,0,0,0,0,0,0,0,0,0,0,0,0,0,0,0,0,0,0,0,0,,Pseudomonadota,Betaproteobacteria,Burkholderiales,Burkholderiaceae,Burkholderia
GCF_026652015.1,NZ_CP033652.1,128915,Plasmid,1,0,1,0,0,0,0,0,0,0,0,0,0,0,0,0,0,0,0,0,0,0,0,,Pseudomonadota,Betaproteobacteria,Burkholderiales,Burkholderiaceae,Burkholderia
GCF_029590335.1,NZ_CP120951.1,70779,Plasmid,1,0,0,0,0,0,0,0,1,0,0,0,0,0,0,0,0,0,0,0,0,0,0,,Pseudomonadota,Betaproteobacteria,Burkholderiales,Burkholderiaceae,Burkholderia
GCF_029633805.1,NZ_CP090638.1,198595,Plasmid,1,0,0,0,0,0,0,0,1,0,0,0,0,0,0,0,0,0,0,0,0,0,0,,Pseudomonadota,Betaproteobacteria,Burkholderiales,Burkholderiaceae,Burkholderia
GCF_029633825.1,NZ_CP090644.1,199797,Plasmid,1,0,0,0,0,0,0,0,1,0,0,0,0,0,0,0,0,0,0,0,0,0,0,,Pseudomonadota,Betaproteobacteria,Burkholderiales,Burkholderiaceae,Burkholderia
GCF_030848725.1,NZ_CP132925.1,167591,Plasmid,2,0,0,0,0,0,0,0,0,0,1,0,0,0,0,1,0,0,0,0,0,0,0,,Pseudomonadota,Betaproteobacteria,Burkholderiales,Burkholderiaceae,Burkholderia
GCF_036352035.1,NZ_CP143551.1,2436595,Plasmid,6,1,0,0,0,0,0,0,0,0,2,1,0,0,1,0,0,0,0,0,0,1,0,,Pseudomonadota,Betaproteobacteria,Burkholderiales,Burkholderiaceae,Burkholderia
GCF_036352035.1,NZ_CP143553.1,744397,Plasmid,2,1,0,0,0,0,0,0,0,0,1,0,0,0,0,0,0,0,0,0,0,0,0,,Pseudomonadota,Betaproteobacteria,Burkholderiales,Burkholderiaceae,Burkholderia
GCF_036837415.1,NZ_CP045575.1,281218,Plasmid,1,0,0,0,0,0,0,0,0,0,0,0,0,0,0,0,1,0,0,0,0,0,0,,Pseudomonadota,Betaproteobacteria,Burkholderiales,Burkholderiaceae,Burkholderia
GCF_036839165.1,NZ_CP045578.1,286720,Plasmid,1,0,0,0,0,0,0,0,0,0,0,0,0,0,0,0,1,0,0,0,0,0,0,,Pseudomonadota,Betaproteobacteria,Burkholderiales,Burkholderiaceae,Burkholderia
GCF_039728355.1,NZ_CP155790.1,159028,Plasmid,2,0,0,0,0,0,0,0,0,0,1,0,0,0,0,1,0,0,0,0,0,0,0,,Pseudomonadota,Betaproteobacteria,Burkholderiales,Burkholderiaceae,Burkholderia
GCF_039728355.1,NZ_CP155791.1,88423,Plasmid,1,0,0,0,0,0,0,0,1,0,0,0,0,0,0,0,0,0,0,0,0,0,0,,Pseudomonadota,Betaproteobacteria,Burkholderiales,Burkholderiaceae,Burkholderia
GCF_044057485.1,NZ_CP172008.1,239984,Plasmid,1,0,0,0,0,0,0,0,1,0,0,0,0,0,0,0,0,0,0,0,0,0,0,,Pseudomonadota,Betaproteobacteria,Burkholderiales,Burkholderiaceae,Burkholderia
GCF_047127275.1,NZ_CP098399.1,286582,Plasmid,5,0,0,0,0,0,0,0,1,0,2,1,0,0,0,0,0,0,0,0,0,0,1,,Pseudomonadota,Betaproteobacteria,Burkholderiales,Burkholderiaceae,Burkholderia
GCF_047902435.1,NZ_CP138379.1,3375692,Plasmid,6,1,0,0,0,1,0,0,0,0,2,1,0,0,0,0,0,0,0,0,0,1,0,,Pseudomonadota,Betaproteobacteria,Burkholderiales,Burkholderiaceae,Burkholderia
GCF_047902435.1,NZ_CP138380.1,1411079,Plasmid,2,1,0,0,0,0,0,0,0,0,1,0,0,0,0,0,0,0,0,0,0,0,0,,Pseudomonadota,Betaproteobacteria,Burkholderiales,Burkholderiaceae,Burkholderia
GCF_047902435.1,NZ_CP138381.1,173928,Plasmid,2,0,0,0,0,0,0,0,0,0,1,0,0,0,0,1,0,0,0,0,0,0,0,,Pseudomonadota,Betaproteobacteria,Burkholderiales,Burkholderiaceae,Burkholderia
GCF_000828875.1,NZ_AP014580.1,495745,Plasmid,1,0,0,0,0,0,0,0,0,0,0,0,1,0,0,0,0,0,0,0,0,0,0,,Pseudomonadota,Betaproteobacteria,Burkholderiales,Burkholderiaceae,Caballeronia
GCF_000959445.1,NZ_CP009629.1,102620,Plasmid,2,0,0,0,0,0,0,0,0,0,0,0,0,0,0,0,0,0,0,0,0,0,2,,Pseudomonadota,Betaproteobacteria,Burkholderiales,Burkholderiaceae,Burkholderia
GCF_000959605.1,NZ_CP010016.1,326388,Plasmid,2,0,0,0,0,0,0,0,0,0,0,0,0,0,0,1,0,0,0,0,1,0,0,,Pseudomonadota,Betaproteobacteria,Burkholderiales,Burkholderiaceae,Burkholderia
GCF_001411805.1,NZ_CP007214.1,197362,Plasmid,1,0,1,0,0,0,0,0,0,0,0,0,0,0,0,0,0,0,0,0,0,0,0,,Pseudomonadota,Betaproteobacteria,Burkholderiales,Burkholderiaceae,Burkholderia
GCF_001557535.2,NZ_CP014310.1,601076,Plasmid,2,0,0,0,0,0,0,0,0,0,1,1,0,0,0,0,0,0,0,0,0,0,0,,Pseudomonadota,Betaproteobacteria,Burkholderiales,Burkholderiaceae,Burkholderia
GCF_001718635.1,NZ_CP013412.1,157775,Plasmid,1,0,0,0,0,0,0,0,0,0,0,0,0,0,0,1,0,0,0,0,0,0,0,,Pseudomonadota,Betaproteobacteria,Burkholderiales,Burkholderiaceae,Burkholderia
GCF_003019945.1,NZ_CP020393.1,102598,Plasmid,2,0,0,0,0,0,0,0,0,0,0,0,0,0,0,0,0,0,0,0,0,0,2,,Pseudomonadota,Betaproteobacteria,Burkholderiales,Burkholderiaceae,Burkholderia
GCF_011039955.1,NZ_CP049317.1,1990521,Plasmid,2,1,0,0,0,0,0,0,0,0,1,0,0,0,0,0,0,0,0,0,0,0,0,,Pseudomonadota,Betaproteobacteria,Burkholderiales,Burkholderiaceae,Caballeronia
GCF_011039955.1,NZ_CP049318.1,1831039,Plasmid,2,0,0,0,0,0,0,0,0,0,1,0,0,0,0,0,0,0,0,0,0,1,0,,Pseudomonadota,Betaproteobacteria,Burkholderiales,Burkholderiaceae,Caballeronia
GCF_011039955.1,NZ_CP049321.1,195179,Plasmid,1,0,0,0,0,0,0,0,0,0,1,0,0,0,0,0,0,0,0,0,0,0,0,,Pseudomonadota,Betaproteobacteria,Burkholderiales,Burkholderiaceae,Caballeronia
GCF_011493005.1,NZ_CP049157.1,1996666,Plasmid,2,1,0,0,0,0,0,0,0,0,1,0,0,0,0,0,0,0,0,0,0,0,0,,Pseudomonadota,Betaproteobacteria,Burkholderiales,Burkholderiaceae,Caballeronia
GCF_011493005.1,NZ_CP049158.1,1826371,Plasmid,2,0,0,0,0,0,0,0,0,0,1,0,0,0,0,0,0,0,0,0,0,1,0,,Pseudomonadota,Betaproteobacteria,Burkholderiales,Burkholderiaceae,Caballeronia
GCF_017220215.1,NZ_CP071130.1,1320836,Plasmid,5,1,0,0,0,0,0,0,0,0,2,0,0,0,0,0,0,0,0,0,1,1,0,,Pseudomonadota,Betaproteobacteria,Burkholderiales,Burkholderiaceae,Caballeronia
GCF_018408855.1,NZ_AP024326.1,1015131,Plasmid,1,0,0,0,0,0,0,0,0,0,0,0,1,0,0,0,0,0,0,0,0,0,0,,Pseudomonadota,Betaproteobacteria,Burkholderiales,Burkholderiaceae,Caballeronia
GCF_018408855.1,NZ_AP024327.1,671923,Plasmid,1,0,0,0,0,0,0,0,0,0,0,1,0,0,0,0,0,0,0,0,0,0,0,,Pseudomonadota,Betaproteobacteria,Burkholderiales,Burkholderiaceae,Caballeronia
GCF_020099355.1,NZ_CP083657.1,102620,Plasmid,2,0,0,0,0,0,0,0,0,0,0,0,0,0,0,0,0,0,0,0,0,0,2,,Pseudomonadota,Betaproteobacteria,Burkholderiales,Burkholderiaceae,Burkholderia
GCF_022879815.1,NZ_CP084285.1,1094832,Plasmid,1,0,0,0,0,0,0,0,0,0,0,0,1,0,0,0,0,0,0,0,0,0,0,,Pseudomonadota,Betaproteobacteria,Burkholderiales,Burkholderiaceae,Caballeronia
GCF_022879815.1,NZ_CP084288.1,439699,Plasmid,2,1,0,0,0,0,0,0,0,0,1,0,0,0,0,0,0,0,0,0,0,0,0,,Pseudomonadota,Betaproteobacteria,Burkholderiales,Burkholderiaceae,Caballeronia
GCF_024732225.1,NZ_CP091309.1,880277,Plasmid,2,1,0,0,0,0,0,0,0,0,1,0,0,0,0,0,0,0,0,0,0,0,0,,Pseudomonadota,Betaproteobacteria,Burkholderiales,Burkholderiaceae,Burkholderia
GCF_030644525.1,NZ_CP066800.1,193773,Plasmid,1,0,1,0,0,0,0,0,0,0,0,0,0,0,0,0,0,0,0,0,0,0,0,,Pseudomonadota,Betaproteobacteria,Burkholderiales,Burkholderiaceae,Burkholderia
GCF_038452255.1,NZ_CP150851.1,848493,Plasmid,2,1,0,0,0,0,0,0,0,0,1,0,0,0,0,0,0,0,0,0,0,0,0,,Pseudomonadota,Betaproteobacteria,Burkholderiales,Burkholderiaceae,Burkholderia
GCF_039848545.1,NZ_CP156686.1,3167812,Plasmid,10,3,0,0,0,0,0,0,0,0,4,1,0,0,0,0,0,0,0,0,0,1,1,,Pseudomonadota,Betaproteobacteria,Burkholderiales,Burkholderiaceae,Burkholderia
GCF_039848545.1,NZ_CP156687.1,873368,Plasmid,2,1,0,0,0,0,0,0,0,0,1,0,0,0,0,0,0,0,0,0,0,0,0,,Pseudomonadota,Betaproteobacteria,Burkholderiales,Burkholderiaceae,Burkholderia
GCF_040735455.1,NZ_CP136806.1,177011,Plasmid,2,0,0,0,0,0,0,0,0,0,1,0,0,0,0,1,0,0,0,0,0,0,0,,Pseudomonadota,Betaproteobacteria,Burkholderiales,Burkholderiaceae,Burkholderia
GCF_040761425.1,NZ_CP142889.1,1094235,Plasmid,2,1,0,0,0,0,0,0,0,0,1,0,0,0,0,0,0,0,0,0,0,0,0,,Pseudomonadota,Betaproteobacteria,Burkholderiales,Burkholderiaceae,Burkholderia
GCF_045345775.1,NZ_CP174278.1,1087154,Plasmid,2,1,0,0,0,0,0,0,0,0,1,0,0,0,0,0,0,0,0,0,0,0,0,,Pseudomonadota,Betaproteobacteria,Burkholderiales,Burkholderiaceae,Burkholderia
GCF_045345775.1,NZ_CP174279.1,163625,Plasmid,2,0,0,0,0,0,0,0,0,0,1,0,0,0,0,1,0,0,0,0,0,0,0,,Pseudomonadota,Betaproteobacteria,Burkholderiales,Burkholderiaceae,Burkholderia
GCF_045925845.1,NZ_CP174525.1,267214,Plasmid,2,0,0,0,0,0,0,0,0,0,1,0,0,0,0,1,0,0,0,0,0,0,0,,Pseudomonadota,Betaproteobacteria,Burkholderiales,Burkholderiaceae,Burkholderia
GCF_964026365.1,NZ_OZ032135.1,1447788,Plasmid,2,1,0,0,0,0,0,0,0,0,1,0,0,0,0,0,0,0,0,0,0,0,0,,Pseudomonadota,Betaproteobacteria,Burkholderiales,Burkholderiaceae,Caballeronia
GCF_964026365.1,NZ_OZ032137.1,892580,Plasmid,1,0,0,0,0,0,0,0,0,0,0,0,1,0,0,0,0,0,0,0,0,0,0,,Pseudomonadota,Betaproteobacteria,Burkholderiales,Burkholderiaceae,Caballeronia
GCF_964261745.1,NZ_OZ180036.1,1822652,Plasmid,5,1,0,0,0,0,0,0,0,0,2,0,0,0,0,0,0,0,0,0,1,1,0,,Pseudomonadota,Betaproteobacteria,Burkholderiales,Burkholderiaceae,Caballeronia
GCF_964261745.1,NZ_OZ180039.1,1447788,Plasmid,2,1,0,0,0,0,0,0,0,0,1,0,0,0,0,0,0,0,0,0,0,0,0,,Pseudomonadota,Betaproteobacteria,Burkholderiales,Burkholderiaceae,Caballeronia
GCF_964261745.1,NZ_OZ180040.1,892580,Plasmid,1,0,0,0,0,0,0,0,0,0,0,0,1,0,0,0,0,0,0,0,0,0,0,,Pseudomonadota,Betaproteobacteria,Burkholderiales,Burkholderiaceae,Caballeronia
GCF_964261745.1,NZ_OZ180037.1,630138,Plasmid,1,0,0,0,0,0,0,0,0,0,0,1,0,0,0,0,0,0,0,0,0,0,0,,Pseudomonadota,Betaproteobacteria,Burkholderiales,Burkholderiaceae,Caballeronia
GCF_964264985.1,NZ_OZ183795.1,168104,Plasmid,2,0,0,0,0,0,0,0,0,0,1,0,0,0,0,1,0,0,0,0,0,0,0,,Pseudomonadota,Betaproteobacteria,Burkholderiales,Burkholderiaceae,Burkholderia
GCF_964265015.1,NZ_OZ183809.1,197214,Plasmid,2,0,0,0,0,0,0,0,2,0,0,0,0,0,0,0,0,0,0,0,0,0,0,,Pseudomonadota,Betaproteobacteria,Burkholderiales,Burkholderiaceae,Burkholderia
GCF_023515995.1,NZ_CP097321.1,282730,Plasmid,1,1,0,0,0,0,0,0,0,0,0,0,0,0,0,0,0,0,0,0,0,0,0,,Actinomycetota,Actinomycetes,Mycobacteriales,Mycobacteriaceae,Mycobacterium
GCF_021391315.1,NZ_CP090023.1,298439,Plasmid,3,1,0,0,0,0,0,0,0,0,1,0,0,1,0,0,0,0,0,0,0,0,0,,Pseudomonadota,Alphaproteobacteria,Rhodobacterales,Paracoccaceae,Cereibacter
GCF_022227035.1,NZ_CP089967.1,309984,Plasmid,3,1,0,0,0,0,0,0,0,0,1,0,0,1,0,0,0,0,0,0,0,0,0,,Pseudomonadota,Alphaproteobacteria,Rhodobacterales,Paracoccaceae,Cereibacter
GCF_022227035.1,NZ_CP089971.1,104349,Plasmid,1,0,0,0,0,0,0,0,0,0,1,0,0,0,0,0,0,0,0,0,0,0,0,,Pseudomonadota,Alphaproteobacteria,Rhodobacterales,Paracoccaceae,Cereibacter
GCF_022430525.1,NZ_CP092520.1,704842,Plasmid,26,1,3,1,0,0,2,1,2,1,0,3,1,3,0,2,0,3,1,2,0,0,0,,Fusobacteriota,Fusobacteriia,Fusobacteriales,Fusobacteriaceae,Cetobacterium
GCF_022430525.1,NZ_CP092521.1,181744,Plasmid,4,0,0,0,0,0,0,1,0,0,0,1,1,1,0,0,0,0,0,0,0,0,0,,Fusobacteriota,Fusobacteriia,Fusobacteriales,Fusobacteriaceae,Cetobacterium
GCF_036324545.1,NZ_CP143320.1,664419,Plasmid,26,1,3,1,0,0,2,1,2,1,0,3,1,3,0,2,0,3,1,2,0,0,0,,Fusobacteriota,Fusobacteriia,Fusobacteriales,Fusobacteriaceae,Cetobacterium
GCF_036324545.1,NZ_CP143321.1,231116,Plasmid,4,0,0,0,0,0,0,1,0,0,0,1,1,1,0,0,0,0,0,0,0,0,0,,Fusobacteriota,Fusobacteriia,Fusobacteriales,Fusobacteriaceae,Cetobacterium
GCF_044784365.2,NZ_CP173062.2,687705,Plasmid,26,1,3,1,0,0,2,1,2,1,0,3,1,3,0,2,0,3,1,2,0,0,0,,Fusobacteriota,Fusobacteriia,Fusobacteriales,Fusobacteriaceae,Cetobacterium
GCF_044784365.2,NZ_CP173060.2,198846,Plasmid,4,0,0,0,0,0,0,1,0,0,0,1,1,1,0,0,0,0,0,0,0,0,0,,Fusobacteriota,Fusobacteriia,Fusobacteriales,Fusobacteriaceae,Cetobacterium
GCF_045780855.1,NZ_CP122291.1,725224,Plasmid,26,1,3,1,0,0,2,1,2,1,0,3,1,3,0,2,0,3,1,2,0,0,0,,Fusobacteriota,Fusobacteriia,Fusobacteriales,Fusobacteriaceae,Cetobacterium
GCF_045780855.1,NZ_CP122286.1,179358,Plasmid,4,0,0,0,0,0,0,1,0,0,0,1,1,1,0,0,0,0,0,0,0,0,0,,Fusobacteriota,Fusobacteriia,Fusobacteriales,Fusobacteriaceae,Cetobacterium
GCF_045781735.1,NZ_CP122294.1,725216,Plasmid,26,1,3,1,0,0,2,1,2,1,0,3,1,3,0,2,0,3,1,2,0,0,0,,Fusobacteriota,Fusobacteriia,Fusobacteriales,Fusobacteriaceae,Cetobacterium
GCF_045781735.1,NZ_CP122293.1,181846,Plasmid,4,0,0,0,0,0,0,1,0,0,0,1,1,1,0,0,0,0,0,0,0,0,0,,Fusobacteriota,Fusobacteriia,Fusobacteriales,Fusobacteriaceae,Cetobacterium
GCF_048585415.1,NZ_CP183926.1,1051786,Plasmid,11,2,0,1,0,0,0,0,2,0,2,0,0,3,0,0,1,0,0,0,0,0,0,,Pseudomonadota,Alphaproteobacteria,Rhodobacterales,Paracoccaceae,Cereibacter
GCF_048585415.1,NZ_CP183928.1,209190,Plasmid,3,1,0,0,0,0,0,0,0,0,1,0,0,1,0,0,0,0,0,0,0,0,0,,Pseudomonadota,Alphaproteobacteria,Rhodobacterales,Paracoccaceae,Cereibacter
GCF_050033475.1,NZ_CP188321.1,160266,Plasmid,17,0,1,0,1,0,1,2,1,0,0,2,1,1,0,2,0,2,1,2,0,0,0,,Fusobacteriota,Fusobacteriia,Fusobacteriales,Fusobacteriaceae,Cetobacterium
GCF_050033475.1,NZ_CP188326.1,57063,Plasmid,27,1,2,1,1,0,2,2,2,1,1,3,2,1,1,1,1,2,0,1,2,0,0,,Fusobacteriota,Fusobacteriia,Fusobacteriales,Fusobacteriaceae,Cetobacterium
GCF_001022275.1,NZ_CP011655.1,109688,Plasmid,1,0,0,1,0,0,0,0,0,0,0,0,0,0,0,0,0,0,0,0,0,0,0,,Pseudomonadota,Gammaproteobacteria,Enterobacterales,Enterobacteriaceae,Citrobacter
GCF_003571565.1,NZ_CP032183.1,121983,Plasmid,1,0,0,1,0,0,0,0,0,0,0,0,0,0,0,0,0,0,0,0,0,0,0,,Pseudomonadota,Gammaproteobacteria,Enterobacterales,Enterobacteriaceae,Citrobacter
GCF_010365585.1,NZ_CP048385.1,132825,Plasmid,1,0,0,0,0,0,0,0,0,0,0,0,0,0,0,1,0,0,0,0,0,0,0,,Pseudomonadota,Gammaproteobacteria,Enterobacterales,Enterobacteriaceae,Citrobacter
GCF_013085885.1,NZ_CP048417.1,110347,Plasmid,1,0,0,1,0,0,0,0,0,0,0,0,0,0,0,0,0,0,0,0,0,0,0,,Pseudomonadota,Gammaproteobacteria,Enterobacterales,Enterobacteriaceae,Citrobacter
GCF_013725595.1,NZ_CP056241.1,82097,Plasmid,3,0,0,3,0,0,0,0,0,0,0,0,0,0,0,0,0,0,0,0,0,0,0,,Pseudomonadota,Gammaproteobacteria,Enterobacterales,Enterobacteriaceae,Citrobacter
GCF_013727455.1,NZ_CP056259.1,82097,Plasmid,3,0,0,3,0,0,0,0,0,0,0,0,0,0,0,0,0,0,0,0,0,0,0,,Pseudomonadota,Gammaproteobacteria,Enterobacterales,Enterobacteriaceae,Citrobacter
GCF_013738635.1,NZ_CP056338.1,98779,Plasmid,2,0,0,0,0,0,0,0,0,0,1,0,0,0,0,0,0,0,0,0,0,0,1,,Pseudomonadota,Gammaproteobacteria,Enterobacterales,Enterobacteriaceae,Citrobacter
GCF_016939615.1,NZ_CP070546.1,109710,Plasmid,1,0,0,1,0,0,0,0,0,0,0,0,0,0,0,0,0,0,0,0,0,0,0,,Pseudomonadota,Gammaproteobacteria,Enterobacterales,Enterobacteriaceae,Citrobacter
GCF_022024315.1,NZ_CP091811.1,16129,Plasmid,2,1,0,0,0,0,0,0,0,0,1,0,0,0,0,0,0,0,0,0,0,0,0,,Pseudomonadota,Gammaproteobacteria,Enterobacterales,Enterobacteriaceae,Citrobacter
GCF_023756145.1,NZ_CP115617.1,110089,Plasmid,1,0,0,1,0,0,0,0,0,0,0,0,0,0,0,0,0,0,0,0,0,0,0,,Pseudomonadota,Gammaproteobacteria,Enterobacterales,Enterobacteriaceae,Citrobacter
GCF_025723225.1,NZ_CP096906.1,110958,Plasmid,1,0,0,1,0,0,0,0,0,0,0,0,0,0,0,0,0,0,0,0,0,0,0,,Pseudomonadota,Gammaproteobacteria,Enterobacterales,Enterobacteriaceae,Citrobacter
GCF_027271215.1,NZ_CP114568.1,110089,Plasmid,1,0,0,1,0,0,0,0,0,0,0,0,0,0,0,0,0,0,0,0,0,0,0,,Pseudomonadota,Gammaproteobacteria,Enterobacterales,Enterobacteriaceae,Citrobacter
GCF_030035205.1,NZ_CP125311.1,111042,Plasmid,1,0,0,1,0,0,0,0,0,0,0,0,0,0,0,0,0,0,0,0,0,0,0,,Pseudomonadota,Gammaproteobacteria,Enterobacterales,Enterobacteriaceae,Citrobacter
GCF_032346775.2,NZ_CP135471.1,110089,Plasmid,1,0,0,1,0,0,0,0,0,0,0,0,0,0,0,0,0,0,0,0,0,0,0,,Pseudomonadota,Gammaproteobacteria,Enterobacterales,Enterobacteriaceae,Citrobacter
GCF_032464395.1,NZ_CP136050.1,110089,Plasmid,1,0,0,1,0,0,0,0,0,0,0,0,0,0,0,0,0,0,0,0,0,0,0,,Pseudomonadota,Gammaproteobacteria,Enterobacterales,Enterobacteriaceae,Citrobacter
GCF_036289145.1,NZ_CP137188.1,111340,Plasmid,1,0,0,1,0,0,0,0,0,0,0,0,0,0,0,0,0,0,0,0,0,0,0,,Pseudomonadota,Gammaproteobacteria,Enterobacterales,Enterobacteriaceae,Citrobacter
GCF_036289205.1,NZ_CP137200.1,113821,Plasmid,1,0,0,1,0,0,0,0,0,0,0,0,0,0,0,0,0,0,0,0,0,0,0,,Pseudomonadota,Gammaproteobacteria,Enterobacterales,Enterobacteriaceae,Citrobacter
GCF_036884505.1,NZ_CP145667.1,96934,Plasmid,2,0,0,0,0,0,0,0,0,0,1,0,0,1,0,0,0,0,0,0,0,0,0,,Pseudomonadota,Gammaproteobacteria,Enterobacterales,Enterobacteriaceae,Citrobacter
GCF_038452245.1,NZ_CP151866.1,7354,Plasmid,2,1,0,0,0,0,0,0,0,0,1,0,0,0,0,0,0,0,0,0,0,0,0,,Pseudomonadota,Gammaproteobacteria,Enterobacterales,Enterobacteriaceae,Citrobacter
GCF_038452245.1,NZ_CP151862.1,425507,Plasmid,15,2,1,0,1,0,0,1,1,1,2,1,0,0,0,1,0,2,1,1,0,0,0,,Pseudomonadota,Gammaproteobacteria,Enterobacterales,Enterobacteriaceae,Citrobacter
GCF_041319725.1,NZ_CP101046.1,111280,Plasmid,1,0,0,1,0,0,0,0,0,0,0,0,0,0,0,0,0,0,0,0,0,0,0,,Pseudomonadota,Gammaproteobacteria,Enterobacterales,Enterobacteriaceae,Citrobacter
GCF_041319885.1,NZ_CP101086.1,107323,Plasmid,1,0,0,1,0,0,0,0,0,0,0,0,0,0,0,0,0,0,0,0,0,0,0,,Pseudomonadota,Gammaproteobacteria,Enterobacterales,Enterobacteriaceae,Citrobacter
GCF_041320265.1,NZ_CP101053.1,112148,Plasmid,1,0,0,1,0,0,0,0,0,0,0,0,0,0,0,0,0,0,0,0,0,0,0,,Pseudomonadota,Gammaproteobacteria,Enterobacterales,Enterobacteriaceae,Citrobacter
GCF_041320265.1,NZ_CP101055.1,95211,Plasmid,2,0,0,0,0,0,0,0,0,0,1,0,0,1,0,0,0,0,0,0,0,0,0,,Pseudomonadota,Gammaproteobacteria,Enterobacterales,Enterobacteriaceae,Citrobacter
GCF_049485185.1,NZ_CP128208.1,289843,Plasmid,1,0,0,0,0,0,0,0,0,0,0,0,0,0,0,0,0,0,0,0,0,0,1,,Pseudomonadota,Gammaproteobacteria,Enterobacterales,Enterobacteriaceae,Citrobacter
GCF_905232555.2,NZ_OW849258.1,110089,Plasmid,1,0,0,1,0,0,0,0,0,0,0,0,0,0,0,0,0,0,0,0,0,0,0,,Pseudomonadota,Gammaproteobacteria,Enterobacterales,Enterobacteriaceae,Citrobacter
GCF_905232605.2,NZ_OW849211.1,110089,Plasmid,1,0,0,1,0,0,0,0,0,0,0,0,0,0,0,0,0,0,0,0,0,0,0,,Pseudomonadota,Gammaproteobacteria,Enterobacterales,Enterobacteriaceae,Citrobacter
GCF_000204565.1,NC_015417.1,203287,Plasmid,2,0,0,0,0,0,0,0,0,0,0,0,0,0,0,0,0,0,1,0,0,0,1,,Bacillota,Clostridia,Eubacteriales,Clostridiaceae,Clostridium
GCF_000211235.1,NC_017177.1,300869,Plasmid,2,0,0,0,0,0,0,0,0,0,0,0,0,1,0,1,0,0,0,0,0,0,0,,Bacillota,Clostridia,Peptostreptococcales,Peptostreptococcaceae,Clostridioides
GCF_001879625.1,NZ_CP014147.1,59360,Plasmid,1,0,0,0,0,0,0,0,0,0,0,0,0,0,0,0,1,0,0,0,0,0,0,,Bacillota,Clostridia,Eubacteriales,Clostridiaceae,Clostridium
GCF_001889365.1,NZ_CP013295.1,196981,Plasmid,1,0,0,0,0,0,0,0,0,0,0,0,0,0,0,0,0,0,1,0,0,0,0,,Bacillota,Clostridia,Eubacteriales,Clostridiaceae,Clostridium
GCF_001921925.1,NZ_CP013682.1,196981,Plasmid,1,0,0,0,0,0,0,0,0,0,0,0,0,0,0,0,0,0,1,0,0,0,0,,Bacillota,Clostridia,Eubacteriales,Clostridiaceae,Clostridium
GCF_001921985.1,NZ_CP013709.1,205718,Plasmid,1,0,0,0,0,0,0,0,0,0,0,0,0,0,0,0,0,0,1,0,0,0,0,,Bacillota,Clostridia,Eubacteriales,Clostridiaceae,Clostridium
GCF_002073735.2,NZ_CP020426.2,131326,Plasmid,1,0,0,0,0,0,0,0,0,0,0,0,0,0,0,0,1,0,0,0,0,0,0,,Bacillota,Clostridia,Peptostreptococcales,Peptostreptococcaceae,Clostridioides
GCF_002865825.1,NZ_CP013844.1,215420,Plasmid,1,0,0,0,0,0,0,0,0,0,0,0,0,0,0,0,0,0,1,0,0,0,0,,Bacillota,Clostridia,Eubacteriales,Clostridiaceae,Clostridium
GCF_002865885.1,NZ_CP013852.1,23278,Plasmid,2,0,0,0,0,0,0,2,0,0,0,0,0,0,0,0,0,0,0,0,0,0,0,,Bacillota,Clostridia,Eubacteriales,Clostridiaceae,Clostridium
GCF_002866125.1,NZ_CP014221.1,23294,Plasmid,2,0,0,0,0,0,0,2,0,0,0,0,0,0,0,0,0,0,0,0,0,0,0,,Bacillota,Clostridia,Eubacteriales,Clostridiaceae,Clostridium
GCF_002866125.1,NZ_CP014218.1,57585,Plasmid,1,0,0,0,0,0,0,0,0,0,0,0,0,0,0,0,0,0,0,0,0,0,1,,Bacillota,Clostridia,Eubacteriales,Clostridiaceae,Clostridium
GCF_002866225.1,NZ_CP014172.1,23294,Plasmid,2,0,0,0,0,0,0,2,0,0,0,0,0,0,0,0,0,0,0,0,0,0,0,,Bacillota,Clostridia,Eubacteriales,Clostridiaceae,Clostridium
GCF_002866225.1,NZ_CP014173.1,56844,Plasmid,1,0,0,0,0,0,0,0,0,0,0,0,0,0,0,0,0,0,0,0,0,0,1,,Bacillota,Clostridia,Eubacteriales,Clostridiaceae,Clostridium
GCF_003345315.1,NZ_CP031100.1,57676,Plasmid,2,0,0,1,0,0,0,0,0,0,0,0,0,0,0,0,1,0,0,0,0,0,0,,Bacillota,Clostridia,Eubacteriales,Clostridiaceae,Clostridium
GCF_003697225.1,NZ_CP033215.1,10520,Plasmid,1,1,0,0,0,0,0,0,0,0,0,0,0,0,0,0,0,0,0,0,0,0,0,,Bacillota,Clostridia,Peptostreptococcales,Peptostreptococcaceae,Clostridioides
GCF_003697245.1,NZ_CP033217.1,109346,Plasmid,62,2,4,3,3,2,3,3,3,2,2,4,3,6,3,3,4,3,1,3,2,0,3,,Bacillota,Clostridia,Peptostreptococcales,Peptostreptococcaceae,Clostridioides
GCF_007833415.1,NZ_CP022399.1,23294,Plasmid,2,0,0,0,0,0,0,2,0,0,0,0,0,0,0,0,0,0,0,0,0,0,0,,Bacillota,Clostridia,Eubacteriales,Clostridiaceae,Clostridium
GCF_007833435.1,NZ_CP022401.1,210144,Plasmid,1,0,0,0,0,0,0,0,0,0,0,0,0,0,0,0,1,0,0,0,0,0,0,,Bacillota,Clostridia,Eubacteriales,Clostridiaceae,Clostridium
GCF_012524235.2,NZ_CP053575.1,91378,Plasmid,8,1,1,0,1,0,0,0,0,1,1,1,0,0,0,1,0,0,1,0,0,0,0,,Pseudomonadota,Gammaproteobacteria,Enterobacterales,Enterobacteriaceae,Citrobacter
GCF_013733095.1,NZ_CP056343.1,122594,Plasmid,1,0,0,1,0,0,0,0,0,0,0,0,0,0,0,0,0,0,0,0,0,0,0,,Pseudomonadota,Gammaproteobacteria,Enterobacterales,Enterobacteriaceae,Citrobacter
GCF_013739755.1,NZ_CP056401.1,119726,Plasmid,1,0,0,1,0,0,0,0,0,0,0,0,0,0,0,0,0,0,0,0,0,0,0,,Pseudomonadota,Gammaproteobacteria,Enterobacterales,Enterobacteriaceae,Citrobacter
GCF_013747755.1,NZ_CP056422.1,112583,Plasmid,1,0,0,1,0,0,0,0,0,0,0,0,0,0,0,0,0,0,0,0,0,0,0,,Pseudomonadota,Gammaproteobacteria,Enterobacterales,Enterobacteriaceae,Citrobacter
GCF_013791465.1,NZ_CP056836.1,119392,Plasmid,1,0,0,1,0,0,0,0,0,0,0,0,0,0,0,0,0,0,0,0,0,0,0,,Pseudomonadota,Gammaproteobacteria,Enterobacterales,Enterobacteriaceae,Citrobacter
GCF_013890155.1,NZ_CP057631.1,105909,Plasmid,1,0,0,1,0,0,0,0,0,0,0,0,0,0,0,0,0,0,0,0,0,0,0,,Pseudomonadota,Gammaproteobacteria,Enterobacterales,Enterobacteriaceae,Citrobacter
GCF_013890595.1,NZ_CP057633.1,105909,Plasmid,1,0,0,1,0,0,0,0,0,0,0,0,0,0,0,0,0,0,0,0,0,0,0,,Pseudomonadota,Gammaproteobacteria,Enterobacterales,Enterobacteriaceae,Citrobacter
GCF_014596815.2,NZ_CP115026.1,108873,Plasmid,1,0,0,1,0,0,0,0,0,0,0,0,0,0,0,0,0,0,0,0,0,0,0,,Pseudomonadota,Gammaproteobacteria,Enterobacterales,Enterobacteriaceae,Citrobacter
GCF_014596895.2,NZ_CP115037.1,107458,Plasmid,1,0,0,1,0,0,0,0,0,0,0,0,0,0,0,0,0,0,0,0,0,0,0,,Pseudomonadota,Gammaproteobacteria,Enterobacterales,Enterobacteriaceae,Citrobacter
GCF_016894305.1,NZ_CP069802.1,292108,Plasmid,1,0,0,0,0,0,0,0,0,0,0,0,0,0,0,0,0,0,0,0,0,0,1,,Pseudomonadota,Gammaproteobacteria,Enterobacterales,Enterobacteriaceae,Citrobacter
GCF_017100085.1,NZ_CP063966.1,202722,Plasmid,2,0,0,0,0,0,0,0,0,0,0,0,0,0,0,0,0,0,1,0,0,0,1,,Bacillota,Clostridia,Eubacteriales,Clostridiaceae,Clostridium
GCF_018884705.1,NZ_CP037807.1,136294,Plasmid,1,0,0,0,0,0,0,0,0,0,0,0,0,0,0,0,1,0,0,0,0,0,0,,Bacillota,Clostridia,Peptostreptococcales,Peptostreptococcaceae,Clostridioides
GCF_018884845.1,NZ_CP037823.1,132448,Plasmid,1,0,0,0,0,0,0,0,0,0,0,0,0,0,0,0,1,0,0,0,0,0,0,,Bacillota,Clostridia,Peptostreptococcales,Peptostreptococcaceae,Clostridioides
GCF_020097215.1,NZ_CP083617.1,127406,Plasmid,1,0,0,0,0,0,0,0,0,0,0,0,0,0,0,0,1,0,0,0,0,0,0,,Bacillota,Clostridia,Peptostreptococcales,Peptostreptococcaceae,Clostridioides
GCF_020641035.1,NZ_CP061362.1,305867,Plasmid,2,0,0,0,0,0,0,0,0,0,0,0,0,1,0,1,0,0,0,0,0,0,0,,Bacillota,Clostridia,Peptostreptococcales,Peptostreptococcaceae,Clostridioides
GCF_027919895.1,NZ_CP114804.1,106254,Plasmid,1,0,0,1,0,0,0,0,0,0,0,0,0,0,0,0,0,0,0,0,0,0,0,,Pseudomonadota,Gammaproteobacteria,Enterobacterales,Enterobacteriaceae,Citrobacter
GCF_032917905.1,NZ_CP136602.1,365162,Plasmid,1,0,0,0,0,0,0,0,0,0,0,0,0,0,0,0,0,0,0,0,0,0,1,,Pseudomonadota,Gammaproteobacteria,Enterobacterales,Enterobacteriaceae,Citrobacter
GCF_034274435.1,NZ_CP132148.1,130799,Plasmid,1,0,0,0,0,0,0,0,0,0,0,0,0,0,0,0,1,0,0,0,0,0,0,,Bacillota,Clostridia,Peptostreptococcales,Peptostreptococcaceae,Clostridioides
GCF_037915205.1,NZ_CP149659.1,14241,Plasmid,4,2,0,0,0,0,0,0,0,0,1,1,0,0,0,0,0,0,0,0,0,0,0,,Bacillota,Clostridia,Peptostreptococcales,Peptostreptococcaceae,Clostridioides
GCF_037917245.1,NZ_CP149664.1,114478,Plasmid,63,2,4,3,3,2,3,3,4,2,3,4,4,5,3,3,4,3,1,3,4,0,0,,Bacillota,Clostridia,Peptostreptococcales,Peptostreptococcaceae,Clostridioides
GCF_037917245.1,NZ_CP149665.1,19635,Plasmid,4,1,0,0,0,0,0,0,0,0,1,1,0,0,0,0,1,0,0,0,0,0,0,,Bacillota,Clostridia,Peptostreptococcales,Peptostreptococcaceae,Clostridioides
GCF_037918115.1,NZ_CP149671.1,134616,Plasmid,68,4,4,3,3,2,3,3,4,2,4,5,4,5,3,3,5,3,1,3,4,0,0,,Bacillota,Clostridia,Peptostreptococcales,Peptostreptococcaceae,Clostridioides
GCF_037918385.1,NZ_CP149674.1,134807,Plasmid,68,4,4,3,3,2,3,3,4,2,4,5,4,5,3,3,5,3,1,3,4,0,0,,Bacillota,Clostridia,Peptostreptococcales,Peptostreptococcaceae,Clostridioides
GCF_037918925.1,NZ_CP149681.1,38374,Plasmid,46,0,3,2,2,2,2,2,3,2,3,5,3,4,2,1,3,2,0,2,3,0,0,,Bacillota,Clostridia,Peptostreptococcales,Peptostreptococcaceae,Clostridioides
GCF_037918925.1,NZ_CP149682.1,13229,Plasmid,19,1,1,1,1,0,1,1,1,0,1,0,1,1,1,2,2,1,1,1,1,0,0,,Bacillota,Clostridia,Peptostreptococcales,Peptostreptococcaceae,Clostridioides
GCF_037919185.1,NZ_CP149687.1,135435,Plasmid,67,3,4,3,3,2,3,3,4,2,4,5,4,5,3,3,5,3,1,3,4,0,0,,Bacillota,Clostridia,Peptostreptococcales,Peptostreptococcaceae,Clostridioides
GCF_037919795.1,NZ_CP149690.1,113341,Plasmid,45,1,3,2,2,2,2,2,3,2,2,4,3,4,2,1,3,2,0,2,3,0,0,,Bacillota,Clostridia,Peptostreptococcales,Peptostreptococcaceae,Clostridioides
GCF_037919795.1,NZ_CP149692.1,10508,Plasmid,1,1,0,0,0,0,0,0,0,0,0,0,0,0,0,0,0,0,0,0,0,0,0,,Bacillota,Clostridia,Peptostreptococcales,Peptostreptococcaceae,Clostridioides
GCF_037922005.1,NZ_CP149707.1,12207,Plasmid,19,1,1,1,1,0,1,1,1,0,1,0,1,1,1,2,2,1,1,1,1,0,0,,Bacillota,Clostridia,Peptostreptococcales,Peptostreptococcaceae,Clostridioides
GCF_037923265.1,NZ_CP149712.1,99154,Plasmid,44,1,3,2,2,2,2,2,3,2,2,4,3,4,2,1,2,2,0,2,3,0,0,,Bacillota,Clostridia,Peptostreptococcales,Peptostreptococcaceae,Clostridioides
GCF_037926405.1,NZ_CP149720.1,163400,Plasmid,4,0,0,0,0,0,0,1,0,0,0,0,1,0,0,0,0,1,0,0,1,0,0,,Bacillota,Clostridia,Peptostreptococcales,Peptostreptococcaceae,Clostridioides
GCF_037926405.1,NZ_CP149721.1,96641,Plasmid,17,1,2,1,1,1,1,1,1,1,0,0,2,0,0,0,1,1,0,1,2,0,0,,Bacillota,Clostridia,Peptostreptococcales,Peptostreptococcaceae,Clostridioides
GCF_037926405.1,NZ_CP149723.1,16663,Plasmid,27,0,1,2,1,1,1,2,2,1,1,3,1,3,1,1,2,1,0,1,2,0,0,,Bacillota,Clostridia,Peptostreptococcales,Peptostreptococcaceae,Clostridioides
GCF_037930425.1,NZ_CP149735.1,10426,Plasmid,1,1,0,0,0,0,0,0,0,0,0,0,0,0,0,0,0,0,0,0,0,0,0,,Bacillota,Clostridia,Peptostreptococcales,Peptostreptococcaceae,Clostridioides
GCF_037931105.1,NZ_CP149737.1,101109,Plasmid,42,1,3,2,2,2,2,2,2,2,3,4,3,3,2,1,2,2,0,2,2,0,0,,Bacillota,Clostridia,Peptostreptococcales,Peptostreptococcaceae,Clostridioides
GCF_037931105.1,NZ_CP149738.1,17450,Plasmid,4,1,0,0,0,0,0,0,0,0,1,1,0,0,0,0,1,0,0,0,0,0,0,,Bacillota,Clostridia,Peptostreptococcales,Peptostreptococcaceae,Clostridioides
GCF_037931105.1,NZ_CP149740.1,12272,Plasmid,18,1,1,0,1,0,1,1,1,0,1,0,1,1,1,2,2,1,1,1,1,0,0,,Bacillota,Clostridia,Peptostreptococcales,Peptostreptococcaceae,Clostridioides
GCF_037932795.1,NZ_CP149745.1,149747,Plasmid,79,2,5,3,3,2,4,3,5,2,5,5,5,6,4,5,7,3,2,4,4,0,0,,Bacillota,Clostridia,Peptostreptococcales,Peptostreptococcaceae,Clostridioides
GCF_037941545.1,NZ_CP149764.1,12494,Plasmid,19,1,1,1,1,0,1,1,1,0,1,0,1,1,1,2,2,1,1,1,1,0,0,,Bacillota,Clostridia,Peptostreptococcales,Peptostreptococcaceae,Clostridioides
GCF_037941305.1,NZ_CP149760.1,117553,Plasmid,47,1,3,2,2,2,2,2,3,2,3,5,3,4,2,1,3,2,0,2,3,0,0,,Bacillota,Clostridia,Peptostreptococcales,Peptostreptococcaceae,Clostridioides
GCF_041319955.1,NZ_CP101105.1,110978,Plasmid,1,0,0,1,0,0,0,0,0,0,0,0,0,0,0,0,0,0,0,0,0,0,0,,Pseudomonadota,Gammaproteobacteria,Enterobacterales,Enterobacteriaceae,Citrobacter
GCF_046097145.1,NZ_CP175668.1,364750,Plasmid,1,0,0,0,0,0,0,0,0,0,0,0,0,0,0,0,0,0,0,0,0,0,1,,Pseudomonadota,Gammaproteobacteria,Enterobacterales,Enterobacteriaceae,Citrobacter
GCF_049991395.1,NZ_CP188234.1,78286,Plasmid,1,0,0,0,0,0,0,1,0,0,0,0,0,0,0,0,0,0,0,0,0,0,0,,Bacillota,Clostridia,Eubacteriales,Clostridiaceae,Clostridium
GCF_001579785.1,NZ_CP013615.1,404393,Plasmid,12,0,0,1,0,0,0,0,0,0,1,1,1,1,2,0,2,1,1,1,0,0,0,,Bacillota,Clostridia,Eubacteriales,Clostridiaceae,Clostridium
GCF_020138415.1,NZ_CP075921.1,37526,Plasmid,1,0,0,1,0,0,0,0,0,0,0,0,0,0,0,0,0,0,0,0,0,0,0,,Bacillota,Clostridia,Eubacteriales,Clostridiaceae,Clostridium
GCF_020138475.1,NZ_CP075931.1,40700,Plasmid,2,0,1,0,0,0,0,0,0,0,0,0,0,0,0,0,0,0,0,0,0,0,1,,Bacillota,Clostridia,Eubacteriales,Clostridiaceae,Clostridium
GCF_020138515.1,NZ_CP075943.1,40699,Plasmid,2,0,1,0,0,0,0,0,0,0,0,0,0,0,0,0,0,0,0,0,0,0,1,,Bacillota,Clostridia,Eubacteriales,Clostridiaceae,Clostridium
GCF_020138615.1,NZ_CP075960.1,38803,Plasmid,1,0,0,1,0,0,0,0,0,0,0,0,0,0,0,0,0,0,0,0,0,0,0,,Bacillota,Clostridia,Eubacteriales,Clostridiaceae,Clostridium
GCF_020139275.1,NZ_CP076003.1,40156,Plasmid,2,0,1,0,0,0,0,0,0,0,0,0,0,0,0,0,0,0,0,0,0,0,1,,Bacillota,Clostridia,Eubacteriales,Clostridiaceae,Clostridium
GCF_020139295.1,NZ_CP076006.1,40393,Plasmid,1,0,0,1,0,0,0,0,0,0,0,0,0,0,0,0,0,0,0,0,0,0,0,,Bacillota,Clostridia,Eubacteriales,Clostridiaceae,Clostridium
GCF_024599955.1,NZ_CP102306.1,37965,Plasmid,1,0,0,1,0,0,0,0,0,0,0,0,0,0,0,0,0,0,0,0,0,0,0,,Bacillota,Clostridia,Eubacteriales,Clostridiaceae,Clostridium
GCF_026072755.1,NZ_AP025230.1,41395,Plasmid,2,0,1,0,0,0,0,0,0,0,0,0,0,0,0,0,0,0,0,0,0,0,1,,Bacillota,Clostridia,Eubacteriales,Clostridiaceae,Clostridium
GCF_026650925.1,NZ_CP086149.1,104777,Plasmid,1,0,0,0,0,0,0,1,0,0,0,0,0,0,0,0,0,0,0,0,0,0,0,,Bacillota,Clostridia,Eubacteriales,Clostridiaceae,Clostridium
GCF_027594565.1,NZ_CP087100.1,67041,Plasmid,1,0,0,0,0,0,0,1,0,0,0,0,0,0,0,0,0,0,0,0,0,0,0,,Bacillota,Clostridia,Eubacteriales,Clostridiaceae,Clostridium
GCF_030585465.1,NZ_CP077617.1,72483,Plasmid,1,0,0,0,0,0,0,1,0,0,0,0,0,0,0,0,0,0,0,0,0,0,0,,Bacillota,Clostridia,Eubacteriales,Clostridiaceae,Clostridium
GCF_030585485.1,NZ_CP077620.1,56957,Plasmid,1,0,0,0,0,0,0,1,0,0,0,0,0,0,0,0,0,0,0,0,0,0,0,,Bacillota,Clostridia,Eubacteriales,Clostridiaceae,Clostridium
GCF_030585525.1,NZ_CP077626.1,64116,Plasmid,1,0,0,0,0,0,0,1,0,0,0,0,0,0,0,0,0,0,0,0,0,0,0,,Bacillota,Clostridia,Eubacteriales,Clostridiaceae,Clostridium
GCF_030585545.1,NZ_CP077630.1,62229,Plasmid,1,0,0,0,0,0,0,1,0,0,0,0,0,0,0,0,0,0,0,0,0,0,0,,Bacillota,Clostridia,Eubacteriales,Clostridiaceae,Clostridium
GCF_033128185.1,NZ_AP026813.1,138965,Plasmid,1,0,0,0,0,0,0,0,0,0,0,0,0,0,0,0,0,0,1,0,0,0,0,,Bacillota,Clostridia,Eubacteriales,Clostridiaceae,Clostridium
GCF_037496145.1,NZ_CP148616.1,40882,Plasmid,2,0,1,0,0,0,0,0,0,0,0,0,0,0,0,0,0,0,0,0,0,0,1,,Bacillota,Clostridia,Eubacteriales,Clostridiaceae,Clostridium
GCF_037498835.1,NZ_CP148627.1,41832,Plasmid,2,0,1,0,0,0,0,0,0,0,0,0,0,0,0,0,0,0,0,0,0,0,1,,Bacillota,Clostridia,Eubacteriales,Clostridiaceae,Clostridium
GCF_037517435.1,NZ_CP148707.1,40814,Plasmid,2,0,1,0,0,0,0,0,0,0,0,0,0,0,0,0,0,0,0,0,0,0,1,,Bacillota,Clostridia,Eubacteriales,Clostridiaceae,Clostridium
GCF_037522945.1,NZ_CP148728.1,40614,Plasmid,2,0,1,0,0,0,0,0,0,0,0,0,0,0,0,0,0,0,0,0,0,0,1,,Bacillota,Clostridia,Eubacteriales,Clostridiaceae,Clostridium
GCF_047150185.1,NZ_AP027085.1,41064,Plasmid,2,0,1,0,0,0,0,0,0,0,0,0,0,0,0,0,0,0,0,0,0,0,1,,Bacillota,Clostridia,Eubacteriales,Clostridiaceae,Clostridium
GCF_000009285.1,NC_005241.1,452156,Plasmid,1,0,0,0,0,0,0,0,0,0,1,0,0,0,0,0,0,0,0,0,0,0,0,,Pseudomonadota,Betaproteobacteria,Burkholderiales,Burkholderiaceae,Cupriavidus
GCF_000196015.1,NC_007974.2,2580084,Plasmid,8,2,1,0,0,0,0,0,0,0,2,2,0,0,0,0,0,0,0,0,1,0,0,,Pseudomonadota,Betaproteobacteria,Burkholderiales,Burkholderiaceae,Cupriavidus
GCF_000219215.1,NC_015727.1,1499175,Plasmid,3,0,0,0,0,0,0,0,0,0,2,1,0,0,0,0,0,0,0,0,0,0,0,,Pseudomonadota,Betaproteobacteria,Burkholderiales,Burkholderiaceae,Cupriavidus
GCF_000219215.1,NC_015724.1,424140,Plasmid,2,0,0,0,0,0,0,0,0,0,2,0,0,0,0,0,0,0,0,0,0,0,0,,Pseudomonadota,Betaproteobacteria,Burkholderiales,Burkholderiaceae,Cupriavidus
GCF_000252445.1,NC_017805.1,432699,Plasmid,1,0,0,0,0,0,0,0,0,0,0,0,0,1,0,0,0,0,0,0,0,0,0,,Deinococcota,Deinococci,Deinococcales,Deinococcaceae,Deinococcus
GCF_001277275.1,NZ_CP012254.1,110093,Plasmid,1,0,0,1,0,0,0,0,0,0,0,0,0,0,0,0,0,0,0,0,0,0,0,,Pseudomonadota,Gammaproteobacteria,Enterobacterales,Enterobacteriaceae,Cronobacter
GCF_002011925.2,NZ_CP017759.1,426602,Plasmid,2,0,0,0,0,0,0,0,0,0,2,0,0,0,0,0,0,0,0,0,0,0,0,,Pseudomonadota,Betaproteobacteria,Burkholderiales,Burkholderiaceae,Cupriavidus
GCF_002071765.2,NZ_CP078111.1,100741,Plasmid,1,0,0,1,0,0,0,0,0,0,0,0,0,0,0,0,0,0,0,0,0,0,0,,Pseudomonadota,Gammaproteobacteria,Enterobacterales,Enterobacteriaceae,Cronobacter
GCF_003234255.2,NZ_CP126255.1,545759,Plasmid,39,3,4,1,1,1,3,2,2,1,1,3,2,2,1,2,4,3,1,1,1,0,0,,Actinomycetota,Actinomycetes,Micrococcales,Microbacteriaceae,Curtobacterium
GCF_003234335.2,NZ_CP126264.1,142903,Plasmid,5,0,0,0,0,0,1,0,0,0,1,1,1,0,0,0,0,1,0,0,0,0,0,,Actinomycetota,Actinomycetes,Micrococcales,Microbacteriaceae,Curtobacterium
GCF_003234805.2,NZ_CP126274.1,607661,Plasmid,34,2,3,1,1,1,3,2,2,1,1,3,2,2,0,1,4,3,1,1,0,0,0,,Actinomycetota,Actinomycetes,Micrococcales,Microbacteriaceae,Curtobacterium
GCF_003345215.1,NZ_CP031159.1,311711,Plasmid,1,0,0,0,0,0,0,0,0,0,0,0,0,1,0,0,0,0,0,0,0,0,0,,Deinococcota,Deinococci,Deinococcales,Deinococcaceae,Deinococcus
GCF_003345215.1,NZ_CP031163.1,668667,Plasmid,1,0,0,0,0,0,0,0,0,0,0,1,0,0,0,0,0,0,0,0,0,0,0,,Deinococcota,Deinococci,Deinococcales,Deinococcaceae,Deinococcus
GCF_003402535.2,NZ_AP025172.1,1635938,Plasmid,3,0,0,0,0,0,0,0,0,0,2,1,0,0,0,0,0,0,0,0,0,0,0,,Pseudomonadota,Betaproteobacteria,Burkholderiales,Burkholderiaceae,Cupriavidus
GCF_003402535.2,NZ_AP025173.1,426976,Plasmid,1,0,0,0,0,0,0,0,0,0,1,0,0,0,0,0,0,0,0,0,0,0,0,,Pseudomonadota,Betaproteobacteria,Burkholderiales,Burkholderiaceae,Cupriavidus
GCF_003444775.1,NZ_CP021084.1,311736,Plasmid,5,0,0,0,1,1,0,1,0,1,0,0,0,0,0,1,0,0,0,0,0,0,0,,Deinococcota,Deinococci,Deinococcales,Deinococcaceae,Deinococcus
GCF_003516125.1,NZ_CP027108.1,51588,Plasmid,1,0,0,1,0,0,0,0,0,0,0,0,0,0,0,0,0,0,0,0,0,0,0,,Pseudomonadota,Gammaproteobacteria,Enterobacterales,Enterobacteriaceae,Cronobacter
GCF_003583865.2,NZ_CP182822.1,476739,Plasmid,2,0,0,0,0,0,0,0,2,0,0,0,0,0,0,0,0,0,0,0,0,0,0,,Deinococcota,Deinococci,Deinococcales,Deinococcaceae,Deinococcus
GCF_003583865.2,NZ_CP182823.1,334266,Plasmid,6,0,0,0,1,1,0,1,0,1,0,1,0,0,0,1,0,0,0,0,0,0,0,,Deinococcota,Deinococci,Deinococcales,Deinococcaceae,Deinococcus
GCF_004768545.1,NZ_CP038636.1,1192287,Plasmid,2,0,0,0,0,0,0,0,0,0,1,1,0,0,0,0,0,0,0,0,0,0,0,,Pseudomonadota,Betaproteobacteria,Burkholderiales,Burkholderiaceae,Cupriavidus
GCF_004768545.1,NZ_CP038639.1,402635,Plasmid,2,0,0,0,0,0,0,0,0,0,1,1,0,0,0,0,0,0,0,0,0,0,0,,Pseudomonadota,Betaproteobacteria,Burkholderiales,Burkholderiaceae,Cupriavidus
GCF_004798725.1,NZ_CP039289.1,452139,Plasmid,1,0,0,0,0,0,0,0,0,0,1,0,0,0,0,0,0,0,0,0,0,0,0,,Pseudomonadota,Betaproteobacteria,Burkholderiales,Burkholderiaceae,Cupriavidus
GCF_008271425.1,NZ_CP043441.1,2786414,Plasmid,6,1,1,0,0,0,0,0,0,0,2,2,0,0,0,0,0,0,0,0,0,0,0,,Pseudomonadota,Betaproteobacteria,Burkholderiales,Burkholderiaceae,Cupriavidus
GCF_008801925.2,NZ_CP062805.1,425364,Plasmid,1,0,0,0,0,0,0,0,0,0,1,0,0,0,0,0,0,0,0,0,0,0,0,,Pseudomonadota,Betaproteobacteria,Burkholderiales,Burkholderiaceae,Cupriavidus
GCF_008807855.1,NZ_CP032520.1,568815,Plasmid,1,0,0,0,0,0,0,0,0,0,1,0,0,0,0,0,0,0,0,0,0,0,0,,Pseudomonadota,Betaproteobacteria,Burkholderiales,Burkholderiaceae,Cupriavidus
GCF_009730455.1,NZ_CP046333.1,2586495,Plasmid,8,2,1,0,0,0,0,0,0,0,2,2,0,0,0,0,0,0,0,0,1,0,0,,Pseudomonadota,Betaproteobacteria,Burkholderiales,Burkholderiaceae,Cupriavidus
GCF_011067105.1,NZ_CP049358.1,323544,Plasmid,1,0,0,0,0,0,0,0,0,0,0,0,0,1,0,0,0,0,0,0,0,0,0,,Deinococcota,Deinococci,Deinococcales,Deinococcaceae,Deinococcus
GCF_013347325.1,NZ_CP054625.1,33330,Plasmid,1,0,0,0,0,0,0,0,0,0,0,1,0,0,0,0,0,0,0,0,0,0,0,,Pseudomonadota,Betaproteobacteria,Burkholderiales,Burkholderiaceae,Cupriavidus
GCF_016127575.1,NZ_CP066020.1,453477,Plasmid,1,0,0,0,0,0,0,0,0,0,1,0,0,0,0,0,0,0,0,0,0,0,0,,Pseudomonadota,Betaproteobacteria,Burkholderiales,Burkholderiaceae,Cupriavidus
GCF_016757775.1,NZ_CP068436.1,1185855,Plasmid,1,0,0,0,0,0,0,0,0,0,0,0,1,0,0,0,0,0,0,0,0,0,0,,Pseudomonadota,Betaproteobacteria,Burkholderiales,Burkholderiaceae,Cupriavidus
GCF_018223725.1,NZ_CP073678.1,1670509,Plasmid,1,0,0,0,0,0,0,0,0,0,1,0,0,0,0,0,0,0,0,0,0,0,0,,Pseudomonadota,Betaproteobacteria,Burkholderiales,Burkholderiaceae,Cupriavidus
GCF_018884085.1,NZ_CP049149.1,109716,Plasmid,1,0,0,1,0,0,0,0,0,0,0,0,0,0,0,0,0,0,0,0,0,0,0,,Pseudomonadota,Gammaproteobacteria,Enterobacterales,Enterobacteriaceae,Cronobacter
GCF_018884125.1,NZ_CP049155.1,100874,Plasmid,1,0,0,1,0,0,0,0,0,0,0,0,0,0,0,0,0,0,0,0,0,0,0,,Pseudomonadota,Gammaproteobacteria,Enterobacterales,Enterobacteriaceae,Cronobacter
GCF_018884145.1,NZ_CP049152.1,109716,Plasmid,1,0,0,1,0,0,0,0,0,0,0,0,0,0,0,0,0,0,0,0,0,0,0,,Pseudomonadota,Gammaproteobacteria,Enterobacterales,Enterobacteriaceae,Cronobacter
GCF_019602855.1,NZ_CP080768.1,237665,Plasmid,1,0,0,0,0,0,0,0,0,0,1,0,0,0,0,0,0,0,0,0,0,0,0,,Pseudomonadota,Betaproteobacteria,Burkholderiales,Burkholderiaceae,Cupriavidus
GCF_020229735.1,NZ_CP083456.1,446704,Plasmid,1,0,1,0,0,0,0,0,0,0,0,0,0,0,0,0,0,0,0,0,0,0,0,,Deinococcota,Deinococci,Deinococcales,Deinococcaceae,Deinococcus
GCF_021049325.1,NZ_CP088077.1,98179,Plasmid,1,0,0,0,0,0,0,0,0,0,0,0,0,0,0,0,0,0,0,0,1,0,0,,Actinomycetota,Actinomycetes,Micrococcales,Microbacteriaceae,Curtobacterium
GCF_022344005.1,NZ_CP092194.1,430672,Plasmid,1,1,0,0,0,0,0,0,0,0,0,0,0,0,0,0,0,0,0,0,0,0,0,,Deinococcota,Deinococci,Deinococcales,Deinococcaceae,Deinococcus
GCF_022406855.1,NZ_CP016951.1,578456,Plasmid,1,0,0,0,0,0,0,0,0,0,1,0,0,0,0,0,0,0,0,0,0,0,0,,Pseudomonadota,Betaproteobacteria,Burkholderiales,Burkholderiaceae,Cupriavidus
GCF_023370075.1,NZ_CP097152.1,541487,Plasmid,5,0,0,0,1,1,0,1,0,1,0,0,0,0,0,1,0,0,0,0,0,0,0,,Deinococcota,Deinococci,Deinococcales,Deinococcaceae,Deinococcus
GCF_023370075.1,NZ_CP097151.1,561215,Plasmid,10,0,2,1,0,0,0,0,2,0,1,0,1,1,0,0,0,1,0,0,0,0,1,,Deinococcota,Deinococci,Deinococcales,Deinococcaceae,Deinococcus
GCF_030178475.1,NZ_CP126587.1,11528,Plasmid,1,0,0,0,0,0,0,0,0,0,0,0,0,1,0,0,0,0,0,0,0,0,0,,Actinomycetota,Actinomycetes,Micrococcales,Microbacteriaceae,Curtobacterium
GCF_031213335.1,NZ_CP123203.1,110391,Plasmid,1,0,0,1,0,0,0,0,0,0,0,0,0,0,0,0,0,0,0,0,0,0,0,,Pseudomonadota,Gammaproteobacteria,Enterobacterales,Enterobacteriaceae,Cronobacter
GCF_035658535.1,NZ_CP141994.1,110326,Plasmid,1,0,0,1,0,0,0,0,0,0,0,0,0,0,0,0,0,0,0,0,0,0,0,,Pseudomonadota,Gammaproteobacteria,Enterobacterales,Enterobacteriaceae,Cronobacter
GCF_040256395.1,NZ_CP158300.1,449785,Plasmid,2,0,0,0,1,0,0,0,0,0,0,1,0,0,0,0,0,0,0,0,0,0,0,,Deinococcota,Deinococci,Deinococcales,Deinococcaceae,Deinococcus
GCF_040256395.1,NZ_CP158298.1,437185,Plasmid,4,0,0,0,0,0,0,1,0,0,0,1,0,0,1,0,0,0,0,1,0,0,0,,Deinococcota,Deinococci,Deinococcales,Deinococcaceae,Deinococcus
GCF_040784895.1,NZ_CP088084.1,2784676,Plasmid,9,2,1,1,0,0,0,0,1,0,2,1,0,0,0,0,0,1,0,0,0,0,0,,Pseudomonadota,Betaproteobacteria,Burkholderiales,Burkholderiaceae,Cupriavidus
GCF_040784895.1,NZ_CP088085.1,847469,Plasmid,3,0,0,0,0,0,0,0,1,0,2,0,0,0,0,0,0,0,0,0,0,0,0,,Pseudomonadota,Betaproteobacteria,Burkholderiales,Burkholderiaceae,Cupriavidus
GCF_045784255.1,NZ_CP129416.1,731747,Plasmid,9,0,1,0,0,1,2,1,0,1,0,0,0,1,1,1,0,0,0,0,0,0,0,,Deinococcota,Deinococci,Deinococcales,Deinococcaceae,Deinococcus
GCF_045784255.1,NZ_CP129420.1,144095,Plasmid,4,0,0,0,0,1,0,1,0,1,0,0,0,0,1,0,0,0,0,0,0,0,0,,Deinococcota,Deinococci,Deinococcales,Deinococcaceae,Deinococcus
GCF_047782505.1,NZ_CP163417.1,725161,Plasmid,1,0,0,0,0,0,0,0,0,0,1,0,0,0,0,0,0,0,0,0,0,0,0,,Pseudomonadota,Betaproteobacteria,Burkholderiales,Burkholderiaceae,Cupriavidus
GCF_050271075.1,NZ_CP189847.1,644978,Plasmid,2,0,0,0,0,0,0,0,0,0,2,0,0,0,0,0,0,0,0,0,0,0,0,,Pseudomonadota,Betaproteobacteria,Burkholderiales,Burkholderiaceae,Cupriavidus
GCF_919654025.1,NZ_OV024759.1,412465,Plasmid,1,0,0,0,0,0,0,0,0,0,0,0,0,1,0,0,0,0,0,0,0,0,0,,Deinococcota,Deinococci,Deinococcales,Deinococcaceae,Deinococcus
GCF_000025565.1,NC_014107.1,199562,Plasmid,1,0,0,0,0,0,0,0,0,0,0,0,0,0,0,0,0,0,0,0,0,0,1,,Pseudomonadota,Gammaproteobacteria,Enterobacterales,Enterobacteriaceae,Enterobacter
GCF_000513895.2,NZ_CP165783.1,1701392,Plasmid,1,0,0,0,0,0,0,0,0,0,0,0,0,0,0,0,0,0,0,0,0,1,0,,Pseudomonadota,Alphaproteobacteria,Hyphomicrobiales,Rhizobiaceae,Ensifer
GCF_000697965.2,NZ_CP015881.1,1736943,Plasmid,4,1,0,0,0,0,0,0,0,0,1,0,0,1,0,0,0,0,0,0,0,1,0,,Pseudomonadota,Alphaproteobacteria,Hyphomicrobiales,Rhizobiaceae,Ensifer
GCF_000697965.2,NZ_CP015882.1,1459374,Plasmid,3,1,0,0,0,0,0,0,0,0,1,0,0,1,0,0,0,0,0,0,0,0,0,,Pseudomonadota,Alphaproteobacteria,Hyphomicrobiales,Rhizobiaceae,Ensifer
GCF_001521715.1,NZ_CP011865.1,13716,Plasmid,1,0,0,0,0,0,0,0,0,0,0,0,0,0,0,1,0,0,0,0,0,0,0,,Pseudomonadota,Gammaproteobacteria,Enterobacterales,Enterobacteriaceae,Enterobacter
GCF_003264955.1,NZ_CP030077.1,170955,Plasmid,1,0,0,0,0,0,0,0,0,0,0,0,0,0,0,0,0,0,0,0,0,0,1,,Pseudomonadota,Gammaproteobacteria,Enterobacterales,Enterobacteriaceae,Enterobacter
GCF_003264955.1,NZ_CP030078.1,108358,Plasmid,1,0,0,1,0,0,0,0,0,0,0,0,0,0,0,0,0,0,0,0,0,0,0,,Pseudomonadota,Gammaproteobacteria,Enterobacterales,Enterobacteriaceae,Enterobacter
GCF_003428425.1,NZ_CP031722.1,114700,Plasmid,1,0,0,1,0,0,0,0,0,0,0,0,0,0,0,0,0,0,0,0,0,0,0,,Pseudomonadota,Gammaproteobacteria,Enterobacterales,Enterobacteriaceae,Enterobacter
GCF_003428425.1,NZ_CP031723.1,88009,Plasmid,1,0,0,0,0,0,0,0,0,0,0,0,0,0,0,0,0,0,0,0,0,0,1,,Pseudomonadota,Gammaproteobacteria,Enterobacterales,Enterobacteriaceae,Enterobacter
GCF_003444755.1,NZ_CP019891.1,112190,Plasmid,1,0,0,1,0,0,0,0,0,0,0,0,0,0,0,0,0,0,0,0,0,0,0,,Pseudomonadota,Gammaproteobacteria,Enterobacterales,Enterobacteriaceae,Enterobacter
GCF_008931325.1,NZ_CP042567.1,150626,Plasmid,1,0,0,0,0,0,0,0,0,0,0,0,0,0,0,0,0,0,0,0,0,0,1,,Pseudomonadota,Gammaproteobacteria,Enterobacterales,Enterobacteriaceae,Enterobacter
GCF_008931525.1,NZ_CP042573.1,114054,Plasmid,1,0,0,1,0,0,0,0,0,0,0,0,0,0,0,0,0,0,0,0,0,0,0,,Pseudomonadota,Gammaproteobacteria,Enterobacterales,Enterobacteriaceae,Enterobacter
GCF_008931585.1,NZ_CP042541.1,155361,Plasmid,1,0,0,0,0,0,0,0,0,0,0,0,0,0,0,0,0,0,0,0,0,0,1,,Pseudomonadota,Gammaproteobacteria,Enterobacterales,Enterobacteriaceae,Enterobacter
GCF_009728975.1,NZ_CP046272.1,114701,Plasmid,1,0,0,1,0,0,0,0,0,0,0,0,0,0,0,0,0,0,0,0,0,0,0,,Pseudomonadota,Gammaproteobacteria,Enterobacterales,Enterobacteriaceae,Enterobacter
GCF_009728975.1,NZ_CP046273.1,67220,Plasmid,1,0,0,0,0,0,0,0,0,0,0,0,0,0,0,0,0,0,0,0,0,0,1,,Pseudomonadota,Gammaproteobacteria,Enterobacterales,Enterobacteriaceae,Enterobacter
GCF_009883655.1,NZ_CP030263.1,1790007,Plasmid,4,1,0,0,0,0,0,0,0,0,1,0,0,1,0,0,0,0,0,0,0,1,0,,Pseudomonadota,Alphaproteobacteria,Hyphomicrobiales,Rhizobiaceae,Ensifer
GCF_009883655.1,NZ_CP030264.1,1583018,Plasmid,3,1,0,0,0,0,0,0,0,0,1,0,0,1,0,0,0,0,0,0,0,0,0,,Pseudomonadota,Alphaproteobacteria,Hyphomicrobiales,Rhizobiaceae,Ensifer
GCF_012562255.1,NZ_CP051133.1,108999,Plasmid,1,0,0,1,0,0,0,0,0,0,0,0,0,0,0,0,0,0,0,0,0,0,0,,Pseudomonadota,Gammaproteobacteria,Enterobacterales,Enterobacteriaceae,Enterobacter
GCF_012975085.1,NZ_CP044336.1,126563,Plasmid,1,0,0,1,0,0,0,0,0,0,0,0,0,0,0,0,0,0,0,0,0,0,0,,Pseudomonadota,Gammaproteobacteria,Enterobacterales,Enterobacteriaceae,Enterobacter
GCF_013046845.1,NZ_CP053193.1,108277,Plasmid,1,0,0,1,0,0,0,0,0,0,0,0,0,0,0,0,0,0,0,0,0,0,0,,Pseudomonadota,Gammaproteobacteria,Enterobacterales,Enterobacteriaceae,Enterobacter
GCF_013376815.1,NZ_CP056777.1,199561,Plasmid,1,0,0,0,0,0,0,0,0,0,0,0,0,0,0,0,0,0,0,0,0,0,1,,Pseudomonadota,Gammaproteobacteria,Enterobacterales,Enterobacteriaceae,Enterobacter
GCF_013731155.1,NZ_CP056156.1,361638,Plasmid,6,1,1,0,2,0,0,0,0,0,1,0,0,0,0,0,0,1,0,0,0,0,0,,Pseudomonadota,Gammaproteobacteria,Enterobacterales,Enterobacteriaceae,Enterobacter
GCF_014771415.1,NZ_CP061745.1,106755,Plasmid,1,0,0,1,0,0,0,0,0,0,0,0,0,0,0,0,0,0,0,0,0,0,0,,Pseudomonadota,Gammaproteobacteria,Enterobacterales,Enterobacteriaceae,Enterobacter
GCF_015238615.1,NZ_CP047967.1,110177,Plasmid,1,0,0,1,0,0,0,0,0,0,0,0,0,0,0,0,0,0,0,0,0,0,0,,Pseudomonadota,Gammaproteobacteria,Enterobacterales,Enterobacteriaceae,Enterobacter
GCF_015535055.1,NZ_CP064658.1,106771,Plasmid,1,0,0,1,0,0,0,0,0,0,0,0,0,0,0,0,0,0,0,0,0,0,0,,Pseudomonadota,Gammaproteobacteria,Enterobacterales,Enterobacteriaceae,Enterobacter
GCF_015535055.1,NZ_CP064659.1,90483,Plasmid,1,0,0,0,0,0,0,0,0,0,0,0,0,0,0,0,0,0,0,0,0,0,1,,Pseudomonadota,Gammaproteobacteria,Enterobacterales,Enterobacteriaceae,Enterobacter
GCF_015910385.1,NZ_CP047766.1,178304,Plasmid,1,0,0,0,0,0,0,0,0,0,0,0,0,0,0,0,0,0,0,0,0,0,1,,Pseudomonadota,Gammaproteobacteria,Enterobacterales,Enterobacteriaceae,Enterobacter
GCF_016919405.1,NZ_CP070352.1,1791989,Plasmid,4,1,0,0,0,0,0,0,0,0,1,0,0,1,0,0,0,0,0,0,0,1,0,,Pseudomonadota,Alphaproteobacteria,Hyphomicrobiales,Rhizobiaceae,Ensifer
GCF_016919405.1,NZ_CP070354.1,833710,Plasmid,3,1,0,0,0,0,0,0,0,0,1,0,0,1,0,0,0,0,0,0,0,0,0,,Pseudomonadota,Alphaproteobacteria,Hyphomicrobiales,Rhizobiaceae,Ensifer
GCF_017161605.1,NZ_CP071010.1,337179,Plasmid,5,0,4,0,0,0,0,0,0,0,0,0,0,0,0,0,1,0,0,0,0,0,0,,Pseudomonadota,Gammaproteobacteria,Enterobacterales,Enterobacteriaceae,Enterobacter
GCF_017310485.1,NZ_CP064114.1,119573,Plasmid,1,0,0,1,0,0,0,0,0,0,0,0,0,0,0,0,0,0,0,0,0,0,0,,Pseudomonadota,Gammaproteobacteria,Enterobacterales,Enterobacteriaceae,Enterobacter
GCF_017310485.1,NZ_CP064116.1,79219,Plasmid,1,0,0,0,0,0,0,0,0,0,0,0,0,0,0,0,0,0,0,0,0,0,1,,Pseudomonadota,Gammaproteobacteria,Enterobacterales,Enterobacteriaceae,Enterobacter
GCF_017488845.2,NZ_CP083374.1,946878,Plasmid,5,1,0,0,0,0,0,0,0,0,1,0,0,2,0,0,0,0,0,0,0,0,1,,Pseudomonadota,Alphaproteobacteria,Hyphomicrobiales,Rhizobiaceae,Ensifer
GCF_017488845.2,NZ_CP083371.1,1913930,Plasmid,5,1,0,0,0,0,0,0,0,0,1,0,0,2,0,0,0,0,0,0,0,1,0,,Pseudomonadota,Alphaproteobacteria,Hyphomicrobiales,Rhizobiaceae,Ensifer
GCF_019047105.1,NZ_CP077212.1,199566,Plasmid,1,0,0,0,0,0,0,0,0,0,0,0,0,0,0,0,0,0,0,0,0,0,1,,Pseudomonadota,Gammaproteobacteria,Enterobacterales,Enterobacteriaceae,Enterobacter
GCF_019048245.1,NZ_CP077309.1,606597,Plasmid,13,2,1,0,1,0,0,1,0,1,2,1,0,0,0,2,0,0,1,0,0,1,0,,Pseudomonadota,Gammaproteobacteria,Enterobacterales,Enterobacteriaceae,Enterobacter
GCF_019048245.1,NZ_CP077310.1,111400,Plasmid,1,0,0,1,0,0,0,0,0,0,0,0,0,0,0,0,0,0,0,0,0,0,0,,Pseudomonadota,Gammaproteobacteria,Enterobacterales,Enterobacteriaceae,Enterobacter
GCF_019537295.1,NZ_JAIEUG010000003.1,114700,Plasmid,1,0,0,1,0,0,0,0,0,0,0,0,0,0,0,0,0,0,0,0,0,0,0,,Pseudomonadota,Gammaproteobacteria,Enterobacterales,Enterobacteriaceae,Enterobacter
GCF_020035495.1,NZ_CP083345.1,735984,Plasmid,3,0,0,0,0,0,0,0,0,0,1,1,0,0,0,0,0,0,0,0,0,1,0,,Pseudomonadota,Alphaproteobacteria,Hyphomicrobiales,Rhizobiaceae,Ensifer
GCF_020035515.1,NZ_CP083348.1,735984,Plasmid,3,0,0,0,0,0,0,0,0,0,1,1,0,0,0,0,0,0,0,0,0,1,0,,Pseudomonadota,Alphaproteobacteria,Hyphomicrobiales,Rhizobiaceae,Ensifer
GCF_020035535.1,NZ_CP083351.1,735709,Plasmid,3,0,0,0,0,0,0,0,0,0,1,1,0,0,0,0,0,0,0,0,0,1,0,,Pseudomonadota,Alphaproteobacteria,Hyphomicrobiales,Rhizobiaceae,Ensifer
GCF_020405145.1,NZ_CP084487.1,1681071,Plasmid,4,1,0,0,0,0,0,0,0,0,1,0,0,1,0,0,0,0,0,0,0,1,0,,Pseudomonadota,Alphaproteobacteria,Hyphomicrobiales,Rhizobiaceae,Ensifer
GCF_020405145.1,NZ_CP084488.1,1568420,Plasmid,3,1,0,0,0,0,0,0,0,0,1,0,0,1,0,0,0,0,0,0,0,0,0,,Pseudomonadota,Alphaproteobacteria,Hyphomicrobiales,Rhizobiaceae,Ensifer
GCF_020695365.1,NZ_CP085744.1,90803,Plasmid,2,0,0,0,0,0,0,0,0,0,1,0,0,1,0,0,0,0,0,0,0,0,0,,Pseudomonadota,Gammaproteobacteria,Enterobacterales,Enterobacteriaceae,Enterobacter
GCF_020695365.1,NZ_CP085746.1,159360,Plasmid,1,0,0,0,0,0,0,0,0,0,0,0,0,0,0,0,0,0,0,0,0,0,1,,Pseudomonadota,Gammaproteobacteria,Enterobacterales,Enterobacteriaceae,Enterobacter
GCF_020695605.1,NZ_CP085763.1,171616,Plasmid,1,0,0,0,0,0,0,0,0,0,0,0,0,0,0,0,0,0,0,0,0,0,1,,Pseudomonadota,Gammaproteobacteria,Enterobacterales,Enterobacteriaceae,Enterobacter
GCF_020695725.1,NZ_CP085784.1,37398,Plasmid,1,0,0,0,0,0,0,0,0,0,0,0,0,0,0,0,0,0,0,0,0,0,1,,Pseudomonadota,Gammaproteobacteria,Enterobacterales,Enterobacteriaceae,Enterobacter
GCF_021397695.1,NZ_CP090147.1,120041,Plasmid,1,0,0,1,0,0,0,0,0,0,0,0,0,0,0,0,0,0,0,0,0,0,0,,Pseudomonadota,Gammaproteobacteria,Enterobacterales,Enterobacteriaceae,Enterobacter
GCF_021398115.1,NZ_CP090193.1,114684,Plasmid,1,0,0,1,0,0,0,0,0,0,0,0,0,0,0,0,0,0,0,0,0,0,0,,Pseudomonadota,Gammaproteobacteria,Enterobacterales,Enterobacteriaceae,Enterobacter
GCF_021496135.1,NZ_CP090910.1,148434,Plasmid,1,0,0,0,0,0,0,0,0,0,0,0,0,0,0,0,0,0,0,0,0,0,1,,Pseudomonadota,Gammaproteobacteria,Enterobacterales,Enterobacteriaceae,Enterobacter
GCF_021869645.1,NZ_CP091495.1,85391,Plasmid,2,0,1,1,0,0,0,0,0,0,0,0,0,0,0,0,0,0,0,0,0,0,0,,Pseudomonadota,Gammaproteobacteria,Enterobacterales,Enterobacteriaceae,Enterobacter
GCF_021869665.1,NZ_CP091490.1,107172,Plasmid,1,0,0,1,0,0,0,0,0,0,0,0,0,0,0,0,0,0,0,0,0,0,0,,Pseudomonadota,Gammaproteobacteria,Enterobacterales,Enterobacteriaceae,Enterobacter
GCF_022220405.1,NZ_CP092043.1,110606,Plasmid,2,0,0,1,0,0,0,0,0,0,0,0,0,0,0,0,1,0,0,0,0,0,0,,Pseudomonadota,Gammaproteobacteria,Enterobacterales,Enterobacteriaceae,Enterobacter
GCF_023547485.1,NZ_CP053644.1,114699,Plasmid,1,0,0,1,0,0,0,0,0,0,0,0,0,0,0,0,0,0,0,0,0,0,0,,Pseudomonadota,Gammaproteobacteria,Enterobacterales,Enterobacteriaceae,Enterobacter
GCF_023547485.1,NZ_CP053648.1,79223,Plasmid,1,0,0,0,0,0,0,0,0,0,0,0,0,0,0,0,0,0,0,0,0,0,1,,Pseudomonadota,Gammaproteobacteria,Enterobacterales,Enterobacteriaceae,Enterobacter
GCF_023734795.1,NZ_AP025766.1,119426,Plasmid,1,0,0,1,0,0,0,0,0,0,0,0,0,0,0,0,0,0,0,0,0,0,0,,Pseudomonadota,Gammaproteobacteria,Enterobacterales,Enterobacteriaceae,Enterobacter
GCF_023734835.1,NZ_AP025771.1,112488,Plasmid,1,0,0,1,0,0,0,0,0,0,0,0,0,0,0,0,0,0,0,0,0,0,0,,Pseudomonadota,Gammaproteobacteria,Enterobacterales,Enterobacteriaceae,Enterobacter
GCF_023734815.1,NZ_AP025769.1,119425,Plasmid,1,0,0,1,0,0,0,0,0,0,0,0,0,0,0,0,0,0,0,0,0,0,0,,Pseudomonadota,Gammaproteobacteria,Enterobacterales,Enterobacteriaceae,Enterobacter
GCF_023734875.1,NZ_AP025776.1,120254,Plasmid,1,0,0,1,0,0,0,0,0,0,0,0,0,0,0,0,0,0,0,0,0,0,0,,Pseudomonadota,Gammaproteobacteria,Enterobacterales,Enterobacteriaceae,Enterobacter
GCF_023734895.1,NZ_AP025779.1,112494,Plasmid,1,0,0,1,0,0,0,0,0,0,0,0,0,0,0,0,0,0,0,0,0,0,0,,Pseudomonadota,Gammaproteobacteria,Enterobacterales,Enterobacteriaceae,Enterobacter
GCF_023735015.1,NZ_AP025794.1,112496,Plasmid,1,0,0,1,0,0,0,0,0,0,0,0,0,0,0,0,0,0,0,0,0,0,0,,Pseudomonadota,Gammaproteobacteria,Enterobacterales,Enterobacteriaceae,Enterobacter
GCF_023735195.1,NZ_AP025806.1,115150,Plasmid,1,0,0,1,0,0,0,0,0,0,0,0,0,0,0,0,0,0,0,0,0,0,0,,Pseudomonadota,Gammaproteobacteria,Enterobacterales,Enterobacteriaceae,Enterobacter
GCF_023735255.1,NZ_AP025814.1,119411,Plasmid,1,0,0,1,0,0,0,0,0,0,0,0,0,0,0,0,0,0,0,0,0,0,0,,Pseudomonadota,Gammaproteobacteria,Enterobacterales,Enterobacteriaceae,Enterobacter
GCF_023735315.1,NZ_AP025823.1,115143,Plasmid,1,0,0,1,0,0,0,0,0,0,0,0,0,0,0,0,0,0,0,0,0,0,0,,Pseudomonadota,Gammaproteobacteria,Enterobacterales,Enterobacteriaceae,Enterobacter
GCF_023735335.1,NZ_AP025825.1,112484,Plasmid,1,0,0,1,0,0,0,0,0,0,0,0,0,0,0,0,0,0,0,0,0,0,0,,Pseudomonadota,Gammaproteobacteria,Enterobacterales,Enterobacteriaceae,Enterobacter
GCF_023735355.1,NZ_AP025829.1,112496,Plasmid,1,0,0,1,0,0,0,0,0,0,0,0,0,0,0,0,0,0,0,0,0,0,0,,Pseudomonadota,Gammaproteobacteria,Enterobacterales,Enterobacteriaceae,Enterobacter
GCF_023735375.1,NZ_AP025832.1,113823,Plasmid,1,0,0,1,0,0,0,0,0,0,0,0,0,0,0,0,0,0,0,0,0,0,0,,Pseudomonadota,Gammaproteobacteria,Enterobacterales,Enterobacteriaceae,Enterobacter
GCF_023735395.1,NZ_AP025835.1,112496,Plasmid,1,0,0,1,0,0,0,0,0,0,0,0,0,0,0,0,0,0,0,0,0,0,0,,Pseudomonadota,Gammaproteobacteria,Enterobacterales,Enterobacteriaceae,Enterobacter
GCF_023735435.1,NZ_AP025841.1,113823,Plasmid,1,0,0,1,0,0,0,0,0,0,0,0,0,0,0,0,0,0,0,0,0,0,0,,Pseudomonadota,Gammaproteobacteria,Enterobacterales,Enterobacteriaceae,Enterobacter
GCF_023821965.1,NZ_CP098808.1,1753114,Plasmid,4,1,0,0,0,0,0,0,0,0,1,0,0,1,0,0,0,0,0,0,0,1,0,,Pseudomonadota,Alphaproteobacteria,Hyphomicrobiales,Rhizobiaceae,Ensifer
GCF_023821965.1,NZ_CP098809.1,1701077,Plasmid,4,1,0,0,0,0,0,0,0,0,2,0,0,1,0,0,0,0,0,0,0,0,0,,Pseudomonadota,Alphaproteobacteria,Hyphomicrobiales,Rhizobiaceae,Ensifer
GCF_024380055.1,NZ_CP101518.1,1781172,Plasmid,4,1,0,0,0,0,0,0,0,0,1,0,0,1,0,0,0,0,0,0,0,1,0,,Pseudomonadota,Alphaproteobacteria,Hyphomicrobiales,Rhizobiaceae,Ensifer
GCF_024380055.1,NZ_CP101519.1,1586769,Plasmid,3,1,0,0,0,0,0,0,0,0,1,0,0,1,0,0,0,0,0,0,0,0,0,,Pseudomonadota,Alphaproteobacteria,Hyphomicrobiales,Rhizobiaceae,Ensifer
GCF_024917675.1,NZ_CP103753.1,107862,Plasmid,1,0,0,1,0,0,0,0,0,0,0,0,0,0,0,0,0,0,0,0,0,0,0,,Pseudomonadota,Gammaproteobacteria,Enterobacterales,Enterobacteriaceae,Enterobacter
GCF_028993555.1,NZ_CP118611.1,2779603,Plasmid,6,2,0,0,0,0,0,0,0,0,2,0,0,1,0,0,0,0,0,0,0,1,0,,Pseudomonadota,Alphaproteobacteria,Hyphomicrobiales,Rhizobiaceae,Ensifer
GCF_028993555.1,NZ_CP118612.1,623840,Plasmid,2,0,0,0,0,0,0,0,0,0,2,0,0,0,0,0,0,0,0,0,0,0,0,,Pseudomonadota,Alphaproteobacteria,Hyphomicrobiales,Rhizobiaceae,Ensifer
GCF_029674665.1,NZ_CP121309.1,1736931,Plasmid,4,1,0,0,0,0,0,0,0,0,1,0,0,1,0,0,0,0,0,0,0,1,0,,Pseudomonadota,Alphaproteobacteria,Hyphomicrobiales,Rhizobiaceae,Ensifer
GCF_029674665.1,NZ_CP121310.1,1459375,Plasmid,3,1,0,0,0,0,0,0,0,0,1,0,0,1,0,0,0,0,0,0,0,0,0,,Pseudomonadota,Alphaproteobacteria,Hyphomicrobiales,Rhizobiaceae,Ensifer
GCF_030444575.1,NZ_CP129515.1,138894,Plasmid,1,0,0,0,0,0,0,0,0,0,1,0,0,0,0,0,0,0,0,0,0,0,0,,Pseudomonadota,Gammaproteobacteria,Enterobacterales,Enterobacteriaceae,Enterobacter
GCF_041729625.1,NZ_CP168398.1,2274007,Plasmid,2,0,0,0,0,0,0,0,0,0,0,0,1,0,0,0,0,0,0,0,0,1,0,,Pseudomonadota,Alphaproteobacteria,Hyphomicrobiales,Rhizobiaceae,Ensifer
GCF_042377965.1,NZ_CP170159.1,1003692,Plasmid,3,1,0,0,0,0,0,0,0,0,1,0,0,1,0,0,0,0,0,0,0,0,0,,Pseudomonadota,Alphaproteobacteria,Hyphomicrobiales,Rhizobiaceae,Ensifer
GCF_047119245.1,NZ_CP130601.1,151237,Plasmid,1,0,0,0,0,0,0,0,0,0,0,0,0,0,0,0,0,0,0,0,0,0,1,,Pseudomonadota,Gammaproteobacteria,Enterobacterales,Enterobacteriaceae,Enterobacter
GCF_049905105.1,NZ_CP184571.1,788500,Plasmid,3,0,0,0,0,0,0,0,0,0,2,0,0,0,0,0,0,0,0,0,0,0,1,,Pseudomonadota,Alphaproteobacteria,Hyphomicrobiales,Rhizobiaceae,Ensifer
GCF_049913305.1,NZ_CP184368.1,174491,Plasmid,1,0,0,0,0,0,0,0,0,0,1,0,0,0,0,0,0,0,0,0,0,0,0,,Pseudomonadota,Alphaproteobacteria,Hyphomicrobiales,Rhizobiaceae,Ensifer
GCF_000807425.2,NZ_CP012169.1,210894,Plasmid,1,0,0,0,0,0,0,0,0,0,0,0,0,0,0,0,0,0,0,0,0,0,1,,Pseudomonadota,Gammaproteobacteria,Enterobacterales,Enterobacteriaceae,Enterobacter
GCF_000814225.1,NZ_CP010386.1,121660,Plasmid,1,0,0,1,0,0,0,0,0,0,0,0,0,0,0,0,0,0,0,0,0,0,0,,Pseudomonadota,Gammaproteobacteria,Enterobacterales,Enterobacteriaceae,Enterobacter
GCF_001750725.1,NZ_CP017280.1,95331,Plasmid,10,2,1,0,1,0,0,0,0,1,2,1,0,0,0,1,0,0,1,0,0,0,0,,Pseudomonadota,Gammaproteobacteria,Enterobacterales,Enterobacteriaceae,Enterobacter
GCF_003382725.1,NZ_CP029247.1,108404,Plasmid,1,0,0,1,0,0,0,0,0,0,0,0,0,0,0,0,0,0,0,0,0,0,0,,Pseudomonadota,Gammaproteobacteria,Enterobacterales,Enterobacteriaceae,Enterobacter
GCF_003586025.1,NZ_CP024909.1,108404,Plasmid,1,0,0,1,0,0,0,0,0,0,0,0,0,0,0,0,0,0,0,0,0,0,0,,Pseudomonadota,Gammaproteobacteria,Enterobacterales,Enterobacteriaceae,Enterobacter
GCF_003665375.1,NZ_CP032893.1,156442,Plasmid,1,0,0,0,0,0,0,0,0,0,0,0,0,0,0,0,0,0,0,0,0,0,1,,Pseudomonadota,Gammaproteobacteria,Enterobacterales,Enterobacteriaceae,Enterobacter
GCF_010319625.1,NZ_AP019819.1,115150,Plasmid,1,0,0,1,0,0,0,0,0,0,0,0,0,0,0,0,0,0,0,0,0,0,0,,Pseudomonadota,Gammaproteobacteria,Enterobacterales,Enterobacteriaceae,Enterobacter
GCF_013376835.1,NZ_CP056782.1,87983,Plasmid,1,0,0,0,0,0,0,0,0,0,0,0,0,0,0,0,0,0,0,0,0,0,1,,Pseudomonadota,Gammaproteobacteria,Enterobacterales,Enterobacteriaceae,Enterobacter
GCF_015136055.1,NZ_AP022453.1,109813,Plasmid,1,0,0,1,0,0,0,0,0,0,0,0,0,0,0,0,0,0,0,0,0,0,0,,Pseudomonadota,Gammaproteobacteria,Enterobacterales,Enterobacteriaceae,Enterobacter
GCF_015136315.1,NZ_AP022466.1,324199,Plasmid,1,0,1,0,0,0,0,0,0,0,0,0,0,0,0,0,0,0,0,0,0,0,0,,Pseudomonadota,Gammaproteobacteria,Enterobacterales,Enterobacteriaceae,Enterobacter
GCF_018075245.1,NZ_CP072972.1,116629,Plasmid,1,0,0,1,0,0,0,0,0,0,0,0,0,0,0,0,0,0,0,0,0,0,0,,Pseudomonadota,Gammaproteobacteria,Enterobacterales,Enterobacteriaceae,Enterobacter
GCF_019968765.1,NZ_CP074151.1,88155,Plasmid,2,0,0,0,0,0,0,0,0,0,1,0,0,1,0,0,0,0,0,0,0,0,0,,Pseudomonadota,Gammaproteobacteria,Enterobacterales,Enterobacteriaceae,Enterobacter
GCF_022376815.1,NZ_CP066555.1,134345,Plasmid,1,0,0,1,0,0,0,0,0,0,0,0,0,0,0,0,0,0,0,0,0,0,0,,Pseudomonadota,Gammaproteobacteria,Enterobacterales,Enterobacteriaceae,Enterobacter
GCF_022376815.1,NZ_CP066556.1,35441,Plasmid,1,0,0,0,0,0,0,0,0,0,1,0,0,0,0,0,0,0,0,0,0,0,0,,Pseudomonadota,Gammaproteobacteria,Enterobacterales,Enterobacteriaceae,Enterobacter
GCF_023375585.1,NZ_CP095172.1,111251,Plasmid,1,0,0,1,0,0,0,0,0,0,0,0,0,0,0,0,0,0,0,0,0,0,0,,Pseudomonadota,Gammaproteobacteria,Enterobacterales,Enterobacteriaceae,Enterobacter
GCF_023897035.1,NZ_CP053692.1,115924,Plasmid,1,0,0,1,0,0,0,0,0,0,0,0,0,0,0,0,0,0,0,0,0,0,0,,Pseudomonadota,Gammaproteobacteria,Enterobacterales,Enterobacteriaceae,Enterobacter
GCF_023897035.1,NZ_CP053696.1,79223,Plasmid,1,0,0,0,0,0,0,0,0,0,0,0,0,0,0,0,0,0,0,0,0,0,1,,Pseudomonadota,Gammaproteobacteria,Enterobacterales,Enterobacteriaceae,Enterobacter
GCF_024182005.1,NZ_AP025838.1,113823,Plasmid,1,0,0,1,0,0,0,0,0,0,0,0,0,0,0,0,0,0,0,0,0,0,0,,Pseudomonadota,Gammaproteobacteria,Enterobacterales,Enterobacteriaceae,Enterobacter
GCF_024918215.1,NZ_CP103680.1,361069,Plasmid,1,0,0,0,0,0,0,0,0,0,0,0,0,0,0,0,0,0,0,0,0,0,1,,Pseudomonadota,Gammaproteobacteria,Enterobacterales,Enterobacteriaceae,Enterobacter
GCF_024918255.1,NZ_CP103684.1,398127,Plasmid,1,0,0,0,0,0,0,0,0,0,0,0,0,0,0,0,0,0,0,0,0,0,1,,Pseudomonadota,Gammaproteobacteria,Enterobacterales,Enterobacteriaceae,Enterobacter
GCF_025311535.1,NZ_CP104402.1,110892,Plasmid,1,0,0,1,0,0,0,0,0,0,0,0,0,0,0,0,0,0,0,0,0,0,0,,Pseudomonadota,Gammaproteobacteria,Enterobacterales,Enterobacteriaceae,Enterobacter
GCF_025311555.1,NZ_CP104404.1,110885,Plasmid,1,0,0,1,0,0,0,0,0,0,0,0,0,0,0,0,0,0,0,0,0,0,0,,Pseudomonadota,Gammaproteobacteria,Enterobacterales,Enterobacteriaceae,Enterobacter
GCF_025311595.1,NZ_CP104406.1,110892,Plasmid,1,0,0,1,0,0,0,0,0,0,0,0,0,0,0,0,0,0,0,0,0,0,0,,Pseudomonadota,Gammaproteobacteria,Enterobacterales,Enterobacteriaceae,Enterobacter
GCF_026015945.1,NZ_CP110356.1,123907,Plasmid,1,0,0,1,0,0,0,0,0,0,0,0,0,0,0,0,0,0,0,0,0,0,0,,Pseudomonadota,Gammaproteobacteria,Enterobacterales,Enterobacteriaceae,Enterobacter
GCF_026109755.1,NZ_CP095277.1,107477,Plasmid,1,0,0,1,0,0,0,0,0,0,0,0,0,0,0,0,0,0,0,0,0,0,0,,Pseudomonadota,Gammaproteobacteria,Enterobacterales,Enterobacteriaceae,Enterobacter
GCF_027886505.1,NZ_CP115674.1,111387,Plasmid,1,0,0,1,0,0,0,0,0,0,0,0,0,0,0,0,0,0,0,0,0,0,0,,Pseudomonadota,Gammaproteobacteria,Enterobacterales,Enterobacteriaceae,Enterobacter
GCF_028198205.1,NZ_CP116350.1,61089,Plasmid,1,0,0,1,0,0,0,0,0,0,0,0,0,0,0,0,0,0,0,0,0,0,0,,Pseudomonadota,Gammaproteobacteria,Enterobacterales,Enterobacteriaceae,Enterobacter
GCF_028898905.1,NZ_CP118569.1,106270,Plasmid,1,0,0,1,0,0,0,0,0,0,0,0,0,0,0,0,0,0,0,0,0,0,0,,Pseudomonadota,Gammaproteobacteria,Enterobacterales,Enterobacteriaceae,Enterobacter
GCF_029069385.2,NZ_CP181509.1,122595,Plasmid,1,0,0,1,0,0,0,0,0,0,0,0,0,0,0,0,0,0,0,0,0,0,0,,Pseudomonadota,Gammaproteobacteria,Enterobacterales,Enterobacteriaceae,Enterobacter
GCF_029069865.2,NZ_CP181521.1,122595,Plasmid,1,0,0,1,0,0,0,0,0,0,0,0,0,0,0,0,0,0,0,0,0,0,0,,Pseudomonadota,Gammaproteobacteria,Enterobacterales,Enterobacteriaceae,Enterobacter
GCF_029070145.2,NZ_CP181525.1,122595,Plasmid,1,0,0,1,0,0,0,0,0,0,0,0,0,0,0,0,0,0,0,0,0,0,0,,Pseudomonadota,Gammaproteobacteria,Enterobacterales,Enterobacteriaceae,Enterobacter
GCF_029070185.2,NZ_CP181514.1,122595,Plasmid,1,0,0,1,0,0,0,0,0,0,0,0,0,0,0,0,0,0,0,0,0,0,0,,Pseudomonadota,Gammaproteobacteria,Enterobacterales,Enterobacteriaceae,Enterobacter
GCF_029075215.2,NZ_CP181501.1,123423,Plasmid,1,0,0,1,0,0,0,0,0,0,0,0,0,0,0,0,0,0,0,0,0,0,0,,Pseudomonadota,Gammaproteobacteria,Enterobacterales,Enterobacteriaceae,Enterobacter
GCF_029719585.1,NZ_CP099319.1,111406,Plasmid,1,0,0,1,0,0,0,0,0,0,0,0,0,0,0,0,0,0,0,0,0,0,0,,Pseudomonadota,Gammaproteobacteria,Enterobacterales,Enterobacteriaceae,Enterobacter
GCF_029948145.1,NZ_CP124123.1,113075,Plasmid,1,0,0,1,0,0,0,0,0,0,0,0,0,0,0,0,0,0,0,0,0,0,0,,Pseudomonadota,Gammaproteobacteria,Enterobacterales,Enterobacteriaceae,Enterobacter
GCF_030179035.1,NZ_CP109732.1,90865,Plasmid,2,0,0,0,0,0,0,0,0,0,0,1,0,1,0,0,0,0,0,0,0,0,0,,Pseudomonadota,Gammaproteobacteria,Enterobacterales,Enterobacteriaceae,Enterobacter
GCF_030413825.1,NZ_CP129251.1,217745,Plasmid,1,0,0,0,0,0,0,0,0,0,0,0,0,0,0,0,0,0,0,0,0,0,1,,Pseudomonadota,Gammaproteobacteria,Enterobacterales,Enterobacteriaceae,Enterobacter
GCF_030486465.1,NZ_CP129638.1,91528,Plasmid,1,0,0,0,0,0,0,0,0,0,0,0,0,0,0,0,0,0,0,0,0,0,1,,Pseudomonadota,Gammaproteobacteria,Enterobacterales,Enterobacteriaceae,Enterobacter
GCF_030717405.1,NZ_CP132001.1,114115,Plasmid,1,0,0,1,0,0,0,0,0,0,0,0,0,0,0,0,0,0,0,0,0,0,0,,Pseudomonadota,Gammaproteobacteria,Enterobacterales,Enterobacteriaceae,Enterobacter
GCF_030847805.1,NZ_CP126865.1,112497,Plasmid,1,0,0,1,0,0,0,0,0,0,0,0,0,0,0,0,0,0,0,0,0,0,0,,Pseudomonadota,Gammaproteobacteria,Enterobacterales,Enterobacteriaceae,Enterobacter
GCF_030847825.1,NZ_CP126871.1,58680,Plasmid,1,0,0,0,0,0,0,0,1,0,0,0,0,0,0,0,0,0,0,0,0,0,0,,Pseudomonadota,Gammaproteobacteria,Enterobacterales,Enterobacteriaceae,Enterobacter
GCF_030847825.1,NZ_CP126870.1,153892,Plasmid,1,0,0,0,0,0,0,0,0,0,0,0,0,0,0,0,0,0,0,0,0,0,1,,Pseudomonadota,Gammaproteobacteria,Enterobacterales,Enterobacteriaceae,Enterobacter
GCF_030847845.1,NZ_CP126874.1,184852,Plasmid,1,0,0,0,0,0,0,0,0,0,0,0,0,0,0,0,0,0,0,0,0,0,1,,Pseudomonadota,Gammaproteobacteria,Enterobacterales,Enterobacteriaceae,Enterobacter
GCF_030847905.1,NZ_CP126755.1,80070,Plasmid,1,0,0,0,0,0,0,0,0,0,0,0,0,0,0,0,0,0,0,0,0,0,1,,Pseudomonadota,Gammaproteobacteria,Enterobacterales,Enterobacteriaceae,Enterobacter
GCF_030847905.1,NZ_CP126754.1,143779,Plasmid,1,0,0,1,0,0,0,0,0,0,0,0,0,0,0,0,0,0,0,0,0,0,0,,Pseudomonadota,Gammaproteobacteria,Enterobacterales,Enterobacteriaceae,Enterobacter
GCF_030847925.1,NZ_CP126759.1,80070,Plasmid,1,0,0,0,0,0,0,0,0,0,0,0,0,0,0,0,0,0,0,0,0,0,1,,Pseudomonadota,Gammaproteobacteria,Enterobacterales,Enterobacteriaceae,Enterobacter
GCF_030847925.1,NZ_CP126758.1,143779,Plasmid,1,0,0,1,0,0,0,0,0,0,0,0,0,0,0,0,0,0,0,0,0,0,0,,Pseudomonadota,Gammaproteobacteria,Enterobacterales,Enterobacteriaceae,Enterobacter
GCF_030847945.1,NZ_CP126762.1,174893,Plasmid,1,0,0,0,0,0,0,0,0,0,0,0,0,0,0,0,0,0,0,0,0,0,1,,Pseudomonadota,Gammaproteobacteria,Enterobacterales,Enterobacteriaceae,Enterobacter
GCF_030847965.1,NZ_CP126768.1,174866,Plasmid,1,0,0,0,0,0,0,0,0,0,0,0,0,0,0,0,0,0,0,0,0,0,1,,Pseudomonadota,Gammaproteobacteria,Enterobacterales,Enterobacteriaceae,Enterobacter
GCF_030847985.1,NZ_CP126775.1,110856,Plasmid,1,0,0,1,0,0,0,0,0,0,0,0,0,0,0,0,0,0,0,0,0,0,0,,Pseudomonadota,Gammaproteobacteria,Enterobacterales,Enterobacteriaceae,Enterobacter
GCF_030848065.1,NZ_CP126785.1,111626,Plasmid,1,0,0,1,0,0,0,0,0,0,0,0,0,0,0,0,0,0,0,0,0,0,0,,Pseudomonadota,Gammaproteobacteria,Enterobacterales,Enterobacteriaceae,Enterobacter
GCF_030863665.1,NZ_CP114989.1,51004,Plasmid,1,0,0,0,0,0,0,0,1,0,0,0,0,0,0,0,0,0,0,0,0,0,0,,Pseudomonadota,Gammaproteobacteria,Enterobacterales,Enterobacteriaceae,Enterobacter
GCF_031165635.1,NZ_CP133340.1,108950,Plasmid,1,0,0,1,0,0,0,0,0,0,0,0,0,0,0,0,0,0,0,0,0,0,0,,Pseudomonadota,Gammaproteobacteria,Enterobacterales,Enterobacteriaceae,Enterobacter
GCF_031201845.1,NZ_CP096850.1,373329,Plasmid,1,0,0,0,0,0,0,0,0,0,0,0,0,0,0,0,0,0,0,0,0,0,1,,Pseudomonadota,Gammaproteobacteria,Enterobacterales,Enterobacteriaceae,Enterobacter
GCF_031851515.1,NZ_CP134650.1,222441,Plasmid,1,0,0,0,0,0,0,0,0,0,1,0,0,0,0,0,0,0,0,0,0,0,0,,Pseudomonadota,Gammaproteobacteria,Enterobacterales,Enterobacteriaceae,Enterobacter
GCF_031851585.1,NZ_CP134668.1,108092,Plasmid,1,0,0,1,0,0,0,0,0,0,0,0,0,0,0,0,0,0,0,0,0,0,0,,Pseudomonadota,Gammaproteobacteria,Enterobacterales,Enterobacteriaceae,Enterobacter
GCF_031851605.1,NZ_CP134672.1,108092,Plasmid,1,0,0,1,0,0,0,0,0,0,0,0,0,0,0,0,0,0,0,0,0,0,0,,Pseudomonadota,Gammaproteobacteria,Enterobacterales,Enterobacteriaceae,Enterobacter
GCF_032202905.1,NZ_CP126779.1,111626,Plasmid,1,0,0,1,0,0,0,0,0,0,0,0,0,0,0,0,0,0,0,0,0,0,0,,Pseudomonadota,Gammaproteobacteria,Enterobacterales,Enterobacteriaceae,Enterobacter
GCF_032302155.1,NZ_CP135272.1,109456,Plasmid,1,0,0,1,0,0,0,0,0,0,0,0,0,0,0,0,0,0,0,0,0,0,0,,Pseudomonadota,Gammaproteobacteria,Enterobacterales,Enterobacteriaceae,Enterobacter
GCF_038069265.1,NZ_CP156938.1,111406,Plasmid,1,0,0,1,0,0,0,0,0,0,0,0,0,0,0,0,0,0,0,0,0,0,0,,Pseudomonadota,Gammaproteobacteria,Enterobacterales,Enterobacteriaceae,Enterobacter
GCF_038418305.1,NZ_CP157757.1,208077,Plasmid,3,0,0,1,0,0,0,0,0,0,0,0,0,0,0,0,1,0,0,0,0,0,1,,Pseudomonadota,Gammaproteobacteria,Enterobacterales,Enterobacteriaceae,Enterobacter
GCF_038418305.1,NZ_CP157758.1,105076,Plasmid,1,0,0,0,0,0,0,0,0,0,0,0,0,0,0,0,0,0,0,0,0,0,1,,Pseudomonadota,Gammaproteobacteria,Enterobacterales,Enterobacteriaceae,Enterobacter
GCF_041004285.1,NZ_CP163059.1,209307,Plasmid,1,0,0,0,0,0,0,0,0,0,0,0,0,0,0,0,0,0,0,0,0,0,1,,Pseudomonadota,Gammaproteobacteria,Enterobacterales,Enterobacteriaceae,Enterobacter
GCF_041005335.1,NZ_CP163106.1,113823,Plasmid,1,0,0,1,0,0,0,0,0,0,0,0,0,0,0,0,0,0,0,0,0,0,0,,Pseudomonadota,Gammaproteobacteria,Enterobacterales,Enterobacteriaceae,Enterobacter
GCF_041378885.1,NZ_CP166902.1,115968,Plasmid,1,0,0,1,0,0,0,0,0,0,0,0,0,0,0,0,0,0,0,0,0,0,0,,Pseudomonadota,Gammaproteobacteria,Enterobacterales,Enterobacteriaceae,Enterobacter
GCF_041378885.1,NZ_CP166906.1,1154,Plasmid,13,0,1,0,1,0,0,0,1,0,1,2,1,2,0,1,1,1,0,0,1,0,0,,Pseudomonadota,Gammaproteobacteria,Enterobacterales,Enterobacteriaceae,Enterobacter
GCF_041378905.1,NZ_CP166884.1,120041,Plasmid,1,0,0,1,0,0,0,0,0,0,0,0,0,0,0,0,0,0,0,0,0,0,0,,Pseudomonadota,Gammaproteobacteria,Enterobacterales,Enterobacteriaceae,Enterobacter
GCF_041378905.1,NZ_CP166886.1,3834,Plasmid,2,0,0,0,0,0,0,0,0,0,0,0,0,0,0,0,0,0,0,0,2,0,0,,Pseudomonadota,Gammaproteobacteria,Enterobacterales,Enterobacteriaceae,Enterobacter
GCF_041378915.1,NZ_CP166889.1,124093,Plasmid,1,0,0,1,0,0,0,0,0,0,0,0,0,0,0,0,0,0,0,0,0,0,0,,Pseudomonadota,Gammaproteobacteria,Enterobacterales,Enterobacteriaceae,Enterobacter
GCF_041378925.1,NZ_CP166893.1,120041,Plasmid,1,0,0,1,0,0,0,0,0,0,0,0,0,0,0,0,0,0,0,0,0,0,0,,Pseudomonadota,Gammaproteobacteria,Enterobacterales,Enterobacteriaceae,Enterobacter
GCF_041410215.1,NZ_CP166977.1,120041,Plasmid,1,0,0,1,0,0,0,0,0,0,0,0,0,0,0,0,0,0,0,0,0,0,0,,Pseudomonadota,Gammaproteobacteria,Enterobacterales,Enterobacteriaceae,Enterobacter
GCF_042466525.1,NZ_CP151541.1,633497,Plasmid,1,0,0,0,0,0,0,0,0,0,0,0,0,0,0,0,0,0,0,0,0,1,0,,Bacillota,Bacilli,Lactobacillales,Enterococcaceae,Enterococcus
GCF_043966005.1,NZ_CP143669.1,110485,Plasmid,1,0,0,1,0,0,0,0,0,0,0,0,0,0,0,0,0,0,0,0,0,0,0,,Pseudomonadota,Gammaproteobacteria,Enterobacterales,Enterobacteriaceae,Enterobacter
GCF_043968025.1,NZ_CP143700.1,349274,Plasmid,1,0,0,1,0,0,0,0,0,0,0,0,0,0,0,0,0,0,0,0,0,0,0,,Pseudomonadota,Gammaproteobacteria,Enterobacterales,Enterobacteriaceae,Enterobacter
GCF_043969345.1,NZ_CP143709.1,121368,Plasmid,1,0,0,1,0,0,0,0,0,0,0,0,0,0,0,0,0,0,0,0,0,0,0,,Pseudomonadota,Gammaproteobacteria,Enterobacterales,Enterobacteriaceae,Enterobacter
GCF_043969365.1,NZ_CP143713.1,214319,Plasmid,1,0,0,1,0,0,0,0,0,0,0,0,0,0,0,0,0,0,0,0,0,0,0,,Pseudomonadota,Gammaproteobacteria,Enterobacterales,Enterobacteriaceae,Enterobacter
GCF_043970025.1,NZ_CP143720.1,110878,Plasmid,1,0,0,1,0,0,0,0,0,0,0,0,0,0,0,0,0,0,0,0,0,0,0,,Pseudomonadota,Gammaproteobacteria,Enterobacterales,Enterobacteriaceae,Enterobacter
GCF_043970705.1,NZ_CP143730.1,120041,Plasmid,1,0,0,1,0,0,0,0,0,0,0,0,0,0,0,0,0,0,0,0,0,0,0,,Pseudomonadota,Gammaproteobacteria,Enterobacterales,Enterobacteriaceae,Enterobacter
GCF_043972045.1,NZ_CP143742.1,120041,Plasmid,1,0,0,1,0,0,0,0,0,0,0,0,0,0,0,0,0,0,0,0,0,0,0,,Pseudomonadota,Gammaproteobacteria,Enterobacterales,Enterobacteriaceae,Enterobacter
GCF_043974645.1,NZ_CP143762.1,117958,Plasmid,1,0,0,1,0,0,0,0,0,0,0,0,0,0,0,0,0,0,0,0,0,0,0,,Pseudomonadota,Gammaproteobacteria,Enterobacterales,Enterobacteriaceae,Enterobacter
GCF_044792975.1,NZ_CP136547.1,135435,Plasmid,1,0,0,0,0,0,0,0,0,0,0,0,0,0,0,0,0,0,0,0,0,0,1,,Pseudomonadota,Gammaproteobacteria,Enterobacterales,Enterobacteriaceae,Enterobacter
GCF_044869115.1,NZ_CP173200.1,109457,Plasmid,1,0,0,1,0,0,0,0,0,0,0,0,0,0,0,0,0,0,0,0,0,0,0,,Pseudomonadota,Gammaproteobacteria,Enterobacterales,Enterobacteriaceae,Enterobacter
GCF_046569665.1,NZ_JBKHUK010000004.1,91747,Plasmid,1,0,0,0,0,0,0,0,0,0,0,0,0,0,0,1,0,0,0,0,0,0,0,,Pseudomonadota,Gammaproteobacteria,Enterobacterales,Enterobacteriaceae,Enterobacter
GCF_046569665.1,NZ_JBKHUK010000002.1,345893,Plasmid,1,0,0,0,0,0,0,0,0,0,0,0,0,0,0,0,0,0,0,0,0,0,1,,Pseudomonadota,Gammaproteobacteria,Enterobacterales,Enterobacteriaceae,Enterobacter
GCF_047302685.1,NZ_CP129991.1,106596,Plasmid,3,0,0,1,0,0,0,0,0,0,0,0,0,0,0,0,1,0,0,0,0,0,1,,Pseudomonadota,Gammaproteobacteria,Enterobacterales,Enterobacteriaceae,Enterobacter
GCF_048572805.1,NZ_CP183852.1,122200,Plasmid,1,0,0,1,0,0,0,0,0,0,0,0,0,0,0,0,0,0,0,0,0,0,0,,Pseudomonadota,Gammaproteobacteria,Enterobacterales,Enterobacteriaceae,Enterobacter
GCF_049187015.1,NZ_CP185806.1,169036,Plasmid,1,0,0,0,0,0,0,0,0,0,0,0,0,0,0,0,0,1,0,0,0,0,0,,Pseudomonadota,Gammaproteobacteria,Enterobacterales,Enterobacteriaceae,Enterobacter
GCF_050197045.1,NZ_CP181603.1,113575,Plasmid,1,0,0,0,0,0,0,0,0,0,0,0,0,0,0,0,0,0,0,0,0,0,1,,Pseudomonadota,Gammaproteobacteria,Enterobacterales,Enterobacteriaceae,Enterobacter
GCF_050199615.1,NZ_CP181622.1,113576,Plasmid,1,0,0,0,0,0,0,0,0,0,0,0,0,0,0,0,0,0,0,0,0,0,1,,Pseudomonadota,Gammaproteobacteria,Enterobacterales,Enterobacteriaceae,Enterobacter
GCF_050572375.1,NZ_CP192225.1,108680,Plasmid,1,0,0,1,0,0,0,0,0,0,0,0,0,0,0,0,0,0,0,0,0,0,0,,Pseudomonadota,Gammaproteobacteria,Enterobacterales,Enterobacteriaceae,Enterobacter
GCF_006741355.1,NZ_AP019395.1,196595,Plasmid,1,0,0,0,0,0,0,0,0,0,1,0,0,0,0,0,0,0,0,0,0,0,0,,Bacillota,Bacilli,Lactobacillales,Enterococcaceae,Enterococcus
GCF_012933245.2,NZ_CP059741.1,41241,Plasmid,3,0,0,0,0,0,0,0,0,0,2,0,1,0,0,0,0,0,0,0,0,0,0,,Bacillota,Bacilli,Lactobacillales,Enterococcaceae,Enterococcus
GCF_016126675.1,NZ_CP065930.1,70708,Plasmid,1,0,0,0,0,0,0,0,0,0,1,0,0,0,0,0,0,0,0,0,0,0,0,,Bacillota,Bacilli,Lactobacillales,Enterococcaceae,Enterococcus
GCF_018219285.1,NZ_CP064407.1,164531,Plasmid,1,0,0,0,0,0,0,0,0,0,0,1,0,0,0,0,0,0,0,0,0,0,0,,Bacillota,Bacilli,Lactobacillales,Enterococcaceae,Enterococcus
GCF_018517045.1,NZ_CP065768.1,141428,Plasmid,1,0,0,0,0,0,0,0,0,0,0,1,0,0,0,0,0,0,0,0,0,0,0,,Bacillota,Bacilli,Lactobacillales,Enterococcaceae,Enterococcus
GCF_019175445.1,NZ_CP072882.1,183270,Plasmid,1,0,0,0,0,0,0,0,0,0,1,0,0,0,0,0,0,0,0,0,0,0,0,,Bacillota,Bacilli,Lactobacillales,Enterococcaceae,Enterococcus
GCF_021484825.1,NZ_CP090559.1,77536,Plasmid,1,0,0,0,0,0,0,0,0,0,1,0,0,0,0,0,0,0,0,0,0,0,0,,Bacillota,Bacilli,Lactobacillales,Enterococcaceae,Enterococcus
GCF_022691485.1,NZ_CP092577.1,90885,Plasmid,1,0,0,0,0,0,0,0,0,0,0,0,1,0,0,0,0,0,0,0,0,0,0,,Bacillota,Bacilli,Lactobacillales,Enterococcaceae,Enterococcus
GCF_026802365.1,NZ_CP113830.1,49275,Plasmid,1,0,0,0,0,0,0,0,0,0,0,0,0,0,1,0,0,0,0,0,0,0,0,,Bacillota,Bacilli,Lactobacillales,Enterococcaceae,Enterococcus
GCF_026802385.1,NZ_CP113835.1,49275,Plasmid,1,0,0,0,0,0,0,0,0,0,0,0,0,0,1,0,0,0,0,0,0,0,0,,Bacillota,Bacilli,Lactobacillales,Enterococcaceae,Enterococcus
GCF_030020595.1,NZ_CP124907.1,79359,Plasmid,1,0,0,0,0,0,0,0,0,0,1,0,0,0,0,0,0,0,0,0,0,0,0,,Bacillota,Bacilli,Lactobacillales,Enterococcaceae,Enterococcus
GCF_036266595.1,NZ_CP142821.1,139516,Plasmid,1,0,0,0,0,0,0,0,0,0,0,0,0,0,0,0,0,1,0,0,0,0,0,,Bacillota,Bacilli,Lactobacillales,Enterococcaceae,Enterococcus
GCF_036268395.1,NZ_CP142826.1,36103,Plasmid,1,0,0,0,0,0,0,0,0,0,0,0,0,0,0,0,0,0,1,0,0,0,0,,Bacillota,Bacilli,Lactobacillales,Enterococcaceae,Enterococcus
GCF_036352215.1,NZ_CP143580.1,747526,Plasmid,29,1,3,0,2,0,0,2,3,0,3,2,2,3,1,1,3,1,1,0,1,0,0,,Bacillota,Bacilli,Lactobacillales,Enterococcaceae,Enterococcus
GCF_050506725.1,NZ_CP175284.1,79359,Plasmid,1,0,0,0,0,0,0,0,0,0,1,0,0,0,0,0,0,0,0,0,0,0,0,,Bacillota,Bacilli,Lactobacillales,Enterococcaceae,Enterococcus
GCF_050506735.1,NZ_CP175281.1,79359,Plasmid,1,0,0,0,0,0,0,0,0,0,1,0,0,0,0,0,0,0,0,0,0,0,0,,Bacillota,Bacilli,Lactobacillales,Enterococcaceae,Enterococcus
GCF_000174395.2,NC_017962.1,66247,Plasmid,2,0,0,0,0,1,0,0,0,0,0,1,0,0,0,0,0,0,0,0,0,0,0,,Bacillota,Bacilli,Lactobacillales,Enterococcaceae,Enterococcus
GCF_003343305.1,NZ_CP030933.1,919333,Plasmid,1,0,0,0,0,0,0,0,0,0,0,0,0,0,0,0,0,0,0,0,0,1,0,,Bacillota,Bacilli,Lactobacillales,Enterococcaceae,Enterococcus
GCF_005843965.1,NZ_CP040462.1,211104,Plasmid,1,0,0,0,0,0,0,0,0,0,1,0,0,0,0,0,0,0,0,0,0,0,0,,Bacillota,Bacilli,Lactobacillales,Enterococcaceae,Enterococcus
GCF_008000875.1,NZ_CP042838.1,36294,Plasmid,1,0,0,0,0,0,0,0,0,0,1,0,0,0,0,0,0,0,0,0,0,0,0,,Bacillota,Bacilli,Lactobacillales,Enterococcaceae,Enterococcus
GCF_016727125.1,NZ_CP068123.1,50346,Plasmid,1,0,0,0,0,0,0,0,0,0,0,0,0,1,0,0,0,0,0,0,0,0,0,,Bacillota,Bacilli,Lactobacillales,Enterococcaceae,Enterococcus
GCF_019175485.1,NZ_CP072889.1,1186145,Plasmid,3,0,0,0,0,0,0,0,0,0,0,0,0,0,0,0,1,0,0,0,0,1,1,,Bacillota,Bacilli,Lactobacillales,Enterococcaceae,Enterococcus
GCF_019797905.1,NZ_CP081847.1,984817,Plasmid,3,0,0,0,0,0,0,0,0,0,0,0,0,0,0,0,1,0,0,0,0,1,1,,Bacillota,Bacilli,Lactobacillales,Enterococcaceae,Enterococcus
GCF_021172105.3,NZ_CP092374.1,162186,Plasmid,1,0,0,0,0,0,0,0,0,0,0,1,0,0,0,0,0,0,0,0,0,0,0,,Bacillota,Bacilli,Lactobacillales,Enterococcaceae,Enterococcus
GCF_023299725.1,NZ_CP097023.1,142475,Plasmid,1,0,0,0,0,0,0,0,0,0,0,1,0,0,0,0,0,0,0,0,0,0,0,,Bacillota,Bacilli,Lactobacillales,Enterococcaceae,Enterococcus
GCF_025263125.1,NZ_CP078506.1,142529,Plasmid,1,0,0,0,0,0,0,0,0,0,1,0,0,0,0,0,0,0,0,0,0,0,0,,Bacillota,Bacilli,Lactobacillales,Enterococcaceae,Enterococcus
GCF_025309655.1,NZ_CP104393.1,1028198,Plasmid,4,0,0,0,0,0,0,0,0,0,1,0,0,0,0,0,1,0,0,0,0,1,1,,Bacillota,Bacilli,Lactobacillales,Enterococcaceae,Enterococcus
GCF_025402795.1,NZ_CP104765.1,1144253,Plasmid,3,0,0,0,0,0,0,0,0,0,1,0,0,0,0,0,0,0,0,0,0,1,1,,Bacillota,Bacilli,Lactobacillales,Enterococcaceae,Enterococcus
GCF_025402855.1,NZ_CP104763.1,1021776,Plasmid,4,0,0,0,0,0,0,0,0,0,1,0,0,0,0,0,1,0,0,0,0,1,1,,Bacillota,Bacilli,Lactobacillales,Enterococcaceae,Enterococcus
GCF_028335185.1,NZ_CP116511.1,484059,Plasmid,15,0,1,1,1,1,1,1,0,1,0,3,0,0,1,0,1,0,1,1,1,0,0,,Bacillota,Bacilli,Lactobacillales,Enterococcaceae,Enterococcus
GCF_028335525.1,NZ_CP116537.1,134360,Plasmid,1,0,0,0,0,0,0,0,0,0,0,1,0,0,0,0,0,0,0,0,0,0,0,,Bacillota,Bacilli,Lactobacillales,Enterococcaceae,Enterococcus
GCF_028335565.1,NZ_CP116541.1,158971,Plasmid,1,0,0,0,0,0,0,0,0,0,0,1,0,0,0,0,0,0,0,0,0,0,0,,Bacillota,Bacilli,Lactobacillales,Enterococcaceae,Enterococcus
GCF_028335605.1,NZ_CP116547.1,158971,Plasmid,1,0,0,0,0,0,0,0,0,0,0,1,0,0,0,0,0,0,0,0,0,0,0,,Bacillota,Bacilli,Lactobacillales,Enterococcaceae,Enterococcus
GCF_028335625.1,NZ_CP116550.1,160122,Plasmid,1,0,0,0,0,0,0,0,0,0,0,1,0,0,0,0,0,0,0,0,0,0,0,,Bacillota,Bacilli,Lactobacillales,Enterococcaceae,Enterococcus
GCF_030910025.2,NZ_CP175676.1,238123,Plasmid,1,0,0,0,0,0,0,0,0,0,0,1,0,0,0,0,0,0,0,0,0,0,0,,Bacillota,Bacilli,Lactobacillales,Enterococcaceae,Enterococcus
GCF_033247905.1,NZ_CP137467.1,163281,Plasmid,1,0,0,0,0,0,0,0,0,0,1,0,0,0,0,0,0,0,0,0,0,0,0,,Bacillota,Bacilli,Lactobacillales,Enterococcaceae,Enterococcus
GCF_033260105.1,NZ_CP137477.1,211495,Plasmid,1,0,0,0,0,0,0,0,0,0,1,0,0,0,0,0,0,0,0,0,0,0,0,,Bacillota,Bacilli,Lactobacillales,Enterococcaceae,Enterococcus
GCF_050310005.1,NZ_CP189994.1,455658,Plasmid,1,0,0,0,0,0,0,0,0,0,0,0,0,0,0,0,0,0,0,0,0,1,0,,Bacillota,Bacilli,Lactobacillales,Enterococcaceae,Enterococcus
GCF_050310005.1,NZ_CP189995.1,92262,Plasmid,3,0,0,0,0,0,0,0,0,0,1,0,0,1,0,0,1,0,0,0,0,0,0,,Bacillota,Bacilli,Lactobacillales,Enterococcaceae,Enterococcus
GCF_050558105.1,NZ_CP187888.1,40386,Plasmid,2,0,1,0,0,0,0,0,0,0,1,0,0,0,0,0,0,0,0,0,0,0,0,,Bacillota,Bacilli,Lactobacillales,Enterococcaceae,Enterococcus
GCF_050558525.1,NZ_CP187892.1,34513,Plasmid,1,0,0,0,0,0,0,0,0,0,0,0,1,0,0,0,0,0,0,0,0,0,0,,Bacillota,Bacilli,Lactobacillales,Enterococcaceae,Enterococcus
GCF_050559735.1,NZ_CP187899.1,737960,Plasmid,1,0,0,0,0,0,0,0,0,0,0,0,0,0,0,0,0,0,0,0,0,1,0,,Bacillota,Bacilli,Lactobacillales,Enterococcaceae,Enterococcus
GCF_050559735.1,NZ_CP187900.1,52453,Plasmid,1,0,0,0,0,0,0,0,0,0,1,0,0,0,0,0,0,0,0,0,0,0,0,,Bacillota,Bacilli,Lactobacillales,Enterococcaceae,Enterococcus
GCF_900638775.1,NZ_LR135171.1,175367,Plasmid,1,0,0,0,0,0,0,0,0,0,1,0,0,0,0,0,0,0,0,0,0,0,0,,Bacillota,Bacilli,Lactobacillales,Enterococcaceae,Enterococcus
GCF_900639645.1,NZ_LR135421.1,38228,Plasmid,1,0,0,0,0,0,0,0,0,0,1,0,0,0,0,0,0,0,0,0,0,0,0,,Bacillota,Bacilli,Lactobacillales,Enterococcaceae,Enterococcus
GCF_900639665.1,NZ_LR135447.1,39323,Plasmid,1,0,0,0,0,0,0,0,0,0,1,0,0,0,0,0,0,0,0,0,0,0,0,,Bacillota,Bacilli,Lactobacillales,Enterococcaceae,Enterococcus
GCF_900640265.1,NZ_LR135783.1,172716,Plasmid,1,0,0,0,0,0,0,0,0,0,1,0,0,0,0,0,0,0,0,0,0,0,0,,Bacillota,Bacilli,Lactobacillales,Enterococcaceae,Enterococcus
GCF_907165365.1,NZ_OU015710.1,101837,Plasmid,2,0,0,1,0,0,0,0,0,0,0,0,0,0,0,0,0,1,0,0,0,0,0,,Bacillota,Bacilli,Lactobacillales,Enterococcaceae,Enterococcus
GCF_907177285.1,NZ_OU016038.1,103363,Plasmid,2,0,0,1,0,0,0,0,0,0,0,0,0,0,0,0,0,1,0,0,0,0,0,,Bacillota,Bacilli,Lactobacillales,Enterococcaceae,Enterococcus
GCF_964062525.1,NZ_OZ061222.1,889036,Plasmid,1,0,0,0,0,0,0,0,0,0,0,0,0,0,0,0,0,0,0,0,0,1,0,,Bacillota,Bacilli,Lactobacillales,Enterococcaceae,Enterococcus
GCF_000784925.1,NZ_CP009861.1,47560,Plasmid,1,0,0,0,0,0,0,0,0,0,1,0,0,0,0,0,0,0,0,0,0,0,0,,Pseudomonadota,Gammaproteobacteria,Enterobacterales,Enterobacteriaceae,Escherichia
GCF_001420935.1,NZ_CP013030.1,97704,Plasmid,4,0,0,1,0,0,0,0,0,0,1,0,0,0,0,0,0,1,0,1,0,0,0,,Pseudomonadota,Gammaproteobacteria,Enterobacterales,Enterobacteriaceae,Escherichia
GCF_001566635.1,NZ_CP014490.1,109910,Plasmid,4,0,0,1,0,0,0,0,0,0,0,0,0,0,0,0,1,1,0,1,0,0,0,,Pseudomonadota,Gammaproteobacteria,Enterobacterales,Enterobacteriaceae,Escherichia
GCF_001660565.1,NZ_CP015997.1,98216,Plasmid,3,0,0,1,0,0,0,0,0,0,1,0,0,0,0,0,0,1,0,0,0,0,0,,Pseudomonadota,Gammaproteobacteria,Enterobacterales,Enterobacteriaceae,Escherichia
GCF_001677475.2,NZ_CP012497.1,136480,Plasmid,3,0,0,1,0,0,0,0,0,0,1,0,0,0,0,0,0,1,0,0,0,0,0,,Pseudomonadota,Gammaproteobacteria,Enterobacterales,Enterobacteriaceae,Escherichia
GCF_001679985.1,NZ_CP015915.1,114472,Plasmid,4,0,0,1,0,0,0,0,0,0,0,0,0,0,0,0,1,1,0,1,0,0,0,,Pseudomonadota,Gammaproteobacteria,Enterobacterales,Enterobacteriaceae,Escherichia
GCF_001693635.1,NZ_CP016549.1,126046,Plasmid,3,0,0,1,0,0,0,0,0,0,1,0,0,0,0,0,0,1,0,0,0,0,0,,Pseudomonadota,Gammaproteobacteria,Enterobacterales,Enterobacteriaceae,Escherichia
GCF_001721225.1,NZ_CP012491.1,95721,Plasmid,4,0,0,1,0,0,0,0,0,0,1,0,0,0,0,0,0,1,0,1,0,0,0,,Pseudomonadota,Gammaproteobacteria,Enterobacterales,Enterobacteriaceae,Escherichia
GCF_001721525.1,NZ_CP015837.1,98242,Plasmid,3,0,0,1,0,0,0,0,0,0,1,0,0,0,0,0,0,1,0,0,0,0,0,,Pseudomonadota,Gammaproteobacteria,Enterobacterales,Enterobacteriaceae,Escherichia
GCF_001888075.1,NZ_CP017847.1,113343,Plasmid,4,0,0,1,0,0,0,0,0,0,0,0,0,0,0,0,1,1,0,1,0,0,0,,Pseudomonadota,Gammaproteobacteria,Enterobacterales,Enterobacteriaceae,Escherichia
GCF_001900655.1,NZ_CP010144.1,114159,Plasmid,4,0,0,1,0,0,0,0,0,0,0,0,0,0,0,0,1,1,0,1,0,0,0,,Pseudomonadota,Gammaproteobacteria,Enterobacterales,Enterobacteriaceae,Escherichia
GCF_001900675.1,NZ_CP010146.1,112874,Plasmid,3,0,0,1,0,0,0,0,0,0,1,0,0,0,0,0,0,1,0,0,0,0,0,,Pseudomonadota,Gammaproteobacteria,Enterobacterales,Enterobacteriaceae,Escherichia
GCF_001900715.1,NZ_CP010153.1,114159,Plasmid,4,0,0,1,0,0,0,0,0,0,0,0,0,0,0,0,1,1,0,1,0,0,0,,Pseudomonadota,Gammaproteobacteria,Enterobacterales,Enterobacteriaceae,Escherichia
GCF_001900835.1,NZ_CP010173.1,94395,Plasmid,3,0,0,1,0,0,0,0,0,0,1,0,0,0,0,0,0,1,0,0,0,0,0,,Pseudomonadota,Gammaproteobacteria,Enterobacterales,Enterobacteriaceae,Escherichia
GCF_001901065.1,NZ_CP010188.1,6039,Plasmid,1,0,0,0,0,0,0,0,0,0,0,0,1,0,0,0,0,0,0,0,0,0,0,,Pseudomonadota,Gammaproteobacteria,Enterobacterales,Enterobacteriaceae,Escherichia
GCF_001901105.1,NZ_CP010199.1,6039,Plasmid,1,0,0,0,0,0,0,0,0,0,0,0,1,0,0,0,0,0,0,0,0,0,0,,Pseudomonadota,Gammaproteobacteria,Enterobacterales,Enterobacteriaceae,Escherichia
GCF_001901145.1,NZ_CP010208.1,56029,Plasmid,1,0,0,0,0,0,0,0,0,0,0,0,0,0,0,0,0,1,0,0,0,0,0,,Pseudomonadota,Gammaproteobacteria,Enterobacterales,Enterobacteriaceae,Escherichia
GCF_001901145.1,NZ_CP010211.1,6039,Plasmid,1,0,0,0,0,0,0,0,0,0,0,0,1,0,0,0,0,0,0,0,0,0,0,,Pseudomonadota,Gammaproteobacteria,Enterobacterales,Enterobacteriaceae,Escherichia
GCF_001901165.1,NZ_CP010216.1,6039,Plasmid,1,0,0,0,0,0,0,0,0,0,0,0,1,0,0,0,0,0,0,0,0,0,0,,Pseudomonadota,Gammaproteobacteria,Enterobacterales,Enterobacteriaceae,Escherichia
GCF_001901215.1,NZ_CP010224.1,6039,Plasmid,1,0,0,0,0,0,0,0,0,0,0,0,1,0,0,0,0,0,0,0,0,0,0,,Pseudomonadota,Gammaproteobacteria,Enterobacterales,Enterobacteriaceae,Escherichia
GCF_001901445.1,NZ_CP010244.1,113250,Plasmid,1,0,0,1,0,0,0,0,0,0,0,0,0,0,0,0,0,0,0,0,0,0,0,,Pseudomonadota,Gammaproteobacteria,Enterobacterales,Enterobacteriaceae,Escherichia
GCF_002012125.1,NZ_CP019002.1,112917,Plasmid,3,0,0,1,0,0,0,0,0,0,0,0,0,0,0,0,1,1,0,0,0,0,0,,Pseudomonadota,Gammaproteobacteria,Enterobacterales,Enterobacteriaceae,Escherichia
GCF_002012165.1,NZ_CP019013.1,109057,Plasmid,4,0,0,1,0,0,0,0,0,0,0,0,0,0,0,0,1,1,0,1,0,0,0,,Pseudomonadota,Gammaproteobacteria,Enterobacterales,Enterobacteriaceae,Escherichia
GCF_002012225.1,NZ_CP019027.1,109344,Plasmid,4,0,0,1,0,0,0,0,0,0,0,0,0,0,0,0,1,1,0,1,0,0,0,,Pseudomonadota,Gammaproteobacteria,Enterobacterales,Enterobacteriaceae,Escherichia
GCF_002055635.1,NZ_CP020051.1,91291,Plasmid,4,0,0,1,0,0,0,0,0,0,1,0,0,0,0,0,1,1,0,0,0,0,0,,Pseudomonadota,Gammaproteobacteria,Enterobacterales,Enterobacteriaceae,Escherichia
GCF_002056635.1,NZ_CP020118.1,111212,Plasmid,4,0,0,1,0,0,0,0,0,0,0,0,0,0,0,0,1,1,0,1,0,0,0,,Pseudomonadota,Gammaproteobacteria,Enterobacterales,Enterobacteriaceae,Escherichia
GCF_002142675.1,NZ_CP021203.1,183508,Plasmid,3,0,0,1,0,0,0,0,0,0,1,0,0,0,0,0,0,1,0,0,0,0,0,,Pseudomonadota,Gammaproteobacteria,Enterobacterales,Enterobacteriaceae,Escherichia
GCF_002164595.2,NZ_CP032875.1,92538,Plasmid,4,0,0,1,0,0,0,0,0,0,1,0,0,0,0,0,1,1,0,0,0,0,0,,Pseudomonadota,Gammaproteobacteria,Enterobacterales,Enterobacteriaceae,Escherichia
GCF_002164635.4,NZ_CP022228.3,92538,Plasmid,4,0,0,1,0,0,0,0,0,0,1,0,0,0,0,0,1,1,0,0,0,0,0,,Pseudomonadota,Gammaproteobacteria,Enterobacterales,Enterobacteriaceae,Escherichia
GCF_002164645.3,NZ_CP028585.2,92537,Plasmid,4,0,0,1,0,0,0,0,0,0,1,0,0,0,0,0,1,1,0,0,0,0,0,,Pseudomonadota,Gammaproteobacteria,Enterobacterales,Enterobacteriaceae,Escherichia
GCF_002164865.2,NZ_CP034959.1,90842,Plasmid,3,0,0,1,0,0,0,0,0,0,1,0,0,0,0,0,0,1,0,0,0,0,0,,Pseudomonadota,Gammaproteobacteria,Enterobacterales,Enterobacteriaceae,Escherichia
GCF_002165095.2,NZ_CP032883.1,5793,Plasmid,1,0,0,0,0,0,0,0,0,0,0,0,1,0,0,0,0,0,0,0,0,0,0,,Pseudomonadota,Gammaproteobacteria,Enterobacterales,Enterobacteriaceae,Escherichia
GCF_002180095.1,NZ_CP021537.1,97474,Plasmid,5,0,1,0,0,0,0,0,0,0,1,0,0,0,0,0,1,1,0,1,0,0,0,,Pseudomonadota,Gammaproteobacteria,Enterobacterales,Enterobacteriaceae,Escherichia
GCF_002180275.1,NZ_CP021720.1,216378,Plasmid,4,0,0,1,0,0,0,0,0,0,1,0,0,0,0,0,1,1,0,0,0,0,0,,Pseudomonadota,Gammaproteobacteria,Enterobacterales,Enterobacteriaceae,Escherichia
GCF_002214205.1,NZ_CP022167.1,113428,Plasmid,4,0,0,1,0,0,0,0,0,0,0,0,0,0,0,0,1,1,0,1,0,0,0,,Pseudomonadota,Gammaproteobacteria,Enterobacterales,Enterobacteriaceae,Escherichia
GCF_002310675.1,NZ_CP023381.1,91199,Plasmid,3,0,0,1,0,0,0,0,0,0,1,0,0,0,0,0,0,1,0,0,0,0,0,,Pseudomonadota,Gammaproteobacteria,Enterobacterales,Enterobacteriaceae,Escherichia
GCF_002310695.1,NZ_CP023368.1,48774,Plasmid,1,0,0,0,0,0,0,0,0,0,1,0,0,0,0,0,0,0,0,0,0,0,0,,Pseudomonadota,Gammaproteobacteria,Enterobacterales,Enterobacteriaceae,Escherichia
GCF_002357915.1,NZ_AP017612.1,108986,Plasmid,4,0,0,1,0,0,0,0,0,0,0,0,0,0,0,0,1,1,0,1,0,0,0,,Pseudomonadota,Gammaproteobacteria,Enterobacterales,Enterobacteriaceae,Escherichia
GCF_002589795.1,NZ_CP023896.1,83988,Plasmid,3,0,0,1,0,0,0,0,0,0,1,0,0,0,0,0,0,1,0,0,0,0,0,,Pseudomonadota,Gammaproteobacteria,Enterobacterales,Enterobacteriaceae,Escherichia
GCF_002591135.1,NZ_CP023961.1,96807,Plasmid,3,0,0,1,0,0,0,0,0,0,1,0,0,0,0,0,0,1,0,0,0,0,0,,Pseudomonadota,Gammaproteobacteria,Enterobacterales,Enterobacteriaceae,Escherichia
GCF_002741535.1,NZ_CP024271.1,103618,Plasmid,3,0,0,1,0,0,0,0,0,0,0,0,0,0,0,0,1,1,0,0,0,0,0,,Pseudomonadota,Gammaproteobacteria,Enterobacterales,Enterobacteriaceae,Escherichia
GCF_002786655.1,NZ_CP024832.1,96987,Plasmid,3,0,0,1,0,0,0,0,0,0,1,0,0,0,0,0,0,1,0,0,0,0,0,,Pseudomonadota,Gammaproteobacteria,Enterobacterales,Enterobacteriaceae,Escherichia
GCF_002787545.1,NZ_CP024817.1,96990,Plasmid,3,0,0,1,0,0,0,0,0,0,1,0,0,0,0,0,0,1,0,0,0,0,0,,Pseudomonadota,Gammaproteobacteria,Enterobacterales,Enterobacteriaceae,Escherichia
GCF_002788115.1,NZ_CP024865.1,48511,Plasmid,1,0,0,0,0,0,0,0,0,0,1,0,0,0,0,0,0,0,0,0,0,0,0,,Pseudomonadota,Gammaproteobacteria,Enterobacterales,Enterobacteriaceae,Escherichia
GCF_002811555.3,NZ_CP027199.1,95895,Plasmid,3,0,0,1,0,0,0,0,0,0,1,0,0,0,0,0,0,1,0,0,0,0,0,,Pseudomonadota,Gammaproteobacteria,Enterobacterales,Enterobacteriaceae,Escherichia
GCF_002860085.1,NZ_CP019054.1,116028,Plasmid,3,0,0,1,0,0,0,0,0,0,1,0,0,0,0,0,0,1,0,0,0,0,0,,Pseudomonadota,Gammaproteobacteria,Enterobacterales,Enterobacteriaceae,Escherichia
GCF_002860105.1,NZ_CP019075.1,96986,Plasmid,3,0,0,1,0,0,0,0,0,0,1,0,0,0,0,0,0,1,0,0,0,0,0,,Pseudomonadota,Gammaproteobacteria,Enterobacterales,Enterobacteriaceae,Escherichia
GCF_002946715.1,NZ_CP026725.1,97124,Plasmid,3,0,0,1,0,0,0,0,0,0,1,0,0,0,0,0,0,1,0,0,0,0,0,,Pseudomonadota,Gammaproteobacteria,Enterobacterales,Enterobacteriaceae,Escherichia
GCF_002951735.1,NZ_CP019283.1,128323,Plasmid,1,0,0,1,0,0,0,0,0,0,0,0,0,0,0,0,0,0,0,0,0,0,0,,Pseudomonadota,Gammaproteobacteria,Enterobacterales,Enterobacteriaceae,Escherichia
GCF_002952095.1,NZ_CP021729.1,114968,Plasmid,3,0,0,1,0,0,0,0,0,0,1,0,0,0,0,0,0,1,0,0,0,0,0,,Pseudomonadota,Gammaproteobacteria,Enterobacterales,Enterobacteriaceae,Escherichia
GCF_003312525.2,NZ_CP030784.2,100347,Plasmid,4,0,0,1,0,0,0,0,0,0,1,0,0,0,0,0,1,1,0,0,0,0,0,,Pseudomonadota,Gammaproteobacteria,Enterobacterales,Enterobacteriaceae,Escherichia
GCF_003860365.1,NZ_CP034163.1,95683,Plasmid,4,0,0,1,0,0,0,0,0,0,1,0,0,0,0,0,1,1,0,0,0,0,0,,Pseudomonadota,Gammaproteobacteria,Enterobacterales,Enterobacteriaceae,Escherichia
GCF_003860385.1,NZ_CP034165.1,63807,Plasmid,3,0,0,1,0,0,0,0,0,0,0,0,0,0,0,0,0,1,0,1,0,0,0,,Pseudomonadota,Gammaproteobacteria,Enterobacterales,Enterobacteriaceae,Escherichia
GCF_003860385.1,NZ_CP034164.1,96264,Plasmid,4,0,0,1,0,0,0,0,0,0,1,0,0,0,0,0,1,1,0,0,0,0,0,,Pseudomonadota,Gammaproteobacteria,Enterobacterales,Enterobacteriaceae,Escherichia
GCF_016904755.1,NZ_CP070291.1,96586,Plasmid,4,0,0,1,0,0,0,0,0,0,1,0,0,0,0,0,0,1,0,1,0,0,0,,Pseudomonadota,Gammaproteobacteria,Enterobacterales,Enterobacteriaceae,Escherichia
GCF_016904795.1,NZ_CP070295.1,98546,Plasmid,3,0,0,1,0,0,0,0,0,0,1,0,0,0,0,0,0,1,0,0,0,0,0,,Pseudomonadota,Gammaproteobacteria,Enterobacterales,Enterobacteriaceae,Escherichia
GCF_017357685.1,NZ_CP043260.1,99002,Plasmid,4,0,0,1,0,0,0,0,0,0,1,0,0,0,0,0,1,1,0,0,0,0,0,,Pseudomonadota,Gammaproteobacteria,Enterobacterales,Enterobacteriaceae,Escherichia
GCF_017357705.1,NZ_CP043264.1,85807,Plasmid,3,0,0,1,0,0,0,0,0,0,1,0,0,0,0,0,0,1,0,0,0,0,0,,Pseudomonadota,Gammaproteobacteria,Enterobacterales,Enterobacteriaceae,Escherichia
GCF_017357725.1,NZ_CP043269.1,99091,Plasmid,4,0,0,1,0,0,0,0,0,0,1,0,0,0,0,0,1,1,0,0,0,0,0,,Pseudomonadota,Gammaproteobacteria,Enterobacterales,Enterobacteriaceae,Escherichia
GCF_017357745.1,NZ_CP043272.1,102351,Plasmid,3,0,0,1,0,0,0,0,0,0,1,0,0,0,0,0,0,1,0,0,0,0,0,,Pseudomonadota,Gammaproteobacteria,Enterobacterales,Enterobacteriaceae,Escherichia
GCF_024532055.1,NZ_CP099870.1,122706,Plasmid,4,0,0,1,0,0,0,0,0,0,1,0,0,0,0,0,0,1,0,1,0,0,0,,Pseudomonadota,Gammaproteobacteria,Enterobacterales,Enterobacteriaceae,Escherichia
GCF_024532095.1,NZ_CP099875.1,109380,Plasmid,4,0,0,1,0,0,0,0,0,0,0,0,0,0,0,0,1,1,0,1,0,0,0,,Pseudomonadota,Gammaproteobacteria,Enterobacterales,Enterobacteriaceae,Escherichia
GCF_024532115.1,NZ_CP099878.1,123684,Plasmid,4,0,0,1,0,0,0,0,0,0,0,0,0,0,0,0,1,1,0,1,0,0,0,,Pseudomonadota,Gammaproteobacteria,Enterobacterales,Enterobacteriaceae,Escherichia
GCF_024532135.1,NZ_CP099881.1,97175,Plasmid,4,0,0,1,0,0,0,0,0,0,1,0,0,0,0,0,0,1,0,1,0,0,0,,Pseudomonadota,Gammaproteobacteria,Enterobacterales,Enterobacteriaceae,Escherichia
GCF_024532155.1,NZ_CP099884.1,110294,Plasmid,4,0,0,1,0,0,0,0,0,0,1,0,0,0,0,0,0,1,0,1,0,0,0,,Pseudomonadota,Gammaproteobacteria,Enterobacterales,Enterobacteriaceae,Escherichia
GCF_024532195.1,NZ_CP099888.1,109283,Plasmid,4,0,0,1,0,0,0,0,0,0,0,0,0,0,0,0,1,1,0,1,0,0,0,,Pseudomonadota,Gammaproteobacteria,Enterobacterales,Enterobacteriaceae,Escherichia
GCF_024532245.1,NZ_CP099893.1,126289,Plasmid,4,0,0,1,0,0,0,0,0,0,0,0,0,0,0,0,1,1,0,1,0,0,0,,Pseudomonadota,Gammaproteobacteria,Enterobacterales,Enterobacteriaceae,Escherichia
GCF_024532265.1,NZ_CP099896.1,124502,Plasmid,4,0,0,1,0,0,0,0,0,0,0,0,0,0,0,0,1,1,0,1,0,0,0,,Pseudomonadota,Gammaproteobacteria,Enterobacterales,Enterobacteriaceae,Escherichia
GCF_024532325.1,NZ_CP099904.1,132627,Plasmid,4,0,0,1,0,0,0,0,0,0,1,0,0,0,0,0,0,1,0,1,0,0,0,,Pseudomonadota,Gammaproteobacteria,Enterobacterales,Enterobacteriaceae,Escherichia
GCF_024532305.1,NZ_CP099899.1,107097,Plasmid,4,0,0,1,0,0,0,0,0,0,0,0,0,0,0,0,1,1,0,1,0,0,0,,Pseudomonadota,Gammaproteobacteria,Enterobacterales,Enterobacteriaceae,Escherichia
GCF_024532365.1,NZ_CP099909.1,97238,Plasmid,4,0,0,1,0,0,0,0,0,0,1,0,0,0,0,0,0,1,0,1,0,0,0,,Pseudomonadota,Gammaproteobacteria,Enterobacterales,Enterobacteriaceae,Escherichia
GCF_028622175.1,NZ_CP117572.1,100730,Plasmid,4,0,0,1,0,0,0,0,0,0,1,0,0,0,0,0,0,1,0,1,0,0,0,,Pseudomonadota,Gammaproteobacteria,Enterobacterales,Enterobacteriaceae,Escherichia
GCF_028622275.1,NZ_CP117610.1,114713,Plasmid,4,0,0,1,0,0,0,0,0,0,0,0,0,0,0,0,1,1,0,1,0,0,0,,Pseudomonadota,Gammaproteobacteria,Enterobacterales,Enterobacteriaceae,Escherichia
GCF_028622355.1,NZ_CP117587.1,95160,Plasmid,3,0,0,1,0,0,0,0,0,0,1,0,0,0,0,0,0,1,0,0,0,0,0,,Pseudomonadota,Gammaproteobacteria,Enterobacterales,Enterobacteriaceae,Escherichia
GCF_028622395.1,NZ_CP117661.1,101097,Plasmid,4,0,0,1,0,0,0,0,0,0,1,0,0,0,0,0,0,1,0,1,0,0,0,,Pseudomonadota,Gammaproteobacteria,Enterobacterales,Enterobacteriaceae,Escherichia
GCF_028622415.1,NZ_CP117623.1,81931,Plasmid,3,0,0,1,0,0,0,0,0,0,1,0,0,0,0,0,0,1,0,0,0,0,0,,Pseudomonadota,Gammaproteobacteria,Enterobacterales,Enterobacteriaceae,Escherichia
GCF_028622435.1,NZ_CP117679.1,97069,Plasmid,2,0,0,0,0,0,0,0,0,0,1,0,0,0,0,0,1,0,0,0,0,0,0,,Pseudomonadota,Gammaproteobacteria,Enterobacterales,Enterobacteriaceae,Escherichia
GCF_028622455.1,NZ_CP117591.1,103275,Plasmid,4,0,0,1,0,0,0,0,0,0,1,0,0,0,0,0,1,0,0,0,0,0,1,,Pseudomonadota,Gammaproteobacteria,Enterobacterales,Enterobacteriaceae,Escherichia
GCF_028622495.1,NZ_CP117602.1,101403,Plasmid,4,0,0,1,0,0,0,0,0,0,1,0,0,0,0,0,1,1,0,0,0,0,0,,Pseudomonadota,Gammaproteobacteria,Enterobacterales,Enterobacteriaceae,Escherichia
GCF_028622495.1,NZ_CP117604.1,49535,Plasmid,1,0,0,0,0,0,0,0,0,0,1,0,0,0,0,0,0,0,0,0,0,0,0,,Pseudomonadota,Gammaproteobacteria,Enterobacterales,Enterobacteriaceae,Escherichia
GCF_028622515.1,NZ_CP117656.1,98591,Plasmid,4,0,0,1,0,0,0,0,0,0,1,0,0,0,0,0,1,1,0,0,0,0,0,,Pseudomonadota,Gammaproteobacteria,Enterobacterales,Enterobacteriaceae,Escherichia
GCF_028622515.1,NZ_CP117657.1,51282,Plasmid,1,0,0,0,0,0,0,0,0,0,1,0,0,0,0,0,0,0,0,0,0,0,0,,Pseudomonadota,Gammaproteobacteria,Enterobacterales,Enterobacteriaceae,Escherichia
GCF_028622555.1,NZ_CP117639.1,99793,Plasmid,4,0,0,1,0,0,0,0,0,0,1,0,0,0,0,0,0,1,0,1,0,0,0,,Pseudomonadota,Gammaproteobacteria,Enterobacterales,Enterobacteriaceae,Escherichia
GCF_028622575.1,NZ_CP117651.1,99447,Plasmid,4,0,0,1,0,0,0,0,0,0,1,0,0,0,0,0,1,0,0,0,0,0,1,,Pseudomonadota,Gammaproteobacteria,Enterobacterales,Enterobacteriaceae,Escherichia
GCF_028622595.1,NZ_CP117630.1,95979,Plasmid,3,0,0,1,0,0,0,0,0,0,1,0,0,0,0,0,0,0,0,0,0,0,1,,Pseudomonadota,Gammaproteobacteria,Enterobacterales,Enterobacteriaceae,Escherichia
GCF_028622615.1,NZ_CP117670.1,109354,Plasmid,3,0,0,1,0,0,0,0,0,0,0,0,0,0,0,0,1,1,0,0,0,0,0,,Pseudomonadota,Gammaproteobacteria,Enterobacterales,Enterobacteriaceae,Escherichia
GCF_030578615.1,NZ_CP126909.1,62344,Plasmid,3,0,0,1,0,0,0,0,0,0,0,0,0,0,0,0,0,1,0,1,0,0,0,,Pseudomonadota,Gammaproteobacteria,Enterobacterales,Enterobacteriaceae,Escherichia
GCF_030578615.1,NZ_CP126910.1,96264,Plasmid,4,0,0,1,0,0,0,0,0,0,1,0,0,0,0,0,1,1,0,0,0,0,0,,Pseudomonadota,Gammaproteobacteria,Enterobacterales,Enterobacteriaceae,Escherichia
GCF_032680885.1,NZ_CP136261.1,63188,Plasmid,1,0,0,0,0,0,0,0,0,0,0,0,0,0,0,0,1,0,0,0,0,0,0,,Pseudomonadota,Gammaproteobacteria,Enterobacterales,Enterobacteriaceae,Escherichia
GCF_002953455.1,NZ_CP026475.1,104701,Plasmid,3,0,0,1,0,0,0,0,0,0,1,0,0,0,0,0,0,1,0,0,0,0,0,,Pseudomonadota,Gammaproteobacteria,Enterobacterales,Enterobacteriaceae,Escherichia
GCF_002968735.1,NZ_CP027133.1,97167,Plasmid,3,0,0,1,0,0,0,0,0,0,1,0,0,0,0,0,0,1,0,0,0,0,0,,Pseudomonadota,Gammaproteobacteria,Enterobacterales,Enterobacteriaceae,Escherichia
GCF_003017455.1,NZ_CP027223.1,72543,Plasmid,4,0,0,1,0,0,0,0,0,0,1,0,0,0,0,0,0,1,0,1,0,0,0,,Pseudomonadota,Gammaproteobacteria,Enterobacterales,Enterobacteriaceae,Escherichia
GCF_003017555.1,NZ_CP027309.1,93724,Plasmid,5,0,1,0,0,0,0,0,0,0,1,0,0,0,0,0,0,1,0,1,0,0,1,,Pseudomonadota,Gammaproteobacteria,Enterobacterales,Enterobacteriaceae,Escherichia
GCF_003017995.1,NZ_CP027369.1,109641,Plasmid,4,0,0,1,0,0,0,0,0,0,0,0,0,0,0,0,1,1,0,1,0,0,0,,Pseudomonadota,Gammaproteobacteria,Enterobacterales,Enterobacteriaceae,Escherichia
GCF_003018055.1,NZ_CP027443.1,95157,Plasmid,4,0,0,1,0,0,0,0,0,0,1,0,0,0,0,0,0,1,0,1,0,0,0,,Pseudomonadota,Gammaproteobacteria,Enterobacterales,Enterobacteriaceae,Escherichia
GCF_003018395.1,NZ_CP027590.1,92449,Plasmid,4,0,0,1,0,0,0,0,0,0,1,0,0,0,0,0,0,1,0,1,0,0,0,,Pseudomonadota,Gammaproteobacteria,Enterobacterales,Enterobacteriaceae,Escherichia
GCF_003018535.1,NZ_CP027575.1,95952,Plasmid,4,0,0,1,0,0,0,0,0,0,1,0,0,0,0,0,0,1,0,1,0,0,0,,Pseudomonadota,Gammaproteobacteria,Enterobacterales,Enterobacteriaceae,Escherichia
GCF_003018815.1,NZ_CP027358.1,110001,Plasmid,4,0,0,1,0,0,0,0,0,0,0,0,0,0,0,0,1,1,0,1,0,0,0,,Pseudomonadota,Gammaproteobacteria,Enterobacterales,Enterobacteriaceae,Escherichia
GCF_003030245.1,NZ_CP028194.1,48684,Plasmid,1,0,0,0,0,0,0,0,0,0,1,0,0,0,0,0,0,0,0,0,0,0,0,,Pseudomonadota,Gammaproteobacteria,Enterobacterales,Enterobacteriaceae,Escherichia
GCF_003031795.1,NZ_CP020518.1,48175,Plasmid,1,0,0,0,0,0,0,0,0,0,1,0,0,0,0,0,0,0,0,0,0,0,0,,Pseudomonadota,Gammaproteobacteria,Enterobacterales,Enterobacteriaceae,Escherichia
GCF_003031815.1,NZ_CP020522.1,95146,Plasmid,3,0,0,1,0,0,0,0,0,0,1,0,0,0,0,0,0,1,0,0,0,0,0,,Pseudomonadota,Gammaproteobacteria,Enterobacterales,Enterobacteriaceae,Escherichia
GCF_003073815.1,NZ_CP029103.1,89643,Plasmid,3,0,0,1,0,0,0,0,0,0,1,0,0,0,0,0,0,1,0,0,0,0,0,,Pseudomonadota,Gammaproteobacteria,Enterobacterales,Enterobacteriaceae,Escherichia
GCF_003073835.1,NZ_CP029117.1,120846,Plasmid,3,0,0,1,0,0,0,0,0,0,1,0,0,0,0,0,0,1,0,0,0,0,0,,Pseudomonadota,Gammaproteobacteria,Enterobacterales,Enterobacteriaceae,Escherichia
GCF_003268695.1,NZ_CP029365.1,89248,Plasmid,4,0,1,0,0,0,0,0,0,0,1,0,0,0,0,0,1,1,0,0,0,0,0,,Pseudomonadota,Gammaproteobacteria,Enterobacterales,Enterobacteriaceae,Escherichia
GCF_003288275.1,NZ_CP028433.1,120253,Plasmid,4,0,0,1,0,0,0,0,0,0,0,0,0,0,0,0,1,1,0,1,0,0,0,,Pseudomonadota,Gammaproteobacteria,Enterobacterales,Enterobacteriaceae,Escherichia
GCF_003288295.1,NZ_CP028430.1,117123,Plasmid,4,0,0,1,0,0,0,0,0,0,0,0,0,0,0,0,1,1,0,1,0,0,0,,Pseudomonadota,Gammaproteobacteria,Enterobacterales,Enterobacteriaceae,Escherichia
GCF_003342715.1,NZ_CP031136.1,109442,Plasmid,4,0,0,1,0,0,0,0,0,0,0,0,0,0,0,0,1,1,0,1,0,0,0,,Pseudomonadota,Gammaproteobacteria,Enterobacterales,Enterobacteriaceae,Escherichia
GCF_003352425.1,NZ_CP023732.1,93276,Plasmid,3,0,0,1,0,0,0,0,0,0,1,0,0,0,0,0,0,1,0,0,0,0,0,,Pseudomonadota,Gammaproteobacteria,Enterobacterales,Enterobacteriaceae,Escherichia
GCF_003413625.1,NZ_CP031654.1,89643,Plasmid,3,0,0,1,0,0,0,0,0,0,1,0,0,0,0,0,0,1,0,0,0,0,0,,Pseudomonadota,Gammaproteobacteria,Enterobacterales,Enterobacteriaceae,Escherichia
GCF_003571785.1,NZ_CP032259.1,49921,Plasmid,1,0,0,0,0,0,0,0,0,0,1,0,0,0,0,0,0,0,0,0,0,0,0,,Pseudomonadota,Gammaproteobacteria,Enterobacterales,Enterobacteriaceae,Escherichia
GCF_003691425.1,NZ_CP033097.1,113610,Plasmid,4,0,0,1,0,0,0,0,0,0,0,0,0,0,0,0,1,1,0,1,0,0,0,,Pseudomonadota,Gammaproteobacteria,Enterobacterales,Enterobacteriaceae,Escherichia
GCF_003703795.1,NZ_CP033252.1,110417,Plasmid,1,0,0,1,0,0,0,0,0,0,0,0,0,0,0,0,0,0,0,0,0,0,0,,Pseudomonadota,Gammaproteobacteria,Enterobacterales,Enterobacteriaceae,Escherichia
GCF_003790525.1,NZ_CP033632.1,147451,Plasmid,3,0,0,1,0,0,0,0,0,0,1,0,0,0,0,0,0,1,0,0,0,0,0,,Pseudomonadota,Gammaproteobacteria,Enterobacterales,Enterobacteriaceae,Escherichia
GCF_003812945.1,NZ_CP033848.1,97018,Plasmid,3,0,0,1,0,0,0,0,0,0,1,0,0,0,0,0,0,1,0,0,0,0,0,,Pseudomonadota,Gammaproteobacteria,Enterobacterales,Enterobacteriaceae,Escherichia
GCF_003813145.1,NZ_CP033882.1,96948,Plasmid,3,0,0,1,0,0,0,0,0,0,1,0,0,0,0,0,0,1,0,0,0,0,0,,Pseudomonadota,Gammaproteobacteria,Enterobacterales,Enterobacteriaceae,Escherichia
GCF_003856615.1,NZ_CP023851.1,110452,Plasmid,4,0,0,1,0,0,0,0,0,0,0,0,0,0,0,0,1,1,0,1,0,0,0,,Pseudomonadota,Gammaproteobacteria,Enterobacterales,Enterobacteriaceae,Escherichia
GCF_003856995.1,NZ_CP022733.1,96658,Plasmid,4,0,0,1,0,0,0,0,0,0,1,0,0,0,0,0,1,1,0,0,0,0,0,,Pseudomonadota,Gammaproteobacteria,Enterobacterales,Enterobacteriaceae,Escherichia
GCF_003956285.1,NZ_CP025870.1,100470,Plasmid,1,0,0,1,0,0,0,0,0,0,0,0,0,0,0,0,0,0,0,0,0,0,0,,Pseudomonadota,Gammaproteobacteria,Enterobacterales,Enterobacteriaceae,Escherichia
GCF_003956425.1,NZ_CP025868.1,100473,Plasmid,1,0,0,1,0,0,0,0,0,0,0,0,0,0,0,0,0,0,0,0,0,0,0,,Pseudomonadota,Gammaproteobacteria,Enterobacterales,Enterobacteriaceae,Escherichia
GCF_003956445.1,NZ_CP025883.1,100473,Plasmid,1,0,0,1,0,0,0,0,0,0,0,0,0,0,0,0,0,0,0,0,0,0,0,,Pseudomonadota,Gammaproteobacteria,Enterobacterales,Enterobacteriaceae,Escherichia
GCF_003956465.1,NZ_CP025894.1,100473,Plasmid,1,0,0,1,0,0,0,0,0,0,0,0,0,0,0,0,0,0,0,0,0,0,0,,Pseudomonadota,Gammaproteobacteria,Enterobacterales,Enterobacteriaceae,Escherichia
GCF_003966425.1,NZ_AP018798.1,94446,Plasmid,3,0,0,1,0,0,0,0,0,0,0,0,0,0,0,0,0,1,0,1,0,0,0,,Pseudomonadota,Gammaproteobacteria,Enterobacterales,Enterobacteriaceae,Escherichia
GCF_003966445.1,NZ_AP018804.1,92925,Plasmid,4,0,1,0,0,0,0,0,0,0,1,0,0,0,0,0,0,1,0,0,0,0,1,,Pseudomonadota,Gammaproteobacteria,Enterobacterales,Enterobacteriaceae,Escherichia
GCF_003966465.1,NZ_AP018809.1,99498,Plasmid,4,0,0,1,0,0,0,0,0,0,1,0,0,0,0,0,0,1,0,1,0,0,0,,Pseudomonadota,Gammaproteobacteria,Enterobacterales,Enterobacteriaceae,Escherichia
GCF_003991155.1,NZ_CP031294.1,110686,Plasmid,4,0,0,1,0,0,0,0,0,0,0,0,0,0,0,0,1,1,0,1,0,0,0,,Pseudomonadota,Gammaproteobacteria,Enterobacterales,Enterobacteriaceae,Escherichia
GCF_004006575.1,NZ_CP034790.1,91762,Plasmid,4,0,1,0,0,0,0,0,0,0,1,0,0,0,0,0,1,1,0,0,0,0,0,,Pseudomonadota,Gammaproteobacteria,Enterobacterales,Enterobacteriaceae,Escherichia
GCF_004328685.1,NZ_CP035313.1,96320,Plasmid,3,0,0,1,0,0,0,0,0,0,1,0,0,0,0,0,0,1,0,0,0,0,0,,Pseudomonadota,Gammaproteobacteria,Enterobacterales,Enterobacteriaceae,Escherichia
GCF_004564175.1,NZ_CP020497.1,48172,Plasmid,1,0,0,0,0,0,0,0,0,0,1,0,0,0,0,0,0,0,0,0,0,0,0,,Pseudomonadota,Gammaproteobacteria,Enterobacterales,Enterobacteriaceae,Escherichia
GCF_004759025.1,NZ_CP038506.1,92027,Plasmid,3,0,0,1,0,0,0,0,0,0,1,0,0,0,0,0,0,1,0,0,0,0,0,,Pseudomonadota,Gammaproteobacteria,Enterobacterales,Enterobacteriaceae,Escherichia
GCF_006088875.1,NZ_CP029421.1,101340,Plasmid,4,0,0,1,0,0,0,0,0,0,0,0,0,0,0,0,1,1,0,1,0,0,0,,Pseudomonadota,Gammaproteobacteria,Enterobacterales,Enterobacteriaceae,Escherichia
GCF_006352265.1,NZ_CP040069.1,97582,Plasmid,3,0,0,1,0,0,0,0,0,0,1,0,0,0,0,0,0,1,0,0,0,0,0,,Pseudomonadota,Gammaproteobacteria,Enterobacterales,Enterobacteriaceae,Escherichia
GCF_007632435.1,NZ_CP041922.1,96668,Plasmid,3,0,0,1,0,0,0,0,0,0,1,0,0,0,0,0,0,1,0,0,0,0,0,,Pseudomonadota,Gammaproteobacteria,Enterobacterales,Enterobacteriaceae,Escherichia
GCF_007833295.1,NZ_CP042247.1,142705,Plasmid,1,0,0,0,0,0,0,0,0,0,0,0,0,0,0,0,0,0,0,0,0,0,1,,Pseudomonadota,Gammaproteobacteria,Enterobacterales,Enterobacteriaceae,Escherichia
GCF_008080655.1,NZ_CP040928.1,163111,Plasmid,1,0,0,1,0,0,0,0,0,0,0,0,0,0,0,0,0,0,0,0,0,0,0,,Pseudomonadota,Gammaproteobacteria,Enterobacterales,Enterobacteriaceae,Escherichia
GCF_008642395.1,NZ_CP040265.1,73952,Plasmid,1,0,0,0,0,0,0,0,0,0,0,0,0,0,0,0,1,0,0,0,0,0,0,,Pseudomonadota,Gammaproteobacteria,Enterobacterales,Enterobacteriaceae,Escherichia
GCF_008761495.2,NZ_CP051656.1,175089,Plasmid,1,0,0,0,0,0,0,0,0,0,0,0,0,0,0,0,0,0,0,0,0,0,1,,Pseudomonadota,Gammaproteobacteria,Enterobacterales,Enterobacteriaceae,Escherichia
GCF_008807295.1,NZ_CP041451.1,114322,Plasmid,3,0,0,1,0,0,0,0,0,0,0,0,0,0,0,0,1,1,0,0,0,0,0,,Pseudomonadota,Gammaproteobacteria,Enterobacterales,Enterobacteriaceae,Escherichia
GCF_009363035.1,NZ_CP045278.1,111694,Plasmid,3,0,0,1,0,0,0,0,0,0,0,0,0,0,0,0,1,1,0,0,0,0,0,,Pseudomonadota,Gammaproteobacteria,Enterobacterales,Enterobacteriaceae,Escherichia
GCF_009650035.1,NZ_CP045829.1,100217,Plasmid,4,0,0,1,0,0,0,0,0,0,1,0,0,0,0,0,0,1,0,1,0,0,0,,Pseudomonadota,Gammaproteobacteria,Enterobacterales,Enterobacteriaceae,Escherichia
GCF_009671105.1,NZ_CP046005.1,95543,Plasmid,1,0,0,0,0,0,0,0,0,0,0,0,0,0,0,0,0,1,0,0,0,0,0,,Pseudomonadota,Gammaproteobacteria,Enterobacterales,Enterobacteriaceae,Escherichia
GCF_009720465.1,NZ_CP041960.1,98151,Plasmid,3,0,0,1,0,0,0,0,0,0,1,0,0,0,0,0,0,1,0,0,0,0,0,,Pseudomonadota,Gammaproteobacteria,Enterobacterales,Enterobacteriaceae,Escherichia
GCF_009738145.1,NZ_CP045191.1,113072,Plasmid,4,0,0,1,0,0,0,0,0,0,0,0,0,0,0,0,1,1,0,1,0,0,0,,Pseudomonadota,Gammaproteobacteria,Enterobacterales,Enterobacteriaceae,Escherichia
GCF_009866925.2,NZ_CP026930.2,129230,Plasmid,1,0,0,0,0,0,0,0,0,0,0,0,0,0,0,0,0,1,0,0,0,0,0,,Pseudomonadota,Gammaproteobacteria,Enterobacterales,Enterobacteriaceae,Escherichia
GCF_009867015.2,NZ_CP026938.2,99789,Plasmid,3,0,0,1,0,0,0,0,0,0,1,0,0,0,0,0,0,1,0,0,0,0,0,,Pseudomonadota,Gammaproteobacteria,Enterobacterales,Enterobacteriaceae,Escherichia
GCF_009909505.1,NZ_CP047663.1,90674,Plasmid,4,0,1,0,0,0,0,0,0,0,1,0,0,0,0,0,1,1,0,0,0,0,0,,Pseudomonadota,Gammaproteobacteria,Enterobacterales,Enterobacteriaceae,Escherichia
GCF_009931435.1,NZ_CP043415.1,138121,Plasmid,1,0,0,0,0,0,0,0,0,0,0,0,0,0,0,0,0,0,0,0,0,0,1,,Pseudomonadota,Gammaproteobacteria,Enterobacterales,Enterobacteriaceae,Escherichia
GCF_009914295.1,NZ_CP041630.1,92595,Plasmid,3,0,0,1,0,0,0,0,0,0,1,0,0,0,0,0,0,1,0,0,0,0,0,,Pseudomonadota,Gammaproteobacteria,Enterobacterales,Enterobacteriaceae,Escherichia
GCF_009949145.1,NZ_CP041417.1,306181,Plasmid,6,0,0,0,0,0,0,0,1,0,0,0,0,0,0,0,2,1,0,2,0,0,0,,Pseudomonadota,Gammaproteobacteria,Enterobacterales,Enterobacteriaceae,Escherichia
GCF_009949705.1,NZ_CP041423.1,110902,Plasmid,4,0,0,1,0,0,0,0,0,0,0,0,0,0,0,0,1,1,0,1,0,0,0,,Pseudomonadota,Gammaproteobacteria,Enterobacterales,Enterobacteriaceae,Escherichia
GCF_009950125.1,NZ_CP041426.1,114158,Plasmid,4,0,0,1,0,0,0,0,0,0,0,0,0,0,0,0,1,0,0,1,0,0,1,,Pseudomonadota,Gammaproteobacteria,Enterobacterales,Enterobacteriaceae,Escherichia
GCF_010365325.1,NZ_CP048306.1,110182,Plasmid,4,0,0,1,0,0,0,0,0,0,0,0,0,0,0,0,1,1,0,1,0,0,0,,Pseudomonadota,Gammaproteobacteria,Enterobacterales,Enterobacteriaceae,Escherichia
GCF_010365385.1,NZ_CP048340.1,47545,Plasmid,1,0,0,0,0,0,0,0,0,0,1,0,0,0,0,0,0,0,0,0,0,0,0,,Pseudomonadota,Gammaproteobacteria,Enterobacterales,Enterobacteriaceae,Escherichia
GCF_012974525.1,NZ_CP052881.1,93854,Plasmid,3,0,0,1,0,0,0,0,0,0,1,0,0,0,0,0,0,1,0,0,0,0,0,,Pseudomonadota,Gammaproteobacteria,Enterobacterales,Enterobacteriaceae,Escherichia
GCF_012974805.1,NZ_CP037450.1,48403,Plasmid,1,0,0,0,0,0,0,0,0,0,1,0,0,0,0,0,0,0,0,0,0,0,0,,Pseudomonadota,Gammaproteobacteria,Enterobacterales,Enterobacteriaceae,Escherichia
GCF_013084945.1,NZ_CP053233.1,112229,Plasmid,4,0,0,1,0,0,0,0,0,0,0,0,0,0,0,0,1,1,0,1,0,0,0,,Pseudomonadota,Gammaproteobacteria,Enterobacterales,Enterobacteriaceae,Escherichia
GCF_013085905.2,NZ_CP053252.2,47295,Plasmid,1,0,0,0,0,0,0,0,0,0,1,0,0,0,0,0,0,0,0,0,0,0,0,,Pseudomonadota,Gammaproteobacteria,Enterobacterales,Enterobacteriaceae,Escherichia
GCF_013167055.1,NZ_CP053606.1,231547,Plasmid,1,0,0,0,0,0,0,0,0,0,0,0,0,0,0,0,0,1,0,0,0,0,0,,Pseudomonadota,Gammaproteobacteria,Enterobacterales,Enterobacteriaceae,Escherichia
GCF_013167075.1,NZ_CP053608.1,242042,Plasmid,1,0,0,0,0,0,0,0,0,0,0,0,0,0,0,0,0,1,0,0,0,0,0,,Pseudomonadota,Gammaproteobacteria,Enterobacterales,Enterobacteriaceae,Escherichia
GCF_013340785.1,NZ_AP023193.1,112963,Plasmid,4,0,0,1,0,0,0,0,0,0,0,0,0,0,0,0,1,1,0,1,0,0,0,,Pseudomonadota,Gammaproteobacteria,Enterobacterales,Enterobacteriaceae,Escherichia
GCF_013340805.1,NZ_AP023200.1,112965,Plasmid,4,0,0,1,0,0,0,0,0,0,0,0,0,0,0,0,1,1,0,1,0,0,0,,Pseudomonadota,Gammaproteobacteria,Enterobacterales,Enterobacteriaceae,Escherichia
GCF_013340825.1,NZ_AP023206.1,404189,Plasmid,7,1,0,0,2,0,0,0,0,0,1,3,0,0,0,0,0,0,0,0,0,0,0,,Pseudomonadota,Gammaproteobacteria,Enterobacterales,Enterobacteriaceae,Escherichia
GCF_013340825.1,NZ_AP023207.1,93845,Plasmid,1,0,0,0,0,0,0,0,0,0,0,1,0,0,0,0,0,0,0,0,0,0,0,,Pseudomonadota,Gammaproteobacteria,Enterobacterales,Enterobacteriaceae,Escherichia
GCF_013340825.1,NZ_AP023208.1,70209,Plasmid,1,0,0,0,0,0,0,0,0,0,0,0,0,0,0,0,0,1,0,0,0,0,0,,Pseudomonadota,Gammaproteobacteria,Enterobacterales,Enterobacteriaceae,Escherichia
GCF_013357365.1,NZ_CP050499.1,76269,Plasmid,3,0,0,1,0,0,0,0,0,0,0,0,0,0,0,0,1,1,0,0,0,0,0,,Pseudomonadota,Gammaproteobacteria,Enterobacterales,Enterobacteriaceae,Escherichia
GCF_013371725.1,NZ_CP055258.1,116030,Plasmid,3,0,0,1,0,0,0,0,0,0,1,0,0,0,0,0,0,1,0,0,0,0,0,,Pseudomonadota,Gammaproteobacteria,Enterobacterales,Enterobacteriaceae,Escherichia
GCF_013374235.2,NZ_AP023222.2,98305,Plasmid,3,0,0,1,0,0,0,0,0,0,1,0,0,0,0,0,0,1,0,0,0,0,0,,Pseudomonadota,Gammaproteobacteria,Enterobacterales,Enterobacteriaceae,Escherichia
GCF_013374295.2,NZ_AP023233.2,98306,Plasmid,3,0,0,1,0,0,0,0,0,0,1,0,0,0,0,0,0,1,0,0,0,0,0,,Pseudomonadota,Gammaproteobacteria,Enterobacterales,Enterobacteriaceae,Escherichia
GCF_013389615.1,NZ_CP058309.1,109907,Plasmid,3,0,0,1,0,0,0,0,0,0,0,0,0,0,0,0,1,1,0,0,0,0,0,,Pseudomonadota,Gammaproteobacteria,Enterobacterales,Enterobacteriaceae,Escherichia
GCF_013391825.1,NZ_CP058356.1,112466,Plasmid,4,0,0,1,0,0,0,0,0,0,0,0,0,0,0,0,1,1,0,1,0,0,0,,Pseudomonadota,Gammaproteobacteria,Enterobacterales,Enterobacteriaceae,Escherichia
GCF_013426075.1,NZ_CP058654.1,89623,Plasmid,4,0,1,0,0,0,0,0,0,0,1,0,0,0,0,0,1,1,0,0,0,0,0,,Pseudomonadota,Gammaproteobacteria,Enterobacterales,Enterobacteriaceae,Escherichia
GCF_013426095.1,NZ_CP058659.1,89623,Plasmid,4,0,1,0,0,0,0,0,0,0,1,0,0,0,0,0,1,1,0,0,0,0,0,,Pseudomonadota,Gammaproteobacteria,Enterobacterales,Enterobacteriaceae,Escherichia
GCF_013694285.1,NZ_CP059290.1,92457,Plasmid,3,0,0,1,0,0,0,0,0,0,1,0,0,0,0,0,0,1,0,0,0,0,0,,Pseudomonadota,Gammaproteobacteria,Enterobacterales,Enterobacteriaceae,Escherichia
GCF_014058445.2,NZ_CP058684.1,89589,Plasmid,4,0,0,1,0,0,0,0,0,0,1,0,0,0,0,0,0,1,0,1,0,0,0,,Pseudomonadota,Gammaproteobacteria,Enterobacterales,Enterobacteriaceae,Escherichia
GCF_014169415.1,NZ_AP022163.1,97833,Plasmid,3,0,0,1,0,0,0,0,0,0,1,0,0,0,0,0,0,1,0,0,0,0,0,,Pseudomonadota,Gammaproteobacteria,Enterobacterales,Enterobacteriaceae,Escherichia
GCF_014169415.1,NZ_AP022164.1,47454,Plasmid,1,0,0,0,0,0,0,0,0,0,1,0,0,0,0,0,0,0,0,0,0,0,0,,Pseudomonadota,Gammaproteobacteria,Enterobacterales,Enterobacteriaceae,Escherichia
GCF_014169595.1,NZ_AP022217.1,92332,Plasmid,5,0,1,0,0,0,0,0,0,0,1,0,0,0,0,0,1,1,0,1,0,0,0,,Pseudomonadota,Gammaproteobacteria,Enterobacterales,Enterobacteriaceae,Escherichia
GCF_014170615.1,NZ_CP059910.1,99361,Plasmid,4,0,0,1,0,0,0,0,0,0,1,0,0,0,0,0,0,1,0,1,0,0,0,,Pseudomonadota,Gammaproteobacteria,Enterobacterales,Enterobacteriaceae,Escherichia
GCF_014171015.1,NZ_AP022089.1,110167,Plasmid,3,0,0,1,0,0,0,0,0,0,0,0,0,0,0,0,1,1,0,0,0,0,0,,Pseudomonadota,Gammaproteobacteria,Enterobacterales,Enterobacteriaceae,Escherichia
GCF_014605875.1,NZ_CP061330.1,127456,Plasmid,1,0,0,0,0,0,0,0,0,0,0,0,0,0,0,0,0,1,0,0,0,0,0,,Pseudomonadota,Gammaproteobacteria,Enterobacterales,Enterobacteriaceae,Escherichia
GCF_014705965.1,NZ_CP061531.1,108197,Plasmid,4,0,0,1,0,0,0,0,0,0,0,0,0,0,0,0,1,1,0,1,0,0,0,,Pseudomonadota,Gammaproteobacteria,Enterobacterales,Enterobacteriaceae,Escherichia
GCF_014826015.1,NZ_CP058619.1,91318,Plasmid,4,0,0,1,0,0,0,0,0,0,1,0,0,0,0,0,1,1,0,0,0,0,0,,Pseudomonadota,Gammaproteobacteria,Enterobacterales,Enterobacteriaceae,Escherichia
GCF_014854575.1,NZ_CP062206.1,48103,Plasmid,1,0,0,0,0,0,0,0,0,0,1,0,0,0,0,0,0,0,0,0,0,0,0,,Pseudomonadota,Gammaproteobacteria,Enterobacterales,Enterobacteriaceae,Escherichia
GCF_014904175.2,NZ_CP075475.1,108720,Plasmid,1,0,0,1,0,0,0,0,0,0,0,0,0,0,0,0,0,0,0,0,0,0,0,,Pseudomonadota,Gammaproteobacteria,Enterobacterales,Enterobacteriaceae,Escherichia
GCF_014904265.2,NZ_CP075488.1,108720,Plasmid,1,0,0,1,0,0,0,0,0,0,0,0,0,0,0,0,0,0,0,0,0,0,0,,Pseudomonadota,Gammaproteobacteria,Enterobacterales,Enterobacteriaceae,Escherichia
GCF_014962565.1,NZ_CP063155.1,96139,Plasmid,4,0,0,1,0,0,0,0,0,0,1,0,0,0,0,0,0,1,0,1,0,0,0,,Pseudomonadota,Gammaproteobacteria,Enterobacterales,Enterobacteriaceae,Escherichia
GCF_015139375.1,NZ_AP022542.1,113269,Plasmid,4,0,0,1,0,0,0,0,0,0,0,0,0,0,0,0,1,0,0,1,0,0,1,,Pseudomonadota,Gammaproteobacteria,Enterobacterales,Enterobacteriaceae,Escherichia
GCF_015139375.1,NZ_AP022544.1,84757,Plasmid,3,0,0,1,0,0,0,0,0,0,1,0,0,0,0,0,0,1,0,0,0,0,0,,Pseudomonadota,Gammaproteobacteria,Enterobacterales,Enterobacteriaceae,Escherichia
GCF_015508805.1,NZ_AP022814.1,48397,Plasmid,1,0,0,0,0,0,0,0,0,0,1,0,0,0,0,0,0,0,0,0,0,0,0,,Pseudomonadota,Gammaproteobacteria,Enterobacterales,Enterobacteriaceae,Escherichia
GCF_015509005.1,NZ_AP022818.1,48666,Plasmid,1,0,0,0,0,0,0,0,0,0,1,0,0,0,0,0,0,0,0,0,0,0,0,,Pseudomonadota,Gammaproteobacteria,Enterobacterales,Enterobacteriaceae,Escherichia
GCF_015571535.1,NZ_CP062814.1,114826,Plasmid,4,0,0,1,0,0,0,0,0,0,0,0,0,0,0,0,1,1,0,1,0,0,0,,Pseudomonadota,Gammaproteobacteria,Enterobacterales,Enterobacteriaceae,Escherichia
GCF_015571555.1,NZ_CP062820.1,141259,Plasmid,1,0,0,0,0,0,0,0,0,0,0,0,0,0,0,0,0,1,0,0,0,0,0,,Pseudomonadota,Gammaproteobacteria,Enterobacterales,Enterobacteriaceae,Escherichia
GCF_015571555.1,NZ_CP062816.1,117229,Plasmid,3,0,0,1,0,0,0,0,0,0,1,0,0,0,0,0,0,1,0,0,0,0,0,,Pseudomonadota,Gammaproteobacteria,Enterobacterales,Enterobacteriaceae,Escherichia
GCF_015571615.1,NZ_CP062831.1,141262,Plasmid,1,0,0,0,0,0,0,0,0,0,0,0,0,0,0,0,0,1,0,0,0,0,0,,Pseudomonadota,Gammaproteobacteria,Enterobacterales,Enterobacteriaceae,Escherichia
GCF_015571615.1,NZ_CP062827.1,117229,Plasmid,3,0,0,1,0,0,0,0,0,0,1,0,0,0,0,0,0,1,0,0,0,0,0,,Pseudomonadota,Gammaproteobacteria,Enterobacterales,Enterobacteriaceae,Escherichia
GCF_015571635.1,NZ_CP062837.1,141255,Plasmid,1,0,0,0,0,0,0,0,0,0,0,0,0,0,0,0,0,1,0,0,0,0,0,,Pseudomonadota,Gammaproteobacteria,Enterobacterales,Enterobacteriaceae,Escherichia
GCF_015571655.1,NZ_CP062843.1,141262,Plasmid,1,0,0,0,0,0,0,0,0,0,0,0,0,0,0,0,0,1,0,0,0,0,0,,Pseudomonadota,Gammaproteobacteria,Enterobacterales,Enterobacteriaceae,Escherichia
GCF_015571655.1,NZ_CP062839.1,118942,Plasmid,3,0,0,1,0,0,0,0,0,0,1,0,0,0,0,0,0,1,0,0,0,0,0,,Pseudomonadota,Gammaproteobacteria,Enterobacterales,Enterobacteriaceae,Escherichia
GCF_015571775.1,NZ_CP062888.1,141254,Plasmid,1,0,0,0,0,0,0,0,0,0,0,0,0,0,0,0,0,1,0,0,0,0,0,,Pseudomonadota,Gammaproteobacteria,Enterobacterales,Enterobacteriaceae,Escherichia
GCF_015571775.1,NZ_CP062884.1,117198,Plasmid,3,0,0,1,0,0,0,0,0,0,1,0,0,0,0,0,0,1,0,0,0,0,0,,Pseudomonadota,Gammaproteobacteria,Enterobacterales,Enterobacteriaceae,Escherichia
GCF_015571815.1,NZ_CP062860.1,97512,Plasmid,3,0,0,1,0,0,0,0,0,0,1,0,0,0,0,0,0,1,0,0,0,0,0,,Pseudomonadota,Gammaproteobacteria,Enterobacterales,Enterobacteriaceae,Escherichia
GCF_015571875.1,NZ_CP062900.1,141262,Plasmid,1,0,0,0,0,0,0,0,0,0,0,0,0,0,0,0,0,1,0,0,0,0,0,,Pseudomonadota,Gammaproteobacteria,Enterobacterales,Enterobacteriaceae,Escherichia
GCF_015571955.1,NZ_CP062905.1,97516,Plasmid,3,0,0,1,0,0,0,0,0,0,1,0,0,0,0,0,0,1,0,0,0,0,0,,Pseudomonadota,Gammaproteobacteria,Enterobacterales,Enterobacteriaceae,Escherichia
GCF_016126995.1,NZ_CP065971.1,128137,Plasmid,1,0,0,0,0,0,0,0,0,0,0,0,0,0,0,0,0,0,0,0,0,0,1,,Pseudomonadota,Gammaproteobacteria,Enterobacterales,Enterobacteriaceae,Escherichia
GCF_016127695.1,NZ_CP066033.1,97453,Plasmid,5,0,1,0,0,0,0,0,0,0,1,0,0,0,0,0,1,1,0,1,0,0,0,,Pseudomonadota,Gammaproteobacteria,Enterobacterales,Enterobacteriaceae,Escherichia
GCF_016132505.1,NZ_CP066145.1,48488,Plasmid,1,0,0,0,0,0,0,0,0,0,1,0,0,0,0,0,0,0,0,0,0,0,0,,Pseudomonadota,Gammaproteobacteria,Enterobacterales,Enterobacteriaceae,Escherichia
GCF_016432785.1,NZ_CP061103.1,92656,Plasmid,5,0,1,0,0,0,0,0,0,0,1,0,0,0,0,0,1,1,0,1,0,0,0,,Pseudomonadota,Gammaproteobacteria,Enterobacterales,Enterobacteriaceae,Escherichia
GCF_016446335.1,NZ_CP048823.1,115329,Plasmid,3,0,0,1,0,0,0,0,0,0,1,0,0,0,0,0,0,1,0,0,0,0,0,,Pseudomonadota,Gammaproteobacteria,Enterobacterales,Enterobacteriaceae,Escherichia
GCF_016806005.1,NZ_CP019354.1,107661,Plasmid,4,0,0,1,0,0,0,0,0,0,0,0,0,0,0,0,1,1,0,1,0,0,0,,Pseudomonadota,Gammaproteobacteria,Enterobacterales,Enterobacteriaceae,Escherichia
GCF_016889565.1,NZ_CP069714.1,93942,Plasmid,3,0,0,1,0,0,0,0,0,0,1,0,0,0,0,0,0,1,0,0,0,0,0,,Pseudomonadota,Gammaproteobacteria,Enterobacterales,Enterobacteriaceae,Escherichia
GCF_016890005.1,NZ_CP069570.1,90593,Plasmid,3,0,0,1,0,0,0,0,0,0,1,0,0,0,0,0,0,1,0,0,0,0,0,,Pseudomonadota,Gammaproteobacteria,Enterobacterales,Enterobacteriaceae,Escherichia
GCF_016903315.1,NZ_CP069885.1,95822,Plasmid,3,0,0,1,0,0,0,0,0,0,1,0,0,0,0,0,0,1,0,0,0,0,0,,Pseudomonadota,Gammaproteobacteria,Enterobacterales,Enterobacteriaceae,Escherichia
GCF_016903315.1,NZ_CP069886.1,91616,Plasmid,4,0,1,0,0,0,0,0,0,0,1,0,0,0,0,0,1,1,0,0,0,0,0,,Pseudomonadota,Gammaproteobacteria,Enterobacterales,Enterobacteriaceae,Escherichia
GCF_016903815.1,NZ_CP069971.1,48644,Plasmid,1,0,0,0,0,0,0,0,0,0,1,0,0,0,0,0,0,0,0,0,0,0,0,,Pseudomonadota,Gammaproteobacteria,Enterobacterales,Enterobacteriaceae,Escherichia
GCF_016903815.1,NZ_CP069975.1,41445,Plasmid,3,0,0,1,0,0,0,0,0,0,1,0,0,0,0,0,0,1,0,0,0,0,0,,Pseudomonadota,Gammaproteobacteria,Enterobacterales,Enterobacteriaceae,Escherichia
GCF_016903935.1,NZ_CP070008.1,198318,Plasmid,2,2,0,0,0,0,0,0,0,0,0,0,0,0,0,0,0,0,0,0,0,0,0,,Pseudomonadota,Gammaproteobacteria,Enterobacterales,Enterobacteriaceae,Escherichia
GCF_016903995.1,NZ_CP070025.1,48850,Plasmid,1,0,0,0,0,0,0,0,0,0,1,0,0,0,0,0,0,0,0,0,0,0,0,,Pseudomonadota,Gammaproteobacteria,Enterobacterales,Enterobacteriaceae,Escherichia
GCF_016904235.1,NZ_CP070074.1,115209,Plasmid,4,0,0,1,0,0,0,0,0,0,0,0,0,0,0,0,1,0,0,1,0,0,1,,Pseudomonadota,Gammaproteobacteria,Enterobacterales,Enterobacteriaceae,Escherichia
GCF_016904495.1,NZ_CP070135.1,108185,Plasmid,4,0,0,1,0,0,0,0,0,0,0,0,0,0,0,0,1,1,0,1,0,0,0,,Pseudomonadota,Gammaproteobacteria,Enterobacterales,Enterobacteriaceae,Escherichia
GCF_016904495.1,NZ_CP070136.1,48183,Plasmid,1,0,0,0,0,0,0,0,0,0,1,0,0,0,0,0,0,0,0,0,0,0,0,,Pseudomonadota,Gammaproteobacteria,Enterobacterales,Enterobacteriaceae,Escherichia
GCF_016942475.1,NZ_CP063334.1,96331,Plasmid,3,0,0,1,0,0,0,0,0,0,1,0,0,0,0,0,0,1,0,0,0,0,0,,Pseudomonadota,Gammaproteobacteria,Enterobacterales,Enterobacteriaceae,Escherichia
GCF_016942535.1,NZ_CP063350.1,121017,Plasmid,1,0,0,0,0,0,0,0,0,0,0,0,0,0,0,0,0,0,0,0,0,0,1,,Pseudomonadota,Gammaproteobacteria,Enterobacterales,Enterobacteriaceae,Escherichia
GCF_016942575.1,NZ_CP063461.1,5759,Plasmid,1,0,0,0,0,0,0,0,0,0,0,0,1,0,0,0,0,0,0,0,0,0,0,,Pseudomonadota,Gammaproteobacteria,Enterobacterales,Enterobacteriaceae,Escherichia
GCF_016944715.1,NZ_CP063505.1,94185,Plasmid,3,0,0,1,0,0,0,0,0,0,1,0,0,0,0,0,0,1,0,0,0,0,0,,Pseudomonadota,Gammaproteobacteria,Enterobacterales,Enterobacteriaceae,Escherichia
GCF_017088425.1,NZ_CP070908.1,111012,Plasmid,3,0,0,1,0,0,0,0,0,0,0,0,0,0,0,0,1,1,0,0,0,0,0,,Pseudomonadota,Gammaproteobacteria,Enterobacterales,Enterobacteriaceae,Escherichia
GCF_017310445.1,NZ_CP064105.1,47492,Plasmid,1,0,0,0,0,0,0,0,0,0,1,0,0,0,0,0,0,0,0,0,0,0,0,,Pseudomonadota,Gammaproteobacteria,Enterobacterales,Enterobacteriaceae,Escherichia
GCF_017357505.1,NZ_CP032086.1,94204,Plasmid,2,0,0,0,0,0,0,0,0,0,2,0,0,0,0,0,0,0,0,0,0,0,0,,Pseudomonadota,Gammaproteobacteria,Enterobacterales,Enterobacteriaceae,Escherichia
GCF_017638965.1,NZ_CP067234.1,95149,Plasmid,3,0,0,1,0,0,0,0,0,0,1,0,0,0,0,0,0,1,0,0,0,0,0,,Pseudomonadota,Gammaproteobacteria,Enterobacterales,Enterobacteriaceae,Escherichia
GCF_017638985.1,NZ_CP067237.1,96901,Plasmid,3,0,0,1,0,0,0,0,0,0,1,0,0,0,0,0,0,1,0,0,0,0,0,,Pseudomonadota,Gammaproteobacteria,Enterobacterales,Enterobacteriaceae,Escherichia
GCF_018141245.1,NZ_CP032074.1,108175,Plasmid,1,0,0,1,0,0,0,0,0,0,0,0,0,0,0,0,0,0,0,0,0,0,0,,Pseudomonadota,Gammaproteobacteria,Enterobacterales,Enterobacteriaceae,Escherichia
GCF_018279085.1,NZ_CP047007.1,5772,Plasmid,1,0,0,0,0,0,0,0,0,0,0,0,1,0,0,0,0,0,0,0,0,0,0,,Pseudomonadota,Gammaproteobacteria,Enterobacterales,Enterobacteriaceae,Escherichia
GCF_018279085.1,NZ_CP047004.1,112016,Plasmid,4,0,0,1,0,0,0,0,0,0,0,0,0,0,0,0,1,1,0,1,0,0,0,,Pseudomonadota,Gammaproteobacteria,Enterobacterales,Enterobacteriaceae,Escherichia
GCF_018279125.1,NZ_CP047013.1,93419,Plasmid,5,0,1,0,0,0,0,0,0,0,1,0,0,0,0,0,1,1,0,1,0,0,0,,Pseudomonadota,Gammaproteobacteria,Enterobacterales,Enterobacteriaceae,Escherichia
GCF_018279585.1,NZ_CP034659.1,454520,Plasmid,3,0,0,1,0,0,0,0,0,0,1,0,0,0,0,0,0,1,0,0,0,0,0,,Pseudomonadota,Gammaproteobacteria,Enterobacterales,Enterobacteriaceae,Escherichia
GCF_018316615.1,NZ_CP074122.1,111789,Plasmid,3,0,0,1,0,0,0,0,0,0,0,0,0,0,0,0,1,1,0,0,0,0,0,,Pseudomonadota,Gammaproteobacteria,Enterobacterales,Enterobacteriaceae,Escherichia
GCF_018415975.1,NZ_CP075059.1,101922,Plasmid,3,0,0,1,0,0,0,0,0,0,1,0,0,0,0,0,0,1,0,0,0,0,0,,Pseudomonadota,Gammaproteobacteria,Enterobacterales,Enterobacteriaceae,Escherichia
GCF_018415975.1,NZ_CP075058.1,107542,Plasmid,3,0,0,1,0,0,0,0,0,0,0,0,0,0,0,0,1,1,0,0,0,0,0,,Pseudomonadota,Gammaproteobacteria,Enterobacterales,Enterobacteriaceae,Escherichia
GCF_018771465.1,NZ_CP076307.1,86764,Plasmid,5,0,1,0,0,0,0,0,0,0,1,0,0,0,0,0,1,1,0,1,0,0,0,,Pseudomonadota,Gammaproteobacteria,Enterobacterales,Enterobacteriaceae,Escherichia
GCF_018771585.1,NZ_CP076303.1,96219,Plasmid,3,0,0,1,0,0,0,0,0,0,1,0,0,0,0,0,0,1,0,0,0,0,0,,Pseudomonadota,Gammaproteobacteria,Enterobacterales,Enterobacteriaceae,Escherichia
GCF_018884065.1,NZ_CP048917.1,92027,Plasmid,3,0,0,1,0,0,0,0,0,0,1,0,0,0,0,0,0,1,0,0,0,0,0,,Pseudomonadota,Gammaproteobacteria,Enterobacterales,Enterobacteriaceae,Escherichia
GCF_018884385.1,NZ_CP035843.1,119787,Plasmid,4,0,0,1,0,0,0,0,0,0,0,0,0,0,0,0,1,1,0,1,0,0,0,,Pseudomonadota,Gammaproteobacteria,Enterobacterales,Enterobacteriaceae,Escherichia
GCF_018884465.1,NZ_CP035864.1,47458,Plasmid,1,0,0,0,0,0,0,0,0,0,1,0,0,0,0,0,0,0,0,0,0,0,0,,Pseudomonadota,Gammaproteobacteria,Enterobacterales,Enterobacteriaceae,Escherichia
GCF_018884525.1,NZ_CP035876.1,96149,Plasmid,5,0,0,1,0,0,0,0,0,0,1,0,0,0,0,0,1,1,0,1,0,0,0,,Pseudomonadota,Gammaproteobacteria,Enterobacterales,Enterobacteriaceae,Escherichia
GCF_018988345.1,NZ_CP067400.1,138776,Plasmid,1,0,0,1,0,0,0,0,0,0,0,0,0,0,0,0,0,0,0,0,0,0,0,,Pseudomonadota,Gammaproteobacteria,Enterobacterales,Enterobacteriaceae,Escherichia
GCF_018988345.1,NZ_CP067401.1,96022,Plasmid,3,0,0,1,0,0,0,0,0,0,1,0,0,0,0,0,0,1,0,0,0,0,0,,Pseudomonadota,Gammaproteobacteria,Enterobacterales,Enterobacteriaceae,Escherichia
GCF_019086825.1,NZ_CP074704.1,95167,Plasmid,4,0,0,1,0,0,0,0,0,0,1,0,0,0,0,0,1,1,0,0,0,0,0,,Pseudomonadota,Gammaproteobacteria,Enterobacterales,Enterobacteriaceae,Escherichia
GCF_019428725.1,NZ_CP080149.1,110377,Plasmid,3,0,0,1,0,0,0,0,0,0,0,0,0,0,0,0,1,1,0,0,0,0,0,,Pseudomonadota,Gammaproteobacteria,Enterobacterales,Enterobacteriaceae,Escherichia
GCF_019431145.1,NZ_CP080254.1,101399,Plasmid,3,0,0,1,0,0,0,0,0,0,1,0,0,0,0,0,0,1,0,0,0,0,0,,Pseudomonadota,Gammaproteobacteria,Enterobacterales,Enterobacteriaceae,Escherichia
GCF_019431165.1,NZ_CP080257.1,113446,Plasmid,4,0,0,1,0,0,0,0,0,0,0,0,0,0,0,0,1,1,0,1,0,0,0,,Pseudomonadota,Gammaproteobacteria,Enterobacterales,Enterobacteriaceae,Escherichia
GCF_019434375.1,NZ_CP076528.1,82856,Plasmid,3,0,0,1,0,0,0,0,0,0,1,0,0,0,0,0,0,1,0,0,0,0,0,,Pseudomonadota,Gammaproteobacteria,Enterobacterales,Enterobacteriaceae,Escherichia
GCF_019443365.1,NZ_CP080373.1,95348,Plasmid,4,0,0,1,0,0,0,0,0,0,1,0,0,0,0,0,1,1,0,0,0,0,0,,Pseudomonadota,Gammaproteobacteria,Enterobacterales,Enterobacteriaceae,Escherichia
GCF_019645975.1,NZ_CP081011.1,49741,Plasmid,1,0,0,0,0,0,0,0,0,0,1,0,0,0,0,0,0,0,0,0,0,0,0,,Pseudomonadota,Gammaproteobacteria,Enterobacterales,Enterobacteriaceae,Escherichia
GCF_019720795.1,NZ_CP081308.1,90661,Plasmid,4,0,1,0,0,0,0,0,0,0,0,0,0,0,0,0,1,1,0,1,0,0,0,,Pseudomonadota,Gammaproteobacteria,Enterobacterales,Enterobacteriaceae,Escherichia
GCF_019843995.1,NZ_CP082122.1,108374,Plasmid,3,0,0,1,0,0,0,0,0,0,0,0,0,0,0,0,1,1,0,0,0,0,0,,Pseudomonadota,Gammaproteobacteria,Enterobacterales,Enterobacteriaceae,Escherichia
GCF_019969545.1,NZ_CP081778.1,39448,Plasmid,2,0,0,1,0,0,0,0,0,0,0,0,0,0,0,0,0,1,0,0,0,0,0,,Pseudomonadota,Gammaproteobacteria,Enterobacterales,Enterobacteriaceae,Escherichia
GCF_019969565.1,NZ_CP081694.1,29741,Plasmid,2,0,0,1,0,0,0,0,0,0,0,0,0,0,0,0,0,1,0,0,0,0,0,,Pseudomonadota,Gammaproteobacteria,Enterobacterales,Enterobacteriaceae,Escherichia
GCF_019969585.1,NZ_CP081786.1,39448,Plasmid,2,0,0,1,0,0,0,0,0,0,0,0,0,0,0,0,0,1,0,0,0,0,0,,Pseudomonadota,Gammaproteobacteria,Enterobacterales,Enterobacteriaceae,Escherichia
GCF_019969585.1,NZ_CP081787.1,6197,Plasmid,2,0,0,1,0,0,0,0,0,0,0,0,0,0,0,0,0,1,0,0,0,0,0,,Pseudomonadota,Gammaproteobacteria,Enterobacterales,Enterobacteriaceae,Escherichia
GCF_019969605.1,NZ_CP081792.1,94799,Plasmid,4,0,0,1,0,0,0,0,0,0,0,0,0,0,0,0,1,1,0,1,0,0,0,,Pseudomonadota,Gammaproteobacteria,Enterobacterales,Enterobacteriaceae,Escherichia
GCF_019969645.1,NZ_CP081702.1,94799,Plasmid,4,0,0,1,0,0,0,0,0,0,0,0,0,0,0,0,1,1,0,1,0,0,0,,Pseudomonadota,Gammaproteobacteria,Enterobacterales,Enterobacteriaceae,Escherichia
GCF_019970975.1,NZ_CP081707.1,94797,Plasmid,4,0,0,1,0,0,0,0,0,0,0,0,0,0,0,0,1,1,0,1,0,0,0,,Pseudomonadota,Gammaproteobacteria,Enterobacterales,Enterobacteriaceae,Escherichia
GCF_019976835.1,NZ_AP024520.1,99051,Plasmid,1,0,0,0,0,0,0,0,0,0,0,0,0,0,0,0,1,0,0,0,0,0,0,,Pseudomonadota,Gammaproteobacteria,Enterobacterales,Enterobacteriaceae,Escherichia
GCF_019976915.1,NZ_AP024522.1,98724,Plasmid,1,0,0,0,0,0,0,0,0,0,0,0,0,0,0,0,1,0,0,0,0,0,0,,Pseudomonadota,Gammaproteobacteria,Enterobacterales,Enterobacteriaceae,Escherichia
GCF_020091645.1,NZ_CP083587.1,94565,Plasmid,4,0,0,1,0,0,0,0,0,0,1,0,0,0,0,0,1,1,0,0,0,0,0,,Pseudomonadota,Gammaproteobacteria,Enterobacterales,Enterobacteriaceae,Escherichia
GCF_020149465.1,NZ_CP083706.1,89634,Plasmid,3,0,0,1,0,0,0,0,0,0,1,0,0,0,0,0,0,1,0,0,0,0,0,,Pseudomonadota,Gammaproteobacteria,Enterobacterales,Enterobacteriaceae,Escherichia
GCF_020540945.1,NZ_CP085058.1,92591,Plasmid,3,0,0,1,0,0,0,0,0,0,1,0,0,0,0,0,0,1,0,0,0,0,0,,Pseudomonadota,Gammaproteobacteria,Enterobacterales,Enterobacteriaceae,Escherichia
GCF_020540985.1,NZ_CP085065.1,94191,Plasmid,4,0,0,1,0,0,0,0,0,0,1,0,0,0,0,0,1,1,0,0,0,0,0,,Pseudomonadota,Gammaproteobacteria,Enterobacterales,Enterobacteriaceae,Escherichia
GCF_020616475.1,NZ_CP085184.1,111696,Plasmid,3,0,0,1,0,0,0,0,0,0,0,0,0,0,0,0,1,1,0,0,0,0,0,,Pseudomonadota,Gammaproteobacteria,Enterobacterales,Enterobacteriaceae,Escherichia
GCF_020827555.1,NZ_CP083480.1,111656,Plasmid,4,0,0,1,0,0,0,0,0,0,0,0,0,0,0,0,1,1,0,1,0,0,0,,Pseudomonadota,Gammaproteobacteria,Enterobacterales,Enterobacteriaceae,Escherichia
GCF_020827575.1,NZ_CP083486.1,94363,Plasmid,3,0,0,1,0,0,0,0,0,0,1,0,0,0,0,0,0,1,0,0,0,0,0,,Pseudomonadota,Gammaproteobacteria,Enterobacterales,Enterobacteriaceae,Escherichia
GCF_020827615.1,NZ_CP083502.1,112107,Plasmid,3,0,0,1,0,0,0,0,0,0,0,0,0,0,0,0,1,1,0,0,0,0,0,,Pseudomonadota,Gammaproteobacteria,Enterobacterales,Enterobacteriaceae,Escherichia
GCF_020868245.1,NZ_CP086388.1,113047,Plasmid,1,0,0,1,0,0,0,0,0,0,0,0,0,0,0,0,0,0,0,0,0,0,0,,Pseudomonadota,Gammaproteobacteria,Enterobacterales,Enterobacteriaceae,Escherichia
GCF_020886495.2,NZ_AP025215.1,110874,Plasmid,4,0,0,1,0,0,0,0,0,0,0,0,0,0,0,0,1,1,0,1,0,0,0,,Pseudomonadota,Gammaproteobacteria,Enterobacterales,Enterobacteriaceae,Escherichia
GCF_021484785.1,NZ_CP090612.1,420355,Plasmid,5,0,0,0,0,1,0,0,1,0,0,1,0,0,0,0,0,0,0,0,2,0,0,,Pseudomonadota,Gammaproteobacteria,Enterobacterales,Enterobacteriaceae,Escherichia
GCF_021498025.2,NZ_CP097097.1,90559,Plasmid,3,0,0,1,0,0,0,0,0,0,1,0,0,0,0,0,0,1,0,0,0,0,0,,Pseudomonadota,Gammaproteobacteria,Enterobacterales,Enterobacteriaceae,Escherichia
GCF_021498045.1,NZ_CP054193.1,92646,Plasmid,3,0,0,1,0,0,0,0,0,0,1,0,0,0,0,0,0,1,0,0,0,0,0,,Pseudomonadota,Gammaproteobacteria,Enterobacterales,Enterobacteriaceae,Escherichia
GCF_022058205.1,NZ_CP091837.1,76063,Plasmid,3,0,1,0,0,0,0,0,0,0,1,0,0,0,0,0,0,1,0,0,0,0,0,,Pseudomonadota,Gammaproteobacteria,Enterobacterales,Enterobacteriaceae,Escherichia
GCF_022058225.1,NZ_CP091840.1,90138,Plasmid,3,0,1,0,0,0,0,0,0,0,1,0,0,0,0,0,0,0,0,0,0,0,1,,Pseudomonadota,Gammaproteobacteria,Enterobacterales,Enterobacteriaceae,Escherichia
GCF_022453585.1,NZ_CP092645.1,99284,Plasmid,3,0,0,1,0,0,0,0,0,0,1,0,0,0,0,0,0,1,0,0,0,0,0,,Pseudomonadota,Gammaproteobacteria,Enterobacterales,Enterobacteriaceae,Escherichia
GCF_022494075.1,NZ_CP058881.1,96770,Plasmid,3,0,0,1,0,0,0,0,0,0,1,0,0,0,0,0,0,1,0,0,0,0,0,,Pseudomonadota,Gammaproteobacteria,Enterobacterales,Enterobacteriaceae,Escherichia
GCF_022494315.1,NZ_CP058750.1,95942,Plasmid,3,0,0,1,0,0,0,0,0,0,1,0,0,0,0,0,0,1,0,0,0,0,0,,Pseudomonadota,Gammaproteobacteria,Enterobacterales,Enterobacteriaceae,Escherichia
GCF_022494725.1,NZ_CP091679.1,98126,Plasmid,4,0,0,1,0,0,0,0,0,0,1,0,0,0,0,0,0,1,0,1,0,0,0,,Pseudomonadota,Gammaproteobacteria,Enterobacterales,Enterobacteriaceae,Escherichia
GCF_022558825.1,NZ_CP060916.1,91063,Plasmid,3,0,0,1,0,0,0,0,0,0,1,0,0,0,0,0,0,1,0,0,0,0,0,,Pseudomonadota,Gammaproteobacteria,Enterobacterales,Enterobacteriaceae,Escherichia
GCF_022558845.1,NZ_CP060921.1,91360,Plasmid,3,0,0,1,0,0,0,0,0,0,1,0,0,0,0,0,0,1,0,0,0,0,0,,Pseudomonadota,Gammaproteobacteria,Enterobacterales,Enterobacteriaceae,Escherichia
GCF_022558865.1,NZ_CP060935.1,91360,Plasmid,3,0,0,1,0,0,0,0,0,0,1,0,0,0,0,0,0,1,0,0,0,0,0,,Pseudomonadota,Gammaproteobacteria,Enterobacterales,Enterobacteriaceae,Escherichia
GCF_022558885.1,NZ_CP060930.1,94661,Plasmid,3,0,0,1,0,0,0,0,0,0,1,0,0,0,0,0,0,1,0,0,0,0,0,,Pseudomonadota,Gammaproteobacteria,Enterobacterales,Enterobacteriaceae,Escherichia
GCF_022558985.1,NZ_CP043277.1,89248,Plasmid,4,0,1,0,0,0,0,0,0,0,1,0,0,0,0,0,1,1,0,0,0,0,0,,Pseudomonadota,Gammaproteobacteria,Enterobacterales,Enterobacteriaceae,Escherichia
GCF_022559025.1,NZ_CP043288.1,86177,Plasmid,2,0,0,1,0,0,0,0,0,0,0,0,0,0,0,0,0,1,0,0,0,0,0,,Pseudomonadota,Gammaproteobacteria,Enterobacterales,Enterobacteriaceae,Escherichia
GCF_022559065.1,NZ_CP043337.1,90994,Plasmid,5,0,1,0,0,0,0,0,0,0,1,0,0,0,0,0,1,1,0,1,0,0,0,,Pseudomonadota,Gammaproteobacteria,Enterobacterales,Enterobacteriaceae,Escherichia
GCF_022559065.1,NZ_CP043339.1,5773,Plasmid,1,0,0,0,0,0,0,0,0,0,0,0,1,0,0,0,0,0,0,0,0,0,0,,Pseudomonadota,Gammaproteobacteria,Enterobacterales,Enterobacteriaceae,Escherichia
GCF_022559325.1,NZ_CP060984.1,8776,Plasmid,1,0,0,0,0,0,0,0,0,0,0,0,1,0,0,0,0,0,0,0,0,0,0,,Pseudomonadota,Gammaproteobacteria,Enterobacterales,Enterobacteriaceae,Escherichia
GCF_022591475.1,NZ_CP093228.1,99719,Plasmid,3,0,0,1,0,0,0,0,0,0,1,0,0,0,0,0,0,1,0,0,0,0,0,,Pseudomonadota,Gammaproteobacteria,Enterobacterales,Enterobacteriaceae,Escherichia
GCF_022699465.1,NZ_CP093921.1,90296,Plasmid,4,0,0,1,0,0,0,0,0,0,1,0,0,0,0,0,1,1,0,0,0,0,0,,Pseudomonadota,Gammaproteobacteria,Enterobacterales,Enterobacteriaceae,Escherichia
GCF_022759725.1,NZ_CP086503.1,90296,Plasmid,4,0,0,1,0,0,0,0,0,0,1,0,0,0,0,0,1,1,0,0,0,0,0,,Pseudomonadota,Gammaproteobacteria,Enterobacterales,Enterobacteriaceae,Escherichia
GCF_022759745.1,NZ_CP086493.1,89996,Plasmid,4,0,0,1,0,0,0,0,0,0,1,0,0,0,0,0,1,1,0,0,0,0,0,,Pseudomonadota,Gammaproteobacteria,Enterobacterales,Enterobacteriaceae,Escherichia
GCF_022759765.1,NZ_CP086483.1,89996,Plasmid,4,0,0,1,0,0,0,0,0,0,1,0,0,0,0,0,1,1,0,0,0,0,0,,Pseudomonadota,Gammaproteobacteria,Enterobacterales,Enterobacteriaceae,Escherichia
GCF_022759805.1,NZ_CP086513.1,90446,Plasmid,4,0,0,1,0,0,0,0,0,0,1,0,0,0,0,0,1,1,0,0,0,0,0,,Pseudomonadota,Gammaproteobacteria,Enterobacterales,Enterobacteriaceae,Escherichia
GCF_022759785.1,NZ_CP086473.1,89996,Plasmid,4,0,0,1,0,0,0,0,0,0,1,0,0,0,0,0,1,1,0,0,0,0,0,,Pseudomonadota,Gammaproteobacteria,Enterobacterales,Enterobacteriaceae,Escherichia
GCF_022964775.1,NZ_CP095126.1,99933,Plasmid,3,0,0,1,0,0,0,0,0,0,1,0,0,0,0,0,0,1,0,0,0,0,0,,Pseudomonadota,Gammaproteobacteria,Enterobacterales,Enterobacteriaceae,Escherichia
GCF_022964775.1,NZ_CP095127.1,94223,Plasmid,4,0,0,1,0,0,0,0,0,0,1,0,0,0,0,0,1,1,0,0,0,0,0,,Pseudomonadota,Gammaproteobacteria,Enterobacterales,Enterobacteriaceae,Escherichia
GCF_022964815.1,NZ_CP095139.1,110850,Plasmid,4,0,0,1,0,0,0,0,0,0,0,0,0,0,0,0,1,1,0,1,0,0,0,,Pseudomonadota,Gammaproteobacteria,Enterobacterales,Enterobacteriaceae,Escherichia
GCF_023024425.1,NZ_CP086223.1,97374,Plasmid,3,0,0,1,0,0,0,0,0,0,1,0,0,0,0,0,0,1,0,0,0,0,0,,Pseudomonadota,Gammaproteobacteria,Enterobacterales,Enterobacteriaceae,Escherichia
GCF_023024425.1,NZ_CP086226.1,5773,Plasmid,1,0,0,0,0,0,0,0,0,0,0,0,1,0,0,0,0,0,0,0,0,0,0,,Pseudomonadota,Gammaproteobacteria,Enterobacterales,Enterobacteriaceae,Escherichia
GCF_023167605.1,NZ_AP023436.1,118399,Plasmid,3,0,0,1,0,0,0,0,0,0,1,0,0,0,0,0,0,1,0,0,0,0,0,,Pseudomonadota,Gammaproteobacteria,Enterobacterales,Enterobacteriaceae,Escherichia
GCF_023169585.1,NZ_AP019805.1,93491,Plasmid,4,0,0,1,0,0,0,0,0,0,1,0,0,0,0,0,1,1,0,0,0,0,0,,Pseudomonadota,Gammaproteobacteria,Enterobacterales,Enterobacteriaceae,Escherichia
GCF_023205415.1,NZ_CP048611.1,95952,Plasmid,3,0,0,1,0,0,0,0,0,0,1,0,0,0,0,0,0,1,0,0,0,0,0,,Pseudomonadota,Gammaproteobacteria,Enterobacterales,Enterobacteriaceae,Escherichia
GCF_023376095.1,NZ_CP049847.1,90408,Plasmid,3,0,0,1,0,0,0,0,0,0,1,0,0,0,0,0,0,1,0,0,0,0,0,,Pseudomonadota,Gammaproteobacteria,Enterobacterales,Enterobacteriaceae,Escherichia
GCF_023516115.1,NZ_CP080083.1,93332,Plasmid,4,0,0,1,0,0,0,0,0,0,1,0,0,0,0,0,0,1,0,1,0,0,0,,Pseudomonadota,Gammaproteobacteria,Enterobacterales,Enterobacteriaceae,Escherichia
GCF_023657915.1,NZ_CP098182.1,52058,Plasmid,1,0,0,0,0,0,0,0,0,0,1,0,0,0,0,0,0,0,0,0,0,0,0,,Pseudomonadota,Gammaproteobacteria,Enterobacterales,Enterobacteriaceae,Escherichia
GCF_023658265.1,NZ_CP098199.1,92797,Plasmid,4,0,0,1,0,0,0,0,0,0,1,0,0,0,0,0,0,1,0,1,0,0,0,,Pseudomonadota,Gammaproteobacteria,Enterobacterales,Enterobacteriaceae,Escherichia
GCF_023658425.1,NZ_CP098226.1,50485,Plasmid,7,3,0,0,0,0,0,0,0,0,0,0,1,0,0,0,0,0,0,0,3,0,0,,Pseudomonadota,Gammaproteobacteria,Enterobacterales,Enterobacteriaceae,Escherichia
GCF_024224055.1,NZ_CP100487.1,95326,Plasmid,3,0,0,1,0,0,0,0,0,0,1,0,0,0,0,0,0,1,0,0,0,0,0,,Pseudomonadota,Gammaproteobacteria,Enterobacterales,Enterobacteriaceae,Escherichia
GCF_024225755.1,NZ_CP100532.1,102161,Plasmid,4,0,0,1,0,0,0,0,0,0,1,0,0,0,0,0,1,1,0,0,0,0,0,,Pseudomonadota,Gammaproteobacteria,Enterobacterales,Enterobacteriaceae,Escherichia
GCF_024226085.1,NZ_CP100547.1,111271,Plasmid,4,0,0,1,0,0,0,0,0,0,0,0,0,0,0,0,1,1,0,1,0,0,0,,Pseudomonadota,Gammaproteobacteria,Enterobacterales,Enterobacteriaceae,Escherichia
GCF_024226085.1,NZ_CP100548.1,92693,Plasmid,3,0,0,1,0,0,0,0,0,0,1,0,0,0,0,0,0,1,0,0,0,0,0,,Pseudomonadota,Gammaproteobacteria,Enterobacterales,Enterobacteriaceae,Escherichia
GCF_024298505.1,NZ_CP101242.1,80388,Plasmid,3,0,0,1,0,0,0,0,0,0,1,0,0,0,0,0,0,1,0,0,0,0,0,,Pseudomonadota,Gammaproteobacteria,Enterobacterales,Enterobacteriaceae,Escherichia
GCF_024298525.1,NZ_CP101248.1,80388,Plasmid,3,0,0,1,0,0,0,0,0,0,1,0,0,0,0,0,0,1,0,0,0,0,0,,Pseudomonadota,Gammaproteobacteria,Enterobacterales,Enterobacteriaceae,Escherichia
GCF_024298545.1,NZ_CP101254.1,80388,Plasmid,3,0,0,1,0,0,0,0,0,0,1,0,0,0,0,0,0,1,0,0,0,0,0,,Pseudomonadota,Gammaproteobacteria,Enterobacterales,Enterobacteriaceae,Escherichia
GCF_024298705.1,NZ_CP101260.1,80388,Plasmid,3,0,0,1,0,0,0,0,0,0,1,0,0,0,0,0,0,1,0,0,0,0,0,,Pseudomonadota,Gammaproteobacteria,Enterobacterales,Enterobacteriaceae,Escherichia
GCF_024298785.1,NZ_CP101235.1,115200,Plasmid,1,0,0,1,0,0,0,0,0,0,0,0,0,0,0,0,0,0,0,0,0,0,0,,Pseudomonadota,Gammaproteobacteria,Enterobacterales,Enterobacteriaceae,Escherichia
GCF_024331375.2,NZ_CP116996.1,92487,Plasmid,4,0,1,0,0,0,0,0,0,0,1,0,0,0,0,0,1,1,0,0,0,0,0,,Pseudomonadota,Gammaproteobacteria,Enterobacterales,Enterobacteriaceae,Escherichia
GCF_024331535.2,NZ_CP117002.1,108353,Plasmid,3,0,0,1,0,0,0,0,0,0,0,0,0,0,0,0,1,1,0,0,0,0,0,,Pseudomonadota,Gammaproteobacteria,Enterobacterales,Enterobacteriaceae,Escherichia
GCF_024399595.1,NZ_CP101616.1,92506,Plasmid,3,0,0,1,0,0,0,0,0,0,1,0,0,0,0,0,0,1,0,0,0,0,0,,Pseudomonadota,Gammaproteobacteria,Enterobacterales,Enterobacteriaceae,Escherichia
GCF_024499095.1,NZ_CP075717.1,162438,Plasmid,1,0,0,0,0,0,0,0,0,0,0,0,0,0,0,0,0,1,0,0,0,0,0,,Pseudomonadota,Gammaproteobacteria,Enterobacterales,Enterobacteriaceae,Escherichia
GCF_024499155.1,NZ_CP075739.1,116264,Plasmid,3,0,0,1,0,0,0,0,0,0,0,0,0,0,0,0,1,1,0,0,0,0,0,,Pseudomonadota,Gammaproteobacteria,Enterobacterales,Enterobacteriaceae,Escherichia
GCF_024499175.1,NZ_CP075723.1,106446,Plasmid,3,0,0,1,0,0,0,0,0,0,0,0,0,0,0,0,1,1,0,0,0,0,0,,Pseudomonadota,Gammaproteobacteria,Enterobacterales,Enterobacteriaceae,Escherichia
GCF_024507875.1,NZ_CP101923.1,111928,Plasmid,4,0,0,1,0,0,0,0,0,0,0,0,0,0,0,0,1,1,0,1,0,0,0,,Pseudomonadota,Gammaproteobacteria,Enterobacterales,Enterobacteriaceae,Escherichia
GCF_024508155.1,NZ_CP101926.1,48488,Plasmid,1,0,0,0,0,0,0,0,0,0,1,0,0,0,0,0,0,0,0,0,0,0,0,,Pseudomonadota,Gammaproteobacteria,Enterobacterales,Enterobacteriaceae,Escherichia
GCF_024584825.1,NZ_CP076277.1,149410,Plasmid,1,0,0,0,0,0,0,0,0,0,0,0,0,0,0,0,0,0,0,0,0,0,1,,Pseudomonadota,Gammaproteobacteria,Enterobacterales,Enterobacteriaceae,Escherichia
GCF_024584845.1,NZ_CP076260.1,89049,Plasmid,1,0,0,0,0,0,0,0,0,0,0,0,0,0,0,0,0,0,0,0,0,0,1,,Pseudomonadota,Gammaproteobacteria,Enterobacterales,Enterobacteriaceae,Escherichia
GCF_024584885.1,NZ_CP076263.1,77652,Plasmid,1,0,0,0,0,0,0,0,0,0,0,0,0,0,0,0,0,0,0,0,0,0,1,,Pseudomonadota,Gammaproteobacteria,Enterobacterales,Enterobacteriaceae,Escherichia
GCF_024584905.1,NZ_CP076265.1,145019,Plasmid,1,0,0,0,0,0,0,0,0,0,0,0,0,0,0,0,0,0,0,0,0,0,1,,Pseudomonadota,Gammaproteobacteria,Enterobacterales,Enterobacteriaceae,Escherichia
GCF_024584905.1,NZ_CP076266.1,100556,Plasmid,3,0,0,1,0,0,0,0,0,0,1,0,0,0,0,0,0,1,0,0,0,0,0,,Pseudomonadota,Gammaproteobacteria,Enterobacterales,Enterobacteriaceae,Escherichia
GCF_024584905.1,NZ_CP076267.1,38709,Plasmid,1,0,1,0,0,0,0,0,0,0,0,0,0,0,0,0,0,0,0,0,0,0,0,,Pseudomonadota,Gammaproteobacteria,Enterobacterales,Enterobacteriaceae,Escherichia
GCF_024584925.1,NZ_CP076269.1,88268,Plasmid,1,0,0,0,0,0,0,0,0,0,0,0,0,0,0,0,0,0,0,0,0,0,1,,Pseudomonadota,Gammaproteobacteria,Enterobacterales,Enterobacteriaceae,Escherichia
GCF_024584945.1,NZ_CP076283.1,77995,Plasmid,1,0,0,0,0,0,0,0,0,0,0,0,0,0,0,0,0,0,0,0,0,0,1,,Pseudomonadota,Gammaproteobacteria,Enterobacterales,Enterobacteriaceae,Escherichia
GCF_024584965.1,NZ_CP076271.1,127140,Plasmid,1,0,0,0,0,0,0,0,0,0,0,0,0,0,0,0,0,0,0,0,0,0,1,,Pseudomonadota,Gammaproteobacteria,Enterobacterales,Enterobacteriaceae,Escherichia
GCF_024585005.1,NZ_CP076273.1,88425,Plasmid,1,0,0,0,0,0,0,0,0,0,0,0,0,0,0,0,0,0,0,0,0,0,1,,Pseudomonadota,Gammaproteobacteria,Enterobacterales,Enterobacteriaceae,Escherichia
GCF_024585025.1,NZ_CP076275.1,153041,Plasmid,1,0,0,0,0,0,0,0,0,0,0,0,0,0,0,0,0,0,0,0,0,0,1,,Pseudomonadota,Gammaproteobacteria,Enterobacterales,Enterobacteriaceae,Escherichia
GCF_024585465.1,NZ_CP073940.1,112732,Plasmid,3,0,0,1,0,0,0,0,0,0,0,0,0,0,0,0,1,1,0,0,0,0,0,,Pseudomonadota,Gammaproteobacteria,Enterobacterales,Enterobacteriaceae,Escherichia
GCF_024585545.1,NZ_CP073955.1,94013,Plasmid,3,0,0,1,0,0,0,0,0,0,1,0,0,0,0,0,0,1,0,0,0,0,0,,Pseudomonadota,Gammaproteobacteria,Enterobacterales,Enterobacteriaceae,Escherichia
GCF_024585585.1,NZ_CP073964.1,98314,Plasmid,3,0,0,1,0,0,0,0,0,0,1,0,0,0,0,0,0,1,0,0,0,0,0,,Pseudomonadota,Gammaproteobacteria,Enterobacterales,Enterobacteriaceae,Escherichia
GCF_024585605.1,NZ_CP073971.1,112094,Plasmid,3,0,0,1,0,0,0,0,0,0,0,0,0,0,0,0,1,1,0,0,0,0,0,,Pseudomonadota,Gammaproteobacteria,Enterobacterales,Enterobacteriaceae,Escherichia
GCF_024585745.1,NZ_CP073997.1,112588,Plasmid,4,0,0,1,0,0,0,0,0,0,0,0,0,0,0,0,1,1,0,1,0,0,0,,Pseudomonadota,Gammaproteobacteria,Enterobacterales,Enterobacteriaceae,Escherichia
GCF_024585805.1,NZ_CP074008.1,112267,Plasmid,3,0,0,1,0,0,0,0,0,0,0,0,0,0,0,0,1,1,0,0,0,0,0,,Pseudomonadota,Gammaproteobacteria,Enterobacterales,Enterobacteriaceae,Escherichia
GCF_024585925.1,NZ_CP074035.1,90815,Plasmid,3,0,0,1,0,0,0,0,0,0,1,0,0,0,0,0,0,1,0,0,0,0,0,,Pseudomonadota,Gammaproteobacteria,Enterobacterales,Enterobacteriaceae,Escherichia
GCF_024585945.1,NZ_CP074043.1,96383,Plasmid,1,0,0,1,0,0,0,0,0,0,0,0,0,0,0,0,0,0,0,0,0,0,0,,Pseudomonadota,Gammaproteobacteria,Enterobacterales,Enterobacteriaceae,Escherichia
GCF_024662255.1,NZ_CP097214.1,113297,Plasmid,1,0,0,0,0,0,0,0,0,0,0,0,0,0,0,0,0,1,0,0,0,0,0,,Pseudomonadota,Gammaproteobacteria,Enterobacterales,Enterobacteriaceae,Escherichia
GCF_024700875.2,NZ_CP116989.1,92487,Plasmid,4,0,1,0,0,0,0,0,0,0,1,0,0,0,0,0,1,1,0,0,0,0,0,,Pseudomonadota,Gammaproteobacteria,Enterobacterales,Enterobacteriaceae,Escherichia
GCF_024700885.2,NZ_CP117014.1,95886,Plasmid,5,0,1,0,0,0,0,0,0,0,1,0,0,0,0,0,1,1,0,1,0,0,0,,Pseudomonadota,Gammaproteobacteria,Enterobacterales,Enterobacteriaceae,Escherichia
GCF_024734835.1,NZ_CP102949.1,99647,Plasmid,3,0,0,1,0,0,0,0,0,0,1,0,0,0,0,0,0,1,0,0,0,0,0,,Pseudomonadota,Gammaproteobacteria,Enterobacterales,Enterobacteriaceae,Escherichia
GCF_024735225.1,NZ_CP102674.1,100243,Plasmid,3,0,0,1,0,0,0,0,0,0,1,0,0,0,0,0,0,1,0,0,0,0,0,,Pseudomonadota,Gammaproteobacteria,Enterobacterales,Enterobacteriaceae,Escherichia
GCF_024735245.1,NZ_CP102677.1,100225,Plasmid,3,0,0,1,0,0,0,0,0,0,1,0,0,0,0,0,0,1,0,0,0,0,0,,Pseudomonadota,Gammaproteobacteria,Enterobacterales,Enterobacteriaceae,Escherichia
GCF_024917275.1,NZ_CP103610.1,98694,Plasmid,1,0,0,0,0,0,0,0,0,0,0,0,0,0,0,0,1,0,0,0,0,0,0,,Pseudomonadota,Gammaproteobacteria,Enterobacterales,Enterobacteriaceae,Escherichia
GCF_024917655.1,NZ_CP103764.1,97212,Plasmid,3,0,0,1,0,0,0,0,0,0,1,0,0,0,0,0,0,1,0,0,0,0,0,,Pseudomonadota,Gammaproteobacteria,Enterobacterales,Enterobacteriaceae,Escherichia
GCF_024917655.1,NZ_CP103765.1,48945,Plasmid,1,0,0,0,0,0,0,0,0,0,1,0,0,0,0,0,0,0,0,0,0,0,0,,Pseudomonadota,Gammaproteobacteria,Enterobacterales,Enterobacteriaceae,Escherichia
GCF_024918015.1,NZ_CP103524.1,48945,Plasmid,1,0,0,0,0,0,0,0,0,0,1,0,0,0,0,0,0,0,0,0,0,0,0,,Pseudomonadota,Gammaproteobacteria,Enterobacterales,Enterobacteriaceae,Escherichia
GCF_024918135.1,NZ_CP103469.1,96268,Plasmid,3,0,0,1,0,0,0,0,0,0,1,0,0,0,0,0,0,1,0,0,0,0,0,,Pseudomonadota,Gammaproteobacteria,Enterobacterales,Enterobacteriaceae,Escherichia
GCF_024918135.1,NZ_CP103471.1,47715,Plasmid,1,0,0,0,0,0,0,0,0,0,1,0,0,0,0,0,0,0,0,0,0,0,0,,Pseudomonadota,Gammaproteobacteria,Enterobacterales,Enterobacteriaceae,Escherichia
GCF_024918335.1,NZ_CP103706.1,109870,Plasmid,3,0,0,1,0,0,0,0,0,0,1,0,0,0,0,0,0,1,0,0,0,0,0,,Pseudomonadota,Gammaproteobacteria,Enterobacterales,Enterobacteriaceae,Escherichia
GCF_024918375.1,NZ_CP103659.1,109579,Plasmid,4,0,0,1,0,0,0,0,0,0,0,0,0,0,0,0,1,1,0,1,0,0,0,,Pseudomonadota,Gammaproteobacteria,Enterobacterales,Enterobacteriaceae,Escherichia
GCF_024918375.1,NZ_CP103660.1,96232,Plasmid,3,0,0,1,0,0,0,0,0,0,1,0,0,0,0,0,0,1,0,0,0,0,0,,Pseudomonadota,Gammaproteobacteria,Enterobacterales,Enterobacteriaceae,Escherichia
GCF_024918755.1,NZ_CP103696.1,114012,Plasmid,4,0,0,1,0,0,0,0,0,0,0,0,0,0,0,0,1,1,0,1,0,0,0,,Pseudomonadota,Gammaproteobacteria,Enterobacterales,Enterobacteriaceae,Escherichia
GCF_024918775.1,NZ_CP103741.1,96149,Plasmid,3,0,0,1,0,0,0,0,0,0,1,0,0,0,0,0,0,1,0,0,0,0,0,,Pseudomonadota,Gammaproteobacteria,Enterobacterales,Enterobacteriaceae,Escherichia
GCF_024918815.1,NZ_CP103719.1,250715,Plasmid,3,0,0,1,0,0,0,0,0,0,1,0,0,0,0,0,0,1,0,0,0,0,0,,Pseudomonadota,Gammaproteobacteria,Enterobacterales,Enterobacteriaceae,Escherichia
GCF_024971795.1,NZ_CP079768.1,41027,Plasmid,1,0,1,0,0,0,0,0,0,0,0,0,0,0,0,0,0,0,0,0,0,0,0,,Pseudomonadota,Gammaproteobacteria,Enterobacterales,Enterobacteriaceae,Escherichia
GCF_024971815.1,NZ_CP079771.1,41027,Plasmid,1,0,1,0,0,0,0,0,0,0,0,0,0,0,0,0,0,0,0,0,0,0,0,,Pseudomonadota,Gammaproteobacteria,Enterobacterales,Enterobacteriaceae,Escherichia
GCF_024971875.1,NZ_CP079773.1,106228,Plasmid,1,0,0,1,0,0,0,0,0,0,0,0,0,0,0,0,0,0,0,0,0,0,0,,Pseudomonadota,Gammaproteobacteria,Enterobacterales,Enterobacteriaceae,Escherichia
GCF_024971895.1,NZ_CP079776.1,106228,Plasmid,1,0,0,1,0,0,0,0,0,0,0,0,0,0,0,0,0,0,0,0,0,0,0,,Pseudomonadota,Gammaproteobacteria,Enterobacterales,Enterobacteriaceae,Escherichia
GCF_025200555.1,NZ_CP104116.1,112587,Plasmid,4,0,0,1,0,0,0,0,0,0,0,0,0,0,0,0,1,1,0,1,0,0,0,,Pseudomonadota,Gammaproteobacteria,Enterobacterales,Enterobacteriaceae,Escherichia
GCF_025232475.1,NZ_CP099756.1,47500,Plasmid,1,0,0,0,0,0,0,0,0,0,1,0,0,0,0,0,0,0,0,0,0,0,0,,Pseudomonadota,Gammaproteobacteria,Enterobacterales,Enterobacteriaceae,Escherichia
GCF_025369675.1,NZ_CP104510.1,124280,Plasmid,1,0,0,0,0,0,0,0,0,0,0,0,0,0,0,0,0,1,0,0,0,0,0,,Pseudomonadota,Gammaproteobacteria,Enterobacterales,Enterobacteriaceae,Escherichia
GCF_025398375.1,NZ_CP104667.1,91750,Plasmid,5,0,1,0,0,0,0,0,0,0,1,0,0,0,0,0,1,1,0,1,0,0,0,,Pseudomonadota,Gammaproteobacteria,Enterobacterales,Enterobacteriaceae,Escherichia
GCF_025402935.1,NZ_CP104791.1,99354,Plasmid,3,0,0,1,0,0,0,0,0,0,1,0,0,0,0,0,0,1,0,0,0,0,0,,Pseudomonadota,Gammaproteobacteria,Enterobacterales,Enterobacteriaceae,Escherichia
GCF_025426235.1,NZ_CP104844.1,112215,Plasmid,4,0,0,1,0,0,0,0,0,0,0,0,0,0,0,0,1,1,0,1,0,0,0,,Pseudomonadota,Gammaproteobacteria,Enterobacterales,Enterobacteriaceae,Escherichia
GCF_025583295.2,NZ_CP123256.1,100394,Plasmid,3,0,0,1,0,0,0,0,0,0,1,0,0,0,0,0,0,1,0,0,0,0,0,,Pseudomonadota,Gammaproteobacteria,Enterobacterales,Enterobacteriaceae,Escherichia
GCF_025583375.2,NZ_CP123268.1,142926,Plasmid,3,0,0,1,0,0,0,0,0,0,1,0,0,0,0,0,0,1,0,0,0,0,0,,Pseudomonadota,Gammaproteobacteria,Enterobacterales,Enterobacteriaceae,Escherichia
GCF_025583565.2,NZ_CP123261.1,143631,Plasmid,3,0,0,1,0,0,0,0,0,0,1,0,0,0,0,0,0,1,0,0,0,0,0,,Pseudomonadota,Gammaproteobacteria,Enterobacterales,Enterobacteriaceae,Escherichia
GCF_025946585.1,NZ_CP109878.1,49150,Plasmid,1,0,0,0,0,0,0,0,0,0,1,0,0,0,0,0,0,0,0,0,0,0,0,,Pseudomonadota,Gammaproteobacteria,Enterobacterales,Enterobacteriaceae,Escherichia
GCF_026001065.1,NZ_AP026785.1,97115,Plasmid,3,0,0,1,0,0,0,0,0,0,1,0,0,0,0,0,0,1,0,0,0,0,0,,Pseudomonadota,Gammaproteobacteria,Enterobacterales,Enterobacteriaceae,Escherichia
GCF_026074175.1,NZ_AP026904.1,237635,Plasmid,5,0,2,0,0,0,0,0,0,0,1,0,0,0,0,0,0,0,0,2,0,0,0,,Pseudomonadota,Gammaproteobacteria,Enterobacterales,Enterobacteriaceae,Escherichia
GCF_026248885.1,NZ_CP110979.1,188533,Plasmid,1,0,0,1,0,0,0,0,0,0,0,0,0,0,0,0,0,0,0,0,0,0,0,,Pseudomonadota,Gammaproteobacteria,Enterobacterales,Enterobacteriaceae,Escherichia
GCF_026427755.1,NZ_CP044439.1,99733,Plasmid,3,0,0,1,0,0,0,0,0,0,1,0,0,0,0,0,0,1,0,0,0,0,0,,Pseudomonadota,Gammaproteobacteria,Enterobacterales,Enterobacteriaceae,Escherichia
GCF_026689355.1,NZ_CP113488.1,109174,Plasmid,3,0,0,1,0,0,0,0,0,0,0,0,0,0,0,0,1,1,0,0,0,0,0,,Pseudomonadota,Gammaproteobacteria,Enterobacterales,Enterobacteriaceae,Escherichia
GCF_026967655.1,NZ_CP114131.1,116902,Plasmid,3,0,0,1,0,0,0,0,0,0,1,0,0,0,0,0,0,1,0,0,0,0,0,,Pseudomonadota,Gammaproteobacteria,Enterobacterales,Enterobacteriaceae,Escherichia
GCF_026967655.1,NZ_CP114132.1,438722,Plasmid,16,0,6,4,0,1,0,0,1,0,2,1,0,0,0,0,1,0,0,0,0,0,0,,Pseudomonadota,Gammaproteobacteria,Enterobacterales,Enterobacteriaceae,Escherichia
GCF_027570235.2,NZ_CP123199.1,96709,Plasmid,3,0,0,1,0,0,0,0,0,0,1,0,0,0,0,0,0,1,0,0,0,0,0,,Pseudomonadota,Gammaproteobacteria,Enterobacterales,Enterobacteriaceae,Escherichia
GCF_027570235.2,NZ_CP123200.1,7528,Plasmid,1,0,0,0,0,0,0,0,0,0,0,0,1,0,0,0,0,0,0,0,0,0,0,,Pseudomonadota,Gammaproteobacteria,Enterobacterales,Enterobacteriaceae,Escherichia
GCF_027925565.1,NZ_AP027163.1,97108,Plasmid,4,0,0,1,0,0,0,0,0,0,1,0,0,0,0,0,0,1,0,1,0,0,0,,Pseudomonadota,Gammaproteobacteria,Enterobacterales,Enterobacteriaceae,Escherichia
GCF_027925745.1,NZ_AP027178.1,96161,Plasmid,4,0,0,1,0,0,0,0,0,0,1,0,0,0,0,0,0,1,0,1,0,0,0,,Pseudomonadota,Gammaproteobacteria,Enterobacterales,Enterobacteriaceae,Escherichia
GCF_027925765.1,NZ_AP027182.1,99281,Plasmid,4,0,0,1,0,0,0,0,0,0,1,0,0,0,0,0,0,1,0,1,0,0,0,,Pseudomonadota,Gammaproteobacteria,Enterobacterales,Enterobacteriaceae,Escherichia
GCF_027925825.1,NZ_AP027192.1,100288,Plasmid,4,0,0,1,0,0,0,0,0,0,1,0,0,0,0,0,0,1,0,1,0,0,0,,Pseudomonadota,Gammaproteobacteria,Enterobacterales,Enterobacteriaceae,Escherichia
GCF_027944655.1,NZ_CP116091.1,89020,Plasmid,3,0,0,1,0,0,0,0,0,0,1,0,0,0,0,0,0,1,0,0,0,0,0,,Pseudomonadota,Gammaproteobacteria,Enterobacterales,Enterobacteriaceae,Escherichia
GCF_027944795.1,NZ_CP116126.1,47568,Plasmid,1,0,0,0,0,0,0,0,0,0,1,0,0,0,0,0,0,0,0,0,0,0,0,,Pseudomonadota,Gammaproteobacteria,Enterobacterales,Enterobacteriaceae,Escherichia
GCF_027944895.1,NZ_CP116167.1,119948,Plasmid,3,0,0,1,0,0,0,0,0,0,1,0,0,0,0,0,0,1,0,0,0,0,0,,Pseudomonadota,Gammaproteobacteria,Enterobacterales,Enterobacteriaceae,Escherichia
GCF_027944935.1,NZ_CP116180.1,3731,Plasmid,1,0,1,0,0,0,0,0,0,0,0,0,0,0,0,0,0,0,0,0,0,0,0,,Pseudomonadota,Gammaproteobacteria,Enterobacterales,Enterobacteriaceae,Escherichia
GCF_027945055.1,NZ_CP116198.1,113249,Plasmid,4,0,0,1,0,0,0,0,0,0,0,0,0,0,0,0,1,0,0,1,0,0,1,,Pseudomonadota,Gammaproteobacteria,Enterobacterales,Enterobacteriaceae,Escherichia
GCF_027947615.1,NZ_CP116245.1,93185,Plasmid,3,0,0,1,0,0,0,0,0,0,1,0,0,0,0,0,0,1,0,0,0,0,0,,Pseudomonadota,Gammaproteobacteria,Enterobacterales,Enterobacteriaceae,Escherichia
GCF_028201615.1,NZ_CP116406.1,109717,Plasmid,4,0,0,1,0,0,0,0,0,0,0,0,0,0,0,0,1,1,0,1,0,0,0,,Pseudomonadota,Gammaproteobacteria,Enterobacterales,Enterobacteriaceae,Escherichia
GCF_028551195.1,NZ_CP116971.1,164599,Plasmid,1,0,0,0,0,0,0,0,0,0,0,0,0,0,0,0,0,1,0,0,0,0,0,,Pseudomonadota,Gammaproteobacteria,Enterobacterales,Enterobacteriaceae,Escherichia
GCF_028551215.1,NZ_CP116983.1,98542,Plasmid,3,0,0,1,0,0,0,0,0,0,1,0,0,0,0,0,0,1,0,0,0,0,0,,Pseudomonadota,Gammaproteobacteria,Enterobacterales,Enterobacteriaceae,Escherichia
GCF_028596225.1,NZ_CP117232.1,48488,Plasmid,1,0,0,0,0,0,0,0,0,0,1,0,0,0,0,0,0,0,0,0,0,0,0,,Pseudomonadota,Gammaproteobacteria,Enterobacterales,Enterobacteriaceae,Escherichia
GCF_028623045.1,NZ_CP117715.1,98022,Plasmid,3,0,0,1,0,0,0,0,0,0,1,0,0,0,0,0,0,1,0,0,0,0,0,,Pseudomonadota,Gammaproteobacteria,Enterobacterales,Enterobacteriaceae,Escherichia
GCF_028623085.1,NZ_CP117721.1,97576,Plasmid,3,0,0,1,0,0,0,0,0,0,1,0,0,0,0,0,0,1,0,0,0,0,0,,Pseudomonadota,Gammaproteobacteria,Enterobacterales,Enterobacteriaceae,Escherichia
GCF_028743375.1,NZ_CP117961.1,231544,Plasmid,1,0,0,0,0,0,0,0,0,0,0,0,0,0,0,0,0,1,0,0,0,0,0,,Pseudomonadota,Gammaproteobacteria,Enterobacterales,Enterobacteriaceae,Escherichia
GCF_028743555.1,NZ_CP117972.1,120874,Plasmid,4,0,0,1,0,0,0,0,0,0,0,0,0,0,0,0,1,1,0,1,0,0,0,,Pseudomonadota,Gammaproteobacteria,Enterobacterales,Enterobacteriaceae,Escherichia
GCF_028752735.1,NZ_CP087567.1,99008,Plasmid,2,0,0,0,0,0,0,0,0,0,1,0,0,0,0,0,0,1,0,0,0,0,0,,Pseudomonadota,Gammaproteobacteria,Enterobacterales,Enterobacteriaceae,Escherichia
GCF_029201525.1,NZ_CP102695.1,84427,Plasmid,3,0,0,1,0,0,0,0,0,0,1,0,0,0,0,0,0,1,0,0,0,0,0,,Pseudomonadota,Gammaproteobacteria,Enterobacterales,Enterobacteriaceae,Escherichia
GCF_029227895.1,NZ_CP074369.1,93492,Plasmid,3,0,0,1,0,0,0,0,0,0,1,0,0,0,0,0,0,1,0,0,0,0,0,,Pseudomonadota,Gammaproteobacteria,Enterobacterales,Enterobacteriaceae,Escherichia
GCF_029318975.1,NZ_CP119737.1,100459,Plasmid,3,0,0,1,0,0,0,0,0,0,1,0,0,0,0,0,0,1,0,0,0,0,0,,Pseudomonadota,Gammaproteobacteria,Enterobacterales,Enterobacteriaceae,Escherichia
GCF_029319035.1,NZ_CP119743.1,100470,Plasmid,3,0,0,1,0,0,0,0,0,0,1,0,0,0,0,0,0,1,0,0,0,0,0,,Pseudomonadota,Gammaproteobacteria,Enterobacterales,Enterobacteriaceae,Escherichia
GCF_029674645.1,NZ_CP121358.1,94075,Plasmid,5,0,1,0,0,0,0,0,0,0,1,0,0,0,0,0,1,1,0,1,0,0,0,,Pseudomonadota,Gammaproteobacteria,Enterobacterales,Enterobacteriaceae,Escherichia
GCF_029849135.1,NZ_CP122519.1,114110,Plasmid,3,0,0,1,0,0,0,0,0,0,0,0,0,0,0,0,1,1,0,0,0,0,0,,Pseudomonadota,Gammaproteobacteria,Enterobacterales,Enterobacteriaceae,Escherichia
GCF_029854495.1,NZ_CP123018.1,93917,Plasmid,3,0,0,1,0,0,0,0,0,0,1,0,0,0,0,0,0,1,0,0,0,0,0,,Pseudomonadota,Gammaproteobacteria,Enterobacterales,Enterobacteriaceae,Escherichia
GCF_029854535.1,NZ_CP123030.1,107778,Plasmid,3,0,0,1,0,0,0,0,0,0,1,0,0,0,0,0,0,1,0,0,0,0,0,,Pseudomonadota,Gammaproteobacteria,Enterobacterales,Enterobacteriaceae,Escherichia
GCF_029990415.1,NZ_CP124376.1,94894,Plasmid,5,0,1,0,0,0,0,0,0,0,1,0,0,0,0,0,1,1,0,1,0,0,0,,Pseudomonadota,Gammaproteobacteria,Enterobacterales,Enterobacteriaceae,Escherichia
GCF_029990555.1,NZ_CP124394.1,114821,Plasmid,4,0,0,1,0,0,0,0,0,0,0,0,0,0,0,0,1,1,0,1,0,0,0,,Pseudomonadota,Gammaproteobacteria,Enterobacterales,Enterobacteriaceae,Escherichia
GCF_030012665.1,NZ_CP122882.1,93572,Plasmid,3,0,0,1,0,0,0,0,0,0,1,0,0,0,0,0,0,1,0,0,0,0,0,,Pseudomonadota,Gammaproteobacteria,Enterobacterales,Enterobacteriaceae,Escherichia
GCF_030012725.1,NZ_CP122909.1,93594,Plasmid,3,0,0,1,0,0,0,0,0,0,1,0,0,0,0,0,0,1,0,0,0,0,0,,Pseudomonadota,Gammaproteobacteria,Enterobacterales,Enterobacteriaceae,Escherichia
GCF_030012725.1,NZ_CP122910.1,90922,Plasmid,4,0,0,1,0,0,0,0,0,0,1,0,0,0,0,0,0,1,0,0,0,0,1,,Pseudomonadota,Gammaproteobacteria,Enterobacterales,Enterobacteriaceae,Escherichia
GCF_030012785.1,NZ_CP122941.1,96600,Plasmid,3,0,0,1,0,0,0,0,0,0,1,0,0,0,0,0,0,1,0,0,0,0,0,,Pseudomonadota,Gammaproteobacteria,Enterobacterales,Enterobacteriaceae,Escherichia
GCF_030013005.1,NZ_CP122593.1,95838,Plasmid,5,0,1,0,0,0,0,0,0,0,1,0,0,0,0,0,1,1,0,1,0,0,0,,Pseudomonadota,Gammaproteobacteria,Enterobacterales,Enterobacteriaceae,Escherichia
GCF_030013005.1,NZ_CP122597.1,92714,Plasmid,3,0,0,1,0,0,0,0,0,0,1,0,0,0,0,0,0,1,0,0,0,0,0,,Pseudomonadota,Gammaproteobacteria,Enterobacterales,Enterobacteriaceae,Escherichia
GCF_030013165.1,NZ_CP122640.1,86703,Plasmid,3,0,0,1,0,0,0,0,0,0,1,0,0,0,0,0,0,1,0,0,0,0,0,,Pseudomonadota,Gammaproteobacteria,Enterobacterales,Enterobacteriaceae,Escherichia
GCF_030013675.1,NZ_CP122809.1,90361,Plasmid,5,0,1,0,0,0,0,0,0,0,1,0,0,0,0,0,1,1,0,1,0,0,0,,Pseudomonadota,Gammaproteobacteria,Enterobacterales,Enterobacteriaceae,Escherichia
GCF_030013715.1,NZ_CP122828.1,90359,Plasmid,5,0,1,0,0,0,0,0,0,0,1,0,0,0,0,0,1,1,0,1,0,0,0,,Pseudomonadota,Gammaproteobacteria,Enterobacterales,Enterobacteriaceae,Escherichia
GCF_030013735.1,NZ_CP122822.1,99950,Plasmid,3,0,0,1,0,0,0,0,0,0,1,0,0,0,0,0,0,1,0,0,0,0,0,,Pseudomonadota,Gammaproteobacteria,Enterobacterales,Enterobacteriaceae,Escherichia
GCF_030013825.1,NZ_CP122848.1,98832,Plasmid,3,0,0,1,0,0,0,0,0,0,1,0,0,0,0,0,0,1,0,0,0,0,0,,Pseudomonadota,Gammaproteobacteria,Enterobacterales,Enterobacteriaceae,Escherichia
GCF_030013865.1,NZ_CP122864.1,100169,Plasmid,3,0,0,1,0,0,0,0,0,0,1,0,0,0,0,0,0,1,0,0,0,0,0,,Pseudomonadota,Gammaproteobacteria,Enterobacterales,Enterobacteriaceae,Escherichia
GCF_030036715.1,NZ_CP124510.1,94785,Plasmid,3,0,0,1,0,0,0,0,0,0,1,0,0,0,0,0,0,1,0,0,0,0,0,,Pseudomonadota,Gammaproteobacteria,Enterobacterales,Enterobacteriaceae,Escherichia
GCF_030036855.1,NZ_CP124493.1,111743,Plasmid,4,0,0,1,0,0,0,0,0,0,0,0,0,0,0,0,1,1,0,1,0,0,0,,Pseudomonadota,Gammaproteobacteria,Enterobacterales,Enterobacteriaceae,Escherichia
GCF_030036925.1,NZ_CP124485.1,110848,Plasmid,4,0,0,1,0,0,0,0,0,0,0,0,0,0,0,0,1,1,0,1,0,0,0,,Pseudomonadota,Gammaproteobacteria,Enterobacterales,Enterobacteriaceae,Escherichia
GCF_030037615.1,NZ_CP124469.1,105196,Plasmid,4,0,0,1,0,0,0,0,0,0,0,0,0,0,0,0,1,1,0,1,0,0,0,,Pseudomonadota,Gammaproteobacteria,Enterobacterales,Enterobacteriaceae,Escherichia
GCF_030037445.1,NZ_CP124473.1,94790,Plasmid,3,0,0,1,0,0,0,0,0,0,1,0,0,0,0,0,0,1,0,0,0,0,0,,Pseudomonadota,Gammaproteobacteria,Enterobacterales,Enterobacteriaceae,Escherichia
GCF_030039325.1,NZ_CP124417.1,108564,Plasmid,4,0,0,1,0,0,0,0,0,0,0,0,0,0,0,0,1,1,0,1,0,0,0,,Pseudomonadota,Gammaproteobacteria,Enterobacterales,Enterobacteriaceae,Escherichia
GCF_030168675.1,NZ_CP122494.1,99442,Plasmid,3,0,0,1,0,0,0,0,0,0,1,0,0,0,0,0,0,1,0,0,0,0,0,,Pseudomonadota,Gammaproteobacteria,Enterobacterales,Enterobacteriaceae,Escherichia
GCF_030168695.1,NZ_CP122497.1,107494,Plasmid,1,0,0,1,0,0,0,0,0,0,0,0,0,0,0,0,0,0,0,0,0,0,0,,Pseudomonadota,Gammaproteobacteria,Enterobacterales,Enterobacteriaceae,Escherichia
GCF_030168735.1,NZ_CP122504.1,101665,Plasmid,4,0,0,1,0,0,0,0,0,0,1,0,0,0,0,0,1,1,0,0,0,0,0,,Pseudomonadota,Gammaproteobacteria,Enterobacterales,Enterobacteriaceae,Escherichia
GCF_030168755.1,NZ_CP122510.1,96279,Plasmid,4,0,1,0,0,0,0,0,0,0,1,0,0,0,0,0,1,1,0,0,0,0,0,,Pseudomonadota,Gammaproteobacteria,Enterobacterales,Enterobacteriaceae,Escherichia
GCF_030169475.1,NZ_CP104619.1,133317,Plasmid,1,0,0,1,0,0,0,0,0,0,0,0,0,0,0,0,0,0,0,0,0,0,0,,Pseudomonadota,Gammaproteobacteria,Enterobacterales,Enterobacteriaceae,Escherichia
GCF_030169635.1,NZ_CP104632.1,100861,Plasmid,1,0,0,0,0,0,0,0,0,0,0,0,0,0,0,0,0,1,0,0,0,0,0,,Pseudomonadota,Gammaproteobacteria,Enterobacterales,Enterobacteriaceae,Escherichia
GCF_030285505.1,NZ_CP127257.1,98314,Plasmid,3,0,0,1,0,0,0,0,0,0,1,0,0,0,0,0,0,1,0,0,0,0,0,,Pseudomonadota,Gammaproteobacteria,Enterobacterales,Enterobacteriaceae,Escherichia
GCF_030285545.1,NZ_CP127299.1,102041,Plasmid,3,0,0,1,0,0,0,0,0,0,1,0,0,0,0,0,0,1,0,0,0,0,0,,Pseudomonadota,Gammaproteobacteria,Enterobacterales,Enterobacteriaceae,Escherichia
GCF_030285545.1,NZ_CP127300.1,93835,Plasmid,5,0,1,0,0,0,0,0,0,0,1,0,0,0,0,0,1,1,0,1,0,0,0,,Pseudomonadota,Gammaproteobacteria,Enterobacterales,Enterobacteriaceae,Escherichia
GCF_030285565.1,NZ_CP127308.1,93334,Plasmid,3,0,0,1,0,0,0,0,0,0,1,0,0,0,0,0,0,1,0,0,0,0,0,,Pseudomonadota,Gammaproteobacteria,Enterobacterales,Enterobacteriaceae,Escherichia
GCF_030296095.1,NZ_AP027403.1,98045,Plasmid,1,0,0,0,0,0,0,0,0,0,0,0,0,0,0,0,0,0,0,0,0,0,1,,Pseudomonadota,Gammaproteobacteria,Enterobacterales,Enterobacteriaceae,Escherichia
GCF_030296155.1,NZ_AP027414.1,90284,Plasmid,5,0,1,0,0,0,0,0,0,0,1,0,0,0,0,0,0,1,0,1,0,0,1,,Pseudomonadota,Gammaproteobacteria,Enterobacterales,Enterobacteriaceae,Escherichia
GCF_030316195.1,NZ_CP128219.1,232324,Plasmid,1,0,0,0,0,0,0,0,0,0,0,0,0,0,0,0,0,1,0,0,0,0,0,,Pseudomonadota,Gammaproteobacteria,Enterobacterales,Enterobacteriaceae,Escherichia
GCF_030344975.1,NZ_CP128256.1,113750,Plasmid,3,0,0,1,0,0,0,0,0,0,1,0,0,0,0,0,0,1,0,0,0,0,0,,Pseudomonadota,Gammaproteobacteria,Enterobacterales,Enterobacteriaceae,Escherichia
GCF_030389295.1,NZ_CP128914.1,91453,Plasmid,3,0,0,1,0,0,0,0,0,0,1,0,0,0,0,0,0,1,0,0,0,0,0,,Pseudomonadota,Gammaproteobacteria,Enterobacterales,Enterobacteriaceae,Escherichia
GCF_030389775.1,NZ_CP128951.1,655459,Plasmid,7,0,0,0,0,0,0,1,3,0,0,2,0,0,1,0,0,0,0,0,0,0,0,,Pseudomonadota,Gammaproteobacteria,Enterobacterales,Enterobacteriaceae,Escherichia
GCF_030389835.1,NZ_CP128959.1,93433,Plasmid,4,0,0,1,0,0,0,0,0,0,1,0,0,0,0,0,1,1,0,0,0,0,0,,Pseudomonadota,Gammaproteobacteria,Enterobacterales,Enterobacteriaceae,Escherichia
GCF_030389855.1,NZ_CP128965.1,95639,Plasmid,3,0,0,1,0,0,0,0,0,0,1,0,0,0,0,0,0,1,0,0,0,0,0,,Pseudomonadota,Gammaproteobacteria,Enterobacterales,Enterobacteriaceae,Escherichia
GCF_030389925.1,NZ_CP128972.1,97409,Plasmid,4,0,0,1,0,0,0,0,0,0,1,0,0,0,0,0,0,1,0,0,0,0,1,,Pseudomonadota,Gammaproteobacteria,Enterobacterales,Enterobacteriaceae,Escherichia
GCF_030413845.1,NZ_CP129241.1,55593,Plasmid,1,0,0,0,0,0,0,0,0,0,0,0,0,0,0,0,0,0,0,0,0,0,1,,Pseudomonadota,Gammaproteobacteria,Enterobacterales,Enterobacteriaceae,Escherichia
GCF_030439225.1,NZ_CP129281.1,132619,Plasmid,3,0,0,1,0,0,0,0,0,0,1,0,0,0,0,0,0,1,0,0,0,0,0,,Pseudomonadota,Gammaproteobacteria,Enterobacterales,Enterobacteriaceae,Escherichia
GCF_030515195.1,NZ_CP082049.1,49445,Plasmid,1,0,0,0,0,0,0,0,0,0,1,0,0,0,0,0,0,0,0,0,0,0,0,,Pseudomonadota,Gammaproteobacteria,Enterobacterales,Enterobacteriaceae,Escherichia
GCF_030515455.1,NZ_CP082081.1,149988,Plasmid,5,0,2,0,0,0,0,0,0,0,1,0,0,0,0,0,0,0,0,2,0,0,0,,Pseudomonadota,Gammaproteobacteria,Enterobacterales,Enterobacteriaceae,Escherichia
GCF_030520165.1,NZ_CP130449.1,186751,Plasmid,3,0,0,1,0,0,0,0,0,0,1,0,0,0,0,0,0,1,0,0,0,0,0,,Pseudomonadota,Gammaproteobacteria,Enterobacterales,Enterobacteriaceae,Escherichia
GCF_030552915.1,NZ_CP130671.1,5772,Plasmid,1,0,0,0,0,0,0,0,0,0,0,0,1,0,0,0,0,0,0,0,0,0,0,,Pseudomonadota,Gammaproteobacteria,Enterobacterales,Enterobacteriaceae,Escherichia
GCF_030707935.1,NZ_CP107165.1,110949,Plasmid,4,0,0,1,0,0,0,0,0,0,0,0,0,0,0,0,1,1,0,1,0,0,0,,Pseudomonadota,Gammaproteobacteria,Enterobacterales,Enterobacteriaceae,Escherichia
GCF_030707975.1,NZ_CP107175.1,111932,Plasmid,4,0,0,1,0,0,0,0,0,0,0,0,0,0,0,0,1,1,0,1,0,0,0,,Pseudomonadota,Gammaproteobacteria,Enterobacterales,Enterobacteriaceae,Escherichia
GCF_030708335.1,NZ_CP107145.1,111932,Plasmid,4,0,0,1,0,0,0,0,0,0,0,0,0,0,0,0,1,1,0,1,0,0,0,,Pseudomonadota,Gammaproteobacteria,Enterobacterales,Enterobacteriaceae,Escherichia
GCF_030717665.1,NZ_CP132064.1,139177,Plasmid,1,0,0,0,0,0,0,0,0,0,0,0,0,0,0,0,0,0,0,0,0,0,1,,Pseudomonadota,Gammaproteobacteria,Enterobacterales,Enterobacteriaceae,Escherichia
GCF_030845355.1,NZ_CP132549.1,242042,Plasmid,1,0,0,0,0,0,0,0,0,0,0,0,0,0,0,0,0,1,0,0,0,0,0,,Pseudomonadota,Gammaproteobacteria,Enterobacterales,Enterobacteriaceae,Escherichia
GCF_030863965.1,NZ_CP132984.1,171722,Plasmid,1,0,0,0,0,0,0,0,0,0,0,0,0,0,0,0,0,0,0,0,0,0,1,,Pseudomonadota,Gammaproteobacteria,Enterobacterales,Enterobacteriaceae,Escherichia
GCF_030995165.1,NZ_CP115313.1,113740,Plasmid,1,0,0,1,0,0,0,0,0,0,0,0,0,0,0,0,0,0,0,0,0,0,0,,Pseudomonadota,Gammaproteobacteria,Enterobacterales,Enterobacteriaceae,Escherichia
GCF_030996645.1,NZ_CP115378.1,111925,Plasmid,4,0,0,1,0,0,0,0,0,0,0,0,0,0,0,0,1,1,0,1,0,0,0,,Pseudomonadota,Gammaproteobacteria,Enterobacterales,Enterobacteriaceae,Escherichia
GCF_030996645.1,NZ_CP115379.1,89033,Plasmid,4,0,1,0,0,0,0,0,0,0,1,0,0,0,0,0,1,0,0,1,0,0,0,,Pseudomonadota,Gammaproteobacteria,Enterobacterales,Enterobacteriaceae,Escherichia
GCF_031662355.1,NZ_CP134379.1,92738,Plasmid,5,0,1,0,0,0,0,0,0,0,1,0,0,0,0,0,1,1,0,1,0,0,0,,Pseudomonadota,Gammaproteobacteria,Enterobacterales,Enterobacteriaceae,Escherichia
GCF_031663095.1,NZ_CP134368.1,106293,Plasmid,3,0,0,1,0,0,0,0,0,0,0,0,0,0,0,0,1,1,0,0,0,0,0,,Pseudomonadota,Gammaproteobacteria,Enterobacterales,Enterobacteriaceae,Escherichia
GCF_031664795.1,NZ_CP134387.1,88440,Plasmid,1,0,0,0,0,0,0,0,0,0,0,0,0,0,0,0,1,0,0,0,0,0,0,,Pseudomonadota,Gammaproteobacteria,Enterobacterales,Enterobacteriaceae,Escherichia
GCF_031665995.1,NZ_CP134391.1,100058,Plasmid,3,0,0,1,0,0,0,0,0,0,1,0,0,0,0,0,0,1,0,0,0,0,0,,Pseudomonadota,Gammaproteobacteria,Enterobacterales,Enterobacteriaceae,Escherichia
GCF_031786515.1,NZ_CP133922.1,105009,Plasmid,4,0,0,1,0,0,0,0,0,0,0,0,0,0,0,0,1,1,0,1,0,0,0,,Pseudomonadota,Gammaproteobacteria,Enterobacterales,Enterobacteriaceae,Escherichia
GCF_032300135.1,NZ_CP135245.1,373462,Plasmid,8,0,0,0,0,0,0,0,3,0,0,4,0,0,1,0,0,0,0,0,0,0,0,,Pseudomonadota,Gammaproteobacteria,Enterobacterales,Enterobacteriaceae,Escherichia
GCF_032375165.1,NZ_CP135714.1,96367,Plasmid,3,0,0,1,0,0,0,0,0,0,1,0,0,0,0,0,0,1,0,0,0,0,0,,Pseudomonadota,Gammaproteobacteria,Enterobacterales,Enterobacteriaceae,Escherichia
GCF_032375165.1,NZ_CP135715.1,93100,Plasmid,4,0,1,0,0,0,0,0,0,0,1,0,0,0,0,0,1,1,0,0,0,0,0,,Pseudomonadota,Gammaproteobacteria,Enterobacterales,Enterobacteriaceae,Escherichia
GCF_032375245.1,NZ_CP135665.1,97430,Plasmid,3,0,0,1,0,0,0,0,0,0,1,0,0,0,0,0,0,1,0,0,0,0,0,,Pseudomonadota,Gammaproteobacteria,Enterobacterales,Enterobacteriaceae,Escherichia
GCF_032463745.1,NZ_CP136027.1,101594,Plasmid,3,0,0,1,0,0,0,0,0,0,1,0,0,0,0,0,0,1,0,0,0,0,0,,Pseudomonadota,Gammaproteobacteria,Enterobacterales,Enterobacteriaceae,Escherichia
GCF_033395675.1,NZ_CP137697.1,128814,Plasmid,1,0,1,0,0,0,0,0,0,0,0,0,0,0,0,0,0,0,0,0,0,0,0,,Pseudomonadota,Gammaproteobacteria,Enterobacterales,Enterobacteriaceae,Escherichia
GCF_033395675.1,NZ_CP137698.1,111928,Plasmid,4,0,0,1,0,0,0,0,0,0,0,0,0,0,0,0,1,1,0,1,0,0,0,,Pseudomonadota,Gammaproteobacteria,Enterobacterales,Enterobacteriaceae,Escherichia
GCF_033439065.1,NZ_CP137739.1,187535,Plasmid,1,0,0,0,0,0,0,0,0,0,0,0,0,0,1,0,0,0,0,0,0,0,0,,Pseudomonadota,Gammaproteobacteria,Enterobacterales,Enterobacteriaceae,Escherichia
GCF_033802445.1,NZ_CP138405.1,101052,Plasmid,3,0,0,1,0,0,0,0,0,0,1,0,0,0,0,0,0,1,0,0,0,0,0,,Pseudomonadota,Gammaproteobacteria,Enterobacterales,Enterobacteriaceae,Escherichia
GCF_033802485.1,NZ_CP138414.1,99580,Plasmid,3,0,0,1,0,0,0,0,0,0,1,0,0,0,0,0,0,1,0,0,0,0,0,,Pseudomonadota,Gammaproteobacteria,Enterobacterales,Enterobacteriaceae,Escherichia
GCF_034089005.1,NZ_CP115826.1,47289,Plasmid,1,0,0,0,0,0,0,0,0,0,1,0,0,0,0,0,0,0,0,0,0,0,0,,Pseudomonadota,Gammaproteobacteria,Enterobacterales,Enterobacteriaceae,Escherichia
GCF_034120885.1,NZ_CP141752.1,89634,Plasmid,3,0,0,1,0,0,0,0,0,0,1,0,0,0,0,0,0,1,0,0,0,0,0,,Pseudomonadota,Gammaproteobacteria,Enterobacterales,Enterobacteriaceae,Escherichia
GCF_034120885.1,NZ_CP141750.1,47948,Plasmid,2,0,0,1,0,0,0,0,0,0,0,0,0,0,0,0,0,1,0,0,0,0,0,,Pseudomonadota,Gammaproteobacteria,Enterobacterales,Enterobacteriaceae,Escherichia
GCF_034421835.1,NZ_CP139806.1,93081,Plasmid,3,0,0,1,0,0,0,0,0,0,1,0,0,0,0,0,0,1,0,0,0,0,0,,Pseudomonadota,Gammaproteobacteria,Enterobacterales,Enterobacteriaceae,Escherichia
GCF_034422495.1,NZ_CP139854.1,97845,Plasmid,3,0,0,1,0,0,0,0,0,0,1,0,0,0,0,0,0,1,0,0,0,0,0,,Pseudomonadota,Gammaproteobacteria,Enterobacterales,Enterobacteriaceae,Escherichia
GCF_034422435.1,NZ_CP139843.1,96069,Plasmid,3,0,0,1,0,0,0,0,0,0,1,0,0,0,0,0,0,1,0,0,0,0,0,,Pseudomonadota,Gammaproteobacteria,Enterobacterales,Enterobacteriaceae,Escherichia
GCF_034643255.1,NZ_CP141085.1,385579,Plasmid,2,0,0,0,0,0,0,0,0,0,0,0,0,0,0,0,0,0,0,2,0,0,0,,Pseudomonadota,Gammaproteobacteria,Enterobacterales,Enterobacteriaceae,Escherichia
GCF_035557515.1,NZ_CP149852.1,89634,Plasmid,3,0,0,1,0,0,0,0,0,0,1,0,0,0,0,0,0,1,0,0,0,0,0,,Pseudomonadota,Gammaproteobacteria,Enterobacterales,Enterobacteriaceae,Escherichia
GCF_035581925.1,NZ_CP141583.1,111954,Plasmid,4,0,0,1,0,0,0,0,0,0,0,0,0,0,0,0,1,1,0,1,0,0,0,,Pseudomonadota,Gammaproteobacteria,Enterobacterales,Enterobacteriaceae,Escherichia
GCF_035621095.1,NZ_CP141766.1,96110,Plasmid,3,0,0,1,0,0,0,0,0,0,1,0,0,0,0,0,0,1,0,0,0,0,0,,Pseudomonadota,Gammaproteobacteria,Enterobacterales,Enterobacteriaceae,Escherichia
GCF_035621115.1,NZ_CP141768.1,104341,Plasmid,3,0,0,1,0,0,0,0,0,0,1,0,0,0,0,0,0,1,0,0,0,0,0,,Pseudomonadota,Gammaproteobacteria,Enterobacterales,Enterobacteriaceae,Escherichia
GCF_035621515.1,NZ_CP141793.1,106227,Plasmid,1,0,0,1,0,0,0,0,0,0,0,0,0,0,0,0,0,0,0,0,0,0,0,,Pseudomonadota,Gammaproteobacteria,Enterobacterales,Enterobacteriaceae,Escherichia
GCF_035621835.1,NZ_CP141847.1,48743,Plasmid,1,0,0,0,0,0,0,0,0,0,1,0,0,0,0,0,0,0,0,0,0,0,0,,Pseudomonadota,Gammaproteobacteria,Enterobacterales,Enterobacteriaceae,Escherichia
GCF_036287705.1,NZ_CP142951.1,98051,Plasmid,3,0,0,1,0,0,0,0,0,0,1,0,0,0,0,0,0,1,0,0,0,0,0,,Pseudomonadota,Gammaproteobacteria,Enterobacterales,Enterobacteriaceae,Escherichia
GCF_036362825.1,NZ_CP143628.1,95336,Plasmid,1,0,0,0,0,0,0,0,0,0,0,0,0,0,0,0,0,1,0,0,0,0,0,,Pseudomonadota,Gammaproteobacteria,Enterobacterales,Enterobacteriaceae,Escherichia
GCF_036494765.1,NZ_AP027490.1,94146,Plasmid,3,0,0,1,0,0,0,0,0,0,1,0,0,0,0,0,0,1,0,0,0,0,0,,Pseudomonadota,Gammaproteobacteria,Enterobacterales,Enterobacteriaceae,Escherichia
GCF_036496705.1,NZ_AP027538.1,231520,Plasmid,1,0,0,1,0,0,0,0,0,0,0,0,0,0,0,0,0,0,0,0,0,0,0,,Pseudomonadota,Gammaproteobacteria,Enterobacterales,Enterobacteriaceae,Escherichia
GCF_036496865.1,NZ_AP027545.1,111667,Plasmid,3,0,0,1,0,0,0,0,0,0,0,0,0,0,0,0,1,1,0,0,0,0,0,,Pseudomonadota,Gammaproteobacteria,Enterobacterales,Enterobacteriaceae,Escherichia
GCF_036497705.1,NZ_AP027572.1,112429,Plasmid,4,0,0,1,0,0,0,0,0,0,0,0,0,0,0,0,1,1,0,1,0,0,0,,Pseudomonadota,Gammaproteobacteria,Enterobacterales,Enterobacteriaceae,Escherichia
GCF_036497865.1,NZ_AP027577.1,213958,Plasmid,1,0,0,1,0,0,0,0,0,0,0,0,0,0,0,0,0,0,0,0,0,0,0,,Pseudomonadota,Gammaproteobacteria,Enterobacterales,Enterobacteriaceae,Escherichia
GCF_036499565.1,NZ_AP027635.1,63059,Plasmid,1,0,0,0,0,0,0,0,0,0,0,0,0,0,0,0,0,1,0,0,0,0,0,,Pseudomonadota,Gammaproteobacteria,Enterobacterales,Enterobacteriaceae,Escherichia
GCF_036501105.1,NZ_AP027678.1,87954,Plasmid,4,0,1,0,0,0,0,0,0,0,1,0,0,0,0,0,1,1,0,0,0,0,0,,Pseudomonadota,Gammaproteobacteria,Enterobacterales,Enterobacteriaceae,Escherichia
GCF_036501505.1,NZ_AP027688.1,90539,Plasmid,4,0,1,0,0,0,0,0,0,0,1,0,0,0,0,0,1,1,0,0,0,0,0,,Pseudomonadota,Gammaproteobacteria,Enterobacterales,Enterobacteriaceae,Escherichia
GCF_036503025.1,NZ_AP027746.1,182962,Plasmid,1,0,0,1,0,0,0,0,0,0,0,0,0,0,0,0,0,0,0,0,0,0,0,,Pseudomonadota,Gammaproteobacteria,Enterobacterales,Enterobacteriaceae,Escherichia
GCF_036504395.1,NZ_AP027786.1,95808,Plasmid,3,0,0,1,0,0,0,0,0,0,1,0,0,0,0,0,0,1,0,0,0,0,0,,Pseudomonadota,Gammaproteobacteria,Enterobacterales,Enterobacteriaceae,Escherichia
GCF_036506655.1,NZ_AP027855.1,104921,Plasmid,4,0,0,1,0,0,0,0,0,0,1,0,0,0,0,0,0,1,0,0,0,0,1,,Pseudomonadota,Gammaproteobacteria,Enterobacterales,Enterobacteriaceae,Escherichia
GCF_036507355.1,NZ_AP027878.1,97315,Plasmid,3,0,0,1,0,0,0,0,0,0,1,0,0,0,0,0,0,1,0,0,0,0,0,,Pseudomonadota,Gammaproteobacteria,Enterobacterales,Enterobacteriaceae,Escherichia
GCF_036508395.1,NZ_AP027904.1,114243,Plasmid,4,0,0,1,0,0,0,0,0,0,0,0,0,0,0,0,1,1,0,1,0,0,0,,Pseudomonadota,Gammaproteobacteria,Enterobacterales,Enterobacteriaceae,Escherichia
GCF_036511735.1,NZ_AP028872.1,109582,Plasmid,4,0,0,1,0,0,0,0,0,0,0,0,0,0,0,0,1,1,0,1,0,0,0,,Pseudomonadota,Gammaproteobacteria,Enterobacterales,Enterobacteriaceae,Escherichia
GCF_036718175.1,NZ_CP150020.1,102458,Plasmid,3,0,0,1,0,0,0,0,0,0,1,0,0,0,0,0,0,1,0,0,0,0,0,,Pseudomonadota,Gammaproteobacteria,Enterobacterales,Enterobacteriaceae,Escherichia
GCF_036884425.1,NZ_CP145648.1,98407,Plasmid,3,0,0,1,0,0,0,0,0,0,1,0,0,0,0,0,0,1,0,0,0,0,0,,Pseudomonadota,Gammaproteobacteria,Enterobacterales,Enterobacteriaceae,Escherichia
GCF_036884615.1,NZ_CP145681.1,113079,Plasmid,4,0,0,1,0,0,0,0,0,0,0,0,0,0,0,0,1,1,0,1,0,0,0,,Pseudomonadota,Gammaproteobacteria,Enterobacterales,Enterobacteriaceae,Escherichia
GCF_036884795.1,NZ_CP145709.1,103871,Plasmid,1,0,1,0,0,0,0,0,0,0,0,0,0,0,0,0,0,0,0,0,0,0,0,,Pseudomonadota,Gammaproteobacteria,Enterobacterales,Enterobacteriaceae,Escherichia
GCF_037094535.1,NZ_CP146657.1,198406,Plasmid,4,0,0,1,0,0,0,0,0,0,0,0,0,0,0,0,1,1,0,1,0,0,0,,Pseudomonadota,Gammaproteobacteria,Enterobacterales,Enterobacteriaceae,Escherichia
GCF_037553545.1,NZ_CP148383.1,109107,Plasmid,4,0,0,1,0,0,0,0,0,0,0,0,0,0,0,0,1,1,0,1,0,0,0,,Pseudomonadota,Gammaproteobacteria,Enterobacterales,Enterobacteriaceae,Escherichia
GCF_037555585.1,NZ_CP148392.1,92797,Plasmid,5,0,1,0,0,0,0,0,0,0,1,0,0,0,0,0,1,1,0,1,0,0,0,,Pseudomonadota,Gammaproteobacteria,Enterobacterales,Enterobacteriaceae,Escherichia
GCF_037557155.1,NZ_CP148399.1,73668,Plasmid,1,0,0,0,0,0,0,0,0,0,0,0,0,0,0,0,1,0,0,0,0,0,0,,Pseudomonadota,Gammaproteobacteria,Enterobacterales,Enterobacteriaceae,Escherichia
GCF_037560265.1,NZ_CP148408.1,99404,Plasmid,3,0,0,1,0,0,0,0,0,0,1,0,0,0,0,0,0,1,0,0,0,0,0,,Pseudomonadota,Gammaproteobacteria,Enterobacterales,Enterobacteriaceae,Escherichia
GCF_037561805.1,NZ_CP148411.1,96102,Plasmid,4,0,0,1,0,0,0,0,0,0,1,0,0,0,0,0,0,1,0,1,0,0,0,,Pseudomonadota,Gammaproteobacteria,Enterobacterales,Enterobacteriaceae,Escherichia
GCF_037563415.1,NZ_CP148417.1,101231,Plasmid,3,0,0,1,0,0,0,0,0,0,1,0,0,0,0,0,0,1,0,0,0,0,0,,Pseudomonadota,Gammaproteobacteria,Enterobacterales,Enterobacteriaceae,Escherichia
GCF_037571465.1,NZ_CP148442.1,109962,Plasmid,4,0,0,1,0,0,0,0,0,0,1,0,0,0,0,0,0,1,0,0,0,0,1,,Pseudomonadota,Gammaproteobacteria,Enterobacterales,Enterobacteriaceae,Escherichia
GCF_037572835.1,NZ_CP148447.1,93030,Plasmid,3,0,0,1,0,0,0,0,0,0,1,0,0,0,0,0,0,1,0,0,0,0,0,,Pseudomonadota,Gammaproteobacteria,Enterobacterales,Enterobacteriaceae,Escherichia
GCF_037819775.1,NZ_CP148988.1,91910,Plasmid,3,0,0,1,0,0,0,0,0,0,1,0,0,0,0,0,0,1,0,0,0,0,0,,Pseudomonadota,Gammaproteobacteria,Enterobacterales,Enterobacteriaceae,Escherichia
GCF_037920625.1,NZ_CP148584.1,73788,Plasmid,1,0,0,0,0,0,0,0,0,0,0,0,0,0,0,0,1,0,0,0,0,0,0,,Pseudomonadota,Gammaproteobacteria,Enterobacterales,Enterobacteriaceae,Escherichia
GCF_037938425.1,NZ_CP149811.1,108916,Plasmid,3,0,0,1,0,0,0,0,0,0,0,0,0,0,0,0,1,1,0,0,0,0,0,,Pseudomonadota,Gammaproteobacteria,Enterobacterales,Enterobacteriaceae,Escherichia
GCF_037938425.1,NZ_CP149812.1,89738,Plasmid,4,0,1,0,0,0,0,0,0,0,1,0,0,0,0,0,1,1,0,0,0,0,0,,Pseudomonadota,Gammaproteobacteria,Enterobacterales,Enterobacteriaceae,Escherichia
GCF_038096115.1,NZ_CP150992.1,87621,Plasmid,4,0,1,0,0,0,0,0,0,0,1,0,0,0,0,0,1,1,0,0,0,0,0,,Pseudomonadota,Gammaproteobacteria,Enterobacterales,Enterobacteriaceae,Escherichia
GCF_038396315.1,NZ_CP147095.1,92692,Plasmid,5,0,1,0,0,0,0,0,0,0,1,0,0,0,0,0,1,1,0,1,0,0,0,,Pseudomonadota,Gammaproteobacteria,Enterobacterales,Enterobacteriaceae,Escherichia
GCF_038396505.1,NZ_CP147062.1,116680,Plasmid,1,0,1,0,0,0,0,0,0,0,0,0,0,0,0,0,0,0,0,0,0,0,0,,Pseudomonadota,Gammaproteobacteria,Enterobacterales,Enterobacteriaceae,Escherichia
GCF_038627065.1,NZ_CP157329.1,90970,Plasmid,3,0,0,1,0,0,0,0,0,0,1,0,0,0,0,0,0,1,0,0,0,0,0,,Pseudomonadota,Gammaproteobacteria,Enterobacterales,Enterobacteriaceae,Escherichia
GCF_038627105.1,NZ_CP157236.1,90970,Plasmid,3,0,0,1,0,0,0,0,0,0,1,0,0,0,0,0,0,1,0,0,0,0,0,,Pseudomonadota,Gammaproteobacteria,Enterobacterales,Enterobacteriaceae,Escherichia
GCF_039645365.1,NZ_CP147079.1,112429,Plasmid,4,0,0,1,0,0,0,0,0,0,0,0,0,0,0,0,1,1,0,1,0,0,0,,Pseudomonadota,Gammaproteobacteria,Enterobacterales,Enterobacteriaceae,Escherichia
GCF_039725815.1,NZ_CP065205.1,97334,Plasmid,3,0,0,1,0,0,0,0,0,0,1,0,0,0,0,0,0,1,0,0,0,0,0,,Pseudomonadota,Gammaproteobacteria,Enterobacterales,Enterobacteriaceae,Escherichia
GCF_039909435.1,NZ_CP157096.1,109710,Plasmid,3,0,0,1,0,0,0,0,0,0,1,0,0,0,0,0,0,1,0,0,0,0,0,,Pseudomonadota,Gammaproteobacteria,Enterobacterales,Enterobacteriaceae,Escherichia
GCF_039909535.1,NZ_CP157116.1,96182,Plasmid,3,0,0,1,0,0,0,0,0,0,1,0,0,0,0,0,0,1,0,0,0,0,0,,Pseudomonadota,Gammaproteobacteria,Enterobacterales,Enterobacteriaceae,Escherichia
GCF_039911655.1,NZ_CP157149.1,111466,Plasmid,4,0,0,1,0,0,0,0,0,0,0,0,0,0,0,0,1,1,0,1,0,0,0,,Pseudomonadota,Gammaproteobacteria,Enterobacterales,Enterobacteriaceae,Escherichia
GCF_039912475.1,NZ_CP157153.1,145368,Plasmid,1,0,0,0,0,0,0,0,0,0,0,0,0,0,0,0,0,0,0,0,0,0,1,,Pseudomonadota,Gammaproteobacteria,Enterobacterales,Enterobacteriaceae,Escherichia
GCF_040267565.1,NZ_CP158349.1,91485,Plasmid,3,0,0,1,0,0,0,0,0,0,1,0,0,0,0,0,0,1,0,0,0,0,0,,Pseudomonadota,Gammaproteobacteria,Enterobacterales,Enterobacteriaceae,Escherichia
GCF_040267575.1,NZ_CP158355.1,124304,Plasmid,3,0,0,1,0,0,0,0,0,0,1,0,0,0,0,0,0,1,0,0,0,0,0,,Pseudomonadota,Gammaproteobacteria,Enterobacterales,Enterobacteriaceae,Escherichia
GCF_040267585.1,NZ_CP158335.1,90859,Plasmid,3,0,0,1,0,0,0,0,0,0,1,0,0,0,0,0,0,1,0,0,0,0,0,,Pseudomonadota,Gammaproteobacteria,Enterobacterales,Enterobacteriaceae,Escherichia
GCF_040267595.1,NZ_CP158331.1,89634,Plasmid,3,0,0,1,0,0,0,0,0,0,1,0,0,0,0,0,0,1,0,0,0,0,0,,Pseudomonadota,Gammaproteobacteria,Enterobacterales,Enterobacteriaceae,Escherichia
GCF_040267605.1,NZ_CP158341.1,90859,Plasmid,3,0,0,1,0,0,0,0,0,0,1,0,0,0,0,0,0,1,0,0,0,0,0,,Pseudomonadota,Gammaproteobacteria,Enterobacterales,Enterobacteriaceae,Escherichia
GCF_040267615.1,NZ_CP158346.1,89633,Plasmid,3,0,0,1,0,0,0,0,0,0,1,0,0,0,0,0,0,1,0,0,0,0,0,,Pseudomonadota,Gammaproteobacteria,Enterobacterales,Enterobacteriaceae,Escherichia
GCF_040267625.1,NZ_CP158318.1,89634,Plasmid,3,0,0,1,0,0,0,0,0,0,1,0,0,0,0,0,0,1,0,0,0,0,0,,Pseudomonadota,Gammaproteobacteria,Enterobacterales,Enterobacteriaceae,Escherichia
GCF_040267635.1,NZ_CP158325.1,89634,Plasmid,3,0,0,1,0,0,0,0,0,0,1,0,0,0,0,0,0,1,0,0,0,0,0,,Pseudomonadota,Gammaproteobacteria,Enterobacterales,Enterobacteriaceae,Escherichia
GCF_040436475.1,NZ_CP159120.1,93890,Plasmid,5,0,1,0,0,0,0,0,0,0,1,0,0,0,0,0,1,1,0,1,0,0,0,,Pseudomonadota,Gammaproteobacteria,Enterobacterales,Enterobacteriaceae,Escherichia
GCF_040436815.1,NZ_CP159151.1,143633,Plasmid,3,0,0,1,0,0,0,0,0,0,1,0,0,0,0,0,0,1,0,0,0,0,0,,Pseudomonadota,Gammaproteobacteria,Enterobacterales,Enterobacteriaceae,Escherichia
GCF_040931675.1,NZ_CP162407.1,93230,Plasmid,4,0,0,1,0,0,0,0,0,0,1,0,0,0,0,0,1,1,0,0,0,0,0,,Pseudomonadota,Gammaproteobacteria,Enterobacterales,Enterobacteriaceae,Escherichia
GCF_041004175.1,NZ_CP163030.1,111963,Plasmid,4,0,0,1,0,0,0,0,0,0,0,0,0,0,0,0,1,1,0,1,0,0,0,,Pseudomonadota,Gammaproteobacteria,Enterobacterales,Enterobacteriaceae,Escherichia
GCF_041004245.1,NZ_CP163044.1,94524,Plasmid,3,0,0,1,0,0,0,0,0,0,1,0,0,0,0,0,0,1,0,0,0,0,0,,Pseudomonadota,Gammaproteobacteria,Enterobacterales,Enterobacteriaceae,Escherichia
GCF_041005895.1,NZ_CP163116.1,97322,Plasmid,3,0,0,1,0,0,0,0,0,0,1,0,0,0,0,0,0,1,0,0,0,0,0,,Pseudomonadota,Gammaproteobacteria,Enterobacterales,Enterobacteriaceae,Escherichia
GCF_041200295.1,NZ_CP165739.1,94194,Plasmid,4,0,0,1,0,0,0,0,0,0,1,0,0,0,0,0,1,1,0,0,0,0,0,,Pseudomonadota,Gammaproteobacteria,Enterobacterales,Enterobacteriaceae,Escherichia
GCF_041235215.1,NZ_CP158145.1,48395,Plasmid,1,0,0,0,0,0,0,0,0,0,1,0,0,0,0,0,0,0,0,0,0,0,0,,Pseudomonadota,Gammaproteobacteria,Enterobacterales,Enterobacteriaceae,Escherichia
GCF_041251595.1,NZ_CP158430.1,178896,Plasmid,2,0,0,1,0,0,0,0,0,0,0,0,0,0,0,0,0,1,0,0,0,0,0,,Pseudomonadota,Gammaproteobacteria,Enterobacterales,Enterobacteriaceae,Escherichia
GCF_041251595.1,NZ_CP158428.1,96904,Plasmid,4,0,0,1,0,0,0,0,0,0,1,0,0,0,0,0,0,1,0,1,0,0,0,,Pseudomonadota,Gammaproteobacteria,Enterobacterales,Enterobacteriaceae,Escherichia
GCF_041260295.1,NZ_CP158444.1,48488,Plasmid,1,0,0,0,0,0,0,0,0,0,1,0,0,0,0,0,0,0,0,0,0,0,0,,Pseudomonadota,Gammaproteobacteria,Enterobacterales,Enterobacteriaceae,Escherichia
GCF_041320025.1,NZ_CP100929.1,139022,Plasmid,1,0,0,1,0,0,0,0,0,0,0,0,0,0,0,0,0,0,0,0,0,0,0,,Pseudomonadota,Gammaproteobacteria,Enterobacterales,Enterobacteriaceae,Escherichia
GCF_041320055.1,NZ_CP100937.1,252113,Plasmid,1,0,0,1,0,0,0,0,0,0,0,0,0,0,0,0,0,0,0,0,0,0,0,,Pseudomonadota,Gammaproteobacteria,Enterobacterales,Enterobacteriaceae,Escherichia
GCF_041320125.1,NZ_CP100965.1,85393,Plasmid,1,0,0,1,0,0,0,0,0,0,0,0,0,0,0,0,0,0,0,0,0,0,0,,Pseudomonadota,Gammaproteobacteria,Enterobacterales,Enterobacteriaceae,Escherichia
GCF_041320135.1,NZ_CP100967.1,323994,Plasmid,1,0,0,1,0,0,0,0,0,0,0,0,0,0,0,0,0,0,0,0,0,0,0,,Pseudomonadota,Gammaproteobacteria,Enterobacterales,Enterobacteriaceae,Escherichia
GCF_041320155.1,NZ_CP100974.1,111725,Plasmid,1,0,0,1,0,0,0,0,0,0,0,0,0,0,0,0,0,0,0,0,0,0,0,,Pseudomonadota,Gammaproteobacteria,Enterobacterales,Enterobacteriaceae,Escherichia
GCF_041320175.1,NZ_CP100983.1,110489,Plasmid,1,0,0,1,0,0,0,0,0,0,0,0,0,0,0,0,0,0,0,0,0,0,0,,Pseudomonadota,Gammaproteobacteria,Enterobacterales,Enterobacteriaceae,Escherichia
GCF_041320185.1,NZ_CP100991.1,91269,Plasmid,2,0,1,0,0,0,0,0,0,0,1,0,0,0,0,0,0,0,0,0,0,0,0,,Pseudomonadota,Gammaproteobacteria,Enterobacterales,Enterobacteriaceae,Escherichia
GCF_041344915.1,NZ_CP166762.1,110543,Plasmid,1,0,0,0,0,0,0,0,0,0,0,0,0,0,0,0,1,0,0,0,0,0,0,,Pseudomonadota,Gammaproteobacteria,Enterobacterales,Enterobacteriaceae,Escherichia
GCF_041531595.1,NZ_CP168039.1,90743,Plasmid,3,0,0,1,0,0,0,0,0,0,1,0,0,0,0,0,0,1,0,0,0,0,0,,Pseudomonadota,Gammaproteobacteria,Enterobacterales,Enterobacteriaceae,Escherichia
GCF_041870075.1,NZ_CP163454.1,96729,Plasmid,3,0,0,1,0,0,0,0,0,0,1,0,0,0,0,0,0,1,0,0,0,0,0,,Pseudomonadota,Gammaproteobacteria,Enterobacterales,Enterobacteriaceae,Escherichia
GCF_041882485.1,NZ_CP169009.1,98725,Plasmid,4,0,0,1,0,0,0,0,0,0,1,0,0,0,0,0,0,1,0,1,0,0,0,,Pseudomonadota,Gammaproteobacteria,Enterobacterales,Enterobacteriaceae,Escherichia
GCF_041884315.1,NZ_CP169016.1,99721,Plasmid,3,0,0,1,0,0,0,0,0,0,1,0,0,0,0,0,0,1,0,0,0,0,0,,Pseudomonadota,Gammaproteobacteria,Enterobacterales,Enterobacteriaceae,Escherichia
GCF_041884965.1,NZ_CP169021.1,99087,Plasmid,4,0,0,1,0,0,0,0,0,0,1,0,0,0,0,0,0,1,0,1,0,0,0,,Pseudomonadota,Gammaproteobacteria,Enterobacterales,Enterobacteriaceae,Escherichia
GCF_041897545.1,NZ_CP169226.1,110648,Plasmid,4,0,0,1,0,0,0,0,0,0,0,0,0,0,0,0,1,1,0,1,0,0,0,,Pseudomonadota,Gammaproteobacteria,Enterobacterales,Enterobacteriaceae,Escherichia
GCF_041897545.1,NZ_CP169228.1,95921,Plasmid,3,0,0,1,0,0,0,0,0,0,1,0,0,0,0,0,0,1,0,0,0,0,0,,Pseudomonadota,Gammaproteobacteria,Enterobacterales,Enterobacteriaceae,Escherichia
GCF_041886205.1,NZ_CP169031.1,97799,Plasmid,3,0,0,1,0,0,0,0,0,0,1,0,0,0,0,0,0,1,0,0,0,0,0,,Pseudomonadota,Gammaproteobacteria,Enterobacterales,Enterobacteriaceae,Escherichia
GCF_043231215.1,NZ_CP151646.1,92136,Plasmid,3,0,0,1,0,0,0,0,0,0,1,0,0,0,0,0,0,1,0,0,0,0,0,,Pseudomonadota,Gammaproteobacteria,Enterobacterales,Enterobacteriaceae,Escherichia
GCF_044099165.1,NZ_CP172110.1,113349,Plasmid,3,0,0,1,0,0,0,0,0,0,0,0,0,0,0,0,1,1,0,0,0,0,0,,Pseudomonadota,Gammaproteobacteria,Enterobacterales,Enterobacteriaceae,Escherichia
GCF_044324805.1,NZ_CP172147.1,90000,Plasmid,3,0,0,1,0,0,0,0,0,0,1,0,0,0,0,0,0,1,0,0,0,0,0,,Pseudomonadota,Gammaproteobacteria,Enterobacterales,Enterobacteriaceae,Escherichia
GCF_044324815.1,NZ_CP172153.1,91268,Plasmid,3,0,0,1,0,0,0,0,0,0,1,0,0,0,0,0,0,1,0,0,0,0,0,,Pseudomonadota,Gammaproteobacteria,Enterobacterales,Enterobacteriaceae,Escherichia
GCF_044324875.1,NZ_CP172188.1,97923,Plasmid,4,0,1,0,0,0,0,0,0,0,1,0,0,0,0,0,1,1,0,0,0,0,0,,Pseudomonadota,Gammaproteobacteria,Enterobacterales,Enterobacteriaceae,Escherichia
GCF_044324885.1,NZ_CP172196.1,110673,Plasmid,4,0,0,1,0,0,0,0,0,0,0,0,0,0,0,0,1,1,0,1,0,0,0,,Pseudomonadota,Gammaproteobacteria,Enterobacterales,Enterobacteriaceae,Escherichia
GCF_044324925.1,NZ_CP172219.1,94228,Plasmid,4,0,1,0,0,0,0,0,0,0,1,0,0,0,0,0,1,1,0,0,0,0,0,,Pseudomonadota,Gammaproteobacteria,Enterobacterales,Enterobacteriaceae,Escherichia
GCF_045007305.1,NZ_CP118682.1,99605,Plasmid,3,0,0,1,0,0,0,0,0,0,1,0,0,0,0,0,0,1,0,0,0,0,0,,Pseudomonadota,Gammaproteobacteria,Enterobacterales,Enterobacteriaceae,Escherichia
GCF_045037385.1,NZ_CP173475.1,51332,Plasmid,1,0,0,0,0,0,0,0,0,0,1,0,0,0,0,0,0,0,0,0,0,0,0,,Pseudomonadota,Gammaproteobacteria,Enterobacterales,Enterobacteriaceae,Escherichia
GCF_045037405.1,NZ_CP173477.1,88543,Plasmid,1,0,0,0,0,0,0,0,0,0,1,0,0,0,0,0,0,0,0,0,0,0,0,,Pseudomonadota,Gammaproteobacteria,Enterobacterales,Enterobacteriaceae,Escherichia
GCF_045037445.1,NZ_CP173450.1,221873,Plasmid,1,0,0,0,0,0,0,0,0,0,1,0,0,0,0,0,0,0,0,0,0,0,0,,Pseudomonadota,Gammaproteobacteria,Enterobacterales,Enterobacteriaceae,Escherichia
GCF_045037465.1,NZ_CP173569.1,95530,Plasmid,4,0,0,1,0,0,0,0,0,0,1,0,0,0,0,0,1,1,0,0,0,0,0,,Pseudomonadota,Gammaproteobacteria,Enterobacterales,Enterobacteriaceae,Escherichia
GCF_045037475.1,NZ_CP173593.1,92790,Plasmid,5,0,1,0,0,0,0,0,0,0,1,0,0,0,0,0,1,1,0,1,0,0,0,,Pseudomonadota,Gammaproteobacteria,Enterobacterales,Enterobacteriaceae,Escherichia
GCF_045037475.1,NZ_CP173594.1,47785,Plasmid,1,0,0,0,0,0,0,0,0,0,1,0,0,0,0,0,0,0,0,0,0,0,0,,Pseudomonadota,Gammaproteobacteria,Enterobacterales,Enterobacteriaceae,Escherichia
GCF_045037495.1,NZ_CP173574.1,88543,Plasmid,1,0,0,0,0,0,0,0,0,0,1,0,0,0,0,0,0,0,0,0,0,0,0,,Pseudomonadota,Gammaproteobacteria,Enterobacterales,Enterobacteriaceae,Escherichia
GCF_045037505.1,NZ_CP173592.1,90970,Plasmid,3,0,0,1,0,0,0,0,0,0,1,0,0,0,0,0,0,1,0,0,0,0,0,,Pseudomonadota,Gammaproteobacteria,Enterobacterales,Enterobacteriaceae,Escherichia
GCF_045037535.1,NZ_CP173601.1,96070,Plasmid,3,0,0,1,0,0,0,0,0,0,1,0,0,0,0,0,0,1,0,0,0,0,0,,Pseudomonadota,Gammaproteobacteria,Enterobacterales,Enterobacteriaceae,Escherichia
GCF_045037565.1,NZ_CP173482.1,95220,Plasmid,3,0,0,1,0,0,0,0,0,0,1,0,0,0,0,0,0,1,0,0,0,0,0,,Pseudomonadota,Gammaproteobacteria,Enterobacterales,Enterobacteriaceae,Escherichia
GCF_045037685.1,NZ_CP173545.1,94196,Plasmid,4,0,0,1,0,0,0,0,0,0,1,0,0,0,0,0,1,1,0,0,0,0,0,,Pseudomonadota,Gammaproteobacteria,Enterobacterales,Enterobacteriaceae,Escherichia
GCF_045037715.1,NZ_CP173560.1,89633,Plasmid,3,0,0,1,0,0,0,0,0,0,1,0,0,0,0,0,0,1,0,0,0,0,0,,Pseudomonadota,Gammaproteobacteria,Enterobacterales,Enterobacteriaceae,Escherichia
GCF_045037745.1,NZ_CP173566.1,96224,Plasmid,3,0,0,1,0,0,0,0,0,0,1,0,0,0,0,0,0,1,0,0,0,0,0,,Pseudomonadota,Gammaproteobacteria,Enterobacterales,Enterobacteriaceae,Escherichia
GCF_045037825.1,NZ_CP173465.1,96938,Plasmid,3,0,0,1,0,0,0,0,0,0,1,0,0,0,0,0,0,1,0,0,0,0,0,,Pseudomonadota,Gammaproteobacteria,Enterobacterales,Enterobacteriaceae,Escherichia
GCF_045037825.1,NZ_CP173462.1,92627,Plasmid,4,0,0,1,0,0,0,0,0,0,1,0,0,0,0,0,1,1,0,0,0,0,0,,Pseudomonadota,Gammaproteobacteria,Enterobacterales,Enterobacteriaceae,Escherichia
GCF_045182765.1,NZ_CP173998.1,107362,Plasmid,4,0,0,1,0,0,0,0,0,0,0,0,0,0,0,0,1,1,0,1,0,0,0,,Pseudomonadota,Gammaproteobacteria,Enterobacterales,Enterobacteriaceae,Escherichia
GCF_045287825.1,NZ_CP139126.1,218363,Plasmid,4,0,0,1,0,0,0,0,0,0,0,0,0,0,0,0,1,1,0,1,0,0,0,,Pseudomonadota,Gammaproteobacteria,Enterobacterales,Enterobacteriaceae,Escherichia
GCF_045288035.1,NZ_CP149501.1,48488,Plasmid,1,0,0,0,0,0,0,0,0,0,1,0,0,0,0,0,0,0,0,0,0,0,0,,Pseudomonadota,Gammaproteobacteria,Enterobacterales,Enterobacteriaceae,Escherichia
GCF_045290265.1,NZ_CP142927.1,96294,Plasmid,3,0,0,1,0,0,0,0,0,0,1,0,0,0,0,0,0,1,0,0,0,0,0,,Pseudomonadota,Gammaproteobacteria,Enterobacterales,Enterobacteriaceae,Escherichia
GCF_045290285.1,NZ_CP142945.1,92197,Plasmid,4,0,0,1,0,0,0,0,0,0,1,0,0,0,0,0,1,1,0,0,0,0,0,,Pseudomonadota,Gammaproteobacteria,Enterobacterales,Enterobacteriaceae,Escherichia
GCF_045517155.1,NZ_CP171884.1,83358,Plasmid,1,0,0,0,0,0,0,0,0,0,0,0,0,0,0,0,0,1,0,0,0,0,0,,Pseudomonadota,Gammaproteobacteria,Enterobacterales,Enterobacteriaceae,Escherichia
GCF_045673195.1,NZ_CP095808.1,81185,Plasmid,3,0,0,1,0,0,0,0,0,0,1,0,0,0,0,0,0,1,0,0,0,0,0,,Pseudomonadota,Gammaproteobacteria,Enterobacterales,Enterobacteriaceae,Escherichia
GCF_045689955.1,NZ_CP142921.1,98763,Plasmid,4,0,0,1,0,0,0,0,0,0,1,0,0,0,0,0,1,1,0,0,0,0,0,,Pseudomonadota,Gammaproteobacteria,Enterobacterales,Enterobacteriaceae,Escherichia
GCF_046106325.1,NZ_CP151018.1,112650,Plasmid,4,0,0,1,0,0,0,0,0,0,0,0,0,0,0,0,1,1,0,1,0,0,0,,Pseudomonadota,Gammaproteobacteria,Enterobacterales,Enterobacteriaceae,Escherichia
GCF_046108985.1,NZ_CP151070.1,49405,Plasmid,1,0,0,0,0,0,0,0,0,0,1,0,0,0,0,0,0,0,0,0,0,0,0,,Pseudomonadota,Gammaproteobacteria,Enterobacterales,Enterobacteriaceae,Escherichia
GCF_046250115.1,NZ_CP176485.1,109366,Plasmid,4,0,0,1,0,0,0,0,0,0,0,0,0,0,0,0,1,1,0,1,0,0,0,,Pseudomonadota,Gammaproteobacteria,Enterobacterales,Enterobacteriaceae,Escherichia
GCF_046581325.1,NZ_CP142794.1,92116,Plasmid,4,0,1,0,0,0,0,0,0,0,1,0,0,0,0,0,1,1,0,0,0,0,0,,Pseudomonadota,Gammaproteobacteria,Enterobacterales,Enterobacteriaceae,Escherichia
GCF_046581375.1,NZ_CP142400.1,92116,Plasmid,4,0,1,0,0,0,0,0,0,0,1,0,0,0,0,0,1,1,0,0,0,0,0,,Pseudomonadota,Gammaproteobacteria,Enterobacterales,Enterobacteriaceae,Escherichia
GCF_046581385.1,NZ_CP142785.1,89591,Plasmid,4,0,1,0,0,0,0,0,0,0,1,0,0,0,0,0,0,1,0,0,0,0,1,,Pseudomonadota,Gammaproteobacteria,Enterobacterales,Enterobacteriaceae,Escherichia
GCF_047715505.1,NZ_CP180395.1,98533,Plasmid,3,0,0,1,0,0,0,0,0,0,1,0,0,0,0,0,0,1,0,0,0,0,0,,Pseudomonadota,Gammaproteobacteria,Enterobacterales,Enterobacteriaceae,Escherichia
GCF_047782865.1,NZ_CP180703.1,77886,Plasmid,1,0,0,0,0,0,0,0,0,0,0,0,0,0,0,0,0,0,0,0,0,0,1,,Pseudomonadota,Gammaproteobacteria,Enterobacterales,Enterobacteriaceae,Escherichia
GCF_047946685.1,NZ_CP159530.1,298830,Plasmid,2,0,0,0,0,0,0,0,0,0,0,0,0,0,0,0,0,0,0,2,0,0,0,,Pseudomonadota,Gammaproteobacteria,Enterobacterales,Enterobacteriaceae,Escherichia
GCF_048012845.1,NZ_CP182160.1,101763,Plasmid,1,0,0,0,0,0,0,0,0,0,0,0,0,0,0,0,0,1,0,0,0,0,0,,Pseudomonadota,Gammaproteobacteria,Enterobacterales,Enterobacteriaceae,Escherichia
GCF_048016545.1,NZ_CP182176.1,115063,Plasmid,3,0,0,1,0,0,0,0,0,0,0,0,0,0,0,0,1,1,0,0,0,0,0,,Pseudomonadota,Gammaproteobacteria,Enterobacterales,Enterobacteriaceae,Escherichia
GCF_048163865.1,NZ_CP182338.1,96484,Plasmid,3,0,0,1,0,0,0,0,0,0,1,0,0,0,0,0,0,1,0,0,0,0,0,,Pseudomonadota,Gammaproteobacteria,Enterobacterales,Enterobacteriaceae,Escherichia
GCF_048402605.1,NZ_CP183151.1,129347,Plasmid,4,0,1,0,0,0,0,0,0,0,1,0,0,0,0,0,1,1,0,0,0,0,0,,Pseudomonadota,Gammaproteobacteria,Enterobacterales,Enterobacteriaceae,Escherichia
GCF_048403475.1,NZ_CP183103.1,95093,Plasmid,3,0,0,1,0,0,0,0,0,0,1,0,0,0,0,0,0,1,0,0,0,0,0,,Pseudomonadota,Gammaproteobacteria,Enterobacterales,Enterobacteriaceae,Escherichia
GCF_048403485.1,NZ_CP183096.1,95716,Plasmid,3,0,0,1,0,0,0,0,0,0,1,0,0,0,0,0,0,1,0,0,0,0,0,,Pseudomonadota,Gammaproteobacteria,Enterobacterales,Enterobacteriaceae,Escherichia
GCF_048405095.1,NZ_CP183086.1,95094,Plasmid,3,0,0,1,0,0,0,0,0,0,1,0,0,0,0,0,0,1,0,0,0,0,0,,Pseudomonadota,Gammaproteobacteria,Enterobacterales,Enterobacteriaceae,Escherichia
GCF_048405105.1,NZ_CP183090.1,94784,Plasmid,3,0,0,1,0,0,0,0,0,0,1,0,0,0,0,0,0,1,0,0,0,0,0,,Pseudomonadota,Gammaproteobacteria,Enterobacterales,Enterobacteriaceae,Escherichia
GCF_048457195.1,NZ_CP172338.1,48547,Plasmid,1,0,0,0,0,0,0,0,0,0,1,0,0,0,0,0,0,0,0,0,0,0,0,,Pseudomonadota,Gammaproteobacteria,Enterobacterales,Enterobacteriaceae,Escherichia
GCF_048541625.1,NZ_CP183340.1,92046,Plasmid,3,0,0,1,0,0,0,0,0,0,1,0,0,0,0,0,0,1,0,0,0,0,0,,Pseudomonadota,Gammaproteobacteria,Enterobacterales,Enterobacteriaceae,Escherichia
GCF_048568955.1,NZ_CP074778.1,97260,Plasmid,4,0,0,1,0,0,0,0,0,0,1,0,0,0,0,0,0,1,0,1,0,0,0,,Pseudomonadota,Gammaproteobacteria,Enterobacterales,Enterobacteriaceae,Escherichia
GCF_048568965.1,NZ_CP074782.1,97260,Plasmid,4,0,0,1,0,0,0,0,0,0,1,0,0,0,0,0,0,1,0,1,0,0,0,,Pseudomonadota,Gammaproteobacteria,Enterobacterales,Enterobacteriaceae,Escherichia
GCF_048568985.1,NZ_CP074792.1,154743,Plasmid,3,0,1,0,0,0,0,0,0,0,1,0,0,0,0,0,1,0,0,0,0,0,0,,Pseudomonadota,Gammaproteobacteria,Enterobacterales,Enterobacteriaceae,Escherichia
GCF_048568985.1,NZ_CP074794.1,97179,Plasmid,4,0,0,1,0,0,0,0,0,0,1,0,0,0,0,0,0,1,0,1,0,0,0,,Pseudomonadota,Gammaproteobacteria,Enterobacterales,Enterobacteriaceae,Escherichia
GCF_048568995.1,NZ_CP074805.1,95809,Plasmid,4,0,0,1,0,0,0,0,0,0,1,0,0,0,0,0,0,1,0,1,0,0,0,,Pseudomonadota,Gammaproteobacteria,Enterobacterales,Enterobacteriaceae,Escherichia
GCF_048569015.1,NZ_CP074812.1,99276,Plasmid,4,0,0,1,0,0,0,0,0,0,1,0,0,0,0,0,0,1,0,1,0,0,0,,Pseudomonadota,Gammaproteobacteria,Enterobacterales,Enterobacteriaceae,Escherichia
GCF_048569025.1,NZ_CP074817.1,99761,Plasmid,4,0,0,1,0,0,0,0,0,0,1,0,0,0,0,0,0,1,0,1,0,0,0,,Pseudomonadota,Gammaproteobacteria,Enterobacterales,Enterobacteriaceae,Escherichia
GCF_048571425.1,NZ_CP074892.1,94134,Plasmid,4,0,0,1,0,0,0,0,0,0,1,0,0,0,0,0,0,1,0,1,0,0,0,,Pseudomonadota,Gammaproteobacteria,Enterobacterales,Enterobacteriaceae,Escherichia
GCF_048571455.1,NZ_CP074905.1,98161,Plasmid,4,0,0,1,0,0,0,0,0,0,1,0,0,0,0,0,0,1,0,1,0,0,0,,Pseudomonadota,Gammaproteobacteria,Enterobacterales,Enterobacteriaceae,Escherichia
GCF_048571615.1,NZ_CP074960.1,97804,Plasmid,4,0,0,1,0,0,0,0,0,0,1,0,0,0,0,0,0,1,0,1,0,0,0,,Pseudomonadota,Gammaproteobacteria,Enterobacterales,Enterobacteriaceae,Escherichia
GCF_048571645.1,NZ_CP074968.1,96365,Plasmid,4,0,0,1,0,0,0,0,0,0,1,0,0,0,0,0,0,1,0,1,0,0,0,,Pseudomonadota,Gammaproteobacteria,Enterobacterales,Enterobacteriaceae,Escherichia
GCF_048571665.1,NZ_CP074972.1,98665,Plasmid,4,0,0,1,0,0,0,0,0,0,1,0,0,0,0,0,0,1,0,1,0,0,0,,Pseudomonadota,Gammaproteobacteria,Enterobacterales,Enterobacteriaceae,Escherichia
GCF_048571785.1,NZ_CP074995.1,166865,Plasmid,1,0,0,0,0,0,0,0,0,0,0,0,0,0,0,0,0,0,0,0,0,0,1,,Pseudomonadota,Gammaproteobacteria,Enterobacterales,Enterobacteriaceae,Escherichia
GCF_048571835.1,NZ_CP074880.1,98734,Plasmid,4,0,0,1,0,0,0,0,0,0,1,0,0,0,0,0,0,1,0,1,0,0,0,,Pseudomonadota,Gammaproteobacteria,Enterobacterales,Enterobacteriaceae,Escherichia
GCF_048572645.1,NZ_CP123334.1,97582,Plasmid,3,0,0,1,0,0,0,0,0,0,1,0,0,0,0,0,0,1,0,0,0,0,0,,Pseudomonadota,Gammaproteobacteria,Enterobacterales,Enterobacteriaceae,Escherichia
GCF_048585595.1,NZ_CP184054.1,108430,Plasmid,3,0,0,1,0,0,0,0,0,0,0,0,0,0,0,0,1,1,0,0,0,0,0,,Pseudomonadota,Gammaproteobacteria,Enterobacterales,Enterobacteriaceae,Escherichia
GCF_048585725.1,NZ_CP184119.1,110646,Plasmid,4,0,0,1,0,0,0,0,0,0,0,0,0,0,0,0,1,1,0,1,0,0,0,,Pseudomonadota,Gammaproteobacteria,Enterobacterales,Enterobacteriaceae,Escherichia
GCF_048585735.1,NZ_CP184157.1,95427,Plasmid,3,0,0,1,0,0,0,0,0,0,1,0,0,0,0,0,0,1,0,0,0,0,0,,Pseudomonadota,Gammaproteobacteria,Enterobacterales,Enterobacteriaceae,Escherichia
GCF_048585745.1,NZ_CP184147.1,130575,Plasmid,6,0,0,2,0,0,0,0,0,0,2,0,0,0,0,0,0,2,0,0,0,0,0,,Pseudomonadota,Gammaproteobacteria,Enterobacterales,Enterobacteriaceae,Escherichia
GCF_049075675.1,NZ_CP184066.1,108430,Plasmid,3,0,0,1,0,0,0,0,0,0,0,0,0,0,0,0,1,1,0,0,0,0,0,,Pseudomonadota,Gammaproteobacteria,Enterobacterales,Enterobacteriaceae,Escherichia
GCF_049265845.1,NZ_CP074731.1,98665,Plasmid,4,0,0,1,0,0,0,0,0,0,1,0,0,0,0,0,0,1,0,1,0,0,0,,Pseudomonadota,Gammaproteobacteria,Enterobacterales,Enterobacteriaceae,Escherichia
GCF_050320065.1,NZ_CP190032.1,93261,Plasmid,3,0,0,1,0,0,0,0,0,0,1,0,0,0,0,0,0,1,0,0,0,0,0,,Pseudomonadota,Gammaproteobacteria,Enterobacterales,Enterobacteriaceae,Escherichia
GCF_050320065.1,NZ_CP190035.1,5793,Plasmid,1,0,0,0,0,0,0,0,0,0,0,0,1,0,0,0,0,0,0,0,0,0,0,,Pseudomonadota,Gammaproteobacteria,Enterobacterales,Enterobacteriaceae,Escherichia
GCF_050320075.1,NZ_CP190020.1,110667,Plasmid,4,0,0,1,0,0,0,0,0,0,0,0,0,0,0,0,1,1,0,1,0,0,0,,Pseudomonadota,Gammaproteobacteria,Enterobacterales,Enterobacteriaceae,Escherichia
GCF_050320075.1,NZ_CP190025.1,5772,Plasmid,1,0,0,0,0,0,0,0,0,0,0,0,1,0,0,0,0,0,0,0,0,0,0,,Pseudomonadota,Gammaproteobacteria,Enterobacterales,Enterobacteriaceae,Escherichia
GCF_050320085.1,NZ_CP190037.1,154357,Plasmid,4,0,0,1,0,0,0,0,0,0,1,0,0,0,0,0,0,1,0,0,0,0,1,,Pseudomonadota,Gammaproteobacteria,Enterobacterales,Enterobacteriaceae,Escherichia
GCF_050516355.1,NZ_CP191554.1,97575,Plasmid,3,0,0,1,0,0,0,0,0,0,1,0,0,0,0,0,0,1,0,0,0,0,0,,Pseudomonadota,Gammaproteobacteria,Enterobacterales,Enterobacteriaceae,Escherichia
GCF_050516385.1,NZ_CP191571.1,101962,Plasmid,3,0,0,1,0,0,0,0,0,0,1,0,0,0,0,0,0,1,0,0,0,0,0,,Pseudomonadota,Gammaproteobacteria,Enterobacterales,Enterobacteriaceae,Escherichia
GCF_900088105.1,NZ_LT906557.1,89743,Plasmid,4,0,1,0,0,0,0,0,0,0,1,0,0,0,0,0,1,1,0,0,0,0,0,,Pseudomonadota,Gammaproteobacteria,Enterobacterales,Enterobacteriaceae,Escherichia
GCF_000010765.1,NC_013370.1,97897,Plasmid,4,0,0,1,0,0,0,0,0,0,1,0,0,0,0,0,0,1,0,1,0,0,0,,Pseudomonadota,Gammaproteobacteria,Enterobacterales,Enterobacteriaceae,Escherichia
GCF_000299255.1,NC_018651.1,109274,Plasmid,4,0,0,1,0,0,0,0,0,0,0,0,0,0,0,0,1,1,0,1,0,0,0,,Pseudomonadota,Gammaproteobacteria,Enterobacterales,Enterobacteriaceae,Escherichia
GCF_000743255.1,NZ_CP009073.1,48488,Plasmid,1,0,0,0,0,0,0,0,0,0,1,0,0,0,0,0,0,0,0,0,0,0,0,,Pseudomonadota,Gammaproteobacteria,Enterobacterales,Enterobacteriaceae,Escherichia
GCF_000829985.1,NZ_CP009168.1,94959,Plasmid,3,0,0,1,0,0,0,0,0,0,1,0,0,0,0,0,0,1,0,0,0,0,0,,Pseudomonadota,Gammaproteobacteria,Enterobacterales,Enterobacteriaceae,Escherichia
GCF_001559655.1,NZ_CP014271.1,232954,Plasmid,1,0,0,0,0,0,0,0,0,0,0,0,0,0,0,0,0,1,0,0,0,0,0,,Pseudomonadota,Gammaproteobacteria,Enterobacterales,Enterobacteriaceae,Escherichia
GCF_001559675.1,NZ_CP014273.1,213924,Plasmid,1,0,0,0,0,0,0,0,0,0,0,0,0,0,0,0,0,1,0,0,0,0,0,,Pseudomonadota,Gammaproteobacteria,Enterobacterales,Enterobacteriaceae,Escherichia
GCF_002209105.2,NZ_CP022085.2,109945,Plasmid,4,0,0,1,0,0,0,0,0,0,0,0,0,0,0,0,1,1,0,1,0,0,0,,Pseudomonadota,Gammaproteobacteria,Enterobacterales,Enterobacteriaceae,Escherichia
GCF_003433275.1,NZ_CP009051.1,97258,Plasmid,4,0,0,1,0,0,0,0,0,0,1,0,0,0,0,0,1,1,0,0,0,0,0,,Pseudomonadota,Gammaproteobacteria,Enterobacterales,Enterobacteriaceae,Escherichia
GCF_008727135.1,NZ_CP044141.1,50155,Plasmid,3,0,2,0,0,0,0,0,0,0,1,0,0,0,0,0,0,0,0,0,0,0,0,,Pseudomonadota,Gammaproteobacteria,Enterobacterales,Enterobacteriaceae,Escherichia
GCF_008727175.1,NZ_CP044147.1,46899,Plasmid,1,0,0,0,0,0,0,0,0,0,0,0,0,0,0,0,0,1,0,0,0,0,0,,Pseudomonadota,Gammaproteobacteria,Enterobacterales,Enterobacteriaceae,Escherichia
GCF_013167175.1,NZ_CP038288.1,99810,Plasmid,4,0,0,1,0,0,0,0,0,0,1,0,0,0,0,0,0,1,0,1,0,0,0,,Pseudomonadota,Gammaproteobacteria,Enterobacterales,Enterobacteriaceae,Escherichia
GCF_013167815.1,NZ_CP038378.1,99810,Plasmid,4,0,0,1,0,0,0,0,0,0,1,0,0,0,0,0,0,1,0,1,0,0,0,,Pseudomonadota,Gammaproteobacteria,Enterobacterales,Enterobacteriaceae,Escherichia
GCF_013282315.1,NZ_CP042885.1,167966,Plasmid,1,0,1,0,0,0,0,0,0,0,0,0,0,0,0,0,0,0,0,0,0,0,0,,Pseudomonadota,Gammaproteobacteria,Enterobacterales,Enterobacteriaceae,Escherichia
GCF_014623225.1,NZ_CP031350.1,187274,Plasmid,4,0,1,0,0,0,0,0,0,0,1,0,0,0,0,0,0,0,0,2,0,0,0,,Pseudomonadota,Gammaproteobacteria,Enterobacterales,Enterobacteriaceae,Escherichia
GCF_014623225.1,NZ_CP031351.1,96355,Plasmid,3,0,0,1,0,0,0,0,0,0,1,0,0,0,0,0,0,1,0,0,0,0,0,,Pseudomonadota,Gammaproteobacteria,Enterobacterales,Enterobacteriaceae,Escherichia
GCF_015571795.1,NZ_CP062890.1,89847,Plasmid,4,0,0,1,0,0,0,0,0,0,1,0,0,0,0,0,1,1,0,0,0,0,0,,Pseudomonadota,Gammaproteobacteria,Enterobacterales,Enterobacteriaceae,Escherichia
GCF_015571895.1,NZ_CP062902.1,96199,Plasmid,3,0,0,1,0,0,0,0,0,0,1,0,0,0,0,0,0,1,0,0,0,0,0,,Pseudomonadota,Gammaproteobacteria,Enterobacterales,Enterobacteriaceae,Escherichia
GCF_015571915.1,NZ_CP062914.1,120310,Plasmid,4,0,0,1,0,0,0,0,0,0,0,0,0,0,0,0,1,1,0,1,0,0,0,,Pseudomonadota,Gammaproteobacteria,Enterobacterales,Enterobacteriaceae,Escherichia
GCF_017570645.1,NZ_CP069679.1,98084,Plasmid,3,0,0,1,0,0,0,0,0,0,1,0,0,0,0,0,0,1,0,0,0,0,0,,Pseudomonadota,Gammaproteobacteria,Enterobacterales,Enterobacteriaceae,Escherichia
GCF_019431295.1,NZ_CP080229.1,74646,Plasmid,4,0,0,1,0,0,0,0,0,0,1,0,0,0,0,0,0,1,0,0,0,0,1,,Pseudomonadota,Gammaproteobacteria,Enterobacterales,Enterobacteriaceae,Escherichia
GCF_019431295.1,NZ_CP080230.1,48077,Plasmid,1,0,0,0,0,0,0,0,0,0,1,0,0,0,0,0,0,0,0,0,0,0,0,,Pseudomonadota,Gammaproteobacteria,Enterobacterales,Enterobacteriaceae,Escherichia
GCF_030908705.1,NZ_CP133131.1,63329,Plasmid,3,0,2,0,0,0,0,0,0,0,1,0,0,0,0,0,0,0,0,0,0,0,0,,Pseudomonadota,Gammaproteobacteria,Enterobacterales,Enterobacteriaceae,Escherichia
GCF_041870065.1,NZ_CP163450.1,96668,Plasmid,3,0,0,1,0,0,0,0,0,0,1,0,0,0,0,0,0,1,0,0,0,0,0,,Pseudomonadota,Gammaproteobacteria,Enterobacterales,Enterobacteriaceae,Escherichia
GCF_049489415.1,NZ_CP077443.1,102994,Plasmid,4,0,0,1,0,0,0,0,0,0,1,0,0,0,0,0,0,1,0,1,0,0,0,,Pseudomonadota,Gammaproteobacteria,Enterobacterales,Enterobacteriaceae,Escherichia
GCF_049489465.1,NZ_CP077453.1,93575,Plasmid,4,0,0,1,0,0,0,0,0,0,1,0,0,0,0,0,1,1,0,0,0,0,0,,Pseudomonadota,Gammaproteobacteria,Enterobacterales,Enterobacteriaceae,Escherichia
GCF_049489465.1,NZ_CP077454.1,89944,Plasmid,4,0,0,1,0,0,0,0,0,0,1,0,0,0,0,0,1,1,0,0,0,0,0,,Pseudomonadota,Gammaproteobacteria,Enterobacterales,Enterobacteriaceae,Escherichia
GCF_049569755.1,NZ_CP077449.1,100519,Plasmid,4,0,0,1,0,0,0,0,0,0,1,0,0,0,0,0,0,1,0,1,0,0,0,,Pseudomonadota,Gammaproteobacteria,Enterobacterales,Enterobacteriaceae,Escherichia
GCF_049569765.1,NZ_CP077462.1,97793,Plasmid,3,0,0,1,0,0,0,0,0,0,1,0,0,0,0,0,0,1,0,0,0,0,0,,Pseudomonadota,Gammaproteobacteria,Enterobacterales,Enterobacteriaceae,Escherichia
GCF_049570235.1,NZ_CP077480.1,97453,Plasmid,5,0,1,0,0,0,0,0,0,0,1,0,0,0,0,0,1,1,0,1,0,0,0,,Pseudomonadota,Gammaproteobacteria,Enterobacterales,Enterobacteriaceae,Escherichia
GCF_049570315.1,NZ_CP077484.1,97999,Plasmid,4,0,0,1,0,0,0,0,0,0,1,0,0,0,0,0,0,1,0,1,0,0,0,,Pseudomonadota,Gammaproteobacteria,Enterobacterales,Enterobacteriaceae,Escherichia
GCF_049570315.1,NZ_CP077485.1,91118,Plasmid,4,0,0,1,0,0,0,0,0,0,1,0,0,0,0,0,1,1,0,0,0,0,0,,Pseudomonadota,Gammaproteobacteria,Enterobacterales,Enterobacteriaceae,Escherichia
GCF_049570325.1,NZ_CP077492.1,96776,Plasmid,4,0,0,1,0,0,0,0,0,0,1,0,0,0,0,0,0,1,0,1,0,0,0,,Pseudomonadota,Gammaproteobacteria,Enterobacterales,Enterobacteriaceae,Escherichia
GCF_049570325.1,NZ_CP077493.1,95569,Plasmid,5,0,1,0,0,0,0,0,0,0,1,0,0,0,0,0,1,1,0,1,0,0,0,,Pseudomonadota,Gammaproteobacteria,Enterobacterales,Enterobacteriaceae,Escherichia
GCF_049570405.1,NZ_CP077509.1,102237,Plasmid,4,0,0,1,0,0,0,0,0,0,1,0,0,0,0,0,0,1,0,1,0,0,0,,Pseudomonadota,Gammaproteobacteria,Enterobacterales,Enterobacteriaceae,Escherichia
GCF_900622655.1,NZ_LR130557.1,112419,Plasmid,3,0,0,1,0,0,0,0,0,0,1,0,0,0,0,0,0,1,0,0,0,0,0,,Pseudomonadota,Gammaproteobacteria,Enterobacterales,Enterobacteriaceae,Escherichia
GCF_900622655.1,NZ_LR130559.1,47288,Plasmid,1,0,0,0,0,0,0,0,0,0,1,0,0,0,0,0,0,0,0,0,0,0,0,,Pseudomonadota,Gammaproteobacteria,Enterobacterales,Enterobacteriaceae,Escherichia
GCF_904711295.1,NZ_LR882054.1,87822,Plasmid,3,0,0,1,0,0,0,0,0,0,1,0,0,0,0,0,0,1,0,0,0,0,0,,Pseudomonadota,Gammaproteobacteria,Enterobacterales,Enterobacteriaceae,Escherichia
GCF_904830965.1,NZ_LR882977.1,102017,Plasmid,3,0,0,1,0,0,0,0,0,0,1,0,0,0,0,0,0,1,0,0,0,0,0,,Pseudomonadota,Gammaproteobacteria,Enterobacterales,Enterobacteriaceae,Escherichia
GCF_904831805.1,NZ_LR882992.1,109318,Plasmid,3,0,0,1,0,0,0,0,0,0,0,0,0,0,0,0,1,1,0,0,0,0,0,,Pseudomonadota,Gammaproteobacteria,Enterobacterales,Enterobacteriaceae,Escherichia
GCF_904842665.1,NZ_LR883966.1,104732,Plasmid,3,0,0,1,0,0,0,0,0,0,1,0,0,0,0,0,0,1,0,0,0,0,0,,Pseudomonadota,Gammaproteobacteria,Enterobacterales,Enterobacteriaceae,Escherichia
GCF_904863105.1,NZ_LR890200.1,95734,Plasmid,3,0,0,1,0,0,0,0,0,0,1,0,0,0,0,0,0,1,0,0,0,0,0,,Pseudomonadota,Gammaproteobacteria,Enterobacterales,Enterobacteriaceae,Escherichia
GCF_904863255.1,NZ_LR890336.1,98796,Plasmid,4,0,0,1,0,0,0,0,0,0,1,0,0,0,0,0,1,1,0,0,0,0,0,,Pseudomonadota,Gammaproteobacteria,Enterobacterales,Enterobacteriaceae,Escherichia
GCF_904863235.1,NZ_LR890273.1,92830,Plasmid,5,0,1,0,0,0,0,0,0,0,1,0,0,0,0,0,1,1,0,1,0,0,0,,Pseudomonadota,Gammaproteobacteria,Enterobacterales,Enterobacteriaceae,Escherichia
GCF_904865655.1,NZ_LR890538.1,97184,Plasmid,3,0,0,1,0,0,0,0,0,0,1,0,0,0,0,0,0,1,0,0,0,0,0,,Pseudomonadota,Gammaproteobacteria,Enterobacterales,Enterobacteriaceae,Escherichia
GCF_904866345.1,NZ_LR890608.1,115278,Plasmid,3,0,0,1,0,0,0,0,0,0,0,0,0,0,0,0,1,1,0,0,0,0,0,,Pseudomonadota,Gammaproteobacteria,Enterobacterales,Enterobacteriaceae,Escherichia
GCF_905231995.2,NZ_OW849379.1,110667,Plasmid,4,0,0,1,0,0,0,0,0,0,0,0,0,0,0,0,1,1,0,1,0,0,0,,Pseudomonadota,Gammaproteobacteria,Enterobacterales,Enterobacteriaceae,Escherichia
GCF_910591805.1,NZ_OU342920.1,66803,Plasmid,2,0,0,0,0,0,0,0,0,0,0,0,0,0,0,0,0,0,0,0,0,0,2,,Pseudomonadota,Gammaproteobacteria,Enterobacterales,Enterobacteriaceae,Escherichia
GCF_949361525.1,NZ_OX442409.1,94845,Plasmid,3,0,0,1,0,0,0,0,0,0,1,0,0,0,0,0,0,1,0,0,0,0,0,,Pseudomonadota,Gammaproteobacteria,Enterobacterales,Enterobacteriaceae,Escherichia
GCF_963575375.1,NZ_OY754373.1,94035,Plasmid,4,0,1,0,0,0,0,0,0,0,1,0,0,0,0,0,1,1,0,0,0,0,0,,Pseudomonadota,Gammaproteobacteria,Enterobacterales,Enterobacteriaceae,Escherichia
GCF_963575385.1,NZ_OY754366.1,106211,Plasmid,4,0,0,1,0,0,0,0,0,0,0,0,0,0,0,0,1,0,0,1,0,0,1,,Pseudomonadota,Gammaproteobacteria,Enterobacterales,Enterobacteriaceae,Escherichia
GCF_963575395.1,NZ_OY754380.1,97182,Plasmid,3,0,0,1,0,0,0,0,0,0,1,0,0,0,0,0,0,1,0,0,0,0,0,,Pseudomonadota,Gammaproteobacteria,Enterobacterales,Enterobacteriaceae,Escherichia
GCF_963575415.1,NZ_OY754396.1,92643,Plasmid,4,0,1,0,0,0,0,0,0,0,1,0,0,0,0,0,1,1,0,0,0,0,0,,Pseudomonadota,Gammaproteobacteria,Enterobacterales,Enterobacteriaceae,Escherichia
GCF_963575505.1,NZ_OY754429.1,93406,Plasmid,3,0,0,1,0,0,0,0,0,0,1,0,0,0,0,0,0,1,0,0,0,0,0,,Pseudomonadota,Gammaproteobacteria,Enterobacterales,Enterobacteriaceae,Escherichia
GCF_964200035.1,NZ_OZ121086.1,110246,Plasmid,4,0,0,1,0,0,0,0,0,0,0,0,0,0,0,0,1,1,0,1,0,0,0,,Pseudomonadota,Gammaproteobacteria,Enterobacterales,Enterobacteriaceae,Escherichia
GCF_964200045.1,NZ_OZ121093.1,94194,Plasmid,4,0,0,1,0,0,0,0,0,0,1,0,0,0,0,0,1,1,0,0,0,0,0,,Pseudomonadota,Gammaproteobacteria,Enterobacterales,Enterobacteriaceae,Escherichia
GCF_000220005.1,NZ_AGTD01000005.1,103130,Plasmid,3,0,0,1,0,0,0,0,0,0,1,0,0,0,0,0,0,1,0,0,0,0,0,,Pseudomonadota,Gammaproteobacteria,Enterobacterales,Enterobacteriaceae,Escherichia
GCF_000245515.1,NC_017653.1,94015,Plasmid,3,0,0,1,0,0,0,0,0,0,1,0,0,0,0,0,0,1,0,0,0,0,0,,Pseudomonadota,Gammaproteobacteria,Enterobacterales,Enterobacteriaceae,Escherichia
GCF_000618905.3,NZ_CP050999.1,74525,Plasmid,5,0,1,0,0,0,0,0,0,0,1,0,0,0,0,0,1,1,0,1,0,0,0,,Pseudomonadota,Gammaproteobacteria,Enterobacterales,Enterobacteriaceae,Escherichia
GCF_001610755.1,NZ_CP011063.1,98436,Plasmid,3,0,0,1,0,0,0,0,0,0,1,0,0,0,0,0,0,1,0,0,0,0,0,,Pseudomonadota,Gammaproteobacteria,Enterobacterales,Enterobacteriaceae,Escherichia
GCF_002741495.1,NZ_CP024264.1,72060,Plasmid,4,0,0,1,0,0,0,0,0,0,0,0,0,0,0,0,1,1,0,1,0,0,0,,Pseudomonadota,Gammaproteobacteria,Enterobacterales,Enterobacteriaceae,Escherichia
GCF_002900365.1,NZ_CP025980.1,148809,Plasmid,2,0,1,0,0,0,0,0,0,0,1,0,0,0,0,0,0,0,0,0,0,0,0,,Pseudomonadota,Gammaproteobacteria,Enterobacterales,Enterobacteriaceae,Escherichia
GCF_003112225.1,NZ_CP028125.1,98899,Plasmid,4,0,0,1,0,0,0,0,0,0,1,0,0,0,0,0,0,1,0,1,0,0,0,,Pseudomonadota,Gammaproteobacteria,Enterobacterales,Enterobacteriaceae,Escherichia
GCF_005037845.1,NZ_CP031917.1,95228,Plasmid,5,0,1,0,0,0,0,0,0,0,1,0,0,0,0,0,1,1,0,1,0,0,0,,Pseudomonadota,Gammaproteobacteria,Enterobacterales,Enterobacteriaceae,Escherichia
GCF_008124005.1,NZ_CP043218.1,102028,Plasmid,3,0,0,1,0,0,0,0,0,0,1,0,0,0,0,0,0,1,0,0,0,0,0,,Pseudomonadota,Gammaproteobacteria,Enterobacterales,Enterobacteriaceae,Escherichia
GCF_013343615.1,NZ_CP039843.1,95647,Plasmid,3,0,0,1,0,0,0,0,0,0,1,0,0,0,0,0,0,1,0,0,0,0,0,,Pseudomonadota,Gammaproteobacteria,Enterobacterales,Enterobacteriaceae,Escherichia
GCF_013591455.1,NZ_CP055600.1,113051,Plasmid,1,0,0,0,0,0,0,0,0,0,0,0,0,0,0,0,0,1,0,0,0,0,0,,Pseudomonadota,Gammaproteobacteria,Enterobacterales,Enterobacteriaceae,Escherichia
GCF_013591455.1,NZ_CP055602.1,46375,Plasmid,1,0,0,0,0,0,0,0,0,0,1,0,0,0,0,0,0,0,0,0,0,0,0,,Pseudomonadota,Gammaproteobacteria,Enterobacterales,Enterobacteriaceae,Escherichia
GCF_013596835.1,NZ_CP055677.1,94009,Plasmid,3,0,0,1,0,0,0,0,0,0,1,0,0,0,0,0,0,1,0,0,0,0,0,,Pseudomonadota,Gammaproteobacteria,Enterobacterales,Enterobacteriaceae,Escherichia
GCF_013746655.1,NZ_CP056699.1,94137,Plasmid,5,0,1,0,0,0,0,0,0,0,1,0,0,0,0,0,1,1,0,1,0,0,0,,Pseudomonadota,Gammaproteobacteria,Enterobacterales,Enterobacteriaceae,Escherichia
GCF_013801425.1,NZ_CP056962.1,106982,Plasmid,1,0,0,1,0,0,0,0,0,0,0,0,0,0,0,0,0,0,0,0,0,0,0,,Pseudomonadota,Gammaproteobacteria,Enterobacterales,Enterobacteriaceae,Escherichia
GCF_013801425.1,NZ_CP056963.1,98816,Plasmid,3,0,0,1,0,0,0,0,0,0,1,0,0,0,0,0,0,1,0,0,0,0,0,,Pseudomonadota,Gammaproteobacteria,Enterobacterales,Enterobacteriaceae,Escherichia
GCF_013801845.1,NZ_CP056969.1,106982,Plasmid,1,0,0,1,0,0,0,0,0,0,0,0,0,0,0,0,0,0,0,0,0,0,0,,Pseudomonadota,Gammaproteobacteria,Enterobacterales,Enterobacteriaceae,Escherichia
GCF_013801845.1,NZ_CP056970.1,98816,Plasmid,3,0,0,1,0,0,0,0,0,0,1,0,0,0,0,0,0,1,0,0,0,0,0,,Pseudomonadota,Gammaproteobacteria,Enterobacterales,Enterobacteriaceae,Escherichia
GCF_013812875.1,NZ_CP057105.1,97856,Plasmid,2,0,0,0,0,0,0,0,0,0,1,0,0,0,0,0,1,0,0,0,0,0,0,,Pseudomonadota,Gammaproteobacteria,Enterobacterales,Enterobacteriaceae,Escherichia
GCF_013813205.1,NZ_CP057094.1,106378,Plasmid,1,0,0,1,0,0,0,0,0,0,0,0,0,0,0,0,0,0,0,0,0,0,0,,Pseudomonadota,Gammaproteobacteria,Enterobacterales,Enterobacteriaceae,Escherichia
GCF_013820845.1,NZ_CP057246.1,91854,Plasmid,3,0,0,1,0,0,0,0,0,0,0,0,0,0,0,0,0,1,0,1,0,0,0,,Pseudomonadota,Gammaproteobacteria,Enterobacterales,Enterobacteriaceae,Escherichia
GCF_013829265.1,NZ_CP057359.1,100338,Plasmid,3,0,0,1,0,0,0,0,0,0,1,0,0,0,0,0,0,1,0,0,0,0,0,,Pseudomonadota,Gammaproteobacteria,Enterobacterales,Enterobacteriaceae,Escherichia
GCF_013886195.1,NZ_CP057563.1,95926,Plasmid,4,0,0,1,0,0,0,0,0,0,1,0,0,0,0,0,1,1,0,0,0,0,0,,Pseudomonadota,Gammaproteobacteria,Enterobacterales,Enterobacteriaceae,Escherichia
GCF_013886195.1,NZ_CP057564.1,48686,Plasmid,1,0,0,0,0,0,0,0,0,0,1,0,0,0,0,0,0,0,0,0,0,0,0,,Pseudomonadota,Gammaproteobacteria,Enterobacterales,Enterobacteriaceae,Escherichia
GCF_013886335.1,NZ_CP057567.1,95926,Plasmid,4,0,0,1,0,0,0,0,0,0,1,0,0,0,0,0,1,1,0,0,0,0,0,,Pseudomonadota,Gammaproteobacteria,Enterobacterales,Enterobacteriaceae,Escherichia
GCF_013886335.1,NZ_CP057568.1,48686,Plasmid,1,0,0,0,0,0,0,0,0,0,1,0,0,0,0,0,0,0,0,0,0,0,0,,Pseudomonadota,Gammaproteobacteria,Enterobacterales,Enterobacteriaceae,Escherichia
GCF_013892435.1,NZ_CP057658.1,110777,Plasmid,4,0,0,1,0,0,0,0,0,0,0,0,0,0,0,0,1,1,0,1,0,0,0,,Pseudomonadota,Gammaproteobacteria,Enterobacterales,Enterobacteriaceae,Escherichia
GCF_013923185.1,NZ_CP058059.1,94718,Plasmid,3,0,0,1,0,0,0,0,0,0,1,0,0,0,0,0,0,1,0,0,0,0,0,,Pseudomonadota,Gammaproteobacteria,Enterobacterales,Enterobacteriaceae,Escherichia
GCF_014770895.1,NZ_CP061756.1,115966,Plasmid,3,0,0,1,0,0,0,0,0,0,1,0,0,0,0,0,0,1,0,0,0,0,0,,Pseudomonadota,Gammaproteobacteria,Enterobacterales,Enterobacteriaceae,Escherichia
GCF_014770895.1,NZ_CP061757.1,112745,Plasmid,3,0,0,1,0,0,0,0,0,0,0,0,0,0,0,0,1,1,0,0,0,0,0,,Pseudomonadota,Gammaproteobacteria,Enterobacterales,Enterobacteriaceae,Escherichia
GCF_014771055.1,NZ_CP061761.1,10413,Plasmid,1,0,0,0,0,0,0,0,0,0,0,0,1,0,0,0,0,0,0,0,0,0,0,,Pseudomonadota,Gammaproteobacteria,Enterobacterales,Enterobacteriaceae,Escherichia
GCF_015571675.1,NZ_CP062852.1,107422,Plasmid,4,0,0,1,0,0,0,0,0,0,0,0,0,0,0,0,1,1,0,1,0,0,0,,Pseudomonadota,Gammaproteobacteria,Enterobacterales,Enterobacteriaceae,Escherichia
GCF_015571695.1,NZ_CP062854.1,107422,Plasmid,4,0,0,1,0,0,0,0,0,0,0,0,0,0,0,0,1,1,0,1,0,0,0,,Pseudomonadota,Gammaproteobacteria,Enterobacterales,Enterobacteriaceae,Escherichia
GCF_017570585.1,NZ_CP069647.1,89674,Plasmid,5,0,1,0,0,0,0,0,0,0,1,0,0,0,0,0,1,1,0,1,0,0,0,,Pseudomonadota,Gammaproteobacteria,Enterobacterales,Enterobacteriaceae,Escherichia
GCF_020002305.1,NZ_CP079892.1,110545,Plasmid,4,0,0,1,0,0,0,0,0,0,0,0,0,0,0,0,1,1,0,1,0,0,0,,Pseudomonadota,Gammaproteobacteria,Enterobacterales,Enterobacteriaceae,Escherichia
GCF_020883415.1,NZ_CP086606.1,119765,Plasmid,2,0,0,0,0,0,0,0,0,0,1,0,0,0,0,0,1,0,0,0,0,0,0,,Pseudomonadota,Gammaproteobacteria,Enterobacterales,Enterobacteriaceae,Escherichia
GCF_023094055.1,NZ_CP095788.1,144572,Plasmid,3,0,0,1,0,0,0,0,0,0,1,0,0,0,0,0,0,1,0,0,0,0,0,,Pseudomonadota,Gammaproteobacteria,Enterobacterales,Enterobacteriaceae,Escherichia
GCF_023518355.1,NZ_CP067430.1,92972,Plasmid,4,0,0,1,0,0,0,0,0,0,1,0,0,0,0,0,1,1,0,0,0,0,0,,Pseudomonadota,Gammaproteobacteria,Enterobacterales,Enterobacteriaceae,Escherichia
GCF_029717905.1,NZ_CP099353.1,94247,Plasmid,5,0,1,0,0,0,0,0,0,0,1,0,0,0,0,0,1,1,0,1,0,0,0,,Pseudomonadota,Gammaproteobacteria,Enterobacterales,Enterobacteriaceae,Escherichia
GCF_029718025.1,NZ_CP099360.1,94718,Plasmid,3,0,0,1,0,0,0,0,0,0,1,0,0,0,0,0,0,1,0,0,0,0,0,,Pseudomonadota,Gammaproteobacteria,Enterobacterales,Enterobacteriaceae,Escherichia
GCF_029719885.1,NZ_CP099330.1,87952,Plasmid,3,0,1,0,0,0,0,0,0,0,1,0,0,0,0,0,0,1,0,0,0,0,0,,Pseudomonadota,Gammaproteobacteria,Enterobacterales,Enterobacteriaceae,Escherichia
GCF_029720005.1,NZ_CP099340.1,99935,Plasmid,1,0,0,0,0,0,0,0,0,0,0,0,0,0,0,0,0,1,0,0,0,0,0,,Pseudomonadota,Gammaproteobacteria,Enterobacterales,Enterobacteriaceae,Escherichia
GCF_029719985.1,NZ_CP099334.1,89104,Plasmid,1,0,0,0,0,0,0,0,0,0,0,0,0,0,0,0,0,1,0,0,0,0,0,,Pseudomonadota,Gammaproteobacteria,Enterobacterales,Enterobacteriaceae,Escherichia
GCF_029962285.1,NZ_CP124742.1,212414,Plasmid,6,0,4,0,0,0,0,0,0,0,2,0,0,0,0,0,0,0,0,0,0,0,0,,Pseudomonadota,Gammaproteobacteria,Enterobacterales,Enterobacteriaceae,Escherichia
GCF_029962285.1,NZ_CP124741.1,286775,Plasmid,8,0,4,0,0,0,0,0,0,0,2,0,0,0,0,0,2,0,0,0,0,0,0,,Pseudomonadota,Gammaproteobacteria,Enterobacterales,Enterobacteriaceae,Escherichia
GCF_029962465.1,NZ_CP072690.1,110685,Plasmid,4,0,0,1,0,0,0,0,0,0,0,0,0,0,0,0,1,1,0,1,0,0,0,,Pseudomonadota,Gammaproteobacteria,Enterobacterales,Enterobacteriaceae,Escherichia
GCF_030295175.1,NZ_AP025749.1,48993,Plasmid,1,0,0,0,0,0,0,0,0,0,1,0,0,0,0,0,0,0,0,0,0,0,0,,Pseudomonadota,Gammaproteobacteria,Enterobacterales,Enterobacteriaceae,Escherichia
GCF_030346995.2,NZ_CP126949.1,145212,Plasmid,3,0,0,3,0,0,0,0,0,0,0,0,0,0,0,0,0,0,0,0,0,0,0,,Pseudomonadota,Gammaproteobacteria,Enterobacterales,Enterobacteriaceae,Escherichia
GCF_030346995.2,NZ_CP126951.1,108542,Plasmid,4,0,0,1,0,0,0,0,0,0,0,0,0,0,0,0,1,1,0,1,0,0,0,,Pseudomonadota,Gammaproteobacteria,Enterobacterales,Enterobacteriaceae,Escherichia
GCF_030347175.1,NZ_CP126930.1,98749,Plasmid,3,0,0,1,0,0,0,0,0,0,1,0,0,0,0,0,0,1,0,0,0,0,0,,Pseudomonadota,Gammaproteobacteria,Enterobacterales,Enterobacteriaceae,Escherichia
GCF_030347215.1,NZ_CP126933.1,90722,Plasmid,3,0,0,1,0,0,0,0,0,0,1,0,0,0,0,0,0,1,0,0,0,0,0,,Pseudomonadota,Gammaproteobacteria,Enterobacterales,Enterobacteriaceae,Escherichia
GCF_033546895.1,NZ_CP137859.1,85806,Plasmid,3,0,1,0,0,0,0,0,0,0,1,0,0,0,0,0,0,1,0,0,0,0,0,,Pseudomonadota,Gammaproteobacteria,Enterobacterales,Enterobacteriaceae,Escherichia
GCF_036510035.1,NZ_AP028823.1,116758,Plasmid,3,0,0,1,0,0,0,0,0,0,1,0,0,0,0,0,0,1,0,0,0,0,0,,Pseudomonadota,Gammaproteobacteria,Enterobacterales,Enterobacteriaceae,Escherichia
GCF_036510215.1,NZ_AP028829.1,122823,Plasmid,3,0,0,1,0,0,0,0,0,0,1,0,0,0,0,0,0,1,0,0,0,0,0,,Pseudomonadota,Gammaproteobacteria,Enterobacterales,Enterobacteriaceae,Escherichia
GCF_036510415.1,NZ_AP028834.1,127982,Plasmid,3,0,0,1,0,0,0,0,0,0,1,0,0,0,0,0,0,1,0,0,0,0,0,,Pseudomonadota,Gammaproteobacteria,Enterobacterales,Enterobacteriaceae,Escherichia
GCF_036510595.1,NZ_AP028839.1,115847,Plasmid,3,0,0,1,0,0,0,0,0,0,1,0,0,0,0,0,0,1,0,0,0,0,0,,Pseudomonadota,Gammaproteobacteria,Enterobacterales,Enterobacteriaceae,Escherichia
GCF_036510815.1,NZ_AP028844.1,115846,Plasmid,3,0,0,1,0,0,0,0,0,0,1,0,0,0,0,0,0,1,0,0,0,0,0,,Pseudomonadota,Gammaproteobacteria,Enterobacterales,Enterobacteriaceae,Escherichia
GCF_036511015.1,NZ_AP028849.1,122823,Plasmid,3,0,0,1,0,0,0,0,0,0,1,0,0,0,0,0,0,1,0,0,0,0,0,,Pseudomonadota,Gammaproteobacteria,Enterobacterales,Enterobacteriaceae,Escherichia
GCF_036511175.1,NZ_AP028855.1,120834,Plasmid,3,0,0,1,0,0,0,0,0,0,1,0,0,0,0,0,0,1,0,0,0,0,0,,Pseudomonadota,Gammaproteobacteria,Enterobacterales,Enterobacteriaceae,Escherichia
GCF_036511355.1,NZ_AP028860.1,122823,Plasmid,3,0,0,1,0,0,0,0,0,0,1,0,0,0,0,0,0,1,0,0,0,0,0,,Pseudomonadota,Gammaproteobacteria,Enterobacterales,Enterobacteriaceae,Escherichia
GCF_037055335.1,NZ_CP146383.1,166204,Plasmid,4,0,0,1,0,0,0,0,0,0,0,0,0,0,0,0,1,1,0,1,0,0,0,,Pseudomonadota,Gammaproteobacteria,Enterobacterales,Enterobacteriaceae,Escherichia
GCF_044866915.1,NZ_CP173216.1,95380,Plasmid,4,0,0,1,0,0,0,0,0,0,1,0,0,0,0,0,1,1,0,0,0,0,0,,Pseudomonadota,Gammaproteobacteria,Enterobacterales,Enterobacteriaceae,Escherichia
GCF_044866915.1,NZ_CP173215.1,47973,Plasmid,1,0,0,0,0,0,0,0,0,0,1,0,0,0,0,0,0,0,0,0,0,0,0,,Pseudomonadota,Gammaproteobacteria,Enterobacterales,Enterobacteriaceae,Escherichia
GCF_000164885.1,NC_014621.1,268675,Plasmid,3,1,0,0,0,0,0,0,0,0,1,0,0,1,0,0,0,0,0,0,0,0,0,,Pseudomonadota,Alphaproteobacteria,Rhodobacterales,Roseobacteraceae,Ketogulonicigenium
GCF_000223375.1,NC_017386.1,267986,Plasmid,3,1,0,0,0,0,0,0,0,0,1,0,0,1,0,0,0,0,0,0,0,0,0,,Pseudomonadota,Alphaproteobacteria,Rhodobacterales,Roseobacteraceae,Ketogulonicigenium
GCF_000764615.1,NZ_CP008931.1,111693,Plasmid,1,0,0,0,0,0,0,0,0,0,0,0,0,0,0,0,1,0,0,0,0,0,0,,Pseudomonadota,Gammaproteobacteria,Enterobacterales,Enterobacteriaceae,Klebsiella
GCF_001022115.1,NZ_CP011616.1,117623,Plasmid,1,0,0,0,0,0,0,0,0,0,0,0,0,0,0,0,0,0,0,0,0,0,1,,Pseudomonadota,Gammaproteobacteria,Enterobacterales,Enterobacteriaceae,Klebsiella
GCF_001022295.1,NZ_CP011594.1,111395,Plasmid,1,0,0,0,0,0,0,0,0,0,0,0,0,0,0,0,0,0,0,0,0,0,1,,Pseudomonadota,Gammaproteobacteria,Enterobacterales,Enterobacteriaceae,Klebsiella
GCF_001399515.1,NZ_CP012909.1,267988,Plasmid,3,1,0,0,0,0,0,0,0,0,1,0,0,1,0,0,0,0,0,0,0,0,0,,Pseudomonadota,Alphaproteobacteria,Rhodobacterales,Roseobacteraceae,Ketogulonicigenium
GCF_001646625.1,NZ_CP015755.1,109349,Plasmid,2,0,0,1,0,0,0,0,0,0,0,0,0,0,0,0,1,0,0,0,0,0,0,,Pseudomonadota,Gammaproteobacteria,Enterobacterales,Enterobacteriaceae,Klebsiella
GCF_001693655.1,NZ_CP016593.1,267949,Plasmid,3,1,0,0,0,0,0,0,0,0,1,0,0,1,0,0,0,0,0,0,0,0,0,,Pseudomonadota,Alphaproteobacteria,Rhodobacterales,Roseobacteraceae,Ketogulonicigenium
GCF_001676825.1,NZ_CP016161.1,109349,Plasmid,2,0,0,1,0,0,0,0,0,0,0,0,0,0,0,0,1,0,0,0,0,0,0,,Pseudomonadota,Gammaproteobacteria,Enterobacterales,Enterobacteriaceae,Klebsiella
GCF_001701425.2,NZ_CP027045.1,108879,Plasmid,2,0,0,1,0,0,0,0,0,0,0,0,0,0,0,0,1,0,0,0,0,0,0,,Pseudomonadota,Gammaproteobacteria,Enterobacterales,Enterobacteriaceae,Klebsiella
GCF_001709295.1,NZ_CP016924.1,111539,Plasmid,1,0,0,1,0,0,0,0,0,0,0,0,0,0,0,0,0,0,0,0,0,0,0,,Pseudomonadota,Gammaproteobacteria,Enterobacterales,Enterobacteriaceae,Klebsiella
GCF_001741545.1,NZ_CP012570.1,111236,Plasmid,1,0,0,1,0,0,0,0,0,0,0,0,0,0,0,0,0,0,0,0,0,0,0,,Pseudomonadota,Gammaproteobacteria,Enterobacterales,Enterobacteriaceae,Klebsiella
GCF_001855315.1,NZ_CP012427.1,126466,Plasmid,2,0,0,1,0,0,0,0,0,0,0,0,0,0,0,0,0,0,0,0,0,0,1,,Pseudomonadota,Gammaproteobacteria,Enterobacterales,Enterobacteriaceae,Klebsiella
GCF_001741665.1,NZ_CP012565.1,112059,Plasmid,1,0,0,1,0,0,0,0,0,0,0,0,0,0,0,0,0,0,0,0,0,0,0,,Pseudomonadota,Gammaproteobacteria,Enterobacterales,Enterobacteriaceae,Klebsiella
GCF_001870185.1,NZ_CP017931.1,111395,Plasmid,1,0,0,0,0,0,0,0,0,0,0,0,0,0,0,0,0,0,0,0,0,0,1,,Pseudomonadota,Gammaproteobacteria,Enterobacterales,Enterobacteriaceae,Klebsiella
GCF_002055765.1,NZ_CP020063.1,109019,Plasmid,2,0,0,1,0,0,0,0,0,0,0,0,0,0,0,0,1,0,0,0,0,0,0,,Pseudomonadota,Gammaproteobacteria,Enterobacterales,Enterobacteriaceae,Klebsiella
GCF_002180295.1,NZ_CP021714.1,106541,Plasmid,2,0,0,1,0,0,0,0,0,0,0,0,0,0,0,0,1,0,0,0,0,0,0,,Pseudomonadota,Gammaproteobacteria,Enterobacterales,Enterobacteriaceae,Klebsiella
GCF_002202195.1,NZ_CP021962.1,132217,Plasmid,1,0,0,1,0,0,0,0,0,0,0,0,0,0,0,0,0,0,0,0,0,0,0,,Pseudomonadota,Gammaproteobacteria,Enterobacterales,Enterobacteriaceae,Klebsiella
GCF_002211905.1,NZ_CP022128.1,111692,Plasmid,1,0,0,0,0,0,0,0,0,0,0,0,0,0,0,0,1,0,0,0,0,0,0,,Pseudomonadota,Gammaproteobacteria,Enterobacterales,Enterobacteriaceae,Klebsiella
GCF_002752955.1,NZ_CP024460.1,112745,Plasmid,2,0,0,1,0,0,0,0,0,0,0,0,0,0,0,0,1,0,0,0,0,0,0,,Pseudomonadota,Gammaproteobacteria,Enterobacterales,Enterobacteriaceae,Klebsiella
GCF_002811305.2,NZ_CP036373.1,108291,Plasmid,2,0,0,1,0,0,0,0,0,0,0,0,0,0,0,0,1,0,0,0,0,0,0,,Pseudomonadota,Gammaproteobacteria,Enterobacterales,Enterobacteriaceae,Klebsiella
GCF_002848565.1,NZ_CP025467.1,246557,Plasmid,1,0,0,1,0,0,0,0,0,0,0,0,0,0,0,0,0,0,0,0,0,0,0,,Pseudomonadota,Gammaproteobacteria,Enterobacterales,Enterobacteriaceae,Klebsiella
GCF_008931665.1,NZ_CP042531.1,215014,Plasmid,3,0,0,0,0,0,0,0,1,0,1,0,0,0,0,0,0,0,0,0,0,0,1,,Pseudomonadota,Gammaproteobacteria,Enterobacterales,Enterobacteriaceae,Klebsiella
GCF_013732655.1,NZ_CP056140.1,108254,Plasmid,1,0,0,0,0,0,0,0,0,0,0,0,0,0,0,0,0,0,0,0,0,0,1,,Pseudomonadota,Gammaproteobacteria,Enterobacterales,Enterobacteriaceae,Klebsiella
GCF_016903415.1,NZ_CP069933.1,24818,Plasmid,1,0,0,0,0,0,0,0,0,0,0,0,0,0,0,1,0,0,0,0,0,0,0,,Pseudomonadota,Gammaproteobacteria,Enterobacterales,Enterobacteriaceae,Klebsiella
GCF_016918825.1,NZ_JAFFQV010000013.1,161151,Plasmid,1,0,0,0,0,0,0,0,0,0,0,0,0,0,1,0,0,0,0,0,0,0,0,,Pseudomonadota,Gammaproteobacteria,Enterobacterales,Enterobacteriaceae,Klebsiella
GCF_016918825.1,NZ_JAFFQV010000015.1,18732,Plasmid,1,0,0,0,0,0,0,0,1,0,0,0,0,0,0,0,0,0,0,0,0,0,0,,Pseudomonadota,Gammaproteobacteria,Enterobacterales,Enterobacteriaceae,Klebsiella
GCF_017310465.1,NZ_CP064109.1,111771,Plasmid,1,0,0,0,0,0,0,0,0,1,0,0,0,0,0,0,0,0,0,0,0,0,0,,Pseudomonadota,Gammaproteobacteria,Enterobacterales,Enterobacteriaceae,Klebsiella
GCF_022559855.1,NZ_CP091754.1,109257,Plasmid,2,0,0,1,0,0,0,0,0,0,0,0,0,0,0,0,1,0,0,0,0,0,0,,Pseudomonadota,Gammaproteobacteria,Enterobacterales,Enterobacteriaceae,Klebsiella
GCF_024917295.1,NZ_CP103556.1,110337,Plasmid,2,0,0,1,0,0,0,0,0,0,0,0,0,0,0,0,1,0,0,0,0,0,0,,Pseudomonadota,Gammaproteobacteria,Enterobacterales,Enterobacteriaceae,Klebsiella
GCF_028610225.1,NZ_CP103998.1,225629,Plasmid,3,1,0,0,0,0,0,0,0,0,1,0,0,1,0,0,0,0,0,0,0,0,0,,Pseudomonadota,Alphaproteobacteria,Rhodobacterales,Roseobacteraceae,Ketogulonicigenium
GCF_033865735.1,NZ_CP138770.1,112735,Plasmid,2,0,1,0,0,0,1,0,0,0,0,0,0,0,0,0,0,0,0,0,0,0,0,,Pseudomonadota,Gammaproteobacteria,Enterobacterales,Enterobacteriaceae,Klebsiella
GCF_034125425.1,NZ_CP139394.1,48995,Plasmid,1,0,0,0,0,0,0,0,0,0,1,0,0,0,0,0,0,0,0,0,0,0,0,,Pseudomonadota,Gammaproteobacteria,Enterobacterales,Enterobacteriaceae,Klebsiella
GCF_039734745.1,NZ_CP166159.1,106300,Plasmid,2,0,0,1,0,0,0,0,0,0,0,0,0,0,0,0,1,0,0,0,0,0,0,,Pseudomonadota,Gammaproteobacteria,Enterobacterales,Enterobacteriaceae,Klebsiella
GCF_041283475.1,NZ_CP166206.1,106251,Plasmid,2,0,0,1,0,0,0,0,0,0,0,0,0,0,0,0,1,0,0,0,0,0,0,,Pseudomonadota,Gammaproteobacteria,Enterobacterales,Enterobacteriaceae,Klebsiella
GCF_904863345.1,NZ_LR890314.1,109877,Plasmid,2,0,0,1,0,0,0,0,0,0,0,0,0,0,0,0,1,0,0,0,0,0,0,,Pseudomonadota,Gammaproteobacteria,Enterobacterales,Enterobacteriaceae,Klebsiella
GCF_905329555.2,NZ_OW967520.1,109361,Plasmid,2,0,0,1,0,0,0,0,0,0,0,0,0,0,0,0,1,0,0,0,0,0,0,,Pseudomonadota,Gammaproteobacteria,Enterobacterales,Enterobacteriaceae,Klebsiella
GCF_905333885.2,NZ_OW969661.1,107836,Plasmid,2,0,0,1,0,0,0,0,0,0,0,0,0,0,0,0,1,0,0,0,0,0,0,,Pseudomonadota,Gammaproteobacteria,Enterobacterales,Enterobacteriaceae,Klebsiella
GCF_002968475.1,NZ_CP027149.1,33772,Plasmid,2,0,0,1,0,0,0,0,0,0,0,0,0,0,0,0,1,0,0,0,0,0,0,,Pseudomonadota,Gammaproteobacteria,Enterobacterales,Enterobacteriaceae,Klebsiella
GCF_003031325.1,NZ_CP024877.1,109720,Plasmid,1,0,0,0,0,0,0,0,0,0,0,0,0,0,0,0,1,0,0,0,0,0,0,,Pseudomonadota,Gammaproteobacteria,Enterobacterales,Enterobacteriaceae,Klebsiella
GCF_003073335.1,NZ_CP028997.1,109938,Plasmid,1,0,0,0,0,0,0,0,0,0,0,0,0,0,0,0,1,0,0,0,0,0,0,,Pseudomonadota,Gammaproteobacteria,Enterobacterales,Enterobacteriaceae,Klebsiella
GCF_003408615.1,NZ_CP031579.1,44231,Plasmid,2,0,1,0,0,0,1,0,0,0,0,0,0,0,0,0,0,0,0,0,0,0,0,,Pseudomonadota,Gammaproteobacteria,Enterobacterales,Enterobacteriaceae,Klebsiella
GCF_003432145.1,NZ_CP031791.1,109702,Plasmid,1,0,0,0,0,0,0,0,0,0,0,0,0,0,0,0,1,0,0,0,0,0,0,,Pseudomonadota,Gammaproteobacteria,Enterobacterales,Enterobacteriaceae,Klebsiella
GCF_003432165.1,NZ_CP031803.1,111123,Plasmid,2,0,0,1,0,0,0,0,0,0,0,0,0,0,0,0,1,0,0,0,0,0,0,,Pseudomonadota,Gammaproteobacteria,Enterobacterales,Enterobacteriaceae,Klebsiella
GCF_003432285.1,NZ_CP031797.1,4269,Plasmid,2,0,1,0,0,0,0,0,0,0,1,0,0,0,0,0,0,0,0,0,0,0,0,,Pseudomonadota,Gammaproteobacteria,Enterobacterales,Enterobacteriaceae,Klebsiella
GCF_003571605.1,NZ_CP032187.1,110928,Plasmid,1,0,0,1,0,0,0,0,0,0,0,0,0,0,0,0,0,0,0,0,0,0,0,,Pseudomonadota,Gammaproteobacteria,Enterobacterales,Enterobacteriaceae,Klebsiella
GCF_003571645.1,NZ_CP032196.1,109398,Plasmid,2,0,1,0,0,0,1,0,0,0,0,0,0,0,0,0,0,0,0,0,0,0,0,,Pseudomonadota,Gammaproteobacteria,Enterobacterales,Enterobacteriaceae,Klebsiella
GCF_003571745.1,NZ_CP032225.1,108879,Plasmid,2,0,0,1,0,0,0,0,0,0,0,0,0,0,0,0,1,0,0,0,0,0,0,,Pseudomonadota,Gammaproteobacteria,Enterobacterales,Enterobacteriaceae,Klebsiella
GCF_003855315.1,NZ_CP034047.1,113143,Plasmid,2,0,0,1,0,0,0,0,0,0,0,0,0,0,0,0,1,0,0,0,0,0,0,,Pseudomonadota,Gammaproteobacteria,Enterobacterales,Enterobacteriaceae,Klebsiella
GCF_004119955.1,NZ_CP026134.1,112465,Plasmid,2,0,0,1,0,0,0,0,0,0,0,0,0,0,0,0,0,0,0,0,0,0,1,,Pseudomonadota,Gammaproteobacteria,Enterobacterales,Enterobacteriaceae,Klebsiella
GCF_004119975.1,NZ_CP026138.1,113246,Plasmid,2,0,0,1,0,0,0,0,0,0,0,0,0,0,0,0,0,0,0,0,0,0,1,,Pseudomonadota,Gammaproteobacteria,Enterobacterales,Enterobacteriaceae,Klebsiella
GCF_004120095.1,NZ_CP026150.1,112458,Plasmid,2,0,0,1,0,0,0,0,0,0,0,0,0,0,0,0,0,0,0,0,0,0,1,,Pseudomonadota,Gammaproteobacteria,Enterobacterales,Enterobacteriaceae,Klebsiella
GCF_004120155.1,NZ_CP026165.1,111252,Plasmid,2,0,0,1,0,0,0,0,0,0,0,0,0,0,0,0,1,0,0,0,0,0,0,,Pseudomonadota,Gammaproteobacteria,Enterobacterales,Enterobacteriaceae,Klebsiella
GCF_004295405.1,NZ_CP036194.1,108957,Plasmid,2,0,0,1,0,0,0,0,0,0,0,0,0,0,0,0,1,0,0,0,0,0,0,,Pseudomonadota,Gammaproteobacteria,Enterobacterales,Enterobacteriaceae,Klebsiella
GCF_004801235.1,NZ_CP031853.1,4685,Plasmid,2,0,1,0,0,0,0,0,0,0,1,0,0,0,0,0,0,0,0,0,0,0,0,,Pseudomonadota,Gammaproteobacteria,Enterobacterales,Enterobacteriaceae,Klebsiella
GCF_006965405.1,NZ_CP044030.1,105728,Plasmid,2,0,0,1,0,0,0,0,0,0,0,0,0,0,0,0,1,0,0,0,0,0,0,,Pseudomonadota,Gammaproteobacteria,Enterobacterales,Enterobacteriaceae,Klebsiella
GCF_008065415.1,NZ_CP041929.1,110643,Plasmid,2,0,0,1,0,0,0,0,0,0,0,0,0,0,0,0,1,0,0,0,0,0,0,,Pseudomonadota,Gammaproteobacteria,Enterobacterales,Enterobacteriaceae,Klebsiella
GCF_008693425.1,NZ_CP044034.1,114663,Plasmid,1,0,0,1,0,0,0,0,0,0,0,0,0,0,0,0,0,0,0,0,0,0,0,,Pseudomonadota,Gammaproteobacteria,Enterobacterales,Enterobacteriaceae,Klebsiella
GCF_008693445.1,NZ_CP044046.1,109938,Plasmid,2,0,0,1,0,0,0,0,0,0,0,0,0,0,0,0,1,0,0,0,0,0,0,,Pseudomonadota,Gammaproteobacteria,Enterobacterales,Enterobacteriaceae,Klebsiella
GCF_009884415.1,NZ_CP045677.1,128536,Plasmid,1,0,0,0,0,0,0,0,0,0,0,0,0,0,0,0,1,0,0,0,0,0,0,,Pseudomonadota,Gammaproteobacteria,Enterobacterales,Enterobacteriaceae,Klebsiella
GCF_009931035.1,NZ_CP030306.1,108037,Plasmid,2,0,0,1,0,0,0,0,0,0,0,0,0,0,0,0,1,0,0,0,0,0,0,,Pseudomonadota,Gammaproteobacteria,Enterobacterales,Enterobacteriaceae,Klebsiella
GCF_009931175.1,NZ_CP030322.1,108422,Plasmid,2,0,0,1,0,0,0,0,0,0,0,0,0,0,0,0,1,0,0,0,0,0,0,,Pseudomonadota,Gammaproteobacteria,Enterobacterales,Enterobacteriaceae,Klebsiella
GCF_011006575.1,NZ_CP047636.1,109004,Plasmid,1,0,0,1,0,0,0,0,0,0,0,0,0,0,0,0,0,0,0,0,0,0,0,,Pseudomonadota,Gammaproteobacteria,Enterobacterales,Enterobacteriaceae,Klebsiella
GCF_011129215.1,NZ_CP040026.1,109938,Plasmid,1,0,0,0,0,0,0,0,0,0,0,0,0,0,0,0,1,0,0,0,0,0,0,,Pseudomonadota,Gammaproteobacteria,Enterobacterales,Enterobacteriaceae,Klebsiella
GCF_011769725.1,NZ_CP050365.1,115360,Plasmid,1,0,0,0,0,0,0,0,0,0,0,0,0,0,0,0,1,0,0,0,0,0,0,,Pseudomonadota,Gammaproteobacteria,Enterobacterales,Enterobacteriaceae,Klebsiella
GCF_012029695.2,NZ_CP061391.1,112025,Plasmid,2,0,0,0,0,0,0,0,0,0,0,0,0,0,0,0,1,1,0,0,0,0,0,,Pseudomonadota,Gammaproteobacteria,Enterobacterales,Enterobacteriaceae,Klebsiella
GCF_012029945.2,NZ_CP061398.1,121507,Plasmid,2,0,0,1,0,0,0,0,0,0,0,0,0,0,0,0,1,0,0,0,0,0,0,,Pseudomonadota,Gammaproteobacteria,Enterobacterales,Enterobacteriaceae,Klebsiella
GCF_013168295.1,NZ_AP023149.1,111317,Plasmid,2,0,0,1,0,0,0,0,0,0,0,0,0,0,0,0,1,0,0,0,0,0,0,,Pseudomonadota,Gammaproteobacteria,Enterobacterales,Enterobacteriaceae,Klebsiella
GCF_013611495.1,NZ_CP055511.1,115055,Plasmid,2,0,0,1,0,0,0,0,0,0,0,0,0,0,0,0,1,0,0,0,0,0,0,,Pseudomonadota,Gammaproteobacteria,Enterobacterales,Enterobacteriaceae,Klebsiella
GCF_013694425.1,NZ_CP059316.1,109568,Plasmid,2,0,0,1,0,0,0,0,0,0,0,0,0,0,0,0,1,0,0,0,0,0,0,,Pseudomonadota,Gammaproteobacteria,Enterobacterales,Enterobacteriaceae,Klebsiella
GCF_013724605.1,NZ_CP056224.1,111674,Plasmid,1,0,0,1,0,0,0,0,0,0,0,0,0,0,0,0,0,0,0,0,0,0,0,,Pseudomonadota,Gammaproteobacteria,Enterobacterales,Enterobacteriaceae,Klebsiella
GCF_013731305.1,NZ_CP056303.1,108572,Plasmid,2,0,0,1,0,0,0,0,0,0,0,0,0,0,0,0,1,0,0,0,0,0,0,,Pseudomonadota,Gammaproteobacteria,Enterobacterales,Enterobacteriaceae,Klebsiella
GCF_013731735.1,NZ_CP056309.1,113854,Plasmid,2,0,0,1,0,0,0,0,0,0,0,0,0,0,0,0,1,0,0,0,0,0,0,,Pseudomonadota,Gammaproteobacteria,Enterobacterales,Enterobacteriaceae,Klebsiella
GCF_013734035.1,NZ_CP056375.1,107685,Plasmid,1,0,1,0,0,0,0,0,0,0,0,0,0,0,0,0,0,0,0,0,0,0,0,,Pseudomonadota,Gammaproteobacteria,Enterobacterales,Enterobacteriaceae,Klebsiella
GCF_013736155.1,NZ_CP056436.1,107037,Plasmid,2,0,0,1,0,0,0,0,0,0,0,0,0,0,0,0,1,0,0,0,0,0,0,,Pseudomonadota,Gammaproteobacteria,Enterobacterales,Enterobacteriaceae,Klebsiella
GCF_013826045.1,NZ_CP057316.1,110717,Plasmid,1,0,1,0,0,0,0,0,0,0,0,0,0,0,0,0,0,0,0,0,0,0,0,,Pseudomonadota,Gammaproteobacteria,Enterobacterales,Enterobacteriaceae,Klebsiella
GCF_014495765.1,NZ_CP061056.1,113014,Plasmid,2,0,0,1,0,0,0,0,0,0,0,0,0,0,0,0,0,0,0,0,0,0,1,,Pseudomonadota,Gammaproteobacteria,Enterobacterales,Enterobacteriaceae,Klebsiella
GCF_014495785.1,NZ_CP061065.1,113014,Plasmid,2,0,0,1,0,0,0,0,0,0,0,0,0,0,0,0,0,0,0,0,0,0,1,,Pseudomonadota,Gammaproteobacteria,Enterobacterales,Enterobacteriaceae,Klebsiella
GCF_015219805.1,NZ_CP063217.1,111290,Plasmid,1,0,0,0,0,0,0,0,0,0,0,0,0,0,0,0,1,0,0,0,0,0,0,,Pseudomonadota,Gammaproteobacteria,Enterobacterales,Enterobacteriaceae,Klebsiella
GCF_015238655.1,NZ_CP050338.1,110529,Plasmid,1,0,0,1,0,0,0,0,0,0,0,0,0,0,0,0,0,0,0,0,0,0,0,,Pseudomonadota,Gammaproteobacteria,Enterobacterales,Enterobacteriaceae,Klebsiella
GCF_015238895.1,NZ_CP050344.1,110529,Plasmid,1,0,0,1,0,0,0,0,0,0,0,0,0,0,0,0,0,0,0,0,0,0,0,,Pseudomonadota,Gammaproteobacteria,Enterobacterales,Enterobacteriaceae,Klebsiella
GCF_015239135.1,NZ_CP050350.1,110529,Plasmid,1,0,0,1,0,0,0,0,0,0,0,0,0,0,0,0,0,0,0,0,0,0,0,,Pseudomonadota,Gammaproteobacteria,Enterobacterales,Enterobacteriaceae,Klebsiella
GCF_015239295.1,NZ_CP050356.1,110529,Plasmid,1,0,0,1,0,0,0,0,0,0,0,0,0,0,0,0,0,0,0,0,0,0,0,,Pseudomonadota,Gammaproteobacteria,Enterobacterales,Enterobacteriaceae,Klebsiella
GCF_015277915.1,NZ_CP063862.1,110270,Plasmid,2,0,0,1,0,0,0,0,0,0,0,0,0,0,0,0,1,0,0,0,0,0,0,,Pseudomonadota,Gammaproteobacteria,Enterobacterales,Enterobacteriaceae,Klebsiella
GCF_015277955.1,NZ_CP063853.1,110270,Plasmid,2,0,0,1,0,0,0,0,0,0,0,0,0,0,0,0,1,0,0,0,0,0,0,,Pseudomonadota,Gammaproteobacteria,Enterobacterales,Enterobacteriaceae,Klebsiella
GCF_015278055.1,NZ_CP063873.1,112160,Plasmid,2,0,0,1,0,0,0,0,0,0,0,0,0,0,0,0,1,0,0,0,0,0,0,,Pseudomonadota,Gammaproteobacteria,Enterobacterales,Enterobacteriaceae,Klebsiella
GCF_015278095.1,NZ_CP063882.1,110388,Plasmid,2,0,0,1,0,0,0,0,0,0,0,0,0,0,0,0,1,0,0,0,0,0,0,,Pseudomonadota,Gammaproteobacteria,Enterobacterales,Enterobacteriaceae,Klebsiella
GCF_015355875.1,NZ_CP064259.1,394328,Plasmid,2,0,0,1,0,0,0,0,0,0,0,0,0,0,0,0,1,0,0,0,0,0,0,,Pseudomonadota,Gammaproteobacteria,Enterobacterales,Enterobacteriaceae,Klebsiella
GCF_015355895.1,NZ_CP064213.1,116596,Plasmid,2,0,0,1,0,0,0,0,0,0,0,0,0,0,0,0,1,0,0,0,0,0,0,,Pseudomonadota,Gammaproteobacteria,Enterobacterales,Enterobacteriaceae,Klebsiella
GCF_015992425.1,NZ_CP065450.1,109941,Plasmid,1,0,0,0,0,0,0,0,0,0,0,0,0,0,0,0,1,0,0,0,0,0,0,,Pseudomonadota,Gammaproteobacteria,Enterobacterales,Enterobacteriaceae,Klebsiella
GCF_016066025.1,NZ_CP065827.1,110785,Plasmid,2,0,1,0,0,0,1,0,0,0,0,0,0,0,0,0,0,0,0,0,0,0,0,,Pseudomonadota,Gammaproteobacteria,Enterobacterales,Enterobacteriaceae,Klebsiella
GCF_016629585.1,NZ_AP024176.1,110494,Plasmid,1,0,0,0,0,0,0,0,0,0,0,0,0,0,0,0,0,0,0,0,0,0,1,,Pseudomonadota,Gammaproteobacteria,Enterobacterales,Enterobacteriaceae,Klebsiella
GCF_016800965.1,NZ_CP068974.1,108342,Plasmid,2,0,1,0,0,0,1,0,0,0,0,0,0,0,0,0,0,0,0,0,0,0,0,,Pseudomonadota,Gammaproteobacteria,Enterobacterales,Enterobacteriaceae,Klebsiella
GCF_016864395.1,NZ_CP017778.1,225961,Plasmid,2,0,0,1,0,0,0,0,0,0,0,0,0,0,0,0,1,0,0,0,0,0,0,,Pseudomonadota,Gammaproteobacteria,Enterobacterales,Enterobacteriaceae,Klebsiella
GCF_016903235.1,NZ_CP069855.1,104812,Plasmid,2,0,0,1,0,0,0,0,0,0,0,0,0,0,0,0,1,0,0,0,0,0,0,,Pseudomonadota,Gammaproteobacteria,Enterobacterales,Enterobacteriaceae,Klebsiella
GCF_016925315.1,NZ_CP070439.1,111238,Plasmid,1,0,0,1,0,0,0,0,0,0,0,0,0,0,0,0,0,0,0,0,0,0,0,,Pseudomonadota,Gammaproteobacteria,Enterobacterales,Enterobacteriaceae,Klebsiella
GCF_017809835.1,NZ_CP072464.1,111878,Plasmid,2,0,0,1,0,0,0,0,0,0,0,0,0,0,0,0,1,0,0,0,0,0,0,,Pseudomonadota,Gammaproteobacteria,Enterobacterales,Enterobacteriaceae,Klebsiella
GCF_018069685.1,NZ_CP072939.1,384269,Plasmid,1,0,0,0,0,0,0,0,0,0,0,0,0,0,0,0,0,0,0,0,0,0,1,,Pseudomonadota,Gammaproteobacteria,Enterobacterales,Enterobacteriaceae,Klebsiella
GCF_018128445.1,NZ_CP071082.1,110998,Plasmid,2,0,0,1,0,0,0,0,0,0,0,0,0,0,0,0,1,0,0,0,0,0,0,,Pseudomonadota,Gammaproteobacteria,Enterobacterales,Enterobacteriaceae,Klebsiella
GCF_018138305.2,NZ_CP082792.1,106931,Plasmid,2,0,0,1,0,0,0,0,0,0,0,0,0,0,0,0,1,0,0,0,0,0,0,,Pseudomonadota,Gammaproteobacteria,Enterobacterales,Enterobacteriaceae,Klebsiella
GCF_018394355.1,NZ_CP074582.1,120240,Plasmid,3,0,0,0,0,0,0,0,0,0,0,0,0,0,0,0,0,0,0,0,3,0,0,,Pseudomonadota,Gammaproteobacteria,Enterobacterales,Enterobacteriaceae,Klebsiella
GCF_018449045.1,NZ_CP075258.1,109666,Plasmid,2,0,0,1,0,0,0,0,0,0,0,0,0,0,0,0,1,0,0,0,0,0,0,,Pseudomonadota,Gammaproteobacteria,Enterobacterales,Enterobacteriaceae,Klebsiella
GCF_018454365.1,NZ_CP075317.1,114002,Plasmid,2,0,0,1,0,0,0,0,0,0,0,0,0,0,0,0,1,0,0,0,0,0,0,,Pseudomonadota,Gammaproteobacteria,Enterobacterales,Enterobacteriaceae,Klebsiella
GCF_019107685.1,NZ_CP077781.1,42564,Plasmid,2,0,1,0,0,0,0,0,0,0,1,0,0,0,0,0,0,0,0,0,0,0,0,,Pseudomonadota,Gammaproteobacteria,Enterobacterales,Enterobacteriaceae,Klebsiella
GCF_019334545.1,NZ_CP079728.1,128536,Plasmid,1,0,0,0,0,0,0,0,0,0,0,0,0,0,0,0,1,0,0,0,0,0,0,,Pseudomonadota,Gammaproteobacteria,Enterobacterales,Enterobacteriaceae,Klebsiella
GCF_019334625.1,NZ_CP079763.1,107657,Plasmid,2,0,0,1,0,0,0,0,0,0,0,0,0,0,0,0,1,0,0,0,0,0,0,,Pseudomonadota,Gammaproteobacteria,Enterobacterales,Enterobacteriaceae,Klebsiella
GCF_019443545.1,NZ_CP080358.1,111238,Plasmid,1,0,0,1,0,0,0,0,0,0,0,0,0,0,0,0,0,0,0,0,0,0,0,,Pseudomonadota,Gammaproteobacteria,Enterobacterales,Enterobacteriaceae,Klebsiella
GCF_019443585.1,NZ_CP080364.1,110643,Plasmid,2,0,0,1,0,0,0,0,0,0,0,0,0,0,0,0,1,0,0,0,0,0,0,,Pseudomonadota,Gammaproteobacteria,Enterobacterales,Enterobacteriaceae,Klebsiella
GCF_019823785.1,NZ_CP082006.1,110184,Plasmid,2,0,0,1,0,0,0,0,0,0,0,0,0,0,0,0,1,0,0,0,0,0,0,,Pseudomonadota,Gammaproteobacteria,Enterobacterales,Enterobacteriaceae,Klebsiella
GCF_020149825.1,NZ_CP083789.1,4268,Plasmid,2,0,1,0,0,0,0,0,0,0,1,0,0,0,0,0,0,0,0,0,0,0,0,,Pseudomonadota,Gammaproteobacteria,Enterobacterales,Enterobacteriaceae,Klebsiella
GCF_020221715.1,NZ_CP084170.1,120126,Plasmid,3,0,0,0,0,0,0,0,0,0,0,0,0,0,0,0,0,0,0,0,3,0,0,,Pseudomonadota,Gammaproteobacteria,Enterobacterales,Enterobacteriaceae,Klebsiella
GCF_020525905.1,NZ_CP084826.1,109041,Plasmid,2,0,0,1,0,0,0,0,0,0,0,0,0,0,0,0,1,0,0,0,0,0,0,,Pseudomonadota,Gammaproteobacteria,Enterobacterales,Enterobacteriaceae,Klebsiella
GCF_020525965.1,NZ_CP084833.1,111507,Plasmid,2,0,0,1,0,0,0,0,0,0,0,0,0,0,0,0,1,0,0,0,0,0,0,,Pseudomonadota,Gammaproteobacteria,Enterobacterales,Enterobacteriaceae,Klebsiella
GCF_020525985.1,NZ_CP084845.1,111501,Plasmid,2,0,0,1,0,0,0,0,0,0,0,0,0,0,0,0,1,0,0,0,0,0,0,,Pseudomonadota,Gammaproteobacteria,Enterobacterales,Enterobacteriaceae,Klebsiella
GCF_020526005.1,NZ_CP084854.1,110871,Plasmid,2,0,0,0,0,0,0,0,0,0,0,0,0,0,0,0,1,1,0,0,0,0,0,,Pseudomonadota,Gammaproteobacteria,Enterobacterales,Enterobacteriaceae,Klebsiella
GCF_020526005.1,NZ_CP084855.1,43550,Plasmid,1,0,0,0,0,0,0,0,1,0,0,0,0,0,0,0,0,0,0,0,0,0,0,,Pseudomonadota,Gammaproteobacteria,Enterobacterales,Enterobacteriaceae,Klebsiella
GCF_020641015.1,NZ_CP085480.1,109308,Plasmid,2,0,0,1,0,0,0,0,0,0,0,0,0,0,0,0,1,0,0,0,0,0,0,,Pseudomonadota,Gammaproteobacteria,Enterobacterales,Enterobacteriaceae,Klebsiella
GCF_020808985.1,NZ_CP086286.1,111695,Plasmid,2,0,0,1,0,0,0,0,0,0,0,0,0,0,0,0,1,0,0,0,0,0,0,,Pseudomonadota,Gammaproteobacteria,Enterobacterales,Enterobacteriaceae,Klebsiella
GCF_021137835.1,NZ_CP083035.1,108983,Plasmid,1,0,0,1,0,0,0,0,0,0,0,0,0,0,0,0,0,0,0,0,0,0,0,,Pseudomonadota,Gammaproteobacteria,Enterobacterales,Enterobacteriaceae,Klebsiella
GCF_021166195.1,NZ_CP089018.1,110431,Plasmid,1,0,0,0,0,0,0,0,0,0,0,0,0,0,0,0,1,0,0,0,0,0,0,,Pseudomonadota,Gammaproteobacteria,Enterobacterales,Enterobacteriaceae,Klebsiella
GCF_021442045.1,NZ_CP090470.1,129313,Plasmid,1,0,0,0,0,0,0,0,0,0,0,0,0,0,0,0,1,0,0,0,0,0,0,,Pseudomonadota,Gammaproteobacteria,Enterobacterales,Enterobacteriaceae,Klebsiella
GCF_021497265.1,NZ_CP053864.1,111001,Plasmid,2,0,0,1,0,0,0,0,0,0,0,0,0,0,0,0,1,0,0,0,0,0,0,,Pseudomonadota,Gammaproteobacteria,Enterobacterales,Enterobacteriaceae,Klebsiella
GCF_021655475.1,NZ_AP024574.1,110870,Plasmid,2,0,0,1,0,0,0,0,0,0,0,0,0,0,0,0,1,0,0,0,0,0,0,,Pseudomonadota,Gammaproteobacteria,Enterobacterales,Enterobacteriaceae,Klebsiella
GCF_021729785.1,NZ_CP058547.1,136732,Plasmid,2,0,0,1,0,0,0,0,0,0,0,0,0,0,0,0,1,0,0,0,0,0,0,,Pseudomonadota,Gammaproteobacteria,Enterobacterales,Enterobacteriaceae,Klebsiella
GCF_021899615.1,NZ_CP091592.1,109567,Plasmid,2,0,0,1,0,0,0,0,0,0,0,0,0,0,0,0,1,0,0,0,0,0,0,,Pseudomonadota,Gammaproteobacteria,Enterobacterales,Enterobacteriaceae,Klebsiella
GCF_022353705.1,NZ_CP054987.1,110115,Plasmid,2,0,0,1,0,0,0,0,0,0,0,0,0,0,0,0,1,0,0,0,0,0,0,,Pseudomonadota,Gammaproteobacteria,Enterobacterales,Enterobacteriaceae,Klebsiella
GCF_022353665.1,NZ_CP054975.1,109938,Plasmid,1,0,0,0,0,0,0,0,0,0,0,0,0,0,0,0,1,0,0,0,0,0,0,,Pseudomonadota,Gammaproteobacteria,Enterobacterales,Enterobacteriaceae,Klebsiella
GCF_022354285.1,NZ_CP055187.1,111144,Plasmid,2,0,1,0,0,0,1,0,0,0,0,0,0,0,0,0,0,0,0,0,0,0,0,,Pseudomonadota,Gammaproteobacteria,Enterobacterales,Enterobacteriaceae,Klebsiella
GCF_022354525.1,NZ_CP092338.1,108016,Plasmid,2,0,0,1,0,0,0,0,0,0,0,0,0,0,0,0,1,0,0,0,0,0,0,,Pseudomonadota,Gammaproteobacteria,Enterobacterales,Enterobacteriaceae,Klebsiella
GCF_022492855.1,NZ_CP092756.1,107781,Plasmid,2,0,0,1,0,0,0,0,0,0,0,0,0,0,0,0,1,0,0,0,0,0,0,,Pseudomonadota,Gammaproteobacteria,Enterobacterales,Enterobacteriaceae,Klebsiella
GCF_022492875.1,NZ_CP092762.1,107781,Plasmid,2,0,0,1,0,0,0,0,0,0,0,0,0,0,0,0,1,0,0,0,0,0,0,,Pseudomonadota,Gammaproteobacteria,Enterobacterales,Enterobacteriaceae,Klebsiella
GCF_022492895.1,NZ_CP092768.1,107781,Plasmid,2,0,0,1,0,0,0,0,0,0,0,0,0,0,0,0,1,0,0,0,0,0,0,,Pseudomonadota,Gammaproteobacteria,Enterobacterales,Enterobacteriaceae,Klebsiella
GCF_022577075.1,NZ_CP084243.1,113167,Plasmid,1,0,0,1,0,0,0,0,0,0,0,0,0,0,0,0,0,0,0,0,0,0,0,,Pseudomonadota,Gammaproteobacteria,Enterobacterales,Enterobacteriaceae,Klebsiella
GCF_022789185.2,NZ_CP154869.1,115157,Plasmid,2,0,1,0,0,0,1,0,0,0,0,0,0,0,0,0,0,0,0,0,0,0,0,,Pseudomonadota,Gammaproteobacteria,Enterobacterales,Enterobacteriaceae,Klebsiella
GCF_022789685.2,NZ_CP144957.1,110499,Plasmid,2,0,0,1,0,0,0,0,0,0,0,0,0,0,0,0,1,0,0,0,0,0,0,,Pseudomonadota,Gammaproteobacteria,Enterobacterales,Enterobacteriaceae,Klebsiella
GCF_023573725.1,NZ_CP097672.1,110207,Plasmid,2,0,0,1,0,0,0,0,0,0,0,0,0,0,0,0,1,0,0,0,0,0,0,,Pseudomonadota,Gammaproteobacteria,Enterobacterales,Enterobacteriaceae,Klebsiella
GCF_023573785.1,NZ_CP097685.1,111909,Plasmid,1,0,0,0,0,0,0,0,0,0,0,0,0,0,0,0,0,0,0,0,0,0,1,,Pseudomonadota,Gammaproteobacteria,Enterobacterales,Enterobacteriaceae,Klebsiella
GCF_023573865.1,NZ_CP097699.1,113123,Plasmid,2,0,0,1,0,0,0,0,0,0,0,0,0,0,0,0,1,0,0,0,0,0,0,,Pseudomonadota,Gammaproteobacteria,Enterobacterales,Enterobacteriaceae,Klebsiella
GCF_023573885.1,NZ_CP097705.1,111090,Plasmid,2,0,0,1,0,0,0,0,0,0,0,0,0,0,0,0,1,0,0,0,0,0,0,,Pseudomonadota,Gammaproteobacteria,Enterobacterales,Enterobacteriaceae,Klebsiella
GCF_023657755.1,NZ_CP098153.1,110870,Plasmid,2,0,0,1,0,0,0,0,0,0,0,0,0,0,0,0,1,0,0,0,0,0,0,,Pseudomonadota,Gammaproteobacteria,Enterobacterales,Enterobacteriaceae,Klebsiella
GCF_023657775.1,NZ_CP098157.1,169300,Plasmid,1,0,0,0,0,0,0,0,0,0,0,0,0,0,1,0,0,0,0,0,0,0,0,,Pseudomonadota,Gammaproteobacteria,Enterobacterales,Enterobacteriaceae,Klebsiella
GCF_023657775.1,NZ_CP098158.1,110870,Plasmid,2,0,0,1,0,0,0,0,0,0,0,0,0,0,0,0,1,0,0,0,0,0,0,,Pseudomonadota,Gammaproteobacteria,Enterobacterales,Enterobacteriaceae,Klebsiella
GCF_023657815.1,NZ_CP098163.1,11523,Plasmid,1,0,0,0,0,0,0,1,0,0,0,0,0,0,0,0,0,0,0,0,0,0,0,,Pseudomonadota,Gammaproteobacteria,Enterobacterales,Enterobacteriaceae,Klebsiella
GCF_023657815.1,NZ_CP098164.1,10329,Plasmid,1,0,0,0,0,0,0,1,0,0,0,0,0,0,0,0,0,0,0,0,0,0,0,,Pseudomonadota,Gammaproteobacteria,Enterobacterales,Enterobacteriaceae,Klebsiella
GCF_023657875.1,NZ_CP098173.1,275057,Plasmid,3,0,0,0,0,0,0,0,0,0,0,0,0,0,0,0,3,0,0,0,0,0,0,,Pseudomonadota,Gammaproteobacteria,Enterobacterales,Enterobacteriaceae,Klebsiella
GCF_023657895.1,NZ_CP098177.1,8114,Plasmid,2,1,0,0,0,0,0,0,0,0,1,0,0,0,0,0,0,0,0,0,0,0,0,,Pseudomonadota,Gammaproteobacteria,Enterobacterales,Enterobacteriaceae,Klebsiella
GCF_023703835.1,NZ_CP077807.1,108537,Plasmid,2,0,1,0,0,0,1,0,0,0,0,0,0,0,0,0,0,0,0,0,0,0,0,,Pseudomonadota,Gammaproteobacteria,Enterobacterales,Enterobacteriaceae,Klebsiella
GCF_024223795.1,NZ_CP100480.1,109936,Plasmid,2,0,0,1,0,0,0,0,0,0,0,0,0,0,0,0,1,0,0,0,0,0,0,,Pseudomonadota,Gammaproteobacteria,Enterobacterales,Enterobacteriaceae,Klebsiella
GCF_024226755.1,NZ_CP100523.1,109936,Plasmid,2,0,0,1,0,0,0,0,0,0,0,0,0,0,0,0,1,0,0,0,0,0,0,,Pseudomonadota,Gammaproteobacteria,Enterobacterales,Enterobacteriaceae,Klebsiella
GCF_024496205.1,NZ_CP101792.1,111595,Plasmid,2,0,1,0,0,0,1,0,0,0,0,0,0,0,0,0,0,0,0,0,0,0,0,,Pseudomonadota,Gammaproteobacteria,Enterobacterales,Enterobacteriaceae,Klebsiella
GCF_024628885.1,NZ_CP102393.1,113637,Plasmid,1,0,0,1,0,0,0,0,0,0,0,0,0,0,0,0,0,0,0,0,0,0,0,,Pseudomonadota,Gammaproteobacteria,Enterobacterales,Enterobacteriaceae,Klebsiella
GCF_024637995.1,NZ_CP097387.1,128536,Plasmid,1,0,0,0,0,0,0,0,0,0,0,0,0,0,0,0,1,0,0,0,0,0,0,,Pseudomonadota,Gammaproteobacteria,Enterobacterales,Enterobacteriaceae,Klebsiella
GCF_024637995.1,NZ_CP097389.1,50463,Plasmid,1,0,0,0,0,0,0,0,0,0,0,0,0,0,0,0,0,0,0,0,0,0,1,,Pseudomonadota,Gammaproteobacteria,Enterobacterales,Enterobacteriaceae,Klebsiella
GCF_024734135.1,NZ_CP102873.1,111277,Plasmid,2,0,0,1,0,0,0,0,0,0,0,0,0,0,0,0,1,0,0,0,0,0,0,,Pseudomonadota,Gammaproteobacteria,Enterobacterales,Enterobacteriaceae,Klebsiella
GCF_024917435.1,NZ_CP103584.1,111561,Plasmid,1,0,1,0,0,0,0,0,0,0,0,0,0,0,0,0,0,0,0,0,0,0,0,,Pseudomonadota,Gammaproteobacteria,Enterobacterales,Enterobacteriaceae,Klebsiella
GCF_025884095.1,NZ_CP100078.1,284769,Plasmid,1,0,0,0,0,0,0,0,0,0,0,0,0,0,0,0,1,0,0,0,0,0,0,,Pseudomonadota,Gammaproteobacteria,Enterobacterales,Enterobacteriaceae,Klebsiella
GCF_025908435.1,NZ_CP109773.1,110437,Plasmid,1,0,0,1,0,0,0,0,0,0,0,0,0,0,0,0,0,0,0,0,0,0,0,,Pseudomonadota,Gammaproteobacteria,Enterobacterales,Enterobacteriaceae,Klebsiella
GCF_026626045.1,NZ_CP113175.1,121042,Plasmid,1,0,0,1,0,0,0,0,0,0,0,0,0,0,0,0,0,0,0,0,0,0,0,,Pseudomonadota,Gammaproteobacteria,Enterobacterales,Enterobacteriaceae,Klebsiella
GCF_028219935.1,NZ_CP107315.1,111465,Plasmid,2,0,0,1,0,0,0,0,0,0,0,0,0,0,0,0,1,0,0,0,0,0,0,,Pseudomonadota,Gammaproteobacteria,Enterobacterales,Enterobacteriaceae,Klebsiella
GCF_028219955.1,NZ_CP107323.1,111727,Plasmid,1,0,0,1,0,0,0,0,0,0,0,0,0,0,0,0,0,0,0,0,0,0,0,,Pseudomonadota,Gammaproteobacteria,Enterobacterales,Enterobacteriaceae,Klebsiella
GCF_028219975.1,NZ_CP107330.1,111727,Plasmid,1,0,0,1,0,0,0,0,0,0,0,0,0,0,0,0,0,0,0,0,0,0,0,,Pseudomonadota,Gammaproteobacteria,Enterobacterales,Enterobacteriaceae,Klebsiella
GCF_028219995.1,NZ_CP107337.1,111727,Plasmid,1,0,0,1,0,0,0,0,0,0,0,0,0,0,0,0,0,0,0,0,0,0,0,,Pseudomonadota,Gammaproteobacteria,Enterobacterales,Enterobacteriaceae,Klebsiella
GCF_028220175.1,NZ_CP107348.1,111727,Plasmid,1,0,0,1,0,0,0,0,0,0,0,0,0,0,0,0,0,0,0,0,0,0,0,,Pseudomonadota,Gammaproteobacteria,Enterobacterales,Enterobacteriaceae,Klebsiella
GCF_028220555.1,NZ_CP107355.1,111709,Plasmid,2,0,0,1,0,0,0,0,0,0,0,0,0,0,0,0,1,0,0,0,0,0,0,,Pseudomonadota,Gammaproteobacteria,Enterobacterales,Enterobacteriaceae,Klebsiella
GCF_028220985.1,NZ_CP107375.1,111727,Plasmid,1,0,0,1,0,0,0,0,0,0,0,0,0,0,0,0,0,0,0,0,0,0,0,,Pseudomonadota,Gammaproteobacteria,Enterobacterales,Enterobacteriaceae,Klebsiella
GCF_028221025.1,NZ_CP107386.1,111727,Plasmid,1,0,0,1,0,0,0,0,0,0,0,0,0,0,0,0,0,0,0,0,0,0,0,,Pseudomonadota,Gammaproteobacteria,Enterobacterales,Enterobacteriaceae,Klebsiella
GCF_028621835.1,NZ_CP117483.1,112290,Plasmid,2,0,1,0,0,0,1,0,0,0,0,0,0,0,0,0,0,0,0,0,0,0,0,,Pseudomonadota,Gammaproteobacteria,Enterobacterales,Enterobacteriaceae,Klebsiella
GCF_029025965.1,NZ_CP118903.1,162879,Plasmid,2,0,0,1,0,0,0,0,0,0,0,0,0,0,0,0,1,0,0,0,0,0,0,,Pseudomonadota,Gammaproteobacteria,Enterobacterales,Enterobacteriaceae,Klebsiella
GCF_029026345.1,NZ_CP118908.1,98386,Plasmid,2,0,0,1,0,0,0,0,0,0,0,0,0,0,0,0,1,0,0,0,0,0,0,,Pseudomonadota,Gammaproteobacteria,Enterobacterales,Enterobacteriaceae,Klebsiella
GCF_029026845.1,NZ_CP090221.1,112554,Plasmid,2,0,0,1,0,0,0,0,0,0,0,0,0,0,0,0,1,0,0,0,0,0,0,,Pseudomonadota,Gammaproteobacteria,Enterobacterales,Enterobacteriaceae,Klebsiella
GCF_029541645.1,NZ_CP089764.1,117143,Plasmid,2,0,0,1,0,0,0,0,0,0,0,0,0,0,0,0,1,0,0,0,0,0,0,,Pseudomonadota,Gammaproteobacteria,Enterobacterales,Enterobacteriaceae,Klebsiella
GCF_029541785.1,NZ_CP089872.1,110522,Plasmid,1,0,0,0,0,0,0,0,0,0,0,0,0,0,0,0,1,0,0,0,0,0,0,,Pseudomonadota,Gammaproteobacteria,Enterobacterales,Enterobacteriaceae,Klebsiella
GCF_029853835.1,NZ_CP122570.1,110431,Plasmid,1,0,0,0,0,0,0,0,0,0,0,0,0,0,0,0,1,0,0,0,0,0,0,,Pseudomonadota,Gammaproteobacteria,Enterobacterales,Enterobacteriaceae,Klebsiella
GCF_029853875.1,NZ_CP122582.1,121944,Plasmid,1,0,0,0,0,0,0,0,0,0,0,0,0,0,0,0,1,0,0,0,0,0,0,,Pseudomonadota,Gammaproteobacteria,Enterobacterales,Enterobacteriaceae,Klebsiella
GCF_030020895.1,NZ_CP124877.1,5784,Plasmid,1,0,0,0,0,0,0,0,0,0,0,0,1,0,0,0,0,0,0,0,0,0,0,,Pseudomonadota,Gammaproteobacteria,Enterobacterales,Enterobacteriaceae,Klebsiella
GCF_030053875.1,NZ_CP125735.1,111807,Plasmid,2,0,0,1,0,0,0,0,0,0,0,0,0,0,0,0,1,0,0,0,0,0,0,,Pseudomonadota,Gammaproteobacteria,Enterobacterales,Enterobacteriaceae,Klebsiella
GCF_030061665.1,NZ_CP093469.1,14283,Plasmid,5,0,4,0,0,0,0,0,0,0,0,0,0,0,0,0,1,0,0,0,0,0,0,,Pseudomonadota,Gammaproteobacteria,Enterobacterales,Enterobacteriaceae,Klebsiella
GCF_030061795.1,NZ_CP093490.1,338797,Plasmid,8,2,1,0,0,0,0,1,0,0,0,0,1,0,0,0,0,0,0,0,3,0,0,,Pseudomonadota,Gammaproteobacteria,Enterobacterales,Enterobacteriaceae,Klebsiella
GCF_030168225.1,NZ_CP096816.1,109637,Plasmid,1,0,0,0,0,0,0,0,0,0,0,0,0,0,0,0,1,0,0,0,0,0,0,,Pseudomonadota,Gammaproteobacteria,Enterobacterales,Enterobacteriaceae,Klebsiella
GCF_030369655.1,NZ_CP128486.1,136829,Plasmid,2,0,0,1,0,0,0,0,0,0,0,0,0,0,0,0,1,0,0,0,0,0,0,,Pseudomonadota,Gammaproteobacteria,Enterobacterales,Enterobacteriaceae,Klebsiella
GCF_030412885.1,NZ_CP129187.1,135702,Plasmid,2,0,0,1,0,0,0,0,0,0,0,0,0,0,0,0,1,0,0,0,0,0,0,,Pseudomonadota,Gammaproteobacteria,Enterobacterales,Enterobacteriaceae,Klebsiella
GCF_030442015.2,NZ_CP132962.1,111893,Plasmid,2,0,0,1,0,0,0,0,0,0,0,0,0,0,0,0,1,0,0,0,0,0,0,,Pseudomonadota,Gammaproteobacteria,Enterobacterales,Enterobacteriaceae,Klebsiella
GCF_030489945.1,NZ_CP129740.1,228963,Plasmid,7,2,1,0,0,0,0,0,0,0,0,0,1,0,0,0,0,0,0,0,3,0,0,,Pseudomonadota,Gammaproteobacteria,Enterobacterales,Enterobacteriaceae,Klebsiella
GCF_030490065.1,NZ_CP129771.1,691891,Plasmid,9,0,0,0,0,0,0,0,1,0,1,1,0,4,1,0,0,1,0,0,0,0,0,,Pseudomonadota,Gammaproteobacteria,Enterobacterales,Enterobacteriaceae,Klebsiella
GCF_030490405.1,NZ_CP129845.1,109456,Plasmid,2,0,0,1,0,0,0,0,0,0,0,0,0,0,0,0,1,0,0,0,0,0,0,,Pseudomonadota,Gammaproteobacteria,Enterobacterales,Enterobacteriaceae,Klebsiella
GCF_030490465.1,NZ_CP129731.1,112925,Plasmid,2,0,0,1,0,0,0,0,0,0,0,0,0,0,0,0,1,0,0,0,0,0,0,,Pseudomonadota,Gammaproteobacteria,Enterobacterales,Enterobacteriaceae,Klebsiella
GCF_030490635.1,NZ_CP129873.1,727204,Plasmid,17,2,1,4,0,1,0,0,1,0,0,1,1,0,0,1,1,1,0,0,3,0,0,,Pseudomonadota,Gammaproteobacteria,Enterobacterales,Enterobacteriaceae,Klebsiella
GCF_030490675.1,NZ_CP129856.1,550231,Plasmid,21,2,1,0,1,0,0,2,4,1,2,2,0,0,1,1,0,2,1,1,0,0,0,,Pseudomonadota,Gammaproteobacteria,Enterobacterales,Enterobacteriaceae,Klebsiella
GCF_030534295.1,NZ_CP130562.1,111903,Plasmid,1,0,0,0,0,0,0,0,0,0,0,0,0,0,0,0,1,0,0,0,0,0,0,,Pseudomonadota,Gammaproteobacteria,Enterobacterales,Enterobacteriaceae,Klebsiella
GCF_030544725.1,NZ_CP092279.1,113167,Plasmid,1,0,0,1,0,0,0,0,0,0,0,0,0,0,0,0,0,0,0,0,0,0,0,,Pseudomonadota,Gammaproteobacteria,Enterobacterales,Enterobacteriaceae,Klebsiella
GCF_030644625.1,NZ_CP085100.1,137603,Plasmid,2,0,0,1,0,0,0,0,0,0,0,0,0,0,0,0,1,0,0,0,0,0,0,,Pseudomonadota,Gammaproteobacteria,Enterobacterales,Enterobacteriaceae,Klebsiella
GCF_030845475.1,NZ_CP132620.1,110788,Plasmid,2,0,0,1,0,0,0,0,0,0,0,0,0,0,0,0,1,0,0,0,0,0,0,,Pseudomonadota,Gammaproteobacteria,Enterobacterales,Enterobacteriaceae,Klebsiella
GCF_030845575.1,NZ_CP132636.1,128536,Plasmid,1,0,0,0,0,0,0,0,0,0,0,0,0,0,0,0,1,0,0,0,0,0,0,,Pseudomonadota,Gammaproteobacteria,Enterobacterales,Enterobacteriaceae,Klebsiella
GCF_030845595.1,NZ_CP132640.1,128536,Plasmid,1,0,0,0,0,0,0,0,0,0,0,0,0,0,0,0,1,0,0,0,0,0,0,,Pseudomonadota,Gammaproteobacteria,Enterobacterales,Enterobacteriaceae,Klebsiella
GCF_030845595.1,NZ_CP132641.1,128031,Plasmid,2,0,0,0,0,0,0,0,0,0,0,0,0,0,0,0,0,0,0,2,0,0,0,,Pseudomonadota,Gammaproteobacteria,Enterobacterales,Enterobacteriaceae,Klebsiella
GCF_030845615.1,NZ_CP132647.1,128536,Plasmid,1,0,0,0,0,0,0,0,0,0,0,0,0,0,0,0,1,0,0,0,0,0,0,,Pseudomonadota,Gammaproteobacteria,Enterobacterales,Enterobacteriaceae,Klebsiella
GCF_030845715.1,NZ_CP132666.1,112745,Plasmid,2,0,0,1,0,0,0,0,0,0,0,0,0,0,0,0,1,0,0,0,0,0,0,,Pseudomonadota,Gammaproteobacteria,Enterobacterales,Enterobacteriaceae,Klebsiella
GCF_030845855.1,NZ_CP132690.1,111854,Plasmid,2,0,0,1,0,0,0,0,0,0,0,0,0,0,0,0,1,0,0,0,0,0,0,,Pseudomonadota,Gammaproteobacteria,Enterobacterales,Enterobacteriaceae,Klebsiella
GCF_030845895.1,NZ_CP132697.1,111124,Plasmid,2,0,0,1,0,0,0,0,0,0,0,0,0,0,0,0,1,0,0,0,0,0,0,,Pseudomonadota,Gammaproteobacteria,Enterobacterales,Enterobacteriaceae,Klebsiella
GCF_030863985.1,NZ_CP132988.1,112400,Plasmid,2,0,0,1,0,0,0,0,0,0,0,0,0,0,0,0,1,0,0,0,0,0,0,,Pseudomonadota,Gammaproteobacteria,Enterobacterales,Enterobacteriaceae,Klebsiella
GCF_030866865.1,NZ_CP132991.1,112427,Plasmid,2,0,0,1,0,0,0,0,0,0,0,0,0,0,0,0,1,0,0,0,0,0,0,,Pseudomonadota,Gammaproteobacteria,Enterobacterales,Enterobacteriaceae,Klebsiella
GCF_032248875.1,NZ_CP135166.1,112987,Plasmid,2,0,1,0,0,0,1,0,0,0,0,0,0,0,0,0,0,0,0,0,0,0,0,,Pseudomonadota,Gammaproteobacteria,Enterobacterales,Enterobacteriaceae,Klebsiella
GCF_032826355.1,NZ_CP133878.1,110431,Plasmid,1,0,0,0,0,0,0,0,0,0,0,0,0,0,0,0,1,0,0,0,0,0,0,,Pseudomonadota,Gammaproteobacteria,Enterobacterales,Enterobacteriaceae,Klebsiella
GCF_032833155.1,NZ_CP134039.1,109938,Plasmid,1,0,0,0,0,0,0,0,0,0,0,0,0,0,0,0,1,0,0,0,0,0,0,,Pseudomonadota,Gammaproteobacteria,Enterobacterales,Enterobacteriaceae,Klebsiella
GCF_032833975.1,NZ_CP134044.1,109030,Plasmid,2,0,0,1,0,0,0,0,0,0,0,0,0,0,0,0,1,0,0,0,0,0,0,,Pseudomonadota,Gammaproteobacteria,Enterobacterales,Enterobacteriaceae,Klebsiella
GCF_033253665.1,NZ_CP137399.1,109649,Plasmid,2,0,0,1,0,0,0,0,0,0,0,0,0,0,0,0,1,0,0,0,0,0,0,,Pseudomonadota,Gammaproteobacteria,Enterobacterales,Enterobacteriaceae,Klebsiella
GCF_033807355.1,NZ_CP138518.1,111727,Plasmid,1,0,0,1,0,0,0,0,0,0,0,0,0,0,0,0,0,0,0,0,0,0,0,,Pseudomonadota,Gammaproteobacteria,Enterobacterales,Enterobacteriaceae,Klebsiella
GCF_033807395.1,NZ_CP138540.1,111709,Plasmid,2,0,0,1,0,0,0,0,0,0,0,0,0,0,0,0,1,0,0,0,0,0,0,,Pseudomonadota,Gammaproteobacteria,Enterobacterales,Enterobacteriaceae,Klebsiella
GCF_033807415.1,NZ_CP138547.1,111709,Plasmid,2,0,0,1,0,0,0,0,0,0,0,0,0,0,0,0,1,0,0,0,0,0,0,,Pseudomonadota,Gammaproteobacteria,Enterobacterales,Enterobacteriaceae,Klebsiella
GCF_033807435.1,NZ_CP138554.1,111709,Plasmid,2,0,0,1,0,0,0,0,0,0,0,0,0,0,0,0,1,0,0,0,0,0,0,,Pseudomonadota,Gammaproteobacteria,Enterobacterales,Enterobacteriaceae,Klebsiella
GCF_033807455.1,NZ_CP138561.1,111709,Plasmid,2,0,0,1,0,0,0,0,0,0,0,0,0,0,0,0,1,0,0,0,0,0,0,,Pseudomonadota,Gammaproteobacteria,Enterobacterales,Enterobacteriaceae,Klebsiella
GCF_033848475.1,NZ_CP138690.1,8055,Plasmid,1,0,0,0,0,0,0,0,0,0,0,0,1,0,0,0,0,0,0,0,0,0,0,,Pseudomonadota,Gammaproteobacteria,Enterobacterales,Enterobacteriaceae,Klebsiella
GCF_034479935.1,NZ_CP140291.1,113119,Plasmid,2,0,0,1,0,0,0,0,0,0,0,0,0,0,0,0,1,0,0,0,0,0,0,,Pseudomonadota,Gammaproteobacteria,Enterobacterales,Enterobacteriaceae,Klebsiella
GCF_035184745.2,NZ_CP144128.1,112580,Plasmid,1,0,0,0,0,0,0,0,0,0,0,0,0,0,0,0,1,0,0,0,0,0,0,,Pseudomonadota,Gammaproteobacteria,Enterobacterales,Enterobacteriaceae,Klebsiella
GCF_035599035.1,NZ_CP141577.1,9310,Plasmid,2,0,2,0,0,0,0,0,0,0,0,0,0,0,0,0,0,0,0,0,0,0,0,,Pseudomonadota,Gammaproteobacteria,Enterobacterales,Enterobacteriaceae,Klebsiella
GCF_035621535.1,NZ_CP141781.1,115749,Plasmid,2,0,0,1,0,0,0,0,0,0,0,0,0,0,0,0,1,0,0,0,0,0,0,,Pseudomonadota,Gammaproteobacteria,Enterobacterales,Enterobacteriaceae,Klebsiella
GCF_036287375.2,NZ_CP142985.1,110431,Plasmid,1,0,0,0,0,0,0,0,0,0,0,0,0,0,0,0,1,0,0,0,0,0,0,,Pseudomonadota,Gammaproteobacteria,Enterobacterales,Enterobacteriaceae,Klebsiella
GCF_036254055.1,NZ_CP141217.1,110184,Plasmid,2,0,0,1,0,0,0,0,0,0,0,0,0,0,0,0,1,0,0,0,0,0,0,,Pseudomonadota,Gammaproteobacteria,Enterobacterales,Enterobacteriaceae,Klebsiella
GCF_036287515.1,NZ_CP143007.1,107409,Plasmid,2,0,0,1,0,0,0,0,0,0,0,0,0,0,0,0,1,0,0,0,0,0,0,,Pseudomonadota,Gammaproteobacteria,Enterobacterales,Enterobacteriaceae,Klebsiella
GCF_036287785.1,NZ_CP142972.1,236330,Plasmid,2,0,1,0,0,0,0,0,0,0,0,0,0,0,0,0,0,1,0,0,0,0,0,,Pseudomonadota,Gammaproteobacteria,Enterobacterales,Enterobacteriaceae,Klebsiella
GCF_036785835.1,NZ_CP145150.1,108558,Plasmid,2,0,1,0,0,0,1,0,0,0,0,0,0,0,0,0,0,0,0,0,0,0,0,,Pseudomonadota,Gammaproteobacteria,Enterobacterales,Enterobacteriaceae,Klebsiella
GCF_036787225.1,NZ_CP145173.1,112288,Plasmid,2,0,0,1,0,0,0,0,0,0,0,0,0,0,0,0,1,0,0,0,0,0,0,,Pseudomonadota,Gammaproteobacteria,Enterobacterales,Enterobacteriaceae,Klebsiella
GCF_036967225.1,NZ_CP146029.1,42055,Plasmid,2,0,1,1,0,0,0,0,0,0,0,0,0,0,0,0,0,0,0,0,0,0,0,,Pseudomonadota,Gammaproteobacteria,Enterobacterales,Enterobacteriaceae,Klebsiella
GCF_037024855.1,NZ_CP146193.1,112792,Plasmid,1,0,0,1,0,0,0,0,0,0,0,0,0,0,0,0,0,0,0,0,0,0,0,,Pseudomonadota,Gammaproteobacteria,Enterobacterales,Enterobacteriaceae,Klebsiella
GCF_037279725.1,NZ_CP147598.1,111294,Plasmid,2,0,0,1,0,0,0,0,0,0,0,0,0,0,0,0,1,0,0,0,0,0,0,,Pseudomonadota,Gammaproteobacteria,Enterobacterales,Enterobacteriaceae,Klebsiella
GCF_037477805.1,NZ_CP125183.1,109144,Plasmid,2,0,1,0,0,0,1,0,0,0,0,0,0,0,0,0,0,0,0,0,0,0,0,,Pseudomonadota,Gammaproteobacteria,Enterobacterales,Enterobacteriaceae,Klebsiella
GCF_037920605.1,NZ_CP136464.1,4686,Plasmid,2,0,1,0,0,0,0,0,0,0,1,0,0,0,0,0,0,0,0,0,0,0,0,,Pseudomonadota,Gammaproteobacteria,Enterobacterales,Enterobacteriaceae,Klebsiella
GCF_038098595.1,NZ_CP151172.1,111193,Plasmid,2,0,1,0,0,0,1,0,0,0,0,0,0,0,0,0,0,0,0,0,0,0,0,,Pseudomonadota,Gammaproteobacteria,Enterobacterales,Enterobacteriaceae,Klebsiella
GCF_038430245.1,NZ_CP131909.1,111847,Plasmid,1,0,0,0,0,0,0,0,0,0,0,0,0,0,0,0,1,0,0,0,0,0,0,,Pseudomonadota,Gammaproteobacteria,Enterobacterales,Enterobacteriaceae,Klebsiella
GCF_038684765.1,NZ_CP152333.1,113210,Plasmid,2,0,0,1,0,0,0,0,0,0,0,0,0,0,0,0,1,0,0,0,0,0,0,,Pseudomonadota,Gammaproteobacteria,Enterobacterales,Enterobacteriaceae,Klebsiella
GCF_039653425.1,NZ_CP166442.1,106731,Plasmid,1,0,0,1,0,0,0,0,0,0,0,0,0,0,0,0,0,0,0,0,0,0,0,,Pseudomonadota,Gammaproteobacteria,Enterobacterales,Enterobacteriaceae,Klebsiella
GCF_039653445.1,NZ_CP166445.1,234195,Plasmid,1,0,0,1,0,0,0,0,0,0,0,0,0,0,0,0,0,0,0,0,0,0,0,,Pseudomonadota,Gammaproteobacteria,Enterobacterales,Enterobacteriaceae,Klebsiella
GCF_039703985.1,NZ_CP155643.1,111002,Plasmid,2,0,0,1,0,0,0,0,0,0,0,0,0,0,0,0,1,0,0,0,0,0,0,,Pseudomonadota,Gammaproteobacteria,Enterobacterales,Enterobacteriaceae,Klebsiella
GCF_039704375.1,NZ_CP155661.1,108492,Plasmid,2,0,0,1,0,0,0,0,0,0,0,0,0,0,0,0,1,0,0,0,0,0,0,,Pseudomonadota,Gammaproteobacteria,Enterobacterales,Enterobacteriaceae,Klebsiella
GCF_039722655.1,NZ_CP155713.1,109614,Plasmid,1,0,1,0,0,0,0,0,0,0,0,0,0,0,0,0,0,0,0,0,0,0,0,,Pseudomonadota,Gammaproteobacteria,Enterobacterales,Enterobacteriaceae,Klebsiella
GCF_040250275.1,NZ_CP158192.1,110930,Plasmid,2,0,0,1,0,0,0,0,0,0,0,0,0,0,0,0,1,0,0,0,0,0,0,,Pseudomonadota,Gammaproteobacteria,Enterobacterales,Enterobacteriaceae,Klebsiella
GCF_040571315.1,NZ_CP107566.1,41416,Plasmid,1,0,0,0,0,0,0,0,0,0,0,1,0,0,0,0,0,0,0,0,0,0,0,,Pseudomonadota,Gammaproteobacteria,Enterobacterales,Enterobacteriaceae,Klebsiella
GCF_040687985.1,NZ_CP159929.1,108146,Plasmid,2,0,0,1,0,0,0,0,0,0,0,0,0,0,0,0,1,0,0,0,0,0,0,,Pseudomonadota,Gammaproteobacteria,Enterobacterales,Enterobacteriaceae,Klebsiella
GCF_040687995.1,NZ_CP159940.1,3085,Plasmid,1,0,0,0,0,0,0,0,0,0,0,0,0,0,0,0,1,0,0,0,0,0,0,,Pseudomonadota,Gammaproteobacteria,Enterobacterales,Enterobacteriaceae,Klebsiella
GCF_040703095.1,NZ_CP160038.1,110557,Plasmid,1,0,0,0,0,0,0,0,0,0,0,0,0,0,0,0,1,0,0,0,0,0,0,,Pseudomonadota,Gammaproteobacteria,Enterobacterales,Enterobacteriaceae,Klebsiella
GCF_040784875.1,NZ_CP160624.1,109913,Plasmid,2,0,0,1,0,0,0,0,0,0,0,0,0,0,0,0,1,0,0,0,0,0,0,,Pseudomonadota,Gammaproteobacteria,Enterobacterales,Enterobacteriaceae,Klebsiella
GCF_040803885.1,NZ_CP161849.1,111688,Plasmid,1,0,0,0,0,0,0,0,0,0,0,0,0,0,0,0,1,0,0,0,0,0,0,,Pseudomonadota,Gammaproteobacteria,Enterobacterales,Enterobacteriaceae,Klebsiella
GCF_041004185.1,NZ_CP163035.1,111773,Plasmid,2,0,0,1,0,0,0,0,0,0,0,0,0,0,0,0,1,0,0,0,0,0,0,,Pseudomonadota,Gammaproteobacteria,Enterobacterales,Enterobacteriaceae,Klebsiella
GCF_041026645.1,NZ_CP163389.1,110821,Plasmid,2,0,0,1,0,0,0,0,0,0,0,0,0,0,0,0,1,0,0,0,0,0,0,,Pseudomonadota,Gammaproteobacteria,Enterobacterales,Enterobacteriaceae,Klebsiella
GCF_041200275.1,NZ_CP165761.1,110430,Plasmid,1,0,0,0,0,0,0,0,0,0,0,0,0,0,0,0,1,0,0,0,0,0,0,,Pseudomonadota,Gammaproteobacteria,Enterobacterales,Enterobacteriaceae,Klebsiella
GCF_041200285.1,NZ_CP165767.1,110431,Plasmid,1,0,0,0,0,0,0,0,0,0,0,0,0,0,0,0,1,0,0,0,0,0,0,,Pseudomonadota,Gammaproteobacteria,Enterobacterales,Enterobacteriaceae,Klebsiella
GCF_041281675.1,NZ_CP166229.1,111732,Plasmid,2,0,0,1,0,0,0,0,0,0,0,0,0,0,0,0,1,0,0,0,0,0,0,,Pseudomonadota,Gammaproteobacteria,Enterobacterales,Enterobacteriaceae,Klebsiella
GCF_041283535.1,NZ_CP166309.1,110430,Plasmid,1,0,0,0,0,0,0,0,0,0,0,0,0,0,0,0,1,0,0,0,0,0,0,,Pseudomonadota,Gammaproteobacteria,Enterobacterales,Enterobacteriaceae,Klebsiella
GCF_041283545.1,NZ_CP166319.1,110431,Plasmid,1,0,0,0,0,0,0,0,0,0,0,0,0,0,0,0,1,0,0,0,0,0,0,,Pseudomonadota,Gammaproteobacteria,Enterobacterales,Enterobacteriaceae,Klebsiella
GCF_041283575.1,NZ_CP166327.1,110431,Plasmid,1,0,0,0,0,0,0,0,0,0,0,0,0,0,0,0,1,0,0,0,0,0,0,,Pseudomonadota,Gammaproteobacteria,Enterobacterales,Enterobacteriaceae,Klebsiella
GCF_041283585.1,NZ_CP166330.1,111159,Plasmid,2,0,0,1,0,0,0,0,0,0,0,0,0,0,0,0,1,0,0,0,0,0,0,,Pseudomonadota,Gammaproteobacteria,Enterobacterales,Enterobacteriaceae,Klebsiella
GCF_041514435.1,NZ_CP167950.1,109939,Plasmid,1,0,0,0,0,0,0,0,0,0,0,0,0,0,0,0,1,0,0,0,0,0,0,,Pseudomonadota,Gammaproteobacteria,Enterobacterales,Enterobacteriaceae,Klebsiella
GCF_041514545.1,NZ_CP167956.1,110431,Plasmid,1,0,0,0,0,0,0,0,0,0,0,0,0,0,0,0,1,0,0,0,0,0,0,,Pseudomonadota,Gammaproteobacteria,Enterobacterales,Enterobacteriaceae,Klebsiella
GCF_041514655.1,NZ_CP167960.1,211523,Plasmid,1,0,0,0,0,0,0,0,0,0,0,0,0,0,0,0,1,0,0,0,0,0,0,,Pseudomonadota,Gammaproteobacteria,Enterobacterales,Enterobacteriaceae,Klebsiella
GCF_041860885.1,NZ_CP153596.1,110478,Plasmid,1,0,1,0,0,0,0,0,0,0,0,0,0,0,0,0,0,0,0,0,0,0,0,,Pseudomonadota,Gammaproteobacteria,Enterobacterales,Enterobacteriaceae,Klebsiella
GCF_041860895.1,NZ_CP153599.1,109699,Plasmid,1,0,0,0,0,0,0,0,0,0,0,0,0,0,0,0,1,0,0,0,0,0,0,,Pseudomonadota,Gammaproteobacteria,Enterobacterales,Enterobacteriaceae,Klebsiella
GCF_041860915.1,NZ_CP153604.1,106199,Plasmid,2,0,0,1,0,0,0,0,0,0,0,0,0,0,0,0,1,0,0,0,0,0,0,,Pseudomonadota,Gammaproteobacteria,Enterobacterales,Enterobacteriaceae,Klebsiella
GCF_041860945.1,NZ_CP153615.1,109590,Plasmid,2,0,0,1,0,0,0,0,0,0,0,0,0,0,0,0,1,0,0,0,0,0,0,,Pseudomonadota,Gammaproteobacteria,Enterobacterales,Enterobacteriaceae,Klebsiella
GCF_041860955.1,NZ_CP153620.1,109461,Plasmid,1,0,0,1,0,0,0,0,0,0,0,0,0,0,0,0,0,0,0,0,0,0,0,,Pseudomonadota,Gammaproteobacteria,Enterobacterales,Enterobacteriaceae,Klebsiella
GCF_041861015.1,NZ_CP153633.1,111192,Plasmid,2,0,0,1,0,0,0,0,0,0,0,0,0,0,0,0,1,0,0,0,0,0,0,,Pseudomonadota,Gammaproteobacteria,Enterobacterales,Enterobacteriaceae,Klebsiella
GCF_041861025.1,NZ_CP153635.1,112055,Plasmid,2,0,0,1,0,0,0,0,0,0,0,0,0,0,0,0,1,0,0,0,0,0,0,,Pseudomonadota,Gammaproteobacteria,Enterobacterales,Enterobacteriaceae,Klebsiella
GCF_041861145.1,NZ_CP153669.1,109444,Plasmid,2,0,0,1,0,0,0,0,0,0,0,0,0,0,0,0,1,0,0,0,0,0,0,,Pseudomonadota,Gammaproteobacteria,Enterobacterales,Enterobacteriaceae,Klebsiella
GCF_041861165.1,NZ_CP153676.1,109963,Plasmid,2,0,0,1,0,0,0,0,0,0,0,0,0,0,0,0,1,0,0,0,0,0,0,,Pseudomonadota,Gammaproteobacteria,Enterobacterales,Enterobacteriaceae,Klebsiella
GCF_041870165.1,NZ_CP168957.1,112562,Plasmid,1,0,0,1,0,0,0,0,0,0,0,0,0,0,0,0,0,0,0,0,0,0,0,,Pseudomonadota,Gammaproteobacteria,Enterobacterales,Enterobacteriaceae,Klebsiella
GCF_041889455.1,NZ_CP139929.1,110291,Plasmid,2,0,0,1,0,0,0,0,0,0,0,0,0,0,0,0,1,0,0,0,0,0,0,,Pseudomonadota,Gammaproteobacteria,Enterobacterales,Enterobacteriaceae,Klebsiella
GCF_042190245.1,NZ_CP047486.1,392882,Plasmid,2,0,0,1,0,0,0,0,0,0,0,0,0,0,0,0,1,0,0,0,0,0,0,,Pseudomonadota,Gammaproteobacteria,Enterobacterales,Enterobacteriaceae,Klebsiella
GCF_043099505.1,NZ_CP170834.1,71997,Plasmid,1,0,0,0,0,0,0,0,0,0,0,0,0,0,1,0,0,0,0,0,0,0,0,,Pseudomonadota,Gammaproteobacteria,Enterobacterales,Enterobacteriaceae,Klebsiella
GCF_043099525.1,NZ_CP170855.1,91872,Plasmid,8,1,1,0,1,0,0,0,0,1,1,1,0,0,0,1,0,0,1,0,0,0,0,,Pseudomonadota,Gammaproteobacteria,Enterobacterales,Enterobacteriaceae,Klebsiella
GCF_043099635.1,NZ_CP170932.1,231775,Plasmid,1,0,0,0,0,0,0,0,0,0,0,0,0,0,0,1,0,0,0,0,0,0,0,,Pseudomonadota,Gammaproteobacteria,Enterobacterales,Enterobacteriaceae,Klebsiella
GCF_043521465.1,NZ_CP171367.1,111465,Plasmid,2,0,0,1,0,0,0,0,0,0,0,0,0,0,0,0,1,0,0,0,0,0,0,,Pseudomonadota,Gammaproteobacteria,Enterobacterales,Enterobacteriaceae,Klebsiella
GCF_043522075.1,NZ_CP171373.1,111465,Plasmid,2,0,0,1,0,0,0,0,0,0,0,0,0,0,0,0,1,0,0,0,0,0,0,,Pseudomonadota,Gammaproteobacteria,Enterobacterales,Enterobacteriaceae,Klebsiella
GCF_043950425.1,NZ_CP171535.1,111327,Plasmid,2,0,1,0,0,0,1,0,0,0,0,0,0,0,0,0,0,0,0,0,0,0,0,,Pseudomonadota,Gammaproteobacteria,Enterobacterales,Enterobacteriaceae,Klebsiella
GCF_043950445.1,NZ_CP171529.1,112987,Plasmid,2,0,1,0,0,0,1,0,0,0,0,0,0,0,0,0,0,0,0,0,0,0,0,,Pseudomonadota,Gammaproteobacteria,Enterobacterales,Enterobacteriaceae,Klebsiella
GCF_044344005.1,NZ_CP172343.1,111160,Plasmid,2,0,0,1,0,0,0,0,0,0,0,0,0,0,0,0,1,0,0,0,0,0,0,,Pseudomonadota,Gammaproteobacteria,Enterobacterales,Enterobacteriaceae,Klebsiella
GCF_044355935.1,NZ_CP149002.1,113263,Plasmid,2,0,1,0,0,0,1,0,0,0,0,0,0,0,0,0,0,0,0,0,0,0,0,,Pseudomonadota,Gammaproteobacteria,Enterobacterales,Enterobacteriaceae,Klebsiella
GCF_044793255.1,NZ_CP050248.1,160170,Plasmid,2,0,0,1,0,0,0,0,0,0,0,0,0,0,0,0,1,0,0,0,0,0,0,,Pseudomonadota,Gammaproteobacteria,Enterobacterales,Enterobacteriaceae,Klebsiella
GCF_044911575.1,NZ_CP110187.1,296,Plasmid,2,1,0,0,0,0,0,0,0,0,1,0,0,0,0,0,0,0,0,0,0,0,0,,Pseudomonadota,Gammaproteobacteria,Enterobacterales,Enterobacteriaceae,Klebsiella
GCF_045181485.1,NZ_CP173725.1,114807,Plasmid,1,0,0,1,0,0,0,0,0,0,0,0,0,0,0,0,0,0,0,0,0,0,0,,Pseudomonadota,Gammaproteobacteria,Enterobacterales,Enterobacteriaceae,Klebsiella
GCF_046118635.1,NZ_CP176044.1,113927,Plasmid,2,0,0,1,0,0,0,0,0,0,0,0,0,0,0,0,1,0,0,0,0,0,0,,Pseudomonadota,Gammaproteobacteria,Enterobacterales,Enterobacteriaceae,Klebsiella
GCF_046118685.1,NZ_CP175992.1,112621,Plasmid,2,0,0,1,0,0,0,0,0,0,0,0,0,0,0,0,1,0,0,0,0,0,0,,Pseudomonadota,Gammaproteobacteria,Enterobacterales,Enterobacteriaceae,Klebsiella
GCF_046529055.1,NZ_CP160506.1,112290,Plasmid,2,0,1,0,0,0,1,0,0,0,0,0,0,0,0,0,0,0,0,0,0,0,0,,Pseudomonadota,Gammaproteobacteria,Enterobacterales,Enterobacteriaceae,Klebsiella
GCF_046529075.1,NZ_CP160512.1,112302,Plasmid,2,0,1,0,0,0,1,0,0,0,0,0,0,0,0,0,0,0,0,0,0,0,0,,Pseudomonadota,Gammaproteobacteria,Enterobacterales,Enterobacteriaceae,Klebsiella
GCF_046531815.1,NZ_CP058582.1,110716,Plasmid,2,0,1,0,0,0,1,0,0,0,0,0,0,0,0,0,0,0,0,0,0,0,0,,Pseudomonadota,Gammaproteobacteria,Enterobacterales,Enterobacteriaceae,Klebsiella
GCF_046578725.1,NZ_CP172755.1,110744,Plasmid,2,0,0,1,0,0,0,0,0,0,0,0,0,0,0,0,1,0,0,0,0,0,0,,Pseudomonadota,Gammaproteobacteria,Enterobacterales,Enterobacteriaceae,Klebsiella
GCF_046622445.1,NZ_CP177004.1,105840,Plasmid,2,0,0,1,0,0,0,0,0,0,0,0,0,0,0,0,1,0,0,0,0,0,0,,Pseudomonadota,Gammaproteobacteria,Enterobacterales,Enterobacteriaceae,Klebsiella
GCF_046622455.1,NZ_CP177000.1,109383,Plasmid,2,0,0,1,0,0,0,0,0,0,0,0,0,0,0,0,1,0,0,0,0,0,0,,Pseudomonadota,Gammaproteobacteria,Enterobacterales,Enterobacteriaceae,Klebsiella
GCF_046622495.1,NZ_CP177010.1,230053,Plasmid,2,0,0,1,0,0,0,0,0,0,0,0,0,0,0,0,1,0,0,0,0,0,0,,Pseudomonadota,Gammaproteobacteria,Enterobacterales,Enterobacteriaceae,Klebsiella
GCF_046628005.1,NZ_CP176917.1,110436,Plasmid,1,0,0,1,0,0,0,0,0,0,0,0,0,0,0,0,0,0,0,0,0,0,0,,Pseudomonadota,Gammaproteobacteria,Enterobacterales,Enterobacteriaceae,Klebsiella
GCF_046628065.1,NZ_CP176992.1,109228,Plasmid,2,0,0,1,0,0,0,0,0,0,0,0,0,0,0,0,1,0,0,0,0,0,0,,Pseudomonadota,Gammaproteobacteria,Enterobacterales,Enterobacteriaceae,Klebsiella
GCF_046764195.1,NZ_CP177199.1,111088,Plasmid,2,0,0,1,0,0,0,0,0,0,0,0,0,0,0,0,1,0,0,0,0,0,0,,Pseudomonadota,Gammaproteobacteria,Enterobacterales,Enterobacteriaceae,Klebsiella
GCF_047115225.1,NZ_CP128627.1,2876,Plasmid,2,1,0,0,0,0,0,0,0,0,1,0,0,0,0,0,0,0,0,0,0,0,0,,Pseudomonadota,Gammaproteobacteria,Enterobacterales,Enterobacteriaceae,Klebsiella
GCF_047658125.1,NZ_CP180340.1,112946,Plasmid,1,0,0,0,0,0,0,0,0,0,0,0,0,0,0,0,1,0,0,0,0,0,0,,Pseudomonadota,Gammaproteobacteria,Enterobacterales,Enterobacteriaceae,Klebsiella
GCF_047658995.1,NZ_CP180334.1,112946,Plasmid,1,0,0,0,0,0,0,0,0,0,0,0,0,0,0,0,1,0,0,0,0,0,0,,Pseudomonadota,Gammaproteobacteria,Enterobacterales,Enterobacteriaceae,Klebsiella
GCF_047659015.1,NZ_CP180321.1,113723,Plasmid,1,0,0,0,0,0,0,0,0,0,0,0,0,0,0,0,1,0,0,0,0,0,0,,Pseudomonadota,Gammaproteobacteria,Enterobacterales,Enterobacteriaceae,Klebsiella
GCF_047659005.1,NZ_CP180328.1,113724,Plasmid,1,0,0,0,0,0,0,0,0,0,0,0,0,0,0,0,1,0,0,0,0,0,0,,Pseudomonadota,Gammaproteobacteria,Enterobacterales,Enterobacteriaceae,Klebsiella
GCF_047716015.1,NZ_CP180401.1,112946,Plasmid,1,0,0,0,0,0,0,0,0,0,0,0,0,0,0,0,1,0,0,0,0,0,0,,Pseudomonadota,Gammaproteobacteria,Enterobacterales,Enterobacteriaceae,Klebsiella
GCF_047922945.1,NZ_CP181327.1,111160,Plasmid,2,0,0,1,0,0,0,0,0,0,0,0,0,0,0,0,1,0,0,0,0,0,0,,Pseudomonadota,Gammaproteobacteria,Enterobacterales,Enterobacteriaceae,Klebsiella
GCF_002248115.2,NZ_CP041101.1,111334,Plasmid,2,0,0,1,0,0,0,0,0,0,0,0,0,0,0,0,1,0,0,0,0,0,0,,Pseudomonadota,Gammaproteobacteria,Enterobacterales,Enterobacteriaceae,Klebsiella
GCF_002853435.3,NZ_CP028544.1,110562,Plasmid,2,0,0,1,0,0,0,0,0,0,0,0,0,0,0,0,0,0,0,0,0,0,1,,Pseudomonadota,Gammaproteobacteria,Enterobacterales,Enterobacteriaceae,Klebsiella
GCF_003286995.1,NZ_CP030268.1,111007,Plasmid,2,0,0,1,0,0,0,0,0,0,0,0,0,0,0,0,1,0,0,0,0,0,0,,Pseudomonadota,Gammaproteobacteria,Enterobacterales,Enterobacteriaceae,Klebsiella
GCF_005885775.1,NZ_CP040597.1,111583,Plasmid,1,0,0,1,0,0,0,0,0,0,0,0,0,0,0,0,0,0,0,0,0,0,0,,Pseudomonadota,Gammaproteobacteria,Enterobacterales,Enterobacteriaceae,Klebsiella
GCF_019286455.1,NZ_CP079122.1,111565,Plasmid,2,0,0,1,0,0,0,0,0,0,0,0,0,0,0,0,0,0,0,0,0,0,1,,Pseudomonadota,Gammaproteobacteria,Enterobacterales,Enterobacteriaceae,Klebsiella
GCF_019286515.1,NZ_CP079133.1,111565,Plasmid,2,0,0,1,0,0,0,0,0,0,0,0,0,0,0,0,0,0,0,0,0,0,1,,Pseudomonadota,Gammaproteobacteria,Enterobacterales,Enterobacteriaceae,Klebsiella
GCF_019286855.1,NZ_CP079158.1,144526,Plasmid,2,0,0,0,0,0,0,0,0,0,0,0,0,0,0,0,0,0,0,2,0,0,0,,Pseudomonadota,Gammaproteobacteria,Enterobacterales,Enterobacteriaceae,Klebsiella
GCF_019317005.1,NZ_CP079601.1,121144,Plasmid,1,0,0,0,0,0,0,0,0,0,0,0,1,0,0,0,0,0,0,0,0,0,0,,Pseudomonadota,Gammaproteobacteria,Enterobacterales,Enterobacteriaceae,Klebsiella
GCF_019317025.1,NZ_CP079608.1,110070,Plasmid,2,0,0,0,0,0,0,0,0,0,0,0,0,0,0,0,0,0,0,2,0,0,0,,Pseudomonadota,Gammaproteobacteria,Enterobacterales,Enterobacteriaceae,Klebsiella
GCF_019317105.1,NZ_CP079635.1,1039047,Plasmid,14,0,0,5,0,1,0,0,1,0,0,1,0,0,0,0,1,0,0,2,3,0,0,,Pseudomonadota,Gammaproteobacteria,Enterobacterales,Enterobacteriaceae,Klebsiella
GCF_019317225.1,NZ_CP079675.1,144532,Plasmid,2,0,0,0,0,0,0,0,0,0,0,0,0,0,0,0,0,0,0,2,0,0,0,,Pseudomonadota,Gammaproteobacteria,Enterobacterales,Enterobacteriaceae,Klebsiella
GCF_048391065.1,NZ_CP183025.1,111737,Plasmid,1,0,0,0,0,0,0,0,0,0,0,0,0,0,0,0,1,0,0,0,0,0,0,,Pseudomonadota,Gammaproteobacteria,Enterobacterales,Enterobacteriaceae,Klebsiella
GCF_048391125.1,NZ_CP183011.1,1679309,Plasmid,14,0,0,4,0,1,0,0,1,0,0,1,0,0,0,1,1,0,0,2,3,0,0,,Pseudomonadota,Gammaproteobacteria,Enterobacterales,Enterobacteriaceae,Klebsiella
GCF_048393755.1,NZ_CP183016.1,110595,Plasmid,2,0,0,1,0,0,0,0,0,0,0,0,0,0,0,0,0,0,0,0,0,0,1,,Pseudomonadota,Gammaproteobacteria,Enterobacterales,Enterobacteriaceae,Klebsiella
GCF_048541645.1,NZ_CP183354.1,162681,Plasmid,1,0,0,1,0,0,0,0,0,0,0,0,0,0,0,0,0,0,0,0,0,0,0,,Pseudomonadota,Gammaproteobacteria,Enterobacterales,Enterobacteriaceae,Klebsiella
GCF_048565025.1,NZ_CP183388.1,113723,Plasmid,1,0,0,0,0,0,0,0,0,0,0,0,0,0,0,0,1,0,0,0,0,0,0,,Pseudomonadota,Gammaproteobacteria,Enterobacterales,Enterobacteriaceae,Klebsiella
GCF_048568865.1,NZ_CP183779.1,307748,Plasmid,2,0,0,1,0,0,0,0,0,0,0,0,0,0,0,0,1,0,0,0,0,0,0,,Pseudomonadota,Gammaproteobacteria,Enterobacterales,Enterobacteriaceae,Klebsiella
GCF_048568885.1,NZ_CP183787.1,111911,Plasmid,2,0,0,1,0,0,0,0,0,0,0,0,0,0,0,0,1,0,0,0,0,0,0,,Pseudomonadota,Gammaproteobacteria,Enterobacterales,Enterobacteriaceae,Klebsiella
GCF_048595835.1,NZ_CP184398.1,107064,Plasmid,1,0,0,0,0,0,1,0,0,0,0,0,0,0,0,0,0,0,0,0,0,0,0,,Pseudomonadota,Gammaproteobacteria,Enterobacterales,Enterobacteriaceae,Klebsiella
GCF_048690735.1,NZ_CP127955.1,109938,Plasmid,1,0,0,0,0,0,0,0,0,0,0,0,0,0,0,0,1,0,0,0,0,0,0,,Pseudomonadota,Gammaproteobacteria,Enterobacterales,Enterobacteriaceae,Klebsiella
GCF_048690755.1,NZ_CP127929.1,106776,Plasmid,2,0,0,1,0,0,0,0,0,0,0,0,0,0,0,0,1,0,0,0,0,0,0,,Pseudomonadota,Gammaproteobacteria,Enterobacterales,Enterobacteriaceae,Klebsiella
GCF_048751875.1,NZ_CP127962.1,109938,Plasmid,1,0,0,0,0,0,0,0,0,0,0,0,0,0,0,0,1,0,0,0,0,0,0,,Pseudomonadota,Gammaproteobacteria,Enterobacterales,Enterobacteriaceae,Klebsiella
GCF_048754195.1,NZ_CP128044.1,109938,Plasmid,1,0,0,0,0,0,0,0,0,0,0,0,0,0,0,0,1,0,0,0,0,0,0,,Pseudomonadota,Gammaproteobacteria,Enterobacterales,Enterobacteriaceae,Klebsiella
GCF_048755815.1,NZ_CP146097.1,110983,Plasmid,2,0,0,1,0,0,0,0,0,0,0,0,0,0,0,0,1,0,0,0,0,0,0,,Pseudomonadota,Gammaproteobacteria,Enterobacterales,Enterobacteriaceae,Klebsiella
GCF_048962285.1,NZ_CP185012.1,113708,Plasmid,2,0,0,1,0,0,0,0,0,0,0,0,0,0,0,0,1,0,0,0,0,0,0,,Pseudomonadota,Gammaproteobacteria,Enterobacterales,Enterobacteriaceae,Klebsiella
GCF_049348255.1,NZ_CP186344.1,109938,Plasmid,1,0,0,0,0,0,0,0,0,0,0,0,0,0,0,0,1,0,0,0,0,0,0,,Pseudomonadota,Gammaproteobacteria,Enterobacterales,Enterobacteriaceae,Klebsiella
GCF_049349215.1,NZ_CP186490.1,108985,Plasmid,2,0,0,1,0,0,0,0,0,0,0,0,0,0,0,0,1,0,0,0,0,0,0,,Pseudomonadota,Gammaproteobacteria,Enterobacterales,Enterobacteriaceae,Klebsiella
GCF_049532525.1,NZ_CP186632.1,5250802,Plasmid,89,5,7,4,3,1,4,4,6,1,4,8,6,6,2,3,5,6,1,3,8,1,1,,Pseudomonadota,Gammaproteobacteria,Enterobacterales,Enterobacteriaceae,Klebsiella
GCF_049617375.1,NZ_CP131729.1,111217,Plasmid,2,0,0,1,0,0,0,0,0,0,0,0,0,0,0,0,1,0,0,0,0,0,0,,Pseudomonadota,Gammaproteobacteria,Enterobacterales,Enterobacteriaceae,Klebsiella
GCF_049949255.1,NZ_CP188103.1,111727,Plasmid,1,0,0,1,0,0,0,0,0,0,0,0,0,0,0,0,0,0,0,0,0,0,0,,Pseudomonadota,Gammaproteobacteria,Enterobacterales,Enterobacteriaceae,Klebsiella
GCF_049991385.1,NZ_CP188228.1,106873,Plasmid,2,0,0,1,0,0,0,0,0,0,0,0,0,0,0,0,1,0,0,0,0,0,0,,Pseudomonadota,Gammaproteobacteria,Enterobacterales,Enterobacteriaceae,Klebsiella
GCF_049995775.1,NZ_CP188263.1,108197,Plasmid,2,0,0,1,0,0,0,0,0,0,0,0,0,0,0,0,1,0,0,0,0,0,0,,Pseudomonadota,Gammaproteobacteria,Enterobacterales,Enterobacteriaceae,Klebsiella
GCF_050245425.1,NZ_CP182018.1,109762,Plasmid,2,0,0,1,0,0,0,0,0,0,0,0,0,0,0,0,1,0,0,0,0,0,0,,Pseudomonadota,Gammaproteobacteria,Enterobacterales,Enterobacteriaceae,Klebsiella
GCF_050246355.1,NZ_CP182039.1,107364,Plasmid,2,0,0,1,0,0,0,0,0,0,0,0,0,0,0,0,1,0,0,0,0,0,0,,Pseudomonadota,Gammaproteobacteria,Enterobacterales,Enterobacteriaceae,Klebsiella
GCF_050247555.1,NZ_CP181980.1,107357,Plasmid,2,0,0,1,0,0,0,0,0,0,0,0,0,0,0,0,1,0,0,0,0,0,0,,Pseudomonadota,Gammaproteobacteria,Enterobacterales,Enterobacteriaceae,Klebsiella
GCF_050247605.1,NZ_CP181983.1,107353,Plasmid,2,0,0,1,0,0,0,0,0,0,0,0,0,0,0,0,1,0,0,0,0,0,0,,Pseudomonadota,Gammaproteobacteria,Enterobacterales,Enterobacteriaceae,Klebsiella
GCF_050248175.1,NZ_CP181987.1,107356,Plasmid,2,0,0,1,0,0,0,0,0,0,0,0,0,0,0,0,1,0,0,0,0,0,0,,Pseudomonadota,Gammaproteobacteria,Enterobacterales,Enterobacteriaceae,Klebsiella
GCF_050248205.1,NZ_CP181989.1,107360,Plasmid,2,0,0,1,0,0,0,0,0,0,0,0,0,0,0,0,1,0,0,0,0,0,0,,Pseudomonadota,Gammaproteobacteria,Enterobacterales,Enterobacteriaceae,Klebsiella
GCF_050248775.1,NZ_CP181993.1,107356,Plasmid,2,0,0,1,0,0,0,0,0,0,0,0,0,0,0,0,1,0,0,0,0,0,0,,Pseudomonadota,Gammaproteobacteria,Enterobacterales,Enterobacteriaceae,Klebsiella
GCF_050249395.1,NZ_CP181996.1,107367,Plasmid,2,0,0,1,0,0,0,0,0,0,0,0,0,0,0,0,1,0,0,0,0,0,0,,Pseudomonadota,Gammaproteobacteria,Enterobacterales,Enterobacteriaceae,Klebsiella
GCF_904859915.1,NZ_LR890179.1,303850,Plasmid,1,0,0,1,0,0,0,0,0,0,0,0,0,0,0,0,0,0,0,0,0,0,0,,Pseudomonadota,Gammaproteobacteria,Enterobacterales,Enterobacteriaceae,Klebsiella
GCF_904863075.1,NZ_LR890237.1,112069,Plasmid,1,0,0,1,0,0,0,0,0,0,0,0,0,0,0,0,0,0,0,0,0,0,0,,Pseudomonadota,Gammaproteobacteria,Enterobacterales,Enterobacteriaceae,Klebsiella
GCF_904863135.1,NZ_LR890257.1,111123,Plasmid,2,0,0,1,0,0,0,0,0,0,0,0,0,0,0,0,1,0,0,0,0,0,0,,Pseudomonadota,Gammaproteobacteria,Enterobacterales,Enterobacteriaceae,Klebsiella
GCF_904863435.1,NZ_LR890293.1,113743,Plasmid,2,0,0,1,0,0,0,0,0,0,0,0,0,0,0,0,1,0,0,0,0,0,0,,Pseudomonadota,Gammaproteobacteria,Enterobacterales,Enterobacteriaceae,Klebsiella
GCF_904865685.1,NZ_LR890555.1,112133,Plasmid,2,0,0,1,0,0,0,0,0,0,0,0,0,0,0,0,1,0,0,0,0,0,0,,Pseudomonadota,Gammaproteobacteria,Enterobacterales,Enterobacteriaceae,Klebsiella
GCF_904865715.1,NZ_LR890503.1,111123,Plasmid,2,0,0,1,0,0,0,0,0,0,0,0,0,0,0,0,1,0,0,0,0,0,0,,Pseudomonadota,Gammaproteobacteria,Enterobacterales,Enterobacteriaceae,Klebsiella
GCF_904866445.1,NZ_LR890705.1,111123,Plasmid,2,0,0,1,0,0,0,0,0,0,0,0,0,0,0,0,1,0,0,0,0,0,0,,Pseudomonadota,Gammaproteobacteria,Enterobacterales,Enterobacteriaceae,Klebsiella
GCF_904866485.1,NZ_LR890724.1,95815,Plasmid,3,0,0,1,0,0,0,0,0,0,1,0,0,0,0,0,0,1,0,0,0,0,0,,Pseudomonadota,Gammaproteobacteria,Enterobacterales,Enterobacteriaceae,Klebsiella
GCF_946966015.1,NZ_OX337254.1,113119,Plasmid,2,0,0,1,0,0,0,0,0,0,0,0,0,0,0,0,1,0,0,0,0,0,0,,Pseudomonadota,Gammaproteobacteria,Enterobacterales,Enterobacteriaceae,Klebsiella
GCF_964198625.1,NZ_OZ111279.1,104894,Plasmid,2,0,0,1,0,0,0,0,0,0,0,0,0,0,0,0,1,0,0,0,0,0,0,,Pseudomonadota,Gammaproteobacteria,Enterobacterales,Enterobacteriaceae,Klebsiella
GCF_964198635.1,NZ_OZ111274.1,104894,Plasmid,2,0,0,1,0,0,0,0,0,0,0,0,0,0,0,0,1,0,0,0,0,0,0,,Pseudomonadota,Gammaproteobacteria,Enterobacterales,Enterobacteriaceae,Klebsiella
GCF_964198655.1,NZ_OZ111287.1,104894,Plasmid,2,0,0,1,0,0,0,0,0,0,0,0,0,0,0,0,1,0,0,0,0,0,0,,Pseudomonadota,Gammaproteobacteria,Enterobacterales,Enterobacteriaceae,Klebsiella
GCF_964198685.1,NZ_OZ111292.1,104894,Plasmid,2,0,0,1,0,0,0,0,0,0,0,0,0,0,0,0,1,0,0,0,0,0,0,,Pseudomonadota,Gammaproteobacteria,Enterobacterales,Enterobacteriaceae,Klebsiella
GCF_964198725.1,NZ_OZ111317.1,104894,Plasmid,2,0,0,1,0,0,0,0,0,0,0,0,0,0,0,0,1,0,0,0,0,0,0,,Pseudomonadota,Gammaproteobacteria,Enterobacterales,Enterobacteriaceae,Klebsiella
GCF_964198745.1,NZ_OZ111312.1,104894,Plasmid,2,0,0,1,0,0,0,0,0,0,0,0,0,0,0,0,1,0,0,0,0,0,0,,Pseudomonadota,Gammaproteobacteria,Enterobacterales,Enterobacteriaceae,Klebsiella
GCF_964198765.1,NZ_OZ111368.1,104894,Plasmid,2,0,0,1,0,0,0,0,0,0,0,0,0,0,0,0,1,0,0,0,0,0,0,,Pseudomonadota,Gammaproteobacteria,Enterobacterales,Enterobacteriaceae,Klebsiella
GCF_964198775.1,NZ_OZ111331.1,104894,Plasmid,2,0,0,1,0,0,0,0,0,0,0,0,0,0,0,0,1,0,0,0,0,0,0,,Pseudomonadota,Gammaproteobacteria,Enterobacterales,Enterobacteriaceae,Klebsiella
GCF_964198775.1,NZ_OZ111333.1,91900,Plasmid,3,0,0,0,0,1,0,0,1,0,0,1,0,0,0,0,0,0,0,0,0,0,0,,Pseudomonadota,Gammaproteobacteria,Enterobacterales,Enterobacteriaceae,Klebsiella
GCF_964198785.1,NZ_OZ111387.1,104894,Plasmid,2,0,0,1,0,0,0,0,0,0,0,0,0,0,0,0,1,0,0,0,0,0,0,,Pseudomonadota,Gammaproteobacteria,Enterobacterales,Enterobacteriaceae,Klebsiella
GCF_964198795.1,NZ_OZ111338.1,104894,Plasmid,2,0,0,1,0,0,0,0,0,0,0,0,0,0,0,0,1,0,0,0,0,0,0,,Pseudomonadota,Gammaproteobacteria,Enterobacterales,Enterobacteriaceae,Klebsiella
GCF_964198805.1,NZ_OZ111356.1,104894,Plasmid,2,0,0,1,0,0,0,0,0,0,0,0,0,0,0,0,1,0,0,0,0,0,0,,Pseudomonadota,Gammaproteobacteria,Enterobacterales,Enterobacteriaceae,Klebsiella
GCF_964198815.1,NZ_OZ111378.1,104894,Plasmid,2,0,0,1,0,0,0,0,0,0,0,0,0,0,0,0,1,0,0,0,0,0,0,,Pseudomonadota,Gammaproteobacteria,Enterobacterales,Enterobacteriaceae,Klebsiella
GCF_964198825.1,NZ_OZ111322.1,104894,Plasmid,2,0,0,1,0,0,0,0,0,0,0,0,0,0,0,0,1,0,0,0,0,0,0,,Pseudomonadota,Gammaproteobacteria,Enterobacterales,Enterobacteriaceae,Klebsiella
GCF_964198835.1,NZ_OZ111342.1,105960,Plasmid,2,0,0,1,0,0,0,0,0,0,0,0,0,0,0,0,1,0,0,0,0,0,0,,Pseudomonadota,Gammaproteobacteria,Enterobacterales,Enterobacteriaceae,Klebsiella
GCF_964198845.1,NZ_OZ111326.1,104894,Plasmid,2,0,0,1,0,0,0,0,0,0,0,0,0,0,0,0,1,0,0,0,0,0,0,,Pseudomonadota,Gammaproteobacteria,Enterobacterales,Enterobacteriaceae,Klebsiella
GCF_964198875.1,NZ_OZ111383.1,104894,Plasmid,2,0,0,1,0,0,0,0,0,0,0,0,0,0,0,0,1,0,0,0,0,0,0,,Pseudomonadota,Gammaproteobacteria,Enterobacterales,Enterobacteriaceae,Klebsiella
GCF_964198895.1,NZ_OZ111414.1,104894,Plasmid,2,0,0,1,0,0,0,0,0,0,0,0,0,0,0,0,1,0,0,0,0,0,0,,Pseudomonadota,Gammaproteobacteria,Enterobacterales,Enterobacteriaceae,Klebsiella
GCF_964198905.1,NZ_OZ111423.1,104894,Plasmid,2,0,0,1,0,0,0,0,0,0,0,0,0,0,0,0,1,0,0,0,0,0,0,,Pseudomonadota,Gammaproteobacteria,Enterobacterales,Enterobacteriaceae,Klebsiella
GCF_964198915.1,NZ_OZ111438.1,104894,Plasmid,2,0,0,1,0,0,0,0,0,0,0,0,0,0,0,0,1,0,0,0,0,0,0,,Pseudomonadota,Gammaproteobacteria,Enterobacterales,Enterobacteriaceae,Klebsiella
GCF_964198925.1,NZ_OZ111433.1,104894,Plasmid,2,0,0,1,0,0,0,0,0,0,0,0,0,0,0,0,1,0,0,0,0,0,0,,Pseudomonadota,Gammaproteobacteria,Enterobacterales,Enterobacteriaceae,Klebsiella
GCF_964198935.1,NZ_OZ111418.1,104894,Plasmid,2,0,0,1,0,0,0,0,0,0,0,0,0,0,0,0,1,0,0,0,0,0,0,,Pseudomonadota,Gammaproteobacteria,Enterobacterales,Enterobacteriaceae,Klebsiella
GCF_964198945.1,NZ_OZ111428.1,104894,Plasmid,2,0,0,1,0,0,0,0,0,0,0,0,0,0,0,0,1,0,0,0,0,0,0,,Pseudomonadota,Gammaproteobacteria,Enterobacterales,Enterobacteriaceae,Klebsiella
GCF_964198975.1,NZ_OZ111454.1,104894,Plasmid,2,0,0,1,0,0,0,0,0,0,0,0,0,0,0,0,1,0,0,0,0,0,0,,Pseudomonadota,Gammaproteobacteria,Enterobacterales,Enterobacteriaceae,Klebsiella
GCF_964199025.1,NZ_OZ111493.1,104894,Plasmid,2,0,0,1,0,0,0,0,0,0,0,0,0,0,0,0,1,0,0,0,0,0,0,,Pseudomonadota,Gammaproteobacteria,Enterobacterales,Enterobacteriaceae,Klebsiella
GCF_964199065.1,NZ_OZ111504.1,104894,Plasmid,2,0,0,1,0,0,0,0,0,0,0,0,0,0,0,0,1,0,0,0,0,0,0,,Pseudomonadota,Gammaproteobacteria,Enterobacterales,Enterobacteriaceae,Klebsiella
GCF_964199095.1,NZ_OZ111529.1,104894,Plasmid,2,0,0,1,0,0,0,0,0,0,0,0,0,0,0,0,1,0,0,0,0,0,0,,Pseudomonadota,Gammaproteobacteria,Enterobacterales,Enterobacteriaceae,Klebsiella
GCF_964199115.1,NZ_OZ111509.1,104894,Plasmid,2,0,0,1,0,0,0,0,0,0,0,0,0,0,0,0,1,0,0,0,0,0,0,,Pseudomonadota,Gammaproteobacteria,Enterobacterales,Enterobacteriaceae,Klebsiella
GCF_964199125.1,NZ_OZ111498.1,104894,Plasmid,2,0,0,1,0,0,0,0,0,0,0,0,0,0,0,0,1,0,0,0,0,0,0,,Pseudomonadota,Gammaproteobacteria,Enterobacterales,Enterobacteriaceae,Klebsiella
GCF_002164805.3,NZ_CP028550.1,110186,Plasmid,2,0,0,1,0,0,0,0,0,0,0,0,0,0,0,0,1,0,0,0,0,0,0,,Pseudomonadota,Gammaproteobacteria,Enterobacterales,Enterobacteriaceae,Klebsiella
GCF_002164805.3,NZ_CP028552.2,4686,Plasmid,2,0,1,0,0,0,0,0,0,0,1,0,0,0,0,0,0,0,0,0,0,0,0,,Pseudomonadota,Gammaproteobacteria,Enterobacterales,Enterobacteriaceae,Klebsiella
GCF_003146635.1,NZ_CP029430.1,177029,Plasmid,1,0,1,0,0,0,0,0,0,0,0,0,0,0,0,0,0,0,0,0,0,0,0,,Pseudomonadota,Gammaproteobacteria,Enterobacterales,Enterobacteriaceae,Klebsiella
GCF_003146655.1,NZ_CP029435.1,155523,Plasmid,1,0,1,0,0,0,0,0,0,0,0,0,0,0,0,0,0,0,0,0,0,0,0,,Pseudomonadota,Gammaproteobacteria,Enterobacterales,Enterobacteriaceae,Klebsiella
GCF_003146685.1,NZ_CP029441.1,172839,Plasmid,1,0,1,0,0,0,0,0,0,0,0,0,0,0,0,0,0,0,0,0,0,0,0,,Pseudomonadota,Gammaproteobacteria,Enterobacterales,Enterobacteriaceae,Klebsiella
GCF_003429625.1,NZ_CP023984.1,111425,Plasmid,2,0,0,1,0,0,0,0,0,0,0,0,0,0,0,0,1,0,0,0,0,0,0,,Pseudomonadota,Gammaproteobacteria,Enterobacterales,Enterobacteriaceae,Klebsiella
GCF_014169495.1,NZ_AP022187.1,4685,Plasmid,2,0,1,0,0,0,0,0,0,0,1,0,0,0,0,0,0,0,0,0,0,0,0,,Pseudomonadota,Gammaproteobacteria,Enterobacterales,Enterobacteriaceae,Klebsiella
GCF_015694045.1,NZ_CP065165.1,114132,Plasmid,2,0,0,1,0,0,0,0,0,0,0,0,0,0,0,0,1,0,0,0,0,0,0,,Pseudomonadota,Gammaproteobacteria,Enterobacterales,Enterobacteriaceae,Klebsiella
GCF_016925255.1,NZ_CP070421.1,134892,Plasmid,1,0,1,0,0,0,0,0,0,0,0,0,0,0,0,0,0,0,0,0,0,0,0,,Pseudomonadota,Gammaproteobacteria,Enterobacterales,Enterobacteriaceae,Klebsiella
GCF_016925335.1,NZ_CP070441.1,134890,Plasmid,1,0,1,0,0,0,0,0,0,0,0,0,0,0,0,0,0,0,0,0,0,0,0,,Pseudomonadota,Gammaproteobacteria,Enterobacterales,Enterobacteriaceae,Klebsiella
GCF_016925395.1,NZ_CP070455.1,134891,Plasmid,1,0,1,0,0,0,0,0,0,0,0,0,0,0,0,0,0,0,0,0,0,0,0,,Pseudomonadota,Gammaproteobacteria,Enterobacterales,Enterobacteriaceae,Klebsiella
GCF_017743035.1,NZ_CP072469.1,134890,Plasmid,1,0,1,0,0,0,0,0,0,0,0,0,0,0,0,0,0,0,0,0,0,0,0,,Pseudomonadota,Gammaproteobacteria,Enterobacterales,Enterobacteriaceae,Klebsiella
GCF_020525705.1,NZ_CP084772.1,111997,Plasmid,2,0,0,1,0,0,0,0,0,0,0,0,0,0,0,0,1,0,0,0,0,0,0,,Pseudomonadota,Gammaproteobacteria,Enterobacterales,Enterobacteriaceae,Klebsiella
GCF_020525725.1,NZ_CP084792.1,111860,Plasmid,2,0,0,1,0,0,0,0,0,0,0,0,0,0,0,0,1,0,0,0,0,0,0,,Pseudomonadota,Gammaproteobacteria,Enterobacterales,Enterobacteriaceae,Klebsiella
GCF_020525825.1,NZ_CP084809.1,115603,Plasmid,2,0,1,0,0,0,1,0,0,0,0,0,0,0,0,0,0,0,0,0,0,0,0,,Pseudomonadota,Gammaproteobacteria,Enterobacterales,Enterobacteriaceae,Klebsiella
GCF_021245755.2,NZ_CP170139.1,109621,Plasmid,2,0,0,1,0,0,0,0,0,0,0,0,0,0,0,0,1,0,0,0,0,0,0,,Pseudomonadota,Gammaproteobacteria,Enterobacterales,Enterobacteriaceae,Klebsiella
GCF_022433565.1,NZ_CP067967.1,109782,Plasmid,2,0,0,1,0,0,0,0,0,0,0,0,0,0,0,0,1,0,0,0,0,0,0,,Pseudomonadota,Gammaproteobacteria,Enterobacterales,Enterobacteriaceae,Klebsiella
GCF_023920245.1,NZ_CP092518.1,4655,Plasmid,1,0,1,0,0,0,0,0,0,0,0,0,0,0,0,0,0,0,0,0,0,0,0,,Pseudomonadota,Gammaproteobacteria,Enterobacterales,Enterobacteriaceae,Klebsiella
GCF_024396875.1,NZ_CP101549.1,111482,Plasmid,1,0,0,1,0,0,0,0,0,0,0,0,0,0,0,0,0,0,0,0,0,0,0,,Pseudomonadota,Gammaproteobacteria,Enterobacterales,Enterobacteriaceae,Klebsiella
GCF_025920065.1,NZ_CP027801.1,108021,Plasmid,2,0,1,0,0,0,1,0,0,0,0,0,0,0,0,0,0,0,0,0,0,0,0,,Pseudomonadota,Gammaproteobacteria,Enterobacterales,Enterobacteriaceae,Klebsiella
GCF_025920085.1,NZ_CP027864.1,108035,Plasmid,2,0,1,0,0,0,1,0,0,0,0,0,0,0,0,0,0,0,0,0,0,0,0,,Pseudomonadota,Gammaproteobacteria,Enterobacterales,Enterobacteriaceae,Klebsiella
GCF_026247905.1,NZ_CP110937.1,237535,Plasmid,1,0,0,0,0,0,0,0,0,0,0,0,0,0,0,0,1,0,0,0,0,0,0,,Pseudomonadota,Gammaproteobacteria,Enterobacterales,Enterobacteriaceae,Klebsiella
GCF_026247925.1,NZ_CP110944.1,119615,Plasmid,1,0,0,0,0,0,0,0,0,0,0,0,0,0,0,0,1,0,0,0,0,0,0,,Pseudomonadota,Gammaproteobacteria,Enterobacterales,Enterobacteriaceae,Klebsiella
GCF_029834605.1,NZ_CP122471.1,112541,Plasmid,1,0,0,1,0,0,0,0,0,0,0,0,0,0,0,0,0,0,0,0,0,0,0,,Pseudomonadota,Gammaproteobacteria,Enterobacterales,Enterobacteriaceae,Klebsiella
GCF_029834625.1,NZ_CP122464.1,112541,Plasmid,1,0,0,1,0,0,0,0,0,0,0,0,0,0,0,0,0,0,0,0,0,0,0,,Pseudomonadota,Gammaproteobacteria,Enterobacterales,Enterobacteriaceae,Klebsiella
GCF_030489965.1,NZ_CP129759.1,110650,Plasmid,1,0,0,1,0,0,0,0,0,0,0,0,0,0,0,0,0,0,0,0,0,0,0,,Pseudomonadota,Gammaproteobacteria,Enterobacterales,Enterobacteriaceae,Klebsiella
GCF_032146325.1,NZ_CP135071.1,4655,Plasmid,1,0,1,0,0,0,0,0,0,0,0,0,0,0,0,0,0,0,0,0,0,0,0,,Pseudomonadota,Gammaproteobacteria,Enterobacterales,Enterobacteriaceae,Klebsiella
GCF_033037675.1,NZ_CP127002.1,109696,Plasmid,2,0,0,1,0,0,0,0,0,0,0,0,0,0,0,0,1,0,0,0,0,0,0,,Pseudomonadota,Gammaproteobacteria,Enterobacterales,Enterobacteriaceae,Klebsiella
GCF_034331225.1,NZ_CP141732.1,107837,Plasmid,2,0,0,1,0,0,0,0,0,0,0,0,0,0,0,0,1,0,0,0,0,0,0,,Pseudomonadota,Gammaproteobacteria,Enterobacterales,Enterobacteriaceae,Klebsiella
GCF_041221905.1,NZ_CP165928.1,109716,Plasmid,2,0,0,1,0,0,0,0,0,0,0,0,0,0,0,0,1,0,0,0,0,0,0,,Pseudomonadota,Gammaproteobacteria,Enterobacterales,Enterobacteriaceae,Klebsiella
GCF_041320625.1,NZ_CP166706.1,106813,Plasmid,2,0,0,1,0,0,0,0,0,0,0,0,0,0,0,0,1,0,0,0,0,0,0,,Pseudomonadota,Gammaproteobacteria,Enterobacterales,Enterobacteriaceae,Klebsiella
GCF_041834835.1,NZ_CP153818.1,108001,Plasmid,1,0,0,1,0,0,0,0,0,0,0,0,0,0,0,0,0,0,0,0,0,0,0,,Pseudomonadota,Gammaproteobacteria,Enterobacterales,Enterobacteriaceae,Klebsiella
GCF_041861505.1,NZ_CP154167.1,111174,Plasmid,2,0,0,1,0,0,0,0,0,0,0,0,0,0,0,0,1,0,0,0,0,0,0,,Pseudomonadota,Gammaproteobacteria,Enterobacterales,Enterobacteriaceae,Klebsiella
GCF_041861535.1,NZ_CP154192.1,110531,Plasmid,2,0,0,1,0,0,0,0,0,0,0,0,0,0,0,0,1,0,0,0,0,0,0,,Pseudomonadota,Gammaproteobacteria,Enterobacterales,Enterobacteriaceae,Klebsiella
GCF_041900615.1,NZ_CP152639.1,109971,Plasmid,1,0,0,1,0,0,0,0,0,0,0,0,0,0,0,0,0,0,0,0,0,0,0,,Pseudomonadota,Gammaproteobacteria,Enterobacterales,Enterobacteriaceae,Klebsiella
GCF_041927005.1,NZ_CP153070.1,108220,Plasmid,2,0,0,1,0,0,0,0,0,0,0,0,0,0,0,0,1,0,0,0,0,0,0,,Pseudomonadota,Gammaproteobacteria,Enterobacterales,Enterobacteriaceae,Klebsiella
GCF_041927085.1,NZ_CP153040.1,107870,Plasmid,2,0,0,1,0,0,0,0,0,0,0,0,0,0,0,0,1,0,0,0,0,0,0,,Pseudomonadota,Gammaproteobacteria,Enterobacterales,Enterobacteriaceae,Klebsiella
GCF_041941435.1,NZ_CP131481.1,107734,Plasmid,1,0,1,0,0,0,0,0,0,0,0,0,0,0,0,0,0,0,0,0,0,0,0,,Pseudomonadota,Gammaproteobacteria,Enterobacterales,Enterobacteriaceae,Klebsiella
GCF_045862425.1,NZ_AP029258.1,109173,Plasmid,2,0,0,1,0,0,0,0,0,0,0,0,0,0,0,0,1,0,0,0,0,0,0,,Pseudomonadota,Gammaproteobacteria,Enterobacterales,Enterobacteriaceae,Klebsiella
GCF_047047965.1,NZ_CP178195.1,106810,Plasmid,1,0,0,0,0,0,0,0,0,0,0,0,0,0,0,0,0,0,0,0,0,0,1,,Pseudomonadota,Gammaproteobacteria,Enterobacterales,Enterobacteriaceae,Klebsiella
GCF_047116315.1,NZ_CP128797.1,4655,Plasmid,1,0,1,0,0,0,0,0,0,0,0,0,0,0,0,0,0,0,0,0,0,0,0,,Pseudomonadota,Gammaproteobacteria,Enterobacterales,Enterobacteriaceae,Klebsiella
GCF_047947005.1,NZ_CP129304.1,4655,Plasmid,1,0,1,0,0,0,0,0,0,0,0,0,0,0,0,0,0,0,0,0,0,0,0,,Pseudomonadota,Gammaproteobacteria,Enterobacterales,Enterobacteriaceae,Klebsiella
GCF_049200665.1,NZ_CP128104.1,110650,Plasmid,1,0,0,1,0,0,0,0,0,0,0,0,0,0,0,0,0,0,0,0,0,0,0,,Pseudomonadota,Gammaproteobacteria,Enterobacterales,Enterobacteriaceae,Klebsiella
GCF_050058015.1,NZ_CP170105.1,275668,Plasmid,8,2,1,0,0,0,0,1,0,0,0,0,1,0,0,0,0,0,0,0,3,0,0,,Pseudomonadota,Gammaproteobacteria,Enterobacterales,Enterobacteriaceae,Klebsiella
GCF_050058015.1,NZ_CP170106.1,774616,Plasmid,13,0,4,0,0,0,0,0,1,0,1,1,0,4,1,0,1,0,0,0,0,0,0,,Pseudomonadota,Gammaproteobacteria,Enterobacterales,Enterobacteriaceae,Klebsiella
GCF_928371855.1,NZ_OV753639.1,4494,Plasmid,1,0,1,0,0,0,0,0,0,0,0,0,0,0,0,0,0,0,0,0,0,0,0,,Pseudomonadota,Gammaproteobacteria,Enterobacterales,Enterobacteriaceae,Klebsiella
GCF_928376045.1,NZ_OV754003.1,4494,Plasmid,1,0,1,0,0,0,0,0,0,0,0,0,0,0,0,0,0,0,0,0,0,0,0,,Pseudomonadota,Gammaproteobacteria,Enterobacterales,Enterobacteriaceae,Klebsiella
GCF_001302645.1,NZ_CP012653.1,11851,Plasmid,1,0,0,0,0,0,0,0,0,0,0,0,0,0,0,0,0,0,0,0,0,0,1,,Bacillota,Bacilli,Lactobacillales,Lactobacillaceae,Lactiplantibacillus
GCF_002009295.1,NZ_CP019881.1,25766,Plasmid,2,0,0,0,0,0,0,0,0,0,0,0,0,0,0,0,0,0,0,0,0,0,2,,Pseudomonadota,Alphaproteobacteria,Acetobacterales,Acetobacteraceae,Komagataeibacter
GCF_002749655.1,NZ_CP024415.1,39069,Plasmid,1,0,0,0,0,0,0,0,0,0,0,1,0,0,0,0,0,0,0,0,0,0,0,,Bacillota,Bacilli,Lactobacillales,Lactobacillaceae,Lactiplantibacillus
GCF_017576965.1,NZ_CP071896.1,41162,Plasmid,2,0,0,1,0,0,0,0,0,0,0,0,0,0,0,0,0,0,1,0,0,0,0,,Bacillota,Bacilli,Lactobacillales,Lactobacillaceae,Lactiplantibacillus
GCF_023823145.1,NZ_CP077103.1,71848,Plasmid,2,0,0,0,0,0,1,1,0,0,0,0,0,0,0,0,0,0,0,0,0,0,0,,Bacillota,Bacilli,Lactobacillales,Lactobacillaceae,Lactiplantibacillus
GCF_030480485.1,NZ_CP129545.1,44097,Plasmid,1,0,0,0,0,0,0,0,0,0,0,0,0,0,0,0,0,0,0,0,0,0,1,,Bacillota,Bacilli,Lactobacillales,Lactobacillaceae,Lactiplantibacillus
GCF_032075085.1,NZ_CP134887.1,30453,Plasmid,2,0,0,0,0,0,0,0,0,0,0,0,0,0,0,0,0,0,0,0,0,0,2,,Pseudomonadota,Alphaproteobacteria,Acetobacterales,Acetobacteraceae,Komagataeibacter
GCF_040581375.1,NZ_CP137149.1,197400,Plasmid,1,0,0,0,0,0,0,0,0,0,0,0,0,0,0,1,0,0,0,0,0,0,0,,Pseudomonadota,Alphaproteobacteria,Acetobacterales,Acetobacteraceae,Komagataeibacter
GCF_040581385.1,NZ_CP137154.1,197400,Plasmid,1,0,0,0,0,0,0,0,0,0,0,0,0,0,0,1,0,0,0,0,0,0,0,,Pseudomonadota,Alphaproteobacteria,Acetobacterales,Acetobacteraceae,Komagataeibacter
GCF_040581405.1,NZ_CP137159.1,197400,Plasmid,1,0,0,0,0,0,0,0,0,0,0,0,0,0,0,1,0,0,0,0,0,0,0,,Pseudomonadota,Alphaproteobacteria,Acetobacterales,Acetobacteraceae,Komagataeibacter
GCF_000014545.1,NC_008505.1,74750,Plasmid,1,0,0,0,0,0,0,0,0,0,0,0,0,1,0,0,0,0,0,0,0,0,0,,Bacillota,Bacilli,Lactobacillales,Streptococcaceae,Lactococcus
GCF_000214785.1,NC_015598.1,194769,Plasmid,1,0,0,1,0,0,0,0,0,0,0,0,0,0,0,0,0,0,0,0,0,0,0,,Bacillota,Bacilli,Lactobacillales,Lactobacillaceae,Lactobacillus
GCF_000236475.1,NC_017496.1,53630,Plasmid,1,0,0,0,0,0,0,0,0,0,0,0,0,1,0,0,0,0,0,0,0,0,0,,Bacillota,Bacilli,Lactobacillales,Streptococcaceae,Lactococcus
GCF_002078375.4,NZ_CP016685.2,75137,Plasmid,1,0,0,0,0,0,0,0,0,0,0,0,0,1,0,0,0,0,0,0,0,0,0,,Bacillota,Bacilli,Lactobacillales,Streptococcaceae,Lactococcus
GCF_002078765.3,NZ_CP016707.2,64175,Plasmid,1,0,0,0,0,0,0,0,0,0,0,0,0,1,0,0,0,0,0,0,0,0,0,,Bacillota,Bacilli,Lactobacillales,Streptococcaceae,Lactococcus
GCF_002078895.2,NZ_CP016748.2,48282,Plasmid,1,0,0,0,0,0,0,0,0,0,0,0,0,1,0,0,0,0,0,0,0,0,0,,Bacillota,Bacilli,Lactobacillales,Streptococcaceae,Lactococcus
GCF_002078935.2,NZ_CP016737.2,75814,Plasmid,1,0,0,0,0,0,0,0,0,0,0,0,0,1,0,0,0,0,0,0,0,0,0,,Bacillota,Bacilli,Lactobacillales,Streptococcaceae,Lactococcus
GCF_002078915.2,NZ_CP016745.2,106031,Plasmid,1,0,0,0,0,0,0,0,0,0,0,0,0,1,0,0,0,0,0,0,0,0,0,,Bacillota,Bacilli,Lactobacillales,Streptococcaceae,Lactococcus
GCF_002078955.2,NZ_CP016729.2,60663,Plasmid,1,0,0,0,0,0,0,0,0,0,0,0,0,1,0,0,0,0,0,0,0,0,0,,Bacillota,Bacilli,Lactobacillales,Streptococcaceae,Lactococcus
GCF_002906875.1,NZ_CP025992.1,117339,Plasmid,1,0,0,0,0,0,0,0,0,0,1,0,0,0,0,0,0,0,0,0,0,0,0,,Bacillota,Bacilli,Lactobacillales,Lactobacillaceae,Lactiplantibacillus
GCF_003394085.1,NZ_CP031540.1,60216,Plasmid,1,0,0,0,0,0,0,0,0,0,0,0,0,1,0,0,0,0,0,0,0,0,0,,Bacillota,Bacilli,Lactobacillales,Streptococcaceae,Lactococcus
GCF_003966935.1,NZ_AP018500.1,81700,Plasmid,1,0,0,0,0,0,0,0,0,0,0,0,0,1,0,0,0,0,0,0,0,0,0,,Bacillota,Bacilli,Lactobacillales,Streptococcaceae,Lactococcus
GCF_012689565.1,NZ_CP051521.1,75108,Plasmid,1,0,0,0,0,0,0,0,0,0,0,0,0,1,0,0,0,0,0,0,0,0,0,,Bacillota,Bacilli,Lactobacillales,Streptococcaceae,Lactococcus
GCF_016629445.1,NZ_AP024211.1,81705,Plasmid,1,0,0,0,0,0,0,0,0,0,0,0,0,1,0,0,0,0,0,0,0,0,0,,Bacillota,Bacilli,Lactobacillales,Streptococcaceae,Lactococcus
GCF_016629465.1,NZ_AP024223.1,81692,Plasmid,1,0,0,0,0,0,0,0,0,0,0,0,0,1,0,0,0,0,0,0,0,0,0,,Bacillota,Bacilli,Lactobacillales,Streptococcaceae,Lactococcus
GCF_016921055.1,NZ_CP032436.1,75104,Plasmid,1,0,0,0,0,0,0,0,0,0,0,0,0,1,0,0,0,0,0,0,0,0,0,,Bacillota,Bacilli,Lactobacillales,Streptococcaceae,Lactococcus
GCF_016952995.2,NZ_CP032150.2,23302,Plasmid,1,0,0,0,0,0,0,0,0,0,0,0,0,1,0,0,0,0,0,0,0,0,0,,Bacillota,Bacilli,Lactobacillales,Streptococcaceae,Lactococcus
GCF_017638885.1,NZ_CP072179.1,127488,Plasmid,1,0,0,0,0,0,0,1,0,0,0,0,0,0,0,0,0,0,0,0,0,0,0,,Bacillota,Bacilli,Lactobacillales,Lactobacillaceae,Lactobacillus
GCF_017840575.1,NZ_CP072659.1,37520,Plasmid,1,0,0,0,0,0,0,0,0,0,0,0,0,0,1,0,0,0,0,0,0,0,0,,Bacillota,Bacilli,Lactobacillales,Lactobacillaceae,Lactobacillus
GCF_017894345.1,NZ_CP059277.1,137288,Plasmid,1,0,0,1,0,0,0,0,0,0,0,0,0,0,0,0,0,0,0,0,0,0,0,,Bacillota,Bacilli,Lactobacillales,Lactobacillaceae,Lactobacillus
GCF_018885325.1,NZ_CP076525.1,9163,Plasmid,1,0,0,0,0,0,0,0,0,0,0,0,0,0,0,0,0,1,0,0,0,0,0,,Bacillota,Bacilli,Lactobacillales,Lactobacillaceae,Lactobacillus
GCF_020042225.1,NZ_CP083394.1,96317,Plasmid,2,0,0,0,0,0,0,0,1,0,0,0,0,0,0,0,0,1,0,0,0,0,0,,Bacillota,Bacilli,Lactobacillales,Lactobacillaceae,Lactobacillus
GCF_020991205.1,NZ_CP087764.1,81131,Plasmid,3,0,0,0,0,0,0,1,0,0,0,0,0,0,0,0,0,0,0,0,0,0,2,,Bacillota,Bacilli,Lactobacillales,Lactobacillaceae,Lactobacillus
GCF_020995385.1,NZ_CP087960.1,74843,Plasmid,3,0,0,0,0,0,0,1,0,0,0,0,0,0,0,0,0,0,0,0,0,0,2,,Bacillota,Bacilli,Lactobacillales,Lactobacillaceae,Lactobacillus
GCF_023169905.1,NZ_AP025521.1,98383,Plasmid,1,0,0,0,0,0,0,0,0,0,0,0,0,1,0,0,0,0,0,0,0,0,0,,Bacillota,Bacilli,Lactobacillales,Streptococcaceae,Lactococcus
GCF_024181685.1,NZ_CP060174.1,13485,Plasmid,22,1,1,0,2,0,0,1,1,0,3,1,2,3,1,1,2,1,0,0,2,0,0,,Bacillota,Bacilli,Lactobacillales,Lactobacillaceae,Lactiplantibacillus
GCF_024181705.1,NZ_CP060183.1,22072,Plasmid,1,0,0,0,0,0,0,0,0,0,0,0,0,0,0,0,0,0,0,0,0,0,1,,Bacillota,Bacilli,Lactobacillales,Lactobacillaceae,Lactiplantibacillus
GCF_024181705.1,NZ_CP060185.1,49865,Plasmid,1,1,0,0,0,0,0,0,0,0,0,0,0,0,0,0,0,0,0,0,0,0,0,,Bacillota,Bacilli,Lactobacillales,Lactobacillaceae,Lactiplantibacillus
GCF_025562795.3,NZ_CP068512.2,75111,Plasmid,1,0,0,0,0,0,0,0,0,0,0,0,0,1,0,0,0,0,0,0,0,0,0,,Bacillota,Bacilli,Lactobacillales,Streptococcaceae,Lactococcus
GCF_029010235.1,NZ_CP118033.1,84857,Plasmid,3,0,0,0,0,0,0,1,0,0,0,0,0,0,0,0,0,0,0,0,0,0,2,,Bacillota,Bacilli,Lactobacillales,Lactobacillaceae,Lactobacillus
GCF_029906445.1,NZ_CP123736.1,77014,Plasmid,4,0,0,0,1,0,0,0,0,1,0,0,0,0,0,0,1,0,0,0,1,0,0,,Bacillota,Bacilli,Lactobacillales,Lactobacillaceae,Lactobacillus
GCF_030297735.1,NZ_AP028154.1,40412,Plasmid,1,0,0,0,0,0,0,0,0,0,0,0,0,0,0,0,0,0,0,0,0,0,1,,Bacillota,Bacilli,Lactobacillales,Lactobacillaceae,Lactiplantibacillus
GCF_032920365.1,NZ_CP136671.1,83180,Plasmid,1,0,0,0,0,0,0,0,0,0,0,0,0,0,0,0,1,0,0,0,0,0,0,,Bacillota,Bacilli,Lactobacillales,Lactobacillaceae,Lactiplantibacillus
GCF_040050875.1,NZ_CP157382.1,40084,Plasmid,1,0,0,0,0,0,1,0,0,0,0,0,0,0,0,0,0,0,0,0,0,0,0,,Bacillota,Bacilli,Lactobacillales,Lactobacillaceae,Lactobacillus
GCF_040448705.1,NZ_CP159302.1,42341,Plasmid,2,0,0,1,0,0,0,0,0,0,0,0,0,0,0,0,0,0,1,0,0,0,0,,Bacillota,Bacilli,Lactobacillales,Lactobacillaceae,Lactiplantibacillus
GCF_044336705.1,NZ_CP120475.1,75866,Plasmid,1,0,0,0,0,0,0,0,0,0,0,0,0,1,0,0,0,0,0,0,0,0,0,,Bacillota,Bacilli,Lactobacillales,Streptococcaceae,Lactococcus
GCF_044336765.1,NZ_CP126570.1,79814,Plasmid,1,0,0,0,0,0,0,0,0,0,0,0,0,1,0,0,0,0,0,0,0,0,0,,Bacillota,Bacilli,Lactobacillales,Streptococcaceae,Lactococcus
GCF_044336775.1,NZ_CP129090.1,38753,Plasmid,1,0,0,0,0,0,0,0,0,0,0,0,0,1,0,0,0,0,0,0,0,0,0,,Bacillota,Bacilli,Lactobacillales,Streptococcaceae,Lactococcus
GCF_044337435.1,NZ_CP129179.1,55370,Plasmid,1,0,0,0,0,0,0,0,0,0,0,0,0,1,0,0,0,0,0,0,0,0,0,,Bacillota,Bacilli,Lactobacillales,Streptococcaceae,Lactococcus
GCF_044360705.1,NZ_CP128422.1,73498,Plasmid,1,0,0,0,0,0,0,0,0,0,0,0,0,1,0,0,0,0,0,0,0,0,0,,Bacillota,Bacilli,Lactobacillales,Streptococcaceae,Lactococcus
GCF_044361225.1,NZ_CP129097.1,45608,Plasmid,1,0,0,0,0,0,0,0,0,0,0,0,0,1,0,0,0,0,0,0,0,0,0,,Bacillota,Bacilli,Lactobacillales,Streptococcaceae,Lactococcus
GCF_044362975.1,NZ_CP129164.1,103960,Plasmid,1,0,0,0,0,0,0,0,0,0,0,0,0,1,0,0,0,0,0,0,0,0,0,,Bacillota,Bacilli,Lactobacillales,Streptococcaceae,Lactococcus
GCF_044363125.1,NZ_CP129661.1,60216,Plasmid,1,0,0,0,0,0,0,0,0,0,0,0,0,1,0,0,0,0,0,0,0,0,0,,Bacillota,Bacilli,Lactobacillales,Streptococcaceae,Lactococcus
GCF_044365895.1,NZ_CP158369.1,68353,Plasmid,2,0,0,0,0,0,0,0,0,0,0,0,0,2,0,0,0,0,0,0,0,0,0,,Bacillota,Bacilli,Lactobacillales,Streptococcaceae,Lactococcus
GCF_049942725.1,NZ_CP187835.1,3206954,Plasmid,74,4,5,6,3,1,3,3,6,2,5,6,3,3,2,3,4,4,1,2,3,0,5,,Bacillota,Bacilli,Lactobacillales,Lactobacillaceae,Lactiplantibacillus
GCF_049942725.1,NZ_CP187836.1,6794,Plasmid,13,1,0,1,0,1,1,1,0,1,1,1,0,0,1,0,1,0,1,1,1,0,0,,Bacillota,Bacilli,Lactobacillales,Lactobacillaceae,Lactiplantibacillus
GCF_002078435.1,NZ_CP016699.1,92710,Plasmid,1,0,0,0,0,0,0,0,0,0,0,0,0,1,0,0,0,0,0,0,0,0,0,,Bacillota,Bacilli,Lactobacillales,Streptococcaceae,Lactococcus
GCF_002078975.4,NZ_CP130278.1,75745,Plasmid,1,0,0,0,0,0,0,0,0,0,0,0,0,0,0,0,0,0,0,0,0,0,1,,Bacillota,Bacilli,Lactobacillales,Streptococcaceae,Lactococcus
GCF_002224565.1,NZ_CP020460.1,84581,Plasmid,1,0,0,0,0,0,0,1,0,0,0,0,0,0,0,0,0,0,0,0,0,0,0,,Bacillota,Bacilli,Lactobacillales,Lactobacillaceae,Latilactobacillus
GCF_003288235.1,NZ_CP025208.1,44839,Plasmid,2,0,0,0,0,0,1,1,0,0,0,0,0,0,0,0,0,0,0,0,0,0,0,,Bacillota,Bacilli,Lactobacillales,Lactobacillaceae,Latilactobacillus
GCF_003627395.2,NZ_CP061323.1,127002,Plasmid,1,0,0,0,0,0,0,0,0,0,0,0,0,1,0,0,0,0,0,0,0,0,0,,Bacillota,Bacilli,Lactobacillales,Streptococcaceae,Lactococcus
GCF_008728875.1,NZ_CP043526.1,64897,Plasmid,1,0,0,0,0,0,0,0,0,0,0,0,0,1,0,0,0,0,0,0,0,0,0,,Bacillota,Bacilli,Lactobacillales,Streptococcaceae,Lactococcus
GCF_014109805.1,NZ_CP059402.1,31534,Plasmid,1,0,0,0,0,0,0,0,0,0,0,0,0,0,0,1,0,0,0,0,0,0,0,,Pseudomonadota,Gammaproteobacteria,Legionellales,Legionellaceae,Legionella
GCF_016027975.1,NZ_CP065704.1,72776,Plasmid,1,0,0,0,0,0,0,0,0,0,0,0,0,1,0,0,0,0,0,0,0,0,0,,Bacillota,Bacilli,Lactobacillales,Streptococcaceae,Lactococcus
GCF_016028815.1,NZ_CP065734.1,84291,Plasmid,1,0,0,0,0,0,0,0,0,0,0,0,0,1,0,0,0,0,0,0,0,0,0,,Bacillota,Bacilli,Lactobacillales,Streptococcaceae,Lactococcus
GCF_016649195.2,NZ_CP117405.1,107451,Plasmid,1,0,0,0,0,0,0,0,0,0,0,0,0,0,0,0,0,0,0,0,0,0,1,,Bacillota,Bacilli,Lactobacillales,Streptococcaceae,Lactococcus
GCF_016649195.2,NZ_CP117408.1,86422,Plasmid,3,0,0,0,1,0,0,0,0,0,0,0,0,0,0,0,2,0,0,0,0,0,0,,Bacillota,Bacilli,Lactobacillales,Streptococcaceae,Lactococcus
GCF_016920995.2,NZ_CP032501.2,78964,Plasmid,1,0,0,0,0,0,0,0,0,0,0,0,0,1,0,0,0,0,0,0,0,0,0,,Bacillota,Bacilli,Lactobacillales,Streptococcaceae,Lactococcus
GCF_016952955.2,NZ_CP032059.2,78953,Plasmid,1,0,0,0,0,0,0,0,0,0,0,0,0,1,0,0,0,0,0,0,0,0,0,,Bacillota,Bacilli,Lactobacillales,Streptococcaceae,Lactococcus
GCF_019704515.1,NZ_AP024686.1,66648,Plasmid,1,0,0,0,0,0,0,1,0,0,0,0,0,0,0,0,0,0,0,0,0,0,0,,Bacillota,Bacilli,Lactobacillales,Lactobacillaceae,Latilactobacillus
GCF_022494905.1,NZ_CP041762.1,127965,Plasmid,1,0,0,0,0,0,0,0,0,0,0,0,0,0,0,0,0,0,0,0,0,0,1,,Bacillota,Bacilli,Lactobacillales,Streptococcaceae,Lactococcus
GCF_022670815.1,NZ_CP093414.1,55958,Plasmid,1,0,0,0,0,0,0,0,0,0,0,0,0,1,0,0,0,0,0,0,0,0,0,,Bacillota,Bacilli,Lactobacillales,Streptococcaceae,Lactococcus
GCF_023822185.1,NZ_CP087601.1,109261,Plasmid,1,0,0,0,0,0,0,0,0,0,0,0,0,1,0,0,0,0,0,0,0,0,0,,Bacillota,Bacilli,Lactobacillales,Streptococcaceae,Lactococcus
GCF_024172645.1,NZ_CP016468.1,220332,Plasmid,36,1,3,1,3,1,1,2,2,1,3,3,1,3,2,1,3,1,1,1,2,0,0,,Bacillota,Bacilli,Lactobacillales,Lactobacillaceae,Latilactobacillus
GCF_025562895.2,NZ_CP069224.2,78971,Plasmid,1,0,0,0,0,0,0,0,0,0,0,0,0,1,0,0,0,0,0,0,0,0,0,,Bacillota,Bacilli,Lactobacillales,Streptococcaceae,Lactococcus
GCF_025562955.2,NZ_CP070264.2,70148,Plasmid,1,0,0,0,0,0,0,0,0,0,0,0,0,1,0,0,0,0,0,0,0,0,0,,Bacillota,Bacilli,Lactobacillales,Streptococcaceae,Lactococcus
GCF_037892055.1,NZ_CP141705.1,10513,Plasmid,1,0,0,0,0,0,0,0,0,0,0,0,0,0,0,0,0,0,0,0,0,0,1,,Bacillota,Bacilli,Lactobacillales,Streptococcaceae,Lactococcus
GCF_037892055.1,NZ_CP141706.1,23523,Plasmid,2,0,0,0,0,0,0,0,0,0,0,0,0,0,0,0,2,0,0,0,0,0,0,,Bacillota,Bacilli,Lactobacillales,Streptococcaceae,Lactococcus
GCF_038721235.1,NZ_CP152296.1,75068,Plasmid,1,0,0,0,0,0,0,0,0,0,0,0,0,1,0,0,0,0,0,0,0,0,0,,Bacillota,Bacilli,Lactobacillales,Streptococcaceae,Lactococcus
GCF_038721235.1,NZ_CP152295.1,108593,Plasmid,1,0,0,0,0,0,0,0,0,0,0,0,0,1,0,0,0,0,0,0,0,0,0,,Bacillota,Bacilli,Lactobacillales,Streptococcaceae,Lactococcus
GCF_040448315.1,NZ_CP159286.1,1763,Plasmid,1,0,0,0,0,0,0,0,0,0,0,0,0,1,0,0,0,0,0,0,0,0,0,,Bacillota,Bacilli,Lactobacillales,Streptococcaceae,Lactococcus
GCF_043552395.1,NZ_CP086089.1,118077,Plasmid,1,0,0,0,0,0,0,0,0,0,0,0,0,0,0,0,0,0,0,0,0,0,1,,Bacillota,Bacilli,Lactobacillales,Streptococcaceae,Lactococcus
GCF_044337395.1,NZ_CP129160.1,99454,Plasmid,1,0,0,0,0,0,0,0,0,0,0,0,0,1,0,0,0,0,0,0,0,0,0,,Bacillota,Bacilli,Lactobacillales,Streptococcaceae,Lactococcus
GCF_044363675.1,NZ_CP149096.1,61917,Plasmid,1,0,0,0,0,0,0,0,0,0,0,0,0,1,0,0,0,0,0,0,0,0,0,,Bacillota,Bacilli,Lactobacillales,Streptococcaceae,Lactococcus
GCF_046237615.1,NZ_CP126468.1,61083,Plasmid,1,0,0,0,0,0,0,0,0,0,0,0,0,1,0,0,0,0,0,0,0,0,0,,Bacillota,Bacilli,Lactobacillales,Streptococcaceae,Lactococcus
GCF_049942715.1,NZ_CP187826.1,9213,Plasmid,3,0,0,1,0,0,0,1,0,0,0,0,0,0,0,0,0,1,0,0,0,0,0,,Bacillota,Bacilli,Lactobacillales,Lactobacillaceae,Latilactobacillus
GCF_900637865.1,NZ_LR134413.1,20213,Plasmid,1,1,0,0,0,0,0,0,0,0,0,0,0,0,0,0,0,0,0,0,0,0,0,,Pseudomonadota,Gammaproteobacteria,Legionellales,Legionellaceae,Legionella
GCF_900637865.1,NZ_LR134417.1,105827,Plasmid,6,0,0,0,0,0,0,0,1,0,1,0,0,0,0,0,0,2,1,1,0,0,0,,Pseudomonadota,Gammaproteobacteria,Legionellales,Legionellaceae,Legionella
GCF_900637865.1,NZ_LR134418.1,451287,Plasmid,14,1,1,0,1,1,0,2,1,1,1,2,0,0,0,2,0,0,0,0,1,0,0,,Pseudomonadota,Gammaproteobacteria,Legionellales,Legionellaceae,Legionella
GCF_900637865.1,NZ_LR134420.1,188989,Plasmid,4,0,0,0,0,0,0,0,0,0,0,0,0,0,1,1,1,1,0,0,0,0,0,,Pseudomonadota,Gammaproteobacteria,Legionellales,Legionellaceae,Legionella
GCF_900637865.1,NZ_LR134421.1,88076,Plasmid,1,0,0,0,0,0,0,0,0,0,0,0,0,0,0,0,1,0,0,0,0,0,0,,Pseudomonadota,Gammaproteobacteria,Legionellales,Legionellaceae,Legionella
GCF_900637865.1,NZ_LR134422.1,189158,Plasmid,3,0,2,0,0,0,0,0,0,0,0,0,0,0,0,0,1,0,0,0,0,0,0,,Pseudomonadota,Gammaproteobacteria,Legionellales,Legionellaceae,Legionella
GCF_900637865.1,NZ_LR134424.1,41972,Plasmid,1,1,0,0,0,0,0,0,0,0,0,0,0,0,0,0,0,0,0,0,0,0,0,,Pseudomonadota,Gammaproteobacteria,Legionellales,Legionellaceae,Legionella
GCF_900637865.1,NZ_LR134427.1,54285,Plasmid,1,0,0,0,0,0,0,0,0,0,0,0,0,1,0,0,0,0,0,0,0,0,0,,Pseudomonadota,Gammaproteobacteria,Legionellales,Legionellaceae,Legionella
GCF_900637865.1,NZ_LR134431.1,42577,Plasmid,1,0,0,0,0,0,0,0,0,0,0,1,0,0,0,0,0,0,0,0,0,0,0,,Pseudomonadota,Gammaproteobacteria,Legionellales,Legionellaceae,Legionella
GCF_900637865.1,NZ_LR134433.1,365419,Plasmid,8,0,1,1,0,0,0,0,0,0,0,2,2,1,0,0,0,0,0,0,1,0,0,,Pseudomonadota,Gammaproteobacteria,Legionellales,Legionellaceae,Legionella
GCF_900637865.1,NZ_LR134437.1,49619,Plasmid,1,0,0,0,0,0,1,0,0,0,0,0,0,0,0,0,0,0,0,0,0,0,0,,Pseudomonadota,Gammaproteobacteria,Legionellales,Legionellaceae,Legionella
GCF_000758365.1,NZ_CP007647.1,219748,Plasmid,1,0,0,0,0,0,0,0,0,0,0,0,0,0,0,0,0,0,0,0,0,1,0,,Bacillota,Bacilli,Lactobacillales,Lactobacillaceae,Ligilactobacillus
GCF_000758365.1,NZ_CP007648.1,129218,Plasmid,2,0,0,0,0,0,0,0,0,0,0,0,0,0,0,0,1,0,0,0,0,0,1,,Bacillota,Bacilli,Lactobacillales,Lactobacillaceae,Ligilactobacillus
GCF_001010995.2,NZ_CP145111.1,64655,Plasmid,1,0,0,0,0,0,0,0,0,0,0,0,0,0,0,0,0,0,0,0,0,0,1,,Bacillota,Bacilli,Lactobacillales,Lactobacillaceae,Levilactobacillus
GCF_002117345.1,NZ_CP019739.1,43257,Plasmid,3,0,1,0,0,0,0,0,0,0,1,0,0,0,0,0,0,0,0,0,0,0,1,,Bacillota,Bacilli,Lactobacillales,Lactobacillaceae,Levilactobacillus
GCF_002138395.1,NZ_CP015341.1,39943,Plasmid,2,0,0,0,0,0,0,0,0,0,0,0,0,0,0,0,0,0,0,0,0,0,2,,Bacillota,Bacilli,Lactobacillales,Lactobacillaceae,Levilactobacillus
GCF_006228245.1,NZ_CP031178.1,29556,Plasmid,1,0,0,0,0,0,0,0,0,0,1,0,0,0,0,0,0,0,0,0,0,0,0,,Bacillota,Bacilli,Lactobacillales,Lactobacillaceae,Levilactobacillus
GCF_010586905.1,NZ_CP040853.1,110390,Plasmid,4,0,1,1,0,0,0,0,0,0,1,0,0,0,1,0,0,0,0,0,0,0,0,,Bacillota,Bacilli,Lactobacillales,Lactobacillaceae,Ligilactobacillus
GCF_013487885.1,NZ_CP047413.1,248523,Plasmid,1,0,0,0,0,0,0,0,0,0,0,0,0,0,0,0,0,0,0,0,0,1,0,,Bacillota,Bacilli,Lactobacillales,Lactobacillaceae,Ligilactobacillus
GCF_014069315.1,NZ_CP059605.1,42530,Plasmid,2,0,0,0,0,0,0,0,0,0,1,0,0,0,0,0,0,0,0,0,0,0,1,,Bacillota,Bacilli,Lactobacillales,Lactobacillaceae,Levilactobacillus
GCF_014905055.1,NZ_CP050543.1,44181,Plasmid,2,0,1,0,0,0,0,0,0,0,0,0,0,0,0,0,0,0,0,0,0,0,1,,Bacillota,Bacilli,Lactobacillales,Lactobacillaceae,Levilactobacillus
GCF_018798865.1,NZ_CP076340.1,43193,Plasmid,1,0,0,0,0,0,0,0,0,0,0,0,0,0,0,0,1,0,0,0,0,0,0,,Bacillota,Bacilli,Lactobacillales,Lactobacillaceae,Levilactobacillus
GCF_021266585.1,NZ_CP089851.1,359787,Plasmid,1,0,0,0,0,0,0,0,0,0,0,0,0,0,0,0,0,0,0,0,0,1,0,,Bacillota,Bacilli,Lactobacillales,Lactobacillaceae,Ligilactobacillus
GCF_022350025.1,NZ_CP092265.1,48275,Plasmid,2,0,1,0,0,0,0,0,0,0,1,0,0,0,0,0,0,0,0,0,0,0,0,,Bacillota,Bacilli,Lactobacillales,Lactobacillaceae,Levilactobacillus
GCF_026626025.1,NZ_CP113123.1,43470,Plasmid,1,0,0,0,0,0,0,0,0,0,0,0,0,0,0,0,0,0,0,0,0,0,1,,Bacillota,Bacilli,Lactobacillales,Lactobacillaceae,Levilactobacillus
GCF_026639055.1,NZ_CP113254.1,43813,Plasmid,1,0,0,0,0,0,0,0,0,0,0,0,0,0,0,0,1,0,0,0,0,0,0,,Bacillota,Bacilli,Lactobacillales,Lactobacillaceae,Levilactobacillus
GCF_030169145.1,NZ_CP123972.1,215206,Plasmid,1,0,0,0,0,0,0,0,0,0,0,0,0,0,0,0,0,0,0,0,0,1,0,,Bacillota,Bacilli,Lactobacillales,Lactobacillaceae,Ligilactobacillus
GCF_030169145.1,NZ_CP123973.1,166598,Plasmid,3,0,0,0,0,0,0,0,0,0,0,0,0,0,0,0,0,0,0,0,0,0,3,,Bacillota,Bacilli,Lactobacillales,Lactobacillaceae,Ligilactobacillus
GCF_046523885.1,NZ_CP151159.1,269708,Plasmid,1,0,0,0,0,0,0,0,0,0,0,0,0,0,0,0,0,0,0,0,0,1,0,,Bacillota,Bacilli,Lactobacillales,Lactobacillaceae,Ligilactobacillus
GCF_047946765.1,NZ_CP166897.1,206745,Plasmid,1,0,0,0,0,0,0,0,0,0,0,0,0,0,0,0,0,0,0,0,0,1,0,,Bacillota,Bacilli,Lactobacillales,Lactobacillaceae,Ligilactobacillus
GCF_048399145.1,NZ_CP136802.1,222942,Plasmid,27,1,1,1,3,0,0,3,2,0,3,0,1,3,1,1,3,1,0,0,3,0,0,,Bacillota,Bacilli,Lactobacillales,Lactobacillaceae,Levilactobacillus
GCF_049532915.1,NZ_CP088971.1,205400,Plasmid,1,0,0,0,0,0,0,0,0,0,0,0,0,0,0,0,0,0,0,0,0,1,0,,Bacillota,Bacilli,Lactobacillales,Lactobacillaceae,Ligilactobacillus
GCF_900094615.1,NZ_LT604075.1,244638,Plasmid,2,0,0,0,0,0,0,0,0,0,0,0,0,0,0,0,0,0,0,0,0,1,1,,Bacillota,Bacilli,Lactobacillales,Lactobacillaceae,Ligilactobacillus
GCF_964062745.1,NZ_OZ061261.1,40800,Plasmid,2,0,0,0,0,0,0,0,0,0,1,0,0,0,0,0,1,0,0,0,0,0,0,,Bacillota,Bacilli,Lactobacillales,Lactobacillaceae,Levilactobacillus
GCF_964065165.1,NZ_OZ061551.1,43285,Plasmid,2,0,0,0,0,0,0,0,0,0,1,0,0,0,0,0,1,0,0,0,0,0,0,,Bacillota,Bacilli,Lactobacillales,Lactobacillaceae,Levilactobacillus
GCF_964065165.1,NZ_OZ061552.1,40534,Plasmid,1,0,0,0,0,0,0,0,0,0,0,0,0,0,0,0,0,0,0,0,0,0,1,,Bacillota,Bacilli,Lactobacillales,Lactobacillaceae,Levilactobacillus
GCF_000248095.2,NZ_CP011014.1,108311,Plasmid,1,0,1,0,0,0,0,0,0,0,0,0,0,0,0,0,0,0,0,0,0,0,0,,Bacillota,Bacilli,Lactobacillales,Lactobacillaceae,Limosilactobacillus
GCF_000410995.1,NC_021496.1,40038,Plasmid,1,0,0,0,0,0,0,0,0,0,0,0,0,0,0,0,0,0,0,0,0,0,1,,Bacillota,Bacilli,Lactobacillales,Lactobacillaceae,Limosilactobacillus
GCF_013423865.1,NZ_CP058957.1,39346,Plasmid,1,0,0,0,0,0,0,0,0,0,0,0,0,0,0,0,0,0,0,0,0,0,1,,Bacillota,Bacilli,Lactobacillales,Lactobacillaceae,Limosilactobacillus
GCF_018884225.1,NZ_CP065541.1,132625,Plasmid,9,0,1,1,0,0,0,0,0,0,1,0,0,0,1,0,0,0,2,0,0,0,3,,Bacillota,Bacilli,Lactobacillales,Lactobacillaceae,Limosilactobacillus
GCF_024652885.1,NZ_CP102426.1,128846,Plasmid,8,0,1,0,0,0,0,0,0,0,1,0,0,0,2,0,0,0,1,0,0,0,3,,Bacillota,Bacilli,Lactobacillales,Lactobacillaceae,Limosilactobacillus
GCF_014189455.1,NZ_CP050299.1,686467,Plasmid,1,0,0,0,0,0,0,0,0,0,0,1,0,0,0,0,0,0,0,0,0,0,0,,Pseudomonadota,Alphaproteobacteria,Hyphomicrobiales,Phyllobacteriaceae,Mesorhizobium
GCF_000019725.1,NC_010510.1,586164,Plasmid,1,0,0,0,0,0,0,0,0,0,0,0,0,1,0,0,0,0,0,0,0,0,0,,Pseudomonadota,Alphaproteobacteria,Hyphomicrobiales,Methylobacteriaceae,Methylobacterium
GCF_000019725.1,NC_010514.1,42985,Plasmid,1,0,0,0,0,0,0,0,0,0,1,0,0,0,0,0,0,0,0,0,0,0,0,,Pseudomonadota,Alphaproteobacteria,Hyphomicrobiales,Methylobacteriaceae,Methylobacterium
GCF_000019725.1,NC_010517.1,37743,Plasmid,1,0,0,0,0,0,0,0,0,0,1,0,0,0,0,0,0,0,0,0,0,0,0,,Pseudomonadota,Alphaproteobacteria,Hyphomicrobiales,Methylobacteriaceae,Methylobacterium
GCF_000019725.1,NC_010502.1,27836,Plasmid,1,0,0,0,0,0,0,0,0,0,1,0,0,0,0,0,0,0,0,0,0,0,0,,Pseudomonadota,Alphaproteobacteria,Hyphomicrobiales,Methylobacteriaceae,Methylobacterium
GCF_000022085.1,NC_011892.1,487734,Plasmid,1,0,0,0,0,0,0,0,0,0,0,0,0,0,1,0,0,0,0,0,0,0,0,,Pseudomonadota,Alphaproteobacteria,Hyphomicrobiales,Methylobacteriaceae,Methylobacterium
GCF_001542815.1,NZ_CP006993.1,117697,Plasmid,2,0,0,0,0,0,0,0,0,0,1,0,0,1,0,0,0,0,0,0,0,0,0,,Pseudomonadota,Alphaproteobacteria,Hyphomicrobiales,Methylobacteriaceae,Methylobacterium
GCF_001548015.1,NZ_AP014705.1,1571989,Plasmid,13,1,3,0,0,0,0,2,0,0,2,0,0,2,2,0,1,0,0,0,0,0,0,,Pseudomonadota,Alphaproteobacteria,Hyphomicrobiales,Methylobacteriaceae,Methylobacterium
GCF_001936175.1,NZ_CP015369.1,52290,Plasmid,1,0,0,0,0,0,0,0,0,0,1,0,0,0,0,0,0,0,0,0,0,0,0,,Pseudomonadota,Alphaproteobacteria,Hyphomicrobiales,Methylobacteriaceae,Methylobacterium
GCF_015500075.1,NZ_CP045499.1,389300,Plasmid,1,0,0,0,0,0,0,0,0,0,0,0,0,0,0,0,1,0,0,0,0,0,0,,Pseudomonadota,Alphaproteobacteria,Hyphomicrobiales,Phyllobacteriaceae,Mesorhizobium
GCF_016756555.1,NZ_AP023253.1,75276,Plasmid,1,0,1,0,0,0,0,0,0,0,0,0,0,0,0,0,0,0,0,0,0,0,0,,Pseudomonadota,Alphaproteobacteria,Hyphomicrobiales,Phyllobacteriaceae,Mesorhizobium
GCF_016756595.1,NZ_AP023261.1,56663,Plasmid,1,0,0,0,0,0,0,0,0,0,0,0,0,1,0,0,0,0,0,0,0,0,0,,Pseudomonadota,Alphaproteobacteria,Hyphomicrobiales,Phyllobacteriaceae,Mesorhizobium
GCF_017347565.1,NZ_AP024147.1,128167,Plasmid,5,0,0,0,0,0,0,0,0,0,0,0,0,1,0,0,0,0,1,1,0,0,2,,Pseudomonadota,Alphaproteobacteria,Hyphomicrobiales,Methylobacteriaceae,Methylobacterium
GCF_021228015.1,NZ_CP089299.1,46017,Plasmid,1,0,0,1,0,0,0,0,0,0,0,0,0,0,0,0,0,0,0,0,0,0,0,,Pseudomonadota,Alphaproteobacteria,Hyphomicrobiales,Methylobacteriaceae,Methylobacterium
GCF_021398735.1,NZ_CP090352.1,49778,Plasmid,1,0,0,0,0,0,0,0,0,0,1,0,0,0,0,0,0,0,0,0,0,0,0,,Pseudomonadota,Alphaproteobacteria,Hyphomicrobiales,Methylobacteriaceae,Methylobacterium
GCF_021484845.1,NZ_CP090580.1,657971,Plasmid,1,0,0,0,0,0,0,0,0,0,0,0,0,1,0,0,0,0,0,0,0,0,0,,Pseudomonadota,Alphaproteobacteria,Hyphomicrobiales,Methylobacteriaceae,Methylobacterium
GCF_025813715.1,NZ_CP107537.1,14281,Plasmid,2,1,0,0,0,0,0,0,0,0,1,0,0,0,0,0,0,0,0,0,0,0,0,,Pseudomonadota,Alphaproteobacteria,Hyphomicrobiales,Methylobacteriaceae,Methylobacterium
GCF_039619325.1,NZ_CP155008.1,54537,Plasmid,1,0,0,0,0,0,0,0,0,0,0,0,0,0,0,0,0,0,0,0,0,0,1,,Pseudomonadota,Alphaproteobacteria,Hyphomicrobiales,Methylobacteriaceae,Methylobacterium
GCF_042295465.1,NZ_CP135442.1,295277,Plasmid,1,1,0,0,0,0,0,0,0,0,0,0,0,0,0,0,0,0,0,0,0,0,0,,Pseudomonadota,Alphaproteobacteria,Hyphomicrobiales,Phyllobacteriaceae,Mesorhizobium
GCF_042466635.1,NZ_CP159953.1,355698,Plasmid,1,0,0,0,0,0,0,0,0,0,0,0,0,0,0,0,0,0,0,0,0,1,0,,Pseudomonadota,Alphaproteobacteria,Hyphomicrobiales,Phyllobacteriaceae,Mesorhizobium
GCF_902712865.1,NZ_LR743510.1,2832553,Plasmid,29,0,2,0,2,0,1,1,3,1,0,5,2,0,1,2,2,2,1,1,3,0,0,,Pseudomonadota,Alphaproteobacteria,Hyphomicrobiales,Methylobacteriaceae,Methylobacterium
GCF_000723425.2,NZ_HG917973.1,114229,Plasmid,1,0,0,0,0,0,0,1,0,0,0,0,0,0,0,0,0,0,0,0,0,0,0,,Actinomycetota,Actinomycetes,Mycobacteriales,Mycobacteriaceae,Mycobacterium
GCF_000829075.1,NZ_AP012556.1,194711,Plasmid,1,0,0,0,0,0,0,0,0,0,0,0,1,0,0,0,0,0,0,0,0,0,0,,Actinomycetota,Actinomycetes,Mycobacteriales,Mycobacteriaceae,Mycobacterium
GCF_001750065.2,NZ_CP012886.2,437571,Plasmid,27,1,3,1,1,1,2,1,1,1,2,3,2,1,1,1,1,1,1,1,1,0,0,,Actinomycetota,Actinomycetes,Mycobacteriales,Mycobacteriaceae,Mycobacterium
GCF_001865635.4,NZ_CP009406.2,18892,Plasmid,1,0,0,0,0,0,0,0,0,0,0,0,1,0,0,0,0,0,0,0,0,0,0,,Actinomycetota,Actinomycetes,Mycobacteriales,Mycobacteriaceae,Mycobacterium
GCF_002157835.1,NZ_CP020813.1,69875,Plasmid,1,0,0,0,0,0,0,0,0,0,0,0,0,0,1,0,0,0,0,0,0,0,0,,Actinomycetota,Actinomycetes,Mycobacteriales,Mycobacteriaceae,Mycobacterium
GCF_002716905.3,NZ_CP059000.1,150076,Plasmid,1,0,0,0,0,0,0,0,0,0,0,0,1,0,0,0,0,0,0,0,0,0,0,,Actinomycetota,Actinomycetes,Mycobacteriales,Mycobacteriaceae,Mycobacterium
GCF_002716925.3,NZ_CP076859.1,195724,Plasmid,1,0,0,0,0,0,0,0,0,0,0,0,1,0,0,0,0,0,0,0,0,0,0,,Actinomycetota,Actinomycetes,Mycobacteriales,Mycobacteriaceae,Mycobacterium
GCF_002716925.3,NZ_CP076860.1,343811,Plasmid,28,1,3,1,0,1,2,2,1,1,2,3,2,1,1,2,1,1,1,1,1,0,0,,Actinomycetota,Actinomycetes,Mycobacteriales,Mycobacteriaceae,Mycobacterium
GCF_002716965.3,NZ_CP076857.1,396301,Plasmid,1,0,0,0,0,0,0,0,0,0,0,0,1,0,0,0,0,0,0,0,0,0,0,,Actinomycetota,Actinomycetes,Mycobacteriales,Mycobacteriaceae,Mycobacterium
GCF_002741015.1,NZ_CP016617.1,1343367,Plasmid,1,0,0,0,0,0,0,0,0,0,1,0,0,0,0,0,0,0,0,0,0,0,0,,Pseudomonadota,Alphaproteobacteria,Hyphomicrobiales,Methylobacteriaceae,Microvirga
GCF_002741015.1,NZ_CP016619.1,977332,Plasmid,1,0,0,0,0,0,0,0,0,0,0,0,1,0,0,0,0,0,0,0,0,0,0,,Pseudomonadota,Alphaproteobacteria,Hyphomicrobiales,Methylobacteriaceae,Microvirga
GCF_002741015.1,NZ_CP016618.1,712299,Plasmid,1,0,0,0,0,0,0,0,0,0,0,1,0,0,0,0,0,0,0,0,0,0,0,,Pseudomonadota,Alphaproteobacteria,Hyphomicrobiales,Methylobacteriaceae,Microvirga
GCF_002741015.1,NZ_CP016620.1,593709,Plasmid,1,0,0,0,0,0,0,0,0,0,0,0,1,0,0,0,0,0,0,0,0,0,0,,Pseudomonadota,Alphaproteobacteria,Hyphomicrobiales,Methylobacteriaceae,Microvirga
GCF_004345205.2,NZ_CP036222.2,18294,Plasmid,1,0,0,0,0,0,0,0,0,0,0,0,1,0,0,0,0,0,0,0,0,0,0,,Actinomycetota,Actinomycetes,Mycobacteriales,Mycobacteriaceae,Mycobacterium
GCF_009002535.1,NZ_AP020327.1,191151,Plasmid,2,0,1,0,0,0,0,0,0,0,0,0,0,0,0,0,1,0,0,0,0,0,0,,Actinomycetota,Actinomycetes,Mycobacteriales,Mycobacteriaceae,Mycobacterium
GCF_013307435.2,NZ_CP102846.1,556397,Plasmid,1,0,0,0,0,0,0,0,0,0,1,0,0,0,0,0,0,0,0,0,0,0,0,,Pseudomonadota,Alphaproteobacteria,Hyphomicrobiales,Methylobacteriaceae,Microvirga
GCF_013307435.2,NZ_CP102848.1,39726,Plasmid,1,0,0,0,0,0,0,0,0,0,0,1,0,0,0,0,0,0,0,0,0,0,0,,Pseudomonadota,Alphaproteobacteria,Hyphomicrobiales,Methylobacteriaceae,Microvirga
GCF_016864375.1,NZ_CP069356.1,1387944,Plasmid,5,0,0,0,0,0,0,0,1,0,0,0,2,0,0,0,0,0,2,0,0,0,0,,Pseudomonadota,Alphaproteobacteria,Hyphomicrobiales,Methylobacteriaceae,Microvirga
GCF_016864375.1,NZ_CP069358.1,550688,Plasmid,1,0,1,0,0,0,0,0,0,0,0,0,0,0,0,0,0,0,0,0,0,0,0,,Pseudomonadota,Alphaproteobacteria,Hyphomicrobiales,Methylobacteriaceae,Microvirga
GCF_016864375.1,NZ_CP069359.1,456043,Plasmid,4,0,2,0,0,0,0,0,0,0,0,0,1,0,0,0,1,0,0,0,0,0,0,,Pseudomonadota,Alphaproteobacteria,Hyphomicrobiales,Methylobacteriaceae,Microvirga
GCF_020412425.1,NZ_CP084587.1,322178,Plasmid,29,1,4,1,1,1,2,2,1,1,2,3,2,1,1,1,2,1,1,0,1,0,0,,Actinomycetota,Actinomycetes,Mycobacteriales,Mycobacteriaceae,Mycobacterium
GCF_028583325.1,NZ_CP092982.1,115362,Plasmid,1,0,0,0,0,0,0,1,0,0,0,0,0,0,0,0,0,0,0,0,0,0,0,,Actinomycetota,Actinomycetes,Mycobacteriales,Mycobacteriaceae,Mycobacterium
GCF_034627025.1,NZ_CP141049.1,1179416,Plasmid,3,0,0,0,0,0,0,0,0,0,2,0,0,0,0,0,0,1,0,0,0,0,0,,Pseudomonadota,Alphaproteobacteria,Hyphomicrobiales,Methylobacteriaceae,Microvirga
GCF_034627025.1,NZ_CP141050.1,1131471,Plasmid,5,1,0,0,0,0,0,0,0,0,1,0,1,2,0,0,0,0,0,0,0,0,0,,Pseudomonadota,Alphaproteobacteria,Hyphomicrobiales,Methylobacteriaceae,Microvirga
GCF_038446175.1,NZ_CP085195.1,112641,Plasmid,1,1,0,0,0,0,0,0,0,0,0,0,0,0,0,0,0,0,0,0,0,0,0,,Actinomycetota,Actinomycetes,Mycobacteriales,Mycobacteriaceae,Mycobacterium
GCF_038446175.1,NZ_CP085196.1,18294,Plasmid,1,0,0,0,0,0,0,0,0,0,0,0,1,0,0,0,0,0,0,0,0,0,0,,Actinomycetota,Actinomycetes,Mycobacteriales,Mycobacteriaceae,Mycobacterium
GCF_041082025.1,NZ_CP083997.1,18294,Plasmid,1,0,0,0,0,0,0,0,0,0,0,0,1,0,0,0,0,0,0,0,0,0,0,,Actinomycetota,Actinomycetes,Mycobacteriales,Mycobacteriaceae,Mycobacterium
GCF_044784385.1,NZ_CP173040.1,952626,Plasmid,6,0,0,0,0,0,0,0,0,0,3,2,1,0,0,0,0,0,0,0,0,0,0,,Pseudomonadota,Alphaproteobacteria,Hyphomicrobiales,Methylobacteriaceae,Microvirga
GCF_045277555.1,NZ_CP129324.1,127576,Plasmid,1,0,0,0,0,0,0,1,0,0,0,0,0,0,0,0,0,0,0,0,0,0,0,,Actinomycetota,Actinomycetes,Mycobacteriales,Mycobacteriaceae,Mycobacterium
GCF_047497095.1,NZ_CP134064.1,1940935,Plasmid,15,2,1,1,0,0,0,1,1,0,3,0,0,3,0,0,1,0,0,0,0,1,1,,Pseudomonadota,Alphaproteobacteria,Hyphomicrobiales,Methylobacteriaceae,Microvirga
GCF_047497095.1,NZ_CP134065.1,609014,Plasmid,3,0,0,0,0,0,0,0,0,0,2,0,0,0,0,1,0,0,0,0,0,0,0,,Pseudomonadota,Alphaproteobacteria,Hyphomicrobiales,Methylobacteriaceae,Microvirga
GCF_900116695.1,NZ_LT703506.1,324321,Plasmid,29,1,4,1,1,1,2,2,1,1,2,3,2,1,1,1,2,1,1,0,1,0,0,,Actinomycetota,Actinomycetes,Mycobacteriales,Mycobacteriaceae,Mycobacterium
GCF_963360705.1,NZ_OY725726.1,70666,Plasmid,1,0,0,0,0,0,0,0,0,0,0,1,0,0,0,0,0,0,0,0,0,0,0,,Bacillota,Clostridia,Monoglobales,Monoglobaceae,Monoglobus
GCF_963360705.1,NZ_OY725727.1,55380,Plasmid,1,0,0,0,0,0,0,0,0,0,0,0,0,0,0,1,0,0,0,0,0,0,0,,Bacillota,Clostridia,Monoglobales,Monoglobaceae,Monoglobus
GCF_963360705.1,NZ_OY725729.1,37698,Plasmid,2,0,0,1,0,0,0,1,0,0,0,0,0,0,0,0,0,0,0,0,0,0,0,,Bacillota,Clostridia,Monoglobales,Monoglobaceae,Monoglobus
GCF_963360705.1,NZ_OY725736.1,517814,Plasmid,11,0,1,1,1,1,0,1,1,0,0,0,0,1,1,0,1,0,0,0,2,0,0,,Bacillota,Clostridia,Monoglobales,Monoglobaceae,Monoglobus
GCF_963360705.1,NZ_OY725738.1,546,Plasmid,2,1,0,0,0,0,0,0,0,0,1,0,0,0,0,0,0,0,0,0,0,0,0,,Bacillota,Clostridia,Monoglobales,Monoglobaceae,Monoglobus
GCF_963360705.1,NZ_OY725739.1,367991,Plasmid,6,0,1,0,0,0,1,0,1,1,0,0,1,0,0,0,1,0,0,0,0,0,0,,Bacillota,Clostridia,Monoglobales,Monoglobaceae,Monoglobus
GCF_963360705.1,NZ_OY725740.1,335155,Plasmid,8,0,1,0,1,0,0,0,0,0,0,1,0,1,0,1,0,2,0,1,0,0,0,,Bacillota,Clostridia,Monoglobales,Monoglobaceae,Monoglobus
GCF_963360705.1,NZ_OY725741.1,285641,Plasmid,6,0,1,0,0,0,1,0,0,0,0,2,0,0,0,0,2,0,0,0,0,0,0,,Bacillota,Clostridia,Monoglobales,Monoglobaceae,Monoglobus
GCF_963360705.1,NZ_OY725742.1,176298,Plasmid,3,0,0,0,0,0,0,0,2,0,1,0,0,0,0,0,0,0,0,0,0,0,0,,Bacillota,Clostridia,Monoglobales,Monoglobaceae,Monoglobus
GCF_963360705.1,NZ_OY725743.1,175868,Plasmid,2,0,0,0,0,0,0,0,0,0,0,0,0,0,0,0,0,1,1,0,0,0,0,,Bacillota,Clostridia,Monoglobales,Monoglobaceae,Monoglobus
GCF_963360705.1,NZ_OY725744.1,78388,Plasmid,3,1,0,0,0,0,0,0,0,0,0,1,1,0,0,0,0,0,0,0,0,0,0,,Bacillota,Clostridia,Monoglobales,Monoglobaceae,Monoglobus
GCF_020150655.1,NZ_CP083743.1,132801,Plasmid,2,0,0,1,0,0,0,0,0,0,1,0,0,0,0,0,0,0,0,0,0,0,0,,Actinomycetota,Actinomycetes,Mycobacteriales,Mycobacteriaceae,Mycobacterium
GCF_963853645.1,NZ_OY970457.1,472572,Plasmid,1,0,0,0,0,0,0,0,0,0,0,1,0,0,0,0,0,0,0,0,0,0,0,,Actinomycetota,Actinomycetes,Mycobacteriales,Mycobacteriaceae,Mycobacterium
GCF_010727325.1,NZ_AP022566.1,304163,Plasmid,28,1,3,1,1,1,2,2,1,1,2,3,2,1,1,1,1,1,1,1,1,0,0,,Actinomycetota,Actinomycetes,Mycobacteriales,Mycobacteriaceae,Mycolicibacterium
GCF_018326145.1,NZ_AP023334.1,266554,Plasmid,28,1,3,1,1,1,2,2,1,1,1,3,2,1,1,1,1,1,1,1,1,0,1,,Actinomycetota,Actinomycetes,Mycobacteriales,Mycobacteriaceae,Mycolicibacterium
GCF_018326145.1,NZ_AP023335.1,27227,Plasmid,1,0,0,0,0,0,0,0,0,0,0,0,0,0,0,0,0,0,0,0,0,0,1,,Actinomycetota,Actinomycetes,Mycobacteriales,Mycobacteriaceae,Mycolicibacterium
GCF_018326285.1,NZ_AP023363.1,277627,Plasmid,28,1,3,1,1,1,2,2,1,1,1,3,2,1,1,1,1,1,1,1,1,0,1,,Actinomycetota,Actinomycetes,Mycobacteriales,Mycobacteriaceae,Mycolicibacterium
GCF_018326285.1,NZ_AP023364.1,25107,Plasmid,1,0,0,0,0,0,0,0,0,0,0,0,0,0,0,0,0,0,0,0,0,0,1,,Actinomycetota,Actinomycetes,Mycobacteriales,Mycobacteriaceae,Mycolicibacterium
GCF_019739075.1,NZ_CP081674.1,148235,Plasmid,1,1,0,0,0,0,0,0,0,0,0,0,0,0,0,0,0,0,0,0,0,0,0,,Actinomycetota,Actinomycetes,Mycobacteriales,Mycobacteriaceae,Mycolicibacterium
GCF_041154555.1,NZ_AP028614.1,202398,Plasmid,29,1,4,1,1,1,2,2,1,1,2,3,2,1,1,1,1,1,1,1,1,0,0,,Actinomycetota,Actinomycetes,Mycobacteriales,Mycobacteriaceae,Mycobacteroides
GCF_041154575.1,NZ_AP028622.1,202461,Plasmid,29,1,4,1,1,1,2,2,1,1,2,3,2,1,1,1,1,1,1,1,1,0,0,,Actinomycetota,Actinomycetes,Mycobacteriales,Mycobacteriaceae,Mycobacteroides
GCF_041154585.1,NZ_AP028626.1,202394,Plasmid,29,1,4,1,1,1,2,2,1,1,2,3,2,1,1,1,1,1,1,1,1,0,0,,Actinomycetota,Actinomycetes,Mycobacteriales,Mycobacteriaceae,Mycobacteroides
GCF_041154565.1,NZ_AP028618.1,201535,Plasmid,29,1,4,1,1,1,2,2,1,1,2,3,2,1,1,1,1,1,1,1,1,0,0,,Actinomycetota,Actinomycetes,Mycobacteriales,Mycobacteriaceae,Mycobacteroides
GCF_041154595.1,NZ_AP028630.1,202400,Plasmid,29,1,4,1,1,1,2,2,1,1,2,3,2,1,1,1,1,1,1,1,1,0,0,,Actinomycetota,Actinomycetes,Mycobacteriales,Mycobacteriaceae,Mycobacteroides
GCF_000009705.1,NC_003273.1,55414,Plasmid,23,1,2,1,0,0,2,2,1,1,0,4,1,1,1,1,2,1,0,1,1,0,0,,Cyanobacteriota,Cyanophyceae,Nostocales,Nostocaceae,Nostoc
GCF_000316645.1,NC_019677.1,77478,Plasmid,21,1,2,1,1,0,2,2,0,1,1,3,2,0,1,1,0,1,1,0,1,0,0,,Cyanobacteriota,Cyanophyceae,Nostocales,Nostocaceae,Nostoc
GCF_000731315.1,NZ_HG938354.1,1807065,Plasmid,3,0,0,0,0,0,0,0,0,0,0,1,0,0,1,0,0,1,0,0,0,0,0,,Pseudomonadota,Alphaproteobacteria,Hyphomicrobiales,Rhizobiaceae,Neorhizobium
GCF_000731295.1,NZ_HG938356.1,1638739,Plasmid,4,0,0,0,0,0,0,0,0,0,0,1,0,0,2,0,0,1,0,0,0,0,0,,Pseudomonadota,Alphaproteobacteria,Hyphomicrobiales,Rhizobiaceae,Neorhizobium
GCF_002813575.1,NZ_CP024793.1,805120,Plasmid,9,1,2,0,1,1,0,1,0,0,1,0,0,0,0,0,1,0,0,0,1,0,0,,Cyanobacteriota,Cyanophyceae,Nostocales,Nostocaceae,Nostoc
GCF_002896875.1,NZ_CP023279.1,41078,Plasmid,22,1,2,1,1,1,2,1,2,1,1,2,1,0,1,1,1,0,1,1,1,0,0,,Cyanobacteriota,Cyanophyceae,Nostocales,Nostocaceae,Nostoc
GCF_002949735.1,NZ_CP026690.1,66996,Plasmid,24,1,3,1,1,1,2,2,1,0,1,1,2,0,1,1,2,1,1,1,1,0,0,,Cyanobacteriota,Cyanophyceae,Nostocales,Nostocaceae,Nostoc
GCF_003491345.1,NZ_CP025513.1,1172176,Plasmid,5,1,0,0,0,0,0,0,0,0,1,1,0,1,0,0,0,1,0,0,0,0,0,,Pseudomonadota,Alphaproteobacteria,Hyphomicrobiales,Rhizobiaceae,Neorhizobium
GCF_003597675.1,NZ_CP030828.1,764863,Plasmid,3,1,0,0,0,0,0,0,0,0,1,0,0,1,0,0,0,0,0,0,0,0,0,,Pseudomonadota,Alphaproteobacteria,Hyphomicrobiales,Rhizobiaceae,Neorhizobium
GCF_003597675.1,NZ_CP030833.1,16037,Plasmid,1,0,0,0,0,0,0,0,1,0,0,0,0,0,0,0,0,0,0,0,0,0,0,,Pseudomonadota,Alphaproteobacteria,Hyphomicrobiales,Rhizobiaceae,Neorhizobium
GCF_009873495.1,NZ_CP046707.1,65222,Plasmid,25,1,3,1,1,1,2,2,1,1,1,1,1,0,1,1,2,1,1,2,1,0,0,,Cyanobacteriota,Cyanophyceae,Nostocales,Nostocaceae,Nostoc
GCF_013393905.1,NZ_CP040279.1,95441,Plasmid,27,1,3,1,1,1,1,2,1,1,1,3,2,1,1,1,2,1,1,1,1,0,0,,Cyanobacteriota,Cyanophyceae,Nostocales,Nostocaceae,Nostoc
GCF_013393925.1,NZ_CP040290.1,158763,Plasmid,25,1,3,1,1,1,2,2,1,1,1,1,2,0,1,1,2,1,1,1,1,0,0,,Cyanobacteriota,Cyanophyceae,Nostocales,Nostocaceae,Nostoc
GCF_013393945.1,NZ_CP040298.1,215845,Plasmid,21,1,2,1,1,1,2,1,1,0,0,2,2,1,1,1,1,1,1,0,1,0,0,,Cyanobacteriota,Cyanophyceae,Nostocales,Nostocaceae,Nostoc
GCF_019976755.1,NZ_AP023446.1,44662,Plasmid,22,0,1,1,1,1,2,2,1,0,1,3,1,1,0,1,1,1,1,1,0,0,2,,Cyanobacteriota,Cyanophyceae,Nostocales,Nostocaceae,Nostoc
GCF_021391675.1,NZ_CP090096.1,1254988,Plasmid,3,0,0,0,0,0,0,0,0,0,0,1,0,0,1,0,0,1,0,0,0,0,0,,Pseudomonadota,Alphaproteobacteria,Hyphomicrobiales,Rhizobiaceae,Neorhizobium
GCF_022063185.1,NZ_CP091914.1,247167,Plasmid,1,0,0,0,0,0,0,0,0,0,0,0,0,0,0,0,1,0,0,0,0,0,0,,Cyanobacteriota,Cyanophyceae,Nostocales,Nostocaceae,Nostoc
GCF_029854435.1,NZ_CP123001.1,916660,Plasmid,1,0,0,0,0,0,0,0,0,0,0,1,0,0,0,0,0,0,0,0,0,0,0,,Pseudomonadota,Alphaproteobacteria,Hyphomicrobiales,Rhizobiaceae,Neorhizobium
GCF_043099725.1,NZ_CP171144.1,67931,Plasmid,24,1,3,1,0,1,2,2,1,1,0,1,2,0,0,1,2,1,1,2,1,0,1,,Cyanobacteriota,Cyanophyceae,Nostocales,Nostocaceae,Nostoc
GCF_000164985.3,NC_014628.2,510118,Plasmid,50,1,3,3,2,1,1,2,4,1,4,6,1,1,2,2,6,3,3,3,0,0,1,,Bacillota,Bacilli,Bacillales,Paenibacillaceae,Paenibacillus
GCF_002082155.1,NZ_CP020558.1,128414,Plasmid,1,0,0,0,0,0,0,0,0,0,1,0,0,0,0,0,0,0,0,0,0,0,0,,Bacillota,Bacilli,Bacillales,Paenibacillaceae,Paenibacillus
GCF_008386395.1,NZ_CP043762.1,543320,Plasmid,4,0,0,0,0,0,0,1,0,0,0,0,1,1,0,0,0,0,1,0,0,0,0,,Bacillota,Bacilli,Bacillales,Paenibacillaceae,Paenibacillus
GCF_010365285.1,NZ_CP048288.1,228841,Plasmid,6,0,0,1,0,0,0,0,0,0,0,0,0,1,0,2,0,0,1,0,0,0,1,,Bacillota,Bacilli,Bacillales,Paenibacillaceae,Paenibacillus
GCF_013347265.1,NZ_CP054609.1,508678,Plasmid,4,0,0,0,0,0,0,0,0,0,1,1,0,0,0,0,0,0,0,0,2,0,0,,Bacillota,Bacilli,Bacillales,Paenibacillaceae,Paenibacillus
GCF_013347265.1,NZ_CP054613.1,2697188,Plasmid,73,6,6,4,3,2,3,4,6,2,5,5,3,2,2,3,4,5,2,2,4,0,0,,Bacillota,Bacilli,Bacillales,Paenibacillaceae,Paenibacillus
GCF_014692735.1,NZ_CP061173.1,137220,Plasmid,6,0,0,1,0,0,0,1,0,1,0,0,0,0,0,0,0,0,1,1,0,0,1,,Bacillota,Bacilli,Bacillales,Paenibacillaceae,Paenibacillus
GCF_028226775.1,NZ_CP106993.1,359554,Plasmid,32,1,2,2,1,1,0,2,3,1,4,2,2,1,1,2,2,1,2,1,1,0,0,,Bacillota,Bacilli,Bacillales,Paenibacillaceae,Paenibacillus
GCF_028747985.1,NZ_CP118109.1,214846,Plasmid,2,0,0,0,0,0,0,0,0,0,0,1,0,0,1,0,0,0,0,0,0,0,0,,Bacillota,Bacilli,Bacillales,Paenibacillaceae,Paenibacillus
GCF_034085295.1,NZ_CP139199.1,510118,Plasmid,50,1,3,3,2,1,1,2,4,1,4,6,1,1,2,2,6,3,3,3,0,0,1,,Bacillota,Bacilli,Bacillales,Paenibacillaceae,Paenibacillus
GCF_036894225.1,NZ_CP145893.1,374980,Plasmid,4,0,0,0,0,0,0,1,0,0,0,0,1,1,0,0,0,0,1,0,0,0,0,,Bacillota,Bacilli,Bacillales,Paenibacillaceae,Paenibacillus
GCF_048820385.1,NZ_CP184726.1,363490,Plasmid,1,0,1,0,0,0,0,0,0,0,0,0,0,0,0,0,0,0,0,0,0,0,0,,Bacillota,Bacilli,Bacillales,Paenibacillaceae,Paenibacillus
GCF_049311625.1,NZ_CP186007.1,206502,Plasmid,1,0,0,0,0,0,0,0,0,0,0,0,0,0,0,0,0,0,0,0,0,0,1,,Bacillota,Bacilli,Bacillales,Paenibacillaceae,Paenibacillus
GCF_000020045.1,NC_010625.1,1904893,Plasmid,1,0,0,0,0,0,0,0,0,0,0,1,0,0,0,0,0,0,0,0,0,0,0,,Pseudomonadota,Betaproteobacteria,Burkholderiales,Burkholderiaceae,Paraburkholderia
GCF_000175935.2,NC_014839.1,394054,Plasmid,1,0,0,0,0,0,0,0,0,0,1,0,0,0,0,0,0,0,0,0,0,0,0,,Pseudomonadota,Gammaproteobacteria,Enterobacterales,Erwiniaceae,Pantoea
GCF_000444995.1,NC_022042.1,118164,Plasmid,3,1,0,0,0,0,0,0,0,0,1,0,0,1,0,0,0,0,0,0,0,0,0,,Pseudomonadota,Alphaproteobacteria,Rhodobacterales,Paracoccaceae,Paracoccus
GCF_000522545.2,NZ_CP012748.1,2555069,Plasmid,1,0,0,0,0,0,0,0,0,0,0,1,0,0,0,0,0,0,0,0,0,0,0,,Pseudomonadota,Betaproteobacteria,Burkholderiales,Burkholderiaceae,Paraburkholderia
GCF_001449005.1,NZ_CP013104.1,2011268,Plasmid,1,0,0,0,0,0,0,0,0,0,0,1,0,0,0,0,0,0,0,0,0,0,0,,Pseudomonadota,Betaproteobacteria,Burkholderiales,Burkholderiaceae,Paraburkholderia
GCF_002073635.2,NZ_CP020441.2,295841,Plasmid,1,0,0,0,0,0,0,0,0,0,0,0,0,0,0,1,0,0,0,0,0,0,0,,Pseudomonadota,Alphaproteobacteria,Rhodobacterales,Paracoccaceae,Paracoccus
GCF_002073635.2,NZ_CP020443.2,130273,Plasmid,1,0,0,0,0,0,0,0,0,0,0,1,0,0,0,0,0,0,0,0,0,0,0,,Pseudomonadota,Alphaproteobacteria,Rhodobacterales,Paracoccaceae,Paracoccus
GCF_002082215.1,NZ_CP017592.1,47186,Plasmid,1,0,0,1,0,0,0,0,0,0,0,0,0,0,0,0,0,0,0,0,0,0,0,,Pseudomonadota,Gammaproteobacteria,Enterobacterales,Erwiniaceae,Pantoea
GCF_002278075.1,NZ_CP022991.1,664981,Plasmid,1,0,0,0,0,0,0,0,0,0,0,0,1,0,0,0,0,0,0,0,0,0,0,,Pseudomonadota,Betaproteobacteria,Burkholderiales,Burkholderiaceae,Paraburkholderia
GCF_002278075.1,NZ_CP022996.1,27494,Plasmid,1,1,0,0,0,0,0,0,0,0,0,0,0,0,0,0,0,0,0,0,0,0,0,,Pseudomonadota,Betaproteobacteria,Burkholderiales,Burkholderiaceae,Paraburkholderia
GCF_002749495.1,NZ_CP024423.1,327671,Plasmid,1,0,0,0,0,0,0,0,0,0,0,0,0,0,0,1,0,0,0,0,0,0,0,,Pseudomonadota,Alphaproteobacteria,Rhodobacterales,Paracoccaceae,Paracoccus
GCF_002749495.1,NZ_CP024427.1,114679,Plasmid,1,0,0,0,0,0,0,0,0,0,0,1,0,0,0,0,0,0,0,0,0,0,0,,Pseudomonadota,Alphaproteobacteria,Rhodobacterales,Paracoccaceae,Paracoccus
GCF_003612915.1,NZ_CP031079.1,482273,Plasmid,1,0,0,0,0,0,0,0,0,0,0,1,0,0,0,0,0,0,0,0,0,0,0,,Pseudomonadota,Alphaproteobacteria,Rhodobacterales,Paracoccaceae,Paracoccus
GCF_003612915.1,NZ_CP031081.1,201841,Plasmid,1,0,0,0,0,0,0,0,0,0,0,0,0,0,0,1,0,0,0,0,0,0,0,,Pseudomonadota,Alphaproteobacteria,Rhodobacterales,Paracoccaceae,Paracoccus
GCF_003612915.1,NZ_CP031082.1,156389,Plasmid,1,0,0,0,0,0,0,0,0,0,0,0,0,0,0,1,0,0,0,0,0,0,0,,Pseudomonadota,Alphaproteobacteria,Rhodobacterales,Paracoccaceae,Paracoccus
GCF_003860325.1,NZ_CP034149.1,583567,Plasmid,5,0,0,0,0,0,0,0,2,0,1,0,0,0,0,0,0,1,0,0,0,0,1,,Pseudomonadota,Gammaproteobacteria,Enterobacterales,Erwiniaceae,Pantoea
GCF_004010775.1,NZ_CP034811.1,199685,Plasmid,1,0,0,0,0,0,0,0,0,0,0,0,0,0,0,0,0,0,0,0,0,1,0,,Pseudomonadota,Alphaproteobacteria,Rhodobacterales,Paracoccaceae,Paracoccus
GCF_004683865.2,NZ_CP040762.1,244326,Plasmid,2,0,0,0,0,0,0,0,0,0,1,1,0,0,0,0,0,0,0,0,0,0,0,,Pseudomonadota,Alphaproteobacteria,Rhodobacterales,Paracoccaceae,Paracoccus
GCF_004683865.2,NZ_CP040764.1,255051,Plasmid,1,0,0,0,0,0,0,0,0,0,0,0,0,0,0,0,0,0,0,0,0,1,0,,Pseudomonadota,Alphaproteobacteria,Rhodobacterales,Paracoccaceae,Paracoccus
GCF_004683865.2,NZ_CP040761.1,216963,Plasmid,2,0,0,0,0,0,0,0,0,0,1,0,0,0,1,0,0,0,0,0,0,0,0,,Pseudomonadota,Alphaproteobacteria,Rhodobacterales,Paracoccaceae,Paracoccus
GCF_007981265.1,NZ_CP034366.1,96304,Plasmid,1,0,0,0,0,0,0,0,0,0,0,0,0,0,0,0,0,0,0,0,0,0,1,,Pseudomonadota,Gammaproteobacteria,Enterobacterales,Erwiniaceae,Pantoea
GCF_008693865.1,NZ_CP044079.1,363819,Plasmid,1,0,0,0,0,0,0,0,0,0,0,1,0,0,0,0,0,0,0,0,0,0,0,,Pseudomonadota,Alphaproteobacteria,Rhodobacterales,Paracoccaceae,Paracoccus
GCF_008693865.1,NZ_CP044080.1,267632,Plasmid,1,0,0,0,0,0,0,0,0,0,0,0,0,0,0,1,0,0,0,0,0,0,0,,Pseudomonadota,Alphaproteobacteria,Rhodobacterales,Paracoccaceae,Paracoccus
GCF_009301415.1,NZ_CP045074.1,459592,Plasmid,1,1,0,0,0,0,0,0,0,0,0,0,0,0,0,0,0,0,0,0,0,0,0,,Pseudomonadota,Alphaproteobacteria,Rhodobacterales,Paracoccaceae,Paracoccus
GCF_009493695.2,NZ_CP143307.1,328249,Plasmid,1,0,0,0,0,0,0,0,0,0,0,0,0,0,0,0,0,0,0,0,0,1,0,,Pseudomonadota,Alphaproteobacteria,Rhodobacterales,Paracoccaceae,Paracoccus
GCF_009646115.1,NZ_CP045723.1,94967,Plasmid,1,0,0,0,0,0,0,0,0,0,0,0,0,0,0,0,0,0,0,0,0,0,1,,Pseudomonadota,Gammaproteobacteria,Enterobacterales,Erwiniaceae,Pantoea
GCF_009696665.2,NZ_CP102353.1,325864,Plasmid,7,1,0,0,0,0,0,1,0,0,1,0,0,1,0,1,0,2,0,0,0,0,0,,Pseudomonadota,Alphaproteobacteria,Rhodobacterales,Paracoccaceae,Paracoccus
GCF_009696685.2,NZ_CP102356.1,325864,Plasmid,7,1,0,0,0,0,0,1,0,0,1,0,0,1,0,1,0,2,0,0,0,0,0,,Pseudomonadota,Alphaproteobacteria,Rhodobacterales,Paracoccaceae,Paracoccus
GCF_011801365.1,NZ_CP041042.1,84792,Plasmid,3,1,0,0,0,0,0,0,0,0,1,0,0,1,0,0,0,0,0,0,0,0,0,,Pseudomonadota,Alphaproteobacteria,Rhodobacterales,Paracoccaceae,Paracoccus
GCF_013378095.1,NZ_CP015960.1,1913088,Plasmid,1,0,0,0,0,0,0,0,0,0,0,1,0,0,0,0,0,0,0,0,0,0,0,,Pseudomonadota,Betaproteobacteria,Burkholderiales,Burkholderiaceae,Paraburkholderia
GCF_013426895.1,NZ_AP023176.1,2342401,Plasmid,1,0,0,0,0,0,0,0,0,0,0,1,0,0,0,0,0,0,0,0,0,0,0,,Pseudomonadota,Betaproteobacteria,Burkholderiales,Burkholderiaceae,Paraburkholderia
GCF_013426915.1,NZ_AP023181.1,2380791,Plasmid,1,0,0,0,0,0,0,0,0,0,0,1,0,0,0,0,0,0,0,0,0,0,0,,Pseudomonadota,Betaproteobacteria,Burkholderiales,Burkholderiaceae,Paraburkholderia
GCF_013426915.1,NZ_AP023182.1,1440798,Plasmid,2,1,0,0,0,0,0,0,0,0,1,0,0,0,0,0,0,0,0,0,0,0,0,,Pseudomonadota,Betaproteobacteria,Burkholderiales,Burkholderiaceae,Paraburkholderia
GCF_016128195.1,NZ_CP066077.1,213994,Plasmid,1,0,0,0,0,0,0,0,0,0,0,0,0,0,0,0,0,0,0,0,0,0,1,,Pseudomonadota,Betaproteobacteria,Burkholderiales,Burkholderiaceae,Paraburkholderia
GCF_019141545.1,NZ_CP065894.1,225058,Plasmid,1,0,0,0,0,0,0,0,0,0,0,0,0,0,0,0,0,0,0,0,0,1,0,,Pseudomonadota,Alphaproteobacteria,Rhodobacterales,Paracoccaceae,Paracoccus
GCF_019880205.1,NZ_CP082297.1,89114,Plasmid,2,0,0,0,0,0,0,0,0,0,0,0,0,0,0,0,0,1,0,0,1,0,0,,Pseudomonadota,Gammaproteobacteria,Enterobacterales,Erwiniaceae,Pantoea
GCF_020885575.1,NZ_AP024960.1,70421,Plasmid,4,1,0,0,0,0,0,0,0,0,1,0,0,1,0,0,0,0,0,0,0,0,1,,Pseudomonadota,Betaproteobacteria,Burkholderiales,Burkholderiaceae,Paraburkholderia
GCF_021397715.1,NZ_CP090208.1,548340,Plasmid,1,0,0,0,0,0,0,0,0,0,0,0,0,0,0,0,0,1,0,0,0,0,0,,Pseudomonadota,Gammaproteobacteria,Enterobacterales,Erwiniaceae,Pantoea
GCF_023169865.1,NZ_AP025261.1,64706,Plasmid,2,1,0,0,0,0,0,0,0,0,0,0,0,1,0,0,0,0,0,0,0,0,0,,Pseudomonadota,Betaproteobacteria,Burkholderiales,Burkholderiaceae,Paraburkholderia
GCF_025765875.1,NZ_CP099538.1,65926,Plasmid,1,0,0,0,0,0,0,0,0,0,1,0,0,0,0,0,0,0,0,0,0,0,0,,Pseudomonadota,Gammaproteobacteria,Enterobacterales,Erwiniaceae,Pantoea
GCF_028553725.1,NZ_CP067126.1,402633,Plasmid,2,0,1,0,0,0,0,0,0,0,0,1,0,0,0,0,0,0,0,0,0,0,0,,Pseudomonadota,Alphaproteobacteria,Rhodobacterales,Paracoccaceae,Paracoccus
GCF_028553745.1,NZ_CP067132.1,420573,Plasmid,5,1,0,0,2,0,0,0,0,0,1,0,0,1,0,0,0,0,0,0,0,0,0,,Pseudomonadota,Alphaproteobacteria,Rhodobacterales,Paracoccaceae,Paracoccus
GCF_028553885.1,NZ_CP067171.1,190534,Plasmid,1,0,0,0,0,0,0,0,0,0,0,0,0,0,0,0,0,0,0,0,0,1,0,,Pseudomonadota,Alphaproteobacteria,Rhodobacterales,Paracoccaceae,Paracoccus
GCF_029203935.1,NZ_CP035287.1,1740310,Plasmid,16,1,1,0,2,0,1,1,1,0,1,1,0,1,1,1,1,1,0,0,1,1,0,,Pseudomonadota,Alphaproteobacteria,Rhodobacterales,Paracoccaceae,Paracoccus
GCF_029909795.1,NZ_CP038196.1,2238439,Plasmid,16,1,1,0,2,0,1,1,1,0,1,1,0,1,1,1,1,1,0,0,1,1,0,,Pseudomonadota,Alphaproteobacteria,Rhodobacterales,Paracoccaceae,Paracoccus
GCF_029910495.1,NZ_CP038206.1,1499165,Plasmid,16,2,1,0,2,0,1,1,1,0,1,1,0,1,1,1,1,1,0,0,1,0,0,,Pseudomonadota,Alphaproteobacteria,Rhodobacterales,Paracoccaceae,Paracoccus
GCF_030388245.1,NZ_CP098362.1,653516,Plasmid,1,1,0,0,0,0,0,0,0,0,0,0,0,0,0,0,0,0,0,0,0,0,0,,Pseudomonadota,Alphaproteobacteria,Rhodobacterales,Paracoccaceae,Paracoccus
GCF_030388245.1,NZ_CP098363.1,225540,Plasmid,1,0,0,0,0,0,0,0,0,0,0,0,0,0,0,0,1,0,0,0,0,0,0,,Pseudomonadota,Alphaproteobacteria,Rhodobacterales,Paracoccaceae,Paracoccus
GCF_031585635.1,NZ_CP134198.1,514023,Plasmid,1,0,0,0,0,0,0,0,0,0,0,0,1,0,0,0,0,0,0,0,0,0,0,,Pseudomonadota,Betaproteobacteria,Burkholderiales,Burkholderiaceae,Paraburkholderia
GCF_031585635.1,NZ_CP134199.1,30440,Plasmid,1,1,0,0,0,0,0,0,0,0,0,0,0,0,0,0,0,0,0,0,0,0,0,,Pseudomonadota,Betaproteobacteria,Burkholderiales,Burkholderiaceae,Paraburkholderia
GCF_031889605.1,NZ_CP134736.1,91904,Plasmid,1,0,0,0,0,0,0,0,0,0,0,0,0,0,0,0,0,0,0,0,0,0,1,,Pseudomonadota,Gammaproteobacteria,Enterobacterales,Erwiniaceae,Pantoea
GCF_031889865.1,NZ_CP134741.1,94249,Plasmid,1,0,0,0,0,0,0,0,0,0,0,0,0,0,0,0,0,0,0,0,0,0,1,,Pseudomonadota,Gammaproteobacteria,Enterobacterales,Erwiniaceae,Pantoea
GCF_033555915.1,NZ_CP109864.1,1155326,Plasmid,3,1,0,0,0,0,0,0,0,0,1,0,0,1,0,0,0,0,0,0,0,0,0,,Pseudomonadota,Alphaproteobacteria,Rhodobacterales,Paracoccaceae,Paracoccus
GCF_034627565.1,NZ_CP141053.1,1730091,Plasmid,10,1,1,0,0,0,0,0,0,0,1,1,0,1,0,0,1,1,0,1,2,0,0,,Pseudomonadota,Alphaproteobacteria,Rhodobacterales,Paracoccaceae,Paracoccus
GCF_035582725.1,NZ_CP141613.1,90198,Plasmid,1,0,0,0,0,0,0,0,0,0,0,0,0,0,0,0,0,0,0,0,0,0,1,,Pseudomonadota,Gammaproteobacteria,Enterobacterales,Erwiniaceae,Pantoea
GCF_037101255.1,NZ_AP028998.1,2481578,Plasmid,1,0,0,0,0,0,0,0,0,0,0,1,0,0,0,0,0,0,0,0,0,0,0,,Pseudomonadota,Betaproteobacteria,Burkholderiales,Burkholderiaceae,Paraburkholderia
GCF_039905895.1,NZ_CP157012.1,368501,Plasmid,1,0,0,0,0,0,0,0,0,0,0,0,0,0,0,0,0,0,0,0,0,1,0,,Pseudomonadota,Alphaproteobacteria,Rhodobacterales,Paracoccaceae,Paracoccus
GCF_040255075.1,NZ_CP158294.1,442134,Plasmid,2,0,1,0,0,0,0,0,0,0,1,0,0,0,0,0,0,0,0,0,0,0,0,,Pseudomonadota,Gammaproteobacteria,Enterobacterales,Erwiniaceae,Pantoea
GCF_041879345.1,NZ_CP089417.1,424132,Plasmid,1,0,0,0,0,0,0,0,0,0,0,0,0,0,0,0,0,0,0,0,0,1,0,,Pseudomonadota,Alphaproteobacteria,Rhodobacterales,Paracoccaceae,Paracoccus
GCF_046042675.1,NZ_CP174140.1,230595,Plasmid,1,0,0,0,0,0,0,0,0,0,0,0,0,0,0,0,0,0,0,0,0,1,0,,Pseudomonadota,Alphaproteobacteria,Rhodobacterales,Paracoccaceae,Paracoccus
GCF_046736325.1,NZ_CP151277.1,535398,Plasmid,44,2,5,1,1,1,2,2,2,1,4,4,2,2,1,3,4,3,1,1,2,0,0,,Pseudomonadota,Alphaproteobacteria,Rhodobacterales,Paracoccaceae,Paracoccus
GCF_047947045.1,NZ_CP133292.1,399597,Plasmid,1,1,0,0,0,0,0,0,0,0,0,0,0,0,0,0,0,0,0,0,0,0,0,,Pseudomonadota,Gammaproteobacteria,Enterobacterales,Erwiniaceae,Pantoea
GCF_048270675.1,NZ_CP182419.1,1565577,Plasmid,16,2,1,0,2,0,1,1,1,0,1,1,0,1,1,1,1,1,0,0,1,0,0,,Pseudomonadota,Alphaproteobacteria,Rhodobacterales,Paracoccaceae,Paracoccus
GCF_048288315.1,NZ_CP133064.1,568599,Plasmid,1,0,0,0,0,0,0,0,0,1,0,0,0,0,0,0,0,0,0,0,0,0,0,,Pseudomonadota,Gammaproteobacteria,Enterobacterales,Erwiniaceae,Pantoea
GCF_049390655.1,NZ_CP038037.1,150389,Plasmid,1,0,0,0,0,0,0,0,0,0,0,0,0,0,0,1,0,0,0,0,0,0,0,,Pseudomonadota,Alphaproteobacteria,Rhodobacterales,Paracoccaceae,Paracoccus
GCF_049390655.1,NZ_CP038039.1,200045,Plasmid,1,0,0,0,0,0,0,0,0,0,0,0,0,0,0,1,0,0,0,0,0,0,0,,Pseudomonadota,Alphaproteobacteria,Rhodobacterales,Paracoccaceae,Paracoccus
GCF_049390655.1,NZ_CP038041.1,484899,Plasmid,1,0,0,0,0,0,0,0,0,0,0,1,0,0,0,0,0,0,0,0,0,0,0,,Pseudomonadota,Alphaproteobacteria,Rhodobacterales,Paracoccaceae,Paracoccus
GCF_049391175.1,NZ_CP038059.1,278625,Plasmid,1,0,0,0,0,0,0,0,0,0,0,0,0,0,0,1,0,0,0,0,0,0,0,,Pseudomonadota,Alphaproteobacteria,Rhodobacterales,Paracoccaceae,Paracoccus
GCF_049391175.1,NZ_CP038060.1,326635,Plasmid,1,0,0,0,0,0,0,0,0,0,0,1,0,0,0,0,0,0,0,0,0,0,0,,Pseudomonadota,Alphaproteobacteria,Rhodobacterales,Paracoccaceae,Paracoccus
GCF_049391125.1,NZ_CP038055.1,409973,Plasmid,1,0,0,0,0,0,0,0,0,0,0,0,0,0,0,1,0,0,0,0,0,0,0,,Pseudomonadota,Alphaproteobacteria,Rhodobacterales,Paracoccaceae,Paracoccus
GCF_049391125.1,NZ_CP038051.1,95405,Plasmid,1,0,0,0,0,0,0,0,0,0,0,1,0,0,0,0,0,0,0,0,0,0,0,,Pseudomonadota,Alphaproteobacteria,Rhodobacterales,Paracoccaceae,Paracoccus
GCF_049391625.1,NZ_CP038075.1,114885,Plasmid,1,0,0,0,0,0,0,0,0,0,0,1,0,0,0,0,0,0,0,0,0,0,0,,Pseudomonadota,Alphaproteobacteria,Rhodobacterales,Paracoccaceae,Paracoccus
GCF_049391625.1,NZ_CP038079.1,347110,Plasmid,1,0,0,0,0,0,0,0,0,0,0,0,0,0,0,1,0,0,0,0,0,0,0,,Pseudomonadota,Alphaproteobacteria,Rhodobacterales,Paracoccaceae,Paracoccus
GCF_049392085.1,NZ_CP038091.1,218176,Plasmid,1,0,0,0,0,0,0,0,0,0,0,0,0,0,0,1,0,0,0,0,0,0,0,,Pseudomonadota,Alphaproteobacteria,Rhodobacterales,Paracoccaceae,Paracoccus
GCF_049392085.1,NZ_CP038092.1,269760,Plasmid,1,0,0,0,0,0,0,0,0,0,0,0,0,0,0,1,0,0,0,0,0,0,0,,Pseudomonadota,Alphaproteobacteria,Rhodobacterales,Paracoccaceae,Paracoccus
GCF_049392085.1,NZ_CP038094.1,365074,Plasmid,1,0,0,0,0,0,0,0,0,0,0,1,0,0,0,0,0,0,0,0,0,0,0,,Pseudomonadota,Alphaproteobacteria,Rhodobacterales,Paracoccaceae,Paracoccus
GCF_049391675.1,NZ_CP038088.1,275984,Plasmid,1,0,0,0,0,0,0,0,0,0,0,0,0,0,0,1,0,0,0,0,0,0,0,,Pseudomonadota,Alphaproteobacteria,Rhodobacterales,Paracoccaceae,Paracoccus
GCF_049391675.1,NZ_CP038089.1,313740,Plasmid,1,0,0,0,0,0,0,0,0,0,0,1,0,0,0,0,0,0,0,0,0,0,0,,Pseudomonadota,Alphaproteobacteria,Rhodobacterales,Paracoccaceae,Paracoccus
GCF_900005615.1,NZ_LN832562.1,740381,Plasmid,3,1,0,0,0,0,0,0,0,0,1,0,0,1,0,0,0,0,0,0,0,0,0,,Pseudomonadota,Alphaproteobacteria,Rhodobacterales,Paracoccaceae,Paracoccus
GCF_902459535.1,NZ_LR699555.1,204567,Plasmid,1,0,0,0,0,0,0,0,0,0,0,0,0,0,0,0,0,0,0,0,0,0,1,,Pseudomonadota,Betaproteobacteria,Burkholderiales,Burkholderiaceae,Paraburkholderia
GCF_023823895.1,NZ_CP085716.1,107792,Plasmid,23,1,2,1,1,0,1,1,2,1,1,2,1,2,1,1,2,1,0,1,1,0,0,,Bacillota,Bacilli,Bacillales,Bacillaceae,Peribacillus
GCF_023823935.1,NZ_CP085718.1,58089,Plasmid,1,0,0,0,0,0,0,0,1,0,0,0,0,0,0,0,0,0,0,0,0,0,0,,Bacillota,Bacilli,Bacillales,Bacillaceae,Peribacillus
GCF_023823935.1,NZ_CP085719.1,58069,Plasmid,1,0,0,0,0,0,0,0,1,0,0,0,0,0,0,0,0,0,0,0,0,0,0,,Bacillota,Bacilli,Bacillales,Bacillaceae,Peribacillus
GCF_023823995.1,NZ_CP085515.1,116332,Plasmid,2,0,0,0,0,0,0,0,2,0,0,0,0,0,0,0,0,0,0,0,0,0,0,,Bacillota,Bacilli,Bacillales,Bacillaceae,Peribacillus
GCF_023823995.1,NZ_CP085516.1,61415,Plasmid,1,0,0,0,0,0,0,0,1,0,0,0,0,0,0,0,0,0,0,0,0,0,0,,Bacillota,Bacilli,Bacillales,Bacillaceae,Peribacillus
GCF_023823975.1,NZ_CP085721.1,78128,Plasmid,24,1,2,1,1,1,1,1,2,1,1,2,1,2,1,1,2,1,0,1,1,0,0,,Bacillota,Bacilli,Bacillales,Bacillaceae,Peribacillus
GCF_023823975.1,NZ_CP085722.1,76154,Plasmid,21,1,2,1,1,1,1,1,1,1,1,1,0,2,1,1,2,1,0,1,1,0,0,,Bacillota,Bacilli,Bacillales,Bacillaceae,Peribacillus
GCF_038693235.1,NZ_CP152292.1,8673,Plasmid,10,0,1,1,2,0,2,1,0,0,0,2,1,0,0,0,0,0,0,0,0,0,0,,Bacillota,Bacilli,Bacillales,Bacillaceae,Peribacillus
GCF_000154745.2,NC_018421.1,237766,Plasmid,1,0,1,0,0,0,0,0,0,0,0,0,0,0,0,0,0,0,0,0,0,0,0,,Pseudomonadota,Alphaproteobacteria,Rhodobacterales,Roseobacteraceae,Phaeobacter
GCF_000154765.2,NC_018291.1,261820,Plasmid,1,0,1,0,0,0,0,0,0,0,0,0,0,0,0,0,0,0,0,0,0,0,0,,Pseudomonadota,Alphaproteobacteria,Rhodobacterales,Roseobacteraceae,Phaeobacter
GCF_000511385.1,NC_023138.1,255493,Plasmid,1,0,1,0,0,0,0,0,0,0,0,0,0,0,0,0,0,0,0,0,0,0,0,,Pseudomonadota,Alphaproteobacteria,Rhodobacterales,Roseobacteraceae,Phaeobacter
GCF_000826835.2,NZ_CP080276.1,248209,Plasmid,1,0,1,0,0,0,0,0,0,0,0,0,0,0,0,0,0,0,0,0,0,0,0,,Pseudomonadota,Alphaproteobacteria,Rhodobacterales,Roseobacteraceae,Phaeobacter
GCF_001888185.1,NZ_CP016365.1,218458,Plasmid,1,0,1,0,0,0,0,0,0,0,0,0,0,0,0,0,0,0,0,0,0,0,0,,Pseudomonadota,Alphaproteobacteria,Rhodobacterales,Roseobacteraceae,Phaeobacter
GCF_001969345.1,NZ_CP019308.1,241798,Plasmid,1,0,1,0,0,0,0,0,0,0,0,0,0,0,0,0,0,0,0,0,0,0,0,,Pseudomonadota,Alphaproteobacteria,Rhodobacterales,Roseobacteraceae,Phaeobacter
GCF_002381285.1,NZ_CP010674.1,256057,Plasmid,1,0,1,0,0,0,0,0,0,0,0,0,0,0,0,0,0,0,0,0,0,0,0,,Pseudomonadota,Alphaproteobacteria,Rhodobacterales,Roseobacteraceae,Phaeobacter
GCF_002381305.1,NZ_CP010589.1,256057,Plasmid,1,0,1,0,0,0,0,0,0,0,0,0,0,0,0,0,0,0,0,0,0,0,0,,Pseudomonadota,Alphaproteobacteria,Rhodobacterales,Roseobacteraceae,Phaeobacter
GCF_002381325.1,NZ_CP010637.1,256057,Plasmid,1,0,1,0,0,0,0,0,0,0,0,0,0,0,0,0,0,0,0,0,0,0,0,,Pseudomonadota,Alphaproteobacteria,Rhodobacterales,Roseobacteraceae,Phaeobacter
GCF_002381365.1,NZ_CP021048.1,256560,Plasmid,1,0,1,0,0,0,0,0,0,0,0,0,0,0,0,0,0,0,0,0,0,0,0,,Pseudomonadota,Alphaproteobacteria,Rhodobacterales,Roseobacteraceae,Phaeobacter
GCF_002381385.1,NZ_CP021041.1,256560,Plasmid,1,0,1,0,0,0,0,0,0,0,0,0,0,0,0,0,0,0,0,0,0,0,0,,Pseudomonadota,Alphaproteobacteria,Rhodobacterales,Roseobacteraceae,Phaeobacter
GCF_002393525.1,NZ_CP010785.1,256057,Plasmid,1,0,1,0,0,0,0,0,0,0,0,0,0,0,0,0,0,0,0,0,0,0,0,,Pseudomonadota,Alphaproteobacteria,Rhodobacterales,Roseobacteraceae,Phaeobacter
GCF_002407245.1,NZ_CP010682.1,221388,Plasmid,1,0,1,0,0,0,0,0,0,0,0,0,0,0,0,0,0,0,0,0,0,0,0,,Pseudomonadota,Alphaproteobacteria,Rhodobacterales,Roseobacteraceae,Phaeobacter
GCF_002412025.1,NZ_CP010644.1,221490,Plasmid,1,0,1,0,0,0,0,0,0,0,0,0,0,0,0,0,0,0,0,0,0,0,0,,Pseudomonadota,Alphaproteobacteria,Rhodobacterales,Roseobacteraceae,Phaeobacter
GCF_002412045.1,NZ_CP010768.1,205383,Plasmid,1,0,1,0,0,0,0,0,0,0,0,0,0,0,0,0,0,0,0,0,0,0,0,,Pseudomonadota,Alphaproteobacteria,Rhodobacterales,Roseobacteraceae,Phaeobacter
GCF_002764115.1,NZ_CP017941.1,640058,Plasmid,2,0,1,0,0,0,1,0,0,0,0,0,0,0,0,0,0,0,0,0,0,0,0,,Pseudomonadota,Alphaproteobacteria,Hyphomicrobiales,Phyllobacteriaceae,Phyllobacterium
GCF_002764115.1,NZ_CP017942.1,533425,Plasmid,4,1,0,0,0,0,0,0,0,0,1,0,0,2,0,0,0,0,0,0,0,0,0,,Pseudomonadota,Alphaproteobacteria,Hyphomicrobiales,Phyllobacteriaceae,Phyllobacterium
GCF_002888685.1,NZ_CP010596.1,261822,Plasmid,1,0,1,0,0,0,0,0,0,0,0,0,0,0,0,0,0,0,0,0,0,0,0,,Pseudomonadota,Alphaproteobacteria,Rhodobacterales,Roseobacteraceae,Phaeobacter
GCF_002888715.1,NZ_CP010806.1,221490,Plasmid,1,0,1,0,0,0,0,0,0,0,0,0,0,0,0,0,0,0,0,0,0,0,0,,Pseudomonadota,Alphaproteobacteria,Rhodobacterales,Roseobacteraceae,Phaeobacter
GCF_002891665.1,NZ_CP010697.1,219155,Plasmid,1,0,1,0,0,0,0,0,0,0,0,0,0,0,0,0,0,0,0,0,0,0,0,,Pseudomonadota,Alphaproteobacteria,Rhodobacterales,Roseobacteraceae,Phaeobacter
GCF_002891905.1,NZ_CP010657.1,205393,Plasmid,1,0,1,0,0,0,0,0,0,0,0,0,0,0,0,0,0,0,0,0,0,0,0,,Pseudomonadota,Alphaproteobacteria,Rhodobacterales,Roseobacteraceae,Phaeobacter
GCF_002891925.1,NZ_CP010717.1,206797,Plasmid,1,0,1,0,0,0,0,0,0,0,0,0,0,0,0,0,0,0,0,0,0,0,0,,Pseudomonadota,Alphaproteobacteria,Rhodobacterales,Roseobacteraceae,Phaeobacter
GCF_002891945.1,NZ_CP010736.1,226965,Plasmid,1,0,1,0,0,0,0,0,0,0,0,0,0,0,0,0,0,0,0,0,0,0,0,,Pseudomonadota,Alphaproteobacteria,Rhodobacterales,Roseobacteraceae,Phaeobacter
GCF_002891965.1,NZ_CP010630.1,255840,Plasmid,1,0,1,0,0,0,0,0,0,0,0,0,0,0,0,0,0,0,0,0,0,0,0,,Pseudomonadota,Alphaproteobacteria,Rhodobacterales,Roseobacteraceae,Phaeobacter
GCF_002891985.1,NZ_CP010624.1,219155,Plasmid,1,0,1,0,0,0,0,0,0,0,0,0,0,0,0,0,0,0,0,0,0,0,0,,Pseudomonadota,Alphaproteobacteria,Rhodobacterales,Roseobacteraceae,Phaeobacter
GCF_002892005.1,NZ_CP010669.1,219155,Plasmid,1,0,1,0,0,0,0,0,0,0,0,0,0,0,0,0,0,0,0,0,0,0,0,,Pseudomonadota,Alphaproteobacteria,Rhodobacterales,Roseobacteraceae,Phaeobacter
GCF_002892025.1,NZ_CP010612.1,226389,Plasmid,1,0,1,0,0,0,0,0,0,0,0,0,0,0,0,0,0,0,0,0,0,0,0,,Pseudomonadota,Alphaproteobacteria,Rhodobacterales,Roseobacteraceae,Phaeobacter
GCF_002892045.1,NZ_CP010663.1,226389,Plasmid,1,0,1,0,0,0,0,0,0,0,0,0,0,0,0,0,0,0,0,0,0,0,0,,Pseudomonadota,Alphaproteobacteria,Rhodobacterales,Roseobacteraceae,Phaeobacter
GCF_002892065.1,NZ_CP010706.1,226931,Plasmid,1,0,1,0,0,0,0,0,0,0,0,0,0,0,0,0,0,0,0,0,0,0,0,,Pseudomonadota,Alphaproteobacteria,Rhodobacterales,Roseobacteraceae,Phaeobacter
GCF_002892085.1,NZ_CP010726.1,226930,Plasmid,1,0,1,0,0,0,0,0,0,0,0,0,0,0,0,0,0,0,0,0,0,0,0,,Pseudomonadota,Alphaproteobacteria,Rhodobacterales,Roseobacteraceae,Phaeobacter
GCF_002892125.1,NZ_CP010751.1,226389,Plasmid,1,0,1,0,0,0,0,0,0,0,0,0,0,0,0,0,0,0,0,0,0,0,0,,Pseudomonadota,Alphaproteobacteria,Rhodobacterales,Roseobacteraceae,Phaeobacter
GCF_002892145.1,NZ_CP010757.1,226931,Plasmid,1,0,1,0,0,0,0,0,0,0,0,0,0,0,0,0,0,0,0,0,0,0,0,,Pseudomonadota,Alphaproteobacteria,Rhodobacterales,Roseobacteraceae,Phaeobacter
GCF_002892165.1,NZ_CP010742.1,238916,Plasmid,1,0,1,0,0,0,0,0,0,0,0,0,0,0,0,0,0,0,0,0,0,0,0,,Pseudomonadota,Alphaproteobacteria,Rhodobacterales,Roseobacteraceae,Phaeobacter
GCF_002892185.1,NZ_CP010651.1,241996,Plasmid,1,0,1,0,0,0,0,0,0,0,0,0,0,0,0,0,0,0,0,0,0,0,0,,Pseudomonadota,Alphaproteobacteria,Rhodobacterales,Roseobacteraceae,Phaeobacter
GCF_002892205.1,NZ_CP010618.1,240648,Plasmid,1,0,1,0,0,0,0,0,0,0,0,0,0,0,0,0,0,0,0,0,0,0,0,,Pseudomonadota,Alphaproteobacteria,Rhodobacterales,Roseobacteraceae,Phaeobacter
GCF_002892225.1,NZ_CP010600.1,226931,Plasmid,1,0,1,0,0,0,0,0,0,0,0,0,0,0,0,0,0,0,0,0,0,0,0,,Pseudomonadota,Alphaproteobacteria,Rhodobacterales,Roseobacteraceae,Phaeobacter
GCF_002892265.1,NZ_CP010746.1,234052,Plasmid,1,0,1,0,0,0,0,0,0,0,0,0,0,0,0,0,0,0,0,0,0,0,0,,Pseudomonadota,Alphaproteobacteria,Rhodobacterales,Roseobacteraceae,Phaeobacter
GCF_002892245.1,NZ_CP010690.1,221490,Plasmid,1,0,1,0,0,0,0,0,0,0,0,0,0,0,0,0,0,0,0,0,0,0,0,,Pseudomonadota,Alphaproteobacteria,Rhodobacterales,Roseobacteraceae,Phaeobacter
GCF_003443555.1,NZ_CP031953.1,237766,Plasmid,1,0,1,0,0,0,0,0,0,0,0,0,0,0,0,0,0,0,0,0,0,0,0,,Pseudomonadota,Alphaproteobacteria,Rhodobacterales,Roseobacteraceae,Phaeobacter
GCF_003443575.1,NZ_CP031949.1,261821,Plasmid,1,0,1,0,0,0,0,0,0,0,0,0,0,0,0,0,0,0,0,0,0,0,0,,Pseudomonadota,Alphaproteobacteria,Rhodobacterales,Roseobacteraceae,Phaeobacter
GCF_003443595.1,NZ_CP031957.1,206689,Plasmid,1,0,1,0,0,0,0,0,0,0,0,0,0,0,0,0,0,0,0,0,0,0,0,,Pseudomonadota,Alphaproteobacteria,Rhodobacterales,Roseobacteraceae,Phaeobacter
GCF_003850185.1,NZ_CP033938.1,58511,Plasmid,2,1,0,0,0,0,0,1,0,0,0,0,0,0,0,0,0,0,0,0,0,0,0,,Pseudomonadota,Gammaproteobacteria,Thiotrichales,Piscirickettsiaceae,Piscirickettsia
GCF_003850185.1,NZ_CP033939.1,39685,Plasmid,2,1,0,0,0,0,0,1,0,0,0,0,0,0,0,0,0,0,0,0,0,0,0,,Pseudomonadota,Gammaproteobacteria,Thiotrichales,Piscirickettsiaceae,Piscirickettsia
GCF_003850185.1,NZ_CP033940.1,40431,Plasmid,1,0,0,0,0,0,0,0,0,0,0,0,0,1,0,0,0,0,0,0,0,0,0,,Pseudomonadota,Gammaproteobacteria,Thiotrichales,Piscirickettsiaceae,Piscirickettsia
GCF_003850185.1,NZ_CP033941.1,29004,Plasmid,2,1,0,0,0,0,0,1,0,0,0,0,0,0,0,0,0,0,0,0,0,0,0,,Pseudomonadota,Gammaproteobacteria,Thiotrichales,Piscirickettsiaceae,Piscirickettsia
GCF_009708995.1,NZ_CP039041.1,251458,Plasmid,2,0,1,0,0,0,0,0,0,0,0,0,0,0,0,0,1,0,0,0,0,0,0,,Pseudomonadota,Gammaproteobacteria,Thiotrichales,Piscirickettsiaceae,Piscirickettsia
GCF_010092565.1,NZ_CP048065.1,37211,Plasmid,2,0,0,0,1,0,0,0,1,0,0,0,0,0,0,0,0,0,0,0,0,0,0,,Pseudomonadota,Gammaproteobacteria,Thiotrichales,Piscirickettsiaceae,Piscirickettsia
GCF_014189505.1,NZ_CP050302.1,450591,Plasmid,3,1,0,0,0,0,0,0,0,0,1,0,0,1,0,0,0,0,0,0,0,0,0,,Pseudomonadota,Alphaproteobacteria,Hyphomicrobiales,Phyllobacteriaceae,Phyllobacterium
GCF_018199995.1,NZ_CP073579.1,1690710,Plasmid,4,0,0,0,1,0,0,0,0,0,0,0,0,0,0,1,2,0,0,0,0,0,0,,Pseudomonadota,Gammaproteobacteria,Vibrionales,Vibrionaceae,Photobacterium
GCF_021768425.1,NZ_CP090497.1,598737,Plasmid,8,0,2,1,0,0,0,0,1,0,0,1,0,1,0,0,2,0,0,0,0,0,0,,Pseudomonadota,Gammaproteobacteria,Vibrionales,Vibrionaceae,Photobacterium
GCF_024494545.1,NZ_CP101699.1,1000,Plasmid,6,1,3,0,0,1,0,0,0,0,0,0,0,0,0,0,0,0,0,0,0,0,1,,Pseudomonadota,Gammaproteobacteria,Vibrionales,Vibrionaceae,Photobacterium
GCF_025142455.1,NZ_CP081167.1,220015,Plasmid,1,0,1,0,0,0,0,0,0,0,0,0,0,0,0,0,0,0,0,0,0,0,0,,Pseudomonadota,Alphaproteobacteria,Rhodobacterales,Roseobacteraceae,Phaeobacter
GCF_025142595.1,NZ_CP081172.1,235535,Plasmid,1,0,1,0,0,0,0,0,0,0,0,0,0,0,0,0,0,0,0,0,0,0,0,,Pseudomonadota,Alphaproteobacteria,Rhodobacterales,Roseobacteraceae,Phaeobacter
GCF_025142675.1,NZ_CP081213.1,251663,Plasmid,1,0,1,0,0,0,0,0,0,0,0,0,0,0,0,0,0,0,0,0,0,0,0,,Pseudomonadota,Alphaproteobacteria,Rhodobacterales,Roseobacteraceae,Phaeobacter
GCF_025142695.1,NZ_CP081218.1,226990,Plasmid,1,0,1,0,0,0,0,0,0,0,0,0,0,0,0,0,0,0,0,0,0,0,0,,Pseudomonadota,Alphaproteobacteria,Rhodobacterales,Roseobacteraceae,Phaeobacter
GCF_025142715.1,NZ_CP081222.1,226994,Plasmid,1,0,1,0,0,0,0,0,0,0,0,0,0,0,0,0,0,0,0,0,0,0,0,,Pseudomonadota,Alphaproteobacteria,Rhodobacterales,Roseobacteraceae,Phaeobacter
GCF_025142735.1,NZ_CP081226.1,251665,Plasmid,1,0,1,0,0,0,0,0,0,0,0,0,0,0,0,0,0,0,0,0,0,0,0,,Pseudomonadota,Alphaproteobacteria,Rhodobacterales,Roseobacteraceae,Phaeobacter
GCF_025142755.1,NZ_CP081231.1,226772,Plasmid,1,0,1,0,0,0,0,0,0,0,0,0,0,0,0,0,0,0,0,0,0,0,0,,Pseudomonadota,Alphaproteobacteria,Rhodobacterales,Roseobacteraceae,Phaeobacter
GCF_025142775.1,NZ_CP081237.1,227023,Plasmid,1,0,1,0,0,0,0,0,0,0,0,0,0,0,0,0,0,0,0,0,0,0,0,,Pseudomonadota,Alphaproteobacteria,Rhodobacterales,Roseobacteraceae,Phaeobacter
GCF_025142795.1,NZ_CP081241.1,267928,Plasmid,1,0,1,0,0,0,0,0,0,0,0,0,0,0,0,0,0,0,0,0,0,0,0,,Pseudomonadota,Alphaproteobacteria,Rhodobacterales,Roseobacteraceae,Phaeobacter
GCF_025142815.1,NZ_CP081245.1,226917,Plasmid,1,0,1,0,0,0,0,0,0,0,0,0,0,0,0,0,0,0,0,0,0,0,0,,Pseudomonadota,Alphaproteobacteria,Rhodobacterales,Roseobacteraceae,Phaeobacter
GCF_025142835.1,NZ_CP081249.1,238926,Plasmid,1,0,1,0,0,0,0,0,0,0,0,0,0,0,0,0,0,0,0,0,0,0,0,,Pseudomonadota,Alphaproteobacteria,Rhodobacterales,Roseobacteraceae,Phaeobacter
GCF_025142855.1,NZ_CP081254.1,241898,Plasmid,1,0,1,0,0,0,0,0,0,0,0,0,0,0,0,0,0,0,0,0,0,0,0,,Pseudomonadota,Alphaproteobacteria,Rhodobacterales,Roseobacteraceae,Phaeobacter
GCF_025143105.1,NZ_CP081259.1,219962,Plasmid,1,0,1,0,0,0,0,0,0,0,0,0,0,0,0,0,0,0,0,0,0,0,0,,Pseudomonadota,Alphaproteobacteria,Rhodobacterales,Roseobacteraceae,Phaeobacter
GCF_025143215.1,NZ_CP081263.1,226406,Plasmid,1,0,1,0,0,0,0,0,0,0,0,0,0,0,0,0,0,0,0,0,0,0,0,,Pseudomonadota,Alphaproteobacteria,Rhodobacterales,Roseobacteraceae,Phaeobacter
GCF_025143325.1,NZ_CP081268.1,237671,Plasmid,1,0,1,0,0,0,0,0,0,0,0,0,0,0,0,0,0,0,0,0,0,0,0,,Pseudomonadota,Alphaproteobacteria,Rhodobacterales,Roseobacteraceae,Phaeobacter
GCF_025143505.1,NZ_CP081277.1,227473,Plasmid,1,0,1,0,0,0,0,0,0,0,0,0,0,0,0,0,0,0,0,0,0,0,0,,Pseudomonadota,Alphaproteobacteria,Rhodobacterales,Roseobacteraceae,Phaeobacter
GCF_025143405.1,NZ_CP081272.1,226573,Plasmid,1,0,1,0,0,0,0,0,0,0,0,0,0,0,0,0,0,0,0,0,0,0,0,,Pseudomonadota,Alphaproteobacteria,Rhodobacterales,Roseobacteraceae,Phaeobacter
GCF_025143665.1,NZ_CP081283.1,229369,Plasmid,1,0,1,0,0,0,0,0,0,0,0,0,0,0,0,0,0,0,0,0,0,0,0,,Pseudomonadota,Alphaproteobacteria,Rhodobacterales,Roseobacteraceae,Phaeobacter
GCF_025452195.1,NZ_CP104972.1,990469,Plasmid,2,0,0,0,0,0,0,0,0,0,0,1,0,1,0,0,0,0,0,0,0,0,0,,Pseudomonadota,Alphaproteobacteria,Hyphomicrobiales,Phyllobacteriaceae,Phyllobacterium
GCF_025452195.1,NZ_CP104971.1,586768,Plasmid,1,0,0,0,0,0,0,0,0,0,0,0,0,0,0,0,1,0,0,0,0,0,0,,Pseudomonadota,Alphaproteobacteria,Hyphomicrobiales,Phyllobacteriaceae,Phyllobacterium
GCF_025452195.1,NZ_CP104969.1,394220,Plasmid,4,1,0,0,0,0,0,0,0,0,1,0,0,1,0,0,0,0,0,0,0,1,0,,Pseudomonadota,Alphaproteobacteria,Hyphomicrobiales,Phyllobacteriaceae,Phyllobacterium
GCF_025452215.1,NZ_CP104967.1,1594332,Plasmid,1,0,0,0,0,0,0,0,0,0,0,0,0,1,0,0,0,0,0,0,0,0,0,,Pseudomonadota,Alphaproteobacteria,Hyphomicrobiales,Phyllobacteriaceae,Phyllobacterium
GCF_025452215.1,NZ_CP104968.1,519824,Plasmid,3,1,0,0,0,0,0,0,0,0,1,0,0,1,0,0,0,0,0,0,0,0,0,,Pseudomonadota,Alphaproteobacteria,Hyphomicrobiales,Phyllobacteriaceae,Phyllobacterium
GCF_029223585.1,NZ_CP119424.1,2139191,Plasmid,14,0,0,0,3,0,0,0,1,0,0,0,0,0,0,0,9,0,0,0,0,1,0,,Pseudomonadota,Gammaproteobacteria,Vibrionales,Vibrionaceae,Photobacterium
GCF_030060455.1,NZ_CP125871.1,291202,Plasmid,1,0,1,0,0,0,0,0,0,0,0,0,0,0,0,0,0,0,0,0,0,0,0,,Pseudomonadota,Alphaproteobacteria,Rhodobacterales,Roseobacteraceae,Phaeobacter
GCF_030168795.1,NZ_CP073687.1,187994,Plasmid,1,0,1,0,0,0,0,0,0,0,0,0,0,0,0,0,0,0,0,0,0,0,0,,Pseudomonadota,Gammaproteobacteria,Vibrionales,Vibrionaceae,Photobacterium
GCF_038086915.1,NZ_CP146977.1,23562,Plasmid,3,0,2,0,0,0,0,0,0,0,0,0,0,0,0,0,1,0,0,0,0,0,0,,Pseudomonadota,Gammaproteobacteria,Vibrionales,Vibrionaceae,Photobacterium
GCF_041893525.1,NZ_CP169069.1,225772,Plasmid,1,0,1,0,0,0,0,0,0,0,0,0,0,0,0,0,0,0,0,0,0,0,0,,Pseudomonadota,Alphaproteobacteria,Rhodobacterales,Roseobacteraceae,Phaeobacter
GCF_045040565.1,NZ_CP090653.1,206758,Plasmid,1,0,1,0,0,0,0,0,0,0,0,0,0,0,0,0,0,0,0,0,0,0,0,,Pseudomonadota,Alphaproteobacteria,Rhodobacterales,Roseobacteraceae,Phaeobacter
GCF_045040595.1,NZ_CP090664.1,205169,Plasmid,1,0,1,0,0,0,0,0,0,0,0,0,0,0,0,0,0,0,0,0,0,0,0,,Pseudomonadota,Alphaproteobacteria,Rhodobacterales,Roseobacteraceae,Phaeobacter
GCF_000025825.1,NC_004604.2,53865,Plasmid,18,1,1,1,1,1,1,1,2,0,1,2,1,0,0,1,1,1,0,1,1,0,0,,Bacillota,Bacilli,Bacillales,Bacillaceae,Priestia
GCF_000025825.1,NC_014023.1,164406,Plasmid,1,0,0,0,0,1,0,0,0,0,0,0,0,0,0,0,0,0,0,0,0,0,0,,Bacillota,Bacilli,Bacillales,Bacillaceae,Priestia
GCF_000225265.1,NC_017139.1,74613,Plasmid,17,1,1,0,1,1,1,1,2,0,1,2,1,0,0,1,1,1,0,1,1,0,0,,Bacillota,Bacilli,Bacillales,Bacillaceae,Priestia
GCF_000334875.3,NZ_CP032530.1,131764,Plasmid,1,0,0,0,0,0,0,0,0,0,0,0,0,0,0,0,0,0,0,0,0,0,1,,Bacillota,Bacilli,Bacillales,Bacillaceae,Priestia
GCF_000334875.3,NZ_CP032534.1,57761,Plasmid,1,0,0,0,0,0,0,0,0,0,0,0,0,0,0,0,0,0,0,0,1,0,0,,Bacillota,Bacilli,Bacillales,Bacillaceae,Priestia
GCF_000334875.3,NZ_CP032535.1,38703,Plasmid,18,1,1,1,1,1,1,1,2,0,1,2,1,0,0,1,1,1,0,1,1,0,0,,Bacillota,Bacilli,Bacillales,Bacillaceae,Priestia
GCF_000832985.1,NZ_CP009921.1,301264,Plasmid,1,0,0,0,0,0,0,0,0,0,0,0,0,0,0,0,0,0,0,0,0,0,1,,Bacillota,Bacilli,Bacillales,Bacillaceae,Priestia
GCF_001050455.1,NZ_CP010587.1,76260,Plasmid,17,1,1,0,1,1,1,1,2,0,1,2,1,0,0,1,1,1,0,1,1,0,0,,Bacillota,Bacilli,Bacillales,Bacillaceae,Priestia
GCF_002009195.1,NZ_CP018875.1,167030,Plasmid,2,0,0,0,0,1,0,0,0,0,0,0,0,0,0,0,0,0,0,0,1,0,0,,Bacillota,Bacilli,Bacillales,Bacillaceae,Priestia
GCF_002009195.1,NZ_CP018878.1,60905,Plasmid,2,0,0,1,0,0,0,1,0,0,0,0,0,0,0,0,0,0,0,0,0,0,0,,Bacillota,Bacilli,Bacillales,Bacillaceae,Priestia
GCF_002688605.1,NZ_CP024036.1,139863,Plasmid,1,0,0,0,0,0,0,0,0,0,0,0,0,0,0,0,0,0,0,0,0,0,1,,Bacillota,Bacilli,Bacillales,Bacillaceae,Priestia
GCF_002688605.1,NZ_CP024037.1,78572,Plasmid,17,1,1,0,1,1,1,1,2,0,1,2,1,0,0,1,1,1,0,1,1,0,0,,Bacillota,Bacilli,Bacillales,Bacillaceae,Priestia
GCF_003072605.2,NZ_CP026737.1,22063,Plasmid,1,0,0,0,0,0,0,0,0,0,0,0,0,0,0,0,0,0,0,0,1,0,0,,Bacillota,Bacilli,Bacillales,Bacillaceae,Priestia
GCF_003072605.2,NZ_CP026738.1,161760,Plasmid,1,0,0,0,0,0,0,0,0,0,0,0,0,0,0,0,0,0,0,0,1,0,0,,Bacillota,Bacilli,Bacillales,Bacillaceae,Priestia
GCF_003072605.2,NZ_CP026739.1,20496,Plasmid,1,0,0,0,0,0,0,0,0,0,0,0,0,0,0,0,0,0,0,0,1,0,0,,Bacillota,Bacilli,Bacillales,Bacillaceae,Priestia
GCF_003072605.2,NZ_CP026740.1,98205,Plasmid,17,1,1,0,1,1,1,1,2,0,1,2,1,0,0,1,1,1,0,1,1,0,0,,Bacillota,Bacilli,Bacillales,Bacillaceae,Priestia
GCF_006094495.1,NZ_CP035095.1,301273,Plasmid,1,0,0,0,0,0,0,0,0,0,0,0,0,0,0,0,0,0,0,0,0,0,1,,Bacillota,Bacilli,Bacillales,Bacillaceae,Priestia
GCF_006385935.1,NZ_CP041065.1,146999,Plasmid,2,0,0,0,0,1,0,0,0,0,0,0,0,0,0,0,0,0,0,0,1,0,0,,Bacillota,Bacilli,Bacillales,Bacillaceae,Priestia
GCF_006385935.1,NZ_CP041068.1,48599,Plasmid,18,1,1,1,1,1,1,1,2,0,1,2,1,0,0,1,1,1,0,1,1,0,0,,Bacillota,Bacilli,Bacillales,Bacillaceae,Priestia
GCF_007106705.1,NZ_CP041516.1,48599,Plasmid,18,1,1,1,1,1,1,1,2,0,1,2,1,0,0,1,1,1,0,1,1,0,0,,Bacillota,Bacilli,Bacillales,Bacillaceae,Priestia
GCF_009497655.1,NZ_CP023318.1,139750,Plasmid,1,0,0,0,0,0,0,0,0,0,0,0,0,0,0,0,0,0,0,0,0,0,1,,Bacillota,Bacilli,Bacillales,Bacillaceae,Priestia
GCF_009497655.1,NZ_CP023319.1,76501,Plasmid,17,1,1,0,1,1,1,1,2,0,1,2,1,0,0,1,1,1,0,1,1,0,0,,Bacillota,Bacilli,Bacillales,Bacillaceae,Priestia
GCF_011058275.1,NZ_CP049297.1,128783,Plasmid,1,0,0,0,0,0,0,0,0,0,0,0,0,0,0,0,0,0,0,0,1,0,0,,Bacillota,Bacilli,Bacillales,Bacillaceae,Priestia
GCF_013146705.1,NZ_CP045273.1,1081311,Plasmid,8,0,2,2,0,0,0,0,0,0,2,0,0,0,0,0,2,0,0,0,0,0,0,,Bacillota,Bacilli,Bacillales,Bacillaceae,Priestia
GCF_013146705.1,NZ_CP045274.1,157727,Plasmid,1,0,0,0,0,0,0,0,0,0,0,0,0,0,0,0,0,0,0,0,1,0,0,,Bacillota,Bacilli,Bacillales,Bacillaceae,Priestia
GCF_013146705.1,NZ_CP045269.1,19694,Plasmid,1,1,0,0,0,0,0,0,0,0,0,0,0,0,0,0,0,0,0,0,0,0,0,,Bacillota,Bacilli,Bacillales,Bacillaceae,Priestia
GCF_013389435.1,NZ_CP058263.1,173887,Plasmid,2,0,0,0,0,1,0,0,0,0,0,0,0,0,0,0,0,0,0,0,1,0,0,,Bacillota,Bacilli,Bacillales,Bacillaceae,Priestia
GCF_013389435.1,NZ_CP058266.1,110362,Plasmid,16,1,1,0,0,0,0,1,2,1,0,2,1,2,1,1,1,0,1,0,1,0,0,,Bacillota,Bacilli,Bacillales,Bacillaceae,Priestia
GCF_013389435.1,NZ_CP058269.1,51244,Plasmid,18,1,1,1,1,1,1,1,2,0,1,2,1,0,0,1,1,1,0,1,1,0,0,,Bacillota,Bacilli,Bacillales,Bacillaceae,Priestia
GCF_013458535.1,NZ_CP048884.1,169684,Plasmid,2,0,0,0,0,1,0,0,0,0,0,0,0,0,0,0,0,0,0,0,1,0,0,,Bacillota,Bacilli,Bacillales,Bacillaceae,Priestia
GCF_013458535.1,NZ_CP048886.1,157203,Plasmid,5,0,0,0,0,0,1,0,0,0,1,1,0,1,0,0,1,0,0,0,0,0,0,,Bacillota,Bacilli,Bacillales,Bacillaceae,Priestia
GCF_013458535.1,NZ_CP048891.1,70948,Plasmid,16,1,1,0,0,0,0,1,2,1,0,2,1,2,1,1,1,0,1,0,1,0,0,,Bacillota,Bacilli,Bacillales,Bacillaceae,Priestia
GCF_013458535.1,NZ_CP048892.1,45372,Plasmid,18,1,1,1,1,1,1,1,2,0,1,2,1,0,0,1,1,1,0,1,1,0,0,,Bacillota,Bacilli,Bacillales,Bacillaceae,Priestia
GCF_017086525.1,NZ_CP069289.1,157528,Plasmid,1,0,0,0,0,0,0,0,0,0,0,0,0,0,0,0,0,0,0,0,0,0,1,,Bacillota,Bacilli,Bacillales,Bacillaceae,Priestia
GCF_017086545.1,NZ_CP069398.1,188115,Plasmid,1,0,0,0,0,0,0,0,0,0,0,0,0,0,0,0,0,0,0,0,1,0,0,,Bacillota,Bacilli,Bacillales,Bacillaceae,Priestia
GCF_017086545.1,NZ_CP069401.1,86772,Plasmid,17,1,1,0,1,1,1,1,2,0,1,2,1,0,0,1,1,1,0,1,1,0,0,,Bacillota,Bacilli,Bacillales,Bacillaceae,Priestia
GCF_017086545.1,NZ_CP069402.1,61040,Plasmid,17,1,1,1,1,0,1,1,2,0,1,2,1,0,0,1,1,1,0,1,1,0,0,,Bacillota,Bacilli,Bacillales,Bacillaceae,Priestia
GCF_017086565.1,NZ_CP069607.1,180233,Plasmid,1,0,0,0,0,0,0,0,0,0,0,0,0,0,0,0,0,0,0,0,0,0,1,,Bacillota,Bacilli,Bacillales,Bacillaceae,Priestia
GCF_017086565.1,NZ_CP069609.1,76096,Plasmid,18,1,1,1,1,1,1,1,2,0,1,2,1,0,0,1,1,1,0,1,1,0,0,,Bacillota,Bacilli,Bacillales,Bacillaceae,Priestia
GCF_017352315.1,NZ_CP071470.1,107082,Plasmid,6,0,1,0,0,0,0,1,0,0,0,0,1,1,1,0,0,0,0,0,1,0,0,,Bacillota,Bacilli,Bacillales,Bacillaceae,Priestia
GCF_017352315.1,NZ_CP071473.1,93108,Plasmid,5,0,0,0,0,0,1,0,0,0,1,1,0,1,0,0,1,0,0,0,0,0,0,,Bacillota,Bacilli,Bacillales,Bacillaceae,Priestia
GCF_017352315.1,NZ_CP071477.1,52545,Plasmid,18,1,1,1,1,1,1,1,2,0,1,2,1,0,0,1,1,1,0,1,1,0,0,,Bacillota,Bacilli,Bacillales,Bacillaceae,Priestia
GCF_017743055.1,NZ_CP072474.1,212484,Plasmid,8,0,1,0,0,1,0,0,0,0,1,1,0,1,0,0,2,0,0,1,0,0,0,,Bacillota,Bacilli,Bacillales,Bacillaceae,Priestia
GCF_017743055.1,NZ_CP072477.1,126990,Plasmid,23,1,1,1,1,2,0,1,2,1,1,2,1,2,1,1,2,1,1,0,1,0,0,,Bacillota,Bacilli,Bacillales,Bacillaceae,Priestia
GCF_017798265.1,NZ_CP065214.1,141167,Plasmid,1,0,0,0,0,0,0,0,0,0,0,0,0,0,0,0,0,0,0,0,0,0,1,,Bacillota,Bacilli,Bacillales,Bacillaceae,Priestia
GCF_017798265.1,NZ_CP065215.1,75747,Plasmid,17,1,1,0,1,1,1,1,2,0,1,2,1,0,0,1,1,1,0,1,1,0,0,,Bacillota,Bacilli,Bacillales,Bacillaceae,Priestia
GCF_019968665.1,NZ_CP083270.1,109268,Plasmid,1,0,0,0,0,0,0,0,0,0,0,0,0,0,0,0,0,0,0,0,0,0,1,,Bacillota,Bacilli,Bacillales,Bacillaceae,Priestia
GCF_019968665.1,NZ_CP083271.1,76400,Plasmid,17,1,1,0,1,1,1,1,2,0,1,2,1,0,0,1,1,1,0,1,1,0,0,,Bacillota,Bacilli,Bacillales,Bacillaceae,Priestia
GCF_020790095.1,NZ_CP086209.1,147924,Plasmid,1,0,0,0,0,0,0,0,0,0,0,0,0,0,0,0,0,0,0,0,0,0,1,,Bacillota,Bacilli,Bacillales,Bacillaceae,Priestia
GCF_020790095.1,NZ_CP086210.1,75940,Plasmid,17,1,1,0,1,1,1,1,2,0,1,2,1,0,0,1,1,1,0,1,1,0,0,,Bacillota,Bacilli,Bacillales,Bacillaceae,Priestia
GCF_022023815.1,NZ_CP059458.1,55214,Plasmid,18,1,1,1,1,1,1,1,2,0,1,2,1,0,0,1,1,1,0,1,1,0,0,,Bacillota,Bacilli,Bacillales,Bacillaceae,Priestia
GCF_022537925.1,NZ_CP092389.1,133343,Plasmid,1,0,0,0,0,0,0,0,0,0,0,0,0,0,0,0,0,0,0,0,1,0,0,,Bacillota,Bacilli,Bacillales,Bacillaceae,Priestia
GCF_022537925.1,NZ_CP092390.1,50994,Plasmid,17,1,1,0,1,0,0,1,2,1,1,2,1,2,1,1,1,0,0,0,1,0,0,,Bacillota,Bacilli,Bacillales,Bacillaceae,Priestia
GCF_022537925.1,NZ_CP092391.1,39414,Plasmid,18,1,1,1,1,1,1,1,2,0,1,2,1,0,0,1,1,1,0,1,1,0,0,,Bacillota,Bacilli,Bacillales,Bacillaceae,Priestia
GCF_022811865.1,NZ_CP064271.1,167463,Plasmid,1,0,0,0,0,0,0,0,0,0,0,0,0,0,0,0,0,0,0,0,0,0,1,,Bacillota,Bacilli,Bacillales,Bacillaceae,Priestia
GCF_022811865.1,NZ_CP064274.1,74323,Plasmid,17,1,1,0,1,1,1,1,2,0,1,2,1,0,0,1,1,1,0,1,1,0,0,,Bacillota,Bacilli,Bacillales,Bacillaceae,Priestia
GCF_022811825.1,NZ_CP064098.1,131182,Plasmid,19,1,1,0,1,0,0,1,2,1,2,2,1,2,1,1,1,0,1,0,1,0,0,,Bacillota,Bacilli,Bacillales,Bacillaceae,Priestia
GCF_022811825.1,NZ_CP064102.1,79104,Plasmid,17,1,1,0,1,1,1,1,2,0,1,2,1,0,0,1,1,1,0,1,1,0,0,,Bacillota,Bacilli,Bacillales,Bacillaceae,Priestia
GCF_022811885.1,NZ_CP064276.1,109731,Plasmid,1,0,0,0,0,0,0,0,0,0,0,0,0,0,0,0,0,0,0,0,1,0,0,,Bacillota,Bacilli,Bacillales,Bacillaceae,Priestia
GCF_022811885.1,NZ_CP064277.1,75639,Plasmid,17,1,1,0,1,1,1,1,2,0,1,2,1,0,0,1,1,1,0,1,1,0,0,,Bacillota,Bacilli,Bacillales,Bacillaceae,Priestia
GCF_022870665.1,NZ_CP065336.1,163236,Plasmid,10,0,1,0,0,0,0,1,0,0,1,0,1,1,0,1,1,0,1,0,2,0,0,,Bacillota,Bacilli,Bacillales,Bacillaceae,Priestia
GCF_022870665.1,NZ_CP065337.1,76839,Plasmid,17,1,1,0,1,1,1,1,2,0,1,2,1,0,0,1,1,1,0,1,1,0,0,,Bacillota,Bacilli,Bacillales,Bacillaceae,Priestia
GCF_023824135.1,NZ_CP085416.1,170981,Plasmid,2,0,0,0,0,1,0,0,0,0,0,0,0,0,0,0,0,0,0,0,1,0,0,,Bacillota,Bacilli,Bacillales,Bacillaceae,Priestia
GCF_023824135.1,NZ_CP085422.1,102333,Plasmid,6,0,1,0,0,0,0,1,0,0,0,0,1,1,1,0,0,0,0,0,1,0,0,,Bacillota,Bacilli,Bacillales,Bacillaceae,Priestia
GCF_023824135.1,NZ_CP085423.1,48257,Plasmid,18,1,1,1,1,1,1,1,2,0,1,2,1,0,0,1,1,1,0,1,1,0,0,,Bacillota,Bacilli,Bacillales,Bacillaceae,Priestia
GCF_023824155.1,NZ_CP085427.1,170971,Plasmid,2,0,0,0,0,1,0,0,0,0,0,0,0,0,0,0,0,0,0,0,1,0,0,,Bacillota,Bacilli,Bacillales,Bacillaceae,Priestia
GCF_023824175.1,NZ_CP085432.1,170970,Plasmid,2,0,0,0,0,1,0,0,0,0,0,0,0,0,0,0,0,0,0,0,1,0,0,,Bacillota,Bacilli,Bacillales,Bacillaceae,Priestia
GCF_023824175.1,NZ_CP085433.1,167743,Plasmid,5,0,0,0,0,0,1,0,0,0,1,1,0,1,0,0,1,0,0,0,0,0,0,,Bacillota,Bacilli,Bacillales,Bacillaceae,Priestia
GCF_023824175.1,NZ_CP085438.1,54908,Plasmid,16,1,1,0,1,1,1,1,2,0,0,2,1,0,0,1,1,1,0,1,1,0,0,,Bacillota,Bacilli,Bacillales,Bacillaceae,Priestia
GCF_023824175.1,NZ_CP085439.1,54879,Plasmid,16,1,1,0,1,1,1,1,2,0,0,2,1,0,0,1,1,1,0,1,1,0,0,,Bacillota,Bacilli,Bacillales,Bacillaceae,Priestia
GCF_023824175.1,NZ_CP085440.1,54872,Plasmid,16,1,1,0,1,1,1,1,2,0,0,2,1,0,0,1,1,1,0,1,1,0,0,,Bacillota,Bacilli,Bacillales,Bacillaceae,Priestia
GCF_023824195.1,NZ_CP085443.1,171950,Plasmid,8,0,1,0,0,1,0,0,0,0,1,1,0,1,0,0,2,0,0,1,0,0,0,,Bacillota,Bacilli,Bacillales,Bacillaceae,Priestia
GCF_023824195.1,NZ_CP085444.1,126504,Plasmid,25,1,1,1,1,4,0,1,2,1,1,2,1,2,1,1,2,1,1,0,1,0,0,,Bacillota,Bacilli,Bacillales,Bacillaceae,Priestia
GCF_023824195.1,NZ_CP085448.1,102911,Plasmid,18,1,1,1,1,1,1,1,2,0,1,2,1,0,0,1,1,1,0,1,1,0,0,,Bacillota,Bacilli,Bacillales,Bacillaceae,Priestia
GCF_025913555.1,NZ_CP109762.1,110233,Plasmid,1,0,0,0,0,0,0,0,0,0,0,0,0,0,0,0,0,0,0,0,0,0,1,,Bacillota,Bacilli,Bacillales,Bacillaceae,Priestia
GCF_025913555.1,NZ_CP109763.1,97226,Plasmid,18,1,1,1,1,1,1,1,2,0,1,2,1,0,0,1,1,1,0,1,1,0,0,,Bacillota,Bacilli,Bacillales,Bacillaceae,Priestia
GCF_025919585.1,NZ_CP109861.1,60781,Plasmid,17,1,1,1,0,1,1,1,2,0,1,2,1,0,0,1,1,1,0,1,1,0,0,,Bacillota,Bacilli,Bacillales,Bacillaceae,Priestia
GCF_028622975.1,NZ_CP117690.1,76844,Plasmid,17,1,1,0,1,1,1,1,2,0,1,2,1,0,0,1,1,1,0,1,1,0,0,,Bacillota,Bacilli,Bacillales,Bacillaceae,Priestia
GCF_028622975.1,NZ_CP117691.1,141442,Plasmid,1,0,0,0,0,0,0,0,0,0,0,0,0,0,0,0,0,0,0,0,1,0,0,,Bacillota,Bacilli,Bacillales,Bacillaceae,Priestia
GCF_028891465.1,NZ_CP118546.1,49852,Plasmid,17,1,1,1,0,1,1,1,2,0,1,2,1,0,0,1,1,1,0,1,1,0,0,,Bacillota,Bacilli,Bacillales,Bacillaceae,Priestia
GCF_028994175.1,NZ_CP118719.1,163312,Plasmid,1,0,0,0,0,0,0,0,0,0,0,0,0,0,0,0,0,0,0,0,1,0,0,,Bacillota,Bacilli,Bacillales,Bacillaceae,Priestia
GCF_028994175.1,NZ_CP118720.1,50592,Plasmid,15,0,1,0,1,1,1,1,2,0,1,2,1,0,0,1,0,1,0,1,1,0,0,,Bacillota,Bacilli,Bacillales,Bacillaceae,Priestia
GCF_029857275.2,NZ_CP187697.1,125315,Plasmid,1,0,0,0,0,0,0,0,0,0,0,0,0,0,0,0,0,0,0,0,0,0,1,,Bacillota,Bacilli,Bacillales,Bacillaceae,Priestia
GCF_029857215.2,NZ_CP187708.1,125314,Plasmid,1,0,0,0,0,0,0,0,0,0,0,0,0,0,0,0,0,0,0,0,0,0,1,,Bacillota,Bacilli,Bacillales,Bacillaceae,Priestia
GCF_029857305.2,NZ_CP187687.1,91547,Plasmid,1,0,0,0,0,0,0,0,0,0,0,0,0,0,0,0,0,0,0,0,0,0,1,,Bacillota,Bacilli,Bacillales,Bacillaceae,Priestia
GCF_029857305.2,NZ_CP187688.1,90610,Plasmid,16,1,1,0,1,1,1,1,2,0,0,2,1,0,0,1,1,1,0,1,1,0,0,,Bacillota,Bacilli,Bacillales,Bacillaceae,Priestia
GCF_029857455.2,NZ_CP187634.1,128606,Plasmid,1,0,0,0,0,0,0,0,0,0,0,0,0,0,0,0,0,0,0,0,1,0,0,,Bacillota,Bacilli,Bacillales,Bacillaceae,Priestia
GCF_029857455.2,NZ_CP187638.1,70713,Plasmid,5,0,0,0,0,0,1,1,0,0,0,0,0,0,0,0,0,1,0,1,1,0,0,,Bacillota,Bacilli,Bacillales,Bacillaceae,Priestia
GCF_029857455.2,NZ_CP187644.1,1851,Plasmid,1,0,0,0,0,0,1,0,0,0,0,0,0,0,0,0,0,0,0,0,0,0,0,,Bacillota,Bacilli,Bacillales,Bacillaceae,Priestia
GCF_029857535.2,NZ_CP187618.1,89870,Plasmid,17,1,1,0,1,1,1,1,2,0,1,2,1,0,0,1,1,1,0,1,1,0,0,,Bacillota,Bacilli,Bacillales,Bacillaceae,Priestia
GCF_029857545.2,NZ_CP187622.1,157164,Plasmid,2,0,0,0,0,1,0,0,0,0,0,0,0,0,0,0,0,0,0,0,1,0,0,,Bacillota,Bacilli,Bacillales,Bacillaceae,Priestia
GCF_029857545.2,NZ_CP187624.1,106950,Plasmid,6,0,1,0,0,0,0,1,0,0,0,0,1,1,1,0,0,0,0,0,1,0,0,,Bacillota,Bacilli,Bacillales,Bacillaceae,Priestia
GCF_029857545.2,NZ_CP187626.1,54687,Plasmid,18,1,1,1,1,1,1,1,2,0,1,2,1,0,0,1,1,1,0,1,1,0,0,,Bacillota,Bacilli,Bacillales,Bacillaceae,Priestia
GCF_029857545.2,NZ_CP187627.1,42186,Plasmid,2,0,0,0,0,1,0,0,0,0,0,0,0,0,0,0,0,0,0,0,1,0,0,,Bacillota,Bacilli,Bacillales,Bacillaceae,Priestia
GCF_030291715.1,NZ_CP127877.1,77412,Plasmid,17,1,1,0,1,1,1,1,2,0,1,2,1,0,0,1,1,1,0,1,1,0,0,,Bacillota,Bacilli,Bacillales,Bacillaceae,Priestia
GCF_030291715.1,NZ_CP127878.1,76270,Plasmid,1,0,0,0,0,0,0,0,0,0,0,0,0,0,0,0,0,0,0,0,1,0,0,,Bacillota,Bacilli,Bacillales,Bacillaceae,Priestia
GCF_030374065.1,NZ_CP128553.1,105685,Plasmid,1,0,0,0,0,0,0,0,0,0,0,0,0,0,0,0,0,0,0,0,0,0,1,,Bacillota,Bacilli,Bacillales,Bacillaceae,Priestia
GCF_030374065.1,NZ_CP128555.1,81822,Plasmid,17,1,1,0,1,1,1,1,2,0,1,2,1,0,0,1,1,1,0,1,1,0,0,,Bacillota,Bacilli,Bacillales,Bacillaceae,Priestia
GCF_030406185.1,NZ_CP129008.1,173881,Plasmid,2,0,0,0,0,1,0,0,0,0,0,0,0,0,0,0,0,0,0,0,1,0,0,,Bacillota,Bacilli,Bacillales,Bacillaceae,Priestia
GCF_030406185.1,NZ_CP129011.1,53597,Plasmid,18,1,1,1,1,1,1,1,2,0,1,2,1,0,0,1,1,1,0,1,1,0,0,,Bacillota,Bacilli,Bacillales,Bacillaceae,Priestia
GCF_030486505.1,NZ_CP129634.1,148124,Plasmid,1,0,0,0,0,0,0,0,0,0,0,0,0,0,0,0,0,0,0,0,0,0,1,,Bacillota,Bacilli,Bacillales,Bacillaceae,Priestia
GCF_030486505.1,NZ_CP129635.1,76418,Plasmid,17,1,1,0,1,1,1,1,2,0,1,2,1,0,0,1,1,1,0,1,1,0,0,,Bacillota,Bacilli,Bacillales,Bacillaceae,Priestia
GCF_030520145.1,NZ_CP130478.1,56911,Plasmid,22,1,1,1,1,1,1,1,2,1,1,2,1,2,1,1,1,1,0,1,1,0,0,,Bacillota,Bacilli,Bacillales,Bacillaceae,Priestia
GCF_033450805.1,NZ_CP137801.1,104531,Plasmid,18,1,1,1,1,1,1,1,2,0,1,2,1,0,0,1,1,1,0,1,1,0,0,,Bacillota,Bacilli,Bacillales,Bacillaceae,Priestia
GCF_033450805.1,NZ_CP137805.1,171016,Plasmid,1,0,0,0,0,0,0,0,0,0,0,0,0,0,0,0,0,0,0,0,1,0,0,,Bacillota,Bacilli,Bacillales,Bacillaceae,Priestia
GCF_033450805.1,NZ_CP137806.1,42546,Plasmid,1,0,0,0,0,1,0,0,0,0,0,0,0,0,0,0,0,0,0,0,0,0,0,,Bacillota,Bacilli,Bacillales,Bacillaceae,Priestia
GCF_034479695.1,NZ_CP140268.1,410312,Plasmid,50,4,3,2,3,0,0,3,4,2,4,4,3,4,3,2,5,2,0,0,2,0,0,,Bacillota,Bacilli,Bacillales,Bacillaceae,Priestia
GCF_034479695.1,NZ_CP140269.1,67708,Plasmid,17,1,1,0,1,1,1,1,2,0,1,2,1,0,0,1,1,1,0,1,1,0,0,,Bacillota,Bacilli,Bacillales,Bacillaceae,Priestia
GCF_034479695.1,NZ_CP140271.1,170768,Plasmid,2,0,0,0,0,1,0,0,0,0,0,0,0,0,0,0,0,0,0,0,0,0,1,,Bacillota,Bacilli,Bacillales,Bacillaceae,Priestia
GCF_034479695.1,NZ_CP140272.1,60440,Plasmid,1,0,0,0,0,0,0,0,0,0,0,0,0,0,0,0,0,0,0,0,1,0,0,,Bacillota,Bacilli,Bacillales,Bacillaceae,Priestia
GCF_037039575.1,NZ_CP146259.1,188263,Plasmid,2,0,0,0,0,1,0,0,0,0,0,0,0,0,0,0,0,0,0,0,1,0,0,,Bacillota,Bacilli,Bacillales,Bacillaceae,Priestia
GCF_037039575.1,NZ_CP146263.1,86281,Plasmid,6,0,1,0,0,0,0,1,0,0,0,0,1,1,1,0,0,0,0,0,1,0,0,,Bacillota,Bacilli,Bacillales,Bacillaceae,Priestia
GCF_037039575.1,NZ_CP146264.1,51245,Plasmid,18,1,1,1,1,1,1,1,2,0,1,2,1,0,0,1,1,1,0,1,1,0,0,,Bacillota,Bacilli,Bacillales,Bacillaceae,Priestia
GCF_037081845.1,NZ_CP146500.1,82352,Plasmid,17,1,1,0,1,1,1,1,2,0,1,2,1,0,0,1,1,1,0,1,1,0,0,,Bacillota,Bacilli,Bacillales,Bacillaceae,Priestia
GCF_038447705.1,NZ_CP151781.1,170768,Plasmid,2,0,0,0,0,1,0,0,0,0,0,0,0,0,0,0,0,0,0,0,0,0,1,,Bacillota,Bacilli,Bacillales,Bacillaceae,Priestia
GCF_038447705.1,NZ_CP151784.1,67669,Plasmid,17,1,1,0,1,1,1,1,2,0,1,2,1,0,0,1,1,1,0,1,1,0,0,,Bacillota,Bacilli,Bacillales,Bacillaceae,Priestia
GCF_040114905.1,NZ_CP157505.1,124067,Plasmid,6,0,0,0,0,0,1,0,0,0,1,1,0,1,0,0,1,0,0,0,0,0,1,,Bacillota,Bacilli,Bacillales,Bacillaceae,Priestia
GCF_040114905.1,NZ_CP157506.1,30162,Plasmid,2,0,0,0,0,2,0,0,0,0,0,0,0,0,0,0,0,0,0,0,0,0,0,,Bacillota,Bacilli,Bacillales,Bacillaceae,Priestia
GCF_041545735.1,NZ_CP168149.1,139591,Plasmid,1,0,0,0,0,0,0,0,0,0,0,0,0,0,0,0,0,0,0,0,0,0,1,,Bacillota,Bacilli,Bacillales,Bacillaceae,Priestia
GCF_041545735.1,NZ_CP168145.1,96297,Plasmid,18,1,1,1,1,1,1,1,2,0,1,2,1,0,0,1,1,1,0,1,1,0,0,,Bacillota,Bacilli,Bacillales,Bacillaceae,Priestia
GCF_041902395.1,NZ_CP169258.1,98835,Plasmid,6,0,1,0,0,0,0,1,0,0,0,0,1,1,1,0,0,0,0,0,1,0,0,,Bacillota,Bacilli,Bacillales,Bacillaceae,Priestia
GCF_041902395.1,NZ_CP169256.1,167774,Plasmid,5,0,0,0,0,0,1,0,0,0,1,1,0,1,0,0,1,0,0,0,0,0,0,,Bacillota,Bacilli,Bacillales,Bacillaceae,Priestia
GCF_041902395.1,NZ_CP169255.1,171132,Plasmid,2,0,0,0,0,1,0,0,0,0,0,0,0,0,0,0,0,0,0,0,1,0,0,,Bacillota,Bacilli,Bacillales,Bacillaceae,Priestia
GCF_041941685.1,NZ_CP130963.1,80486,Plasmid,1,0,0,0,0,0,0,0,0,0,0,0,0,0,0,0,0,0,0,0,1,0,0,,Bacillota,Bacilli,Bacillales,Bacillaceae,Priestia
GCF_041941685.1,NZ_CP130964.1,75915,Plasmid,1,0,0,0,0,0,0,0,0,0,0,0,0,0,0,0,0,0,0,0,1,0,0,,Bacillota,Bacilli,Bacillales,Bacillaceae,Priestia
GCF_041941685.1,NZ_CP130967.1,60041,Plasmid,18,1,1,1,1,1,1,1,2,0,1,2,1,0,0,1,1,1,0,1,1,0,0,,Bacillota,Bacilli,Bacillales,Bacillaceae,Priestia
GCF_043522765.1,NZ_CP025623.1,96631,Plasmid,32,1,2,0,2,2,2,2,4,0,2,4,2,0,0,1,2,2,0,2,2,0,0,,Bacillota,Bacilli,Bacillales,Bacillaceae,Priestia
GCF_043522765.1,NZ_CP025622.1,66647,Plasmid,18,1,1,0,1,0,0,1,2,1,1,2,1,2,1,1,1,0,1,0,1,0,0,,Bacillota,Bacilli,Bacillales,Bacillaceae,Priestia
GCF_045348665.1,NZ_CP162498.1,198305,Plasmid,24,1,1,2,2,0,2,3,2,0,0,2,2,2,0,0,1,1,0,1,2,0,0,,Bacillota,Bacilli,Bacillales,Bacillaceae,Priestia
GCF_045348665.1,NZ_CP162499.1,139815,Plasmid,10,0,1,0,0,0,0,1,0,0,1,0,1,1,0,1,1,0,1,0,2,0,0,,Bacillota,Bacilli,Bacillales,Bacillaceae,Priestia
GCF_045819105.1,NZ_CP174473.1,128087,Plasmid,1,0,1,0,0,0,0,0,0,0,0,0,0,0,0,0,0,0,0,0,0,0,0,,Bacillota,Bacilli,Bacillales,Bacillaceae,Priestia
GCF_045819105.1,NZ_CP174471.1,167242,Plasmid,2,0,0,0,0,1,0,0,0,0,0,0,0,0,0,0,0,0,0,0,1,0,0,,Bacillota,Bacilli,Bacillales,Bacillaceae,Priestia
GCF_045784335.1,NZ_CP138622.1,170274,Plasmid,1,0,0,0,0,0,0,0,0,0,0,0,0,0,0,0,0,0,0,0,0,0,1,,Bacillota,Bacilli,Bacillales,Bacillaceae,Priestia
GCF_047782835.1,NZ_CP180720.1,51904,Plasmid,19,1,1,1,1,1,1,1,2,0,1,2,1,1,0,1,1,1,0,1,1,0,0,,Bacillota,Bacilli,Bacillales,Bacillaceae,Priestia
GCF_048987465.1,NZ_CP185257.1,182269,Plasmid,1,0,0,0,0,0,0,0,0,0,0,0,0,0,0,0,0,0,0,0,1,0,0,,Bacillota,Bacilli,Bacillales,Bacillaceae,Priestia
GCF_048987465.1,NZ_CP185258.1,76428,Plasmid,17,1,1,0,1,1,1,1,2,0,1,2,1,0,0,1,1,1,0,1,1,0,0,,Bacillota,Bacilli,Bacillales,Bacillaceae,Priestia
GCF_049532685.1,NZ_CP150956.1,139780,Plasmid,6,0,1,0,0,0,0,1,0,0,0,0,1,1,1,0,0,0,0,0,1,0,0,,Bacillota,Bacilli,Bacillales,Bacillaceae,Priestia
GCF_049532685.1,NZ_CP150961.1,181893,Plasmid,2,0,0,0,0,1,0,0,0,0,0,0,0,0,0,0,0,0,0,0,1,0,0,,Bacillota,Bacilli,Bacillales,Bacillaceae,Priestia
GCF_049532685.1,NZ_CP150962.1,51243,Plasmid,18,1,1,1,1,1,1,1,2,0,1,2,1,0,0,1,1,1,0,1,1,0,0,,Bacillota,Bacilli,Bacillales,Bacillaceae,Priestia
GCF_049532695.1,NZ_CP150965.1,139780,Plasmid,6,0,1,0,0,0,0,1,0,0,0,0,1,1,1,0,0,0,0,0,1,0,0,,Bacillota,Bacilli,Bacillales,Bacillaceae,Priestia
GCF_049532695.1,NZ_CP150970.1,181897,Plasmid,2,0,0,0,0,1,0,0,0,0,0,0,0,0,0,0,0,0,0,0,1,0,0,,Bacillota,Bacilli,Bacillales,Bacillaceae,Priestia
GCF_049532695.1,NZ_CP150971.1,51242,Plasmid,18,1,1,1,1,1,1,1,2,0,1,2,1,0,0,1,1,1,0,1,1,0,0,,Bacillota,Bacilli,Bacillales,Bacillaceae,Priestia
GCF_050208505.1,NZ_CP189786.1,114933,Plasmid,21,1,1,1,1,0,0,1,2,1,1,2,1,3,1,1,2,0,1,0,1,0,0,,Bacillota,Bacilli,Bacillales,Bacillaceae,Priestia
GCF_050208505.1,NZ_CP189787.1,103790,Plasmid,1,0,0,0,0,0,0,0,0,0,0,0,0,0,0,0,0,0,0,0,1,0,0,,Bacillota,Bacilli,Bacillales,Bacillaceae,Priestia
GCF_050208505.1,NZ_CP189789.1,37406,Plasmid,15,0,1,1,0,1,1,1,2,0,1,2,1,0,0,1,0,1,0,1,1,0,0,,Bacillota,Bacilli,Bacillales,Bacillaceae,Priestia
GCF_050209755.1,NZ_CP189800.1,184995,Plasmid,2,0,0,0,0,1,0,0,0,0,0,0,0,0,0,0,0,0,0,0,1,0,0,,Bacillota,Bacilli,Bacillales,Bacillaceae,Priestia
GCF_050209755.1,NZ_CP189803.1,100800,Plasmid,6,0,1,0,0,0,0,1,0,0,0,0,1,1,1,0,0,0,0,0,1,0,0,,Bacillota,Bacilli,Bacillales,Bacillaceae,Priestia
GCF_050209755.1,NZ_CP189805.1,66662,Plasmid,18,1,1,1,1,1,1,1,2,0,1,2,1,0,0,1,1,1,0,1,1,0,0,,Bacillota,Bacilli,Bacillales,Bacillaceae,Priestia
GCF_018436065.1,NZ_CP075348.1,432748,Plasmid,2,0,0,0,0,0,0,0,0,0,0,0,0,0,1,0,0,1,0,0,0,0,0,,Pseudomonadota,Alphaproteobacteria,Hyphomicrobiales,Brucellaceae,Pseudochrobactrum
GCF_018436125.1,NZ_CP075356.1,432745,Plasmid,2,0,0,0,0,0,0,0,0,0,0,0,0,0,1,0,0,1,0,0,0,0,0,,Pseudomonadota,Alphaproteobacteria,Hyphomicrobiales,Brucellaceae,Pseudochrobactrum
GCF_018436245.1,NZ_CP075360.1,432748,Plasmid,2,0,0,0,0,0,0,0,0,0,0,0,0,0,1,0,0,1,0,0,0,0,0,,Pseudomonadota,Alphaproteobacteria,Hyphomicrobiales,Brucellaceae,Pseudochrobactrum
GCF_020341615.1,NZ_CP084393.1,463690,Plasmid,3,0,0,0,0,0,1,0,0,0,0,0,0,0,1,0,0,1,0,0,0,0,0,,Pseudomonadota,Alphaproteobacteria,Hyphomicrobiales,Brucellaceae,Pseudochrobactrum
GCF_048914685.1,NZ_CP128409.1,216192,Plasmid,2,0,0,0,0,0,0,0,0,0,0,0,0,0,1,0,0,1,0,0,0,0,0,,Pseudomonadota,Alphaproteobacteria,Hyphomicrobiales,Brucellaceae,Pseudochrobactrum
GCF_003369735.1,NZ_CP030914.1,85842,Plasmid,1,0,0,0,0,0,0,0,0,0,0,0,1,0,0,0,0,0,0,0,0,0,0,,Pseudomonadota,Gammaproteobacteria,Pseudomonadales,Pseudomonadaceae,Pseudomonas
GCF_008245185.1,NZ_CP042268.1,167069,Plasmid,7,2,0,1,1,0,0,2,0,0,0,0,0,0,0,0,0,0,0,0,1,0,0,,Pseudomonadota,Gammaproteobacteria,Pseudomonadales,Pseudomonadaceae,Pseudomonas
GCF_022533445.1,NZ_CP092847.1,46126,Plasmid,1,0,0,0,0,0,0,0,0,0,0,1,0,0,0,0,0,0,0,0,0,0,0,,Pseudomonadota,Gammaproteobacteria,Pseudomonadales,Pseudomonadaceae,Pseudomonas
GCF_029961325.1,NZ_CP124637.1,57117,Plasmid,4,0,0,1,0,0,0,0,1,0,0,0,0,0,0,0,0,1,0,0,0,0,1,,Pseudomonadota,Gammaproteobacteria,Pseudomonadales,Pseudomonadaceae,Pseudomonas
GCF_029961625.1,NZ_CP124656.1,52756,Plasmid,4,0,0,1,0,0,0,0,1,0,0,0,0,0,0,0,0,1,0,0,0,0,1,,Pseudomonadota,Gammaproteobacteria,Pseudomonadales,Pseudomonadaceae,Pseudomonas
GCF_000146005.2,NZ_CP031226.1,971889,Plasmid,54,2,5,3,3,1,2,5,2,1,2,5,3,2,1,2,5,3,2,4,1,0,0,,Pseudomonadota,Gammaproteobacteria,Pseudomonadales,Pseudomonadaceae,Pseudomonas
GCF_033229485.1,NZ_CP137513.1,62563,Plasmid,3,0,0,0,0,0,0,0,1,0,0,0,0,0,0,0,0,0,0,0,0,0,2,,Pseudomonadota,Gammaproteobacteria,Pseudomonadales,Pseudomonadaceae,Pseudomonas
GCF_038433795.1,NZ_CP131792.1,846886,Plasmid,7,0,2,0,0,0,0,0,0,0,0,0,1,1,0,0,3,0,0,0,0,0,0,,Pseudomonadota,Gammaproteobacteria,Pseudomonadales,Pseudomonadaceae,Pseudomonas
GCF_040571335.1,NZ_CP159884.1,58873,Plasmid,2,0,0,0,0,0,0,0,1,0,0,0,0,0,0,0,0,0,0,0,0,0,1,,Pseudomonadota,Gammaproteobacteria,Pseudomonadales,Pseudomonadaceae,Pseudomonas
GCF_000452745.2,NZ_CP047266.1,108727,Plasmid,2,0,0,0,0,0,0,0,0,0,0,0,0,0,0,0,0,0,0,0,0,0,2,,Pseudomonadota,Gammaproteobacteria,Pseudomonadales,Pseudomonadaceae,Pseudomonas
GCF_000963835.1,NZ_CP011111.1,16587,Plasmid,1,0,0,0,0,0,0,0,0,0,0,0,0,0,0,0,0,0,1,0,0,0,0,,Pseudomonadota,Gammaproteobacteria,Pseudomonadales,Pseudomonadaceae,Pseudomonas
GCF_013305625.2,NZ_MN961670.1,636818,Plasmid,1,0,0,0,0,0,0,0,0,0,0,0,0,0,0,0,0,0,0,0,1,0,0,,Pseudomonadota,Gammaproteobacteria,Pseudomonadales,Pseudomonadaceae,Pseudomonas
GCF_045037965.1,NZ_CP173615.1,498459,Plasmid,4,0,0,0,0,0,0,0,0,0,0,0,0,0,0,0,4,0,0,0,0,0,0,,Pseudomonadota,Gammaproteobacteria,Pseudomonadales,Pseudomonadaceae,Pseudomonas
GCF_045678035.1,NZ_CP053064.1,787051,Plasmid,3,1,1,0,0,0,0,0,0,0,1,0,0,0,0,0,0,0,0,0,0,0,0,,Pseudomonadota,Gammaproteobacteria,Pseudomonadales,Pseudomonadaceae,Pseudomonas
GCF_045678035.1,NZ_CP053066.1,255324,Plasmid,2,1,0,0,0,0,0,0,0,0,1,0,0,0,0,0,0,0,0,0,0,0,0,,Pseudomonadota,Gammaproteobacteria,Pseudomonadales,Pseudomonadaceae,Pseudomonas
GCF_047222365.1,NZ_CP178395.1,581603,Plasmid,10,2,1,0,0,0,0,0,0,0,2,2,0,0,1,0,1,1,0,0,0,0,0,,Pseudomonadota,Gammaproteobacteria,Pseudomonadales,Pseudomonadaceae,Pseudomonas
GCF_047222365.1,NZ_CP178396.1,195059,Plasmid,2,0,0,0,0,0,0,0,0,0,0,1,0,1,0,0,0,0,0,0,0,0,0,,Pseudomonadota,Gammaproteobacteria,Pseudomonadales,Pseudomonadaceae,Pseudomonas
GCF_003627215.1,NZ_CP032678.1,904163,Plasmid,41,1,4,2,3,1,0,2,2,3,2,4,2,1,1,2,5,2,1,1,1,0,1,,Pseudomonadota,Gammaproteobacteria,Pseudomonadales,Pseudomonadaceae,Pseudomonas
GCF_020691745.1,NZ_CP085705.1,31784,Plasmid,1,0,0,0,0,0,0,0,0,0,0,0,0,0,0,0,1,0,0,0,0,0,0,,Pseudomonadota,Gammaproteobacteria,Pseudomonadales,Pseudomonadaceae,Pseudomonas
GCF_035758525.1,NZ_CP142112.1,46235,Plasmid,1,0,0,0,0,0,0,0,0,0,0,0,0,0,0,0,0,0,0,0,0,1,0,,Pseudomonadota,Gammaproteobacteria,Pseudomonadales,Pseudomonadaceae,Pseudomonas
GCF_036347735.1,NZ_CP143525.1,577576,Plasmid,1,0,0,0,0,0,0,0,0,0,0,0,0,0,0,0,0,0,0,0,1,0,0,,Pseudomonadota,Gammaproteobacteria,Pseudomonadales,Pseudomonadaceae,Pseudomonas
GCF_037071415.1,NZ_CP143488.1,1168067,Plasmid,40,2,4,3,2,1,1,1,1,1,1,4,3,3,1,1,4,2,1,2,1,0,1,,Pseudomonadota,Gammaproteobacteria,Pseudomonadales,Pseudomonadaceae,Pseudomonas
GCF_046042685.1,NZ_CP064950.1,948989,Plasmid,41,2,4,3,2,1,0,2,1,1,1,4,2,3,1,1,4,2,2,2,1,0,2,,Pseudomonadota,Gammaproteobacteria,Pseudomonadales,Pseudomonadaceae,Pseudomonas
GCF_046619455.1,NZ_CP177042.1,895153,Plasmid,27,4,1,0,4,0,1,5,4,2,1,1,0,0,0,0,2,0,0,0,2,0,0,,Pseudomonadota,Gammaproteobacteria,Pseudomonadales,Pseudomonadaceae,Pseudomonas
GCF_000009125.1,NC_003296.1,2094509,Plasmid,5,1,0,0,0,0,0,0,0,0,1,1,0,0,0,2,0,0,0,0,0,0,0,,Pseudomonadota,Betaproteobacteria,Burkholderiales,Burkholderiaceae,Ralstonia
GCF_000215325.1,NC_017575.1,1949172,Plasmid,1,0,0,0,0,0,0,0,0,0,0,1,0,0,0,0,0,0,0,0,0,0,0,,Pseudomonadota,Betaproteobacteria,Burkholderiales,Burkholderiaceae,Ralstonia
GCF_000283475.1,NC_014310.1,2085000,Plasmid,1,0,0,0,0,0,0,0,0,0,0,1,0,0,0,0,0,0,0,0,0,0,0,,Pseudomonadota,Betaproteobacteria,Burkholderiales,Burkholderiaceae,Ralstonia
GCF_000452825.2,NZ_CP159361.1,107942,Plasmid,1,0,0,0,0,0,0,0,0,0,0,0,0,0,0,0,0,0,0,0,0,0,1,,Pseudomonadota,Gammaproteobacteria,Pseudomonadales,Pseudomonadaceae,Pseudomonas
GCF_000525615.2,NZ_CP172583.1,2122903,Plasmid,1,0,0,0,0,0,0,0,0,0,0,1,0,0,0,0,0,0,0,0,0,0,0,,Pseudomonadota,Betaproteobacteria,Burkholderiales,Burkholderiaceae,Ralstonia
GCF_001299555.1,NZ_CP012688.1,1999545,Plasmid,1,0,0,0,0,0,0,0,0,0,0,1,0,0,0,0,0,0,0,0,0,0,0,,Pseudomonadota,Betaproteobacteria,Burkholderiales,Burkholderiaceae,Ralstonia
GCF_001586135.1,NZ_CP014703.1,1883432,Plasmid,1,0,0,0,0,0,0,0,0,0,0,1,0,0,0,0,0,0,0,0,0,0,0,,Pseudomonadota,Betaproteobacteria,Burkholderiales,Burkholderiaceae,Ralstonia
GCF_001587135.1,NZ_CP012940.1,1932001,Plasmid,1,0,0,0,0,0,0,0,0,0,0,1,0,0,0,0,0,0,0,0,0,0,0,,Pseudomonadota,Betaproteobacteria,Burkholderiales,Burkholderiaceae,Ralstonia
GCF_001587155.1,NZ_CP012944.1,2069788,Plasmid,1,0,0,0,0,0,0,0,0,0,0,1,0,0,0,0,0,0,0,0,0,0,0,,Pseudomonadota,Betaproteobacteria,Burkholderiales,Burkholderiaceae,Ralstonia
GCF_001644805.2,NZ_CP172971.1,2341923,Plasmid,1,0,0,0,0,0,0,0,0,0,0,1,0,0,0,0,0,0,0,0,0,0,0,,Pseudomonadota,Betaproteobacteria,Burkholderiales,Burkholderiaceae,Ralstonia
GCF_001891105.1,NZ_CP015116.1,2093441,Plasmid,4,1,0,0,0,0,0,0,0,0,1,1,0,0,0,1,0,0,0,0,0,0,0,,Pseudomonadota,Betaproteobacteria,Burkholderiales,Burkholderiaceae,Ralstonia
GCF_002220465.1,NZ_CP016915.1,2061090,Plasmid,3,1,0,0,0,0,0,0,0,0,1,1,0,0,0,0,0,0,0,0,0,0,0,,Pseudomonadota,Betaproteobacteria,Burkholderiales,Burkholderiaceae,Ralstonia
GCF_002501565.1,NZ_CP021653.1,1999547,Plasmid,1,0,0,0,0,0,0,0,0,0,0,1,0,0,0,0,0,0,0,0,0,0,0,,Pseudomonadota,Betaproteobacteria,Burkholderiales,Burkholderiaceae,Ralstonia
GCF_002549815.1,NZ_CP021767.1,1999547,Plasmid,1,0,0,0,0,0,0,0,0,0,0,1,0,0,0,0,0,0,0,0,0,0,0,,Pseudomonadota,Betaproteobacteria,Burkholderiales,Burkholderiaceae,Ralstonia
GCF_003515145.1,NZ_CP022771.1,1883756,Plasmid,1,0,0,0,0,0,0,0,0,0,0,1,0,0,0,0,0,0,0,0,0,0,0,,Pseudomonadota,Betaproteobacteria,Burkholderiales,Burkholderiaceae,Ralstonia
GCF_003515165.1,NZ_CP022777.1,1883805,Plasmid,1,0,0,0,0,0,0,0,0,0,0,1,0,0,0,0,0,0,0,0,0,0,0,,Pseudomonadota,Betaproteobacteria,Burkholderiales,Burkholderiaceae,Ralstonia
GCF_003515185.1,NZ_CP022789.1,1986284,Plasmid,1,0,0,0,0,0,0,0,0,0,0,1,0,0,0,0,0,0,0,0,0,0,0,,Pseudomonadota,Betaproteobacteria,Burkholderiales,Burkholderiaceae,Ralstonia
GCF_003515265.1,NZ_CP022760.1,1986282,Plasmid,1,0,0,0,0,0,0,0,0,0,0,1,0,0,0,0,0,0,0,0,0,0,0,,Pseudomonadota,Betaproteobacteria,Burkholderiales,Burkholderiaceae,Ralstonia
GCF_003515325.1,NZ_CP022775.1,1988373,Plasmid,1,0,0,0,0,0,0,0,0,0,0,1,0,0,0,0,0,0,0,0,0,0,0,,Pseudomonadota,Betaproteobacteria,Burkholderiales,Burkholderiaceae,Ralstonia
GCF_003515425.1,NZ_CP022797.1,1988567,Plasmid,1,0,0,0,0,0,0,0,0,0,0,1,0,0,0,0,0,0,0,0,0,0,0,,Pseudomonadota,Betaproteobacteria,Burkholderiales,Burkholderiaceae,Ralstonia
GCF_003515445.1,NZ_CP022799.1,1884392,Plasmid,1,0,0,0,0,0,0,0,0,0,0,1,0,0,0,0,0,0,0,0,0,0,0,,Pseudomonadota,Betaproteobacteria,Burkholderiales,Burkholderiaceae,Ralstonia
GCF_003515485.1,NZ_CP022758.1,1988531,Plasmid,1,0,0,0,0,0,0,0,0,0,0,1,0,0,0,0,0,0,0,0,0,0,0,,Pseudomonadota,Betaproteobacteria,Burkholderiales,Burkholderiaceae,Ralstonia
GCF_003515505.1,NZ_CP022762.1,1884412,Plasmid,1,0,0,0,0,0,0,0,0,0,0,1,0,0,0,0,0,0,0,0,0,0,0,,Pseudomonadota,Betaproteobacteria,Burkholderiales,Burkholderiaceae,Ralstonia
GCF_003515525.1,NZ_CP022764.1,1988569,Plasmid,1,0,0,0,0,0,0,0,0,0,0,1,0,0,0,0,0,0,0,0,0,0,0,,Pseudomonadota,Betaproteobacteria,Burkholderiales,Burkholderiaceae,Ralstonia
GCF_003590605.1,NZ_CP026308.1,1949116,Plasmid,1,0,0,0,0,0,0,0,0,0,0,1,0,0,0,0,0,0,0,0,0,0,0,,Pseudomonadota,Betaproteobacteria,Burkholderiales,Burkholderiaceae,Ralstonia
GCF_003595305.1,NZ_CP021763.1,2094505,Plasmid,5,1,0,0,0,0,0,0,0,0,1,1,0,0,0,2,0,0,0,0,0,0,0,,Pseudomonadota,Betaproteobacteria,Burkholderiales,Burkholderiaceae,Ralstonia
GCF_006088755.1,NZ_CP039340.1,1830097,Plasmid,3,1,0,0,0,0,0,0,0,0,1,1,0,0,0,0,0,0,0,0,0,0,0,,Pseudomonadota,Betaproteobacteria,Burkholderiales,Burkholderiaceae,Ralstonia
GCF_012562465.1,NZ_CP051295.1,1907373,Plasmid,1,0,0,0,0,0,0,0,0,0,0,1,0,0,0,0,0,0,0,0,0,0,0,,Pseudomonadota,Betaproteobacteria,Burkholderiales,Burkholderiaceae,Ralstonia
GCF_014884685.1,NZ_CP051170.1,1942331,Plasmid,4,1,0,0,0,0,0,0,0,0,1,1,0,0,0,1,0,0,0,0,0,0,0,,Pseudomonadota,Betaproteobacteria,Burkholderiales,Burkholderiaceae,Ralstonia
GCF_014884705.1,NZ_CP051172.1,1911272,Plasmid,3,1,0,0,0,0,0,0,0,0,1,1,0,0,0,0,0,0,0,0,0,0,0,,Pseudomonadota,Betaproteobacteria,Burkholderiales,Burkholderiaceae,Ralstonia
GCF_014884725.1,NZ_CP051174.1,2021285,Plasmid,4,1,0,0,0,0,0,0,0,0,1,1,0,0,0,1,0,0,0,0,0,0,0,,Pseudomonadota,Betaproteobacteria,Burkholderiales,Burkholderiaceae,Ralstonia
GCF_014884745.1,NZ_CP051176.1,1837383,Plasmid,1,0,0,0,0,0,0,0,0,0,0,1,0,0,0,0,0,0,0,0,0,0,0,,Pseudomonadota,Betaproteobacteria,Burkholderiales,Burkholderiaceae,Ralstonia
GCF_016743075.1,NZ_CP068286.1,1614911,Plasmid,12,0,1,0,0,2,0,0,2,0,0,2,1,0,0,1,2,0,0,0,1,0,0,,Pseudomonadota,Betaproteobacteria,Burkholderiales,Burkholderiaceae,Ralstonia
GCF_018243215.1,NZ_CP046730.1,2046405,Plasmid,1,0,0,0,0,0,0,0,0,0,0,1,0,0,0,0,0,0,0,0,0,0,0,,Pseudomonadota,Betaproteobacteria,Burkholderiales,Burkholderiaceae,Ralstonia
GCF_018243235.1,NZ_CP046675.1,1994515,Plasmid,3,1,0,0,0,0,0,0,0,0,1,1,0,0,0,0,0,0,0,0,0,0,0,,Pseudomonadota,Betaproteobacteria,Burkholderiales,Burkholderiaceae,Ralstonia
GCF_022625045.1,NZ_CP093536.1,2075606,Plasmid,3,1,0,0,0,0,0,0,0,0,1,1,0,0,0,0,0,0,0,0,0,0,0,,Pseudomonadota,Betaproteobacteria,Burkholderiales,Burkholderiaceae,Ralstonia
GCF_023518395.1,NZ_CP069246.1,2008534,Plasmid,3,1,0,0,0,0,0,0,0,0,1,1,0,0,0,0,0,0,0,0,0,0,0,,Pseudomonadota,Betaproteobacteria,Burkholderiales,Burkholderiaceae,Ralstonia
GCF_026016625.1,NZ_CP085044.1,2061231,Plasmid,3,1,0,0,0,0,0,0,0,0,1,1,0,0,0,0,0,0,0,0,0,0,0,,Pseudomonadota,Betaproteobacteria,Burkholderiales,Burkholderiaceae,Ralstonia
GCF_026016645.1,NZ_CP084739.1,2083023,Plasmid,3,1,0,0,0,0,0,0,0,0,1,1,0,0,0,0,0,0,0,0,0,0,0,,Pseudomonadota,Betaproteobacteria,Burkholderiales,Burkholderiaceae,Ralstonia
GCF_026016705.1,NZ_CP086019.1,1996921,Plasmid,4,1,0,0,0,0,0,0,0,0,1,1,0,0,0,1,0,0,0,0,0,0,0,,Pseudomonadota,Betaproteobacteria,Burkholderiales,Burkholderiaceae,Ralstonia
GCF_026016725.1,NZ_CP086105.1,2073962,Plasmid,3,1,0,0,0,0,0,0,0,0,1,1,0,0,0,0,0,0,0,0,0,0,0,,Pseudomonadota,Betaproteobacteria,Burkholderiales,Burkholderiaceae,Ralstonia
GCF_026016745.1,NZ_CP086266.1,2069415,Plasmid,3,1,0,0,0,0,0,0,0,0,1,1,0,0,0,0,0,0,0,0,0,0,0,,Pseudomonadota,Betaproteobacteria,Burkholderiales,Burkholderiaceae,Ralstonia
GCF_029219945.1,NZ_CP115942.1,1578131,Plasmid,12,0,1,0,0,2,0,0,2,0,0,2,1,0,0,1,2,0,0,0,1,0,0,,Pseudomonadota,Betaproteobacteria,Burkholderiales,Burkholderiaceae,Ralstonia
GCF_029219965.1,NZ_CP115945.1,1751279,Plasmid,1,0,0,0,0,0,0,0,0,0,0,1,0,0,0,0,0,0,0,0,0,0,0,,Pseudomonadota,Betaproteobacteria,Burkholderiales,Burkholderiaceae,Ralstonia
GCF_029219985.1,NZ_CP115947.1,2326525,Plasmid,38,3,3,1,3,1,0,2,2,1,2,6,2,1,0,2,4,1,0,0,3,0,1,,Pseudomonadota,Betaproteobacteria,Burkholderiales,Burkholderiaceae,Ralstonia
GCF_029219985.1,NZ_CP115948.1,146385,Plasmid,1,0,1,0,0,0,0,0,0,0,0,0,0,0,0,0,0,0,0,0,0,0,0,,Pseudomonadota,Betaproteobacteria,Burkholderiales,Burkholderiaceae,Ralstonia
GCF_029220025.1,NZ_CP115953.1,2210741,Plasmid,1,0,0,0,0,0,0,0,0,0,0,1,0,0,0,0,0,0,0,0,0,0,0,,Pseudomonadota,Betaproteobacteria,Burkholderiales,Burkholderiaceae,Ralstonia
GCF_029220065.1,NZ_CP115958.1,2067958,Plasmid,4,1,0,0,0,0,0,0,0,0,1,1,0,0,0,1,0,0,0,0,0,0,0,,Pseudomonadota,Betaproteobacteria,Burkholderiales,Burkholderiaceae,Ralstonia
GCF_029220045.1,NZ_CP115956.1,1973144,Plasmid,4,1,0,0,0,0,0,0,0,0,1,1,0,0,0,1,0,0,0,0,0,0,0,,Pseudomonadota,Betaproteobacteria,Burkholderiales,Burkholderiaceae,Ralstonia
GCF_030582395.1,NZ_CP104383.1,336372,Plasmid,1,0,0,0,0,0,0,0,0,0,1,0,0,0,0,0,0,0,0,0,0,0,0,,Pseudomonadota,Betaproteobacteria,Burkholderiales,Burkholderiaceae,Ralstonia
GCF_035666255.1,NZ_CP142042.1,189505,Plasmid,6,0,0,1,0,0,0,0,0,0,0,0,1,0,0,3,0,1,0,0,0,0,0,,Pseudomonadota,Gammaproteobacteria,Pseudomonadales,Pseudomonadaceae,Pseudomonas
GCF_037023145.1,NZ_CP146092.1,1983207,Plasmid,3,1,0,0,0,0,0,0,0,0,1,1,0,0,0,0,0,0,0,0,0,0,0,,Pseudomonadota,Betaproteobacteria,Burkholderiales,Burkholderiaceae,Ralstonia
GCF_037023145.1,NZ_CP146093.1,412450,Plasmid,1,0,0,0,0,0,0,0,0,0,1,0,0,0,0,0,0,0,0,0,0,0,0,,Pseudomonadota,Betaproteobacteria,Burkholderiales,Burkholderiaceae,Ralstonia
GCF_037101315.1,NZ_AP029005.1,1955831,Plasmid,4,1,0,0,0,0,0,0,0,0,1,1,0,0,0,1,0,0,0,0,0,0,0,,Pseudomonadota,Betaproteobacteria,Burkholderiales,Burkholderiaceae,Ralstonia
GCF_037101325.1,NZ_AP029007.1,1976271,Plasmid,3,1,0,0,0,0,0,0,0,0,1,1,0,0,0,0,0,0,0,0,0,0,0,,Pseudomonadota,Betaproteobacteria,Burkholderiales,Burkholderiaceae,Ralstonia
GCF_037101335.1,NZ_AP029009.1,1976266,Plasmid,3,1,0,0,0,0,0,0,0,0,1,1,0,0,0,0,0,0,0,0,0,0,0,,Pseudomonadota,Betaproteobacteria,Burkholderiales,Burkholderiaceae,Ralstonia
GCF_037101345.1,NZ_AP029011.1,2060108,Plasmid,3,1,0,0,0,0,0,0,0,0,1,1,0,0,0,0,0,0,0,0,0,0,0,,Pseudomonadota,Betaproteobacteria,Burkholderiales,Burkholderiaceae,Ralstonia
GCF_037101365.1,NZ_AP029015.1,1988610,Plasmid,1,0,0,0,0,0,0,0,0,0,0,1,0,0,0,0,0,0,0,0,0,0,0,,Pseudomonadota,Betaproteobacteria,Burkholderiales,Burkholderiaceae,Ralstonia
GCF_037101355.1,NZ_AP029013.1,2004817,Plasmid,3,1,0,0,0,0,0,0,0,0,1,1,0,0,0,0,0,0,0,0,0,0,0,,Pseudomonadota,Betaproteobacteria,Burkholderiales,Burkholderiaceae,Ralstonia
GCF_039623345.1,NZ_CP113979.1,1979818,Plasmid,3,1,0,0,0,0,0,0,0,0,1,1,0,0,0,0,0,0,0,0,0,0,0,,Pseudomonadota,Betaproteobacteria,Burkholderiales,Burkholderiaceae,Ralstonia
GCF_039692545.1,NZ_CP155589.1,1951655,Plasmid,1,0,0,0,0,0,0,0,0,0,0,1,0,0,0,0,0,0,0,0,0,0,0,,Pseudomonadota,Betaproteobacteria,Burkholderiales,Burkholderiaceae,Ralstonia
GCF_039693335.1,NZ_CP155592.1,1951654,Plasmid,1,0,0,0,0,0,0,0,0,0,0,1,0,0,0,0,0,0,0,0,0,0,0,,Pseudomonadota,Betaproteobacteria,Burkholderiales,Burkholderiaceae,Ralstonia
GCF_040429625.1,NZ_CP158969.1,1987859,Plasmid,3,1,0,0,0,0,0,0,0,0,1,1,0,0,0,0,0,0,0,0,0,0,0,,Pseudomonadota,Betaproteobacteria,Burkholderiales,Burkholderiaceae,Ralstonia
GCF_040744935.1,NZ_CP160435.1,286523,Plasmid,1,0,0,0,0,0,0,0,0,0,1,0,0,0,0,0,0,0,0,0,0,0,0,,Pseudomonadota,Betaproteobacteria,Burkholderiales,Burkholderiaceae,Ralstonia
GCF_041228115.3,NZ_CP166103.2,1706166,Plasmid,21,3,1,1,2,0,0,2,0,1,2,2,1,0,0,1,3,1,0,0,1,0,0,,Pseudomonadota,Betaproteobacteria,Burkholderiales,Burkholderiaceae,Ralstonia
GCF_041714685.1,NZ_CP168236.1,1950766,Plasmid,1,0,0,0,0,0,0,0,0,0,0,1,0,0,0,0,0,0,0,0,0,0,0,,Pseudomonadota,Betaproteobacteria,Burkholderiales,Burkholderiaceae,Ralstonia
GCF_041714695.1,NZ_CP168234.1,1944777,Plasmid,1,0,0,0,0,0,0,0,0,0,0,1,0,0,0,0,0,0,0,0,0,0,0,,Pseudomonadota,Betaproteobacteria,Burkholderiales,Burkholderiaceae,Ralstonia
GCF_041714705.1,NZ_CP168245.1,1950768,Plasmid,1,0,0,0,0,0,0,0,0,0,0,1,0,0,0,0,0,0,0,0,0,0,0,,Pseudomonadota,Betaproteobacteria,Burkholderiales,Burkholderiaceae,Ralstonia
GCF_041714715.1,NZ_CP168239.1,1941693,Plasmid,1,0,0,0,0,0,0,0,0,0,0,1,0,0,0,0,0,0,0,0,0,0,0,,Pseudomonadota,Betaproteobacteria,Burkholderiales,Burkholderiaceae,Ralstonia
GCF_041714725.1,NZ_CP168243.1,1941694,Plasmid,1,0,0,0,0,0,0,0,0,0,0,1,0,0,0,0,0,0,0,0,0,0,0,,Pseudomonadota,Betaproteobacteria,Burkholderiales,Burkholderiaceae,Ralstonia
GCF_042494895.1,NZ_CP170452.1,1749600,Plasmid,1,0,0,0,0,0,0,0,0,0,0,1,0,0,0,0,0,0,0,0,0,0,0,,Pseudomonadota,Betaproteobacteria,Burkholderiales,Burkholderiaceae,Ralstonia
GCF_045038055.1,NZ_CP168726.1,2066778,Plasmid,4,1,0,0,0,0,0,0,0,0,1,1,0,0,0,1,0,0,0,0,0,0,0,,Pseudomonadota,Betaproteobacteria,Burkholderiales,Burkholderiaceae,Ralstonia
GCF_045038065.1,NZ_CP168728.1,2058588,Plasmid,4,1,0,0,0,0,0,0,0,0,1,1,0,0,0,1,0,0,0,0,0,0,0,,Pseudomonadota,Betaproteobacteria,Burkholderiales,Burkholderiaceae,Ralstonia
GCF_045038075.1,NZ_CP168730.1,1973034,Plasmid,4,1,0,0,0,0,0,0,0,0,1,1,0,0,0,1,0,0,0,0,0,0,0,,Pseudomonadota,Betaproteobacteria,Burkholderiales,Burkholderiaceae,Ralstonia
GCF_045038115.1,NZ_CP168734.1,2064406,Plasmid,3,1,0,0,0,0,0,0,0,0,1,1,0,0,0,0,0,0,0,0,0,0,0,,Pseudomonadota,Betaproteobacteria,Burkholderiales,Burkholderiaceae,Ralstonia
GCF_045038085.1,NZ_CP168732.1,1973033,Plasmid,4,1,0,0,0,0,0,0,0,0,1,1,0,0,0,1,0,0,0,0,0,0,0,,Pseudomonadota,Betaproteobacteria,Burkholderiales,Burkholderiaceae,Ralstonia
GCF_045038125.1,NZ_CP168738.1,2128303,Plasmid,3,1,0,0,0,0,0,0,0,0,1,1,0,0,0,0,0,0,0,0,0,0,0,,Pseudomonadota,Betaproteobacteria,Burkholderiales,Burkholderiaceae,Ralstonia
GCF_045038135.1,NZ_CP168736.1,2071478,Plasmid,4,1,0,0,0,0,0,0,0,0,1,1,0,0,0,1,0,0,0,0,0,0,0,,Pseudomonadota,Betaproteobacteria,Burkholderiales,Burkholderiaceae,Ralstonia
GCF_045038165.1,NZ_CP168740.1,2065897,Plasmid,3,1,0,0,0,0,0,0,0,0,1,1,0,0,0,0,0,0,0,0,0,0,0,,Pseudomonadota,Betaproteobacteria,Burkholderiales,Burkholderiaceae,Ralstonia
GCF_045257735.1,NZ_CP174149.1,1493262,Plasmid,12,0,1,0,0,2,0,0,2,0,0,2,0,0,0,1,2,0,0,0,1,0,1,,Pseudomonadota,Betaproteobacteria,Burkholderiales,Burkholderiaceae,Ralstonia
GCF_047509085.1,NZ_CP172237.1,2065317,Plasmid,3,1,0,0,0,0,0,0,0,0,1,1,0,0,0,0,0,0,0,0,0,0,0,,Pseudomonadota,Betaproteobacteria,Burkholderiales,Burkholderiaceae,Ralstonia
GCF_048164835.1,NZ_CP171857.1,2065317,Plasmid,3,1,0,0,0,0,0,0,0,0,1,1,0,0,0,0,0,0,0,0,0,0,0,,Pseudomonadota,Betaproteobacteria,Burkholderiales,Burkholderiaceae,Ralstonia
GCF_048285495.1,NZ_JBLWDC010000002.1,2061115,Plasmid,3,1,0,0,0,0,0,0,0,0,1,1,0,0,0,0,0,0,0,0,0,0,0,,Pseudomonadota,Betaproteobacteria,Burkholderiales,Burkholderiaceae,Ralstonia
GCF_048686745.1,NZ_CP184650.1,1045745,Plasmid,52,2,7,3,3,1,0,5,2,1,3,5,3,1,1,2,5,3,0,4,1,0,0,,Pseudomonadota,Gammaproteobacteria,Pseudomonadales,Pseudomonadaceae,Pseudomonas
GCF_049485675.1,NZ_CP133723.1,2000883,Plasmid,3,1,0,0,0,0,0,0,0,0,1,1,0,0,0,0,0,0,0,0,0,0,0,,Pseudomonadota,Betaproteobacteria,Burkholderiales,Burkholderiaceae,Ralstonia
GCF_049803935.1,NZ_CP187216.1,1847134,Plasmid,1,0,0,0,0,0,0,0,0,0,0,1,0,0,0,0,0,0,0,0,0,0,0,,Pseudomonadota,Betaproteobacteria,Burkholderiales,Burkholderiaceae,Ralstonia
GCF_049803945.1,NZ_CP187218.1,1875311,Plasmid,1,0,0,0,0,0,0,0,0,0,0,1,0,0,0,0,0,0,0,0,0,0,0,,Pseudomonadota,Betaproteobacteria,Burkholderiales,Burkholderiaceae,Ralstonia
GCF_049803955.1,NZ_CP187220.1,1845649,Plasmid,1,0,0,0,0,0,0,0,0,0,0,1,0,0,0,0,0,0,0,0,0,0,0,,Pseudomonadota,Betaproteobacteria,Burkholderiales,Burkholderiaceae,Ralstonia
GCF_049860725.1,NZ_CP187583.1,2068356,Plasmid,3,1,0,0,0,0,0,0,0,0,1,1,0,0,0,0,0,0,0,0,0,0,0,,Pseudomonadota,Betaproteobacteria,Burkholderiales,Burkholderiaceae,Ralstonia
GCF_049860735.1,NZ_CP187587.1,349142,Plasmid,38,1,4,1,1,1,1,1,3,1,2,5,1,2,1,3,4,3,1,1,1,0,0,,Pseudomonadota,Betaproteobacteria,Burkholderiales,Burkholderiaceae,Ralstonia
GCF_049860735.1,NZ_CP187585.1,1943775,Plasmid,3,1,0,0,0,0,0,0,0,0,1,1,0,0,0,0,0,0,0,0,0,0,0,,Pseudomonadota,Betaproteobacteria,Burkholderiales,Burkholderiaceae,Ralstonia
GCF_050516395.1,NZ_CP191527.1,2021182,Plasmid,4,1,0,0,0,0,0,0,0,0,1,1,0,0,0,1,0,0,0,0,0,0,0,,Pseudomonadota,Betaproteobacteria,Burkholderiales,Burkholderiaceae,Ralstonia
GCF_050516405.1,NZ_CP191530.1,2022590,Plasmid,4,1,0,0,0,0,0,0,0,0,1,1,0,0,0,1,0,0,0,0,0,0,0,,Pseudomonadota,Betaproteobacteria,Burkholderiales,Burkholderiaceae,Ralstonia
GCF_050516415.1,NZ_CP191532.1,2021182,Plasmid,4,1,0,0,0,0,0,0,0,0,1,1,0,0,0,1,0,0,0,0,0,0,0,,Pseudomonadota,Betaproteobacteria,Burkholderiales,Burkholderiaceae,Ralstonia
GCF_050516425.1,NZ_CP191534.1,2021040,Plasmid,4,1,0,0,0,0,0,0,0,0,1,1,0,0,0,1,0,0,0,0,0,0,0,,Pseudomonadota,Betaproteobacteria,Burkholderiales,Burkholderiaceae,Ralstonia
GCF_050516435.1,NZ_CP191535.1,2016900,Plasmid,4,1,0,0,0,0,0,0,0,0,1,1,0,0,0,1,0,0,0,0,0,0,0,,Pseudomonadota,Betaproteobacteria,Burkholderiales,Burkholderiaceae,Ralstonia
GCF_050516445.1,NZ_CP191538.1,2016051,Plasmid,4,1,0,0,0,0,0,0,0,0,1,1,0,0,0,1,0,0,0,0,0,0,0,,Pseudomonadota,Betaproteobacteria,Burkholderiales,Burkholderiaceae,Ralstonia
GCF_050516455.1,NZ_CP191539.1,2025207,Plasmid,4,1,0,0,0,0,0,0,0,0,1,1,0,0,0,1,0,0,0,0,0,0,0,,Pseudomonadota,Betaproteobacteria,Burkholderiales,Burkholderiaceae,Ralstonia
GCF_050516455.1,NZ_CP191541.1,35348,Plasmid,1,0,0,0,0,0,0,0,0,0,0,0,0,0,0,0,0,0,0,0,0,0,1,,Pseudomonadota,Betaproteobacteria,Burkholderiales,Burkholderiaceae,Ralstonia
GCF_000014565.1,NC_008269.1,1123075,Plasmid,2,0,0,0,0,0,0,0,0,0,2,0,0,0,0,0,0,0,0,0,0,0,0,,Actinomycetota,Actinomycetes,Mycobacteriales,Nocardiaceae,Rhodococcus
GCF_000769405.2,NZ_CP053445.1,142731,Plasmid,1,0,0,0,0,0,0,0,0,0,0,0,0,0,0,0,0,0,0,0,1,0,0,,Pseudomonadota,Alphaproteobacteria,Hyphomicrobiales,Rhizobiaceae,Rhizobium
GCF_000816845.1,NZ_CP006880.1,2466951,Plasmid,1,0,0,0,0,0,0,0,0,0,0,0,0,0,0,0,0,0,0,0,1,0,0,,Pseudomonadota,Alphaproteobacteria,Hyphomicrobiales,Rhizobiaceae,Rhizobium
GCF_001664205.1,NZ_CP013540.1,442592,Plasmid,1,0,0,0,0,0,0,0,0,0,0,0,0,0,0,0,0,0,0,0,0,0,1,,Pseudomonadota,Alphaproteobacteria,Hyphomicrobiales,Rhizobiaceae,Rhizobium
GCF_001685605.1,NZ_CP009112.1,885383,Plasmid,2,0,0,0,0,0,0,0,1,0,1,0,0,0,0,0,0,0,0,0,0,0,0,,Actinomycetota,Actinomycetes,Mycobacteriales,Nocardiaceae,Rhodococcus
GCF_001908375.1,NZ_CP017242.1,430631,Plasmid,1,0,0,0,0,0,0,0,0,0,0,0,0,0,0,1,0,0,0,0,0,0,0,,Pseudomonadota,Alphaproteobacteria,Hyphomicrobiales,Rhizobiaceae,Rhizobium
GCF_001908375.1,NZ_CP017244.1,2253963,Plasmid,1,0,0,0,0,0,0,0,0,0,0,0,0,0,0,0,0,0,0,0,1,0,0,,Pseudomonadota,Alphaproteobacteria,Hyphomicrobiales,Rhizobiaceae,Rhizobium
GCF_001908615.1,NZ_CP017105.1,2388366,Plasmid,1,0,0,0,0,0,0,0,0,0,0,0,0,0,0,0,0,0,0,0,1,0,0,,Pseudomonadota,Alphaproteobacteria,Hyphomicrobiales,Rhizobiaceae,Rhizobium
GCF_001927265.3,NZ_CP084697.1,629474,Plasmid,2,0,0,0,0,0,0,0,0,0,0,0,0,0,0,0,2,0,0,0,0,0,0,,Pseudomonadota,Alphaproteobacteria,Hyphomicrobiales,Rhizobiaceae,Rhizobium
GCF_002240185.1,NZ_CP022567.1,407945,Plasmid,2,0,1,0,0,0,0,0,0,0,1,0,0,0,0,0,0,0,0,0,0,0,0,,Pseudomonadota,Alphaproteobacteria,Hyphomicrobiales,Rhizobiaceae,Rhizobium
GCF_002277895.1,NZ_CP022999.1,1569179,Plasmid,2,0,0,0,0,0,0,0,0,0,1,0,0,0,0,0,0,0,0,0,0,0,1,,Pseudomonadota,Alphaproteobacteria,Hyphomicrobiales,Rhizobiaceae,Rhizobium
GCF_003240565.2,NZ_CP117258.1,432998,Plasmid,2,0,0,0,0,0,0,0,0,0,0,0,0,1,0,0,0,0,0,0,1,0,0,,Pseudomonadota,Alphaproteobacteria,Hyphomicrobiales,Rhizobiaceae,Rhizobium
GCF_003240565.2,NZ_CP117260.1,302267,Plasmid,1,0,0,0,0,0,0,0,0,0,0,0,0,0,0,1,0,0,0,0,0,0,0,,Pseudomonadota,Alphaproteobacteria,Hyphomicrobiales,Rhizobiaceae,Rhizobium
GCF_003627755.1,NZ_CP032695.1,2584926,Plasmid,1,0,0,0,0,0,0,0,0,0,0,0,0,0,0,0,0,0,0,0,1,0,0,,Pseudomonadota,Alphaproteobacteria,Hyphomicrobiales,Rhizobiaceae,Rhizobium
GCF_003627795.1,NZ_CP032687.1,577596,Plasmid,1,0,0,0,0,0,0,0,0,0,0,0,0,1,0,0,0,0,0,0,0,0,0,,Pseudomonadota,Alphaproteobacteria,Hyphomicrobiales,Rhizobiaceae,Rhizobium
GCF_007000325.2,NZ_CP117268.1,1530638,Plasmid,4,0,0,0,0,0,0,0,0,0,0,0,0,2,0,1,0,0,0,0,1,0,0,,Pseudomonadota,Alphaproteobacteria,Hyphomicrobiales,Rhizobiaceae,Rhizobium
GCF_008000915.1,NZ_CP042825.1,700631,Plasmid,1,0,0,0,0,0,0,0,0,0,0,0,0,0,0,0,1,0,0,0,0,0,0,,Pseudomonadota,Alphaproteobacteria,Hyphomicrobiales,Rhizobiaceae,Rhizobium
GCF_009498215.1,NZ_CP043499.1,1961522,Plasmid,3,1,0,0,0,0,0,0,0,0,1,0,0,1,0,0,0,0,0,0,0,0,0,,Pseudomonadota,Alphaproteobacteria,Hyphomicrobiales,Rhizobiaceae,Rhizobium
GCF_009859915.1,NZ_CP046573.1,991117,Plasmid,1,0,0,0,0,0,0,0,1,0,0,0,0,0,0,0,0,0,0,0,0,0,0,,Actinomycetota,Actinomycetes,Mycobacteriales,Nocardiaceae,Rhodococcus
GCF_010450895.1,NZ_CP048425.1,307615,Plasmid,3,1,0,0,0,0,0,0,0,0,1,0,0,1,0,0,0,0,0,0,0,0,0,,Pseudomonadota,Alphaproteobacteria,Hyphomicrobiales,Rhizobiaceae,Rhizobium
GCF_010669145.1,NZ_CP048637.1,339368,Plasmid,1,0,0,0,0,0,0,0,0,0,0,0,0,1,0,0,0,0,0,0,0,0,0,,Pseudomonadota,Alphaproteobacteria,Hyphomicrobiales,Rhizobiaceae,Rhizobium
GCF_010669145.1,NZ_CP048639.1,64792,Plasmid,1,0,0,0,0,0,0,0,0,0,0,0,0,1,0,0,0,0,0,0,0,0,0,,Pseudomonadota,Alphaproteobacteria,Hyphomicrobiales,Rhizobiaceae,Rhizobium
GCF_011046895.1,NZ_CP049248.1,136260,Plasmid,1,0,0,0,0,0,0,0,0,0,0,0,0,0,0,0,1,0,0,0,0,0,0,,Pseudomonadota,Alphaproteobacteria,Hyphomicrobiales,Rhizobiaceae,Rhizobium
GCF_011046895.1,NZ_CP049249.1,1207714,Plasmid,6,2,0,0,0,0,0,0,0,0,2,0,0,2,0,0,0,0,0,0,0,0,0,,Pseudomonadota,Alphaproteobacteria,Hyphomicrobiales,Rhizobiaceae,Rhizobium
GCF_011604525.1,NZ_CP050093.1,524436,Plasmid,1,0,0,0,0,0,0,0,0,0,0,1,0,0,0,0,0,0,0,0,0,0,0,,Pseudomonadota,Alphaproteobacteria,Hyphomicrobiales,Rhizobiaceae,Rhizobium
GCF_011611865.1,NZ_CP050126.1,30937,Plasmid,1,1,0,0,0,0,0,0,0,0,0,0,0,0,0,0,0,0,0,0,0,0,0,,Actinomycetota,Actinomycetes,Mycobacteriales,Nocardiaceae,Rhodococcus
GCF_014854695.1,NZ_CP027560.1,85315,Plasmid,2,0,0,1,0,0,0,0,0,0,0,0,0,1,0,0,0,0,0,0,0,0,0,,Actinomycetota,Actinomycetes,Mycobacteriales,Nocardiaceae,Rhodococcus
GCF_015353075.1,NZ_CP064188.1,2277229,Plasmid,1,0,0,0,0,0,0,0,0,0,0,0,0,0,0,0,0,0,0,0,1,0,0,,Pseudomonadota,Alphaproteobacteria,Hyphomicrobiales,Rhizobiaceae,Rhizobium
GCF_016806065.1,NZ_CP032406.1,510647,Plasmid,1,0,0,0,0,0,0,0,0,0,0,0,0,0,0,0,1,0,0,0,0,0,0,,Pseudomonadota,Alphaproteobacteria,Hyphomicrobiales,Rhizobiaceae,Rhizobium
GCF_016864535.1,NZ_CP044010.1,1951402,Plasmid,3,1,0,0,0,0,0,0,0,0,1,0,0,1,0,0,0,0,0,0,0,0,0,,Pseudomonadota,Alphaproteobacteria,Hyphomicrobiales,Rhizobiaceae,Rhizobium
GCF_016864575.1,NZ_CP044126.1,1609137,Plasmid,3,1,0,0,0,0,0,0,0,0,1,0,0,1,0,0,0,0,0,0,0,0,0,,Pseudomonadota,Alphaproteobacteria,Hyphomicrobiales,Rhizobiaceae,Rhizobium
GCF_016864575.1,NZ_CP044127.1,790983,Plasmid,2,0,0,0,0,0,0,0,0,0,2,0,0,0,0,0,0,0,0,0,0,0,0,,Pseudomonadota,Alphaproteobacteria,Hyphomicrobiales,Rhizobiaceae,Rhizobium
GCF_017068375.1,NZ_CP070610.1,1241328,Plasmid,2,0,0,0,0,0,0,0,0,0,2,0,0,0,0,0,0,0,0,0,0,0,0,,Actinomycetota,Actinomycetes,Mycobacteriales,Nocardiaceae,Rhodococcus
GCF_017068395.1,NZ_CP070614.1,468864,Plasmid,1,0,0,0,0,0,0,0,0,0,1,0,0,0,0,0,0,0,0,0,0,0,0,,Actinomycetota,Actinomycetes,Mycobacteriales,Nocardiaceae,Rhodococcus
GCF_017571635.3,NZ_CP149878.1,1762614,Plasmid,1,0,0,0,0,0,0,0,0,0,0,0,0,0,0,0,0,0,0,0,0,1,0,,Pseudomonadota,Alphaproteobacteria,Hyphomicrobiales,Rhizobiaceae,Rhizobium
GCF_017656075.1,NZ_CP058639.1,926330,Plasmid,1,0,0,0,0,0,0,0,1,0,0,0,0,0,0,0,0,0,0,0,0,0,0,,Actinomycetota,Actinomycetes,Mycobacteriales,Nocardiaceae,Rhodococcus
GCF_017948245.1,NZ_CP072866.1,546133,Plasmid,1,0,0,0,0,0,0,0,0,0,0,0,0,0,0,0,0,0,0,0,0,0,1,,Pseudomonadota,Alphaproteobacteria,Hyphomicrobiales,Rhizobiaceae,Rhizobium
GCF_017948245.1,NZ_CP072868.1,489413,Plasmid,4,0,1,0,0,0,0,0,1,0,0,1,0,0,0,0,1,0,0,0,0,0,0,,Pseudomonadota,Alphaproteobacteria,Hyphomicrobiales,Rhizobiaceae,Rhizobium
GCF_018343855.1,NZ_CP069241.1,598805,Plasmid,1,0,0,0,0,0,0,0,0,0,1,0,0,0,0,0,0,0,0,0,0,0,0,,Actinomycetota,Actinomycetes,Mycobacteriales,Nocardiaceae,Rhodococcus
GCF_018987265.1,NZ_CP076854.1,2149667,Plasmid,1,0,0,0,0,0,0,0,0,0,0,0,0,0,0,0,0,0,0,0,1,0,0,,Pseudomonadota,Alphaproteobacteria,Hyphomicrobiales,Rhizobiaceae,Rhizobium
GCF_019317345.1,NZ_CP079226.1,253808,Plasmid,1,0,1,0,0,0,0,0,0,0,0,0,0,0,0,0,0,0,0,0,0,0,0,,Actinomycetota,Actinomycetes,Mycobacteriales,Nocardiaceae,Rhodococcus
GCF_020542785.1,NZ_CP080955.1,538909,Plasmid,1,0,0,0,0,0,0,0,0,0,1,0,0,0,0,0,0,0,0,0,0,0,0,,Actinomycetota,Actinomycetes,Mycobacteriales,Nocardiaceae,Rhodococcus
GCF_021044665.1,NZ_CP088009.1,1987087,Plasmid,1,0,0,0,0,0,0,0,0,0,0,0,0,0,0,0,0,0,0,0,0,1,0,,Pseudomonadota,Alphaproteobacteria,Hyphomicrobiales,Rhizobiaceae,Rhizobium
GCF_021729845.1,NZ_CP063398.1,750237,Plasmid,3,1,0,0,0,0,0,0,0,0,1,0,0,1,0,0,0,0,0,0,0,0,0,,Pseudomonadota,Alphaproteobacteria,Hyphomicrobiales,Rhizobiaceae,Rhizobium
GCF_022354485.1,NZ_CP092346.1,2542150,Plasmid,1,0,0,0,0,0,0,0,0,0,0,0,0,0,0,0,0,0,0,0,1,0,0,,Pseudomonadota,Alphaproteobacteria,Hyphomicrobiales,Rhizobiaceae,Rhizobium
GCF_022354505.1,NZ_CP092352.1,828029,Plasmid,1,0,0,0,0,0,0,0,0,0,1,0,0,0,0,0,0,0,0,0,0,0,0,,Pseudomonadota,Alphaproteobacteria,Hyphomicrobiales,Rhizobiaceae,Rhizobium
GCF_022655485.1,NZ_CP093381.1,788074,Plasmid,1,0,0,0,0,0,0,0,0,0,1,0,0,0,0,0,0,0,0,0,0,0,0,,Actinomycetota,Actinomycetes,Mycobacteriales,Nocardiaceae,Rhodococcus
GCF_023278385.1,NZ_CP075341.1,241142,Plasmid,1,0,1,0,0,0,0,0,0,0,0,0,0,0,0,0,0,0,0,0,0,0,0,,Actinomycetota,Actinomycetes,Mycobacteriales,Nocardiaceae,Rhodococcus
GCF_024760325.1,NZ_CP103309.1,236455,Plasmid,1,0,1,0,0,0,0,0,0,0,0,0,0,0,0,0,0,0,0,0,0,0,0,,Actinomycetota,Actinomycetes,Mycobacteriales,Nocardiaceae,Rhodococcus
GCF_025152725.1,NZ_CP104036.1,637289,Plasmid,1,0,0,0,0,0,0,0,0,0,0,1,0,0,0,0,0,0,0,0,0,0,0,,Pseudomonadota,Alphaproteobacteria,Hyphomicrobiales,Rhizobiaceae,Rhizobium
GCF_025200735.1,NZ_CP104161.1,276058,Plasmid,1,0,1,0,0,0,0,0,0,0,0,0,0,0,0,0,0,0,0,0,0,0,0,,Pseudomonadota,Alphaproteobacteria,Hyphomicrobiales,Rhizobiaceae,Rhizobium
GCF_025200715.1,NZ_CP104144.1,2759627,Plasmid,2,0,0,0,0,0,0,0,0,0,0,0,0,0,0,0,0,0,0,0,1,1,0,,Pseudomonadota,Alphaproteobacteria,Hyphomicrobiales,Rhizobiaceae,Rhizobium
GCF_026062495.1,NZ_CP110470.1,1100117,Plasmid,1,0,0,0,0,0,0,0,0,0,1,0,0,0,0,0,0,0,0,0,0,0,0,,Actinomycetota,Actinomycetes,Mycobacteriales,Nocardiaceae,Rhodococcus
GCF_026810085.1,NZ_CP113952.1,1387438,Plasmid,1,0,0,0,0,0,0,0,0,0,1,0,0,0,0,0,0,0,0,0,0,0,0,,Actinomycetota,Actinomycetes,Mycobacteriales,Nocardiaceae,Rhodococcus
GCF_029691985.1,NZ_CP117264.1,339618,Plasmid,2,0,0,0,0,0,0,0,0,0,0,0,0,1,0,0,0,0,0,0,1,0,0,,Pseudomonadota,Alphaproteobacteria,Hyphomicrobiales,Rhizobiaceae,Rhizobium
GCF_029691985.1,NZ_CP117265.1,319653,Plasmid,1,0,0,0,0,0,0,0,0,0,0,0,0,0,0,1,0,0,0,0,0,0,0,,Pseudomonadota,Alphaproteobacteria,Hyphomicrobiales,Rhizobiaceae,Rhizobium
GCF_029714265.1,NZ_CP121653.1,2831118,Plasmid,1,0,0,0,0,0,0,0,0,0,0,0,0,0,0,0,0,0,0,0,1,0,0,,Pseudomonadota,Alphaproteobacteria,Hyphomicrobiales,Rhizobiaceae,Rhizobium
GCF_029714385.1,NZ_CP121642.1,2523472,Plasmid,1,0,0,0,0,0,0,0,0,0,0,0,0,0,0,0,0,0,0,0,1,0,0,,Pseudomonadota,Alphaproteobacteria,Hyphomicrobiales,Rhizobiaceae,Rhizobium
GCF_030435705.1,NZ_CP129381.1,1544100,Plasmid,3,1,0,0,0,0,0,0,0,0,1,0,0,1,0,0,0,0,0,0,0,0,0,,Pseudomonadota,Alphaproteobacteria,Hyphomicrobiales,Rhizobiaceae,Rhizobium
GCF_030916465.1,NZ_CP126460.1,353437,Plasmid,1,0,1,0,0,0,0,0,0,0,0,0,0,0,0,0,0,0,0,0,0,0,0,,Actinomycetota,Actinomycetes,Mycobacteriales,Nocardiaceae,Rhodococcus
GCF_034554815.1,NZ_CP140639.1,354923,Plasmid,1,0,0,0,0,0,0,0,0,0,0,0,0,0,0,0,0,0,0,0,0,0,1,,Pseudomonadota,Alphaproteobacteria,Hyphomicrobiales,Rhizobiaceae,Rhizobium
GCF_035921825.1,NZ_CP140813.1,119417,Plasmid,2,0,0,0,0,0,0,0,0,0,0,0,0,1,0,0,0,0,1,0,0,0,0,,Pseudomonadota,Alphaproteobacteria,Hyphomicrobiales,Rhizobiaceae,Rhizobium
GCF_035969035.1,NZ_CP140867.1,1323531,Plasmid,55,3,5,1,2,1,5,2,2,2,3,6,1,4,2,4,5,3,1,1,2,0,0,,Pseudomonadota,Alphaproteobacteria,Hyphomicrobiales,Rhizobiaceae,Rhizobium
GCF_040961855.1,NZ_CP137575.1,1727788,Plasmid,2,0,0,0,0,0,0,0,0,0,2,0,0,0,0,0,0,0,0,0,0,0,0,,Actinomycetota,Actinomycetes,Mycobacteriales,Nocardiaceae,Rhodococcus
GCF_042140505.1,NZ_CP148092.1,1762614,Plasmid,1,0,0,0,0,0,0,0,0,0,0,0,0,0,0,0,0,0,0,0,0,1,0,,Pseudomonadota,Alphaproteobacteria,Hyphomicrobiales,Rhizobiaceae,Rhizobium
GCF_046840415.1,NZ_CP177351.1,1541971,Plasmid,4,1,0,0,0,0,0,0,0,0,1,0,0,1,0,0,0,0,0,0,0,1,0,,Pseudomonadota,Alphaproteobacteria,Hyphomicrobiales,Rhizobiaceae,Rhizobium
GCF_047325115.1,NZ_CP168569.1,951816,Plasmid,1,0,0,0,0,0,0,0,0,0,1,0,0,0,0,0,0,0,0,0,0,0,0,,Pseudomonadota,Alphaproteobacteria,Hyphomicrobiales,Rhizobiaceae,Rhizobium
GCF_000011965.2,NC_006569.1,491611,Plasmid,2,0,0,0,0,0,0,0,0,0,0,0,0,0,1,0,0,1,0,0,0,0,0,,Pseudomonadota,Alphaproteobacteria,Rhodobacterales,Roseobacteraceae,Ruegeria
GCF_000014065.1,NC_008043.1,821788,Plasmid,18,4,2,0,0,0,0,0,0,0,3,1,0,3,1,1,1,2,0,0,0,0,0,,Pseudomonadota,Alphaproteobacteria,Rhodobacterales,Roseobacteraceae,Ruegeria
GCF_000014065.1,NC_008042.1,130973,Plasmid,4,1,0,0,0,0,0,0,0,0,1,0,0,1,0,0,0,1,0,0,0,0,0,,Pseudomonadota,Alphaproteobacteria,Rhodobacterales,Roseobacteraceae,Ruegeria
GCF_003324915.1,NZ_CP030183.1,94179,Plasmid,1,0,0,0,0,0,0,0,0,0,1,0,0,0,0,0,0,0,0,0,0,0,0,,Pseudomonadota,Gammaproteobacteria,Enterobacterales,Enterobacteriaceae,Salmonella
GCF_003325055.1,NZ_CP030187.1,106569,Plasmid,3,0,0,1,0,0,0,0,0,0,0,0,0,0,0,0,1,0,0,0,0,0,1,,Pseudomonadota,Gammaproteobacteria,Enterobacterales,Enterobacteriaceae,Salmonella
GCF_003325055.1,NZ_CP030188.1,93719,Plasmid,3,0,0,1,0,0,0,0,0,0,1,0,0,0,0,0,0,1,0,0,0,0,0,,Pseudomonadota,Gammaproteobacteria,Enterobacterales,Enterobacteriaceae,Salmonella
GCF_003443535.1,NZ_CP031947.1,743267,Plasmid,2,0,0,0,0,0,0,0,0,0,0,1,0,0,0,1,0,0,0,0,0,0,0,,Pseudomonadota,Alphaproteobacteria,Rhodobacterales,Roseobacteraceae,Ruegeria
GCF_009363615.1,NZ_CP045385.1,811101,Plasmid,2,0,0,0,0,0,0,0,0,0,0,1,0,0,0,1,0,0,0,0,0,0,0,,Pseudomonadota,Alphaproteobacteria,Rhodobacterales,Roseobacteraceae,Ruegeria
GCF_019904295.1,NZ_CP065362.1,511666,Plasmid,2,0,0,0,0,0,0,0,0,0,0,1,0,0,0,1,0,0,0,0,0,0,0,,Pseudomonadota,Alphaproteobacteria,Rhodobacterales,Roseobacteraceae,Ruegeria
GCF_025140295.1,NZ_CP081104.1,787319,Plasmid,2,0,0,0,0,0,0,0,0,0,0,1,0,0,0,1,0,0,0,0,0,0,0,,Pseudomonadota,Alphaproteobacteria,Rhodobacterales,Roseobacteraceae,Ruegeria
GCF_025141855.1,NZ_CP081107.1,389159,Plasmid,2,0,0,0,0,0,0,0,0,0,0,1,0,0,0,1,0,0,0,0,0,0,0,,Pseudomonadota,Alphaproteobacteria,Rhodobacterales,Roseobacteraceae,Ruegeria
GCF_002504105.1,NZ_CP022662.1,132606,Plasmid,2,0,0,0,0,0,0,0,0,0,0,0,1,0,0,0,0,1,0,0,0,0,0,,Pseudomonadota,Gammaproteobacteria,Enterobacterales,Enterobacteriaceae,Salmonella
GCF_003067985.2,NZ_CP077703.1,85811,Plasmid,1,0,0,0,0,0,0,0,0,0,0,0,0,0,0,0,0,0,0,0,0,0,1,,Pseudomonadota,Gammaproteobacteria,Enterobacterales,Enterobacteriaceae,Salmonella
GCF_003068025.2,NZ_CP077708.1,96045,Plasmid,4,0,0,1,0,0,0,0,0,0,1,0,0,0,0,0,1,1,0,0,0,0,0,,Pseudomonadota,Gammaproteobacteria,Enterobacterales,Enterobacteriaceae,Salmonella
GCF_005160405.1,NZ_CP039862.1,91904,Plasmid,3,0,0,1,0,0,0,0,0,0,1,0,0,0,0,0,0,1,0,0,0,0,0,,Pseudomonadota,Gammaproteobacteria,Enterobacterales,Enterobacteriaceae,Salmonella
GCF_020736345.1,NZ_CP085986.1,79333,Plasmid,3,0,0,1,0,0,0,0,0,0,1,0,0,0,0,0,0,1,0,0,0,0,0,,Pseudomonadota,Gammaproteobacteria,Enterobacterales,Enterobacteriaceae,Salmonella
GCF_030913615.1,NZ_CP133185.1,100887,Plasmid,3,0,0,1,0,0,0,0,0,0,1,0,0,0,0,0,0,1,0,0,0,0,0,,Pseudomonadota,Gammaproteobacteria,Enterobacterales,Enterobacteriaceae,Salmonella
GCF_037823755.1,NZ_CP149144.1,100887,Plasmid,3,0,0,1,0,0,0,0,0,0,1,0,0,0,0,0,0,1,0,0,0,0,0,,Pseudomonadota,Gammaproteobacteria,Enterobacterales,Enterobacteriaceae,Salmonella
GCF_037821945.1,NZ_CP149138.1,100887,Plasmid,3,0,0,1,0,0,0,0,0,0,1,0,0,0,0,0,0,1,0,0,0,0,0,,Pseudomonadota,Gammaproteobacteria,Enterobacterales,Enterobacteriaceae,Salmonella
GCF_037824785.1,NZ_CP149156.1,100887,Plasmid,3,0,0,1,0,0,0,0,0,0,1,0,0,0,0,0,0,1,0,0,0,0,0,,Pseudomonadota,Gammaproteobacteria,Enterobacterales,Enterobacteriaceae,Salmonella
GCF_037825795.1,NZ_CP149165.1,100887,Plasmid,3,0,0,1,0,0,0,0,0,0,1,0,0,0,0,0,0,1,0,0,0,0,0,,Pseudomonadota,Gammaproteobacteria,Enterobacterales,Enterobacteriaceae,Salmonella
GCF_037826765.1,NZ_CP149169.1,100887,Plasmid,3,0,0,1,0,0,0,0,0,0,1,0,0,0,0,0,0,1,0,0,0,0,0,,Pseudomonadota,Gammaproteobacteria,Enterobacterales,Enterobacteriaceae,Salmonella
GCF_037827835.1,NZ_CP149173.1,100887,Plasmid,3,0,0,1,0,0,0,0,0,0,1,0,0,0,0,0,0,1,0,0,0,0,0,,Pseudomonadota,Gammaproteobacteria,Enterobacterales,Enterobacteriaceae,Salmonella
GCF_037828885.1,NZ_CP149177.1,100887,Plasmid,3,0,0,1,0,0,0,0,0,0,1,0,0,0,0,0,0,1,0,0,0,0,0,,Pseudomonadota,Gammaproteobacteria,Enterobacterales,Enterobacteriaceae,Salmonella
GCF_037837055.1,NZ_CP149222.1,119064,Plasmid,2,0,1,0,0,0,0,0,0,0,0,0,0,0,0,0,0,0,0,0,0,0,1,,Pseudomonadota,Gammaproteobacteria,Enterobacterales,Enterobacteriaceae,Salmonella
GCF_037840705.1,NZ_CP149263.1,109841,Plasmid,1,0,0,1,0,0,0,0,0,0,0,0,0,0,0,0,0,0,0,0,0,0,0,,Pseudomonadota,Gammaproteobacteria,Enterobacterales,Enterobacteriaceae,Salmonella
GCF_037844235.1,NZ_CP149289.1,100887,Plasmid,3,0,0,1,0,0,0,0,0,0,1,0,0,0,0,0,0,1,0,0,0,0,0,,Pseudomonadota,Gammaproteobacteria,Enterobacterales,Enterobacteriaceae,Salmonella
GCF_037844905.1,NZ_CP149161.1,100887,Plasmid,3,0,0,1,0,0,0,0,0,0,1,0,0,0,0,0,0,1,0,0,0,0,0,,Pseudomonadota,Gammaproteobacteria,Enterobacterales,Enterobacteriaceae,Salmonella
GCF_041411315.1,NZ_CP087508.1,4679600,Plasmid,83,5,9,4,3,1,3,4,6,1,4,8,5,5,2,3,5,4,1,3,6,1,0,,Pseudomonadota,Gammaproteobacteria,Enterobacterales,Enterobacteriaceae,Salmonella
GCF_041411325.1,NZ_CP087512.1,4681359,Plasmid,83,5,9,4,3,1,3,4,6,1,4,8,5,5,2,3,5,4,1,3,6,1,0,,Pseudomonadota,Gammaproteobacteria,Enterobacterales,Enterobacteriaceae,Salmonella
GCF_041412145.1,NZ_CP087535.1,82437,Plasmid,1,0,0,0,0,0,0,0,0,0,1,0,0,0,0,0,0,0,0,0,0,0,0,,Pseudomonadota,Gammaproteobacteria,Enterobacterales,Enterobacteriaceae,Salmonella
GCF_041412565.1,NZ_CP087553.1,4779036,Plasmid,84,5,9,4,3,1,4,4,6,1,4,8,5,5,2,3,5,4,1,3,6,1,0,,Pseudomonadota,Gammaproteobacteria,Enterobacterales,Enterobacteriaceae,Salmonella
GCF_041930365.1,NZ_CP169339.1,1714735,Plasmid,24,2,3,4,0,1,0,0,1,0,0,1,1,0,0,1,4,0,0,1,5,0,0,,Pseudomonadota,Gammaproteobacteria,Enterobacterales,Enterobacteriaceae,Salmonella
GCF_045344045.1,NZ_CP149250.1,6030,Plasmid,1,0,1,0,0,0,0,0,0,0,0,0,0,0,0,0,0,0,0,0,0,0,0,,Pseudomonadota,Gammaproteobacteria,Enterobacterales,Enterobacteriaceae,Salmonella
GCF_045344055.1,NZ_CP149245.1,6029,Plasmid,1,0,1,0,0,0,0,0,0,0,0,0,0,0,0,0,0,0,0,0,0,0,0,,Pseudomonadota,Gammaproteobacteria,Enterobacterales,Enterobacteriaceae,Salmonella
GCF_045344065.1,NZ_CP149242.1,6029,Plasmid,1,0,1,0,0,0,0,0,0,0,0,0,0,0,0,0,0,0,0,0,0,0,0,,Pseudomonadota,Gammaproteobacteria,Enterobacterales,Enterobacteriaceae,Salmonella
GCF_045344195.1,NZ_CP149152.1,100886,Plasmid,3,0,0,1,0,0,0,0,0,0,1,0,0,0,0,0,0,1,0,0,0,0,0,,Pseudomonadota,Gammaproteobacteria,Enterobacterales,Enterobacteriaceae,Salmonella
GCF_045344205.1,NZ_CP149148.1,100887,Plasmid,3,0,0,1,0,0,0,0,0,0,1,0,0,0,0,0,0,1,0,0,0,0,0,,Pseudomonadota,Gammaproteobacteria,Enterobacterales,Enterobacteriaceae,Salmonella
GCF_050263195.1,NZ_CP189878.1,92256,Plasmid,3,0,0,1,0,0,0,0,0,0,1,0,0,0,0,0,0,1,0,0,0,0,0,,Pseudomonadota,Gammaproteobacteria,Enterobacterales,Enterobacteriaceae,Salmonella
GCF_050516495.1,NZ_CP191517.1,299435,Plasmid,1,0,1,0,0,0,0,0,0,0,0,0,0,0,0,0,0,0,0,0,0,0,0,,Pseudomonadota,Gammaproteobacteria,Enterobacterales,Enterobacteriaceae,Salmonella
GCF_000988525.3,NZ_CP014707.1,101118,Plasmid,1,0,0,1,0,0,0,0,0,0,0,0,0,0,0,0,0,0,0,0,0,0,0,,Pseudomonadota,Gammaproteobacteria,Enterobacterales,Enterobacteriaceae,Salmonella
GCF_002208195.1,NZ_CP022016.1,473456,Plasmid,12,0,0,5,0,1,0,0,2,0,1,1,0,0,0,0,1,1,0,0,0,0,0,,Pseudomonadota,Gammaproteobacteria,Enterobacterales,Enterobacteriaceae,Salmonella
GCF_002763415.1,NZ_CP018654.1,33784,Plasmid,2,0,0,0,0,0,0,0,0,0,0,0,0,0,0,0,0,0,0,2,0,0,0,,Pseudomonadota,Gammaproteobacteria,Enterobacterales,Enterobacteriaceae,Salmonella
GCF_002863785.1,NZ_CP019203.1,178238,Plasmid,2,1,0,0,0,0,0,0,0,0,1,0,0,0,0,0,0,0,0,0,0,0,0,,Pseudomonadota,Gammaproteobacteria,Enterobacterales,Enterobacteriaceae,Salmonella
GCF_003030265.1,NZ_CP028198.1,92366,Plasmid,5,0,1,0,0,0,0,0,0,0,1,0,0,0,0,0,1,1,0,1,0,0,0,,Pseudomonadota,Gammaproteobacteria,Enterobacterales,Enterobacteriaceae,Salmonella
GCF_004848885.1,NZ_CP039495.1,47543,Plasmid,3,0,0,1,0,0,0,0,1,0,0,0,0,0,0,0,0,1,0,0,0,0,0,,Pseudomonadota,Gammaproteobacteria,Enterobacterales,Enterobacteriaceae,Salmonella
GCF_008727535.1,NZ_CP044180.1,106569,Plasmid,3,0,0,1,0,0,0,0,0,0,0,0,0,0,0,0,1,0,0,0,0,0,1,,Pseudomonadota,Gammaproteobacteria,Enterobacterales,Enterobacteriaceae,Salmonella
GCF_016454265.1,NZ_CP051361.1,95358,Plasmid,3,0,0,1,0,0,0,0,0,0,1,0,0,0,0,0,0,1,0,0,0,0,0,,Pseudomonadota,Gammaproteobacteria,Enterobacterales,Enterobacteriaceae,Salmonella
GCF_021497565.1,NZ_CP071390.1,94574,Plasmid,3,0,0,1,0,0,0,0,0,0,1,0,0,0,0,0,0,1,0,0,0,0,0,,Pseudomonadota,Gammaproteobacteria,Enterobacterales,Enterobacteriaceae,Salmonella
GCF_024266465.1,NZ_CP100711.1,77896,Plasmid,4,0,1,0,0,0,0,0,0,0,1,0,0,0,0,0,1,1,0,0,0,0,0,,Pseudomonadota,Gammaproteobacteria,Enterobacterales,Enterobacteriaceae,Salmonella
GCF_024266545.1,NZ_CP100729.1,83642,Plasmid,4,0,1,0,0,0,0,0,0,0,1,0,0,0,0,0,1,1,0,0,0,0,0,,Pseudomonadota,Gammaproteobacteria,Enterobacterales,Enterobacteriaceae,Salmonella
GCF_037798445.1,NZ_CP148876.1,499069,Plasmid,10,0,1,4,0,1,0,0,1,0,0,1,0,0,0,1,1,0,0,0,0,0,0,,Pseudomonadota,Gammaproteobacteria,Enterobacterales,Enterobacteriaceae,Salmonella
GCF_037798445.1,NZ_CP148877.1,41528,Plasmid,1,0,0,0,0,0,0,0,0,0,0,0,0,0,0,0,0,0,0,0,0,0,1,,Pseudomonadota,Gammaproteobacteria,Enterobacterales,Enterobacteriaceae,Salmonella
GCF_045004235.1,NZ_CP173369.1,45222,Plasmid,1,0,0,0,0,0,0,0,0,0,0,0,0,0,0,0,0,0,0,1,0,0,0,,Pseudomonadota,Gammaproteobacteria,Enterobacterales,Enterobacteriaceae,Salmonella
GCF_045004275.1,NZ_CP173376.1,45227,Plasmid,2,0,0,0,0,0,0,0,0,0,0,0,0,0,0,0,0,0,0,2,0,0,0,,Pseudomonadota,Gammaproteobacteria,Enterobacterales,Enterobacteriaceae,Salmonella
GCF_045037845.1,NZ_CP173654.1,45232,Plasmid,1,0,0,0,0,0,0,0,0,0,0,0,0,0,0,0,0,0,0,1,0,0,0,,Pseudomonadota,Gammaproteobacteria,Enterobacterales,Enterobacteriaceae,Salmonella
GCF_045037885.1,NZ_CP173645.1,45220,Plasmid,1,0,0,0,0,0,0,0,0,0,0,0,0,0,0,0,0,0,0,1,0,0,0,,Pseudomonadota,Gammaproteobacteria,Enterobacterales,Enterobacteriaceae,Salmonella
GCF_045037905.1,NZ_CP173651.1,45232,Plasmid,1,0,0,0,0,0,0,0,0,0,0,0,0,0,0,0,0,0,0,1,0,0,0,,Pseudomonadota,Gammaproteobacteria,Enterobacterales,Enterobacteriaceae,Salmonella
GCF_045037895.1,NZ_CP173648.1,45227,Plasmid,1,0,0,0,0,0,0,0,0,0,0,0,0,0,0,0,0,0,0,1,0,0,0,,Pseudomonadota,Gammaproteobacteria,Enterobacterales,Enterobacteriaceae,Salmonella
GCF_045037925.1,NZ_CP173639.1,45233,Plasmid,1,0,0,0,0,0,0,0,0,0,0,0,0,0,0,0,0,0,0,1,0,0,0,,Pseudomonadota,Gammaproteobacteria,Enterobacterales,Enterobacteriaceae,Salmonella
GCF_045037935.1,NZ_CP173642.1,45228,Plasmid,2,0,0,0,0,0,0,0,0,0,0,0,0,0,0,0,0,0,0,2,0,0,0,,Pseudomonadota,Gammaproteobacteria,Enterobacterales,Enterobacteriaceae,Salmonella
GCF_048017515.1,NZ_CP182126.1,30166,Plasmid,1,0,0,0,0,0,0,0,0,0,0,0,0,0,0,0,0,0,0,0,0,0,1,,Pseudomonadota,Gammaproteobacteria,Enterobacterales,Enterobacteriaceae,Salmonella
GCF_000195995.1,NC_003385.1,106516,Plasmid,1,0,0,1,0,0,0,0,0,0,0,0,0,0,0,0,0,0,0,0,0,0,0,,Pseudomonadota,Gammaproteobacteria,Enterobacterales,Enterobacteriaceae,Salmonella
GCF_000240905.2,NZ_CP019188.1,95279,Plasmid,3,0,0,1,0,0,0,0,0,0,1,0,0,0,0,0,0,1,0,0,0,0,0,,Pseudomonadota,Gammaproteobacteria,Enterobacterales,Enterobacteriaceae,Salmonella
GCF_000272835.5,NZ_CP009570.2,85837,Plasmid,1,0,0,0,0,0,0,0,0,0,0,0,0,0,0,0,0,0,0,0,0,0,1,,Pseudomonadota,Gammaproteobacteria,Enterobacterales,Enterobacteriaceae,Salmonella
GCF_001006525.1,NZ_CP011430.1,88949,Plasmid,4,0,0,1,0,0,0,0,0,0,1,0,0,0,0,0,0,1,0,0,0,0,1,,Pseudomonadota,Gammaproteobacteria,Enterobacterales,Enterobacteriaceae,Salmonella
GCF_001457675.1,NZ_LN868944.1,727905,Plasmid,14,0,4,0,0,0,0,1,1,0,1,1,0,3,1,0,1,1,0,0,0,0,0,,Pseudomonadota,Gammaproteobacteria,Enterobacterales,Enterobacteriaceae,Salmonella
GCF_001457675.1,NZ_LN868945.1,147787,Plasmid,2,1,0,0,0,0,0,0,0,0,1,0,0,0,0,0,0,0,0,0,0,0,0,,Pseudomonadota,Gammaproteobacteria,Enterobacterales,Enterobacteriaceae,Salmonella
GCF_001457675.1,NZ_LN868946.1,141119,Plasmid,13,1,1,0,1,0,0,1,1,1,1,1,0,0,0,1,0,2,1,1,0,0,0,,Pseudomonadota,Gammaproteobacteria,Enterobacterales,Enterobacteriaceae,Salmonella
GCF_003717075.1,NZ_CP029929.1,106706,Plasmid,1,0,0,1,0,0,0,0,0,0,0,0,0,0,0,0,0,0,0,0,0,0,0,,Pseudomonadota,Gammaproteobacteria,Enterobacterales,Enterobacteriaceae,Salmonella
GCF_003717515.1,NZ_CP029951.1,106706,Plasmid,1,0,0,1,0,0,0,0,0,0,0,0,0,0,0,0,0,0,0,0,0,0,0,,Pseudomonadota,Gammaproteobacteria,Enterobacterales,Enterobacteriaceae,Salmonella
GCF_003717655.1,NZ_CP029865.1,106706,Plasmid,1,0,0,1,0,0,0,0,0,0,0,0,0,0,0,0,0,0,0,0,0,0,0,,Pseudomonadota,Gammaproteobacteria,Enterobacterales,Enterobacteriaceae,Salmonella
GCF_003717675.1,NZ_CP029867.1,106706,Plasmid,1,0,0,1,0,0,0,0,0,0,0,0,0,0,0,0,0,0,0,0,0,0,0,,Pseudomonadota,Gammaproteobacteria,Enterobacterales,Enterobacteriaceae,Salmonella
GCF_003717755.1,NZ_CP029898.1,106705,Plasmid,1,0,0,1,0,0,0,0,0,0,0,0,0,0,0,0,0,0,0,0,0,0,0,,Pseudomonadota,Gammaproteobacteria,Enterobacterales,Enterobacteriaceae,Salmonella
GCF_003717835.1,NZ_CP029889.1,106706,Plasmid,1,0,0,1,0,0,0,0,0,0,0,0,0,0,0,0,0,0,0,0,0,0,0,,Pseudomonadota,Gammaproteobacteria,Enterobacterales,Enterobacteriaceae,Salmonella
GCF_003717875.1,NZ_CP029891.1,106706,Plasmid,1,0,0,1,0,0,0,0,0,0,0,0,0,0,0,0,0,0,0,0,0,0,0,,Pseudomonadota,Gammaproteobacteria,Enterobacterales,Enterobacteriaceae,Salmonella
GCF_003717895.1,NZ_CP029893.1,106706,Plasmid,1,0,0,1,0,0,0,0,0,0,0,0,0,0,0,0,0,0,0,0,0,0,0,,Pseudomonadota,Gammaproteobacteria,Enterobacterales,Enterobacteriaceae,Salmonella
GCF_003717975.1,NZ_CP029901.1,106706,Plasmid,1,0,0,1,0,0,0,0,0,0,0,0,0,0,0,0,0,0,0,0,0,0,0,,Pseudomonadota,Gammaproteobacteria,Enterobacterales,Enterobacteriaceae,Salmonella
GCF_003717995.1,NZ_CP029876.1,106706,Plasmid,1,0,0,1,0,0,0,0,0,0,0,0,0,0,0,0,0,0,0,0,0,0,0,,Pseudomonadota,Gammaproteobacteria,Enterobacterales,Enterobacteriaceae,Salmonella
GCF_003718035.1,NZ_CP029916.1,106706,Plasmid,1,0,0,1,0,0,0,0,0,0,0,0,0,0,0,0,0,0,0,0,0,0,0,,Pseudomonadota,Gammaproteobacteria,Enterobacterales,Enterobacteriaceae,Salmonella
GCF_003718075.1,NZ_CP029921.1,106706,Plasmid,1,0,0,1,0,0,0,0,0,0,0,0,0,0,0,0,0,0,0,0,0,0,0,,Pseudomonadota,Gammaproteobacteria,Enterobacterales,Enterobacteriaceae,Salmonella
GCF_003718115.1,NZ_CP029884.1,106706,Plasmid,1,0,0,1,0,0,0,0,0,0,0,0,0,0,0,0,0,0,0,0,0,0,0,,Pseudomonadota,Gammaproteobacteria,Enterobacterales,Enterobacteriaceae,Salmonella
GCF_003718255.1,NZ_CP029905.1,106706,Plasmid,1,0,0,1,0,0,0,0,0,0,0,0,0,0,0,0,0,0,0,0,0,0,0,,Pseudomonadota,Gammaproteobacteria,Enterobacterales,Enterobacteriaceae,Salmonella
GCF_003718355.1,NZ_CP029847.1,106705,Plasmid,1,0,0,1,0,0,0,0,0,0,0,0,0,0,0,0,0,0,0,0,0,0,0,,Pseudomonadota,Gammaproteobacteria,Enterobacterales,Enterobacteriaceae,Salmonella
GCF_003718395.1,NZ_CP029961.1,106705,Plasmid,1,0,0,1,0,0,0,0,0,0,0,0,0,0,0,0,0,0,0,0,0,0,0,,Pseudomonadota,Gammaproteobacteria,Enterobacterales,Enterobacteriaceae,Salmonella
GCF_003718455.1,NZ_CP029849.1,106706,Plasmid,1,0,0,1,0,0,0,0,0,0,0,0,0,0,0,0,0,0,0,0,0,0,0,,Pseudomonadota,Gammaproteobacteria,Enterobacterales,Enterobacteriaceae,Salmonella
GCF_003718475.1,NZ_CP029851.1,106705,Plasmid,1,0,0,1,0,0,0,0,0,0,0,0,0,0,0,0,0,0,0,0,0,0,0,,Pseudomonadota,Gammaproteobacteria,Enterobacterales,Enterobacteriaceae,Salmonella
GCF_003718535.1,NZ_CP029857.1,106706,Plasmid,1,0,0,1,0,0,0,0,0,0,0,0,0,0,0,0,0,0,0,0,0,0,0,,Pseudomonadota,Gammaproteobacteria,Enterobacterales,Enterobacteriaceae,Salmonella
GCF_003718555.1,NZ_CP029859.1,106706,Plasmid,1,0,0,1,0,0,0,0,0,0,0,0,0,0,0,0,0,0,0,0,0,0,0,,Pseudomonadota,Gammaproteobacteria,Enterobacterales,Enterobacteriaceae,Salmonella
GCF_003719555.1,NZ_CP029647.1,106706,Plasmid,1,0,0,1,0,0,0,0,0,0,0,0,0,0,0,0,0,0,0,0,0,0,0,,Pseudomonadota,Gammaproteobacteria,Enterobacterales,Enterobacteriaceae,Salmonella
GCF_009650355.1,NZ_CP045054.1,270881,Plasmid,1,0,0,0,0,0,0,0,0,0,0,0,0,0,0,0,0,1,0,0,0,0,0,,Pseudomonadota,Gammaproteobacteria,Enterobacterales,Enterobacteriaceae,Salmonella
GCF_009650375.1,NZ_CP045058.1,270878,Plasmid,1,0,0,0,0,0,0,0,0,0,0,0,0,0,0,0,0,1,0,0,0,0,0,,Pseudomonadota,Gammaproteobacteria,Enterobacterales,Enterobacteriaceae,Salmonella
GCF_009650395.1,NZ_CP045061.1,270863,Plasmid,1,0,0,0,0,0,0,0,0,0,0,0,0,0,0,0,0,1,0,0,0,0,0,,Pseudomonadota,Gammaproteobacteria,Enterobacterales,Enterobacteriaceae,Salmonella
GCF_016454345.1,NZ_CP051374.1,194325,Plasmid,4,2,0,0,0,0,0,0,0,0,2,0,0,0,0,0,0,0,0,0,0,0,0,,Pseudomonadota,Gammaproteobacteria,Enterobacterales,Enterobacteriaceae,Salmonella
GCF_024266165.1,NZ_CP100671.1,99204,Plasmid,3,0,0,1,0,0,0,0,0,0,1,0,0,0,0,0,0,1,0,0,0,0,0,,Pseudomonadota,Gammaproteobacteria,Enterobacterales,Enterobacteriaceae,Salmonella
GCF_027942115.1,NZ_CP092628.1,92361,Plasmid,5,0,1,0,0,0,0,0,0,0,1,0,0,0,0,0,1,1,0,1,0,0,0,,Pseudomonadota,Gammaproteobacteria,Enterobacterales,Enterobacteriaceae,Salmonella
GCF_027942155.1,NZ_CP092691.1,92357,Plasmid,5,0,1,0,0,0,0,0,0,0,1,0,0,0,0,0,1,1,0,1,0,0,0,,Pseudomonadota,Gammaproteobacteria,Enterobacterales,Enterobacteriaceae,Salmonella
GCF_030505735.1,NZ_CP130074.1,144836,Plasmid,2,0,0,0,0,0,0,0,1,0,0,0,0,0,0,0,0,1,0,0,0,0,0,,Pseudomonadota,Gammaproteobacteria,Enterobacterales,Enterobacteriaceae,Salmonella
GCF_030505755.1,NZ_CP130077.1,144828,Plasmid,2,0,0,0,0,0,0,0,1,0,0,0,0,0,0,0,0,1,0,0,0,0,0,,Pseudomonadota,Gammaproteobacteria,Enterobacterales,Enterobacteriaceae,Salmonella
GCF_030505775.1,NZ_CP130084.1,144833,Plasmid,2,0,0,0,0,0,0,0,1,0,0,0,0,0,0,0,0,1,0,0,0,0,0,,Pseudomonadota,Gammaproteobacteria,Enterobacterales,Enterobacteriaceae,Salmonella
GCF_030505835.1,NZ_CP130097.1,144840,Plasmid,2,0,0,0,0,0,0,0,1,0,0,0,0,0,0,0,0,1,0,0,0,0,0,,Pseudomonadota,Gammaproteobacteria,Enterobacterales,Enterobacteriaceae,Salmonella
GCF_030505815.1,NZ_CP130092.1,143790,Plasmid,2,0,0,0,0,0,0,0,1,0,0,0,0,0,0,0,0,1,0,0,0,0,0,,Pseudomonadota,Gammaproteobacteria,Enterobacterales,Enterobacteriaceae,Salmonella
GCF_030505875.1,NZ_CP130104.1,144846,Plasmid,2,0,0,0,0,0,0,0,1,0,0,0,0,0,0,0,0,1,0,0,0,0,0,,Pseudomonadota,Gammaproteobacteria,Enterobacterales,Enterobacteriaceae,Salmonella
GCF_030505895.1,NZ_CP130107.1,144840,Plasmid,2,0,0,0,0,0,0,0,1,0,0,0,0,0,0,0,0,1,0,0,0,0,0,,Pseudomonadota,Gammaproteobacteria,Enterobacterales,Enterobacteriaceae,Salmonella
GCF_030505915.1,NZ_CP130110.1,144840,Plasmid,2,0,0,0,0,0,0,0,1,0,0,0,0,0,0,0,0,1,0,0,0,0,0,,Pseudomonadota,Gammaproteobacteria,Enterobacterales,Enterobacteriaceae,Salmonella
GCF_030505935.1,NZ_CP130113.1,144841,Plasmid,2,0,0,0,0,0,0,0,1,0,0,0,0,0,0,0,0,1,0,0,0,0,0,,Pseudomonadota,Gammaproteobacteria,Enterobacterales,Enterobacteriaceae,Salmonella
GCF_030505955.1,NZ_CP130116.1,144840,Plasmid,2,0,0,0,0,0,0,0,1,0,0,0,0,0,0,0,0,1,0,0,0,0,0,,Pseudomonadota,Gammaproteobacteria,Enterobacterales,Enterobacteriaceae,Salmonella
GCF_030505995.1,NZ_CP130127.1,144840,Plasmid,2,0,0,0,0,0,0,0,1,0,0,0,0,0,0,0,0,1,0,0,0,0,0,,Pseudomonadota,Gammaproteobacteria,Enterobacterales,Enterobacteriaceae,Salmonella
GCF_030506155.1,NZ_CP130275.1,146167,Plasmid,2,0,0,0,0,0,0,0,1,0,0,0,0,0,0,0,0,1,0,0,0,0,0,,Pseudomonadota,Gammaproteobacteria,Enterobacterales,Enterobacteriaceae,Salmonella
GCF_039830155.1,NZ_CP156170.1,106706,Plasmid,1,0,0,1,0,0,0,0,0,0,0,0,0,0,0,0,0,0,0,0,0,0,0,,Pseudomonadota,Gammaproteobacteria,Enterobacterales,Enterobacteriaceae,Salmonella
GCF_041871515.1,NZ_CP168963.1,106607,Plasmid,1,0,0,1,0,0,0,0,0,0,0,0,0,0,0,0,0,0,0,0,0,0,0,,Pseudomonadota,Gammaproteobacteria,Enterobacterales,Enterobacteriaceae,Salmonella
GCF_041892465.1,NZ_CP169079.1,106607,Plasmid,1,0,0,1,0,0,0,0,0,0,0,0,0,0,0,0,0,0,0,0,0,0,0,,Pseudomonadota,Gammaproteobacteria,Enterobacterales,Enterobacteriaceae,Salmonella
GCF_044999545.1,NZ_CP173297.1,106607,Plasmid,1,0,0,1,0,0,0,0,0,0,0,0,0,0,0,0,0,0,0,0,0,0,0,,Pseudomonadota,Gammaproteobacteria,Enterobacterales,Enterobacteriaceae,Salmonella
GCF_044999545.1,NZ_CP173302.1,13274,Plasmid,2,0,0,0,0,0,0,0,0,0,0,0,0,2,0,0,0,0,0,0,0,0,0,,Pseudomonadota,Gammaproteobacteria,Enterobacterales,Enterobacteriaceae,Salmonella
GCF_044999555.1,NZ_CP173289.1,106705,Plasmid,1,0,0,1,0,0,0,0,0,0,0,0,0,0,0,0,0,0,0,0,0,0,0,,Pseudomonadota,Gammaproteobacteria,Enterobacterales,Enterobacteriaceae,Salmonella
GCF_044999565.1,NZ_CP173293.1,106607,Plasmid,1,0,0,1,0,0,0,0,0,0,0,0,0,0,0,0,0,0,0,0,0,0,0,,Pseudomonadota,Gammaproteobacteria,Enterobacterales,Enterobacteriaceae,Salmonella
GCF_045007905.1,NZ_CP034699.1,193615,Plasmid,2,0,0,0,0,0,0,0,0,0,0,0,0,0,0,0,2,0,0,0,0,0,0,,Pseudomonadota,Gammaproteobacteria,Enterobacterales,Enterobacteriaceae,Salmonella
GCF_000422085.1,NC_021742.1,44107,Plasmid,7,1,0,0,0,0,0,1,1,0,1,0,0,0,0,0,0,2,0,1,0,0,0,,Pseudomonadota,Gammaproteobacteria,Enterobacterales,Yersiniaceae,Serratia
GCF_004010735.1,NZ_CP034821.1,146389,Plasmid,3,0,0,1,0,0,0,0,0,0,1,0,0,0,0,0,0,1,0,0,0,0,0,,Pseudomonadota,Gammaproteobacteria,Enterobacterales,Enterobacteriaceae,Salmonella
GCF_004324025.2,NZ_CP047533.1,96002,Plasmid,8,1,1,0,1,0,0,0,0,1,1,1,0,0,0,1,0,0,1,0,0,0,0,,Pseudomonadota,Gammaproteobacteria,Enterobacterales,Enterobacteriaceae,Salmonella
GCF_004337745.2,NZ_CP047538.1,329730,Plasmid,1,0,0,0,0,0,0,0,0,0,0,0,0,0,0,0,1,0,0,0,0,0,0,,Pseudomonadota,Gammaproteobacteria,Enterobacterales,Enterobacteriaceae,Salmonella
GCF_005885895.1,NZ_CP040567.1,105670,Plasmid,1,0,0,1,0,0,0,0,0,0,0,0,0,0,0,0,0,0,0,0,0,0,0,,Pseudomonadota,Gammaproteobacteria,Enterobacterales,Enterobacteriaceae,Salmonella
GCF_008931425.1,NZ_CP042515.1,67074,Plasmid,2,0,0,0,0,0,0,0,0,0,0,0,0,0,0,0,2,0,0,0,0,0,0,,Pseudomonadota,Gammaproteobacteria,Enterobacterales,Yersiniaceae,Serratia
GCF_009497835.1,NZ_CP032492.1,90686,Plasmid,4,0,0,1,0,0,0,0,0,0,1,0,0,0,0,0,0,1,0,0,0,0,1,,Pseudomonadota,Gammaproteobacteria,Enterobacterales,Enterobacteriaceae,Salmonella
GCF_009497855.1,NZ_CP032497.1,74729,Plasmid,4,0,0,1,0,0,0,0,0,0,1,0,0,0,0,0,0,1,0,0,0,0,1,,Pseudomonadota,Gammaproteobacteria,Enterobacterales,Enterobacteriaceae,Salmonella
GCF_011304815.1,NZ_CP035549.1,88898,Plasmid,4,0,0,1,0,0,0,0,0,0,1,0,0,0,0,0,0,1,0,0,0,0,1,,Pseudomonadota,Gammaproteobacteria,Enterobacterales,Enterobacteriaceae,Salmonella
GCF_015534815.1,NZ_CP064673.1,103445,Plasmid,3,0,0,1,0,0,0,0,0,0,1,0,0,0,0,0,0,1,0,0,0,0,0,,Pseudomonadota,Gammaproteobacteria,Enterobacterales,Enterobacteriaceae,Salmonella
GCF_015534835.1,NZ_CP064676.1,103445,Plasmid,3,0,0,1,0,0,0,0,0,0,1,0,0,0,0,0,0,1,0,0,0,0,0,,Pseudomonadota,Gammaproteobacteria,Enterobacterales,Enterobacteriaceae,Salmonella
GCF_016728005.1,NZ_CP068149.1,187192,Plasmid,2,0,0,0,0,0,0,0,1,0,1,0,0,0,0,0,0,0,0,0,0,0,0,,Pseudomonadota,Gammaproteobacteria,Enterobacterales,Yersiniaceae,Serratia
GCF_037099745.1,NZ_CP146848.1,92749,Plasmid,1,0,0,0,0,0,0,0,0,0,0,0,0,0,0,0,0,0,0,0,0,0,1,,Pseudomonadota,Gammaproteobacteria,Enterobacterales,Enterobacteriaceae,Salmonella
GCF_042186005.1,NZ_CP104831.1,92110,Plasmid,4,0,0,1,0,0,0,0,0,0,1,0,0,0,0,0,0,1,0,0,0,0,1,,Pseudomonadota,Gammaproteobacteria,Enterobacterales,Enterobacteriaceae,Salmonella
GCF_049187565.1,NZ_CP185810.1,95578,Plasmid,3,0,0,1,0,0,0,0,0,0,1,0,0,0,0,0,0,1,0,0,0,0,0,,Pseudomonadota,Gammaproteobacteria,Enterobacterales,Enterobacteriaceae,Salmonella
GCF_907163195.1,NZ_OU015330.1,69651,Plasmid,7,2,1,0,0,0,0,0,0,0,0,0,1,0,0,0,0,0,0,0,3,0,0,,Pseudomonadota,Gammaproteobacteria,Enterobacterales,Enterobacteriaceae,Salmonella
GCF_001578125.1,NZ_CP012733.1,41686,Plasmid,2,0,0,1,0,0,0,0,0,0,0,0,0,0,0,0,0,1,0,0,0,0,0,,Pseudomonadota,Gammaproteobacteria,Enterobacterales,Enterobacteriaceae,Shigella
GCF_001578125.1,NZ_CP012736.1,24419,Plasmid,1,0,0,0,0,0,0,0,0,0,0,0,0,0,0,0,0,1,0,0,0,0,0,,Pseudomonadota,Gammaproteobacteria,Enterobacterales,Enterobacteriaceae,Shigella
GCF_002949345.1,NZ_CP026808.1,79695,Plasmid,3,0,0,1,0,0,0,0,0,0,1,0,0,0,0,0,0,1,0,0,0,0,0,,Pseudomonadota,Gammaproteobacteria,Enterobacterales,Enterobacteriaceae,Shigella
GCF_002949555.1,NZ_CP026816.1,79553,Plasmid,3,0,0,1,0,0,0,0,0,0,1,0,0,0,0,0,0,1,0,0,0,0,0,,Pseudomonadota,Gammaproteobacteria,Enterobacterales,Enterobacteriaceae,Shigella
GCF_002949615.1,NZ_CP026818.1,80213,Plasmid,3,0,0,1,0,0,0,0,0,0,1,0,0,0,0,0,0,1,0,0,0,0,0,,Pseudomonadota,Gammaproteobacteria,Enterobacterales,Enterobacteriaceae,Shigella
GCF_003855115.1,NZ_CP034066.1,109082,Plasmid,4,0,0,1,0,0,0,0,0,0,0,0,0,0,0,0,1,1,0,1,0,0,0,,Pseudomonadota,Gammaproteobacteria,Enterobacterales,Enterobacteriaceae,Shigella
GCF_009664515.1,NZ_CP045933.1,108107,Plasmid,4,0,0,1,0,0,0,0,0,0,0,0,0,0,0,0,1,1,0,1,0,0,0,,Pseudomonadota,Gammaproteobacteria,Enterobacterales,Enterobacteriaceae,Shigella
GCF_009831665.3,NZ_CP072651.1,54778,Plasmid,1,0,0,0,0,0,0,1,0,0,0,0,0,0,0,0,0,0,0,0,0,0,0,,Pseudomonadota,Gammaproteobacteria,Enterobacterales,Yersiniaceae,Serratia
GCF_013201485.1,NZ_CP053753.1,109437,Plasmid,4,0,0,1,0,0,0,0,0,0,0,0,0,0,0,0,1,1,0,1,0,0,0,,Pseudomonadota,Gammaproteobacteria,Enterobacterales,Enterobacteriaceae,Shigella
GCF_019968685.1,NZ_CP074138.1,112026,Plasmid,1,0,0,0,0,0,0,0,0,0,1,0,0,0,0,0,0,0,0,0,0,0,0,,Pseudomonadota,Gammaproteobacteria,Enterobacterales,Yersiniaceae,Serratia
GCF_019968685.1,NZ_CP074139.1,44268,Plasmid,1,0,0,0,0,0,0,0,0,0,0,0,0,0,0,0,0,0,0,0,0,0,1,,Pseudomonadota,Gammaproteobacteria,Enterobacterales,Yersiniaceae,Serratia
GCF_019968725.1,NZ_CP074144.1,117877,Plasmid,1,0,0,0,0,0,0,0,0,0,1,0,0,0,0,0,0,0,0,0,0,0,0,,Pseudomonadota,Gammaproteobacteria,Enterobacterales,Yersiniaceae,Serratia
GCF_019968725.1,NZ_CP074146.1,87492,Plasmid,1,0,0,0,0,0,0,0,0,0,0,0,0,0,0,0,0,0,0,0,0,0,1,,Pseudomonadota,Gammaproteobacteria,Enterobacterales,Yersiniaceae,Serratia
GCF_019968745.1,NZ_CP074148.1,90433,Plasmid,1,0,0,0,0,0,0,0,0,0,1,0,0,0,0,0,0,0,0,0,0,0,0,,Pseudomonadota,Gammaproteobacteria,Enterobacterales,Yersiniaceae,Serratia
GCF_022354345.1,NZ_CP055201.1,92910,Plasmid,3,0,0,1,0,0,0,0,0,0,1,0,0,0,0,0,0,1,0,0,0,0,0,,Pseudomonadota,Gammaproteobacteria,Enterobacterales,Enterobacteriaceae,Shigella
GCF_022494275.1,NZ_CP058773.1,95902,Plasmid,3,0,0,1,0,0,0,0,0,0,1,0,0,0,0,0,0,1,0,0,0,0,0,,Pseudomonadota,Gammaproteobacteria,Enterobacterales,Enterobacteriaceae,Shigella
GCF_022494415.1,NZ_CP058787.1,92052,Plasmid,4,0,0,1,0,0,0,0,0,0,1,0,0,0,0,0,0,1,0,0,0,0,1,,Pseudomonadota,Gammaproteobacteria,Enterobacterales,Enterobacteriaceae,Shigella
GCF_022494435.1,NZ_CP058791.1,137079,Plasmid,1,0,0,0,0,0,0,0,0,0,0,0,0,0,0,0,0,1,0,0,0,0,0,,Pseudomonadota,Gammaproteobacteria,Enterobacterales,Enterobacteriaceae,Shigella
GCF_042013535.1,NZ_CP162075.1,90188,Plasmid,5,0,0,1,0,0,0,0,0,0,1,0,0,0,0,0,1,1,0,1,0,0,0,,Pseudomonadota,Gammaproteobacteria,Enterobacterales,Enterobacteriaceae,Shigella
GCF_000006965.1,NC_003037.1,1354226,Plasmid,2,0,0,0,0,0,0,0,0,0,1,0,0,0,0,0,0,0,0,0,0,1,0,,Pseudomonadota,Alphaproteobacteria,Hyphomicrobiales,Rhizobiaceae,Sinorhizobium
GCF_000006965.1,NC_003078.1,1683333,Plasmid,1,0,1,0,0,0,0,0,0,0,0,0,0,0,0,0,0,0,0,0,0,0,0,,Pseudomonadota,Alphaproteobacteria,Hyphomicrobiales,Rhizobiaceae,Sinorhizobium
GCF_000017145.1,NC_009620.1,1570951,Plasmid,1,0,1,0,0,0,0,0,0,0,0,0,0,0,0,0,0,0,0,0,0,0,0,,Pseudomonadota,Alphaproteobacteria,Hyphomicrobiales,Rhizobiaceae,Sinorhizobium
GCF_000017145.1,NC_009621.1,1245408,Plasmid,1,0,0,0,0,0,0,0,0,0,0,0,0,0,0,1,0,0,0,0,0,0,0,,Pseudomonadota,Alphaproteobacteria,Hyphomicrobiales,Rhizobiaceae,Sinorhizobium
GCF_000018545.1,NC_000914.2,536165,Plasmid,1,0,0,0,0,0,0,0,0,0,1,0,0,0,0,0,0,0,0,0,0,0,0,,Pseudomonadota,Alphaproteobacteria,Hyphomicrobiales,Rhizobiaceae,Sinorhizobium
GCF_000147775.2,NC_017324.1,1616209,Plasmid,2,0,0,0,0,0,0,0,0,0,0,0,0,0,0,0,0,0,0,0,1,1,0,,Pseudomonadota,Alphaproteobacteria,Hyphomicrobiales,Rhizobiaceae,Sinorhizobium
GCF_000147775.2,NC_017323.1,1690594,Plasmid,1,0,1,0,0,0,0,0,0,0,0,0,0,0,0,0,0,0,0,0,0,0,0,,Pseudomonadota,Alphaproteobacteria,Hyphomicrobiales,Rhizobiaceae,Sinorhizobium
GCF_000218265.1,NC_017327.1,1633319,Plasmid,2,0,0,0,0,0,0,0,0,0,0,0,0,0,0,0,0,0,0,0,1,1,0,,Pseudomonadota,Alphaproteobacteria,Hyphomicrobiales,Rhizobiaceae,Sinorhizobium
GCF_000218265.1,NC_017326.1,1632395,Plasmid,1,0,1,0,0,0,0,0,0,0,0,0,0,0,0,0,0,0,0,0,0,0,0,,Pseudomonadota,Alphaproteobacteria,Hyphomicrobiales,Rhizobiaceae,Sinorhizobium
GCF_000219415.3,NZ_CP137017.1,2522343,Plasmid,1,0,0,0,0,0,0,0,0,0,0,0,0,1,0,0,0,0,0,0,0,0,0,,Pseudomonadota,Alphaproteobacteria,Hyphomicrobiales,Rhizobiaceae,Sinorhizobium
GCF_000264945.2,NZ_CP013071.1,139218,Plasmid,2,1,0,0,0,0,0,0,0,0,1,0,0,0,0,0,0,0,0,0,0,0,0,,Pseudomonadota,Alphaproteobacteria,Sphingomonadales,Sphingobiaceae,Sphingobium
GCF_000304415.1,NC_018683.1,1559666,Plasmid,1,0,0,0,0,0,0,0,0,0,0,0,0,0,0,0,0,0,0,0,0,1,0,,Pseudomonadota,Alphaproteobacteria,Hyphomicrobiales,Rhizobiaceae,Sinorhizobium
GCF_000304415.1,NC_018701.1,1664896,Plasmid,1,0,1,0,0,0,0,0,0,0,0,0,0,0,0,0,0,0,0,0,0,0,0,,Pseudomonadota,Alphaproteobacteria,Hyphomicrobiales,Rhizobiaceae,Sinorhizobium
GCF_000320385.2,NC_019848.2,1417907,Plasmid,1,0,0,0,0,0,0,0,0,0,0,0,0,0,0,0,0,0,0,0,0,1,0,,Pseudomonadota,Alphaproteobacteria,Hyphomicrobiales,Rhizobiaceae,Sinorhizobium
GCF_000320385.2,NC_019849.2,1701381,Plasmid,1,0,1,0,0,0,0,0,0,0,0,0,0,0,0,0,0,0,0,0,0,0,0,,Pseudomonadota,Alphaproteobacteria,Hyphomicrobiales,Rhizobiaceae,Sinorhizobium
GCF_000346065.1,NC_020527.1,1352561,Plasmid,2,0,0,0,0,0,0,0,0,0,1,0,0,0,0,0,0,0,0,0,0,1,0,,Pseudomonadota,Alphaproteobacteria,Hyphomicrobiales,Rhizobiaceae,Sinorhizobium
GCF_000346065.1,NC_020560.1,1683348,Plasmid,1,0,1,0,0,0,0,0,0,0,0,0,0,0,0,0,0,0,0,0,0,0,0,,Pseudomonadota,Alphaproteobacteria,Hyphomicrobiales,Rhizobiaceae,Sinorhizobium
GCF_000705595.2,NZ_CP013052.1,405481,Plasmid,1,0,0,0,0,0,0,0,0,0,0,0,0,0,0,0,0,0,0,0,0,0,1,,Pseudomonadota,Alphaproteobacteria,Hyphomicrobiales,Rhizobiaceae,Sinorhizobium
GCF_000747295.1,NZ_CP009145.1,1466845,Plasmid,1,0,0,0,0,0,0,0,0,0,0,0,0,0,0,0,0,0,0,0,0,1,0,,Pseudomonadota,Alphaproteobacteria,Hyphomicrobiales,Rhizobiaceae,Sinorhizobium
GCF_000747295.1,NZ_CP009146.1,1617037,Plasmid,1,0,1,0,0,0,0,0,0,0,0,0,0,0,0,0,0,0,0,0,0,0,0,,Pseudomonadota,Alphaproteobacteria,Hyphomicrobiales,Rhizobiaceae,Sinorhizobium
GCF_001050915.2,NZ_CP021217.1,1613292,Plasmid,2,0,0,0,0,0,0,0,0,0,0,0,0,0,0,0,0,0,0,0,1,1,0,,Pseudomonadota,Alphaproteobacteria,Hyphomicrobiales,Rhizobiaceae,Sinorhizobium
GCF_001050915.2,NZ_CP021218.1,1686813,Plasmid,1,0,1,0,0,0,0,0,0,0,0,0,0,0,0,0,0,0,0,0,0,0,0,,Pseudomonadota,Alphaproteobacteria,Hyphomicrobiales,Rhizobiaceae,Sinorhizobium
GCF_001713415.1,NZ_CP016453.1,892708,Plasmid,6,2,0,0,0,0,0,0,0,0,2,0,0,2,0,0,0,0,0,0,0,0,0,,Pseudomonadota,Alphaproteobacteria,Sphingomonadales,Sphingobiaceae,Sphingobium
GCF_002080435.1,NZ_CP020539.1,959196,Plasmid,4,1,0,0,0,0,1,0,0,0,1,0,0,1,0,0,0,0,0,0,0,0,0,,Pseudomonadota,Alphaproteobacteria,Sphingomonadales,Sphingobiaceae,Sphingobium
GCF_002197045.1,NZ_CP021809.1,1549593,Plasmid,1,0,0,0,0,0,0,0,0,0,0,0,0,0,0,0,0,0,0,0,0,1,0,,Pseudomonadota,Alphaproteobacteria,Hyphomicrobiales,Rhizobiaceae,Sinorhizobium
GCF_002197045.1,NZ_CP021810.1,1665079,Plasmid,1,0,1,0,0,0,0,0,0,0,0,0,0,0,0,0,0,0,0,0,0,0,0,,Pseudomonadota,Alphaproteobacteria,Hyphomicrobiales,Rhizobiaceae,Sinorhizobium
GCF_002197025.1,NZ_CP021794.1,1433621,Plasmid,1,0,0,0,0,0,0,0,0,0,0,0,0,0,0,0,0,0,0,0,0,1,0,,Pseudomonadota,Alphaproteobacteria,Hyphomicrobiales,Rhizobiaceae,Sinorhizobium
GCF_002197025.1,NZ_CP021795.1,1700327,Plasmid,1,0,1,0,0,0,0,0,0,0,0,0,0,0,0,0,0,0,0,0,0,0,0,,Pseudomonadota,Alphaproteobacteria,Hyphomicrobiales,Rhizobiaceae,Sinorhizobium
GCF_002197085.1,NZ_CP021813.1,1454983,Plasmid,2,0,0,0,0,0,0,0,0,0,0,0,0,1,0,0,0,0,0,0,0,1,0,,Pseudomonadota,Alphaproteobacteria,Hyphomicrobiales,Rhizobiaceae,Sinorhizobium
GCF_002197085.1,NZ_CP021814.1,1694441,Plasmid,1,0,1,0,0,0,0,0,0,0,0,0,0,0,0,0,0,0,0,0,0,0,0,,Pseudomonadota,Alphaproteobacteria,Hyphomicrobiales,Rhizobiaceae,Sinorhizobium
GCF_002197065.1,NZ_CP021798.1,1363628,Plasmid,2,0,0,0,0,0,0,0,0,0,1,0,0,0,0,0,0,0,0,0,0,1,0,,Pseudomonadota,Alphaproteobacteria,Hyphomicrobiales,Rhizobiaceae,Sinorhizobium
GCF_002197065.1,NZ_CP021799.1,1680729,Plasmid,1,0,1,0,0,0,0,0,0,0,0,0,0,0,0,0,0,0,0,0,0,0,0,,Pseudomonadota,Alphaproteobacteria,Hyphomicrobiales,Rhizobiaceae,Sinorhizobium
GCF_002197105.1,NZ_CP021827.1,1279723,Plasmid,1,0,0,0,0,0,0,0,0,0,0,0,0,0,0,0,0,0,0,0,0,1,0,,Pseudomonadota,Alphaproteobacteria,Hyphomicrobiales,Rhizobiaceae,Sinorhizobium
GCF_002197105.1,NZ_CP021828.1,1624370,Plasmid,1,0,1,0,0,0,0,0,0,0,0,0,0,0,0,0,0,0,0,0,0,0,0,,Pseudomonadota,Alphaproteobacteria,Hyphomicrobiales,Rhizobiaceae,Sinorhizobium
GCF_002197125.1,NZ_CP021821.1,416269,Plasmid,1,0,0,0,0,0,0,0,0,0,0,0,0,0,0,0,0,0,0,0,0,1,0,,Pseudomonadota,Alphaproteobacteria,Hyphomicrobiales,Rhizobiaceae,Sinorhizobium
GCF_002197125.1,NZ_CP021820.1,1681904,Plasmid,1,0,1,0,0,0,0,0,0,0,0,0,0,0,0,0,0,0,0,0,0,0,0,,Pseudomonadota,Alphaproteobacteria,Hyphomicrobiales,Rhizobiaceae,Sinorhizobium
GCF_002197145.1,NZ_CP021805.1,1423499,Plasmid,1,0,0,0,0,0,0,0,0,0,0,0,0,0,0,0,0,0,0,0,0,1,0,,Pseudomonadota,Alphaproteobacteria,Hyphomicrobiales,Rhizobiaceae,Sinorhizobium
GCF_002197145.1,NZ_CP021806.1,1646425,Plasmid,1,0,1,0,0,0,0,0,0,0,0,0,0,0,0,0,0,0,0,0,0,0,0,,Pseudomonadota,Alphaproteobacteria,Hyphomicrobiales,Rhizobiaceae,Sinorhizobium
GCF_002197165.1,NZ_CP021830.1,1484605,Plasmid,2,0,0,0,0,0,0,0,0,0,0,0,0,1,0,0,0,0,0,0,0,1,0,,Pseudomonadota,Alphaproteobacteria,Hyphomicrobiales,Rhizobiaceae,Sinorhizobium
GCF_002197165.1,NZ_CP021831.1,1628141,Plasmid,1,0,1,0,0,0,0,0,0,0,0,0,0,0,0,0,0,0,0,0,0,0,0,,Pseudomonadota,Alphaproteobacteria,Hyphomicrobiales,Rhizobiaceae,Sinorhizobium
GCF_002197445.1,NZ_CP021803.1,297816,Plasmid,1,0,0,0,0,0,0,0,0,0,0,0,0,0,0,0,0,0,0,0,1,0,0,,Pseudomonadota,Alphaproteobacteria,Hyphomicrobiales,Rhizobiaceae,Sinorhizobium
GCF_002197445.1,NZ_CP021801.1,1412628,Plasmid,1,0,0,0,0,0,0,0,0,0,0,0,0,0,0,0,0,0,0,0,0,1,0,,Pseudomonadota,Alphaproteobacteria,Hyphomicrobiales,Rhizobiaceae,Sinorhizobium
GCF_002197445.1,NZ_CP021802.1,2011522,Plasmid,5,0,1,0,0,0,1,0,0,1,0,0,0,0,1,0,0,1,0,0,0,0,0,,Pseudomonadota,Alphaproteobacteria,Hyphomicrobiales,Rhizobiaceae,Sinorhizobium
GCF_002197465.1,NZ_CP021824.1,1597380,Plasmid,1,0,0,0,0,0,0,0,0,0,0,0,0,0,0,0,0,0,0,0,0,1,0,,Pseudomonadota,Alphaproteobacteria,Hyphomicrobiales,Rhizobiaceae,Sinorhizobium
GCF_002197465.1,NZ_CP021823.1,1683883,Plasmid,1,0,1,0,0,0,0,0,0,0,0,0,0,0,0,0,0,0,0,0,0,0,0,,Pseudomonadota,Alphaproteobacteria,Hyphomicrobiales,Rhizobiaceae,Sinorhizobium
GCF_002215195.1,NZ_CP019585.1,1422736,Plasmid,2,0,0,0,0,0,0,0,0,0,1,0,0,0,0,0,0,0,0,0,0,1,0,,Pseudomonadota,Alphaproteobacteria,Hyphomicrobiales,Rhizobiaceae,Sinorhizobium
GCF_002215195.1,NZ_CP019586.1,1639840,Plasmid,1,0,1,0,0,0,0,0,0,0,0,0,0,0,0,0,0,0,0,0,0,0,0,,Pseudomonadota,Alphaproteobacteria,Hyphomicrobiales,Rhizobiaceae,Sinorhizobium
GCF_002288485.1,NZ_CP023072.1,742947,Plasmid,2,0,0,0,0,0,0,0,0,0,2,0,0,0,0,0,0,0,0,0,0,0,0,,Pseudomonadota,Alphaproteobacteria,Hyphomicrobiales,Rhizobiaceae,Sinorhizobium
GCF_002288505.1,NZ_CP023065.1,742373,Plasmid,2,0,0,0,0,0,0,0,0,0,2,0,0,0,0,0,0,0,0,0,0,0,0,,Pseudomonadota,Alphaproteobacteria,Hyphomicrobiales,Rhizobiaceae,Sinorhizobium
GCF_002288525.1,NZ_CP023069.1,410255,Plasmid,1,0,0,0,0,0,0,0,0,0,1,0,0,0,0,0,0,0,0,0,0,0,0,,Pseudomonadota,Alphaproteobacteria,Hyphomicrobiales,Rhizobiaceae,Sinorhizobium
GCF_002302355.1,NZ_CP019483.1,1096825,Plasmid,1,0,0,0,0,0,0,0,0,0,0,0,0,0,0,0,0,0,0,0,0,1,0,,Pseudomonadota,Alphaproteobacteria,Hyphomicrobiales,Rhizobiaceae,Sinorhizobium
GCF_002302355.1,NZ_CP019484.1,1584717,Plasmid,1,0,1,0,0,0,0,0,0,0,0,0,0,0,0,0,0,0,0,0,0,0,0,,Pseudomonadota,Alphaproteobacteria,Hyphomicrobiales,Rhizobiaceae,Sinorhizobium
GCF_002302375.1,NZ_CP019487.1,1573992,Plasmid,1,0,1,0,0,0,0,0,0,0,0,0,0,0,0,0,0,0,0,0,0,0,0,,Pseudomonadota,Alphaproteobacteria,Hyphomicrobiales,Rhizobiaceae,Sinorhizobium
GCF_002302375.1,NZ_CP019486.1,1117190,Plasmid,1,0,0,0,0,0,0,0,0,0,0,0,0,0,0,0,0,0,0,0,0,1,0,,Pseudomonadota,Alphaproteobacteria,Hyphomicrobiales,Rhizobiaceae,Sinorhizobium
GCF_003100575.1,NZ_CP029233.1,418014,Plasmid,1,0,0,0,0,0,0,0,0,0,1,0,0,0,0,0,0,0,0,0,0,0,0,,Pseudomonadota,Alphaproteobacteria,Hyphomicrobiales,Rhizobiaceae,Sinorhizobium
GCF_003177055.1,NZ_CP029453.1,401505,Plasmid,1,0,0,0,0,0,0,0,0,0,1,0,0,0,0,0,0,0,0,0,0,0,0,,Pseudomonadota,Alphaproteobacteria,Hyphomicrobiales,Rhizobiaceae,Sinorhizobium
GCF_009664245.1,NZ_CP026526.1,1506823,Plasmid,1,0,0,0,0,0,0,0,0,0,0,0,0,0,0,0,0,0,0,0,0,1,0,,Pseudomonadota,Alphaproteobacteria,Hyphomicrobiales,Rhizobiaceae,Sinorhizobium
GCF_009664245.1,NZ_CP026527.1,1676618,Plasmid,2,0,1,0,0,0,0,0,0,0,0,0,0,1,0,0,0,0,0,0,0,0,0,,Pseudomonadota,Alphaproteobacteria,Hyphomicrobiales,Rhizobiaceae,Sinorhizobium
GCF_013488225.1,NZ_CP041241.1,1933675,Plasmid,1,0,0,0,0,0,0,0,0,0,0,0,0,0,0,0,0,0,0,0,0,1,0,,Pseudomonadota,Alphaproteobacteria,Hyphomicrobiales,Rhizobiaceae,Sinorhizobium
GCF_015689095.1,NZ_CP065021.1,1514798,Plasmid,1,0,0,0,0,0,0,0,0,0,0,0,0,0,0,0,0,0,0,0,0,1,0,,Pseudomonadota,Alphaproteobacteria,Hyphomicrobiales,Rhizobiaceae,Sinorhizobium
GCF_015689095.1,NZ_CP065022.1,1716787,Plasmid,1,0,1,0,0,0,0,0,0,0,0,0,0,0,0,0,0,0,0,0,0,0,0,,Pseudomonadota,Alphaproteobacteria,Hyphomicrobiales,Rhizobiaceae,Sinorhizobium
GCF_016406285.1,NZ_CP066361.1,1580177,Plasmid,1,0,0,0,0,0,0,0,0,0,0,0,0,0,0,0,0,0,0,0,0,1,0,,Pseudomonadota,Alphaproteobacteria,Hyphomicrobiales,Rhizobiaceae,Sinorhizobium
GCF_016406285.1,NZ_CP066358.1,1719217,Plasmid,2,0,1,0,0,0,0,0,0,0,0,0,0,1,0,0,0,0,0,0,0,0,0,,Pseudomonadota,Alphaproteobacteria,Hyphomicrobiales,Rhizobiaceae,Sinorhizobium
GCF_016864555.1,NZ_CP044012.1,1138596,Plasmid,3,1,0,0,0,0,0,0,0,0,1,0,0,1,0,0,0,0,0,0,0,0,0,,Pseudomonadota,Alphaproteobacteria,Hyphomicrobiales,Rhizobiaceae,Sinorhizobium
GCF_017571595.2,NZ_CP149872.1,462704,Plasmid,1,0,0,0,0,0,0,0,0,0,0,0,0,0,0,0,0,0,0,0,1,0,0,,Pseudomonadota,Alphaproteobacteria,Hyphomicrobiales,Rhizobiaceae,Sinorhizobium
GCF_017571595.2,NZ_CP149870.1,1232518,Plasmid,2,0,0,0,0,0,0,0,0,0,1,0,0,1,0,0,0,0,0,0,0,0,0,,Pseudomonadota,Alphaproteobacteria,Hyphomicrobiales,Rhizobiaceae,Sinorhizobium
GCF_017571595.2,NZ_CP149871.1,1583446,Plasmid,1,0,1,0,0,0,0,0,0,0,0,0,0,0,0,0,0,0,0,0,0,0,0,,Pseudomonadota,Alphaproteobacteria,Hyphomicrobiales,Rhizobiaceae,Sinorhizobium
GCF_020684825.1,NZ_CP085526.1,349886,Plasmid,1,0,0,0,0,0,0,0,0,0,0,0,0,0,0,0,0,0,0,0,1,0,0,,Pseudomonadota,Alphaproteobacteria,Hyphomicrobiales,Rhizobiaceae,Sinorhizobium
GCF_020684825.1,NZ_CP085527.1,1217792,Plasmid,1,0,0,0,0,0,0,0,0,0,0,0,0,0,0,0,0,0,0,0,0,1,0,,Pseudomonadota,Alphaproteobacteria,Hyphomicrobiales,Rhizobiaceae,Sinorhizobium
GCF_020684825.1,NZ_CP085528.1,1645902,Plasmid,2,0,1,0,0,0,0,0,0,0,0,0,0,1,0,0,0,0,0,0,0,0,0,,Pseudomonadota,Alphaproteobacteria,Hyphomicrobiales,Rhizobiaceae,Sinorhizobium
GCF_020883495.1,NZ_CP086614.1,34705,Plasmid,1,0,0,0,0,0,0,0,1,0,0,0,0,0,0,0,0,0,0,0,0,0,0,,Pseudomonadota,Alphaproteobacteria,Hyphomicrobiales,Rhizobiaceae,Shinella
GCF_021052565.1,NZ_CP088110.1,1551681,Plasmid,1,0,1,0,0,0,0,0,0,0,0,0,0,0,0,0,0,0,0,0,0,0,0,,Pseudomonadota,Alphaproteobacteria,Hyphomicrobiales,Rhizobiaceae,Sinorhizobium
GCF_021052665.1,NZ_CP088114.1,1607182,Plasmid,1,0,1,0,0,0,0,0,0,0,0,0,0,0,0,0,0,0,0,0,0,0,0,,Pseudomonadota,Alphaproteobacteria,Hyphomicrobiales,Rhizobiaceae,Sinorhizobium
GCF_021052665.1,NZ_CP088115.1,1289339,Plasmid,3,0,1,0,0,0,0,0,0,0,1,0,0,0,0,0,0,0,0,0,0,1,0,,Pseudomonadota,Alphaproteobacteria,Hyphomicrobiales,Rhizobiaceae,Sinorhizobium
GCF_021052665.1,NZ_CP088116.1,306339,Plasmid,1,0,0,0,0,0,0,0,0,0,0,0,0,1,0,0,0,0,0,0,0,0,0,,Pseudomonadota,Alphaproteobacteria,Hyphomicrobiales,Rhizobiaceae,Sinorhizobium
GCF_021052665.1,NZ_CP088118.1,152698,Plasmid,2,0,0,0,0,0,0,0,0,0,1,0,0,1,0,0,0,0,0,0,0,0,0,,Pseudomonadota,Alphaproteobacteria,Hyphomicrobiales,Rhizobiaceae,Sinorhizobium
GCF_024400375.1,NZ_CP035039.1,556376,Plasmid,1,0,0,0,0,0,0,0,0,0,1,0,0,0,0,0,0,0,0,0,0,0,0,,Pseudomonadota,Alphaproteobacteria,Hyphomicrobiales,Rhizobiaceae,Sinorhizobium
GCF_024611115.1,NZ_CP084402.1,35708,Plasmid,1,0,0,0,0,0,0,0,0,0,0,0,1,0,0,0,0,0,0,0,0,0,0,,Pseudomonadota,Alphaproteobacteria,Sphingomonadales,Sphingobiaceae,Sphingobium
GCF_025200695.1,NZ_CP104148.1,1534656,Plasmid,1,0,1,0,0,0,0,0,0,0,0,0,0,0,0,0,0,0,0,0,0,0,0,,Pseudomonadota,Alphaproteobacteria,Hyphomicrobiales,Rhizobiaceae,Sinorhizobium
GCF_025200695.1,NZ_CP104151.1,73551,Plasmid,1,0,0,0,0,0,0,0,0,0,0,1,0,0,0,0,0,0,0,0,0,0,0,,Pseudomonadota,Alphaproteobacteria,Hyphomicrobiales,Rhizobiaceae,Sinorhizobium
GCF_029201625.2,NZ_CP104128.1,772647,Plasmid,1,0,0,0,0,0,0,0,0,0,1,0,0,0,0,0,0,0,0,0,0,0,0,,Pseudomonadota,Alphaproteobacteria,Hyphomicrobiales,Rhizobiaceae,Sinorhizobium
GCF_029201625.2,NZ_CP104129.1,1695771,Plasmid,2,0,1,0,0,0,0,0,0,0,0,0,0,0,0,0,0,0,0,0,1,0,0,,Pseudomonadota,Alphaproteobacteria,Hyphomicrobiales,Rhizobiaceae,Sinorhizobium
GCF_029590555.1,NZ_CP081002.1,1247975,Plasmid,6,2,0,0,0,0,0,0,0,0,2,0,0,2,0,0,0,0,0,0,0,0,0,,Pseudomonadota,Alphaproteobacteria,Sphingomonadales,Sphingobiaceae,Sphingobium
GCF_029714365.1,NZ_CP121660.1,2093508,Plasmid,1,0,0,0,0,0,0,0,0,0,0,0,0,0,0,0,0,0,0,0,0,1,0,,Pseudomonadota,Alphaproteobacteria,Hyphomicrobiales,Rhizobiaceae,Sinorhizobium
GCF_029854455.1,NZ_CP123004.1,208285,Plasmid,1,0,0,0,0,0,0,0,0,0,0,0,0,1,0,0,0,0,0,0,0,0,0,,Pseudomonadota,Alphaproteobacteria,Hyphomicrobiales,Rhizobiaceae,Sinorhizobium
GCF_029854455.1,NZ_CP123005.1,1592319,Plasmid,1,0,0,0,0,0,0,0,0,0,0,0,0,0,0,0,0,0,0,0,0,1,0,,Pseudomonadota,Alphaproteobacteria,Hyphomicrobiales,Rhizobiaceae,Sinorhizobium
GCF_029854455.1,NZ_CP123006.1,1662188,Plasmid,1,0,1,0,0,0,0,0,0,0,0,0,0,0,0,0,0,0,0,0,0,0,0,,Pseudomonadota,Alphaproteobacteria,Hyphomicrobiales,Rhizobiaceae,Sinorhizobium
GCF_030064585.1,NZ_CP120366.1,1418903,Plasmid,1,0,0,0,0,0,0,0,0,0,0,0,0,0,0,0,0,0,0,0,0,1,0,,Pseudomonadota,Alphaproteobacteria,Hyphomicrobiales,Rhizobiaceae,Sinorhizobium
GCF_030064585.1,NZ_CP120364.1,1543136,Plasmid,1,0,1,0,0,0,0,0,0,0,0,0,0,0,0,0,0,0,0,0,0,0,0,,Pseudomonadota,Alphaproteobacteria,Hyphomicrobiales,Rhizobiaceae,Sinorhizobium
GCF_030733845.1,NZ_CP132310.1,117457,Plasmid,3,0,0,1,0,1,0,0,0,0,0,0,0,1,0,0,0,0,0,0,0,0,0,,Pseudomonadota,Alphaproteobacteria,Hyphomicrobiales,Rhizobiaceae,Shinella
GCF_030733885.1,NZ_CP132315.1,1924368,Plasmid,1,0,0,0,0,0,0,0,0,0,0,0,0,0,0,0,1,0,0,0,0,0,0,,Pseudomonadota,Alphaproteobacteria,Hyphomicrobiales,Rhizobiaceae,Shinella
GCF_033705735.1,NZ_CP131131.1,1891767,Plasmid,3,0,0,0,0,0,2,0,0,0,0,0,0,0,0,1,0,0,0,0,0,0,0,,Pseudomonadota,Alphaproteobacteria,Hyphomicrobiales,Rhizobiaceae,Shinella
GCF_033705735.1,NZ_CP131132.1,221542,Plasmid,1,0,0,0,0,0,0,0,0,0,0,0,0,1,0,0,0,0,0,0,0,0,0,,Pseudomonadota,Alphaproteobacteria,Hyphomicrobiales,Rhizobiaceae,Shinella
GCF_034628625.1,NZ_CP140893.1,1538203,Plasmid,1,0,1,0,0,0,0,0,0,0,0,0,0,0,0,0,0,0,0,0,0,0,0,,Pseudomonadota,Alphaproteobacteria,Hyphomicrobiales,Rhizobiaceae,Sinorhizobium
GCF_034629665.1,NZ_CP140895.1,1577431,Plasmid,2,0,0,0,0,0,0,0,0,0,0,0,0,1,0,0,0,0,0,0,1,0,0,,Pseudomonadota,Alphaproteobacteria,Hyphomicrobiales,Rhizobiaceae,Sinorhizobium
GCF_034629665.1,NZ_CP140897.1,1592858,Plasmid,1,0,1,0,0,0,0,0,0,0,0,0,0,0,0,0,0,0,0,0,0,0,0,,Pseudomonadota,Alphaproteobacteria,Hyphomicrobiales,Rhizobiaceae,Sinorhizobium
GCF_034632515.1,NZ_CP140918.1,1540116,Plasmid,1,0,1,0,0,0,0,0,0,0,0,0,0,0,0,0,0,0,0,0,0,0,0,,Pseudomonadota,Alphaproteobacteria,Hyphomicrobiales,Rhizobiaceae,Sinorhizobium
GCF_034630705.1,NZ_CP140901.1,1291908,Plasmid,1,0,0,0,0,0,0,0,0,0,1,0,0,0,0,0,0,0,0,0,0,0,0,,Pseudomonadota,Alphaproteobacteria,Hyphomicrobiales,Rhizobiaceae,Sinorhizobium
GCF_034630705.1,NZ_CP140904.1,1562646,Plasmid,1,0,1,0,0,0,0,0,0,0,0,0,0,0,0,0,0,0,0,0,0,0,0,,Pseudomonadota,Alphaproteobacteria,Hyphomicrobiales,Rhizobiaceae,Sinorhizobium
GCF_034633995.1,NZ_CP140925.1,1344205,Plasmid,2,0,0,0,0,0,0,0,0,0,0,0,0,0,0,0,0,0,0,0,2,0,0,,Pseudomonadota,Alphaproteobacteria,Hyphomicrobiales,Rhizobiaceae,Sinorhizobium
GCF_034633995.1,NZ_CP140926.1,1559714,Plasmid,1,0,1,0,0,0,0,0,0,0,0,0,0,0,0,0,0,0,0,0,0,0,0,,Pseudomonadota,Alphaproteobacteria,Hyphomicrobiales,Rhizobiaceae,Sinorhizobium
GCF_034634015.1,NZ_CP140932.1,1512545,Plasmid,1,0,1,0,0,0,0,0,0,0,0,0,0,0,0,0,0,0,0,0,0,0,0,,Pseudomonadota,Alphaproteobacteria,Hyphomicrobiales,Rhizobiaceae,Sinorhizobium
GCF_034634035.1,NZ_CP140933.1,1492741,Plasmid,1,0,0,0,0,0,0,0,0,0,0,0,0,0,0,0,0,0,0,0,0,1,0,,Pseudomonadota,Alphaproteobacteria,Hyphomicrobiales,Rhizobiaceae,Sinorhizobium
GCF_034634035.1,NZ_CP140934.1,1663305,Plasmid,1,0,1,0,0,0,0,0,0,0,0,0,0,0,0,0,0,0,0,0,0,0,0,,Pseudomonadota,Alphaproteobacteria,Hyphomicrobiales,Rhizobiaceae,Sinorhizobium
GCF_034638195.1,NZ_CP140965.1,1226615,Plasmid,2,0,0,0,0,0,0,0,0,0,1,0,0,1,0,0,0,0,0,0,0,0,0,,Pseudomonadota,Alphaproteobacteria,Hyphomicrobiales,Rhizobiaceae,Sinorhizobium
GCF_034638195.1,NZ_CP140968.1,1580747,Plasmid,1,0,1,0,0,0,0,0,0,0,0,0,0,0,0,0,0,0,0,0,0,0,0,,Pseudomonadota,Alphaproteobacteria,Hyphomicrobiales,Rhizobiaceae,Sinorhizobium
GCF_034638195.1,NZ_CP140967.1,231907,Plasmid,1,0,0,0,0,0,0,0,0,0,0,0,0,0,0,0,0,0,0,0,1,0,0,,Pseudomonadota,Alphaproteobacteria,Hyphomicrobiales,Rhizobiaceae,Sinorhizobium
GCF_035326845.1,NZ_CP140299.1,1418903,Plasmid,1,0,0,0,0,0,0,0,0,0,0,0,0,0,0,0,0,0,0,0,0,1,0,,Pseudomonadota,Alphaproteobacteria,Hyphomicrobiales,Rhizobiaceae,Sinorhizobium
GCF_035326845.1,NZ_CP140300.1,1657699,Plasmid,2,0,1,0,0,0,0,0,0,0,0,0,0,1,0,0,0,0,0,0,0,0,0,,Pseudomonadota,Alphaproteobacteria,Hyphomicrobiales,Rhizobiaceae,Sinorhizobium
GCF_035610345.1,NZ_CP141213.1,1820429,Plasmid,1,0,1,0,0,0,0,0,0,0,0,0,0,0,0,0,0,0,0,0,0,0,0,,Pseudomonadota,Alphaproteobacteria,Hyphomicrobiales,Rhizobiaceae,Sinorhizobium
GCF_036038995.2,NZ_CP158133.1,1059202,Plasmid,4,2,0,0,0,0,0,0,0,0,2,0,0,0,0,0,0,0,0,0,0,0,0,,Pseudomonadota,Alphaproteobacteria,Sphingomonadales,Sphingobiaceae,Sphingobium
GCF_036488675.1,NZ_CP133152.1,1633160,Plasmid,1,0,0,0,0,0,0,0,0,0,0,0,0,0,0,0,0,0,0,0,0,1,0,,Pseudomonadota,Alphaproteobacteria,Hyphomicrobiales,Rhizobiaceae,Sinorhizobium
GCF_037023865.1,NZ_CP146207.1,1606862,Plasmid,1,0,0,0,0,0,0,0,0,0,0,0,0,0,0,0,0,0,0,0,0,1,0,,Pseudomonadota,Alphaproteobacteria,Hyphomicrobiales,Rhizobiaceae,Sinorhizobium
GCF_037023865.1,NZ_CP146209.1,1667934,Plasmid,1,0,1,0,0,0,0,0,0,0,0,0,0,0,0,0,0,0,0,0,0,0,0,,Pseudomonadota,Alphaproteobacteria,Hyphomicrobiales,Rhizobiaceae,Sinorhizobium
GCF_037482275.1,NZ_CP148089.1,1189131,Plasmid,1,0,0,0,0,0,0,0,0,0,0,0,0,0,0,0,0,0,0,0,0,1,0,,Pseudomonadota,Alphaproteobacteria,Hyphomicrobiales,Rhizobiaceae,Sinorhizobium
GCF_037482275.1,NZ_CP148090.1,1680067,Plasmid,1,0,1,0,0,0,0,0,0,0,0,0,0,0,0,0,0,0,0,0,0,0,0,,Pseudomonadota,Alphaproteobacteria,Hyphomicrobiales,Rhizobiaceae,Sinorhizobium
GCF_040114925.1,NZ_CP149880.1,173406,Plasmid,1,0,0,0,0,0,0,0,0,0,0,0,0,0,0,1,0,0,0,0,0,0,0,,Pseudomonadota,Alphaproteobacteria,Hyphomicrobiales,Rhizobiaceae,Sinorhizobium
GCF_041345135.1,NZ_CP166839.1,1328750,Plasmid,1,0,0,0,0,0,0,0,0,0,0,0,0,0,0,0,0,0,0,0,0,1,0,,Pseudomonadota,Alphaproteobacteria,Hyphomicrobiales,Rhizobiaceae,Sinorhizobium
GCF_041345135.1,NZ_CP166838.1,1712122,Plasmid,1,0,1,0,0,0,0,0,0,0,0,0,0,0,0,0,0,0,0,0,0,0,0,,Pseudomonadota,Alphaproteobacteria,Hyphomicrobiales,Rhizobiaceae,Sinorhizobium
GCF_041345025.1,NZ_CP166836.1,1328750,Plasmid,1,0,0,0,0,0,0,0,0,0,0,0,0,0,0,0,0,0,0,0,0,1,0,,Pseudomonadota,Alphaproteobacteria,Hyphomicrobiales,Rhizobiaceae,Sinorhizobium
GCF_041345025.1,NZ_CP166835.1,1712122,Plasmid,1,0,1,0,0,0,0,0,0,0,0,0,0,0,0,0,0,0,0,0,0,0,0,,Pseudomonadota,Alphaproteobacteria,Hyphomicrobiales,Rhizobiaceae,Sinorhizobium
GCF_042980585.1,NZ_CP135242.1,1361493,Plasmid,1,0,0,0,0,0,0,0,0,0,0,0,0,0,0,0,0,0,0,0,0,1,0,,Pseudomonadota,Alphaproteobacteria,Hyphomicrobiales,Rhizobiaceae,Sinorhizobium
GCF_042980585.1,NZ_CP135243.1,1600864,Plasmid,1,0,1,0,0,0,0,0,0,0,0,0,0,0,0,0,0,0,0,0,0,0,0,,Pseudomonadota,Alphaproteobacteria,Hyphomicrobiales,Rhizobiaceae,Sinorhizobium
GCF_043589935.1,NZ_CP171455.1,484680,Plasmid,6,2,0,0,0,0,0,0,0,0,2,0,0,2,0,0,0,0,0,0,0,0,0,,Pseudomonadota,Alphaproteobacteria,Sphingomonadales,Sphingobiaceae,Sphingobium
GCF_048585425.1,NZ_CP183945.1,605378,Plasmid,1,0,0,0,0,0,0,0,0,0,1,0,0,0,0,0,0,0,0,0,0,0,0,,Pseudomonadota,Alphaproteobacteria,Hyphomicrobiales,Rhizobiaceae,Sinorhizobium
GCF_049817555.1,NZ_CP187424.1,418654,Plasmid,1,0,0,0,0,0,0,0,0,0,1,0,0,0,0,0,0,0,0,0,0,0,0,,Pseudomonadota,Alphaproteobacteria,Hyphomicrobiales,Rhizobiaceae,Sinorhizobium
GCF_945994535.1,NZ_OZ000535.1,348572,Plasmid,1,0,0,0,0,0,0,0,0,0,0,0,0,0,0,0,0,0,0,0,0,1,0,,Pseudomonadota,Alphaproteobacteria,Hyphomicrobiales,Rhizobiaceae,Shinella
GCF_963942435.1,NZ_OZ012600.1,348572,Plasmid,1,0,0,0,0,0,0,0,0,0,0,0,0,0,0,0,0,0,0,0,0,1,0,,Pseudomonadota,Alphaproteobacteria,Hyphomicrobiales,Rhizobiaceae,Shinella
GCF_008330585.1,NZ_CP031887.1,59051,Plasmid,1,0,0,0,0,0,0,0,0,0,0,0,1,0,0,0,0,0,0,0,0,0,0,,Bacillota,Bacilli,Bacillales,Staphylococcaceae,Staphylococcus
GCF_020388395.1,NZ_CP077935.1,256180,Plasmid,8,0,0,1,0,0,1,1,1,0,0,1,1,0,0,0,0,0,0,1,1,0,0,,Bacillota,Bacilli,Bacillales,Staphylococcaceae,Staphylococcus
GCF_030717625.1,NZ_CP132037.1,8656,Plasmid,3,0,0,0,0,0,0,0,1,0,1,1,0,0,0,0,0,0,0,0,0,0,0,,Bacillota,Bacilli,Bacillales,Staphylococcaceae,Staphylococcus
GCF_024204785.1,NZ_CP093183.1,8870,Plasmid,1,0,0,0,0,0,0,0,0,0,0,0,1,0,0,0,0,0,0,0,0,0,0,,Bacillota,Bacilli,Bacillales,Staphylococcaceae,Staphylococcus
GCF_024204905.1,NZ_CP093199.1,39051,Plasmid,1,0,0,0,0,0,0,0,0,0,0,0,1,0,0,0,0,0,0,0,0,0,0,,Bacillota,Bacilli,Bacillales,Staphylococcaceae,Staphylococcus
GCF_024204985.1,NZ_CP093214.1,12464,Plasmid,1,0,0,0,0,0,0,0,0,0,0,0,1,0,0,0,0,0,0,0,0,0,0,,Bacillota,Bacilli,Bacillales,Staphylococcaceae,Staphylococcus
GCF_029691815.1,NZ_CP121525.1,386356,Plasmid,3,0,0,0,1,0,0,1,0,0,0,0,0,0,0,0,0,1,0,0,0,0,0,,Bacillota,Bacilli,Bacillales,Staphylococcaceae,Staphylococcus
GCF_030014005.1,NZ_CP118821.1,8586,Plasmid,1,0,0,0,0,0,0,0,0,1,0,0,0,0,0,0,0,0,0,0,0,0,0,,Bacillota,Bacilli,Bacillales,Staphylococcaceae,Staphylococcus
GCF_034042915.1,NZ_CP119998.1,48783,Plasmid,1,0,0,0,0,0,0,0,0,0,0,0,0,0,0,0,0,0,0,0,0,0,1,,Bacillota,Bacilli,Bacillales,Staphylococcaceae,Staphylococcus
GCF_049354805.1,NZ_CP178840.1,259816,Plasmid,2,0,0,0,0,0,0,0,1,0,0,1,0,0,0,0,0,0,0,0,0,0,0,,Bacillota,Bacilli,Bacillales,Staphylococcaceae,Staphylococcus
GCF_003006055.1,NZ_CP017429.1,146786,Plasmid,1,0,0,0,0,0,0,0,0,0,0,0,0,0,0,0,0,0,0,0,0,0,1,,Bacillota,Bacilli,Bacillales,Staphylococcaceae,Staphylococcus
GCF_003006075.1,NZ_CP017431.1,147416,Plasmid,1,0,0,0,0,0,0,0,0,0,0,0,0,0,0,0,0,0,0,0,0,0,1,,Bacillota,Bacilli,Bacillales,Staphylococcaceae,Staphylococcus
GCF_003076375.1,NZ_CP016158.1,146543,Plasmid,1,0,0,0,0,0,0,0,0,0,0,0,0,0,0,0,0,0,0,0,0,0,1,,Bacillota,Bacilli,Bacillales,Staphylococcaceae,Staphylococcus
GCF_003096155.1,NZ_CP015644.1,62730,Plasmid,1,0,0,0,0,0,0,0,0,0,0,0,0,0,0,0,0,0,0,0,0,0,1,,Bacillota,Bacilli,Bacillales,Staphylococcaceae,Staphylococcus
GCF_013358365.1,NZ_CP054834.1,8128,Plasmid,1,0,0,0,0,0,0,0,0,0,0,0,0,0,0,0,0,0,0,0,0,0,1,,Bacillota,Bacilli,Bacillales,Staphylococcaceae,Staphylococcus
GCF_016772515.1,NZ_CP068579.1,13583,Plasmid,1,0,0,0,0,0,0,0,0,0,0,0,0,0,0,0,0,0,0,0,0,0,1,,Bacillota,Bacilli,Bacillales,Staphylococcaceae,Staphylococcus
GCF_030435955.1,NZ_CP129377.1,10430,Plasmid,1,0,0,0,0,0,0,0,0,0,0,0,1,0,0,0,0,0,0,0,0,0,0,,Bacillota,Bacilli,Bacillales,Staphylococcaceae,Staphylococcus
GCF_031757735.1,NZ_CP134466.1,33176,Plasmid,1,0,0,0,0,0,0,0,0,0,0,0,0,0,0,0,0,0,0,0,0,0,1,,Bacillota,Bacilli,Bacillales,Staphylococcaceae,Staphylococcus
GCF_040628475.2,NZ_CP191147.1,45438,Plasmid,33,1,1,1,2,1,1,1,5,2,1,3,1,3,2,1,2,2,1,1,1,0,0,,Bacillota,Bacilli,Bacillales,Staphylococcaceae,Staphylococcus
GCF_041080605.1,NZ_CP163560.1,38555,Plasmid,1,0,0,0,0,0,0,0,0,0,0,0,1,0,0,0,0,0,0,0,0,0,0,,Bacillota,Bacilli,Bacillales,Staphylococcaceae,Staphylococcus
GCF_042934525.1,NZ_CP170660.1,18497,Plasmid,1,0,0,0,0,0,0,0,0,0,1,0,0,0,0,0,0,0,0,0,0,0,0,,Bacillota,Bacilli,Bacillales,Staphylococcaceae,Staphylococcus
GCF_045926605.1,NZ_CP064454.1,35521,Plasmid,1,0,0,0,0,0,0,0,0,0,0,0,0,0,0,0,0,0,0,0,0,0,1,,Bacillota,Bacilli,Bacillales,Staphylococcaceae,Staphylococcus
GCF_045929835.1,NZ_CP064490.1,53248,Plasmid,1,0,0,0,0,0,0,0,0,0,0,0,0,0,0,0,0,0,0,0,0,0,1,,Bacillota,Bacilli,Bacillales,Staphylococcaceae,Staphylococcus
GCF_045933235.1,NZ_CP064531.1,7749,Plasmid,1,0,0,0,0,0,0,0,0,1,0,0,0,0,0,0,0,0,0,0,0,0,0,,Bacillota,Bacilli,Bacillales,Staphylococcaceae,Staphylococcus
GCF_045934275.1,NZ_CP064538.1,7749,Plasmid,1,0,0,0,0,0,0,0,0,1,0,0,0,0,0,0,0,0,0,0,0,0,0,,Bacillota,Bacilli,Bacillales,Staphylococcaceae,Staphylococcus
GCF_045935655.1,NZ_CP064551.1,13300,Plasmid,1,0,0,0,0,0,0,0,0,0,0,0,1,0,0,0,0,0,0,0,0,0,0,,Bacillota,Bacilli,Bacillales,Staphylococcaceae,Staphylococcus
GCF_045936875.1,NZ_CP064570.1,37301,Plasmid,1,0,0,0,0,0,0,0,0,0,0,0,0,0,0,0,0,0,0,0,0,0,1,,Bacillota,Bacilli,Bacillales,Staphylococcaceae,Staphylococcus
GCF_045936875.1,NZ_CP064571.1,15257,Plasmid,1,0,0,0,0,0,0,0,0,0,0,0,1,0,0,0,0,0,0,0,0,0,0,,Bacillota,Bacilli,Bacillales,Staphylococcaceae,Staphylococcus
GCF_045939485.1,NZ_CP064595.1,51448,Plasmid,1,0,0,0,0,0,0,0,0,0,0,0,0,0,0,0,0,0,0,0,0,0,1,,Bacillota,Bacilli,Bacillales,Staphylococcaceae,Staphylococcus
GCF_045943905.1,NZ_CP064635.1,51447,Plasmid,1,0,0,0,0,0,0,0,0,0,0,0,0,0,0,0,0,0,0,0,0,0,1,,Bacillota,Bacilli,Bacillales,Staphylococcaceae,Staphylococcus
GCF_045944145.1,NZ_CP064641.1,51447,Plasmid,1,0,0,0,0,0,0,0,0,0,0,0,0,0,0,0,0,0,0,0,0,0,1,,Bacillota,Bacilli,Bacillales,Staphylococcaceae,Staphylococcus
GCF_000444875.1,NC_022001.1,85047,Plasmid,1,0,0,0,0,0,0,0,0,0,0,0,0,0,0,0,1,0,0,0,0,0,0,,Actinomycetota,Actinomycetes,Kitasatosporales,Streptomycetaceae,Streptomyces
GCF_002189675.2,NZ_CP023976.1,256434,Plasmid,1,0,0,0,0,0,0,0,0,0,1,0,0,0,0,0,0,0,0,0,0,0,0,,Actinomycetota,Actinomycetes,Kitasatosporales,Streptomycetaceae,Streptomyces
GCF_003147545.1,NZ_CP029362.1,127820,Plasmid,1,0,0,0,0,0,1,0,0,0,0,0,0,0,0,0,0,0,0,0,0,0,0,,Actinomycetota,Actinomycetes,Kitasatosporales,Streptomycetaceae,Streptomyces
GCF_003261055.1,NZ_CP030074.1,969901,Plasmid,1,0,0,0,0,0,0,0,0,0,0,0,0,1,0,0,0,0,0,0,0,0,0,,Actinomycetota,Actinomycetes,Kitasatosporales,Streptomycetaceae,Streptomyces
GCF_003665435.1,NZ_CP023408.1,926728,Plasmid,2,0,1,0,0,0,0,0,0,0,0,1,0,0,0,0,0,0,0,0,0,0,0,,Actinomycetota,Actinomycetes,Kitasatosporales,Streptomycetaceae,Streptomyces
GCF_014489615.1,NZ_CP060826.1,476916,Plasmid,1,0,0,0,0,0,0,0,0,0,0,0,0,0,0,0,0,0,1,0,0,0,0,,Actinomycetota,Actinomycetes,Kitasatosporales,Streptomycetaceae,Streptomyces
GCF_014673495.1,NZ_CP051007.1,220610,Plasmid,1,0,0,0,0,0,0,0,0,0,0,0,0,0,0,0,1,0,0,0,0,0,0,,Actinomycetota,Actinomycetes,Kitasatosporales,Streptomycetaceae,Streptomyces
GCF_020783455.1,NZ_CP086103.1,317781,Plasmid,1,0,0,0,0,0,0,0,0,0,0,1,0,0,0,0,0,0,0,0,0,0,0,,Actinomycetota,Actinomycetes,Kitasatosporales,Streptomycetaceae,Streptomyces
GCF_028752555.1,NZ_CP086232.1,455277,Plasmid,1,0,0,0,0,0,0,0,0,0,0,0,0,1,0,0,0,0,0,0,0,0,0,,Actinomycetota,Actinomycetes,Kitasatosporales,Streptomycetaceae,Streptomyces
GCF_030719215.1,NZ_CP120984.1,278920,Plasmid,1,0,0,0,0,0,0,0,1,0,0,0,0,0,0,0,0,0,0,0,0,0,0,,Actinomycetota,Actinomycetes,Kitasatosporales,Streptomycetaceae,Streptomyces
GCF_034568915.1,NZ_CP140775.1,532210,Plasmid,1,0,0,0,0,0,0,0,0,0,0,0,0,1,0,0,0,0,0,0,0,0,0,,Actinomycetota,Actinomycetes,Kitasatosporales,Streptomycetaceae,Streptomyces
GCF_035919765.1,NZ_CP109147.1,231877,Plasmid,1,0,0,0,0,0,1,0,0,0,0,0,0,0,0,0,0,0,0,0,0,0,0,,Actinomycetota,Actinomycetes,Kitasatosporales,Streptomycetaceae,Streptomyces
GCF_036013565.1,NZ_CP107864.1,417349,Plasmid,3,0,0,0,0,0,0,0,0,0,0,0,0,2,0,0,0,0,1,0,0,0,0,,Actinomycetota,Actinomycetes,Kitasatosporales,Streptomycetaceae,Streptomyces
GCF_036226965.1,NZ_CP109208.1,292733,Plasmid,1,0,0,0,0,0,0,0,0,0,0,0,0,1,0,0,0,0,0,0,0,0,0,,Actinomycetota,Actinomycetes,Kitasatosporales,Streptomycetaceae,Streptomyces
GCF_041051855.1,NZ_CP163425.1,156681,Plasmid,1,0,0,0,0,0,0,0,0,0,0,0,0,1,0,0,0,0,0,0,0,0,0,,Actinomycetota,Actinomycetes,Kitasatosporales,Streptomycetaceae,Streptomyces
GCF_041051855.1,NZ_CP163426.1,34065,Plasmid,1,0,0,0,0,0,0,0,0,0,0,0,0,1,0,0,0,0,0,0,0,0,0,,Actinomycetota,Actinomycetes,Kitasatosporales,Streptomycetaceae,Streptomyces
GCF_042447705.1,NZ_CP170354.1,218677,Plasmid,2,0,1,0,0,0,0,0,0,0,0,0,0,0,0,0,0,0,0,0,0,0,1,,Actinomycetota,Actinomycetes,Kitasatosporales,Streptomycetaceae,Streptomyces
GCF_045039755.1,NZ_CP108618.1,223225,Plasmid,2,0,1,0,0,0,0,0,0,0,0,0,0,1,0,0,0,0,0,0,0,0,0,,Actinomycetota,Actinomycetes,Kitasatosporales,Streptomycetaceae,Streptomyces
GCF_045040235.1,NZ_CP109519.1,327289,Plasmid,1,0,0,0,0,0,0,0,0,0,0,1,0,0,0,0,0,0,0,0,0,0,0,,Actinomycetota,Actinomycetes,Kitasatosporales,Streptomycetaceae,Streptomyces
GCF_045040355.1,NZ_CP109414.1,224030,Plasmid,1,0,0,0,0,0,0,0,0,0,0,1,0,0,0,0,0,0,0,0,0,0,0,,Actinomycetota,Actinomycetes,Kitasatosporales,Streptomycetaceae,Streptomyces
GCF_045040395.1,NZ_CP109401.1,437587,Plasmid,1,0,0,0,0,0,0,0,0,0,0,1,0,0,0,0,0,0,0,0,0,0,0,,Actinomycetota,Actinomycetes,Kitasatosporales,Streptomycetaceae,Streptomyces
GCF_045162705.1,NZ_CP109060.1,294500,Plasmid,1,0,0,0,0,0,1,0,0,0,0,0,0,0,0,0,0,0,0,0,0,0,0,,Actinomycetota,Actinomycetes,Kitasatosporales,Streptomycetaceae,Streptomyces
GCF_045162735.1,NZ_CP108693.1,292313,Plasmid,1,0,0,0,0,0,0,0,0,0,0,1,0,0,0,0,0,0,0,0,0,0,0,,Actinomycetota,Actinomycetes,Kitasatosporales,Streptomycetaceae,Streptomyces
GCF_045162865.1,NZ_CP108665.1,1045373,Plasmid,4,1,1,0,0,0,0,0,0,0,0,0,0,1,0,0,0,0,0,0,0,0,1,,Actinomycetota,Actinomycetes,Kitasatosporales,Streptomycetaceae,Streptomyces
GCF_045207185.1,NZ_CP109045.1,390828,Plasmid,7,1,1,0,1,0,0,2,0,0,0,0,0,0,0,0,0,0,1,0,0,0,1,,Actinomycetota,Actinomycetes,Kitasatosporales,Streptomycetaceae,Streptomyces
GCF_045207345.1,NZ_CP108842.1,691576,Plasmid,2,0,0,0,0,0,0,0,0,0,0,2,0,0,0,0,0,0,0,0,0,0,0,,Actinomycetota,Actinomycetes,Kitasatosporales,Streptomycetaceae,Streptomyces
GCF_045207395.1,NZ_CP108821.1,938812,Plasmid,3,0,0,0,0,0,0,0,0,0,0,2,0,1,0,0,0,0,0,0,0,0,0,,Actinomycetota,Actinomycetes,Kitasatosporales,Streptomycetaceae,Streptomyces
GCF_045208885.1,NZ_CP109310.1,184118,Plasmid,1,0,0,0,0,0,0,0,0,0,0,1,0,0,0,0,0,0,0,0,0,0,0,,Actinomycetota,Actinomycetes,Kitasatosporales,Streptomycetaceae,Streptomyces
GCF_045209585.1,NZ_CP109295.1,154783,Plasmid,1,0,0,0,0,0,0,0,0,0,0,0,0,0,0,0,0,0,0,0,0,0,1,,Actinomycetota,Actinomycetes,Kitasatosporales,Streptomycetaceae,Streptomyces
GCF_045209725.1,NZ_CP109276.1,387208,Plasmid,1,0,0,0,0,0,0,0,0,0,0,0,0,0,0,0,0,0,0,0,0,1,0,,Actinomycetota,Actinomycetes,Kitasatosporales,Streptomycetaceae,Streptomyces
GCF_045209805.1,NZ_CP109263.1,214002,Plasmid,2,0,0,0,0,0,0,0,0,0,0,2,0,0,0,0,0,0,0,0,0,0,0,,Actinomycetota,Actinomycetes,Kitasatosporales,Streptomycetaceae,Streptomyces
GCF_001636945.3,NZ_CP119134.1,565563,Plasmid,1,0,0,0,0,0,0,0,0,0,0,0,0,1,0,0,0,0,0,0,0,0,0,,Actinomycetota,Actinomycetes,Kitasatosporales,Streptomycetaceae,Streptomyces
GCF_001636945.3,NZ_CP119135.2,191380,Plasmid,5,0,0,0,0,2,0,0,0,0,0,1,0,0,0,0,0,0,0,0,0,0,2,,Actinomycetota,Actinomycetes,Kitasatosporales,Streptomycetaceae,Streptomyces
GCF_002028385.1,NZ_CP020040.1,518852,Plasmid,2,0,0,0,0,0,0,0,0,0,0,1,1,0,0,0,0,0,0,0,0,0,0,,Actinomycetota,Actinomycetes,Kitasatosporales,Streptomycetaceae,Streptomyces
GCF_002028385.1,NZ_CP020041.1,240209,Plasmid,2,0,0,0,0,0,0,0,0,0,1,1,0,0,0,0,0,0,0,0,0,0,0,,Actinomycetota,Actinomycetes,Kitasatosporales,Streptomycetaceae,Streptomyces
GCF_002803845.1,NZ_CP024986.1,241081,Plasmid,1,0,0,0,0,0,0,0,0,0,0,0,0,0,1,0,0,0,0,0,0,0,0,,Actinomycetota,Actinomycetes,Kitasatosporales,Streptomycetaceae,Streptomyces
GCF_013364155.1,NZ_CP054917.1,151949,Plasmid,1,0,0,0,0,0,0,0,0,0,0,0,0,1,0,0,0,0,0,0,0,0,0,,Actinomycetota,Actinomycetes,Kitasatosporales,Streptomycetaceae,Streptomyces
GCF_013364315.1,NZ_CP054927.1,608416,Plasmid,1,0,0,0,0,0,0,0,0,0,0,0,0,0,0,0,0,0,0,0,0,0,1,,Actinomycetota,Actinomycetes,Kitasatosporales,Streptomycetaceae,Streptomyces
GCF_016598615.1,NZ_CP066832.1,319978,Plasmid,1,0,0,0,0,0,0,0,0,0,0,0,0,1,0,0,0,0,0,0,0,0,0,,Actinomycetota,Actinomycetes,Kitasatosporales,Streptomycetaceae,Streptomyces
GCF_018310535.1,NZ_CP074103.1,517982,Plasmid,2,0,0,0,0,0,0,0,0,0,0,0,0,1,0,0,0,0,1,0,0,0,0,,Actinomycetota,Actinomycetes,Kitasatosporales,Streptomycetaceae,Streptomyces
GCF_019774615.1,NZ_CP081497.1,2808962,Plasmid,6,0,0,0,0,0,0,0,0,0,0,1,0,3,0,1,0,1,0,0,0,0,0,,Actinomycetota,Actinomycetes,Kitasatosporales,Streptomycetaceae,Streptomyces
GCF_024223055.1,NZ_CP100444.1,1754053,Plasmid,3,0,0,0,0,0,0,0,0,0,0,1,0,1,0,1,0,0,0,0,0,0,0,,Actinomycetota,Actinomycetes,Kitasatosporales,Streptomycetaceae,Streptomyces
GCF_028622875.1,NZ_CP117710.1,398978,Plasmid,6,1,2,0,0,0,0,0,0,0,0,1,0,1,0,0,0,0,0,0,0,0,1,,Actinomycetota,Actinomycetes,Kitasatosporales,Streptomycetaceae,Streptomyces
GCF_029167625.1,NZ_CP119146.1,296355,Plasmid,1,0,0,0,0,0,0,0,0,0,0,0,0,1,0,0,0,0,0,0,0,0,0,,Actinomycetota,Actinomycetes,Kitasatosporales,Streptomycetaceae,Streptomyces
GCF_031593255.1,NZ_CP134214.1,90031,Plasmid,1,0,0,0,0,0,0,0,0,0,0,1,0,0,0,0,0,0,0,0,0,0,0,,Actinomycetota,Actinomycetes,Kitasatosporales,Streptomycetaceae,Streptomyces
GCF_031597775.1,NZ_CP134205.1,451593,Plasmid,1,0,0,0,0,0,0,0,0,0,0,0,0,1,0,0,0,0,0,0,0,0,0,,Actinomycetota,Actinomycetes,Kitasatosporales,Streptomycetaceae,Streptomyces
GCF_034057835.1,NZ_CP139046.1,577722,Plasmid,3,0,0,0,0,0,0,0,0,0,0,0,0,2,0,0,0,0,1,0,0,0,0,,Actinomycetota,Actinomycetes,Kitasatosporales,Streptomycetaceae,Streptomyces
GCF_036010585.1,NZ_CP108576.1,409260,Plasmid,1,0,0,0,0,0,0,0,0,0,0,1,0,0,0,0,0,0,0,0,0,0,0,,Actinomycetota,Actinomycetes,Kitasatosporales,Streptomycetaceae,Streptomyces
GCF_036010645.1,NZ_CP108263.1,412769,Plasmid,1,0,0,0,0,0,0,0,0,0,0,1,0,0,0,0,0,0,0,0,0,0,0,,Actinomycetota,Actinomycetes,Kitasatosporales,Streptomycetaceae,Streptomyces
GCF_036173045.1,NZ_CP108040.1,222614,Plasmid,1,0,0,0,0,0,0,0,0,0,0,0,0,1,0,0,0,0,0,0,0,0,0,,Actinomycetota,Actinomycetes,Kitasatosporales,Streptomycetaceae,Streptomyces
GCF_036194065.1,NZ_CP108096.1,312015,Plasmid,8,2,1,0,1,0,0,3,0,0,0,0,0,0,0,0,0,0,1,0,0,0,0,,Actinomycetota,Actinomycetes,Kitasatosporales,Streptomycetaceae,Streptomyces
GCF_036345995.1,NZ_CP107797.1,342739,Plasmid,4,0,0,0,0,1,0,0,0,0,0,0,0,0,0,0,0,0,0,0,0,0,3,,Actinomycetota,Actinomycetes,Kitasatosporales,Streptomycetaceae,Streptomyces
GCF_036347175.1,NZ_CP108975.1,92975,Plasmid,1,0,0,0,0,0,0,0,0,0,0,1,0,0,0,0,0,0,0,0,0,0,0,,Actinomycetota,Actinomycetes,Kitasatosporales,Streptomycetaceae,Streptomyces
GCF_041431155.1,NZ_CP107814.1,398942,Plasmid,1,0,0,0,0,0,0,0,0,0,0,0,0,0,0,0,0,0,1,0,0,0,0,,Actinomycetota,Actinomycetes,Kitasatosporales,Streptomycetaceae,Streptomyces
GCF_041431155.1,NZ_CP107815.1,363115,Plasmid,1,0,0,0,0,0,0,0,0,0,0,0,0,1,0,0,0,0,0,0,0,0,0,,Actinomycetota,Actinomycetes,Kitasatosporales,Streptomycetaceae,Streptomyces
GCF_041435135.1,NZ_CP108060.1,295148,Plasmid,1,0,0,0,0,0,0,0,0,0,0,0,0,1,0,0,0,0,0,0,0,0,0,,Actinomycetota,Actinomycetes,Kitasatosporales,Streptomycetaceae,Streptomyces
GCF_041519305.1,NZ_CP167928.1,608989,Plasmid,2,0,0,0,0,0,0,0,0,0,1,1,0,0,0,0,0,0,0,0,0,0,0,,Actinomycetota,Actinomycetes,Kitasatosporales,Streptomycetaceae,Streptomyces
GCF_041519305.1,NZ_CP167929.1,192236,Plasmid,2,0,0,0,0,0,0,0,0,0,0,0,0,0,0,0,0,0,0,0,0,0,2,,Actinomycetota,Actinomycetes,Kitasatosporales,Streptomycetaceae,Streptomyces
GCF_045040875.1,NZ_CP108310.1,1198693,Plasmid,1,0,0,0,0,0,0,0,0,0,0,0,0,1,0,0,0,0,0,0,0,0,0,,Actinomycetota,Actinomycetes,Kitasatosporales,Streptomycetaceae,Streptomyces
GCF_045041015.1,NZ_CP108303.1,406922,Plasmid,1,0,0,0,0,0,0,0,0,0,0,0,0,1,0,0,0,0,0,0,0,0,0,,Actinomycetota,Actinomycetes,Kitasatosporales,Streptomycetaceae,Streptomyces
GCF_045041115.1,NZ_CP108269.1,1195164,Plasmid,1,0,0,0,0,0,0,0,0,0,0,0,0,1,0,0,0,0,0,0,0,0,0,,Actinomycetota,Actinomycetes,Kitasatosporales,Streptomycetaceae,Streptomyces
GCF_045041135.1,NZ_CP108260.1,680701,Plasmid,3,1,0,0,0,0,0,0,0,0,0,0,0,2,0,0,0,0,0,0,0,0,0,,Actinomycetota,Actinomycetes,Kitasatosporales,Streptomycetaceae,Streptomyces
GCF_045041215.1,NZ_CP108245.1,639575,Plasmid,1,0,0,0,0,0,0,0,0,0,0,0,0,0,0,0,1,0,0,0,0,0,0,,Actinomycetota,Actinomycetes,Kitasatosporales,Streptomycetaceae,Streptomyces
GCF_045041215.1,NZ_CP108246.1,258724,Plasmid,1,0,0,0,0,0,0,0,0,0,0,0,0,1,0,0,0,0,0,0,0,0,0,,Actinomycetota,Actinomycetes,Kitasatosporales,Streptomycetaceae,Streptomyces
GCF_045160325.1,NZ_CP108308.1,544797,Plasmid,1,0,0,0,0,0,0,0,0,0,0,0,0,1,0,0,0,0,0,0,0,0,0,,Actinomycetota,Actinomycetes,Kitasatosporales,Streptomycetaceae,Streptomyces
GCF_045160885.1,NZ_CP108163.1,276863,Plasmid,2,0,0,0,0,0,0,0,0,0,0,0,0,0,0,0,0,0,0,0,0,0,2,,Actinomycetota,Actinomycetes,Kitasatosporales,Streptomycetaceae,Streptomyces
GCF_045161705.1,NZ_CP109035.1,347233,Plasmid,1,0,0,0,0,0,0,0,0,0,0,0,0,0,0,0,0,0,1,0,0,0,0,,Actinomycetota,Actinomycetes,Kitasatosporales,Streptomycetaceae,Streptomyces
GCF_045206365.1,NZ_CP108116.1,438907,Plasmid,4,0,0,0,0,0,0,0,0,0,0,0,0,0,0,0,0,0,0,0,0,0,4,,Actinomycetota,Actinomycetes,Kitasatosporales,Streptomycetaceae,Streptomyces
GCF_045343905.1,NZ_CP174284.1,668613,Plasmid,1,0,0,0,0,0,0,0,0,0,0,1,0,0,0,0,0,0,0,0,0,0,0,,Actinomycetota,Actinomycetes,Kitasatosporales,Streptomycetaceae,Streptomyces
GCF_048585405.1,NZ_CP183922.1,177782,Plasmid,1,0,0,0,0,0,0,0,0,0,0,1,0,0,0,0,0,0,0,0,0,0,0,,Actinomycetota,Actinomycetes,Kitasatosporales,Streptomycetaceae,Streptomyces
GCF_048593185.1,NZ_CP184256.1,352006,Plasmid,2,0,0,0,0,0,0,0,0,0,1,1,0,0,0,0,0,0,0,0,0,0,0,,Actinomycetota,Actinomycetes,Kitasatosporales,Streptomycetaceae,Streptomyces
GCF_048593185.1,NZ_CP184258.1,250827,Plasmid,1,0,0,0,0,0,0,0,0,0,0,0,0,1,0,0,0,0,0,0,0,0,0,,Actinomycetota,Actinomycetes,Kitasatosporales,Streptomycetaceae,Streptomyces
GCF_049606955.1,NZ_CP187115.1,347167,Plasmid,1,0,0,0,0,0,0,0,0,0,0,0,0,0,0,0,0,0,0,0,0,0,1,,Actinomycetota,Actinomycetes,Kitasatosporales,Streptomycetaceae,Streptomyces
GCF_049606955.1,NZ_CP187114.1,2010573,Plasmid,4,0,0,0,0,0,1,0,0,0,0,0,0,1,0,0,2,0,0,0,0,0,0,,Actinomycetota,Actinomycetes,Kitasatosporales,Streptomycetaceae,Streptomyces
GCF_000147815.2,NC_015952.1,191151,Plasmid,1,0,0,0,0,0,0,0,0,0,0,0,0,0,0,0,0,1,0,0,0,0,0,,Actinomycetota,Actinomycetes,Kitasatosporales,Streptomycetaceae,Streptomyces
GCF_000612545.2,NZ_CP097801.1,100620,Plasmid,2,0,0,0,0,0,0,0,0,0,0,0,0,0,0,0,1,0,1,0,0,0,0,,Actinomycetota,Actinomycetes,Kitasatosporales,Streptomycetaceae,Streptomyces
GCF_001886595.1,NZ_CP018075.1,158122,Plasmid,2,0,0,0,0,0,0,0,0,0,0,0,0,0,0,0,0,0,1,0,0,0,1,,Actinomycetota,Actinomycetes,Kitasatosporales,Streptomycetaceae,Streptomyces
GCF_006088715.1,NZ_CP030772.1,967890,Plasmid,1,0,0,0,0,0,0,0,0,0,0,1,0,0,0,0,0,0,0,0,0,0,0,,Actinomycetota,Actinomycetes,Kitasatosporales,Streptomycetaceae,Streptomyces
GCF_007113665.2,NZ_CP041606.1,98815,Plasmid,2,0,0,0,0,0,0,0,0,0,0,0,0,0,0,0,0,0,0,0,0,0,2,,Actinomycetota,Actinomycetes,Kitasatosporales,Streptomycetaceae,Streptomyces
GCF_024666385.1,NZ_CP102515.1,362437,Plasmid,2,0,0,0,0,0,0,0,1,0,0,0,0,0,0,0,1,0,0,0,0,0,0,,Actinomycetota,Actinomycetes,Kitasatosporales,Streptomycetaceae,Streptomyces
GCF_024666385.1,NZ_CP102516.1,231470,Plasmid,1,0,0,0,0,0,0,0,0,0,0,0,0,0,0,0,0,0,1,0,0,0,0,,Actinomycetota,Actinomycetes,Kitasatosporales,Streptomycetaceae,Streptomyces
GCF_028421465.1,NZ_CP116356.1,289669,Plasmid,1,0,0,0,0,0,1,0,0,0,0,0,0,0,0,0,0,0,0,0,0,0,0,,Actinomycetota,Actinomycetes,Kitasatosporales,Streptomycetaceae,Streptomyces
GCF_028736035.1,NZ_CP117867.1,103846,Plasmid,1,0,0,0,0,0,0,0,0,0,0,0,0,0,0,0,0,1,0,0,0,0,0,,Actinomycetota,Actinomycetes,Kitasatosporales,Streptomycetaceae,Streptomyces
GCF_028898845.1,NZ_CP118575.1,378325,Plasmid,1,0,0,0,0,0,0,0,0,0,0,1,0,0,0,0,0,0,0,0,0,0,0,,Actinomycetota,Actinomycetes,Kitasatosporales,Streptomycetaceae,Streptomyces
GCF_035917275.1,NZ_CP108509.1,1601525,Plasmid,3,0,0,0,0,0,0,0,0,0,0,0,0,0,0,1,0,0,1,0,0,0,1,,Actinomycetota,Actinomycetes,Kitasatosporales,Streptomycetaceae,Streptomyces
GCF_035917315.1,NZ_CP108854.1,1514319,Plasmid,2,0,0,0,0,0,0,0,0,0,0,0,1,0,0,0,0,0,1,0,0,0,0,,Actinomycetota,Actinomycetes,Kitasatosporales,Streptomycetaceae,Streptomyces
GCF_035918195.1,NZ_CP109366.1,678025,Plasmid,2,0,0,0,0,0,0,0,0,0,0,0,0,1,0,0,1,0,0,0,0,0,0,,Actinomycetota,Actinomycetes,Kitasatosporales,Streptomycetaceae,Streptomyces
GCF_035920465.1,NZ_CP109164.1,700580,Plasmid,1,0,0,0,1,0,0,0,0,0,0,0,0,0,0,0,0,0,0,0,0,0,0,,Actinomycetota,Actinomycetes,Kitasatosporales,Streptomycetaceae,Streptomyces
GCF_035975855.1,NZ_CP109056.1,237824,Plasmid,3,1,1,0,0,0,0,0,0,0,0,0,0,0,0,0,0,0,1,0,0,0,0,,Actinomycetota,Actinomycetes,Kitasatosporales,Streptomycetaceae,Streptomyces
GCF_035991645.1,NZ_CP108523.1,682929,Plasmid,3,1,0,0,0,0,0,0,0,0,0,0,0,2,0,0,0,0,0,0,0,0,0,,Actinomycetota,Actinomycetes,Kitasatosporales,Streptomycetaceae,Streptomyces
GCF_035994945.1,NZ_CP108678.1,338085,Plasmid,1,0,0,0,0,0,0,0,0,0,0,0,0,1,0,0,0,0,0,0,0,0,0,,Actinomycetota,Actinomycetes,Kitasatosporales,Streptomycetaceae,Streptomyces
GCF_036010365.1,NZ_CP108555.1,318313,Plasmid,1,0,0,0,0,0,0,0,1,0,0,0,0,0,0,0,0,0,0,0,0,0,0,,Actinomycetota,Actinomycetes,Kitasatosporales,Streptomycetaceae,Streptomyces
GCF_036010385.1,NZ_CP108560.1,47821,Plasmid,1,0,0,0,0,0,0,0,0,0,0,0,0,0,0,0,1,0,0,0,0,0,0,,Actinomycetota,Actinomycetes,Kitasatosporales,Streptomycetaceae,Streptomyces
GCF_036010445.1,NZ_CP108566.1,427794,Plasmid,1,0,0,0,0,0,0,0,1,0,0,0,0,0,0,0,0,0,0,0,0,0,0,,Actinomycetota,Actinomycetes,Kitasatosporales,Streptomycetaceae,Streptomyces
GCF_036208025.1,NZ_CP109315.1,331536,Plasmid,12,2,2,0,0,0,0,4,0,0,0,0,0,2,0,0,0,0,0,0,0,0,2,,Actinomycetota,Actinomycetes,Kitasatosporales,Streptomycetaceae,Streptomyces
GCF_036227165.1,NZ_CP109439.1,1564239,Plasmid,1,0,0,0,0,0,0,0,0,0,0,0,0,1,0,0,0,0,0,0,0,0,0,,Actinomycetota,Actinomycetes,Kitasatosporales,Streptomycetaceae,Streptomyces
GCF_036227425.1,NZ_CP109456.1,385852,Plasmid,2,0,0,0,0,0,0,0,0,0,1,0,0,1,0,0,0,0,0,0,0,0,0,,Actinomycetota,Actinomycetes,Kitasatosporales,Streptomycetaceae,Streptomyces
GCF_036227445.1,NZ_CP109476.1,634813,Plasmid,1,0,0,0,0,0,0,0,0,0,0,1,0,0,0,0,0,0,0,0,0,0,0,,Actinomycetota,Actinomycetes,Kitasatosporales,Streptomycetaceae,Streptomyces
GCF_036227505.1,NZ_CP109481.1,2351338,Plasmid,5,0,0,0,0,0,0,0,0,0,0,0,0,4,0,0,1,0,0,0,0,0,0,,Actinomycetota,Actinomycetes,Kitasatosporales,Streptomycetaceae,Streptomyces
GCF_036227565.1,NZ_CP109462.1,388248,Plasmid,2,0,0,0,0,0,0,0,0,0,1,0,0,1,0,0,0,0,0,0,0,0,0,,Actinomycetota,Actinomycetes,Kitasatosporales,Streptomycetaceae,Streptomyces
GCF_036228565.1,NZ_CP109493.1,1039279,Plasmid,2,0,1,0,0,0,0,0,0,0,0,0,0,1,0,0,0,0,0,0,0,0,0,,Actinomycetota,Actinomycetes,Kitasatosporales,Streptomycetaceae,Streptomyces
GCF_036231985.1,NZ_CP109501.1,897515,Plasmid,1,0,0,0,0,0,0,0,0,0,0,0,0,0,1,0,0,0,0,0,0,0,0,,Actinomycetota,Actinomycetes,Kitasatosporales,Streptomycetaceae,Streptomyces
GCF_036231985.1,NZ_CP109502.1,806493,Plasmid,4,0,0,0,0,0,0,0,0,0,0,0,0,2,0,0,0,0,2,0,0,0,0,,Actinomycetota,Actinomycetes,Kitasatosporales,Streptomycetaceae,Streptomyces
GCF_036246005.1,NZ_CP109172.1,87786,Plasmid,1,0,0,0,0,0,0,0,0,0,0,0,0,0,0,0,0,0,0,0,0,0,1,,Actinomycetota,Actinomycetes,Kitasatosporales,Streptomycetaceae,Streptomyces
GCF_036248255.1,NZ_CP109179.1,799261,Plasmid,1,0,0,0,0,0,0,0,0,0,0,1,0,0,0,0,0,0,0,0,0,0,0,,Actinomycetota,Actinomycetes,Kitasatosporales,Streptomycetaceae,Streptomyces
GCF_036250835.1,NZ_CP109587.1,504496,Plasmid,1,0,0,0,0,0,0,0,0,0,0,0,0,0,0,0,0,0,1,0,0,0,0,,Actinomycetota,Actinomycetes,Kitasatosporales,Streptomycetaceae,Streptomyces
GCF_036345155.1,NZ_CP107773.1,353399,Plasmid,2,0,0,0,0,0,0,0,0,0,1,0,0,1,0,0,0,0,0,0,0,0,0,,Actinomycetota,Actinomycetes,Kitasatosporales,Streptomycetaceae,Streptomyces
GCF_036346995.1,NZ_CP108877.1,546673,Plasmid,1,0,1,0,0,0,0,0,0,0,0,0,0,0,0,0,0,0,0,0,0,0,0,,Actinomycetota,Actinomycetes,Kitasatosporales,Streptomycetaceae,Streptomyces
GCF_036347015.1,NZ_CP108879.1,544774,Plasmid,1,0,1,0,0,0,0,0,0,0,0,0,0,0,0,0,0,0,0,0,0,0,0,,Actinomycetota,Actinomycetes,Kitasatosporales,Streptomycetaceae,Streptomyces
GCF_040529335.1,NZ_CP159535.1,164850,Plasmid,1,0,0,0,0,0,0,0,0,0,0,1,0,0,0,0,0,0,0,0,0,0,0,,Actinomycetota,Actinomycetes,Kitasatosporales,Streptomycetaceae,Streptomyces
GCF_041053045.1,NZ_CP163442.1,413464,Plasmid,4,0,0,0,0,0,0,0,0,0,1,1,0,1,0,0,0,0,0,0,0,0,1,,Actinomycetota,Actinomycetes,Kitasatosporales,Streptomycetaceae,Streptomyces
GCF_041283565.1,NZ_CP166300.1,319367,Plasmid,3,0,0,0,0,0,1,0,0,0,0,2,0,0,0,0,0,0,0,0,0,0,0,,Actinomycetota,Actinomycetes,Kitasatosporales,Streptomycetaceae,Streptomyces
GCF_041431095.1,NZ_CP107758.1,669226,Plasmid,1,0,0,0,0,0,0,0,0,0,0,0,0,0,0,0,1,0,0,0,0,0,0,,Actinomycetota,Actinomycetes,Kitasatosporales,Streptomycetaceae,Streptomyces
GCF_041435355.1,NZ_CP108443.1,583105,Plasmid,1,0,0,0,0,0,0,0,0,0,0,0,0,1,0,0,0,0,0,0,0,0,0,,Actinomycetota,Actinomycetes,Kitasatosporales,Streptomycetaceae,Streptomyces
GCF_041435355.1,NZ_CP108444.1,474642,Plasmid,2,0,1,0,0,0,0,0,0,0,0,0,0,0,0,0,1,0,0,0,0,0,0,,Actinomycetota,Actinomycetes,Kitasatosporales,Streptomycetaceae,Streptomyces
GCF_042465715.1,NZ_CP118706.1,503459,Plasmid,1,0,0,0,0,0,0,0,0,0,0,1,0,0,0,0,0,0,0,0,0,0,0,,Actinomycetota,Actinomycetes,Kitasatosporales,Streptomycetaceae,Streptomyces
GCF_042465715.1,NZ_CP118708.1,941941,Plasmid,1,0,0,0,0,0,0,0,0,0,0,0,0,0,0,0,0,0,0,0,0,0,1,,Actinomycetota,Actinomycetes,Kitasatosporales,Streptomycetaceae,Streptomyces
GCF_045039715.1,NZ_CP108633.1,998201,Plasmid,1,0,0,0,0,0,0,0,0,0,0,0,0,0,0,0,0,0,0,0,0,0,1,,Actinomycetota,Actinomycetes,Kitasatosporales,Streptomycetaceae,Streptomyces
GCF_045039725.1,NZ_CP108628.1,267193,Plasmid,2,0,1,0,0,0,0,0,0,0,0,0,0,1,0,0,0,0,0,0,0,0,0,,Actinomycetota,Actinomycetes,Kitasatosporales,Streptomycetaceae,Streptomyces
GCF_045039765.1,NZ_CP108614.1,367160,Plasmid,1,0,0,0,0,0,1,0,0,0,0,0,0,0,0,0,0,0,0,0,0,0,0,,Actinomycetota,Actinomycetes,Kitasatosporales,Streptomycetaceae,Streptomyces
GCF_045039825.1,NZ_CP108601.1,502400,Plasmid,2,0,0,0,0,0,0,0,0,0,0,1,0,1,0,0,0,0,0,0,0,0,0,,Actinomycetota,Actinomycetes,Kitasatosporales,Streptomycetaceae,Streptomyces
GCF_045040035.1,NZ_CP109560.1,1180806,Plasmid,1,0,0,0,0,0,0,0,0,0,0,0,0,0,0,0,0,0,0,0,0,0,1,,Actinomycetota,Actinomycetes,Kitasatosporales,Streptomycetaceae,Streptomyces
GCF_045040415.1,NZ_CP109396.1,897987,Plasmid,3,1,0,0,0,0,0,0,0,0,0,0,0,2,0,0,0,0,0,0,0,0,0,,Actinomycetota,Actinomycetes,Kitasatosporales,Streptomycetaceae,Streptomyces
GCF_045070545.1,NZ_CP173704.1,4062096,Plasmid,39,2,3,0,2,0,3,4,4,0,1,2,1,4,1,1,5,4,1,1,0,0,0,,Actinomycetota,Actinomycetes,Kitasatosporales,Streptomycetaceae,Streptomyces
GCF_045070545.1,NZ_CP173705.1,600837,Plasmid,11,2,1,0,0,1,0,0,1,1,0,1,3,0,0,1,0,0,0,0,0,0,0,,Actinomycetota,Actinomycetes,Kitasatosporales,Streptomycetaceae,Streptomyces
GCF_045160785.1,NZ_CP108274.1,240518,Plasmid,1,0,0,0,0,0,0,0,0,0,0,0,0,0,0,0,0,0,0,1,0,0,0,,Actinomycetota,Actinomycetes,Kitasatosporales,Streptomycetaceae,Streptomyces
GCF_045160795.1,NZ_CP108231.1,323499,Plasmid,2,0,0,0,0,0,0,0,0,0,0,0,0,1,0,0,0,0,0,1,0,0,0,,Actinomycetota,Actinomycetes,Kitasatosporales,Streptomycetaceae,Streptomyces
GCF_045161545.1,NZ_CP109047.1,559551,Plasmid,12,2,2,0,0,0,0,4,0,0,0,0,0,2,0,0,0,0,2,0,0,0,0,,Actinomycetota,Actinomycetes,Kitasatosporales,Streptomycetaceae,Streptomyces
GCF_045161735.1,NZ_CP108984.1,222687,Plasmid,1,0,0,0,0,0,0,0,0,0,0,0,0,0,0,0,0,1,0,0,0,0,0,,Actinomycetota,Actinomycetes,Kitasatosporales,Streptomycetaceae,Streptomyces
GCF_045161795.1,NZ_CP108868.1,432373,Plasmid,2,0,0,0,0,0,0,0,0,0,0,1,0,1,0,0,0,0,0,0,0,0,0,,Actinomycetota,Actinomycetes,Kitasatosporales,Streptomycetaceae,Streptomyces
GCF_045162215.1,NZ_CP108746.1,280887,Plasmid,1,0,0,0,0,0,0,0,0,0,0,0,0,0,0,0,0,0,0,0,0,0,1,,Actinomycetota,Actinomycetes,Kitasatosporales,Streptomycetaceae,Streptomyces
GCF_045162655.1,NZ_CP108729.1,264197,Plasmid,3,0,0,0,0,0,0,0,1,0,1,1,0,0,0,0,0,0,0,0,0,0,0,,Actinomycetota,Actinomycetes,Kitasatosporales,Streptomycetaceae,Streptomyces
GCF_045162715.1,NZ_CP108704.1,563420,Plasmid,1,0,0,0,0,0,0,0,0,0,0,0,0,0,0,0,0,0,1,0,0,0,0,,Actinomycetota,Actinomycetes,Kitasatosporales,Streptomycetaceae,Streptomyces
GCF_045162725.1,NZ_CP108701.1,570792,Plasmid,1,0,0,0,0,0,0,0,0,0,0,0,0,0,0,0,0,0,1,0,0,0,0,,Actinomycetota,Actinomycetes,Kitasatosporales,Streptomycetaceae,Streptomyces
GCF_045206215.1,NZ_CP108189.1,241313,Plasmid,1,0,0,0,0,0,0,0,0,0,0,0,0,0,0,0,0,0,0,1,0,0,0,,Actinomycetota,Actinomycetes,Kitasatosporales,Streptomycetaceae,Streptomyces
GCF_045207295.1,NZ_CP108875.1,543083,Plasmid,1,0,1,0,0,0,0,0,0,0,0,0,0,0,0,0,0,0,0,0,0,0,0,,Actinomycetota,Actinomycetes,Kitasatosporales,Streptomycetaceae,Streptomyces
GCF_045207585.1,NZ_CP108789.1,152074,Plasmid,1,0,0,0,0,0,0,0,0,0,0,0,0,1,0,0,0,0,0,0,0,0,0,,Actinomycetota,Actinomycetes,Kitasatosporales,Streptomycetaceae,Streptomyces
GCF_045208535.1,NZ_CP109331.1,1260298,Plasmid,1,0,0,0,0,0,0,0,0,0,0,0,0,1,0,0,0,0,0,0,0,0,0,,Actinomycetota,Actinomycetes,Kitasatosporales,Streptomycetaceae,Streptomyces
GCF_045209785.1,NZ_CP109267.1,712785,Plasmid,2,0,0,0,0,0,0,0,0,0,0,2,0,0,0,0,0,0,0,0,0,0,0,,Actinomycetota,Actinomycetes,Kitasatosporales,Streptomycetaceae,Streptomyces
GCF_045209815.1,NZ_CP109259.1,558028,Plasmid,1,0,0,0,0,0,0,0,0,0,0,0,0,0,0,0,0,0,1,0,0,0,0,,Actinomycetota,Actinomycetes,Kitasatosporales,Streptomycetaceae,Streptomyces
GCF_045287305.1,NZ_CP108839.1,415437,Plasmid,2,2,0,0,0,0,0,0,0,0,0,0,0,0,0,0,0,0,0,0,0,0,0,,Actinomycetota,Actinomycetes,Kitasatosporales,Streptomycetaceae,Streptomyces
GCF_045822005.1,NZ_CP169553.1,130481,Plasmid,1,0,0,0,0,0,0,0,0,0,0,0,0,1,0,0,0,0,0,0,0,0,0,,Actinomycetota,Actinomycetes,Kitasatosporales,Streptomycetaceae,Streptomyces
GCF_047456005.1,NZ_CP179756.1,71412,Plasmid,1,0,0,0,0,0,0,0,0,0,0,0,0,1,0,0,0,0,0,0,0,0,0,,Actinomycetota,Actinomycetes,Kitasatosporales,Streptomycetaceae,Streptomyces
GCF_050500215.1,NZ_CP191374.1,473594,Plasmid,3,0,0,0,0,0,0,0,0,0,0,0,0,0,0,3,0,0,0,0,0,0,0,,Actinomycetota,Actinomycetes,Kitasatosporales,Streptomycetaceae,Streptomyces
GCF_001886735.1,NZ_CP018080.1,205668,Plasmid,2,1,0,0,0,0,0,0,0,0,1,0,0,0,0,0,0,0,0,0,0,0,0,,Pseudomonadota,Alphaproteobacteria,Rhodobacterales,Roseobacteraceae,Sulfitobacter
GCF_003352105.1,NZ_CP025809.1,371508,Plasmid,3,1,0,0,0,0,0,0,0,0,1,0,0,1,0,0,0,0,0,0,0,0,0,,Pseudomonadota,Alphaproteobacteria,Rhodobacterales,Roseobacteraceae,Sulfitobacter
GCF_009363555.1,NZ_CP045374.1,181132,Plasmid,3,1,0,0,0,0,0,0,0,0,1,0,0,1,0,0,0,0,0,0,0,0,0,,Pseudomonadota,Alphaproteobacteria,Rhodobacterales,Roseobacteraceae,Sulfitobacter
GCF_013487745.1,NZ_CP049346.1,280409,Plasmid,3,1,0,0,0,0,0,0,0,0,1,0,0,1,0,0,0,0,0,0,0,0,0,,Pseudomonadota,Alphaproteobacteria,Rhodobacterales,Roseobacteraceae,Sulfitobacter
GCF_020809405.1,NZ_CP081136.1,21696,Plasmid,1,0,0,0,0,0,0,0,0,0,0,0,0,0,0,0,0,0,0,0,0,1,0,,Bacillota,Clostridia,Peptostreptococcales,Peptostreptococcaceae,Terrisporobacter
GCF_022788655.1,NZ_CP084952.1,313826,Plasmid,2,1,0,0,0,0,0,0,0,0,1,0,0,0,0,0,0,0,0,0,0,0,0,,Pseudomonadota,Alphaproteobacteria,Rhodobacterales,Roseobacteraceae,Sulfitobacter
GCF_022788655.1,NZ_CP084955.1,160516,Plasmid,1,0,0,0,0,0,0,0,0,0,0,0,0,0,0,0,0,0,0,0,0,0,1,,Pseudomonadota,Alphaproteobacteria,Rhodobacterales,Roseobacteraceae,Sulfitobacter
GCF_022788675.1,NZ_CP084961.1,230345,Plasmid,3,1,0,0,0,0,0,0,0,0,1,0,0,1,0,0,0,0,0,0,0,0,0,,Pseudomonadota,Alphaproteobacteria,Rhodobacterales,Roseobacteraceae,Sulfitobacter
GCF_022788715.1,NZ_CP085168.1,336544,Plasmid,3,1,0,0,0,0,0,0,0,0,1,0,0,1,0,0,0,0,0,0,0,0,0,,Pseudomonadota,Alphaproteobacteria,Rhodobacterales,Roseobacteraceae,Sulfitobacter
GCF_022788735.1,NZ_CP085145.1,284454,Plasmid,3,1,0,0,0,0,0,0,0,0,1,0,0,1,0,0,0,0,0,0,0,0,0,,Pseudomonadota,Alphaproteobacteria,Rhodobacterales,Roseobacteraceae,Sulfitobacter
GCF_025140615.1,NZ_CP081118.1,283438,Plasmid,3,1,0,0,0,0,0,0,0,0,1,0,0,1,0,0,0,0,0,0,0,0,0,,Pseudomonadota,Alphaproteobacteria,Rhodobacterales,Roseobacteraceae,Sulfitobacter
GCF_025143985.1,NZ_CP083568.1,68538,Plasmid,1,0,0,0,0,0,0,0,0,0,0,0,0,0,0,0,0,0,0,0,1,0,0,,Pseudomonadota,Alphaproteobacteria,Rhodobacterales,Roseobacteraceae,Sulfitobacter
GCF_028201735.1,NZ_CP116424.1,287790,Plasmid,1,0,0,0,0,0,0,0,0,0,0,0,0,0,0,0,0,0,0,0,0,0,1,,Pseudomonadota,Alphaproteobacteria,Rhodobacterales,Roseobacteraceae,Sulfitobacter
GCF_031202285.1,NZ_CP101638.1,21885,Plasmid,1,0,0,0,0,0,0,0,0,0,0,0,0,0,0,0,0,0,0,0,0,1,0,,Bacillota,Clostridia,Peptostreptococcales,Peptostreptococcaceae,Terrisporobacter
GCF_032598785.1,NZ_CP102985.1,21288,Plasmid,1,0,0,0,0,0,0,0,0,0,0,0,0,0,0,0,0,0,0,0,0,1,0,,Bacillota,Clostridia,Peptostreptococcales,Peptostreptococcaceae,Terrisporobacter
GCF_034376865.1,NZ_CP139731.1,5727,Plasmid,1,0,0,0,0,0,0,0,0,0,0,0,0,0,0,0,0,0,0,0,0,0,1,,Pseudomonadota,Alphaproteobacteria,Rhodobacterales,Roseobacteraceae,Sulfitobacter
GCF_034377005.1,NZ_CP139700.1,395978,Plasmid,3,1,0,0,0,0,0,0,0,0,1,0,0,1,0,0,0,0,0,0,0,0,0,,Pseudomonadota,Alphaproteobacteria,Rhodobacterales,Roseobacteraceae,Sulfitobacter
GCF_036812735.1,NZ_CP117524.1,21319,Plasmid,1,0,0,0,0,0,0,0,0,0,0,0,0,0,0,0,0,0,0,0,0,1,0,,Bacillota,Clostridia,Peptostreptococcales,Peptostreptococcaceae,Terrisporobacter
GCF_039555385.1,NZ_CP154621.1,21696,Plasmid,1,0,0,0,0,0,0,0,0,0,0,0,0,0,0,0,0,0,0,0,0,1,0,,Bacillota,Clostridia,Peptostreptococcales,Peptostreptococcaceae,Terrisporobacter
GCF_039555395.1,NZ_CP154623.1,21684,Plasmid,1,0,0,0,0,0,0,0,0,0,0,0,0,0,0,0,0,0,0,0,0,1,0,,Bacillota,Clostridia,Peptostreptococcales,Peptostreptococcaceae,Terrisporobacter
GCF_040435955.1,NZ_CP159194.1,302047,Plasmid,3,1,0,0,0,0,0,0,0,0,1,0,0,1,0,0,0,0,0,0,0,0,0,,Pseudomonadota,Alphaproteobacteria,Rhodobacterales,Roseobacteraceae,Sulfitobacter
GCF_040790645.1,NZ_CP160840.1,200902,Plasmid,3,1,0,0,0,0,0,0,0,0,1,0,0,1,0,0,0,0,0,0,0,0,0,,Pseudomonadota,Alphaproteobacteria,Rhodobacterales,Roseobacteraceae,Sulfitobacter
GCF_040790655.1,NZ_CP160836.1,331194,Plasmid,3,1,0,0,0,0,0,0,0,0,1,0,0,1,0,0,0,0,0,0,0,0,0,,Pseudomonadota,Alphaproteobacteria,Rhodobacterales,Roseobacteraceae,Sulfitobacter
GCF_040790665.1,NZ_CP160850.1,293594,Plasmid,3,1,0,0,0,0,0,0,0,0,1,0,0,1,0,0,0,0,0,0,0,0,0,,Pseudomonadota,Alphaproteobacteria,Rhodobacterales,Roseobacteraceae,Sulfitobacter
GCF_040790675.1,NZ_CP160854.1,254242,Plasmid,3,1,0,0,0,0,0,0,0,0,1,0,0,1,0,0,0,0,0,0,0,0,0,,Pseudomonadota,Alphaproteobacteria,Rhodobacterales,Roseobacteraceae,Sulfitobacter
GCF_045586035.1,NZ_CP151534.1,290957,Plasmid,3,1,0,0,0,0,0,0,0,0,1,0,0,1,0,0,0,0,0,0,0,0,0,,Pseudomonadota,Alphaproteobacteria,Rhodobacterales,Roseobacteraceae,Sulfitobacter
GCF_048568255.1,NZ_CP183810.1,21686,Plasmid,1,0,0,0,0,0,0,0,0,0,0,0,0,0,0,0,0,0,0,0,0,1,0,,Bacillota,Clostridia,Peptostreptococcales,Peptostreptococcaceae,Terrisporobacter
GCF_048568315.1,NZ_CP183812.1,21608,Plasmid,1,0,0,0,0,0,0,0,0,0,0,0,0,0,0,0,0,0,0,0,0,1,0,,Bacillota,Clostridia,Peptostreptococcales,Peptostreptococcaceae,Terrisporobacter
GCF_000264455.2,NC_017966.1,690188,Plasmid,1,0,0,0,0,0,0,0,0,0,0,0,0,0,0,1,0,0,0,0,0,0,0,,Pseudomonadota,Alphaproteobacteria,Geminicoccales,Geminicoccaceae,Tistrella
GCF_000264455.2,NC_017958.1,1126962,Plasmid,9,1,0,0,0,0,1,0,0,0,2,2,0,2,0,1,0,0,0,0,0,0,0,,Pseudomonadota,Alphaproteobacteria,Geminicoccales,Geminicoccaceae,Tistrella
GCF_000264455.2,NC_017959.1,83885,Plasmid,3,0,0,0,0,0,0,0,0,0,1,0,0,2,0,0,0,0,0,0,0,0,0,,Pseudomonadota,Alphaproteobacteria,Geminicoccales,Geminicoccaceae,Tistrella
GCF_000376545.2,NZ_CP015231.1,1256329,Plasmid,18,4,2,0,0,0,0,0,0,0,3,2,0,3,1,1,1,1,0,0,0,0,0,,Pseudomonadota,Alphaproteobacteria,Rhodobacterales,Paracoccaceae,Tritonibacter
GCF_030062055.1,NZ_CP110385.1,1186512,Plasmid,18,4,2,0,0,0,0,0,0,0,3,2,0,3,1,1,1,1,0,0,0,0,0,,Pseudomonadota,Alphaproteobacteria,Rhodobacterales,Paracoccaceae,Tritonibacter
GCF_037949285.1,NZ_CP149927.1,478822,Plasmid,3,1,0,0,0,0,0,0,0,0,1,0,0,1,0,0,0,0,0,0,0,0,0,,Pseudomonadota,Alphaproteobacteria,Rhodobacterales,Paracoccaceae,Thioclava
GCF_037949285.1,NZ_CP149928.1,444349,Plasmid,6,1,0,0,0,0,1,0,0,0,1,0,0,1,0,0,1,0,0,0,1,0,0,,Pseudomonadota,Alphaproteobacteria,Rhodobacterales,Paracoccaceae,Thioclava
GCF_037949795.1,NZ_CP149933.1,693503,Plasmid,9,2,0,0,0,0,1,0,0,0,2,0,0,2,0,0,1,0,0,0,1,0,0,,Pseudomonadota,Alphaproteobacteria,Rhodobacterales,Paracoccaceae,Thioclava
GCF_037949795.1,NZ_CP149934.1,581595,Plasmid,3,1,0,0,0,0,0,0,0,0,1,0,0,1,0,0,0,0,0,0,0,0,0,,Pseudomonadota,Alphaproteobacteria,Rhodobacterales,Paracoccaceae,Thioclava
GCF_041470125.1,NZ_CP121032.1,682763,Plasmid,1,0,0,0,0,0,0,0,0,0,0,0,0,0,0,1,0,0,0,0,0,0,0,,Pseudomonadota,Alphaproteobacteria,Geminicoccales,Geminicoccaceae,Tistrella
GCF_041472985.1,NZ_CP121036.1,682763,Plasmid,1,0,0,0,0,0,0,0,0,0,0,0,0,0,0,1,0,0,0,0,0,0,0,,Pseudomonadota,Alphaproteobacteria,Geminicoccales,Geminicoccaceae,Tistrella
GCF_041475555.1,NZ_CP121063.1,658744,Plasmid,1,0,0,0,0,0,0,0,0,0,0,0,0,0,0,0,0,0,0,0,0,0,1,,Pseudomonadota,Alphaproteobacteria,Geminicoccales,Geminicoccaceae,Tistrella
GCF_045278885.1,NZ_CP135444.1,504951,Plasmid,3,1,0,0,0,0,0,0,0,0,1,0,0,1,0,0,0,0,0,0,0,0,0,,Pseudomonadota,Alphaproteobacteria,Rhodobacterales,Paracoccaceae,Thioclava
GCF_045278885.1,NZ_CP135445.1,437164,Plasmid,6,1,0,0,0,0,1,0,0,0,1,0,0,1,0,0,1,0,0,0,1,0,0,,Pseudomonadota,Alphaproteobacteria,Rhodobacterales,Paracoccaceae,Thioclava
GCF_045291555.1,NZ_CP149516.1,491494,Plasmid,3,1,0,0,0,0,0,0,0,0,1,0,0,1,0,0,0,0,0,0,0,0,0,,Pseudomonadota,Alphaproteobacteria,Rhodobacterales,Paracoccaceae,Thioclava
GCF_045291555.1,NZ_CP149517.1,427962,Plasmid,6,1,0,0,0,0,1,0,0,0,1,0,0,1,0,0,1,0,0,0,1,0,0,,Pseudomonadota,Alphaproteobacteria,Rhodobacterales,Paracoccaceae,Thioclava
GCF_045348365.1,NZ_CP155823.1,828986,Plasmid,9,2,0,0,0,0,1,0,0,0,2,0,0,2,0,0,1,0,0,0,1,0,0,,Pseudomonadota,Alphaproteobacteria,Rhodobacterales,Paracoccaceae,Thioclava
GCF_045348365.1,NZ_CP155824.1,620917,Plasmid,3,1,0,0,0,0,0,0,0,0,1,0,0,1,0,0,0,0,0,0,0,0,0,,Pseudomonadota,Alphaproteobacteria,Rhodobacterales,Paracoccaceae,Thioclava
GCF_046838385.1,NZ_CP177316.1,1136191,Plasmid,18,4,2,0,0,0,0,0,0,0,3,2,0,3,1,1,1,1,0,0,0,0,0,,Pseudomonadota,Alphaproteobacteria,Rhodobacterales,Paracoccaceae,Tritonibacter
GCF_046838385.1,NZ_CP177317.1,268287,Plasmid,3,1,0,0,0,0,0,0,0,0,1,0,0,1,0,0,0,0,0,0,0,0,0,,Pseudomonadota,Alphaproteobacteria,Rhodobacterales,Paracoccaceae,Tritonibacter
GCF_047275775.1,NZ_CP178515.1,1252621,Plasmid,18,4,2,0,0,0,0,0,0,0,3,2,0,3,1,1,1,1,0,0,0,0,0,,Pseudomonadota,Alphaproteobacteria,Rhodobacterales,Paracoccaceae,Tritonibacter
GCF_047943055.1,NZ_CP181341.1,255750,Plasmid,4,1,0,0,0,0,0,0,0,0,1,0,0,1,0,0,0,1,0,0,0,0,0,,Pseudomonadota,Alphaproteobacteria,Rhodobacterales,Paracoccaceae,Tritonibacter
GCF_047943055.1,NZ_CP181342.1,875362,Plasmid,18,4,2,0,0,0,0,0,0,0,3,1,0,3,1,1,1,2,0,0,0,0,0,,Pseudomonadota,Alphaproteobacteria,Rhodobacterales,Paracoccaceae,Tritonibacter
GCF_000772065.1,NZ_CP009619.1,380714,Plasmid,1,0,0,0,0,0,0,0,0,0,0,0,0,0,0,0,0,0,0,0,0,0,1,,Pseudomonadota,Gammaproteobacteria,Vibrionales,Vibrionaceae,Vibrio
GCF_001969325.1,NZ_CP019296.1,143114,Plasmid,2,0,0,0,0,0,0,0,2,0,0,0,0,0,0,0,0,0,0,0,0,0,0,,Pseudomonadota,Gammaproteobacteria,Vibrionales,Vibrionaceae,Vibrio
GCF_002140055.1,NZ_CP020080.1,143140,Plasmid,2,0,0,0,0,0,0,0,2,0,0,0,0,0,0,0,0,0,0,0,0,0,0,,Pseudomonadota,Gammaproteobacteria,Vibrionales,Vibrionaceae,Vibrio
GCF_002142655.1,NZ_CP021147.1,109793,Plasmid,1,0,0,0,0,0,0,0,1,0,0,0,0,0,0,0,0,0,0,0,0,0,0,,Pseudomonadota,Gammaproteobacteria,Vibrionales,Vibrionaceae,Vibrio
GCF_002310335.1,NZ_CP023312.1,292095,Plasmid,2,0,0,0,0,0,0,0,0,0,0,0,0,0,0,0,0,0,0,0,0,0,2,,Pseudomonadota,Gammaproteobacteria,Vibrionales,Vibrionaceae,Vibrio
GCF_002906455.1,NZ_CP026318.1,74233,Plasmid,1,0,0,0,0,0,0,0,1,0,0,0,0,0,0,0,0,0,0,0,0,0,0,,Pseudomonadota,Gammaproteobacteria,Vibrionales,Vibrionaceae,Vibrio
GCF_002906455.1,NZ_CP026319.1,69048,Plasmid,1,0,0,0,0,0,0,0,1,0,0,0,0,0,0,0,0,0,0,0,0,0,0,,Pseudomonadota,Gammaproteobacteria,Vibrionales,Vibrionaceae,Vibrio
GCF_009363415.1,NZ_CP045351.1,1317907,Plasmid,3,0,0,0,0,1,0,0,1,0,0,1,0,0,0,0,0,0,0,0,0,0,0,,Pseudomonadota,Gammaproteobacteria,Vibrionales,Vibrionaceae,Vibrio
GCF_013357785.1,NZ_CP053812.1,306484,Plasmid,1,1,0,0,0,0,0,0,0,0,0,0,0,0,0,0,0,0,0,0,0,0,0,,Pseudomonadota,Gammaproteobacteria,Vibrionales,Vibrionaceae,Vibrio
GCF_013357805.1,NZ_CP053815.1,306481,Plasmid,1,1,0,0,0,0,0,0,0,0,0,0,0,0,0,0,0,0,0,0,0,0,0,,Pseudomonadota,Gammaproteobacteria,Vibrionales,Vibrionaceae,Vibrio
GCF_016806145.1,NZ_CP063167.1,2479635,Plasmid,3,1,1,0,0,0,0,0,0,0,1,0,0,0,0,0,0,0,0,0,0,0,0,,Pseudomonadota,Betaproteobacteria,Burkholderiales,Comamonadaceae,Variovorax
GCF_016806145.1,NZ_CP063168.1,292938,Plasmid,1,0,0,0,0,0,0,0,0,0,0,0,0,0,0,0,0,0,0,0,0,0,1,,Pseudomonadota,Betaproteobacteria,Burkholderiales,Comamonadaceae,Variovorax
GCF_020628355.1,NZ_CP081460.1,135687,Plasmid,4,0,0,1,1,0,0,0,0,0,0,0,0,0,0,0,0,0,1,0,0,0,1,,Bacillota,Bacilli,Lactobacillales,Enterococcaceae,Vagococcus
GCF_020628555.1,NZ_CP081467.1,135254,Plasmid,4,0,0,1,1,0,0,0,0,0,0,0,0,0,0,0,0,0,1,0,0,0,1,,Bacillota,Bacilli,Lactobacillales,Enterococcaceae,Vagococcus
GCF_020628735.1,NZ_CP081473.1,135625,Plasmid,4,0,0,1,1,0,0,0,0,0,0,0,0,0,0,0,0,0,1,0,0,0,1,,Bacillota,Bacilli,Lactobacillales,Enterococcaceae,Vagococcus
GCF_022453845.1,NZ_CP092685.1,98516,Plasmid,1,0,0,0,0,0,0,0,1,0,0,0,0,0,0,0,0,0,0,0,0,0,0,,Pseudomonadota,Gammaproteobacteria,Vibrionales,Vibrionaceae,Vibrio
GCF_024442155.1,NZ_CP050465.1,2057352,Plasmid,15,1,0,0,0,4,0,1,2,0,0,3,1,0,0,0,2,0,0,0,1,0,0,,Pseudomonadota,Gammaproteobacteria,Vibrionales,Vibrionaceae,Vibrio
GCF_028743655.1,NZ_CP117990.1,110181,Plasmid,1,0,0,0,0,0,0,0,1,0,0,0,0,0,0,0,0,0,0,0,0,0,0,,Pseudomonadota,Gammaproteobacteria,Vibrionales,Vibrionaceae,Vibrio
GCF_029144185.1,NZ_CP110233.1,42431,Plasmid,2,0,0,0,0,0,0,0,0,0,1,0,1,0,0,0,0,0,0,0,0,0,0,,Bacillota,Bacilli,Lactobacillales,Enterococcaceae,Vagococcus
GCF_029144405.1,NZ_CP110241.1,42431,Plasmid,2,0,0,0,0,0,0,0,0,0,1,0,1,0,0,0,0,0,0,0,0,0,0,,Bacillota,Bacilli,Lactobacillales,Enterococcaceae,Vagococcus
GCF_033807855.1,NZ_CP138514.1,1192185,Plasmid,10,0,1,1,1,0,0,1,1,0,1,1,1,0,0,1,1,0,0,0,0,0,0,,Pseudomonadota,Betaproteobacteria,Burkholderiales,Comamonadaceae,Variovorax
GCF_040969975.1,NZ_CP162909.1,198667,Plasmid,1,0,0,0,0,0,0,0,0,0,0,0,0,0,0,0,1,0,0,0,0,0,0,,Pseudomonadota,Gammaproteobacteria,Vibrionales,Vibrionaceae,Vibrio
GCF_041154435.1,NZ_AP028662.1,1372437,Plasmid,2,0,0,0,0,0,0,0,0,1,0,0,1,0,0,0,0,0,0,0,0,0,0,,Pseudomonadota,Betaproteobacteria,Burkholderiales,Comamonadaceae,Variovorax
GCF_041154455.1,NZ_AP028665.1,1117550,Plasmid,20,1,2,1,1,1,1,0,2,1,1,2,1,1,0,1,1,1,1,1,0,0,0,,Pseudomonadota,Betaproteobacteria,Burkholderiales,Comamonadaceae,Variovorax
GCF_900637875.1,NZ_LR134445.1,67082,Plasmid,4,0,1,0,0,0,0,0,0,0,0,0,0,0,0,0,3,0,0,0,0,0,0,,Actinomycetota,Actinomycetes,Mycobacteriales,Tsukamurellaceae,Tsukamurella
GCF_900637875.1,NZ_LR134447.1,249745,Plasmid,1,0,0,0,0,0,0,0,0,0,0,1,0,0,0,0,0,0,0,0,0,0,0,,Actinomycetota,Actinomycetes,Mycobacteriales,Tsukamurellaceae,Tsukamurella
GCF_900637875.1,NZ_LR134449.1,67615,Plasmid,1,0,0,0,0,0,0,0,0,0,0,1,0,0,0,0,0,0,0,0,0,0,0,,Actinomycetota,Actinomycetes,Mycobacteriales,Tsukamurellaceae,Tsukamurella
GCF_900637875.1,NZ_LR134450.1,302005,Plasmid,28,1,4,0,1,1,0,2,0,1,2,1,1,1,1,4,3,1,1,1,2,0,0,,Actinomycetota,Actinomycetes,Mycobacteriales,Tsukamurellaceae,Tsukamurella
GCF_900637875.1,NZ_LR134451.1,415783,Plasmid,5,1,0,0,0,0,1,2,0,0,0,0,0,1,0,0,0,0,0,0,0,0,0,,Actinomycetota,Actinomycetes,Mycobacteriales,Tsukamurellaceae,Tsukamurella
GCF_900637875.1,NZ_LR134452.1,385671,Plasmid,6,0,1,0,0,0,0,0,1,1,0,1,1,0,0,1,0,0,0,0,0,0,0,,Actinomycetota,Actinomycetes,Mycobacteriales,Tsukamurellaceae,Tsukamurella
GCF_900637875.1,NZ_LR134456.1,402180,Plasmid,6,2,0,0,0,0,0,0,0,0,1,1,0,0,0,0,2,0,0,0,0,0,0,,Actinomycetota,Actinomycetes,Mycobacteriales,Tsukamurellaceae,Tsukamurella
GCF_900637875.1,NZ_LR134458.1,36752,Plasmid,1,0,0,0,0,0,0,0,1,0,0,0,0,0,0,0,0,0,0,0,0,0,0,,Actinomycetota,Actinomycetes,Mycobacteriales,Tsukamurellaceae,Tsukamurella
GCF_900637875.1,NZ_LR134459.1,238675,Plasmid,2,0,1,0,0,0,0,0,0,0,0,0,0,0,0,0,0,0,0,0,0,1,0,,Actinomycetota,Actinomycetes,Mycobacteriales,Tsukamurellaceae,Tsukamurella
GCF_900637875.1,NZ_LR134460.1,360013,Plasmid,3,0,0,1,0,0,0,0,0,0,1,0,0,0,0,0,0,0,0,0,1,0,0,,Actinomycetota,Actinomycetes,Mycobacteriales,Tsukamurellaceae,Tsukamurella
GCF_900637875.1,NZ_LR134464.1,224369,Plasmid,5,0,0,0,1,0,0,1,0,0,0,0,1,0,1,0,0,1,0,0,0,0,0,,Actinomycetota,Actinomycetes,Mycobacteriales,Tsukamurellaceae,Tsukamurella
GCF_900637875.1,NZ_LR134465.1,413529,Plasmid,7,1,1,0,0,0,1,0,0,0,0,0,0,1,0,0,0,1,1,1,0,0,0,,Actinomycetota,Actinomycetes,Mycobacteriales,Tsukamurellaceae,Tsukamurella
GCF_900637875.1,NZ_LR134469.1,153604,Plasmid,1,0,0,0,0,0,0,0,0,0,0,0,0,0,0,1,0,0,0,0,0,0,0,,Actinomycetota,Actinomycetes,Mycobacteriales,Tsukamurellaceae,Tsukamurella
GCF_901827155.1,NZ_LR594660.1,839194,Plasmid,49,2,4,1,2,1,2,1,3,1,2,5,3,2,2,3,4,3,2,2,2,0,2,,Pseudomonadota,Betaproteobacteria,Burkholderiales,Comamonadaceae,Variovorax
GCF_901827165.1,NZ_LR594667.1,801406,Plasmid,49,2,4,1,2,1,2,1,3,1,2,5,3,2,2,3,4,3,2,2,2,0,2,,Pseudomonadota,Betaproteobacteria,Burkholderiales,Comamonadaceae,Variovorax
GCF_901827175.1,NZ_LR594664.1,425299,Plasmid,26,1,3,1,1,1,1,1,2,1,1,2,0,2,1,1,4,1,1,1,0,0,0,,Pseudomonadota,Betaproteobacteria,Burkholderiales,Comamonadaceae,Variovorax
GCF_901827185.1,NZ_LR594672.1,801539,Plasmid,49,2,4,1,2,1,2,1,3,1,2,5,3,2,2,3,4,3,2,2,2,0,2,,Pseudomonadota,Betaproteobacteria,Burkholderiales,Comamonadaceae,Variovorax
GCF_901846895.1,NZ_LR594690.1,816468,Plasmid,43,2,2,1,0,1,2,0,3,1,2,5,3,2,2,3,4,3,2,2,2,0,1,,Pseudomonadota,Betaproteobacteria,Burkholderiales,Comamonadaceae,Variovorax
GCF_901846895.1,NZ_LR594691.1,565873,Plasmid,26,1,2,1,1,1,1,1,2,1,1,2,1,1,1,1,4,1,1,1,1,0,0,,Pseudomonadota,Betaproteobacteria,Burkholderiales,Comamonadaceae,Variovorax
GCF_001685465.1,NZ_CP016309.1,127447,Plasmid,1,0,0,0,0,0,0,0,1,0,0,0,0,0,0,0,0,0,0,0,0,0,0,,Pseudomonadota,Gammaproteobacteria,Vibrionales,Vibrionaceae,Vibrio
GCF_001687805.1,NZ_CP016416.1,127066,Plasmid,1,0,0,0,0,0,0,0,1,0,0,0,0,0,0,0,0,0,0,0,0,0,0,,Pseudomonadota,Gammaproteobacteria,Vibrionales,Vibrionaceae,Vibrio
GCF_002117205.1,NZ_CP015514.1,925374,Plasmid,85,3,4,6,3,3,3,3,3,2,4,7,7,9,4,3,6,5,2,5,2,0,1,,Pseudomonadota,Gammaproteobacteria,Vibrionales,Vibrionaceae,Vibrio
GCF_009363355.1,NZ_CP045339.1,1722714,Plasmid,13,1,0,0,0,4,0,1,2,0,0,2,1,0,0,0,1,0,0,0,1,0,0,,Pseudomonadota,Gammaproteobacteria,Vibrionales,Vibrionaceae,Vibrio
GCF_009363455.1,NZ_CP045356.1,1848699,Plasmid,5,0,0,0,0,2,0,0,1,0,0,1,0,0,0,0,1,0,0,0,0,0,0,,Pseudomonadota,Gammaproteobacteria,Vibrionales,Vibrionaceae,Vibrio
GCF_009676865.1,NZ_CP046066.1,1847800,Plasmid,5,0,0,0,0,2,0,0,1,0,0,1,0,0,0,0,1,0,0,0,0,0,0,,Pseudomonadota,Gammaproteobacteria,Vibrionales,Vibrionaceae,Vibrio
GCF_009708195.1,NZ_CP046163.1,1848698,Plasmid,5,0,0,0,0,2,0,0,1,0,0,1,0,0,0,0,1,0,0,0,0,0,0,,Pseudomonadota,Gammaproteobacteria,Vibrionales,Vibrionaceae,Vibrio
GCF_011306175.1,NZ_CP049914.1,599487,Plasmid,3,0,0,0,0,1,0,0,1,0,0,1,0,0,0,0,0,0,0,0,0,0,0,,Pseudomonadota,Gammaproteobacteria,Vibrionales,Vibrionaceae,Vibrio
GCF_025917705.1,NZ_CP097357.1,882852,Plasmid,86,2,4,6,3,3,4,2,3,2,4,8,7,6,4,4,9,4,3,5,2,0,1,,Pseudomonadota,Gammaproteobacteria,Vibrionales,Vibrionaceae,Vibrio
GCF_025920025.1,NZ_CP062152.1,882154,Plasmid,77,2,4,5,2,2,4,1,3,2,3,8,5,6,3,4,9,4,3,5,1,0,1,,Pseudomonadota,Gammaproteobacteria,Vibrionales,Vibrionaceae,Vibrio
GCF_025994915.1,NZ_AP026554.1,322993,Plasmid,1,1,0,0,0,0,0,0,0,0,0,0,0,0,0,0,0,0,0,0,0,0,0,,Pseudomonadota,Gammaproteobacteria,Vibrionales,Vibrionaceae,Vibrio
GCF_026970915.1,NZ_CP114197.1,104467,Plasmid,1,0,0,0,0,0,0,0,1,0,0,0,0,0,0,0,0,0,0,0,0,0,0,,Pseudomonadota,Gammaproteobacteria,Vibrionales,Vibrionaceae,Vibrio
GCF_038050815.1,NZ_CP150905.1,103092,Plasmid,1,0,0,0,0,0,0,0,1,0,0,0,0,0,0,0,0,0,0,0,0,0,0,,Pseudomonadota,Gammaproteobacteria,Vibrionales,Vibrionaceae,Vibrio
GCF_038050985.1,NZ_CP150912.1,103092,Plasmid,1,0,0,0,0,0,0,0,1,0,0,0,0,0,0,0,0,0,0,0,0,0,0,,Pseudomonadota,Gammaproteobacteria,Vibrionales,Vibrionaceae,Vibrio
GCF_038253855.1,NZ_CP141289.1,68360,Plasmid,1,0,0,0,0,0,0,0,0,0,0,1,0,0,0,0,0,0,0,0,0,0,0,,Pseudomonadota,Gammaproteobacteria,Vibrionales,Vibrionaceae,Vibrio
GCF_038741195.1,NZ_CP152365.1,103092,Plasmid,1,0,0,0,0,0,0,0,1,0,0,0,0,0,0,0,0,0,0,0,0,0,0,,Pseudomonadota,Gammaproteobacteria,Vibrionales,Vibrionaceae,Vibrio
GCF_040869025.1,NZ_CP134273.1,106009,Plasmid,1,0,0,0,0,0,0,0,1,0,0,0,0,0,0,0,0,0,0,0,0,0,0,,Pseudomonadota,Gammaproteobacteria,Vibrionales,Vibrionaceae,Vibrio
GCF_040957575.1,NZ_CP162602.1,874895,Plasmid,11,0,0,0,0,2,0,1,1,0,0,3,1,0,0,1,1,0,0,0,1,0,0,,Pseudomonadota,Gammaproteobacteria,Vibrionales,Vibrionaceae,Vibrio
GCF_045291255.1,NZ_CP134279.1,100413,Plasmid,1,0,0,0,0,0,0,0,1,0,0,0,0,0,0,0,0,0,0,0,0,0,0,,Pseudomonadota,Gammaproteobacteria,Vibrionales,Vibrionaceae,Vibrio
GCF_049810405.1,NZ_CP187391.1,794527,Plasmid,98,3,3,3,3,2,11,3,4,5,5,12,4,8,0,11,11,5,0,3,2,0,0,,Pseudomonadota,Gammaproteobacteria,Vibrionales,Vibrionaceae,Vibrio
GCF_024298605.1,NZ_CP101171.1,170110,Plasmid,1,0,0,0,0,0,0,0,0,0,1,0,0,0,0,0,0,0,0,0,0,0,0,,Pseudomonadota,Gammaproteobacteria,Lysobacterales,Lysobacteraceae,Xanthomonas
GCF_024298665.1,NZ_CP101179.1,186389,Plasmid,2,0,0,0,0,0,0,0,0,0,2,0,0,0,0,0,0,0,0,0,0,0,0,,Pseudomonadota,Gammaproteobacteria,Lysobacterales,Lysobacteraceae,Xanthomonas
GCF_028749805.1,NZ_CP066938.1,160365,Plasmid,1,0,0,0,0,0,0,0,0,0,1,0,0,0,0,0,0,0,0,0,0,0,0,,Pseudomonadota,Gammaproteobacteria,Lysobacterales,Lysobacteraceae,Xanthomonas
GCF_028749825.1,NZ_CP066940.1,146503,Plasmid,1,0,0,0,0,0,0,0,0,0,1,0,0,0,0,0,0,0,0,0,0,0,0,,Pseudomonadota,Gammaproteobacteria,Lysobacterales,Lysobacteraceae,Xanthomonas
GCF_028749885.1,NZ_CP066944.1,154345,Plasmid,1,0,0,0,0,0,0,0,0,0,1,0,0,0,0,0,0,0,0,0,0,0,0,,Pseudomonadota,Gammaproteobacteria,Lysobacterales,Lysobacteraceae,Xanthomonas
GCF_028750355.1,NZ_CP066973.1,160731,Plasmid,1,0,0,0,0,0,0,0,0,0,1,0,0,0,0,0,0,0,0,0,0,0,0,,Pseudomonadota,Gammaproteobacteria,Lysobacterales,Lysobacteraceae,Xanthomonas
GCF_028750395.1,NZ_CP066976.1,160731,Plasmid,1,0,0,0,0,0,0,0,0,0,1,0,0,0,0,0,0,0,0,0,0,0,0,,Pseudomonadota,Gammaproteobacteria,Lysobacterales,Lysobacteraceae,Xanthomonas
GCF_000009165.1,NC_007507.1,182572,Plasmid,1,0,0,0,0,0,0,0,0,0,1,0,0,0,0,0,0,0,0,0,0,0,0,,Pseudomonadota,Gammaproteobacteria,Lysobacterales,Lysobacteraceae,Xanthomonas
GCF_000009165.1,NC_007505.1,19146,Plasmid,1,0,0,0,0,0,0,0,0,0,1,0,0,0,0,0,0,0,0,0,0,0,0,,Pseudomonadota,Gammaproteobacteria,Lysobacterales,Lysobacteraceae,Xanthomonas
GCF_001908755.1,NZ_CP018729.1,211336,Plasmid,2,0,0,0,0,0,0,0,0,0,2,0,0,0,0,0,0,0,0,0,0,0,0,,Pseudomonadota,Gammaproteobacteria,Lysobacterales,Lysobacteraceae,Xanthomonas
GCF_001854165.1,NZ_CP017191.1,182571,Plasmid,1,0,0,0,0,0,0,0,0,0,1,0,0,0,0,0,0,0,0,0,0,0,0,,Pseudomonadota,Gammaproteobacteria,Lysobacterales,Lysobacteraceae,Xanthomonas
GCF_001854165.1,NZ_CP017193.1,19146,Plasmid,1,0,0,0,0,0,0,0,0,0,1,0,0,0,0,0,0,0,0,0,0,0,0,,Pseudomonadota,Gammaproteobacteria,Lysobacterales,Lysobacteraceae,Xanthomonas
GCF_001908775.1,NZ_CP018732.1,203385,Plasmid,1,0,0,0,0,0,0,0,0,0,1,0,0,0,0,0,0,0,0,0,0,0,0,,Pseudomonadota,Gammaproteobacteria,Lysobacterales,Lysobacteraceae,Xanthomonas
GCF_001908775.1,NZ_CP018733.1,61840,Plasmid,1,0,0,0,0,0,0,0,0,0,1,0,0,0,0,0,0,0,0,0,0,0,0,,Pseudomonadota,Gammaproteobacteria,Lysobacterales,Lysobacteraceae,Xanthomonas
GCF_001908795.1,NZ_CP018464.1,179490,Plasmid,1,0,0,0,0,0,0,0,0,0,1,0,0,0,0,0,0,0,0,0,0,0,0,,Pseudomonadota,Gammaproteobacteria,Lysobacterales,Lysobacteraceae,Xanthomonas
GCF_001908795.1,NZ_CP018463.1,167496,Plasmid,1,0,0,0,0,0,0,0,0,0,1,0,0,0,0,0,0,0,0,0,0,0,0,,Pseudomonadota,Gammaproteobacteria,Lysobacterales,Lysobacteraceae,Xanthomonas
GCF_001922045.1,NZ_CP018848.1,220688,Plasmid,2,0,0,0,0,0,0,0,0,0,2,0,0,0,0,0,0,0,0,0,0,0,0,,Pseudomonadota,Gammaproteobacteria,Lysobacterales,Lysobacteraceae,Xanthomonas
GCF_001922065.1,NZ_CP018855.1,211337,Plasmid,2,0,0,0,0,0,0,0,0,0,2,0,0,0,0,0,0,0,0,0,0,0,0,,Pseudomonadota,Gammaproteobacteria,Lysobacterales,Lysobacteraceae,Xanthomonas
GCF_001922105.1,NZ_CP018859.1,213737,Plasmid,2,0,0,0,0,0,0,0,0,0,2,0,0,0,0,0,0,0,0,0,0,0,0,,Pseudomonadota,Gammaproteobacteria,Lysobacterales,Lysobacteraceae,Xanthomonas
GCF_001922085.1,NZ_CP018851.1,213743,Plasmid,2,0,0,0,0,0,0,0,0,0,2,0,0,0,0,0,0,0,0,0,0,0,0,,Pseudomonadota,Gammaproteobacteria,Lysobacterales,Lysobacteraceae,Xanthomonas
GCF_002285515.1,NZ_CP016879.1,75655,Plasmid,1,0,0,0,0,0,0,0,0,0,1,0,0,0,0,0,0,0,0,0,0,0,0,,Pseudomonadota,Gammaproteobacteria,Lysobacterales,Lysobacteraceae,Xanthomonas
GCF_002288565.1,NZ_CP023158.1,26406,Plasmid,1,0,0,0,0,0,0,0,1,0,0,0,0,0,0,0,0,0,0,0,0,0,0,,Pseudomonadota,Gammaproteobacteria,Lysobacterales,Lysobacteraceae,Xanthomonas
GCF_002952295.1,NZ_CP023286.1,249703,Plasmid,2,0,0,0,0,0,0,0,0,0,2,0,0,0,0,0,0,0,0,0,0,0,0,,Pseudomonadota,Gammaproteobacteria,Lysobacterales,Lysobacteraceae,Xanthomonas
GCF_008370835.2,NZ_KR071788.1,53206,Plasmid,1,0,0,0,0,0,0,0,0,0,1,0,0,0,0,0,0,0,0,0,0,0,0,,Pseudomonadota,Gammaproteobacteria,Lysobacterales,Lysobacteraceae,Xanthomonas
GCF_008728175.1,NZ_CP031608.1,44015,Plasmid,1,0,0,0,0,0,0,0,0,0,1,0,0,0,0,0,0,0,0,0,0,0,0,,Pseudomonadota,Gammaproteobacteria,Lysobacterales,Lysobacteraceae,Xanthomonas
GCF_014338485.1,NZ_CP060400.1,57250,Plasmid,1,0,0,0,0,0,0,0,0,0,1,0,0,0,0,0,0,0,0,0,0,0,0,,Pseudomonadota,Gammaproteobacteria,Lysobacterales,Lysobacteraceae,Xanthomonas
GCF_019076985.1,NZ_CP075326.1,219560,Plasmid,1,0,0,0,0,0,0,0,0,0,1,0,0,0,0,0,0,0,0,0,0,0,0,,Pseudomonadota,Gammaproteobacteria,Lysobacterales,Lysobacteraceae,Xanthomonas
GCF_019434315.1,NZ_CP060000.1,137420,Plasmid,1,0,0,0,0,0,0,0,0,0,1,0,0,0,0,0,0,0,0,0,0,0,0,,Pseudomonadota,Gammaproteobacteria,Lysobacterales,Lysobacteraceae,Xanthomonas
GCF_019434315.1,NZ_CP060001.1,94653,Plasmid,1,0,0,0,0,0,0,0,0,0,1,0,0,0,0,0,0,0,0,0,0,0,0,,Pseudomonadota,Gammaproteobacteria,Lysobacterales,Lysobacteraceae,Xanthomonas
GCF_024499015.1,NZ_CP098605.1,93726,Plasmid,1,0,0,0,0,0,0,0,0,0,1,0,0,0,0,0,0,0,0,0,0,0,0,,Pseudomonadota,Gammaproteobacteria,Lysobacterales,Lysobacteraceae,Xanthomonas
GCF_024499285.1,NZ_CP101851.1,5549,Plasmid,2,1,0,0,0,0,0,0,0,0,1,0,0,0,0,0,0,0,0,0,0,0,0,,Pseudomonadota,Gammaproteobacteria,Lysobacterales,Lysobacteraceae,Xanthomonas
GCF_028370135.1,NZ_CP116673.1,188317,Plasmid,1,0,0,0,0,0,0,0,0,0,1,0,0,0,0,0,0,0,0,0,0,0,0,,Pseudomonadota,Gammaproteobacteria,Lysobacterales,Lysobacteraceae,Xanthomonas
GCF_028750055.1,NZ_CP066957.1,77746,Plasmid,2,0,0,0,0,0,0,0,0,0,2,0,0,0,0,0,0,0,0,0,0,0,0,,Pseudomonadota,Gammaproteobacteria,Lysobacterales,Lysobacteraceae,Xanthomonas
GCF_028750095.1,NZ_CP066960.1,78109,Plasmid,2,0,0,0,0,0,0,0,0,0,2,0,0,0,0,0,0,0,0,0,0,0,0,,Pseudomonadota,Gammaproteobacteria,Lysobacterales,Lysobacteraceae,Xanthomonas
GCF_033441615.1,NZ_CP103839.1,93849,Plasmid,1,0,0,0,0,0,0,0,0,0,1,0,0,0,0,0,0,0,0,0,0,0,0,,Pseudomonadota,Gammaproteobacteria,Lysobacterales,Lysobacteraceae,Xanthomonas
GCF_033441715.1,NZ_CP103843.1,189458,Plasmid,1,0,0,0,0,0,0,0,0,0,1,0,0,0,0,0,0,0,0,0,0,0,0,,Pseudomonadota,Gammaproteobacteria,Lysobacterales,Lysobacteraceae,Xanthomonas
GCF_033441905.1,NZ_CP103848.1,93844,Plasmid,1,0,0,0,0,0,0,0,0,0,1,0,0,0,0,0,0,0,0,0,0,0,0,,Pseudomonadota,Gammaproteobacteria,Lysobacterales,Lysobacteraceae,Xanthomonas
GCF_040202155.2,NZ_CP168174.1,155696,Plasmid,1,0,0,0,0,0,0,0,0,0,1,0,0,0,0,0,0,0,0,0,0,0,0,,Pseudomonadota,Gammaproteobacteria,Lysobacterales,Lysobacteraceae,Xanthomonas
GCF_040202175.2,NZ_CP168187.1,129445,Plasmid,1,0,0,0,0,0,0,0,0,0,1,0,0,0,0,0,0,0,0,0,0,0,0,,Pseudomonadota,Gammaproteobacteria,Lysobacterales,Lysobacteraceae,Xanthomonas
GCF_040202325.2,NZ_CP168183.1,129445,Plasmid,1,0,0,0,0,0,0,0,0,0,1,0,0,0,0,0,0,0,0,0,0,0,0,,Pseudomonadota,Gammaproteobacteria,Lysobacterales,Lysobacteraceae,Xanthomonas
GCF_040202555.2,NZ_CP168179.1,155696,Plasmid,1,0,0,0,0,0,0,0,0,0,1,0,0,0,0,0,0,0,0,0,0,0,0,,Pseudomonadota,Gammaproteobacteria,Lysobacterales,Lysobacteraceae,Xanthomonas
GCF_040202735.2,NZ_CP167828.1,254833,Plasmid,2,0,0,0,0,0,0,0,0,0,2,0,0,0,0,0,0,0,0,0,0,0,0,,Pseudomonadota,Gammaproteobacteria,Lysobacterales,Lysobacteraceae,Xanthomonas
GCF_040203145.2,NZ_CP168191.1,129445,Plasmid,1,0,0,0,0,0,0,0,0,0,1,0,0,0,0,0,0,0,0,0,0,0,0,,Pseudomonadota,Gammaproteobacteria,Lysobacterales,Lysobacteraceae,Xanthomonas
GCF_042448555.1,NZ_CP170253.1,166252,Plasmid,1,0,0,0,0,0,0,0,0,0,1,0,0,0,0,0,0,0,0,0,0,0,0,,Pseudomonadota,Gammaproteobacteria,Lysobacterales,Lysobacteraceae,Xanthomonas
GCF_045710645.1,NZ_CP155937.1,189888,Plasmid,1,0,0,0,0,0,0,0,0,0,1,0,0,0,0,0,0,0,0,0,0,0,0,,Pseudomonadota,Gammaproteobacteria,Lysobacterales,Lysobacteraceae,Xanthomonas
GCF_045723185.1,NZ_CP155995.1,193360,Plasmid,2,0,0,0,0,0,0,0,0,0,2,0,0,0,0,0,0,0,0,0,0,0,0,,Pseudomonadota,Gammaproteobacteria,Lysobacterales,Lysobacteraceae,Xanthomonas
GCF_903978195.1,NZ_LR828258.1,224704,Plasmid,1,0,0,0,0,0,0,0,0,0,1,0,0,0,0,0,0,0,0,0,0,0,0,,Pseudomonadota,Gammaproteobacteria,Lysobacterales,Lysobacteraceae,Xanthomonas
GCF_903978195.1,NZ_LR828260.1,41583,Plasmid,1,0,0,0,0,0,0,0,0,0,1,0,0,0,0,0,0,0,0,0,0,0,0,,Pseudomonadota,Gammaproteobacteria,Lysobacterales,Lysobacteraceae,Xanthomonas
GCF_903978215.1,NZ_LR828262.1,47388,Plasmid,2,0,0,0,0,0,0,0,0,0,2,0,0,0,0,0,0,0,0,0,0,0,0,,Pseudomonadota,Gammaproteobacteria,Lysobacterales,Lysobacteraceae,Xanthomonas
GCF_903978225.2,NZ_LR828254.1,211306,Plasmid,2,0,0,0,0,0,0,0,0,0,2,0,0,0,0,0,0,0,0,0,0,0,0,,Pseudomonadota,Gammaproteobacteria,Lysobacterales,Lysobacteraceae,Xanthomonas
GCF_000772715.2,NZ_CP034650.1,29258,Plasmid,1,0,0,0,0,0,0,0,0,0,0,0,0,0,0,0,0,1,0,0,0,0,0,,Pseudomonadota,Gammaproteobacteria,Lysobacterales,Lysobacteraceae,Xanthomonas
GCF_000815185.1,NZ_CP010410.1,508653,Plasmid,8,0,1,0,0,1,0,0,2,0,0,1,0,0,0,1,1,0,0,0,0,0,1,,Pseudomonadota,Gammaproteobacteria,Lysobacterales,Lysobacteraceae,Xanthomonas
GCF_001908725.1,NZ_CP018726.1,192558,Plasmid,1,0,0,0,0,0,0,0,0,0,1,0,0,0,0,0,0,0,0,0,0,0,0,,Pseudomonadota,Gammaproteobacteria,Lysobacterales,Lysobacteraceae,Xanthomonas
GCF_001908815.1,NZ_CP018468.1,201433,Plasmid,1,0,0,0,0,0,0,0,0,0,1,0,0,0,0,0,0,0,0,0,0,0,0,,Pseudomonadota,Gammaproteobacteria,Lysobacterales,Lysobacteraceae,Xanthomonas
GCF_015224665.2,NZ_CP062259.2,219560,Plasmid,1,0,0,0,0,0,0,0,0,0,1,0,0,0,0,0,0,0,0,0,0,0,0,,Pseudomonadota,Gammaproteobacteria,Lysobacterales,Lysobacteraceae,Xanthomonas
GCF_020084945.1,NZ_CP080588.1,53205,Plasmid,1,0,0,0,0,0,0,0,0,0,1,0,0,0,0,0,0,0,0,0,0,0,0,,Pseudomonadota,Gammaproteobacteria,Lysobacterales,Lysobacteraceae,Xanthomonas
GCF_040202535.2,NZ_CP167823.1,196315,Plasmid,1,0,0,0,0,0,0,0,0,0,1,0,0,0,0,0,0,0,0,0,0,0,0,,Pseudomonadota,Gammaproteobacteria,Lysobacterales,Lysobacteraceae,Xanthomonas
GCF_041475715.1,NZ_CP167845.1,202536,Plasmid,1,0,0,0,0,0,0,0,0,0,1,0,0,0,0,0,0,0,0,0,0,0,0,,Pseudomonadota,Gammaproteobacteria,Lysobacterales,Lysobacteraceae,Xanthomonas
