analysis,target,module,subcategory,feature_col,Code,included_in_target,removed_from_predictors,overlap_categories,exclusion_reason
cde_module,Replication,Replication,,1041,ANB,True,True,"[""Replication"",""Replication | DNA repair & recombination""]",target code excluded from predictors
cde_module,Replication,Replication,,1042,ANC,True,True,"[""Replication"",""Replication | DNA repair & recombination""]",target code excluded from predictors
cde_module,Replication,Replication,,1081,AOP,True,True,"[""Replication"",""Replication | DNA repair & recombination""]",target code excluded from predictors
cde_module,Replication,Replication,,1082,AOQ,True,True,"[""Replication"",""Replication | DNA repair & recombination""]",target code excluded from predictors
cde_module,Replication,Replication,,1084,AOS,True,True,"[""Replication"",""Replication | DNA repair & recombination""]",target code excluded from predictors
cde_module,Replication,Replication,,1085,AOT,True,True,"[""Replication"",""Replication | DNA repair & recombination""]",target code excluded from predictors
cde_module,Replication,Replication,,1086,AOU,True,True,"[""Replication"",""Replication | DNA repair & recombination""]",target code excluded from predictors
cde_module,Replication,Replication,,1087,AOV,True,True,"[""Replication"",""Replication | DNA repair & recombination""]",target code excluded from predictors
cde_module,Replication,Replication,,1095,APD,True,True,"[""Replication"",""Replication | DNA repair & recombination""]",target code excluded from predictors
cde_module,Replication,Replication,,1152,ARI,True,True,"[""Replication"",""Replication | Maintenance / Partition""]",target code excluded from predictors
cde_module,Replication,Replication,,1449,BCT,True,True,"[""Replication"",""Replication | DNA repair & recombination""]",target code excluded from predictors
cde_module,Replication,Replication,,2265,CID,True,True,"[""Replication"",""Replication | DNA repair & recombination""]",target code excluded from predictors
cde_module,Replication,Replication,,2276,CIO,True,True,"[""Replication"",""Replication | DNA repair & recombination""]",target code excluded from predictors
cde_module,Replication,Replication,,2286,CIY,True,True,"[""Replication"",""Replication | DNA repair & recombination""]",target code excluded from predictors
cde_module,Replication,Replication,,2287,CIZ,True,True,"[""Replication"",""Replication | DNA repair & recombination""]",target code excluded from predictors
cde_module,Replication,Replication,,2288,CJA,True,True,"[""Replication"",""Replication | DNA repair & recombination""]",target code excluded from predictors
cde_module,Replication,Replication,,2289,CJB,True,True,"[""Replication"",""Replication | DNA repair & recombination""]",target code excluded from predictors
cde_module,Replication,Replication,,2300,CJM,True,True,"[""Replication"",""Replication | Machinery / Elongation""]",target code excluded from predictors
cde_module,Replication,Replication,,2301,CJN,True,True,"[""Replication"",""Replication | Machinery / Elongation""]",target code excluded from predictors
cde_module,Replication,Replication,,2302,CJO,True,True,"[""Replication"",""Replication | Machinery / Elongation""]",target code excluded from predictors
cde_module,Replication,Replication,,2304,CJQ,True,True,"[""Replication"",""Replication | DNA repair & recombination""]",target code excluded from predictors
cde_module,Replication,Replication,,2306,CJS,True,True,"[""Replication"",""Replication | DNA repair & recombination""]",target code excluded from predictors
cde_module,Replication,Replication,,2307,CJT,True,True,"[""Replication"",""Replication | DNA repair & recombination""]",target code excluded from predictors
cde_module,Replication,Replication,,2308,CJU,True,True,"[""Replication"",""Replication | Machinery / Elongation""]",target code excluded from predictors
cde_module,Replication,Replication,,2309,CJV,True,True,"[""Replication"",""Replication | DNA repair & recombination""]",target code excluded from predictors
cde_module,Replication,Replication,,2310,CJW,True,True,"[""Replication"",""Replication | DNA repair & recombination""]",target code excluded from predictors
cde_module,Replication,Replication,,2311,CJX,True,True,"[""Replication"",""Replication | DNA repair & recombination""]",target code excluded from predictors
cde_module,Replication,Replication,,2312,CJY,True,True,"[""Replication"",""Replication | DNA repair & recombination""]",target code excluded from predictors
cde_module,Replication,Replication,,2317,CKD,True,True,"[""Replication"",""Replication | DNA repair & recombination""]",target code excluded from predictors
cde_module,Replication,Replication,,2318,CKE,True,True,"[""Replication"",""Replication | DNA repair & recombination""]",target code excluded from predictors
cde_module,Replication,Replication,,2319,CKF,True,True,"[""Replication"",""Replication | DNA repair & recombination""]",target code excluded from predictors
cde_module,Replication,Replication,,2328,CKO,True,True,"[""Replication"",""Replication | DNA repair & recombination""]",target code excluded from predictors
cde_module,Replication,Replication,,2329,CKP,True,True,"[""Replication"",""Replication | DNA repair & recombination""]",target code excluded from predictors
cde_module,Replication,Replication,,2331,CKR,True,True,"[""Replication"",""Replication | DNA repair & recombination""]",target code excluded from predictors
cde_module,Replication,Replication,,2332,CKS,True,True,"[""Replication"",""Replication | DNA repair & recombination""]",target code excluded from predictors
cde_module,Replication,Replication,,2347,CLH,True,True,"[""Replication"",""Replication | DNA repair & recombination""]",target code excluded from predictors
cde_module,Replication,Replication,,2349,CLJ,True,True,"[""Replication"",""Replication | DNA repair & recombination""]",target code excluded from predictors
cde_module,Replication,Replication,,2353,CLN,True,True,"[""Replication"",""Replication | Machinery / Elongation""]",target code excluded from predictors
cde_module,Replication,Replication,,2354,CLO,True,True,"[""Replication"",""Replication | Machinery / Elongation""]",target code excluded from predictors
cde_module,Replication,Replication,,2356,CLQ,True,True,"[""Replication"",""Replication | Machinery / Elongation""]",target code excluded from predictors
cde_module,Replication,Replication,,2357,CLR,True,True,"[""Replication"",""Replication | Machinery / Elongation""]",target code excluded from predictors
cde_module,Replication,Replication,,2358,CLS,True,True,"[""Replication"",""Replication | Machinery / Elongation""]",target code excluded from predictors
cde_module,Replication,Replication,,2359,CLT,True,True,"[""Replication"",""Replication | Machinery / Elongation""]",target code excluded from predictors
cde_module,Replication,Replication,,2360,CLU,True,True,"[""Replication"",""Replication | Machinery / Elongation""]",target code excluded from predictors
cde_module,Replication,Replication,,2363,CLX,True,True,"[""Replication"",""Replication | Machinery / Elongation""]",target code excluded from predictors
cde_module,Replication,Replication,,2365,CLZ,True,True,"[""Replication"",""Replication | Machinery / Elongation""]",target code excluded from predictors
cde_module,Replication,Replication,,2367,CMB,True,True,"[""Replication"",""Replication | Machinery / Elongation""]",target code excluded from predictors
cde_module,Replication,Replication,,2369,CMD,True,True,"[""Replication"",""Replication | DNA repair & recombination""]",target code excluded from predictors
cde_module,Replication,Replication,,2370,CME,True,True,"[""Replication"",""Replication | DNA repair & recombination""]",target code excluded from predictors
cde_module,Replication,Replication,,2371,CMF,True,True,"[""Replication"",""Replication | DNA repair & recombination""]",target code excluded from predictors
cde_module,Replication,Replication,,2373,CMH,True,True,"[""Replication"",""Replication | DNA repair & recombination""]",target code excluded from predictors
cde_module,Replication,Replication,,2374,CMI,True,True,"[""Replication"",""Replication | DNA repair & recombination""]",target code excluded from predictors
cde_module,Replication,Replication,,2376,CMK,True,True,"[""Replication"",""Replication | DNA repair & recombination""]",target code excluded from predictors
cde_module,Replication,Replication,,2377,CML,True,True,"[""Replication"",""Replication | DNA repair & recombination""]",target code excluded from predictors
cde_module,Replication,Replication,,2379,CMN,True,True,"[""Replication"",""Replication | DNA repair & recombination""]",target code excluded from predictors
cde_module,Replication,Replication,,2380,CMO,True,True,"[""Replication"",""Replication | DNA repair & recombination""]",target code excluded from predictors
cde_module,Replication,Replication,,2381,CMP,True,True,"[""Replication"",""Replication | DNA repair & recombination""]",target code excluded from predictors
cde_module,Replication,Replication,,2383,CMR,True,True,"[""Replication"",""Replication | DNA repair & recombination""]",target code excluded from predictors
cde_module,Replication,Replication,,2384,CMS,True,True,"[""Replication"",""Replication | Machinery / Elongation""]",target code excluded from predictors
cde_module,Replication,Replication,,2388,CMW,True,True,"[""Replication"",""Replication | DNA repair & recombination""]",target code excluded from predictors
cde_module,Replication,Replication,,2389,CMX,True,True,"[""Replication"",""Replication | Machinery / Elongation""]",target code excluded from predictors
cde_module,Replication,Replication,,2390,CMY,True,True,"[""Replication"",""Replication | Machinery / Elongation""]",target code excluded from predictors
cde_module,Replication,Replication,,2391,CMZ,True,True,"[""Replication"",""Replication | Machinery / Elongation""]",target code excluded from predictors
cde_module,Replication,Replication,,2392,CNA,True,True,"[""Replication"",""Replication | Machinery / Elongation""]",target code excluded from predictors
cde_module,Replication,Replication,,2393,CNB,True,True,"[""Replication"",""Replication | Machinery / Elongation""]",target code excluded from predictors
cde_module,Replication,Replication,,2396,CNE,True,True,"[""Replication"",""Replication | Machinery / Elongation""]",target code excluded from predictors
cde_module,Replication,Replication,,2397,CNF,True,True,"[""Replication"",""Replication | Machinery / Elongation""]",target code excluded from predictors
cde_module,Replication,Replication,,2401,CNJ,True,True,"[""Replication"",""Replication | DNA repair & recombination""]",target code excluded from predictors
cde_module,Replication,Replication,,2402,CNK,True,True,"[""Replication"",""Replication | DNA repair & recombination""]",target code excluded from predictors
cde_module,Replication,Replication,,2403,CNL,True,True,"[""Replication"",""Replication | DNA repair & recombination""]",target code excluded from predictors
cde_module,Replication,Replication,,2404,CNM,True,True,"[""Replication"",""Replication | DNA repair & recombination""]",target code excluded from predictors
cde_module,Replication,Replication,,2407,CNP,True,True,"[""Replication"",""Replication | DNA repair & recombination""]",target code excluded from predictors
cde_module,Replication,Replication,,2408,CNQ,True,True,"[""Replication"",""Replication | DNA repair & recombination""]",target code excluded from predictors
cde_module,Replication,Replication,,2409,CNR,True,True,"[""Replication"",""Replication | DNA repair & recombination""]",target code excluded from predictors
cde_module,Replication,Replication,,2410,CNS,True,True,"[""Replication"",""Replication | DNA repair & recombination""]",target code excluded from predictors
cde_module,Replication,Replication,,2411,CNT,True,True,"[""Replication"",""Replication | DNA repair & recombination""]",target code excluded from predictors
cde_module,Replication,Replication,,2412,CNU,True,True,"[""Replication"",""Replication | DNA repair & recombination""]",target code excluded from predictors
cde_module,Replication,Replication,,2413,CNV,True,True,"[""Replication"",""Replication | DNA repair & recombination""]",target code excluded from predictors
cde_module,Replication,Replication,,2414,CNW,True,True,"[""Replication"",""Replication | DNA repair & recombination""]",target code excluded from predictors
cde_module,Replication,Replication,,2415,CNX,True,True,"[""Replication"",""Replication | DNA repair & recombination""]",target code excluded from predictors
cde_module,Replication,Replication,,2416,CNY,True,True,"[""Replication"",""Replication | DNA repair & recombination""]",target code excluded from predictors
cde_module,Replication,Replication,,2417,CNZ,True,True,"[""Replication"",""Replication | DNA repair & recombination""]",target code excluded from predictors
cde_module,Replication,Replication,,2418,COA,True,True,"[""Replication"",""Replication | DNA repair & recombination""]",target code excluded from predictors
cde_module,Replication,Replication,,2419,COB,True,True,"[""Replication"",""Replication | DNA repair & recombination""]",target code excluded from predictors
cde_module,Replication,Replication,,2420,COC,True,True,"[""Replication"",""Replication | DNA repair & recombination""]",target code excluded from predictors
cde_module,Replication,Replication,,2421,COD,True,True,"[""Replication"",""Replication | DNA repair & recombination""]",target code excluded from predictors
cde_module,Replication,Replication,,2422,COE,True,True,"[""Replication"",""Replication | DNA repair & recombination""]",target code excluded from predictors
cde_module,Replication,Replication,,2424,COG,True,True,"[""Replication"",""Replication | Replication Initiator""]",target code excluded from predictors
cde_module,Replication,Replication,,2425,COH,True,True,"[""Replication"",""Replication | DNA repair & recombination""]",target code excluded from predictors
cde_module,Replication,Replication,,2427,COJ,True,True,"[""Replication"",""Replication | Replication Initiator""]",target code excluded from predictors
cde_module,Replication,Replication,,2428,COK,True,True,"[""Replication"",""Replication | Machinery / Elongation""]",target code excluded from predictors
cde_module,Replication,Replication,,2429,COL,True,True,"[""Replication"",""Replication | Replication Initiator""]",target code excluded from predictors
cde_module,Replication,Replication,,2430,COM,True,True,"[""Replication"",""Replication | Replication Initiator""]",target code excluded from predictors
cde_module,Replication,Replication,,2431,CON,True,True,"[""Replication"",""Replication | Replication Initiator""]",target code excluded from predictors
cde_module,Replication,Replication,,2433,COP,True,True,"[""Replication"",""Replication | DNA repair & recombination""]",target code excluded from predictors
cde_module,Replication,Replication,,2445,CPB,True,True,"[""Replication"",""Replication | Machinery / Elongation""]",target code excluded from predictors
cde_module,Replication,Replication,,2446,CPC,True,True,"[""Replication"",""Replication | Machinery / Elongation""]",target code excluded from predictors
cde_module,Replication,Replication,,2447,CPD,True,True,"[""Replication"",""Replication | Machinery / Elongation""]",target code excluded from predictors
cde_module,Replication,Replication,,2448,CPE,True,True,"[""Replication"",""Replication | Machinery / Elongation""]",target code excluded from predictors
cde_module,Replication,Replication,,2449,CPF,True,True,"[""Replication"",""Replication | Machinery / Elongation""]",target code excluded from predictors
cde_module,Replication,Replication,,2450,CPG,True,True,"[""Replication"",""Replication | Machinery / Elongation""]",target code excluded from predictors
cde_module,Replication,Replication,,2451,CPH,True,True,"[""Replication"",""Replication | Machinery / Elongation""]",target code excluded from predictors
cde_module,Replication,Replication,,2452,CPI,True,True,"[""Replication"",""Replication | Machinery / Elongation""]",target code excluded from predictors
cde_module,Replication,Replication,,2453,CPJ,True,True,"[""Replication"",""Replication | Machinery / Elongation""]",target code excluded from predictors
cde_module,Replication,Replication,,2454,CPK,True,True,"[""Replication"",""Replication | Machinery / Elongation""]",target code excluded from predictors
cde_module,Replication,Replication,,2455,CPL,True,True,"[""Replication"",""Replication | Machinery / Elongation""]",target code excluded from predictors
cde_module,Replication,Replication,,2456,CPM,True,True,"[""Replication"",""Replication | Machinery / Elongation""]",target code excluded from predictors
cde_module,Replication,Replication,,2457,CPN,True,True,"[""Replication"",""Replication | Machinery / Elongation""]",target code excluded from predictors
cde_module,Replication,Replication,,2458,CPO,True,True,"[""Replication"",""Replication | Machinery / Elongation""]",target code excluded from predictors
cde_module,Replication,Replication,,2459,CPP,True,True,"[""Replication"",""Replication | DNA repair & recombination""]",target code excluded from predictors
cde_module,Replication,Replication,,2460,CPQ,True,True,"[""Replication"",""Replication | DNA repair & recombination""]",target code excluded from predictors
cde_module,Replication,Replication,,2461,CPR,True,True,"[""Replication"",""Replication | DNA repair & recombination""]",target code excluded from predictors
cde_module,Replication,Replication,,2555,CTH,True,True,"[""Replication"",""Replication | DNA repair & recombination""]",target code excluded from predictors
cde_module,Replication,Replication,,2588,CUO,True,True,"[""Replication"",""Replication | Replication Initiator""]",target code excluded from predictors
cde_module,Replication,Replication,,6373,IKD,True,True,"[""Replication"",""Replication | Machinery / Elongation""]",target code excluded from predictors
cde_module,Replication,Replication,,6375,IKF,True,True,"[""Replication"",""Replication | Machinery / Elongation""]",target code excluded from predictors
cde_module,Replication,Replication,,6376,IKG,True,True,"[""Replication"",""Replication | Machinery / Elongation""]",target code excluded from predictors
cde_module,Replication,Replication,,7454,JZS,True,True,"[""Replication"",""Replication | DNA repair & recombination""]",target code excluded from predictors
cde_module,Replication,Replication,,7497,KBJ,True,True,"[""Replication"",""Replication | DNA repair & recombination""]",target code excluded from predictors
cde_module,Replication,Replication,,9256,MRA,True,True,"[""Replication"",""Replication | Replication Initiator""]",target code excluded from predictors
cde_module,Replication,Replication,,9267,MRL,True,True,"[""Replication"",""Replication | Replication Initiator""]",target code excluded from predictors
cde_module,Replication,Replication,,9285,MSD,True,True,"[""Replication"",""Replication | Replication Initiator""]",target code excluded from predictors
cde_module,Replication,Replication,,9286,MSE,True,True,"[""Replication"",""Replication | Replication Initiator""]",target code excluded from predictors
cde_module,Replication,Replication,,9941,NRJ,True,True,"[""Replication"",""Replication | Machinery / Elongation""]",target code excluded from predictors
cde_module,Replication,Replication,,10182,OAQ,True,True,"[""Replication"",""Replication | DNA repair & recombination""]",target code excluded from predictors
cde_module,Replication,Replication,,10210,OBS,True,True,"[""Replication"",""Replication | Replication Initiator""]",target code excluded from predictors
cde_module,Replication,Replication,,10294,OEY,True,True,"[""Replication"",""Replication | DNA repair & recombination""]",target code excluded from predictors
cde_module,Replication,Replication,,10505,ONB,True,True,"[""Replication"",""Replication | DNA repair & recombination""]",target code excluded from predictors
cde_module,Replication,Replication,,10506,ONC,True,True,"[""Replication"",""Replication | DNA repair & recombination""]",target code excluded from predictors
cde_module,Replication,Replication,,10507,OND,True,True,"[""Replication"",""Replication | DNA repair & recombination""]",target code excluded from predictors
cde_module,Replication,Replication,,10943,PDX,True,True,"[""Replication"",""Replication | Replication Initiator""]",target code excluded from predictors
cde_module,Replication,Replication,,11378,PUQ,True,True,"[""Replication"",""Replication | Maintenance / Partition""]",target code excluded from predictors
cde_module,Replication,Replication,,11379,PUR,True,True,"[""Replication"",""Replication | Maintenance / Partition""]",target code excluded from predictors
cde_module,Replication,Replication,,11386,PUY,True,True,"[""Replication"",""Replication | Maintenance / Partition""]",target code excluded from predictors
cde_module,Replication,Replication,,11387,PUZ,True,True,"[""Replication"",""Replication | Maintenance / Partition""]",target code excluded from predictors
cde_module,Replication,Replication,,11390,PVC,True,True,"[""Replication"",""Replication | Maintenance / Partition""]",target code excluded from predictors
cde_module,Replication,Replication,,11513,PZV,True,True,"[""Replication"",""Replication | Machinery / Elongation""]",target code excluded from predictors
cde_module,Replication,Replication,,11725,QHZ,True,True,"[""Replication"",""Replication | DNA repair & recombination""]",target code excluded from predictors
cde_module,Replication,Replication,,11779,QKB,True,True,"[""Replication"",""Replication | DNA repair & recombination""]",target code excluded from predictors
cde_module,Replication,Replication,,11780,QKC,True,True,"[""Replication"",""Replication | DNA repair & recombination""]",target code excluded from predictors
cde_module,Replication,Replication,,11807,QLD,True,True,"[""Replication"",""Replication | DNA repair & recombination""]",target code excluded from predictors
cde_module,Replication,Replication,,11812,QLI,True,True,"[""Replication"",""Replication | DNA repair & recombination""]",target code excluded from predictors
cde_module,Replication,Replication,,11818,QLO,True,True,"[""Replication"",""Replication | DNA repair & recombination""]",target code excluded from predictors
cde_module,Replication,Replication,,11826,QLW,True,True,"[""Replication"",""Replication | Replication Initiator""]",target code excluded from predictors
cde_module,Replication,Replication,,11827,QLX,True,True,"[""Replication"",""Replication | Replication Initiator""]",target code excluded from predictors
cde_module,Replication,Replication,,11828,QLY,True,True,"[""Replication"",""Replication | Replication Initiator""]",target code excluded from predictors
cde_module,Replication,Replication,,11829,QLZ,True,True,"[""Replication"",""Replication | Replication Initiator""]",target code excluded from predictors
cde_module,Replication,Replication,,11830,QMA,True,True,"[""Replication"",""Replication | Replication Initiator""]",target code excluded from predictors
cde_module,Replication,Replication,,11831,QMB,True,True,"[""Replication"",""Replication | Replication Initiator""]",target code excluded from predictors
cde_module,Replication,Replication,,11832,QMC,True,True,"[""Replication"",""Replication | Replication Initiator""]",target code excluded from predictors
cde_module,Replication,Replication,,11833,QMD,True,True,"[""Replication"",""Replication | Replication Initiator""]",target code excluded from predictors
cde_module,Replication,Replication,,11834,QME,True,True,"[""Replication"",""Replication | Replication Initiator""]",target code excluded from predictors
cde_module,Replication,Replication,,11835,QMF,True,True,"[""Replication"",""Replication | Replication Initiator""]",target code excluded from predictors
cde_module,Replication,Replication,,11836,QMG,True,True,"[""Replication"",""Replication | Replication Initiator""]",target code excluded from predictors
cde_module,Replication,Replication,,11837,QMH,True,True,"[""Replication"",""Replication | Replication Initiator""]",target code excluded from predictors
cde_module,Replication,Replication,,11838,QMI,True,True,"[""Replication"",""Replication | Replication Initiator""]",target code excluded from predictors
cde_module,Replication,Replication,,11839,QMJ,True,True,"[""Replication"",""Replication | Replication Initiator""]",target code excluded from predictors
cde_module,Replication,Replication,,11840,QMK,True,True,"[""Replication"",""Replication | Replication Initiator""]",target code excluded from predictors
cde_module,Replication,Replication,,11841,QML,True,True,"[""Replication"",""Replication | Replication Initiator""]",target code excluded from predictors
cde_module,Replication,Replication,,11842,QMM,True,True,"[""Replication"",""Replication | Replication Initiator""]",target code excluded from predictors
cde_module,Replication,Replication,,11843,QMN,True,True,"[""Replication"",""Replication | Replication Initiator""]",target code excluded from predictors
cde_module,Replication,Replication,,11844,QMO,True,True,"[""Replication"",""Replication | Replication Initiator""]",target code excluded from predictors
cde_module,Replication,Replication,,11845,QMP,True,True,"[""Replication"",""Replication | Replication Initiator""]",target code excluded from predictors
cde_module,Replication,Replication,,11846,QMQ,True,True,"[""Replication"",""Replication | Replication Initiator""]",target code excluded from predictors
cde_module,Replication,Replication,,11847,QMR,True,True,"[""Replication"",""Replication | Replication Initiator""]",target code excluded from predictors
cde_module,Replication,Replication,,11849,QMT,True,True,"[""Replication"",""Replication | Replication Initiator""]",target code excluded from predictors
cde_module,Replication,Replication,,11917,QPJ,True,True,"[""Replication"",""Replication | DNA repair & recombination""]",target code excluded from predictors
cde_module,Replication,Replication,,12129,QXN,True,True,"[""Replication"",""Replication | DNA repair & recombination""]",target code excluded from predictors
cde_module,Replication,Replication,,12183,QZP,True,True,"[""Replication"",""Replication | DNA repair & recombination""]",target code excluded from predictors
cde_module,Replication,Replication,,12192,QZY,True,True,"[""Replication"",""Replication | DNA repair & recombination""]",target code excluded from predictors
cde_module,Replication,Replication,,12253,RCH,True,True,"[""Replication"",""Replication | Machinery / Elongation""]",target code excluded from predictors
cde_module,Replication,Replication,,12297,RDZ,True,True,"[""Replication"",""Replication | Replication Initiator""]",target code excluded from predictors
cde_module,Replication,Replication,,12792,RXA,True,True,"[""Replication"",""Replication | DNA repair & recombination""]",target code excluded from predictors
cde_module,Replication,Replication,,13177,SLV,True,True,"[""Replication"",""Replication | Replication Initiator""]",target code excluded from predictors
cde_module,Replication,Replication,,13307,SQV,True,True,"[""Replication"",""Replication | DNA repair & recombination""]",target code excluded from predictors
cde_module,Replication,Replication,,13308,SQW,True,True,"[""Replication"",""Replication | DNA repair & recombination""]",target code excluded from predictors
cde_module,Replication,Replication,,13338,SSA,True,True,"[""Replication"",""Replication | DNA repair & recombination""]",target code excluded from predictors
cde_module,Replication,Replication,,13340,SSC,True,True,"[""Replication"",""Replication | DNA repair & recombination""]",target code excluded from predictors
cde_module,Replication,Replication,,13341,SSD,True,True,"[""Replication"",""Replication | DNA repair & recombination""]",target code excluded from predictors
cde_module,Replication,Replication,,13342,SSE,True,True,"[""Replication"",""Replication | DNA repair & recombination""]",target code excluded from predictors
cde_module,Replication,Replication,,13343,SSF,True,True,"[""Replication"",""Replication | DNA repair & recombination""]",target code excluded from predictors
cde_module,Replication,Replication,,13367,STD,True,True,"[""Replication"",""Replication | DNA repair & recombination""]",target code excluded from predictors
cde_module,Replication,Replication,,13368,STE,True,True,"[""Replication"",""Replication | DNA repair & recombination""]",target code excluded from predictors
cde_module,Replication,Replication,,14122,TWE,True,True,"[""Replication"",""Replication | DNA repair & recombination""]",target code excluded from predictors
cde_module,Replication,Replication,,14564,UNE,True,True,"[""Replication"",""Replication | DNA repair & recombination""]",target code excluded from predictors
cde_module,Replication,Replication,,15639,WCN,True,True,"[""Replication"",""Replication | Machinery / Elongation""]",target code excluded from predictors
cde_module,Replication,Replication,,15650,WCY,True,True,"[""Replication"",""Replication | DNA repair & recombination""]",target code excluded from predictors
cde_module,Replication,Replication,,15812,WJE,True,True,"[""Replication"",""Replication | DNA repair & recombination""]",target code excluded from predictors
cde_module,Replication,Replication,,15832,WJY,True,True,"[""Replication"",""Replication | Machinery / Elongation""]",target code excluded from predictors
cde_module,Replication,Replication,,16025,WRJ,True,True,"[""Replication"",""Replication | DNA repair & recombination""]",target code excluded from predictors
cde_module,Replication,Replication,,16428,XGW,True,True,"[""Replication"",""Replication | Machinery / Elongation""]",target code excluded from predictors
cde_module,Replication,Replication,,16817,XVV,True,True,"[""Replication"",""Replication | Replication Initiator""]",target code excluded from predictors
cde_module,Replication,Replication,,16820,XVY,True,True,"[""Replication"",""Replication | Maintenance / Partition""]",target code excluded from predictors
cde_module,Replication,Replication,,16821,XVZ,True,True,"[""Replication"",""Replication | Maintenance / Partition""]",target code excluded from predictors
cde_module,Replication,Replication,,16822,XWA,True,True,"[""Replication"",""Replication | Maintenance / Partition""]",target code excluded from predictors
cde_module,Replication,Replication,,16823,XWB,True,True,"[""Replication"",""Replication | Maintenance / Partition""]",target code excluded from predictors
cde_module,Replication,Replication,,16824,XWC,True,True,"[""Replication"",""Replication | Maintenance / Partition""]",target code excluded from predictors
cde_module,Replication,Replication,,16825,XWD,True,True,"[""Replication"",""Replication | Maintenance / Partition""]",target code excluded from predictors
cde_module,Replication,Replication,,16826,XWE,True,True,"[""Replication"",""Replication | Maintenance / Partition""]",target code excluded from predictors
cde_module,Replication,Replication,,16827,XWF,True,True,"[""Replication"",""Replication | Maintenance / Partition""]",target code excluded from predictors
cde_module,Replication,Replication,,16828,XWG,True,True,"[""Replication"",""Replication | Maintenance / Partition""]",target code excluded from predictors
cde_module,Replication,Replication,,17465,YUT,True,True,"[""Replication"",""Replication | DNA repair & recombination""]",target code excluded from predictors
cde_module,Replication,Replication,,17466,YUU,True,True,"[""Replication"",""Replication | DNA repair & recombination""]",target code excluded from predictors
cde_module,Replication,Replication,,18140,ZUS,True,True,"[""Replication"",""Replication | Maintenance / Partition""]",target code excluded from predictors
cde_module,Replication,Replication,,18156,ZVI,True,True,"[""Replication"",""Replication | DNA repair & recombination""]",target code excluded from predictors
cde_module,Replication,Replication,,18157,ZVJ,True,True,"[""Replication"",""Replication | DNA repair & recombination""]",target code excluded from predictors
cde_module,Replication,Replication,,18705,AAQL,True,True,"[""Replication"",""Replication | DNA repair & recombination""]",target code excluded from predictors
cde_module,Replication,Replication,,18887,AAXL,True,True,"[""Replication"",""Replication | Replication Initiator""]",target code excluded from predictors
cde_module,Replication,Replication,,20038,ACPS,True,True,"[""Replication"",""Replication | Replication Initiator""]",target code excluded from predictors
cde_module,Replication,Replication,,20509,ADHV,True,True,"[""Replication"",""Replication | Replication Initiator""]",target code excluded from predictors
cde_module,Replication,Replication,,20578,ADKM,True,True,"[""Replication"",""Replication | Replication Initiator""]",target code excluded from predictors
cde_module,Replication,Replication,,20946,ADYQ,True,True,"[""Replication"",""Replication | Replication Initiator""]",target code excluded from predictors
cde_module,Replication,Replication,,20984,AEAC,True,True,"[""Replication"",""Replication | DNA repair & recombination""]",target code excluded from predictors
cde_module,Replication,Replication,,20985,AEAD,True,True,"[""Replication"",""Replication | DNA repair & recombination""]",target code excluded from predictors
cde_module,Replication,Replication,,20986,AEAE,True,True,"[""Replication"",""Replication | DNA repair & recombination""]",target code excluded from predictors
cde_module,Replication,Replication,,21245,AEKD,True,True,"[""Replication"",""Replication | Replication Initiator""]",target code excluded from predictors
cde_module,Replication,Replication,,22412,AGDA,True,True,"[""Replication"",""Replication | DNA repair & recombination""]",target code excluded from predictors
cde_module,Replication,Replication,,22494,AGGE,True,True,"[""Replication"",""Replication | DNA repair & recombination""]",target code excluded from predictors
cde_module,Replication,Replication,,22513,AGGX,True,True,"[""Replication"",""Replication | DNA repair & recombination""]",target code excluded from predictors
cde_module,Replication,Replication,,22586,AGJS,True,True,"[""Replication"",""Replication | Replication Initiator""]",target code excluded from predictors
cde_module,Replication,Replication,,22599,AGKF,True,True,"[""Replication"",""Replication | Replication Initiator""]",target code excluded from predictors
cde_module,Replication,Replication,,22787,AGRL,True,True,"[""Replication"",""Replication | Maintenance / Partition""]",target code excluded from predictors
cde_module,Replication,Replication,,22788,AGRM,True,True,"[""Replication"",""Replication | Maintenance / Partition""]",target code excluded from predictors
cde_module,Replication,Replication,,22789,AGRN,True,True,"[""Replication"",""Replication | Maintenance / Partition""]",target code excluded from predictors
cde_module,Replication,Replication,,22790,AGRO,True,True,"[""Replication"",""Replication | Maintenance / Partition""]",target code excluded from predictors
cde_module,Replication,Replication,,23066,AHCE,True,True,"[""Replication"",""Replication | DNA repair & recombination""]",target code excluded from predictors
cde_module,Replication,Replication,,23160,AHFU,True,True,"[""Replication"",""Replication | DNA repair & recombination""]",target code excluded from predictors
cde_module,Replication,Replication,,23165,AHFZ,True,True,"[""Replication"",""Replication | Replication Initiator""]",target code excluded from predictors
cde_module,Replication,Replication,,23166,AHGA,True,True,"[""Replication"",""Replication | Replication Initiator""]",target code excluded from predictors
cde_module,Replication,Replication,,23168,AHGC,True,True,"[""Replication"",""Replication | Replication Initiator""]",target code excluded from predictors
cde_module,Replication,Replication,,23240,AHIW,True,True,"[""Replication"",""Replication | Replication Initiator""]",target code excluded from predictors
cde_module,Replication,Replication,,23241,AHIX,True,True,"[""Replication"",""Replication | Replication Initiator""]",target code excluded from predictors
cde_module,Replication,Replication,,23242,AHIY,True,True,"[""Replication"",""Replication | Replication Initiator""]",target code excluded from predictors
cde_module,Replication,Replication,,23250,AHJG,True,True,"[""Replication"",""Replication | Replication Initiator""]",target code excluded from predictors
cde_module,Replication,Replication,,23738,AICA,True,True,"[""Replication"",""Replication | Maintenance / Partition""]",target code excluded from predictors
cde_module,Replication,Replication,,23739,AICB,True,True,"[""Replication"",""Replication | Maintenance / Partition""]",target code excluded from predictors
cde_module,Replication,Replication,,23740,AICC,True,True,"[""Replication"",""Replication | Maintenance / Partition""]",target code excluded from predictors
cde_module,Replication,Replication,,23741,AICD,True,True,"[""Replication"",""Replication | Maintenance / Partition""]",target code excluded from predictors
cde_module,Replication,Replication,,23742,AICE,True,True,"[""Replication"",""Replication | Maintenance / Partition""]",target code excluded from predictors
cde_module,Replication,Replication,,23743,AICF,True,True,"[""Replication"",""Replication | Maintenance / Partition""]",target code excluded from predictors
cde_module,Replication,Replication,,23744,AICG,True,True,"[""Replication"",""Replication | Maintenance / Partition""]",target code excluded from predictors
cde_module,Replication,Replication,,23745,AICH,True,True,"[""Replication"",""Replication | Maintenance / Partition""]",target code excluded from predictors
cde_module,Replication,Replication,,23746,AICI,True,True,"[""Replication"",""Replication | Maintenance / Partition""]",target code excluded from predictors
cde_module,Replication,Replication,,23747,AICJ,True,True,"[""Replication"",""Replication | Maintenance / Partition""]",target code excluded from predictors
cde_module,Replication,Replication,,23748,AICK,True,True,"[""Replication"",""Replication | Maintenance / Partition""]",target code excluded from predictors
cde_module,Replication,Replication,,23749,AICL,True,True,"[""Replication"",""Replication | Maintenance / Partition""]",target code excluded from predictors
cde_module,Replication,Replication,,23751,AICN,True,True,"[""Replication"",""Replication | DNA repair & recombination""]",target code excluded from predictors
cde_module,Replication,Replication,,23752,AICO,True,True,"[""Replication"",""Replication | DNA repair & recombination""]",target code excluded from predictors
cde_module,Replication,Replication,,23754,AICQ,True,True,"[""Replication"",""Replication | Replication Initiator""]",target code excluded from predictors
cde_module,Replication,Replication,,23755,AICR,True,True,"[""Replication"",""Replication | Replication Initiator""]",target code excluded from predictors
cde_module,Replication,Replication,,23756,AICS,True,True,"[""Replication"",""Replication | Replication Initiator""]",target code excluded from predictors
cde_module,Replication,Replication,,23757,AICT,True,True,"[""Replication"",""Replication | Replication Initiator""]",target code excluded from predictors
cde_module,Replication,Replication,,23758,AICU,True,True,"[""Replication"",""Replication | Replication Initiator""]",target code excluded from predictors
cde_module,Replication,Replication,,23759,AICV,True,True,"[""Replication"",""Replication | Replication Initiator""]",target code excluded from predictors
cde_module,Replication,Replication,,23760,AICW,True,True,"[""Replication"",""Replication | Replication Initiator""]",target code excluded from predictors
cde_module,Replication,Replication,,23761,AICX,True,True,"[""Replication"",""Replication | Replication Initiator""]",target code excluded from predictors
cde_module,Replication,Replication,,23762,AICY,True,True,"[""Replication"",""Replication | Machinery / Elongation""]",target code excluded from predictors
cde_module,Replication,Replication,,23763,AICZ,True,True,"[""Replication"",""Replication | Replication Initiator""]",target code excluded from predictors
cde_module,Replication,Replication,,23764,AIDA,True,True,"[""Replication"",""Replication | Replication Initiator""]",target code excluded from predictors
cde_module,Replication,Replication,,23765,AIDB,True,True,"[""Replication"",""Replication | Replication Initiator""]",target code excluded from predictors
cde_module,Replication,Replication,,23766,AIDC,True,True,"[""Replication"",""Replication | Replication Initiator""]",target code excluded from predictors
cde_module,Replication,Replication,,23767,AIDD,True,True,"[""Replication"",""Replication | Replication Initiator""]",target code excluded from predictors
cde_module,Replication,Replication,,23768,AIDE,True,True,"[""Replication"",""Replication | Replication Initiator""]",target code excluded from predictors
cde_module,Replication,Replication,,23769,AIDF,True,True,"[""Replication"",""Replication | Replication Initiator""]",target code excluded from predictors
cde_module,Replication,Replication,,23770,AIDG,True,True,"[""Replication"",""Replication | Replication Initiator""]",target code excluded from predictors
cde_module,Replication,Replication,,23771,AIDH,True,True,"[""Replication"",""Replication | Replication Initiator""]",target code excluded from predictors
cde_module,Replication,Replication,,23772,AIDI,True,True,"[""Replication"",""Replication | Maintenance / Partition""]",target code excluded from predictors
cde_module,Replication,Replication,,23782,AIDS,True,True,"[""Replication"",""Replication | Maintenance / Partition""]",target code excluded from predictors
cde_module,Replication,Replication,,23800,AIEK,True,True,"[""Replication"",""Replication | Maintenance / Partition""]",target code excluded from predictors
cde_module,Replication,Replication,,23801,AIEL,True,True,"[""Replication"",""Replication | Maintenance / Partition""]",target code excluded from predictors
cde_module,Replication,Replication,,24094,AIPS,True,True,"[""Replication"",""Replication | Machinery / Elongation""]",target code excluded from predictors
cde_module,Replication,Replication,,24095,AIPT,True,True,"[""Replication"",""Replication | Machinery / Elongation""]",target code excluded from predictors
cde_module,Replication,Replication,,24096,AIPU,True,True,"[""Replication"",""Replication | Machinery / Elongation""]",target code excluded from predictors
cde_module,Replication,Replication,,24097,AIPV,True,True,"[""Replication"",""Replication | Machinery / Elongation""]",target code excluded from predictors
cde_module,Replication,Replication,,24098,AIPW,True,True,"[""Replication"",""Replication | Machinery / Elongation""]",target code excluded from predictors
cde_module,Replication,Replication,,24099,AIPX,True,True,"[""Replication"",""Replication | Machinery / Elongation""]",target code excluded from predictors
cde_module,Replication,Replication,,24288,AIXE,True,True,"[""Replication"",""Replication | Replication Initiator""]",target code excluded from predictors
cde_module,Replication,Replication,,24512,AJFU,True,True,"[""Replication"",""Replication | Replication Initiator""]",target code excluded from predictors
cde_module,Replication,Replication,,24513,AJFV,True,True,"[""Replication"",""Replication | Replication Initiator""]",target code excluded from predictors
cde_module,Replication,Replication,,24668,AJLU,True,True,"[""Replication"",""Replication | DNA repair & recombination""]",target code excluded from predictors
cde_module,Replication,Replication,,24669,AJLV,True,True,"[""Replication"",""Replication | DNA repair & recombination""]",target code excluded from predictors
cde_module,Replication,Replication,,24672,AJLY,True,True,"[""Replication"",""Replication | Machinery / Elongation""]",target code excluded from predictors
cde_module,Replication,Replication,,24700,AJNA,True,True,"[""Replication"",""Replication | DNA repair & recombination""]",target code excluded from predictors
cde_module,Replication,Replication,,24808,AJRE,True,True,"[""Replication"",""Replication | Replication Initiator""]",target code excluded from predictors
cde_module,Replication,Replication,,24817,AJRN,True,True,"[""Replication"",""Replication | Replication Initiator""]",target code excluded from predictors
cde_module,Replication,Replication,,24818,AJRO,True,True,"[""Replication"",""Replication | Replication Initiator""]",target code excluded from predictors
cde_module,Replication,Replication,,24834,AJSE,True,True,"[""Replication"",""Replication | Replication Initiator""]",target code excluded from predictors
cde_module,Replication,Replication,,24835,AJSF,True,True,"[""Replication"",""Replication | Replication Initiator""]",target code excluded from predictors
cde_module,Replication,Replication,,25143,AKEB,True,True,"[""Replication"",""Replication | DNA repair & recombination""]",target code excluded from predictors
cde_module,Replication,Replication,,25144,AKEC,True,True,"[""Replication"",""Replication | DNA repair & recombination""]",target code excluded from predictors
cde_module,Replication,Replication,,25145,AKED,True,True,"[""Replication"",""Replication | DNA repair & recombination""]",target code excluded from predictors
cde_module,Replication,Replication,,25146,AKEE,True,True,"[""Replication"",""Replication | DNA repair & recombination""]",target code excluded from predictors
cde_module,Replication,Replication,,25147,AKEF,True,True,"[""Replication"",""Replication | DNA repair & recombination""]",target code excluded from predictors
cde_module,Replication,Replication,,25148,AKEG,True,True,"[""Replication"",""Replication | DNA repair & recombination""]",target code excluded from predictors
cde_module,Replication,Replication,,25149,AKEH,True,True,"[""Replication"",""Replication | Replication Initiator""]",target code excluded from predictors
cde_module,Replication,Replication,,25150,AKEI,True,True,"[""Replication"",""Replication | DNA repair & recombination""]",target code excluded from predictors
cde_module,Replication,Replication,,25151,AKEJ,True,True,"[""Replication"",""Replication | DNA repair & recombination""]",target code excluded from predictors
cde_module,Replication,Replication,,25152,AKEK,True,True,"[""Replication"",""Replication | DNA repair & recombination""]",target code excluded from predictors
cde_module,Replication,Replication,,25153,AKEL,True,True,"[""Replication"",""Replication | DNA repair & recombination""]",target code excluded from predictors
cde_module,Replication,Replication,,25154,AKEM,True,True,"[""Replication"",""Replication | DNA repair & recombination""]",target code excluded from predictors
cde_module,Replication,Replication,,25155,AKEN,True,True,"[""Replication"",""Replication | DNA repair & recombination""]",target code excluded from predictors
cde_module,Replication,Replication,,25156,AKEO,True,True,"[""Replication"",""Replication | DNA repair & recombination""]",target code excluded from predictors
cde_module,Replication,Replication,,25157,AKEP,True,True,"[""Replication"",""Replication | DNA repair & recombination""]",target code excluded from predictors
cde_module,Replication,Replication,,25158,AKEQ,True,True,"[""Replication"",""Replication | DNA repair & recombination""]",target code excluded from predictors
cde_module,Replication,Replication,,25207,AKGN,True,True,"[""Replication"",""Replication | Replication Initiator""]",target code excluded from predictors
cde_module,Replication,Replication,,25208,AKGO,True,True,"[""Replication"",""Replication | Replication Initiator""]",target code excluded from predictors
cde_module,Replication,Replication,,25209,AKGP,True,True,"[""Replication"",""Replication | Replication Initiator""]",target code excluded from predictors
cde_module,Replication,Replication,,25210,AKGQ,True,True,"[""Replication"",""Replication | Replication Initiator""]",target code excluded from predictors
cde_module,Replication,Replication,,25212,AKGS,True,True,"[""Replication"",""Replication | Replication Initiator""]",target code excluded from predictors
cde_module,Replication,Replication,,25213,AKGT,True,True,"[""Replication"",""Replication | Replication Initiator""]",target code excluded from predictors
cde_module,Replication,Replication,,25215,AKGV,True,True,"[""Replication"",""Replication | Replication Initiator""]",target code excluded from predictors
cde_module,Replication,Replication,,25216,AKGW,True,True,"[""Replication"",""Replication | Replication Initiator""]",target code excluded from predictors
cde_module,Replication,Replication,,25218,AKGY,True,True,"[""Replication"",""Replication | Replication Initiator""]",target code excluded from predictors
cde_module,Replication,Replication,,25219,AKGZ,True,True,"[""Replication"",""Replication | Replication Initiator""]",target code excluded from predictors
cde_module,Replication,Replication,,25220,AKHA,True,True,"[""Replication"",""Replication | Machinery / Elongation""]",target code excluded from predictors
cde_module,Replication,Replication,,25221,AKHB,True,True,"[""Replication"",""Replication | Machinery / Elongation""]",target code excluded from predictors
cde_module,Replication,Replication,,25222,AKHC,True,True,"[""Replication"",""Replication | Machinery / Elongation""]",target code excluded from predictors
cde_module,Replication,Replication,,25223,AKHD,True,True,"[""Replication"",""Replication | Replication Initiator""]",target code excluded from predictors
cde_module,Replication,Replication,,25224,AKHE,True,True,"[""Replication"",""Replication | Replication Initiator""]",target code excluded from predictors
cde_module,Replication,Replication,,25225,AKHF,True,True,"[""Replication"",""Replication | Replication Initiator""]",target code excluded from predictors
cde_module,Replication,Replication,,25226,AKHG,True,True,"[""Replication"",""Replication | Replication Initiator""]",target code excluded from predictors
cde_module,Replication,Replication,,25229,AKHJ,True,True,"[""Replication"",""Replication | Replication Initiator""]",target code excluded from predictors
cde_module,Replication,Replication,,25230,AKHK,True,True,"[""Replication"",""Replication | Replication Initiator""]",target code excluded from predictors
cde_module,Replication,Replication,,25231,AKHL,True,True,"[""Replication"",""Replication | Replication Initiator""]",target code excluded from predictors
cde_module,Replication,Replication,,25232,AKHM,True,True,"[""Replication"",""Replication | Replication Initiator""]",target code excluded from predictors
cde_module,Replication,Replication,,25233,AKHN,True,True,"[""Replication"",""Replication | Replication Initiator""]",target code excluded from predictors
cde_module,Replication,Replication,,25234,AKHO,True,True,"[""Replication"",""Replication | Replication Initiator""]",target code excluded from predictors
cde_module,Replication,Replication,,25235,AKHP,True,True,"[""Replication"",""Replication | Replication Initiator""]",target code excluded from predictors
cde_module,Replication,Replication,,25236,AKHQ,True,True,"[""Replication"",""Replication | Replication Initiator""]",target code excluded from predictors
cde_module,Replication,Replication,,25237,AKHR,True,True,"[""Replication"",""Replication | Replication Initiator""]",target code excluded from predictors
cde_module,Replication,Replication,,25238,AKHS,True,True,"[""Replication"",""Replication | Replication Initiator""]",target code excluded from predictors
cde_module,Replication,Replication,,25239,AKHT,True,True,"[""Replication"",""Replication | Replication Initiator""]",target code excluded from predictors
cde_module,Replication,Replication,,25240,AKHU,True,True,"[""Replication"",""Replication | Replication Initiator""]",target code excluded from predictors
cde_module,Replication,Replication,,25241,AKHV,True,True,"[""Replication"",""Replication | Replication Initiator""]",target code excluded from predictors
cde_module,Replication,Replication,,25242,AKHW,True,True,"[""Replication"",""Replication | Replication Initiator""]",target code excluded from predictors
cde_module,Replication,Replication,,25243,AKHX,True,True,"[""Replication"",""Replication | Replication Initiator""]",target code excluded from predictors
cde_module,Replication,Replication,,25244,AKHY,True,True,"[""Replication"",""Replication | Replication Initiator""]",target code excluded from predictors
cde_module,Replication,Replication,,25245,AKHZ,True,True,"[""Replication"",""Replication | Replication Initiator""]",target code excluded from predictors
cde_module,Replication,Replication,,25246,AKIA,True,True,"[""Replication"",""Replication | Machinery / Elongation""]",target code excluded from predictors
cde_module,Replication,Replication,,25247,AKIB,True,True,"[""Replication"",""Replication | Machinery / Elongation""]",target code excluded from predictors
cde_module,Replication,Replication,,25248,AKIC,True,True,"[""Replication"",""Replication | Machinery / Elongation""]",target code excluded from predictors
cde_module,Replication,Replication,,25249,AKID,True,True,"[""Replication"",""Replication | Replication Initiator""]",target code excluded from predictors
cde_module,Replication,Replication,,25250,AKIE,True,True,"[""Replication"",""Replication | Replication Initiator""]",target code excluded from predictors
cde_module,Replication,Replication,,25251,AKIF,True,True,"[""Replication"",""Replication | Replication Initiator""]",target code excluded from predictors
cde_module,Replication,Replication,,25252,AKIG,True,True,"[""Replication"",""Replication | Replication Initiator""]",target code excluded from predictors
cde_module,Replication,Replication,,25253,AKIH,True,True,"[""Replication"",""Replication | Replication Initiator""]",target code excluded from predictors
cde_module,Replication,Replication,,25254,AKII,True,True,"[""Replication"",""Replication | Replication Initiator""]",target code excluded from predictors
cde_module,Replication,Replication,,25255,AKIJ,True,True,"[""Replication"",""Replication | Replication Initiator""]",target code excluded from predictors
cde_module,Replication,Replication,,25256,AKIK,True,True,"[""Replication"",""Replication | Replication Initiator""]",target code excluded from predictors
cde_module,Replication,Replication,,25257,AKIL,True,True,"[""Replication"",""Replication | Replication Initiator""]",target code excluded from predictors
cde_module,Replication,Replication,,25258,AKIM,True,True,"[""Replication"",""Replication | Replication Initiator""]",target code excluded from predictors
cde_module,Replication,Replication,,25259,AKIN,True,True,"[""Replication"",""Replication | Replication Initiator""]",target code excluded from predictors
cde_module,Replication,Replication,,25260,AKIO,True,True,"[""Replication"",""Replication | Replication Initiator""]",target code excluded from predictors
cde_module,Replication,Replication,,25261,AKIP,True,True,"[""Replication"",""Replication | Replication Initiator""]",target code excluded from predictors
cde_module,Replication,Replication,,25262,AKIQ,True,True,"[""Replication"",""Replication | Replication Initiator""]",target code excluded from predictors
cde_module,Replication,Replication,,25263,AKIR,True,True,"[""Replication"",""Replication | Machinery / Elongation""]",target code excluded from predictors
cde_module,Replication,Replication,,25264,AKIS,True,True,"[""Replication"",""Replication | Machinery / Elongation""]",target code excluded from predictors
cde_module,Replication,Replication,,25267,AKIV,True,True,"[""Replication"",""Replication | Replication Initiator""]",target code excluded from predictors
cde_module,Replication,Replication,,25268,AKIW,True,True,"[""Replication"",""Replication | Replication Initiator""]",target code excluded from predictors
cde_module,Replication,Replication,,25269,AKIX,True,True,"[""Replication"",""Replication | Replication Initiator""]",target code excluded from predictors
cde_module,Replication,Replication,,25270,AKIY,True,True,"[""Replication"",""Replication | Replication Initiator""]",target code excluded from predictors
cde_module,Replication,Replication,,25271,AKIZ,True,True,"[""Replication"",""Replication | Replication Initiator""]",target code excluded from predictors
cde_module,Replication,Replication,,25272,AKJA,True,True,"[""Replication"",""Replication | Replication Initiator""]",target code excluded from predictors
cde_module,Replication,Replication,,25273,AKJB,True,True,"[""Replication"",""Replication | Replication Initiator""]",target code excluded from predictors
cde_module,Replication,Replication,,25274,AKJC,True,True,"[""Replication"",""Replication | DNA repair & recombination""]",target code excluded from predictors
cde_module,Replication,Replication,,25275,AKJD,True,True,"[""Replication"",""Replication | DNA repair & recombination""]",target code excluded from predictors
cde_module,Replication,Replication,,25276,AKJE,True,True,"[""Replication"",""Replication | Replication Initiator""]",target code excluded from predictors
cde_module,Replication,Replication,,25277,AKJF,True,True,"[""Replication"",""Replication | Replication Initiator""]",target code excluded from predictors
cde_module,Replication,Replication,,25278,AKJG,True,True,"[""Replication"",""Replication | Replication Initiator""]",target code excluded from predictors
cde_module,Replication,Replication,,25279,AKJH,True,True,"[""Replication"",""Replication | Replication Initiator""]",target code excluded from predictors
cde_module,Replication,Replication,,25280,AKJI,True,True,"[""Replication"",""Replication | Replication Initiator""]",target code excluded from predictors
cde_module,Replication,Replication,,25281,AKJJ,True,True,"[""Replication"",""Replication | Machinery / Elongation""]",target code excluded from predictors
cde_module,Replication,Replication,,25282,AKJK,True,True,"[""Replication"",""Replication | Machinery / Elongation""]",target code excluded from predictors
cde_module,Replication,Replication,,25283,AKJL,True,True,"[""Replication"",""Replication | Replication Initiator""]",target code excluded from predictors
cde_module,Replication,Replication,,25284,AKJM,True,True,"[""Replication"",""Replication | Machinery / Elongation""]",target code excluded from predictors
cde_module,Replication,Replication,,25285,AKJN,True,True,"[""Replication"",""Replication | DNA repair & recombination""]",target code excluded from predictors
cde_module,Replication,Replication,,25358,AKMI,True,True,"[""Replication"",""Replication | DNA repair & recombination""]",target code excluded from predictors
cde_module,Replication,Replication,,25577,AKUT,True,True,"[""Replication"",""Replication | Replication Initiator""]",target code excluded from predictors
cde_module,Replication,Replication,,25578,AKUU,True,True,"[""Replication"",""Replication | Replication Initiator""]",target code excluded from predictors
cde_module,Replication,Replication,,25593,AKVJ,True,True,"[""Replication"",""Replication | DNA repair & recombination""]",target code excluded from predictors
cde_module,Replication,Replication,,25929,ALIH,True,True,"[""Replication"",""Replication | Machinery / Elongation""]",target code excluded from predictors
cde_module,Replication,Replication,,25930,ALII,True,True,"[""Replication"",""Replication | Machinery / Elongation""]",target code excluded from predictors
cde_module,Replication,Replication,,25931,ALIJ,True,True,"[""Replication"",""Replication | Machinery / Elongation""]",target code excluded from predictors
cde_module,Replication,Replication,,26294,ALWI,True,True,"[""Replication"",""Replication | Maintenance / Partition""]",target code excluded from predictors
cde_module,Replication,Replication,,26295,ALWJ,True,True,"[""Replication"",""Replication | Maintenance / Partition""]",target code excluded from predictors
cde_module,Replication,Replication,,27276,ANIC,True,True,"[""Replication"",""Replication | Machinery / Elongation""]",target code excluded from predictors
cde_module,Replication,Replication,,27277,ANID,True,True,"[""Replication"",""Replication | Machinery / Elongation""]",target code excluded from predictors
cde_module,Replication,Replication,,27278,ANIE,True,True,"[""Replication"",""Replication | Machinery / Elongation""]",target code excluded from predictors
cde_module,Replication,Replication,,27279,ANIF,True,True,"[""Replication"",""Replication | Machinery / Elongation""]",target code excluded from predictors
cde_module,Replication,Replication,,27280,ANIG,True,True,"[""Replication"",""Replication | Machinery / Elongation""]",target code excluded from predictors
cde_module,Replication,Replication,,27281,ANIH,True,True,"[""Replication"",""Replication | DNA repair & recombination""]",target code excluded from predictors
cde_module,Replication,Replication,,27395,ANMR,True,True,"[""Replication"",""Replication | DNA repair & recombination""]",target code excluded from predictors
cde_module,Replication,Replication,,27559,ANSZ,True,True,"[""Replication"",""Replication | DNA repair & recombination""]",target code excluded from predictors
cde_module,Replication,Replication,,27631,ANVT,True,True,"[""Replication"",""Replication | DNA repair & recombination""]",target code excluded from predictors
cde_module,Replication,Replication,,27633,ANVV,True,True,"[""Replication"",""Replication | DNA repair & recombination""]",target code excluded from predictors
cde_module,Replication,Replication,,27634,ANVW,True,True,"[""Replication"",""Replication | DNA repair & recombination""]",target code excluded from predictors
cde_module,Replication,Replication,,27706,ANYQ,True,True,"[""Replication"",""Replication | DNA repair & recombination""]",target code excluded from predictors
cde_module,Replication,Replication,,28080,AONA,True,True,"[""Replication"",""Replication | DNA repair & recombination""]",target code excluded from predictors
cde_module,Replication,Replication,,28089,AONJ,True,True,"[""Replication"",""Replication | Machinery / Elongation""]",target code excluded from predictors
cde_module,Replication,Replication,,28203,AORT,True,True,"[""Replication"",""Replication | Machinery / Elongation""]",target code excluded from predictors
cde_module,Replication,Replication,,28360,AOXU,True,True,"[""Replication"",""Replication | Machinery / Elongation""]",target code excluded from predictors
cde_module,Replication,Replication,,29016,APXA,True,True,"[""Replication"",""Replication | DNA repair & recombination""]",target code excluded from predictors
cde_module,Transcription,Transcription,,955,AJT,True,True,"[""Transcription"",""Transcription | Transcription regulation""]",target code excluded from predictors
cde_module,Transcription,Transcription,,987,AKZ,True,True,"[""Transcription"",""Transcription | Transcription regulation""]",target code excluded from predictors
cde_module,Transcription,Transcription,,1183,ASN,True,True,"[""Transcription"",""Transcription | Transcription regulation""]",target code excluded from predictors
cde_module,Transcription,Transcription,,1185,ASP,True,True,"[""Transcription"",""Transcription | Transcription regulation""]",target code excluded from predictors
cde_module,Transcription,Transcription,,1206,ATK,True,True,"[""Transcription"",""Transcription | Transcription regulation""]",target code excluded from predictors
cde_module,Transcription,Transcription,,1211,ATP,True,True,"[""Transcription"",""Transcription | Transcription regulation""]",target code excluded from predictors
cde_module,Transcription,Transcription,,1224,AUC,True,True,"[""Transcription"",""Transcription | Transcription regulation""]",target code excluded from predictors
cde_module,Transcription,Transcription,,1239,AUR,True,True,"[""Transcription"",""Transcription | Transcription regulation""]",target code excluded from predictors
cde_module,Transcription,Transcription,,1241,AUT,True,True,"[""Transcription"",""Transcription | Transcription regulation""]",target code excluded from predictors
cde_module,Transcription,Transcription,,1242,AUU,True,True,"[""Transcription"",""Transcription | Transcription regulation""]",target code excluded from predictors
cde_module,Transcription,Transcription,,1243,AUV,True,True,"[""Transcription"",""Transcription | Transcription regulation""]",target code excluded from predictors
cde_module,Transcription,Transcription,,1245,AUX,True,True,"[""Transcription"",""Transcription | Transcription regulation""]",target code excluded from predictors
cde_module,Transcription,Transcription,,1246,AUY,True,True,"[""Transcription"",""Transcription | Transcription regulation""]",target code excluded from predictors
cde_module,Transcription,Transcription,,1248,AVA,True,True,"[""Transcription"",""Transcription | Transcription regulation""]",target code excluded from predictors
cde_module,Transcription,Transcription,,1253,AVF,True,True,"[""Transcription"",""Transcription | Transcription regulation""]",target code excluded from predictors
cde_module,Transcription,Transcription,,1256,AVI,True,True,"[""Transcription"",""Transcription | Transcription regulation""]",target code excluded from predictors
cde_module,Transcription,Transcription,,1257,AVJ,True,True,"[""Transcription"",""Transcription | Transcription regulation""]",target code excluded from predictors
cde_module,Transcription,Transcription,,1263,AVP,True,True,"[""Transcription"",""Transcription | Transcription regulation""]",target code excluded from predictors
cde_module,Transcription,Transcription,,1264,AVQ,True,True,"[""Transcription"",""Transcription | Transcription regulation""]",target code excluded from predictors
cde_module,Transcription,Transcription,,1265,AVR,True,True,"[""Transcription"",""Transcription | Transcription regulation""]",target code excluded from predictors
cde_module,Transcription,Transcription,,1270,AVW,True,True,"[""Transcription"",""Transcription | Transcription regulation""]",target code excluded from predictors
cde_module,Transcription,Transcription,,1276,AWC,True,True,"[""Transcription"",""Transcription | Transcription regulation""]",target code excluded from predictors
cde_module,Transcription,Transcription,,1279,AWF,True,True,"[""Transcription"",""Transcription | Transcription regulation""]",target code excluded from predictors
cde_module,Transcription,Transcription,,1286,AWM,True,True,"[""Transcription"",""Transcription | Transcription regulation""]",target code excluded from predictors
cde_module,Transcription,Transcription,,1312,AXM,True,True,"[""Transcription"",""Transcription | Transcription regulation""]",target code excluded from predictors
cde_module,Transcription,Transcription,,1354,AZC,True,True,"[""Transcription"",""Transcription | Transcription regulation""]",target code excluded from predictors
cde_module,Transcription,Transcription,,1406,BBC,True,True,"[""Transcription"",""Transcription | Transcription regulation""]",target code excluded from predictors
cde_module,Transcription,Transcription,,1411,BBH,True,True,"[""Transcription"",""Transcription | Transcription regulation""]",target code excluded from predictors
cde_module,Transcription,Transcription,,1443,BCN,True,True,"[""Transcription"",""Transcription | Termination & anti-termination""]",target code excluded from predictors
cde_module,Transcription,Transcription,,1444,BCO,True,True,"[""Transcription"",""Transcription | Termination & anti-termination""]",target code excluded from predictors
cde_module,Transcription,Transcription,,1452,BCW,True,True,"[""Transcription"",""Transcription | Transcription regulation""]",target code excluded from predictors
cde_module,Transcription,Transcription,,1456,BDA,True,True,"[""Transcription"",""Transcription | Transcription regulation""]",target code excluded from predictors
cde_module,Transcription,Transcription,,1464,BDI,True,True,"[""Transcription"",""Transcription | Transcription regulation""]",target code excluded from predictors
cde_module,Transcription,Transcription,,1532,BFY,True,True,"[""Transcription"",""Transcription | Transcription regulation""]",target code excluded from predictors
cde_module,Transcription,Transcription,,1659,BKV,True,True,"[""Transcription"",""Transcription | Transcription regulation""]",target code excluded from predictors
cde_module,Transcription,Transcription,,1808,BQO,True,True,"[""Transcription"",""Transcription | Transcription regulation""]",target code excluded from predictors
cde_module,Transcription,Transcription,,1813,BQT,True,True,"[""Transcription"",""Transcription | Transcription regulation""]",target code excluded from predictors
cde_module,Transcription,Transcription,,1819,BQZ,True,True,"[""Transcription"",""Transcription | Transcription regulation""]",target code excluded from predictors
cde_module,Transcription,Transcription,,1846,BSA,True,True,"[""Transcription"",""Transcription | Transcription regulation""]",target code excluded from predictors
cde_module,Transcription,Transcription,,1847,BSB,True,True,"[""Transcription"",""Transcription | Transcription regulation""]",target code excluded from predictors
cde_module,Transcription,Transcription,,1848,BSC,True,True,"[""Transcription"",""Transcription | Transcription regulation""]",target code excluded from predictors
cde_module,Transcription,Transcription,,1849,BSD,True,True,"[""Transcription"",""Transcription | Transcription regulation""]",target code excluded from predictors
cde_module,Transcription,Transcription,,1850,BSE,True,True,"[""Transcription"",""Transcription | Transcription regulation""]",target code excluded from predictors
cde_module,Transcription,Transcription,,1853,BSH,True,True,"[""Transcription"",""Transcription | Transcription regulation""]",target code excluded from predictors
cde_module,Transcription,Transcription,,1953,BWD,True,True,"[""Transcription"",""Transcription | Transcription regulation""]",target code excluded from predictors
cde_module,Transcription,Transcription,,1979,BXD,True,True,"[""Transcription"",""Transcription | Transcription regulation""]",target code excluded from predictors
cde_module,Transcription,Transcription,,2012,BYK,True,True,"[""Transcription"",""Transcription | Transcription regulation""]",target code excluded from predictors
cde_module,Transcription,Transcription,,2013,BYL,True,True,"[""Transcription"",""Transcription | Transcription regulation""]",target code excluded from predictors
cde_module,Transcription,Transcription,,2014,BYM,True,True,"[""Transcription"",""Transcription | Transcription regulation""]",target code excluded from predictors
cde_module,Transcription,Transcription,,2038,BZK,True,True,"[""Transcription"",""Transcription | Transcription regulation""]",target code excluded from predictors
cde_module,Transcription,Transcription,,2049,BZV,True,True,"[""Transcription"",""Transcription | Transcription regulation""]",target code excluded from predictors
cde_module,Transcription,Transcription,,2057,CAD,True,True,"[""Transcription"",""Transcription | Transcription regulation""]",target code excluded from predictors
cde_module,Transcription,Transcription,,2073,CAT,True,True,"[""Transcription"",""Transcription | Transcription regulation""]",target code excluded from predictors
cde_module,Transcription,Transcription,,2074,CAU,True,True,"[""Transcription"",""Transcription | Transcription regulation""]",target code excluded from predictors
cde_module,Transcription,Transcription,,2129,CCX,True,True,"[""Transcription"",""Transcription | Transcription regulation""]",target code excluded from predictors
cde_module,Transcription,Transcription,,2150,CDS,True,True,"[""Transcription"",""Transcription | Transcription regulation""]",target code excluded from predictors
cde_module,Transcription,Transcription,,2504,CRI,True,True,"[""Transcription"",""Transcription | Transcription regulation""]",target code excluded from predictors
cde_module,Transcription,Transcription,,2505,CRJ,True,True,"[""Transcription"",""Transcription | Transcription regulation""]",target code excluded from predictors
cde_module,Transcription,Transcription,,2506,CRK,True,True,"[""Transcription"",""Transcription | Transcription regulation""]",target code excluded from predictors
cde_module,Transcription,Transcription,,2507,CRL,True,True,"[""Transcription"",""Transcription | Transcription regulation""]",target code excluded from predictors
cde_module,Transcription,Transcription,,2508,CRM,True,True,"[""Transcription"",""Transcription | Transcription regulation""]",target code excluded from predictors
cde_module,Transcription,Transcription,,2509,CRN,True,True,"[""Transcription"",""Transcription | Transcription regulation""]",target code excluded from predictors
cde_module,Transcription,Transcription,,2510,CRO,True,True,"[""Transcription"",""Transcription | Transcription regulation""]",target code excluded from predictors
cde_module,Transcription,Transcription,,2511,CRP,True,True,"[""Transcription"",""Transcription | Transcription regulation""]",target code excluded from predictors
cde_module,Transcription,Transcription,,2512,CRQ,True,True,"[""Transcription"",""Transcription | Transcription regulation""]",target code excluded from predictors
cde_module,Transcription,Transcription,,2513,CRR,True,True,"[""Transcription"",""Transcription | Transcription regulation""]",target code excluded from predictors
cde_module,Transcription,Transcription,,2514,CRS,True,True,"[""Transcription"",""Transcription | Transcription regulation""]",target code excluded from predictors
cde_module,Transcription,Transcription,,2515,CRT,True,True,"[""Transcription"",""Transcription | Transcription regulation""]",target code excluded from predictors
cde_module,Transcription,Transcription,,2517,CRV,True,True,"[""Transcription"",""Transcription | Transcription regulation""]",target code excluded from predictors
cde_module,Transcription,Transcription,,2518,CRW,True,True,"[""Transcription"",""Transcription | Transcription regulation""]",target code excluded from predictors
cde_module,Transcription,Transcription,,2519,CRX,True,True,"[""Transcription"",""Transcription | Transcription regulation""]",target code excluded from predictors
cde_module,Transcription,Transcription,,2520,CRY,True,True,"[""Transcription"",""Transcription | Transcription regulation""]",target code excluded from predictors
cde_module,Transcription,Transcription,,2521,CRZ,True,True,"[""Transcription"",""Transcription | Transcription regulation""]",target code excluded from predictors
cde_module,Transcription,Transcription,,2522,CSA,True,True,"[""Transcription"",""Transcription | Transcription regulation""]",target code excluded from predictors
cde_module,Transcription,Transcription,,2523,CSB,True,True,"[""Transcription"",""Transcription | Transcription regulation""]",target code excluded from predictors
cde_module,Transcription,Transcription,,2524,CSC,True,True,"[""Transcription"",""Transcription | Transcription regulation""]",target code excluded from predictors
cde_module,Transcription,Transcription,,2525,CSD,True,True,"[""Transcription"",""Transcription | Transcription regulation""]",target code excluded from predictors
cde_module,Transcription,Transcription,,2526,CSE,True,True,"[""Transcription"",""Transcription | Transcription regulation""]",target code excluded from predictors
cde_module,Transcription,Transcription,,2527,CSF,True,True,"[""Transcription"",""Transcription | Transcription regulation""]",target code excluded from predictors
cde_module,Transcription,Transcription,,2528,CSG,True,True,"[""Transcription"",""Transcription | Transcription regulation""]",target code excluded from predictors
cde_module,Transcription,Transcription,,2529,CSH,True,True,"[""Transcription"",""Transcription | Transcription regulation""]",target code excluded from predictors
cde_module,Transcription,Transcription,,2530,CSI,True,True,"[""Transcription"",""Transcription | Transcription regulation""]",target code excluded from predictors
cde_module,Transcription,Transcription,,2531,CSJ,True,True,"[""Transcription"",""Transcription | Transcription regulation""]",target code excluded from predictors
cde_module,Transcription,Transcription,,2532,CSK,True,True,"[""Transcription"",""Transcription | Transcription regulation""]",target code excluded from predictors
cde_module,Transcription,Transcription,,2533,CSL,True,True,"[""Transcription"",""Transcription | Transcription regulation""]",target code excluded from predictors
cde_module,Transcription,Transcription,,2534,CSM,True,True,"[""Transcription"",""Transcription | Transcription regulation""]",target code excluded from predictors
cde_module,Transcription,Transcription,,2536,CSO,True,True,"[""Transcription"",""Transcription | Transcription regulation""]",target code excluded from predictors
cde_module,Transcription,Transcription,,2537,CSP,True,True,"[""Transcription"",""Transcription | Transcription regulation""]",target code excluded from predictors
cde_module,Transcription,Transcription,,2538,CSQ,True,True,"[""Transcription"",""Transcription | Transcription regulation""]",target code excluded from predictors
cde_module,Transcription,Transcription,,2539,CSR,True,True,"[""Transcription"",""Transcription | Transcription regulation""]",target code excluded from predictors
cde_module,Transcription,Transcription,,2540,CSS,True,True,"[""Transcription"",""Transcription | Transcription regulation""]",target code excluded from predictors
cde_module,Transcription,Transcription,,2541,CST,True,True,"[""Transcription"",""Transcription | Transcription regulation""]",target code excluded from predictors
cde_module,Transcription,Transcription,,2557,CTJ,True,True,"[""Transcription"",""Transcription | Core transcription machinery""]",target code excluded from predictors
cde_module,Transcription,Transcription,,2558,CTK,True,True,"[""Transcription"",""Transcription | Core transcription machinery""]",target code excluded from predictors
cde_module,Transcription,Transcription,,2559,CTL,True,True,"[""Transcription"",""Transcription | Initiation & promoter recognition""]",target code excluded from predictors
cde_module,Transcription,Transcription,,2561,CTN,True,True,"[""Transcription"",""Transcription | Core transcription machinery""]",target code excluded from predictors
cde_module,Transcription,Transcription,,2562,CTO,True,True,"[""Transcription"",""Transcription | Core transcription machinery""]",target code excluded from predictors
cde_module,Transcription,Transcription,,2563,CTP,True,True,"[""Transcription"",""Transcription | Core transcription machinery""]",target code excluded from predictors
cde_module,Transcription,Transcription,,2564,CTQ,True,True,"[""Transcription"",""Transcription | Core transcription machinery""]",target code excluded from predictors
cde_module,Transcription,Transcription,,2565,CTR,True,True,"[""Transcription"",""Transcription | Core transcription machinery""]",target code excluded from predictors
cde_module,Transcription,Transcription,,2570,CTW,True,True,"[""Transcription"",""Transcription | Core transcription machinery""]",target code excluded from predictors
cde_module,Transcription,Transcription,,2572,CTY,True,True,"[""Transcription"",""Transcription | Core transcription machinery""]",target code excluded from predictors
cde_module,Transcription,Transcription,,2573,CTZ,True,True,"[""Transcription"",""Transcription | Core transcription machinery""]",target code excluded from predictors
cde_module,Transcription,Transcription,,2576,CUC,True,True,"[""Transcription"",""Transcription | Core transcription machinery""]",target code excluded from predictors
cde_module,Transcription,Transcription,,2577,CUD,True,True,"[""Transcription"",""Transcription | Core transcription machinery""]",target code excluded from predictors
cde_module,Transcription,Transcription,,6339,IIV,True,True,"[""Transcription"",""Transcription | Transcription regulation""]",target code excluded from predictors
cde_module,Transcription,Transcription,,6341,IIX,True,True,"[""Transcription"",""Transcription | Transcription regulation""]",target code excluded from predictors
cde_module,Transcription,Transcription,,6342,IIY,True,True,"[""Transcription"",""Transcription | Transcription regulation""]",target code excluded from predictors
cde_module,Transcription,Transcription,,6432,IMK,True,True,"[""Transcription"",""Transcription | Transcription regulation""]",target code excluded from predictors
cde_module,Transcription,Transcription,,6473,INZ,True,True,"[""Transcription"",""Transcription | Initiation & promoter recognition""]",target code excluded from predictors
cde_module,Transcription,Transcription,,6474,IOA,True,True,"[""Transcription"",""Transcription | Initiation & promoter recognition""]",target code excluded from predictors
cde_module,Transcription,Transcription,,6478,IOE,True,True,"[""Transcription"",""Transcription | Transcription regulation""]",target code excluded from predictors
cde_module,Transcription,Transcription,,6480,IOG,True,True,"[""Transcription"",""Transcription | Transcription regulation""]",target code excluded from predictors
cde_module,Transcription,Transcription,,6660,IVE,True,True,"[""Transcription"",""Transcription | Transcription regulation""]",target code excluded from predictors
cde_module,Transcription,Transcription,,6669,IVN,True,True,"[""Transcription"",""Transcription | Transcription regulation""]",target code excluded from predictors
cde_module,Transcription,Transcription,,6761,IZB,True,True,"[""Transcription"",""Transcription | Transcription regulation""]",target code excluded from predictors
cde_module,Transcription,Transcription,,6785,IZZ,True,True,"[""Transcription"",""Transcription | Transcription regulation""]",target code excluded from predictors
cde_module,Transcription,Transcription,,6786,JAA,True,True,"[""Transcription"",""Transcription | Transcription regulation""]",target code excluded from predictors
cde_module,Transcription,Transcription,,6787,JAB,True,True,"[""Transcription"",""Transcription | Transcription regulation""]",target code excluded from predictors
cde_module,Transcription,Transcription,,6825,JBN,True,True,"[""Transcription"",""Transcription | Transcription regulation""]",target code excluded from predictors
cde_module,Transcription,Transcription,,6849,JCL,True,True,"[""Transcription"",""Transcription | Transcription regulation""]",target code excluded from predictors
cde_module,Transcription,Transcription,,6857,JCT,True,True,"[""Transcription"",""Transcription | Transcription regulation""]",target code excluded from predictors
cde_module,Transcription,Transcription,,6877,JDN,True,True,"[""Transcription"",""Transcription | Transcription regulation""]",target code excluded from predictors
cde_module,Transcription,Transcription,,6890,JEA,True,True,"[""Transcription"",""Transcription | Transcription regulation""]",target code excluded from predictors
cde_module,Transcription,Transcription,,6891,JEB,True,True,"[""Transcription"",""Transcription | Initiation & promoter recognition""]",target code excluded from predictors
cde_module,Transcription,Transcription,,6943,JGB,True,True,"[""Transcription"",""Transcription | Transcription regulation""]",target code excluded from predictors
cde_module,Transcription,Transcription,,6944,JGC,True,True,"[""Transcription"",""Transcription | Transcription regulation""]",target code excluded from predictors
cde_module,Transcription,Transcription,,7089,JLR,True,True,"[""Transcription"",""Transcription | Transcription regulation""]",target code excluded from predictors
cde_module,Transcription,Transcription,,7125,JNB,True,True,"[""Transcription"",""Transcription | Transcription regulation""]",target code excluded from predictors
cde_module,Transcription,Transcription,,7158,JOI,True,True,"[""Transcription"",""Transcription | Transcription regulation""]",target code excluded from predictors
cde_module,Transcription,Transcription,,7167,JOR,True,True,"[""Transcription"",""Transcription | Transcription regulation""]",target code excluded from predictors
cde_module,Transcription,Transcription,,7168,JOS,True,True,"[""Transcription"",""Transcription | Transcription regulation""]",target code excluded from predictors
cde_module,Transcription,Transcription,,7169,JOT,True,True,"[""Transcription"",""Transcription | Transcription regulation""]",target code excluded from predictors
cde_module,Transcription,Transcription,,7170,JOU,True,True,"[""Transcription"",""Transcription | Transcription regulation""]",target code excluded from predictors
cde_module,Transcription,Transcription,,7172,JOW,True,True,"[""Transcription"",""Transcription | Transcription regulation""]",target code excluded from predictors
cde_module,Transcription,Transcription,,7342,JVK,True,True,"[""Transcription"",""Transcription | Transcription regulation""]",target code excluded from predictors
cde_module,Transcription,Transcription,,7347,JVP,True,True,"[""Transcription"",""Transcription | Transcription regulation""]",target code excluded from predictors
cde_module,Transcription,Transcription,,7355,JVX,True,True,"[""Transcription"",""Transcription | Transcription regulation""]",target code excluded from predictors
cde_module,Transcription,Transcription,,7357,JVZ,True,True,"[""Transcription"",""Transcription | Transcription regulation""]",target code excluded from predictors
cde_module,Transcription,Transcription,,7358,JWA,True,True,"[""Transcription"",""Transcription | Transcription regulation""]",target code excluded from predictors
cde_module,Transcription,Transcription,,7359,JWB,True,True,"[""Transcription"",""Transcription | Transcription regulation""]",target code excluded from predictors
cde_module,Transcription,Transcription,,7360,JWC,True,True,"[""Transcription"",""Transcription | Transcription regulation""]",target code excluded from predictors
cde_module,Transcription,Transcription,,7361,JWD,True,True,"[""Transcription"",""Transcription | Transcription regulation""]",target code excluded from predictors
cde_module,Transcription,Transcription,,7362,JWE,True,True,"[""Transcription"",""Transcription | Transcription regulation""]",target code excluded from predictors
cde_module,Transcription,Transcription,,7363,JWF,True,True,"[""Transcription"",""Transcription | Transcription regulation""]",target code excluded from predictors
cde_module,Transcription,Transcription,,7364,JWG,True,True,"[""Transcription"",""Transcription | Transcription regulation""]",target code excluded from predictors
cde_module,Transcription,Transcription,,7365,JWH,True,True,"[""Transcription"",""Transcription | Transcription regulation""]",target code excluded from predictors
cde_module,Transcription,Transcription,,7366,JWI,True,True,"[""Transcription"",""Transcription | Transcription regulation""]",target code excluded from predictors
cde_module,Transcription,Transcription,,7367,JWJ,True,True,"[""Transcription"",""Transcription | Transcription regulation""]",target code excluded from predictors
cde_module,Transcription,Transcription,,7368,JWK,True,True,"[""Transcription"",""Transcription | Transcription regulation""]",target code excluded from predictors
cde_module,Transcription,Transcription,,7369,JWL,True,True,"[""Transcription"",""Transcription | Transcription regulation""]",target code excluded from predictors
cde_module,Transcription,Transcription,,7370,JWM,True,True,"[""Transcription"",""Transcription | Transcription regulation""]",target code excluded from predictors
cde_module,Transcription,Transcription,,7371,JWN,True,True,"[""Transcription"",""Transcription | Transcription regulation""]",target code excluded from predictors
cde_module,Transcription,Transcription,,7372,JWO,True,True,"[""Transcription"",""Transcription | Transcription regulation""]",target code excluded from predictors
cde_module,Transcription,Transcription,,7374,JWQ,True,True,"[""Transcription"",""Transcription | Transcription regulation""]",target code excluded from predictors
cde_module,Transcription,Transcription,,7375,JWR,True,True,"[""Transcription"",""Transcription | Transcription regulation""]",target code excluded from predictors
cde_module,Transcription,Transcription,,7376,JWS,True,True,"[""Transcription"",""Transcription | Transcription regulation""]",target code excluded from predictors
cde_module,Transcription,Transcription,,7377,JWT,True,True,"[""Transcription"",""Transcription | Transcription regulation""]",target code excluded from predictors
cde_module,Transcription,Transcription,,7380,JWW,True,True,"[""Transcription"",""Transcription | Transcription regulation""]",target code excluded from predictors
cde_module,Transcription,Transcription,,7383,JWZ,True,True,"[""Transcription"",""Transcription | Transcription regulation""]",target code excluded from predictors
cde_module,Transcription,Transcription,,7385,JXB,True,True,"[""Transcription"",""Transcription | Transcription regulation""]",target code excluded from predictors
cde_module,Transcription,Transcription,,7386,JXC,True,True,"[""Transcription"",""Transcription | Transcription regulation""]",target code excluded from predictors
cde_module,Transcription,Transcription,,7387,JXD,True,True,"[""Transcription"",""Transcription | Transcription regulation""]",target code excluded from predictors
cde_module,Transcription,Transcription,,7388,JXE,True,True,"[""Transcription"",""Transcription | Transcription regulation""]",target code excluded from predictors
cde_module,Transcription,Transcription,,7389,JXF,True,True,"[""Transcription"",""Transcription | Transcription regulation""]",target code excluded from predictors
cde_module,Transcription,Transcription,,7451,JZP,True,True,"[""Transcription"",""Transcription | Transcription regulation""]",target code excluded from predictors
cde_module,Transcription,Transcription,,7452,JZQ,True,True,"[""Transcription"",""Transcription | Transcription regulation""]",target code excluded from predictors
cde_module,Transcription,Transcription,,7462,KAA,True,True,"[""Transcription"",""Transcription | Transcription regulation""]",target code excluded from predictors
cde_module,Transcription,Transcription,,7464,KAC,True,True,"[""Transcription"",""Transcription | Transcription regulation""]",target code excluded from predictors
cde_module,Transcription,Transcription,,7490,KBC,True,True,"[""Transcription"",""Transcription | Transcription regulation""]",target code excluded from predictors
cde_module,Transcription,Transcription,,7518,KCE,True,True,"[""Transcription"",""Transcription | Transcription regulation""]",target code excluded from predictors
cde_module,Transcription,Transcription,,7556,KDQ,True,True,"[""Transcription"",""Transcription | Transcription regulation""]",target code excluded from predictors
cde_module,Transcription,Transcription,,9181,MOD,True,True,"[""Transcription"",""Transcription | Transcription regulation""]",target code excluded from predictors
cde_module,Transcription,Transcription,,9182,MOE,True,True,"[""Transcription"",""Transcription | Transcription regulation""]",target code excluded from predictors
cde_module,Transcription,Transcription,,9183,MOF,True,True,"[""Transcription"",""Transcription | Transcription regulation""]",target code excluded from predictors
cde_module,Transcription,Transcription,,9184,MOG,True,True,"[""Transcription"",""Transcription | Transcription regulation""]",target code excluded from predictors
cde_module,Transcription,Transcription,,9185,MOH,True,True,"[""Transcription"",""Transcription | Transcription regulation""]",target code excluded from predictors
cde_module,Transcription,Transcription,,9186,MOI,True,True,"[""Transcription"",""Transcription | Transcription regulation""]",target code excluded from predictors
cde_module,Transcription,Transcription,,9187,MOJ,True,True,"[""Transcription"",""Transcription | Transcription regulation""]",target code excluded from predictors
cde_module,Transcription,Transcription,,9188,MOK,True,True,"[""Transcription"",""Transcription | Transcription regulation""]",target code excluded from predictors
cde_module,Transcription,Transcription,,9349,MUP,True,True,"[""Transcription"",""Transcription | Transcription regulation""]",target code excluded from predictors
cde_module,Transcription,Transcription,,9399,MWN,True,True,"[""Transcription"",""Transcription | Transcription regulation""]",target code excluded from predictors
cde_module,Transcription,Transcription,,9655,NGJ,True,True,"[""Transcription"",""Transcription | Transcription regulation""]",target code excluded from predictors
cde_module,Transcription,Transcription,,9656,NGK,True,True,"[""Transcription"",""Transcription | Transcription regulation""]",target code excluded from predictors
cde_module,Transcription,Transcription,,9657,NGL,True,True,"[""Transcription"",""Transcription | Transcription regulation""]",target code excluded from predictors
cde_module,Transcription,Transcription,,9689,NHR,True,True,"[""Transcription"",""Transcription | Transcription regulation""]",target code excluded from predictors
cde_module,Transcription,Transcription,,9708,NIK,True,True,"[""Transcription"",""Transcription | Transcription regulation""]",target code excluded from predictors
cde_module,Transcription,Transcription,,9746,NJW,True,True,"[""Transcription"",""Transcription | Transcription regulation""]",target code excluded from predictors
cde_module,Transcription,Transcription,,9747,NJX,True,True,"[""Transcription"",""Transcription | Transcription regulation""]",target code excluded from predictors
cde_module,Transcription,Transcription,,9748,NJY,True,True,"[""Transcription"",""Transcription | Transcription regulation""]",target code excluded from predictors
cde_module,Transcription,Transcription,,9766,NKQ,True,True,"[""Transcription"",""Transcription | Transcription regulation""]",target code excluded from predictors
cde_module,Transcription,Transcription,,9767,NKR,True,True,"[""Transcription"",""Transcription | Transcription regulation""]",target code excluded from predictors
cde_module,Transcription,Transcription,,9768,NKS,True,True,"[""Transcription"",""Transcription | Transcription regulation""]",target code excluded from predictors
cde_module,Transcription,Transcription,,9769,NKT,True,True,"[""Transcription"",""Transcription | Transcription regulation""]",target code excluded from predictors
cde_module,Transcription,Transcription,,9770,NKU,True,True,"[""Transcription"",""Transcription | Transcription regulation""]",target code excluded from predictors
cde_module,Transcription,Transcription,,9771,NKV,True,True,"[""Transcription"",""Transcription | Transcription regulation""]",target code excluded from predictors
cde_module,Transcription,Transcription,,9772,NKW,True,True,"[""Transcription"",""Transcription | Transcription regulation""]",target code excluded from predictors
cde_module,Transcription,Transcription,,9773,NKX,True,True,"[""Transcription"",""Transcription | Transcription regulation""]",target code excluded from predictors
cde_module,Transcription,Transcription,,9788,NLM,True,True,"[""Transcription"",""Transcription | Transcription regulation""]",target code excluded from predictors
cde_module,Transcription,Transcription,,9791,NLP,True,True,"[""Transcription"",""Transcription | Transcription regulation""]",target code excluded from predictors
cde_module,Transcription,Transcription,,9792,NLQ,True,True,"[""Transcription"",""Transcription | Transcription regulation""]",target code excluded from predictors
cde_module,Transcription,Transcription,,9793,NLR,True,True,"[""Transcription"",""Transcription | Transcription regulation""]",target code excluded from predictors
cde_module,Transcription,Transcription,,9794,NLS,True,True,"[""Transcription"",""Transcription | Transcription regulation""]",target code excluded from predictors
cde_module,Transcription,Transcription,,9796,NLU,True,True,"[""Transcription"",""Transcription | Transcription regulation""]",target code excluded from predictors
cde_module,Transcription,Transcription,,9797,NLV,True,True,"[""Transcription"",""Transcription | Transcription regulation""]",target code excluded from predictors
cde_module,Transcription,Transcription,,9798,NLW,True,True,"[""Transcription"",""Transcription | Transcription regulation""]",target code excluded from predictors
cde_module,Transcription,Transcription,,9799,NLX,True,True,"[""Transcription"",""Transcription | Transcription regulation""]",target code excluded from predictors
cde_module,Transcription,Transcription,,9800,NLY,True,True,"[""Transcription"",""Transcription | Transcription regulation""]",target code excluded from predictors
cde_module,Transcription,Transcription,,9801,NLZ,True,True,"[""Transcription"",""Transcription | Transcription regulation""]",target code excluded from predictors
cde_module,Transcription,Transcription,,9802,NMA,True,True,"[""Transcription"",""Transcription | Transcription regulation""]",target code excluded from predictors
cde_module,Transcription,Transcription,,9805,NMD,True,True,"[""Transcription"",""Transcription | Transcription regulation""]",target code excluded from predictors
cde_module,Transcription,Transcription,,9808,NMG,True,True,"[""Transcription"",""Transcription | Transcription regulation""]",target code excluded from predictors
cde_module,Transcription,Transcription,,9809,NMH,True,True,"[""Transcription"",""Transcription | Transcription regulation""]",target code excluded from predictors
cde_module,Transcription,Transcription,,9813,NML,True,True,"[""Transcription"",""Transcription | Transcription regulation""]",target code excluded from predictors
cde_module,Transcription,Transcription,,10083,NWV,True,True,"[""Transcription"",""Transcription | Transcription regulation""]",target code excluded from predictors
cde_module,Transcription,Transcription,,10093,NXF,True,True,"[""Transcription"",""Transcription | Transcription regulation""]",target code excluded from predictors
cde_module,Transcription,Transcription,,10095,NXH,True,True,"[""Transcription"",""Transcription | Transcription regulation""]",target code excluded from predictors
cde_module,Transcription,Transcription,,10098,NXK,True,True,"[""Transcription"",""Transcription | Transcription regulation""]",target code excluded from predictors
cde_module,Transcription,Transcription,,10100,NXM,True,True,"[""Transcription"",""Transcription | Transcription regulation""]",target code excluded from predictors
cde_module,Transcription,Transcription,,10103,NXP,True,True,"[""Transcription"",""Transcription | Transcription regulation""]",target code excluded from predictors
cde_module,Transcription,Transcription,,10105,NXR,True,True,"[""Transcription"",""Transcription | Transcription regulation""]",target code excluded from predictors
cde_module,Transcription,Transcription,,10148,NZI,True,True,"[""Transcription"",""Transcription | Transcription regulation""]",target code excluded from predictors
cde_module,Transcription,Transcription,,10149,NZJ,True,True,"[""Transcription"",""Transcription | Transcription regulation""]",target code excluded from predictors
cde_module,Transcription,Transcription,,10180,OAO,True,True,"[""Transcription"",""Transcription | Transcription regulation""]",target code excluded from predictors
cde_module,Transcription,Transcription,,10229,OCL,True,True,"[""Transcription"",""Transcription | Transcription regulation""]",target code excluded from predictors
cde_module,Transcription,Transcription,,10277,OEH,True,True,"[""Transcription"",""Transcription | Transcription regulation""]",target code excluded from predictors
cde_module,Transcription,Transcription,,10285,OEP,True,True,"[""Transcription"",""Transcription | Transcription regulation""]",target code excluded from predictors
cde_module,Transcription,Transcription,,10287,OER,True,True,"[""Transcription"",""Transcription | Transcription regulation""]",target code excluded from predictors
cde_module,Transcription,Transcription,,10292,OEW,True,True,"[""Transcription"",""Transcription | Transcription regulation""]",target code excluded from predictors
cde_module,Transcription,Transcription,,10782,OXS,True,True,"[""Transcription"",""Transcription | Transcription regulation""]",target code excluded from predictors
cde_module,Transcription,Transcription,,10847,PAF,True,True,"[""Transcription"",""Transcription | Transcription regulation""]",target code excluded from predictors
cde_module,Transcription,Transcription,,10862,PAU,True,True,"[""Transcription"",""Transcription | Transcription regulation""]",target code excluded from predictors
cde_module,Transcription,Transcription,,10881,PBN,True,True,"[""Transcription"",""Transcription | Termination & anti-termination""]",target code excluded from predictors
cde_module,Transcription,Transcription,,11079,PJD,True,True,"[""Transcription"",""Transcription | Transcription regulation""]",target code excluded from predictors
cde_module,Transcription,Transcription,,11258,PQA,True,True,"[""Transcription"",""Transcription | Transcription regulation""]",target code excluded from predictors
cde_module,Transcription,Transcription,,11363,PUB,True,True,"[""Transcription"",""Transcription | Transcription regulation""]",target code excluded from predictors
cde_module,Transcription,Transcription,,11364,PUC,True,True,"[""Transcription"",""Transcription | Transcription regulation""]",target code excluded from predictors
cde_module,Transcription,Transcription,,11366,PUE,True,True,"[""Transcription"",""Transcription | Transcription regulation""]",target code excluded from predictors
cde_module,Transcription,Transcription,,11373,PUL,True,True,"[""Transcription"",""Transcription | Transcription regulation""]",target code excluded from predictors
cde_module,Transcription,Transcription,,11401,PVN,True,True,"[""Transcription"",""Transcription | Transcription regulation""]",target code excluded from predictors
cde_module,Transcription,Transcription,,11427,PWN,True,True,"[""Transcription"",""Transcription | Transcription regulation""]",target code excluded from predictors
cde_module,Transcription,Transcription,,11461,PXV,True,True,"[""Transcription"",""Transcription | Transcription regulation""]",target code excluded from predictors
cde_module,Transcription,Transcription,,11569,QBZ,True,True,"[""Transcription"",""Transcription | Transcription regulation""]",target code excluded from predictors
cde_module,Transcription,Transcription,,11570,QCA,True,True,"[""Transcription"",""Transcription | Transcription regulation""]",target code excluded from predictors
cde_module,Transcription,Transcription,,11642,QEU,True,True,"[""Transcription"",""Transcription | Termination & anti-termination""]",target code excluded from predictors
cde_module,Transcription,Transcription,,11656,QFI,True,True,"[""Transcription"",""Transcription | Core transcription machinery""]",target code excluded from predictors
cde_module,Transcription,Transcription,,11659,QFL,True,True,"[""Transcription"",""Transcription | Initiation & promoter recognition""]",target code excluded from predictors
cde_module,Transcription,Transcription,,11660,QFM,True,True,"[""Transcription"",""Transcription | Initiation & promoter recognition""]",target code excluded from predictors
cde_module,Transcription,Transcription,,11661,QFN,True,True,"[""Transcription"",""Transcription | Initiation & promoter recognition""]",target code excluded from predictors
cde_module,Transcription,Transcription,,11662,QFO,True,True,"[""Transcription"",""Transcription | Transcription regulation""]",target code excluded from predictors
cde_module,Transcription,Transcription,,11663,QFP,True,True,"[""Transcription"",""Transcription | Transcription regulation""]",target code excluded from predictors
cde_module,Transcription,Transcription,,11664,QFQ,True,True,"[""Transcription"",""Transcription | Core transcription machinery""]",target code excluded from predictors
cde_module,Transcription,Transcription,,11665,QFR,True,True,"[""Transcription"",""Transcription | Initiation & promoter recognition""]",target code excluded from predictors
cde_module,Transcription,Transcription,,11666,QFS,True,True,"[""Transcription"",""Transcription | Initiation & promoter recognition""]",target code excluded from predictors
cde_module,Transcription,Transcription,,11667,QFT,True,True,"[""Transcription"",""Transcription | Initiation & promoter recognition""]",target code excluded from predictors
cde_module,Transcription,Transcription,,11668,QFU,True,True,"[""Transcription"",""Transcription | Initiation & promoter recognition""]",target code excluded from predictors
cde_module,Transcription,Transcription,,11669,QFV,True,True,"[""Transcription"",""Transcription | Initiation & promoter recognition""]",target code excluded from predictors
cde_module,Transcription,Transcription,,11670,QFW,True,True,"[""Transcription"",""Transcription | Initiation & promoter recognition""]",target code excluded from predictors
cde_module,Transcription,Transcription,,11671,QFX,True,True,"[""Transcription"",""Transcription | Initiation & promoter recognition""]",target code excluded from predictors
cde_module,Transcription,Transcription,,11672,QFY,True,True,"[""Transcription"",""Transcription | Initiation & promoter recognition""]",target code excluded from predictors
cde_module,Transcription,Transcription,,11673,QFZ,True,True,"[""Transcription"",""Transcription | Initiation & promoter recognition""]",target code excluded from predictors
cde_module,Transcription,Transcription,,11674,QGA,True,True,"[""Transcription"",""Transcription | Initiation & promoter recognition""]",target code excluded from predictors
cde_module,Transcription,Transcription,,11675,QGB,True,True,"[""Transcription"",""Transcription | Initiation & promoter recognition""]",target code excluded from predictors
cde_module,Transcription,Transcription,,11676,QGC,True,True,"[""Transcription"",""Transcription | Initiation & promoter recognition""]",target code excluded from predictors
cde_module,Transcription,Transcription,,11677,QGD,True,True,"[""Transcription"",""Transcription | Initiation & promoter recognition""]",target code excluded from predictors
cde_module,Transcription,Transcription,,11678,QGE,True,True,"[""Transcription"",""Transcription | Initiation & promoter recognition""]",target code excluded from predictors
cde_module,Transcription,Transcription,,11679,QGF,True,True,"[""Transcription"",""Transcription | Initiation & promoter recognition""]",target code excluded from predictors
cde_module,Transcription,Transcription,,11680,QGG,True,True,"[""Transcription"",""Transcription | Initiation & promoter recognition""]",target code excluded from predictors
cde_module,Transcription,Transcription,,11681,QGH,True,True,"[""Transcription"",""Transcription | Initiation & promoter recognition""]",target code excluded from predictors
cde_module,Transcription,Transcription,,11683,QGJ,True,True,"[""Transcription"",""Transcription | Initiation & promoter recognition""]",target code excluded from predictors
cde_module,Transcription,Transcription,,11685,QGL,True,True,"[""Transcription"",""Transcription | Initiation & promoter recognition""]",target code excluded from predictors
cde_module,Transcription,Transcription,,11686,QGM,True,True,"[""Transcription"",""Transcription | Initiation & promoter recognition""]",target code excluded from predictors
cde_module,Transcription,Transcription,,11688,QGO,True,True,"[""Transcription"",""Transcription | Initiation & promoter recognition""]",target code excluded from predictors
cde_module,Transcription,Transcription,,11689,QGP,True,True,"[""Transcription"",""Transcription | Initiation & promoter recognition""]",target code excluded from predictors
cde_module,Transcription,Transcription,,11691,QGR,True,True,"[""Transcription"",""Transcription | Initiation & promoter recognition""]",target code excluded from predictors
cde_module,Transcription,Transcription,,11692,QGS,True,True,"[""Transcription"",""Transcription | Initiation & promoter recognition""]",target code excluded from predictors
cde_module,Transcription,Transcription,,11693,QGT,True,True,"[""Transcription"",""Transcription | Initiation & promoter recognition""]",target code excluded from predictors
cde_module,Transcription,Transcription,,11694,QGU,True,True,"[""Transcription"",""Transcription | Initiation & promoter recognition""]",target code excluded from predictors
cde_module,Transcription,Transcription,,11695,QGV,True,True,"[""Transcription"",""Transcription | Initiation & promoter recognition""]",target code excluded from predictors
cde_module,Transcription,Transcription,,11696,QGW,True,True,"[""Transcription"",""Transcription | Initiation & promoter recognition""]",target code excluded from predictors
cde_module,Transcription,Transcription,,11697,QGX,True,True,"[""Transcription"",""Transcription | Initiation & promoter recognition""]",target code excluded from predictors
cde_module,Transcription,Transcription,,11698,QGY,True,True,"[""Transcription"",""Transcription | Initiation & promoter recognition""]",target code excluded from predictors
cde_module,Transcription,Transcription,,11699,QGZ,True,True,"[""Transcription"",""Transcription | Initiation & promoter recognition""]",target code excluded from predictors
cde_module,Transcription,Transcription,,11700,QHA,True,True,"[""Transcription"",""Transcription | Initiation & promoter recognition""]",target code excluded from predictors
cde_module,Transcription,Transcription,,11701,QHB,True,True,"[""Transcription"",""Transcription | Initiation & promoter recognition""]",target code excluded from predictors
cde_module,Transcription,Transcription,,11703,QHD,True,True,"[""Transcription"",""Transcription | Initiation & promoter recognition""]",target code excluded from predictors
cde_module,Transcription,Transcription,,11704,QHE,True,True,"[""Transcription"",""Transcription | Initiation & promoter recognition""]",target code excluded from predictors
cde_module,Transcription,Transcription,,11705,QHF,True,True,"[""Transcription"",""Transcription | Initiation & promoter recognition""]",target code excluded from predictors
cde_module,Transcription,Transcription,,11706,QHG,True,True,"[""Transcription"",""Transcription | Initiation & promoter recognition""]",target code excluded from predictors
cde_module,Transcription,Transcription,,11707,QHH,True,True,"[""Transcription"",""Transcription | Initiation & promoter recognition""]",target code excluded from predictors
cde_module,Transcription,Transcription,,11708,QHI,True,True,"[""Transcription"",""Transcription | Transcription regulation""]",target code excluded from predictors
cde_module,Transcription,Transcription,,11709,QHJ,True,True,"[""Transcription"",""Transcription | Transcription regulation""]",target code excluded from predictors
cde_module,Transcription,Transcription,,11710,QHK,True,True,"[""Transcription"",""Transcription | Transcription regulation""]",target code excluded from predictors
cde_module,Transcription,Transcription,,11711,QHL,True,True,"[""Transcription"",""Transcription | Transcription regulation""]",target code excluded from predictors
cde_module,Transcription,Transcription,,11754,QJC,True,True,"[""Transcription"",""Transcription | Transcription regulation""]",target code excluded from predictors
cde_module,Transcription,Transcription,,11755,QJD,True,True,"[""Transcription"",""Transcription | Transcription regulation""]",target code excluded from predictors
cde_module,Transcription,Transcription,,11757,QJF,True,True,"[""Transcription"",""Transcription | Core transcription machinery""]",target code excluded from predictors
cde_module,Transcription,Transcription,,11785,QKH,True,True,"[""Transcription"",""Transcription | Transcription regulation""]",target code excluded from predictors
cde_module,Transcription,Transcription,,11815,QLL,True,True,"[""Transcription"",""Transcription | Transcription regulation""]",target code excluded from predictors
cde_module,Transcription,Transcription,,11854,QMY,True,True,"[""Transcription"",""Transcription | Transcription regulation""]",target code excluded from predictors
cde_module,Transcription,Transcription,,11856,QNA,True,True,"[""Transcription"",""Transcription | Transcription regulation""]",target code excluded from predictors
cde_module,Transcription,Transcription,,11858,QNC,True,True,"[""Transcription"",""Transcription | Termination & anti-termination""]",target code excluded from predictors
cde_module,Transcription,Transcription,,11859,QND,True,True,"[""Transcription"",""Transcription | Termination & anti-termination""]",target code excluded from predictors
cde_module,Transcription,Transcription,,11860,QNE,True,True,"[""Transcription"",""Transcription | Termination & anti-termination""]",target code excluded from predictors
cde_module,Transcription,Transcription,,11879,QNX,True,True,"[""Transcription"",""Transcription | Transcription regulation""]",target code excluded from predictors
cde_module,Transcription,Transcription,,11916,QPI,True,True,"[""Transcription"",""Transcription | Transcription regulation""]",target code excluded from predictors
cde_module,Transcription,Transcription,,11918,QPK,True,True,"[""Transcription"",""Transcription | Initiation & promoter recognition""]",target code excluded from predictors
cde_module,Transcription,Transcription,,11924,QPQ,True,True,"[""Transcription"",""Transcription | Transcription regulation""]",target code excluded from predictors
cde_module,Transcription,Transcription,,11926,QPS,True,True,"[""Transcription"",""Transcription | Transcription regulation""]",target code excluded from predictors
cde_module,Transcription,Transcription,,11937,QQD,True,True,"[""Transcription"",""Transcription | Transcription regulation""]",target code excluded from predictors
cde_module,Transcription,Transcription,,11960,QRA,True,True,"[""Transcription"",""Transcription | Transcription regulation""]",target code excluded from predictors
cde_module,Transcription,Transcription,,12013,QTB,True,True,"[""Transcription"",""Transcription | Transcription regulation""]",target code excluded from predictors
cde_module,Transcription,Transcription,,12063,QUZ,True,True,"[""Transcription"",""Transcription | Transcription regulation""]",target code excluded from predictors
cde_module,Transcription,Transcription,,12254,RCI,True,True,"[""Transcription"",""Transcription | Transcription regulation""]",target code excluded from predictors
cde_module,Transcription,Transcription,,12348,RFY,True,True,"[""Transcription"",""Transcription | Transcription regulation""]",target code excluded from predictors
cde_module,Transcription,Transcription,,12435,RJH,True,True,"[""Transcription"",""Transcription | Transcription regulation""]",target code excluded from predictors
cde_module,Transcription,Transcription,,12455,RKB,True,True,"[""Transcription"",""Transcription | Initiation & promoter recognition""]",target code excluded from predictors
cde_module,Transcription,Transcription,,12456,RKC,True,True,"[""Transcription"",""Transcription | Initiation & promoter recognition""]",target code excluded from predictors
cde_module,Transcription,Transcription,,12468,RKO,True,True,"[""Transcription"",""Transcription | Transcription regulation""]",target code excluded from predictors
cde_module,Transcription,Transcription,,12523,RMR,True,True,"[""Transcription"",""Transcription | Transcription regulation""]",target code excluded from predictors
cde_module,Transcription,Transcription,,12951,SDD,True,True,"[""Transcription"",""Transcription | Transcription regulation""]",target code excluded from predictors
cde_module,Transcription,Transcription,,12969,SDV,True,True,"[""Transcription"",""Transcription | Transcription regulation""]",target code excluded from predictors
cde_module,Transcription,Transcription,,12970,SDW,True,True,"[""Transcription"",""Transcription | Transcription regulation""]",target code excluded from predictors
cde_module,Transcription,Transcription,,12972,SDY,True,True,"[""Transcription"",""Transcription | Transcription regulation""]",target code excluded from predictors
cde_module,Transcription,Transcription,,12973,SDZ,True,True,"[""Transcription"",""Transcription | Transcription regulation""]",target code excluded from predictors
cde_module,Transcription,Transcription,,12974,SEA,True,True,"[""Transcription"",""Transcription | Transcription regulation""]",target code excluded from predictors
cde_module,Transcription,Transcription,,13003,SFD,True,True,"[""Transcription"",""Transcription | Transcription regulation""]",target code excluded from predictors
cde_module,Transcription,Transcription,,13020,SFU,True,True,"[""Transcription"",""Transcription | Transcription regulation""]",target code excluded from predictors
cde_module,Transcription,Transcription,,13150,SKU,True,True,"[""Transcription"",""Transcription | Transcription regulation""]",target code excluded from predictors
cde_module,Transcription,Transcription,,13195,SMN,True,True,"[""Transcription"",""Transcription | Transcription regulation""]",target code excluded from predictors
cde_module,Transcription,Transcription,,13196,SMO,True,True,"[""Transcription"",""Transcription | Transcription regulation""]",target code excluded from predictors
cde_module,Transcription,Transcription,,13201,SMT,True,True,"[""Transcription"",""Transcription | Transcription regulation""]",target code excluded from predictors
cde_module,Transcription,Transcription,,13361,SSX,True,True,"[""Transcription"",""Transcription | Termination & anti-termination""]",target code excluded from predictors
cde_module,Transcription,Transcription,,13371,STH,True,True,"[""Transcription"",""Transcription | Transcription regulation""]",target code excluded from predictors
cde_module,Transcription,Transcription,,13527,SZH,True,True,"[""Transcription"",""Transcription | Transcription regulation""]",target code excluded from predictors
cde_module,Transcription,Transcription,,13542,SZW,True,True,"[""Transcription"",""Transcription | Transcription regulation""]",target code excluded from predictors
cde_module,Transcription,Transcription,,13555,TAJ,True,True,"[""Transcription"",""Transcription | Transcription regulation""]",target code excluded from predictors
cde_module,Transcription,Transcription,,13556,TAK,True,True,"[""Transcription"",""Transcription | Transcription regulation""]",target code excluded from predictors
cde_module,Transcription,Transcription,,13608,TCK,True,True,"[""Transcription"",""Transcription | Transcription regulation""]",target code excluded from predictors
cde_module,Transcription,Transcription,,13635,TDL,True,True,"[""Transcription"",""Transcription | Transcription regulation""]",target code excluded from predictors
cde_module,Transcription,Transcription,,13660,TEK,True,True,"[""Transcription"",""Transcription | Transcription regulation""]",target code excluded from predictors
cde_module,Transcription,Transcription,,13686,TFK,True,True,"[""Transcription"",""Transcription | Transcription regulation""]",target code excluded from predictors
cde_module,Transcription,Transcription,,13779,TIZ,True,True,"[""Transcription"",""Transcription | Transcription regulation""]",target code excluded from predictors
cde_module,Transcription,Transcription,,13826,TKU,True,True,"[""Transcription"",""Transcription | Transcription regulation""]",target code excluded from predictors
cde_module,Transcription,Transcription,,14221,TZZ,True,True,"[""Transcription"",""Transcription | Transcription regulation""]",target code excluded from predictors
cde_module,Transcription,Transcription,,14222,UAA,True,True,"[""Transcription"",""Transcription | Transcription regulation""]",target code excluded from predictors
cde_module,Transcription,Transcription,,14290,UCQ,True,True,"[""Transcription"",""Transcription | Transcription regulation""]",target code excluded from predictors
cde_module,Transcription,Transcription,,14300,UDA,True,True,"[""Transcription"",""Transcription | Transcription regulation""]",target code excluded from predictors
cde_module,Transcription,Transcription,,14303,UDD,True,True,"[""Transcription"",""Transcription | Transcription regulation""]",target code excluded from predictors
cde_module,Transcription,Transcription,,14385,UGH,True,True,"[""Transcription"",""Transcription | Transcription regulation""]",target code excluded from predictors
cde_module,Transcription,Transcription,,14432,UIC,True,True,"[""Transcription"",""Transcription | Transcription regulation""]",target code excluded from predictors
cde_module,Transcription,Transcription,,14598,UOM,True,True,"[""Transcription"",""Transcription | Transcription regulation""]",target code excluded from predictors
cde_module,Transcription,Transcription,,14619,UPH,True,True,"[""Transcription"",""Transcription | Transcription regulation""]",target code excluded from predictors
cde_module,Transcription,Transcription,,15130,VIY,True,True,"[""Transcription"",""Transcription | Transcription regulation""]",target code excluded from predictors
cde_module,Transcription,Transcription,,15231,VMV,True,True,"[""Transcription"",""Transcription | Termination & anti-termination""]",target code excluded from predictors
cde_module,Transcription,Transcription,,15232,VMW,True,True,"[""Transcription"",""Transcription | Termination & anti-termination""]",target code excluded from predictors
cde_module,Transcription,Transcription,,15233,VMX,True,True,"[""Transcription"",""Transcription | Termination & anti-termination""]",target code excluded from predictors
cde_module,Transcription,Transcription,,15234,VMY,True,True,"[""Transcription"",""Transcription | Termination & anti-termination""]",target code excluded from predictors
cde_module,Transcription,Transcription,,15235,VMZ,True,True,"[""Transcription"",""Transcription | Termination & anti-termination""]",target code excluded from predictors
cde_module,Transcription,Transcription,,15236,VNA,True,True,"[""Transcription"",""Transcription | Termination & anti-termination""]",target code excluded from predictors
cde_module,Transcription,Transcription,,15237,VNB,True,True,"[""Transcription"",""Transcription | Termination & anti-termination""]",target code excluded from predictors
cde_module,Transcription,Transcription,,15293,VPF,True,True,"[""Transcription"",""Transcription | Transcription regulation""]",target code excluded from predictors
cde_module,Transcription,Transcription,,15404,VTM,True,True,"[""Transcription"",""Transcription | Transcription regulation""]",target code excluded from predictors
cde_module,Transcription,Transcription,,15518,VXW,True,True,"[""Transcription"",""Transcription | Transcription regulation""]",target code excluded from predictors
cde_module,Transcription,Transcription,,15634,WCI,True,True,"[""Transcription"",""Transcription | Termination & anti-termination""]",target code excluded from predictors
cde_module,Transcription,Transcription,,15767,WHL,True,True,"[""Transcription"",""Transcription | Transcription regulation""]",target code excluded from predictors
cde_module,Transcription,Transcription,,15768,WHM,True,True,"[""Transcription"",""Transcription | Transcription regulation""]",target code excluded from predictors
cde_module,Transcription,Transcription,,15834,WKA,True,True,"[""Transcription"",""Transcription | Transcription regulation""]",target code excluded from predictors
cde_module,Transcription,Transcription,,15944,WOG,True,True,"[""Transcription"",""Transcription | Transcription regulation""]",target code excluded from predictors
cde_module,Transcription,Transcription,,15993,WQD,True,True,"[""Transcription"",""Transcription | Transcription regulation""]",target code excluded from predictors
cde_module,Transcription,Transcription,,15995,WQF,True,True,"[""Transcription"",""Transcription | Transcription regulation""]",target code excluded from predictors
cde_module,Transcription,Transcription,,16012,WQW,True,True,"[""Transcription"",""Transcription | Transcription regulation""]",target code excluded from predictors
cde_module,Transcription,Transcription,,16044,WSC,True,True,"[""Transcription"",""Transcription | Transcription regulation""]",target code excluded from predictors
cde_module,Transcription,Transcription,,16211,WYN,True,True,"[""Transcription"",""Transcription | Transcription regulation""]",target code excluded from predictors
cde_module,Transcription,Transcription,,16284,XBI,True,True,"[""Transcription"",""Transcription | Transcription regulation""]",target code excluded from predictors
cde_module,Transcription,Transcription,,16411,XGF,True,True,"[""Transcription"",""Transcription | Transcription regulation""]",target code excluded from predictors
cde_module,Transcription,Transcription,,16664,XPY,True,True,"[""Transcription"",""Transcription | Transcription regulation""]",target code excluded from predictors
cde_module,Transcription,Transcription,,16768,XTY,True,True,"[""Transcription"",""Transcription | Transcription regulation""]",target code excluded from predictors
cde_module,Transcription,Transcription,,16784,XUO,True,True,"[""Transcription"",""Transcription | Transcription regulation""]",target code excluded from predictors
cde_module,Transcription,Transcription,,16787,XUR,True,True,"[""Transcription"",""Transcription | Transcription regulation""]",target code excluded from predictors
cde_module,Transcription,Transcription,,17101,YGT,True,True,"[""Transcription"",""Transcription | Transcription regulation""]",target code excluded from predictors
cde_module,Transcription,Transcription,,17117,YHJ,True,True,"[""Transcription"",""Transcription | Transcription regulation""]",target code excluded from predictors
cde_module,Transcription,Transcription,,17334,YPS,True,True,"[""Transcription"",""Transcription | Transcription regulation""]",target code excluded from predictors
cde_module,Transcription,Transcription,,17613,ZAL,True,True,"[""Transcription"",""Transcription | Transcription regulation""]",target code excluded from predictors
cde_module,Transcription,Transcription,,17942,ZNC,True,True,"[""Transcription"",""Transcription | Transcription regulation""]",target code excluded from predictors
cde_module,Transcription,Transcription,,18039,ZQV,True,True,"[""Transcription"",""Transcription | Transcription regulation""]",target code excluded from predictors
cde_module,Transcription,Transcription,,18209,ZXJ,True,True,"[""Transcription"",""Transcription | Transcription regulation""]",target code excluded from predictors
cde_module,Transcription,Transcription,,18231,ZYF,True,True,"[""Transcription"",""Transcription | Transcription regulation""]",target code excluded from predictors
cde_module,Transcription,Transcription,,18515,AAJD,True,True,"[""Transcription"",""Transcription | Transcription regulation""]",target code excluded from predictors
cde_module,Transcription,Transcription,,18516,AAJE,True,True,"[""Transcription"",""Transcription | Transcription regulation""]",target code excluded from predictors
cde_module,Transcription,Transcription,,18724,AARE,True,True,"[""Transcription"",""Transcription | Transcription regulation""]",target code excluded from predictors
cde_module,Transcription,Transcription,,18776,AATE,True,True,"[""Transcription"",""Transcription | Initiation & promoter recognition""]",target code excluded from predictors
cde_module,Transcription,Transcription,,18777,AATF,True,True,"[""Transcription"",""Transcription | Transcription regulation""]",target code excluded from predictors
cde_module,Transcription,Transcription,,18779,AATH,True,True,"[""Transcription"",""Transcription | Transcription regulation""]",target code excluded from predictors
cde_module,Transcription,Transcription,,18786,AATO,True,True,"[""Transcription"",""Transcription | Transcription regulation""]",target code excluded from predictors
cde_module,Transcription,Transcription,,18830,AAVG,True,True,"[""Transcription"",""Transcription | Transcription regulation""]",target code excluded from predictors
cde_module,Transcription,Transcription,,18831,AAVH,True,True,"[""Transcription"",""Transcription | Transcription regulation""]",target code excluded from predictors
cde_module,Transcription,Transcription,,19013,ABCH,True,True,"[""Transcription"",""Transcription | Transcription regulation""]",target code excluded from predictors
cde_module,Transcription,Transcription,,19014,ABCI,True,True,"[""Transcription"",""Transcription | Transcription regulation""]",target code excluded from predictors
cde_module,Transcription,Transcription,,19015,ABCJ,True,True,"[""Transcription"",""Transcription | Transcription regulation""]",target code excluded from predictors
cde_module,Transcription,Transcription,,19221,ABKH,True,True,"[""Transcription"",""Transcription | Transcription regulation""]",target code excluded from predictors
cde_module,Transcription,Transcription,,19313,ABNV,True,True,"[""Transcription"",""Transcription | Transcription regulation""]",target code excluded from predictors
cde_module,Transcription,Transcription,,19422,ABSA,True,True,"[""Transcription"",""Transcription | Termination & anti-termination""]",target code excluded from predictors
cde_module,Transcription,Transcription,,19623,ABZT,True,True,"[""Transcription"",""Transcription | Termination & anti-termination""]",target code excluded from predictors
cde_module,Transcription,Transcription,,19653,ACAX,True,True,"[""Transcription"",""Transcription | Transcription regulation""]",target code excluded from predictors
cde_module,Transcription,Transcription,,20001,ACOH,True,True,"[""Transcription"",""Transcription | Transcription regulation""]",target code excluded from predictors
cde_module,Transcription,Transcription,,20027,ACPH,True,True,"[""Transcription"",""Transcription | Transcription regulation""]",target code excluded from predictors
cde_module,Transcription,Transcription,,20059,ACQN,True,True,"[""Transcription"",""Transcription | Transcription regulation""]",target code excluded from predictors
cde_module,Transcription,Transcription,,20337,ADBF,True,True,"[""Transcription"",""Transcription | Transcription regulation""]",target code excluded from predictors
cde_module,Transcription,Transcription,,20453,ADFR,True,True,"[""Transcription"",""Transcription | Transcription regulation""]",target code excluded from predictors
cde_module,Transcription,Transcription,,20681,ADOL,True,True,"[""Transcription"",""Transcription | Transcription regulation""]",target code excluded from predictors
cde_module,Transcription,Transcription,,20719,ADPX,True,True,"[""Transcription"",""Transcription | Transcription regulation""]",target code excluded from predictors
cde_module,Transcription,Transcription,,20739,ADQR,True,True,"[""Transcription"",""Transcription | Transcription regulation""]",target code excluded from predictors
cde_module,Transcription,Transcription,,20742,ADQU,True,True,"[""Transcription"",""Transcription | Transcription regulation""]",target code excluded from predictors
cde_module,Transcription,Transcription,,20808,ADTI,True,True,"[""Transcription"",""Transcription | Transcription regulation""]",target code excluded from predictors
cde_module,Transcription,Transcription,,20959,ADZD,True,True,"[""Transcription"",""Transcription | Transcription regulation""]",target code excluded from predictors
cde_module,Transcription,Transcription,,21282,AELO,True,True,"[""Transcription"",""Transcription | Transcription regulation""]",target code excluded from predictors
cde_module,Transcription,Transcription,,21320,AENA,True,True,"[""Transcription"",""Transcription | Transcription regulation""]",target code excluded from predictors
cde_module,Transcription,Transcription,,21415,AEQR,True,True,"[""Transcription"",""Transcription | Transcription regulation""]",target code excluded from predictors
cde_module,Transcription,Transcription,,21526,AEUY,True,True,"[""Transcription"",""Transcription | Transcription regulation""]",target code excluded from predictors
cde_module,Transcription,Transcription,,21527,AEUZ,True,True,"[""Transcription"",""Transcription | Transcription regulation""]",target code excluded from predictors
cde_module,Transcription,Transcription,,21528,AEVA,True,True,"[""Transcription"",""Transcription | Transcription regulation""]",target code excluded from predictors
cde_module,Transcription,Transcription,,21539,AEVL,True,True,"[""Transcription"",""Transcription | Transcription regulation""]",target code excluded from predictors
cde_module,Transcription,Transcription,,21556,AEWC,True,True,"[""Transcription"",""Transcription | Transcription regulation""]",target code excluded from predictors
cde_module,Transcription,Transcription,,21560,AEWG,True,True,"[""Transcription"",""Transcription | Transcription regulation""]",target code excluded from predictors
cde_module,Transcription,Transcription,,21846,AFHG,True,True,"[""Transcription"",""Transcription | Transcription regulation""]",target code excluded from predictors
cde_module,Transcription,Transcription,,22043,AFOV,True,True,"[""Transcription"",""Transcription | Transcription regulation""]",target code excluded from predictors
cde_module,Transcription,Transcription,,22075,AFQB,True,True,"[""Transcription"",""Transcription | Transcription regulation""]",target code excluded from predictors
cde_module,Transcription,Transcription,,22087,AFQN,True,True,"[""Transcription"",""Transcription | Transcription regulation""]",target code excluded from predictors
cde_module,Transcription,Transcription,,22091,AFQR,True,True,"[""Transcription"",""Transcription | Transcription regulation""]",target code excluded from predictors
cde_module,Transcription,Transcription,,22098,AFQY,True,True,"[""Transcription"",""Transcription | Transcription regulation""]",target code excluded from predictors
cde_module,Transcription,Transcription,,22141,AFSP,True,True,"[""Transcription"",""Transcription | Transcription regulation""]",target code excluded from predictors
cde_module,Transcription,Transcription,,22142,AFSQ,True,True,"[""Transcription"",""Transcription | Transcription regulation""]",target code excluded from predictors
cde_module,Transcription,Transcription,,22163,AFTL,True,True,"[""Transcription"",""Transcription | Transcription regulation""]",target code excluded from predictors
cde_module,Transcription,Transcription,,22175,AFTX,True,True,"[""Transcription"",""Transcription | Transcription regulation""]",target code excluded from predictors
cde_module,Transcription,Transcription,,22226,AFVW,True,True,"[""Transcription"",""Transcription | Transcription regulation""]",target code excluded from predictors
cde_module,Transcription,Transcription,,22302,AFYU,True,True,"[""Transcription"",""Transcription | Transcription regulation""]",target code excluded from predictors
cde_module,Transcription,Transcription,,22327,AFZT,True,True,"[""Transcription"",""Transcription | Transcription regulation""]",target code excluded from predictors
cde_module,Transcription,Transcription,,22363,AGBD,True,True,"[""Transcription"",""Transcription | Transcription regulation""]",target code excluded from predictors
cde_module,Transcription,Transcription,,22369,AGBJ,True,True,"[""Transcription"",""Transcription | Transcription regulation""]",target code excluded from predictors
cde_module,Transcription,Transcription,,22611,AGKR,True,True,"[""Transcription"",""Transcription | Transcription regulation""]",target code excluded from predictors
cde_module,Transcription,Transcription,,22633,AGLN,True,True,"[""Transcription"",""Transcription | Transcription regulation""]",target code excluded from predictors
cde_module,Transcription,Transcription,,22724,AGPA,True,True,"[""Transcription"",""Transcription | Transcription regulation""]",target code excluded from predictors
cde_module,Transcription,Transcription,,23142,AHFC,True,True,"[""Transcription"",""Transcription | Termination & anti-termination""]",target code excluded from predictors
cde_module,Transcription,Transcription,,23221,AHID,True,True,"[""Transcription"",""Transcription | Transcription regulation""]",target code excluded from predictors
cde_module,Transcription,Transcription,,23222,AHIE,True,True,"[""Transcription"",""Transcription | Transcription regulation""]",target code excluded from predictors
cde_module,Transcription,Transcription,,23270,AHKA,True,True,"[""Transcription"",""Transcription | Transcription regulation""]",target code excluded from predictors
cde_module,Transcription,Transcription,,23271,AHKB,True,True,"[""Transcription"",""Transcription | Transcription regulation""]",target code excluded from predictors
cde_module,Transcription,Transcription,,23353,AHNF,True,True,"[""Transcription"",""Transcription | Transcription regulation""]",target code excluded from predictors
cde_module,Transcription,Transcription,,23544,AHUO,True,True,"[""Transcription"",""Transcription | Transcription regulation""]",target code excluded from predictors
cde_module,Transcription,Transcription,,23546,AHUQ,True,True,"[""Transcription"",""Transcription | Transcription regulation""]",target code excluded from predictors
cde_module,Transcription,Transcription,,23547,AHUR,True,True,"[""Transcription"",""Transcription | Transcription regulation""]",target code excluded from predictors
cde_module,Transcription,Transcription,,23722,AIBK,True,True,"[""Transcription"",""Transcription | Transcription regulation""]",target code excluded from predictors
cde_module,Transcription,Transcription,,23788,AIDY,True,True,"[""Transcription"",""Transcription | Transcription regulation""]",target code excluded from predictors
cde_module,Transcription,Transcription,,23987,AILP,True,True,"[""Transcription"",""Transcription | Transcription regulation""]",target code excluded from predictors
cde_module,Transcription,Transcription,,24184,AITE,True,True,"[""Transcription"",""Transcription | Transcription regulation""]",target code excluded from predictors
cde_module,Transcription,Transcription,,24676,AJMC,True,True,"[""Transcription"",""Transcription | Transcription regulation""]",target code excluded from predictors
cde_module,Transcription,Transcription,,24683,AJMJ,True,True,"[""Transcription"",""Transcription | Transcription regulation""]",target code excluded from predictors
cde_module,Transcription,Transcription,,24684,AJMK,True,True,"[""Transcription"",""Transcription | Transcription regulation""]",target code excluded from predictors
cde_module,Transcription,Transcription,,24795,AJQR,True,True,"[""Transcription"",""Transcription | Transcription regulation""]",target code excluded from predictors
cde_module,Transcription,Transcription,,24861,AJTF,True,True,"[""Transcription"",""Transcription | Transcription regulation""]",target code excluded from predictors
cde_module,Transcription,Transcription,,24862,AJTG,True,True,"[""Transcription"",""Transcription | Transcription regulation""]",target code excluded from predictors
cde_module,Transcription,Transcription,,24863,AJTH,True,True,"[""Transcription"",""Transcription | Transcription regulation""]",target code excluded from predictors
cde_module,Transcription,Transcription,,25089,AKBZ,True,True,"[""Transcription"",""Transcription | Transcription regulation""]",target code excluded from predictors
cde_module,Transcription,Transcription,,25108,AKCS,True,True,"[""Transcription"",""Transcription | Transcription regulation""]",target code excluded from predictors
cde_module,Transcription,Transcription,,25125,AKDJ,True,True,"[""Transcription"",""Transcription | Transcription regulation""]",target code excluded from predictors
cde_module,Transcription,Transcription,,25164,AKEW,True,True,"[""Transcription"",""Transcription | Transcription regulation""]",target code excluded from predictors
cde_module,Transcription,Transcription,,25387,AKNL,True,True,"[""Transcription"",""Transcription | Transcription regulation""]",target code excluded from predictors
cde_module,Transcription,Transcription,,25614,AKWE,True,True,"[""Transcription"",""Transcription | Transcription regulation""]",target code excluded from predictors
cde_module,Transcription,Transcription,,25678,AKYQ,True,True,"[""Transcription"",""Transcription | Transcription regulation""]",target code excluded from predictors
cde_module,Transcription,Transcription,,25861,ALFR,True,True,"[""Transcription"",""Transcription | Transcription regulation""]",target code excluded from predictors
cde_module,Transcription,Transcription,,25862,ALFS,True,True,"[""Transcription"",""Transcription | Transcription regulation""]",target code excluded from predictors
cde_module,Transcription,Transcription,,25864,ALFU,True,True,"[""Transcription"",""Transcription | Transcription regulation""]",target code excluded from predictors
cde_module,Transcription,Transcription,,25869,ALFZ,True,True,"[""Transcription"",""Transcription | Transcription regulation""]",target code excluded from predictors
cde_module,Transcription,Transcription,,25873,ALGD,True,True,"[""Transcription"",""Transcription | Transcription regulation""]",target code excluded from predictors
cde_module,Transcription,Transcription,,25875,ALGF,True,True,"[""Transcription"",""Transcription | Transcription regulation""]",target code excluded from predictors
cde_module,Transcription,Transcription,,25879,ALGJ,True,True,"[""Transcription"",""Transcription | Transcription regulation""]",target code excluded from predictors
cde_module,Transcription,Transcription,,25880,ALGK,True,True,"[""Transcription"",""Transcription | Transcription regulation""]",target code excluded from predictors
cde_module,Transcription,Transcription,,25883,ALGN,True,True,"[""Transcription"",""Transcription | Transcription regulation""]",target code excluded from predictors
cde_module,Transcription,Transcription,,25886,ALGQ,True,True,"[""Transcription"",""Transcription | Initiation & promoter recognition""]",target code excluded from predictors
cde_module,Transcription,Transcription,,25887,ALGR,True,True,"[""Transcription"",""Transcription | Initiation & promoter recognition""]",target code excluded from predictors
cde_module,Transcription,Transcription,,26271,ALVL,True,True,"[""Transcription"",""Transcription | Transcription regulation""]",target code excluded from predictors
cde_module,Transcription,Transcription,,26283,ALVX,True,True,"[""Transcription"",""Transcription | Transcription regulation""]",target code excluded from predictors
cde_module,Transcription,Transcription,,26620,AMIW,True,True,"[""Transcription"",""Transcription | Transcription regulation""]",target code excluded from predictors
cde_module,Transcription,Transcription,,26638,AMJO,True,True,"[""Transcription"",""Transcription | Transcription regulation""]",target code excluded from predictors
cde_module,Transcription,Transcription,,26644,AMJU,True,True,"[""Transcription"",""Transcription | Transcription regulation""]",target code excluded from predictors
cde_module,Transcription,Transcription,,26762,AMOI,True,True,"[""Transcription"",""Transcription | Transcription regulation""]",target code excluded from predictors
cde_module,Transcription,Transcription,,27355,ANLD,True,True,"[""Transcription"",""Transcription | Termination & anti-termination""]",target code excluded from predictors
cde_module,Transcription,Transcription,,27356,ANLE,True,True,"[""Transcription"",""Transcription | Termination & anti-termination""]",target code excluded from predictors
cde_module,Transcription,Transcription,,27357,ANLF,True,True,"[""Transcription"",""Transcription | Termination & anti-termination""]",target code excluded from predictors
cde_module,Transcription,Transcription,,27358,ANLG,True,True,"[""Transcription"",""Transcription | Termination & anti-termination""]",target code excluded from predictors
cde_module,Transcription,Transcription,,27359,ANLH,True,True,"[""Transcription"",""Transcription | Termination & anti-termination""]",target code excluded from predictors
cde_module,Transcription,Transcription,,27362,ANLK,True,True,"[""Transcription"",""Transcription | Termination & anti-termination""]",target code excluded from predictors
cde_module,Transcription,Transcription,,27389,ANML,True,True,"[""Transcription"",""Transcription | Termination & anti-termination""]",target code excluded from predictors
cde_module,Transcription,Transcription,,27390,ANMM,True,True,"[""Transcription"",""Transcription | Termination & anti-termination""]",target code excluded from predictors
cde_module,Transcription,Transcription,,27391,ANMN,True,True,"[""Transcription"",""Transcription | Termination & anti-termination""]",target code excluded from predictors
cde_module,Transcription,Transcription,,27392,ANMO,True,True,"[""Transcription"",""Transcription | Termination & anti-termination""]",target code excluded from predictors
cde_module,Transcription,Transcription,,27393,ANMP,True,True,"[""Transcription"",""Transcription | Termination & anti-termination""]",target code excluded from predictors
cde_module,Transcription,Transcription,,27394,ANMQ,True,True,"[""Transcription"",""Transcription | Termination & anti-termination""]",target code excluded from predictors
cde_module,Transcription,Transcription,,27409,ANNF,True,True,"[""Transcription"",""Transcription | Termination & anti-termination""]",target code excluded from predictors
cde_module,Transcription,Transcription,,27410,ANNG,True,True,"[""Transcription"",""Transcription | Termination & anti-termination""]",target code excluded from predictors
cde_module,Transcription,Transcription,,27412,ANNI,True,True,"[""Transcription"",""Transcription | Termination & anti-termination""]",target code excluded from predictors
cde_module,Transcription,Transcription,,27415,ANNL,True,True,"[""Transcription"",""Transcription | Transcription regulation""]",target code excluded from predictors
cde_module,Transcription,Transcription,,27417,ANNN,True,True,"[""Transcription"",""Transcription | Transcription regulation""]",target code excluded from predictors
cde_module,Transcription,Transcription,,27418,ANNO,True,True,"[""Transcription"",""Transcription | Transcription regulation""]",target code excluded from predictors
cde_module,Transcription,Transcription,,27419,ANNP,True,True,"[""Transcription"",""Transcription | Transcription regulation""]",target code excluded from predictors
cde_module,Transcription,Transcription,,27420,ANNQ,True,True,"[""Transcription"",""Transcription | Transcription regulation""]",target code excluded from predictors
cde_module,Transcription,Transcription,,27421,ANNR,True,True,"[""Transcription"",""Transcription | Transcription regulation""]",target code excluded from predictors
cde_module,Transcription,Transcription,,27422,ANNS,True,True,"[""Transcription"",""Transcription | Transcription regulation""]",target code excluded from predictors
cde_module,Transcription,Transcription,,27424,ANNU,True,True,"[""Transcription"",""Transcription | Transcription regulation""]",target code excluded from predictors
cde_module,Transcription,Transcription,,27427,ANNX,True,True,"[""Transcription"",""Transcription | Transcription regulation""]",target code excluded from predictors
cde_module,Transcription,Transcription,,27429,ANNZ,True,True,"[""Transcription"",""Transcription | Transcription regulation""]",target code excluded from predictors
cde_module,Transcription,Transcription,,27430,ANOA,True,True,"[""Transcription"",""Transcription | Transcription regulation""]",target code excluded from predictors
cde_module,Transcription,Transcription,,27432,ANOC,True,True,"[""Transcription"",""Transcription | Transcription regulation""]",target code excluded from predictors
cde_module,Transcription,Transcription,,27433,ANOD,True,True,"[""Transcription"",""Transcription | Transcription regulation""]",target code excluded from predictors
cde_module,Transcription,Transcription,,27434,ANOE,True,True,"[""Transcription"",""Transcription | Transcription regulation""]",target code excluded from predictors
cde_module,Transcription,Transcription,,27435,ANOF,True,True,"[""Transcription"",""Transcription | Transcription regulation""]",target code excluded from predictors
cde_module,Transcription,Transcription,,27436,ANOG,True,True,"[""Transcription"",""Transcription | Transcription regulation""]",target code excluded from predictors
cde_module,Transcription,Transcription,,27437,ANOH,True,True,"[""Transcription"",""Transcription | Transcription regulation""]",target code excluded from predictors
cde_module,Transcription,Transcription,,27439,ANOJ,True,True,"[""Transcription"",""Transcription | Transcription regulation""]",target code excluded from predictors
cde_module,Transcription,Transcription,,27440,ANOK,True,True,"[""Transcription"",""Transcription | Transcription regulation""]",target code excluded from predictors
cde_module,Transcription,Transcription,,27441,ANOL,True,True,"[""Transcription"",""Transcription | Transcription regulation""]",target code excluded from predictors
cde_module,Transcription,Transcription,,27443,ANON,True,True,"[""Transcription"",""Transcription | Transcription regulation""]",target code excluded from predictors
cde_module,Transcription,Transcription,,27444,ANOO,True,True,"[""Transcription"",""Transcription | Transcription regulation""]",target code excluded from predictors
cde_module,Transcription,Transcription,,27445,ANOP,True,True,"[""Transcription"",""Transcription | Transcription regulation""]",target code excluded from predictors
cde_module,Transcription,Transcription,,27446,ANOQ,True,True,"[""Transcription"",""Transcription | Transcription regulation""]",target code excluded from predictors
cde_module,Transcription,Transcription,,27447,ANOR,True,True,"[""Transcription"",""Transcription | Transcription regulation""]",target code excluded from predictors
cde_module,Transcription,Transcription,,27448,ANOS,True,True,"[""Transcription"",""Transcription | Transcription regulation""]",target code excluded from predictors
cde_module,Transcription,Transcription,,27449,ANOT,True,True,"[""Transcription"",""Transcription | Transcription regulation""]",target code excluded from predictors
cde_module,Transcription,Transcription,,27453,ANOX,True,True,"[""Transcription"",""Transcription | Transcription regulation""]",target code excluded from predictors
cde_module,Transcription,Transcription,,27454,ANOY,True,True,"[""Transcription"",""Transcription | Transcription regulation""]",target code excluded from predictors
cde_module,Transcription,Transcription,,27455,ANOZ,True,True,"[""Transcription"",""Transcription | Transcription regulation""]",target code excluded from predictors
cde_module,Transcription,Transcription,,27456,ANPA,True,True,"[""Transcription"",""Transcription | Transcription regulation""]",target code excluded from predictors
cde_module,Transcription,Transcription,,27459,ANPD,True,True,"[""Transcription"",""Transcription | Transcription regulation""]",target code excluded from predictors
cde_module,Transcription,Transcription,,27460,ANPE,True,True,"[""Transcription"",""Transcription | Transcription regulation""]",target code excluded from predictors
cde_module,Transcription,Transcription,,27461,ANPF,True,True,"[""Transcription"",""Transcription | Transcription regulation""]",target code excluded from predictors
cde_module,Transcription,Transcription,,27462,ANPG,True,True,"[""Transcription"",""Transcription | Transcription regulation""]",target code excluded from predictors
cde_module,Transcription,Transcription,,27463,ANPH,True,True,"[""Transcription"",""Transcription | Transcription regulation""]",target code excluded from predictors
cde_module,Transcription,Transcription,,27466,ANPK,True,True,"[""Transcription"",""Transcription | Transcription regulation""]",target code excluded from predictors
cde_module,Transcription,Transcription,,27467,ANPL,True,True,"[""Transcription"",""Transcription | Transcription regulation""]",target code excluded from predictors
cde_module,Transcription,Transcription,,27468,ANPM,True,True,"[""Transcription"",""Transcription | Transcription regulation""]",target code excluded from predictors
cde_module,Transcription,Transcription,,27469,ANPN,True,True,"[""Transcription"",""Transcription | Transcription regulation""]",target code excluded from predictors
cde_module,Transcription,Transcription,,27470,ANPO,True,True,"[""Transcription"",""Transcription | Transcription regulation""]",target code excluded from predictors
cde_module,Transcription,Transcription,,27473,ANPR,True,True,"[""Transcription"",""Transcription | Transcription regulation""]",target code excluded from predictors
cde_module,Transcription,Transcription,,27475,ANPT,True,True,"[""Transcription"",""Transcription | Transcription regulation""]",target code excluded from predictors
cde_module,Transcription,Transcription,,27479,ANPX,True,True,"[""Transcription"",""Transcription | Transcription regulation""]",target code excluded from predictors
cde_module,Transcription,Transcription,,27480,ANPY,True,True,"[""Transcription"",""Transcription | Transcription regulation""]",target code excluded from predictors
cde_module,Transcription,Transcription,,27482,ANQA,True,True,"[""Transcription"",""Transcription | Transcription regulation""]",target code excluded from predictors
cde_module,Transcription,Transcription,,27483,ANQB,True,True,"[""Transcription"",""Transcription | Transcription regulation""]",target code excluded from predictors
cde_module,Transcription,Transcription,,27484,ANQC,True,True,"[""Transcription"",""Transcription | Transcription regulation""]",target code excluded from predictors
cde_module,Transcription,Transcription,,27486,ANQE,True,True,"[""Transcription"",""Transcription | Transcription regulation""]",target code excluded from predictors
cde_module,Transcription,Transcription,,27487,ANQF,True,True,"[""Transcription"",""Transcription | Transcription regulation""]",target code excluded from predictors
cde_module,Transcription,Transcription,,27488,ANQG,True,True,"[""Transcription"",""Transcription | Transcription regulation""]",target code excluded from predictors
cde_module,Transcription,Transcription,,27489,ANQH,True,True,"[""Transcription"",""Transcription | Transcription regulation""]",target code excluded from predictors
cde_module,Transcription,Transcription,,27490,ANQI,True,True,"[""Transcription"",""Transcription | Transcription regulation""]",target code excluded from predictors
cde_module,Transcription,Transcription,,27491,ANQJ,True,True,"[""Transcription"",""Transcription | Transcription regulation""]",target code excluded from predictors
cde_module,Transcription,Transcription,,27492,ANQK,True,True,"[""Transcription"",""Transcription | Transcription regulation""]",target code excluded from predictors
cde_module,Transcription,Transcription,,27493,ANQL,True,True,"[""Transcription"",""Transcription | Transcription regulation""]",target code excluded from predictors
cde_module,Transcription,Transcription,,27494,ANQM,True,True,"[""Transcription"",""Transcription | Transcription regulation""]",target code excluded from predictors
cde_module,Transcription,Transcription,,27495,ANQN,True,True,"[""Transcription"",""Transcription | Transcription regulation""]",target code excluded from predictors
cde_module,Transcription,Transcription,,27496,ANQO,True,True,"[""Transcription"",""Transcription | Transcription regulation""]",target code excluded from predictors
cde_module,Transcription,Transcription,,27499,ANQR,True,True,"[""Transcription"",""Transcription | Transcription regulation""]",target code excluded from predictors
cde_module,Transcription,Transcription,,27500,ANQS,True,True,"[""Transcription"",""Transcription | Transcription regulation""]",target code excluded from predictors
cde_module,Transcription,Transcription,,27501,ANQT,True,True,"[""Transcription"",""Transcription | Transcription regulation""]",target code excluded from predictors
cde_module,Transcription,Transcription,,27502,ANQU,True,True,"[""Transcription"",""Transcription | Transcription regulation""]",target code excluded from predictors
cde_module,Transcription,Transcription,,27503,ANQV,True,True,"[""Transcription"",""Transcription | Transcription regulation""]",target code excluded from predictors
cde_module,Transcription,Transcription,,27504,ANQW,True,True,"[""Transcription"",""Transcription | Transcription regulation""]",target code excluded from predictors
cde_module,Transcription,Transcription,,27505,ANQX,True,True,"[""Transcription"",""Transcription | Transcription regulation""]",target code excluded from predictors
cde_module,Transcription,Transcription,,27506,ANQY,True,True,"[""Transcription"",""Transcription | Transcription regulation""]",target code excluded from predictors
cde_module,Transcription,Transcription,,27508,ANRA,True,True,"[""Transcription"",""Transcription | Transcription regulation""]",target code excluded from predictors
cde_module,Transcription,Transcription,,27509,ANRB,True,True,"[""Transcription"",""Transcription | Transcription regulation""]",target code excluded from predictors
cde_module,Transcription,Transcription,,27510,ANRC,True,True,"[""Transcription"",""Transcription | Transcription regulation""]",target code excluded from predictors
cde_module,Transcription,Transcription,,27516,ANRI,True,True,"[""Transcription"",""Transcription | Transcription regulation""]",target code excluded from predictors
cde_module,Transcription,Transcription,,27517,ANRJ,True,True,"[""Transcription"",""Transcription | Transcription regulation""]",target code excluded from predictors
cde_module,Transcription,Transcription,,27518,ANRK,True,True,"[""Transcription"",""Transcription | Transcription regulation""]",target code excluded from predictors
cde_module,Transcription,Transcription,,27519,ANRL,True,True,"[""Transcription"",""Transcription | Transcription regulation""]",target code excluded from predictors
cde_module,Transcription,Transcription,,27520,ANRM,True,True,"[""Transcription"",""Transcription | Transcription regulation""]",target code excluded from predictors
cde_module,Transcription,Transcription,,27521,ANRN,True,True,"[""Transcription"",""Transcription | Transcription regulation""]",target code excluded from predictors
cde_module,Transcription,Transcription,,27522,ANRO,True,True,"[""Transcription"",""Transcription | Transcription regulation""]",target code excluded from predictors
cde_module,Transcription,Transcription,,27523,ANRP,True,True,"[""Transcription"",""Transcription | Transcription regulation""]",target code excluded from predictors
cde_module,Transcription,Transcription,,27524,ANRQ,True,True,"[""Transcription"",""Transcription | Transcription regulation""]",target code excluded from predictors
cde_module,Transcription,Transcription,,27525,ANRR,True,True,"[""Transcription"",""Transcription | Transcription regulation""]",target code excluded from predictors
cde_module,Transcription,Transcription,,27527,ANRT,True,True,"[""Transcription"",""Transcription | Transcription regulation""]",target code excluded from predictors
cde_module,Transcription,Transcription,,27528,ANRU,True,True,"[""Transcription"",""Transcription | Transcription regulation""]",target code excluded from predictors
cde_module,Transcription,Transcription,,27529,ANRV,True,True,"[""Transcription"",""Transcription | Transcription regulation""]",target code excluded from predictors
cde_module,Transcription,Transcription,,27530,ANRW,True,True,"[""Transcription"",""Transcription | Transcription regulation""]",target code excluded from predictors
cde_module,Transcription,Transcription,,27531,ANRX,True,True,"[""Transcription"",""Transcription | Transcription regulation""]",target code excluded from predictors
cde_module,Transcription,Transcription,,27532,ANRY,True,True,"[""Transcription"",""Transcription | Transcription regulation""]",target code excluded from predictors
cde_module,Transcription,Transcription,,27533,ANRZ,True,True,"[""Transcription"",""Transcription | Transcription regulation""]",target code excluded from predictors
cde_module,Transcription,Transcription,,27535,ANSB,True,True,"[""Transcription"",""Transcription | Transcription regulation""]",target code excluded from predictors
cde_module,Transcription,Transcription,,27540,ANSG,True,True,"[""Transcription"",""Transcription | Transcription regulation""]",target code excluded from predictors
cde_module,Transcription,Transcription,,27541,ANSH,True,True,"[""Transcription"",""Transcription | Transcription regulation""]",target code excluded from predictors
cde_module,Transcription,Transcription,,27542,ANSI,True,True,"[""Transcription"",""Transcription | Transcription regulation""]",target code excluded from predictors
cde_module,Transcription,Transcription,,27543,ANSJ,True,True,"[""Transcription"",""Transcription | Transcription regulation""]",target code excluded from predictors
cde_module,Transcription,Transcription,,27544,ANSK,True,True,"[""Transcription"",""Transcription | Transcription regulation""]",target code excluded from predictors
cde_module,Transcription,Transcription,,27545,ANSL,True,True,"[""Transcription"",""Transcription | Transcription regulation""]",target code excluded from predictors
cde_module,Transcription,Transcription,,27546,ANSM,True,True,"[""Transcription"",""Transcription | Transcription regulation""]",target code excluded from predictors
cde_module,Transcription,Transcription,,27547,ANSN,True,True,"[""Transcription"",""Transcription | Transcription regulation""]",target code excluded from predictors
cde_module,Transcription,Transcription,,27548,ANSO,True,True,"[""Transcription"",""Transcription | Transcription regulation""]",target code excluded from predictors
cde_module,Transcription,Transcription,,27549,ANSP,True,True,"[""Transcription"",""Transcription | Transcription regulation""]",target code excluded from predictors
cde_module,Transcription,Transcription,,27550,ANSQ,True,True,"[""Transcription"",""Transcription | Transcription regulation""]",target code excluded from predictors
cde_module,Transcription,Transcription,,27551,ANSR,True,True,"[""Transcription"",""Transcription | Transcription regulation""]",target code excluded from predictors
cde_module,Transcription,Transcription,,27552,ANSS,True,True,"[""Transcription"",""Transcription | Transcription regulation""]",target code excluded from predictors
cde_module,Transcription,Transcription,,27597,ANUL,True,True,"[""Transcription"",""Transcription | Transcription regulation""]",target code excluded from predictors
cde_module,Transcription,Transcription,,27698,ANYI,True,True,"[""Transcription"",""Transcription | Transcription regulation""]",target code excluded from predictors
cde_module,Transcription,Transcription,,27707,ANYR,True,True,"[""Transcription"",""Transcription | Transcription regulation""]",target code excluded from predictors
cde_module,Transcription,Transcription,,28049,AOLV,True,True,"[""Transcription"",""Transcription | Transcription regulation""]",target code excluded from predictors
cde_module,Transcription,Transcription,,28050,AOLW,True,True,"[""Transcription"",""Transcription | Transcription regulation""]",target code excluded from predictors
cde_module,Transcription,Transcription,,29107,AQAN,True,True,"[""Transcription"",""Transcription | Transcription regulation""]",target code excluded from predictors
cde_module,Transcription,Transcription,,29111,AQAR,True,True,"[""Transcription"",""Transcription | Transcription regulation""]",target code excluded from predictors
cde_module,Transcription,Transcription,,29166,AQCU,True,True,"[""Transcription"",""Transcription | Transcription regulation""]",target code excluded from predictors
cde_module,Translation,Translation,,38,AM,True,True,"[""Translation"",""Translation | Regulation & Control""]",target code excluded from predictors
cde_module,Translation,Translation,,117,DN,True,True,"[""Translation"",""Translation | Regulation & Control""]",target code excluded from predictors
cde_module,Translation,Translation,,336,LY,True,True,"[""Translation"",""Translation | Regulation & Control""]",target code excluded from predictors
cde_module,Translation,Translation,,492,RY,True,True,"[""Translation"",""Translation | Ribosomal proteins""]",target code excluded from predictors
cde_module,Translation,Translation,,493,RZ,True,True,"[""Translation"",""Translation | Ribosomal proteins""]",target code excluded from predictors
cde_module,Translation,Translation,,494,SA,True,True,"[""Translation"",""Translation | Ribosomal proteins""]",target code excluded from predictors
cde_module,Translation,Translation,,495,SB,True,True,"[""Translation"",""Translation | Ribosomal proteins""]",target code excluded from predictors
cde_module,Translation,Translation,,496,SC,True,True,"[""Translation"",""Translation | Regulation & Control""]",target code excluded from predictors
cde_module,Translation,Translation,,497,SD,True,True,"[""Translation"",""Translation | Regulation & Control""]",target code excluded from predictors
cde_module,Translation,Translation,,498,SE,True,True,"[""Translation"",""Translation | Ribosomal proteins""]",target code excluded from predictors
cde_module,Translation,Translation,,499,SF,True,True,"[""Translation"",""Translation | Ribosomal proteins""]",target code excluded from predictors
cde_module,Translation,Translation,,500,SG,True,True,"[""Translation"",""Translation | Ribosomal proteins""]",target code excluded from predictors
cde_module,Translation,Translation,,501,SH,True,True,"[""Translation"",""Translation | Ribosomal proteins""]",target code excluded from predictors
cde_module,Translation,Translation,,502,SI,True,True,"[""Translation"",""Translation | Ribosomal proteins""]",target code excluded from predictors
cde_module,Translation,Translation,,503,SJ,True,True,"[""Translation"",""Translation | Ribosomal proteins""]",target code excluded from predictors
cde_module,Translation,Translation,,504,SK,True,True,"[""Translation"",""Translation | Ribosomal proteins""]",target code excluded from predictors
cde_module,Translation,Translation,,505,SL,True,True,"[""Translation"",""Translation | Ribosomal proteins""]",target code excluded from predictors
cde_module,Translation,Translation,,506,SM,True,True,"[""Translation"",""Translation | Ribosomal proteins""]",target code excluded from predictors
cde_module,Translation,Translation,,507,SN,True,True,"[""Translation"",""Translation | Ribosomal proteins""]",target code excluded from predictors
cde_module,Translation,Translation,,508,SO,True,True,"[""Translation"",""Translation | Ribosomal proteins""]",target code excluded from predictors
cde_module,Translation,Translation,,509,SP,True,True,"[""Translation"",""Translation | Ribosomal proteins""]",target code excluded from predictors
cde_module,Translation,Translation,,510,SQ,True,True,"[""Translation"",""Translation | Ribosomal proteins""]",target code excluded from predictors
cde_module,Translation,Translation,,511,SR,True,True,"[""Translation"",""Translation | Ribosomal proteins""]",target code excluded from predictors
cde_module,Translation,Translation,,512,SS,True,True,"[""Translation"",""Translation | Ribosomal proteins""]",target code excluded from predictors
cde_module,Translation,Translation,,513,ST,True,True,"[""Translation"",""Translation | Ribosomal proteins""]",target code excluded from predictors
cde_module,Translation,Translation,,514,SU,True,True,"[""Translation"",""Translation | Ribosomal proteins""]",target code excluded from predictors
cde_module,Translation,Translation,,515,SV,True,True,"[""Translation"",""Translation | Ribosomal proteins""]",target code excluded from predictors
cde_module,Translation,Translation,,516,SW,True,True,"[""Translation"",""Translation | Ribosomal proteins""]",target code excluded from predictors
cde_module,Translation,Translation,,517,SX,True,True,"[""Translation"",""Translation | Ribosomal proteins""]",target code excluded from predictors
cde_module,Translation,Translation,,518,SY,True,True,"[""Translation"",""Translation | Ribosomal proteins""]",target code excluded from predictors
cde_module,Translation,Translation,,519,SZ,True,True,"[""Translation"",""Translation | Regulation & Control""]",target code excluded from predictors
cde_module,Translation,Translation,,520,TA,True,True,"[""Translation"",""Translation | Ribosomal proteins""]",target code excluded from predictors
cde_module,Translation,Translation,,521,TB,True,True,"[""Translation"",""Translation | Ribosome assembly & maturation""]",target code excluded from predictors
cde_module,Translation,Translation,,522,TC,True,True,"[""Translation"",""Translation | Ribosomal proteins""]",target code excluded from predictors
cde_module,Translation,Translation,,523,TD,True,True,"[""Translation"",""Translation | Ribosomal proteins""]",target code excluded from predictors
cde_module,Translation,Translation,,524,TE,True,True,"[""Translation"",""Translation | Ribosomal proteins""]",target code excluded from predictors
cde_module,Translation,Translation,,525,TF,True,True,"[""Translation"",""Translation | Ribosomal proteins""]",target code excluded from predictors
cde_module,Translation,Translation,,526,TG,True,True,"[""Translation"",""Translation | Ribosomal proteins""]",target code excluded from predictors
cde_module,Translation,Translation,,527,TH,True,True,"[""Translation"",""Translation | Ribosomal proteins""]",target code excluded from predictors
cde_module,Translation,Translation,,528,TI,True,True,"[""Translation"",""Translation | Ribosomal proteins""]",target code excluded from predictors
cde_module,Translation,Translation,,529,TJ,True,True,"[""Translation"",""Translation | Ribosome assembly & maturation""]",target code excluded from predictors
cde_module,Translation,Translation,,530,TK,True,True,"[""Translation"",""Translation | Regulation & Control""]",target code excluded from predictors
cde_module,Translation,Translation,,612,WO,True,True,"[""Translation"",""Translation | Ribosomal proteins""]",target code excluded from predictors
cde_module,Translation,Translation,,613,WP,True,True,"[""Translation"",""Translation | Ribosomal proteins""]",target code excluded from predictors
cde_module,Translation,Translation,,693,ZR,True,True,"[""Translation"",""Translation | Ribosomal proteins""]",target code excluded from predictors
cde_module,Translation,Translation,,694,ZS,True,True,"[""Translation"",""Translation | Ribosomal proteins""]",target code excluded from predictors
cde_module,Translation,Translation,,695,ZT,True,True,"[""Translation"",""Translation | Ribosomal proteins""]",target code excluded from predictors
cde_module,Translation,Translation,,696,ZU,True,True,"[""Translation"",""Translation | Regulation & Control""]",target code excluded from predictors
cde_module,Translation,Translation,,697,ZV,True,True,"[""Translation"",""Translation | Ribosomal proteins""]",target code excluded from predictors
cde_module,Translation,Translation,,698,ZW,True,True,"[""Translation"",""Translation | Ribosomal proteins""]",target code excluded from predictors
cde_module,Translation,Translation,,699,ZX,True,True,"[""Translation"",""Translation | Ribosomal proteins""]",target code excluded from predictors
cde_module,Translation,Translation,,700,ZY,True,True,"[""Translation"",""Translation | Ribosomal proteins""]",target code excluded from predictors
cde_module,Translation,Translation,,701,ZZ,True,True,"[""Translation"",""Translation | Ribosomal proteins""]",target code excluded from predictors
cde_module,Translation,Translation,,702,AAA,True,True,"[""Translation"",""Translation | Ribosomal proteins""]",target code excluded from predictors
cde_module,Translation,Translation,,703,AAB,True,True,"[""Translation"",""Translation | Ribosomal proteins""]",target code excluded from predictors
cde_module,Translation,Translation,,704,AAC,True,True,"[""Translation"",""Translation | Ribosomal proteins""]",target code excluded from predictors
cde_module,Translation,Translation,,706,AAE,True,True,"[""Translation"",""Translation | Ribosomal proteins""]",target code excluded from predictors
cde_module,Translation,Translation,,707,AAF,True,True,"[""Translation"",""Translation | Ribosomal proteins""]",target code excluded from predictors
cde_module,Translation,Translation,,708,AAG,True,True,"[""Translation"",""Translation | Ribosomal proteins""]",target code excluded from predictors
cde_module,Translation,Translation,,709,AAH,True,True,"[""Translation"",""Translation | Ribosomal proteins""]",target code excluded from predictors
cde_module,Translation,Translation,,710,AAI,True,True,"[""Translation"",""Translation | Ribosomal proteins""]",target code excluded from predictors
cde_module,Translation,Translation,,711,AAJ,True,True,"[""Translation"",""Translation | Ribosomal proteins""]",target code excluded from predictors
cde_module,Translation,Translation,,712,AAK,True,True,"[""Translation"",""Translation | Ribosomal proteins""]",target code excluded from predictors
cde_module,Translation,Translation,,713,AAL,True,True,"[""Translation"",""Translation | Ribosomal proteins""]",target code excluded from predictors
cde_module,Translation,Translation,,714,AAM,True,True,"[""Translation"",""Translation | Ribosomal proteins""]",target code excluded from predictors
cde_module,Translation,Translation,,715,AAN,True,True,"[""Translation"",""Translation | Ribosomal proteins""]",target code excluded from predictors
cde_module,Translation,Translation,,716,AAO,True,True,"[""Translation"",""Translation | Ribosomal proteins""]",target code excluded from predictors
cde_module,Translation,Translation,,717,AAP,True,True,"[""Translation"",""Translation | Ribosomal proteins""]",target code excluded from predictors
cde_module,Translation,Translation,,718,AAQ,True,True,"[""Translation"",""Translation | Ribosomal proteins""]",target code excluded from predictors
cde_module,Translation,Translation,,719,AAR,True,True,"[""Translation"",""Translation | Ribosomal proteins""]",target code excluded from predictors
cde_module,Translation,Translation,,720,AAS,True,True,"[""Translation"",""Translation | Ribosomal proteins""]",target code excluded from predictors
cde_module,Translation,Translation,,721,AAT,True,True,"[""Translation"",""Translation | Ribosomal proteins""]",target code excluded from predictors
cde_module,Translation,Translation,,722,AAU,True,True,"[""Translation"",""Translation | Ribosomal proteins""]",target code excluded from predictors
cde_module,Translation,Translation,,723,AAV,True,True,"[""Translation"",""Translation | Regulation & Control""]",target code excluded from predictors
cde_module,Translation,Translation,,724,AAW,True,True,"[""Translation"",""Translation | Ribosomal proteins""]",target code excluded from predictors
cde_module,Translation,Translation,,726,AAY,True,True,"[""Translation"",""Translation | Ribosomal proteins""]",target code excluded from predictors
cde_module,Translation,Translation,,727,AAZ,True,True,"[""Translation"",""Translation | Ribosomal proteins""]",target code excluded from predictors
cde_module,Translation,Translation,,728,ABA,True,True,"[""Translation"",""Translation | Ribosomal proteins""]",target code excluded from predictors
cde_module,Translation,Translation,,729,ABB,True,True,"[""Translation"",""Translation | Ribosomal proteins""]",target code excluded from predictors
cde_module,Translation,Translation,,730,ABC,True,True,"[""Translation"",""Translation | Ribosomal proteins""]",target code excluded from predictors
cde_module,Translation,Translation,,731,ABD,True,True,"[""Translation"",""Translation | Ribosomal proteins""]",target code excluded from predictors
cde_module,Translation,Translation,,732,ABE,True,True,"[""Translation"",""Translation | Ribosomal proteins""]",target code excluded from predictors
cde_module,Translation,Translation,,733,ABF,True,True,"[""Translation"",""Translation | Ribosomal proteins""]",target code excluded from predictors
cde_module,Translation,Translation,,734,ABG,True,True,"[""Translation"",""Translation | Ribosomal proteins""]",target code excluded from predictors
cde_module,Translation,Translation,,735,ABH,True,True,"[""Translation"",""Translation | Ribosomal proteins""]",target code excluded from predictors
cde_module,Translation,Translation,,736,ABI,True,True,"[""Translation"",""Translation | Ribosomal proteins""]",target code excluded from predictors
cde_module,Translation,Translation,,737,ABJ,True,True,"[""Translation"",""Translation | Ribosomal proteins""]",target code excluded from predictors
cde_module,Translation,Translation,,738,ABK,True,True,"[""Translation"",""Translation | Ribosomal proteins""]",target code excluded from predictors
cde_module,Translation,Translation,,739,ABL,True,True,"[""Translation"",""Translation | Ribosomal proteins""]",target code excluded from predictors
cde_module,Translation,Translation,,740,ABM,True,True,"[""Translation"",""Translation | Ribosomal proteins""]",target code excluded from predictors
cde_module,Translation,Translation,,741,ABN,True,True,"[""Translation"",""Translation | Ribosomal proteins""]",target code excluded from predictors
cde_module,Translation,Translation,,742,ABO,True,True,"[""Translation"",""Translation | Ribosomal proteins""]",target code excluded from predictors
cde_module,Translation,Translation,,743,ABP,True,True,"[""Translation"",""Translation | Ribosomal proteins""]",target code excluded from predictors
cde_module,Translation,Translation,,744,ABQ,True,True,"[""Translation"",""Translation | Regulation & Control""]",target code excluded from predictors
cde_module,Translation,Translation,,745,ABR,True,True,"[""Translation"",""Translation | Ribosomal proteins""]",target code excluded from predictors
cde_module,Translation,Translation,,746,ABS,True,True,"[""Translation"",""Translation | Ribosomal proteins""]",target code excluded from predictors
cde_module,Translation,Translation,,747,ABT,True,True,"[""Translation"",""Translation | Ribosomal proteins""]",target code excluded from predictors
cde_module,Translation,Translation,,748,ABU,True,True,"[""Translation"",""Translation | Ribosomal proteins""]",target code excluded from predictors
cde_module,Translation,Translation,,749,ABV,True,True,"[""Translation"",""Translation | Ribosomal proteins""]",target code excluded from predictors
cde_module,Translation,Translation,,750,ABW,True,True,"[""Translation"",""Translation | Ribosomal proteins""]",target code excluded from predictors
cde_module,Translation,Translation,,751,ABX,True,True,"[""Translation"",""Translation | Ribosome assembly & maturation""]",target code excluded from predictors
cde_module,Translation,Translation,,752,ABY,True,True,"[""Translation"",""Translation | Ribosome assembly & maturation""]",target code excluded from predictors
cde_module,Translation,Translation,,796,ADQ,True,True,"[""Translation"",""Translation | Ribosome assembly & maturation""]",target code excluded from predictors
cde_module,Translation,Translation,,1287,AWN,True,True,"[""Translation"",""Translation | aaRS""]",target code excluded from predictors
cde_module,Translation,Translation,,1288,AWO,True,True,"[""Translation"",""Translation | aaRS""]",target code excluded from predictors
cde_module,Translation,Translation,,1289,AWP,True,True,"[""Translation"",""Translation | aaRS""]",target code excluded from predictors
cde_module,Translation,Translation,,1290,AWQ,True,True,"[""Translation"",""Translation | aaRS""]",target code excluded from predictors
cde_module,Translation,Translation,,1291,AWR,True,True,"[""Translation"",""Translation | aaRS""]",target code excluded from predictors
cde_module,Translation,Translation,,1581,BHV,True,True,"[""Translation"",""Translation | Regulation & Control""]",target code excluded from predictors
cde_module,Translation,Translation,,2070,CAQ,True,True,"[""Translation"",""Translation | Regulation & Control""]",target code excluded from predictors
cde_module,Translation,Translation,,2071,CAR,True,True,"[""Translation"",""Translation | Regulation & Control""]",target code excluded from predictors
cde_module,Translation,Translation,,2136,CDE,True,True,"[""Translation"",""Translation | Regulation & Control""]",target code excluded from predictors
cde_module,Translation,Translation,,6000,HVU,True,True,"[""Translation"",""Translation | Regulation & Control""]",target code excluded from predictors
cde_module,Translation,Translation,,6730,IXW,True,True,"[""Translation"",""Translation | Regulation & Control""]",target code excluded from predictors
cde_module,Translation,Translation,,7152,JOC,True,True,"[""Translation"",""Translation | aaRS""]",target code excluded from predictors
cde_module,Translation,Translation,,7153,JOD,True,True,"[""Translation"",""Translation | aaRS""]",target code excluded from predictors
cde_module,Translation,Translation,,7333,JVB,True,True,"[""Translation"",""Translation | Regulation & Control""]",target code excluded from predictors
cde_module,Translation,Translation,,7483,KAV,True,True,"[""Translation"",""Translation | aaRS""]",target code excluded from predictors
cde_module,Translation,Translation,,9501,NAL,True,True,"[""Translation"",""Translation | Regulation & Control""]",target code excluded from predictors
cde_module,Translation,Translation,,9502,NAM,True,True,"[""Translation"",""Translation | Regulation & Control""]",target code excluded from predictors
cde_module,Translation,Translation,,9519,NBD,True,True,"[""Translation"",""Translation | Ribosomal proteins""]",target code excluded from predictors
cde_module,Translation,Translation,,9521,NBF,True,True,"[""Translation"",""Translation | Ribosomal proteins""]",target code excluded from predictors
cde_module,Translation,Translation,,11986,QSA,True,True,"[""Translation"",""Translation | Regulation & Control""]",target code excluded from predictors
cde_module,Translation,Translation,,13497,SYD,True,True,"[""Translation"",""Translation | Regulation & Control""]",target code excluded from predictors
cde_module,Translation,Translation,,13674,TEY,True,True,"[""Translation"",""Translation | Regulation & Control""]",target code excluded from predictors
cde_module,Translation,Translation,,13912,TOC,True,True,"[""Translation"",""Translation | Regulation & Control""]",target code excluded from predictors
cde_module,Translation,Translation,,14151,TXH,True,True,"[""Translation"",""Translation | Regulation & Control""]",target code excluded from predictors
cde_module,Translation,Translation,,14235,UAN,True,True,"[""Translation"",""Translation | Ribosome assembly & maturation""]",target code excluded from predictors
cde_module,Translation,Translation,,14636,UPY,True,True,"[""Translation"",""Translation | aaRS""]",target code excluded from predictors
cde_module,Translation,Translation,,14637,UPZ,True,True,"[""Translation"",""Translation | aaRS""]",target code excluded from predictors
cde_module,Translation,Translation,,14644,UQG,True,True,"[""Translation"",""Translation | Regulation & Control""]",target code excluded from predictors
cde_module,Translation,Translation,,14646,UQI,True,True,"[""Translation"",""Translation | aaRS""]",target code excluded from predictors
cde_module,Translation,Translation,,14876,UZE,True,True,"[""Translation"",""Translation | Regulation & Control""]",target code excluded from predictors
cde_module,Translation,Translation,,14877,UZF,True,True,"[""Translation"",""Translation | Regulation & Control""]",target code excluded from predictors
cde_module,Translation,Translation,,14878,UZG,True,True,"[""Translation"",""Translation | Regulation & Control""]",target code excluded from predictors
cde_module,Translation,Translation,,14879,UZH,True,True,"[""Translation"",""Translation | Regulation & Control""]",target code excluded from predictors
cde_module,Translation,Translation,,14922,VAY,True,True,"[""Translation"",""Translation | aaRS""]",target code excluded from predictors
cde_module,Translation,Translation,,14929,VBF,True,True,"[""Translation"",""Translation | aaRS""]",target code excluded from predictors
cde_module,Translation,Translation,,14931,VBH,True,True,"[""Translation"",""Translation | Regulation & Control""]",target code excluded from predictors
cde_module,Translation,Translation,,14932,VBI,True,True,"[""Translation"",""Translation | Regulation & Control""]",target code excluded from predictors
cde_module,Translation,Translation,,14933,VBJ,True,True,"[""Translation"",""Translation | Regulation & Control""]",target code excluded from predictors
cde_module,Translation,Translation,,15343,VRD,True,True,"[""Translation"",""Translation | aaRS""]",target code excluded from predictors
cde_module,Translation,Translation,,15355,VRP,True,True,"[""Translation"",""Translation | aaRS""]",target code excluded from predictors
cde_module,Translation,Translation,,15456,VVM,True,True,"[""Translation"",""Translation | aaRS""]",target code excluded from predictors
cde_module,Translation,Translation,,15475,VWF,True,True,"[""Translation"",""Translation | aaRS""]",target code excluded from predictors
cde_module,Translation,Translation,,15476,VWG,True,True,"[""Translation"",""Translation | aaRS""]",target code excluded from predictors
cde_module,Translation,Translation,,15558,VZK,True,True,"[""Translation"",""Translation | Ribosomal proteins""]",target code excluded from predictors
cde_module,Translation,Translation,,15559,VZL,True,True,"[""Translation"",""Translation | Ribosomal proteins""]",target code excluded from predictors
cde_module,Translation,Translation,,15560,VZM,True,True,"[""Translation"",""Translation | Ribosomal proteins""]",target code excluded from predictors
cde_module,Translation,Translation,,15824,WJQ,True,True,"[""Translation"",""Translation | Ribosomal proteins""]",target code excluded from predictors
cde_module,Translation,Translation,,15954,WOQ,True,True,"[""Translation"",""Translation | aaRS""]",target code excluded from predictors
cde_module,Translation,Translation,,16016,WRA,True,True,"[""Translation"",""Translation | Regulation & Control""]",target code excluded from predictors
cde_module,Translation,Translation,,16017,WRB,True,True,"[""Translation"",""Translation | Regulation & Control""]",target code excluded from predictors
cde_module,Translation,Translation,,16018,WRC,True,True,"[""Translation"",""Translation | Regulation & Control""]",target code excluded from predictors
cde_module,Translation,Translation,,16019,WRD,True,True,"[""Translation"",""Translation | Regulation & Control""]",target code excluded from predictors
cde_module,Translation,Translation,,16960,YBI,True,True,"[""Translation"",""Translation | aaRS""]",target code excluded from predictors
cde_module,Translation,Translation,,17183,YJX,True,True,"[""Translation"",""Translation | Regulation & Control""]",target code excluded from predictors
cde_module,Translation,Translation,,17376,YRI,True,True,"[""Translation"",""Translation | Regulation & Control""]",target code excluded from predictors
cde_module,Translation,Translation,,17630,ZBC,True,True,"[""Translation"",""Translation | aaRS""]",target code excluded from predictors
cde_module,Translation,Translation,,18803,AAUF,True,True,"[""Translation"",""Translation | Regulation & Control""]",target code excluded from predictors
cde_module,Translation,Translation,,19238,ABKY,True,True,"[""Translation"",""Translation | Regulation & Control""]",target code excluded from predictors
cde_module,Translation,Translation,,19495,ABUV,True,True,"[""Translation"",""Translation | aaRS""]",target code excluded from predictors
cde_module,Translation,Translation,,19496,ABUW,True,True,"[""Translation"",""Translation | aaRS""]",target code excluded from predictors
cde_module,Translation,Translation,,19537,ABWL,True,True,"[""Translation"",""Translation | aaRS""]",target code excluded from predictors
cde_module,Translation,Translation,,19538,ABWM,True,True,"[""Translation"",""Translation | aaRS""]",target code excluded from predictors
cde_module,Translation,Translation,,19545,ABWT,True,True,"[""Translation"",""Translation | aaRS""]",target code excluded from predictors
cde_module,Translation,Translation,,19546,ABWU,True,True,"[""Translation"",""Translation | aaRS""]",target code excluded from predictors
cde_module,Translation,Translation,,19547,ABWV,True,True,"[""Translation"",""Translation | aaRS""]",target code excluded from predictors
cde_module,Translation,Translation,,19548,ABWW,True,True,"[""Translation"",""Translation | Regulation & Control""]",target code excluded from predictors
cde_module,Translation,Translation,,19549,ABWX,True,True,"[""Translation"",""Translation | aaRS""]",target code excluded from predictors
cde_module,Translation,Translation,,19550,ABWY,True,True,"[""Translation"",""Translation | Regulation & Control""]",target code excluded from predictors
cde_module,Translation,Translation,,19668,ACBM,True,True,"[""Translation"",""Translation | aaRS""]",target code excluded from predictors
cde_module,Translation,Translation,,19669,ACBN,True,True,"[""Translation"",""Translation | aaRS""]",target code excluded from predictors
cde_module,Translation,Translation,,19670,ACBO,True,True,"[""Translation"",""Translation | aaRS""]",target code excluded from predictors
cde_module,Translation,Translation,,20238,ACXK,True,True,"[""Translation"",""Translation | aaRS""]",target code excluded from predictors
cde_module,Translation,Translation,,20789,ADSP,True,True,"[""Translation"",""Translation | aaRS""]",target code excluded from predictors
cde_module,Translation,Translation,,20958,ADZC,True,True,"[""Translation"",""Translation | aaRS""]",target code excluded from predictors
cde_module,Translation,Translation,,20968,ADZM,True,True,"[""Translation"",""Translation | Regulation & Control""]",target code excluded from predictors
cde_module,Translation,Translation,,21204,AEIO,True,True,"[""Translation"",""Translation | aaRS""]",target code excluded from predictors
cde_module,Translation,Translation,,21648,AEZQ,True,True,"[""Translation"",""Translation | aaRS""]",target code excluded from predictors
cde_module,Translation,Translation,,21649,AEZR,True,True,"[""Translation"",""Translation | aaRS""]",target code excluded from predictors
cde_module,Translation,Translation,,21655,AEZX,True,True,"[""Translation"",""Translation | Regulation & Control""]",target code excluded from predictors
cde_module,Translation,Translation,,21656,AEZY,True,True,"[""Translation"",""Translation | Regulation & Control""]",target code excluded from predictors
cde_module,Translation,Translation,,21657,AEZZ,True,True,"[""Translation"",""Translation | aaRS""]",target code excluded from predictors
cde_module,Translation,Translation,,21713,AFCD,True,True,"[""Translation"",""Translation | Regulation & Control""]",target code excluded from predictors
cde_module,Translation,Translation,,21780,AFES,True,True,"[""Translation"",""Translation | Regulation & Control""]",target code excluded from predictors
cde_module,Translation,Translation,,22102,AFRC,True,True,"[""Translation"",""Translation | aaRS""]",target code excluded from predictors
cde_module,Translation,Translation,,22983,AGYZ,True,True,"[""Translation"",""Translation | Regulation & Control""]",target code excluded from predictors
cde_module,Translation,Translation,,22984,AGZA,True,True,"[""Translation"",""Translation | Regulation & Control""]",target code excluded from predictors
cde_module,Translation,Translation,,23304,AHLI,True,True,"[""Translation"",""Translation | aaRS""]",target code excluded from predictors
cde_module,Translation,Translation,,23305,AHLJ,True,True,"[""Translation"",""Translation | aaRS""]",target code excluded from predictors
cde_module,Translation,Translation,,23306,AHLK,True,True,"[""Translation"",""Translation | aaRS""]",target code excluded from predictors
cde_module,Translation,Translation,,24124,AIQW,True,True,"[""Translation"",""Translation | aaRS""]",target code excluded from predictors
cde_module,Translation,Translation,,24138,AIRK,True,True,"[""Translation"",""Translation | aaRS""]",target code excluded from predictors
cde_module,Translation,Translation,,25028,AJZQ,True,True,"[""Translation"",""Translation | Regulation & Control""]",target code excluded from predictors
cde_module,Translation,Translation,,25029,AJZR,True,True,"[""Translation"",""Translation | Regulation & Control""]",target code excluded from predictors
cde_module,Translation,Translation,,25503,AKRX,True,True,"[""Translation"",""Translation | Ribosomal proteins""]",target code excluded from predictors
cde_module,Translation,Translation,,25504,AKRY,True,True,"[""Translation"",""Translation | Regulation & Control""]",target code excluded from predictors
cde_module,Translation,Translation,,25506,AKSA,True,True,"[""Translation"",""Translation | Ribosomal proteins""]",target code excluded from predictors
cde_module,Translation,Translation,,25507,AKSB,True,True,"[""Translation"",""Translation | Ribosomal proteins""]",target code excluded from predictors
cde_module,Translation,Translation,,25508,AKSC,True,True,"[""Translation"",""Translation | Regulation & Control""]",target code excluded from predictors
cde_module,Translation,Translation,,25509,AKSD,True,True,"[""Translation"",""Translation | Regulation & Control""]",target code excluded from predictors
cde_module,Translation,Translation,,25510,AKSE,True,True,"[""Translation"",""Translation | Ribosome assembly & maturation""]",target code excluded from predictors
cde_module,Translation,Translation,,25511,AKSF,True,True,"[""Translation"",""Translation | Regulation & Control""]",target code excluded from predictors
cde_module,Translation,Translation,,25512,AKSG,True,True,"[""Translation"",""Translation | Ribosome assembly & maturation""]",target code excluded from predictors
cde_module,Translation,Translation,,25513,AKSH,True,True,"[""Translation"",""Translation | Ribosome assembly & maturation""]",target code excluded from predictors
cde_module,Translation,Translation,,25514,AKSI,True,True,"[""Translation"",""Translation | Ribosome assembly & maturation""]",target code excluded from predictors
cde_module,Translation,Translation,,25515,AKSJ,True,True,"[""Translation"",""Translation | Ribosome assembly & maturation""]",target code excluded from predictors
cde_module,Translation,Translation,,25516,AKSK,True,True,"[""Translation"",""Translation | Ribosome assembly & maturation""]",target code excluded from predictors
cde_module,Translation,Translation,,25518,AKSM,True,True,"[""Translation"",""Translation | Ribosome assembly & maturation""]",target code excluded from predictors
cde_module,Translation,Translation,,25519,AKSN,True,True,"[""Translation"",""Translation | Ribosome assembly & maturation""]",target code excluded from predictors
cde_module,Translation,Translation,,25520,AKSO,True,True,"[""Translation"",""Translation | Ribosome assembly & maturation""]",target code excluded from predictors
cde_module,Translation,Translation,,25521,AKSP,True,True,"[""Translation"",""Translation | Ribosome assembly & maturation""]",target code excluded from predictors
cde_module,Translation,Translation,,25522,AKSQ,True,True,"[""Translation"",""Translation | Ribosome assembly & maturation""]",target code excluded from predictors
cde_module,Translation,Translation,,25523,AKSR,True,True,"[""Translation"",""Translation | Regulation & Control""]",target code excluded from predictors
cde_module,Translation,Translation,,25525,AKST,True,True,"[""Translation"",""Translation | Regulation & Control""]",target code excluded from predictors
cde_module,Translation,Translation,,25526,AKSU,True,True,"[""Translation"",""Translation | Regulation & Control""]",target code excluded from predictors
cde_module,Translation,Translation,,25527,AKSV,True,True,"[""Translation"",""Translation | Ribosome assembly & maturation""]",target code excluded from predictors
cde_module,Translation,Translation,,25528,AKSW,True,True,"[""Translation"",""Translation | Ribosome assembly & maturation""]",target code excluded from predictors
cde_module,Translation,Translation,,25530,AKSY,True,True,"[""Translation"",""Translation | Regulation & Control""]",target code excluded from predictors
cde_module,Translation,Translation,,25531,AKSZ,True,True,"[""Translation"",""Translation | Regulation & Control""]",target code excluded from predictors
cde_module,Translation,Translation,,25532,AKTA,True,True,"[""Translation"",""Translation | Regulation & Control""]",target code excluded from predictors
cde_module,Translation,Translation,,25533,AKTB,True,True,"[""Translation"",""Translation | Regulation & Control""]",target code excluded from predictors
cde_module,Translation,Translation,,25534,AKTC,True,True,"[""Translation"",""Translation | Regulation & Control""]",target code excluded from predictors
cde_module,Translation,Translation,,25535,AKTD,True,True,"[""Translation"",""Translation | Regulation & Control""]",target code excluded from predictors
cde_module,Translation,Translation,,25536,AKTE,True,True,"[""Translation"",""Translation | Ribosome assembly & maturation""]",target code excluded from predictors
cde_module,Translation,Translation,,25537,AKTF,True,True,"[""Translation"",""Translation | Regulation & Control""]",target code excluded from predictors
cde_module,Translation,Translation,,25538,AKTG,True,True,"[""Translation"",""Translation | Ribosome assembly & maturation""]",target code excluded from predictors
cde_module,Translation,Translation,,25539,AKTH,True,True,"[""Translation"",""Translation | Regulation & Control""]",target code excluded from predictors
cde_module,Translation,Translation,,25540,AKTI,True,True,"[""Translation"",""Translation | Regulation & Control""]",target code excluded from predictors
cde_module,Translation,Translation,,25541,AKTJ,True,True,"[""Translation"",""Translation | Regulation & Control""]",target code excluded from predictors
cde_module,Translation,Translation,,25542,AKTK,True,True,"[""Translation"",""Translation | Ribosome assembly & maturation""]",target code excluded from predictors
cde_module,Translation,Translation,,25543,AKTL,True,True,"[""Translation"",""Translation | Ribosome assembly & maturation""]",target code excluded from predictors
cde_module,Translation,Translation,,25544,AKTM,True,True,"[""Translation"",""Translation | Regulation & Control""]",target code excluded from predictors
cde_module,Translation,Translation,,25545,AKTN,True,True,"[""Translation"",""Translation | Regulation & Control""]",target code excluded from predictors
cde_module,Translation,Translation,,25546,AKTO,True,True,"[""Translation"",""Translation | Regulation & Control""]",target code excluded from predictors
cde_module,Translation,Translation,,25547,AKTP,True,True,"[""Translation"",""Translation | Regulation & Control""]",target code excluded from predictors
cde_module,Translation,Translation,,25775,ALCJ,True,True,"[""Translation"",""Translation | aaRS""]",target code excluded from predictors
cde_module,Translation,Translation,,25779,ALCN,True,True,"[""Translation"",""Translation | Regulation & Control""]",target code excluded from predictors
cde_module,Translation,Translation,,25812,ALDU,True,True,"[""Translation"",""Translation | aaRS""]",target code excluded from predictors
cde_module,Translation,Translation,,25859,ALFP,True,True,"[""Translation"",""Translation | Regulation & Control""]",target code excluded from predictors
cde_module,Translation,Translation,,25996,ALKW,True,True,"[""Translation"",""Translation | Ribosome assembly & maturation""]",target code excluded from predictors
cde_module,Translation,Translation,,25997,ALKX,True,True,"[""Translation"",""Translation | Ribosome assembly & maturation""]",target code excluded from predictors
cde_module,Translation,Translation,,25998,ALKY,True,True,"[""Translation"",""Translation | Ribosomal proteins""]",target code excluded from predictors
cde_module,Translation,Translation,,26398,AMAI,True,True,"[""Translation"",""Translation | Regulation & Control""]",target code excluded from predictors
cde_module,Translation,Translation,,26795,AMPP,True,True,"[""Translation"",""Translation | Regulation & Control""]",target code excluded from predictors
cde_module,Translation,Translation,,26796,AMPQ,True,True,"[""Translation"",""Translation | Regulation & Control""]",target code excluded from predictors
cde_module,Translation,Translation,,26797,AMPR,True,True,"[""Translation"",""Translation | Regulation & Control""]",target code excluded from predictors
cde_module,Translation,Translation,,26798,AMPS,True,True,"[""Translation"",""Translation | Regulation & Control""]",target code excluded from predictors
cde_module,Translation,Translation,,26799,AMPT,True,True,"[""Translation"",""Translation | Regulation & Control""]",target code excluded from predictors
cde_module,Translation,Translation,,26800,AMPU,True,True,"[""Translation"",""Translation | Regulation & Control""]",target code excluded from predictors
cde_module,Translation,Translation,,26801,AMPV,True,True,"[""Translation"",""Translation | Regulation & Control""]",target code excluded from predictors
cde_module,Translation,Translation,,26802,AMPW,True,True,"[""Translation"",""Translation | Regulation & Control""]",target code excluded from predictors
cde_module,Translation,Translation,,26803,AMPX,True,True,"[""Translation"",""Translation | Regulation & Control""]",target code excluded from predictors
cde_module,Translation,Translation,,26804,AMPY,True,True,"[""Translation"",""Translation | Regulation & Control""]",target code excluded from predictors
cde_module,Translation,Translation,,26805,AMPZ,True,True,"[""Translation"",""Translation | Regulation & Control""]",target code excluded from predictors
cde_module,Translation,Translation,,26806,AMQA,True,True,"[""Translation"",""Translation | Regulation & Control""]",target code excluded from predictors
cde_module,Translation,Translation,,26807,AMQB,True,True,"[""Translation"",""Translation | Regulation & Control""]",target code excluded from predictors
cde_module,Translation,Translation,,26808,AMQC,True,True,"[""Translation"",""Translation | Regulation & Control""]",target code excluded from predictors
cde_module,Translation,Translation,,26809,AMQD,True,True,"[""Translation"",""Translation | Regulation & Control""]",target code excluded from predictors
cde_module,Translation,Translation,,26811,AMQF,True,True,"[""Translation"",""Translation | Regulation & Control""]",target code excluded from predictors
cde_module,Translation,Translation,,26812,AMQG,True,True,"[""Translation"",""Translation | Regulation & Control""]",target code excluded from predictors
cde_module,Translation,Translation,,26813,AMQH,True,True,"[""Translation"",""Translation | Regulation & Control""]",target code excluded from predictors
cde_module,Translation,Translation,,26814,AMQI,True,True,"[""Translation"",""Translation | Regulation & Control""]",target code excluded from predictors
cde_module,Translation,Translation,,26815,AMQJ,True,True,"[""Translation"",""Translation | Regulation & Control""]",target code excluded from predictors
cde_module,Translation,Translation,,26816,AMQK,True,True,"[""Translation"",""Translation | Regulation & Control""]",target code excluded from predictors
cde_module,Translation,Translation,,26817,AMQL,True,True,"[""Translation"",""Translation | Regulation & Control""]",target code excluded from predictors
cde_module,Translation,Translation,,26818,AMQM,True,True,"[""Translation"",""Translation | Regulation & Control""]",target code excluded from predictors
cde_module,Translation,Translation,,26819,AMQN,True,True,"[""Translation"",""Translation | Regulation & Control""]",target code excluded from predictors
cde_module,Translation,Translation,,26820,AMQO,True,True,"[""Translation"",""Translation | Regulation & Control""]",target code excluded from predictors
cde_module,Translation,Translation,,26821,AMQP,True,True,"[""Translation"",""Translation | Regulation & Control""]",target code excluded from predictors
cde_module,Translation,Translation,,26822,AMQQ,True,True,"[""Translation"",""Translation | Regulation & Control""]",target code excluded from predictors
cde_module,Translation,Translation,,26823,AMQR,True,True,"[""Translation"",""Translation | Regulation & Control""]",target code excluded from predictors
cde_module,Translation,Translation,,26824,AMQS,True,True,"[""Translation"",""Translation | Regulation & Control""]",target code excluded from predictors
cde_module,Translation,Translation,,26825,AMQT,True,True,"[""Translation"",""Translation | Regulation & Control""]",target code excluded from predictors
cde_module,Translation,Translation,,26826,AMQU,True,True,"[""Translation"",""Translation | Regulation & Control""]",target code excluded from predictors
cde_module,Translation,Translation,,26827,AMQV,True,True,"[""Translation"",""Translation | Regulation & Control""]",target code excluded from predictors
cde_module,Translation,Translation,,26828,AMQW,True,True,"[""Translation"",""Translation | Regulation & Control""]",target code excluded from predictors
cde_module,Translation,Translation,,26829,AMQX,True,True,"[""Translation"",""Translation | Regulation & Control""]",target code excluded from predictors
cde_module,Translation,Translation,,26830,AMQY,True,True,"[""Translation"",""Translation | Regulation & Control""]",target code excluded from predictors
cde_module,Translation,Translation,,26831,AMQZ,True,True,"[""Translation"",""Translation | Regulation & Control""]",target code excluded from predictors
cde_module,Translation,Translation,,26832,AMRA,True,True,"[""Translation"",""Translation | Regulation & Control""]",target code excluded from predictors
cde_module,Translation,Translation,,26833,AMRB,True,True,"[""Translation"",""Translation | Regulation & Control""]",target code excluded from predictors
cde_module,Translation,Translation,,26834,AMRC,True,True,"[""Translation"",""Translation | Regulation & Control""]",target code excluded from predictors
cde_module,Translation,Translation,,26835,AMRD,True,True,"[""Translation"",""Translation | Regulation & Control""]",target code excluded from predictors
cde_module,Translation,Translation,,26836,AMRE,True,True,"[""Translation"",""Translation | Regulation & Control""]",target code excluded from predictors
cde_module,Translation,Translation,,26837,AMRF,True,True,"[""Translation"",""Translation | Regulation & Control""]",target code excluded from predictors
cde_module,Translation,Translation,,26838,AMRG,True,True,"[""Translation"",""Translation | Regulation & Control""]",target code excluded from predictors
cde_module,Translation,Translation,,26839,AMRH,True,True,"[""Translation"",""Translation | Regulation & Control""]",target code excluded from predictors
cde_module,Translation,Translation,,26840,AMRI,True,True,"[""Translation"",""Translation | Regulation & Control""]",target code excluded from predictors
cde_module,Translation,Translation,,26841,AMRJ,True,True,"[""Translation"",""Translation | Regulation & Control""]",target code excluded from predictors
cde_module,Translation,Translation,,26842,AMRK,True,True,"[""Translation"",""Translation | Regulation & Control""]",target code excluded from predictors
cde_module,Translation,Translation,,26843,AMRL,True,True,"[""Translation"",""Translation | Regulation & Control""]",target code excluded from predictors
cde_module,Translation,Translation,,26844,AMRM,True,True,"[""Translation"",""Translation | Regulation & Control""]",target code excluded from predictors
cde_module,Translation,Translation,,26845,AMRN,True,True,"[""Translation"",""Translation | Regulation & Control""]",target code excluded from predictors
cde_module,Translation,Translation,,26846,AMRO,True,True,"[""Translation"",""Translation | Regulation & Control""]",target code excluded from predictors
cde_module,Translation,Translation,,26847,AMRP,True,True,"[""Translation"",""Translation | Regulation & Control""]",target code excluded from predictors
cde_module,Translation,Translation,,26848,AMRQ,True,True,"[""Translation"",""Translation | Regulation & Control""]",target code excluded from predictors
cde_module,Translation,Translation,,26850,AMRS,True,True,"[""Translation"",""Translation | Regulation & Control""]",target code excluded from predictors
cde_module,Translation,Translation,,26851,AMRT,True,True,"[""Translation"",""Translation | Regulation & Control""]",target code excluded from predictors
cde_module,Translation,Translation,,26854,AMRW,True,True,"[""Translation"",""Translation | Regulation & Control""]",target code excluded from predictors
cde_module,Translation,Translation,,26855,AMRX,True,True,"[""Translation"",""Translation | Regulation & Control""]",target code excluded from predictors
cde_module,Translation,Translation,,26857,AMRZ,True,True,"[""Translation"",""Translation | Regulation & Control""]",target code excluded from predictors
cde_module,Translation,Translation,,26858,AMSA,True,True,"[""Translation"",""Translation | Regulation & Control""]",target code excluded from predictors
cde_module,Translation,Translation,,26859,AMSB,True,True,"[""Translation"",""Translation | Regulation & Control""]",target code excluded from predictors
cde_module,Translation,Translation,,26860,AMSC,True,True,"[""Translation"",""Translation | Regulation & Control""]",target code excluded from predictors
cde_module,Translation,Translation,,26861,AMSD,True,True,"[""Translation"",""Translation | Regulation & Control""]",target code excluded from predictors
cde_module,Translation,Translation,,26863,AMSF,True,True,"[""Translation"",""Translation | Regulation & Control""]",target code excluded from predictors
cde_module,Translation,Translation,,26864,AMSG,True,True,"[""Translation"",""Translation | Regulation & Control""]",target code excluded from predictors
cde_module,Translation,Translation,,26865,AMSH,True,True,"[""Translation"",""Translation | Regulation & Control""]",target code excluded from predictors
cde_module,Translation,Translation,,26866,AMSI,True,True,"[""Translation"",""Translation | Regulation & Control""]",target code excluded from predictors
cde_module,Translation,Translation,,26867,AMSJ,True,True,"[""Translation"",""Translation | Regulation & Control""]",target code excluded from predictors
cde_module,Translation,Translation,,26868,AMSK,True,True,"[""Translation"",""Translation | Regulation & Control""]",target code excluded from predictors
cde_module,Translation,Translation,,26869,AMSL,True,True,"[""Translation"",""Translation | Regulation & Control""]",target code excluded from predictors
cde_module,Translation,Translation,,26870,AMSM,True,True,"[""Translation"",""Translation | Regulation & Control""]",target code excluded from predictors
cde_module,Translation,Translation,,26871,AMSN,True,True,"[""Translation"",""Translation | Regulation & Control""]",target code excluded from predictors
cde_module,Translation,Translation,,26873,AMSP,True,True,"[""Translation"",""Translation | Regulation & Control""]",target code excluded from predictors
cde_module,Translation,Translation,,26874,AMSQ,True,True,"[""Translation"",""Translation | Regulation & Control""]",target code excluded from predictors
cde_module,Translation,Translation,,26875,AMSR,True,True,"[""Translation"",""Translation | Regulation & Control""]",target code excluded from predictors
cde_module,Translation,Translation,,26876,AMSS,True,True,"[""Translation"",""Translation | Regulation & Control""]",target code excluded from predictors
cde_module,Translation,Translation,,26877,AMST,True,True,"[""Translation"",""Translation | Regulation & Control""]",target code excluded from predictors
cde_module,Translation,Translation,,26878,AMSU,True,True,"[""Translation"",""Translation | Regulation & Control""]",target code excluded from predictors
cde_module,Translation,Translation,,26879,AMSV,True,True,"[""Translation"",""Translation | Regulation & Control""]",target code excluded from predictors
cde_module,Translation,Translation,,26880,AMSW,True,True,"[""Translation"",""Translation | Regulation & Control""]",target code excluded from predictors
cde_module,Translation,Translation,,26881,AMSX,True,True,"[""Translation"",""Translation | Regulation & Control""]",target code excluded from predictors
cde_module,Translation,Translation,,26882,AMSY,True,True,"[""Translation"",""Translation | Regulation & Control""]",target code excluded from predictors
cde_module,Translation,Translation,,26883,AMSZ,True,True,"[""Translation"",""Translation | Regulation & Control""]",target code excluded from predictors
cde_module,Translation,Translation,,26884,AMTA,True,True,"[""Translation"",""Translation | Regulation & Control""]",target code excluded from predictors
cde_module,Translation,Translation,,26885,AMTB,True,True,"[""Translation"",""Translation | Regulation & Control""]",target code excluded from predictors
cde_module,Translation,Translation,,26886,AMTC,True,True,"[""Translation"",""Translation | Regulation & Control""]",target code excluded from predictors
cde_module,Translation,Translation,,26887,AMTD,True,True,"[""Translation"",""Translation | Regulation & Control""]",target code excluded from predictors
cde_module,Translation,Translation,,26888,AMTE,True,True,"[""Translation"",""Translation | Regulation & Control""]",target code excluded from predictors
cde_module,Translation,Translation,,27235,ANGN,True,True,"[""Translation"",""Translation | aaRS""]",target code excluded from predictors
cde_module,Translation,Translation,,27247,ANGZ,True,True,"[""Translation"",""Translation | aaRS""]",target code excluded from predictors
cde_module,Translation,Translation,,27787,AOBT,True,True,"[""Translation"",""Translation | Regulation & Control""]",target code excluded from predictors
cde_module,Translation,Translation,,27820,AODA,True,True,"[""Translation"",""Translation | aaRS""]",target code excluded from predictors
cde_module,Translation,Translation,,28078,AOMY,True,True,"[""Translation"",""Translation | Ribosomal proteins""]",target code excluded from predictors
cde_module,Translation,Translation,,28079,AOMZ,True,True,"[""Translation"",""Translation | Ribosomal proteins""]",target code excluded from predictors
cde_module,Translation,Translation,,28338,AOWY,True,True,"[""Translation"",""Translation | Regulation & Control""]",target code excluded from predictors
cde_module,Translation,Translation,,28813,APPF,True,True,"[""Translation"",""Translation | Ribosomal proteins""]",target code excluded from predictors
cde_module,Translation,Translation,,28853,APQT,True,True,"[""Translation"",""Translation | aaRS""]",target code excluded from predictors
cde_module,Translation,Translation,,28867,APRH,True,True,"[""Translation"",""Translation | Ribosomal proteins""]",target code excluded from predictors
cde_module,Translation,Translation,,28869,APRJ,True,True,"[""Translation"",""Translation | Ribosomal proteins""]",target code excluded from predictors
cde_module,Translation,Translation,,28870,APRK,True,True,"[""Translation"",""Translation | Ribosomal proteins""]",target code excluded from predictors
cde_module,Translation,Translation,,28871,APRL,True,True,"[""Translation"",""Translation | Ribosomal proteins""]",target code excluded from predictors
cde_module,Translation,Translation,,28872,APRM,True,True,"[""Translation"",""Translation | Ribosomal proteins""]",target code excluded from predictors
cde_module,Translation,Translation,,28993,APWD,True,True,"[""Translation"",""Translation | aaRS""]",target code excluded from predictors
cde_module,Translation,Translation,,28994,APWE,True,True,"[""Translation"",""Translation | aaRS""]",target code excluded from predictors
cde_module,Translation,Translation,,29263,AQGN,True,True,"[""Translation"",""Translation | Ribosomal RNA""]",target code excluded from predictors
cde_module,Translation,Translation,,29264,AQGO,True,True,"[""Translation"",""Translation | Ribosomal RNA""]",target code excluded from predictors
cde_module,Translation,Translation,,29265,AQGP,True,True,"[""Translation"",""Translation | Ribosomal RNA""]",target code excluded from predictors
cde_module,Translation,Translation,,29266,AQGQ,True,True,"[""Translation"",""Translation | tRNA""]",target code excluded from predictors
cde_module,Translation,Translation,,29267,AQGR,True,True,"[""Translation"",""Translation | tRNA""]",target code excluded from predictors
cde_module,Translation,Translation,,29268,AQGS,True,True,"[""Translation"",""Translation | tRNA""]",target code excluded from predictors
cde_module,Translation,Translation,,29269,AQGT,True,True,"[""Translation"",""Translation | tRNA""]",target code excluded from predictors
cde_module,Translation,Translation,,29270,AQGU,True,True,"[""Translation"",""Translation | tRNA""]",target code excluded from predictors
cde_module,Translation,Translation,,29271,AQGV,True,True,"[""Translation"",""Translation | tRNA""]",target code excluded from predictors
cde_module,Translation,Translation,,29272,AQGW,True,True,"[""Translation"",""Translation | tRNA""]",target code excluded from predictors
cde_module,Translation,Translation,,29273,AQGX,True,True,"[""Translation"",""Translation | tRNA""]",target code excluded from predictors
cde_module,Translation,Translation,,29274,AQGY,True,True,"[""Translation"",""Translation | tRNA""]",target code excluded from predictors
cde_module,Translation,Translation,,29275,AQGZ,True,True,"[""Translation"",""Translation | tRNA""]",target code excluded from predictors
cde_module,Translation,Translation,,29276,AQHA,True,True,"[""Translation"",""Translation | tRNA""]",target code excluded from predictors
cde_module,Translation,Translation,,29277,AQHB,True,True,"[""Translation"",""Translation | tRNA""]",target code excluded from predictors
cde_module,Translation,Translation,,29278,AQHC,True,True,"[""Translation"",""Translation | tRNA""]",target code excluded from predictors
cde_module,Translation,Translation,,29279,AQHD,True,True,"[""Translation"",""Translation | tRNA""]",target code excluded from predictors
cde_module,Translation,Translation,,29280,AQHE,True,True,"[""Translation"",""Translation | tRNA""]",target code excluded from predictors
cde_module,Translation,Translation,,29281,AQHF,True,True,"[""Translation"",""Translation | tRNA""]",target code excluded from predictors
cde_module,Translation,Translation,,29282,AQHG,True,True,"[""Translation"",""Translation | tRNA""]",target code excluded from predictors
cde_module,Translation,Translation,,29283,AQHH,True,True,"[""Translation"",""Translation | tRNA""]",target code excluded from predictors
cde_module,Translation,Translation,,29284,AQHI,True,True,"[""Translation"",""Translation | tRNA""]",target code excluded from predictors
cde_module,Translation,Translation,,29285,AQHJ,True,True,"[""Translation"",""Translation | tRNA""]",target code excluded from predictors
cde_module,Translation,Translation,,29286,AQHK,True,True,"[""Translation"",""Translation | tRNA""]",target code excluded from predictors
cde_module,Translation,Translation,,29287,AQHL,True,True,"[""Translation"",""Translation | tRNA""]",target code excluded from predictors
cde_subcategory,Replication | DNA repair & recombination,Replication,DNA repair & recombination,1041,ANB,True,True,"[""Replication"",""Replication | DNA repair & recombination""]",target code excluded from predictors
cde_subcategory,Replication | DNA repair & recombination,Replication,DNA repair & recombination,1042,ANC,True,True,"[""Replication"",""Replication | DNA repair & recombination""]",target code excluded from predictors
cde_subcategory,Replication | DNA repair & recombination,Replication,DNA repair & recombination,1081,AOP,True,True,"[""Replication"",""Replication | DNA repair & recombination""]",target code excluded from predictors
cde_subcategory,Replication | DNA repair & recombination,Replication,DNA repair & recombination,1082,AOQ,True,True,"[""Replication"",""Replication | DNA repair & recombination""]",target code excluded from predictors
cde_subcategory,Replication | DNA repair & recombination,Replication,DNA repair & recombination,1084,AOS,True,True,"[""Replication"",""Replication | DNA repair & recombination""]",target code excluded from predictors
cde_subcategory,Replication | DNA repair & recombination,Replication,DNA repair & recombination,1085,AOT,True,True,"[""Replication"",""Replication | DNA repair & recombination""]",target code excluded from predictors
cde_subcategory,Replication | DNA repair & recombination,Replication,DNA repair & recombination,1086,AOU,True,True,"[""Replication"",""Replication | DNA repair & recombination""]",target code excluded from predictors
cde_subcategory,Replication | DNA repair & recombination,Replication,DNA repair & recombination,1087,AOV,True,True,"[""Replication"",""Replication | DNA repair & recombination""]",target code excluded from predictors
cde_subcategory,Replication | DNA repair & recombination,Replication,DNA repair & recombination,1095,APD,True,True,"[""Replication"",""Replication | DNA repair & recombination""]",target code excluded from predictors
cde_subcategory,Replication | DNA repair & recombination,Replication,DNA repair & recombination,1449,BCT,True,True,"[""Replication"",""Replication | DNA repair & recombination""]",target code excluded from predictors
cde_subcategory,Replication | DNA repair & recombination,Replication,DNA repair & recombination,2265,CID,True,True,"[""Replication"",""Replication | DNA repair & recombination""]",target code excluded from predictors
cde_subcategory,Replication | DNA repair & recombination,Replication,DNA repair & recombination,2276,CIO,True,True,"[""Replication"",""Replication | DNA repair & recombination""]",target code excluded from predictors
cde_subcategory,Replication | DNA repair & recombination,Replication,DNA repair & recombination,2286,CIY,True,True,"[""Replication"",""Replication | DNA repair & recombination""]",target code excluded from predictors
cde_subcategory,Replication | DNA repair & recombination,Replication,DNA repair & recombination,2287,CIZ,True,True,"[""Replication"",""Replication | DNA repair & recombination""]",target code excluded from predictors
cde_subcategory,Replication | DNA repair & recombination,Replication,DNA repair & recombination,2288,CJA,True,True,"[""Replication"",""Replication | DNA repair & recombination""]",target code excluded from predictors
cde_subcategory,Replication | DNA repair & recombination,Replication,DNA repair & recombination,2289,CJB,True,True,"[""Replication"",""Replication | DNA repair & recombination""]",target code excluded from predictors
cde_subcategory,Replication | DNA repair & recombination,Replication,DNA repair & recombination,2304,CJQ,True,True,"[""Replication"",""Replication | DNA repair & recombination""]",target code excluded from predictors
cde_subcategory,Replication | DNA repair & recombination,Replication,DNA repair & recombination,2306,CJS,True,True,"[""Replication"",""Replication | DNA repair & recombination""]",target code excluded from predictors
cde_subcategory,Replication | DNA repair & recombination,Replication,DNA repair & recombination,2307,CJT,True,True,"[""Replication"",""Replication | DNA repair & recombination""]",target code excluded from predictors
cde_subcategory,Replication | DNA repair & recombination,Replication,DNA repair & recombination,2309,CJV,True,True,"[""Replication"",""Replication | DNA repair & recombination""]",target code excluded from predictors
cde_subcategory,Replication | DNA repair & recombination,Replication,DNA repair & recombination,2310,CJW,True,True,"[""Replication"",""Replication | DNA repair & recombination""]",target code excluded from predictors
cde_subcategory,Replication | DNA repair & recombination,Replication,DNA repair & recombination,2311,CJX,True,True,"[""Replication"",""Replication | DNA repair & recombination""]",target code excluded from predictors
cde_subcategory,Replication | DNA repair & recombination,Replication,DNA repair & recombination,2312,CJY,True,True,"[""Replication"",""Replication | DNA repair & recombination""]",target code excluded from predictors
cde_subcategory,Replication | DNA repair & recombination,Replication,DNA repair & recombination,2317,CKD,True,True,"[""Replication"",""Replication | DNA repair & recombination""]",target code excluded from predictors
cde_subcategory,Replication | DNA repair & recombination,Replication,DNA repair & recombination,2318,CKE,True,True,"[""Replication"",""Replication | DNA repair & recombination""]",target code excluded from predictors
cde_subcategory,Replication | DNA repair & recombination,Replication,DNA repair & recombination,2319,CKF,True,True,"[""Replication"",""Replication | DNA repair & recombination""]",target code excluded from predictors
cde_subcategory,Replication | DNA repair & recombination,Replication,DNA repair & recombination,2328,CKO,True,True,"[""Replication"",""Replication | DNA repair & recombination""]",target code excluded from predictors
cde_subcategory,Replication | DNA repair & recombination,Replication,DNA repair & recombination,2329,CKP,True,True,"[""Replication"",""Replication | DNA repair & recombination""]",target code excluded from predictors
cde_subcategory,Replication | DNA repair & recombination,Replication,DNA repair & recombination,2331,CKR,True,True,"[""Replication"",""Replication | DNA repair & recombination""]",target code excluded from predictors
cde_subcategory,Replication | DNA repair & recombination,Replication,DNA repair & recombination,2332,CKS,True,True,"[""Replication"",""Replication | DNA repair & recombination""]",target code excluded from predictors
cde_subcategory,Replication | DNA repair & recombination,Replication,DNA repair & recombination,2347,CLH,True,True,"[""Replication"",""Replication | DNA repair & recombination""]",target code excluded from predictors
cde_subcategory,Replication | DNA repair & recombination,Replication,DNA repair & recombination,2349,CLJ,True,True,"[""Replication"",""Replication | DNA repair & recombination""]",target code excluded from predictors
cde_subcategory,Replication | DNA repair & recombination,Replication,DNA repair & recombination,2369,CMD,True,True,"[""Replication"",""Replication | DNA repair & recombination""]",target code excluded from predictors
cde_subcategory,Replication | DNA repair & recombination,Replication,DNA repair & recombination,2370,CME,True,True,"[""Replication"",""Replication | DNA repair & recombination""]",target code excluded from predictors
cde_subcategory,Replication | DNA repair & recombination,Replication,DNA repair & recombination,2371,CMF,True,True,"[""Replication"",""Replication | DNA repair & recombination""]",target code excluded from predictors
cde_subcategory,Replication | DNA repair & recombination,Replication,DNA repair & recombination,2373,CMH,True,True,"[""Replication"",""Replication | DNA repair & recombination""]",target code excluded from predictors
cde_subcategory,Replication | DNA repair & recombination,Replication,DNA repair & recombination,2374,CMI,True,True,"[""Replication"",""Replication | DNA repair & recombination""]",target code excluded from predictors
cde_subcategory,Replication | DNA repair & recombination,Replication,DNA repair & recombination,2376,CMK,True,True,"[""Replication"",""Replication | DNA repair & recombination""]",target code excluded from predictors
cde_subcategory,Replication | DNA repair & recombination,Replication,DNA repair & recombination,2377,CML,True,True,"[""Replication"",""Replication | DNA repair & recombination""]",target code excluded from predictors
cde_subcategory,Replication | DNA repair & recombination,Replication,DNA repair & recombination,2379,CMN,True,True,"[""Replication"",""Replication | DNA repair & recombination""]",target code excluded from predictors
cde_subcategory,Replication | DNA repair & recombination,Replication,DNA repair & recombination,2380,CMO,True,True,"[""Replication"",""Replication | DNA repair & recombination""]",target code excluded from predictors
cde_subcategory,Replication | DNA repair & recombination,Replication,DNA repair & recombination,2381,CMP,True,True,"[""Replication"",""Replication | DNA repair & recombination""]",target code excluded from predictors
cde_subcategory,Replication | DNA repair & recombination,Replication,DNA repair & recombination,2383,CMR,True,True,"[""Replication"",""Replication | DNA repair & recombination""]",target code excluded from predictors
cde_subcategory,Replication | DNA repair & recombination,Replication,DNA repair & recombination,2388,CMW,True,True,"[""Replication"",""Replication | DNA repair & recombination""]",target code excluded from predictors
cde_subcategory,Replication | DNA repair & recombination,Replication,DNA repair & recombination,2401,CNJ,True,True,"[""Replication"",""Replication | DNA repair & recombination""]",target code excluded from predictors
cde_subcategory,Replication | DNA repair & recombination,Replication,DNA repair & recombination,2402,CNK,True,True,"[""Replication"",""Replication | DNA repair & recombination""]",target code excluded from predictors
cde_subcategory,Replication | DNA repair & recombination,Replication,DNA repair & recombination,2403,CNL,True,True,"[""Replication"",""Replication | DNA repair & recombination""]",target code excluded from predictors
cde_subcategory,Replication | DNA repair & recombination,Replication,DNA repair & recombination,2404,CNM,True,True,"[""Replication"",""Replication | DNA repair & recombination""]",target code excluded from predictors
cde_subcategory,Replication | DNA repair & recombination,Replication,DNA repair & recombination,2407,CNP,True,True,"[""Replication"",""Replication | DNA repair & recombination""]",target code excluded from predictors
cde_subcategory,Replication | DNA repair & recombination,Replication,DNA repair & recombination,2408,CNQ,True,True,"[""Replication"",""Replication | DNA repair & recombination""]",target code excluded from predictors
cde_subcategory,Replication | DNA repair & recombination,Replication,DNA repair & recombination,2409,CNR,True,True,"[""Replication"",""Replication | DNA repair & recombination""]",target code excluded from predictors
cde_subcategory,Replication | DNA repair & recombination,Replication,DNA repair & recombination,2410,CNS,True,True,"[""Replication"",""Replication | DNA repair & recombination""]",target code excluded from predictors
cde_subcategory,Replication | DNA repair & recombination,Replication,DNA repair & recombination,2411,CNT,True,True,"[""Replication"",""Replication | DNA repair & recombination""]",target code excluded from predictors
cde_subcategory,Replication | DNA repair & recombination,Replication,DNA repair & recombination,2412,CNU,True,True,"[""Replication"",""Replication | DNA repair & recombination""]",target code excluded from predictors
cde_subcategory,Replication | DNA repair & recombination,Replication,DNA repair & recombination,2413,CNV,True,True,"[""Replication"",""Replication | DNA repair & recombination""]",target code excluded from predictors
cde_subcategory,Replication | DNA repair & recombination,Replication,DNA repair & recombination,2414,CNW,True,True,"[""Replication"",""Replication | DNA repair & recombination""]",target code excluded from predictors
cde_subcategory,Replication | DNA repair & recombination,Replication,DNA repair & recombination,2415,CNX,True,True,"[""Replication"",""Replication | DNA repair & recombination""]",target code excluded from predictors
cde_subcategory,Replication | DNA repair & recombination,Replication,DNA repair & recombination,2416,CNY,True,True,"[""Replication"",""Replication | DNA repair & recombination""]",target code excluded from predictors
cde_subcategory,Replication | DNA repair & recombination,Replication,DNA repair & recombination,2417,CNZ,True,True,"[""Replication"",""Replication | DNA repair & recombination""]",target code excluded from predictors
cde_subcategory,Replication | DNA repair & recombination,Replication,DNA repair & recombination,2418,COA,True,True,"[""Replication"",""Replication | DNA repair & recombination""]",target code excluded from predictors
cde_subcategory,Replication | DNA repair & recombination,Replication,DNA repair & recombination,2419,COB,True,True,"[""Replication"",""Replication | DNA repair & recombination""]",target code excluded from predictors
cde_subcategory,Replication | DNA repair & recombination,Replication,DNA repair & recombination,2420,COC,True,True,"[""Replication"",""Replication | DNA repair & recombination""]",target code excluded from predictors
cde_subcategory,Replication | DNA repair & recombination,Replication,DNA repair & recombination,2421,COD,True,True,"[""Replication"",""Replication | DNA repair & recombination""]",target code excluded from predictors
cde_subcategory,Replication | DNA repair & recombination,Replication,DNA repair & recombination,2422,COE,True,True,"[""Replication"",""Replication | DNA repair & recombination""]",target code excluded from predictors
cde_subcategory,Replication | DNA repair & recombination,Replication,DNA repair & recombination,2425,COH,True,True,"[""Replication"",""Replication | DNA repair & recombination""]",target code excluded from predictors
cde_subcategory,Replication | DNA repair & recombination,Replication,DNA repair & recombination,2433,COP,True,True,"[""Replication"",""Replication | DNA repair & recombination""]",target code excluded from predictors
cde_subcategory,Replication | DNA repair & recombination,Replication,DNA repair & recombination,2459,CPP,True,True,"[""Replication"",""Replication | DNA repair & recombination""]",target code excluded from predictors
cde_subcategory,Replication | DNA repair & recombination,Replication,DNA repair & recombination,2460,CPQ,True,True,"[""Replication"",""Replication | DNA repair & recombination""]",target code excluded from predictors
cde_subcategory,Replication | DNA repair & recombination,Replication,DNA repair & recombination,2461,CPR,True,True,"[""Replication"",""Replication | DNA repair & recombination""]",target code excluded from predictors
cde_subcategory,Replication | DNA repair & recombination,Replication,DNA repair & recombination,2555,CTH,True,True,"[""Replication"",""Replication | DNA repair & recombination""]",target code excluded from predictors
cde_subcategory,Replication | DNA repair & recombination,Replication,DNA repair & recombination,7454,JZS,True,True,"[""Replication"",""Replication | DNA repair & recombination""]",target code excluded from predictors
cde_subcategory,Replication | DNA repair & recombination,Replication,DNA repair & recombination,7497,KBJ,True,True,"[""Replication"",""Replication | DNA repair & recombination""]",target code excluded from predictors
cde_subcategory,Replication | DNA repair & recombination,Replication,DNA repair & recombination,10182,OAQ,True,True,"[""Replication"",""Replication | DNA repair & recombination""]",target code excluded from predictors
cde_subcategory,Replication | DNA repair & recombination,Replication,DNA repair & recombination,10294,OEY,True,True,"[""Replication"",""Replication | DNA repair & recombination""]",target code excluded from predictors
cde_subcategory,Replication | DNA repair & recombination,Replication,DNA repair & recombination,10505,ONB,True,True,"[""Replication"",""Replication | DNA repair & recombination""]",target code excluded from predictors
cde_subcategory,Replication | DNA repair & recombination,Replication,DNA repair & recombination,10506,ONC,True,True,"[""Replication"",""Replication | DNA repair & recombination""]",target code excluded from predictors
cde_subcategory,Replication | DNA repair & recombination,Replication,DNA repair & recombination,10507,OND,True,True,"[""Replication"",""Replication | DNA repair & recombination""]",target code excluded from predictors
cde_subcategory,Replication | DNA repair & recombination,Replication,DNA repair & recombination,11725,QHZ,True,True,"[""Replication"",""Replication | DNA repair & recombination""]",target code excluded from predictors
cde_subcategory,Replication | DNA repair & recombination,Replication,DNA repair & recombination,11779,QKB,True,True,"[""Replication"",""Replication | DNA repair & recombination""]",target code excluded from predictors
cde_subcategory,Replication | DNA repair & recombination,Replication,DNA repair & recombination,11780,QKC,True,True,"[""Replication"",""Replication | DNA repair & recombination""]",target code excluded from predictors
cde_subcategory,Replication | DNA repair & recombination,Replication,DNA repair & recombination,11807,QLD,True,True,"[""Replication"",""Replication | DNA repair & recombination""]",target code excluded from predictors
cde_subcategory,Replication | DNA repair & recombination,Replication,DNA repair & recombination,11812,QLI,True,True,"[""Replication"",""Replication | DNA repair & recombination""]",target code excluded from predictors
cde_subcategory,Replication | DNA repair & recombination,Replication,DNA repair & recombination,11818,QLO,True,True,"[""Replication"",""Replication | DNA repair & recombination""]",target code excluded from predictors
cde_subcategory,Replication | DNA repair & recombination,Replication,DNA repair & recombination,11917,QPJ,True,True,"[""Replication"",""Replication | DNA repair & recombination""]",target code excluded from predictors
cde_subcategory,Replication | DNA repair & recombination,Replication,DNA repair & recombination,12129,QXN,True,True,"[""Replication"",""Replication | DNA repair & recombination""]",target code excluded from predictors
cde_subcategory,Replication | DNA repair & recombination,Replication,DNA repair & recombination,12183,QZP,True,True,"[""Replication"",""Replication | DNA repair & recombination""]",target code excluded from predictors
cde_subcategory,Replication | DNA repair & recombination,Replication,DNA repair & recombination,12192,QZY,True,True,"[""Replication"",""Replication | DNA repair & recombination""]",target code excluded from predictors
cde_subcategory,Replication | DNA repair & recombination,Replication,DNA repair & recombination,12792,RXA,True,True,"[""Replication"",""Replication | DNA repair & recombination""]",target code excluded from predictors
cde_subcategory,Replication | DNA repair & recombination,Replication,DNA repair & recombination,13307,SQV,True,True,"[""Replication"",""Replication | DNA repair & recombination""]",target code excluded from predictors
cde_subcategory,Replication | DNA repair & recombination,Replication,DNA repair & recombination,13308,SQW,True,True,"[""Replication"",""Replication | DNA repair & recombination""]",target code excluded from predictors
cde_subcategory,Replication | DNA repair & recombination,Replication,DNA repair & recombination,13338,SSA,True,True,"[""Replication"",""Replication | DNA repair & recombination""]",target code excluded from predictors
cde_subcategory,Replication | DNA repair & recombination,Replication,DNA repair & recombination,13340,SSC,True,True,"[""Replication"",""Replication | DNA repair & recombination""]",target code excluded from predictors
cde_subcategory,Replication | DNA repair & recombination,Replication,DNA repair & recombination,13341,SSD,True,True,"[""Replication"",""Replication | DNA repair & recombination""]",target code excluded from predictors
cde_subcategory,Replication | DNA repair & recombination,Replication,DNA repair & recombination,13342,SSE,True,True,"[""Replication"",""Replication | DNA repair & recombination""]",target code excluded from predictors
cde_subcategory,Replication | DNA repair & recombination,Replication,DNA repair & recombination,13343,SSF,True,True,"[""Replication"",""Replication | DNA repair & recombination""]",target code excluded from predictors
cde_subcategory,Replication | DNA repair & recombination,Replication,DNA repair & recombination,13367,STD,True,True,"[""Replication"",""Replication | DNA repair & recombination""]",target code excluded from predictors
cde_subcategory,Replication | DNA repair & recombination,Replication,DNA repair & recombination,13368,STE,True,True,"[""Replication"",""Replication | DNA repair & recombination""]",target code excluded from predictors
cde_subcategory,Replication | DNA repair & recombination,Replication,DNA repair & recombination,14122,TWE,True,True,"[""Replication"",""Replication | DNA repair & recombination""]",target code excluded from predictors
cde_subcategory,Replication | DNA repair & recombination,Replication,DNA repair & recombination,14564,UNE,True,True,"[""Replication"",""Replication | DNA repair & recombination""]",target code excluded from predictors
cde_subcategory,Replication | DNA repair & recombination,Replication,DNA repair & recombination,15650,WCY,True,True,"[""Replication"",""Replication | DNA repair & recombination""]",target code excluded from predictors
cde_subcategory,Replication | DNA repair & recombination,Replication,DNA repair & recombination,15812,WJE,True,True,"[""Replication"",""Replication | DNA repair & recombination""]",target code excluded from predictors
cde_subcategory,Replication | DNA repair & recombination,Replication,DNA repair & recombination,16025,WRJ,True,True,"[""Replication"",""Replication | DNA repair & recombination""]",target code excluded from predictors
cde_subcategory,Replication | DNA repair & recombination,Replication,DNA repair & recombination,17465,YUT,True,True,"[""Replication"",""Replication | DNA repair & recombination""]",target code excluded from predictors
cde_subcategory,Replication | DNA repair & recombination,Replication,DNA repair & recombination,17466,YUU,True,True,"[""Replication"",""Replication | DNA repair & recombination""]",target code excluded from predictors
cde_subcategory,Replication | DNA repair & recombination,Replication,DNA repair & recombination,18156,ZVI,True,True,"[""Replication"",""Replication | DNA repair & recombination""]",target code excluded from predictors
cde_subcategory,Replication | DNA repair & recombination,Replication,DNA repair & recombination,18157,ZVJ,True,True,"[""Replication"",""Replication | DNA repair & recombination""]",target code excluded from predictors
cde_subcategory,Replication | DNA repair & recombination,Replication,DNA repair & recombination,18705,AAQL,True,True,"[""Replication"",""Replication | DNA repair & recombination""]",target code excluded from predictors
cde_subcategory,Replication | DNA repair & recombination,Replication,DNA repair & recombination,20984,AEAC,True,True,"[""Replication"",""Replication | DNA repair & recombination""]",target code excluded from predictors
cde_subcategory,Replication | DNA repair & recombination,Replication,DNA repair & recombination,20985,AEAD,True,True,"[""Replication"",""Replication | DNA repair & recombination""]",target code excluded from predictors
cde_subcategory,Replication | DNA repair & recombination,Replication,DNA repair & recombination,20986,AEAE,True,True,"[""Replication"",""Replication | DNA repair & recombination""]",target code excluded from predictors
cde_subcategory,Replication | DNA repair & recombination,Replication,DNA repair & recombination,22412,AGDA,True,True,"[""Replication"",""Replication | DNA repair & recombination""]",target code excluded from predictors
cde_subcategory,Replication | DNA repair & recombination,Replication,DNA repair & recombination,22494,AGGE,True,True,"[""Replication"",""Replication | DNA repair & recombination""]",target code excluded from predictors
cde_subcategory,Replication | DNA repair & recombination,Replication,DNA repair & recombination,22513,AGGX,True,True,"[""Replication"",""Replication | DNA repair & recombination""]",target code excluded from predictors
cde_subcategory,Replication | DNA repair & recombination,Replication,DNA repair & recombination,23066,AHCE,True,True,"[""Replication"",""Replication | DNA repair & recombination""]",target code excluded from predictors
cde_subcategory,Replication | DNA repair & recombination,Replication,DNA repair & recombination,23160,AHFU,True,True,"[""Replication"",""Replication | DNA repair & recombination""]",target code excluded from predictors
cde_subcategory,Replication | DNA repair & recombination,Replication,DNA repair & recombination,23751,AICN,True,True,"[""Replication"",""Replication | DNA repair & recombination""]",target code excluded from predictors
cde_subcategory,Replication | DNA repair & recombination,Replication,DNA repair & recombination,23752,AICO,True,True,"[""Replication"",""Replication | DNA repair & recombination""]",target code excluded from predictors
cde_subcategory,Replication | DNA repair & recombination,Replication,DNA repair & recombination,24668,AJLU,True,True,"[""Replication"",""Replication | DNA repair & recombination""]",target code excluded from predictors
cde_subcategory,Replication | DNA repair & recombination,Replication,DNA repair & recombination,24669,AJLV,True,True,"[""Replication"",""Replication | DNA repair & recombination""]",target code excluded from predictors
cde_subcategory,Replication | DNA repair & recombination,Replication,DNA repair & recombination,24700,AJNA,True,True,"[""Replication"",""Replication | DNA repair & recombination""]",target code excluded from predictors
cde_subcategory,Replication | DNA repair & recombination,Replication,DNA repair & recombination,25143,AKEB,True,True,"[""Replication"",""Replication | DNA repair & recombination""]",target code excluded from predictors
cde_subcategory,Replication | DNA repair & recombination,Replication,DNA repair & recombination,25144,AKEC,True,True,"[""Replication"",""Replication | DNA repair & recombination""]",target code excluded from predictors
cde_subcategory,Replication | DNA repair & recombination,Replication,DNA repair & recombination,25145,AKED,True,True,"[""Replication"",""Replication | DNA repair & recombination""]",target code excluded from predictors
cde_subcategory,Replication | DNA repair & recombination,Replication,DNA repair & recombination,25146,AKEE,True,True,"[""Replication"",""Replication | DNA repair & recombination""]",target code excluded from predictors
cde_subcategory,Replication | DNA repair & recombination,Replication,DNA repair & recombination,25147,AKEF,True,True,"[""Replication"",""Replication | DNA repair & recombination""]",target code excluded from predictors
cde_subcategory,Replication | DNA repair & recombination,Replication,DNA repair & recombination,25148,AKEG,True,True,"[""Replication"",""Replication | DNA repair & recombination""]",target code excluded from predictors
cde_subcategory,Replication | DNA repair & recombination,Replication,DNA repair & recombination,25150,AKEI,True,True,"[""Replication"",""Replication | DNA repair & recombination""]",target code excluded from predictors
cde_subcategory,Replication | DNA repair & recombination,Replication,DNA repair & recombination,25151,AKEJ,True,True,"[""Replication"",""Replication | DNA repair & recombination""]",target code excluded from predictors
cde_subcategory,Replication | DNA repair & recombination,Replication,DNA repair & recombination,25152,AKEK,True,True,"[""Replication"",""Replication | DNA repair & recombination""]",target code excluded from predictors
cde_subcategory,Replication | DNA repair & recombination,Replication,DNA repair & recombination,25153,AKEL,True,True,"[""Replication"",""Replication | DNA repair & recombination""]",target code excluded from predictors
cde_subcategory,Replication | DNA repair & recombination,Replication,DNA repair & recombination,25154,AKEM,True,True,"[""Replication"",""Replication | DNA repair & recombination""]",target code excluded from predictors
cde_subcategory,Replication | DNA repair & recombination,Replication,DNA repair & recombination,25155,AKEN,True,True,"[""Replication"",""Replication | DNA repair & recombination""]",target code excluded from predictors
cde_subcategory,Replication | DNA repair & recombination,Replication,DNA repair & recombination,25156,AKEO,True,True,"[""Replication"",""Replication | DNA repair & recombination""]",target code excluded from predictors
cde_subcategory,Replication | DNA repair & recombination,Replication,DNA repair & recombination,25157,AKEP,True,True,"[""Replication"",""Replication | DNA repair & recombination""]",target code excluded from predictors
cde_subcategory,Replication | DNA repair & recombination,Replication,DNA repair & recombination,25158,AKEQ,True,True,"[""Replication"",""Replication | DNA repair & recombination""]",target code excluded from predictors
cde_subcategory,Replication | DNA repair & recombination,Replication,DNA repair & recombination,25274,AKJC,True,True,"[""Replication"",""Replication | DNA repair & recombination""]",target code excluded from predictors
cde_subcategory,Replication | DNA repair & recombination,Replication,DNA repair & recombination,25275,AKJD,True,True,"[""Replication"",""Replication | DNA repair & recombination""]",target code excluded from predictors
cde_subcategory,Replication | DNA repair & recombination,Replication,DNA repair & recombination,25285,AKJN,True,True,"[""Replication"",""Replication | DNA repair & recombination""]",target code excluded from predictors
cde_subcategory,Replication | DNA repair & recombination,Replication,DNA repair & recombination,25358,AKMI,True,True,"[""Replication"",""Replication | DNA repair & recombination""]",target code excluded from predictors
cde_subcategory,Replication | DNA repair & recombination,Replication,DNA repair & recombination,25593,AKVJ,True,True,"[""Replication"",""Replication | DNA repair & recombination""]",target code excluded from predictors
cde_subcategory,Replication | DNA repair & recombination,Replication,DNA repair & recombination,27281,ANIH,True,True,"[""Replication"",""Replication | DNA repair & recombination""]",target code excluded from predictors
cde_subcategory,Replication | DNA repair & recombination,Replication,DNA repair & recombination,27395,ANMR,True,True,"[""Replication"",""Replication | DNA repair & recombination""]",target code excluded from predictors
cde_subcategory,Replication | DNA repair & recombination,Replication,DNA repair & recombination,27559,ANSZ,True,True,"[""Replication"",""Replication | DNA repair & recombination""]",target code excluded from predictors
cde_subcategory,Replication | DNA repair & recombination,Replication,DNA repair & recombination,27631,ANVT,True,True,"[""Replication"",""Replication | DNA repair & recombination""]",target code excluded from predictors
cde_subcategory,Replication | DNA repair & recombination,Replication,DNA repair & recombination,27633,ANVV,True,True,"[""Replication"",""Replication | DNA repair & recombination""]",target code excluded from predictors
cde_subcategory,Replication | DNA repair & recombination,Replication,DNA repair & recombination,27634,ANVW,True,True,"[""Replication"",""Replication | DNA repair & recombination""]",target code excluded from predictors
cde_subcategory,Replication | DNA repair & recombination,Replication,DNA repair & recombination,27706,ANYQ,True,True,"[""Replication"",""Replication | DNA repair & recombination""]",target code excluded from predictors
cde_subcategory,Replication | DNA repair & recombination,Replication,DNA repair & recombination,28080,AONA,True,True,"[""Replication"",""Replication | DNA repair & recombination""]",target code excluded from predictors
cde_subcategory,Replication | DNA repair & recombination,Replication,DNA repair & recombination,29016,APXA,True,True,"[""Replication"",""Replication | DNA repair & recombination""]",target code excluded from predictors
cde_subcategory,Replication | Machinery / Elongation,Replication,Machinery / Elongation,2300,CJM,True,True,"[""Replication"",""Replication | Machinery / Elongation""]",target code excluded from predictors
cde_subcategory,Replication | Machinery / Elongation,Replication,Machinery / Elongation,2301,CJN,True,True,"[""Replication"",""Replication | Machinery / Elongation""]",target code excluded from predictors
cde_subcategory,Replication | Machinery / Elongation,Replication,Machinery / Elongation,2302,CJO,True,True,"[""Replication"",""Replication | Machinery / Elongation""]",target code excluded from predictors
cde_subcategory,Replication | Machinery / Elongation,Replication,Machinery / Elongation,2308,CJU,True,True,"[""Replication"",""Replication | Machinery / Elongation""]",target code excluded from predictors
cde_subcategory,Replication | Machinery / Elongation,Replication,Machinery / Elongation,2353,CLN,True,True,"[""Replication"",""Replication | Machinery / Elongation""]",target code excluded from predictors
cde_subcategory,Replication | Machinery / Elongation,Replication,Machinery / Elongation,2354,CLO,True,True,"[""Replication"",""Replication | Machinery / Elongation""]",target code excluded from predictors
cde_subcategory,Replication | Machinery / Elongation,Replication,Machinery / Elongation,2356,CLQ,True,True,"[""Replication"",""Replication | Machinery / Elongation""]",target code excluded from predictors
cde_subcategory,Replication | Machinery / Elongation,Replication,Machinery / Elongation,2357,CLR,True,True,"[""Replication"",""Replication | Machinery / Elongation""]",target code excluded from predictors
cde_subcategory,Replication | Machinery / Elongation,Replication,Machinery / Elongation,2358,CLS,True,True,"[""Replication"",""Replication | Machinery / Elongation""]",target code excluded from predictors
cde_subcategory,Replication | Machinery / Elongation,Replication,Machinery / Elongation,2359,CLT,True,True,"[""Replication"",""Replication | Machinery / Elongation""]",target code excluded from predictors
cde_subcategory,Replication | Machinery / Elongation,Replication,Machinery / Elongation,2360,CLU,True,True,"[""Replication"",""Replication | Machinery / Elongation""]",target code excluded from predictors
cde_subcategory,Replication | Machinery / Elongation,Replication,Machinery / Elongation,2363,CLX,True,True,"[""Replication"",""Replication | Machinery / Elongation""]",target code excluded from predictors
cde_subcategory,Replication | Machinery / Elongation,Replication,Machinery / Elongation,2365,CLZ,True,True,"[""Replication"",""Replication | Machinery / Elongation""]",target code excluded from predictors
cde_subcategory,Replication | Machinery / Elongation,Replication,Machinery / Elongation,2367,CMB,True,True,"[""Replication"",""Replication | Machinery / Elongation""]",target code excluded from predictors
cde_subcategory,Replication | Machinery / Elongation,Replication,Machinery / Elongation,2384,CMS,True,True,"[""Replication"",""Replication | Machinery / Elongation""]",target code excluded from predictors
cde_subcategory,Replication | Machinery / Elongation,Replication,Machinery / Elongation,2389,CMX,True,True,"[""Replication"",""Replication | Machinery / Elongation""]",target code excluded from predictors
cde_subcategory,Replication | Machinery / Elongation,Replication,Machinery / Elongation,2390,CMY,True,True,"[""Replication"",""Replication | Machinery / Elongation""]",target code excluded from predictors
cde_subcategory,Replication | Machinery / Elongation,Replication,Machinery / Elongation,2391,CMZ,True,True,"[""Replication"",""Replication | Machinery / Elongation""]",target code excluded from predictors
cde_subcategory,Replication | Machinery / Elongation,Replication,Machinery / Elongation,2392,CNA,True,True,"[""Replication"",""Replication | Machinery / Elongation""]",target code excluded from predictors
cde_subcategory,Replication | Machinery / Elongation,Replication,Machinery / Elongation,2393,CNB,True,True,"[""Replication"",""Replication | Machinery / Elongation""]",target code excluded from predictors
cde_subcategory,Replication | Machinery / Elongation,Replication,Machinery / Elongation,2396,CNE,True,True,"[""Replication"",""Replication | Machinery / Elongation""]",target code excluded from predictors
cde_subcategory,Replication | Machinery / Elongation,Replication,Machinery / Elongation,2397,CNF,True,True,"[""Replication"",""Replication | Machinery / Elongation""]",target code excluded from predictors
cde_subcategory,Replication | Machinery / Elongation,Replication,Machinery / Elongation,2428,COK,True,True,"[""Replication"",""Replication | Machinery / Elongation""]",target code excluded from predictors
cde_subcategory,Replication | Machinery / Elongation,Replication,Machinery / Elongation,2445,CPB,True,True,"[""Replication"",""Replication | Machinery / Elongation""]",target code excluded from predictors
cde_subcategory,Replication | Machinery / Elongation,Replication,Machinery / Elongation,2446,CPC,True,True,"[""Replication"",""Replication | Machinery / Elongation""]",target code excluded from predictors
cde_subcategory,Replication | Machinery / Elongation,Replication,Machinery / Elongation,2447,CPD,True,True,"[""Replication"",""Replication | Machinery / Elongation""]",target code excluded from predictors
cde_subcategory,Replication | Machinery / Elongation,Replication,Machinery / Elongation,2448,CPE,True,True,"[""Replication"",""Replication | Machinery / Elongation""]",target code excluded from predictors
cde_subcategory,Replication | Machinery / Elongation,Replication,Machinery / Elongation,2449,CPF,True,True,"[""Replication"",""Replication | Machinery / Elongation""]",target code excluded from predictors
cde_subcategory,Replication | Machinery / Elongation,Replication,Machinery / Elongation,2450,CPG,True,True,"[""Replication"",""Replication | Machinery / Elongation""]",target code excluded from predictors
cde_subcategory,Replication | Machinery / Elongation,Replication,Machinery / Elongation,2451,CPH,True,True,"[""Replication"",""Replication | Machinery / Elongation""]",target code excluded from predictors
cde_subcategory,Replication | Machinery / Elongation,Replication,Machinery / Elongation,2452,CPI,True,True,"[""Replication"",""Replication | Machinery / Elongation""]",target code excluded from predictors
cde_subcategory,Replication | Machinery / Elongation,Replication,Machinery / Elongation,2453,CPJ,True,True,"[""Replication"",""Replication | Machinery / Elongation""]",target code excluded from predictors
cde_subcategory,Replication | Machinery / Elongation,Replication,Machinery / Elongation,2454,CPK,True,True,"[""Replication"",""Replication | Machinery / Elongation""]",target code excluded from predictors
cde_subcategory,Replication | Machinery / Elongation,Replication,Machinery / Elongation,2455,CPL,True,True,"[""Replication"",""Replication | Machinery / Elongation""]",target code excluded from predictors
cde_subcategory,Replication | Machinery / Elongation,Replication,Machinery / Elongation,2456,CPM,True,True,"[""Replication"",""Replication | Machinery / Elongation""]",target code excluded from predictors
cde_subcategory,Replication | Machinery / Elongation,Replication,Machinery / Elongation,2457,CPN,True,True,"[""Replication"",""Replication | Machinery / Elongation""]",target code excluded from predictors
cde_subcategory,Replication | Machinery / Elongation,Replication,Machinery / Elongation,2458,CPO,True,True,"[""Replication"",""Replication | Machinery / Elongation""]",target code excluded from predictors
cde_subcategory,Replication | Machinery / Elongation,Replication,Machinery / Elongation,6373,IKD,True,True,"[""Replication"",""Replication | Machinery / Elongation""]",target code excluded from predictors
cde_subcategory,Replication | Machinery / Elongation,Replication,Machinery / Elongation,6375,IKF,True,True,"[""Replication"",""Replication | Machinery / Elongation""]",target code excluded from predictors
cde_subcategory,Replication | Machinery / Elongation,Replication,Machinery / Elongation,6376,IKG,True,True,"[""Replication"",""Replication | Machinery / Elongation""]",target code excluded from predictors
cde_subcategory,Replication | Machinery / Elongation,Replication,Machinery / Elongation,9941,NRJ,True,True,"[""Replication"",""Replication | Machinery / Elongation""]",target code excluded from predictors
cde_subcategory,Replication | Machinery / Elongation,Replication,Machinery / Elongation,11513,PZV,True,True,"[""Replication"",""Replication | Machinery / Elongation""]",target code excluded from predictors
cde_subcategory,Replication | Machinery / Elongation,Replication,Machinery / Elongation,12253,RCH,True,True,"[""Replication"",""Replication | Machinery / Elongation""]",target code excluded from predictors
cde_subcategory,Replication | Machinery / Elongation,Replication,Machinery / Elongation,15639,WCN,True,True,"[""Replication"",""Replication | Machinery / Elongation""]",target code excluded from predictors
cde_subcategory,Replication | Machinery / Elongation,Replication,Machinery / Elongation,15832,WJY,True,True,"[""Replication"",""Replication | Machinery / Elongation""]",target code excluded from predictors
cde_subcategory,Replication | Machinery / Elongation,Replication,Machinery / Elongation,16428,XGW,True,True,"[""Replication"",""Replication | Machinery / Elongation""]",target code excluded from predictors
cde_subcategory,Replication | Machinery / Elongation,Replication,Machinery / Elongation,23762,AICY,True,True,"[""Replication"",""Replication | Machinery / Elongation""]",target code excluded from predictors
cde_subcategory,Replication | Machinery / Elongation,Replication,Machinery / Elongation,24094,AIPS,True,True,"[""Replication"",""Replication | Machinery / Elongation""]",target code excluded from predictors
cde_subcategory,Replication | Machinery / Elongation,Replication,Machinery / Elongation,24095,AIPT,True,True,"[""Replication"",""Replication | Machinery / Elongation""]",target code excluded from predictors
cde_subcategory,Replication | Machinery / Elongation,Replication,Machinery / Elongation,24096,AIPU,True,True,"[""Replication"",""Replication | Machinery / Elongation""]",target code excluded from predictors
cde_subcategory,Replication | Machinery / Elongation,Replication,Machinery / Elongation,24097,AIPV,True,True,"[""Replication"",""Replication | Machinery / Elongation""]",target code excluded from predictors
cde_subcategory,Replication | Machinery / Elongation,Replication,Machinery / Elongation,24098,AIPW,True,True,"[""Replication"",""Replication | Machinery / Elongation""]",target code excluded from predictors
cde_subcategory,Replication | Machinery / Elongation,Replication,Machinery / Elongation,24099,AIPX,True,True,"[""Replication"",""Replication | Machinery / Elongation""]",target code excluded from predictors
cde_subcategory,Replication | Machinery / Elongation,Replication,Machinery / Elongation,24672,AJLY,True,True,"[""Replication"",""Replication | Machinery / Elongation""]",target code excluded from predictors
cde_subcategory,Replication | Machinery / Elongation,Replication,Machinery / Elongation,25220,AKHA,True,True,"[""Replication"",""Replication | Machinery / Elongation""]",target code excluded from predictors
cde_subcategory,Replication | Machinery / Elongation,Replication,Machinery / Elongation,25221,AKHB,True,True,"[""Replication"",""Replication | Machinery / Elongation""]",target code excluded from predictors
cde_subcategory,Replication | Machinery / Elongation,Replication,Machinery / Elongation,25222,AKHC,True,True,"[""Replication"",""Replication | Machinery / Elongation""]",target code excluded from predictors
cde_subcategory,Replication | Machinery / Elongation,Replication,Machinery / Elongation,25246,AKIA,True,True,"[""Replication"",""Replication | Machinery / Elongation""]",target code excluded from predictors
cde_subcategory,Replication | Machinery / Elongation,Replication,Machinery / Elongation,25247,AKIB,True,True,"[""Replication"",""Replication | Machinery / Elongation""]",target code excluded from predictors
cde_subcategory,Replication | Machinery / Elongation,Replication,Machinery / Elongation,25248,AKIC,True,True,"[""Replication"",""Replication | Machinery / Elongation""]",target code excluded from predictors
cde_subcategory,Replication | Machinery / Elongation,Replication,Machinery / Elongation,25263,AKIR,True,True,"[""Replication"",""Replication | Machinery / Elongation""]",target code excluded from predictors
cde_subcategory,Replication | Machinery / Elongation,Replication,Machinery / Elongation,25264,AKIS,True,True,"[""Replication"",""Replication | Machinery / Elongation""]",target code excluded from predictors
cde_subcategory,Replication | Machinery / Elongation,Replication,Machinery / Elongation,25281,AKJJ,True,True,"[""Replication"",""Replication | Machinery / Elongation""]",target code excluded from predictors
cde_subcategory,Replication | Machinery / Elongation,Replication,Machinery / Elongation,25282,AKJK,True,True,"[""Replication"",""Replication | Machinery / Elongation""]",target code excluded from predictors
cde_subcategory,Replication | Machinery / Elongation,Replication,Machinery / Elongation,25284,AKJM,True,True,"[""Replication"",""Replication | Machinery / Elongation""]",target code excluded from predictors
cde_subcategory,Replication | Machinery / Elongation,Replication,Machinery / Elongation,25929,ALIH,True,True,"[""Replication"",""Replication | Machinery / Elongation""]",target code excluded from predictors
cde_subcategory,Replication | Machinery / Elongation,Replication,Machinery / Elongation,25930,ALII,True,True,"[""Replication"",""Replication | Machinery / Elongation""]",target code excluded from predictors
cde_subcategory,Replication | Machinery / Elongation,Replication,Machinery / Elongation,25931,ALIJ,True,True,"[""Replication"",""Replication | Machinery / Elongation""]",target code excluded from predictors
cde_subcategory,Replication | Machinery / Elongation,Replication,Machinery / Elongation,27276,ANIC,True,True,"[""Replication"",""Replication | Machinery / Elongation""]",target code excluded from predictors
cde_subcategory,Replication | Machinery / Elongation,Replication,Machinery / Elongation,27277,ANID,True,True,"[""Replication"",""Replication | Machinery / Elongation""]",target code excluded from predictors
cde_subcategory,Replication | Machinery / Elongation,Replication,Machinery / Elongation,27278,ANIE,True,True,"[""Replication"",""Replication | Machinery / Elongation""]",target code excluded from predictors
cde_subcategory,Replication | Machinery / Elongation,Replication,Machinery / Elongation,27279,ANIF,True,True,"[""Replication"",""Replication | Machinery / Elongation""]",target code excluded from predictors
cde_subcategory,Replication | Machinery / Elongation,Replication,Machinery / Elongation,27280,ANIG,True,True,"[""Replication"",""Replication | Machinery / Elongation""]",target code excluded from predictors
cde_subcategory,Replication | Machinery / Elongation,Replication,Machinery / Elongation,28089,AONJ,True,True,"[""Replication"",""Replication | Machinery / Elongation""]",target code excluded from predictors
cde_subcategory,Replication | Machinery / Elongation,Replication,Machinery / Elongation,28203,AORT,True,True,"[""Replication"",""Replication | Machinery / Elongation""]",target code excluded from predictors
cde_subcategory,Replication | Machinery / Elongation,Replication,Machinery / Elongation,28360,AOXU,True,True,"[""Replication"",""Replication | Machinery / Elongation""]",target code excluded from predictors
cde_subcategory,Replication | Maintenance / Partition,Replication,Maintenance / Partition,1152,ARI,True,True,"[""Replication"",""Replication | Maintenance / Partition""]",target code excluded from predictors
cde_subcategory,Replication | Maintenance / Partition,Replication,Maintenance / Partition,11378,PUQ,True,True,"[""Replication"",""Replication | Maintenance / Partition""]",target code excluded from predictors
cde_subcategory,Replication | Maintenance / Partition,Replication,Maintenance / Partition,11379,PUR,True,True,"[""Replication"",""Replication | Maintenance / Partition""]",target code excluded from predictors
cde_subcategory,Replication | Maintenance / Partition,Replication,Maintenance / Partition,11386,PUY,True,True,"[""Replication"",""Replication | Maintenance / Partition""]",target code excluded from predictors
cde_subcategory,Replication | Maintenance / Partition,Replication,Maintenance / Partition,11387,PUZ,True,True,"[""Replication"",""Replication | Maintenance / Partition""]",target code excluded from predictors
cde_subcategory,Replication | Maintenance / Partition,Replication,Maintenance / Partition,11390,PVC,True,True,"[""Replication"",""Replication | Maintenance / Partition""]",target code excluded from predictors
cde_subcategory,Replication | Maintenance / Partition,Replication,Maintenance / Partition,16820,XVY,True,True,"[""Replication"",""Replication | Maintenance / Partition""]",target code excluded from predictors
cde_subcategory,Replication | Maintenance / Partition,Replication,Maintenance / Partition,16821,XVZ,True,True,"[""Replication"",""Replication | Maintenance / Partition""]",target code excluded from predictors
cde_subcategory,Replication | Maintenance / Partition,Replication,Maintenance / Partition,16822,XWA,True,True,"[""Replication"",""Replication | Maintenance / Partition""]",target code excluded from predictors
cde_subcategory,Replication | Maintenance / Partition,Replication,Maintenance / Partition,16823,XWB,True,True,"[""Replication"",""Replication | Maintenance / Partition""]",target code excluded from predictors
cde_subcategory,Replication | Maintenance / Partition,Replication,Maintenance / Partition,16824,XWC,True,True,"[""Replication"",""Replication | Maintenance / Partition""]",target code excluded from predictors
cde_subcategory,Replication | Maintenance / Partition,Replication,Maintenance / Partition,16825,XWD,True,True,"[""Replication"",""Replication | Maintenance / Partition""]",target code excluded from predictors
cde_subcategory,Replication | Maintenance / Partition,Replication,Maintenance / Partition,16826,XWE,True,True,"[""Replication"",""Replication | Maintenance / Partition""]",target code excluded from predictors
cde_subcategory,Replication | Maintenance / Partition,Replication,Maintenance / Partition,16827,XWF,True,True,"[""Replication"",""Replication | Maintenance / Partition""]",target code excluded from predictors
cde_subcategory,Replication | Maintenance / Partition,Replication,Maintenance / Partition,16828,XWG,True,True,"[""Replication"",""Replication | Maintenance / Partition""]",target code excluded from predictors
cde_subcategory,Replication | Maintenance / Partition,Replication,Maintenance / Partition,18140,ZUS,True,True,"[""Replication"",""Replication | Maintenance / Partition""]",target code excluded from predictors
cde_subcategory,Replication | Maintenance / Partition,Replication,Maintenance / Partition,22787,AGRL,True,True,"[""Replication"",""Replication | Maintenance / Partition""]",target code excluded from predictors
cde_subcategory,Replication | Maintenance / Partition,Replication,Maintenance / Partition,22788,AGRM,True,True,"[""Replication"",""Replication | Maintenance / Partition""]",target code excluded from predictors
cde_subcategory,Replication | Maintenance / Partition,Replication,Maintenance / Partition,22789,AGRN,True,True,"[""Replication"",""Replication | Maintenance / Partition""]",target code excluded from predictors
cde_subcategory,Replication | Maintenance / Partition,Replication,Maintenance / Partition,22790,AGRO,True,True,"[""Replication"",""Replication | Maintenance / Partition""]",target code excluded from predictors
cde_subcategory,Replication | Maintenance / Partition,Replication,Maintenance / Partition,23738,AICA,True,True,"[""Replication"",""Replication | Maintenance / Partition""]",target code excluded from predictors
cde_subcategory,Replication | Maintenance / Partition,Replication,Maintenance / Partition,23739,AICB,True,True,"[""Replication"",""Replication | Maintenance / Partition""]",target code excluded from predictors
cde_subcategory,Replication | Maintenance / Partition,Replication,Maintenance / Partition,23740,AICC,True,True,"[""Replication"",""Replication | Maintenance / Partition""]",target code excluded from predictors
cde_subcategory,Replication | Maintenance / Partition,Replication,Maintenance / Partition,23741,AICD,True,True,"[""Replication"",""Replication | Maintenance / Partition""]",target code excluded from predictors
cde_subcategory,Replication | Maintenance / Partition,Replication,Maintenance / Partition,23742,AICE,True,True,"[""Replication"",""Replication | Maintenance / Partition""]",target code excluded from predictors
cde_subcategory,Replication | Maintenance / Partition,Replication,Maintenance / Partition,23743,AICF,True,True,"[""Replication"",""Replication | Maintenance / Partition""]",target code excluded from predictors
cde_subcategory,Replication | Maintenance / Partition,Replication,Maintenance / Partition,23744,AICG,True,True,"[""Replication"",""Replication | Maintenance / Partition""]",target code excluded from predictors
cde_subcategory,Replication | Maintenance / Partition,Replication,Maintenance / Partition,23745,AICH,True,True,"[""Replication"",""Replication | Maintenance / Partition""]",target code excluded from predictors
cde_subcategory,Replication | Maintenance / Partition,Replication,Maintenance / Partition,23746,AICI,True,True,"[""Replication"",""Replication | Maintenance / Partition""]",target code excluded from predictors
cde_subcategory,Replication | Maintenance / Partition,Replication,Maintenance / Partition,23747,AICJ,True,True,"[""Replication"",""Replication | Maintenance / Partition""]",target code excluded from predictors
cde_subcategory,Replication | Maintenance / Partition,Replication,Maintenance / Partition,23748,AICK,True,True,"[""Replication"",""Replication | Maintenance / Partition""]",target code excluded from predictors
cde_subcategory,Replication | Maintenance / Partition,Replication,Maintenance / Partition,23749,AICL,True,True,"[""Replication"",""Replication | Maintenance / Partition""]",target code excluded from predictors
cde_subcategory,Replication | Maintenance / Partition,Replication,Maintenance / Partition,23772,AIDI,True,True,"[""Replication"",""Replication | Maintenance / Partition""]",target code excluded from predictors
cde_subcategory,Replication | Maintenance / Partition,Replication,Maintenance / Partition,23782,AIDS,True,True,"[""Replication"",""Replication | Maintenance / Partition""]",target code excluded from predictors
cde_subcategory,Replication | Maintenance / Partition,Replication,Maintenance / Partition,23800,AIEK,True,True,"[""Replication"",""Replication | Maintenance / Partition""]",target code excluded from predictors
cde_subcategory,Replication | Maintenance / Partition,Replication,Maintenance / Partition,23801,AIEL,True,True,"[""Replication"",""Replication | Maintenance / Partition""]",target code excluded from predictors
cde_subcategory,Replication | Maintenance / Partition,Replication,Maintenance / Partition,26294,ALWI,True,True,"[""Replication"",""Replication | Maintenance / Partition""]",target code excluded from predictors
cde_subcategory,Replication | Maintenance / Partition,Replication,Maintenance / Partition,26295,ALWJ,True,True,"[""Replication"",""Replication | Maintenance / Partition""]",target code excluded from predictors
cde_subcategory,Replication | Replication Initiator,Replication,Replication Initiator,2424,COG,True,True,"[""Replication"",""Replication | Replication Initiator""]",target code excluded from predictors
cde_subcategory,Replication | Replication Initiator,Replication,Replication Initiator,2427,COJ,True,True,"[""Replication"",""Replication | Replication Initiator""]",target code excluded from predictors
cde_subcategory,Replication | Replication Initiator,Replication,Replication Initiator,2429,COL,True,True,"[""Replication"",""Replication | Replication Initiator""]",target code excluded from predictors
cde_subcategory,Replication | Replication Initiator,Replication,Replication Initiator,2430,COM,True,True,"[""Replication"",""Replication | Replication Initiator""]",target code excluded from predictors
cde_subcategory,Replication | Replication Initiator,Replication,Replication Initiator,2431,CON,True,True,"[""Replication"",""Replication | Replication Initiator""]",target code excluded from predictors
cde_subcategory,Replication | Replication Initiator,Replication,Replication Initiator,2588,CUO,True,True,"[""Replication"",""Replication | Replication Initiator""]",target code excluded from predictors
cde_subcategory,Replication | Replication Initiator,Replication,Replication Initiator,9256,MRA,True,True,"[""Replication"",""Replication | Replication Initiator""]",target code excluded from predictors
cde_subcategory,Replication | Replication Initiator,Replication,Replication Initiator,9267,MRL,True,True,"[""Replication"",""Replication | Replication Initiator""]",target code excluded from predictors
cde_subcategory,Replication | Replication Initiator,Replication,Replication Initiator,9285,MSD,True,True,"[""Replication"",""Replication | Replication Initiator""]",target code excluded from predictors
cde_subcategory,Replication | Replication Initiator,Replication,Replication Initiator,9286,MSE,True,True,"[""Replication"",""Replication | Replication Initiator""]",target code excluded from predictors
cde_subcategory,Replication | Replication Initiator,Replication,Replication Initiator,10210,OBS,True,True,"[""Replication"",""Replication | Replication Initiator""]",target code excluded from predictors
cde_subcategory,Replication | Replication Initiator,Replication,Replication Initiator,10943,PDX,True,True,"[""Replication"",""Replication | Replication Initiator""]",target code excluded from predictors
cde_subcategory,Replication | Replication Initiator,Replication,Replication Initiator,11826,QLW,True,True,"[""Replication"",""Replication | Replication Initiator""]",target code excluded from predictors
cde_subcategory,Replication | Replication Initiator,Replication,Replication Initiator,11827,QLX,True,True,"[""Replication"",""Replication | Replication Initiator""]",target code excluded from predictors
cde_subcategory,Replication | Replication Initiator,Replication,Replication Initiator,11828,QLY,True,True,"[""Replication"",""Replication | Replication Initiator""]",target code excluded from predictors
cde_subcategory,Replication | Replication Initiator,Replication,Replication Initiator,11829,QLZ,True,True,"[""Replication"",""Replication | Replication Initiator""]",target code excluded from predictors
cde_subcategory,Replication | Replication Initiator,Replication,Replication Initiator,11830,QMA,True,True,"[""Replication"",""Replication | Replication Initiator""]",target code excluded from predictors
cde_subcategory,Replication | Replication Initiator,Replication,Replication Initiator,11831,QMB,True,True,"[""Replication"",""Replication | Replication Initiator""]",target code excluded from predictors
cde_subcategory,Replication | Replication Initiator,Replication,Replication Initiator,11832,QMC,True,True,"[""Replication"",""Replication | Replication Initiator""]",target code excluded from predictors
cde_subcategory,Replication | Replication Initiator,Replication,Replication Initiator,11833,QMD,True,True,"[""Replication"",""Replication | Replication Initiator""]",target code excluded from predictors
cde_subcategory,Replication | Replication Initiator,Replication,Replication Initiator,11834,QME,True,True,"[""Replication"",""Replication | Replication Initiator""]",target code excluded from predictors
cde_subcategory,Replication | Replication Initiator,Replication,Replication Initiator,11835,QMF,True,True,"[""Replication"",""Replication | Replication Initiator""]",target code excluded from predictors
cde_subcategory,Replication | Replication Initiator,Replication,Replication Initiator,11836,QMG,True,True,"[""Replication"",""Replication | Replication Initiator""]",target code excluded from predictors
cde_subcategory,Replication | Replication Initiator,Replication,Replication Initiator,11837,QMH,True,True,"[""Replication"",""Replication | Replication Initiator""]",target code excluded from predictors
cde_subcategory,Replication | Replication Initiator,Replication,Replication Initiator,11838,QMI,True,True,"[""Replication"",""Replication | Replication Initiator""]",target code excluded from predictors
cde_subcategory,Replication | Replication Initiator,Replication,Replication Initiator,11839,QMJ,True,True,"[""Replication"",""Replication | Replication Initiator""]",target code excluded from predictors
cde_subcategory,Replication | Replication Initiator,Replication,Replication Initiator,11840,QMK,True,True,"[""Replication"",""Replication | Replication Initiator""]",target code excluded from predictors
cde_subcategory,Replication | Replication Initiator,Replication,Replication Initiator,11841,QML,True,True,"[""Replication"",""Replication | Replication Initiator""]",target code excluded from predictors
cde_subcategory,Replication | Replication Initiator,Replication,Replication Initiator,11842,QMM,True,True,"[""Replication"",""Replication | Replication Initiator""]",target code excluded from predictors
cde_subcategory,Replication | Replication Initiator,Replication,Replication Initiator,11843,QMN,True,True,"[""Replication"",""Replication | Replication Initiator""]",target code excluded from predictors
cde_subcategory,Replication | Replication Initiator,Replication,Replication Initiator,11844,QMO,True,True,"[""Replication"",""Replication | Replication Initiator""]",target code excluded from predictors
cde_subcategory,Replication | Replication Initiator,Replication,Replication Initiator,11845,QMP,True,True,"[""Replication"",""Replication | Replication Initiator""]",target code excluded from predictors
cde_subcategory,Replication | Replication Initiator,Replication,Replication Initiator,11846,QMQ,True,True,"[""Replication"",""Replication | Replication Initiator""]",target code excluded from predictors
cde_subcategory,Replication | Replication Initiator,Replication,Replication Initiator,11847,QMR,True,True,"[""Replication"",""Replication | Replication Initiator""]",target code excluded from predictors
cde_subcategory,Replication | Replication Initiator,Replication,Replication Initiator,11849,QMT,True,True,"[""Replication"",""Replication | Replication Initiator""]",target code excluded from predictors
cde_subcategory,Replication | Replication Initiator,Replication,Replication Initiator,12297,RDZ,True,True,"[""Replication"",""Replication | Replication Initiator""]",target code excluded from predictors
cde_subcategory,Replication | Replication Initiator,Replication,Replication Initiator,13177,SLV,True,True,"[""Replication"",""Replication | Replication Initiator""]",target code excluded from predictors
cde_subcategory,Replication | Replication Initiator,Replication,Replication Initiator,16817,XVV,True,True,"[""Replication"",""Replication | Replication Initiator""]",target code excluded from predictors
cde_subcategory,Replication | Replication Initiator,Replication,Replication Initiator,18887,AAXL,True,True,"[""Replication"",""Replication | Replication Initiator""]",target code excluded from predictors
cde_subcategory,Replication | Replication Initiator,Replication,Replication Initiator,20038,ACPS,True,True,"[""Replication"",""Replication | Replication Initiator""]",target code excluded from predictors
cde_subcategory,Replication | Replication Initiator,Replication,Replication Initiator,20509,ADHV,True,True,"[""Replication"",""Replication | Replication Initiator""]",target code excluded from predictors
cde_subcategory,Replication | Replication Initiator,Replication,Replication Initiator,20578,ADKM,True,True,"[""Replication"",""Replication | Replication Initiator""]",target code excluded from predictors
cde_subcategory,Replication | Replication Initiator,Replication,Replication Initiator,20946,ADYQ,True,True,"[""Replication"",""Replication | Replication Initiator""]",target code excluded from predictors
cde_subcategory,Replication | Replication Initiator,Replication,Replication Initiator,21245,AEKD,True,True,"[""Replication"",""Replication | Replication Initiator""]",target code excluded from predictors
cde_subcategory,Replication | Replication Initiator,Replication,Replication Initiator,22586,AGJS,True,True,"[""Replication"",""Replication | Replication Initiator""]",target code excluded from predictors
cde_subcategory,Replication | Replication Initiator,Replication,Replication Initiator,22599,AGKF,True,True,"[""Replication"",""Replication | Replication Initiator""]",target code excluded from predictors
cde_subcategory,Replication | Replication Initiator,Replication,Replication Initiator,23165,AHFZ,True,True,"[""Replication"",""Replication | Replication Initiator""]",target code excluded from predictors
cde_subcategory,Replication | Replication Initiator,Replication,Replication Initiator,23166,AHGA,True,True,"[""Replication"",""Replication | Replication Initiator""]",target code excluded from predictors
cde_subcategory,Replication | Replication Initiator,Replication,Replication Initiator,23168,AHGC,True,True,"[""Replication"",""Replication | Replication Initiator""]",target code excluded from predictors
cde_subcategory,Replication | Replication Initiator,Replication,Replication Initiator,23240,AHIW,True,True,"[""Replication"",""Replication | Replication Initiator""]",target code excluded from predictors
cde_subcategory,Replication | Replication Initiator,Replication,Replication Initiator,23241,AHIX,True,True,"[""Replication"",""Replication | Replication Initiator""]",target code excluded from predictors
cde_subcategory,Replication | Replication Initiator,Replication,Replication Initiator,23242,AHIY,True,True,"[""Replication"",""Replication | Replication Initiator""]",target code excluded from predictors
cde_subcategory,Replication | Replication Initiator,Replication,Replication Initiator,23250,AHJG,True,True,"[""Replication"",""Replication | Replication Initiator""]",target code excluded from predictors
cde_subcategory,Replication | Replication Initiator,Replication,Replication Initiator,23754,AICQ,True,True,"[""Replication"",""Replication | Replication Initiator""]",target code excluded from predictors
cde_subcategory,Replication | Replication Initiator,Replication,Replication Initiator,23755,AICR,True,True,"[""Replication"",""Replication | Replication Initiator""]",target code excluded from predictors
cde_subcategory,Replication | Replication Initiator,Replication,Replication Initiator,23756,AICS,True,True,"[""Replication"",""Replication | Replication Initiator""]",target code excluded from predictors
cde_subcategory,Replication | Replication Initiator,Replication,Replication Initiator,23757,AICT,True,True,"[""Replication"",""Replication | Replication Initiator""]",target code excluded from predictors
cde_subcategory,Replication | Replication Initiator,Replication,Replication Initiator,23758,AICU,True,True,"[""Replication"",""Replication | Replication Initiator""]",target code excluded from predictors
cde_subcategory,Replication | Replication Initiator,Replication,Replication Initiator,23759,AICV,True,True,"[""Replication"",""Replication | Replication Initiator""]",target code excluded from predictors
cde_subcategory,Replication | Replication Initiator,Replication,Replication Initiator,23760,AICW,True,True,"[""Replication"",""Replication | Replication Initiator""]",target code excluded from predictors
cde_subcategory,Replication | Replication Initiator,Replication,Replication Initiator,23761,AICX,True,True,"[""Replication"",""Replication | Replication Initiator""]",target code excluded from predictors
cde_subcategory,Replication | Replication Initiator,Replication,Replication Initiator,23763,AICZ,True,True,"[""Replication"",""Replication | Replication Initiator""]",target code excluded from predictors
cde_subcategory,Replication | Replication Initiator,Replication,Replication Initiator,23764,AIDA,True,True,"[""Replication"",""Replication | Replication Initiator""]",target code excluded from predictors
cde_subcategory,Replication | Replication Initiator,Replication,Replication Initiator,23765,AIDB,True,True,"[""Replication"",""Replication | Replication Initiator""]",target code excluded from predictors
cde_subcategory,Replication | Replication Initiator,Replication,Replication Initiator,23766,AIDC,True,True,"[""Replication"",""Replication | Replication Initiator""]",target code excluded from predictors
cde_subcategory,Replication | Replication Initiator,Replication,Replication Initiator,23767,AIDD,True,True,"[""Replication"",""Replication | Replication Initiator""]",target code excluded from predictors
cde_subcategory,Replication | Replication Initiator,Replication,Replication Initiator,23768,AIDE,True,True,"[""Replication"",""Replication | Replication Initiator""]",target code excluded from predictors
cde_subcategory,Replication | Replication Initiator,Replication,Replication Initiator,23769,AIDF,True,True,"[""Replication"",""Replication | Replication Initiator""]",target code excluded from predictors
cde_subcategory,Replication | Replication Initiator,Replication,Replication Initiator,23770,AIDG,True,True,"[""Replication"",""Replication | Replication Initiator""]",target code excluded from predictors
cde_subcategory,Replication | Replication Initiator,Replication,Replication Initiator,23771,AIDH,True,True,"[""Replication"",""Replication | Replication Initiator""]",target code excluded from predictors
cde_subcategory,Replication | Replication Initiator,Replication,Replication Initiator,24288,AIXE,True,True,"[""Replication"",""Replication | Replication Initiator""]",target code excluded from predictors
cde_subcategory,Replication | Replication Initiator,Replication,Replication Initiator,24512,AJFU,True,True,"[""Replication"",""Replication | Replication Initiator""]",target code excluded from predictors
cde_subcategory,Replication | Replication Initiator,Replication,Replication Initiator,24513,AJFV,True,True,"[""Replication"",""Replication | Replication Initiator""]",target code excluded from predictors
cde_subcategory,Replication | Replication Initiator,Replication,Replication Initiator,24808,AJRE,True,True,"[""Replication"",""Replication | Replication Initiator""]",target code excluded from predictors
cde_subcategory,Replication | Replication Initiator,Replication,Replication Initiator,24817,AJRN,True,True,"[""Replication"",""Replication | Replication Initiator""]",target code excluded from predictors
cde_subcategory,Replication | Replication Initiator,Replication,Replication Initiator,24818,AJRO,True,True,"[""Replication"",""Replication | Replication Initiator""]",target code excluded from predictors
cde_subcategory,Replication | Replication Initiator,Replication,Replication Initiator,24834,AJSE,True,True,"[""Replication"",""Replication | Replication Initiator""]",target code excluded from predictors
cde_subcategory,Replication | Replication Initiator,Replication,Replication Initiator,24835,AJSF,True,True,"[""Replication"",""Replication | Replication Initiator""]",target code excluded from predictors
cde_subcategory,Replication | Replication Initiator,Replication,Replication Initiator,25149,AKEH,True,True,"[""Replication"",""Replication | Replication Initiator""]",target code excluded from predictors
cde_subcategory,Replication | Replication Initiator,Replication,Replication Initiator,25207,AKGN,True,True,"[""Replication"",""Replication | Replication Initiator""]",target code excluded from predictors
cde_subcategory,Replication | Replication Initiator,Replication,Replication Initiator,25208,AKGO,True,True,"[""Replication"",""Replication | Replication Initiator""]",target code excluded from predictors
cde_subcategory,Replication | Replication Initiator,Replication,Replication Initiator,25209,AKGP,True,True,"[""Replication"",""Replication | Replication Initiator""]",target code excluded from predictors
cde_subcategory,Replication | Replication Initiator,Replication,Replication Initiator,25210,AKGQ,True,True,"[""Replication"",""Replication | Replication Initiator""]",target code excluded from predictors
cde_subcategory,Replication | Replication Initiator,Replication,Replication Initiator,25212,AKGS,True,True,"[""Replication"",""Replication | Replication Initiator""]",target code excluded from predictors
cde_subcategory,Replication | Replication Initiator,Replication,Replication Initiator,25213,AKGT,True,True,"[""Replication"",""Replication | Replication Initiator""]",target code excluded from predictors
cde_subcategory,Replication | Replication Initiator,Replication,Replication Initiator,25215,AKGV,True,True,"[""Replication"",""Replication | Replication Initiator""]",target code excluded from predictors
cde_subcategory,Replication | Replication Initiator,Replication,Replication Initiator,25216,AKGW,True,True,"[""Replication"",""Replication | Replication Initiator""]",target code excluded from predictors
cde_subcategory,Replication | Replication Initiator,Replication,Replication Initiator,25218,AKGY,True,True,"[""Replication"",""Replication | Replication Initiator""]",target code excluded from predictors
cde_subcategory,Replication | Replication Initiator,Replication,Replication Initiator,25219,AKGZ,True,True,"[""Replication"",""Replication | Replication Initiator""]",target code excluded from predictors
cde_subcategory,Replication | Replication Initiator,Replication,Replication Initiator,25223,AKHD,True,True,"[""Replication"",""Replication | Replication Initiator""]",target code excluded from predictors
cde_subcategory,Replication | Replication Initiator,Replication,Replication Initiator,25224,AKHE,True,True,"[""Replication"",""Replication | Replication Initiator""]",target code excluded from predictors
cde_subcategory,Replication | Replication Initiator,Replication,Replication Initiator,25225,AKHF,True,True,"[""Replication"",""Replication | Replication Initiator""]",target code excluded from predictors
cde_subcategory,Replication | Replication Initiator,Replication,Replication Initiator,25226,AKHG,True,True,"[""Replication"",""Replication | Replication Initiator""]",target code excluded from predictors
cde_subcategory,Replication | Replication Initiator,Replication,Replication Initiator,25229,AKHJ,True,True,"[""Replication"",""Replication | Replication Initiator""]",target code excluded from predictors
cde_subcategory,Replication | Replication Initiator,Replication,Replication Initiator,25230,AKHK,True,True,"[""Replication"",""Replication | Replication Initiator""]",target code excluded from predictors
cde_subcategory,Replication | Replication Initiator,Replication,Replication Initiator,25231,AKHL,True,True,"[""Replication"",""Replication | Replication Initiator""]",target code excluded from predictors
cde_subcategory,Replication | Replication Initiator,Replication,Replication Initiator,25232,AKHM,True,True,"[""Replication"",""Replication | Replication Initiator""]",target code excluded from predictors
cde_subcategory,Replication | Replication Initiator,Replication,Replication Initiator,25233,AKHN,True,True,"[""Replication"",""Replication | Replication Initiator""]",target code excluded from predictors
cde_subcategory,Replication | Replication Initiator,Replication,Replication Initiator,25234,AKHO,True,True,"[""Replication"",""Replication | Replication Initiator""]",target code excluded from predictors
cde_subcategory,Replication | Replication Initiator,Replication,Replication Initiator,25235,AKHP,True,True,"[""Replication"",""Replication | Replication Initiator""]",target code excluded from predictors
cde_subcategory,Replication | Replication Initiator,Replication,Replication Initiator,25236,AKHQ,True,True,"[""Replication"",""Replication | Replication Initiator""]",target code excluded from predictors
cde_subcategory,Replication | Replication Initiator,Replication,Replication Initiator,25237,AKHR,True,True,"[""Replication"",""Replication | Replication Initiator""]",target code excluded from predictors
cde_subcategory,Replication | Replication Initiator,Replication,Replication Initiator,25238,AKHS,True,True,"[""Replication"",""Replication | Replication Initiator""]",target code excluded from predictors
cde_subcategory,Replication | Replication Initiator,Replication,Replication Initiator,25239,AKHT,True,True,"[""Replication"",""Replication | Replication Initiator""]",target code excluded from predictors
cde_subcategory,Replication | Replication Initiator,Replication,Replication Initiator,25240,AKHU,True,True,"[""Replication"",""Replication | Replication Initiator""]",target code excluded from predictors
cde_subcategory,Replication | Replication Initiator,Replication,Replication Initiator,25241,AKHV,True,True,"[""Replication"",""Replication | Replication Initiator""]",target code excluded from predictors
cde_subcategory,Replication | Replication Initiator,Replication,Replication Initiator,25242,AKHW,True,True,"[""Replication"",""Replication | Replication Initiator""]",target code excluded from predictors
cde_subcategory,Replication | Replication Initiator,Replication,Replication Initiator,25243,AKHX,True,True,"[""Replication"",""Replication | Replication Initiator""]",target code excluded from predictors
cde_subcategory,Replication | Replication Initiator,Replication,Replication Initiator,25244,AKHY,True,True,"[""Replication"",""Replication | Replication Initiator""]",target code excluded from predictors
cde_subcategory,Replication | Replication Initiator,Replication,Replication Initiator,25245,AKHZ,True,True,"[""Replication"",""Replication | Replication Initiator""]",target code excluded from predictors
cde_subcategory,Replication | Replication Initiator,Replication,Replication Initiator,25249,AKID,True,True,"[""Replication"",""Replication | Replication Initiator""]",target code excluded from predictors
cde_subcategory,Replication | Replication Initiator,Replication,Replication Initiator,25250,AKIE,True,True,"[""Replication"",""Replication | Replication Initiator""]",target code excluded from predictors
cde_subcategory,Replication | Replication Initiator,Replication,Replication Initiator,25251,AKIF,True,True,"[""Replication"",""Replication | Replication Initiator""]",target code excluded from predictors
cde_subcategory,Replication | Replication Initiator,Replication,Replication Initiator,25252,AKIG,True,True,"[""Replication"",""Replication | Replication Initiator""]",target code excluded from predictors
cde_subcategory,Replication | Replication Initiator,Replication,Replication Initiator,25253,AKIH,True,True,"[""Replication"",""Replication | Replication Initiator""]",target code excluded from predictors
cde_subcategory,Replication | Replication Initiator,Replication,Replication Initiator,25254,AKII,True,True,"[""Replication"",""Replication | Replication Initiator""]",target code excluded from predictors
cde_subcategory,Replication | Replication Initiator,Replication,Replication Initiator,25255,AKIJ,True,True,"[""Replication"",""Replication | Replication Initiator""]",target code excluded from predictors
cde_subcategory,Replication | Replication Initiator,Replication,Replication Initiator,25256,AKIK,True,True,"[""Replication"",""Replication | Replication Initiator""]",target code excluded from predictors
cde_subcategory,Replication | Replication Initiator,Replication,Replication Initiator,25257,AKIL,True,True,"[""Replication"",""Replication | Replication Initiator""]",target code excluded from predictors
cde_subcategory,Replication | Replication Initiator,Replication,Replication Initiator,25258,AKIM,True,True,"[""Replication"",""Replication | Replication Initiator""]",target code excluded from predictors
cde_subcategory,Replication | Replication Initiator,Replication,Replication Initiator,25259,AKIN,True,True,"[""Replication"",""Replication | Replication Initiator""]",target code excluded from predictors
cde_subcategory,Replication | Replication Initiator,Replication,Replication Initiator,25260,AKIO,True,True,"[""Replication"",""Replication | Replication Initiator""]",target code excluded from predictors
cde_subcategory,Replication | Replication Initiator,Replication,Replication Initiator,25261,AKIP,True,True,"[""Replication"",""Replication | Replication Initiator""]",target code excluded from predictors
cde_subcategory,Replication | Replication Initiator,Replication,Replication Initiator,25262,AKIQ,True,True,"[""Replication"",""Replication | Replication Initiator""]",target code excluded from predictors
cde_subcategory,Replication | Replication Initiator,Replication,Replication Initiator,25267,AKIV,True,True,"[""Replication"",""Replication | Replication Initiator""]",target code excluded from predictors
cde_subcategory,Replication | Replication Initiator,Replication,Replication Initiator,25268,AKIW,True,True,"[""Replication"",""Replication | Replication Initiator""]",target code excluded from predictors
cde_subcategory,Replication | Replication Initiator,Replication,Replication Initiator,25269,AKIX,True,True,"[""Replication"",""Replication | Replication Initiator""]",target code excluded from predictors
cde_subcategory,Replication | Replication Initiator,Replication,Replication Initiator,25270,AKIY,True,True,"[""Replication"",""Replication | Replication Initiator""]",target code excluded from predictors
cde_subcategory,Replication | Replication Initiator,Replication,Replication Initiator,25271,AKIZ,True,True,"[""Replication"",""Replication | Replication Initiator""]",target code excluded from predictors
cde_subcategory,Replication | Replication Initiator,Replication,Replication Initiator,25272,AKJA,True,True,"[""Replication"",""Replication | Replication Initiator""]",target code excluded from predictors
cde_subcategory,Replication | Replication Initiator,Replication,Replication Initiator,25273,AKJB,True,True,"[""Replication"",""Replication | Replication Initiator""]",target code excluded from predictors
cde_subcategory,Replication | Replication Initiator,Replication,Replication Initiator,25276,AKJE,True,True,"[""Replication"",""Replication | Replication Initiator""]",target code excluded from predictors
cde_subcategory,Replication | Replication Initiator,Replication,Replication Initiator,25277,AKJF,True,True,"[""Replication"",""Replication | Replication Initiator""]",target code excluded from predictors
cde_subcategory,Replication | Replication Initiator,Replication,Replication Initiator,25278,AKJG,True,True,"[""Replication"",""Replication | Replication Initiator""]",target code excluded from predictors
cde_subcategory,Replication | Replication Initiator,Replication,Replication Initiator,25279,AKJH,True,True,"[""Replication"",""Replication | Replication Initiator""]",target code excluded from predictors
cde_subcategory,Replication | Replication Initiator,Replication,Replication Initiator,25280,AKJI,True,True,"[""Replication"",""Replication | Replication Initiator""]",target code excluded from predictors
cde_subcategory,Replication | Replication Initiator,Replication,Replication Initiator,25283,AKJL,True,True,"[""Replication"",""Replication | Replication Initiator""]",target code excluded from predictors
cde_subcategory,Replication | Replication Initiator,Replication,Replication Initiator,25577,AKUT,True,True,"[""Replication"",""Replication | Replication Initiator""]",target code excluded from predictors
cde_subcategory,Replication | Replication Initiator,Replication,Replication Initiator,25578,AKUU,True,True,"[""Replication"",""Replication | Replication Initiator""]",target code excluded from predictors
cde_subcategory,Transcription | Core transcription machinery,Transcription,Core transcription machinery,2557,CTJ,True,True,"[""Transcription"",""Transcription | Core transcription machinery""]",target code excluded from predictors
cde_subcategory,Transcription | Core transcription machinery,Transcription,Core transcription machinery,2558,CTK,True,True,"[""Transcription"",""Transcription | Core transcription machinery""]",target code excluded from predictors
cde_subcategory,Transcription | Core transcription machinery,Transcription,Core transcription machinery,2561,CTN,True,True,"[""Transcription"",""Transcription | Core transcription machinery""]",target code excluded from predictors
cde_subcategory,Transcription | Core transcription machinery,Transcription,Core transcription machinery,2562,CTO,True,True,"[""Transcription"",""Transcription | Core transcription machinery""]",target code excluded from predictors
cde_subcategory,Transcription | Core transcription machinery,Transcription,Core transcription machinery,2563,CTP,True,True,"[""Transcription"",""Transcription | Core transcription machinery""]",target code excluded from predictors
cde_subcategory,Transcription | Core transcription machinery,Transcription,Core transcription machinery,2564,CTQ,True,True,"[""Transcription"",""Transcription | Core transcription machinery""]",target code excluded from predictors
cde_subcategory,Transcription | Core transcription machinery,Transcription,Core transcription machinery,2565,CTR,True,True,"[""Transcription"",""Transcription | Core transcription machinery""]",target code excluded from predictors
cde_subcategory,Transcription | Core transcription machinery,Transcription,Core transcription machinery,2570,CTW,True,True,"[""Transcription"",""Transcription | Core transcription machinery""]",target code excluded from predictors
cde_subcategory,Transcription | Core transcription machinery,Transcription,Core transcription machinery,2572,CTY,True,True,"[""Transcription"",""Transcription | Core transcription machinery""]",target code excluded from predictors
cde_subcategory,Transcription | Core transcription machinery,Transcription,Core transcription machinery,2573,CTZ,True,True,"[""Transcription"",""Transcription | Core transcription machinery""]",target code excluded from predictors
cde_subcategory,Transcription | Core transcription machinery,Transcription,Core transcription machinery,2576,CUC,True,True,"[""Transcription"",""Transcription | Core transcription machinery""]",target code excluded from predictors
cde_subcategory,Transcription | Core transcription machinery,Transcription,Core transcription machinery,2577,CUD,True,True,"[""Transcription"",""Transcription | Core transcription machinery""]",target code excluded from predictors
cde_subcategory,Transcription | Core transcription machinery,Transcription,Core transcription machinery,11656,QFI,True,True,"[""Transcription"",""Transcription | Core transcription machinery""]",target code excluded from predictors
cde_subcategory,Transcription | Core transcription machinery,Transcription,Core transcription machinery,11664,QFQ,True,True,"[""Transcription"",""Transcription | Core transcription machinery""]",target code excluded from predictors
cde_subcategory,Transcription | Core transcription machinery,Transcription,Core transcription machinery,11757,QJF,True,True,"[""Transcription"",""Transcription | Core transcription machinery""]",target code excluded from predictors
cde_subcategory,Transcription | Initiation & promoter recognition,Transcription,Initiation & promoter recognition,2559,CTL,True,True,"[""Transcription"",""Transcription | Initiation & promoter recognition""]",target code excluded from predictors
cde_subcategory,Transcription | Initiation & promoter recognition,Transcription,Initiation & promoter recognition,6473,INZ,True,True,"[""Transcription"",""Transcription | Initiation & promoter recognition""]",target code excluded from predictors
cde_subcategory,Transcription | Initiation & promoter recognition,Transcription,Initiation & promoter recognition,6474,IOA,True,True,"[""Transcription"",""Transcription | Initiation & promoter recognition""]",target code excluded from predictors
cde_subcategory,Transcription | Initiation & promoter recognition,Transcription,Initiation & promoter recognition,6891,JEB,True,True,"[""Transcription"",""Transcription | Initiation & promoter recognition""]",target code excluded from predictors
cde_subcategory,Transcription | Initiation & promoter recognition,Transcription,Initiation & promoter recognition,11659,QFL,True,True,"[""Transcription"",""Transcription | Initiation & promoter recognition""]",target code excluded from predictors
cde_subcategory,Transcription | Initiation & promoter recognition,Transcription,Initiation & promoter recognition,11660,QFM,True,True,"[""Transcription"",""Transcription | Initiation & promoter recognition""]",target code excluded from predictors
cde_subcategory,Transcription | Initiation & promoter recognition,Transcription,Initiation & promoter recognition,11661,QFN,True,True,"[""Transcription"",""Transcription | Initiation & promoter recognition""]",target code excluded from predictors
cde_subcategory,Transcription | Initiation & promoter recognition,Transcription,Initiation & promoter recognition,11665,QFR,True,True,"[""Transcription"",""Transcription | Initiation & promoter recognition""]",target code excluded from predictors
cde_subcategory,Transcription | Initiation & promoter recognition,Transcription,Initiation & promoter recognition,11666,QFS,True,True,"[""Transcription"",""Transcription | Initiation & promoter recognition""]",target code excluded from predictors
cde_subcategory,Transcription | Initiation & promoter recognition,Transcription,Initiation & promoter recognition,11667,QFT,True,True,"[""Transcription"",""Transcription | Initiation & promoter recognition""]",target code excluded from predictors
cde_subcategory,Transcription | Initiation & promoter recognition,Transcription,Initiation & promoter recognition,11668,QFU,True,True,"[""Transcription"",""Transcription | Initiation & promoter recognition""]",target code excluded from predictors
cde_subcategory,Transcription | Initiation & promoter recognition,Transcription,Initiation & promoter recognition,11669,QFV,True,True,"[""Transcription"",""Transcription | Initiation & promoter recognition""]",target code excluded from predictors
cde_subcategory,Transcription | Initiation & promoter recognition,Transcription,Initiation & promoter recognition,11670,QFW,True,True,"[""Transcription"",""Transcription | Initiation & promoter recognition""]",target code excluded from predictors
cde_subcategory,Transcription | Initiation & promoter recognition,Transcription,Initiation & promoter recognition,11671,QFX,True,True,"[""Transcription"",""Transcription | Initiation & promoter recognition""]",target code excluded from predictors
cde_subcategory,Transcription | Initiation & promoter recognition,Transcription,Initiation & promoter recognition,11672,QFY,True,True,"[""Transcription"",""Transcription | Initiation & promoter recognition""]",target code excluded from predictors
cde_subcategory,Transcription | Initiation & promoter recognition,Transcription,Initiation & promoter recognition,11673,QFZ,True,True,"[""Transcription"",""Transcription | Initiation & promoter recognition""]",target code excluded from predictors
cde_subcategory,Transcription | Initiation & promoter recognition,Transcription,Initiation & promoter recognition,11674,QGA,True,True,"[""Transcription"",""Transcription | Initiation & promoter recognition""]",target code excluded from predictors
cde_subcategory,Transcription | Initiation & promoter recognition,Transcription,Initiation & promoter recognition,11675,QGB,True,True,"[""Transcription"",""Transcription | Initiation & promoter recognition""]",target code excluded from predictors
cde_subcategory,Transcription | Initiation & promoter recognition,Transcription,Initiation & promoter recognition,11676,QGC,True,True,"[""Transcription"",""Transcription | Initiation & promoter recognition""]",target code excluded from predictors
cde_subcategory,Transcription | Initiation & promoter recognition,Transcription,Initiation & promoter recognition,11677,QGD,True,True,"[""Transcription"",""Transcription | Initiation & promoter recognition""]",target code excluded from predictors
cde_subcategory,Transcription | Initiation & promoter recognition,Transcription,Initiation & promoter recognition,11678,QGE,True,True,"[""Transcription"",""Transcription | Initiation & promoter recognition""]",target code excluded from predictors
cde_subcategory,Transcription | Initiation & promoter recognition,Transcription,Initiation & promoter recognition,11679,QGF,True,True,"[""Transcription"",""Transcription | Initiation & promoter recognition""]",target code excluded from predictors
cde_subcategory,Transcription | Initiation & promoter recognition,Transcription,Initiation & promoter recognition,11680,QGG,True,True,"[""Transcription"",""Transcription | Initiation & promoter recognition""]",target code excluded from predictors
cde_subcategory,Transcription | Initiation & promoter recognition,Transcription,Initiation & promoter recognition,11681,QGH,True,True,"[""Transcription"",""Transcription | Initiation & promoter recognition""]",target code excluded from predictors
cde_subcategory,Transcription | Initiation & promoter recognition,Transcription,Initiation & promoter recognition,11683,QGJ,True,True,"[""Transcription"",""Transcription | Initiation & promoter recognition""]",target code excluded from predictors
cde_subcategory,Transcription | Initiation & promoter recognition,Transcription,Initiation & promoter recognition,11685,QGL,True,True,"[""Transcription"",""Transcription | Initiation & promoter recognition""]",target code excluded from predictors
cde_subcategory,Transcription | Initiation & promoter recognition,Transcription,Initiation & promoter recognition,11686,QGM,True,True,"[""Transcription"",""Transcription | Initiation & promoter recognition""]",target code excluded from predictors
cde_subcategory,Transcription | Initiation & promoter recognition,Transcription,Initiation & promoter recognition,11688,QGO,True,True,"[""Transcription"",""Transcription | Initiation & promoter recognition""]",target code excluded from predictors
cde_subcategory,Transcription | Initiation & promoter recognition,Transcription,Initiation & promoter recognition,11689,QGP,True,True,"[""Transcription"",""Transcription | Initiation & promoter recognition""]",target code excluded from predictors
cde_subcategory,Transcription | Initiation & promoter recognition,Transcription,Initiation & promoter recognition,11691,QGR,True,True,"[""Transcription"",""Transcription | Initiation & promoter recognition""]",target code excluded from predictors
cde_subcategory,Transcription | Initiation & promoter recognition,Transcription,Initiation & promoter recognition,11692,QGS,True,True,"[""Transcription"",""Transcription | Initiation & promoter recognition""]",target code excluded from predictors
cde_subcategory,Transcription | Initiation & promoter recognition,Transcription,Initiation & promoter recognition,11693,QGT,True,True,"[""Transcription"",""Transcription | Initiation & promoter recognition""]",target code excluded from predictors
cde_subcategory,Transcription | Initiation & promoter recognition,Transcription,Initiation & promoter recognition,11694,QGU,True,True,"[""Transcription"",""Transcription | Initiation & promoter recognition""]",target code excluded from predictors
cde_subcategory,Transcription | Initiation & promoter recognition,Transcription,Initiation & promoter recognition,11695,QGV,True,True,"[""Transcription"",""Transcription | Initiation & promoter recognition""]",target code excluded from predictors
cde_subcategory,Transcription | Initiation & promoter recognition,Transcription,Initiation & promoter recognition,11696,QGW,True,True,"[""Transcription"",""Transcription | Initiation & promoter recognition""]",target code excluded from predictors
cde_subcategory,Transcription | Initiation & promoter recognition,Transcription,Initiation & promoter recognition,11697,QGX,True,True,"[""Transcription"",""Transcription | Initiation & promoter recognition""]",target code excluded from predictors
cde_subcategory,Transcription | Initiation & promoter recognition,Transcription,Initiation & promoter recognition,11698,QGY,True,True,"[""Transcription"",""Transcription | Initiation & promoter recognition""]",target code excluded from predictors
cde_subcategory,Transcription | Initiation & promoter recognition,Transcription,Initiation & promoter recognition,11699,QGZ,True,True,"[""Transcription"",""Transcription | Initiation & promoter recognition""]",target code excluded from predictors
cde_subcategory,Transcription | Initiation & promoter recognition,Transcription,Initiation & promoter recognition,11700,QHA,True,True,"[""Transcription"",""Transcription | Initiation & promoter recognition""]",target code excluded from predictors
cde_subcategory,Transcription | Initiation & promoter recognition,Transcription,Initiation & promoter recognition,11701,QHB,True,True,"[""Transcription"",""Transcription | Initiation & promoter recognition""]",target code excluded from predictors
cde_subcategory,Transcription | Initiation & promoter recognition,Transcription,Initiation & promoter recognition,11703,QHD,True,True,"[""Transcription"",""Transcription | Initiation & promoter recognition""]",target code excluded from predictors
cde_subcategory,Transcription | Initiation & promoter recognition,Transcription,Initiation & promoter recognition,11704,QHE,True,True,"[""Transcription"",""Transcription | Initiation & promoter recognition""]",target code excluded from predictors
cde_subcategory,Transcription | Initiation & promoter recognition,Transcription,Initiation & promoter recognition,11705,QHF,True,True,"[""Transcription"",""Transcription | Initiation & promoter recognition""]",target code excluded from predictors
cde_subcategory,Transcription | Initiation & promoter recognition,Transcription,Initiation & promoter recognition,11706,QHG,True,True,"[""Transcription"",""Transcription | Initiation & promoter recognition""]",target code excluded from predictors
cde_subcategory,Transcription | Initiation & promoter recognition,Transcription,Initiation & promoter recognition,11707,QHH,True,True,"[""Transcription"",""Transcription | Initiation & promoter recognition""]",target code excluded from predictors
cde_subcategory,Transcription | Initiation & promoter recognition,Transcription,Initiation & promoter recognition,11918,QPK,True,True,"[""Transcription"",""Transcription | Initiation & promoter recognition""]",target code excluded from predictors
cde_subcategory,Transcription | Initiation & promoter recognition,Transcription,Initiation & promoter recognition,12455,RKB,True,True,"[""Transcription"",""Transcription | Initiation & promoter recognition""]",target code excluded from predictors
cde_subcategory,Transcription | Initiation & promoter recognition,Transcription,Initiation & promoter recognition,12456,RKC,True,True,"[""Transcription"",""Transcription | Initiation & promoter recognition""]",target code excluded from predictors
cde_subcategory,Transcription | Initiation & promoter recognition,Transcription,Initiation & promoter recognition,18776,AATE,True,True,"[""Transcription"",""Transcription | Initiation & promoter recognition""]",target code excluded from predictors
cde_subcategory,Transcription | Initiation & promoter recognition,Transcription,Initiation & promoter recognition,25886,ALGQ,True,True,"[""Transcription"",""Transcription | Initiation & promoter recognition""]",target code excluded from predictors
cde_subcategory,Transcription | Initiation & promoter recognition,Transcription,Initiation & promoter recognition,25887,ALGR,True,True,"[""Transcription"",""Transcription | Initiation & promoter recognition""]",target code excluded from predictors
cde_subcategory,Transcription | Termination & anti-termination,Transcription,Termination & anti-termination,1443,BCN,True,True,"[""Transcription"",""Transcription | Termination & anti-termination""]",target code excluded from predictors
cde_subcategory,Transcription | Termination & anti-termination,Transcription,Termination & anti-termination,1444,BCO,True,True,"[""Transcription"",""Transcription | Termination & anti-termination""]",target code excluded from predictors
cde_subcategory,Transcription | Termination & anti-termination,Transcription,Termination & anti-termination,10881,PBN,True,True,"[""Transcription"",""Transcription | Termination & anti-termination""]",target code excluded from predictors
cde_subcategory,Transcription | Termination & anti-termination,Transcription,Termination & anti-termination,11642,QEU,True,True,"[""Transcription"",""Transcription | Termination & anti-termination""]",target code excluded from predictors
cde_subcategory,Transcription | Termination & anti-termination,Transcription,Termination & anti-termination,11858,QNC,True,True,"[""Transcription"",""Transcription | Termination & anti-termination""]",target code excluded from predictors
cde_subcategory,Transcription | Termination & anti-termination,Transcription,Termination & anti-termination,11859,QND,True,True,"[""Transcription"",""Transcription | Termination & anti-termination""]",target code excluded from predictors
cde_subcategory,Transcription | Termination & anti-termination,Transcription,Termination & anti-termination,11860,QNE,True,True,"[""Transcription"",""Transcription | Termination & anti-termination""]",target code excluded from predictors
cde_subcategory,Transcription | Termination & anti-termination,Transcription,Termination & anti-termination,13361,SSX,True,True,"[""Transcription"",""Transcription | Termination & anti-termination""]",target code excluded from predictors
cde_subcategory,Transcription | Termination & anti-termination,Transcription,Termination & anti-termination,15231,VMV,True,True,"[""Transcription"",""Transcription | Termination & anti-termination""]",target code excluded from predictors
cde_subcategory,Transcription | Termination & anti-termination,Transcription,Termination & anti-termination,15232,VMW,True,True,"[""Transcription"",""Transcription | Termination & anti-termination""]",target code excluded from predictors
cde_subcategory,Transcription | Termination & anti-termination,Transcription,Termination & anti-termination,15233,VMX,True,True,"[""Transcription"",""Transcription | Termination & anti-termination""]",target code excluded from predictors
cde_subcategory,Transcription | Termination & anti-termination,Transcription,Termination & anti-termination,15234,VMY,True,True,"[""Transcription"",""Transcription | Termination & anti-termination""]",target code excluded from predictors
cde_subcategory,Transcription | Termination & anti-termination,Transcription,Termination & anti-termination,15235,VMZ,True,True,"[""Transcription"",""Transcription | Termination & anti-termination""]",target code excluded from predictors
cde_subcategory,Transcription | Termination & anti-termination,Transcription,Termination & anti-termination,15236,VNA,True,True,"[""Transcription"",""Transcription | Termination & anti-termination""]",target code excluded from predictors
cde_subcategory,Transcription | Termination & anti-termination,Transcription,Termination & anti-termination,15237,VNB,True,True,"[""Transcription"",""Transcription | Termination & anti-termination""]",target code excluded from predictors
cde_subcategory,Transcription | Termination & anti-termination,Transcription,Termination & anti-termination,15634,WCI,True,True,"[""Transcription"",""Transcription | Termination & anti-termination""]",target code excluded from predictors
cde_subcategory,Transcription | Termination & anti-termination,Transcription,Termination & anti-termination,19422,ABSA,True,True,"[""Transcription"",""Transcription | Termination & anti-termination""]",target code excluded from predictors
cde_subcategory,Transcription | Termination & anti-termination,Transcription,Termination & anti-termination,19623,ABZT,True,True,"[""Transcription"",""Transcription | Termination & anti-termination""]",target code excluded from predictors
cde_subcategory,Transcription | Termination & anti-termination,Transcription,Termination & anti-termination,23142,AHFC,True,True,"[""Transcription"",""Transcription | Termination & anti-termination""]",target code excluded from predictors
cde_subcategory,Transcription | Termination & anti-termination,Transcription,Termination & anti-termination,27355,ANLD,True,True,"[""Transcription"",""Transcription | Termination & anti-termination""]",target code excluded from predictors
cde_subcategory,Transcription | Termination & anti-termination,Transcription,Termination & anti-termination,27356,ANLE,True,True,"[""Transcription"",""Transcription | Termination & anti-termination""]",target code excluded from predictors
cde_subcategory,Transcription | Termination & anti-termination,Transcription,Termination & anti-termination,27357,ANLF,True,True,"[""Transcription"",""Transcription | Termination & anti-termination""]",target code excluded from predictors
cde_subcategory,Transcription | Termination & anti-termination,Transcription,Termination & anti-termination,27358,ANLG,True,True,"[""Transcription"",""Transcription | Termination & anti-termination""]",target code excluded from predictors
cde_subcategory,Transcription | Termination & anti-termination,Transcription,Termination & anti-termination,27359,ANLH,True,True,"[""Transcription"",""Transcription | Termination & anti-termination""]",target code excluded from predictors
cde_subcategory,Transcription | Termination & anti-termination,Transcription,Termination & anti-termination,27362,ANLK,True,True,"[""Transcription"",""Transcription | Termination & anti-termination""]",target code excluded from predictors
cde_subcategory,Transcription | Termination & anti-termination,Transcription,Termination & anti-termination,27389,ANML,True,True,"[""Transcription"",""Transcription | Termination & anti-termination""]",target code excluded from predictors
cde_subcategory,Transcription | Termination & anti-termination,Transcription,Termination & anti-termination,27390,ANMM,True,True,"[""Transcription"",""Transcription | Termination & anti-termination""]",target code excluded from predictors
cde_subcategory,Transcription | Termination & anti-termination,Transcription,Termination & anti-termination,27391,ANMN,True,True,"[""Transcription"",""Transcription | Termination & anti-termination""]",target code excluded from predictors
cde_subcategory,Transcription | Termination & anti-termination,Transcription,Termination & anti-termination,27392,ANMO,True,True,"[""Transcription"",""Transcription | Termination & anti-termination""]",target code excluded from predictors
cde_subcategory,Transcription | Termination & anti-termination,Transcription,Termination & anti-termination,27393,ANMP,True,True,"[""Transcription"",""Transcription | Termination & anti-termination""]",target code excluded from predictors
cde_subcategory,Transcription | Termination & anti-termination,Transcription,Termination & anti-termination,27394,ANMQ,True,True,"[""Transcription"",""Transcription | Termination & anti-termination""]",target code excluded from predictors
cde_subcategory,Transcription | Termination & anti-termination,Transcription,Termination & anti-termination,27409,ANNF,True,True,"[""Transcription"",""Transcription | Termination & anti-termination""]",target code excluded from predictors
cde_subcategory,Transcription | Termination & anti-termination,Transcription,Termination & anti-termination,27410,ANNG,True,True,"[""Transcription"",""Transcription | Termination & anti-termination""]",target code excluded from predictors
cde_subcategory,Transcription | Termination & anti-termination,Transcription,Termination & anti-termination,27412,ANNI,True,True,"[""Transcription"",""Transcription | Termination & anti-termination""]",target code excluded from predictors
cde_subcategory,Transcription | Transcription regulation,Transcription,Transcription regulation,955,AJT,True,True,"[""Transcription"",""Transcription | Transcription regulation""]",target code excluded from predictors
cde_subcategory,Transcription | Transcription regulation,Transcription,Transcription regulation,987,AKZ,True,True,"[""Transcription"",""Transcription | Transcription regulation""]",target code excluded from predictors
cde_subcategory,Transcription | Transcription regulation,Transcription,Transcription regulation,1183,ASN,True,True,"[""Transcription"",""Transcription | Transcription regulation""]",target code excluded from predictors
cde_subcategory,Transcription | Transcription regulation,Transcription,Transcription regulation,1185,ASP,True,True,"[""Transcription"",""Transcription | Transcription regulation""]",target code excluded from predictors
cde_subcategory,Transcription | Transcription regulation,Transcription,Transcription regulation,1206,ATK,True,True,"[""Transcription"",""Transcription | Transcription regulation""]",target code excluded from predictors
cde_subcategory,Transcription | Transcription regulation,Transcription,Transcription regulation,1211,ATP,True,True,"[""Transcription"",""Transcription | Transcription regulation""]",target code excluded from predictors
cde_subcategory,Transcription | Transcription regulation,Transcription,Transcription regulation,1224,AUC,True,True,"[""Transcription"",""Transcription | Transcription regulation""]",target code excluded from predictors
cde_subcategory,Transcription | Transcription regulation,Transcription,Transcription regulation,1239,AUR,True,True,"[""Transcription"",""Transcription | Transcription regulation""]",target code excluded from predictors
cde_subcategory,Transcription | Transcription regulation,Transcription,Transcription regulation,1241,AUT,True,True,"[""Transcription"",""Transcription | Transcription regulation""]",target code excluded from predictors
cde_subcategory,Transcription | Transcription regulation,Transcription,Transcription regulation,1242,AUU,True,True,"[""Transcription"",""Transcription | Transcription regulation""]",target code excluded from predictors
cde_subcategory,Transcription | Transcription regulation,Transcription,Transcription regulation,1243,AUV,True,True,"[""Transcription"",""Transcription | Transcription regulation""]",target code excluded from predictors
cde_subcategory,Transcription | Transcription regulation,Transcription,Transcription regulation,1245,AUX,True,True,"[""Transcription"",""Transcription | Transcription regulation""]",target code excluded from predictors
cde_subcategory,Transcription | Transcription regulation,Transcription,Transcription regulation,1246,AUY,True,True,"[""Transcription"",""Transcription | Transcription regulation""]",target code excluded from predictors
cde_subcategory,Transcription | Transcription regulation,Transcription,Transcription regulation,1248,AVA,True,True,"[""Transcription"",""Transcription | Transcription regulation""]",target code excluded from predictors
cde_subcategory,Transcription | Transcription regulation,Transcription,Transcription regulation,1253,AVF,True,True,"[""Transcription"",""Transcription | Transcription regulation""]",target code excluded from predictors
cde_subcategory,Transcription | Transcription regulation,Transcription,Transcription regulation,1256,AVI,True,True,"[""Transcription"",""Transcription | Transcription regulation""]",target code excluded from predictors
cde_subcategory,Transcription | Transcription regulation,Transcription,Transcription regulation,1257,AVJ,True,True,"[""Transcription"",""Transcription | Transcription regulation""]",target code excluded from predictors
cde_subcategory,Transcription | Transcription regulation,Transcription,Transcription regulation,1263,AVP,True,True,"[""Transcription"",""Transcription | Transcription regulation""]",target code excluded from predictors
cde_subcategory,Transcription | Transcription regulation,Transcription,Transcription regulation,1264,AVQ,True,True,"[""Transcription"",""Transcription | Transcription regulation""]",target code excluded from predictors
cde_subcategory,Transcription | Transcription regulation,Transcription,Transcription regulation,1265,AVR,True,True,"[""Transcription"",""Transcription | Transcription regulation""]",target code excluded from predictors
cde_subcategory,Transcription | Transcription regulation,Transcription,Transcription regulation,1270,AVW,True,True,"[""Transcription"",""Transcription | Transcription regulation""]",target code excluded from predictors
cde_subcategory,Transcription | Transcription regulation,Transcription,Transcription regulation,1276,AWC,True,True,"[""Transcription"",""Transcription | Transcription regulation""]",target code excluded from predictors
cde_subcategory,Transcription | Transcription regulation,Transcription,Transcription regulation,1279,AWF,True,True,"[""Transcription"",""Transcription | Transcription regulation""]",target code excluded from predictors
cde_subcategory,Transcription | Transcription regulation,Transcription,Transcription regulation,1286,AWM,True,True,"[""Transcription"",""Transcription | Transcription regulation""]",target code excluded from predictors
cde_subcategory,Transcription | Transcription regulation,Transcription,Transcription regulation,1312,AXM,True,True,"[""Transcription"",""Transcription | Transcription regulation""]",target code excluded from predictors
cde_subcategory,Transcription | Transcription regulation,Transcription,Transcription regulation,1354,AZC,True,True,"[""Transcription"",""Transcription | Transcription regulation""]",target code excluded from predictors
cde_subcategory,Transcription | Transcription regulation,Transcription,Transcription regulation,1406,BBC,True,True,"[""Transcription"",""Transcription | Transcription regulation""]",target code excluded from predictors
cde_subcategory,Transcription | Transcription regulation,Transcription,Transcription regulation,1411,BBH,True,True,"[""Transcription"",""Transcription | Transcription regulation""]",target code excluded from predictors
cde_subcategory,Transcription | Transcription regulation,Transcription,Transcription regulation,1452,BCW,True,True,"[""Transcription"",""Transcription | Transcription regulation""]",target code excluded from predictors
cde_subcategory,Transcription | Transcription regulation,Transcription,Transcription regulation,1456,BDA,True,True,"[""Transcription"",""Transcription | Transcription regulation""]",target code excluded from predictors
cde_subcategory,Transcription | Transcription regulation,Transcription,Transcription regulation,1464,BDI,True,True,"[""Transcription"",""Transcription | Transcription regulation""]",target code excluded from predictors
cde_subcategory,Transcription | Transcription regulation,Transcription,Transcription regulation,1532,BFY,True,True,"[""Transcription"",""Transcription | Transcription regulation""]",target code excluded from predictors
cde_subcategory,Transcription | Transcription regulation,Transcription,Transcription regulation,1659,BKV,True,True,"[""Transcription"",""Transcription | Transcription regulation""]",target code excluded from predictors
cde_subcategory,Transcription | Transcription regulation,Transcription,Transcription regulation,1808,BQO,True,True,"[""Transcription"",""Transcription | Transcription regulation""]",target code excluded from predictors
cde_subcategory,Transcription | Transcription regulation,Transcription,Transcription regulation,1813,BQT,True,True,"[""Transcription"",""Transcription | Transcription regulation""]",target code excluded from predictors
cde_subcategory,Transcription | Transcription regulation,Transcription,Transcription regulation,1819,BQZ,True,True,"[""Transcription"",""Transcription | Transcription regulation""]",target code excluded from predictors
cde_subcategory,Transcription | Transcription regulation,Transcription,Transcription regulation,1846,BSA,True,True,"[""Transcription"",""Transcription | Transcription regulation""]",target code excluded from predictors
cde_subcategory,Transcription | Transcription regulation,Transcription,Transcription regulation,1847,BSB,True,True,"[""Transcription"",""Transcription | Transcription regulation""]",target code excluded from predictors
cde_subcategory,Transcription | Transcription regulation,Transcription,Transcription regulation,1848,BSC,True,True,"[""Transcription"",""Transcription | Transcription regulation""]",target code excluded from predictors
cde_subcategory,Transcription | Transcription regulation,Transcription,Transcription regulation,1849,BSD,True,True,"[""Transcription"",""Transcription | Transcription regulation""]",target code excluded from predictors
cde_subcategory,Transcription | Transcription regulation,Transcription,Transcription regulation,1850,BSE,True,True,"[""Transcription"",""Transcription | Transcription regulation""]",target code excluded from predictors
cde_subcategory,Transcription | Transcription regulation,Transcription,Transcription regulation,1853,BSH,True,True,"[""Transcription"",""Transcription | Transcription regulation""]",target code excluded from predictors
cde_subcategory,Transcription | Transcription regulation,Transcription,Transcription regulation,1953,BWD,True,True,"[""Transcription"",""Transcription | Transcription regulation""]",target code excluded from predictors
cde_subcategory,Transcription | Transcription regulation,Transcription,Transcription regulation,1979,BXD,True,True,"[""Transcription"",""Transcription | Transcription regulation""]",target code excluded from predictors
cde_subcategory,Transcription | Transcription regulation,Transcription,Transcription regulation,2012,BYK,True,True,"[""Transcription"",""Transcription | Transcription regulation""]",target code excluded from predictors
cde_subcategory,Transcription | Transcription regulation,Transcription,Transcription regulation,2013,BYL,True,True,"[""Transcription"",""Transcription | Transcription regulation""]",target code excluded from predictors
cde_subcategory,Transcription | Transcription regulation,Transcription,Transcription regulation,2014,BYM,True,True,"[""Transcription"",""Transcription | Transcription regulation""]",target code excluded from predictors
cde_subcategory,Transcription | Transcription regulation,Transcription,Transcription regulation,2038,BZK,True,True,"[""Transcription"",""Transcription | Transcription regulation""]",target code excluded from predictors
cde_subcategory,Transcription | Transcription regulation,Transcription,Transcription regulation,2049,BZV,True,True,"[""Transcription"",""Transcription | Transcription regulation""]",target code excluded from predictors
cde_subcategory,Transcription | Transcription regulation,Transcription,Transcription regulation,2057,CAD,True,True,"[""Transcription"",""Transcription | Transcription regulation""]",target code excluded from predictors
cde_subcategory,Transcription | Transcription regulation,Transcription,Transcription regulation,2073,CAT,True,True,"[""Transcription"",""Transcription | Transcription regulation""]",target code excluded from predictors
cde_subcategory,Transcription | Transcription regulation,Transcription,Transcription regulation,2074,CAU,True,True,"[""Transcription"",""Transcription | Transcription regulation""]",target code excluded from predictors
cde_subcategory,Transcription | Transcription regulation,Transcription,Transcription regulation,2129,CCX,True,True,"[""Transcription"",""Transcription | Transcription regulation""]",target code excluded from predictors
cde_subcategory,Transcription | Transcription regulation,Transcription,Transcription regulation,2150,CDS,True,True,"[""Transcription"",""Transcription | Transcription regulation""]",target code excluded from predictors
cde_subcategory,Transcription | Transcription regulation,Transcription,Transcription regulation,2504,CRI,True,True,"[""Transcription"",""Transcription | Transcription regulation""]",target code excluded from predictors
cde_subcategory,Transcription | Transcription regulation,Transcription,Transcription regulation,2505,CRJ,True,True,"[""Transcription"",""Transcription | Transcription regulation""]",target code excluded from predictors
cde_subcategory,Transcription | Transcription regulation,Transcription,Transcription regulation,2506,CRK,True,True,"[""Transcription"",""Transcription | Transcription regulation""]",target code excluded from predictors
cde_subcategory,Transcription | Transcription regulation,Transcription,Transcription regulation,2507,CRL,True,True,"[""Transcription"",""Transcription | Transcription regulation""]",target code excluded from predictors
cde_subcategory,Transcription | Transcription regulation,Transcription,Transcription regulation,2508,CRM,True,True,"[""Transcription"",""Transcription | Transcription regulation""]",target code excluded from predictors
cde_subcategory,Transcription | Transcription regulation,Transcription,Transcription regulation,2509,CRN,True,True,"[""Transcription"",""Transcription | Transcription regulation""]",target code excluded from predictors
cde_subcategory,Transcription | Transcription regulation,Transcription,Transcription regulation,2510,CRO,True,True,"[""Transcription"",""Transcription | Transcription regulation""]",target code excluded from predictors
cde_subcategory,Transcription | Transcription regulation,Transcription,Transcription regulation,2511,CRP,True,True,"[""Transcription"",""Transcription | Transcription regulation""]",target code excluded from predictors
cde_subcategory,Transcription | Transcription regulation,Transcription,Transcription regulation,2512,CRQ,True,True,"[""Transcription"",""Transcription | Transcription regulation""]",target code excluded from predictors
cde_subcategory,Transcription | Transcription regulation,Transcription,Transcription regulation,2513,CRR,True,True,"[""Transcription"",""Transcription | Transcription regulation""]",target code excluded from predictors
cde_subcategory,Transcription | Transcription regulation,Transcription,Transcription regulation,2514,CRS,True,True,"[""Transcription"",""Transcription | Transcription regulation""]",target code excluded from predictors
cde_subcategory,Transcription | Transcription regulation,Transcription,Transcription regulation,2515,CRT,True,True,"[""Transcription"",""Transcription | Transcription regulation""]",target code excluded from predictors
cde_subcategory,Transcription | Transcription regulation,Transcription,Transcription regulation,2517,CRV,True,True,"[""Transcription"",""Transcription | Transcription regulation""]",target code excluded from predictors
cde_subcategory,Transcription | Transcription regulation,Transcription,Transcription regulation,2518,CRW,True,True,"[""Transcription"",""Transcription | Transcription regulation""]",target code excluded from predictors
cde_subcategory,Transcription | Transcription regulation,Transcription,Transcription regulation,2519,CRX,True,True,"[""Transcription"",""Transcription | Transcription regulation""]",target code excluded from predictors
cde_subcategory,Transcription | Transcription regulation,Transcription,Transcription regulation,2520,CRY,True,True,"[""Transcription"",""Transcription | Transcription regulation""]",target code excluded from predictors
cde_subcategory,Transcription | Transcription regulation,Transcription,Transcription regulation,2521,CRZ,True,True,"[""Transcription"",""Transcription | Transcription regulation""]",target code excluded from predictors
cde_subcategory,Transcription | Transcription regulation,Transcription,Transcription regulation,2522,CSA,True,True,"[""Transcription"",""Transcription | Transcription regulation""]",target code excluded from predictors
cde_subcategory,Transcription | Transcription regulation,Transcription,Transcription regulation,2523,CSB,True,True,"[""Transcription"",""Transcription | Transcription regulation""]",target code excluded from predictors
cde_subcategory,Transcription | Transcription regulation,Transcription,Transcription regulation,2524,CSC,True,True,"[""Transcription"",""Transcription | Transcription regulation""]",target code excluded from predictors
cde_subcategory,Transcription | Transcription regulation,Transcription,Transcription regulation,2525,CSD,True,True,"[""Transcription"",""Transcription | Transcription regulation""]",target code excluded from predictors
cde_subcategory,Transcription | Transcription regulation,Transcription,Transcription regulation,2526,CSE,True,True,"[""Transcription"",""Transcription | Transcription regulation""]",target code excluded from predictors
cde_subcategory,Transcription | Transcription regulation,Transcription,Transcription regulation,2527,CSF,True,True,"[""Transcription"",""Transcription | Transcription regulation""]",target code excluded from predictors
cde_subcategory,Transcription | Transcription regulation,Transcription,Transcription regulation,2528,CSG,True,True,"[""Transcription"",""Transcription | Transcription regulation""]",target code excluded from predictors
cde_subcategory,Transcription | Transcription regulation,Transcription,Transcription regulation,2529,CSH,True,True,"[""Transcription"",""Transcription | Transcription regulation""]",target code excluded from predictors
cde_subcategory,Transcription | Transcription regulation,Transcription,Transcription regulation,2530,CSI,True,True,"[""Transcription"",""Transcription | Transcription regulation""]",target code excluded from predictors
cde_subcategory,Transcription | Transcription regulation,Transcription,Transcription regulation,2531,CSJ,True,True,"[""Transcription"",""Transcription | Transcription regulation""]",target code excluded from predictors
cde_subcategory,Transcription | Transcription regulation,Transcription,Transcription regulation,2532,CSK,True,True,"[""Transcription"",""Transcription | Transcription regulation""]",target code excluded from predictors
cde_subcategory,Transcription | Transcription regulation,Transcription,Transcription regulation,2533,CSL,True,True,"[""Transcription"",""Transcription | Transcription regulation""]",target code excluded from predictors
cde_subcategory,Transcription | Transcription regulation,Transcription,Transcription regulation,2534,CSM,True,True,"[""Transcription"",""Transcription | Transcription regulation""]",target code excluded from predictors
cde_subcategory,Transcription | Transcription regulation,Transcription,Transcription regulation,2536,CSO,True,True,"[""Transcription"",""Transcription | Transcription regulation""]",target code excluded from predictors
cde_subcategory,Transcription | Transcription regulation,Transcription,Transcription regulation,2537,CSP,True,True,"[""Transcription"",""Transcription | Transcription regulation""]",target code excluded from predictors
cde_subcategory,Transcription | Transcription regulation,Transcription,Transcription regulation,2538,CSQ,True,True,"[""Transcription"",""Transcription | Transcription regulation""]",target code excluded from predictors
cde_subcategory,Transcription | Transcription regulation,Transcription,Transcription regulation,2539,CSR,True,True,"[""Transcription"",""Transcription | Transcription regulation""]",target code excluded from predictors
cde_subcategory,Transcription | Transcription regulation,Transcription,Transcription regulation,2540,CSS,True,True,"[""Transcription"",""Transcription | Transcription regulation""]",target code excluded from predictors
cde_subcategory,Transcription | Transcription regulation,Transcription,Transcription regulation,2541,CST,True,True,"[""Transcription"",""Transcription | Transcription regulation""]",target code excluded from predictors
cde_subcategory,Transcription | Transcription regulation,Transcription,Transcription regulation,6339,IIV,True,True,"[""Transcription"",""Transcription | Transcription regulation""]",target code excluded from predictors
cde_subcategory,Transcription | Transcription regulation,Transcription,Transcription regulation,6341,IIX,True,True,"[""Transcription"",""Transcription | Transcription regulation""]",target code excluded from predictors
cde_subcategory,Transcription | Transcription regulation,Transcription,Transcription regulation,6342,IIY,True,True,"[""Transcription"",""Transcription | Transcription regulation""]",target code excluded from predictors
cde_subcategory,Transcription | Transcription regulation,Transcription,Transcription regulation,6432,IMK,True,True,"[""Transcription"",""Transcription | Transcription regulation""]",target code excluded from predictors
cde_subcategory,Transcription | Transcription regulation,Transcription,Transcription regulation,6478,IOE,True,True,"[""Transcription"",""Transcription | Transcription regulation""]",target code excluded from predictors
cde_subcategory,Transcription | Transcription regulation,Transcription,Transcription regulation,6480,IOG,True,True,"[""Transcription"",""Transcription | Transcription regulation""]",target code excluded from predictors
cde_subcategory,Transcription | Transcription regulation,Transcription,Transcription regulation,6660,IVE,True,True,"[""Transcription"",""Transcription | Transcription regulation""]",target code excluded from predictors
cde_subcategory,Transcription | Transcription regulation,Transcription,Transcription regulation,6669,IVN,True,True,"[""Transcription"",""Transcription | Transcription regulation""]",target code excluded from predictors
cde_subcategory,Transcription | Transcription regulation,Transcription,Transcription regulation,6761,IZB,True,True,"[""Transcription"",""Transcription | Transcription regulation""]",target code excluded from predictors
cde_subcategory,Transcription | Transcription regulation,Transcription,Transcription regulation,6785,IZZ,True,True,"[""Transcription"",""Transcription | Transcription regulation""]",target code excluded from predictors
cde_subcategory,Transcription | Transcription regulation,Transcription,Transcription regulation,6786,JAA,True,True,"[""Transcription"",""Transcription | Transcription regulation""]",target code excluded from predictors
cde_subcategory,Transcription | Transcription regulation,Transcription,Transcription regulation,6787,JAB,True,True,"[""Transcription"",""Transcription | Transcription regulation""]",target code excluded from predictors
cde_subcategory,Transcription | Transcription regulation,Transcription,Transcription regulation,6825,JBN,True,True,"[""Transcription"",""Transcription | Transcription regulation""]",target code excluded from predictors
cde_subcategory,Transcription | Transcription regulation,Transcription,Transcription regulation,6849,JCL,True,True,"[""Transcription"",""Transcription | Transcription regulation""]",target code excluded from predictors
cde_subcategory,Transcription | Transcription regulation,Transcription,Transcription regulation,6857,JCT,True,True,"[""Transcription"",""Transcription | Transcription regulation""]",target code excluded from predictors
cde_subcategory,Transcription | Transcription regulation,Transcription,Transcription regulation,6877,JDN,True,True,"[""Transcription"",""Transcription | Transcription regulation""]",target code excluded from predictors
cde_subcategory,Transcription | Transcription regulation,Transcription,Transcription regulation,6890,JEA,True,True,"[""Transcription"",""Transcription | Transcription regulation""]",target code excluded from predictors
cde_subcategory,Transcription | Transcription regulation,Transcription,Transcription regulation,6943,JGB,True,True,"[""Transcription"",""Transcription | Transcription regulation""]",target code excluded from predictors
cde_subcategory,Transcription | Transcription regulation,Transcription,Transcription regulation,6944,JGC,True,True,"[""Transcription"",""Transcription | Transcription regulation""]",target code excluded from predictors
cde_subcategory,Transcription | Transcription regulation,Transcription,Transcription regulation,7089,JLR,True,True,"[""Transcription"",""Transcription | Transcription regulation""]",target code excluded from predictors
cde_subcategory,Transcription | Transcription regulation,Transcription,Transcription regulation,7125,JNB,True,True,"[""Transcription"",""Transcription | Transcription regulation""]",target code excluded from predictors
cde_subcategory,Transcription | Transcription regulation,Transcription,Transcription regulation,7158,JOI,True,True,"[""Transcription"",""Transcription | Transcription regulation""]",target code excluded from predictors
cde_subcategory,Transcription | Transcription regulation,Transcription,Transcription regulation,7167,JOR,True,True,"[""Transcription"",""Transcription | Transcription regulation""]",target code excluded from predictors
cde_subcategory,Transcription | Transcription regulation,Transcription,Transcription regulation,7168,JOS,True,True,"[""Transcription"",""Transcription | Transcription regulation""]",target code excluded from predictors
cde_subcategory,Transcription | Transcription regulation,Transcription,Transcription regulation,7169,JOT,True,True,"[""Transcription"",""Transcription | Transcription regulation""]",target code excluded from predictors
cde_subcategory,Transcription | Transcription regulation,Transcription,Transcription regulation,7170,JOU,True,True,"[""Transcription"",""Transcription | Transcription regulation""]",target code excluded from predictors
cde_subcategory,Transcription | Transcription regulation,Transcription,Transcription regulation,7172,JOW,True,True,"[""Transcription"",""Transcription | Transcription regulation""]",target code excluded from predictors
cde_subcategory,Transcription | Transcription regulation,Transcription,Transcription regulation,7342,JVK,True,True,"[""Transcription"",""Transcription | Transcription regulation""]",target code excluded from predictors
cde_subcategory,Transcription | Transcription regulation,Transcription,Transcription regulation,7347,JVP,True,True,"[""Transcription"",""Transcription | Transcription regulation""]",target code excluded from predictors
cde_subcategory,Transcription | Transcription regulation,Transcription,Transcription regulation,7355,JVX,True,True,"[""Transcription"",""Transcription | Transcription regulation""]",target code excluded from predictors
cde_subcategory,Transcription | Transcription regulation,Transcription,Transcription regulation,7357,JVZ,True,True,"[""Transcription"",""Transcription | Transcription regulation""]",target code excluded from predictors
cde_subcategory,Transcription | Transcription regulation,Transcription,Transcription regulation,7358,JWA,True,True,"[""Transcription"",""Transcription | Transcription regulation""]",target code excluded from predictors
cde_subcategory,Transcription | Transcription regulation,Transcription,Transcription regulation,7359,JWB,True,True,"[""Transcription"",""Transcription | Transcription regulation""]",target code excluded from predictors
cde_subcategory,Transcription | Transcription regulation,Transcription,Transcription regulation,7360,JWC,True,True,"[""Transcription"",""Transcription | Transcription regulation""]",target code excluded from predictors
cde_subcategory,Transcription | Transcription regulation,Transcription,Transcription regulation,7361,JWD,True,True,"[""Transcription"",""Transcription | Transcription regulation""]",target code excluded from predictors
cde_subcategory,Transcription | Transcription regulation,Transcription,Transcription regulation,7362,JWE,True,True,"[""Transcription"",""Transcription | Transcription regulation""]",target code excluded from predictors
cde_subcategory,Transcription | Transcription regulation,Transcription,Transcription regulation,7363,JWF,True,True,"[""Transcription"",""Transcription | Transcription regulation""]",target code excluded from predictors
cde_subcategory,Transcription | Transcription regulation,Transcription,Transcription regulation,7364,JWG,True,True,"[""Transcription"",""Transcription | Transcription regulation""]",target code excluded from predictors
cde_subcategory,Transcription | Transcription regulation,Transcription,Transcription regulation,7365,JWH,True,True,"[""Transcription"",""Transcription | Transcription regulation""]",target code excluded from predictors
cde_subcategory,Transcription | Transcription regulation,Transcription,Transcription regulation,7366,JWI,True,True,"[""Transcription"",""Transcription | Transcription regulation""]",target code excluded from predictors
cde_subcategory,Transcription | Transcription regulation,Transcription,Transcription regulation,7367,JWJ,True,True,"[""Transcription"",""Transcription | Transcription regulation""]",target code excluded from predictors
cde_subcategory,Transcription | Transcription regulation,Transcription,Transcription regulation,7368,JWK,True,True,"[""Transcription"",""Transcription | Transcription regulation""]",target code excluded from predictors
cde_subcategory,Transcription | Transcription regulation,Transcription,Transcription regulation,7369,JWL,True,True,"[""Transcription"",""Transcription | Transcription regulation""]",target code excluded from predictors
cde_subcategory,Transcription | Transcription regulation,Transcription,Transcription regulation,7370,JWM,True,True,"[""Transcription"",""Transcription | Transcription regulation""]",target code excluded from predictors
cde_subcategory,Transcription | Transcription regulation,Transcription,Transcription regulation,7371,JWN,True,True,"[""Transcription"",""Transcription | Transcription regulation""]",target code excluded from predictors
cde_subcategory,Transcription | Transcription regulation,Transcription,Transcription regulation,7372,JWO,True,True,"[""Transcription"",""Transcription | Transcription regulation""]",target code excluded from predictors
cde_subcategory,Transcription | Transcription regulation,Transcription,Transcription regulation,7374,JWQ,True,True,"[""Transcription"",""Transcription | Transcription regulation""]",target code excluded from predictors
cde_subcategory,Transcription | Transcription regulation,Transcription,Transcription regulation,7375,JWR,True,True,"[""Transcription"",""Transcription | Transcription regulation""]",target code excluded from predictors
cde_subcategory,Transcription | Transcription regulation,Transcription,Transcription regulation,7376,JWS,True,True,"[""Transcription"",""Transcription | Transcription regulation""]",target code excluded from predictors
cde_subcategory,Transcription | Transcription regulation,Transcription,Transcription regulation,7377,JWT,True,True,"[""Transcription"",""Transcription | Transcription regulation""]",target code excluded from predictors
cde_subcategory,Transcription | Transcription regulation,Transcription,Transcription regulation,7380,JWW,True,True,"[""Transcription"",""Transcription | Transcription regulation""]",target code excluded from predictors
cde_subcategory,Transcription | Transcription regulation,Transcription,Transcription regulation,7383,JWZ,True,True,"[""Transcription"",""Transcription | Transcription regulation""]",target code excluded from predictors
cde_subcategory,Transcription | Transcription regulation,Transcription,Transcription regulation,7385,JXB,True,True,"[""Transcription"",""Transcription | Transcription regulation""]",target code excluded from predictors
cde_subcategory,Transcription | Transcription regulation,Transcription,Transcription regulation,7386,JXC,True,True,"[""Transcription"",""Transcription | Transcription regulation""]",target code excluded from predictors
cde_subcategory,Transcription | Transcription regulation,Transcription,Transcription regulation,7387,JXD,True,True,"[""Transcription"",""Transcription | Transcription regulation""]",target code excluded from predictors
cde_subcategory,Transcription | Transcription regulation,Transcription,Transcription regulation,7388,JXE,True,True,"[""Transcription"",""Transcription | Transcription regulation""]",target code excluded from predictors
cde_subcategory,Transcription | Transcription regulation,Transcription,Transcription regulation,7389,JXF,True,True,"[""Transcription"",""Transcription | Transcription regulation""]",target code excluded from predictors
cde_subcategory,Transcription | Transcription regulation,Transcription,Transcription regulation,7451,JZP,True,True,"[""Transcription"",""Transcription | Transcription regulation""]",target code excluded from predictors
cde_subcategory,Transcription | Transcription regulation,Transcription,Transcription regulation,7452,JZQ,True,True,"[""Transcription"",""Transcription | Transcription regulation""]",target code excluded from predictors
cde_subcategory,Transcription | Transcription regulation,Transcription,Transcription regulation,7462,KAA,True,True,"[""Transcription"",""Transcription | Transcription regulation""]",target code excluded from predictors
cde_subcategory,Transcription | Transcription regulation,Transcription,Transcription regulation,7464,KAC,True,True,"[""Transcription"",""Transcription | Transcription regulation""]",target code excluded from predictors
cde_subcategory,Transcription | Transcription regulation,Transcription,Transcription regulation,7490,KBC,True,True,"[""Transcription"",""Transcription | Transcription regulation""]",target code excluded from predictors
cde_subcategory,Transcription | Transcription regulation,Transcription,Transcription regulation,7518,KCE,True,True,"[""Transcription"",""Transcription | Transcription regulation""]",target code excluded from predictors
cde_subcategory,Transcription | Transcription regulation,Transcription,Transcription regulation,7556,KDQ,True,True,"[""Transcription"",""Transcription | Transcription regulation""]",target code excluded from predictors
cde_subcategory,Transcription | Transcription regulation,Transcription,Transcription regulation,9181,MOD,True,True,"[""Transcription"",""Transcription | Transcription regulation""]",target code excluded from predictors
cde_subcategory,Transcription | Transcription regulation,Transcription,Transcription regulation,9182,MOE,True,True,"[""Transcription"",""Transcription | Transcription regulation""]",target code excluded from predictors
cde_subcategory,Transcription | Transcription regulation,Transcription,Transcription regulation,9183,MOF,True,True,"[""Transcription"",""Transcription | Transcription regulation""]",target code excluded from predictors
cde_subcategory,Transcription | Transcription regulation,Transcription,Transcription regulation,9184,MOG,True,True,"[""Transcription"",""Transcription | Transcription regulation""]",target code excluded from predictors
cde_subcategory,Transcription | Transcription regulation,Transcription,Transcription regulation,9185,MOH,True,True,"[""Transcription"",""Transcription | Transcription regulation""]",target code excluded from predictors
cde_subcategory,Transcription | Transcription regulation,Transcription,Transcription regulation,9186,MOI,True,True,"[""Transcription"",""Transcription | Transcription regulation""]",target code excluded from predictors
cde_subcategory,Transcription | Transcription regulation,Transcription,Transcription regulation,9187,MOJ,True,True,"[""Transcription"",""Transcription | Transcription regulation""]",target code excluded from predictors
cde_subcategory,Transcription | Transcription regulation,Transcription,Transcription regulation,9188,MOK,True,True,"[""Transcription"",""Transcription | Transcription regulation""]",target code excluded from predictors
cde_subcategory,Transcription | Transcription regulation,Transcription,Transcription regulation,9349,MUP,True,True,"[""Transcription"",""Transcription | Transcription regulation""]",target code excluded from predictors
cde_subcategory,Transcription | Transcription regulation,Transcription,Transcription regulation,9399,MWN,True,True,"[""Transcription"",""Transcription | Transcription regulation""]",target code excluded from predictors
cde_subcategory,Transcription | Transcription regulation,Transcription,Transcription regulation,9655,NGJ,True,True,"[""Transcription"",""Transcription | Transcription regulation""]",target code excluded from predictors
cde_subcategory,Transcription | Transcription regulation,Transcription,Transcription regulation,9656,NGK,True,True,"[""Transcription"",""Transcription | Transcription regulation""]",target code excluded from predictors
cde_subcategory,Transcription | Transcription regulation,Transcription,Transcription regulation,9657,NGL,True,True,"[""Transcription"",""Transcription | Transcription regulation""]",target code excluded from predictors
cde_subcategory,Transcription | Transcription regulation,Transcription,Transcription regulation,9689,NHR,True,True,"[""Transcription"",""Transcription | Transcription regulation""]",target code excluded from predictors
cde_subcategory,Transcription | Transcription regulation,Transcription,Transcription regulation,9708,NIK,True,True,"[""Transcription"",""Transcription | Transcription regulation""]",target code excluded from predictors
cde_subcategory,Transcription | Transcription regulation,Transcription,Transcription regulation,9746,NJW,True,True,"[""Transcription"",""Transcription | Transcription regulation""]",target code excluded from predictors
cde_subcategory,Transcription | Transcription regulation,Transcription,Transcription regulation,9747,NJX,True,True,"[""Transcription"",""Transcription | Transcription regulation""]",target code excluded from predictors
cde_subcategory,Transcription | Transcription regulation,Transcription,Transcription regulation,9748,NJY,True,True,"[""Transcription"",""Transcription | Transcription regulation""]",target code excluded from predictors
cde_subcategory,Transcription | Transcription regulation,Transcription,Transcription regulation,9766,NKQ,True,True,"[""Transcription"",""Transcription | Transcription regulation""]",target code excluded from predictors
cde_subcategory,Transcription | Transcription regulation,Transcription,Transcription regulation,9767,NKR,True,True,"[""Transcription"",""Transcription | Transcription regulation""]",target code excluded from predictors
cde_subcategory,Transcription | Transcription regulation,Transcription,Transcription regulation,9768,NKS,True,True,"[""Transcription"",""Transcription | Transcription regulation""]",target code excluded from predictors
cde_subcategory,Transcription | Transcription regulation,Transcription,Transcription regulation,9769,NKT,True,True,"[""Transcription"",""Transcription | Transcription regulation""]",target code excluded from predictors
cde_subcategory,Transcription | Transcription regulation,Transcription,Transcription regulation,9770,NKU,True,True,"[""Transcription"",""Transcription | Transcription regulation""]",target code excluded from predictors
cde_subcategory,Transcription | Transcription regulation,Transcription,Transcription regulation,9771,NKV,True,True,"[""Transcription"",""Transcription | Transcription regulation""]",target code excluded from predictors
cde_subcategory,Transcription | Transcription regulation,Transcription,Transcription regulation,9772,NKW,True,True,"[""Transcription"",""Transcription | Transcription regulation""]",target code excluded from predictors
cde_subcategory,Transcription | Transcription regulation,Transcription,Transcription regulation,9773,NKX,True,True,"[""Transcription"",""Transcription | Transcription regulation""]",target code excluded from predictors
cde_subcategory,Transcription | Transcription regulation,Transcription,Transcription regulation,9788,NLM,True,True,"[""Transcription"",""Transcription | Transcription regulation""]",target code excluded from predictors
cde_subcategory,Transcription | Transcription regulation,Transcription,Transcription regulation,9791,NLP,True,True,"[""Transcription"",""Transcription | Transcription regulation""]",target code excluded from predictors
cde_subcategory,Transcription | Transcription regulation,Transcription,Transcription regulation,9792,NLQ,True,True,"[""Transcription"",""Transcription | Transcription regulation""]",target code excluded from predictors
cde_subcategory,Transcription | Transcription regulation,Transcription,Transcription regulation,9793,NLR,True,True,"[""Transcription"",""Transcription | Transcription regulation""]",target code excluded from predictors
cde_subcategory,Transcription | Transcription regulation,Transcription,Transcription regulation,9794,NLS,True,True,"[""Transcription"",""Transcription | Transcription regulation""]",target code excluded from predictors
cde_subcategory,Transcription | Transcription regulation,Transcription,Transcription regulation,9796,NLU,True,True,"[""Transcription"",""Transcription | Transcription regulation""]",target code excluded from predictors
cde_subcategory,Transcription | Transcription regulation,Transcription,Transcription regulation,9797,NLV,True,True,"[""Transcription"",""Transcription | Transcription regulation""]",target code excluded from predictors
cde_subcategory,Transcription | Transcription regulation,Transcription,Transcription regulation,9798,NLW,True,True,"[""Transcription"",""Transcription | Transcription regulation""]",target code excluded from predictors
cde_subcategory,Transcription | Transcription regulation,Transcription,Transcription regulation,9799,NLX,True,True,"[""Transcription"",""Transcription | Transcription regulation""]",target code excluded from predictors
cde_subcategory,Transcription | Transcription regulation,Transcription,Transcription regulation,9800,NLY,True,True,"[""Transcription"",""Transcription | Transcription regulation""]",target code excluded from predictors
cde_subcategory,Transcription | Transcription regulation,Transcription,Transcription regulation,9801,NLZ,True,True,"[""Transcription"",""Transcription | Transcription regulation""]",target code excluded from predictors
cde_subcategory,Transcription | Transcription regulation,Transcription,Transcription regulation,9802,NMA,True,True,"[""Transcription"",""Transcription | Transcription regulation""]",target code excluded from predictors
cde_subcategory,Transcription | Transcription regulation,Transcription,Transcription regulation,9805,NMD,True,True,"[""Transcription"",""Transcription | Transcription regulation""]",target code excluded from predictors
cde_subcategory,Transcription | Transcription regulation,Transcription,Transcription regulation,9808,NMG,True,True,"[""Transcription"",""Transcription | Transcription regulation""]",target code excluded from predictors
cde_subcategory,Transcription | Transcription regulation,Transcription,Transcription regulation,9809,NMH,True,True,"[""Transcription"",""Transcription | Transcription regulation""]",target code excluded from predictors
cde_subcategory,Transcription | Transcription regulation,Transcription,Transcription regulation,9813,NML,True,True,"[""Transcription"",""Transcription | Transcription regulation""]",target code excluded from predictors
cde_subcategory,Transcription | Transcription regulation,Transcription,Transcription regulation,10083,NWV,True,True,"[""Transcription"",""Transcription | Transcription regulation""]",target code excluded from predictors
cde_subcategory,Transcription | Transcription regulation,Transcription,Transcription regulation,10093,NXF,True,True,"[""Transcription"",""Transcription | Transcription regulation""]",target code excluded from predictors
cde_subcategory,Transcription | Transcription regulation,Transcription,Transcription regulation,10095,NXH,True,True,"[""Transcription"",""Transcription | Transcription regulation""]",target code excluded from predictors
cde_subcategory,Transcription | Transcription regulation,Transcription,Transcription regulation,10098,NXK,True,True,"[""Transcription"",""Transcription | Transcription regulation""]",target code excluded from predictors
cde_subcategory,Transcription | Transcription regulation,Transcription,Transcription regulation,10100,NXM,True,True,"[""Transcription"",""Transcription | Transcription regulation""]",target code excluded from predictors
cde_subcategory,Transcription | Transcription regulation,Transcription,Transcription regulation,10103,NXP,True,True,"[""Transcription"",""Transcription | Transcription regulation""]",target code excluded from predictors
cde_subcategory,Transcription | Transcription regulation,Transcription,Transcription regulation,10105,NXR,True,True,"[""Transcription"",""Transcription | Transcription regulation""]",target code excluded from predictors
cde_subcategory,Transcription | Transcription regulation,Transcription,Transcription regulation,10148,NZI,True,True,"[""Transcription"",""Transcription | Transcription regulation""]",target code excluded from predictors
cde_subcategory,Transcription | Transcription regulation,Transcription,Transcription regulation,10149,NZJ,True,True,"[""Transcription"",""Transcription | Transcription regulation""]",target code excluded from predictors
cde_subcategory,Transcription | Transcription regulation,Transcription,Transcription regulation,10180,OAO,True,True,"[""Transcription"",""Transcription | Transcription regulation""]",target code excluded from predictors
cde_subcategory,Transcription | Transcription regulation,Transcription,Transcription regulation,10229,OCL,True,True,"[""Transcription"",""Transcription | Transcription regulation""]",target code excluded from predictors
cde_subcategory,Transcription | Transcription regulation,Transcription,Transcription regulation,10277,OEH,True,True,"[""Transcription"",""Transcription | Transcription regulation""]",target code excluded from predictors
cde_subcategory,Transcription | Transcription regulation,Transcription,Transcription regulation,10285,OEP,True,True,"[""Transcription"",""Transcription | Transcription regulation""]",target code excluded from predictors
cde_subcategory,Transcription | Transcription regulation,Transcription,Transcription regulation,10287,OER,True,True,"[""Transcription"",""Transcription | Transcription regulation""]",target code excluded from predictors
cde_subcategory,Transcription | Transcription regulation,Transcription,Transcription regulation,10292,OEW,True,True,"[""Transcription"",""Transcription | Transcription regulation""]",target code excluded from predictors
cde_subcategory,Transcription | Transcription regulation,Transcription,Transcription regulation,10782,OXS,True,True,"[""Transcription"",""Transcription | Transcription regulation""]",target code excluded from predictors
cde_subcategory,Transcription | Transcription regulation,Transcription,Transcription regulation,10847,PAF,True,True,"[""Transcription"",""Transcription | Transcription regulation""]",target code excluded from predictors
cde_subcategory,Transcription | Transcription regulation,Transcription,Transcription regulation,10862,PAU,True,True,"[""Transcription"",""Transcription | Transcription regulation""]",target code excluded from predictors
cde_subcategory,Transcription | Transcription regulation,Transcription,Transcription regulation,11079,PJD,True,True,"[""Transcription"",""Transcription | Transcription regulation""]",target code excluded from predictors
cde_subcategory,Transcription | Transcription regulation,Transcription,Transcription regulation,11258,PQA,True,True,"[""Transcription"",""Transcription | Transcription regulation""]",target code excluded from predictors
cde_subcategory,Transcription | Transcription regulation,Transcription,Transcription regulation,11363,PUB,True,True,"[""Transcription"",""Transcription | Transcription regulation""]",target code excluded from predictors
cde_subcategory,Transcription | Transcription regulation,Transcription,Transcription regulation,11364,PUC,True,True,"[""Transcription"",""Transcription | Transcription regulation""]",target code excluded from predictors
cde_subcategory,Transcription | Transcription regulation,Transcription,Transcription regulation,11366,PUE,True,True,"[""Transcription"",""Transcription | Transcription regulation""]",target code excluded from predictors
cde_subcategory,Transcription | Transcription regulation,Transcription,Transcription regulation,11373,PUL,True,True,"[""Transcription"",""Transcription | Transcription regulation""]",target code excluded from predictors
cde_subcategory,Transcription | Transcription regulation,Transcription,Transcription regulation,11401,PVN,True,True,"[""Transcription"",""Transcription | Transcription regulation""]",target code excluded from predictors
cde_subcategory,Transcription | Transcription regulation,Transcription,Transcription regulation,11427,PWN,True,True,"[""Transcription"",""Transcription | Transcription regulation""]",target code excluded from predictors
cde_subcategory,Transcription | Transcription regulation,Transcription,Transcription regulation,11461,PXV,True,True,"[""Transcription"",""Transcription | Transcription regulation""]",target code excluded from predictors
cde_subcategory,Transcription | Transcription regulation,Transcription,Transcription regulation,11569,QBZ,True,True,"[""Transcription"",""Transcription | Transcription regulation""]",target code excluded from predictors
cde_subcategory,Transcription | Transcription regulation,Transcription,Transcription regulation,11570,QCA,True,True,"[""Transcription"",""Transcription | Transcription regulation""]",target code excluded from predictors
cde_subcategory,Transcription | Transcription regulation,Transcription,Transcription regulation,11662,QFO,True,True,"[""Transcription"",""Transcription | Transcription regulation""]",target code excluded from predictors
cde_subcategory,Transcription | Transcription regulation,Transcription,Transcription regulation,11663,QFP,True,True,"[""Transcription"",""Transcription | Transcription regulation""]",target code excluded from predictors
cde_subcategory,Transcription | Transcription regulation,Transcription,Transcription regulation,11708,QHI,True,True,"[""Transcription"",""Transcription | Transcription regulation""]",target code excluded from predictors
cde_subcategory,Transcription | Transcription regulation,Transcription,Transcription regulation,11709,QHJ,True,True,"[""Transcription"",""Transcription | Transcription regulation""]",target code excluded from predictors
cde_subcategory,Transcription | Transcription regulation,Transcription,Transcription regulation,11710,QHK,True,True,"[""Transcription"",""Transcription | Transcription regulation""]",target code excluded from predictors
cde_subcategory,Transcription | Transcription regulation,Transcription,Transcription regulation,11711,QHL,True,True,"[""Transcription"",""Transcription | Transcription regulation""]",target code excluded from predictors
cde_subcategory,Transcription | Transcription regulation,Transcription,Transcription regulation,11754,QJC,True,True,"[""Transcription"",""Transcription | Transcription regulation""]",target code excluded from predictors
cde_subcategory,Transcription | Transcription regulation,Transcription,Transcription regulation,11755,QJD,True,True,"[""Transcription"",""Transcription | Transcription regulation""]",target code excluded from predictors
cde_subcategory,Transcription | Transcription regulation,Transcription,Transcription regulation,11785,QKH,True,True,"[""Transcription"",""Transcription | Transcription regulation""]",target code excluded from predictors
cde_subcategory,Transcription | Transcription regulation,Transcription,Transcription regulation,11815,QLL,True,True,"[""Transcription"",""Transcription | Transcription regulation""]",target code excluded from predictors
cde_subcategory,Transcription | Transcription regulation,Transcription,Transcription regulation,11854,QMY,True,True,"[""Transcription"",""Transcription | Transcription regulation""]",target code excluded from predictors
cde_subcategory,Transcription | Transcription regulation,Transcription,Transcription regulation,11856,QNA,True,True,"[""Transcription"",""Transcription | Transcription regulation""]",target code excluded from predictors
cde_subcategory,Transcription | Transcription regulation,Transcription,Transcription regulation,11879,QNX,True,True,"[""Transcription"",""Transcription | Transcription regulation""]",target code excluded from predictors
cde_subcategory,Transcription | Transcription regulation,Transcription,Transcription regulation,11916,QPI,True,True,"[""Transcription"",""Transcription | Transcription regulation""]",target code excluded from predictors
cde_subcategory,Transcription | Transcription regulation,Transcription,Transcription regulation,11924,QPQ,True,True,"[""Transcription"",""Transcription | Transcription regulation""]",target code excluded from predictors
cde_subcategory,Transcription | Transcription regulation,Transcription,Transcription regulation,11926,QPS,True,True,"[""Transcription"",""Transcription | Transcription regulation""]",target code excluded from predictors
cde_subcategory,Transcription | Transcription regulation,Transcription,Transcription regulation,11937,QQD,True,True,"[""Transcription"",""Transcription | Transcription regulation""]",target code excluded from predictors
cde_subcategory,Transcription | Transcription regulation,Transcription,Transcription regulation,11960,QRA,True,True,"[""Transcription"",""Transcription | Transcription regulation""]",target code excluded from predictors
cde_subcategory,Transcription | Transcription regulation,Transcription,Transcription regulation,12013,QTB,True,True,"[""Transcription"",""Transcription | Transcription regulation""]",target code excluded from predictors
cde_subcategory,Transcription | Transcription regulation,Transcription,Transcription regulation,12063,QUZ,True,True,"[""Transcription"",""Transcription | Transcription regulation""]",target code excluded from predictors
cde_subcategory,Transcription | Transcription regulation,Transcription,Transcription regulation,12254,RCI,True,True,"[""Transcription"",""Transcription | Transcription regulation""]",target code excluded from predictors
cde_subcategory,Transcription | Transcription regulation,Transcription,Transcription regulation,12348,RFY,True,True,"[""Transcription"",""Transcription | Transcription regulation""]",target code excluded from predictors
cde_subcategory,Transcription | Transcription regulation,Transcription,Transcription regulation,12435,RJH,True,True,"[""Transcription"",""Transcription | Transcription regulation""]",target code excluded from predictors
cde_subcategory,Transcription | Transcription regulation,Transcription,Transcription regulation,12468,RKO,True,True,"[""Transcription"",""Transcription | Transcription regulation""]",target code excluded from predictors
cde_subcategory,Transcription | Transcription regulation,Transcription,Transcription regulation,12523,RMR,True,True,"[""Transcription"",""Transcription | Transcription regulation""]",target code excluded from predictors
cde_subcategory,Transcription | Transcription regulation,Transcription,Transcription regulation,12951,SDD,True,True,"[""Transcription"",""Transcription | Transcription regulation""]",target code excluded from predictors
cde_subcategory,Transcription | Transcription regulation,Transcription,Transcription regulation,12969,SDV,True,True,"[""Transcription"",""Transcription | Transcription regulation""]",target code excluded from predictors
cde_subcategory,Transcription | Transcription regulation,Transcription,Transcription regulation,12970,SDW,True,True,"[""Transcription"",""Transcription | Transcription regulation""]",target code excluded from predictors
cde_subcategory,Transcription | Transcription regulation,Transcription,Transcription regulation,12972,SDY,True,True,"[""Transcription"",""Transcription | Transcription regulation""]",target code excluded from predictors
cde_subcategory,Transcription | Transcription regulation,Transcription,Transcription regulation,12973,SDZ,True,True,"[""Transcription"",""Transcription | Transcription regulation""]",target code excluded from predictors
cde_subcategory,Transcription | Transcription regulation,Transcription,Transcription regulation,12974,SEA,True,True,"[""Transcription"",""Transcription | Transcription regulation""]",target code excluded from predictors
cde_subcategory,Transcription | Transcription regulation,Transcription,Transcription regulation,13003,SFD,True,True,"[""Transcription"",""Transcription | Transcription regulation""]",target code excluded from predictors
cde_subcategory,Transcription | Transcription regulation,Transcription,Transcription regulation,13020,SFU,True,True,"[""Transcription"",""Transcription | Transcription regulation""]",target code excluded from predictors
cde_subcategory,Transcription | Transcription regulation,Transcription,Transcription regulation,13150,SKU,True,True,"[""Transcription"",""Transcription | Transcription regulation""]",target code excluded from predictors
cde_subcategory,Transcription | Transcription regulation,Transcription,Transcription regulation,13195,SMN,True,True,"[""Transcription"",""Transcription | Transcription regulation""]",target code excluded from predictors
cde_subcategory,Transcription | Transcription regulation,Transcription,Transcription regulation,13196,SMO,True,True,"[""Transcription"",""Transcription | Transcription regulation""]",target code excluded from predictors
cde_subcategory,Transcription | Transcription regulation,Transcription,Transcription regulation,13201,SMT,True,True,"[""Transcription"",""Transcription | Transcription regulation""]",target code excluded from predictors
cde_subcategory,Transcription | Transcription regulation,Transcription,Transcription regulation,13371,STH,True,True,"[""Transcription"",""Transcription | Transcription regulation""]",target code excluded from predictors
cde_subcategory,Transcription | Transcription regulation,Transcription,Transcription regulation,13527,SZH,True,True,"[""Transcription"",""Transcription | Transcription regulation""]",target code excluded from predictors
cde_subcategory,Transcription | Transcription regulation,Transcription,Transcription regulation,13542,SZW,True,True,"[""Transcription"",""Transcription | Transcription regulation""]",target code excluded from predictors
cde_subcategory,Transcription | Transcription regulation,Transcription,Transcription regulation,13555,TAJ,True,True,"[""Transcription"",""Transcription | Transcription regulation""]",target code excluded from predictors
cde_subcategory,Transcription | Transcription regulation,Transcription,Transcription regulation,13556,TAK,True,True,"[""Transcription"",""Transcription | Transcription regulation""]",target code excluded from predictors
cde_subcategory,Transcription | Transcription regulation,Transcription,Transcription regulation,13608,TCK,True,True,"[""Transcription"",""Transcription | Transcription regulation""]",target code excluded from predictors
cde_subcategory,Transcription | Transcription regulation,Transcription,Transcription regulation,13635,TDL,True,True,"[""Transcription"",""Transcription | Transcription regulation""]",target code excluded from predictors
cde_subcategory,Transcription | Transcription regulation,Transcription,Transcription regulation,13660,TEK,True,True,"[""Transcription"",""Transcription | Transcription regulation""]",target code excluded from predictors
cde_subcategory,Transcription | Transcription regulation,Transcription,Transcription regulation,13686,TFK,True,True,"[""Transcription"",""Transcription | Transcription regulation""]",target code excluded from predictors
cde_subcategory,Transcription | Transcription regulation,Transcription,Transcription regulation,13779,TIZ,True,True,"[""Transcription"",""Transcription | Transcription regulation""]",target code excluded from predictors
cde_subcategory,Transcription | Transcription regulation,Transcription,Transcription regulation,13826,TKU,True,True,"[""Transcription"",""Transcription | Transcription regulation""]",target code excluded from predictors
cde_subcategory,Transcription | Transcription regulation,Transcription,Transcription regulation,14221,TZZ,True,True,"[""Transcription"",""Transcription | Transcription regulation""]",target code excluded from predictors
cde_subcategory,Transcription | Transcription regulation,Transcription,Transcription regulation,14222,UAA,True,True,"[""Transcription"",""Transcription | Transcription regulation""]",target code excluded from predictors
cde_subcategory,Transcription | Transcription regulation,Transcription,Transcription regulation,14290,UCQ,True,True,"[""Transcription"",""Transcription | Transcription regulation""]",target code excluded from predictors
cde_subcategory,Transcription | Transcription regulation,Transcription,Transcription regulation,14300,UDA,True,True,"[""Transcription"",""Transcription | Transcription regulation""]",target code excluded from predictors
cde_subcategory,Transcription | Transcription regulation,Transcription,Transcription regulation,14303,UDD,True,True,"[""Transcription"",""Transcription | Transcription regulation""]",target code excluded from predictors
cde_subcategory,Transcription | Transcription regulation,Transcription,Transcription regulation,14385,UGH,True,True,"[""Transcription"",""Transcription | Transcription regulation""]",target code excluded from predictors
cde_subcategory,Transcription | Transcription regulation,Transcription,Transcription regulation,14432,UIC,True,True,"[""Transcription"",""Transcription | Transcription regulation""]",target code excluded from predictors
cde_subcategory,Transcription | Transcription regulation,Transcription,Transcription regulation,14598,UOM,True,True,"[""Transcription"",""Transcription | Transcription regulation""]",target code excluded from predictors
cde_subcategory,Transcription | Transcription regulation,Transcription,Transcription regulation,14619,UPH,True,True,"[""Transcription"",""Transcription | Transcription regulation""]",target code excluded from predictors
cde_subcategory,Transcription | Transcription regulation,Transcription,Transcription regulation,15130,VIY,True,True,"[""Transcription"",""Transcription | Transcription regulation""]",target code excluded from predictors
cde_subcategory,Transcription | Transcription regulation,Transcription,Transcription regulation,15293,VPF,True,True,"[""Transcription"",""Transcription | Transcription regulation""]",target code excluded from predictors
cde_subcategory,Transcription | Transcription regulation,Transcription,Transcription regulation,15404,VTM,True,True,"[""Transcription"",""Transcription | Transcription regulation""]",target code excluded from predictors
cde_subcategory,Transcription | Transcription regulation,Transcription,Transcription regulation,15518,VXW,True,True,"[""Transcription"",""Transcription | Transcription regulation""]",target code excluded from predictors
cde_subcategory,Transcription | Transcription regulation,Transcription,Transcription regulation,15767,WHL,True,True,"[""Transcription"",""Transcription | Transcription regulation""]",target code excluded from predictors
cde_subcategory,Transcription | Transcription regulation,Transcription,Transcription regulation,15768,WHM,True,True,"[""Transcription"",""Transcription | Transcription regulation""]",target code excluded from predictors
cde_subcategory,Transcription | Transcription regulation,Transcription,Transcription regulation,15834,WKA,True,True,"[""Transcription"",""Transcription | Transcription regulation""]",target code excluded from predictors
cde_subcategory,Transcription | Transcription regulation,Transcription,Transcription regulation,15944,WOG,True,True,"[""Transcription"",""Transcription | Transcription regulation""]",target code excluded from predictors
cde_subcategory,Transcription | Transcription regulation,Transcription,Transcription regulation,15993,WQD,True,True,"[""Transcription"",""Transcription | Transcription regulation""]",target code excluded from predictors
cde_subcategory,Transcription | Transcription regulation,Transcription,Transcription regulation,15995,WQF,True,True,"[""Transcription"",""Transcription | Transcription regulation""]",target code excluded from predictors
cde_subcategory,Transcription | Transcription regulation,Transcription,Transcription regulation,16012,WQW,True,True,"[""Transcription"",""Transcription | Transcription regulation""]",target code excluded from predictors
cde_subcategory,Transcription | Transcription regulation,Transcription,Transcription regulation,16044,WSC,True,True,"[""Transcription"",""Transcription | Transcription regulation""]",target code excluded from predictors
cde_subcategory,Transcription | Transcription regulation,Transcription,Transcription regulation,16211,WYN,True,True,"[""Transcription"",""Transcription | Transcription regulation""]",target code excluded from predictors
cde_subcategory,Transcription | Transcription regulation,Transcription,Transcription regulation,16284,XBI,True,True,"[""Transcription"",""Transcription | Transcription regulation""]",target code excluded from predictors
cde_subcategory,Transcription | Transcription regulation,Transcription,Transcription regulation,16411,XGF,True,True,"[""Transcription"",""Transcription | Transcription regulation""]",target code excluded from predictors
cde_subcategory,Transcription | Transcription regulation,Transcription,Transcription regulation,16664,XPY,True,True,"[""Transcription"",""Transcription | Transcription regulation""]",target code excluded from predictors
cde_subcategory,Transcription | Transcription regulation,Transcription,Transcription regulation,16768,XTY,True,True,"[""Transcription"",""Transcription | Transcription regulation""]",target code excluded from predictors
cde_subcategory,Transcription | Transcription regulation,Transcription,Transcription regulation,16784,XUO,True,True,"[""Transcription"",""Transcription | Transcription regulation""]",target code excluded from predictors
cde_subcategory,Transcription | Transcription regulation,Transcription,Transcription regulation,16787,XUR,True,True,"[""Transcription"",""Transcription | Transcription regulation""]",target code excluded from predictors
cde_subcategory,Transcription | Transcription regulation,Transcription,Transcription regulation,17101,YGT,True,True,"[""Transcription"",""Transcription | Transcription regulation""]",target code excluded from predictors
cde_subcategory,Transcription | Transcription regulation,Transcription,Transcription regulation,17117,YHJ,True,True,"[""Transcription"",""Transcription | Transcription regulation""]",target code excluded from predictors
cde_subcategory,Transcription | Transcription regulation,Transcription,Transcription regulation,17334,YPS,True,True,"[""Transcription"",""Transcription | Transcription regulation""]",target code excluded from predictors
cde_subcategory,Transcription | Transcription regulation,Transcription,Transcription regulation,17613,ZAL,True,True,"[""Transcription"",""Transcription | Transcription regulation""]",target code excluded from predictors
cde_subcategory,Transcription | Transcription regulation,Transcription,Transcription regulation,17942,ZNC,True,True,"[""Transcription"",""Transcription | Transcription regulation""]",target code excluded from predictors
cde_subcategory,Transcription | Transcription regulation,Transcription,Transcription regulation,18039,ZQV,True,True,"[""Transcription"",""Transcription | Transcription regulation""]",target code excluded from predictors
cde_subcategory,Transcription | Transcription regulation,Transcription,Transcription regulation,18209,ZXJ,True,True,"[""Transcription"",""Transcription | Transcription regulation""]",target code excluded from predictors
cde_subcategory,Transcription | Transcription regulation,Transcription,Transcription regulation,18231,ZYF,True,True,"[""Transcription"",""Transcription | Transcription regulation""]",target code excluded from predictors
cde_subcategory,Transcription | Transcription regulation,Transcription,Transcription regulation,18515,AAJD,True,True,"[""Transcription"",""Transcription | Transcription regulation""]",target code excluded from predictors
cde_subcategory,Transcription | Transcription regulation,Transcription,Transcription regulation,18516,AAJE,True,True,"[""Transcription"",""Transcription | Transcription regulation""]",target code excluded from predictors
cde_subcategory,Transcription | Transcription regulation,Transcription,Transcription regulation,18724,AARE,True,True,"[""Transcription"",""Transcription | Transcription regulation""]",target code excluded from predictors
cde_subcategory,Transcription | Transcription regulation,Transcription,Transcription regulation,18777,AATF,True,True,"[""Transcription"",""Transcription | Transcription regulation""]",target code excluded from predictors
cde_subcategory,Transcription | Transcription regulation,Transcription,Transcription regulation,18779,AATH,True,True,"[""Transcription"",""Transcription | Transcription regulation""]",target code excluded from predictors
cde_subcategory,Transcription | Transcription regulation,Transcription,Transcription regulation,18786,AATO,True,True,"[""Transcription"",""Transcription | Transcription regulation""]",target code excluded from predictors
cde_subcategory,Transcription | Transcription regulation,Transcription,Transcription regulation,18830,AAVG,True,True,"[""Transcription"",""Transcription | Transcription regulation""]",target code excluded from predictors
cde_subcategory,Transcription | Transcription regulation,Transcription,Transcription regulation,18831,AAVH,True,True,"[""Transcription"",""Transcription | Transcription regulation""]",target code excluded from predictors
cde_subcategory,Transcription | Transcription regulation,Transcription,Transcription regulation,19013,ABCH,True,True,"[""Transcription"",""Transcription | Transcription regulation""]",target code excluded from predictors
cde_subcategory,Transcription | Transcription regulation,Transcription,Transcription regulation,19014,ABCI,True,True,"[""Transcription"",""Transcription | Transcription regulation""]",target code excluded from predictors
cde_subcategory,Transcription | Transcription regulation,Transcription,Transcription regulation,19015,ABCJ,True,True,"[""Transcription"",""Transcription | Transcription regulation""]",target code excluded from predictors
cde_subcategory,Transcription | Transcription regulation,Transcription,Transcription regulation,19221,ABKH,True,True,"[""Transcription"",""Transcription | Transcription regulation""]",target code excluded from predictors
cde_subcategory,Transcription | Transcription regulation,Transcription,Transcription regulation,19313,ABNV,True,True,"[""Transcription"",""Transcription | Transcription regulation""]",target code excluded from predictors
cde_subcategory,Transcription | Transcription regulation,Transcription,Transcription regulation,19653,ACAX,True,True,"[""Transcription"",""Transcription | Transcription regulation""]",target code excluded from predictors
cde_subcategory,Transcription | Transcription regulation,Transcription,Transcription regulation,20001,ACOH,True,True,"[""Transcription"",""Transcription | Transcription regulation""]",target code excluded from predictors
cde_subcategory,Transcription | Transcription regulation,Transcription,Transcription regulation,20027,ACPH,True,True,"[""Transcription"",""Transcription | Transcription regulation""]",target code excluded from predictors
cde_subcategory,Transcription | Transcription regulation,Transcription,Transcription regulation,20059,ACQN,True,True,"[""Transcription"",""Transcription | Transcription regulation""]",target code excluded from predictors
cde_subcategory,Transcription | Transcription regulation,Transcription,Transcription regulation,20337,ADBF,True,True,"[""Transcription"",""Transcription | Transcription regulation""]",target code excluded from predictors
cde_subcategory,Transcription | Transcription regulation,Transcription,Transcription regulation,20453,ADFR,True,True,"[""Transcription"",""Transcription | Transcription regulation""]",target code excluded from predictors
cde_subcategory,Transcription | Transcription regulation,Transcription,Transcription regulation,20681,ADOL,True,True,"[""Transcription"",""Transcription | Transcription regulation""]",target code excluded from predictors
cde_subcategory,Transcription | Transcription regulation,Transcription,Transcription regulation,20719,ADPX,True,True,"[""Transcription"",""Transcription | Transcription regulation""]",target code excluded from predictors
cde_subcategory,Transcription | Transcription regulation,Transcription,Transcription regulation,20739,ADQR,True,True,"[""Transcription"",""Transcription | Transcription regulation""]",target code excluded from predictors
cde_subcategory,Transcription | Transcription regulation,Transcription,Transcription regulation,20742,ADQU,True,True,"[""Transcription"",""Transcription | Transcription regulation""]",target code excluded from predictors
cde_subcategory,Transcription | Transcription regulation,Transcription,Transcription regulation,20808,ADTI,True,True,"[""Transcription"",""Transcription | Transcription regulation""]",target code excluded from predictors
cde_subcategory,Transcription | Transcription regulation,Transcription,Transcription regulation,20959,ADZD,True,True,"[""Transcription"",""Transcription | Transcription regulation""]",target code excluded from predictors
cde_subcategory,Transcription | Transcription regulation,Transcription,Transcription regulation,21282,AELO,True,True,"[""Transcription"",""Transcription | Transcription regulation""]",target code excluded from predictors
cde_subcategory,Transcription | Transcription regulation,Transcription,Transcription regulation,21320,AENA,True,True,"[""Transcription"",""Transcription | Transcription regulation""]",target code excluded from predictors
cde_subcategory,Transcription | Transcription regulation,Transcription,Transcription regulation,21415,AEQR,True,True,"[""Transcription"",""Transcription | Transcription regulation""]",target code excluded from predictors
cde_subcategory,Transcription | Transcription regulation,Transcription,Transcription regulation,21526,AEUY,True,True,"[""Transcription"",""Transcription | Transcription regulation""]",target code excluded from predictors
cde_subcategory,Transcription | Transcription regulation,Transcription,Transcription regulation,21527,AEUZ,True,True,"[""Transcription"",""Transcription | Transcription regulation""]",target code excluded from predictors
cde_subcategory,Transcription | Transcription regulation,Transcription,Transcription regulation,21528,AEVA,True,True,"[""Transcription"",""Transcription | Transcription regulation""]",target code excluded from predictors
cde_subcategory,Transcription | Transcription regulation,Transcription,Transcription regulation,21539,AEVL,True,True,"[""Transcription"",""Transcription | Transcription regulation""]",target code excluded from predictors
cde_subcategory,Transcription | Transcription regulation,Transcription,Transcription regulation,21556,AEWC,True,True,"[""Transcription"",""Transcription | Transcription regulation""]",target code excluded from predictors
cde_subcategory,Transcription | Transcription regulation,Transcription,Transcription regulation,21560,AEWG,True,True,"[""Transcription"",""Transcription | Transcription regulation""]",target code excluded from predictors
cde_subcategory,Transcription | Transcription regulation,Transcription,Transcription regulation,21846,AFHG,True,True,"[""Transcription"",""Transcription | Transcription regulation""]",target code excluded from predictors
cde_subcategory,Transcription | Transcription regulation,Transcription,Transcription regulation,22043,AFOV,True,True,"[""Transcription"",""Transcription | Transcription regulation""]",target code excluded from predictors
cde_subcategory,Transcription | Transcription regulation,Transcription,Transcription regulation,22075,AFQB,True,True,"[""Transcription"",""Transcription | Transcription regulation""]",target code excluded from predictors
cde_subcategory,Transcription | Transcription regulation,Transcription,Transcription regulation,22087,AFQN,True,True,"[""Transcription"",""Transcription | Transcription regulation""]",target code excluded from predictors
cde_subcategory,Transcription | Transcription regulation,Transcription,Transcription regulation,22091,AFQR,True,True,"[""Transcription"",""Transcription | Transcription regulation""]",target code excluded from predictors
cde_subcategory,Transcription | Transcription regulation,Transcription,Transcription regulation,22098,AFQY,True,True,"[""Transcription"",""Transcription | Transcription regulation""]",target code excluded from predictors
cde_subcategory,Transcription | Transcription regulation,Transcription,Transcription regulation,22141,AFSP,True,True,"[""Transcription"",""Transcription | Transcription regulation""]",target code excluded from predictors
cde_subcategory,Transcription | Transcription regulation,Transcription,Transcription regulation,22142,AFSQ,True,True,"[""Transcription"",""Transcription | Transcription regulation""]",target code excluded from predictors
cde_subcategory,Transcription | Transcription regulation,Transcription,Transcription regulation,22163,AFTL,True,True,"[""Transcription"",""Transcription | Transcription regulation""]",target code excluded from predictors
cde_subcategory,Transcription | Transcription regulation,Transcription,Transcription regulation,22175,AFTX,True,True,"[""Transcription"",""Transcription | Transcription regulation""]",target code excluded from predictors
cde_subcategory,Transcription | Transcription regulation,Transcription,Transcription regulation,22226,AFVW,True,True,"[""Transcription"",""Transcription | Transcription regulation""]",target code excluded from predictors
cde_subcategory,Transcription | Transcription regulation,Transcription,Transcription regulation,22302,AFYU,True,True,"[""Transcription"",""Transcription | Transcription regulation""]",target code excluded from predictors
cde_subcategory,Transcription | Transcription regulation,Transcription,Transcription regulation,22327,AFZT,True,True,"[""Transcription"",""Transcription | Transcription regulation""]",target code excluded from predictors
cde_subcategory,Transcription | Transcription regulation,Transcription,Transcription regulation,22363,AGBD,True,True,"[""Transcription"",""Transcription | Transcription regulation""]",target code excluded from predictors
cde_subcategory,Transcription | Transcription regulation,Transcription,Transcription regulation,22369,AGBJ,True,True,"[""Transcription"",""Transcription | Transcription regulation""]",target code excluded from predictors
cde_subcategory,Transcription | Transcription regulation,Transcription,Transcription regulation,22611,AGKR,True,True,"[""Transcription"",""Transcription | Transcription regulation""]",target code excluded from predictors
cde_subcategory,Transcription | Transcription regulation,Transcription,Transcription regulation,22633,AGLN,True,True,"[""Transcription"",""Transcription | Transcription regulation""]",target code excluded from predictors
cde_subcategory,Transcription | Transcription regulation,Transcription,Transcription regulation,22724,AGPA,True,True,"[""Transcription"",""Transcription | Transcription regulation""]",target code excluded from predictors
cde_subcategory,Transcription | Transcription regulation,Transcription,Transcription regulation,23221,AHID,True,True,"[""Transcription"",""Transcription | Transcription regulation""]",target code excluded from predictors
cde_subcategory,Transcription | Transcription regulation,Transcription,Transcription regulation,23222,AHIE,True,True,"[""Transcription"",""Transcription | Transcription regulation""]",target code excluded from predictors
cde_subcategory,Transcription | Transcription regulation,Transcription,Transcription regulation,23270,AHKA,True,True,"[""Transcription"",""Transcription | Transcription regulation""]",target code excluded from predictors
cde_subcategory,Transcription | Transcription regulation,Transcription,Transcription regulation,23271,AHKB,True,True,"[""Transcription"",""Transcription | Transcription regulation""]",target code excluded from predictors
cde_subcategory,Transcription | Transcription regulation,Transcription,Transcription regulation,23353,AHNF,True,True,"[""Transcription"",""Transcription | Transcription regulation""]",target code excluded from predictors
cde_subcategory,Transcription | Transcription regulation,Transcription,Transcription regulation,23544,AHUO,True,True,"[""Transcription"",""Transcription | Transcription regulation""]",target code excluded from predictors
cde_subcategory,Transcription | Transcription regulation,Transcription,Transcription regulation,23546,AHUQ,True,True,"[""Transcription"",""Transcription | Transcription regulation""]",target code excluded from predictors
cde_subcategory,Transcription | Transcription regulation,Transcription,Transcription regulation,23547,AHUR,True,True,"[""Transcription"",""Transcription | Transcription regulation""]",target code excluded from predictors
cde_subcategory,Transcription | Transcription regulation,Transcription,Transcription regulation,23722,AIBK,True,True,"[""Transcription"",""Transcription | Transcription regulation""]",target code excluded from predictors
cde_subcategory,Transcription | Transcription regulation,Transcription,Transcription regulation,23788,AIDY,True,True,"[""Transcription"",""Transcription | Transcription regulation""]",target code excluded from predictors
cde_subcategory,Transcription | Transcription regulation,Transcription,Transcription regulation,23987,AILP,True,True,"[""Transcription"",""Transcription | Transcription regulation""]",target code excluded from predictors
cde_subcategory,Transcription | Transcription regulation,Transcription,Transcription regulation,24184,AITE,True,True,"[""Transcription"",""Transcription | Transcription regulation""]",target code excluded from predictors
cde_subcategory,Transcription | Transcription regulation,Transcription,Transcription regulation,24676,AJMC,True,True,"[""Transcription"",""Transcription | Transcription regulation""]",target code excluded from predictors
cde_subcategory,Transcription | Transcription regulation,Transcription,Transcription regulation,24683,AJMJ,True,True,"[""Transcription"",""Transcription | Transcription regulation""]",target code excluded from predictors
cde_subcategory,Transcription | Transcription regulation,Transcription,Transcription regulation,24684,AJMK,True,True,"[""Transcription"",""Transcription | Transcription regulation""]",target code excluded from predictors
cde_subcategory,Transcription | Transcription regulation,Transcription,Transcription regulation,24795,AJQR,True,True,"[""Transcription"",""Transcription | Transcription regulation""]",target code excluded from predictors
cde_subcategory,Transcription | Transcription regulation,Transcription,Transcription regulation,24861,AJTF,True,True,"[""Transcription"",""Transcription | Transcription regulation""]",target code excluded from predictors
cde_subcategory,Transcription | Transcription regulation,Transcription,Transcription regulation,24862,AJTG,True,True,"[""Transcription"",""Transcription | Transcription regulation""]",target code excluded from predictors
cde_subcategory,Transcription | Transcription regulation,Transcription,Transcription regulation,24863,AJTH,True,True,"[""Transcription"",""Transcription | Transcription regulation""]",target code excluded from predictors
cde_subcategory,Transcription | Transcription regulation,Transcription,Transcription regulation,25089,AKBZ,True,True,"[""Transcription"",""Transcription | Transcription regulation""]",target code excluded from predictors
cde_subcategory,Transcription | Transcription regulation,Transcription,Transcription regulation,25108,AKCS,True,True,"[""Transcription"",""Transcription | Transcription regulation""]",target code excluded from predictors
cde_subcategory,Transcription | Transcription regulation,Transcription,Transcription regulation,25125,AKDJ,True,True,"[""Transcription"",""Transcription | Transcription regulation""]",target code excluded from predictors
cde_subcategory,Transcription | Transcription regulation,Transcription,Transcription regulation,25164,AKEW,True,True,"[""Transcription"",""Transcription | Transcription regulation""]",target code excluded from predictors
cde_subcategory,Transcription | Transcription regulation,Transcription,Transcription regulation,25387,AKNL,True,True,"[""Transcription"",""Transcription | Transcription regulation""]",target code excluded from predictors
cde_subcategory,Transcription | Transcription regulation,Transcription,Transcription regulation,25614,AKWE,True,True,"[""Transcription"",""Transcription | Transcription regulation""]",target code excluded from predictors
cde_subcategory,Transcription | Transcription regulation,Transcription,Transcription regulation,25678,AKYQ,True,True,"[""Transcription"",""Transcription | Transcription regulation""]",target code excluded from predictors
cde_subcategory,Transcription | Transcription regulation,Transcription,Transcription regulation,25861,ALFR,True,True,"[""Transcription"",""Transcription | Transcription regulation""]",target code excluded from predictors
cde_subcategory,Transcription | Transcription regulation,Transcription,Transcription regulation,25862,ALFS,True,True,"[""Transcription"",""Transcription | Transcription regulation""]",target code excluded from predictors
cde_subcategory,Transcription | Transcription regulation,Transcription,Transcription regulation,25864,ALFU,True,True,"[""Transcription"",""Transcription | Transcription regulation""]",target code excluded from predictors
cde_subcategory,Transcription | Transcription regulation,Transcription,Transcription regulation,25869,ALFZ,True,True,"[""Transcription"",""Transcription | Transcription regulation""]",target code excluded from predictors
cde_subcategory,Transcription | Transcription regulation,Transcription,Transcription regulation,25873,ALGD,True,True,"[""Transcription"",""Transcription | Transcription regulation""]",target code excluded from predictors
cde_subcategory,Transcription | Transcription regulation,Transcription,Transcription regulation,25875,ALGF,True,True,"[""Transcription"",""Transcription | Transcription regulation""]",target code excluded from predictors
cde_subcategory,Transcription | Transcription regulation,Transcription,Transcription regulation,25879,ALGJ,True,True,"[""Transcription"",""Transcription | Transcription regulation""]",target code excluded from predictors
cde_subcategory,Transcription | Transcription regulation,Transcription,Transcription regulation,25880,ALGK,True,True,"[""Transcription"",""Transcription | Transcription regulation""]",target code excluded from predictors
cde_subcategory,Transcription | Transcription regulation,Transcription,Transcription regulation,25883,ALGN,True,True,"[""Transcription"",""Transcription | Transcription regulation""]",target code excluded from predictors
cde_subcategory,Transcription | Transcription regulation,Transcription,Transcription regulation,26271,ALVL,True,True,"[""Transcription"",""Transcription | Transcription regulation""]",target code excluded from predictors
cde_subcategory,Transcription | Transcription regulation,Transcription,Transcription regulation,26283,ALVX,True,True,"[""Transcription"",""Transcription | Transcription regulation""]",target code excluded from predictors
cde_subcategory,Transcription | Transcription regulation,Transcription,Transcription regulation,26620,AMIW,True,True,"[""Transcription"",""Transcription | Transcription regulation""]",target code excluded from predictors
cde_subcategory,Transcription | Transcription regulation,Transcription,Transcription regulation,26638,AMJO,True,True,"[""Transcription"",""Transcription | Transcription regulation""]",target code excluded from predictors
cde_subcategory,Transcription | Transcription regulation,Transcription,Transcription regulation,26644,AMJU,True,True,"[""Transcription"",""Transcription | Transcription regulation""]",target code excluded from predictors
cde_subcategory,Transcription | Transcription regulation,Transcription,Transcription regulation,26762,AMOI,True,True,"[""Transcription"",""Transcription | Transcription regulation""]",target code excluded from predictors
cde_subcategory,Transcription | Transcription regulation,Transcription,Transcription regulation,27415,ANNL,True,True,"[""Transcription"",""Transcription | Transcription regulation""]",target code excluded from predictors
cde_subcategory,Transcription | Transcription regulation,Transcription,Transcription regulation,27417,ANNN,True,True,"[""Transcription"",""Transcription | Transcription regulation""]",target code excluded from predictors
cde_subcategory,Transcription | Transcription regulation,Transcription,Transcription regulation,27418,ANNO,True,True,"[""Transcription"",""Transcription | Transcription regulation""]",target code excluded from predictors
cde_subcategory,Transcription | Transcription regulation,Transcription,Transcription regulation,27419,ANNP,True,True,"[""Transcription"",""Transcription | Transcription regulation""]",target code excluded from predictors
cde_subcategory,Transcription | Transcription regulation,Transcription,Transcription regulation,27420,ANNQ,True,True,"[""Transcription"",""Transcription | Transcription regulation""]",target code excluded from predictors
cde_subcategory,Transcription | Transcription regulation,Transcription,Transcription regulation,27421,ANNR,True,True,"[""Transcription"",""Transcription | Transcription regulation""]",target code excluded from predictors
cde_subcategory,Transcription | Transcription regulation,Transcription,Transcription regulation,27422,ANNS,True,True,"[""Transcription"",""Transcription | Transcription regulation""]",target code excluded from predictors
cde_subcategory,Transcription | Transcription regulation,Transcription,Transcription regulation,27424,ANNU,True,True,"[""Transcription"",""Transcription | Transcription regulation""]",target code excluded from predictors
cde_subcategory,Transcription | Transcription regulation,Transcription,Transcription regulation,27427,ANNX,True,True,"[""Transcription"",""Transcription | Transcription regulation""]",target code excluded from predictors
cde_subcategory,Transcription | Transcription regulation,Transcription,Transcription regulation,27429,ANNZ,True,True,"[""Transcription"",""Transcription | Transcription regulation""]",target code excluded from predictors
cde_subcategory,Transcription | Transcription regulation,Transcription,Transcription regulation,27430,ANOA,True,True,"[""Transcription"",""Transcription | Transcription regulation""]",target code excluded from predictors
cde_subcategory,Transcription | Transcription regulation,Transcription,Transcription regulation,27432,ANOC,True,True,"[""Transcription"",""Transcription | Transcription regulation""]",target code excluded from predictors
cde_subcategory,Transcription | Transcription regulation,Transcription,Transcription regulation,27433,ANOD,True,True,"[""Transcription"",""Transcription | Transcription regulation""]",target code excluded from predictors
cde_subcategory,Transcription | Transcription regulation,Transcription,Transcription regulation,27434,ANOE,True,True,"[""Transcription"",""Transcription | Transcription regulation""]",target code excluded from predictors
cde_subcategory,Transcription | Transcription regulation,Transcription,Transcription regulation,27435,ANOF,True,True,"[""Transcription"",""Transcription | Transcription regulation""]",target code excluded from predictors
cde_subcategory,Transcription | Transcription regulation,Transcription,Transcription regulation,27436,ANOG,True,True,"[""Transcription"",""Transcription | Transcription regulation""]",target code excluded from predictors
cde_subcategory,Transcription | Transcription regulation,Transcription,Transcription regulation,27437,ANOH,True,True,"[""Transcription"",""Transcription | Transcription regulation""]",target code excluded from predictors
cde_subcategory,Transcription | Transcription regulation,Transcription,Transcription regulation,27439,ANOJ,True,True,"[""Transcription"",""Transcription | Transcription regulation""]",target code excluded from predictors
cde_subcategory,Transcription | Transcription regulation,Transcription,Transcription regulation,27440,ANOK,True,True,"[""Transcription"",""Transcription | Transcription regulation""]",target code excluded from predictors
cde_subcategory,Transcription | Transcription regulation,Transcription,Transcription regulation,27441,ANOL,True,True,"[""Transcription"",""Transcription | Transcription regulation""]",target code excluded from predictors
cde_subcategory,Transcription | Transcription regulation,Transcription,Transcription regulation,27443,ANON,True,True,"[""Transcription"",""Transcription | Transcription regulation""]",target code excluded from predictors
cde_subcategory,Transcription | Transcription regulation,Transcription,Transcription regulation,27444,ANOO,True,True,"[""Transcription"",""Transcription | Transcription regulation""]",target code excluded from predictors
cde_subcategory,Transcription | Transcription regulation,Transcription,Transcription regulation,27445,ANOP,True,True,"[""Transcription"",""Transcription | Transcription regulation""]",target code excluded from predictors
cde_subcategory,Transcription | Transcription regulation,Transcription,Transcription regulation,27446,ANOQ,True,True,"[""Transcription"",""Transcription | Transcription regulation""]",target code excluded from predictors
cde_subcategory,Transcription | Transcription regulation,Transcription,Transcription regulation,27447,ANOR,True,True,"[""Transcription"",""Transcription | Transcription regulation""]",target code excluded from predictors
cde_subcategory,Transcription | Transcription regulation,Transcription,Transcription regulation,27448,ANOS,True,True,"[""Transcription"",""Transcription | Transcription regulation""]",target code excluded from predictors
cde_subcategory,Transcription | Transcription regulation,Transcription,Transcription regulation,27449,ANOT,True,True,"[""Transcription"",""Transcription | Transcription regulation""]",target code excluded from predictors
cde_subcategory,Transcription | Transcription regulation,Transcription,Transcription regulation,27453,ANOX,True,True,"[""Transcription"",""Transcription | Transcription regulation""]",target code excluded from predictors
cde_subcategory,Transcription | Transcription regulation,Transcription,Transcription regulation,27454,ANOY,True,True,"[""Transcription"",""Transcription | Transcription regulation""]",target code excluded from predictors
cde_subcategory,Transcription | Transcription regulation,Transcription,Transcription regulation,27455,ANOZ,True,True,"[""Transcription"",""Transcription | Transcription regulation""]",target code excluded from predictors
cde_subcategory,Transcription | Transcription regulation,Transcription,Transcription regulation,27456,ANPA,True,True,"[""Transcription"",""Transcription | Transcription regulation""]",target code excluded from predictors
cde_subcategory,Transcription | Transcription regulation,Transcription,Transcription regulation,27459,ANPD,True,True,"[""Transcription"",""Transcription | Transcription regulation""]",target code excluded from predictors
cde_subcategory,Transcription | Transcription regulation,Transcription,Transcription regulation,27460,ANPE,True,True,"[""Transcription"",""Transcription | Transcription regulation""]",target code excluded from predictors
cde_subcategory,Transcription | Transcription regulation,Transcription,Transcription regulation,27461,ANPF,True,True,"[""Transcription"",""Transcription | Transcription regulation""]",target code excluded from predictors
cde_subcategory,Transcription | Transcription regulation,Transcription,Transcription regulation,27462,ANPG,True,True,"[""Transcription"",""Transcription | Transcription regulation""]",target code excluded from predictors
cde_subcategory,Transcription | Transcription regulation,Transcription,Transcription regulation,27463,ANPH,True,True,"[""Transcription"",""Transcription | Transcription regulation""]",target code excluded from predictors
cde_subcategory,Transcription | Transcription regulation,Transcription,Transcription regulation,27466,ANPK,True,True,"[""Transcription"",""Transcription | Transcription regulation""]",target code excluded from predictors
cde_subcategory,Transcription | Transcription regulation,Transcription,Transcription regulation,27467,ANPL,True,True,"[""Transcription"",""Transcription | Transcription regulation""]",target code excluded from predictors
cde_subcategory,Transcription | Transcription regulation,Transcription,Transcription regulation,27468,ANPM,True,True,"[""Transcription"",""Transcription | Transcription regulation""]",target code excluded from predictors
cde_subcategory,Transcription | Transcription regulation,Transcription,Transcription regulation,27469,ANPN,True,True,"[""Transcription"",""Transcription | Transcription regulation""]",target code excluded from predictors
cde_subcategory,Transcription | Transcription regulation,Transcription,Transcription regulation,27470,ANPO,True,True,"[""Transcription"",""Transcription | Transcription regulation""]",target code excluded from predictors
cde_subcategory,Transcription | Transcription regulation,Transcription,Transcription regulation,27473,ANPR,True,True,"[""Transcription"",""Transcription | Transcription regulation""]",target code excluded from predictors
cde_subcategory,Transcription | Transcription regulation,Transcription,Transcription regulation,27475,ANPT,True,True,"[""Transcription"",""Transcription | Transcription regulation""]",target code excluded from predictors
cde_subcategory,Transcription | Transcription regulation,Transcription,Transcription regulation,27479,ANPX,True,True,"[""Transcription"",""Transcription | Transcription regulation""]",target code excluded from predictors
cde_subcategory,Transcription | Transcription regulation,Transcription,Transcription regulation,27480,ANPY,True,True,"[""Transcription"",""Transcription | Transcription regulation""]",target code excluded from predictors
cde_subcategory,Transcription | Transcription regulation,Transcription,Transcription regulation,27482,ANQA,True,True,"[""Transcription"",""Transcription | Transcription regulation""]",target code excluded from predictors
cde_subcategory,Transcription | Transcription regulation,Transcription,Transcription regulation,27483,ANQB,True,True,"[""Transcription"",""Transcription | Transcription regulation""]",target code excluded from predictors
cde_subcategory,Transcription | Transcription regulation,Transcription,Transcription regulation,27484,ANQC,True,True,"[""Transcription"",""Transcription | Transcription regulation""]",target code excluded from predictors
cde_subcategory,Transcription | Transcription regulation,Transcription,Transcription regulation,27486,ANQE,True,True,"[""Transcription"",""Transcription | Transcription regulation""]",target code excluded from predictors
cde_subcategory,Transcription | Transcription regulation,Transcription,Transcription regulation,27487,ANQF,True,True,"[""Transcription"",""Transcription | Transcription regulation""]",target code excluded from predictors
cde_subcategory,Transcription | Transcription regulation,Transcription,Transcription regulation,27488,ANQG,True,True,"[""Transcription"",""Transcription | Transcription regulation""]",target code excluded from predictors
cde_subcategory,Transcription | Transcription regulation,Transcription,Transcription regulation,27489,ANQH,True,True,"[""Transcription"",""Transcription | Transcription regulation""]",target code excluded from predictors
cde_subcategory,Transcription | Transcription regulation,Transcription,Transcription regulation,27490,ANQI,True,True,"[""Transcription"",""Transcription | Transcription regulation""]",target code excluded from predictors
cde_subcategory,Transcription | Transcription regulation,Transcription,Transcription regulation,27491,ANQJ,True,True,"[""Transcription"",""Transcription | Transcription regulation""]",target code excluded from predictors
cde_subcategory,Transcription | Transcription regulation,Transcription,Transcription regulation,27492,ANQK,True,True,"[""Transcription"",""Transcription | Transcription regulation""]",target code excluded from predictors
cde_subcategory,Transcription | Transcription regulation,Transcription,Transcription regulation,27493,ANQL,True,True,"[""Transcription"",""Transcription | Transcription regulation""]",target code excluded from predictors
cde_subcategory,Transcription | Transcription regulation,Transcription,Transcription regulation,27494,ANQM,True,True,"[""Transcription"",""Transcription | Transcription regulation""]",target code excluded from predictors
cde_subcategory,Transcription | Transcription regulation,Transcription,Transcription regulation,27495,ANQN,True,True,"[""Transcription"",""Transcription | Transcription regulation""]",target code excluded from predictors
cde_subcategory,Transcription | Transcription regulation,Transcription,Transcription regulation,27496,ANQO,True,True,"[""Transcription"",""Transcription | Transcription regulation""]",target code excluded from predictors
cde_subcategory,Transcription | Transcription regulation,Transcription,Transcription regulation,27499,ANQR,True,True,"[""Transcription"",""Transcription | Transcription regulation""]",target code excluded from predictors
cde_subcategory,Transcription | Transcription regulation,Transcription,Transcription regulation,27500,ANQS,True,True,"[""Transcription"",""Transcription | Transcription regulation""]",target code excluded from predictors
cde_subcategory,Transcription | Transcription regulation,Transcription,Transcription regulation,27501,ANQT,True,True,"[""Transcription"",""Transcription | Transcription regulation""]",target code excluded from predictors
cde_subcategory,Transcription | Transcription regulation,Transcription,Transcription regulation,27502,ANQU,True,True,"[""Transcription"",""Transcription | Transcription regulation""]",target code excluded from predictors
cde_subcategory,Transcription | Transcription regulation,Transcription,Transcription regulation,27503,ANQV,True,True,"[""Transcription"",""Transcription | Transcription regulation""]",target code excluded from predictors
cde_subcategory,Transcription | Transcription regulation,Transcription,Transcription regulation,27504,ANQW,True,True,"[""Transcription"",""Transcription | Transcription regulation""]",target code excluded from predictors
cde_subcategory,Transcription | Transcription regulation,Transcription,Transcription regulation,27505,ANQX,True,True,"[""Transcription"",""Transcription | Transcription regulation""]",target code excluded from predictors
cde_subcategory,Transcription | Transcription regulation,Transcription,Transcription regulation,27506,ANQY,True,True,"[""Transcription"",""Transcription | Transcription regulation""]",target code excluded from predictors
cde_subcategory,Transcription | Transcription regulation,Transcription,Transcription regulation,27508,ANRA,True,True,"[""Transcription"",""Transcription | Transcription regulation""]",target code excluded from predictors
cde_subcategory,Transcription | Transcription regulation,Transcription,Transcription regulation,27509,ANRB,True,True,"[""Transcription"",""Transcription | Transcription regulation""]",target code excluded from predictors
cde_subcategory,Transcription | Transcription regulation,Transcription,Transcription regulation,27510,ANRC,True,True,"[""Transcription"",""Transcription | Transcription regulation""]",target code excluded from predictors
cde_subcategory,Transcription | Transcription regulation,Transcription,Transcription regulation,27516,ANRI,True,True,"[""Transcription"",""Transcription | Transcription regulation""]",target code excluded from predictors
cde_subcategory,Transcription | Transcription regulation,Transcription,Transcription regulation,27517,ANRJ,True,True,"[""Transcription"",""Transcription | Transcription regulation""]",target code excluded from predictors
cde_subcategory,Transcription | Transcription regulation,Transcription,Transcription regulation,27518,ANRK,True,True,"[""Transcription"",""Transcription | Transcription regulation""]",target code excluded from predictors
cde_subcategory,Transcription | Transcription regulation,Transcription,Transcription regulation,27519,ANRL,True,True,"[""Transcription"",""Transcription | Transcription regulation""]",target code excluded from predictors
cde_subcategory,Transcription | Transcription regulation,Transcription,Transcription regulation,27520,ANRM,True,True,"[""Transcription"",""Transcription | Transcription regulation""]",target code excluded from predictors
cde_subcategory,Transcription | Transcription regulation,Transcription,Transcription regulation,27521,ANRN,True,True,"[""Transcription"",""Transcription | Transcription regulation""]",target code excluded from predictors
cde_subcategory,Transcription | Transcription regulation,Transcription,Transcription regulation,27522,ANRO,True,True,"[""Transcription"",""Transcription | Transcription regulation""]",target code excluded from predictors
cde_subcategory,Transcription | Transcription regulation,Transcription,Transcription regulation,27523,ANRP,True,True,"[""Transcription"",""Transcription | Transcription regulation""]",target code excluded from predictors
cde_subcategory,Transcription | Transcription regulation,Transcription,Transcription regulation,27524,ANRQ,True,True,"[""Transcription"",""Transcription | Transcription regulation""]",target code excluded from predictors
cde_subcategory,Transcription | Transcription regulation,Transcription,Transcription regulation,27525,ANRR,True,True,"[""Transcription"",""Transcription | Transcription regulation""]",target code excluded from predictors
cde_subcategory,Transcription | Transcription regulation,Transcription,Transcription regulation,27527,ANRT,True,True,"[""Transcription"",""Transcription | Transcription regulation""]",target code excluded from predictors
cde_subcategory,Transcription | Transcription regulation,Transcription,Transcription regulation,27528,ANRU,True,True,"[""Transcription"",""Transcription | Transcription regulation""]",target code excluded from predictors
cde_subcategory,Transcription | Transcription regulation,Transcription,Transcription regulation,27529,ANRV,True,True,"[""Transcription"",""Transcription | Transcription regulation""]",target code excluded from predictors
cde_subcategory,Transcription | Transcription regulation,Transcription,Transcription regulation,27530,ANRW,True,True,"[""Transcription"",""Transcription | Transcription regulation""]",target code excluded from predictors
cde_subcategory,Transcription | Transcription regulation,Transcription,Transcription regulation,27531,ANRX,True,True,"[""Transcription"",""Transcription | Transcription regulation""]",target code excluded from predictors
cde_subcategory,Transcription | Transcription regulation,Transcription,Transcription regulation,27532,ANRY,True,True,"[""Transcription"",""Transcription | Transcription regulation""]",target code excluded from predictors
cde_subcategory,Transcription | Transcription regulation,Transcription,Transcription regulation,27533,ANRZ,True,True,"[""Transcription"",""Transcription | Transcription regulation""]",target code excluded from predictors
cde_subcategory,Transcription | Transcription regulation,Transcription,Transcription regulation,27535,ANSB,True,True,"[""Transcription"",""Transcription | Transcription regulation""]",target code excluded from predictors
cde_subcategory,Transcription | Transcription regulation,Transcription,Transcription regulation,27540,ANSG,True,True,"[""Transcription"",""Transcription | Transcription regulation""]",target code excluded from predictors
cde_subcategory,Transcription | Transcription regulation,Transcription,Transcription regulation,27541,ANSH,True,True,"[""Transcription"",""Transcription | Transcription regulation""]",target code excluded from predictors
cde_subcategory,Transcription | Transcription regulation,Transcription,Transcription regulation,27542,ANSI,True,True,"[""Transcription"",""Transcription | Transcription regulation""]",target code excluded from predictors
cde_subcategory,Transcription | Transcription regulation,Transcription,Transcription regulation,27543,ANSJ,True,True,"[""Transcription"",""Transcription | Transcription regulation""]",target code excluded from predictors
cde_subcategory,Transcription | Transcription regulation,Transcription,Transcription regulation,27544,ANSK,True,True,"[""Transcription"",""Transcription | Transcription regulation""]",target code excluded from predictors
cde_subcategory,Transcription | Transcription regulation,Transcription,Transcription regulation,27545,ANSL,True,True,"[""Transcription"",""Transcription | Transcription regulation""]",target code excluded from predictors
cde_subcategory,Transcription | Transcription regulation,Transcription,Transcription regulation,27546,ANSM,True,True,"[""Transcription"",""Transcription | Transcription regulation""]",target code excluded from predictors
cde_subcategory,Transcription | Transcription regulation,Transcription,Transcription regulation,27547,ANSN,True,True,"[""Transcription"",""Transcription | Transcription regulation""]",target code excluded from predictors
cde_subcategory,Transcription | Transcription regulation,Transcription,Transcription regulation,27548,ANSO,True,True,"[""Transcription"",""Transcription | Transcription regulation""]",target code excluded from predictors
cde_subcategory,Transcription | Transcription regulation,Transcription,Transcription regulation,27549,ANSP,True,True,"[""Transcription"",""Transcription | Transcription regulation""]",target code excluded from predictors
cde_subcategory,Transcription | Transcription regulation,Transcription,Transcription regulation,27550,ANSQ,True,True,"[""Transcription"",""Transcription | Transcription regulation""]",target code excluded from predictors
cde_subcategory,Transcription | Transcription regulation,Transcription,Transcription regulation,27551,ANSR,True,True,"[""Transcription"",""Transcription | Transcription regulation""]",target code excluded from predictors
cde_subcategory,Transcription | Transcription regulation,Transcription,Transcription regulation,27552,ANSS,True,True,"[""Transcription"",""Transcription | Transcription regulation""]",target code excluded from predictors
cde_subcategory,Transcription | Transcription regulation,Transcription,Transcription regulation,27597,ANUL,True,True,"[""Transcription"",""Transcription | Transcription regulation""]",target code excluded from predictors
cde_subcategory,Transcription | Transcription regulation,Transcription,Transcription regulation,27698,ANYI,True,True,"[""Transcription"",""Transcription | Transcription regulation""]",target code excluded from predictors
cde_subcategory,Transcription | Transcription regulation,Transcription,Transcription regulation,27707,ANYR,True,True,"[""Transcription"",""Transcription | Transcription regulation""]",target code excluded from predictors
cde_subcategory,Transcription | Transcription regulation,Transcription,Transcription regulation,28049,AOLV,True,True,"[""Transcription"",""Transcription | Transcription regulation""]",target code excluded from predictors
cde_subcategory,Transcription | Transcription regulation,Transcription,Transcription regulation,28050,AOLW,True,True,"[""Transcription"",""Transcription | Transcription regulation""]",target code excluded from predictors
cde_subcategory,Transcription | Transcription regulation,Transcription,Transcription regulation,29107,AQAN,True,True,"[""Transcription"",""Transcription | Transcription regulation""]",target code excluded from predictors
cde_subcategory,Transcription | Transcription regulation,Transcription,Transcription regulation,29111,AQAR,True,True,"[""Transcription"",""Transcription | Transcription regulation""]",target code excluded from predictors
cde_subcategory,Transcription | Transcription regulation,Transcription,Transcription regulation,29166,AQCU,True,True,"[""Transcription"",""Transcription | Transcription regulation""]",target code excluded from predictors
cde_subcategory,Translation | Regulation & Control,Translation,Regulation & Control,38,AM,True,True,"[""Translation"",""Translation | Regulation & Control""]",target code excluded from predictors
cde_subcategory,Translation | Regulation & Control,Translation,Regulation & Control,117,DN,True,True,"[""Translation"",""Translation | Regulation & Control""]",target code excluded from predictors
cde_subcategory,Translation | Regulation & Control,Translation,Regulation & Control,336,LY,True,True,"[""Translation"",""Translation | Regulation & Control""]",target code excluded from predictors
cde_subcategory,Translation | Regulation & Control,Translation,Regulation & Control,496,SC,True,True,"[""Translation"",""Translation | Regulation & Control""]",target code excluded from predictors
cde_subcategory,Translation | Regulation & Control,Translation,Regulation & Control,497,SD,True,True,"[""Translation"",""Translation | Regulation & Control""]",target code excluded from predictors
cde_subcategory,Translation | Regulation & Control,Translation,Regulation & Control,519,SZ,True,True,"[""Translation"",""Translation | Regulation & Control""]",target code excluded from predictors
cde_subcategory,Translation | Regulation & Control,Translation,Regulation & Control,530,TK,True,True,"[""Translation"",""Translation | Regulation & Control""]",target code excluded from predictors
cde_subcategory,Translation | Regulation & Control,Translation,Regulation & Control,696,ZU,True,True,"[""Translation"",""Translation | Regulation & Control""]",target code excluded from predictors
cde_subcategory,Translation | Regulation & Control,Translation,Regulation & Control,723,AAV,True,True,"[""Translation"",""Translation | Regulation & Control""]",target code excluded from predictors
cde_subcategory,Translation | Regulation & Control,Translation,Regulation & Control,744,ABQ,True,True,"[""Translation"",""Translation | Regulation & Control""]",target code excluded from predictors
cde_subcategory,Translation | Regulation & Control,Translation,Regulation & Control,1581,BHV,True,True,"[""Translation"",""Translation | Regulation & Control""]",target code excluded from predictors
cde_subcategory,Translation | Regulation & Control,Translation,Regulation & Control,2070,CAQ,True,True,"[""Translation"",""Translation | Regulation & Control""]",target code excluded from predictors
cde_subcategory,Translation | Regulation & Control,Translation,Regulation & Control,2071,CAR,True,True,"[""Translation"",""Translation | Regulation & Control""]",target code excluded from predictors
cde_subcategory,Translation | Regulation & Control,Translation,Regulation & Control,2136,CDE,True,True,"[""Translation"",""Translation | Regulation & Control""]",target code excluded from predictors
cde_subcategory,Translation | Regulation & Control,Translation,Regulation & Control,6000,HVU,True,True,"[""Translation"",""Translation | Regulation & Control""]",target code excluded from predictors
cde_subcategory,Translation | Regulation & Control,Translation,Regulation & Control,6730,IXW,True,True,"[""Translation"",""Translation | Regulation & Control""]",target code excluded from predictors
cde_subcategory,Translation | Regulation & Control,Translation,Regulation & Control,7333,JVB,True,True,"[""Translation"",""Translation | Regulation & Control""]",target code excluded from predictors
cde_subcategory,Translation | Regulation & Control,Translation,Regulation & Control,9501,NAL,True,True,"[""Translation"",""Translation | Regulation & Control""]",target code excluded from predictors
cde_subcategory,Translation | Regulation & Control,Translation,Regulation & Control,9502,NAM,True,True,"[""Translation"",""Translation | Regulation & Control""]",target code excluded from predictors
cde_subcategory,Translation | Regulation & Control,Translation,Regulation & Control,11986,QSA,True,True,"[""Translation"",""Translation | Regulation & Control""]",target code excluded from predictors
cde_subcategory,Translation | Regulation & Control,Translation,Regulation & Control,13497,SYD,True,True,"[""Translation"",""Translation | Regulation & Control""]",target code excluded from predictors
cde_subcategory,Translation | Regulation & Control,Translation,Regulation & Control,13674,TEY,True,True,"[""Translation"",""Translation | Regulation & Control""]",target code excluded from predictors
cde_subcategory,Translation | Regulation & Control,Translation,Regulation & Control,13912,TOC,True,True,"[""Translation"",""Translation | Regulation & Control""]",target code excluded from predictors
cde_subcategory,Translation | Regulation & Control,Translation,Regulation & Control,14151,TXH,True,True,"[""Translation"",""Translation | Regulation & Control""]",target code excluded from predictors
cde_subcategory,Translation | Regulation & Control,Translation,Regulation & Control,14644,UQG,True,True,"[""Translation"",""Translation | Regulation & Control""]",target code excluded from predictors
cde_subcategory,Translation | Regulation & Control,Translation,Regulation & Control,14876,UZE,True,True,"[""Translation"",""Translation | Regulation & Control""]",target code excluded from predictors
cde_subcategory,Translation | Regulation & Control,Translation,Regulation & Control,14877,UZF,True,True,"[""Translation"",""Translation | Regulation & Control""]",target code excluded from predictors
cde_subcategory,Translation | Regulation & Control,Translation,Regulation & Control,14878,UZG,True,True,"[""Translation"",""Translation | Regulation & Control""]",target code excluded from predictors
cde_subcategory,Translation | Regulation & Control,Translation,Regulation & Control,14879,UZH,True,True,"[""Translation"",""Translation | Regulation & Control""]",target code excluded from predictors
cde_subcategory,Translation | Regulation & Control,Translation,Regulation & Control,14931,VBH,True,True,"[""Translation"",""Translation | Regulation & Control""]",target code excluded from predictors
cde_subcategory,Translation | Regulation & Control,Translation,Regulation & Control,14932,VBI,True,True,"[""Translation"",""Translation | Regulation & Control""]",target code excluded from predictors
cde_subcategory,Translation | Regulation & Control,Translation,Regulation & Control,14933,VBJ,True,True,"[""Translation"",""Translation | Regulation & Control""]",target code excluded from predictors
cde_subcategory,Translation | Regulation & Control,Translation,Regulation & Control,16016,WRA,True,True,"[""Translation"",""Translation | Regulation & Control""]",target code excluded from predictors
cde_subcategory,Translation | Regulation & Control,Translation,Regulation & Control,16017,WRB,True,True,"[""Translation"",""Translation | Regulation & Control""]",target code excluded from predictors
cde_subcategory,Translation | Regulation & Control,Translation,Regulation & Control,16018,WRC,True,True,"[""Translation"",""Translation | Regulation & Control""]",target code excluded from predictors
cde_subcategory,Translation | Regulation & Control,Translation,Regulation & Control,16019,WRD,True,True,"[""Translation"",""Translation | Regulation & Control""]",target code excluded from predictors
cde_subcategory,Translation | Regulation & Control,Translation,Regulation & Control,17183,YJX,True,True,"[""Translation"",""Translation | Regulation & Control""]",target code excluded from predictors
cde_subcategory,Translation | Regulation & Control,Translation,Regulation & Control,17376,YRI,True,True,"[""Translation"",""Translation | Regulation & Control""]",target code excluded from predictors
cde_subcategory,Translation | Regulation & Control,Translation,Regulation & Control,18803,AAUF,True,True,"[""Translation"",""Translation | Regulation & Control""]",target code excluded from predictors
cde_subcategory,Translation | Regulation & Control,Translation,Regulation & Control,19238,ABKY,True,True,"[""Translation"",""Translation | Regulation & Control""]",target code excluded from predictors
cde_subcategory,Translation | Regulation & Control,Translation,Regulation & Control,19548,ABWW,True,True,"[""Translation"",""Translation | Regulation & Control""]",target code excluded from predictors
cde_subcategory,Translation | Regulation & Control,Translation,Regulation & Control,19550,ABWY,True,True,"[""Translation"",""Translation | Regulation & Control""]",target code excluded from predictors
cde_subcategory,Translation | Regulation & Control,Translation,Regulation & Control,20968,ADZM,True,True,"[""Translation"",""Translation | Regulation & Control""]",target code excluded from predictors
cde_subcategory,Translation | Regulation & Control,Translation,Regulation & Control,21655,AEZX,True,True,"[""Translation"",""Translation | Regulation & Control""]",target code excluded from predictors
cde_subcategory,Translation | Regulation & Control,Translation,Regulation & Control,21656,AEZY,True,True,"[""Translation"",""Translation | Regulation & Control""]",target code excluded from predictors
cde_subcategory,Translation | Regulation & Control,Translation,Regulation & Control,21713,AFCD,True,True,"[""Translation"",""Translation | Regulation & Control""]",target code excluded from predictors
cde_subcategory,Translation | Regulation & Control,Translation,Regulation & Control,21780,AFES,True,True,"[""Translation"",""Translation | Regulation & Control""]",target code excluded from predictors
cde_subcategory,Translation | Regulation & Control,Translation,Regulation & Control,22983,AGYZ,True,True,"[""Translation"",""Translation | Regulation & Control""]",target code excluded from predictors
cde_subcategory,Translation | Regulation & Control,Translation,Regulation & Control,22984,AGZA,True,True,"[""Translation"",""Translation | Regulation & Control""]",target code excluded from predictors
cde_subcategory,Translation | Regulation & Control,Translation,Regulation & Control,25028,AJZQ,True,True,"[""Translation"",""Translation | Regulation & Control""]",target code excluded from predictors
cde_subcategory,Translation | Regulation & Control,Translation,Regulation & Control,25029,AJZR,True,True,"[""Translation"",""Translation | Regulation & Control""]",target code excluded from predictors
cde_subcategory,Translation | Regulation & Control,Translation,Regulation & Control,25504,AKRY,True,True,"[""Translation"",""Translation | Regulation & Control""]",target code excluded from predictors
cde_subcategory,Translation | Regulation & Control,Translation,Regulation & Control,25508,AKSC,True,True,"[""Translation"",""Translation | Regulation & Control""]",target code excluded from predictors
cde_subcategory,Translation | Regulation & Control,Translation,Regulation & Control,25509,AKSD,True,True,"[""Translation"",""Translation | Regulation & Control""]",target code excluded from predictors
cde_subcategory,Translation | Regulation & Control,Translation,Regulation & Control,25511,AKSF,True,True,"[""Translation"",""Translation | Regulation & Control""]",target code excluded from predictors
cde_subcategory,Translation | Regulation & Control,Translation,Regulation & Control,25523,AKSR,True,True,"[""Translation"",""Translation | Regulation & Control""]",target code excluded from predictors
cde_subcategory,Translation | Regulation & Control,Translation,Regulation & Control,25525,AKST,True,True,"[""Translation"",""Translation | Regulation & Control""]",target code excluded from predictors
cde_subcategory,Translation | Regulation & Control,Translation,Regulation & Control,25526,AKSU,True,True,"[""Translation"",""Translation | Regulation & Control""]",target code excluded from predictors
cde_subcategory,Translation | Regulation & Control,Translation,Regulation & Control,25530,AKSY,True,True,"[""Translation"",""Translation | Regulation & Control""]",target code excluded from predictors
cde_subcategory,Translation | Regulation & Control,Translation,Regulation & Control,25531,AKSZ,True,True,"[""Translation"",""Translation | Regulation & Control""]",target code excluded from predictors
cde_subcategory,Translation | Regulation & Control,Translation,Regulation & Control,25532,AKTA,True,True,"[""Translation"",""Translation | Regulation & Control""]",target code excluded from predictors
cde_subcategory,Translation | Regulation & Control,Translation,Regulation & Control,25533,AKTB,True,True,"[""Translation"",""Translation | Regulation & Control""]",target code excluded from predictors
cde_subcategory,Translation | Regulation & Control,Translation,Regulation & Control,25534,AKTC,True,True,"[""Translation"",""Translation | Regulation & Control""]",target code excluded from predictors
cde_subcategory,Translation | Regulation & Control,Translation,Regulation & Control,25535,AKTD,True,True,"[""Translation"",""Translation | Regulation & Control""]",target code excluded from predictors
cde_subcategory,Translation | Regulation & Control,Translation,Regulation & Control,25537,AKTF,True,True,"[""Translation"",""Translation | Regulation & Control""]",target code excluded from predictors
cde_subcategory,Translation | Regulation & Control,Translation,Regulation & Control,25539,AKTH,True,True,"[""Translation"",""Translation | Regulation & Control""]",target code excluded from predictors
cde_subcategory,Translation | Regulation & Control,Translation,Regulation & Control,25540,AKTI,True,True,"[""Translation"",""Translation | Regulation & Control""]",target code excluded from predictors
cde_subcategory,Translation | Regulation & Control,Translation,Regulation & Control,25541,AKTJ,True,True,"[""Translation"",""Translation | Regulation & Control""]",target code excluded from predictors
cde_subcategory,Translation | Regulation & Control,Translation,Regulation & Control,25544,AKTM,True,True,"[""Translation"",""Translation | Regulation & Control""]",target code excluded from predictors
cde_subcategory,Translation | Regulation & Control,Translation,Regulation & Control,25545,AKTN,True,True,"[""Translation"",""Translation | Regulation & Control""]",target code excluded from predictors
cde_subcategory,Translation | Regulation & Control,Translation,Regulation & Control,25546,AKTO,True,True,"[""Translation"",""Translation | Regulation & Control""]",target code excluded from predictors
cde_subcategory,Translation | Regulation & Control,Translation,Regulation & Control,25547,AKTP,True,True,"[""Translation"",""Translation | Regulation & Control""]",target code excluded from predictors
cde_subcategory,Translation | Regulation & Control,Translation,Regulation & Control,25779,ALCN,True,True,"[""Translation"",""Translation | Regulation & Control""]",target code excluded from predictors
cde_subcategory,Translation | Regulation & Control,Translation,Regulation & Control,25859,ALFP,True,True,"[""Translation"",""Translation | Regulation & Control""]",target code excluded from predictors
cde_subcategory,Translation | Regulation & Control,Translation,Regulation & Control,26398,AMAI,True,True,"[""Translation"",""Translation | Regulation & Control""]",target code excluded from predictors
cde_subcategory,Translation | Regulation & Control,Translation,Regulation & Control,26795,AMPP,True,True,"[""Translation"",""Translation | Regulation & Control""]",target code excluded from predictors
cde_subcategory,Translation | Regulation & Control,Translation,Regulation & Control,26796,AMPQ,True,True,"[""Translation"",""Translation | Regulation & Control""]",target code excluded from predictors
cde_subcategory,Translation | Regulation & Control,Translation,Regulation & Control,26797,AMPR,True,True,"[""Translation"",""Translation | Regulation & Control""]",target code excluded from predictors
cde_subcategory,Translation | Regulation & Control,Translation,Regulation & Control,26798,AMPS,True,True,"[""Translation"",""Translation | Regulation & Control""]",target code excluded from predictors
cde_subcategory,Translation | Regulation & Control,Translation,Regulation & Control,26799,AMPT,True,True,"[""Translation"",""Translation | Regulation & Control""]",target code excluded from predictors
cde_subcategory,Translation | Regulation & Control,Translation,Regulation & Control,26800,AMPU,True,True,"[""Translation"",""Translation | Regulation & Control""]",target code excluded from predictors
cde_subcategory,Translation | Regulation & Control,Translation,Regulation & Control,26801,AMPV,True,True,"[""Translation"",""Translation | Regulation & Control""]",target code excluded from predictors
cde_subcategory,Translation | Regulation & Control,Translation,Regulation & Control,26802,AMPW,True,True,"[""Translation"",""Translation | Regulation & Control""]",target code excluded from predictors
cde_subcategory,Translation | Regulation & Control,Translation,Regulation & Control,26803,AMPX,True,True,"[""Translation"",""Translation | Regulation & Control""]",target code excluded from predictors
cde_subcategory,Translation | Regulation & Control,Translation,Regulation & Control,26804,AMPY,True,True,"[""Translation"",""Translation | Regulation & Control""]",target code excluded from predictors
cde_subcategory,Translation | Regulation & Control,Translation,Regulation & Control,26805,AMPZ,True,True,"[""Translation"",""Translation | Regulation & Control""]",target code excluded from predictors
cde_subcategory,Translation | Regulation & Control,Translation,Regulation & Control,26806,AMQA,True,True,"[""Translation"",""Translation | Regulation & Control""]",target code excluded from predictors
cde_subcategory,Translation | Regulation & Control,Translation,Regulation & Control,26807,AMQB,True,True,"[""Translation"",""Translation | Regulation & Control""]",target code excluded from predictors
cde_subcategory,Translation | Regulation & Control,Translation,Regulation & Control,26808,AMQC,True,True,"[""Translation"",""Translation | Regulation & Control""]",target code excluded from predictors
cde_subcategory,Translation | Regulation & Control,Translation,Regulation & Control,26809,AMQD,True,True,"[""Translation"",""Translation | Regulation & Control""]",target code excluded from predictors
cde_subcategory,Translation | Regulation & Control,Translation,Regulation & Control,26811,AMQF,True,True,"[""Translation"",""Translation | Regulation & Control""]",target code excluded from predictors
cde_subcategory,Translation | Regulation & Control,Translation,Regulation & Control,26812,AMQG,True,True,"[""Translation"",""Translation | Regulation & Control""]",target code excluded from predictors
cde_subcategory,Translation | Regulation & Control,Translation,Regulation & Control,26813,AMQH,True,True,"[""Translation"",""Translation | Regulation & Control""]",target code excluded from predictors
cde_subcategory,Translation | Regulation & Control,Translation,Regulation & Control,26814,AMQI,True,True,"[""Translation"",""Translation | Regulation & Control""]",target code excluded from predictors
cde_subcategory,Translation | Regulation & Control,Translation,Regulation & Control,26815,AMQJ,True,True,"[""Translation"",""Translation | Regulation & Control""]",target code excluded from predictors
cde_subcategory,Translation | Regulation & Control,Translation,Regulation & Control,26816,AMQK,True,True,"[""Translation"",""Translation | Regulation & Control""]",target code excluded from predictors
cde_subcategory,Translation | Regulation & Control,Translation,Regulation & Control,26817,AMQL,True,True,"[""Translation"",""Translation | Regulation & Control""]",target code excluded from predictors
cde_subcategory,Translation | Regulation & Control,Translation,Regulation & Control,26818,AMQM,True,True,"[""Translation"",""Translation | Regulation & Control""]",target code excluded from predictors
cde_subcategory,Translation | Regulation & Control,Translation,Regulation & Control,26819,AMQN,True,True,"[""Translation"",""Translation | Regulation & Control""]",target code excluded from predictors
cde_subcategory,Translation | Regulation & Control,Translation,Regulation & Control,26820,AMQO,True,True,"[""Translation"",""Translation | Regulation & Control""]",target code excluded from predictors
cde_subcategory,Translation | Regulation & Control,Translation,Regulation & Control,26821,AMQP,True,True,"[""Translation"",""Translation | Regulation & Control""]",target code excluded from predictors
cde_subcategory,Translation | Regulation & Control,Translation,Regulation & Control,26822,AMQQ,True,True,"[""Translation"",""Translation | Regulation & Control""]",target code excluded from predictors
cde_subcategory,Translation | Regulation & Control,Translation,Regulation & Control,26823,AMQR,True,True,"[""Translation"",""Translation | Regulation & Control""]",target code excluded from predictors
cde_subcategory,Translation | Regulation & Control,Translation,Regulation & Control,26824,AMQS,True,True,"[""Translation"",""Translation | Regulation & Control""]",target code excluded from predictors
cde_subcategory,Translation | Regulation & Control,Translation,Regulation & Control,26825,AMQT,True,True,"[""Translation"",""Translation | Regulation & Control""]",target code excluded from predictors
cde_subcategory,Translation | Regulation & Control,Translation,Regulation & Control,26826,AMQU,True,True,"[""Translation"",""Translation | Regulation & Control""]",target code excluded from predictors
cde_subcategory,Translation | Regulation & Control,Translation,Regulation & Control,26827,AMQV,True,True,"[""Translation"",""Translation | Regulation & Control""]",target code excluded from predictors
cde_subcategory,Translation | Regulation & Control,Translation,Regulation & Control,26828,AMQW,True,True,"[""Translation"",""Translation | Regulation & Control""]",target code excluded from predictors
cde_subcategory,Translation | Regulation & Control,Translation,Regulation & Control,26829,AMQX,True,True,"[""Translation"",""Translation | Regulation & Control""]",target code excluded from predictors
cde_subcategory,Translation | Regulation & Control,Translation,Regulation & Control,26830,AMQY,True,True,"[""Translation"",""Translation | Regulation & Control""]",target code excluded from predictors
cde_subcategory,Translation | Regulation & Control,Translation,Regulation & Control,26831,AMQZ,True,True,"[""Translation"",""Translation | Regulation & Control""]",target code excluded from predictors
cde_subcategory,Translation | Regulation & Control,Translation,Regulation & Control,26832,AMRA,True,True,"[""Translation"",""Translation | Regulation & Control""]",target code excluded from predictors
cde_subcategory,Translation | Regulation & Control,Translation,Regulation & Control,26833,AMRB,True,True,"[""Translation"",""Translation | Regulation & Control""]",target code excluded from predictors
cde_subcategory,Translation | Regulation & Control,Translation,Regulation & Control,26834,AMRC,True,True,"[""Translation"",""Translation | Regulation & Control""]",target code excluded from predictors
cde_subcategory,Translation | Regulation & Control,Translation,Regulation & Control,26835,AMRD,True,True,"[""Translation"",""Translation | Regulation & Control""]",target code excluded from predictors
cde_subcategory,Translation | Regulation & Control,Translation,Regulation & Control,26836,AMRE,True,True,"[""Translation"",""Translation | Regulation & Control""]",target code excluded from predictors
cde_subcategory,Translation | Regulation & Control,Translation,Regulation & Control,26837,AMRF,True,True,"[""Translation"",""Translation | Regulation & Control""]",target code excluded from predictors
cde_subcategory,Translation | Regulation & Control,Translation,Regulation & Control,26838,AMRG,True,True,"[""Translation"",""Translation | Regulation & Control""]",target code excluded from predictors
cde_subcategory,Translation | Regulation & Control,Translation,Regulation & Control,26839,AMRH,True,True,"[""Translation"",""Translation | Regulation & Control""]",target code excluded from predictors
cde_subcategory,Translation | Regulation & Control,Translation,Regulation & Control,26840,AMRI,True,True,"[""Translation"",""Translation | Regulation & Control""]",target code excluded from predictors
cde_subcategory,Translation | Regulation & Control,Translation,Regulation & Control,26841,AMRJ,True,True,"[""Translation"",""Translation | Regulation & Control""]",target code excluded from predictors
cde_subcategory,Translation | Regulation & Control,Translation,Regulation & Control,26842,AMRK,True,True,"[""Translation"",""Translation | Regulation & Control""]",target code excluded from predictors
cde_subcategory,Translation | Regulation & Control,Translation,Regulation & Control,26843,AMRL,True,True,"[""Translation"",""Translation | Regulation & Control""]",target code excluded from predictors
cde_subcategory,Translation | Regulation & Control,Translation,Regulation & Control,26844,AMRM,True,True,"[""Translation"",""Translation | Regulation & Control""]",target code excluded from predictors
cde_subcategory,Translation | Regulation & Control,Translation,Regulation & Control,26845,AMRN,True,True,"[""Translation"",""Translation | Regulation & Control""]",target code excluded from predictors
cde_subcategory,Translation | Regulation & Control,Translation,Regulation & Control,26846,AMRO,True,True,"[""Translation"",""Translation | Regulation & Control""]",target code excluded from predictors
cde_subcategory,Translation | Regulation & Control,Translation,Regulation & Control,26847,AMRP,True,True,"[""Translation"",""Translation | Regulation & Control""]",target code excluded from predictors
cde_subcategory,Translation | Regulation & Control,Translation,Regulation & Control,26848,AMRQ,True,True,"[""Translation"",""Translation | Regulation & Control""]",target code excluded from predictors
cde_subcategory,Translation | Regulation & Control,Translation,Regulation & Control,26850,AMRS,True,True,"[""Translation"",""Translation | Regulation & Control""]",target code excluded from predictors
cde_subcategory,Translation | Regulation & Control,Translation,Regulation & Control,26851,AMRT,True,True,"[""Translation"",""Translation | Regulation & Control""]",target code excluded from predictors
cde_subcategory,Translation | Regulation & Control,Translation,Regulation & Control,26854,AMRW,True,True,"[""Translation"",""Translation | Regulation & Control""]",target code excluded from predictors
cde_subcategory,Translation | Regulation & Control,Translation,Regulation & Control,26855,AMRX,True,True,"[""Translation"",""Translation | Regulation & Control""]",target code excluded from predictors
cde_subcategory,Translation | Regulation & Control,Translation,Regulation & Control,26857,AMRZ,True,True,"[""Translation"",""Translation | Regulation & Control""]",target code excluded from predictors
cde_subcategory,Translation | Regulation & Control,Translation,Regulation & Control,26858,AMSA,True,True,"[""Translation"",""Translation | Regulation & Control""]",target code excluded from predictors
cde_subcategory,Translation | Regulation & Control,Translation,Regulation & Control,26859,AMSB,True,True,"[""Translation"",""Translation | Regulation & Control""]",target code excluded from predictors
cde_subcategory,Translation | Regulation & Control,Translation,Regulation & Control,26860,AMSC,True,True,"[""Translation"",""Translation | Regulation & Control""]",target code excluded from predictors
cde_subcategory,Translation | Regulation & Control,Translation,Regulation & Control,26861,AMSD,True,True,"[""Translation"",""Translation | Regulation & Control""]",target code excluded from predictors
cde_subcategory,Translation | Regulation & Control,Translation,Regulation & Control,26863,AMSF,True,True,"[""Translation"",""Translation | Regulation & Control""]",target code excluded from predictors
cde_subcategory,Translation | Regulation & Control,Translation,Regulation & Control,26864,AMSG,True,True,"[""Translation"",""Translation | Regulation & Control""]",target code excluded from predictors
cde_subcategory,Translation | Regulation & Control,Translation,Regulation & Control,26865,AMSH,True,True,"[""Translation"",""Translation | Regulation & Control""]",target code excluded from predictors
cde_subcategory,Translation | Regulation & Control,Translation,Regulation & Control,26866,AMSI,True,True,"[""Translation"",""Translation | Regulation & Control""]",target code excluded from predictors
cde_subcategory,Translation | Regulation & Control,Translation,Regulation & Control,26867,AMSJ,True,True,"[""Translation"",""Translation | Regulation & Control""]",target code excluded from predictors
cde_subcategory,Translation | Regulation & Control,Translation,Regulation & Control,26868,AMSK,True,True,"[""Translation"",""Translation | Regulation & Control""]",target code excluded from predictors
cde_subcategory,Translation | Regulation & Control,Translation,Regulation & Control,26869,AMSL,True,True,"[""Translation"",""Translation | Regulation & Control""]",target code excluded from predictors
cde_subcategory,Translation | Regulation & Control,Translation,Regulation & Control,26870,AMSM,True,True,"[""Translation"",""Translation | Regulation & Control""]",target code excluded from predictors
cde_subcategory,Translation | Regulation & Control,Translation,Regulation & Control,26871,AMSN,True,True,"[""Translation"",""Translation | Regulation & Control""]",target code excluded from predictors
cde_subcategory,Translation | Regulation & Control,Translation,Regulation & Control,26873,AMSP,True,True,"[""Translation"",""Translation | Regulation & Control""]",target code excluded from predictors
cde_subcategory,Translation | Regulation & Control,Translation,Regulation & Control,26874,AMSQ,True,True,"[""Translation"",""Translation | Regulation & Control""]",target code excluded from predictors
cde_subcategory,Translation | Regulation & Control,Translation,Regulation & Control,26875,AMSR,True,True,"[""Translation"",""Translation | Regulation & Control""]",target code excluded from predictors
cde_subcategory,Translation | Regulation & Control,Translation,Regulation & Control,26876,AMSS,True,True,"[""Translation"",""Translation | Regulation & Control""]",target code excluded from predictors
cde_subcategory,Translation | Regulation & Control,Translation,Regulation & Control,26877,AMST,True,True,"[""Translation"",""Translation | Regulation & Control""]",target code excluded from predictors
cde_subcategory,Translation | Regulation & Control,Translation,Regulation & Control,26878,AMSU,True,True,"[""Translation"",""Translation | Regulation & Control""]",target code excluded from predictors
cde_subcategory,Translation | Regulation & Control,Translation,Regulation & Control,26879,AMSV,True,True,"[""Translation"",""Translation | Regulation & Control""]",target code excluded from predictors
cde_subcategory,Translation | Regulation & Control,Translation,Regulation & Control,26880,AMSW,True,True,"[""Translation"",""Translation | Regulation & Control""]",target code excluded from predictors
cde_subcategory,Translation | Regulation & Control,Translation,Regulation & Control,26881,AMSX,True,True,"[""Translation"",""Translation | Regulation & Control""]",target code excluded from predictors
cde_subcategory,Translation | Regulation & Control,Translation,Regulation & Control,26882,AMSY,True,True,"[""Translation"",""Translation | Regulation & Control""]",target code excluded from predictors
cde_subcategory,Translation | Regulation & Control,Translation,Regulation & Control,26883,AMSZ,True,True,"[""Translation"",""Translation | Regulation & Control""]",target code excluded from predictors
cde_subcategory,Translation | Regulation & Control,Translation,Regulation & Control,26884,AMTA,True,True,"[""Translation"",""Translation | Regulation & Control""]",target code excluded from predictors
cde_subcategory,Translation | Regulation & Control,Translation,Regulation & Control,26885,AMTB,True,True,"[""Translation"",""Translation | Regulation & Control""]",target code excluded from predictors
cde_subcategory,Translation | Regulation & Control,Translation,Regulation & Control,26886,AMTC,True,True,"[""Translation"",""Translation | Regulation & Control""]",target code excluded from predictors
cde_subcategory,Translation | Regulation & Control,Translation,Regulation & Control,26887,AMTD,True,True,"[""Translation"",""Translation | Regulation & Control""]",target code excluded from predictors
cde_subcategory,Translation | Regulation & Control,Translation,Regulation & Control,26888,AMTE,True,True,"[""Translation"",""Translation | Regulation & Control""]",target code excluded from predictors
cde_subcategory,Translation | Regulation & Control,Translation,Regulation & Control,27787,AOBT,True,True,"[""Translation"",""Translation | Regulation & Control""]",target code excluded from predictors
cde_subcategory,Translation | Regulation & Control,Translation,Regulation & Control,28338,AOWY,True,True,"[""Translation"",""Translation | Regulation & Control""]",target code excluded from predictors
cde_subcategory,Translation | Ribosomal RNA,Translation,Ribosomal RNA,29263,AQGN,True,True,"[""Translation"",""Translation | Ribosomal RNA""]",target code excluded from predictors
cde_subcategory,Translation | Ribosomal RNA,Translation,Ribosomal RNA,29264,AQGO,True,True,"[""Translation"",""Translation | Ribosomal RNA""]",target code excluded from predictors
cde_subcategory,Translation | Ribosomal RNA,Translation,Ribosomal RNA,29265,AQGP,True,True,"[""Translation"",""Translation | Ribosomal RNA""]",target code excluded from predictors
cde_subcategory,Translation | Ribosomal proteins,Translation,Ribosomal proteins,492,RY,True,True,"[""Translation"",""Translation | Ribosomal proteins""]",target code excluded from predictors
cde_subcategory,Translation | Ribosomal proteins,Translation,Ribosomal proteins,493,RZ,True,True,"[""Translation"",""Translation | Ribosomal proteins""]",target code excluded from predictors
cde_subcategory,Translation | Ribosomal proteins,Translation,Ribosomal proteins,494,SA,True,True,"[""Translation"",""Translation | Ribosomal proteins""]",target code excluded from predictors
cde_subcategory,Translation | Ribosomal proteins,Translation,Ribosomal proteins,495,SB,True,True,"[""Translation"",""Translation | Ribosomal proteins""]",target code excluded from predictors
cde_subcategory,Translation | Ribosomal proteins,Translation,Ribosomal proteins,498,SE,True,True,"[""Translation"",""Translation | Ribosomal proteins""]",target code excluded from predictors
cde_subcategory,Translation | Ribosomal proteins,Translation,Ribosomal proteins,499,SF,True,True,"[""Translation"",""Translation | Ribosomal proteins""]",target code excluded from predictors
cde_subcategory,Translation | Ribosomal proteins,Translation,Ribosomal proteins,500,SG,True,True,"[""Translation"",""Translation | Ribosomal proteins""]",target code excluded from predictors
cde_subcategory,Translation | Ribosomal proteins,Translation,Ribosomal proteins,501,SH,True,True,"[""Translation"",""Translation | Ribosomal proteins""]",target code excluded from predictors
cde_subcategory,Translation | Ribosomal proteins,Translation,Ribosomal proteins,502,SI,True,True,"[""Translation"",""Translation | Ribosomal proteins""]",target code excluded from predictors
cde_subcategory,Translation | Ribosomal proteins,Translation,Ribosomal proteins,503,SJ,True,True,"[""Translation"",""Translation | Ribosomal proteins""]",target code excluded from predictors
cde_subcategory,Translation | Ribosomal proteins,Translation,Ribosomal proteins,504,SK,True,True,"[""Translation"",""Translation | Ribosomal proteins""]",target code excluded from predictors
cde_subcategory,Translation | Ribosomal proteins,Translation,Ribosomal proteins,505,SL,True,True,"[""Translation"",""Translation | Ribosomal proteins""]",target code excluded from predictors
cde_subcategory,Translation | Ribosomal proteins,Translation,Ribosomal proteins,506,SM,True,True,"[""Translation"",""Translation | Ribosomal proteins""]",target code excluded from predictors
cde_subcategory,Translation | Ribosomal proteins,Translation,Ribosomal proteins,507,SN,True,True,"[""Translation"",""Translation | Ribosomal proteins""]",target code excluded from predictors
cde_subcategory,Translation | Ribosomal proteins,Translation,Ribosomal proteins,508,SO,True,True,"[""Translation"",""Translation | Ribosomal proteins""]",target code excluded from predictors
cde_subcategory,Translation | Ribosomal proteins,Translation,Ribosomal proteins,509,SP,True,True,"[""Translation"",""Translation | Ribosomal proteins""]",target code excluded from predictors
cde_subcategory,Translation | Ribosomal proteins,Translation,Ribosomal proteins,510,SQ,True,True,"[""Translation"",""Translation | Ribosomal proteins""]",target code excluded from predictors
cde_subcategory,Translation | Ribosomal proteins,Translation,Ribosomal proteins,511,SR,True,True,"[""Translation"",""Translation | Ribosomal proteins""]",target code excluded from predictors
cde_subcategory,Translation | Ribosomal proteins,Translation,Ribosomal proteins,512,SS,True,True,"[""Translation"",""Translation | Ribosomal proteins""]",target code excluded from predictors
cde_subcategory,Translation | Ribosomal proteins,Translation,Ribosomal proteins,513,ST,True,True,"[""Translation"",""Translation | Ribosomal proteins""]",target code excluded from predictors
cde_subcategory,Translation | Ribosomal proteins,Translation,Ribosomal proteins,514,SU,True,True,"[""Translation"",""Translation | Ribosomal proteins""]",target code excluded from predictors
cde_subcategory,Translation | Ribosomal proteins,Translation,Ribosomal proteins,515,SV,True,True,"[""Translation"",""Translation | Ribosomal proteins""]",target code excluded from predictors
cde_subcategory,Translation | Ribosomal proteins,Translation,Ribosomal proteins,516,SW,True,True,"[""Translation"",""Translation | Ribosomal proteins""]",target code excluded from predictors
cde_subcategory,Translation | Ribosomal proteins,Translation,Ribosomal proteins,517,SX,True,True,"[""Translation"",""Translation | Ribosomal proteins""]",target code excluded from predictors
cde_subcategory,Translation | Ribosomal proteins,Translation,Ribosomal proteins,518,SY,True,True,"[""Translation"",""Translation | Ribosomal proteins""]",target code excluded from predictors
cde_subcategory,Translation | Ribosomal proteins,Translation,Ribosomal proteins,520,TA,True,True,"[""Translation"",""Translation | Ribosomal proteins""]",target code excluded from predictors
cde_subcategory,Translation | Ribosomal proteins,Translation,Ribosomal proteins,522,TC,True,True,"[""Translation"",""Translation | Ribosomal proteins""]",target code excluded from predictors
cde_subcategory,Translation | Ribosomal proteins,Translation,Ribosomal proteins,523,TD,True,True,"[""Translation"",""Translation | Ribosomal proteins""]",target code excluded from predictors
cde_subcategory,Translation | Ribosomal proteins,Translation,Ribosomal proteins,524,TE,True,True,"[""Translation"",""Translation | Ribosomal proteins""]",target code excluded from predictors
cde_subcategory,Translation | Ribosomal proteins,Translation,Ribosomal proteins,525,TF,True,True,"[""Translation"",""Translation | Ribosomal proteins""]",target code excluded from predictors
cde_subcategory,Translation | Ribosomal proteins,Translation,Ribosomal proteins,526,TG,True,True,"[""Translation"",""Translation | Ribosomal proteins""]",target code excluded from predictors
cde_subcategory,Translation | Ribosomal proteins,Translation,Ribosomal proteins,527,TH,True,True,"[""Translation"",""Translation | Ribosomal proteins""]",target code excluded from predictors
cde_subcategory,Translation | Ribosomal proteins,Translation,Ribosomal proteins,528,TI,True,True,"[""Translation"",""Translation | Ribosomal proteins""]",target code excluded from predictors
cde_subcategory,Translation | Ribosomal proteins,Translation,Ribosomal proteins,612,WO,True,True,"[""Translation"",""Translation | Ribosomal proteins""]",target code excluded from predictors
cde_subcategory,Translation | Ribosomal proteins,Translation,Ribosomal proteins,613,WP,True,True,"[""Translation"",""Translation | Ribosomal proteins""]",target code excluded from predictors
cde_subcategory,Translation | Ribosomal proteins,Translation,Ribosomal proteins,693,ZR,True,True,"[""Translation"",""Translation | Ribosomal proteins""]",target code excluded from predictors
cde_subcategory,Translation | Ribosomal proteins,Translation,Ribosomal proteins,694,ZS,True,True,"[""Translation"",""Translation | Ribosomal proteins""]",target code excluded from predictors
cde_subcategory,Translation | Ribosomal proteins,Translation,Ribosomal proteins,695,ZT,True,True,"[""Translation"",""Translation | Ribosomal proteins""]",target code excluded from predictors
cde_subcategory,Translation | Ribosomal proteins,Translation,Ribosomal proteins,697,ZV,True,True,"[""Translation"",""Translation | Ribosomal proteins""]",target code excluded from predictors
cde_subcategory,Translation | Ribosomal proteins,Translation,Ribosomal proteins,698,ZW,True,True,"[""Translation"",""Translation | Ribosomal proteins""]",target code excluded from predictors
cde_subcategory,Translation | Ribosomal proteins,Translation,Ribosomal proteins,699,ZX,True,True,"[""Translation"",""Translation | Ribosomal proteins""]",target code excluded from predictors
cde_subcategory,Translation | Ribosomal proteins,Translation,Ribosomal proteins,700,ZY,True,True,"[""Translation"",""Translation | Ribosomal proteins""]",target code excluded from predictors
cde_subcategory,Translation | Ribosomal proteins,Translation,Ribosomal proteins,701,ZZ,True,True,"[""Translation"",""Translation | Ribosomal proteins""]",target code excluded from predictors
cde_subcategory,Translation | Ribosomal proteins,Translation,Ribosomal proteins,702,AAA,True,True,"[""Translation"",""Translation | Ribosomal proteins""]",target code excluded from predictors
cde_subcategory,Translation | Ribosomal proteins,Translation,Ribosomal proteins,703,AAB,True,True,"[""Translation"",""Translation | Ribosomal proteins""]",target code excluded from predictors
cde_subcategory,Translation | Ribosomal proteins,Translation,Ribosomal proteins,704,AAC,True,True,"[""Translation"",""Translation | Ribosomal proteins""]",target code excluded from predictors
cde_subcategory,Translation | Ribosomal proteins,Translation,Ribosomal proteins,706,AAE,True,True,"[""Translation"",""Translation | Ribosomal proteins""]",target code excluded from predictors
cde_subcategory,Translation | Ribosomal proteins,Translation,Ribosomal proteins,707,AAF,True,True,"[""Translation"",""Translation | Ribosomal proteins""]",target code excluded from predictors
cde_subcategory,Translation | Ribosomal proteins,Translation,Ribosomal proteins,708,AAG,True,True,"[""Translation"",""Translation | Ribosomal proteins""]",target code excluded from predictors
cde_subcategory,Translation | Ribosomal proteins,Translation,Ribosomal proteins,709,AAH,True,True,"[""Translation"",""Translation | Ribosomal proteins""]",target code excluded from predictors
cde_subcategory,Translation | Ribosomal proteins,Translation,Ribosomal proteins,710,AAI,True,True,"[""Translation"",""Translation | Ribosomal proteins""]",target code excluded from predictors
cde_subcategory,Translation | Ribosomal proteins,Translation,Ribosomal proteins,711,AAJ,True,True,"[""Translation"",""Translation | Ribosomal proteins""]",target code excluded from predictors
cde_subcategory,Translation | Ribosomal proteins,Translation,Ribosomal proteins,712,AAK,True,True,"[""Translation"",""Translation | Ribosomal proteins""]",target code excluded from predictors
cde_subcategory,Translation | Ribosomal proteins,Translation,Ribosomal proteins,713,AAL,True,True,"[""Translation"",""Translation | Ribosomal proteins""]",target code excluded from predictors
cde_subcategory,Translation | Ribosomal proteins,Translation,Ribosomal proteins,714,AAM,True,True,"[""Translation"",""Translation | Ribosomal proteins""]",target code excluded from predictors
cde_subcategory,Translation | Ribosomal proteins,Translation,Ribosomal proteins,715,AAN,True,True,"[""Translation"",""Translation | Ribosomal proteins""]",target code excluded from predictors
cde_subcategory,Translation | Ribosomal proteins,Translation,Ribosomal proteins,716,AAO,True,True,"[""Translation"",""Translation | Ribosomal proteins""]",target code excluded from predictors
cde_subcategory,Translation | Ribosomal proteins,Translation,Ribosomal proteins,717,AAP,True,True,"[""Translation"",""Translation | Ribosomal proteins""]",target code excluded from predictors
cde_subcategory,Translation | Ribosomal proteins,Translation,Ribosomal proteins,718,AAQ,True,True,"[""Translation"",""Translation | Ribosomal proteins""]",target code excluded from predictors
cde_subcategory,Translation | Ribosomal proteins,Translation,Ribosomal proteins,719,AAR,True,True,"[""Translation"",""Translation | Ribosomal proteins""]",target code excluded from predictors
cde_subcategory,Translation | Ribosomal proteins,Translation,Ribosomal proteins,720,AAS,True,True,"[""Translation"",""Translation | Ribosomal proteins""]",target code excluded from predictors
cde_subcategory,Translation | Ribosomal proteins,Translation,Ribosomal proteins,721,AAT,True,True,"[""Translation"",""Translation | Ribosomal proteins""]",target code excluded from predictors
cde_subcategory,Translation | Ribosomal proteins,Translation,Ribosomal proteins,722,AAU,True,True,"[""Translation"",""Translation | Ribosomal proteins""]",target code excluded from predictors
cde_subcategory,Translation | Ribosomal proteins,Translation,Ribosomal proteins,724,AAW,True,True,"[""Translation"",""Translation | Ribosomal proteins""]",target code excluded from predictors
cde_subcategory,Translation | Ribosomal proteins,Translation,Ribosomal proteins,726,AAY,True,True,"[""Translation"",""Translation | Ribosomal proteins""]",target code excluded from predictors
cde_subcategory,Translation | Ribosomal proteins,Translation,Ribosomal proteins,727,AAZ,True,True,"[""Translation"",""Translation | Ribosomal proteins""]",target code excluded from predictors
cde_subcategory,Translation | Ribosomal proteins,Translation,Ribosomal proteins,728,ABA,True,True,"[""Translation"",""Translation | Ribosomal proteins""]",target code excluded from predictors
cde_subcategory,Translation | Ribosomal proteins,Translation,Ribosomal proteins,729,ABB,True,True,"[""Translation"",""Translation | Ribosomal proteins""]",target code excluded from predictors
cde_subcategory,Translation | Ribosomal proteins,Translation,Ribosomal proteins,730,ABC,True,True,"[""Translation"",""Translation | Ribosomal proteins""]",target code excluded from predictors
cde_subcategory,Translation | Ribosomal proteins,Translation,Ribosomal proteins,731,ABD,True,True,"[""Translation"",""Translation | Ribosomal proteins""]",target code excluded from predictors
cde_subcategory,Translation | Ribosomal proteins,Translation,Ribosomal proteins,732,ABE,True,True,"[""Translation"",""Translation | Ribosomal proteins""]",target code excluded from predictors
cde_subcategory,Translation | Ribosomal proteins,Translation,Ribosomal proteins,733,ABF,True,True,"[""Translation"",""Translation | Ribosomal proteins""]",target code excluded from predictors
cde_subcategory,Translation | Ribosomal proteins,Translation,Ribosomal proteins,734,ABG,True,True,"[""Translation"",""Translation | Ribosomal proteins""]",target code excluded from predictors
cde_subcategory,Translation | Ribosomal proteins,Translation,Ribosomal proteins,735,ABH,True,True,"[""Translation"",""Translation | Ribosomal proteins""]",target code excluded from predictors
cde_subcategory,Translation | Ribosomal proteins,Translation,Ribosomal proteins,736,ABI,True,True,"[""Translation"",""Translation | Ribosomal proteins""]",target code excluded from predictors
cde_subcategory,Translation | Ribosomal proteins,Translation,Ribosomal proteins,737,ABJ,True,True,"[""Translation"",""Translation | Ribosomal proteins""]",target code excluded from predictors
cde_subcategory,Translation | Ribosomal proteins,Translation,Ribosomal proteins,738,ABK,True,True,"[""Translation"",""Translation | Ribosomal proteins""]",target code excluded from predictors
cde_subcategory,Translation | Ribosomal proteins,Translation,Ribosomal proteins,739,ABL,True,True,"[""Translation"",""Translation | Ribosomal proteins""]",target code excluded from predictors
cde_subcategory,Translation | Ribosomal proteins,Translation,Ribosomal proteins,740,ABM,True,True,"[""Translation"",""Translation | Ribosomal proteins""]",target code excluded from predictors
cde_subcategory,Translation | Ribosomal proteins,Translation,Ribosomal proteins,741,ABN,True,True,"[""Translation"",""Translation | Ribosomal proteins""]",target code excluded from predictors
cde_subcategory,Translation | Ribosomal proteins,Translation,Ribosomal proteins,742,ABO,True,True,"[""Translation"",""Translation | Ribosomal proteins""]",target code excluded from predictors
cde_subcategory,Translation | Ribosomal proteins,Translation,Ribosomal proteins,743,ABP,True,True,"[""Translation"",""Translation | Ribosomal proteins""]",target code excluded from predictors
cde_subcategory,Translation | Ribosomal proteins,Translation,Ribosomal proteins,745,ABR,True,True,"[""Translation"",""Translation | Ribosomal proteins""]",target code excluded from predictors
cde_subcategory,Translation | Ribosomal proteins,Translation,Ribosomal proteins,746,ABS,True,True,"[""Translation"",""Translation | Ribosomal proteins""]",target code excluded from predictors
cde_subcategory,Translation | Ribosomal proteins,Translation,Ribosomal proteins,747,ABT,True,True,"[""Translation"",""Translation | Ribosomal proteins""]",target code excluded from predictors
cde_subcategory,Translation | Ribosomal proteins,Translation,Ribosomal proteins,748,ABU,True,True,"[""Translation"",""Translation | Ribosomal proteins""]",target code excluded from predictors
cde_subcategory,Translation | Ribosomal proteins,Translation,Ribosomal proteins,749,ABV,True,True,"[""Translation"",""Translation | Ribosomal proteins""]",target code excluded from predictors
cde_subcategory,Translation | Ribosomal proteins,Translation,Ribosomal proteins,750,ABW,True,True,"[""Translation"",""Translation | Ribosomal proteins""]",target code excluded from predictors
cde_subcategory,Translation | Ribosomal proteins,Translation,Ribosomal proteins,9519,NBD,True,True,"[""Translation"",""Translation | Ribosomal proteins""]",target code excluded from predictors
cde_subcategory,Translation | Ribosomal proteins,Translation,Ribosomal proteins,9521,NBF,True,True,"[""Translation"",""Translation | Ribosomal proteins""]",target code excluded from predictors
cde_subcategory,Translation | Ribosomal proteins,Translation,Ribosomal proteins,15558,VZK,True,True,"[""Translation"",""Translation | Ribosomal proteins""]",target code excluded from predictors
cde_subcategory,Translation | Ribosomal proteins,Translation,Ribosomal proteins,15559,VZL,True,True,"[""Translation"",""Translation | Ribosomal proteins""]",target code excluded from predictors
cde_subcategory,Translation | Ribosomal proteins,Translation,Ribosomal proteins,15560,VZM,True,True,"[""Translation"",""Translation | Ribosomal proteins""]",target code excluded from predictors
cde_subcategory,Translation | Ribosomal proteins,Translation,Ribosomal proteins,15824,WJQ,True,True,"[""Translation"",""Translation | Ribosomal proteins""]",target code excluded from predictors
cde_subcategory,Translation | Ribosomal proteins,Translation,Ribosomal proteins,25503,AKRX,True,True,"[""Translation"",""Translation | Ribosomal proteins""]",target code excluded from predictors
cde_subcategory,Translation | Ribosomal proteins,Translation,Ribosomal proteins,25506,AKSA,True,True,"[""Translation"",""Translation | Ribosomal proteins""]",target code excluded from predictors
cde_subcategory,Translation | Ribosomal proteins,Translation,Ribosomal proteins,25507,AKSB,True,True,"[""Translation"",""Translation | Ribosomal proteins""]",target code excluded from predictors
cde_subcategory,Translation | Ribosomal proteins,Translation,Ribosomal proteins,25998,ALKY,True,True,"[""Translation"",""Translation | Ribosomal proteins""]",target code excluded from predictors
cde_subcategory,Translation | Ribosomal proteins,Translation,Ribosomal proteins,28078,AOMY,True,True,"[""Translation"",""Translation | Ribosomal proteins""]",target code excluded from predictors
cde_subcategory,Translation | Ribosomal proteins,Translation,Ribosomal proteins,28079,AOMZ,True,True,"[""Translation"",""Translation | Ribosomal proteins""]",target code excluded from predictors
cde_subcategory,Translation | Ribosomal proteins,Translation,Ribosomal proteins,28813,APPF,True,True,"[""Translation"",""Translation | Ribosomal proteins""]",target code excluded from predictors
cde_subcategory,Translation | Ribosomal proteins,Translation,Ribosomal proteins,28867,APRH,True,True,"[""Translation"",""Translation | Ribosomal proteins""]",target code excluded from predictors
cde_subcategory,Translation | Ribosomal proteins,Translation,Ribosomal proteins,28869,APRJ,True,True,"[""Translation"",""Translation | Ribosomal proteins""]",target code excluded from predictors
cde_subcategory,Translation | Ribosomal proteins,Translation,Ribosomal proteins,28870,APRK,True,True,"[""Translation"",""Translation | Ribosomal proteins""]",target code excluded from predictors
cde_subcategory,Translation | Ribosomal proteins,Translation,Ribosomal proteins,28871,APRL,True,True,"[""Translation"",""Translation | Ribosomal proteins""]",target code excluded from predictors
cde_subcategory,Translation | Ribosomal proteins,Translation,Ribosomal proteins,28872,APRM,True,True,"[""Translation"",""Translation | Ribosomal proteins""]",target code excluded from predictors
cde_subcategory,Translation | Ribosome assembly & maturation,Translation,Ribosome assembly & maturation,521,TB,True,True,"[""Translation"",""Translation | Ribosome assembly & maturation""]",target code excluded from predictors
cde_subcategory,Translation | Ribosome assembly & maturation,Translation,Ribosome assembly & maturation,529,TJ,True,True,"[""Translation"",""Translation | Ribosome assembly & maturation""]",target code excluded from predictors
cde_subcategory,Translation | Ribosome assembly & maturation,Translation,Ribosome assembly & maturation,751,ABX,True,True,"[""Translation"",""Translation | Ribosome assembly & maturation""]",target code excluded from predictors
cde_subcategory,Translation | Ribosome assembly & maturation,Translation,Ribosome assembly & maturation,752,ABY,True,True,"[""Translation"",""Translation | Ribosome assembly & maturation""]",target code excluded from predictors
cde_subcategory,Translation | Ribosome assembly & maturation,Translation,Ribosome assembly & maturation,796,ADQ,True,True,"[""Translation"",""Translation | Ribosome assembly & maturation""]",target code excluded from predictors
cde_subcategory,Translation | Ribosome assembly & maturation,Translation,Ribosome assembly & maturation,14235,UAN,True,True,"[""Translation"",""Translation | Ribosome assembly & maturation""]",target code excluded from predictors
cde_subcategory,Translation | Ribosome assembly & maturation,Translation,Ribosome assembly & maturation,25510,AKSE,True,True,"[""Translation"",""Translation | Ribosome assembly & maturation""]",target code excluded from predictors
cde_subcategory,Translation | Ribosome assembly & maturation,Translation,Ribosome assembly & maturation,25512,AKSG,True,True,"[""Translation"",""Translation | Ribosome assembly & maturation""]",target code excluded from predictors
cde_subcategory,Translation | Ribosome assembly & maturation,Translation,Ribosome assembly & maturation,25513,AKSH,True,True,"[""Translation"",""Translation | Ribosome assembly & maturation""]",target code excluded from predictors
cde_subcategory,Translation | Ribosome assembly & maturation,Translation,Ribosome assembly & maturation,25514,AKSI,True,True,"[""Translation"",""Translation | Ribosome assembly & maturation""]",target code excluded from predictors
cde_subcategory,Translation | Ribosome assembly & maturation,Translation,Ribosome assembly & maturation,25515,AKSJ,True,True,"[""Translation"",""Translation | Ribosome assembly & maturation""]",target code excluded from predictors
cde_subcategory,Translation | Ribosome assembly & maturation,Translation,Ribosome assembly & maturation,25516,AKSK,True,True,"[""Translation"",""Translation | Ribosome assembly & maturation""]",target code excluded from predictors
cde_subcategory,Translation | Ribosome assembly & maturation,Translation,Ribosome assembly & maturation,25518,AKSM,True,True,"[""Translation"",""Translation | Ribosome assembly & maturation""]",target code excluded from predictors
cde_subcategory,Translation | Ribosome assembly & maturation,Translation,Ribosome assembly & maturation,25519,AKSN,True,True,"[""Translation"",""Translation | Ribosome assembly & maturation""]",target code excluded from predictors
cde_subcategory,Translation | Ribosome assembly & maturation,Translation,Ribosome assembly & maturation,25520,AKSO,True,True,"[""Translation"",""Translation | Ribosome assembly & maturation""]",target code excluded from predictors
cde_subcategory,Translation | Ribosome assembly & maturation,Translation,Ribosome assembly & maturation,25521,AKSP,True,True,"[""Translation"",""Translation | Ribosome assembly & maturation""]",target code excluded from predictors
cde_subcategory,Translation | Ribosome assembly & maturation,Translation,Ribosome assembly & maturation,25522,AKSQ,True,True,"[""Translation"",""Translation | Ribosome assembly & maturation""]",target code excluded from predictors
cde_subcategory,Translation | Ribosome assembly & maturation,Translation,Ribosome assembly & maturation,25527,AKSV,True,True,"[""Translation"",""Translation | Ribosome assembly & maturation""]",target code excluded from predictors
cde_subcategory,Translation | Ribosome assembly & maturation,Translation,Ribosome assembly & maturation,25528,AKSW,True,True,"[""Translation"",""Translation | Ribosome assembly & maturation""]",target code excluded from predictors
cde_subcategory,Translation | Ribosome assembly & maturation,Translation,Ribosome assembly & maturation,25536,AKTE,True,True,"[""Translation"",""Translation | Ribosome assembly & maturation""]",target code excluded from predictors
cde_subcategory,Translation | Ribosome assembly & maturation,Translation,Ribosome assembly & maturation,25538,AKTG,True,True,"[""Translation"",""Translation | Ribosome assembly & maturation""]",target code excluded from predictors
cde_subcategory,Translation | Ribosome assembly & maturation,Translation,Ribosome assembly & maturation,25542,AKTK,True,True,"[""Translation"",""Translation | Ribosome assembly & maturation""]",target code excluded from predictors
cde_subcategory,Translation | Ribosome assembly & maturation,Translation,Ribosome assembly & maturation,25543,AKTL,True,True,"[""Translation"",""Translation | Ribosome assembly & maturation""]",target code excluded from predictors
cde_subcategory,Translation | Ribosome assembly & maturation,Translation,Ribosome assembly & maturation,25996,ALKW,True,True,"[""Translation"",""Translation | Ribosome assembly & maturation""]",target code excluded from predictors
cde_subcategory,Translation | Ribosome assembly & maturation,Translation,Ribosome assembly & maturation,25997,ALKX,True,True,"[""Translation"",""Translation | Ribosome assembly & maturation""]",target code excluded from predictors
cde_subcategory,Translation | aaRS,Translation,aaRS,1287,AWN,True,True,"[""Translation"",""Translation | aaRS""]",target code excluded from predictors
cde_subcategory,Translation | aaRS,Translation,aaRS,1288,AWO,True,True,"[""Translation"",""Translation | aaRS""]",target code excluded from predictors
cde_subcategory,Translation | aaRS,Translation,aaRS,1289,AWP,True,True,"[""Translation"",""Translation | aaRS""]",target code excluded from predictors
cde_subcategory,Translation | aaRS,Translation,aaRS,1290,AWQ,True,True,"[""Translation"",""Translation | aaRS""]",target code excluded from predictors
cde_subcategory,Translation | aaRS,Translation,aaRS,1291,AWR,True,True,"[""Translation"",""Translation | aaRS""]",target code excluded from predictors
cde_subcategory,Translation | aaRS,Translation,aaRS,7152,JOC,True,True,"[""Translation"",""Translation | aaRS""]",target code excluded from predictors
cde_subcategory,Translation | aaRS,Translation,aaRS,7153,JOD,True,True,"[""Translation"",""Translation | aaRS""]",target code excluded from predictors
cde_subcategory,Translation | aaRS,Translation,aaRS,7483,KAV,True,True,"[""Translation"",""Translation | aaRS""]",target code excluded from predictors
cde_subcategory,Translation | aaRS,Translation,aaRS,14636,UPY,True,True,"[""Translation"",""Translation | aaRS""]",target code excluded from predictors
cde_subcategory,Translation | aaRS,Translation,aaRS,14637,UPZ,True,True,"[""Translation"",""Translation | aaRS""]",target code excluded from predictors
cde_subcategory,Translation | aaRS,Translation,aaRS,14646,UQI,True,True,"[""Translation"",""Translation | aaRS""]",target code excluded from predictors
cde_subcategory,Translation | aaRS,Translation,aaRS,14922,VAY,True,True,"[""Translation"",""Translation | aaRS""]",target code excluded from predictors
cde_subcategory,Translation | aaRS,Translation,aaRS,14929,VBF,True,True,"[""Translation"",""Translation | aaRS""]",target code excluded from predictors
cde_subcategory,Translation | aaRS,Translation,aaRS,15343,VRD,True,True,"[""Translation"",""Translation | aaRS""]",target code excluded from predictors
cde_subcategory,Translation | aaRS,Translation,aaRS,15355,VRP,True,True,"[""Translation"",""Translation | aaRS""]",target code excluded from predictors
cde_subcategory,Translation | aaRS,Translation,aaRS,15456,VVM,True,True,"[""Translation"",""Translation | aaRS""]",target code excluded from predictors
cde_subcategory,Translation | aaRS,Translation,aaRS,15475,VWF,True,True,"[""Translation"",""Translation | aaRS""]",target code excluded from predictors
cde_subcategory,Translation | aaRS,Translation,aaRS,15476,VWG,True,True,"[""Translation"",""Translation | aaRS""]",target code excluded from predictors
cde_subcategory,Translation | aaRS,Translation,aaRS,15954,WOQ,True,True,"[""Translation"",""Translation | aaRS""]",target code excluded from predictors
cde_subcategory,Translation | aaRS,Translation,aaRS,16960,YBI,True,True,"[""Translation"",""Translation | aaRS""]",target code excluded from predictors
cde_subcategory,Translation | aaRS,Translation,aaRS,17630,ZBC,True,True,"[""Translation"",""Translation | aaRS""]",target code excluded from predictors
cde_subcategory,Translation | aaRS,Translation,aaRS,19495,ABUV,True,True,"[""Translation"",""Translation | aaRS""]",target code excluded from predictors
cde_subcategory,Translation | aaRS,Translation,aaRS,19496,ABUW,True,True,"[""Translation"",""Translation | aaRS""]",target code excluded from predictors
cde_subcategory,Translation | aaRS,Translation,aaRS,19537,ABWL,True,True,"[""Translation"",""Translation | aaRS""]",target code excluded from predictors
cde_subcategory,Translation | aaRS,Translation,aaRS,19538,ABWM,True,True,"[""Translation"",""Translation | aaRS""]",target code excluded from predictors
cde_subcategory,Translation | aaRS,Translation,aaRS,19545,ABWT,True,True,"[""Translation"",""Translation | aaRS""]",target code excluded from predictors
cde_subcategory,Translation | aaRS,Translation,aaRS,19546,ABWU,True,True,"[""Translation"",""Translation | aaRS""]",target code excluded from predictors
cde_subcategory,Translation | aaRS,Translation,aaRS,19547,ABWV,True,True,"[""Translation"",""Translation | aaRS""]",target code excluded from predictors
cde_subcategory,Translation | aaRS,Translation,aaRS,19549,ABWX,True,True,"[""Translation"",""Translation | aaRS""]",target code excluded from predictors
cde_subcategory,Translation | aaRS,Translation,aaRS,19668,ACBM,True,True,"[""Translation"",""Translation | aaRS""]",target code excluded from predictors
cde_subcategory,Translation | aaRS,Translation,aaRS,19669,ACBN,True,True,"[""Translation"",""Translation | aaRS""]",target code excluded from predictors
cde_subcategory,Translation | aaRS,Translation,aaRS,19670,ACBO,True,True,"[""Translation"",""Translation | aaRS""]",target code excluded from predictors
cde_subcategory,Translation | aaRS,Translation,aaRS,20238,ACXK,True,True,"[""Translation"",""Translation | aaRS""]",target code excluded from predictors
cde_subcategory,Translation | aaRS,Translation,aaRS,20789,ADSP,True,True,"[""Translation"",""Translation | aaRS""]",target code excluded from predictors
cde_subcategory,Translation | aaRS,Translation,aaRS,20958,ADZC,True,True,"[""Translation"",""Translation | aaRS""]",target code excluded from predictors
cde_subcategory,Translation | aaRS,Translation,aaRS,21204,AEIO,True,True,"[""Translation"",""Translation | aaRS""]",target code excluded from predictors
cde_subcategory,Translation | aaRS,Translation,aaRS,21648,AEZQ,True,True,"[""Translation"",""Translation | aaRS""]",target code excluded from predictors
cde_subcategory,Translation | aaRS,Translation,aaRS,21649,AEZR,True,True,"[""Translation"",""Translation | aaRS""]",target code excluded from predictors
cde_subcategory,Translation | aaRS,Translation,aaRS,21657,AEZZ,True,True,"[""Translation"",""Translation | aaRS""]",target code excluded from predictors
cde_subcategory,Translation | aaRS,Translation,aaRS,22102,AFRC,True,True,"[""Translation"",""Translation | aaRS""]",target code excluded from predictors
cde_subcategory,Translation | aaRS,Translation,aaRS,23304,AHLI,True,True,"[""Translation"",""Translation | aaRS""]",target code excluded from predictors
cde_subcategory,Translation | aaRS,Translation,aaRS,23305,AHLJ,True,True,"[""Translation"",""Translation | aaRS""]",target code excluded from predictors
cde_subcategory,Translation | aaRS,Translation,aaRS,23306,AHLK,True,True,"[""Translation"",""Translation | aaRS""]",target code excluded from predictors
cde_subcategory,Translation | aaRS,Translation,aaRS,24124,AIQW,True,True,"[""Translation"",""Translation | aaRS""]",target code excluded from predictors
cde_subcategory,Translation | aaRS,Translation,aaRS,24138,AIRK,True,True,"[""Translation"",""Translation | aaRS""]",target code excluded from predictors
cde_subcategory,Translation | aaRS,Translation,aaRS,25775,ALCJ,True,True,"[""Translation"",""Translation | aaRS""]",target code excluded from predictors
cde_subcategory,Translation | aaRS,Translation,aaRS,25812,ALDU,True,True,"[""Translation"",""Translation | aaRS""]",target code excluded from predictors
cde_subcategory,Translation | aaRS,Translation,aaRS,27235,ANGN,True,True,"[""Translation"",""Translation | aaRS""]",target code excluded from predictors
cde_subcategory,Translation | aaRS,Translation,aaRS,27247,ANGZ,True,True,"[""Translation"",""Translation | aaRS""]",target code excluded from predictors
cde_subcategory,Translation | aaRS,Translation,aaRS,27820,AODA,True,True,"[""Translation"",""Translation | aaRS""]",target code excluded from predictors
cde_subcategory,Translation | aaRS,Translation,aaRS,28853,APQT,True,True,"[""Translation"",""Translation | aaRS""]",target code excluded from predictors
cde_subcategory,Translation | aaRS,Translation,aaRS,28993,APWD,True,True,"[""Translation"",""Translation | aaRS""]",target code excluded from predictors
cde_subcategory,Translation | aaRS,Translation,aaRS,28994,APWE,True,True,"[""Translation"",""Translation | aaRS""]",target code excluded from predictors
cde_subcategory,Translation | tRNA,Translation,tRNA,29266,AQGQ,True,True,"[""Translation"",""Translation | tRNA""]",target code excluded from predictors
cde_subcategory,Translation | tRNA,Translation,tRNA,29267,AQGR,True,True,"[""Translation"",""Translation | tRNA""]",target code excluded from predictors
cde_subcategory,Translation | tRNA,Translation,tRNA,29268,AQGS,True,True,"[""Translation"",""Translation | tRNA""]",target code excluded from predictors
cde_subcategory,Translation | tRNA,Translation,tRNA,29269,AQGT,True,True,"[""Translation"",""Translation | tRNA""]",target code excluded from predictors
cde_subcategory,Translation | tRNA,Translation,tRNA,29270,AQGU,True,True,"[""Translation"",""Translation | tRNA""]",target code excluded from predictors
cde_subcategory,Translation | tRNA,Translation,tRNA,29271,AQGV,True,True,"[""Translation"",""Translation | tRNA""]",target code excluded from predictors
cde_subcategory,Translation | tRNA,Translation,tRNA,29272,AQGW,True,True,"[""Translation"",""Translation | tRNA""]",target code excluded from predictors
cde_subcategory,Translation | tRNA,Translation,tRNA,29273,AQGX,True,True,"[""Translation"",""Translation | tRNA""]",target code excluded from predictors
cde_subcategory,Translation | tRNA,Translation,tRNA,29274,AQGY,True,True,"[""Translation"",""Translation | tRNA""]",target code excluded from predictors
cde_subcategory,Translation | tRNA,Translation,tRNA,29275,AQGZ,True,True,"[""Translation"",""Translation | tRNA""]",target code excluded from predictors
cde_subcategory,Translation | tRNA,Translation,tRNA,29276,AQHA,True,True,"[""Translation"",""Translation | tRNA""]",target code excluded from predictors
cde_subcategory,Translation | tRNA,Translation,tRNA,29277,AQHB,True,True,"[""Translation"",""Translation | tRNA""]",target code excluded from predictors
cde_subcategory,Translation | tRNA,Translation,tRNA,29278,AQHC,True,True,"[""Translation"",""Translation | tRNA""]",target code excluded from predictors
cde_subcategory,Translation | tRNA,Translation,tRNA,29279,AQHD,True,True,"[""Translation"",""Translation | tRNA""]",target code excluded from predictors
cde_subcategory,Translation | tRNA,Translation,tRNA,29280,AQHE,True,True,"[""Translation"",""Translation | tRNA""]",target code excluded from predictors
cde_subcategory,Translation | tRNA,Translation,tRNA,29281,AQHF,True,True,"[""Translation"",""Translation | tRNA""]",target code excluded from predictors
cde_subcategory,Translation | tRNA,Translation,tRNA,29282,AQHG,True,True,"[""Translation"",""Translation | tRNA""]",target code excluded from predictors
cde_subcategory,Translation | tRNA,Translation,tRNA,29283,AQHH,True,True,"[""Translation"",""Translation | tRNA""]",target code excluded from predictors
cde_subcategory,Translation | tRNA,Translation,tRNA,29284,AQHI,True,True,"[""Translation"",""Translation | tRNA""]",target code excluded from predictors
cde_subcategory,Translation | tRNA,Translation,tRNA,29285,AQHJ,True,True,"[""Translation"",""Translation | tRNA""]",target code excluded from predictors
cde_subcategory,Translation | tRNA,Translation,tRNA,29286,AQHK,True,True,"[""Translation"",""Translation | tRNA""]",target code excluded from predictors
cde_subcategory,Translation | tRNA,Translation,tRNA,29287,AQHL,True,True,"[""Translation"",""Translation | tRNA""]",target code excluded from predictors
