analysis,target,module,subcategory,feature_col,Code,included_in_target,removed_from_predictors,overlap_categories,exclusion_reason
cog_lkj,L,Replication,,37,AL,True,True,"[""L""]",target code excluded from predictors
cog_lkj,L,Replication,,47,AV,True,True,"[""L""]",target code excluded from predictors
cog_lkj,L,Replication,,109,DF,True,True,"[""J"",""L""]",target code excluded from predictors
cog_lkj,L,Replication,,111,DH,True,True,"[""J"",""L""]",target code excluded from predictors
cog_lkj,L,Replication,,112,DI,True,True,"[""J"",""L""]",target code excluded from predictors
cog_lkj,L,Replication,,342,ME,True,True,"[""L""]",target code excluded from predictors
cog_lkj,L,Replication,,352,MO,True,True,"[""L""]",target code excluded from predictors
cog_lkj,L,Replication,,353,MP,True,True,"[""L""]",target code excluded from predictors
cog_lkj,L,Replication,,354,MQ,True,True,"[""L""]",target code excluded from predictors
cog_lkj,L,Replication,,355,MR,True,True,"[""K"",""L""]",target code excluded from predictors
cog_lkj,L,Replication,,357,MT,True,True,"[""L""]",target code excluded from predictors
cog_lkj,L,Replication,,358,MU,True,True,"[""L""]",target code excluded from predictors
cog_lkj,L,Replication,,359,MV,True,True,"[""L""]",target code excluded from predictors
cog_lkj,L,Replication,,455,QN,True,True,"[""L""]",target code excluded from predictors
cog_lkj,L,Replication,,630,XG,True,True,"[""L""]",target code excluded from predictors
cog_lkj,L,Replication,,632,XI,True,True,"[""L""]",target code excluded from predictors
cog_lkj,L,Replication,,685,ZJ,True,True,"[""L""]",target code excluded from predictors
cog_lkj,L,Replication,,767,ACN,True,True,"[""L""]",target code excluded from predictors
cog_lkj,L,Replication,,810,AEE,True,True,"[""K"",""L""]",target code excluded from predictors
cog_lkj,L,Replication,,819,AEN,True,True,"[""L""]",target code excluded from predictors
cog_lkj,L,Replication,,820,AEO,True,True,"[""L""]",target code excluded from predictors
cog_lkj,L,Replication,,824,AES,True,True,"[""L""]",target code excluded from predictors
cog_lkj,L,Replication,,832,AFA,True,True,"[""K"",""L""]",target code excluded from predictors
cog_lkj,L,Replication,,833,AFB,True,True,"[""K"",""L""]",target code excluded from predictors
cog_lkj,L,Replication,,835,AFD,True,True,"[""K"",""L""]",target code excluded from predictors
cog_lkj,L,Replication,,878,AGU,True,True,"[""K"",""L""]",target code excluded from predictors
cog_lkj,L,Replication,,887,AHD,True,True,"[""J"",""L""]",target code excluded from predictors
cog_lkj,L,Replication,,905,AHV,True,True,"[""L""]",target code excluded from predictors
cog_lkj,L,Replication,,924,AIO,True,True,"[""L""]",target code excluded from predictors
cog_lkj,L,Replication,,932,AIW,True,True,"[""L""]",target code excluded from predictors
cog_lkj,L,Replication,,948,AJM,True,True,"[""K"",""L""]",target code excluded from predictors
cog_lkj,L,Replication,,959,AJX,True,True,"[""L""]",target code excluded from predictors
cog_lkj,L,Replication,,966,AKE,True,True,"[""L""]",target code excluded from predictors
cog_lkj,L,Replication,,971,AKJ,True,True,"[""L""]",target code excluded from predictors
cog_lkj,L,Replication,,1031,AMR,True,True,"[""K"",""L""]",target code excluded from predictors
cog_lkj,L,Replication,,1065,ANZ,True,True,"[""L""]",target code excluded from predictors
cog_lkj,L,Replication,,1066,AOA,True,True,"[""L""]",target code excluded from predictors
cog_lkj,L,Replication,,1067,AOB,True,True,"[""J"",""K"",""L""]",target code excluded from predictors
cog_lkj,L,Replication,,1081,AOP,True,True,"[""K"",""L""]",target code excluded from predictors
cog_lkj,L,Replication,,1082,AOQ,True,True,"[""K"",""L""]",target code excluded from predictors
cog_lkj,L,Replication,,1083,AOR,True,True,"[""L""]",target code excluded from predictors
cog_lkj,L,Replication,,1084,AOS,True,True,"[""L""]",target code excluded from predictors
cog_lkj,L,Replication,,1085,AOT,True,True,"[""L""]",target code excluded from predictors
cog_lkj,L,Replication,,1086,AOU,True,True,"[""L""]",target code excluded from predictors
cog_lkj,L,Replication,,1087,AOV,True,True,"[""L""]",target code excluded from predictors
cog_lkj,L,Replication,,1089,AOX,True,True,"[""J"",""K"",""L""]",target code excluded from predictors
cog_lkj,L,Replication,,1090,AOY,True,True,"[""J"",""K"",""L""]",target code excluded from predictors
cog_lkj,L,Replication,,1091,AOZ,True,True,"[""L""]",target code excluded from predictors
cog_lkj,L,Replication,,1092,APA,True,True,"[""J"",""K"",""L""]",target code excluded from predictors
cog_lkj,L,Replication,,1093,APB,True,True,"[""J"",""K"",""L""]",target code excluded from predictors
cog_lkj,L,Replication,,1094,APC,True,True,"[""J"",""K"",""L""]",target code excluded from predictors
cog_lkj,L,Replication,,1095,APD,True,True,"[""L""]",target code excluded from predictors
cog_lkj,L,Replication,,1103,APL,True,True,"[""L""]",target code excluded from predictors
cog_lkj,L,Replication,,1105,APN,True,True,"[""K"",""L""]",target code excluded from predictors
cog_lkj,L,Replication,,1107,APP,True,True,"[""L""]",target code excluded from predictors
cog_lkj,L,Replication,,1108,APQ,True,True,"[""L""]",target code excluded from predictors
cog_lkj,L,Replication,,1112,APU,True,True,"[""L""]",target code excluded from predictors
cog_lkj,L,Replication,,1121,AQD,True,True,"[""L""]",target code excluded from predictors
cog_lkj,L,Replication,,1130,AQM,True,True,"[""J"",""L""]",target code excluded from predictors
cog_lkj,L,Replication,,1142,AQY,True,True,"[""L""]",target code excluded from predictors
cog_lkj,L,Replication,,1143,AQZ,True,True,"[""L""]",target code excluded from predictors
cog_lkj,L,Replication,,1154,ARK,True,True,"[""L""]",target code excluded from predictors
cog_lkj,L,Replication,,1158,ARO,True,True,"[""L""]",target code excluded from predictors
cog_lkj,L,Replication,,1169,ARZ,True,True,"[""K"",""L""]",target code excluded from predictors
cog_lkj,L,Replication,,1179,ASJ,True,True,"[""L""]",target code excluded from predictors
cog_lkj,L,Replication,,1200,ATE,True,True,"[""L""]",target code excluded from predictors
cog_lkj,L,Replication,,1221,ATZ,True,True,"[""K"",""L""]",target code excluded from predictors
cog_lkj,L,Replication,,1226,AUE,True,True,"[""L""]",target code excluded from predictors
cog_lkj,L,Replication,,1241,AUT,True,True,"[""K"",""L""]",target code excluded from predictors
cog_lkj,L,Replication,,1251,AVD,True,True,"[""L""]",target code excluded from predictors
cog_lkj,L,Replication,,1252,AVE,True,True,"[""L""]",target code excluded from predictors
cog_lkj,L,Replication,,1260,AVM,True,True,"[""L""]",target code excluded from predictors
cog_lkj,L,Replication,,1276,AWC,True,True,"[""J"",""K"",""L""]",target code excluded from predictors
cog_lkj,L,Replication,,1378,BAA,True,True,"[""K"",""L""]",target code excluded from predictors
cog_lkj,L,Replication,,1379,BAB,True,True,"[""L""]",target code excluded from predictors
cog_lkj,L,Replication,,1382,BAE,True,True,"[""L""]",target code excluded from predictors
cog_lkj,L,Replication,,1384,BAG,True,True,"[""K"",""L""]",target code excluded from predictors
cog_lkj,L,Replication,,1385,BAH,True,True,"[""K"",""L""]",target code excluded from predictors
cog_lkj,L,Replication,,1386,BAI,True,True,"[""L""]",target code excluded from predictors
cog_lkj,L,Replication,,1397,BAT,True,True,"[""L""]",target code excluded from predictors
cog_lkj,L,Replication,,1445,BCP,True,True,"[""L""]",target code excluded from predictors
cog_lkj,L,Replication,,1456,BDA,True,True,"[""K"",""L""]",target code excluded from predictors
cog_lkj,L,Replication,,1488,BEG,True,True,"[""L""]",target code excluded from predictors
cog_lkj,L,Replication,,1510,BFC,True,True,"[""L""]",target code excluded from predictors
cog_lkj,L,Replication,,1554,BGU,True,True,"[""J"",""K"",""L""]",target code excluded from predictors
cog_lkj,L,Replication,,1568,BHI,True,True,"[""J"",""L""]",target code excluded from predictors
cog_lkj,L,Replication,,1653,BKP,True,True,"[""K"",""L""]",target code excluded from predictors
cog_lkj,L,Replication,,1655,BKR,True,True,"[""L""]",target code excluded from predictors
cog_lkj,L,Replication,,1716,BNA,True,True,"[""L""]",target code excluded from predictors
cog_lkj,L,Replication,,1717,BNB,True,True,"[""L""]",target code excluded from predictors
cog_lkj,L,Replication,,1718,BNC,True,True,"[""L""]",target code excluded from predictors
cog_lkj,L,Replication,,1719,BND,True,True,"[""L""]",target code excluded from predictors
cog_lkj,L,Replication,,1724,BNI,True,True,"[""K"",""L""]",target code excluded from predictors
cog_lkj,L,Replication,,1726,BNK,True,True,"[""L""]",target code excluded from predictors
cog_lkj,L,Replication,,1727,BNL,True,True,"[""L""]",target code excluded from predictors
cog_lkj,L,Replication,,1730,BNO,True,True,"[""L""]",target code excluded from predictors
cog_lkj,L,Replication,,1731,BNP,True,True,"[""L""]",target code excluded from predictors
cog_lkj,L,Replication,,1733,BNR,True,True,"[""L""]",target code excluded from predictors
cog_lkj,L,Replication,,1788,BPU,True,True,"[""L""]",target code excluded from predictors
cog_lkj,L,Replication,,1854,BSI,True,True,"[""L""]",target code excluded from predictors
cog_lkj,L,Replication,,1924,BVA,True,True,"[""L""]",target code excluded from predictors
cog_lkj,L,Replication,,1957,BWH,True,True,"[""L""]",target code excluded from predictors
cog_lkj,L,Replication,,1959,BWJ,True,True,"[""J"",""K"",""L""]",target code excluded from predictors
cog_lkj,L,Replication,,1978,BXC,True,True,"[""K"",""L""]",target code excluded from predictors
cog_lkj,L,Replication,,2205,CFV,True,True,"[""K"",""L""]",target code excluded from predictors
cog_lkj,L,Replication,,2211,CGB,True,True,"[""L""]",target code excluded from predictors
cog_lkj,L,Replication,,2212,CGC,True,True,"[""L""]",target code excluded from predictors
cog_lkj,L,Replication,,2215,CGF,True,True,"[""J"",""K"",""L""]",target code excluded from predictors
cog_lkj,L,Replication,,2216,CGG,True,True,"[""K"",""L""]",target code excluded from predictors
cog_lkj,L,Replication,,2217,CGH,True,True,"[""J"",""K"",""L""]",target code excluded from predictors
cog_lkj,L,Replication,,2218,CGI,True,True,"[""L""]",target code excluded from predictors
cog_lkj,L,Replication,,2219,CGJ,True,True,"[""L""]",target code excluded from predictors
cog_lkj,L,Replication,,2225,CGP,True,True,"[""L""]",target code excluded from predictors
cog_lkj,L,Replication,,2226,CGQ,True,True,"[""L""]",target code excluded from predictors
cog_lkj,L,Replication,,2227,CGR,True,True,"[""J"",""L""]",target code excluded from predictors
cog_lkj,L,Replication,,2234,CGY,True,True,"[""L""]",target code excluded from predictors
cog_lkj,L,Replication,,2235,CGZ,True,True,"[""K"",""L""]",target code excluded from predictors
cog_lkj,L,Replication,,2241,CHF,True,True,"[""K"",""L""]",target code excluded from predictors
cog_lkj,L,Replication,,2258,CHW,True,True,"[""L""]",target code excluded from predictors
cog_lkj,L,Replication,,2261,CHZ,True,True,"[""L""]",target code excluded from predictors
cog_lkj,L,Replication,,2263,CIB,True,True,"[""L""]",target code excluded from predictors
cog_lkj,L,Replication,,2265,CID,True,True,"[""L""]",target code excluded from predictors
cog_lkj,L,Replication,,2266,CIE,True,True,"[""L""]",target code excluded from predictors
cog_lkj,L,Replication,,2272,CIK,True,True,"[""L""]",target code excluded from predictors
cog_lkj,L,Replication,,2274,CIM,True,True,"[""K"",""L""]",target code excluded from predictors
cog_lkj,L,Replication,,2277,CIP,True,True,"[""L""]",target code excluded from predictors
cog_lkj,L,Replication,,2280,CIS,True,True,"[""L""]",target code excluded from predictors
cog_lkj,L,Replication,,2286,CIY,True,True,"[""L""]",target code excluded from predictors
cog_lkj,L,Replication,,2288,CJA,True,True,"[""L""]",target code excluded from predictors
cog_lkj,L,Replication,,2289,CJB,True,True,"[""L""]",target code excluded from predictors
cog_lkj,L,Replication,,2290,CJC,True,True,"[""L""]",target code excluded from predictors
cog_lkj,L,Replication,,2293,CJF,True,True,"[""L""]",target code excluded from predictors
cog_lkj,L,Replication,,2294,CJG,True,True,"[""L""]",target code excluded from predictors
cog_lkj,L,Replication,,2296,CJI,True,True,"[""L""]",target code excluded from predictors
cog_lkj,L,Replication,,2298,CJK,True,True,"[""L""]",target code excluded from predictors
cog_lkj,L,Replication,,2299,CJL,True,True,"[""L""]",target code excluded from predictors
cog_lkj,L,Replication,,2300,CJM,True,True,"[""L""]",target code excluded from predictors
cog_lkj,L,Replication,,2301,CJN,True,True,"[""L""]",target code excluded from predictors
cog_lkj,L,Replication,,2302,CJO,True,True,"[""L""]",target code excluded from predictors
cog_lkj,L,Replication,,2303,CJP,True,True,"[""L""]",target code excluded from predictors
cog_lkj,L,Replication,,2304,CJQ,True,True,"[""L""]",target code excluded from predictors
cog_lkj,L,Replication,,2305,CJR,True,True,"[""L""]",target code excluded from predictors
cog_lkj,L,Replication,,2306,CJS,True,True,"[""L""]",target code excluded from predictors
cog_lkj,L,Replication,,2307,CJT,True,True,"[""L""]",target code excluded from predictors
cog_lkj,L,Replication,,2308,CJU,True,True,"[""L""]",target code excluded from predictors
cog_lkj,L,Replication,,2311,CJX,True,True,"[""L""]",target code excluded from predictors
cog_lkj,L,Replication,,2313,CJZ,True,True,"[""L""]",target code excluded from predictors
cog_lkj,L,Replication,,2317,CKD,True,True,"[""L""]",target code excluded from predictors
cog_lkj,L,Replication,,2318,CKE,True,True,"[""L""]",target code excluded from predictors
cog_lkj,L,Replication,,2319,CKF,True,True,"[""L""]",target code excluded from predictors
cog_lkj,L,Replication,,2320,CKG,True,True,"[""L""]",target code excluded from predictors
cog_lkj,L,Replication,,2321,CKH,True,True,"[""L""]",target code excluded from predictors
cog_lkj,L,Replication,,2326,CKM,True,True,"[""K"",""L""]",target code excluded from predictors
cog_lkj,L,Replication,,2327,CKN,True,True,"[""L""]",target code excluded from predictors
cog_lkj,L,Replication,,2328,CKO,True,True,"[""L""]",target code excluded from predictors
cog_lkj,L,Replication,,2329,CKP,True,True,"[""L""]",target code excluded from predictors
cog_lkj,L,Replication,,2331,CKR,True,True,"[""L""]",target code excluded from predictors
cog_lkj,L,Replication,,2332,CKS,True,True,"[""L""]",target code excluded from predictors
cog_lkj,L,Replication,,2333,CKT,True,True,"[""L""]",target code excluded from predictors
cog_lkj,L,Replication,,2334,CKU,True,True,"[""L""]",target code excluded from predictors
cog_lkj,L,Replication,,2336,CKW,True,True,"[""L""]",target code excluded from predictors
cog_lkj,L,Replication,,2338,CKY,True,True,"[""L""]",target code excluded from predictors
cog_lkj,L,Replication,,2344,CLE,True,True,"[""K"",""L""]",target code excluded from predictors
cog_lkj,L,Replication,,2347,CLH,True,True,"[""L""]",target code excluded from predictors
cog_lkj,L,Replication,,2348,CLI,True,True,"[""L""]",target code excluded from predictors
cog_lkj,L,Replication,,2349,CLJ,True,True,"[""L""]",target code excluded from predictors
cog_lkj,L,Replication,,2351,CLL,True,True,"[""L""]",target code excluded from predictors
cog_lkj,L,Replication,,2352,CLM,True,True,"[""L""]",target code excluded from predictors
cog_lkj,L,Replication,,2356,CLQ,True,True,"[""L""]",target code excluded from predictors
cog_lkj,L,Replication,,2357,CLR,True,True,"[""L""]",target code excluded from predictors
cog_lkj,L,Replication,,2358,CLS,True,True,"[""L""]",target code excluded from predictors
cog_lkj,L,Replication,,2359,CLT,True,True,"[""L""]",target code excluded from predictors
cog_lkj,L,Replication,,2360,CLU,True,True,"[""L""]",target code excluded from predictors
cog_lkj,L,Replication,,2361,CLV,True,True,"[""L""]",target code excluded from predictors
cog_lkj,L,Replication,,2362,CLW,True,True,"[""L""]",target code excluded from predictors
cog_lkj,L,Replication,,2363,CLX,True,True,"[""L""]",target code excluded from predictors
cog_lkj,L,Replication,,2364,CLY,True,True,"[""L""]",target code excluded from predictors
cog_lkj,L,Replication,,2365,CLZ,True,True,"[""L""]",target code excluded from predictors
cog_lkj,L,Replication,,2366,CMA,True,True,"[""L""]",target code excluded from predictors
cog_lkj,L,Replication,,2367,CMB,True,True,"[""L""]",target code excluded from predictors
cog_lkj,L,Replication,,2368,CMC,True,True,"[""L""]",target code excluded from predictors
cog_lkj,L,Replication,,2369,CMD,True,True,"[""L""]",target code excluded from predictors
cog_lkj,L,Replication,,2370,CME,True,True,"[""L""]",target code excluded from predictors
cog_lkj,L,Replication,,2372,CMG,True,True,"[""L""]",target code excluded from predictors
cog_lkj,L,Replication,,2374,CMI,True,True,"[""L""]",target code excluded from predictors
cog_lkj,L,Replication,,2377,CML,True,True,"[""L""]",target code excluded from predictors
cog_lkj,L,Replication,,2379,CMN,True,True,"[""L""]",target code excluded from predictors
cog_lkj,L,Replication,,2381,CMP,True,True,"[""L""]",target code excluded from predictors
cog_lkj,L,Replication,,2382,CMQ,True,True,"[""L""]",target code excluded from predictors
cog_lkj,L,Replication,,2383,CMR,True,True,"[""L""]",target code excluded from predictors
cog_lkj,L,Replication,,2384,CMS,True,True,"[""L""]",target code excluded from predictors
cog_lkj,L,Replication,,2386,CMU,True,True,"[""L""]",target code excluded from predictors
cog_lkj,L,Replication,,2388,CMW,True,True,"[""L""]",target code excluded from predictors
cog_lkj,L,Replication,,2389,CMX,True,True,"[""K"",""L""]",target code excluded from predictors
cog_lkj,L,Replication,,2390,CMY,True,True,"[""L""]",target code excluded from predictors
cog_lkj,L,Replication,,2391,CMZ,True,True,"[""L""]",target code excluded from predictors
cog_lkj,L,Replication,,2393,CNB,True,True,"[""L""]",target code excluded from predictors
cog_lkj,L,Replication,,2395,CND,True,True,"[""L""]",target code excluded from predictors
cog_lkj,L,Replication,,2398,CNG,True,True,"[""L""]",target code excluded from predictors
cog_lkj,L,Replication,,2402,CNK,True,True,"[""L""]",target code excluded from predictors
cog_lkj,L,Replication,,2404,CNM,True,True,"[""L""]",target code excluded from predictors
cog_lkj,L,Replication,,2408,CNQ,True,True,"[""L""]",target code excluded from predictors
cog_lkj,L,Replication,,2409,CNR,True,True,"[""L""]",target code excluded from predictors
cog_lkj,L,Replication,,2410,CNS,True,True,"[""L""]",target code excluded from predictors
cog_lkj,L,Replication,,2412,CNU,True,True,"[""L""]",target code excluded from predictors
cog_lkj,L,Replication,,2413,CNV,True,True,"[""L""]",target code excluded from predictors
cog_lkj,L,Replication,,2414,CNW,True,True,"[""L""]",target code excluded from predictors
cog_lkj,L,Replication,,2418,COA,True,True,"[""L""]",target code excluded from predictors
cog_lkj,L,Replication,,2419,COB,True,True,"[""L""]",target code excluded from predictors
cog_lkj,L,Replication,,2420,COC,True,True,"[""L""]",target code excluded from predictors
cog_lkj,L,Replication,,2421,COD,True,True,"[""L""]",target code excluded from predictors
cog_lkj,L,Replication,,2422,COE,True,True,"[""L""]",target code excluded from predictors
cog_lkj,L,Replication,,2425,COH,True,True,"[""L""]",target code excluded from predictors
cog_lkj,L,Replication,,2426,COI,True,True,"[""L""]",target code excluded from predictors
cog_lkj,L,Replication,,2427,COJ,True,True,"[""L""]",target code excluded from predictors
cog_lkj,L,Replication,,2428,COK,True,True,"[""L""]",target code excluded from predictors
cog_lkj,L,Replication,,2429,COL,True,True,"[""L""]",target code excluded from predictors
cog_lkj,L,Replication,,2431,CON,True,True,"[""L""]",target code excluded from predictors
cog_lkj,L,Replication,,2432,COO,True,True,"[""J"",""L""]",target code excluded from predictors
cog_lkj,L,Replication,,2433,COP,True,True,"[""L""]",target code excluded from predictors
cog_lkj,L,Replication,,2439,COV,True,True,"[""L""]",target code excluded from predictors
cog_lkj,L,Replication,,2442,COY,True,True,"[""L""]",target code excluded from predictors
cog_lkj,L,Replication,,2443,COZ,True,True,"[""L""]",target code excluded from predictors
cog_lkj,L,Replication,,2445,CPB,True,True,"[""L""]",target code excluded from predictors
cog_lkj,L,Replication,,2446,CPC,True,True,"[""L""]",target code excluded from predictors
cog_lkj,L,Replication,,2447,CPD,True,True,"[""L""]",target code excluded from predictors
cog_lkj,L,Replication,,2448,CPE,True,True,"[""L""]",target code excluded from predictors
cog_lkj,L,Replication,,2449,CPF,True,True,"[""L""]",target code excluded from predictors
cog_lkj,L,Replication,,2450,CPG,True,True,"[""L""]",target code excluded from predictors
cog_lkj,L,Replication,,2451,CPH,True,True,"[""L""]",target code excluded from predictors
cog_lkj,L,Replication,,2452,CPI,True,True,"[""L""]",target code excluded from predictors
cog_lkj,L,Replication,,2454,CPK,True,True,"[""L""]",target code excluded from predictors
cog_lkj,L,Replication,,2455,CPL,True,True,"[""L""]",target code excluded from predictors
cog_lkj,L,Replication,,2456,CPM,True,True,"[""L""]",target code excluded from predictors
cog_lkj,L,Replication,,2457,CPN,True,True,"[""L""]",target code excluded from predictors
cog_lkj,L,Replication,,2458,CPO,True,True,"[""L""]",target code excluded from predictors
cog_lkj,L,Replication,,2464,CPU,True,True,"[""L""]",target code excluded from predictors
cog_lkj,L,Replication,,2477,CQH,True,True,"[""L""]",target code excluded from predictors
cog_lkj,L,Replication,,2478,CQI,True,True,"[""K"",""L""]",target code excluded from predictors
cog_lkj,L,Replication,,2479,CQJ,True,True,"[""K"",""L""]",target code excluded from predictors
cog_lkj,L,Replication,,2480,CQK,True,True,"[""L""]",target code excluded from predictors
cog_lkj,L,Replication,,2481,CQL,True,True,"[""L""]",target code excluded from predictors
cog_lkj,L,Replication,,2485,CQP,True,True,"[""L""]",target code excluded from predictors
cog_lkj,L,Replication,,2487,CQR,True,True,"[""K"",""L""]",target code excluded from predictors
cog_lkj,L,Replication,,2490,CQU,True,True,"[""L""]",target code excluded from predictors
cog_lkj,L,Replication,,2491,CQV,True,True,"[""K"",""L""]",target code excluded from predictors
cog_lkj,L,Replication,,2515,CRT,True,True,"[""K"",""L""]",target code excluded from predictors
cog_lkj,L,Replication,,2551,CTD,True,True,"[""L""]",target code excluded from predictors
cog_lkj,L,Replication,,2553,CTF,True,True,"[""L""]",target code excluded from predictors
cog_lkj,L,Replication,,2555,CTH,True,True,"[""L""]",target code excluded from predictors
cog_lkj,L,Replication,,2556,CTI,True,True,"[""L""]",target code excluded from predictors
cog_lkj,L,Replication,,2581,CUH,True,True,"[""L""]",target code excluded from predictors
cog_lkj,L,Replication,,2582,CUI,True,True,"[""L""]",target code excluded from predictors
cog_lkj,L,Replication,,2584,CUK,True,True,"[""L""]",target code excluded from predictors
cog_lkj,L,Replication,,2586,CUM,True,True,"[""L""]",target code excluded from predictors
cog_lkj,L,Replication,,2587,CUN,True,True,"[""L""]",target code excluded from predictors
cog_lkj,L,Replication,,2589,CUP,True,True,"[""L""]",target code excluded from predictors
cog_lkj,L,Replication,,2590,CUQ,True,True,"[""L""]",target code excluded from predictors
cog_lkj,L,Replication,,2592,CUS,True,True,"[""L""]",target code excluded from predictors
cog_lkj,L,Replication,,2593,CUT,True,True,"[""L""]",target code excluded from predictors
cog_lkj,L,Replication,,2654,CXC,True,True,"[""L""]",target code excluded from predictors
cog_lkj,L,Replication,,2670,CXS,True,True,"[""L""]",target code excluded from predictors
cog_lkj,L,Replication,,2671,CXT,True,True,"[""L""]",target code excluded from predictors
cog_lkj,L,Replication,,2692,CYO,True,True,"[""L""]",target code excluded from predictors
cog_lkj,L,Replication,,2758,DBC,True,True,"[""L""]",target code excluded from predictors
cog_lkj,L,Replication,,2764,DBI,True,True,"[""K"",""L""]",target code excluded from predictors
cog_lkj,L,Replication,,2869,DFJ,True,True,"[""L""]",target code excluded from predictors
cog_lkj,L,Replication,,2889,DGD,True,True,"[""K"",""L""]",target code excluded from predictors
cog_lkj,L,Replication,,2922,DHK,True,True,"[""L""]",target code excluded from predictors
cog_lkj,L,Replication,,2985,DJV,True,True,"[""K"",""L""]",target code excluded from predictors
cog_lkj,L,Replication,,2993,DKD,True,True,"[""L""]",target code excluded from predictors
cog_lkj,L,Replication,,3014,DKY,True,True,"[""L""]",target code excluded from predictors
cog_lkj,L,Replication,,3047,DMF,True,True,"[""L""]",target code excluded from predictors
cog_lkj,L,Replication,,3106,DOM,True,True,"[""L""]",target code excluded from predictors
cog_lkj,L,Replication,,3116,DOW,True,True,"[""L""]",target code excluded from predictors
cog_lkj,L,Replication,,3124,DPE,True,True,"[""L""]",target code excluded from predictors
cog_lkj,L,Replication,,3293,DVR,True,True,"[""L""]",target code excluded from predictors
cog_lkj,L,Replication,,3294,DVS,True,True,"[""L""]",target code excluded from predictors
cog_lkj,L,Replication,,3295,DVT,True,True,"[""L""]",target code excluded from predictors
cog_lkj,L,Replication,,3349,DXV,True,True,"[""L""]",target code excluded from predictors
cog_lkj,L,Replication,,3360,DYG,True,True,"[""K"",""L""]",target code excluded from predictors
cog_lkj,L,Replication,,3437,EBF,True,True,"[""L""]",target code excluded from predictors
cog_lkj,L,Replication,,3438,EBG,True,True,"[""K"",""L""]",target code excluded from predictors
cog_lkj,L,Replication,,3458,ECA,True,True,"[""K"",""L""]",target code excluded from predictors
cog_lkj,L,Replication,,3494,EDK,True,True,"[""L""]",target code excluded from predictors
cog_lkj,L,Replication,,3536,EFA,True,True,"[""L""]",target code excluded from predictors
cog_lkj,L,Replication,,3556,EFU,True,True,"[""L""]",target code excluded from predictors
cog_lkj,L,Replication,,3566,EGE,True,True,"[""L""]",target code excluded from predictors
cog_lkj,L,Replication,,3637,EIX,True,True,"[""L""]",target code excluded from predictors
cog_lkj,L,Replication,,3663,EJX,True,True,"[""L""]",target code excluded from predictors
cog_lkj,L,Replication,,3758,ENO,True,True,"[""L""]",target code excluded from predictors
cog_lkj,L,Replication,,3761,ENR,True,True,"[""K"",""L""]",target code excluded from predictors
cog_lkj,L,Replication,,3775,EOF,True,True,"[""L""]",target code excluded from predictors
cog_lkj,L,Replication,,3784,EOO,True,True,"[""L""]",target code excluded from predictors
cog_lkj,L,Replication,,3883,ESJ,True,True,"[""L""]",target code excluded from predictors
cog_lkj,L,Replication,,3938,EUM,True,True,"[""L""]",target code excluded from predictors
cog_lkj,L,Replication,,3940,EUO,True,True,"[""L""]",target code excluded from predictors
cog_lkj,L,Replication,,3945,EUT,True,True,"[""L""]",target code excluded from predictors
cog_lkj,L,Replication,,4001,EWX,True,True,"[""L""]",target code excluded from predictors
cog_lkj,L,Replication,,4049,EYT,True,True,"[""L""]",target code excluded from predictors
cog_lkj,L,Replication,,4080,EZY,True,True,"[""L""]",target code excluded from predictors
cog_lkj,L,Replication,,4095,FAN,True,True,"[""L""]",target code excluded from predictors
cog_lkj,L,Replication,,4120,FBM,True,True,"[""L""]",target code excluded from predictors
cog_lkj,L,Replication,,4137,FCD,True,True,"[""L""]",target code excluded from predictors
cog_lkj,L,Replication,,4141,FCH,True,True,"[""K"",""L""]",target code excluded from predictors
cog_lkj,L,Replication,,4160,FDA,True,True,"[""L""]",target code excluded from predictors
cog_lkj,L,Replication,,4219,FFH,True,True,"[""L""]",target code excluded from predictors
cog_lkj,L,Replication,,4241,FGD,True,True,"[""L""]",target code excluded from predictors
cog_lkj,L,Replication,,4258,FGU,True,True,"[""L""]",target code excluded from predictors
cog_lkj,L,Replication,,4260,FGW,True,True,"[""L""]",target code excluded from predictors
cog_lkj,L,Replication,,4261,FGX,True,True,"[""L""]",target code excluded from predictors
cog_lkj,L,Replication,,4262,FGY,True,True,"[""L""]",target code excluded from predictors
cog_lkj,L,Replication,,4277,FHN,True,True,"[""L""]",target code excluded from predictors
cog_lkj,L,Replication,,4341,FJZ,True,True,"[""L""]",target code excluded from predictors
cog_lkj,L,Replication,,4346,FKE,True,True,"[""L""]",target code excluded from predictors
cog_lkj,L,Replication,,4349,FKH,True,True,"[""L""]",target code excluded from predictors
cog_lkj,L,Replication,,4362,FKU,True,True,"[""L""]",target code excluded from predictors
cog_lkj,L,Replication,,4379,FLL,True,True,"[""L""]",target code excluded from predictors
cog_lkj,L,Replication,,4381,FLN,True,True,"[""L""]",target code excluded from predictors
cog_lkj,L,Replication,,4384,FLQ,True,True,"[""L""]",target code excluded from predictors
cog_lkj,L,Replication,,4402,FMI,True,True,"[""L""]",target code excluded from predictors
cog_lkj,L,Replication,,4404,FMK,True,True,"[""L""]",target code excluded from predictors
cog_lkj,L,Replication,,4413,FMT,True,True,"[""L""]",target code excluded from predictors
cog_lkj,L,Replication,,4416,FMW,True,True,"[""K"",""L""]",target code excluded from predictors
cog_lkj,L,Replication,,4448,FOC,True,True,"[""K"",""L""]",target code excluded from predictors
cog_lkj,L,Replication,,4456,FOK,True,True,"[""L""]",target code excluded from predictors
cog_lkj,L,Replication,,4485,FPN,True,True,"[""L""]",target code excluded from predictors
cog_lkj,L,Replication,,4495,FPX,True,True,"[""L""]",target code excluded from predictors
cog_lkj,L,Replication,,4541,FRR,True,True,"[""K"",""L""]",target code excluded from predictors
cog_lkj,L,Replication,,4567,FSR,True,True,"[""L""]",target code excluded from predictors
cog_lkj,L,Replication,,4572,FSW,True,True,"[""L""]",target code excluded from predictors
cog_lkj,L,Replication,,4584,FTI,True,True,"[""L""]",target code excluded from predictors
cog_lkj,L,Replication,,4585,FTJ,True,True,"[""L""]",target code excluded from predictors
cog_lkj,L,Replication,,4588,FTM,True,True,"[""L""]",target code excluded from predictors
cog_lkj,L,Replication,,4596,FTU,True,True,"[""K"",""L""]",target code excluded from predictors
cog_lkj,L,Replication,,4621,FUT,True,True,"[""L""]",target code excluded from predictors
cog_lkj,L,Replication,,4751,FZT,True,True,"[""L""]",target code excluded from predictors
cog_lkj,L,Replication,,4768,GAK,True,True,"[""K"",""L""]",target code excluded from predictors
cog_lkj,L,Replication,,4769,GAL,True,True,"[""K"",""L""]",target code excluded from predictors
cog_lkj,L,Replication,,4815,GCF,True,True,"[""L""]",target code excluded from predictors
cog_lkj,L,Replication,,4901,GFN,True,True,"[""K"",""L""]",target code excluded from predictors
cog_lkj,L,Replication,,5018,GKA,True,True,"[""L""]",target code excluded from predictors
cog_lkj,L,Replication,,5048,GLE,True,True,"[""L""]",target code excluded from predictors
cog_lkj,L,Replication,,5095,GMZ,True,True,"[""L""]",target code excluded from predictors
cog_lkj,L,Replication,,5237,GSL,True,True,"[""L""]",target code excluded from predictors
cog_lkj,L,Replication,,5282,GUE,True,True,"[""L""]",target code excluded from predictors
cog_lkj,L,Replication,,5294,GUQ,True,True,"[""L""]",target code excluded from predictors
cog_lkj,L,Replication,,5355,GWZ,True,True,"[""L""]",target code excluded from predictors
cog_lkj,L,Replication,,5508,HCW,True,True,"[""L""]",target code excluded from predictors
cog_lkj,L,Replication,,5558,HEU,True,True,"[""L""]",target code excluded from predictors
cog_lkj,L,Replication,,5569,HFF,True,True,"[""L""]",target code excluded from predictors
cog_lkj,L,Replication,,5616,HHA,True,True,"[""L""]",target code excluded from predictors
cog_lkj,L,Replication,,5641,HHZ,True,True,"[""L""]",target code excluded from predictors
cog_lkj,L,Replication,,5676,HJI,True,True,"[""L""]",target code excluded from predictors
cog_lkj,L,Replication,,5786,HNO,True,True,"[""K"",""L""]",target code excluded from predictors
cog_lkj,L,Replication,,5980,HVA,True,True,"[""L""]",target code excluded from predictors
cog_lkj,L,Replication,,5990,HVK,True,True,"[""L""]",target code excluded from predictors
cog_lkj,L,Replication,,5992,HVM,True,True,"[""L""]",target code excluded from predictors
cog_lkj,L,Replication,,6023,HWR,True,True,"[""L""]",target code excluded from predictors
cog_lkj,L,Replication,,6090,HZG,True,True,"[""L""]",target code excluded from predictors
cog_lkj,L,Replication,,6214,IEA,True,True,"[""L""]",target code excluded from predictors
cog_lkj,L,Replication,,6218,IEE,True,True,"[""J"",""L""]",target code excluded from predictors
cog_lkj,L,Replication,,6240,IFA,True,True,"[""L""]",target code excluded from predictors
cog_lkj,L,Replication,,6270,IGE,True,True,"[""L""]",target code excluded from predictors
cog_lkj,L,Replication,,6273,IGH,True,True,"[""L""]",target code excluded from predictors
cog_lkj,L,Replication,,6289,IGX,True,True,"[""L""]",target code excluded from predictors
cog_lkj,L,Replication,,6308,IHQ,True,True,"[""L""]",target code excluded from predictors
cog_lkj,L,Replication,,6312,IHU,True,True,"[""K"",""L""]",target code excluded from predictors
cog_lkj,L,Replication,,6317,IHZ,True,True,"[""L""]",target code excluded from predictors
cog_lkj,L,Replication,,6325,IIH,True,True,"[""K"",""L""]",target code excluded from predictors
cog_lkj,L,Replication,,6347,IJD,True,True,"[""L""]",target code excluded from predictors
cog_lkj,L,Replication,,6356,IJM,True,True,"[""J"",""K"",""L""]",target code excluded from predictors
cog_lkj,L,Replication,,6358,IJO,True,True,"[""L""]",target code excluded from predictors
cog_lkj,L,Replication,,6365,IJV,True,True,"[""L""]",target code excluded from predictors
cog_lkj,L,Replication,,6366,IJW,True,True,"[""L""]",target code excluded from predictors
cog_lkj,L,Replication,,6367,IJX,True,True,"[""L""]",target code excluded from predictors
cog_lkj,L,Replication,,6368,IJY,True,True,"[""J"",""L""]",target code excluded from predictors
cog_lkj,L,Replication,,6370,IKA,True,True,"[""L""]",target code excluded from predictors
cog_lkj,L,Replication,,6371,IKB,True,True,"[""L""]",target code excluded from predictors
cog_lkj,L,Replication,,6372,IKC,True,True,"[""L""]",target code excluded from predictors
cog_lkj,L,Replication,,6374,IKE,True,True,"[""L""]",target code excluded from predictors
cog_lkj,L,Replication,,6375,IKF,True,True,"[""K"",""L""]",target code excluded from predictors
cog_lkj,L,Replication,,6376,IKG,True,True,"[""L""]",target code excluded from predictors
cog_lkj,L,Replication,,6377,IKH,True,True,"[""L""]",target code excluded from predictors
cog_lkj,L,Replication,,6378,IKI,True,True,"[""L""]",target code excluded from predictors
cog_lkj,L,Replication,,6380,IKK,True,True,"[""K"",""L""]",target code excluded from predictors
cog_lkj,L,Replication,,6385,IKP,True,True,"[""L""]",target code excluded from predictors
cog_lkj,L,Replication,,6421,ILZ,True,True,"[""J"",""K"",""L""]",target code excluded from predictors
cog_lkj,L,Replication,,6425,IMD,True,True,"[""L""]",target code excluded from predictors
cog_lkj,L,Replication,,6426,IME,True,True,"[""L""]",target code excluded from predictors
cog_lkj,L,Replication,,6502,IPC,True,True,"[""L""]",target code excluded from predictors
cog_lkj,L,Replication,,6504,IPE,True,True,"[""L""]",target code excluded from predictors
cog_lkj,L,Replication,,6520,IPU,True,True,"[""L""]",target code excluded from predictors
cog_lkj,L,Replication,,6535,IQJ,True,True,"[""L""]",target code excluded from predictors
cog_lkj,L,Replication,,6536,IQK,True,True,"[""L""]",target code excluded from predictors
cog_lkj,L,Replication,,6537,IQL,True,True,"[""K"",""L""]",target code excluded from predictors
cog_lkj,L,Replication,,6538,IQM,True,True,"[""L""]",target code excluded from predictors
cog_lkj,L,Replication,,6632,IUC,True,True,"[""L""]",target code excluded from predictors
cog_lkj,L,Replication,,6633,IUD,True,True,"[""L""]",target code excluded from predictors
cog_lkj,L,Replication,,6708,IXA,True,True,"[""L""]",target code excluded from predictors
cog_lkj,L,Replication,,6746,IYM,True,True,"[""K"",""L""]",target code excluded from predictors
cog_lkj,L,Replication,,6789,JAD,True,True,"[""L""]",target code excluded from predictors
cog_lkj,L,Replication,,6862,JCY,True,True,"[""K"",""L""]",target code excluded from predictors
cog_lkj,L,Replication,,6877,JDN,True,True,"[""L""]",target code excluded from predictors
cog_lkj,L,Replication,,6929,JFN,True,True,"[""L""]",target code excluded from predictors
cog_lkj,L,Replication,,6959,JGR,True,True,"[""L""]",target code excluded from predictors
cog_lkj,L,Replication,,6990,JHW,True,True,"[""L""]",target code excluded from predictors
cog_lkj,L,Replication,,7023,JJD,True,True,"[""K"",""L""]",target code excluded from predictors
cog_lkj,L,Replication,,7028,JJI,True,True,"[""L""]",target code excluded from predictors
cog_lkj,L,Replication,,7037,JJR,True,True,"[""J"",""K"",""L""]",target code excluded from predictors
cog_lkj,L,Replication,,7084,JLM,True,True,"[""J"",""K"",""L""]",target code excluded from predictors
cog_lkj,L,Replication,,7137,JNN,True,True,"[""K"",""L""]",target code excluded from predictors
cog_lkj,L,Replication,,7162,JOM,True,True,"[""K"",""L""]",target code excluded from predictors
cog_lkj,L,Replication,,7167,JOR,True,True,"[""K"",""L""]",target code excluded from predictors
cog_lkj,L,Replication,,7238,JRK,True,True,"[""K"",""L""]",target code excluded from predictors
cog_lkj,L,Replication,,7242,JRO,True,True,"[""K"",""L""]",target code excluded from predictors
cog_lkj,L,Replication,,7260,JSG,True,True,"[""L""]",target code excluded from predictors
cog_lkj,L,Replication,,7261,JSH,True,True,"[""L""]",target code excluded from predictors
cog_lkj,L,Replication,,7282,JTC,True,True,"[""J"",""K"",""L""]",target code excluded from predictors
cog_lkj,L,Replication,,7288,JTI,True,True,"[""K"",""L""]",target code excluded from predictors
cog_lkj,L,Replication,,7304,JTY,True,True,"[""L""]",target code excluded from predictors
cog_lkj,L,Replication,,7305,JTZ,True,True,"[""L""]",target code excluded from predictors
cog_lkj,L,Replication,,7320,JUO,True,True,"[""K"",""L""]",target code excluded from predictors
cog_lkj,L,Replication,,7322,JUQ,True,True,"[""L""]",target code excluded from predictors
cog_lkj,L,Replication,,7323,JUR,True,True,"[""K"",""L""]",target code excluded from predictors
cog_lkj,L,Replication,,7324,JUS,True,True,"[""L""]",target code excluded from predictors
cog_lkj,L,Replication,,7341,JVJ,True,True,"[""J"",""L""]",target code excluded from predictors
cog_lkj,L,Replication,,7345,JVN,True,True,"[""K"",""L""]",target code excluded from predictors
cog_lkj,L,Replication,,7397,JXN,True,True,"[""K"",""L""]",target code excluded from predictors
cog_lkj,L,Replication,,7403,JXT,True,True,"[""L""]",target code excluded from predictors
cog_lkj,L,Replication,,7417,JYH,True,True,"[""L""]",target code excluded from predictors
cog_lkj,L,Replication,,7423,JYN,True,True,"[""L""]",target code excluded from predictors
cog_lkj,L,Replication,,7425,JYP,True,True,"[""L""]",target code excluded from predictors
cog_lkj,L,Replication,,7432,JYW,True,True,"[""L""]",target code excluded from predictors
cog_lkj,L,Replication,,7439,JZD,True,True,"[""L""]",target code excluded from predictors
cog_lkj,L,Replication,,7440,JZE,True,True,"[""K"",""L""]",target code excluded from predictors
cog_lkj,L,Replication,,7454,JZS,True,True,"[""L""]",target code excluded from predictors
cog_lkj,L,Replication,,7455,JZT,True,True,"[""L""]",target code excluded from predictors
cog_lkj,L,Replication,,7471,KAJ,True,True,"[""L""]",target code excluded from predictors
cog_lkj,L,Replication,,7498,KBK,True,True,"[""L""]",target code excluded from predictors
cog_lkj,L,Replication,,7499,KBL,True,True,"[""L""]",target code excluded from predictors
cog_lkj,L,Replication,,7500,KBM,True,True,"[""L""]",target code excluded from predictors
cog_lkj,L,Replication,,7501,KBN,True,True,"[""L""]",target code excluded from predictors
cog_lkj,L,Replication,,7502,KBO,True,True,"[""J"",""L""]",target code excluded from predictors
cog_lkj,L,Replication,,7529,KCP,True,True,"[""L""]",target code excluded from predictors
cog_lkj,L,Replication,,7531,KCR,True,True,"[""L""]",target code excluded from predictors
cog_lkj,L,Replication,,7577,KEL,True,True,"[""L""]",target code excluded from predictors
cog_lkj,L,Replication,,7578,KEM,True,True,"[""L""]",target code excluded from predictors
cog_lkj,L,Replication,,7579,KEN,True,True,"[""L""]",target code excluded from predictors
cog_lkj,L,Replication,,7580,KEO,True,True,"[""L""]",target code excluded from predictors
cog_lkj,L,Replication,,7582,KEQ,True,True,"[""L""]",target code excluded from predictors
cog_lkj,L,Replication,,7583,KER,True,True,"[""L""]",target code excluded from predictors
cog_lkj,L,Replication,,7585,KET,True,True,"[""L""]",target code excluded from predictors
cog_lkj,L,Replication,,7586,KEU,True,True,"[""L""]",target code excluded from predictors
cog_lkj,L,Replication,,7591,KEZ,True,True,"[""L""]",target code excluded from predictors
cog_lkj,L,Replication,,7596,KFE,True,True,"[""L""]",target code excluded from predictors
cog_lkj,L,Replication,,7599,KFH,True,True,"[""L""]",target code excluded from predictors
cog_lkj,L,Replication,,7601,KFJ,True,True,"[""L""]",target code excluded from predictors
cog_lkj,L,Replication,,7602,KFK,True,True,"[""L""]",target code excluded from predictors
cog_lkj,L,Replication,,7605,KFN,True,True,"[""L""]",target code excluded from predictors
cog_lkj,L,Replication,,7606,KFO,True,True,"[""L""]",target code excluded from predictors
cog_lkj,L,Replication,,7615,KFX,True,True,"[""L""]",target code excluded from predictors
cog_lkj,L,Replication,,7616,KFY,True,True,"[""L""]",target code excluded from predictors
cog_lkj,L,Replication,,7617,KFZ,True,True,"[""L""]",target code excluded from predictors
cog_lkj,L,Replication,,7618,KGA,True,True,"[""L""]",target code excluded from predictors
cog_lkj,L,Replication,,7619,KGB,True,True,"[""L""]",target code excluded from predictors
cog_lkj,L,Replication,,7620,KGC,True,True,"[""L""]",target code excluded from predictors
cog_lkj,L,Replication,,7622,KGE,True,True,"[""L""]",target code excluded from predictors
cog_lkj,L,Replication,,7627,KGJ,True,True,"[""L""]",target code excluded from predictors
cog_lkj,L,Replication,,7631,KGN,True,True,"[""L""]",target code excluded from predictors
cog_lkj,L,Replication,,7633,KGP,True,True,"[""L""]",target code excluded from predictors
cog_lkj,L,Replication,,7634,KGQ,True,True,"[""L""]",target code excluded from predictors
cog_lkj,L,Replication,,7636,KGS,True,True,"[""L""]",target code excluded from predictors
cog_lkj,L,Replication,,7637,KGT,True,True,"[""L""]",target code excluded from predictors
cog_lkj,L,Replication,,7638,KGU,True,True,"[""L""]",target code excluded from predictors
cog_lkj,L,Replication,,7639,KGV,True,True,"[""L""]",target code excluded from predictors
cog_lkj,L,Replication,,7641,KGX,True,True,"[""L""]",target code excluded from predictors
cog_lkj,L,Replication,,7647,KHD,True,True,"[""L""]",target code excluded from predictors
cog_lkj,L,Replication,,7649,KHF,True,True,"[""L""]",target code excluded from predictors
cog_lkj,L,Replication,,7652,KHI,True,True,"[""L""]",target code excluded from predictors
cog_lkj,L,Replication,,7653,KHJ,True,True,"[""L""]",target code excluded from predictors
cog_lkj,L,Replication,,7654,KHK,True,True,"[""L""]",target code excluded from predictors
cog_lkj,L,Replication,,7655,KHL,True,True,"[""L""]",target code excluded from predictors
cog_lkj,L,Replication,,7656,KHM,True,True,"[""L""]",target code excluded from predictors
cog_lkj,L,Replication,,7658,KHO,True,True,"[""L""]",target code excluded from predictors
cog_lkj,L,Replication,,7661,KHR,True,True,"[""L""]",target code excluded from predictors
cog_lkj,L,Replication,,7662,KHS,True,True,"[""L""]",target code excluded from predictors
cog_lkj,L,Replication,,7664,KHU,True,True,"[""L""]",target code excluded from predictors
cog_lkj,L,Replication,,7673,KID,True,True,"[""L""]",target code excluded from predictors
cog_lkj,L,Replication,,7674,KIE,True,True,"[""L""]",target code excluded from predictors
cog_lkj,L,Replication,,7676,KIG,True,True,"[""L""]",target code excluded from predictors
cog_lkj,L,Replication,,7678,KII,True,True,"[""L""]",target code excluded from predictors
cog_lkj,L,Replication,,7679,KIJ,True,True,"[""L""]",target code excluded from predictors
cog_lkj,L,Replication,,7681,KIL,True,True,"[""L""]",target code excluded from predictors
cog_lkj,L,Replication,,7686,KIQ,True,True,"[""L""]",target code excluded from predictors
cog_lkj,L,Replication,,7695,KIZ,True,True,"[""L""]",target code excluded from predictors
cog_lkj,L,Replication,,7699,KJD,True,True,"[""L""]",target code excluded from predictors
cog_lkj,L,Replication,,7702,KJG,True,True,"[""L""]",target code excluded from predictors
cog_lkj,L,Replication,,7704,KJI,True,True,"[""L""]",target code excluded from predictors
cog_lkj,L,Replication,,7707,KJL,True,True,"[""L""]",target code excluded from predictors
cog_lkj,L,Replication,,7708,KJM,True,True,"[""L""]",target code excluded from predictors
cog_lkj,L,Replication,,7709,KJN,True,True,"[""L""]",target code excluded from predictors
cog_lkj,L,Replication,,7714,KJS,True,True,"[""L""]",target code excluded from predictors
cog_lkj,L,Replication,,7715,KJT,True,True,"[""L""]",target code excluded from predictors
cog_lkj,L,Replication,,7719,KJX,True,True,"[""L""]",target code excluded from predictors
cog_lkj,L,Replication,,7722,KKA,True,True,"[""L""]",target code excluded from predictors
cog_lkj,L,Replication,,7727,KKF,True,True,"[""L""]",target code excluded from predictors
cog_lkj,L,Replication,,7728,KKG,True,True,"[""L""]",target code excluded from predictors
cog_lkj,L,Replication,,7731,KKJ,True,True,"[""L""]",target code excluded from predictors
cog_lkj,L,Replication,,7735,KKN,True,True,"[""L""]",target code excluded from predictors
cog_lkj,L,Replication,,7738,KKQ,True,True,"[""L""]",target code excluded from predictors
cog_lkj,L,Replication,,7739,KKR,True,True,"[""L""]",target code excluded from predictors
cog_lkj,L,Replication,,7741,KKT,True,True,"[""L""]",target code excluded from predictors
cog_lkj,L,Replication,,7747,KKZ,True,True,"[""L""]",target code excluded from predictors
cog_lkj,L,Replication,,7752,KLE,True,True,"[""L""]",target code excluded from predictors
cog_lkj,L,Replication,,7756,KLI,True,True,"[""L""]",target code excluded from predictors
cog_lkj,L,Replication,,7759,KLL,True,True,"[""L""]",target code excluded from predictors
cog_lkj,L,Replication,,7765,KLR,True,True,"[""K"",""L""]",target code excluded from predictors
cog_lkj,L,Replication,,7781,KMH,True,True,"[""L""]",target code excluded from predictors
cog_lkj,L,Replication,,7787,KMN,True,True,"[""L""]",target code excluded from predictors
cog_lkj,L,Replication,,7795,KMV,True,True,"[""L""]",target code excluded from predictors
cog_lkj,L,Replication,,7797,KMX,True,True,"[""L""]",target code excluded from predictors
cog_lkj,L,Replication,,7805,KNF,True,True,"[""L""]",target code excluded from predictors
cog_lkj,L,Replication,,7806,KNG,True,True,"[""L""]",target code excluded from predictors
cog_lkj,L,Replication,,7807,KNH,True,True,"[""L""]",target code excluded from predictors
cog_lkj,L,Replication,,7808,KNI,True,True,"[""L""]",target code excluded from predictors
cog_lkj,L,Replication,,7810,KNK,True,True,"[""L""]",target code excluded from predictors
cog_lkj,L,Replication,,7820,KNU,True,True,"[""L""]",target code excluded from predictors
cog_lkj,L,Replication,,7823,KNX,True,True,"[""L""]",target code excluded from predictors
cog_lkj,L,Replication,,7824,KNY,True,True,"[""L""]",target code excluded from predictors
cog_lkj,L,Replication,,7825,KNZ,True,True,"[""L""]",target code excluded from predictors
cog_lkj,L,Replication,,7826,KOA,True,True,"[""L""]",target code excluded from predictors
cog_lkj,L,Replication,,7829,KOD,True,True,"[""L""]",target code excluded from predictors
cog_lkj,L,Replication,,7831,KOF,True,True,"[""L""]",target code excluded from predictors
cog_lkj,L,Replication,,7832,KOG,True,True,"[""L""]",target code excluded from predictors
cog_lkj,L,Replication,,7835,KOJ,True,True,"[""L""]",target code excluded from predictors
cog_lkj,L,Replication,,7836,KOK,True,True,"[""L""]",target code excluded from predictors
cog_lkj,L,Replication,,7837,KOL,True,True,"[""L""]",target code excluded from predictors
cog_lkj,L,Replication,,7843,KOR,True,True,"[""L""]",target code excluded from predictors
cog_lkj,L,Replication,,7844,KOS,True,True,"[""L""]",target code excluded from predictors
cog_lkj,L,Replication,,7853,KPB,True,True,"[""L""]",target code excluded from predictors
cog_lkj,L,Replication,,7858,KPG,True,True,"[""L""]",target code excluded from predictors
cog_lkj,L,Replication,,7869,KPR,True,True,"[""L""]",target code excluded from predictors
cog_lkj,L,Replication,,7871,KPT,True,True,"[""L""]",target code excluded from predictors
cog_lkj,L,Replication,,7872,KPU,True,True,"[""L""]",target code excluded from predictors
cog_lkj,L,Replication,,7873,KPV,True,True,"[""L""]",target code excluded from predictors
cog_lkj,L,Replication,,7875,KPX,True,True,"[""L""]",target code excluded from predictors
cog_lkj,L,Replication,,7876,KPY,True,True,"[""L""]",target code excluded from predictors
cog_lkj,L,Replication,,7881,KQD,True,True,"[""L""]",target code excluded from predictors
cog_lkj,L,Replication,,7882,KQE,True,True,"[""L""]",target code excluded from predictors
cog_lkj,L,Replication,,7883,KQF,True,True,"[""L""]",target code excluded from predictors
cog_lkj,L,Replication,,7884,KQG,True,True,"[""L""]",target code excluded from predictors
cog_lkj,L,Replication,,7885,KQH,True,True,"[""L""]",target code excluded from predictors
cog_lkj,L,Replication,,7886,KQI,True,True,"[""L""]",target code excluded from predictors
cog_lkj,L,Replication,,7887,KQJ,True,True,"[""L""]",target code excluded from predictors
cog_lkj,L,Replication,,7888,KQK,True,True,"[""L""]",target code excluded from predictors
cog_lkj,L,Replication,,7889,KQL,True,True,"[""L""]",target code excluded from predictors
cog_lkj,L,Replication,,7890,KQM,True,True,"[""L""]",target code excluded from predictors
cog_lkj,L,Replication,,7891,KQN,True,True,"[""L""]",target code excluded from predictors
cog_lkj,L,Replication,,7892,KQO,True,True,"[""L""]",target code excluded from predictors
cog_lkj,L,Replication,,7894,KQQ,True,True,"[""L""]",target code excluded from predictors
cog_lkj,L,Replication,,7895,KQR,True,True,"[""L""]",target code excluded from predictors
cog_lkj,L,Replication,,7898,KQU,True,True,"[""L""]",target code excluded from predictors
cog_lkj,L,Replication,,7899,KQV,True,True,"[""L""]",target code excluded from predictors
cog_lkj,L,Replication,,7900,KQW,True,True,"[""L""]",target code excluded from predictors
cog_lkj,L,Replication,,7901,KQX,True,True,"[""L""]",target code excluded from predictors
cog_lkj,L,Replication,,7902,KQY,True,True,"[""L""]",target code excluded from predictors
cog_lkj,L,Replication,,7904,KRA,True,True,"[""L""]",target code excluded from predictors
cog_lkj,L,Replication,,7908,KRE,True,True,"[""L""]",target code excluded from predictors
cog_lkj,L,Replication,,7910,KRG,True,True,"[""L""]",target code excluded from predictors
cog_lkj,L,Replication,,7911,KRH,True,True,"[""L""]",target code excluded from predictors
cog_lkj,L,Replication,,7913,KRJ,True,True,"[""L""]",target code excluded from predictors
cog_lkj,L,Replication,,7914,KRK,True,True,"[""L""]",target code excluded from predictors
cog_lkj,L,Replication,,7920,KRQ,True,True,"[""L""]",target code excluded from predictors
cog_lkj,L,Replication,,7921,KRR,True,True,"[""L""]",target code excluded from predictors
cog_lkj,L,Replication,,7926,KRW,True,True,"[""L""]",target code excluded from predictors
cog_lkj,L,Replication,,7927,KRX,True,True,"[""L""]",target code excluded from predictors
cog_lkj,L,Replication,,7928,KRY,True,True,"[""L""]",target code excluded from predictors
cog_lkj,L,Replication,,7929,KRZ,True,True,"[""L""]",target code excluded from predictors
cog_lkj,L,Replication,,7932,KSC,True,True,"[""L""]",target code excluded from predictors
cog_lkj,L,Replication,,7933,KSD,True,True,"[""L""]",target code excluded from predictors
cog_lkj,L,Replication,,7934,KSE,True,True,"[""L""]",target code excluded from predictors
cog_lkj,L,Replication,,7935,KSF,True,True,"[""L""]",target code excluded from predictors
cog_lkj,L,Replication,,7936,KSG,True,True,"[""L""]",target code excluded from predictors
cog_lkj,L,Replication,,7937,KSH,True,True,"[""L""]",target code excluded from predictors
cog_lkj,L,Replication,,7940,KSK,True,True,"[""L""]",target code excluded from predictors
cog_lkj,L,Replication,,7941,KSL,True,True,"[""L""]",target code excluded from predictors
cog_lkj,L,Replication,,7942,KSM,True,True,"[""L""]",target code excluded from predictors
cog_lkj,L,Replication,,7943,KSN,True,True,"[""L""]",target code excluded from predictors
cog_lkj,L,Replication,,7944,KSO,True,True,"[""L""]",target code excluded from predictors
cog_lkj,L,Replication,,7945,KSP,True,True,"[""L""]",target code excluded from predictors
cog_lkj,L,Replication,,7946,KSQ,True,True,"[""L""]",target code excluded from predictors
cog_lkj,L,Replication,,7947,KSR,True,True,"[""L""]",target code excluded from predictors
cog_lkj,L,Replication,,7948,KSS,True,True,"[""L""]",target code excluded from predictors
cog_lkj,L,Replication,,7949,KST,True,True,"[""L""]",target code excluded from predictors
cog_lkj,L,Replication,,7951,KSV,True,True,"[""L""]",target code excluded from predictors
cog_lkj,L,Replication,,7952,KSW,True,True,"[""L""]",target code excluded from predictors
cog_lkj,L,Replication,,7953,KSX,True,True,"[""L""]",target code excluded from predictors
cog_lkj,L,Replication,,7961,KTF,True,True,"[""L""]",target code excluded from predictors
cog_lkj,L,Replication,,7962,KTG,True,True,"[""L""]",target code excluded from predictors
cog_lkj,L,Replication,,7963,KTH,True,True,"[""L""]",target code excluded from predictors
cog_lkj,L,Replication,,7964,KTI,True,True,"[""L""]",target code excluded from predictors
cog_lkj,L,Replication,,7965,KTJ,True,True,"[""L""]",target code excluded from predictors
cog_lkj,L,Replication,,7966,KTK,True,True,"[""L""]",target code excluded from predictors
cog_lkj,L,Replication,,7971,KTP,True,True,"[""L""]",target code excluded from predictors
cog_lkj,L,Replication,,7972,KTQ,True,True,"[""L""]",target code excluded from predictors
cog_lkj,L,Replication,,7975,KTT,True,True,"[""L""]",target code excluded from predictors
cog_lkj,L,Replication,,7978,KTW,True,True,"[""L""]",target code excluded from predictors
cog_lkj,L,Replication,,7994,KUM,True,True,"[""L""]",target code excluded from predictors
cog_lkj,L,Replication,,7995,KUN,True,True,"[""L""]",target code excluded from predictors
cog_lkj,L,Replication,,7996,KUO,True,True,"[""L""]",target code excluded from predictors
cog_lkj,L,Replication,,7998,KUQ,True,True,"[""L""]",target code excluded from predictors
cog_lkj,L,Replication,,8001,KUT,True,True,"[""L""]",target code excluded from predictors
cog_lkj,L,Replication,,8002,KUU,True,True,"[""L""]",target code excluded from predictors
cog_lkj,L,Replication,,8003,KUV,True,True,"[""L""]",target code excluded from predictors
cog_lkj,L,Replication,,8005,KUX,True,True,"[""L""]",target code excluded from predictors
cog_lkj,L,Replication,,8007,KUZ,True,True,"[""L""]",target code excluded from predictors
cog_lkj,L,Replication,,8008,KVA,True,True,"[""L""]",target code excluded from predictors
cog_lkj,L,Replication,,8009,KVB,True,True,"[""L""]",target code excluded from predictors
cog_lkj,L,Replication,,8010,KVC,True,True,"[""L""]",target code excluded from predictors
cog_lkj,L,Replication,,8011,KVD,True,True,"[""L""]",target code excluded from predictors
cog_lkj,L,Replication,,8012,KVE,True,True,"[""L""]",target code excluded from predictors
cog_lkj,L,Replication,,8021,KVN,True,True,"[""L""]",target code excluded from predictors
cog_lkj,L,Replication,,8022,KVO,True,True,"[""L""]",target code excluded from predictors
cog_lkj,L,Replication,,8024,KVQ,True,True,"[""L""]",target code excluded from predictors
cog_lkj,L,Replication,,8025,KVR,True,True,"[""L""]",target code excluded from predictors
cog_lkj,L,Replication,,8028,KVU,True,True,"[""L""]",target code excluded from predictors
cog_lkj,L,Replication,,8032,KVY,True,True,"[""L""]",target code excluded from predictors
cog_lkj,L,Replication,,8041,KWH,True,True,"[""L""]",target code excluded from predictors
cog_lkj,L,Replication,,8043,KWJ,True,True,"[""L""]",target code excluded from predictors
cog_lkj,L,Replication,,8047,KWN,True,True,"[""L""]",target code excluded from predictors
cog_lkj,L,Replication,,8053,KWT,True,True,"[""L""]",target code excluded from predictors
cog_lkj,L,Replication,,8054,KWU,True,True,"[""L""]",target code excluded from predictors
cog_lkj,L,Replication,,8055,KWV,True,True,"[""L""]",target code excluded from predictors
cog_lkj,L,Replication,,8056,KWW,True,True,"[""L""]",target code excluded from predictors
cog_lkj,L,Replication,,8057,KWX,True,True,"[""L""]",target code excluded from predictors
cog_lkj,L,Replication,,8061,KXB,True,True,"[""L""]",target code excluded from predictors
cog_lkj,L,Replication,,8063,KXD,True,True,"[""L""]",target code excluded from predictors
cog_lkj,L,Replication,,8065,KXF,True,True,"[""L""]",target code excluded from predictors
cog_lkj,L,Replication,,8072,KXM,True,True,"[""L""]",target code excluded from predictors
cog_lkj,L,Replication,,8073,KXN,True,True,"[""L""]",target code excluded from predictors
cog_lkj,L,Replication,,8074,KXO,True,True,"[""L""]",target code excluded from predictors
cog_lkj,L,Replication,,8075,KXP,True,True,"[""L""]",target code excluded from predictors
cog_lkj,L,Replication,,8080,KXU,True,True,"[""L""]",target code excluded from predictors
cog_lkj,L,Replication,,8081,KXV,True,True,"[""L""]",target code excluded from predictors
cog_lkj,L,Replication,,8083,KXX,True,True,"[""L""]",target code excluded from predictors
cog_lkj,L,Replication,,8088,KYC,True,True,"[""L""]",target code excluded from predictors
cog_lkj,L,Replication,,8089,KYD,True,True,"[""L""]",target code excluded from predictors
cog_lkj,L,Replication,,8090,KYE,True,True,"[""L""]",target code excluded from predictors
cog_lkj,L,Replication,,8096,KYK,True,True,"[""L""]",target code excluded from predictors
cog_lkj,L,Replication,,8102,KYQ,True,True,"[""L""]",target code excluded from predictors
cog_lkj,L,Replication,,8106,KYU,True,True,"[""L""]",target code excluded from predictors
cog_lkj,L,Replication,,8108,KYW,True,True,"[""L""]",target code excluded from predictors
cog_lkj,L,Replication,,8109,KYX,True,True,"[""L""]",target code excluded from predictors
cog_lkj,L,Replication,,8110,KYY,True,True,"[""L""]",target code excluded from predictors
cog_lkj,L,Replication,,8115,KZD,True,True,"[""L""]",target code excluded from predictors
cog_lkj,L,Replication,,8118,KZG,True,True,"[""L""]",target code excluded from predictors
cog_lkj,L,Replication,,8122,KZK,True,True,"[""L""]",target code excluded from predictors
cog_lkj,L,Replication,,8126,KZO,True,True,"[""L""]",target code excluded from predictors
cog_lkj,L,Replication,,8128,KZQ,True,True,"[""L""]",target code excluded from predictors
cog_lkj,L,Replication,,8129,KZR,True,True,"[""L""]",target code excluded from predictors
cog_lkj,L,Replication,,8135,KZX,True,True,"[""L""]",target code excluded from predictors
cog_lkj,L,Replication,,8137,KZZ,True,True,"[""L""]",target code excluded from predictors
cog_lkj,L,Replication,,8138,LAA,True,True,"[""L""]",target code excluded from predictors
cog_lkj,L,Replication,,8139,LAB,True,True,"[""L""]",target code excluded from predictors
cog_lkj,L,Replication,,8141,LAD,True,True,"[""L""]",target code excluded from predictors
cog_lkj,L,Replication,,8142,LAE,True,True,"[""L""]",target code excluded from predictors
cog_lkj,L,Replication,,8143,LAF,True,True,"[""L""]",target code excluded from predictors
cog_lkj,L,Replication,,8145,LAH,True,True,"[""L""]",target code excluded from predictors
cog_lkj,L,Replication,,8149,LAL,True,True,"[""L""]",target code excluded from predictors
cog_lkj,L,Replication,,8151,LAN,True,True,"[""L""]",target code excluded from predictors
cog_lkj,L,Replication,,8152,LAO,True,True,"[""L""]",target code excluded from predictors
cog_lkj,L,Replication,,8153,LAP,True,True,"[""L""]",target code excluded from predictors
cog_lkj,L,Replication,,8156,LAS,True,True,"[""L""]",target code excluded from predictors
cog_lkj,L,Replication,,8158,LAU,True,True,"[""L""]",target code excluded from predictors
cog_lkj,L,Replication,,8160,LAW,True,True,"[""L""]",target code excluded from predictors
cog_lkj,L,Replication,,8163,LAZ,True,True,"[""L""]",target code excluded from predictors
cog_lkj,L,Replication,,8167,LBD,True,True,"[""L""]",target code excluded from predictors
cog_lkj,L,Replication,,8172,LBI,True,True,"[""L""]",target code excluded from predictors
cog_lkj,L,Replication,,8173,LBJ,True,True,"[""L""]",target code excluded from predictors
cog_lkj,L,Replication,,8175,LBL,True,True,"[""L""]",target code excluded from predictors
cog_lkj,L,Replication,,8179,LBP,True,True,"[""L""]",target code excluded from predictors
cog_lkj,L,Replication,,8180,LBQ,True,True,"[""L""]",target code excluded from predictors
cog_lkj,L,Replication,,8181,LBR,True,True,"[""L""]",target code excluded from predictors
cog_lkj,L,Replication,,8188,LBY,True,True,"[""L""]",target code excluded from predictors
cog_lkj,L,Replication,,8189,LBZ,True,True,"[""L""]",target code excluded from predictors
cog_lkj,L,Replication,,8193,LCD,True,True,"[""L""]",target code excluded from predictors
cog_lkj,L,Replication,,8194,LCE,True,True,"[""L""]",target code excluded from predictors
cog_lkj,L,Replication,,8195,LCF,True,True,"[""L""]",target code excluded from predictors
cog_lkj,L,Replication,,8198,LCI,True,True,"[""L""]",target code excluded from predictors
cog_lkj,L,Replication,,8202,LCM,True,True,"[""L""]",target code excluded from predictors
cog_lkj,L,Replication,,8203,LCN,True,True,"[""L""]",target code excluded from predictors
cog_lkj,L,Replication,,8204,LCO,True,True,"[""L""]",target code excluded from predictors
cog_lkj,L,Replication,,8205,LCP,True,True,"[""L""]",target code excluded from predictors
cog_lkj,L,Replication,,8206,LCQ,True,True,"[""L""]",target code excluded from predictors
cog_lkj,L,Replication,,8209,LCT,True,True,"[""L""]",target code excluded from predictors
cog_lkj,L,Replication,,8219,LDD,True,True,"[""L""]",target code excluded from predictors
cog_lkj,L,Replication,,8221,LDF,True,True,"[""L""]",target code excluded from predictors
cog_lkj,L,Replication,,8222,LDG,True,True,"[""L""]",target code excluded from predictors
cog_lkj,L,Replication,,8223,LDH,True,True,"[""L""]",target code excluded from predictors
cog_lkj,L,Replication,,8229,LDN,True,True,"[""L""]",target code excluded from predictors
cog_lkj,L,Replication,,8231,LDP,True,True,"[""L""]",target code excluded from predictors
cog_lkj,L,Replication,,8237,LDV,True,True,"[""L""]",target code excluded from predictors
cog_lkj,L,Replication,,8238,LDW,True,True,"[""L""]",target code excluded from predictors
cog_lkj,L,Replication,,8240,LDY,True,True,"[""L""]",target code excluded from predictors
cog_lkj,L,Replication,,8241,LDZ,True,True,"[""L""]",target code excluded from predictors
cog_lkj,L,Replication,,8242,LEA,True,True,"[""L""]",target code excluded from predictors
cog_lkj,L,Replication,,8244,LEC,True,True,"[""L""]",target code excluded from predictors
cog_lkj,L,Replication,,8245,LED,True,True,"[""L""]",target code excluded from predictors
cog_lkj,L,Replication,,8247,LEF,True,True,"[""L""]",target code excluded from predictors
cog_lkj,L,Replication,,8257,LEP,True,True,"[""L""]",target code excluded from predictors
cog_lkj,L,Replication,,8258,LEQ,True,True,"[""L""]",target code excluded from predictors
cog_lkj,L,Replication,,8259,LER,True,True,"[""L""]",target code excluded from predictors
cog_lkj,L,Replication,,8261,LET,True,True,"[""L""]",target code excluded from predictors
cog_lkj,L,Replication,,8262,LEU,True,True,"[""L""]",target code excluded from predictors
cog_lkj,L,Replication,,8263,LEV,True,True,"[""L""]",target code excluded from predictors
cog_lkj,L,Replication,,8264,LEW,True,True,"[""L""]",target code excluded from predictors
cog_lkj,L,Replication,,8265,LEX,True,True,"[""L""]",target code excluded from predictors
cog_lkj,L,Replication,,8266,LEY,True,True,"[""L""]",target code excluded from predictors
cog_lkj,L,Replication,,8272,LFE,True,True,"[""L""]",target code excluded from predictors
cog_lkj,L,Replication,,8274,LFG,True,True,"[""L""]",target code excluded from predictors
cog_lkj,L,Replication,,8284,LFQ,True,True,"[""L""]",target code excluded from predictors
cog_lkj,L,Replication,,8285,LFR,True,True,"[""L""]",target code excluded from predictors
cog_lkj,L,Replication,,8286,LFS,True,True,"[""L""]",target code excluded from predictors
cog_lkj,L,Replication,,8287,LFT,True,True,"[""L""]",target code excluded from predictors
cog_lkj,L,Replication,,8288,LFU,True,True,"[""L""]",target code excluded from predictors
cog_lkj,L,Replication,,8291,LFX,True,True,"[""L""]",target code excluded from predictors
cog_lkj,L,Replication,,8292,LFY,True,True,"[""L""]",target code excluded from predictors
cog_lkj,L,Replication,,8293,LFZ,True,True,"[""L""]",target code excluded from predictors
cog_lkj,L,Replication,,8294,LGA,True,True,"[""L""]",target code excluded from predictors
cog_lkj,L,Replication,,8295,LGB,True,True,"[""L""]",target code excluded from predictors
cog_lkj,L,Replication,,8296,LGC,True,True,"[""L""]",target code excluded from predictors
cog_lkj,L,Replication,,8299,LGF,True,True,"[""L""]",target code excluded from predictors
cog_lkj,L,Replication,,8303,LGJ,True,True,"[""L""]",target code excluded from predictors
cog_lkj,L,Replication,,8304,LGK,True,True,"[""L""]",target code excluded from predictors
cog_lkj,L,Replication,,8308,LGO,True,True,"[""L""]",target code excluded from predictors
cog_lkj,L,Replication,,8309,LGP,True,True,"[""L""]",target code excluded from predictors
cog_lkj,L,Replication,,8319,LGZ,True,True,"[""L""]",target code excluded from predictors
cog_lkj,L,Replication,,8321,LHB,True,True,"[""L""]",target code excluded from predictors
cog_lkj,L,Replication,,8322,LHC,True,True,"[""L""]",target code excluded from predictors
cog_lkj,L,Replication,,8324,LHE,True,True,"[""L""]",target code excluded from predictors
cog_lkj,L,Replication,,8330,LHK,True,True,"[""L""]",target code excluded from predictors
cog_lkj,L,Replication,,8331,LHL,True,True,"[""L""]",target code excluded from predictors
cog_lkj,L,Replication,,8333,LHN,True,True,"[""L""]",target code excluded from predictors
cog_lkj,L,Replication,,8334,LHO,True,True,"[""L""]",target code excluded from predictors
cog_lkj,L,Replication,,8335,LHP,True,True,"[""L""]",target code excluded from predictors
cog_lkj,L,Replication,,8339,LHT,True,True,"[""L""]",target code excluded from predictors
cog_lkj,L,Replication,,8342,LHW,True,True,"[""L""]",target code excluded from predictors
cog_lkj,L,Replication,,8344,LHY,True,True,"[""L""]",target code excluded from predictors
cog_lkj,L,Replication,,8345,LHZ,True,True,"[""L""]",target code excluded from predictors
cog_lkj,L,Replication,,8346,LIA,True,True,"[""L""]",target code excluded from predictors
cog_lkj,L,Replication,,8347,LIB,True,True,"[""L""]",target code excluded from predictors
cog_lkj,L,Replication,,8348,LIC,True,True,"[""L""]",target code excluded from predictors
cog_lkj,L,Replication,,8350,LIE,True,True,"[""L""]",target code excluded from predictors
cog_lkj,L,Replication,,8352,LIG,True,True,"[""L""]",target code excluded from predictors
cog_lkj,L,Replication,,8353,LIH,True,True,"[""L""]",target code excluded from predictors
cog_lkj,L,Replication,,8357,LIL,True,True,"[""L""]",target code excluded from predictors
cog_lkj,L,Replication,,8371,LIZ,True,True,"[""L""]",target code excluded from predictors
cog_lkj,L,Replication,,8373,LJB,True,True,"[""L""]",target code excluded from predictors
cog_lkj,L,Replication,,8376,LJE,True,True,"[""L""]",target code excluded from predictors
cog_lkj,L,Replication,,8378,LJG,True,True,"[""L""]",target code excluded from predictors
cog_lkj,L,Replication,,8381,LJJ,True,True,"[""L""]",target code excluded from predictors
cog_lkj,L,Replication,,8382,LJK,True,True,"[""L""]",target code excluded from predictors
cog_lkj,L,Replication,,8383,LJL,True,True,"[""L""]",target code excluded from predictors
cog_lkj,L,Replication,,8388,LJQ,True,True,"[""L""]",target code excluded from predictors
cog_lkj,L,Replication,,8389,LJR,True,True,"[""L""]",target code excluded from predictors
cog_lkj,L,Replication,,8392,LJU,True,True,"[""L""]",target code excluded from predictors
cog_lkj,L,Replication,,8393,LJV,True,True,"[""L""]",target code excluded from predictors
cog_lkj,L,Replication,,8394,LJW,True,True,"[""L""]",target code excluded from predictors
cog_lkj,L,Replication,,8395,LJX,True,True,"[""L""]",target code excluded from predictors
cog_lkj,L,Replication,,8397,LJZ,True,True,"[""L""]",target code excluded from predictors
cog_lkj,L,Replication,,8400,LKC,True,True,"[""L""]",target code excluded from predictors
cog_lkj,L,Replication,,8401,LKD,True,True,"[""L""]",target code excluded from predictors
cog_lkj,L,Replication,,8407,LKJ,True,True,"[""L""]",target code excluded from predictors
cog_lkj,L,Replication,,8410,LKM,True,True,"[""L""]",target code excluded from predictors
cog_lkj,L,Replication,,8411,LKN,True,True,"[""L""]",target code excluded from predictors
cog_lkj,L,Replication,,8412,LKO,True,True,"[""L""]",target code excluded from predictors
cog_lkj,L,Replication,,8413,LKP,True,True,"[""L""]",target code excluded from predictors
cog_lkj,L,Replication,,8416,LKS,True,True,"[""L""]",target code excluded from predictors
cog_lkj,L,Replication,,8423,LKZ,True,True,"[""L""]",target code excluded from predictors
cog_lkj,L,Replication,,8429,LLF,True,True,"[""L""]",target code excluded from predictors
cog_lkj,L,Replication,,8430,LLG,True,True,"[""L""]",target code excluded from predictors
cog_lkj,L,Replication,,8432,LLI,True,True,"[""L""]",target code excluded from predictors
cog_lkj,L,Replication,,8442,LLS,True,True,"[""L""]",target code excluded from predictors
cog_lkj,L,Replication,,8455,LMF,True,True,"[""L""]",target code excluded from predictors
cog_lkj,L,Replication,,8456,LMG,True,True,"[""L""]",target code excluded from predictors
cog_lkj,L,Replication,,8460,LMK,True,True,"[""L""]",target code excluded from predictors
cog_lkj,L,Replication,,8461,LML,True,True,"[""L""]",target code excluded from predictors
cog_lkj,L,Replication,,8464,LMO,True,True,"[""L""]",target code excluded from predictors
cog_lkj,L,Replication,,8465,LMP,True,True,"[""L""]",target code excluded from predictors
cog_lkj,L,Replication,,8466,LMQ,True,True,"[""L""]",target code excluded from predictors
cog_lkj,L,Replication,,8467,LMR,True,True,"[""L""]",target code excluded from predictors
cog_lkj,L,Replication,,8468,LMS,True,True,"[""L""]",target code excluded from predictors
cog_lkj,L,Replication,,8470,LMU,True,True,"[""L""]",target code excluded from predictors
cog_lkj,L,Replication,,8472,LMW,True,True,"[""L""]",target code excluded from predictors
cog_lkj,L,Replication,,8476,LNA,True,True,"[""L""]",target code excluded from predictors
cog_lkj,L,Replication,,8477,LNB,True,True,"[""L""]",target code excluded from predictors
cog_lkj,L,Replication,,8479,LND,True,True,"[""L""]",target code excluded from predictors
cog_lkj,L,Replication,,8484,LNI,True,True,"[""L""]",target code excluded from predictors
cog_lkj,L,Replication,,8487,LNL,True,True,"[""L""]",target code excluded from predictors
cog_lkj,L,Replication,,8488,LNM,True,True,"[""L""]",target code excluded from predictors
cog_lkj,L,Replication,,8492,LNQ,True,True,"[""L""]",target code excluded from predictors
cog_lkj,L,Replication,,8493,LNR,True,True,"[""L""]",target code excluded from predictors
cog_lkj,L,Replication,,8494,LNS,True,True,"[""L""]",target code excluded from predictors
cog_lkj,L,Replication,,8498,LNW,True,True,"[""L""]",target code excluded from predictors
cog_lkj,L,Replication,,8499,LNX,True,True,"[""L""]",target code excluded from predictors
cog_lkj,L,Replication,,8500,LNY,True,True,"[""L""]",target code excluded from predictors
cog_lkj,L,Replication,,8507,LOF,True,True,"[""L""]",target code excluded from predictors
cog_lkj,L,Replication,,8508,LOG,True,True,"[""L""]",target code excluded from predictors
cog_lkj,L,Replication,,8511,LOJ,True,True,"[""L""]",target code excluded from predictors
cog_lkj,L,Replication,,8513,LOL,True,True,"[""L""]",target code excluded from predictors
cog_lkj,L,Replication,,8514,LOM,True,True,"[""L""]",target code excluded from predictors
cog_lkj,L,Replication,,8515,LON,True,True,"[""L""]",target code excluded from predictors
cog_lkj,L,Replication,,8518,LOQ,True,True,"[""L""]",target code excluded from predictors
cog_lkj,L,Replication,,8521,LOT,True,True,"[""L""]",target code excluded from predictors
cog_lkj,L,Replication,,8523,LOV,True,True,"[""L""]",target code excluded from predictors
cog_lkj,L,Replication,,8526,LOY,True,True,"[""L""]",target code excluded from predictors
cog_lkj,L,Replication,,8532,LPE,True,True,"[""L""]",target code excluded from predictors
cog_lkj,L,Replication,,8535,LPH,True,True,"[""L""]",target code excluded from predictors
cog_lkj,L,Replication,,8537,LPJ,True,True,"[""L""]",target code excluded from predictors
cog_lkj,L,Replication,,8540,LPM,True,True,"[""L""]",target code excluded from predictors
cog_lkj,L,Replication,,8542,LPO,True,True,"[""L""]",target code excluded from predictors
cog_lkj,L,Replication,,8551,LPX,True,True,"[""L""]",target code excluded from predictors
cog_lkj,L,Replication,,8552,LPY,True,True,"[""L""]",target code excluded from predictors
cog_lkj,L,Replication,,8555,LQB,True,True,"[""L""]",target code excluded from predictors
cog_lkj,L,Replication,,8560,LQG,True,True,"[""L""]",target code excluded from predictors
cog_lkj,L,Replication,,8561,LQH,True,True,"[""L""]",target code excluded from predictors
cog_lkj,L,Replication,,8565,LQL,True,True,"[""L""]",target code excluded from predictors
cog_lkj,L,Replication,,8566,LQM,True,True,"[""L""]",target code excluded from predictors
cog_lkj,L,Replication,,8567,LQN,True,True,"[""L""]",target code excluded from predictors
cog_lkj,L,Replication,,8571,LQR,True,True,"[""L""]",target code excluded from predictors
cog_lkj,L,Replication,,8572,LQS,True,True,"[""L""]",target code excluded from predictors
cog_lkj,L,Replication,,8573,LQT,True,True,"[""L""]",target code excluded from predictors
cog_lkj,L,Replication,,8576,LQW,True,True,"[""L""]",target code excluded from predictors
cog_lkj,L,Replication,,8584,LRE,True,True,"[""L""]",target code excluded from predictors
cog_lkj,L,Replication,,8585,LRF,True,True,"[""L""]",target code excluded from predictors
cog_lkj,L,Replication,,8587,LRH,True,True,"[""L""]",target code excluded from predictors
cog_lkj,L,Replication,,8597,LRR,True,True,"[""L""]",target code excluded from predictors
cog_lkj,L,Replication,,8601,LRV,True,True,"[""L""]",target code excluded from predictors
cog_lkj,L,Replication,,8602,LRW,True,True,"[""L""]",target code excluded from predictors
cog_lkj,L,Replication,,8613,LSH,True,True,"[""L""]",target code excluded from predictors
cog_lkj,L,Replication,,8618,LSM,True,True,"[""L""]",target code excluded from predictors
cog_lkj,L,Replication,,8629,LSX,True,True,"[""L""]",target code excluded from predictors
cog_lkj,L,Replication,,8631,LSZ,True,True,"[""L""]",target code excluded from predictors
cog_lkj,L,Replication,,8634,LTC,True,True,"[""L""]",target code excluded from predictors
cog_lkj,L,Replication,,8636,LTE,True,True,"[""L""]",target code excluded from predictors
cog_lkj,L,Replication,,8637,LTF,True,True,"[""L""]",target code excluded from predictors
cog_lkj,L,Replication,,8639,LTH,True,True,"[""L""]",target code excluded from predictors
cog_lkj,L,Replication,,8645,LTN,True,True,"[""L""]",target code excluded from predictors
cog_lkj,L,Replication,,8646,LTO,True,True,"[""L""]",target code excluded from predictors
cog_lkj,L,Replication,,8651,LTT,True,True,"[""L""]",target code excluded from predictors
cog_lkj,L,Replication,,8653,LTV,True,True,"[""L""]",target code excluded from predictors
cog_lkj,L,Replication,,8654,LTW,True,True,"[""L""]",target code excluded from predictors
cog_lkj,L,Replication,,8655,LTX,True,True,"[""L""]",target code excluded from predictors
cog_lkj,L,Replication,,8658,LUA,True,True,"[""L""]",target code excluded from predictors
cog_lkj,L,Replication,,8660,LUC,True,True,"[""L""]",target code excluded from predictors
cog_lkj,L,Replication,,8661,LUD,True,True,"[""L""]",target code excluded from predictors
cog_lkj,L,Replication,,8669,LUL,True,True,"[""L""]",target code excluded from predictors
cog_lkj,L,Replication,,8682,LUY,True,True,"[""L""]",target code excluded from predictors
cog_lkj,L,Replication,,8683,LUZ,True,True,"[""L""]",target code excluded from predictors
cog_lkj,L,Replication,,8684,LVA,True,True,"[""L""]",target code excluded from predictors
cog_lkj,L,Replication,,8686,LVC,True,True,"[""L""]",target code excluded from predictors
cog_lkj,L,Replication,,8687,LVD,True,True,"[""L""]",target code excluded from predictors
cog_lkj,L,Replication,,8688,LVE,True,True,"[""L""]",target code excluded from predictors
cog_lkj,L,Replication,,8690,LVG,True,True,"[""L""]",target code excluded from predictors
cog_lkj,L,Replication,,8691,LVH,True,True,"[""L""]",target code excluded from predictors
cog_lkj,L,Replication,,8693,LVJ,True,True,"[""L""]",target code excluded from predictors
cog_lkj,L,Replication,,8696,LVM,True,True,"[""L""]",target code excluded from predictors
cog_lkj,L,Replication,,8698,LVO,True,True,"[""L""]",target code excluded from predictors
cog_lkj,L,Replication,,8705,LVV,True,True,"[""L""]",target code excluded from predictors
cog_lkj,L,Replication,,8710,LWA,True,True,"[""L""]",target code excluded from predictors
cog_lkj,L,Replication,,8714,LWE,True,True,"[""L""]",target code excluded from predictors
cog_lkj,L,Replication,,8716,LWG,True,True,"[""L""]",target code excluded from predictors
cog_lkj,L,Replication,,8720,LWK,True,True,"[""L""]",target code excluded from predictors
cog_lkj,L,Replication,,8721,LWL,True,True,"[""L""]",target code excluded from predictors
cog_lkj,L,Replication,,8722,LWM,True,True,"[""L""]",target code excluded from predictors
cog_lkj,L,Replication,,8723,LWN,True,True,"[""L""]",target code excluded from predictors
cog_lkj,L,Replication,,8724,LWO,True,True,"[""L""]",target code excluded from predictors
cog_lkj,L,Replication,,8725,LWP,True,True,"[""L""]",target code excluded from predictors
cog_lkj,L,Replication,,8730,LWU,True,True,"[""L""]",target code excluded from predictors
cog_lkj,L,Replication,,8731,LWV,True,True,"[""L""]",target code excluded from predictors
cog_lkj,L,Replication,,8732,LWW,True,True,"[""L""]",target code excluded from predictors
cog_lkj,L,Replication,,8737,LXB,True,True,"[""L""]",target code excluded from predictors
cog_lkj,L,Replication,,8741,LXF,True,True,"[""L""]",target code excluded from predictors
cog_lkj,L,Replication,,8743,LXH,True,True,"[""L""]",target code excluded from predictors
cog_lkj,L,Replication,,8751,LXP,True,True,"[""L""]",target code excluded from predictors
cog_lkj,L,Replication,,8752,LXQ,True,True,"[""L""]",target code excluded from predictors
cog_lkj,L,Replication,,8753,LXR,True,True,"[""L""]",target code excluded from predictors
cog_lkj,L,Replication,,8754,LXS,True,True,"[""L""]",target code excluded from predictors
cog_lkj,L,Replication,,8757,LXV,True,True,"[""L""]",target code excluded from predictors
cog_lkj,L,Replication,,8758,LXW,True,True,"[""L""]",target code excluded from predictors
cog_lkj,L,Replication,,8768,LYG,True,True,"[""L""]",target code excluded from predictors
cog_lkj,L,Replication,,8769,LYH,True,True,"[""L""]",target code excluded from predictors
cog_lkj,L,Replication,,8770,LYI,True,True,"[""L""]",target code excluded from predictors
cog_lkj,L,Replication,,8774,LYM,True,True,"[""L""]",target code excluded from predictors
cog_lkj,L,Replication,,8778,LYQ,True,True,"[""L""]",target code excluded from predictors
cog_lkj,L,Replication,,8779,LYR,True,True,"[""L""]",target code excluded from predictors
cog_lkj,L,Replication,,8781,LYT,True,True,"[""L""]",target code excluded from predictors
cog_lkj,L,Replication,,8782,LYU,True,True,"[""L""]",target code excluded from predictors
cog_lkj,L,Replication,,8790,LZC,True,True,"[""K"",""L""]",target code excluded from predictors
cog_lkj,L,Replication,,8792,LZE,True,True,"[""L""]",target code excluded from predictors
cog_lkj,L,Replication,,8795,LZH,True,True,"[""L""]",target code excluded from predictors
cog_lkj,L,Replication,,8798,LZK,True,True,"[""L""]",target code excluded from predictors
cog_lkj,L,Replication,,8802,LZO,True,True,"[""L""]",target code excluded from predictors
cog_lkj,L,Replication,,8803,LZP,True,True,"[""L""]",target code excluded from predictors
cog_lkj,L,Replication,,8804,LZQ,True,True,"[""L""]",target code excluded from predictors
cog_lkj,L,Replication,,8809,LZV,True,True,"[""L""]",target code excluded from predictors
cog_lkj,L,Replication,,8810,LZW,True,True,"[""L""]",target code excluded from predictors
cog_lkj,L,Replication,,8812,LZY,True,True,"[""L""]",target code excluded from predictors
cog_lkj,L,Replication,,8813,LZZ,True,True,"[""L""]",target code excluded from predictors
cog_lkj,L,Replication,,8817,MAD,True,True,"[""L""]",target code excluded from predictors
cog_lkj,L,Replication,,8822,MAI,True,True,"[""L""]",target code excluded from predictors
cog_lkj,L,Replication,,8829,MAP,True,True,"[""L""]",target code excluded from predictors
cog_lkj,L,Replication,,8833,MAT,True,True,"[""L""]",target code excluded from predictors
cog_lkj,L,Replication,,8834,MAU,True,True,"[""L""]",target code excluded from predictors
cog_lkj,L,Replication,,8835,MAV,True,True,"[""L""]",target code excluded from predictors
cog_lkj,L,Replication,,8841,MBB,True,True,"[""L""]",target code excluded from predictors
cog_lkj,L,Replication,,8847,MBH,True,True,"[""L""]",target code excluded from predictors
cog_lkj,L,Replication,,8848,MBI,True,True,"[""L""]",target code excluded from predictors
cog_lkj,L,Replication,,8849,MBJ,True,True,"[""L""]",target code excluded from predictors
cog_lkj,L,Replication,,8850,MBK,True,True,"[""L""]",target code excluded from predictors
cog_lkj,L,Replication,,8851,MBL,True,True,"[""L""]",target code excluded from predictors
cog_lkj,L,Replication,,8852,MBM,True,True,"[""L""]",target code excluded from predictors
cog_lkj,L,Replication,,8858,MBS,True,True,"[""L""]",target code excluded from predictors
cog_lkj,L,Replication,,8859,MBT,True,True,"[""L""]",target code excluded from predictors
cog_lkj,L,Replication,,8860,MBU,True,True,"[""K"",""L""]",target code excluded from predictors
cog_lkj,L,Replication,,8861,MBV,True,True,"[""K"",""L""]",target code excluded from predictors
cog_lkj,L,Replication,,8871,MCF,True,True,"[""L""]",target code excluded from predictors
cog_lkj,L,Replication,,8877,MCL,True,True,"[""L""]",target code excluded from predictors
cog_lkj,L,Replication,,8882,MCQ,True,True,"[""L""]",target code excluded from predictors
cog_lkj,L,Replication,,8889,MCX,True,True,"[""L""]",target code excluded from predictors
cog_lkj,L,Replication,,8893,MDB,True,True,"[""L""]",target code excluded from predictors
cog_lkj,L,Replication,,8894,MDC,True,True,"[""L""]",target code excluded from predictors
cog_lkj,L,Replication,,8896,MDE,True,True,"[""L""]",target code excluded from predictors
cog_lkj,L,Replication,,8902,MDK,True,True,"[""L""]",target code excluded from predictors
cog_lkj,L,Replication,,8904,MDM,True,True,"[""L""]",target code excluded from predictors
cog_lkj,L,Replication,,8909,MDR,True,True,"[""L""]",target code excluded from predictors
cog_lkj,L,Replication,,8910,MDS,True,True,"[""L""]",target code excluded from predictors
cog_lkj,L,Replication,,8912,MDU,True,True,"[""L""]",target code excluded from predictors
cog_lkj,L,Replication,,8915,MDX,True,True,"[""L""]",target code excluded from predictors
cog_lkj,L,Replication,,8927,MEJ,True,True,"[""L""]",target code excluded from predictors
cog_lkj,L,Replication,,8935,MER,True,True,"[""L""]",target code excluded from predictors
cog_lkj,L,Replication,,8936,MES,True,True,"[""L""]",target code excluded from predictors
cog_lkj,L,Replication,,8938,MEU,True,True,"[""L""]",target code excluded from predictors
cog_lkj,L,Replication,,8939,MEV,True,True,"[""L""]",target code excluded from predictors
cog_lkj,L,Replication,,8940,MEW,True,True,"[""L""]",target code excluded from predictors
cog_lkj,L,Replication,,8941,MEX,True,True,"[""L""]",target code excluded from predictors
cog_lkj,L,Replication,,8942,MEY,True,True,"[""L""]",target code excluded from predictors
cog_lkj,L,Replication,,8943,MEZ,True,True,"[""L""]",target code excluded from predictors
cog_lkj,L,Replication,,8945,MFB,True,True,"[""L""]",target code excluded from predictors
cog_lkj,L,Replication,,8946,MFC,True,True,"[""L""]",target code excluded from predictors
cog_lkj,L,Replication,,8963,MFT,True,True,"[""L""]",target code excluded from predictors
cog_lkj,L,Replication,,8964,MFU,True,True,"[""L""]",target code excluded from predictors
cog_lkj,L,Replication,,8966,MFW,True,True,"[""L""]",target code excluded from predictors
cog_lkj,L,Replication,,8967,MFX,True,True,"[""L""]",target code excluded from predictors
cog_lkj,L,Replication,,8971,MGB,True,True,"[""L""]",target code excluded from predictors
cog_lkj,L,Replication,,8992,MGW,True,True,"[""L""]",target code excluded from predictors
cog_lkj,L,Replication,,8996,MHA,True,True,"[""L""]",target code excluded from predictors
cog_lkj,L,Replication,,8997,MHB,True,True,"[""L""]",target code excluded from predictors
cog_lkj,L,Replication,,8999,MHD,True,True,"[""L""]",target code excluded from predictors
cog_lkj,L,Replication,,9001,MHF,True,True,"[""L""]",target code excluded from predictors
cog_lkj,L,Replication,,9005,MHJ,True,True,"[""L""]",target code excluded from predictors
cog_lkj,L,Replication,,9008,MHM,True,True,"[""L""]",target code excluded from predictors
cog_lkj,L,Replication,,9009,MHN,True,True,"[""L""]",target code excluded from predictors
cog_lkj,L,Replication,,9010,MHO,True,True,"[""L""]",target code excluded from predictors
cog_lkj,L,Replication,,9018,MHW,True,True,"[""L""]",target code excluded from predictors
cog_lkj,L,Replication,,9022,MIA,True,True,"[""L""]",target code excluded from predictors
cog_lkj,L,Replication,,9023,MIB,True,True,"[""L""]",target code excluded from predictors
cog_lkj,L,Replication,,9024,MIC,True,True,"[""L""]",target code excluded from predictors
cog_lkj,L,Replication,,9025,MID,True,True,"[""L""]",target code excluded from predictors
cog_lkj,L,Replication,,9027,MIF,True,True,"[""L""]",target code excluded from predictors
cog_lkj,L,Replication,,9028,MIG,True,True,"[""L""]",target code excluded from predictors
cog_lkj,L,Replication,,9029,MIH,True,True,"[""L""]",target code excluded from predictors
cog_lkj,L,Replication,,9030,MII,True,True,"[""L""]",target code excluded from predictors
cog_lkj,L,Replication,,9031,MIJ,True,True,"[""L""]",target code excluded from predictors
cog_lkj,L,Replication,,9034,MIM,True,True,"[""L""]",target code excluded from predictors
cog_lkj,L,Replication,,9036,MIO,True,True,"[""L""]",target code excluded from predictors
cog_lkj,L,Replication,,9037,MIP,True,True,"[""L""]",target code excluded from predictors
cog_lkj,L,Replication,,9038,MIQ,True,True,"[""L""]",target code excluded from predictors
cog_lkj,L,Replication,,9041,MIT,True,True,"[""L""]",target code excluded from predictors
cog_lkj,L,Replication,,9043,MIV,True,True,"[""L""]",target code excluded from predictors
cog_lkj,L,Replication,,9044,MIW,True,True,"[""K"",""L""]",target code excluded from predictors
cog_lkj,L,Replication,,9050,MJC,True,True,"[""L""]",target code excluded from predictors
cog_lkj,L,Replication,,9053,MJF,True,True,"[""L""]",target code excluded from predictors
cog_lkj,L,Replication,,9056,MJI,True,True,"[""L""]",target code excluded from predictors
cog_lkj,L,Replication,,9072,MJY,True,True,"[""L""]",target code excluded from predictors
cog_lkj,L,Replication,,9077,MKD,True,True,"[""L""]",target code excluded from predictors
cog_lkj,L,Replication,,9083,MKJ,True,True,"[""L""]",target code excluded from predictors
cog_lkj,L,Replication,,9093,MKT,True,True,"[""L""]",target code excluded from predictors
cog_lkj,L,Replication,,9095,MKV,True,True,"[""L""]",target code excluded from predictors
cog_lkj,L,Replication,,9098,MKY,True,True,"[""L""]",target code excluded from predictors
cog_lkj,L,Replication,,9104,MLE,True,True,"[""L""]",target code excluded from predictors
cog_lkj,L,Replication,,9105,MLF,True,True,"[""L""]",target code excluded from predictors
cog_lkj,L,Replication,,9111,MLL,True,True,"[""L""]",target code excluded from predictors
cog_lkj,L,Replication,,9113,MLN,True,True,"[""L""]",target code excluded from predictors
cog_lkj,L,Replication,,9114,MLO,True,True,"[""L""]",target code excluded from predictors
cog_lkj,L,Replication,,9115,MLP,True,True,"[""L""]",target code excluded from predictors
cog_lkj,L,Replication,,9116,MLQ,True,True,"[""L""]",target code excluded from predictors
cog_lkj,L,Replication,,9117,MLR,True,True,"[""L""]",target code excluded from predictors
cog_lkj,L,Replication,,9119,MLT,True,True,"[""L""]",target code excluded from predictors
cog_lkj,L,Replication,,9122,MLW,True,True,"[""L""]",target code excluded from predictors
cog_lkj,L,Replication,,9123,MLX,True,True,"[""L""]",target code excluded from predictors
cog_lkj,L,Replication,,9125,MLZ,True,True,"[""L""]",target code excluded from predictors
cog_lkj,L,Replication,,9126,MMA,True,True,"[""L""]",target code excluded from predictors
cog_lkj,L,Replication,,9130,MME,True,True,"[""L""]",target code excluded from predictors
cog_lkj,L,Replication,,9132,MMG,True,True,"[""L""]",target code excluded from predictors
cog_lkj,L,Replication,,9139,MMN,True,True,"[""L""]",target code excluded from predictors
cog_lkj,L,Replication,,9147,MMV,True,True,"[""L""]",target code excluded from predictors
cog_lkj,L,Replication,,9149,MMX,True,True,"[""L""]",target code excluded from predictors
cog_lkj,L,Replication,,9158,MNG,True,True,"[""L""]",target code excluded from predictors
cog_lkj,L,Replication,,9161,MNJ,True,True,"[""L""]",target code excluded from predictors
cog_lkj,L,Replication,,9164,MNM,True,True,"[""L""]",target code excluded from predictors
cog_lkj,L,Replication,,9166,MNO,True,True,"[""L""]",target code excluded from predictors
cog_lkj,L,Replication,,9168,MNQ,True,True,"[""L""]",target code excluded from predictors
cog_lkj,L,Replication,,9170,MNS,True,True,"[""L""]",target code excluded from predictors
cog_lkj,L,Replication,,9203,MOZ,True,True,"[""J"",""L""]",target code excluded from predictors
cog_lkj,L,Replication,,9250,MQU,True,True,"[""K"",""L""]",target code excluded from predictors
cog_lkj,L,Replication,,9258,MRC,True,True,"[""L""]",target code excluded from predictors
cog_lkj,L,Replication,,9332,MTY,True,True,"[""K"",""L""]",target code excluded from predictors
cog_lkj,L,Replication,,9390,MWE,True,True,"[""L""]",target code excluded from predictors
cog_lkj,L,Replication,,9408,MWW,True,True,"[""L""]",target code excluded from predictors
cog_lkj,L,Replication,,9414,MXC,True,True,"[""K"",""L""]",target code excluded from predictors
cog_lkj,L,Replication,,9417,MXF,True,True,"[""L""]",target code excluded from predictors
cog_lkj,L,Replication,,9522,NBG,True,True,"[""L""]",target code excluded from predictors
cog_lkj,L,Replication,,9526,NBK,True,True,"[""L""]",target code excluded from predictors
cog_lkj,L,Replication,,9553,NCL,True,True,"[""L""]",target code excluded from predictors
cog_lkj,L,Replication,,9555,NCN,True,True,"[""L""]",target code excluded from predictors
cog_lkj,L,Replication,,9597,NED,True,True,"[""L""]",target code excluded from predictors
cog_lkj,L,Replication,,9599,NEF,True,True,"[""K"",""L""]",target code excluded from predictors
cog_lkj,L,Replication,,9600,NEG,True,True,"[""K"",""L""]",target code excluded from predictors
cog_lkj,L,Replication,,9603,NEJ,True,True,"[""L""]",target code excluded from predictors
cog_lkj,L,Replication,,9604,NEK,True,True,"[""L""]",target code excluded from predictors
cog_lkj,L,Replication,,9646,NGA,True,True,"[""L""]",target code excluded from predictors
cog_lkj,L,Replication,,9656,NGK,True,True,"[""K"",""L""]",target code excluded from predictors
cog_lkj,L,Replication,,9688,NHQ,True,True,"[""K"",""L""]",target code excluded from predictors
cog_lkj,L,Replication,,9689,NHR,True,True,"[""K"",""L""]",target code excluded from predictors
cog_lkj,L,Replication,,9691,NHT,True,True,"[""L""]",target code excluded from predictors
cog_lkj,L,Replication,,9702,NIE,True,True,"[""L""]",target code excluded from predictors
cog_lkj,L,Replication,,9705,NIH,True,True,"[""L""]",target code excluded from predictors
cog_lkj,L,Replication,,9766,NKQ,True,True,"[""K"",""L""]",target code excluded from predictors
cog_lkj,L,Replication,,9768,NKS,True,True,"[""K"",""L""]",target code excluded from predictors
cog_lkj,L,Replication,,9864,NOK,True,True,"[""L""]",target code excluded from predictors
cog_lkj,L,Replication,,9883,NPD,True,True,"[""L""]",target code excluded from predictors
cog_lkj,L,Replication,,9917,NQL,True,True,"[""L""]",target code excluded from predictors
cog_lkj,L,Replication,,9933,NRB,True,True,"[""J"",""K"",""L""]",target code excluded from predictors
cog_lkj,L,Replication,,9971,NSN,True,True,"[""K"",""L""]",target code excluded from predictors
cog_lkj,L,Replication,,9984,NTA,True,True,"[""L""]",target code excluded from predictors
cog_lkj,L,Replication,,10006,NTW,True,True,"[""L""]",target code excluded from predictors
cog_lkj,L,Replication,,10048,NVM,True,True,"[""L""]",target code excluded from predictors
cog_lkj,L,Replication,,10095,NXH,True,True,"[""K"",""L""]",target code excluded from predictors
cog_lkj,L,Replication,,10136,NYW,True,True,"[""L""]",target code excluded from predictors
cog_lkj,L,Replication,,10137,NYX,True,True,"[""L""]",target code excluded from predictors
cog_lkj,L,Replication,,10148,NZI,True,True,"[""K"",""L""]",target code excluded from predictors
cog_lkj,L,Replication,,10149,NZJ,True,True,"[""K"",""L""]",target code excluded from predictors
cog_lkj,L,Replication,,10165,NZZ,True,True,"[""K"",""L""]",target code excluded from predictors
cog_lkj,L,Replication,,10203,OBL,True,True,"[""L""]",target code excluded from predictors
cog_lkj,L,Replication,,10215,OBX,True,True,"[""L""]",target code excluded from predictors
cog_lkj,L,Replication,,10219,OCB,True,True,"[""L""]",target code excluded from predictors
cog_lkj,L,Replication,,10221,OCD,True,True,"[""L""]",target code excluded from predictors
cog_lkj,L,Replication,,10223,OCF,True,True,"[""L""]",target code excluded from predictors
cog_lkj,L,Replication,,10224,OCG,True,True,"[""L""]",target code excluded from predictors
cog_lkj,L,Replication,,10238,OCU,True,True,"[""L""]",target code excluded from predictors
cog_lkj,L,Replication,,10257,ODN,True,True,"[""L""]",target code excluded from predictors
cog_lkj,L,Replication,,10272,OEC,True,True,"[""L""]",target code excluded from predictors
cog_lkj,L,Replication,,10273,OED,True,True,"[""L""]",target code excluded from predictors
cog_lkj,L,Replication,,10291,OEV,True,True,"[""L""]",target code excluded from predictors
cog_lkj,L,Replication,,10294,OEY,True,True,"[""L""]",target code excluded from predictors
cog_lkj,L,Replication,,10295,OEZ,True,True,"[""L""]",target code excluded from predictors
cog_lkj,L,Replication,,10339,OGR,True,True,"[""J"",""K"",""L""]",target code excluded from predictors
cog_lkj,L,Replication,,10432,OKG,True,True,"[""L""]",target code excluded from predictors
cog_lkj,L,Replication,,10440,OKO,True,True,"[""L""]",target code excluded from predictors
cog_lkj,L,Replication,,10452,OLA,True,True,"[""K"",""L""]",target code excluded from predictors
cog_lkj,L,Replication,,10456,OLE,True,True,"[""L""]",target code excluded from predictors
cog_lkj,L,Replication,,10505,ONB,True,True,"[""L""]",target code excluded from predictors
cog_lkj,L,Replication,,10506,ONC,True,True,"[""L""]",target code excluded from predictors
cog_lkj,L,Replication,,10507,OND,True,True,"[""L""]",target code excluded from predictors
cog_lkj,L,Replication,,10611,ORD,True,True,"[""L""]",target code excluded from predictors
cog_lkj,L,Replication,,10661,OTB,True,True,"[""K"",""L""]",target code excluded from predictors
cog_lkj,L,Replication,,10662,OTC,True,True,"[""K"",""L""]",target code excluded from predictors
cog_lkj,L,Replication,,10673,OTN,True,True,"[""L""]",target code excluded from predictors
cog_lkj,L,Replication,,10724,OVM,True,True,"[""J"",""K"",""L""]",target code excluded from predictors
cog_lkj,L,Replication,,10725,OVN,True,True,"[""K"",""L""]",target code excluded from predictors
cog_lkj,L,Replication,,10726,OVO,True,True,"[""L""]",target code excluded from predictors
cog_lkj,L,Replication,,10728,OVQ,True,True,"[""L""]",target code excluded from predictors
cog_lkj,L,Replication,,10729,OVR,True,True,"[""L""]",target code excluded from predictors
cog_lkj,L,Replication,,10731,OVT,True,True,"[""L""]",target code excluded from predictors
cog_lkj,L,Replication,,10733,OVV,True,True,"[""L""]",target code excluded from predictors
cog_lkj,L,Replication,,10734,OVW,True,True,"[""L""]",target code excluded from predictors
cog_lkj,L,Replication,,10736,OVY,True,True,"[""J"",""L""]",target code excluded from predictors
cog_lkj,L,Replication,,10781,OXR,True,True,"[""L""]",target code excluded from predictors
cog_lkj,L,Replication,,10794,OYE,True,True,"[""L""]",target code excluded from predictors
cog_lkj,L,Replication,,10796,OYG,True,True,"[""L""]",target code excluded from predictors
cog_lkj,L,Replication,,10797,OYH,True,True,"[""L""]",target code excluded from predictors
cog_lkj,L,Replication,,10874,PBG,True,True,"[""K"",""L""]",target code excluded from predictors
cog_lkj,L,Replication,,10907,PCN,True,True,"[""J"",""L""]",target code excluded from predictors
cog_lkj,L,Replication,,10932,PDM,True,True,"[""K"",""L""]",target code excluded from predictors
cog_lkj,L,Replication,,10943,PDX,True,True,"[""L""]",target code excluded from predictors
cog_lkj,L,Replication,,11007,PGJ,True,True,"[""J"",""L""]",target code excluded from predictors
cog_lkj,L,Replication,,11047,PHX,True,True,"[""K"",""L""]",target code excluded from predictors
cog_lkj,L,Replication,,11048,PHY,True,True,"[""L""]",target code excluded from predictors
cog_lkj,L,Replication,,11049,PHZ,True,True,"[""J"",""L""]",target code excluded from predictors
cog_lkj,L,Replication,,11067,PIR,True,True,"[""L""]",target code excluded from predictors
cog_lkj,L,Replication,,11078,PJC,True,True,"[""L""]",target code excluded from predictors
cog_lkj,L,Replication,,11103,PKB,True,True,"[""K"",""L""]",target code excluded from predictors
cog_lkj,L,Replication,,11108,PKG,True,True,"[""K"",""L""]",target code excluded from predictors
cog_lkj,L,Replication,,11114,PKM,True,True,"[""L""]",target code excluded from predictors
cog_lkj,L,Replication,,11120,PKS,True,True,"[""L""]",target code excluded from predictors
cog_lkj,L,Replication,,11130,PLC,True,True,"[""L""]",target code excluded from predictors
cog_lkj,L,Replication,,11133,PLF,True,True,"[""L""]",target code excluded from predictors
cog_lkj,L,Replication,,11172,PMS,True,True,"[""L""]",target code excluded from predictors
cog_lkj,L,Replication,,11176,PMW,True,True,"[""L""]",target code excluded from predictors
cog_lkj,L,Replication,,11182,PNC,True,True,"[""J"",""L""]",target code excluded from predictors
cog_lkj,L,Replication,,11191,PNL,True,True,"[""L""]",target code excluded from predictors
cog_lkj,L,Replication,,11212,POG,True,True,"[""K"",""L""]",target code excluded from predictors
cog_lkj,L,Replication,,11230,POY,True,True,"[""J"",""K"",""L""]",target code excluded from predictors
cog_lkj,L,Replication,,11367,PUF,True,True,"[""L""]",target code excluded from predictors
cog_lkj,L,Replication,,11382,PUU,True,True,"[""K"",""L""]",target code excluded from predictors
cog_lkj,L,Replication,,11388,PVA,True,True,"[""K"",""L""]",target code excluded from predictors
cog_lkj,L,Replication,,11455,PXP,True,True,"[""K"",""L""]",target code excluded from predictors
cog_lkj,L,Replication,,11474,PYI,True,True,"[""J"",""L""]",target code excluded from predictors
cog_lkj,L,Replication,,11508,PZQ,True,True,"[""L""]",target code excluded from predictors
cog_lkj,L,Replication,,11513,PZV,True,True,"[""L""]",target code excluded from predictors
cog_lkj,L,Replication,,11541,QAX,True,True,"[""L""]",target code excluded from predictors
cog_lkj,L,Replication,,11588,QCS,True,True,"[""L""]",target code excluded from predictors
cog_lkj,L,Replication,,11604,QDI,True,True,"[""L""]",target code excluded from predictors
cog_lkj,L,Replication,,11614,QDS,True,True,"[""L""]",target code excluded from predictors
cog_lkj,L,Replication,,11615,QDT,True,True,"[""L""]",target code excluded from predictors
cog_lkj,L,Replication,,11645,QEX,True,True,"[""L""]",target code excluded from predictors
cog_lkj,L,Replication,,11646,QEY,True,True,"[""L""]",target code excluded from predictors
cog_lkj,L,Replication,,11647,QEZ,True,True,"[""L""]",target code excluded from predictors
cog_lkj,L,Replication,,11651,QFD,True,True,"[""J"",""L""]",target code excluded from predictors
cog_lkj,L,Replication,,11662,QFO,True,True,"[""L""]",target code excluded from predictors
cog_lkj,L,Replication,,11663,QFP,True,True,"[""L""]",target code excluded from predictors
cog_lkj,L,Replication,,11713,QHN,True,True,"[""L""]",target code excluded from predictors
cog_lkj,L,Replication,,11721,QHV,True,True,"[""K"",""L""]",target code excluded from predictors
cog_lkj,L,Replication,,11725,QHZ,True,True,"[""L""]",target code excluded from predictors
cog_lkj,L,Replication,,11727,QIB,True,True,"[""L""]",target code excluded from predictors
cog_lkj,L,Replication,,11728,QIC,True,True,"[""L""]",target code excluded from predictors
cog_lkj,L,Replication,,11729,QID,True,True,"[""L""]",target code excluded from predictors
cog_lkj,L,Replication,,11735,QIJ,True,True,"[""L""]",target code excluded from predictors
cog_lkj,L,Replication,,11742,QIQ,True,True,"[""L""]",target code excluded from predictors
cog_lkj,L,Replication,,11744,QIS,True,True,"[""L""]",target code excluded from predictors
cog_lkj,L,Replication,,11758,QJG,True,True,"[""L""]",target code excluded from predictors
cog_lkj,L,Replication,,11779,QKB,True,True,"[""K"",""L""]",target code excluded from predictors
cog_lkj,L,Replication,,11782,QKE,True,True,"[""L""]",target code excluded from predictors
cog_lkj,L,Replication,,11807,QLD,True,True,"[""L""]",target code excluded from predictors
cog_lkj,L,Replication,,11808,QLE,True,True,"[""L""]",target code excluded from predictors
cog_lkj,L,Replication,,11809,QLF,True,True,"[""L""]",target code excluded from predictors
cog_lkj,L,Replication,,11810,QLG,True,True,"[""L""]",target code excluded from predictors
cog_lkj,L,Replication,,11812,QLI,True,True,"[""L""]",target code excluded from predictors
cog_lkj,L,Replication,,11813,QLJ,True,True,"[""L""]",target code excluded from predictors
cog_lkj,L,Replication,,11814,QLK,True,True,"[""L""]",target code excluded from predictors
cog_lkj,L,Replication,,11823,QLT,True,True,"[""L""]",target code excluded from predictors
cog_lkj,L,Replication,,11836,QMG,True,True,"[""L""]",target code excluded from predictors
cog_lkj,L,Replication,,11843,QMN,True,True,"[""K"",""L""]",target code excluded from predictors
cog_lkj,L,Replication,,11851,QMV,True,True,"[""L""]",target code excluded from predictors
cog_lkj,L,Replication,,11856,QNA,True,True,"[""K"",""L""]",target code excluded from predictors
cog_lkj,L,Replication,,11863,QNH,True,True,"[""L""]",target code excluded from predictors
cog_lkj,L,Replication,,11870,QNO,True,True,"[""J"",""L""]",target code excluded from predictors
cog_lkj,L,Replication,,11917,QPJ,True,True,"[""L""]",target code excluded from predictors
cog_lkj,L,Replication,,11940,QQG,True,True,"[""J"",""L""]",target code excluded from predictors
cog_lkj,L,Replication,,11943,QQJ,True,True,"[""L""]",target code excluded from predictors
cog_lkj,L,Replication,,11947,QQN,True,True,"[""L""]",target code excluded from predictors
cog_lkj,L,Replication,,11959,QQZ,True,True,"[""L""]",target code excluded from predictors
cog_lkj,L,Replication,,12018,QTG,True,True,"[""L""]",target code excluded from predictors
cog_lkj,L,Replication,,12024,QTM,True,True,"[""K"",""L""]",target code excluded from predictors
cog_lkj,L,Replication,,12054,QUQ,True,True,"[""J"",""K"",""L""]",target code excluded from predictors
cog_lkj,L,Replication,,12075,QVL,True,True,"[""K"",""L""]",target code excluded from predictors
cog_lkj,L,Replication,,12106,QWQ,True,True,"[""L""]",target code excluded from predictors
cog_lkj,L,Replication,,12109,QWT,True,True,"[""L""]",target code excluded from predictors
cog_lkj,L,Replication,,12129,QXN,True,True,"[""L""]",target code excluded from predictors
cog_lkj,L,Replication,,12160,QYS,True,True,"[""K"",""L""]",target code excluded from predictors
cog_lkj,L,Replication,,12161,QYT,True,True,"[""L""]",target code excluded from predictors
cog_lkj,L,Replication,,12166,QYY,True,True,"[""K"",""L""]",target code excluded from predictors
cog_lkj,L,Replication,,12176,QZI,True,True,"[""L""]",target code excluded from predictors
cog_lkj,L,Replication,,12177,QZJ,True,True,"[""K"",""L""]",target code excluded from predictors
cog_lkj,L,Replication,,12188,QZU,True,True,"[""L""]",target code excluded from predictors
cog_lkj,L,Replication,,12189,QZV,True,True,"[""L""]",target code excluded from predictors
cog_lkj,L,Replication,,12196,RAC,True,True,"[""L""]",target code excluded from predictors
cog_lkj,L,Replication,,12203,RAJ,True,True,"[""K"",""L""]",target code excluded from predictors
cog_lkj,L,Replication,,12237,RBR,True,True,"[""K"",""L""]",target code excluded from predictors
cog_lkj,L,Replication,,12253,RCH,True,True,"[""L""]",target code excluded from predictors
cog_lkj,L,Replication,,12256,RCK,True,True,"[""L""]",target code excluded from predictors
cog_lkj,L,Replication,,12305,REH,True,True,"[""K"",""L""]",target code excluded from predictors
cog_lkj,L,Replication,,12308,REK,True,True,"[""L""]",target code excluded from predictors
cog_lkj,L,Replication,,12317,RET,True,True,"[""K"",""L""]",target code excluded from predictors
cog_lkj,L,Replication,,12337,RFN,True,True,"[""L""]",target code excluded from predictors
cog_lkj,L,Replication,,12339,RFP,True,True,"[""L""]",target code excluded from predictors
cog_lkj,L,Replication,,12345,RFV,True,True,"[""K"",""L""]",target code excluded from predictors
cog_lkj,L,Replication,,12347,RFX,True,True,"[""L""]",target code excluded from predictors
cog_lkj,L,Replication,,12437,RJJ,True,True,"[""L""]",target code excluded from predictors
cog_lkj,L,Replication,,12460,RKG,True,True,"[""L""]",target code excluded from predictors
cog_lkj,L,Replication,,12463,RKJ,True,True,"[""L""]",target code excluded from predictors
cog_lkj,L,Replication,,12475,RKV,True,True,"[""L""]",target code excluded from predictors
cog_lkj,L,Replication,,12483,RLD,True,True,"[""L""]",target code excluded from predictors
cog_lkj,L,Replication,,12507,RMB,True,True,"[""K"",""L""]",target code excluded from predictors
cog_lkj,L,Replication,,12514,RMI,True,True,"[""L""]",target code excluded from predictors
cog_lkj,L,Replication,,12519,RMN,True,True,"[""L""]",target code excluded from predictors
cog_lkj,L,Replication,,12524,RMS,True,True,"[""L""]",target code excluded from predictors
cog_lkj,L,Replication,,12548,RNQ,True,True,"[""K"",""L""]",target code excluded from predictors
cog_lkj,L,Replication,,12582,ROY,True,True,"[""L""]",target code excluded from predictors
cog_lkj,L,Replication,,12619,RQJ,True,True,"[""K"",""L""]",target code excluded from predictors
cog_lkj,L,Replication,,12636,RRA,True,True,"[""L""]",target code excluded from predictors
cog_lkj,L,Replication,,12664,RSC,True,True,"[""L""]",target code excluded from predictors
cog_lkj,L,Replication,,12684,RSW,True,True,"[""L""]",target code excluded from predictors
cog_lkj,L,Replication,,12705,RTR,True,True,"[""L""]",target code excluded from predictors
cog_lkj,L,Replication,,12711,RTX,True,True,"[""K"",""L""]",target code excluded from predictors
cog_lkj,L,Replication,,12713,RTZ,True,True,"[""L""]",target code excluded from predictors
cog_lkj,L,Replication,,12737,RUX,True,True,"[""L""]",target code excluded from predictors
cog_lkj,L,Replication,,12792,RXA,True,True,"[""L""]",target code excluded from predictors
cog_lkj,L,Replication,,12800,RXI,True,True,"[""L""]",target code excluded from predictors
cog_lkj,L,Replication,,12838,RYU,True,True,"[""L""]",target code excluded from predictors
cog_lkj,L,Replication,,12842,RYY,True,True,"[""K"",""L""]",target code excluded from predictors
cog_lkj,L,Replication,,12844,RZA,True,True,"[""L""]",target code excluded from predictors
cog_lkj,L,Replication,,12865,RZV,True,True,"[""K"",""L""]",target code excluded from predictors
cog_lkj,L,Replication,,12866,RZW,True,True,"[""L""]",target code excluded from predictors
cog_lkj,L,Replication,,12867,RZX,True,True,"[""L""]",target code excluded from predictors
cog_lkj,L,Replication,,12868,RZY,True,True,"[""L""]",target code excluded from predictors
cog_lkj,L,Replication,,12894,SAY,True,True,"[""L""]",target code excluded from predictors
cog_lkj,L,Replication,,12895,SAZ,True,True,"[""L""]",target code excluded from predictors
cog_lkj,L,Replication,,12918,SBW,True,True,"[""L""]",target code excluded from predictors
cog_lkj,L,Replication,,12925,SCD,True,True,"[""L""]",target code excluded from predictors
cog_lkj,L,Replication,,12972,SDY,True,True,"[""K"",""L""]",target code excluded from predictors
cog_lkj,L,Replication,,12975,SEB,True,True,"[""K"",""L""]",target code excluded from predictors
cog_lkj,L,Replication,,12993,SET,True,True,"[""L""]",target code excluded from predictors
cog_lkj,L,Replication,,13008,SFI,True,True,"[""L""]",target code excluded from predictors
cog_lkj,L,Replication,,13019,SFT,True,True,"[""L""]",target code excluded from predictors
cog_lkj,L,Replication,,13021,SFV,True,True,"[""L""]",target code excluded from predictors
cog_lkj,L,Replication,,13022,SFW,True,True,"[""L""]",target code excluded from predictors
cog_lkj,L,Replication,,13023,SFX,True,True,"[""L""]",target code excluded from predictors
cog_lkj,L,Replication,,13025,SFZ,True,True,"[""L""]",target code excluded from predictors
cog_lkj,L,Replication,,13027,SGB,True,True,"[""L""]",target code excluded from predictors
cog_lkj,L,Replication,,13029,SGD,True,True,"[""L""]",target code excluded from predictors
cog_lkj,L,Replication,,13031,SGF,True,True,"[""L""]",target code excluded from predictors
cog_lkj,L,Replication,,13034,SGI,True,True,"[""L""]",target code excluded from predictors
cog_lkj,L,Replication,,13035,SGJ,True,True,"[""L""]",target code excluded from predictors
cog_lkj,L,Replication,,13046,SGU,True,True,"[""L""]",target code excluded from predictors
cog_lkj,L,Replication,,13047,SGV,True,True,"[""L""]",target code excluded from predictors
cog_lkj,L,Replication,,13048,SGW,True,True,"[""L""]",target code excluded from predictors
cog_lkj,L,Replication,,13049,SGX,True,True,"[""L""]",target code excluded from predictors
cog_lkj,L,Replication,,13050,SGY,True,True,"[""L""]",target code excluded from predictors
cog_lkj,L,Replication,,13051,SGZ,True,True,"[""L""]",target code excluded from predictors
cog_lkj,L,Replication,,13053,SHB,True,True,"[""L""]",target code excluded from predictors
cog_lkj,L,Replication,,13055,SHD,True,True,"[""L""]",target code excluded from predictors
cog_lkj,L,Replication,,13056,SHE,True,True,"[""L""]",target code excluded from predictors
cog_lkj,L,Replication,,13057,SHF,True,True,"[""L""]",target code excluded from predictors
cog_lkj,L,Replication,,13061,SHJ,True,True,"[""L""]",target code excluded from predictors
cog_lkj,L,Replication,,13062,SHK,True,True,"[""L""]",target code excluded from predictors
cog_lkj,L,Replication,,13063,SHL,True,True,"[""K"",""L""]",target code excluded from predictors
cog_lkj,L,Replication,,13065,SHN,True,True,"[""L""]",target code excluded from predictors
cog_lkj,L,Replication,,13066,SHO,True,True,"[""K"",""L""]",target code excluded from predictors
cog_lkj,L,Replication,,13067,SHP,True,True,"[""L""]",target code excluded from predictors
cog_lkj,L,Replication,,13068,SHQ,True,True,"[""L""]",target code excluded from predictors
cog_lkj,L,Replication,,13130,SKA,True,True,"[""L""]",target code excluded from predictors
cog_lkj,L,Replication,,13144,SKO,True,True,"[""L""]",target code excluded from predictors
cog_lkj,L,Replication,,13174,SLS,True,True,"[""L""]",target code excluded from predictors
cog_lkj,L,Replication,,13192,SMK,True,True,"[""L""]",target code excluded from predictors
cog_lkj,L,Replication,,13308,SQW,True,True,"[""L""]",target code excluded from predictors
cog_lkj,L,Replication,,13338,SSA,True,True,"[""L""]",target code excluded from predictors
cog_lkj,L,Replication,,13339,SSB,True,True,"[""L""]",target code excluded from predictors
cog_lkj,L,Replication,,13340,SSC,True,True,"[""L""]",target code excluded from predictors
cog_lkj,L,Replication,,13343,SSF,True,True,"[""L""]",target code excluded from predictors
cog_lkj,L,Replication,,13355,SSR,True,True,"[""L""]",target code excluded from predictors
cog_lkj,L,Replication,,13365,STB,True,True,"[""L""]",target code excluded from predictors
cog_lkj,L,Replication,,13367,STD,True,True,"[""L""]",target code excluded from predictors
cog_lkj,L,Replication,,13415,SUZ,True,True,"[""L""]",target code excluded from predictors
cog_lkj,L,Replication,,13421,SVF,True,True,"[""L""]",target code excluded from predictors
cog_lkj,L,Replication,,13423,SVH,True,True,"[""L""]",target code excluded from predictors
cog_lkj,L,Replication,,13448,SWG,True,True,"[""L""]",target code excluded from predictors
cog_lkj,L,Replication,,13469,SXB,True,True,"[""L""]",target code excluded from predictors
cog_lkj,L,Replication,,13511,SYR,True,True,"[""K"",""L""]",target code excluded from predictors
cog_lkj,L,Replication,,13512,SYS,True,True,"[""K"",""L""]",target code excluded from predictors
cog_lkj,L,Replication,,13514,SYU,True,True,"[""K"",""L""]",target code excluded from predictors
cog_lkj,L,Replication,,13516,SYW,True,True,"[""K"",""L""]",target code excluded from predictors
cog_lkj,L,Replication,,13529,SZJ,True,True,"[""L""]",target code excluded from predictors
cog_lkj,L,Replication,,13543,SZX,True,True,"[""L""]",target code excluded from predictors
cog_lkj,L,Replication,,13555,TAJ,True,True,"[""J"",""K"",""L""]",target code excluded from predictors
cog_lkj,L,Replication,,13573,TBB,True,True,"[""L""]",target code excluded from predictors
cog_lkj,L,Replication,,13609,TCL,True,True,"[""L""]",target code excluded from predictors
cog_lkj,L,Replication,,13621,TCX,True,True,"[""L""]",target code excluded from predictors
cog_lkj,L,Replication,,13671,TEV,True,True,"[""L""]",target code excluded from predictors
cog_lkj,L,Replication,,13728,THA,True,True,"[""L""]",target code excluded from predictors
cog_lkj,L,Replication,,13826,TKU,True,True,"[""L""]",target code excluded from predictors
cog_lkj,L,Replication,,13842,TLK,True,True,"[""L""]",target code excluded from predictors
cog_lkj,L,Replication,,13871,TMN,True,True,"[""L""]",target code excluded from predictors
cog_lkj,L,Replication,,13877,TMT,True,True,"[""L""]",target code excluded from predictors
cog_lkj,L,Replication,,13923,TON,True,True,"[""K"",""L""]",target code excluded from predictors
cog_lkj,L,Replication,,13980,TQS,True,True,"[""L""]",target code excluded from predictors
cog_lkj,L,Replication,,13989,TRB,True,True,"[""L""]",target code excluded from predictors
cog_lkj,L,Replication,,14018,TSE,True,True,"[""L""]",target code excluded from predictors
cog_lkj,L,Replication,,14035,TSV,True,True,"[""L""]",target code excluded from predictors
cog_lkj,L,Replication,,14074,TUI,True,True,"[""L""]",target code excluded from predictors
cog_lkj,L,Replication,,14082,TUQ,True,True,"[""L""]",target code excluded from predictors
cog_lkj,L,Replication,,14113,TVV,True,True,"[""L""]",target code excluded from predictors
cog_lkj,L,Replication,,14204,TZI,True,True,"[""L""]",target code excluded from predictors
cog_lkj,L,Replication,,14211,TZP,True,True,"[""L""]",target code excluded from predictors
cog_lkj,L,Replication,,14220,TZY,True,True,"[""L""]",target code excluded from predictors
cog_lkj,L,Replication,,14225,UAD,True,True,"[""L""]",target code excluded from predictors
cog_lkj,L,Replication,,14478,UJW,True,True,"[""L""]",target code excluded from predictors
cog_lkj,L,Replication,,14514,ULG,True,True,"[""K"",""L""]",target code excluded from predictors
cog_lkj,L,Replication,,14533,ULZ,True,True,"[""L""]",target code excluded from predictors
cog_lkj,L,Replication,,14535,UMB,True,True,"[""L""]",target code excluded from predictors
cog_lkj,L,Replication,,14751,UUJ,True,True,"[""L""]",target code excluded from predictors
cog_lkj,L,Replication,,14840,UXU,True,True,"[""L""]",target code excluded from predictors
cog_lkj,L,Replication,,14841,UXV,True,True,"[""L""]",target code excluded from predictors
cog_lkj,L,Replication,,14855,UYJ,True,True,"[""K"",""L""]",target code excluded from predictors
cog_lkj,L,Replication,,14859,UYN,True,True,"[""K"",""L""]",target code excluded from predictors
cog_lkj,L,Replication,,14863,UYR,True,True,"[""J"",""L""]",target code excluded from predictors
cog_lkj,L,Replication,,15024,VEW,True,True,"[""J"",""K"",""L""]",target code excluded from predictors
cog_lkj,L,Replication,,15107,VIB,True,True,"[""K"",""L""]",target code excluded from predictors
cog_lkj,L,Replication,,15168,VKK,True,True,"[""L""]",target code excluded from predictors
cog_lkj,L,Replication,,15224,VMO,True,True,"[""L""]",target code excluded from predictors
cog_lkj,L,Replication,,15238,VNC,True,True,"[""L""]",target code excluded from predictors
cog_lkj,L,Replication,,15264,VOC,True,True,"[""L""]",target code excluded from predictors
cog_lkj,L,Replication,,15265,VOD,True,True,"[""L""]",target code excluded from predictors
cog_lkj,L,Replication,,15266,VOE,True,True,"[""L""]",target code excluded from predictors
cog_lkj,L,Replication,,15267,VOF,True,True,"[""L""]",target code excluded from predictors
cog_lkj,L,Replication,,15300,VPM,True,True,"[""L""]",target code excluded from predictors
cog_lkj,L,Replication,,15671,WDT,True,True,"[""L""]",target code excluded from predictors
cog_lkj,L,Replication,,15774,WHS,True,True,"[""L""]",target code excluded from predictors
cog_lkj,L,Replication,,15812,WJE,True,True,"[""L""]",target code excluded from predictors
cog_lkj,L,Replication,,15832,WJY,True,True,"[""L""]",target code excluded from predictors
cog_lkj,L,Replication,,15833,WJZ,True,True,"[""K"",""L""]",target code excluded from predictors
cog_lkj,L,Replication,,15834,WKA,True,True,"[""K"",""L""]",target code excluded from predictors
cog_lkj,L,Replication,,15835,WKB,True,True,"[""L""]",target code excluded from predictors
cog_lkj,L,Replication,,15855,WKV,True,True,"[""L""]",target code excluded from predictors
cog_lkj,L,Replication,,15857,WKX,True,True,"[""K"",""L""]",target code excluded from predictors
cog_lkj,L,Replication,,15860,WLA,True,True,"[""L""]",target code excluded from predictors
cog_lkj,L,Replication,,15908,WMW,True,True,"[""K"",""L""]",target code excluded from predictors
cog_lkj,L,Replication,,15943,WOF,True,True,"[""K"",""L""]",target code excluded from predictors
cog_lkj,L,Replication,,15992,WQC,True,True,"[""K"",""L""]",target code excluded from predictors
cog_lkj,L,Replication,,16002,WQM,True,True,"[""K"",""L""]",target code excluded from predictors
cog_lkj,L,Replication,,16005,WQP,True,True,"[""K"",""L""]",target code excluded from predictors
cog_lkj,L,Replication,,16025,WRJ,True,True,"[""K"",""L""]",target code excluded from predictors
cog_lkj,L,Replication,,16099,WUF,True,True,"[""L""]",target code excluded from predictors
cog_lkj,L,Replication,,16126,WVG,True,True,"[""L""]",target code excluded from predictors
cog_lkj,L,Replication,,16390,XFK,True,True,"[""L""]",target code excluded from predictors
cog_lkj,L,Replication,,16397,XFR,True,True,"[""K"",""L""]",target code excluded from predictors
cog_lkj,L,Replication,,16424,XGS,True,True,"[""L""]",target code excluded from predictors
cog_lkj,L,Replication,,16426,XGU,True,True,"[""L""]",target code excluded from predictors
cog_lkj,L,Replication,,16427,XGV,True,True,"[""L""]",target code excluded from predictors
cog_lkj,L,Replication,,16428,XGW,True,True,"[""L""]",target code excluded from predictors
cog_lkj,L,Replication,,16562,XMA,True,True,"[""K"",""L""]",target code excluded from predictors
cog_lkj,L,Replication,,16669,XQD,True,True,"[""L""]",target code excluded from predictors
cog_lkj,L,Replication,,16817,XVV,True,True,"[""L""]",target code excluded from predictors
cog_lkj,L,Replication,,16826,XWE,True,True,"[""L""]",target code excluded from predictors
cog_lkj,L,Replication,,16834,XWM,True,True,"[""L""]",target code excluded from predictors
cog_lkj,L,Replication,,16850,XXC,True,True,"[""L""]",target code excluded from predictors
cog_lkj,L,Replication,,16881,XYH,True,True,"[""L""]",target code excluded from predictors
cog_lkj,L,Replication,,16944,YAS,True,True,"[""J"",""L""]",target code excluded from predictors
cog_lkj,L,Replication,,16945,YAT,True,True,"[""J"",""L""]",target code excluded from predictors
cog_lkj,L,Replication,,16946,YAU,True,True,"[""J"",""K"",""L""]",target code excluded from predictors
cog_lkj,L,Replication,,16982,YCE,True,True,"[""K"",""L""]",target code excluded from predictors
cog_lkj,L,Replication,,16990,YCM,True,True,"[""K"",""L""]",target code excluded from predictors
cog_lkj,L,Replication,,17103,YGV,True,True,"[""J"",""K"",""L""]",target code excluded from predictors
cog_lkj,L,Replication,,17276,YNM,True,True,"[""L""]",target code excluded from predictors
cog_lkj,L,Replication,,17352,YQK,True,True,"[""L""]",target code excluded from predictors
cog_lkj,L,Replication,,17353,YQL,True,True,"[""L""]",target code excluded from predictors
cog_lkj,L,Replication,,17373,YRF,True,True,"[""K"",""L""]",target code excluded from predictors
cog_lkj,L,Replication,,17467,YUV,True,True,"[""L""]",target code excluded from predictors
cog_lkj,L,Replication,,17468,YUW,True,True,"[""L""]",target code excluded from predictors
cog_lkj,L,Replication,,17479,YVH,True,True,"[""L""]",target code excluded from predictors
cog_lkj,L,Replication,,17480,YVI,True,True,"[""L""]",target code excluded from predictors
cog_lkj,L,Replication,,17486,YVO,True,True,"[""K"",""L""]",target code excluded from predictors
cog_lkj,L,Replication,,17578,YZC,True,True,"[""J"",""L""]",target code excluded from predictors
cog_lkj,L,Replication,,17727,ZEV,True,True,"[""K"",""L""]",target code excluded from predictors
cog_lkj,L,Replication,,17795,ZHL,True,True,"[""L""]",target code excluded from predictors
cog_lkj,L,Replication,,17840,ZJE,True,True,"[""L""]",target code excluded from predictors
cog_lkj,L,Replication,,17843,ZJH,True,True,"[""L""]",target code excluded from predictors
cog_lkj,L,Replication,,17863,ZKB,True,True,"[""L""]",target code excluded from predictors
cog_lkj,L,Replication,,17887,ZKZ,True,True,"[""J"",""K"",""L""]",target code excluded from predictors
cog_lkj,L,Replication,,17919,ZMF,True,True,"[""L""]",target code excluded from predictors
cog_lkj,L,Replication,,17920,ZMG,True,True,"[""L""]",target code excluded from predictors
cog_lkj,L,Replication,,17922,ZMI,True,True,"[""L""]",target code excluded from predictors
cog_lkj,L,Replication,,17923,ZMJ,True,True,"[""L""]",target code excluded from predictors
cog_lkj,L,Replication,,17924,ZMK,True,True,"[""L""]",target code excluded from predictors
cog_lkj,L,Replication,,17925,ZML,True,True,"[""L""]",target code excluded from predictors
cog_lkj,L,Replication,,17942,ZNC,True,True,"[""L""]",target code excluded from predictors
cog_lkj,L,Replication,,17977,ZOL,True,True,"[""K"",""L""]",target code excluded from predictors
cog_lkj,L,Replication,,18020,ZQC,True,True,"[""L""]",target code excluded from predictors
cog_lkj,L,Replication,,18156,ZVI,True,True,"[""L""]",target code excluded from predictors
cog_lkj,L,Replication,,18157,ZVJ,True,True,"[""L""]",target code excluded from predictors
cog_lkj,L,Replication,,18201,ZXB,True,True,"[""L""]",target code excluded from predictors
cog_lkj,L,Replication,,18269,ZZR,True,True,"[""L""]",target code excluded from predictors
cog_lkj,L,Replication,,18275,ZZX,True,True,"[""K"",""L""]",target code excluded from predictors
cog_lkj,L,Replication,,18277,ZZZ,True,True,"[""L""]",target code excluded from predictors
cog_lkj,L,Replication,,18278,AAAA,True,True,"[""L""]",target code excluded from predictors
cog_lkj,L,Replication,,18279,AAAB,True,True,"[""L""]",target code excluded from predictors
cog_lkj,L,Replication,,18281,AAAD,True,True,"[""L""]",target code excluded from predictors
cog_lkj,L,Replication,,18282,AAAE,True,True,"[""L""]",target code excluded from predictors
cog_lkj,L,Replication,,18283,AAAF,True,True,"[""L""]",target code excluded from predictors
cog_lkj,L,Replication,,18284,AAAG,True,True,"[""L""]",target code excluded from predictors
cog_lkj,L,Replication,,18286,AAAI,True,True,"[""L""]",target code excluded from predictors
cog_lkj,L,Replication,,18288,AAAK,True,True,"[""L""]",target code excluded from predictors
cog_lkj,L,Replication,,18292,AAAO,True,True,"[""L""]",target code excluded from predictors
cog_lkj,L,Replication,,18293,AAAP,True,True,"[""K"",""L""]",target code excluded from predictors
cog_lkj,L,Replication,,18411,AAFD,True,True,"[""K"",""L""]",target code excluded from predictors
cog_lkj,L,Replication,,18414,AAFG,True,True,"[""L""]",target code excluded from predictors
cog_lkj,L,Replication,,18458,AAGY,True,True,"[""K"",""L""]",target code excluded from predictors
cog_lkj,L,Replication,,18461,AAHB,True,True,"[""L""]",target code excluded from predictors
cog_lkj,L,Replication,,18462,AAHC,True,True,"[""L""]",target code excluded from predictors
cog_lkj,L,Replication,,18463,AAHD,True,True,"[""L""]",target code excluded from predictors
cog_lkj,L,Replication,,18464,AAHE,True,True,"[""L""]",target code excluded from predictors
cog_lkj,L,Replication,,18465,AAHF,True,True,"[""L""]",target code excluded from predictors
cog_lkj,L,Replication,,18466,AAHG,True,True,"[""L""]",target code excluded from predictors
cog_lkj,L,Replication,,18468,AAHI,True,True,"[""L""]",target code excluded from predictors
cog_lkj,L,Replication,,18470,AAHK,True,True,"[""L""]",target code excluded from predictors
cog_lkj,L,Replication,,18486,AAIA,True,True,"[""L""]",target code excluded from predictors
cog_lkj,L,Replication,,18487,AAIB,True,True,"[""L""]",target code excluded from predictors
cog_lkj,L,Replication,,18488,AAIC,True,True,"[""L""]",target code excluded from predictors
cog_lkj,L,Replication,,18489,AAID,True,True,"[""L""]",target code excluded from predictors
cog_lkj,L,Replication,,18490,AAIE,True,True,"[""L""]",target code excluded from predictors
cog_lkj,L,Replication,,18491,AAIF,True,True,"[""L""]",target code excluded from predictors
cog_lkj,L,Replication,,18492,AAIG,True,True,"[""K"",""L""]",target code excluded from predictors
cog_lkj,L,Replication,,18494,AAII,True,True,"[""L""]",target code excluded from predictors
cog_lkj,L,Replication,,18495,AAIJ,True,True,"[""L""]",target code excluded from predictors
cog_lkj,L,Replication,,18496,AAIK,True,True,"[""L""]",target code excluded from predictors
cog_lkj,L,Replication,,18498,AAIM,True,True,"[""L""]",target code excluded from predictors
cog_lkj,L,Replication,,18499,AAIN,True,True,"[""L""]",target code excluded from predictors
cog_lkj,L,Replication,,18502,AAIQ,True,True,"[""L""]",target code excluded from predictors
cog_lkj,L,Replication,,18504,AAIS,True,True,"[""L""]",target code excluded from predictors
cog_lkj,L,Replication,,18505,AAIT,True,True,"[""L""]",target code excluded from predictors
cog_lkj,L,Replication,,18812,AAUO,True,True,"[""L""]",target code excluded from predictors
cog_lkj,L,Replication,,18906,AAYE,True,True,"[""L""]",target code excluded from predictors
cog_lkj,L,Replication,,19029,ABCX,True,True,"[""L""]",target code excluded from predictors
cog_lkj,L,Replication,,19030,ABCY,True,True,"[""L""]",target code excluded from predictors
cog_lkj,L,Replication,,19031,ABCZ,True,True,"[""L""]",target code excluded from predictors
cog_lkj,L,Replication,,19139,ABHD,True,True,"[""K"",""L""]",target code excluded from predictors
cog_lkj,L,Replication,,19168,ABIG,True,True,"[""L""]",target code excluded from predictors
cog_lkj,L,Replication,,19300,ABNI,True,True,"[""L""]",target code excluded from predictors
cog_lkj,L,Replication,,19306,ABNO,True,True,"[""L""]",target code excluded from predictors
cog_lkj,L,Replication,,19308,ABNQ,True,True,"[""L""]",target code excluded from predictors
cog_lkj,L,Replication,,19912,ACKW,True,True,"[""L""]",target code excluded from predictors
cog_lkj,L,Replication,,19926,ACLK,True,True,"[""L""]",target code excluded from predictors
cog_lkj,L,Replication,,19927,ACLL,True,True,"[""L""]",target code excluded from predictors
cog_lkj,L,Replication,,19928,ACLM,True,True,"[""L""]",target code excluded from predictors
cog_lkj,L,Replication,,19960,ACMS,True,True,"[""L""]",target code excluded from predictors
cog_lkj,L,Replication,,19988,ACNU,True,True,"[""L""]",target code excluded from predictors
cog_lkj,L,Replication,,20032,ACPM,True,True,"[""J"",""K"",""L""]",target code excluded from predictors
cog_lkj,L,Replication,,20033,ACPN,True,True,"[""K"",""L""]",target code excluded from predictors
cog_lkj,L,Replication,,20035,ACPP,True,True,"[""L""]",target code excluded from predictors
cog_lkj,L,Replication,,20038,ACPS,True,True,"[""L""]",target code excluded from predictors
cog_lkj,L,Replication,,20041,ACPV,True,True,"[""L""]",target code excluded from predictors
cog_lkj,L,Replication,,20043,ACPX,True,True,"[""K"",""L""]",target code excluded from predictors
cog_lkj,L,Replication,,20048,ACQC,True,True,"[""L""]",target code excluded from predictors
cog_lkj,L,Replication,,20049,ACQD,True,True,"[""L""]",target code excluded from predictors
cog_lkj,L,Replication,,20050,ACQE,True,True,"[""K"",""L""]",target code excluded from predictors
cog_lkj,L,Replication,,20054,ACQI,True,True,"[""K"",""L""]",target code excluded from predictors
cog_lkj,L,Replication,,20056,ACQK,True,True,"[""K"",""L""]",target code excluded from predictors
cog_lkj,L,Replication,,20058,ACQM,True,True,"[""J"",""K"",""L""]",target code excluded from predictors
cog_lkj,L,Replication,,20059,ACQN,True,True,"[""K"",""L""]",target code excluded from predictors
cog_lkj,L,Replication,,20116,ACSS,True,True,"[""L""]",target code excluded from predictors
cog_lkj,L,Replication,,20179,ACVD,True,True,"[""L""]",target code excluded from predictors
cog_lkj,L,Replication,,20209,ACWH,True,True,"[""L""]",target code excluded from predictors
cog_lkj,L,Replication,,20226,ACWY,True,True,"[""K"",""L""]",target code excluded from predictors
cog_lkj,L,Replication,,20230,ACXC,True,True,"[""L""]",target code excluded from predictors
cog_lkj,L,Replication,,20246,ACXS,True,True,"[""L""]",target code excluded from predictors
cog_lkj,L,Replication,,20251,ACXX,True,True,"[""L""]",target code excluded from predictors
cog_lkj,L,Replication,,20262,ACYI,True,True,"[""L""]",target code excluded from predictors
cog_lkj,L,Replication,,20280,ACZA,True,True,"[""L""]",target code excluded from predictors
cog_lkj,L,Replication,,20577,ADKL,True,True,"[""L""]",target code excluded from predictors
cog_lkj,L,Replication,,20616,ADLY,True,True,"[""L""]",target code excluded from predictors
cog_lkj,L,Replication,,20625,ADMH,True,True,"[""L""]",target code excluded from predictors
cog_lkj,L,Replication,,20627,ADMJ,True,True,"[""L""]",target code excluded from predictors
cog_lkj,L,Replication,,20628,ADMK,True,True,"[""L""]",target code excluded from predictors
cog_lkj,L,Replication,,20629,ADML,True,True,"[""L""]",target code excluded from predictors
cog_lkj,L,Replication,,20633,ADMP,True,True,"[""L""]",target code excluded from predictors
cog_lkj,L,Replication,,20635,ADMR,True,True,"[""K"",""L""]",target code excluded from predictors
cog_lkj,L,Replication,,20636,ADMS,True,True,"[""J"",""L""]",target code excluded from predictors
cog_lkj,L,Replication,,20639,ADMV,True,True,"[""L""]",target code excluded from predictors
cog_lkj,L,Replication,,20641,ADMX,True,True,"[""L""]",target code excluded from predictors
cog_lkj,L,Replication,,20645,ADNB,True,True,"[""K"",""L""]",target code excluded from predictors
cog_lkj,L,Replication,,20647,ADND,True,True,"[""J"",""L""]",target code excluded from predictors
cog_lkj,L,Replication,,20652,ADNI,True,True,"[""L""]",target code excluded from predictors
cog_lkj,L,Replication,,20653,ADNJ,True,True,"[""L""]",target code excluded from predictors
cog_lkj,L,Replication,,20842,ADUQ,True,True,"[""K"",""L""]",target code excluded from predictors
cog_lkj,L,Replication,,20866,ADVO,True,True,"[""L""]",target code excluded from predictors
cog_lkj,L,Replication,,20895,ADWR,True,True,"[""L""]",target code excluded from predictors
cog_lkj,L,Replication,,20897,ADWT,True,True,"[""L""]",target code excluded from predictors
cog_lkj,L,Replication,,20898,ADWU,True,True,"[""K"",""L""]",target code excluded from predictors
cog_lkj,L,Replication,,20903,ADWZ,True,True,"[""K"",""L""]",target code excluded from predictors
cog_lkj,L,Replication,,20921,ADXR,True,True,"[""L""]",target code excluded from predictors
cog_lkj,L,Replication,,20957,ADZB,True,True,"[""L""]",target code excluded from predictors
cog_lkj,L,Replication,,20960,ADZE,True,True,"[""K"",""L""]",target code excluded from predictors
cog_lkj,L,Replication,,20962,ADZG,True,True,"[""K"",""L""]",target code excluded from predictors
cog_lkj,L,Replication,,20983,AEAB,True,True,"[""L""]",target code excluded from predictors
cog_lkj,L,Replication,,20984,AEAC,True,True,"[""L""]",target code excluded from predictors
cog_lkj,L,Replication,,20986,AEAE,True,True,"[""J"",""L""]",target code excluded from predictors
cog_lkj,L,Replication,,21012,AEBE,True,True,"[""K"",""L""]",target code excluded from predictors
cog_lkj,L,Replication,,21079,AEDT,True,True,"[""K"",""L""]",target code excluded from predictors
cog_lkj,L,Replication,,21083,AEDX,True,True,"[""K"",""L""]",target code excluded from predictors
cog_lkj,L,Replication,,21095,AEEJ,True,True,"[""K"",""L""]",target code excluded from predictors
cog_lkj,L,Replication,,21098,AEEM,True,True,"[""J"",""L""]",target code excluded from predictors
cog_lkj,L,Replication,,21165,AEHB,True,True,"[""L""]",target code excluded from predictors
cog_lkj,L,Replication,,21177,AEHN,True,True,"[""L""]",target code excluded from predictors
cog_lkj,L,Replication,,21242,AEKA,True,True,"[""L""]",target code excluded from predictors
cog_lkj,L,Replication,,21243,AEKB,True,True,"[""L""]",target code excluded from predictors
cog_lkj,L,Replication,,21261,AEKT,True,True,"[""L""]",target code excluded from predictors
cog_lkj,L,Replication,,21382,AEPK,True,True,"[""L""]",target code excluded from predictors
cog_lkj,L,Replication,,21445,AERV,True,True,"[""L""]",target code excluded from predictors
cog_lkj,L,Replication,,21553,AEVZ,True,True,"[""L""]",target code excluded from predictors
cog_lkj,L,Replication,,21558,AEWE,True,True,"[""L""]",target code excluded from predictors
cog_lkj,L,Replication,,21575,AEWV,True,True,"[""L""]",target code excluded from predictors
cog_lkj,L,Replication,,21580,AEXA,True,True,"[""L""]",target code excluded from predictors
cog_lkj,L,Replication,,21581,AEXB,True,True,"[""L""]",target code excluded from predictors
cog_lkj,L,Replication,,21582,AEXC,True,True,"[""L""]",target code excluded from predictors
cog_lkj,L,Replication,,21586,AEXG,True,True,"[""L""]",target code excluded from predictors
cog_lkj,L,Replication,,21695,AFBL,True,True,"[""J"",""K"",""L""]",target code excluded from predictors
cog_lkj,L,Replication,,21701,AFBR,True,True,"[""K"",""L""]",target code excluded from predictors
cog_lkj,L,Replication,,21704,AFBU,True,True,"[""K"",""L""]",target code excluded from predictors
cog_lkj,L,Replication,,21737,AFDB,True,True,"[""J"",""K"",""L""]",target code excluded from predictors
cog_lkj,L,Replication,,21741,AFDF,True,True,"[""J"",""K"",""L""]",target code excluded from predictors
cog_lkj,L,Replication,,21771,AFEJ,True,True,"[""L""]",target code excluded from predictors
cog_lkj,L,Replication,,21773,AFEL,True,True,"[""L""]",target code excluded from predictors
cog_lkj,L,Replication,,21774,AFEM,True,True,"[""K"",""L""]",target code excluded from predictors
cog_lkj,L,Replication,,21781,AFET,True,True,"[""L""]",target code excluded from predictors
cog_lkj,L,Replication,,21791,AFFD,True,True,"[""L""]",target code excluded from predictors
cog_lkj,L,Replication,,21899,AFJH,True,True,"[""L""]",target code excluded from predictors
cog_lkj,L,Replication,,22110,AFRK,True,True,"[""J"",""K"",""L""]",target code excluded from predictors
cog_lkj,L,Replication,,22183,AFUF,True,True,"[""L""]",target code excluded from predictors
cog_lkj,L,Replication,,22362,AGBC,True,True,"[""K"",""L""]",target code excluded from predictors
cog_lkj,L,Replication,,22384,AGBY,True,True,"[""L""]",target code excluded from predictors
cog_lkj,L,Replication,,22412,AGDA,True,True,"[""L""]",target code excluded from predictors
cog_lkj,L,Replication,,22437,AGDZ,True,True,"[""J"",""K"",""L""]",target code excluded from predictors
cog_lkj,L,Replication,,22441,AGED,True,True,"[""L""]",target code excluded from predictors
cog_lkj,L,Replication,,22444,AGEG,True,True,"[""L""]",target code excluded from predictors
cog_lkj,L,Replication,,22445,AGEH,True,True,"[""L""]",target code excluded from predictors
cog_lkj,L,Replication,,22453,AGEP,True,True,"[""L""]",target code excluded from predictors
cog_lkj,L,Replication,,22454,AGEQ,True,True,"[""L""]",target code excluded from predictors
cog_lkj,L,Replication,,22477,AGFN,True,True,"[""L""]",target code excluded from predictors
cog_lkj,L,Replication,,22494,AGGE,True,True,"[""L""]",target code excluded from predictors
cog_lkj,L,Replication,,22506,AGGQ,True,True,"[""L""]",target code excluded from predictors
cog_lkj,L,Replication,,22509,AGGT,True,True,"[""J"",""K"",""L""]",target code excluded from predictors
cog_lkj,L,Replication,,22510,AGGU,True,True,"[""J"",""L""]",target code excluded from predictors
cog_lkj,L,Replication,,22553,AGIL,True,True,"[""L""]",target code excluded from predictors
cog_lkj,L,Replication,,22586,AGJS,True,True,"[""L""]",target code excluded from predictors
cog_lkj,L,Replication,,22839,AGTL,True,True,"[""L""]",target code excluded from predictors
cog_lkj,L,Replication,,22943,AGXL,True,True,"[""L""]",target code excluded from predictors
cog_lkj,L,Replication,,22954,AGXW,True,True,"[""L""]",target code excluded from predictors
cog_lkj,L,Replication,,22975,AGYR,True,True,"[""L""]",target code excluded from predictors
cog_lkj,L,Replication,,23071,AHCJ,True,True,"[""K"",""L""]",target code excluded from predictors
cog_lkj,L,Replication,,23081,AHCT,True,True,"[""K"",""L""]",target code excluded from predictors
cog_lkj,L,Replication,,23084,AHCW,True,True,"[""L""]",target code excluded from predictors
cog_lkj,L,Replication,,23090,AHDC,True,True,"[""L""]",target code excluded from predictors
cog_lkj,L,Replication,,23119,AHEF,True,True,"[""L""]",target code excluded from predictors
cog_lkj,L,Replication,,23120,AHEG,True,True,"[""L""]",target code excluded from predictors
cog_lkj,L,Replication,,23121,AHEH,True,True,"[""L""]",target code excluded from predictors
cog_lkj,L,Replication,,23122,AHEI,True,True,"[""L""]",target code excluded from predictors
cog_lkj,L,Replication,,23123,AHEJ,True,True,"[""L""]",target code excluded from predictors
cog_lkj,L,Replication,,23124,AHEK,True,True,"[""L""]",target code excluded from predictors
cog_lkj,L,Replication,,23125,AHEL,True,True,"[""L""]",target code excluded from predictors
cog_lkj,L,Replication,,23135,AHEV,True,True,"[""K"",""L""]",target code excluded from predictors
cog_lkj,L,Replication,,23144,AHFE,True,True,"[""L""]",target code excluded from predictors
cog_lkj,L,Replication,,23145,AHFF,True,True,"[""L""]",target code excluded from predictors
cog_lkj,L,Replication,,23160,AHFU,True,True,"[""L""]",target code excluded from predictors
cog_lkj,L,Replication,,23168,AHGC,True,True,"[""K"",""L""]",target code excluded from predictors
cog_lkj,L,Replication,,23173,AHGH,True,True,"[""L""]",target code excluded from predictors
cog_lkj,L,Replication,,23194,AHHC,True,True,"[""K"",""L""]",target code excluded from predictors
cog_lkj,L,Replication,,23201,AHHJ,True,True,"[""L""]",target code excluded from predictors
cog_lkj,L,Replication,,23202,AHHK,True,True,"[""L""]",target code excluded from predictors
cog_lkj,L,Replication,,23203,AHHL,True,True,"[""K"",""L""]",target code excluded from predictors
cog_lkj,L,Replication,,23216,AHHY,True,True,"[""K"",""L""]",target code excluded from predictors
cog_lkj,L,Replication,,23217,AHHZ,True,True,"[""L""]",target code excluded from predictors
cog_lkj,L,Replication,,23218,AHIA,True,True,"[""L""]",target code excluded from predictors
cog_lkj,L,Replication,,23219,AHIB,True,True,"[""L""]",target code excluded from predictors
cog_lkj,L,Replication,,23220,AHIC,True,True,"[""L""]",target code excluded from predictors
cog_lkj,L,Replication,,23237,AHIT,True,True,"[""L""]",target code excluded from predictors
cog_lkj,L,Replication,,23239,AHIV,True,True,"[""L""]",target code excluded from predictors
cog_lkj,L,Replication,,23431,AHQF,True,True,"[""L""]",target code excluded from predictors
cog_lkj,L,Replication,,23504,AHTA,True,True,"[""K"",""L""]",target code excluded from predictors
cog_lkj,L,Replication,,23505,AHTB,True,True,"[""K"",""L""]",target code excluded from predictors
cog_lkj,L,Replication,,23506,AHTC,True,True,"[""K"",""L""]",target code excluded from predictors
cog_lkj,L,Replication,,23616,AHXI,True,True,"[""J"",""K"",""L""]",target code excluded from predictors
cog_lkj,L,Replication,,23635,AHYB,True,True,"[""L""]",target code excluded from predictors
cog_lkj,L,Replication,,23708,AIAW,True,True,"[""K"",""L""]",target code excluded from predictors
cog_lkj,L,Replication,,23712,AIBA,True,True,"[""L""]",target code excluded from predictors
cog_lkj,L,Replication,,23737,AIBZ,True,True,"[""K"",""L""]",target code excluded from predictors
cog_lkj,L,Replication,,23757,AICT,True,True,"[""L""]",target code excluded from predictors
cog_lkj,L,Replication,,23769,AIDF,True,True,"[""K"",""L""]",target code excluded from predictors
cog_lkj,L,Replication,,23849,AIGH,True,True,"[""L""]",target code excluded from predictors
cog_lkj,L,Replication,,24084,AIPI,True,True,"[""K"",""L""]",target code excluded from predictors
cog_lkj,L,Replication,,24088,AIPM,True,True,"[""L""]",target code excluded from predictors
cog_lkj,L,Replication,,24089,AIPN,True,True,"[""L""]",target code excluded from predictors
cog_lkj,L,Replication,,24091,AIPP,True,True,"[""L""]",target code excluded from predictors
cog_lkj,L,Replication,,24092,AIPQ,True,True,"[""J"",""L""]",target code excluded from predictors
cog_lkj,L,Replication,,24093,AIPR,True,True,"[""L""]",target code excluded from predictors
cog_lkj,L,Replication,,24095,AIPT,True,True,"[""L""]",target code excluded from predictors
cog_lkj,L,Replication,,24096,AIPU,True,True,"[""L""]",target code excluded from predictors
cog_lkj,L,Replication,,24097,AIPV,True,True,"[""L""]",target code excluded from predictors
cog_lkj,L,Replication,,24115,AIQN,True,True,"[""L""]",target code excluded from predictors
cog_lkj,L,Replication,,24181,AITB,True,True,"[""L""]",target code excluded from predictors
cog_lkj,L,Replication,,24204,AITY,True,True,"[""L""]",target code excluded from predictors
cog_lkj,L,Replication,,24237,AIVF,True,True,"[""L""]",target code excluded from predictors
cog_lkj,L,Replication,,24238,AIVG,True,True,"[""L""]",target code excluded from predictors
cog_lkj,L,Replication,,24241,AIVJ,True,True,"[""L""]",target code excluded from predictors
cog_lkj,L,Replication,,24268,AIWK,True,True,"[""L""]",target code excluded from predictors
cog_lkj,L,Replication,,24279,AIWV,True,True,"[""L""]",target code excluded from predictors
cog_lkj,L,Replication,,24322,AIYM,True,True,"[""K"",""L""]",target code excluded from predictors
cog_lkj,L,Replication,,24483,AJER,True,True,"[""K"",""L""]",target code excluded from predictors
cog_lkj,L,Replication,,24486,AJEU,True,True,"[""K"",""L""]",target code excluded from predictors
cog_lkj,L,Replication,,24487,AJEV,True,True,"[""K"",""L""]",target code excluded from predictors
cog_lkj,L,Replication,,24512,AJFU,True,True,"[""L""]",target code excluded from predictors
cog_lkj,L,Replication,,24552,AJHI,True,True,"[""L""]",target code excluded from predictors
cog_lkj,L,Replication,,24553,AJHJ,True,True,"[""L""]",target code excluded from predictors
cog_lkj,L,Replication,,24583,AJIN,True,True,"[""L""]",target code excluded from predictors
cog_lkj,L,Replication,,24669,AJLV,True,True,"[""L""]",target code excluded from predictors
cog_lkj,L,Replication,,24681,AJMH,True,True,"[""L""]",target code excluded from predictors
cog_lkj,L,Replication,,24766,AJPO,True,True,"[""L""]",target code excluded from predictors
cog_lkj,L,Replication,,24788,AJQK,True,True,"[""L""]",target code excluded from predictors
cog_lkj,L,Replication,,24829,AJRZ,True,True,"[""L""]",target code excluded from predictors
cog_lkj,L,Replication,,24874,AJTS,True,True,"[""L""]",target code excluded from predictors
cog_lkj,L,Replication,,24899,AJUR,True,True,"[""L""]",target code excluded from predictors
cog_lkj,L,Replication,,24927,AJVT,True,True,"[""J"",""K"",""L""]",target code excluded from predictors
cog_lkj,L,Replication,,24936,AJWC,True,True,"[""L""]",target code excluded from predictors
cog_lkj,L,Replication,,24938,AJWE,True,True,"[""L""]",target code excluded from predictors
cog_lkj,L,Replication,,25025,AJZN,True,True,"[""L""]",target code excluded from predictors
cog_lkj,L,Replication,,25110,AKCU,True,True,"[""J"",""K"",""L""]",target code excluded from predictors
cog_lkj,L,Replication,,25126,AKDK,True,True,"[""L""]",target code excluded from predictors
cog_lkj,L,Replication,,25128,AKDM,True,True,"[""L""]",target code excluded from predictors
cog_lkj,L,Replication,,25129,AKDN,True,True,"[""L""]",target code excluded from predictors
cog_lkj,L,Replication,,25131,AKDP,True,True,"[""L""]",target code excluded from predictors
cog_lkj,L,Replication,,25135,AKDT,True,True,"[""L""]",target code excluded from predictors
cog_lkj,L,Replication,,25139,AKDX,True,True,"[""L""]",target code excluded from predictors
cog_lkj,L,Replication,,25140,AKDY,True,True,"[""L""]",target code excluded from predictors
cog_lkj,L,Replication,,25141,AKDZ,True,True,"[""L""]",target code excluded from predictors
cog_lkj,L,Replication,,25146,AKEE,True,True,"[""L""]",target code excluded from predictors
cog_lkj,L,Replication,,25149,AKEH,True,True,"[""L""]",target code excluded from predictors
cog_lkj,L,Replication,,25150,AKEI,True,True,"[""L""]",target code excluded from predictors
cog_lkj,L,Replication,,25151,AKEJ,True,True,"[""L""]",target code excluded from predictors
cog_lkj,L,Replication,,25152,AKEK,True,True,"[""L""]",target code excluded from predictors
cog_lkj,L,Replication,,25155,AKEN,True,True,"[""J"",""L""]",target code excluded from predictors
cog_lkj,L,Replication,,25158,AKEQ,True,True,"[""L""]",target code excluded from predictors
cog_lkj,L,Replication,,25192,AKFY,True,True,"[""L""]",target code excluded from predictors
cog_lkj,L,Replication,,25195,AKGB,True,True,"[""L""]",target code excluded from predictors
cog_lkj,L,Replication,,25198,AKGE,True,True,"[""L""]",target code excluded from predictors
cog_lkj,L,Replication,,25219,AKGZ,True,True,"[""L""]",target code excluded from predictors
cog_lkj,L,Replication,,25220,AKHA,True,True,"[""L""]",target code excluded from predictors
cog_lkj,L,Replication,,25221,AKHB,True,True,"[""L""]",target code excluded from predictors
cog_lkj,L,Replication,,25222,AKHC,True,True,"[""L""]",target code excluded from predictors
cog_lkj,L,Replication,,25223,AKHD,True,True,"[""L""]",target code excluded from predictors
cog_lkj,L,Replication,,25226,AKHG,True,True,"[""J"",""K"",""L""]",target code excluded from predictors
cog_lkj,L,Replication,,25228,AKHI,True,True,"[""L""]",target code excluded from predictors
cog_lkj,L,Replication,,25229,AKHJ,True,True,"[""K"",""L""]",target code excluded from predictors
cog_lkj,L,Replication,,25233,AKHN,True,True,"[""L""]",target code excluded from predictors
cog_lkj,L,Replication,,25234,AKHO,True,True,"[""L""]",target code excluded from predictors
cog_lkj,L,Replication,,25237,AKHR,True,True,"[""L""]",target code excluded from predictors
cog_lkj,L,Replication,,25241,AKHV,True,True,"[""L""]",target code excluded from predictors
cog_lkj,L,Replication,,25245,AKHZ,True,True,"[""K"",""L""]",target code excluded from predictors
cog_lkj,L,Replication,,25249,AKID,True,True,"[""L""]",target code excluded from predictors
cog_lkj,L,Replication,,25253,AKIH,True,True,"[""L""]",target code excluded from predictors
cog_lkj,L,Replication,,25264,AKIS,True,True,"[""L""]",target code excluded from predictors
cog_lkj,L,Replication,,25274,AKJC,True,True,"[""L""]",target code excluded from predictors
cog_lkj,L,Replication,,25275,AKJD,True,True,"[""L""]",target code excluded from predictors
cog_lkj,L,Replication,,25280,AKJI,True,True,"[""L""]",target code excluded from predictors
cog_lkj,L,Replication,,25281,AKJJ,True,True,"[""L""]",target code excluded from predictors
cog_lkj,L,Replication,,25291,AKJT,True,True,"[""L""]",target code excluded from predictors
cog_lkj,L,Replication,,25331,AKLH,True,True,"[""J"",""L""]",target code excluded from predictors
cog_lkj,L,Replication,,25332,AKLI,True,True,"[""L""]",target code excluded from predictors
cog_lkj,L,Replication,,25333,AKLJ,True,True,"[""L""]",target code excluded from predictors
cog_lkj,L,Replication,,25337,AKLN,True,True,"[""L""]",target code excluded from predictors
cog_lkj,L,Replication,,25341,AKLR,True,True,"[""L""]",target code excluded from predictors
cog_lkj,L,Replication,,25343,AKLT,True,True,"[""L""]",target code excluded from predictors
cog_lkj,L,Replication,,25353,AKMD,True,True,"[""L""]",target code excluded from predictors
cog_lkj,L,Replication,,25358,AKMI,True,True,"[""L""]",target code excluded from predictors
cog_lkj,L,Replication,,25365,AKMP,True,True,"[""L""]",target code excluded from predictors
cog_lkj,L,Replication,,25366,AKMQ,True,True,"[""L""]",target code excluded from predictors
cog_lkj,L,Replication,,25367,AKMR,True,True,"[""L""]",target code excluded from predictors
cog_lkj,L,Replication,,25368,AKMS,True,True,"[""L""]",target code excluded from predictors
cog_lkj,L,Replication,,25369,AKMT,True,True,"[""L""]",target code excluded from predictors
cog_lkj,L,Replication,,25371,AKMV,True,True,"[""L""]",target code excluded from predictors
cog_lkj,L,Replication,,25428,AKPA,True,True,"[""J"",""L""]",target code excluded from predictors
cog_lkj,L,Replication,,25434,AKPG,True,True,"[""L""]",target code excluded from predictors
cog_lkj,L,Replication,,25435,AKPH,True,True,"[""L""]",target code excluded from predictors
cog_lkj,L,Replication,,25437,AKPJ,True,True,"[""J"",""L""]",target code excluded from predictors
cog_lkj,L,Replication,,25438,AKPK,True,True,"[""J"",""L""]",target code excluded from predictors
cog_lkj,L,Replication,,25439,AKPL,True,True,"[""L""]",target code excluded from predictors
cog_lkj,L,Replication,,25440,AKPM,True,True,"[""L""]",target code excluded from predictors
cog_lkj,L,Replication,,25441,AKPN,True,True,"[""L""]",target code excluded from predictors
cog_lkj,L,Replication,,25458,AKQE,True,True,"[""J"",""L""]",target code excluded from predictors
cog_lkj,L,Replication,,25530,AKSY,True,True,"[""J"",""L""]",target code excluded from predictors
cog_lkj,L,Replication,,25560,AKUC,True,True,"[""K"",""L""]",target code excluded from predictors
cog_lkj,L,Replication,,25599,AKVP,True,True,"[""K"",""L""]",target code excluded from predictors
cog_lkj,L,Replication,,25668,AKYG,True,True,"[""L""]",target code excluded from predictors
cog_lkj,L,Replication,,25690,AKZC,True,True,"[""K"",""L""]",target code excluded from predictors
cog_lkj,L,Replication,,25692,AKZE,True,True,"[""K"",""L""]",target code excluded from predictors
cog_lkj,L,Replication,,25693,AKZF,True,True,"[""K"",""L""]",target code excluded from predictors
cog_lkj,L,Replication,,25733,ALAT,True,True,"[""L""]",target code excluded from predictors
cog_lkj,L,Replication,,25743,ALBD,True,True,"[""L""]",target code excluded from predictors
cog_lkj,L,Replication,,25749,ALBJ,True,True,"[""K"",""L""]",target code excluded from predictors
cog_lkj,L,Replication,,25791,ALCZ,True,True,"[""K"",""L""]",target code excluded from predictors
cog_lkj,L,Replication,,25794,ALDC,True,True,"[""K"",""L""]",target code excluded from predictors
cog_lkj,L,Replication,,25799,ALDH,True,True,"[""K"",""L""]",target code excluded from predictors
cog_lkj,L,Replication,,25801,ALDJ,True,True,"[""K"",""L""]",target code excluded from predictors
cog_lkj,L,Replication,,25926,ALIE,True,True,"[""L""]",target code excluded from predictors
cog_lkj,L,Replication,,25928,ALIG,True,True,"[""L""]",target code excluded from predictors
cog_lkj,L,Replication,,25929,ALIH,True,True,"[""L""]",target code excluded from predictors
cog_lkj,L,Replication,,25930,ALII,True,True,"[""L""]",target code excluded from predictors
cog_lkj,L,Replication,,25933,ALIL,True,True,"[""L""]",target code excluded from predictors
cog_lkj,L,Replication,,25947,ALIZ,True,True,"[""L""]",target code excluded from predictors
cog_lkj,L,Replication,,25949,ALJB,True,True,"[""K"",""L""]",target code excluded from predictors
cog_lkj,L,Replication,,25950,ALJC,True,True,"[""K"",""L""]",target code excluded from predictors
cog_lkj,L,Replication,,25951,ALJD,True,True,"[""L""]",target code excluded from predictors
cog_lkj,L,Replication,,25956,ALJI,True,True,"[""L""]",target code excluded from predictors
cog_lkj,L,Replication,,25957,ALJJ,True,True,"[""L""]",target code excluded from predictors
cog_lkj,L,Replication,,25958,ALJK,True,True,"[""L""]",target code excluded from predictors
cog_lkj,L,Replication,,26210,ALTC,True,True,"[""L""]",target code excluded from predictors
cog_lkj,L,Replication,,26211,ALTD,True,True,"[""L""]",target code excluded from predictors
cog_lkj,L,Replication,,26293,ALWH,True,True,"[""L""]",target code excluded from predictors
cog_lkj,L,Replication,,26345,ALYH,True,True,"[""L""]",target code excluded from predictors
cog_lkj,L,Replication,,26416,AMBA,True,True,"[""K"",""L""]",target code excluded from predictors
cog_lkj,L,Replication,,26417,AMBB,True,True,"[""K"",""L""]",target code excluded from predictors
cog_lkj,L,Replication,,26418,AMBC,True,True,"[""K"",""L""]",target code excluded from predictors
cog_lkj,L,Replication,,26527,AMFH,True,True,"[""K"",""L""]",target code excluded from predictors
cog_lkj,L,Replication,,26577,AMHF,True,True,"[""K"",""L""]",target code excluded from predictors
cog_lkj,L,Replication,,26581,AMHJ,True,True,"[""K"",""L""]",target code excluded from predictors
cog_lkj,L,Replication,,26708,AMMG,True,True,"[""L""]",target code excluded from predictors
cog_lkj,L,Replication,,26888,AMTE,True,True,"[""J"",""L""]",target code excluded from predictors
cog_lkj,L,Replication,,26907,AMTX,True,True,"[""L""]",target code excluded from predictors
cog_lkj,L,Replication,,26908,AMTY,True,True,"[""L""]",target code excluded from predictors
cog_lkj,L,Replication,,26909,AMTZ,True,True,"[""L""]",target code excluded from predictors
cog_lkj,L,Replication,,26927,AMUR,True,True,"[""L""]",target code excluded from predictors
cog_lkj,L,Replication,,26941,AMVF,True,True,"[""L""]",target code excluded from predictors
cog_lkj,L,Replication,,26987,AMWZ,True,True,"[""L""]",target code excluded from predictors
cog_lkj,L,Replication,,26996,AMXI,True,True,"[""L""]",target code excluded from predictors
cog_lkj,L,Replication,,26998,AMXK,True,True,"[""L""]",target code excluded from predictors
cog_lkj,L,Replication,,27001,AMXN,True,True,"[""L""]",target code excluded from predictors
cog_lkj,L,Replication,,27003,AMXP,True,True,"[""L""]",target code excluded from predictors
cog_lkj,L,Replication,,27004,AMXQ,True,True,"[""L""]",target code excluded from predictors
cog_lkj,L,Replication,,27006,AMXS,True,True,"[""L""]",target code excluded from predictors
cog_lkj,L,Replication,,27007,AMXT,True,True,"[""L""]",target code excluded from predictors
cog_lkj,L,Replication,,27096,ANBE,True,True,"[""K"",""L""]",target code excluded from predictors
cog_lkj,L,Replication,,27111,ANBT,True,True,"[""J"",""L""]",target code excluded from predictors
cog_lkj,L,Replication,,27265,ANHR,True,True,"[""L""]",target code excluded from predictors
cog_lkj,L,Replication,,27270,ANHW,True,True,"[""J"",""K"",""L""]",target code excluded from predictors
cog_lkj,L,Replication,,27277,ANID,True,True,"[""L""]",target code excluded from predictors
cog_lkj,L,Replication,,27278,ANIE,True,True,"[""L""]",target code excluded from predictors
cog_lkj,L,Replication,,27282,ANII,True,True,"[""L""]",target code excluded from predictors
cog_lkj,L,Replication,,27345,ANKT,True,True,"[""J"",""L""]",target code excluded from predictors
cog_lkj,L,Replication,,27395,ANMR,True,True,"[""L""]",target code excluded from predictors
cog_lkj,L,Replication,,27415,ANNL,True,True,"[""K"",""L""]",target code excluded from predictors
cog_lkj,L,Replication,,27593,ANUH,True,True,"[""L""]",target code excluded from predictors
cog_lkj,L,Replication,,27631,ANVT,True,True,"[""K"",""L""]",target code excluded from predictors
cog_lkj,L,Replication,,27634,ANVW,True,True,"[""L""]",target code excluded from predictors
cog_lkj,L,Replication,,27652,ANWO,True,True,"[""L""]",target code excluded from predictors
cog_lkj,L,Replication,,27656,ANWS,True,True,"[""K"",""L""]",target code excluded from predictors
cog_lkj,L,Replication,,27659,ANWV,True,True,"[""J"",""K"",""L""]",target code excluded from predictors
cog_lkj,L,Replication,,27660,ANWW,True,True,"[""L""]",target code excluded from predictors
cog_lkj,L,Replication,,27666,ANXC,True,True,"[""L""]",target code excluded from predictors
cog_lkj,L,Replication,,27667,ANXD,True,True,"[""K"",""L""]",target code excluded from predictors
cog_lkj,L,Replication,,27670,ANXG,True,True,"[""L""]",target code excluded from predictors
cog_lkj,L,Replication,,27706,ANYQ,True,True,"[""L""]",target code excluded from predictors
cog_lkj,L,Replication,,27827,AODH,True,True,"[""L""]",target code excluded from predictors
cog_lkj,L,Replication,,28080,AONA,True,True,"[""L""]",target code excluded from predictors
cog_lkj,L,Replication,,28088,AONI,True,True,"[""L""]",target code excluded from predictors
cog_lkj,L,Replication,,28089,AONJ,True,True,"[""L""]",target code excluded from predictors
cog_lkj,L,Replication,,28105,AONZ,True,True,"[""L""]",target code excluded from predictors
cog_lkj,L,Replication,,28107,AOOB,True,True,"[""L""]",target code excluded from predictors
cog_lkj,L,Replication,,28108,AOOC,True,True,"[""L""]",target code excluded from predictors
cog_lkj,L,Replication,,28111,AOOF,True,True,"[""L""]",target code excluded from predictors
cog_lkj,L,Replication,,28113,AOOH,True,True,"[""L""]",target code excluded from predictors
cog_lkj,L,Replication,,28116,AOOK,True,True,"[""L""]",target code excluded from predictors
cog_lkj,L,Replication,,28119,AOON,True,True,"[""L""]",target code excluded from predictors
cog_lkj,L,Replication,,28155,AOPX,True,True,"[""L""]",target code excluded from predictors
cog_lkj,L,Replication,,28161,AOQD,True,True,"[""L""]",target code excluded from predictors
cog_lkj,L,Replication,,28163,AOQF,True,True,"[""L""]",target code excluded from predictors
cog_lkj,L,Replication,,28165,AOQH,True,True,"[""L""]",target code excluded from predictors
cog_lkj,L,Replication,,28166,AOQI,True,True,"[""L""]",target code excluded from predictors
cog_lkj,L,Replication,,28171,AOQN,True,True,"[""L""]",target code excluded from predictors
cog_lkj,L,Replication,,28172,AOQO,True,True,"[""L""]",target code excluded from predictors
cog_lkj,L,Replication,,28173,AOQP,True,True,"[""L""]",target code excluded from predictors
cog_lkj,L,Replication,,28176,AOQS,True,True,"[""L""]",target code excluded from predictors
cog_lkj,L,Replication,,28177,AOQT,True,True,"[""L""]",target code excluded from predictors
cog_lkj,L,Replication,,28179,AOQV,True,True,"[""L""]",target code excluded from predictors
cog_lkj,L,Replication,,28180,AOQW,True,True,"[""L""]",target code excluded from predictors
cog_lkj,L,Replication,,28181,AOQX,True,True,"[""L""]",target code excluded from predictors
cog_lkj,L,Replication,,28199,AORP,True,True,"[""L""]",target code excluded from predictors
cog_lkj,L,Replication,,28203,AORT,True,True,"[""L""]",target code excluded from predictors
cog_lkj,L,Replication,,28207,AORX,True,True,"[""L""]",target code excluded from predictors
cog_lkj,L,Replication,,28208,AORY,True,True,"[""L""]",target code excluded from predictors
cog_lkj,L,Replication,,28222,AOSM,True,True,"[""L""]",target code excluded from predictors
cog_lkj,L,Replication,,28263,AOUB,True,True,"[""L""]",target code excluded from predictors
cog_lkj,L,Replication,,28279,AOUR,True,True,"[""K"",""L""]",target code excluded from predictors
cog_lkj,L,Replication,,28280,AOUS,True,True,"[""K"",""L""]",target code excluded from predictors
cog_lkj,L,Replication,,28286,AOUY,True,True,"[""K"",""L""]",target code excluded from predictors
cog_lkj,L,Replication,,28288,AOVA,True,True,"[""J"",""K"",""L""]",target code excluded from predictors
cog_lkj,L,Replication,,28294,AOVG,True,True,"[""K"",""L""]",target code excluded from predictors
cog_lkj,L,Replication,,28295,AOVH,True,True,"[""K"",""L""]",target code excluded from predictors
cog_lkj,L,Replication,,28300,AOVM,True,True,"[""K"",""L""]",target code excluded from predictors
cog_lkj,L,Replication,,28318,AOWE,True,True,"[""L""]",target code excluded from predictors
cog_lkj,L,Replication,,28326,AOWM,True,True,"[""L""]",target code excluded from predictors
cog_lkj,L,Replication,,28360,AOXU,True,True,"[""L""]",target code excluded from predictors
cog_lkj,L,Replication,,28363,AOXX,True,True,"[""L""]",target code excluded from predictors
cog_lkj,L,Replication,,28374,AOYI,True,True,"[""L""]",target code excluded from predictors
cog_lkj,L,Replication,,28384,AOYS,True,True,"[""L""]",target code excluded from predictors
cog_lkj,L,Replication,,28387,AOYV,True,True,"[""L""]",target code excluded from predictors
cog_lkj,L,Replication,,28598,APGY,True,True,"[""L""]",target code excluded from predictors
cog_lkj,L,Replication,,28600,APHA,True,True,"[""L""]",target code excluded from predictors
cog_lkj,L,Replication,,28601,APHB,True,True,"[""L""]",target code excluded from predictors
cog_lkj,L,Replication,,28602,APHC,True,True,"[""L""]",target code excluded from predictors
cog_lkj,L,Replication,,28604,APHE,True,True,"[""L""]",target code excluded from predictors
cog_lkj,L,Replication,,28606,APHG,True,True,"[""L""]",target code excluded from predictors
cog_lkj,L,Replication,,28607,APHH,True,True,"[""L""]",target code excluded from predictors
cog_lkj,L,Replication,,28608,APHI,True,True,"[""L""]",target code excluded from predictors
cog_lkj,L,Replication,,28609,APHJ,True,True,"[""L""]",target code excluded from predictors
cog_lkj,L,Replication,,28610,APHK,True,True,"[""L""]",target code excluded from predictors
cog_lkj,L,Replication,,28611,APHL,True,True,"[""L""]",target code excluded from predictors
cog_lkj,L,Replication,,28615,APHP,True,True,"[""L""]",target code excluded from predictors
cog_lkj,L,Replication,,28616,APHQ,True,True,"[""K"",""L""]",target code excluded from predictors
cog_lkj,L,Replication,,28667,APJP,True,True,"[""L""]",target code excluded from predictors
cog_lkj,L,Replication,,28691,APKN,True,True,"[""L""]",target code excluded from predictors
cog_lkj,L,Replication,,28699,APKV,True,True,"[""L""]",target code excluded from predictors
cog_lkj,L,Replication,,28745,APMP,True,True,"[""L""]",target code excluded from predictors
cog_lkj,L,Replication,,28848,APQO,True,True,"[""L""]",target code excluded from predictors
cog_lkj,L,Replication,,28849,APQP,True,True,"[""L""]",target code excluded from predictors
cog_lkj,L,Replication,,28850,APQQ,True,True,"[""L""]",target code excluded from predictors
cog_lkj,L,Replication,,28861,APRB,True,True,"[""K"",""L""]",target code excluded from predictors
cog_lkj,L,Replication,,28863,APRD,True,True,"[""J"",""L""]",target code excluded from predictors
cog_lkj,L,Replication,,28925,APTN,True,True,"[""L""]",target code excluded from predictors
cog_lkj,L,Replication,,28938,APUA,True,True,"[""L""]",target code excluded from predictors
cog_lkj,L,Replication,,28939,APUB,True,True,"[""L""]",target code excluded from predictors
cog_lkj,L,Replication,,29016,APXA,True,True,"[""L""]",target code excluded from predictors
cog_lkj,L,Replication,,29031,APXP,True,True,"[""L""]",target code excluded from predictors
cog_lkj,L,Replication,,29032,APXQ,True,True,"[""L""]",target code excluded from predictors
cog_lkj,L,Replication,,29108,AQAO,True,True,"[""J"",""K"",""L""]",target code excluded from predictors
cog_lkj,L,Replication,,29212,AQEO,True,True,"[""K"",""L""]",target code excluded from predictors
cog_lkj,L,Replication,,29242,AQFS,True,True,"[""K"",""L""]",target code excluded from predictors
cog_lkj,L,Replication,,29246,AQFW,True,True,"[""L""]",target code excluded from predictors
cog_lkj,K,Transcription,,344,MG,True,True,"[""K""]",target code excluded from predictors
cog_lkj,K,Transcription,,355,MR,True,True,"[""K"",""L""]",target code excluded from predictors
cog_lkj,K,Transcription,,442,QA,True,True,"[""K""]",target code excluded from predictors
cog_lkj,K,Transcription,,590,VS,True,True,"[""K""]",target code excluded from predictors
cog_lkj,K,Transcription,,614,WQ,True,True,"[""K""]",target code excluded from predictors
cog_lkj,K,Transcription,,628,XE,True,True,"[""K""]",target code excluded from predictors
cog_lkj,K,Transcription,,810,AEE,True,True,"[""K"",""L""]",target code excluded from predictors
cog_lkj,K,Transcription,,826,AEU,True,True,"[""K""]",target code excluded from predictors
cog_lkj,K,Transcription,,832,AFA,True,True,"[""K"",""L""]",target code excluded from predictors
cog_lkj,K,Transcription,,833,AFB,True,True,"[""K"",""L""]",target code excluded from predictors
cog_lkj,K,Transcription,,835,AFD,True,True,"[""K"",""L""]",target code excluded from predictors
cog_lkj,K,Transcription,,839,AFH,True,True,"[""K""]",target code excluded from predictors
cog_lkj,K,Transcription,,878,AGU,True,True,"[""K"",""L""]",target code excluded from predictors
cog_lkj,K,Transcription,,911,AIB,True,True,"[""K""]",target code excluded from predictors
cog_lkj,K,Transcription,,948,AJM,True,True,"[""K"",""L""]",target code excluded from predictors
cog_lkj,K,Transcription,,961,AJZ,True,True,"[""K""]",target code excluded from predictors
cog_lkj,K,Transcription,,1008,ALU,True,True,"[""K""]",target code excluded from predictors
cog_lkj,K,Transcription,,1009,ALV,True,True,"[""K""]",target code excluded from predictors
cog_lkj,K,Transcription,,1031,AMR,True,True,"[""K"",""L""]",target code excluded from predictors
cog_lkj,K,Transcription,,1067,AOB,True,True,"[""J"",""K"",""L""]",target code excluded from predictors
cog_lkj,K,Transcription,,1081,AOP,True,True,"[""K"",""L""]",target code excluded from predictors
cog_lkj,K,Transcription,,1082,AOQ,True,True,"[""K"",""L""]",target code excluded from predictors
cog_lkj,K,Transcription,,1089,AOX,True,True,"[""J"",""K"",""L""]",target code excluded from predictors
cog_lkj,K,Transcription,,1090,AOY,True,True,"[""J"",""K"",""L""]",target code excluded from predictors
cog_lkj,K,Transcription,,1092,APA,True,True,"[""J"",""K"",""L""]",target code excluded from predictors
cog_lkj,K,Transcription,,1093,APB,True,True,"[""J"",""K"",""L""]",target code excluded from predictors
cog_lkj,K,Transcription,,1094,APC,True,True,"[""J"",""K"",""L""]",target code excluded from predictors
cog_lkj,K,Transcription,,1105,APN,True,True,"[""K"",""L""]",target code excluded from predictors
cog_lkj,K,Transcription,,1138,AQU,True,True,"[""K""]",target code excluded from predictors
cog_lkj,K,Transcription,,1169,ARZ,True,True,"[""K"",""L""]",target code excluded from predictors
cog_lkj,K,Transcription,,1178,ASI,True,True,"[""K""]",target code excluded from predictors
cog_lkj,K,Transcription,,1183,ASN,True,True,"[""K""]",target code excluded from predictors
cog_lkj,K,Transcription,,1184,ASO,True,True,"[""K""]",target code excluded from predictors
cog_lkj,K,Transcription,,1206,ATK,True,True,"[""K""]",target code excluded from predictors
cog_lkj,K,Transcription,,1219,ATX,True,True,"[""K""]",target code excluded from predictors
cog_lkj,K,Transcription,,1221,ATZ,True,True,"[""K"",""L""]",target code excluded from predictors
cog_lkj,K,Transcription,,1223,AUB,True,True,"[""K""]",target code excluded from predictors
cog_lkj,K,Transcription,,1224,AUC,True,True,"[""K""]",target code excluded from predictors
cog_lkj,K,Transcription,,1240,AUS,True,True,"[""J"",""K""]",target code excluded from predictors
cog_lkj,K,Transcription,,1241,AUT,True,True,"[""K"",""L""]",target code excluded from predictors
cog_lkj,K,Transcription,,1243,AUV,True,True,"[""K""]",target code excluded from predictors
cog_lkj,K,Transcription,,1246,AUY,True,True,"[""K""]",target code excluded from predictors
cog_lkj,K,Transcription,,1248,AVA,True,True,"[""K""]",target code excluded from predictors
cog_lkj,K,Transcription,,1256,AVI,True,True,"[""K""]",target code excluded from predictors
cog_lkj,K,Transcription,,1262,AVO,True,True,"[""K""]",target code excluded from predictors
cog_lkj,K,Transcription,,1271,AVX,True,True,"[""K""]",target code excluded from predictors
cog_lkj,K,Transcription,,1276,AWC,True,True,"[""J"",""K"",""L""]",target code excluded from predictors
cog_lkj,K,Transcription,,1277,AWD,True,True,"[""K""]",target code excluded from predictors
cog_lkj,K,Transcription,,1279,AWF,True,True,"[""K""]",target code excluded from predictors
cog_lkj,K,Transcription,,1286,AWM,True,True,"[""K""]",target code excluded from predictors
cog_lkj,K,Transcription,,1312,AXM,True,True,"[""K""]",target code excluded from predictors
cog_lkj,K,Transcription,,1337,AYL,True,True,"[""K""]",target code excluded from predictors
cog_lkj,K,Transcription,,1378,BAA,True,True,"[""K"",""L""]",target code excluded from predictors
cog_lkj,K,Transcription,,1381,BAD,True,True,"[""K""]",target code excluded from predictors
cog_lkj,K,Transcription,,1384,BAG,True,True,"[""K"",""L""]",target code excluded from predictors
cog_lkj,K,Transcription,,1385,BAH,True,True,"[""K"",""L""]",target code excluded from predictors
cog_lkj,K,Transcription,,1399,BAV,True,True,"[""K""]",target code excluded from predictors
cog_lkj,K,Transcription,,1400,BAW,True,True,"[""K""]",target code excluded from predictors
cog_lkj,K,Transcription,,1406,BBC,True,True,"[""K""]",target code excluded from predictors
cog_lkj,K,Transcription,,1428,BBY,True,True,"[""K""]",target code excluded from predictors
cog_lkj,K,Transcription,,1443,BCN,True,True,"[""K""]",target code excluded from predictors
cog_lkj,K,Transcription,,1444,BCO,True,True,"[""K""]",target code excluded from predictors
cog_lkj,K,Transcription,,1452,BCW,True,True,"[""J"",""K""]",target code excluded from predictors
cog_lkj,K,Transcription,,1453,BCX,True,True,"[""K""]",target code excluded from predictors
cog_lkj,K,Transcription,,1456,BDA,True,True,"[""K"",""L""]",target code excluded from predictors
cog_lkj,K,Transcription,,1462,BDG,True,True,"[""K""]",target code excluded from predictors
cog_lkj,K,Transcription,,1463,BDH,True,True,"[""K""]",target code excluded from predictors
cog_lkj,K,Transcription,,1475,BDT,True,True,"[""K""]",target code excluded from predictors
cog_lkj,K,Transcription,,1554,BGU,True,True,"[""J"",""K"",""L""]",target code excluded from predictors
cog_lkj,K,Transcription,,1562,BHC,True,True,"[""K""]",target code excluded from predictors
cog_lkj,K,Transcription,,1574,BHO,True,True,"[""J"",""K""]",target code excluded from predictors
cog_lkj,K,Transcription,,1575,BHP,True,True,"[""K""]",target code excluded from predictors
cog_lkj,K,Transcription,,1653,BKP,True,True,"[""K"",""L""]",target code excluded from predictors
cog_lkj,K,Transcription,,1654,BKQ,True,True,"[""K""]",target code excluded from predictors
cog_lkj,K,Transcription,,1662,BKY,True,True,"[""K""]",target code excluded from predictors
cog_lkj,K,Transcription,,1707,BMR,True,True,"[""K""]",target code excluded from predictors
cog_lkj,K,Transcription,,1713,BMX,True,True,"[""K""]",target code excluded from predictors
cog_lkj,K,Transcription,,1724,BNI,True,True,"[""K"",""L""]",target code excluded from predictors
cog_lkj,K,Transcription,,1751,BOJ,True,True,"[""K""]",target code excluded from predictors
cog_lkj,K,Transcription,,1819,BQZ,True,True,"[""K""]",target code excluded from predictors
cog_lkj,K,Transcription,,1846,BSA,True,True,"[""K""]",target code excluded from predictors
cog_lkj,K,Transcription,,1847,BSB,True,True,"[""K""]",target code excluded from predictors
cog_lkj,K,Transcription,,1848,BSC,True,True,"[""K""]",target code excluded from predictors
cog_lkj,K,Transcription,,1853,BSH,True,True,"[""K""]",target code excluded from predictors
cog_lkj,K,Transcription,,1859,BSN,True,True,"[""K""]",target code excluded from predictors
cog_lkj,K,Transcription,,1874,BTC,True,True,"[""K""]",target code excluded from predictors
cog_lkj,K,Transcription,,1959,BWJ,True,True,"[""J"",""K"",""L""]",target code excluded from predictors
cog_lkj,K,Transcription,,1978,BXC,True,True,"[""K"",""L""]",target code excluded from predictors
cog_lkj,K,Transcription,,1979,BXD,True,True,"[""K""]",target code excluded from predictors
cog_lkj,K,Transcription,,1983,BXH,True,True,"[""K""]",target code excluded from predictors
cog_lkj,K,Transcription,,2012,BYK,True,True,"[""K""]",target code excluded from predictors
cog_lkj,K,Transcription,,2013,BYL,True,True,"[""K""]",target code excluded from predictors
cog_lkj,K,Transcription,,2014,BYM,True,True,"[""K""]",target code excluded from predictors
cog_lkj,K,Transcription,,2023,BYV,True,True,"[""K""]",target code excluded from predictors
cog_lkj,K,Transcription,,2038,BZK,True,True,"[""K""]",target code excluded from predictors
cog_lkj,K,Transcription,,2049,BZV,True,True,"[""K""]",target code excluded from predictors
cog_lkj,K,Transcription,,2073,CAT,True,True,"[""K""]",target code excluded from predictors
cog_lkj,K,Transcription,,2129,CCX,True,True,"[""K""]",target code excluded from predictors
cog_lkj,K,Transcription,,2150,CDS,True,True,"[""K""]",target code excluded from predictors
cog_lkj,K,Transcription,,2197,CFN,True,True,"[""K""]",target code excluded from predictors
cog_lkj,K,Transcription,,2205,CFV,True,True,"[""K"",""L""]",target code excluded from predictors
cog_lkj,K,Transcription,,2215,CGF,True,True,"[""J"",""K"",""L""]",target code excluded from predictors
cog_lkj,K,Transcription,,2216,CGG,True,True,"[""K"",""L""]",target code excluded from predictors
cog_lkj,K,Transcription,,2217,CGH,True,True,"[""J"",""K"",""L""]",target code excluded from predictors
cog_lkj,K,Transcription,,2235,CGZ,True,True,"[""K"",""L""]",target code excluded from predictors
cog_lkj,K,Transcription,,2239,CHD,True,True,"[""K""]",target code excluded from predictors
cog_lkj,K,Transcription,,2241,CHF,True,True,"[""K"",""L""]",target code excluded from predictors
cog_lkj,K,Transcription,,2257,CHV,True,True,"[""K""]",target code excluded from predictors
cog_lkj,K,Transcription,,2274,CIM,True,True,"[""K"",""L""]",target code excluded from predictors
cog_lkj,K,Transcription,,2292,CJE,True,True,"[""J"",""K""]",target code excluded from predictors
cog_lkj,K,Transcription,,2326,CKM,True,True,"[""K"",""L""]",target code excluded from predictors
cog_lkj,K,Transcription,,2344,CLE,True,True,"[""K"",""L""]",target code excluded from predictors
cog_lkj,K,Transcription,,2389,CMX,True,True,"[""K"",""L""]",target code excluded from predictors
cog_lkj,K,Transcription,,2407,CNP,True,True,"[""K""]",target code excluded from predictors
cog_lkj,K,Transcription,,2478,CQI,True,True,"[""K"",""L""]",target code excluded from predictors
cog_lkj,K,Transcription,,2479,CQJ,True,True,"[""K"",""L""]",target code excluded from predictors
cog_lkj,K,Transcription,,2483,CQN,True,True,"[""K""]",target code excluded from predictors
cog_lkj,K,Transcription,,2487,CQR,True,True,"[""K"",""L""]",target code excluded from predictors
cog_lkj,K,Transcription,,2491,CQV,True,True,"[""K"",""L""]",target code excluded from predictors
cog_lkj,K,Transcription,,2492,CQW,True,True,"[""K""]",target code excluded from predictors
cog_lkj,K,Transcription,,2494,CQY,True,True,"[""K""]",target code excluded from predictors
cog_lkj,K,Transcription,,2495,CQZ,True,True,"[""K""]",target code excluded from predictors
cog_lkj,K,Transcription,,2497,CRB,True,True,"[""K""]",target code excluded from predictors
cog_lkj,K,Transcription,,2500,CRE,True,True,"[""K""]",target code excluded from predictors
cog_lkj,K,Transcription,,2501,CRF,True,True,"[""K""]",target code excluded from predictors
cog_lkj,K,Transcription,,2502,CRG,True,True,"[""K""]",target code excluded from predictors
cog_lkj,K,Transcription,,2504,CRI,True,True,"[""K""]",target code excluded from predictors
cog_lkj,K,Transcription,,2505,CRJ,True,True,"[""K""]",target code excluded from predictors
cog_lkj,K,Transcription,,2506,CRK,True,True,"[""K""]",target code excluded from predictors
cog_lkj,K,Transcription,,2507,CRL,True,True,"[""K""]",target code excluded from predictors
cog_lkj,K,Transcription,,2508,CRM,True,True,"[""K""]",target code excluded from predictors
cog_lkj,K,Transcription,,2509,CRN,True,True,"[""K""]",target code excluded from predictors
cog_lkj,K,Transcription,,2510,CRO,True,True,"[""K""]",target code excluded from predictors
cog_lkj,K,Transcription,,2511,CRP,True,True,"[""K""]",target code excluded from predictors
cog_lkj,K,Transcription,,2512,CRQ,True,True,"[""K""]",target code excluded from predictors
cog_lkj,K,Transcription,,2513,CRR,True,True,"[""K""]",target code excluded from predictors
cog_lkj,K,Transcription,,2514,CRS,True,True,"[""K""]",target code excluded from predictors
cog_lkj,K,Transcription,,2515,CRT,True,True,"[""K"",""L""]",target code excluded from predictors
cog_lkj,K,Transcription,,2517,CRV,True,True,"[""K""]",target code excluded from predictors
cog_lkj,K,Transcription,,2518,CRW,True,True,"[""K""]",target code excluded from predictors
cog_lkj,K,Transcription,,2519,CRX,True,True,"[""K""]",target code excluded from predictors
cog_lkj,K,Transcription,,2520,CRY,True,True,"[""K""]",target code excluded from predictors
cog_lkj,K,Transcription,,2521,CRZ,True,True,"[""K""]",target code excluded from predictors
cog_lkj,K,Transcription,,2522,CSA,True,True,"[""K""]",target code excluded from predictors
cog_lkj,K,Transcription,,2523,CSB,True,True,"[""K""]",target code excluded from predictors
cog_lkj,K,Transcription,,2524,CSC,True,True,"[""K""]",target code excluded from predictors
cog_lkj,K,Transcription,,2525,CSD,True,True,"[""K""]",target code excluded from predictors
cog_lkj,K,Transcription,,2526,CSE,True,True,"[""K""]",target code excluded from predictors
cog_lkj,K,Transcription,,2527,CSF,True,True,"[""K""]",target code excluded from predictors
cog_lkj,K,Transcription,,2528,CSG,True,True,"[""K""]",target code excluded from predictors
cog_lkj,K,Transcription,,2529,CSH,True,True,"[""K""]",target code excluded from predictors
cog_lkj,K,Transcription,,2530,CSI,True,True,"[""K""]",target code excluded from predictors
cog_lkj,K,Transcription,,2531,CSJ,True,True,"[""K""]",target code excluded from predictors
cog_lkj,K,Transcription,,2532,CSK,True,True,"[""K""]",target code excluded from predictors
cog_lkj,K,Transcription,,2533,CSL,True,True,"[""K""]",target code excluded from predictors
cog_lkj,K,Transcription,,2534,CSM,True,True,"[""K""]",target code excluded from predictors
cog_lkj,K,Transcription,,2536,CSO,True,True,"[""K""]",target code excluded from predictors
cog_lkj,K,Transcription,,2537,CSP,True,True,"[""K""]",target code excluded from predictors
cog_lkj,K,Transcription,,2538,CSQ,True,True,"[""K""]",target code excluded from predictors
cog_lkj,K,Transcription,,2539,CSR,True,True,"[""K""]",target code excluded from predictors
cog_lkj,K,Transcription,,2540,CSS,True,True,"[""K""]",target code excluded from predictors
cog_lkj,K,Transcription,,2541,CST,True,True,"[""K""]",target code excluded from predictors
cog_lkj,K,Transcription,,2543,CSV,True,True,"[""K""]",target code excluded from predictors
cog_lkj,K,Transcription,,2544,CSW,True,True,"[""K""]",target code excluded from predictors
cog_lkj,K,Transcription,,2545,CSX,True,True,"[""K""]",target code excluded from predictors
cog_lkj,K,Transcription,,2546,CSY,True,True,"[""K""]",target code excluded from predictors
cog_lkj,K,Transcription,,2547,CSZ,True,True,"[""K""]",target code excluded from predictors
cog_lkj,K,Transcription,,2549,CTB,True,True,"[""K""]",target code excluded from predictors
cog_lkj,K,Transcription,,2550,CTC,True,True,"[""K""]",target code excluded from predictors
cog_lkj,K,Transcription,,2557,CTJ,True,True,"[""K""]",target code excluded from predictors
cog_lkj,K,Transcription,,2560,CTM,True,True,"[""K""]",target code excluded from predictors
cog_lkj,K,Transcription,,2561,CTN,True,True,"[""K""]",target code excluded from predictors
cog_lkj,K,Transcription,,2562,CTO,True,True,"[""K""]",target code excluded from predictors
cog_lkj,K,Transcription,,2563,CTP,True,True,"[""K""]",target code excluded from predictors
cog_lkj,K,Transcription,,2564,CTQ,True,True,"[""K""]",target code excluded from predictors
cog_lkj,K,Transcription,,2565,CTR,True,True,"[""K""]",target code excluded from predictors
cog_lkj,K,Transcription,,2566,CTS,True,True,"[""K""]",target code excluded from predictors
cog_lkj,K,Transcription,,2567,CTT,True,True,"[""K""]",target code excluded from predictors
cog_lkj,K,Transcription,,2568,CTU,True,True,"[""K""]",target code excluded from predictors
cog_lkj,K,Transcription,,2569,CTV,True,True,"[""K""]",target code excluded from predictors
cog_lkj,K,Transcription,,2570,CTW,True,True,"[""K""]",target code excluded from predictors
cog_lkj,K,Transcription,,2571,CTX,True,True,"[""K""]",target code excluded from predictors
cog_lkj,K,Transcription,,2572,CTY,True,True,"[""K""]",target code excluded from predictors
cog_lkj,K,Transcription,,2573,CTZ,True,True,"[""K""]",target code excluded from predictors
cog_lkj,K,Transcription,,2574,CUA,True,True,"[""K""]",target code excluded from predictors
cog_lkj,K,Transcription,,2575,CUB,True,True,"[""K""]",target code excluded from predictors
cog_lkj,K,Transcription,,2577,CUD,True,True,"[""K""]",target code excluded from predictors
cog_lkj,K,Transcription,,2594,CUU,True,True,"[""K""]",target code excluded from predictors
cog_lkj,K,Transcription,,2603,CVD,True,True,"[""K""]",target code excluded from predictors
cog_lkj,K,Transcription,,2647,CWV,True,True,"[""K""]",target code excluded from predictors
cog_lkj,K,Transcription,,2706,CZC,True,True,"[""K""]",target code excluded from predictors
cog_lkj,K,Transcription,,2738,DAI,True,True,"[""K""]",target code excluded from predictors
cog_lkj,K,Transcription,,2764,DBI,True,True,"[""K"",""L""]",target code excluded from predictors
cog_lkj,K,Transcription,,2787,DCF,True,True,"[""K""]",target code excluded from predictors
cog_lkj,K,Transcription,,2788,DCG,True,True,"[""K""]",target code excluded from predictors
cog_lkj,K,Transcription,,2850,DEQ,True,True,"[""K""]",target code excluded from predictors
cog_lkj,K,Transcription,,2889,DGD,True,True,"[""K"",""L""]",target code excluded from predictors
cog_lkj,K,Transcription,,2920,DHI,True,True,"[""K""]",target code excluded from predictors
cog_lkj,K,Transcription,,2935,DHX,True,True,"[""J"",""K""]",target code excluded from predictors
cog_lkj,K,Transcription,,2967,DJD,True,True,"[""K""]",target code excluded from predictors
cog_lkj,K,Transcription,,2981,DJR,True,True,"[""K""]",target code excluded from predictors
cog_lkj,K,Transcription,,2985,DJV,True,True,"[""K"",""L""]",target code excluded from predictors
cog_lkj,K,Transcription,,3012,DKW,True,True,"[""K""]",target code excluded from predictors
cog_lkj,K,Transcription,,3013,DKX,True,True,"[""K""]",target code excluded from predictors
cog_lkj,K,Transcription,,3063,DMV,True,True,"[""K""]",target code excluded from predictors
cog_lkj,K,Transcription,,3131,DPL,True,True,"[""K""]",target code excluded from predictors
cog_lkj,K,Transcription,,3162,DQQ,True,True,"[""K""]",target code excluded from predictors
cog_lkj,K,Transcription,,3215,DSR,True,True,"[""K""]",target code excluded from predictors
cog_lkj,K,Transcription,,3218,DSU,True,True,"[""K""]",target code excluded from predictors
cog_lkj,K,Transcription,,3222,DSY,True,True,"[""K""]",target code excluded from predictors
cog_lkj,K,Transcription,,3234,DTK,True,True,"[""K""]",target code excluded from predictors
cog_lkj,K,Transcription,,3236,DTM,True,True,"[""K""]",target code excluded from predictors
cog_lkj,K,Transcription,,3302,DWA,True,True,"[""K""]",target code excluded from predictors
cog_lkj,K,Transcription,,3323,DWV,True,True,"[""K""]",target code excluded from predictors
cog_lkj,K,Transcription,,3360,DYG,True,True,"[""K"",""L""]",target code excluded from predictors
cog_lkj,K,Transcription,,3438,EBG,True,True,"[""K"",""L""]",target code excluded from predictors
cog_lkj,K,Transcription,,3458,ECA,True,True,"[""K"",""L""]",target code excluded from predictors
cog_lkj,K,Transcription,,3480,ECW,True,True,"[""K""]",target code excluded from predictors
cog_lkj,K,Transcription,,3490,EDG,True,True,"[""K""]",target code excluded from predictors
cog_lkj,K,Transcription,,3761,ENR,True,True,"[""K"",""L""]",target code excluded from predictors
cog_lkj,K,Transcription,,3793,EOX,True,True,"[""K""]",target code excluded from predictors
cog_lkj,K,Transcription,,3802,EPG,True,True,"[""K""]",target code excluded from predictors
cog_lkj,K,Transcription,,3920,ETU,True,True,"[""K""]",target code excluded from predictors
cog_lkj,K,Transcription,,3921,ETV,True,True,"[""K""]",target code excluded from predictors
cog_lkj,K,Transcription,,3975,EVX,True,True,"[""K""]",target code excluded from predictors
cog_lkj,K,Transcription,,4019,EXP,True,True,"[""K""]",target code excluded from predictors
cog_lkj,K,Transcription,,4036,EYG,True,True,"[""K""]",target code excluded from predictors
cog_lkj,K,Transcription,,4038,EYI,True,True,"[""K""]",target code excluded from predictors
cog_lkj,K,Transcription,,4100,FAS,True,True,"[""K""]",target code excluded from predictors
cog_lkj,K,Transcription,,4111,FBD,True,True,"[""K""]",target code excluded from predictors
cog_lkj,K,Transcription,,4124,FBQ,True,True,"[""K""]",target code excluded from predictors
cog_lkj,K,Transcription,,4141,FCH,True,True,"[""K"",""L""]",target code excluded from predictors
cog_lkj,K,Transcription,,4239,FGB,True,True,"[""K""]",target code excluded from predictors
cog_lkj,K,Transcription,,4283,FHT,True,True,"[""K""]",target code excluded from predictors
cog_lkj,K,Transcription,,4319,FJD,True,True,"[""K""]",target code excluded from predictors
cog_lkj,K,Transcription,,4376,FLI,True,True,"[""K""]",target code excluded from predictors
cog_lkj,K,Transcription,,4380,FLM,True,True,"[""K""]",target code excluded from predictors
cog_lkj,K,Transcription,,4383,FLP,True,True,"[""K""]",target code excluded from predictors
cog_lkj,K,Transcription,,4392,FLY,True,True,"[""K""]",target code excluded from predictors
cog_lkj,K,Transcription,,4405,FML,True,True,"[""K""]",target code excluded from predictors
cog_lkj,K,Transcription,,4408,FMO,True,True,"[""K""]",target code excluded from predictors
cog_lkj,K,Transcription,,4416,FMW,True,True,"[""K"",""L""]",target code excluded from predictors
cog_lkj,K,Transcription,,4434,FNO,True,True,"[""K""]",target code excluded from predictors
cog_lkj,K,Transcription,,4448,FOC,True,True,"[""K"",""L""]",target code excluded from predictors
cog_lkj,K,Transcription,,4525,FRB,True,True,"[""K""]",target code excluded from predictors
cog_lkj,K,Transcription,,4541,FRR,True,True,"[""K"",""L""]",target code excluded from predictors
cog_lkj,K,Transcription,,4543,FRT,True,True,"[""K""]",target code excluded from predictors
cog_lkj,K,Transcription,,4566,FSQ,True,True,"[""K""]",target code excluded from predictors
cog_lkj,K,Transcription,,4579,FTD,True,True,"[""K""]",target code excluded from predictors
cog_lkj,K,Transcription,,4596,FTU,True,True,"[""K"",""L""]",target code excluded from predictors
cog_lkj,K,Transcription,,4602,FUA,True,True,"[""K""]",target code excluded from predictors
cog_lkj,K,Transcription,,4634,FVG,True,True,"[""K""]",target code excluded from predictors
cog_lkj,K,Transcription,,4657,FWD,True,True,"[""J"",""K""]",target code excluded from predictors
cog_lkj,K,Transcription,,4673,FWT,True,True,"[""K""]",target code excluded from predictors
cog_lkj,K,Transcription,,4722,FYQ,True,True,"[""K""]",target code excluded from predictors
cog_lkj,K,Transcription,,4768,GAK,True,True,"[""K"",""L""]",target code excluded from predictors
cog_lkj,K,Transcription,,4769,GAL,True,True,"[""K"",""L""]",target code excluded from predictors
cog_lkj,K,Transcription,,4901,GFN,True,True,"[""K"",""L""]",target code excluded from predictors
cog_lkj,K,Transcription,,4907,GFT,True,True,"[""K""]",target code excluded from predictors
cog_lkj,K,Transcription,,5079,GMJ,True,True,"[""K""]",target code excluded from predictors
cog_lkj,K,Transcription,,5106,GNK,True,True,"[""K""]",target code excluded from predictors
cog_lkj,K,Transcription,,5178,GQE,True,True,"[""K""]",target code excluded from predictors
cog_lkj,K,Transcription,,5250,GSY,True,True,"[""K""]",target code excluded from predictors
cog_lkj,K,Transcription,,5291,GUN,True,True,"[""K""]",target code excluded from predictors
cog_lkj,K,Transcription,,5348,GWS,True,True,"[""K""]",target code excluded from predictors
cog_lkj,K,Transcription,,5466,HBG,True,True,"[""K""]",target code excluded from predictors
cog_lkj,K,Transcription,,5579,HFP,True,True,"[""K""]",target code excluded from predictors
cog_lkj,K,Transcription,,5628,HHM,True,True,"[""K""]",target code excluded from predictors
cog_lkj,K,Transcription,,5649,HIH,True,True,"[""K""]",target code excluded from predictors
cog_lkj,K,Transcription,,5672,HJE,True,True,"[""K""]",target code excluded from predictors
cog_lkj,K,Transcription,,5673,HJF,True,True,"[""K""]",target code excluded from predictors
cog_lkj,K,Transcription,,5786,HNO,True,True,"[""K"",""L""]",target code excluded from predictors
cog_lkj,K,Transcription,,5852,HQC,True,True,"[""K""]",target code excluded from predictors
cog_lkj,K,Transcription,,5966,HUM,True,True,"[""K""]",target code excluded from predictors
cog_lkj,K,Transcription,,5996,HVQ,True,True,"[""K""]",target code excluded from predictors
cog_lkj,K,Transcription,,6051,HXT,True,True,"[""J"",""K""]",target code excluded from predictors
cog_lkj,K,Transcription,,6052,HXU,True,True,"[""K""]",target code excluded from predictors
cog_lkj,K,Transcription,,6053,HXV,True,True,"[""K""]",target code excluded from predictors
cog_lkj,K,Transcription,,6054,HXW,True,True,"[""K""]",target code excluded from predictors
cog_lkj,K,Transcription,,6058,HYA,True,True,"[""K""]",target code excluded from predictors
cog_lkj,K,Transcription,,6061,HYD,True,True,"[""K""]",target code excluded from predictors
cog_lkj,K,Transcription,,6062,HYE,True,True,"[""K""]",target code excluded from predictors
cog_lkj,K,Transcription,,6082,HYY,True,True,"[""K""]",target code excluded from predictors
cog_lkj,K,Transcription,,6085,HZB,True,True,"[""K""]",target code excluded from predictors
cog_lkj,K,Transcription,,6086,HZC,True,True,"[""K""]",target code excluded from predictors
cog_lkj,K,Transcription,,6104,HZU,True,True,"[""K""]",target code excluded from predictors
cog_lkj,K,Transcription,,6116,IAG,True,True,"[""K""]",target code excluded from predictors
cog_lkj,K,Transcription,,6176,ICO,True,True,"[""K""]",target code excluded from predictors
cog_lkj,K,Transcription,,6259,IFT,True,True,"[""K""]",target code excluded from predictors
cog_lkj,K,Transcription,,6284,IGS,True,True,"[""K""]",target code excluded from predictors
cog_lkj,K,Transcription,,6299,IHH,True,True,"[""K""]",target code excluded from predictors
cog_lkj,K,Transcription,,6312,IHU,True,True,"[""K"",""L""]",target code excluded from predictors
cog_lkj,K,Transcription,,6325,IIH,True,True,"[""K"",""L""]",target code excluded from predictors
cog_lkj,K,Transcription,,6338,IIU,True,True,"[""K""]",target code excluded from predictors
cog_lkj,K,Transcription,,6339,IIV,True,True,"[""K""]",target code excluded from predictors
cog_lkj,K,Transcription,,6340,IIW,True,True,"[""K""]",target code excluded from predictors
cog_lkj,K,Transcription,,6341,IIX,True,True,"[""K""]",target code excluded from predictors
cog_lkj,K,Transcription,,6342,IIY,True,True,"[""K""]",target code excluded from predictors
cog_lkj,K,Transcription,,6356,IJM,True,True,"[""J"",""K"",""L""]",target code excluded from predictors
cog_lkj,K,Transcription,,6375,IKF,True,True,"[""K"",""L""]",target code excluded from predictors
cog_lkj,K,Transcription,,6380,IKK,True,True,"[""K"",""L""]",target code excluded from predictors
cog_lkj,K,Transcription,,6421,ILZ,True,True,"[""J"",""K"",""L""]",target code excluded from predictors
cog_lkj,K,Transcription,,6473,INZ,True,True,"[""K""]",target code excluded from predictors
cog_lkj,K,Transcription,,6474,IOA,True,True,"[""K""]",target code excluded from predictors
cog_lkj,K,Transcription,,6477,IOD,True,True,"[""K""]",target code excluded from predictors
cog_lkj,K,Transcription,,6480,IOG,True,True,"[""K""]",target code excluded from predictors
cog_lkj,K,Transcription,,6528,IQC,True,True,"[""K""]",target code excluded from predictors
cog_lkj,K,Transcription,,6537,IQL,True,True,"[""K"",""L""]",target code excluded from predictors
cog_lkj,K,Transcription,,6717,IXJ,True,True,"[""K""]",target code excluded from predictors
cog_lkj,K,Transcription,,6735,IYB,True,True,"[""K""]",target code excluded from predictors
cog_lkj,K,Transcription,,6746,IYM,True,True,"[""K"",""L""]",target code excluded from predictors
cog_lkj,K,Transcription,,6761,IZB,True,True,"[""K""]",target code excluded from predictors
cog_lkj,K,Transcription,,6775,IZP,True,True,"[""K""]",target code excluded from predictors
cog_lkj,K,Transcription,,6777,IZR,True,True,"[""K""]",target code excluded from predictors
cog_lkj,K,Transcription,,6782,IZW,True,True,"[""K""]",target code excluded from predictors
cog_lkj,K,Transcription,,6786,JAA,True,True,"[""K""]",target code excluded from predictors
cog_lkj,K,Transcription,,6787,JAB,True,True,"[""K""]",target code excluded from predictors
cog_lkj,K,Transcription,,6825,JBN,True,True,"[""K""]",target code excluded from predictors
cog_lkj,K,Transcription,,6862,JCY,True,True,"[""K"",""L""]",target code excluded from predictors
cog_lkj,K,Transcription,,6863,JCZ,True,True,"[""K""]",target code excluded from predictors
cog_lkj,K,Transcription,,6891,JEB,True,True,"[""K""]",target code excluded from predictors
cog_lkj,K,Transcription,,6943,JGB,True,True,"[""K""]",target code excluded from predictors
cog_lkj,K,Transcription,,6944,JGC,True,True,"[""K""]",target code excluded from predictors
cog_lkj,K,Transcription,,6954,JGM,True,True,"[""K""]",target code excluded from predictors
cog_lkj,K,Transcription,,6968,JHA,True,True,"[""K""]",target code excluded from predictors
cog_lkj,K,Transcription,,6970,JHC,True,True,"[""K""]",target code excluded from predictors
cog_lkj,K,Transcription,,6971,JHD,True,True,"[""K""]",target code excluded from predictors
cog_lkj,K,Transcription,,6973,JHF,True,True,"[""K""]",target code excluded from predictors
cog_lkj,K,Transcription,,6981,JHN,True,True,"[""K""]",target code excluded from predictors
cog_lkj,K,Transcription,,7001,JIH,True,True,"[""K""]",target code excluded from predictors
cog_lkj,K,Transcription,,7017,JIX,True,True,"[""K""]",target code excluded from predictors
cog_lkj,K,Transcription,,7023,JJD,True,True,"[""K"",""L""]",target code excluded from predictors
cog_lkj,K,Transcription,,7037,JJR,True,True,"[""J"",""K"",""L""]",target code excluded from predictors
cog_lkj,K,Transcription,,7039,JJT,True,True,"[""K""]",target code excluded from predictors
cog_lkj,K,Transcription,,7042,JJW,True,True,"[""K""]",target code excluded from predictors
cog_lkj,K,Transcription,,7043,JJX,True,True,"[""J"",""K""]",target code excluded from predictors
cog_lkj,K,Transcription,,7080,JLI,True,True,"[""K""]",target code excluded from predictors
cog_lkj,K,Transcription,,7081,JLJ,True,True,"[""K""]",target code excluded from predictors
cog_lkj,K,Transcription,,7084,JLM,True,True,"[""J"",""K"",""L""]",target code excluded from predictors
cog_lkj,K,Transcription,,7089,JLR,True,True,"[""K""]",target code excluded from predictors
cog_lkj,K,Transcription,,7091,JLT,True,True,"[""K""]",target code excluded from predictors
cog_lkj,K,Transcription,,7094,JLW,True,True,"[""K""]",target code excluded from predictors
cog_lkj,K,Transcription,,7125,JNB,True,True,"[""K""]",target code excluded from predictors
cog_lkj,K,Transcription,,7136,JNM,True,True,"[""K""]",target code excluded from predictors
cog_lkj,K,Transcription,,7137,JNN,True,True,"[""K"",""L""]",target code excluded from predictors
cog_lkj,K,Transcription,,7158,JOI,True,True,"[""K""]",target code excluded from predictors
cog_lkj,K,Transcription,,7162,JOM,True,True,"[""K"",""L""]",target code excluded from predictors
cog_lkj,K,Transcription,,7167,JOR,True,True,"[""K"",""L""]",target code excluded from predictors
cog_lkj,K,Transcription,,7168,JOS,True,True,"[""K""]",target code excluded from predictors
cog_lkj,K,Transcription,,7169,JOT,True,True,"[""K""]",target code excluded from predictors
cog_lkj,K,Transcription,,7170,JOU,True,True,"[""K""]",target code excluded from predictors
cog_lkj,K,Transcription,,7172,JOW,True,True,"[""K""]",target code excluded from predictors
cog_lkj,K,Transcription,,7173,JOX,True,True,"[""K""]",target code excluded from predictors
cog_lkj,K,Transcription,,7185,JPJ,True,True,"[""J"",""K""]",target code excluded from predictors
cog_lkj,K,Transcription,,7190,JPO,True,True,"[""J"",""K""]",target code excluded from predictors
cog_lkj,K,Transcription,,7238,JRK,True,True,"[""K"",""L""]",target code excluded from predictors
cog_lkj,K,Transcription,,7242,JRO,True,True,"[""K"",""L""]",target code excluded from predictors
cog_lkj,K,Transcription,,7244,JRQ,True,True,"[""K""]",target code excluded from predictors
cog_lkj,K,Transcription,,7257,JSD,True,True,"[""J"",""K""]",target code excluded from predictors
cog_lkj,K,Transcription,,7281,JTB,True,True,"[""K""]",target code excluded from predictors
cog_lkj,K,Transcription,,7282,JTC,True,True,"[""J"",""K"",""L""]",target code excluded from predictors
cog_lkj,K,Transcription,,7283,JTD,True,True,"[""K""]",target code excluded from predictors
cog_lkj,K,Transcription,,7285,JTF,True,True,"[""K""]",target code excluded from predictors
cog_lkj,K,Transcription,,7288,JTI,True,True,"[""K"",""L""]",target code excluded from predictors
cog_lkj,K,Transcription,,7299,JTT,True,True,"[""K""]",target code excluded from predictors
cog_lkj,K,Transcription,,7320,JUO,True,True,"[""K"",""L""]",target code excluded from predictors
cog_lkj,K,Transcription,,7323,JUR,True,True,"[""K"",""L""]",target code excluded from predictors
cog_lkj,K,Transcription,,7328,JUW,True,True,"[""K""]",target code excluded from predictors
cog_lkj,K,Transcription,,7333,JVB,True,True,"[""J"",""K""]",target code excluded from predictors
cog_lkj,K,Transcription,,7345,JVN,True,True,"[""K"",""L""]",target code excluded from predictors
cog_lkj,K,Transcription,,7347,JVP,True,True,"[""K""]",target code excluded from predictors
cog_lkj,K,Transcription,,7348,JVQ,True,True,"[""K""]",target code excluded from predictors
cog_lkj,K,Transcription,,7349,JVR,True,True,"[""K""]",target code excluded from predictors
cog_lkj,K,Transcription,,7351,JVT,True,True,"[""K""]",target code excluded from predictors
cog_lkj,K,Transcription,,7353,JVV,True,True,"[""K""]",target code excluded from predictors
cog_lkj,K,Transcription,,7354,JVW,True,True,"[""K""]",target code excluded from predictors
cog_lkj,K,Transcription,,7355,JVX,True,True,"[""K""]",target code excluded from predictors
cog_lkj,K,Transcription,,7358,JWA,True,True,"[""K""]",target code excluded from predictors
cog_lkj,K,Transcription,,7359,JWB,True,True,"[""K""]",target code excluded from predictors
cog_lkj,K,Transcription,,7360,JWC,True,True,"[""K""]",target code excluded from predictors
cog_lkj,K,Transcription,,7361,JWD,True,True,"[""K""]",target code excluded from predictors
cog_lkj,K,Transcription,,7363,JWF,True,True,"[""K""]",target code excluded from predictors
cog_lkj,K,Transcription,,7364,JWG,True,True,"[""K""]",target code excluded from predictors
cog_lkj,K,Transcription,,7365,JWH,True,True,"[""K""]",target code excluded from predictors
cog_lkj,K,Transcription,,7366,JWI,True,True,"[""K""]",target code excluded from predictors
cog_lkj,K,Transcription,,7367,JWJ,True,True,"[""K""]",target code excluded from predictors
cog_lkj,K,Transcription,,7368,JWK,True,True,"[""K""]",target code excluded from predictors
cog_lkj,K,Transcription,,7369,JWL,True,True,"[""K""]",target code excluded from predictors
cog_lkj,K,Transcription,,7370,JWM,True,True,"[""K""]",target code excluded from predictors
cog_lkj,K,Transcription,,7371,JWN,True,True,"[""K""]",target code excluded from predictors
cog_lkj,K,Transcription,,7372,JWO,True,True,"[""K""]",target code excluded from predictors
cog_lkj,K,Transcription,,7374,JWQ,True,True,"[""K""]",target code excluded from predictors
cog_lkj,K,Transcription,,7375,JWR,True,True,"[""K""]",target code excluded from predictors
cog_lkj,K,Transcription,,7376,JWS,True,True,"[""K""]",target code excluded from predictors
cog_lkj,K,Transcription,,7377,JWT,True,True,"[""K""]",target code excluded from predictors
cog_lkj,K,Transcription,,7383,JWZ,True,True,"[""K""]",target code excluded from predictors
cog_lkj,K,Transcription,,7385,JXB,True,True,"[""K""]",target code excluded from predictors
cog_lkj,K,Transcription,,7386,JXC,True,True,"[""K""]",target code excluded from predictors
cog_lkj,K,Transcription,,7388,JXE,True,True,"[""K""]",target code excluded from predictors
cog_lkj,K,Transcription,,7390,JXG,True,True,"[""K""]",target code excluded from predictors
cog_lkj,K,Transcription,,7392,JXI,True,True,"[""K""]",target code excluded from predictors
cog_lkj,K,Transcription,,7393,JXJ,True,True,"[""K""]",target code excluded from predictors
cog_lkj,K,Transcription,,7397,JXN,True,True,"[""K"",""L""]",target code excluded from predictors
cog_lkj,K,Transcription,,7440,JZE,True,True,"[""K"",""L""]",target code excluded from predictors
cog_lkj,K,Transcription,,7451,JZP,True,True,"[""K""]",target code excluded from predictors
cog_lkj,K,Transcription,,7461,JZZ,True,True,"[""K""]",target code excluded from predictors
cog_lkj,K,Transcription,,7462,KAA,True,True,"[""K""]",target code excluded from predictors
cog_lkj,K,Transcription,,7507,KBT,True,True,"[""K""]",target code excluded from predictors
cog_lkj,K,Transcription,,7518,KCE,True,True,"[""K""]",target code excluded from predictors
cog_lkj,K,Transcription,,7552,KDM,True,True,"[""K""]",target code excluded from predictors
cog_lkj,K,Transcription,,7765,KLR,True,True,"[""K"",""L""]",target code excluded from predictors
cog_lkj,K,Transcription,,8790,LZC,True,True,"[""K"",""L""]",target code excluded from predictors
cog_lkj,K,Transcription,,8860,MBU,True,True,"[""K"",""L""]",target code excluded from predictors
cog_lkj,K,Transcription,,8861,MBV,True,True,"[""K"",""L""]",target code excluded from predictors
cog_lkj,K,Transcription,,9044,MIW,True,True,"[""K"",""L""]",target code excluded from predictors
cog_lkj,K,Transcription,,9048,MJA,True,True,"[""K""]",target code excluded from predictors
cog_lkj,K,Transcription,,9180,MOC,True,True,"[""K""]",target code excluded from predictors
cog_lkj,K,Transcription,,9181,MOD,True,True,"[""K""]",target code excluded from predictors
cog_lkj,K,Transcription,,9183,MOF,True,True,"[""K""]",target code excluded from predictors
cog_lkj,K,Transcription,,9184,MOG,True,True,"[""K""]",target code excluded from predictors
cog_lkj,K,Transcription,,9185,MOH,True,True,"[""K""]",target code excluded from predictors
cog_lkj,K,Transcription,,9186,MOI,True,True,"[""K""]",target code excluded from predictors
cog_lkj,K,Transcription,,9187,MOJ,True,True,"[""K""]",target code excluded from predictors
cog_lkj,K,Transcription,,9188,MOK,True,True,"[""K""]",target code excluded from predictors
cog_lkj,K,Transcription,,9250,MQU,True,True,"[""K"",""L""]",target code excluded from predictors
cog_lkj,K,Transcription,,9332,MTY,True,True,"[""K"",""L""]",target code excluded from predictors
cog_lkj,K,Transcription,,9337,MUD,True,True,"[""K""]",target code excluded from predictors
cog_lkj,K,Transcription,,9391,MWF,True,True,"[""K""]",target code excluded from predictors
cog_lkj,K,Transcription,,9401,MWP,True,True,"[""K""]",target code excluded from predictors
cog_lkj,K,Transcription,,9414,MXC,True,True,"[""K"",""L""]",target code excluded from predictors
cog_lkj,K,Transcription,,9420,MXI,True,True,"[""K""]",target code excluded from predictors
cog_lkj,K,Transcription,,9452,MYO,True,True,"[""K""]",target code excluded from predictors
cog_lkj,K,Transcription,,9505,NAP,True,True,"[""K""]",target code excluded from predictors
cog_lkj,K,Transcription,,9547,NCF,True,True,"[""K""]",target code excluded from predictors
cog_lkj,K,Transcription,,9599,NEF,True,True,"[""K"",""L""]",target code excluded from predictors
cog_lkj,K,Transcription,,9600,NEG,True,True,"[""K"",""L""]",target code excluded from predictors
cog_lkj,K,Transcription,,9606,NEM,True,True,"[""K""]",target code excluded from predictors
cog_lkj,K,Transcription,,9636,NFQ,True,True,"[""K""]",target code excluded from predictors
cog_lkj,K,Transcription,,9655,NGJ,True,True,"[""K""]",target code excluded from predictors
cog_lkj,K,Transcription,,9656,NGK,True,True,"[""K"",""L""]",target code excluded from predictors
cog_lkj,K,Transcription,,9657,NGL,True,True,"[""K""]",target code excluded from predictors
cog_lkj,K,Transcription,,9661,NGP,True,True,"[""K""]",target code excluded from predictors
cog_lkj,K,Transcription,,9688,NHQ,True,True,"[""K"",""L""]",target code excluded from predictors
cog_lkj,K,Transcription,,9689,NHR,True,True,"[""K"",""L""]",target code excluded from predictors
cog_lkj,K,Transcription,,9746,NJW,True,True,"[""K""]",target code excluded from predictors
cog_lkj,K,Transcription,,9747,NJX,True,True,"[""K""]",target code excluded from predictors
cog_lkj,K,Transcription,,9749,NJZ,True,True,"[""K""]",target code excluded from predictors
cog_lkj,K,Transcription,,9766,NKQ,True,True,"[""K"",""L""]",target code excluded from predictors
cog_lkj,K,Transcription,,9768,NKS,True,True,"[""K"",""L""]",target code excluded from predictors
cog_lkj,K,Transcription,,9769,NKT,True,True,"[""K""]",target code excluded from predictors
cog_lkj,K,Transcription,,9770,NKU,True,True,"[""K""]",target code excluded from predictors
cog_lkj,K,Transcription,,9771,NKV,True,True,"[""K""]",target code excluded from predictors
cog_lkj,K,Transcription,,9772,NKW,True,True,"[""K""]",target code excluded from predictors
cog_lkj,K,Transcription,,9773,NKX,True,True,"[""K""]",target code excluded from predictors
cog_lkj,K,Transcription,,9788,NLM,True,True,"[""K""]",target code excluded from predictors
cog_lkj,K,Transcription,,9789,NLN,True,True,"[""K""]",target code excluded from predictors
cog_lkj,K,Transcription,,9790,NLO,True,True,"[""K""]",target code excluded from predictors
cog_lkj,K,Transcription,,9791,NLP,True,True,"[""J"",""K""]",target code excluded from predictors
cog_lkj,K,Transcription,,9792,NLQ,True,True,"[""K""]",target code excluded from predictors
cog_lkj,K,Transcription,,9793,NLR,True,True,"[""K""]",target code excluded from predictors
cog_lkj,K,Transcription,,9794,NLS,True,True,"[""K""]",target code excluded from predictors
cog_lkj,K,Transcription,,9797,NLV,True,True,"[""K""]",target code excluded from predictors
cog_lkj,K,Transcription,,9799,NLX,True,True,"[""K""]",target code excluded from predictors
cog_lkj,K,Transcription,,9800,NLY,True,True,"[""K""]",target code excluded from predictors
cog_lkj,K,Transcription,,9801,NLZ,True,True,"[""K""]",target code excluded from predictors
cog_lkj,K,Transcription,,9802,NMA,True,True,"[""K""]",target code excluded from predictors
cog_lkj,K,Transcription,,9805,NMD,True,True,"[""K""]",target code excluded from predictors
cog_lkj,K,Transcription,,9806,NME,True,True,"[""K""]",target code excluded from predictors
cog_lkj,K,Transcription,,9808,NMG,True,True,"[""K""]",target code excluded from predictors
cog_lkj,K,Transcription,,9810,NMI,True,True,"[""K""]",target code excluded from predictors
cog_lkj,K,Transcription,,9812,NMK,True,True,"[""K""]",target code excluded from predictors
cog_lkj,K,Transcription,,9813,NML,True,True,"[""K""]",target code excluded from predictors
cog_lkj,K,Transcription,,9871,NOR,True,True,"[""K""]",target code excluded from predictors
cog_lkj,K,Transcription,,9884,NPE,True,True,"[""K""]",target code excluded from predictors
cog_lkj,K,Transcription,,9933,NRB,True,True,"[""J"",""K"",""L""]",target code excluded from predictors
cog_lkj,K,Transcription,,9953,NRV,True,True,"[""K""]",target code excluded from predictors
cog_lkj,K,Transcription,,9954,NRW,True,True,"[""K""]",target code excluded from predictors
cog_lkj,K,Transcription,,9971,NSN,True,True,"[""K"",""L""]",target code excluded from predictors
cog_lkj,K,Transcription,,9992,NTI,True,True,"[""K""]",target code excluded from predictors
cog_lkj,K,Transcription,,10041,NVF,True,True,"[""K""]",target code excluded from predictors
cog_lkj,K,Transcription,,10052,NVQ,True,True,"[""K""]",target code excluded from predictors
cog_lkj,K,Transcription,,10072,NWK,True,True,"[""K""]",target code excluded from predictors
cog_lkj,K,Transcription,,10083,NWV,True,True,"[""K""]",target code excluded from predictors
cog_lkj,K,Transcription,,10093,NXF,True,True,"[""K""]",target code excluded from predictors
cog_lkj,K,Transcription,,10094,NXG,True,True,"[""K""]",target code excluded from predictors
cog_lkj,K,Transcription,,10095,NXH,True,True,"[""K"",""L""]",target code excluded from predictors
cog_lkj,K,Transcription,,10098,NXK,True,True,"[""K""]",target code excluded from predictors
cog_lkj,K,Transcription,,10100,NXM,True,True,"[""K""]",target code excluded from predictors
cog_lkj,K,Transcription,,10147,NZH,True,True,"[""K""]",target code excluded from predictors
cog_lkj,K,Transcription,,10148,NZI,True,True,"[""K"",""L""]",target code excluded from predictors
cog_lkj,K,Transcription,,10149,NZJ,True,True,"[""K"",""L""]",target code excluded from predictors
cog_lkj,K,Transcription,,10165,NZZ,True,True,"[""K"",""L""]",target code excluded from predictors
cog_lkj,K,Transcription,,10180,OAO,True,True,"[""K""]",target code excluded from predictors
cog_lkj,K,Transcription,,10183,OAR,True,True,"[""K""]",target code excluded from predictors
cog_lkj,K,Transcription,,10210,OBS,True,True,"[""K""]",target code excluded from predictors
cog_lkj,K,Transcription,,10216,OBY,True,True,"[""K""]",target code excluded from predictors
cog_lkj,K,Transcription,,10222,OCE,True,True,"[""J"",""K""]",target code excluded from predictors
cog_lkj,K,Transcription,,10233,OCP,True,True,"[""K""]",target code excluded from predictors
cog_lkj,K,Transcription,,10277,OEH,True,True,"[""K""]",target code excluded from predictors
cog_lkj,K,Transcription,,10285,OEP,True,True,"[""K""]",target code excluded from predictors
cog_lkj,K,Transcription,,10287,OER,True,True,"[""K""]",target code excluded from predictors
cog_lkj,K,Transcription,,10339,OGR,True,True,"[""J"",""K"",""L""]",target code excluded from predictors
cog_lkj,K,Transcription,,10352,OHE,True,True,"[""K""]",target code excluded from predictors
cog_lkj,K,Transcription,,10366,OHS,True,True,"[""J"",""K""]",target code excluded from predictors
cog_lkj,K,Transcription,,10368,OHU,True,True,"[""K""]",target code excluded from predictors
cog_lkj,K,Transcription,,10401,OJB,True,True,"[""J"",""K""]",target code excluded from predictors
cog_lkj,K,Transcription,,10405,OJF,True,True,"[""J"",""K""]",target code excluded from predictors
cog_lkj,K,Transcription,,10451,OKZ,True,True,"[""K""]",target code excluded from predictors
cog_lkj,K,Transcription,,10452,OLA,True,True,"[""K"",""L""]",target code excluded from predictors
cog_lkj,K,Transcription,,10479,OMB,True,True,"[""K""]",target code excluded from predictors
cog_lkj,K,Transcription,,10489,OML,True,True,"[""K""]",target code excluded from predictors
cog_lkj,K,Transcription,,10508,ONE,True,True,"[""K""]",target code excluded from predictors
cog_lkj,K,Transcription,,10509,ONF,True,True,"[""K""]",target code excluded from predictors
cog_lkj,K,Transcription,,10521,ONR,True,True,"[""K""]",target code excluded from predictors
cog_lkj,K,Transcription,,10522,ONS,True,True,"[""K""]",target code excluded from predictors
cog_lkj,K,Transcription,,10523,ONT,True,True,"[""K""]",target code excluded from predictors
cog_lkj,K,Transcription,,10620,ORM,True,True,"[""K""]",target code excluded from predictors
cog_lkj,K,Transcription,,10622,ORO,True,True,"[""K""]",target code excluded from predictors
cog_lkj,K,Transcription,,10642,OSI,True,True,"[""K""]",target code excluded from predictors
cog_lkj,K,Transcription,,10661,OTB,True,True,"[""K"",""L""]",target code excluded from predictors
cog_lkj,K,Transcription,,10662,OTC,True,True,"[""K"",""L""]",target code excluded from predictors
cog_lkj,K,Transcription,,10675,OTP,True,True,"[""K""]",target code excluded from predictors
cog_lkj,K,Transcription,,10676,OTQ,True,True,"[""K""]",target code excluded from predictors
cog_lkj,K,Transcription,,10724,OVM,True,True,"[""J"",""K"",""L""]",target code excluded from predictors
cog_lkj,K,Transcription,,10725,OVN,True,True,"[""K"",""L""]",target code excluded from predictors
cog_lkj,K,Transcription,,10778,OXO,True,True,"[""K""]",target code excluded from predictors
cog_lkj,K,Transcription,,10780,OXQ,True,True,"[""K""]",target code excluded from predictors
cog_lkj,K,Transcription,,10788,OXY,True,True,"[""K""]",target code excluded from predictors
cog_lkj,K,Transcription,,10803,OYN,True,True,"[""K""]",target code excluded from predictors
cog_lkj,K,Transcription,,10859,PAR,True,True,"[""K""]",target code excluded from predictors
cog_lkj,K,Transcription,,10868,PBA,True,True,"[""K""]",target code excluded from predictors
cog_lkj,K,Transcription,,10874,PBG,True,True,"[""K"",""L""]",target code excluded from predictors
cog_lkj,K,Transcription,,10881,PBN,True,True,"[""K""]",target code excluded from predictors
cog_lkj,K,Transcription,,10932,PDM,True,True,"[""K"",""L""]",target code excluded from predictors
cog_lkj,K,Transcription,,10944,PDY,True,True,"[""K""]",target code excluded from predictors
cog_lkj,K,Transcription,,10945,PDZ,True,True,"[""K""]",target code excluded from predictors
cog_lkj,K,Transcription,,11014,PGQ,True,True,"[""K""]",target code excluded from predictors
cog_lkj,K,Transcription,,11044,PHU,True,True,"[""K""]",target code excluded from predictors
cog_lkj,K,Transcription,,11047,PHX,True,True,"[""K"",""L""]",target code excluded from predictors
cog_lkj,K,Transcription,,11066,PIQ,True,True,"[""K""]",target code excluded from predictors
cog_lkj,K,Transcription,,11079,PJD,True,True,"[""K""]",target code excluded from predictors
cog_lkj,K,Transcription,,11092,PJQ,True,True,"[""K""]",target code excluded from predictors
cog_lkj,K,Transcription,,11102,PKA,True,True,"[""K""]",target code excluded from predictors
cog_lkj,K,Transcription,,11103,PKB,True,True,"[""K"",""L""]",target code excluded from predictors
cog_lkj,K,Transcription,,11106,PKE,True,True,"[""K""]",target code excluded from predictors
cog_lkj,K,Transcription,,11108,PKG,True,True,"[""K"",""L""]",target code excluded from predictors
cog_lkj,K,Transcription,,11111,PKJ,True,True,"[""K""]",target code excluded from predictors
cog_lkj,K,Transcription,,11158,PME,True,True,"[""K""]",target code excluded from predictors
cog_lkj,K,Transcription,,11164,PMK,True,True,"[""K""]",target code excluded from predictors
cog_lkj,K,Transcription,,11165,PML,True,True,"[""K""]",target code excluded from predictors
cog_lkj,K,Transcription,,11193,PNN,True,True,"[""K""]",target code excluded from predictors
cog_lkj,K,Transcription,,11206,POA,True,True,"[""K""]",target code excluded from predictors
cog_lkj,K,Transcription,,11208,POC,True,True,"[""K""]",target code excluded from predictors
cog_lkj,K,Transcription,,11212,POG,True,True,"[""K"",""L""]",target code excluded from predictors
cog_lkj,K,Transcription,,11217,POL,True,True,"[""K""]",target code excluded from predictors
cog_lkj,K,Transcription,,11218,POM,True,True,"[""J"",""K""]",target code excluded from predictors
cog_lkj,K,Transcription,,11230,POY,True,True,"[""J"",""K"",""L""]",target code excluded from predictors
cog_lkj,K,Transcription,,11241,PPJ,True,True,"[""K""]",target code excluded from predictors
cog_lkj,K,Transcription,,11244,PPM,True,True,"[""K""]",target code excluded from predictors
cog_lkj,K,Transcription,,11258,PQA,True,True,"[""K""]",target code excluded from predictors
cog_lkj,K,Transcription,,11335,PSZ,True,True,"[""K""]",target code excluded from predictors
cog_lkj,K,Transcription,,11363,PUB,True,True,"[""K""]",target code excluded from predictors
cog_lkj,K,Transcription,,11364,PUC,True,True,"[""K""]",target code excluded from predictors
cog_lkj,K,Transcription,,11366,PUE,True,True,"[""K""]",target code excluded from predictors
cog_lkj,K,Transcription,,11369,PUH,True,True,"[""K""]",target code excluded from predictors
cog_lkj,K,Transcription,,11382,PUU,True,True,"[""K"",""L""]",target code excluded from predictors
cog_lkj,K,Transcription,,11384,PUW,True,True,"[""K""]",target code excluded from predictors
cog_lkj,K,Transcription,,11386,PUY,True,True,"[""K""]",target code excluded from predictors
cog_lkj,K,Transcription,,11387,PUZ,True,True,"[""K""]",target code excluded from predictors
cog_lkj,K,Transcription,,11388,PVA,True,True,"[""K"",""L""]",target code excluded from predictors
cog_lkj,K,Transcription,,11432,PWS,True,True,"[""K""]",target code excluded from predictors
cog_lkj,K,Transcription,,11455,PXP,True,True,"[""K"",""L""]",target code excluded from predictors
cog_lkj,K,Transcription,,11460,PXU,True,True,"[""K""]",target code excluded from predictors
cog_lkj,K,Transcription,,11492,PZA,True,True,"[""K""]",target code excluded from predictors
cog_lkj,K,Transcription,,11499,PZH,True,True,"[""K""]",target code excluded from predictors
cog_lkj,K,Transcription,,11512,PZU,True,True,"[""K""]",target code excluded from predictors
cog_lkj,K,Transcription,,11552,QBI,True,True,"[""K""]",target code excluded from predictors
cog_lkj,K,Transcription,,11561,QBR,True,True,"[""K""]",target code excluded from predictors
cog_lkj,K,Transcription,,11562,QBS,True,True,"[""K""]",target code excluded from predictors
cog_lkj,K,Transcription,,11569,QBZ,True,True,"[""K""]",target code excluded from predictors
cog_lkj,K,Transcription,,11570,QCA,True,True,"[""K""]",target code excluded from predictors
cog_lkj,K,Transcription,,11577,QCH,True,True,"[""K""]",target code excluded from predictors
cog_lkj,K,Transcription,,11594,QCY,True,True,"[""K""]",target code excluded from predictors
cog_lkj,K,Transcription,,11642,QEU,True,True,"[""K""]",target code excluded from predictors
cog_lkj,K,Transcription,,11657,QFJ,True,True,"[""K""]",target code excluded from predictors
cog_lkj,K,Transcription,,11658,QFK,True,True,"[""K""]",target code excluded from predictors
cog_lkj,K,Transcription,,11659,QFL,True,True,"[""K""]",target code excluded from predictors
cog_lkj,K,Transcription,,11660,QFM,True,True,"[""K""]",target code excluded from predictors
cog_lkj,K,Transcription,,11661,QFN,True,True,"[""K""]",target code excluded from predictors
cog_lkj,K,Transcription,,11666,QFS,True,True,"[""K""]",target code excluded from predictors
cog_lkj,K,Transcription,,11667,QFT,True,True,"[""K""]",target code excluded from predictors
cog_lkj,K,Transcription,,11668,QFU,True,True,"[""K""]",target code excluded from predictors
cog_lkj,K,Transcription,,11669,QFV,True,True,"[""K""]",target code excluded from predictors
cog_lkj,K,Transcription,,11670,QFW,True,True,"[""K""]",target code excluded from predictors
cog_lkj,K,Transcription,,11671,QFX,True,True,"[""K""]",target code excluded from predictors
cog_lkj,K,Transcription,,11672,QFY,True,True,"[""K""]",target code excluded from predictors
cog_lkj,K,Transcription,,11673,QFZ,True,True,"[""K""]",target code excluded from predictors
cog_lkj,K,Transcription,,11675,QGB,True,True,"[""K""]",target code excluded from predictors
cog_lkj,K,Transcription,,11677,QGD,True,True,"[""K""]",target code excluded from predictors
cog_lkj,K,Transcription,,11678,QGE,True,True,"[""K""]",target code excluded from predictors
cog_lkj,K,Transcription,,11680,QGG,True,True,"[""K""]",target code excluded from predictors
cog_lkj,K,Transcription,,11681,QGH,True,True,"[""K""]",target code excluded from predictors
cog_lkj,K,Transcription,,11685,QGL,True,True,"[""K""]",target code excluded from predictors
cog_lkj,K,Transcription,,11686,QGM,True,True,"[""K""]",target code excluded from predictors
cog_lkj,K,Transcription,,11688,QGO,True,True,"[""K""]",target code excluded from predictors
cog_lkj,K,Transcription,,11689,QGP,True,True,"[""K""]",target code excluded from predictors
cog_lkj,K,Transcription,,11691,QGR,True,True,"[""K""]",target code excluded from predictors
cog_lkj,K,Transcription,,11695,QGV,True,True,"[""K""]",target code excluded from predictors
cog_lkj,K,Transcription,,11696,QGW,True,True,"[""K""]",target code excluded from predictors
cog_lkj,K,Transcription,,11697,QGX,True,True,"[""K""]",target code excluded from predictors
cog_lkj,K,Transcription,,11698,QGY,True,True,"[""K""]",target code excluded from predictors
cog_lkj,K,Transcription,,11699,QGZ,True,True,"[""K""]",target code excluded from predictors
cog_lkj,K,Transcription,,11700,QHA,True,True,"[""K""]",target code excluded from predictors
cog_lkj,K,Transcription,,11703,QHD,True,True,"[""K""]",target code excluded from predictors
cog_lkj,K,Transcription,,11704,QHE,True,True,"[""K""]",target code excluded from predictors
cog_lkj,K,Transcription,,11705,QHF,True,True,"[""K""]",target code excluded from predictors
cog_lkj,K,Transcription,,11706,QHG,True,True,"[""K""]",target code excluded from predictors
cog_lkj,K,Transcription,,11707,QHH,True,True,"[""K""]",target code excluded from predictors
cog_lkj,K,Transcription,,11708,QHI,True,True,"[""K""]",target code excluded from predictors
cog_lkj,K,Transcription,,11709,QHJ,True,True,"[""K""]",target code excluded from predictors
cog_lkj,K,Transcription,,11710,QHK,True,True,"[""K""]",target code excluded from predictors
cog_lkj,K,Transcription,,11711,QHL,True,True,"[""K""]",target code excluded from predictors
cog_lkj,K,Transcription,,11716,QHQ,True,True,"[""K""]",target code excluded from predictors
cog_lkj,K,Transcription,,11717,QHR,True,True,"[""K""]",target code excluded from predictors
cog_lkj,K,Transcription,,11721,QHV,True,True,"[""K"",""L""]",target code excluded from predictors
cog_lkj,K,Transcription,,11722,QHW,True,True,"[""J"",""K""]",target code excluded from predictors
cog_lkj,K,Transcription,,11734,QII,True,True,"[""J"",""K""]",target code excluded from predictors
cog_lkj,K,Transcription,,11747,QIV,True,True,"[""K""]",target code excluded from predictors
cog_lkj,K,Transcription,,11752,QJA,True,True,"[""K""]",target code excluded from predictors
cog_lkj,K,Transcription,,11753,QJB,True,True,"[""K""]",target code excluded from predictors
cog_lkj,K,Transcription,,11754,QJC,True,True,"[""K""]",target code excluded from predictors
cog_lkj,K,Transcription,,11757,QJF,True,True,"[""K""]",target code excluded from predictors
cog_lkj,K,Transcription,,11779,QKB,True,True,"[""K"",""L""]",target code excluded from predictors
cog_lkj,K,Transcription,,11784,QKG,True,True,"[""J"",""K""]",target code excluded from predictors
cog_lkj,K,Transcription,,11785,QKH,True,True,"[""K""]",target code excluded from predictors
cog_lkj,K,Transcription,,11787,QKJ,True,True,"[""K""]",target code excluded from predictors
cog_lkj,K,Transcription,,11789,QKL,True,True,"[""K""]",target code excluded from predictors
cog_lkj,K,Transcription,,11820,QLQ,True,True,"[""K""]",target code excluded from predictors
cog_lkj,K,Transcription,,11843,QMN,True,True,"[""K"",""L""]",target code excluded from predictors
cog_lkj,K,Transcription,,11844,QMO,True,True,"[""K""]",target code excluded from predictors
cog_lkj,K,Transcription,,11848,QMS,True,True,"[""K""]",target code excluded from predictors
cog_lkj,K,Transcription,,11854,QMY,True,True,"[""K""]",target code excluded from predictors
cog_lkj,K,Transcription,,11856,QNA,True,True,"[""K"",""L""]",target code excluded from predictors
cog_lkj,K,Transcription,,11859,QND,True,True,"[""K""]",target code excluded from predictors
cog_lkj,K,Transcription,,11860,QNE,True,True,"[""K""]",target code excluded from predictors
cog_lkj,K,Transcription,,11916,QPI,True,True,"[""K""]",target code excluded from predictors
cog_lkj,K,Transcription,,11923,QPP,True,True,"[""K""]",target code excluded from predictors
cog_lkj,K,Transcription,,11924,QPQ,True,True,"[""K""]",target code excluded from predictors
cog_lkj,K,Transcription,,11926,QPS,True,True,"[""K""]",target code excluded from predictors
cog_lkj,K,Transcription,,11934,QQA,True,True,"[""K""]",target code excluded from predictors
cog_lkj,K,Transcription,,11935,QQB,True,True,"[""K""]",target code excluded from predictors
cog_lkj,K,Transcription,,11939,QQF,True,True,"[""J"",""K""]",target code excluded from predictors
cog_lkj,K,Transcription,,11960,QRA,True,True,"[""K""]",target code excluded from predictors
cog_lkj,K,Transcription,,11991,QSF,True,True,"[""J"",""K""]",target code excluded from predictors
cog_lkj,K,Transcription,,12011,QSZ,True,True,"[""J"",""K""]",target code excluded from predictors
cog_lkj,K,Transcription,,12015,QTD,True,True,"[""K""]",target code excluded from predictors
cog_lkj,K,Transcription,,12024,QTM,True,True,"[""K"",""L""]",target code excluded from predictors
cog_lkj,K,Transcription,,12038,QUA,True,True,"[""K""]",target code excluded from predictors
cog_lkj,K,Transcription,,12054,QUQ,True,True,"[""J"",""K"",""L""]",target code excluded from predictors
cog_lkj,K,Transcription,,12060,QUW,True,True,"[""K""]",target code excluded from predictors
cog_lkj,K,Transcription,,12063,QUZ,True,True,"[""K""]",target code excluded from predictors
cog_lkj,K,Transcription,,12075,QVL,True,True,"[""K"",""L""]",target code excluded from predictors
cog_lkj,K,Transcription,,12097,QWH,True,True,"[""K""]",target code excluded from predictors
cog_lkj,K,Transcription,,12145,QYD,True,True,"[""K""]",target code excluded from predictors
cog_lkj,K,Transcription,,12147,QYF,True,True,"[""K""]",target code excluded from predictors
cog_lkj,K,Transcription,,12149,QYH,True,True,"[""K""]",target code excluded from predictors
cog_lkj,K,Transcription,,12150,QYI,True,True,"[""K""]",target code excluded from predictors
cog_lkj,K,Transcription,,12160,QYS,True,True,"[""K"",""L""]",target code excluded from predictors
cog_lkj,K,Transcription,,12162,QYU,True,True,"[""K""]",target code excluded from predictors
cog_lkj,K,Transcription,,12165,QYX,True,True,"[""K""]",target code excluded from predictors
cog_lkj,K,Transcription,,12166,QYY,True,True,"[""K"",""L""]",target code excluded from predictors
cog_lkj,K,Transcription,,12170,QZC,True,True,"[""K""]",target code excluded from predictors
cog_lkj,K,Transcription,,12177,QZJ,True,True,"[""K"",""L""]",target code excluded from predictors
cog_lkj,K,Transcription,,12187,QZT,True,True,"[""K""]",target code excluded from predictors
cog_lkj,K,Transcription,,12203,RAJ,True,True,"[""K"",""L""]",target code excluded from predictors
cog_lkj,K,Transcription,,12237,RBR,True,True,"[""K"",""L""]",target code excluded from predictors
cog_lkj,K,Transcription,,12265,RCT,True,True,"[""J"",""K""]",target code excluded from predictors
cog_lkj,K,Transcription,,12266,RCU,True,True,"[""J"",""K""]",target code excluded from predictors
cog_lkj,K,Transcription,,12302,REE,True,True,"[""K""]",target code excluded from predictors
cog_lkj,K,Transcription,,12305,REH,True,True,"[""K"",""L""]",target code excluded from predictors
cog_lkj,K,Transcription,,12317,RET,True,True,"[""K"",""L""]",target code excluded from predictors
cog_lkj,K,Transcription,,12345,RFV,True,True,"[""K"",""L""]",target code excluded from predictors
cog_lkj,K,Transcription,,12348,RFY,True,True,"[""K""]",target code excluded from predictors
cog_lkj,K,Transcription,,12435,RJH,True,True,"[""K""]",target code excluded from predictors
cog_lkj,K,Transcription,,12455,RKB,True,True,"[""K""]",target code excluded from predictors
cog_lkj,K,Transcription,,12456,RKC,True,True,"[""K""]",target code excluded from predictors
cog_lkj,K,Transcription,,12466,RKM,True,True,"[""K""]",target code excluded from predictors
cog_lkj,K,Transcription,,12467,RKN,True,True,"[""K""]",target code excluded from predictors
cog_lkj,K,Transcription,,12505,RLZ,True,True,"[""K""]",target code excluded from predictors
cog_lkj,K,Transcription,,12507,RMB,True,True,"[""K"",""L""]",target code excluded from predictors
cog_lkj,K,Transcription,,12520,RMO,True,True,"[""K""]",target code excluded from predictors
cog_lkj,K,Transcription,,12522,RMQ,True,True,"[""K""]",target code excluded from predictors
cog_lkj,K,Transcription,,12523,RMR,True,True,"[""K""]",target code excluded from predictors
cog_lkj,K,Transcription,,12548,RNQ,True,True,"[""K"",""L""]",target code excluded from predictors
cog_lkj,K,Transcription,,12577,ROT,True,True,"[""K""]",target code excluded from predictors
cog_lkj,K,Transcription,,12619,RQJ,True,True,"[""K"",""L""]",target code excluded from predictors
cog_lkj,K,Transcription,,12645,RRJ,True,True,"[""K""]",target code excluded from predictors
cog_lkj,K,Transcription,,12648,RRM,True,True,"[""K""]",target code excluded from predictors
cog_lkj,K,Transcription,,12650,RRO,True,True,"[""K""]",target code excluded from predictors
cog_lkj,K,Transcription,,12661,RRZ,True,True,"[""K""]",target code excluded from predictors
cog_lkj,K,Transcription,,12685,RSX,True,True,"[""K""]",target code excluded from predictors
cog_lkj,K,Transcription,,12711,RTX,True,True,"[""K"",""L""]",target code excluded from predictors
cog_lkj,K,Transcription,,12717,RUD,True,True,"[""K""]",target code excluded from predictors
cog_lkj,K,Transcription,,12744,RVE,True,True,"[""K""]",target code excluded from predictors
cog_lkj,K,Transcription,,12748,RVI,True,True,"[""J"",""K""]",target code excluded from predictors
cog_lkj,K,Transcription,,12775,RWJ,True,True,"[""K""]",target code excluded from predictors
cog_lkj,K,Transcription,,12780,RWO,True,True,"[""K""]",target code excluded from predictors
cog_lkj,K,Transcription,,12842,RYY,True,True,"[""K"",""L""]",target code excluded from predictors
cog_lkj,K,Transcription,,12845,RZB,True,True,"[""K""]",target code excluded from predictors
cog_lkj,K,Transcription,,12860,RZQ,True,True,"[""K""]",target code excluded from predictors
cog_lkj,K,Transcription,,12865,RZV,True,True,"[""K"",""L""]",target code excluded from predictors
cog_lkj,K,Transcription,,12888,SAS,True,True,"[""K""]",target code excluded from predictors
cog_lkj,K,Transcription,,12921,SBZ,True,True,"[""K""]",target code excluded from predictors
cog_lkj,K,Transcription,,12929,SCH,True,True,"[""K""]",target code excluded from predictors
cog_lkj,K,Transcription,,12950,SDC,True,True,"[""K""]",target code excluded from predictors
cog_lkj,K,Transcription,,12951,SDD,True,True,"[""K""]",target code excluded from predictors
cog_lkj,K,Transcription,,12959,SDL,True,True,"[""K""]",target code excluded from predictors
cog_lkj,K,Transcription,,12968,SDU,True,True,"[""K""]",target code excluded from predictors
cog_lkj,K,Transcription,,12969,SDV,True,True,"[""K""]",target code excluded from predictors
cog_lkj,K,Transcription,,12970,SDW,True,True,"[""K""]",target code excluded from predictors
cog_lkj,K,Transcription,,12971,SDX,True,True,"[""K""]",target code excluded from predictors
cog_lkj,K,Transcription,,12972,SDY,True,True,"[""K"",""L""]",target code excluded from predictors
cog_lkj,K,Transcription,,12973,SDZ,True,True,"[""K""]",target code excluded from predictors
cog_lkj,K,Transcription,,12974,SEA,True,True,"[""K""]",target code excluded from predictors
cog_lkj,K,Transcription,,12975,SEB,True,True,"[""K"",""L""]",target code excluded from predictors
cog_lkj,K,Transcription,,12977,SED,True,True,"[""K""]",target code excluded from predictors
cog_lkj,K,Transcription,,12978,SEE,True,True,"[""K""]",target code excluded from predictors
cog_lkj,K,Transcription,,12985,SEL,True,True,"[""K""]",target code excluded from predictors
cog_lkj,K,Transcription,,13003,SFD,True,True,"[""K""]",target code excluded from predictors
cog_lkj,K,Transcription,,13004,SFE,True,True,"[""K""]",target code excluded from predictors
cog_lkj,K,Transcription,,13063,SHL,True,True,"[""K"",""L""]",target code excluded from predictors
cog_lkj,K,Transcription,,13066,SHO,True,True,"[""K"",""L""]",target code excluded from predictors
cog_lkj,K,Transcription,,13150,SKU,True,True,"[""K""]",target code excluded from predictors
cog_lkj,K,Transcription,,13195,SMN,True,True,"[""K""]",target code excluded from predictors
cog_lkj,K,Transcription,,13196,SMO,True,True,"[""K""]",target code excluded from predictors
cog_lkj,K,Transcription,,13336,SRY,True,True,"[""K""]",target code excluded from predictors
cog_lkj,K,Transcription,,13369,STF,True,True,"[""K""]",target code excluded from predictors
cog_lkj,K,Transcription,,13371,STH,True,True,"[""K""]",target code excluded from predictors
cog_lkj,K,Transcription,,13410,SUU,True,True,"[""K""]",target code excluded from predictors
cog_lkj,K,Transcription,,13429,SVN,True,True,"[""K""]",target code excluded from predictors
cog_lkj,K,Transcription,,13435,SVT,True,True,"[""J"",""K""]",target code excluded from predictors
cog_lkj,K,Transcription,,13439,SVX,True,True,"[""K""]",target code excluded from predictors
cog_lkj,K,Transcription,,13511,SYR,True,True,"[""K"",""L""]",target code excluded from predictors
cog_lkj,K,Transcription,,13512,SYS,True,True,"[""K"",""L""]",target code excluded from predictors
cog_lkj,K,Transcription,,13514,SYU,True,True,"[""K"",""L""]",target code excluded from predictors
cog_lkj,K,Transcription,,13516,SYW,True,True,"[""K"",""L""]",target code excluded from predictors
cog_lkj,K,Transcription,,13520,SZA,True,True,"[""K""]",target code excluded from predictors
cog_lkj,K,Transcription,,13526,SZG,True,True,"[""K""]",target code excluded from predictors
cog_lkj,K,Transcription,,13542,SZW,True,True,"[""K""]",target code excluded from predictors
cog_lkj,K,Transcription,,13555,TAJ,True,True,"[""J"",""K"",""L""]",target code excluded from predictors
cog_lkj,K,Transcription,,13556,TAK,True,True,"[""K""]",target code excluded from predictors
cog_lkj,K,Transcription,,13559,TAN,True,True,"[""K""]",target code excluded from predictors
cog_lkj,K,Transcription,,13607,TCJ,True,True,"[""K""]",target code excluded from predictors
cog_lkj,K,Transcription,,13608,TCK,True,True,"[""K""]",target code excluded from predictors
cog_lkj,K,Transcription,,13618,TCU,True,True,"[""K""]",target code excluded from predictors
cog_lkj,K,Transcription,,13635,TDL,True,True,"[""K""]",target code excluded from predictors
cog_lkj,K,Transcription,,13659,TEJ,True,True,"[""K""]",target code excluded from predictors
cog_lkj,K,Transcription,,13661,TEL,True,True,"[""K""]",target code excluded from predictors
cog_lkj,K,Transcription,,13673,TEX,True,True,"[""K""]",target code excluded from predictors
cog_lkj,K,Transcription,,13686,TFK,True,True,"[""K""]",target code excluded from predictors
cog_lkj,K,Transcription,,13733,THF,True,True,"[""K""]",target code excluded from predictors
cog_lkj,K,Transcription,,13779,TIZ,True,True,"[""K""]",target code excluded from predictors
cog_lkj,K,Transcription,,13808,TKC,True,True,"[""K""]",target code excluded from predictors
cog_lkj,K,Transcription,,13844,TLM,True,True,"[""K""]",target code excluded from predictors
cog_lkj,K,Transcription,,13922,TOM,True,True,"[""K""]",target code excluded from predictors
cog_lkj,K,Transcription,,13923,TON,True,True,"[""K"",""L""]",target code excluded from predictors
cog_lkj,K,Transcription,,13993,TRF,True,True,"[""K""]",target code excluded from predictors
cog_lkj,K,Transcription,,14000,TRM,True,True,"[""K""]",target code excluded from predictors
cog_lkj,K,Transcription,,14020,TSG,True,True,"[""K""]",target code excluded from predictors
cog_lkj,K,Transcription,,14091,TUZ,True,True,"[""K""]",target code excluded from predictors
cog_lkj,K,Transcription,,14206,TZK,True,True,"[""K""]",target code excluded from predictors
cog_lkj,K,Transcription,,14221,TZZ,True,True,"[""K""]",target code excluded from predictors
cog_lkj,K,Transcription,,14222,UAA,True,True,"[""K""]",target code excluded from predictors
cog_lkj,K,Transcription,,14237,UAP,True,True,"[""K""]",target code excluded from predictors
cog_lkj,K,Transcription,,14258,UBK,True,True,"[""K""]",target code excluded from predictors
cog_lkj,K,Transcription,,14277,UCD,True,True,"[""K""]",target code excluded from predictors
cog_lkj,K,Transcription,,14278,UCE,True,True,"[""K""]",target code excluded from predictors
cog_lkj,K,Transcription,,14279,UCF,True,True,"[""K""]",target code excluded from predictors
cog_lkj,K,Transcription,,14286,UCM,True,True,"[""K""]",target code excluded from predictors
cog_lkj,K,Transcription,,14290,UCQ,True,True,"[""K""]",target code excluded from predictors
cog_lkj,K,Transcription,,14303,UDD,True,True,"[""K""]",target code excluded from predictors
cog_lkj,K,Transcription,,14353,UFB,True,True,"[""K""]",target code excluded from predictors
cog_lkj,K,Transcription,,14372,UFU,True,True,"[""K""]",target code excluded from predictors
cog_lkj,K,Transcription,,14373,UFV,True,True,"[""J"",""K""]",target code excluded from predictors
cog_lkj,K,Transcription,,14381,UGD,True,True,"[""K""]",target code excluded from predictors
cog_lkj,K,Transcription,,14382,UGE,True,True,"[""K""]",target code excluded from predictors
cog_lkj,K,Transcription,,14383,UGF,True,True,"[""K""]",target code excluded from predictors
cog_lkj,K,Transcription,,14385,UGH,True,True,"[""K""]",target code excluded from predictors
cog_lkj,K,Transcription,,14395,UGR,True,True,"[""K""]",target code excluded from predictors
cog_lkj,K,Transcription,,14432,UIC,True,True,"[""K""]",target code excluded from predictors
cog_lkj,K,Transcription,,14509,ULB,True,True,"[""K""]",target code excluded from predictors
cog_lkj,K,Transcription,,14514,ULG,True,True,"[""K"",""L""]",target code excluded from predictors
cog_lkj,K,Transcription,,14516,ULI,True,True,"[""K""]",target code excluded from predictors
cog_lkj,K,Transcription,,14567,UNH,True,True,"[""K""]",target code excluded from predictors
cog_lkj,K,Transcription,,14598,UOM,True,True,"[""K""]",target code excluded from predictors
cog_lkj,K,Transcription,,14675,URL,True,True,"[""J"",""K""]",target code excluded from predictors
cog_lkj,K,Transcription,,14855,UYJ,True,True,"[""K"",""L""]",target code excluded from predictors
cog_lkj,K,Transcription,,14859,UYN,True,True,"[""K"",""L""]",target code excluded from predictors
cog_lkj,K,Transcription,,14890,UZS,True,True,"[""K""]",target code excluded from predictors
cog_lkj,K,Transcription,,14891,UZT,True,True,"[""K""]",target code excluded from predictors
cog_lkj,K,Transcription,,14924,VBA,True,True,"[""K""]",target code excluded from predictors
cog_lkj,K,Transcription,,14936,VBM,True,True,"[""K""]",target code excluded from predictors
cog_lkj,K,Transcription,,14953,VCD,True,True,"[""J"",""K""]",target code excluded from predictors
cog_lkj,K,Transcription,,14975,VCZ,True,True,"[""K""]",target code excluded from predictors
cog_lkj,K,Transcription,,15024,VEW,True,True,"[""J"",""K"",""L""]",target code excluded from predictors
cog_lkj,K,Transcription,,15046,VFS,True,True,"[""K""]",target code excluded from predictors
cog_lkj,K,Transcription,,15049,VFV,True,True,"[""K""]",target code excluded from predictors
cog_lkj,K,Transcription,,15089,VHJ,True,True,"[""K""]",target code excluded from predictors
cog_lkj,K,Transcription,,15090,VHK,True,True,"[""K""]",target code excluded from predictors
cog_lkj,K,Transcription,,15107,VIB,True,True,"[""K"",""L""]",target code excluded from predictors
cog_lkj,K,Transcription,,15109,VID,True,True,"[""K""]",target code excluded from predictors
cog_lkj,K,Transcription,,15115,VIJ,True,True,"[""K""]",target code excluded from predictors
cog_lkj,K,Transcription,,15145,VJN,True,True,"[""K""]",target code excluded from predictors
cog_lkj,K,Transcription,,15146,VJO,True,True,"[""K""]",target code excluded from predictors
cog_lkj,K,Transcription,,15150,VJS,True,True,"[""K""]",target code excluded from predictors
cog_lkj,K,Transcription,,15161,VKD,True,True,"[""K""]",target code excluded from predictors
cog_lkj,K,Transcription,,15179,VKV,True,True,"[""K""]",target code excluded from predictors
cog_lkj,K,Transcription,,15186,VLC,True,True,"[""K""]",target code excluded from predictors
cog_lkj,K,Transcription,,15187,VLD,True,True,"[""K""]",target code excluded from predictors
cog_lkj,K,Transcription,,15231,VMV,True,True,"[""K""]",target code excluded from predictors
cog_lkj,K,Transcription,,15234,VMY,True,True,"[""K""]",target code excluded from predictors
cog_lkj,K,Transcription,,15236,VNA,True,True,"[""K""]",target code excluded from predictors
cog_lkj,K,Transcription,,15240,VNE,True,True,"[""K""]",target code excluded from predictors
cog_lkj,K,Transcription,,15252,VNQ,True,True,"[""K""]",target code excluded from predictors
cog_lkj,K,Transcription,,15256,VNU,True,True,"[""K""]",target code excluded from predictors
cog_lkj,K,Transcription,,15260,VNY,True,True,"[""K""]",target code excluded from predictors
cog_lkj,K,Transcription,,15293,VPF,True,True,"[""K""]",target code excluded from predictors
cog_lkj,K,Transcription,,15338,VQY,True,True,"[""K""]",target code excluded from predictors
cog_lkj,K,Transcription,,15404,VTM,True,True,"[""K""]",target code excluded from predictors
cog_lkj,K,Transcription,,15424,VUG,True,True,"[""K""]",target code excluded from predictors
cog_lkj,K,Transcription,,15458,VVO,True,True,"[""K""]",target code excluded from predictors
cog_lkj,K,Transcription,,15469,VVZ,True,True,"[""K""]",target code excluded from predictors
cog_lkj,K,Transcription,,15515,VXT,True,True,"[""K""]",target code excluded from predictors
cog_lkj,K,Transcription,,15518,VXW,True,True,"[""K""]",target code excluded from predictors
cog_lkj,K,Transcription,,15523,VYB,True,True,"[""K""]",target code excluded from predictors
cog_lkj,K,Transcription,,15551,VZD,True,True,"[""K""]",target code excluded from predictors
cog_lkj,K,Transcription,,15552,VZE,True,True,"[""K""]",target code excluded from predictors
cog_lkj,K,Transcription,,15587,WAN,True,True,"[""K""]",target code excluded from predictors
cog_lkj,K,Transcription,,15596,WAW,True,True,"[""K""]",target code excluded from predictors
cog_lkj,K,Transcription,,15598,WAY,True,True,"[""K""]",target code excluded from predictors
cog_lkj,K,Transcription,,15609,WBJ,True,True,"[""K""]",target code excluded from predictors
cog_lkj,K,Transcription,,15649,WCX,True,True,"[""K""]",target code excluded from predictors
cog_lkj,K,Transcription,,15667,WDP,True,True,"[""K""]",target code excluded from predictors
cog_lkj,K,Transcription,,15734,WGE,True,True,"[""K""]",target code excluded from predictors
cog_lkj,K,Transcription,,15756,WHA,True,True,"[""K""]",target code excluded from predictors
cog_lkj,K,Transcription,,15758,WHC,True,True,"[""K""]",target code excluded from predictors
cog_lkj,K,Transcription,,15759,WHD,True,True,"[""K""]",target code excluded from predictors
cog_lkj,K,Transcription,,15760,WHE,True,True,"[""K""]",target code excluded from predictors
cog_lkj,K,Transcription,,15767,WHL,True,True,"[""K""]",target code excluded from predictors
cog_lkj,K,Transcription,,15768,WHM,True,True,"[""K""]",target code excluded from predictors
cog_lkj,K,Transcription,,15802,WIU,True,True,"[""K""]",target code excluded from predictors
cog_lkj,K,Transcription,,15833,WJZ,True,True,"[""K"",""L""]",target code excluded from predictors
cog_lkj,K,Transcription,,15834,WKA,True,True,"[""K"",""L""]",target code excluded from predictors
cog_lkj,K,Transcription,,15839,WKF,True,True,"[""K""]",target code excluded from predictors
cog_lkj,K,Transcription,,15846,WKM,True,True,"[""K""]",target code excluded from predictors
cog_lkj,K,Transcription,,15857,WKX,True,True,"[""K"",""L""]",target code excluded from predictors
cog_lkj,K,Transcription,,15878,WLS,True,True,"[""J"",""K""]",target code excluded from predictors
cog_lkj,K,Transcription,,15901,WMP,True,True,"[""K""]",target code excluded from predictors
cog_lkj,K,Transcription,,15908,WMW,True,True,"[""K"",""L""]",target code excluded from predictors
cog_lkj,K,Transcription,,15943,WOF,True,True,"[""K"",""L""]",target code excluded from predictors
cog_lkj,K,Transcription,,15944,WOG,True,True,"[""K""]",target code excluded from predictors
cog_lkj,K,Transcription,,15948,WOK,True,True,"[""K""]",target code excluded from predictors
cog_lkj,K,Transcription,,15953,WOP,True,True,"[""K""]",target code excluded from predictors
cog_lkj,K,Transcription,,15992,WQC,True,True,"[""K"",""L""]",target code excluded from predictors
cog_lkj,K,Transcription,,16002,WQM,True,True,"[""K"",""L""]",target code excluded from predictors
cog_lkj,K,Transcription,,16005,WQP,True,True,"[""K"",""L""]",target code excluded from predictors
cog_lkj,K,Transcription,,16025,WRJ,True,True,"[""K"",""L""]",target code excluded from predictors
cog_lkj,K,Transcription,,16036,WRU,True,True,"[""K""]",target code excluded from predictors
cog_lkj,K,Transcription,,16044,WSC,True,True,"[""K""]",target code excluded from predictors
cog_lkj,K,Transcription,,16056,WSO,True,True,"[""K""]",target code excluded from predictors
cog_lkj,K,Transcription,,16079,WTL,True,True,"[""K""]",target code excluded from predictors
cog_lkj,K,Transcription,,16092,WTY,True,True,"[""K""]",target code excluded from predictors
cog_lkj,K,Transcription,,16130,WVK,True,True,"[""K""]",target code excluded from predictors
cog_lkj,K,Transcription,,16211,WYN,True,True,"[""K""]",target code excluded from predictors
cog_lkj,K,Transcription,,16213,WYP,True,True,"[""K""]",target code excluded from predictors
cog_lkj,K,Transcription,,16216,WYS,True,True,"[""K""]",target code excluded from predictors
cog_lkj,K,Transcription,,16283,XBH,True,True,"[""K""]",target code excluded from predictors
cog_lkj,K,Transcription,,16345,XDR,True,True,"[""K""]",target code excluded from predictors
cog_lkj,K,Transcription,,16352,XDY,True,True,"[""K""]",target code excluded from predictors
cog_lkj,K,Transcription,,16371,XER,True,True,"[""K""]",target code excluded from predictors
cog_lkj,K,Transcription,,16397,XFR,True,True,"[""K"",""L""]",target code excluded from predictors
cog_lkj,K,Transcription,,16411,XGF,True,True,"[""K""]",target code excluded from predictors
cog_lkj,K,Transcription,,16432,XHA,True,True,"[""K""]",target code excluded from predictors
cog_lkj,K,Transcription,,16433,XHB,True,True,"[""K""]",target code excluded from predictors
cog_lkj,K,Transcription,,16562,XMA,True,True,"[""K"",""L""]",target code excluded from predictors
cog_lkj,K,Transcription,,16652,XPM,True,True,"[""K""]",target code excluded from predictors
cog_lkj,K,Transcription,,16676,XQK,True,True,"[""K""]",target code excluded from predictors
cog_lkj,K,Transcription,,16679,XQN,True,True,"[""K""]",target code excluded from predictors
cog_lkj,K,Transcription,,16680,XQO,True,True,"[""K""]",target code excluded from predictors
cog_lkj,K,Transcription,,16700,XRI,True,True,"[""K""]",target code excluded from predictors
cog_lkj,K,Transcription,,16756,XTM,True,True,"[""K""]",target code excluded from predictors
cog_lkj,K,Transcription,,16768,XTY,True,True,"[""K""]",target code excluded from predictors
cog_lkj,K,Transcription,,16784,XUO,True,True,"[""K""]",target code excluded from predictors
cog_lkj,K,Transcription,,16787,XUR,True,True,"[""K""]",target code excluded from predictors
cog_lkj,K,Transcription,,16790,XUU,True,True,"[""K""]",target code excluded from predictors
cog_lkj,K,Transcription,,16791,XUV,True,True,"[""K""]",target code excluded from predictors
cog_lkj,K,Transcription,,16813,XVR,True,True,"[""K""]",target code excluded from predictors
cog_lkj,K,Transcription,,16825,XWD,True,True,"[""K""]",target code excluded from predictors
cog_lkj,K,Transcription,,16827,XWF,True,True,"[""K""]",target code excluded from predictors
cog_lkj,K,Transcription,,16858,XXK,True,True,"[""K""]",target code excluded from predictors
cog_lkj,K,Transcription,,16860,XXM,True,True,"[""K""]",target code excluded from predictors
cog_lkj,K,Transcription,,16869,XXV,True,True,"[""K""]",target code excluded from predictors
cog_lkj,K,Transcription,,16946,YAU,True,True,"[""J"",""K"",""L""]",target code excluded from predictors
cog_lkj,K,Transcription,,16972,YBU,True,True,"[""K""]",target code excluded from predictors
cog_lkj,K,Transcription,,16982,YCE,True,True,"[""K"",""L""]",target code excluded from predictors
cog_lkj,K,Transcription,,16990,YCM,True,True,"[""K"",""L""]",target code excluded from predictors
cog_lkj,K,Transcription,,17012,YDI,True,True,"[""K""]",target code excluded from predictors
cog_lkj,K,Transcription,,17033,YED,True,True,"[""K""]",target code excluded from predictors
cog_lkj,K,Transcription,,17101,YGT,True,True,"[""K""]",target code excluded from predictors
cog_lkj,K,Transcription,,17102,YGU,True,True,"[""K""]",target code excluded from predictors
cog_lkj,K,Transcription,,17103,YGV,True,True,"[""J"",""K"",""L""]",target code excluded from predictors
cog_lkj,K,Transcription,,17104,YGW,True,True,"[""K""]",target code excluded from predictors
cog_lkj,K,Transcription,,17106,YGY,True,True,"[""K""]",target code excluded from predictors
cog_lkj,K,Transcription,,17107,YGZ,True,True,"[""K""]",target code excluded from predictors
cog_lkj,K,Transcription,,17108,YHA,True,True,"[""K""]",target code excluded from predictors
cog_lkj,K,Transcription,,17109,YHB,True,True,"[""K""]",target code excluded from predictors
cog_lkj,K,Transcription,,17111,YHD,True,True,"[""K""]",target code excluded from predictors
cog_lkj,K,Transcription,,17112,YHE,True,True,"[""K""]",target code excluded from predictors
cog_lkj,K,Transcription,,17113,YHF,True,True,"[""K""]",target code excluded from predictors
cog_lkj,K,Transcription,,17115,YHH,True,True,"[""J"",""K""]",target code excluded from predictors
cog_lkj,K,Transcription,,17116,YHI,True,True,"[""K""]",target code excluded from predictors
cog_lkj,K,Transcription,,17117,YHJ,True,True,"[""K""]",target code excluded from predictors
cog_lkj,K,Transcription,,17189,YKD,True,True,"[""K""]",target code excluded from predictors
cog_lkj,K,Transcription,,17192,YKG,True,True,"[""K""]",target code excluded from predictors
cog_lkj,K,Transcription,,17212,YLA,True,True,"[""K""]",target code excluded from predictors
cog_lkj,K,Transcription,,17373,YRF,True,True,"[""K"",""L""]",target code excluded from predictors
cog_lkj,K,Transcription,,17420,YTA,True,True,"[""K""]",target code excluded from predictors
cog_lkj,K,Transcription,,17421,YTB,True,True,"[""K""]",target code excluded from predictors
cog_lkj,K,Transcription,,17434,YTO,True,True,"[""K""]",target code excluded from predictors
cog_lkj,K,Transcription,,17441,YTV,True,True,"[""K""]",target code excluded from predictors
cog_lkj,K,Transcription,,17442,YTW,True,True,"[""K""]",target code excluded from predictors
cog_lkj,K,Transcription,,17476,YVE,True,True,"[""K""]",target code excluded from predictors
cog_lkj,K,Transcription,,17486,YVO,True,True,"[""K"",""L""]",target code excluded from predictors
cog_lkj,K,Transcription,,17525,YXB,True,True,"[""K""]",target code excluded from predictors
cog_lkj,K,Transcription,,17539,YXP,True,True,"[""K""]",target code excluded from predictors
cog_lkj,K,Transcription,,17542,YXS,True,True,"[""K""]",target code excluded from predictors
cog_lkj,K,Transcription,,17587,YZL,True,True,"[""K""]",target code excluded from predictors
cog_lkj,K,Transcription,,17613,ZAL,True,True,"[""K""]",target code excluded from predictors
cog_lkj,K,Transcription,,17727,ZEV,True,True,"[""K"",""L""]",target code excluded from predictors
cog_lkj,K,Transcription,,17822,ZIM,True,True,"[""K""]",target code excluded from predictors
cog_lkj,K,Transcription,,17868,ZKG,True,True,"[""K""]",target code excluded from predictors
cog_lkj,K,Transcription,,17887,ZKZ,True,True,"[""J"",""K"",""L""]",target code excluded from predictors
cog_lkj,K,Transcription,,17955,ZNP,True,True,"[""K""]",target code excluded from predictors
cog_lkj,K,Transcription,,17977,ZOL,True,True,"[""K"",""L""]",target code excluded from predictors
cog_lkj,K,Transcription,,17990,ZOY,True,True,"[""K""]",target code excluded from predictors
cog_lkj,K,Transcription,,18039,ZQV,True,True,"[""K""]",target code excluded from predictors
cog_lkj,K,Transcription,,18046,ZRC,True,True,"[""K""]",target code excluded from predictors
cog_lkj,K,Transcription,,18071,ZSB,True,True,"[""K""]",target code excluded from predictors
cog_lkj,K,Transcription,,18138,ZUQ,True,True,"[""K""]",target code excluded from predictors
cog_lkj,K,Transcription,,18153,ZVF,True,True,"[""K""]",target code excluded from predictors
cog_lkj,K,Transcription,,18158,ZVK,True,True,"[""K""]",target code excluded from predictors
cog_lkj,K,Transcription,,18190,ZWQ,True,True,"[""K""]",target code excluded from predictors
cog_lkj,K,Transcription,,18204,ZXE,True,True,"[""K""]",target code excluded from predictors
cog_lkj,K,Transcription,,18205,ZXF,True,True,"[""K""]",target code excluded from predictors
cog_lkj,K,Transcription,,18231,ZYF,True,True,"[""K""]",target code excluded from predictors
cog_lkj,K,Transcription,,18252,ZZA,True,True,"[""K""]",target code excluded from predictors
cog_lkj,K,Transcription,,18275,ZZX,True,True,"[""K"",""L""]",target code excluded from predictors
cog_lkj,K,Transcription,,18293,AAAP,True,True,"[""K"",""L""]",target code excluded from predictors
cog_lkj,K,Transcription,,18313,AABJ,True,True,"[""K""]",target code excluded from predictors
cog_lkj,K,Transcription,,18384,AAEC,True,True,"[""K""]",target code excluded from predictors
cog_lkj,K,Transcription,,18386,AAEE,True,True,"[""K""]",target code excluded from predictors
cog_lkj,K,Transcription,,18397,AAEP,True,True,"[""K""]",target code excluded from predictors
cog_lkj,K,Transcription,,18400,AAES,True,True,"[""K""]",target code excluded from predictors
cog_lkj,K,Transcription,,18411,AAFD,True,True,"[""K"",""L""]",target code excluded from predictors
cog_lkj,K,Transcription,,18458,AAGY,True,True,"[""K"",""L""]",target code excluded from predictors
cog_lkj,K,Transcription,,18473,AAHN,True,True,"[""K""]",target code excluded from predictors
cog_lkj,K,Transcription,,18492,AAIG,True,True,"[""K"",""L""]",target code excluded from predictors
cog_lkj,K,Transcription,,18515,AAJD,True,True,"[""K""]",target code excluded from predictors
cog_lkj,K,Transcription,,18528,AAJQ,True,True,"[""J"",""K""]",target code excluded from predictors
cog_lkj,K,Transcription,,18550,AAKM,True,True,"[""K""]",target code excluded from predictors
cog_lkj,K,Transcription,,18673,AAPF,True,True,"[""K""]",target code excluded from predictors
cog_lkj,K,Transcription,,18710,AAQQ,True,True,"[""K""]",target code excluded from predictors
cog_lkj,K,Transcription,,18724,AARE,True,True,"[""K""]",target code excluded from predictors
cog_lkj,K,Transcription,,18776,AATE,True,True,"[""K""]",target code excluded from predictors
cog_lkj,K,Transcription,,18779,AATH,True,True,"[""K""]",target code excluded from predictors
cog_lkj,K,Transcription,,18786,AATO,True,True,"[""K""]",target code excluded from predictors
cog_lkj,K,Transcription,,18801,AAUD,True,True,"[""K""]",target code excluded from predictors
cog_lkj,K,Transcription,,18829,AAVF,True,True,"[""K""]",target code excluded from predictors
cog_lkj,K,Transcription,,18830,AAVG,True,True,"[""K""]",target code excluded from predictors
cog_lkj,K,Transcription,,18831,AAVH,True,True,"[""K""]",target code excluded from predictors
cog_lkj,K,Transcription,,18895,AAXT,True,True,"[""K""]",target code excluded from predictors
cog_lkj,K,Transcription,,18896,AAXU,True,True,"[""K""]",target code excluded from predictors
cog_lkj,K,Transcription,,18929,AAZB,True,True,"[""K""]",target code excluded from predictors
cog_lkj,K,Transcription,,19013,ABCH,True,True,"[""K""]",target code excluded from predictors
cog_lkj,K,Transcription,,19014,ABCI,True,True,"[""K""]",target code excluded from predictors
cog_lkj,K,Transcription,,19015,ABCJ,True,True,"[""K""]",target code excluded from predictors
cog_lkj,K,Transcription,,19034,ABDC,True,True,"[""K""]",target code excluded from predictors
cog_lkj,K,Transcription,,19036,ABDE,True,True,"[""K""]",target code excluded from predictors
cog_lkj,K,Transcription,,19091,ABFH,True,True,"[""K""]",target code excluded from predictors
cog_lkj,K,Transcription,,19116,ABGG,True,True,"[""K""]",target code excluded from predictors
cog_lkj,K,Transcription,,19123,ABGN,True,True,"[""K""]",target code excluded from predictors
cog_lkj,K,Transcription,,19139,ABHD,True,True,"[""K"",""L""]",target code excluded from predictors
cog_lkj,K,Transcription,,19174,ABIM,True,True,"[""K""]",target code excluded from predictors
cog_lkj,K,Transcription,,19176,ABIO,True,True,"[""K""]",target code excluded from predictors
cog_lkj,K,Transcription,,19206,ABJS,True,True,"[""K""]",target code excluded from predictors
cog_lkj,K,Transcription,,19221,ABKH,True,True,"[""K""]",target code excluded from predictors
cog_lkj,K,Transcription,,19285,ABMT,True,True,"[""K""]",target code excluded from predictors
cog_lkj,K,Transcription,,19299,ABNH,True,True,"[""K""]",target code excluded from predictors
cog_lkj,K,Transcription,,19313,ABNV,True,True,"[""K""]",target code excluded from predictors
cog_lkj,K,Transcription,,19361,ABPR,True,True,"[""K""]",target code excluded from predictors
cog_lkj,K,Transcription,,19391,ABQV,True,True,"[""K""]",target code excluded from predictors
cog_lkj,K,Transcription,,19396,ABRA,True,True,"[""K""]",target code excluded from predictors
cog_lkj,K,Transcription,,19399,ABRD,True,True,"[""K""]",target code excluded from predictors
cog_lkj,K,Transcription,,19422,ABSA,True,True,"[""K""]",target code excluded from predictors
cog_lkj,K,Transcription,,19623,ABZT,True,True,"[""K""]",target code excluded from predictors
cog_lkj,K,Transcription,,19653,ACAX,True,True,"[""K""]",target code excluded from predictors
cog_lkj,K,Transcription,,19654,ACAY,True,True,"[""K""]",target code excluded from predictors
cog_lkj,K,Transcription,,19810,ACGY,True,True,"[""K""]",target code excluded from predictors
cog_lkj,K,Transcription,,19817,ACHF,True,True,"[""K""]",target code excluded from predictors
cog_lkj,K,Transcription,,19847,ACIJ,True,True,"[""K""]",target code excluded from predictors
cog_lkj,K,Transcription,,19901,ACKL,True,True,"[""K""]",target code excluded from predictors
cog_lkj,K,Transcription,,19999,ACOF,True,True,"[""K""]",target code excluded from predictors
cog_lkj,K,Transcription,,20001,ACOH,True,True,"[""K""]",target code excluded from predictors
cog_lkj,K,Transcription,,20002,ACOI,True,True,"[""K""]",target code excluded from predictors
cog_lkj,K,Transcription,,20016,ACOW,True,True,"[""K""]",target code excluded from predictors
cog_lkj,K,Transcription,,20018,ACOY,True,True,"[""K""]",target code excluded from predictors
cog_lkj,K,Transcription,,20019,ACOZ,True,True,"[""K""]",target code excluded from predictors
cog_lkj,K,Transcription,,20027,ACPH,True,True,"[""K""]",target code excluded from predictors
cog_lkj,K,Transcription,,20032,ACPM,True,True,"[""J"",""K"",""L""]",target code excluded from predictors
cog_lkj,K,Transcription,,20033,ACPN,True,True,"[""K"",""L""]",target code excluded from predictors
cog_lkj,K,Transcription,,20043,ACPX,True,True,"[""K"",""L""]",target code excluded from predictors
cog_lkj,K,Transcription,,20046,ACQA,True,True,"[""K""]",target code excluded from predictors
cog_lkj,K,Transcription,,20050,ACQE,True,True,"[""K"",""L""]",target code excluded from predictors
cog_lkj,K,Transcription,,20054,ACQI,True,True,"[""K"",""L""]",target code excluded from predictors
cog_lkj,K,Transcription,,20056,ACQK,True,True,"[""K"",""L""]",target code excluded from predictors
cog_lkj,K,Transcription,,20057,ACQL,True,True,"[""K""]",target code excluded from predictors
cog_lkj,K,Transcription,,20058,ACQM,True,True,"[""J"",""K"",""L""]",target code excluded from predictors
cog_lkj,K,Transcription,,20059,ACQN,True,True,"[""K"",""L""]",target code excluded from predictors
cog_lkj,K,Transcription,,20145,ACTV,True,True,"[""K""]",target code excluded from predictors
cog_lkj,K,Transcription,,20220,ACWS,True,True,"[""K""]",target code excluded from predictors
cog_lkj,K,Transcription,,20226,ACWY,True,True,"[""K"",""L""]",target code excluded from predictors
cog_lkj,K,Transcription,,20237,ACXJ,True,True,"[""K""]",target code excluded from predictors
cog_lkj,K,Transcription,,20261,ACYH,True,True,"[""K""]",target code excluded from predictors
cog_lkj,K,Transcription,,20264,ACYK,True,True,"[""K""]",target code excluded from predictors
cog_lkj,K,Transcription,,20279,ACYZ,True,True,"[""K""]",target code excluded from predictors
cog_lkj,K,Transcription,,20294,ACZO,True,True,"[""K""]",target code excluded from predictors
cog_lkj,K,Transcription,,20337,ADBF,True,True,"[""K""]",target code excluded from predictors
cog_lkj,K,Transcription,,20350,ADBS,True,True,"[""K""]",target code excluded from predictors
cog_lkj,K,Transcription,,20354,ADBW,True,True,"[""K""]",target code excluded from predictors
cog_lkj,K,Transcription,,20356,ADBY,True,True,"[""K""]",target code excluded from predictors
cog_lkj,K,Transcription,,20357,ADBZ,True,True,"[""K""]",target code excluded from predictors
cog_lkj,K,Transcription,,20399,ADDP,True,True,"[""K""]",target code excluded from predictors
cog_lkj,K,Transcription,,20453,ADFR,True,True,"[""K""]",target code excluded from predictors
cog_lkj,K,Transcription,,20635,ADMR,True,True,"[""K"",""L""]",target code excluded from predictors
cog_lkj,K,Transcription,,20643,ADMZ,True,True,"[""K""]",target code excluded from predictors
cog_lkj,K,Transcription,,20645,ADNB,True,True,"[""K"",""L""]",target code excluded from predictors
cog_lkj,K,Transcription,,20646,ADNC,True,True,"[""K""]",target code excluded from predictors
cog_lkj,K,Transcription,,20681,ADOL,True,True,"[""K""]",target code excluded from predictors
cog_lkj,K,Transcription,,20719,ADPX,True,True,"[""K""]",target code excluded from predictors
cog_lkj,K,Transcription,,20730,ADQI,True,True,"[""K""]",target code excluded from predictors
cog_lkj,K,Transcription,,20739,ADQR,True,True,"[""K""]",target code excluded from predictors
cog_lkj,K,Transcription,,20808,ADTI,True,True,"[""K""]",target code excluded from predictors
cog_lkj,K,Transcription,,20842,ADUQ,True,True,"[""K"",""L""]",target code excluded from predictors
cog_lkj,K,Transcription,,20898,ADWU,True,True,"[""K"",""L""]",target code excluded from predictors
cog_lkj,K,Transcription,,20903,ADWZ,True,True,"[""K"",""L""]",target code excluded from predictors
cog_lkj,K,Transcription,,20909,ADXF,True,True,"[""K""]",target code excluded from predictors
cog_lkj,K,Transcription,,20948,ADYS,True,True,"[""K""]",target code excluded from predictors
cog_lkj,K,Transcription,,20959,ADZD,True,True,"[""K""]",target code excluded from predictors
cog_lkj,K,Transcription,,20960,ADZE,True,True,"[""K"",""L""]",target code excluded from predictors
cog_lkj,K,Transcription,,20962,ADZG,True,True,"[""K"",""L""]",target code excluded from predictors
cog_lkj,K,Transcription,,21012,AEBE,True,True,"[""K"",""L""]",target code excluded from predictors
cog_lkj,K,Transcription,,21031,AEBX,True,True,"[""K""]",target code excluded from predictors
cog_lkj,K,Transcription,,21079,AEDT,True,True,"[""K"",""L""]",target code excluded from predictors
cog_lkj,K,Transcription,,21083,AEDX,True,True,"[""K"",""L""]",target code excluded from predictors
cog_lkj,K,Transcription,,21095,AEEJ,True,True,"[""K"",""L""]",target code excluded from predictors
cog_lkj,K,Transcription,,21145,AEGH,True,True,"[""K""]",target code excluded from predictors
cog_lkj,K,Transcription,,21201,AEIL,True,True,"[""K""]",target code excluded from predictors
cog_lkj,K,Transcription,,21285,AELR,True,True,"[""K""]",target code excluded from predictors
cog_lkj,K,Transcription,,21320,AENA,True,True,"[""K""]",target code excluded from predictors
cog_lkj,K,Transcription,,21415,AEQR,True,True,"[""K""]",target code excluded from predictors
cog_lkj,K,Transcription,,21421,AEQX,True,True,"[""K""]",target code excluded from predictors
cog_lkj,K,Transcription,,21514,AEUM,True,True,"[""K""]",target code excluded from predictors
cog_lkj,K,Transcription,,21521,AEUT,True,True,"[""K""]",target code excluded from predictors
cog_lkj,K,Transcription,,21526,AEUY,True,True,"[""K""]",target code excluded from predictors
cog_lkj,K,Transcription,,21527,AEUZ,True,True,"[""K""]",target code excluded from predictors
cog_lkj,K,Transcription,,21528,AEVA,True,True,"[""K""]",target code excluded from predictors
cog_lkj,K,Transcription,,21539,AEVL,True,True,"[""K""]",target code excluded from predictors
cog_lkj,K,Transcription,,21555,AEWB,True,True,"[""J"",""K""]",target code excluded from predictors
cog_lkj,K,Transcription,,21556,AEWC,True,True,"[""K""]",target code excluded from predictors
cog_lkj,K,Transcription,,21590,AEXK,True,True,"[""J"",""K""]",target code excluded from predictors
cog_lkj,K,Transcription,,21609,AEYD,True,True,"[""K""]",target code excluded from predictors
cog_lkj,K,Transcription,,21662,AFAE,True,True,"[""K""]",target code excluded from predictors
cog_lkj,K,Transcription,,21695,AFBL,True,True,"[""J"",""K"",""L""]",target code excluded from predictors
cog_lkj,K,Transcription,,21701,AFBR,True,True,"[""K"",""L""]",target code excluded from predictors
cog_lkj,K,Transcription,,21704,AFBU,True,True,"[""K"",""L""]",target code excluded from predictors
cog_lkj,K,Transcription,,21737,AFDB,True,True,"[""J"",""K"",""L""]",target code excluded from predictors
cog_lkj,K,Transcription,,21741,AFDF,True,True,"[""J"",""K"",""L""]",target code excluded from predictors
cog_lkj,K,Transcription,,21774,AFEM,True,True,"[""K"",""L""]",target code excluded from predictors
cog_lkj,K,Transcription,,21787,AFEZ,True,True,"[""K""]",target code excluded from predictors
cog_lkj,K,Transcription,,21812,AFFY,True,True,"[""K""]",target code excluded from predictors
cog_lkj,K,Transcription,,21846,AFHG,True,True,"[""K""]",target code excluded from predictors
cog_lkj,K,Transcription,,21897,AFJF,True,True,"[""K""]",target code excluded from predictors
cog_lkj,K,Transcription,,21903,AFJL,True,True,"[""K""]",target code excluded from predictors
cog_lkj,K,Transcription,,22042,AFOU,True,True,"[""K""]",target code excluded from predictors
cog_lkj,K,Transcription,,22043,AFOV,True,True,"[""K""]",target code excluded from predictors
cog_lkj,K,Transcription,,22044,AFOW,True,True,"[""K""]",target code excluded from predictors
cog_lkj,K,Transcription,,22047,AFOZ,True,True,"[""K""]",target code excluded from predictors
cog_lkj,K,Transcription,,22048,AFPA,True,True,"[""K""]",target code excluded from predictors
cog_lkj,K,Transcription,,22049,AFPB,True,True,"[""K""]",target code excluded from predictors
cog_lkj,K,Transcription,,22062,AFPO,True,True,"[""K""]",target code excluded from predictors
cog_lkj,K,Transcription,,22063,AFPP,True,True,"[""K""]",target code excluded from predictors
cog_lkj,K,Transcription,,22091,AFQR,True,True,"[""K""]",target code excluded from predictors
cog_lkj,K,Transcription,,22098,AFQY,True,True,"[""K""]",target code excluded from predictors
cog_lkj,K,Transcription,,22099,AFQZ,True,True,"[""K""]",target code excluded from predictors
cog_lkj,K,Transcription,,22100,AFRA,True,True,"[""K""]",target code excluded from predictors
cog_lkj,K,Transcription,,22110,AFRK,True,True,"[""J"",""K"",""L""]",target code excluded from predictors
cog_lkj,K,Transcription,,22141,AFSP,True,True,"[""K""]",target code excluded from predictors
cog_lkj,K,Transcription,,22142,AFSQ,True,True,"[""K""]",target code excluded from predictors
cog_lkj,K,Transcription,,22153,AFTB,True,True,"[""K""]",target code excluded from predictors
cog_lkj,K,Transcription,,22154,AFTC,True,True,"[""K""]",target code excluded from predictors
cog_lkj,K,Transcription,,22176,AFTY,True,True,"[""K""]",target code excluded from predictors
cog_lkj,K,Transcription,,22226,AFVW,True,True,"[""K""]",target code excluded from predictors
cog_lkj,K,Transcription,,22265,AFXJ,True,True,"[""K""]",target code excluded from predictors
cog_lkj,K,Transcription,,22282,AFYA,True,True,"[""K""]",target code excluded from predictors
cog_lkj,K,Transcription,,22283,AFYB,True,True,"[""K""]",target code excluded from predictors
cog_lkj,K,Transcription,,22288,AFYG,True,True,"[""K""]",target code excluded from predictors
cog_lkj,K,Transcription,,22289,AFYH,True,True,"[""K""]",target code excluded from predictors
cog_lkj,K,Transcription,,22302,AFYU,True,True,"[""K""]",target code excluded from predictors
cog_lkj,K,Transcription,,22306,AFYY,True,True,"[""K""]",target code excluded from predictors
cog_lkj,K,Transcription,,22327,AFZT,True,True,"[""K""]",target code excluded from predictors
cog_lkj,K,Transcription,,22339,AGAF,True,True,"[""K""]",target code excluded from predictors
cog_lkj,K,Transcription,,22360,AGBA,True,True,"[""K""]",target code excluded from predictors
cog_lkj,K,Transcription,,22362,AGBC,True,True,"[""K"",""L""]",target code excluded from predictors
cog_lkj,K,Transcription,,22363,AGBD,True,True,"[""K""]",target code excluded from predictors
cog_lkj,K,Transcription,,22369,AGBJ,True,True,"[""K""]",target code excluded from predictors
cog_lkj,K,Transcription,,22437,AGDZ,True,True,"[""J"",""K"",""L""]",target code excluded from predictors
cog_lkj,K,Transcription,,22438,AGEA,True,True,"[""K""]",target code excluded from predictors
cog_lkj,K,Transcription,,22450,AGEM,True,True,"[""K""]",target code excluded from predictors
cog_lkj,K,Transcription,,22451,AGEN,True,True,"[""K""]",target code excluded from predictors
cog_lkj,K,Transcription,,22463,AGEZ,True,True,"[""J"",""K""]",target code excluded from predictors
cog_lkj,K,Transcription,,22483,AGFT,True,True,"[""K""]",target code excluded from predictors
cog_lkj,K,Transcription,,22504,AGGO,True,True,"[""K""]",target code excluded from predictors
cog_lkj,K,Transcription,,22509,AGGT,True,True,"[""J"",""K"",""L""]",target code excluded from predictors
cog_lkj,K,Transcription,,22611,AGKR,True,True,"[""K""]",target code excluded from predictors
cog_lkj,K,Transcription,,22794,AGRS,True,True,"[""K""]",target code excluded from predictors
cog_lkj,K,Transcription,,22800,AGRY,True,True,"[""K""]",target code excluded from predictors
cog_lkj,K,Transcription,,22835,AGTH,True,True,"[""K""]",target code excluded from predictors
cog_lkj,K,Transcription,,22885,AGVF,True,True,"[""K""]",target code excluded from predictors
cog_lkj,K,Transcription,,22930,AGWY,True,True,"[""K""]",target code excluded from predictors
cog_lkj,K,Transcription,,23009,AGZZ,True,True,"[""K""]",target code excluded from predictors
cog_lkj,K,Transcription,,23016,AHAG,True,True,"[""K""]",target code excluded from predictors
cog_lkj,K,Transcription,,23071,AHCJ,True,True,"[""K"",""L""]",target code excluded from predictors
cog_lkj,K,Transcription,,23078,AHCQ,True,True,"[""K""]",target code excluded from predictors
cog_lkj,K,Transcription,,23079,AHCR,True,True,"[""K""]",target code excluded from predictors
cog_lkj,K,Transcription,,23080,AHCS,True,True,"[""K""]",target code excluded from predictors
cog_lkj,K,Transcription,,23081,AHCT,True,True,"[""K"",""L""]",target code excluded from predictors
cog_lkj,K,Transcription,,23135,AHEV,True,True,"[""K"",""L""]",target code excluded from predictors
cog_lkj,K,Transcription,,23163,AHFX,True,True,"[""K""]",target code excluded from predictors
cog_lkj,K,Transcription,,23168,AHGC,True,True,"[""K"",""L""]",target code excluded from predictors
cog_lkj,K,Transcription,,23169,AHGD,True,True,"[""K""]",target code excluded from predictors
cog_lkj,K,Transcription,,23171,AHGF,True,True,"[""K""]",target code excluded from predictors
cog_lkj,K,Transcription,,23172,AHGG,True,True,"[""K""]",target code excluded from predictors
cog_lkj,K,Transcription,,23177,AHGL,True,True,"[""K""]",target code excluded from predictors
cog_lkj,K,Transcription,,23179,AHGN,True,True,"[""K""]",target code excluded from predictors
cog_lkj,K,Transcription,,23194,AHHC,True,True,"[""K"",""L""]",target code excluded from predictors
cog_lkj,K,Transcription,,23203,AHHL,True,True,"[""K"",""L""]",target code excluded from predictors
cog_lkj,K,Transcription,,23216,AHHY,True,True,"[""K"",""L""]",target code excluded from predictors
cog_lkj,K,Transcription,,23270,AHKA,True,True,"[""K""]",target code excluded from predictors
cog_lkj,K,Transcription,,23296,AHLA,True,True,"[""K""]",target code excluded from predictors
cog_lkj,K,Transcription,,23324,AHMC,True,True,"[""K""]",target code excluded from predictors
cog_lkj,K,Transcription,,23353,AHNF,True,True,"[""K""]",target code excluded from predictors
cog_lkj,K,Transcription,,23354,AHNG,True,True,"[""K""]",target code excluded from predictors
cog_lkj,K,Transcription,,23355,AHNH,True,True,"[""K""]",target code excluded from predictors
cog_lkj,K,Transcription,,23364,AHNQ,True,True,"[""K""]",target code excluded from predictors
cog_lkj,K,Transcription,,23375,AHOB,True,True,"[""K""]",target code excluded from predictors
cog_lkj,K,Transcription,,23423,AHPX,True,True,"[""K""]",target code excluded from predictors
cog_lkj,K,Transcription,,23491,AHSN,True,True,"[""K""]",target code excluded from predictors
cog_lkj,K,Transcription,,23504,AHTA,True,True,"[""K"",""L""]",target code excluded from predictors
cog_lkj,K,Transcription,,23505,AHTB,True,True,"[""K"",""L""]",target code excluded from predictors
cog_lkj,K,Transcription,,23506,AHTC,True,True,"[""K"",""L""]",target code excluded from predictors
cog_lkj,K,Transcription,,23544,AHUO,True,True,"[""K""]",target code excluded from predictors
cog_lkj,K,Transcription,,23546,AHUQ,True,True,"[""K""]",target code excluded from predictors
cog_lkj,K,Transcription,,23547,AHUR,True,True,"[""K""]",target code excluded from predictors
cog_lkj,K,Transcription,,23616,AHXI,True,True,"[""J"",""K"",""L""]",target code excluded from predictors
cog_lkj,K,Transcription,,23708,AIAW,True,True,"[""K"",""L""]",target code excluded from predictors
cog_lkj,K,Transcription,,23710,AIAY,True,True,"[""K""]",target code excluded from predictors
cog_lkj,K,Transcription,,23737,AIBZ,True,True,"[""K"",""L""]",target code excluded from predictors
cog_lkj,K,Transcription,,23743,AICF,True,True,"[""K""]",target code excluded from predictors
cog_lkj,K,Transcription,,23746,AICI,True,True,"[""K""]",target code excluded from predictors
cog_lkj,K,Transcription,,23747,AICJ,True,True,"[""K""]",target code excluded from predictors
cog_lkj,K,Transcription,,23764,AIDA,True,True,"[""K""]",target code excluded from predictors
cog_lkj,K,Transcription,,23769,AIDF,True,True,"[""K"",""L""]",target code excluded from predictors
cog_lkj,K,Transcription,,23783,AIDT,True,True,"[""K""]",target code excluded from predictors
cog_lkj,K,Transcription,,23801,AIEL,True,True,"[""K""]",target code excluded from predictors
cog_lkj,K,Transcription,,23858,AIGQ,True,True,"[""K""]",target code excluded from predictors
cog_lkj,K,Transcription,,23917,AIIX,True,True,"[""K""]",target code excluded from predictors
cog_lkj,K,Transcription,,24015,AIMR,True,True,"[""K""]",target code excluded from predictors
cog_lkj,K,Transcription,,24084,AIPI,True,True,"[""K"",""L""]",target code excluded from predictors
cog_lkj,K,Transcription,,24094,AIPS,True,True,"[""K""]",target code excluded from predictors
cog_lkj,K,Transcription,,24184,AITE,True,True,"[""K""]",target code excluded from predictors
cog_lkj,K,Transcription,,24185,AITF,True,True,"[""K""]",target code excluded from predictors
cog_lkj,K,Transcription,,24322,AIYM,True,True,"[""K"",""L""]",target code excluded from predictors
cog_lkj,K,Transcription,,24376,AJAO,True,True,"[""K""]",target code excluded from predictors
cog_lkj,K,Transcription,,24464,AJDY,True,True,"[""K""]",target code excluded from predictors
cog_lkj,K,Transcription,,24483,AJER,True,True,"[""K"",""L""]",target code excluded from predictors
cog_lkj,K,Transcription,,24486,AJEU,True,True,"[""K"",""L""]",target code excluded from predictors
cog_lkj,K,Transcription,,24487,AJEV,True,True,"[""K"",""L""]",target code excluded from predictors
cog_lkj,K,Transcription,,24504,AJFM,True,True,"[""K""]",target code excluded from predictors
cog_lkj,K,Transcription,,24683,AJMJ,True,True,"[""K""]",target code excluded from predictors
cog_lkj,K,Transcription,,24718,AJNS,True,True,"[""K""]",target code excluded from predictors
cog_lkj,K,Transcription,,24722,AJNW,True,True,"[""K""]",target code excluded from predictors
cog_lkj,K,Transcription,,24745,AJOT,True,True,"[""K""]",target code excluded from predictors
cog_lkj,K,Transcription,,24795,AJQR,True,True,"[""K""]",target code excluded from predictors
cog_lkj,K,Transcription,,24828,AJRY,True,True,"[""K""]",target code excluded from predictors
cog_lkj,K,Transcription,,24861,AJTF,True,True,"[""K""]",target code excluded from predictors
cog_lkj,K,Transcription,,24891,AJUJ,True,True,"[""K""]",target code excluded from predictors
cog_lkj,K,Transcription,,24924,AJVQ,True,True,"[""K""]",target code excluded from predictors
cog_lkj,K,Transcription,,24927,AJVT,True,True,"[""J"",""K"",""L""]",target code excluded from predictors
cog_lkj,K,Transcription,,24981,AJXV,True,True,"[""K""]",target code excluded from predictors
cog_lkj,K,Transcription,,25081,AKBR,True,True,"[""K""]",target code excluded from predictors
cog_lkj,K,Transcription,,25087,AKBX,True,True,"[""K""]",target code excluded from predictors
cog_lkj,K,Transcription,,25089,AKBZ,True,True,"[""K""]",target code excluded from predictors
cog_lkj,K,Transcription,,25110,AKCU,True,True,"[""J"",""K"",""L""]",target code excluded from predictors
cog_lkj,K,Transcription,,25125,AKDJ,True,True,"[""K""]",target code excluded from predictors
cog_lkj,K,Transcription,,25162,AKEU,True,True,"[""K""]",target code excluded from predictors
cog_lkj,K,Transcription,,25163,AKEV,True,True,"[""K""]",target code excluded from predictors
cog_lkj,K,Transcription,,25174,AKFG,True,True,"[""K""]",target code excluded from predictors
cog_lkj,K,Transcription,,25186,AKFS,True,True,"[""K""]",target code excluded from predictors
cog_lkj,K,Transcription,,25187,AKFT,True,True,"[""K""]",target code excluded from predictors
cog_lkj,K,Transcription,,25226,AKHG,True,True,"[""J"",""K"",""L""]",target code excluded from predictors
cog_lkj,K,Transcription,,25229,AKHJ,True,True,"[""K"",""L""]",target code excluded from predictors
cog_lkj,K,Transcription,,25232,AKHM,True,True,"[""K""]",target code excluded from predictors
cog_lkj,K,Transcription,,25235,AKHP,True,True,"[""K""]",target code excluded from predictors
cog_lkj,K,Transcription,,25245,AKHZ,True,True,"[""K"",""L""]",target code excluded from predictors
cog_lkj,K,Transcription,,25252,AKIG,True,True,"[""K""]",target code excluded from predictors
cog_lkj,K,Transcription,,25258,AKIM,True,True,"[""K""]",target code excluded from predictors
cog_lkj,K,Transcription,,25265,AKIT,True,True,"[""K""]",target code excluded from predictors
cog_lkj,K,Transcription,,25295,AKJX,True,True,"[""J"",""K""]",target code excluded from predictors
cog_lkj,K,Transcription,,25297,AKJZ,True,True,"[""K""]",target code excluded from predictors
cog_lkj,K,Transcription,,25298,AKKA,True,True,"[""K""]",target code excluded from predictors
cog_lkj,K,Transcription,,25310,AKKM,True,True,"[""K""]",target code excluded from predictors
cog_lkj,K,Transcription,,25313,AKKP,True,True,"[""K""]",target code excluded from predictors
cog_lkj,K,Transcription,,25314,AKKQ,True,True,"[""K""]",target code excluded from predictors
cog_lkj,K,Transcription,,25316,AKKS,True,True,"[""K""]",target code excluded from predictors
cog_lkj,K,Transcription,,25317,AKKT,True,True,"[""K""]",target code excluded from predictors
cog_lkj,K,Transcription,,25318,AKKU,True,True,"[""K""]",target code excluded from predictors
cog_lkj,K,Transcription,,25320,AKKW,True,True,"[""K""]",target code excluded from predictors
cog_lkj,K,Transcription,,25323,AKKZ,True,True,"[""K""]",target code excluded from predictors
cog_lkj,K,Transcription,,25324,AKLA,True,True,"[""K""]",target code excluded from predictors
cog_lkj,K,Transcription,,25325,AKLB,True,True,"[""K""]",target code excluded from predictors
cog_lkj,K,Transcription,,25327,AKLD,True,True,"[""K""]",target code excluded from predictors
cog_lkj,K,Transcription,,25328,AKLE,True,True,"[""K""]",target code excluded from predictors
cog_lkj,K,Transcription,,25348,AKLY,True,True,"[""K""]",target code excluded from predictors
cog_lkj,K,Transcription,,25357,AKMH,True,True,"[""K""]",target code excluded from predictors
cog_lkj,K,Transcription,,25359,AKMJ,True,True,"[""K""]",target code excluded from predictors
cog_lkj,K,Transcription,,25387,AKNL,True,True,"[""K""]",target code excluded from predictors
cog_lkj,K,Transcription,,25398,AKNW,True,True,"[""K""]",target code excluded from predictors
cog_lkj,K,Transcription,,25412,AKOK,True,True,"[""K""]",target code excluded from predictors
cog_lkj,K,Transcription,,25414,AKOM,True,True,"[""K""]",target code excluded from predictors
cog_lkj,K,Transcription,,25443,AKPP,True,True,"[""J"",""K""]",target code excluded from predictors
cog_lkj,K,Transcription,,25444,AKPQ,True,True,"[""K""]",target code excluded from predictors
cog_lkj,K,Transcription,,25456,AKQC,True,True,"[""J"",""K""]",target code excluded from predictors
cog_lkj,K,Transcription,,25457,AKQD,True,True,"[""J"",""K""]",target code excluded from predictors
cog_lkj,K,Transcription,,25466,AKQM,True,True,"[""K""]",target code excluded from predictors
cog_lkj,K,Transcription,,25494,AKRO,True,True,"[""K""]",target code excluded from predictors
cog_lkj,K,Transcription,,25495,AKRP,True,True,"[""K""]",target code excluded from predictors
cog_lkj,K,Transcription,,25508,AKSC,True,True,"[""K""]",target code excluded from predictors
cog_lkj,K,Transcription,,25534,AKTC,True,True,"[""K""]",target code excluded from predictors
cog_lkj,K,Transcription,,25557,AKTZ,True,True,"[""K""]",target code excluded from predictors
cog_lkj,K,Transcription,,25560,AKUC,True,True,"[""K"",""L""]",target code excluded from predictors
cog_lkj,K,Transcription,,25568,AKUK,True,True,"[""K""]",target code excluded from predictors
cog_lkj,K,Transcription,,25599,AKVP,True,True,"[""K"",""L""]",target code excluded from predictors
cog_lkj,K,Transcription,,25614,AKWE,True,True,"[""K""]",target code excluded from predictors
cog_lkj,K,Transcription,,25628,AKWS,True,True,"[""K""]",target code excluded from predictors
cog_lkj,K,Transcription,,25678,AKYQ,True,True,"[""K""]",target code excluded from predictors
cog_lkj,K,Transcription,,25690,AKZC,True,True,"[""K"",""L""]",target code excluded from predictors
cog_lkj,K,Transcription,,25692,AKZE,True,True,"[""K"",""L""]",target code excluded from predictors
cog_lkj,K,Transcription,,25693,AKZF,True,True,"[""K"",""L""]",target code excluded from predictors
cog_lkj,K,Transcription,,25749,ALBJ,True,True,"[""K"",""L""]",target code excluded from predictors
cog_lkj,K,Transcription,,25791,ALCZ,True,True,"[""K"",""L""]",target code excluded from predictors
cog_lkj,K,Transcription,,25794,ALDC,True,True,"[""K"",""L""]",target code excluded from predictors
cog_lkj,K,Transcription,,25799,ALDH,True,True,"[""K"",""L""]",target code excluded from predictors
cog_lkj,K,Transcription,,25801,ALDJ,True,True,"[""K"",""L""]",target code excluded from predictors
cog_lkj,K,Transcription,,25829,ALEL,True,True,"[""K""]",target code excluded from predictors
cog_lkj,K,Transcription,,25860,ALFQ,True,True,"[""K""]",target code excluded from predictors
cog_lkj,K,Transcription,,25862,ALFS,True,True,"[""K""]",target code excluded from predictors
cog_lkj,K,Transcription,,25863,ALFT,True,True,"[""K""]",target code excluded from predictors
cog_lkj,K,Transcription,,25868,ALFY,True,True,"[""K""]",target code excluded from predictors
cog_lkj,K,Transcription,,25873,ALGD,True,True,"[""K""]",target code excluded from predictors
cog_lkj,K,Transcription,,25874,ALGE,True,True,"[""K""]",target code excluded from predictors
cog_lkj,K,Transcription,,25875,ALGF,True,True,"[""K""]",target code excluded from predictors
cog_lkj,K,Transcription,,25878,ALGI,True,True,"[""K""]",target code excluded from predictors
cog_lkj,K,Transcription,,25879,ALGJ,True,True,"[""K""]",target code excluded from predictors
cog_lkj,K,Transcription,,25880,ALGK,True,True,"[""K""]",target code excluded from predictors
cog_lkj,K,Transcription,,25882,ALGM,True,True,"[""K""]",target code excluded from predictors
cog_lkj,K,Transcription,,25883,ALGN,True,True,"[""K""]",target code excluded from predictors
cog_lkj,K,Transcription,,25884,ALGO,True,True,"[""K""]",target code excluded from predictors
cog_lkj,K,Transcription,,25885,ALGP,True,True,"[""K""]",target code excluded from predictors
cog_lkj,K,Transcription,,25886,ALGQ,True,True,"[""K""]",target code excluded from predictors
cog_lkj,K,Transcription,,25899,ALHD,True,True,"[""K""]",target code excluded from predictors
cog_lkj,K,Transcription,,25949,ALJB,True,True,"[""K"",""L""]",target code excluded from predictors
cog_lkj,K,Transcription,,25950,ALJC,True,True,"[""K"",""L""]",target code excluded from predictors
cog_lkj,K,Transcription,,26196,ALSO,True,True,"[""K""]",target code excluded from predictors
cog_lkj,K,Transcription,,26269,ALVJ,True,True,"[""K""]",target code excluded from predictors
cog_lkj,K,Transcription,,26271,ALVL,True,True,"[""K""]",target code excluded from predictors
cog_lkj,K,Transcription,,26302,ALWQ,True,True,"[""K""]",target code excluded from predictors
cog_lkj,K,Transcription,,26304,ALWS,True,True,"[""K""]",target code excluded from predictors
cog_lkj,K,Transcription,,26325,ALXN,True,True,"[""K""]",target code excluded from predictors
cog_lkj,K,Transcription,,26342,ALYE,True,True,"[""K""]",target code excluded from predictors
cog_lkj,K,Transcription,,26394,AMAE,True,True,"[""K""]",target code excluded from predictors
cog_lkj,K,Transcription,,26416,AMBA,True,True,"[""K"",""L""]",target code excluded from predictors
cog_lkj,K,Transcription,,26417,AMBB,True,True,"[""K"",""L""]",target code excluded from predictors
cog_lkj,K,Transcription,,26418,AMBC,True,True,"[""K"",""L""]",target code excluded from predictors
cog_lkj,K,Transcription,,26427,AMBL,True,True,"[""K""]",target code excluded from predictors
cog_lkj,K,Transcription,,26431,AMBP,True,True,"[""K""]",target code excluded from predictors
cog_lkj,K,Transcription,,26432,AMBQ,True,True,"[""K""]",target code excluded from predictors
cog_lkj,K,Transcription,,26451,AMCJ,True,True,"[""K""]",target code excluded from predictors
cog_lkj,K,Transcription,,26523,AMFD,True,True,"[""K""]",target code excluded from predictors
cog_lkj,K,Transcription,,26527,AMFH,True,True,"[""K"",""L""]",target code excluded from predictors
cog_lkj,K,Transcription,,26577,AMHF,True,True,"[""K"",""L""]",target code excluded from predictors
cog_lkj,K,Transcription,,26581,AMHJ,True,True,"[""K"",""L""]",target code excluded from predictors
cog_lkj,K,Transcription,,26606,AMII,True,True,"[""K""]",target code excluded from predictors
cog_lkj,K,Transcription,,26611,AMIN,True,True,"[""K""]",target code excluded from predictors
cog_lkj,K,Transcription,,26620,AMIW,True,True,"[""K""]",target code excluded from predictors
cog_lkj,K,Transcription,,26636,AMJM,True,True,"[""K""]",target code excluded from predictors
cog_lkj,K,Transcription,,26638,AMJO,True,True,"[""K""]",target code excluded from predictors
cog_lkj,K,Transcription,,26644,AMJU,True,True,"[""K""]",target code excluded from predictors
cog_lkj,K,Transcription,,26680,AMLE,True,True,"[""K""]",target code excluded from predictors
cog_lkj,K,Transcription,,26688,AMLM,True,True,"[""K""]",target code excluded from predictors
cog_lkj,K,Transcription,,26706,AMME,True,True,"[""K""]",target code excluded from predictors
cog_lkj,K,Transcription,,26762,AMOI,True,True,"[""K""]",target code excluded from predictors
cog_lkj,K,Transcription,,26804,AMPY,True,True,"[""K""]",target code excluded from predictors
cog_lkj,K,Transcription,,26866,AMSI,True,True,"[""K""]",target code excluded from predictors
cog_lkj,K,Transcription,,26963,AMWB,True,True,"[""K""]",target code excluded from predictors
cog_lkj,K,Transcription,,26986,AMWY,True,True,"[""K""]",target code excluded from predictors
cog_lkj,K,Transcription,,27002,AMXO,True,True,"[""K""]",target code excluded from predictors
cog_lkj,K,Transcription,,27005,AMXR,True,True,"[""K""]",target code excluded from predictors
cog_lkj,K,Transcription,,27056,AMZQ,True,True,"[""K""]",target code excluded from predictors
cog_lkj,K,Transcription,,27057,AMZR,True,True,"[""K""]",target code excluded from predictors
cog_lkj,K,Transcription,,27059,AMZT,True,True,"[""K""]",target code excluded from predictors
cog_lkj,K,Transcription,,27061,AMZV,True,True,"[""K""]",target code excluded from predictors
cog_lkj,K,Transcription,,27063,AMZX,True,True,"[""K""]",target code excluded from predictors
cog_lkj,K,Transcription,,27069,ANAD,True,True,"[""K""]",target code excluded from predictors
cog_lkj,K,Transcription,,27093,ANBB,True,True,"[""K""]",target code excluded from predictors
cog_lkj,K,Transcription,,27096,ANBE,True,True,"[""K"",""L""]",target code excluded from predictors
cog_lkj,K,Transcription,,27118,ANCA,True,True,"[""K""]",target code excluded from predictors
cog_lkj,K,Transcription,,27249,ANHB,True,True,"[""K""]",target code excluded from predictors
cog_lkj,K,Transcription,,27270,ANHW,True,True,"[""J"",""K"",""L""]",target code excluded from predictors
cog_lkj,K,Transcription,,27286,ANIM,True,True,"[""K""]",target code excluded from predictors
cog_lkj,K,Transcription,,27299,ANIZ,True,True,"[""K""]",target code excluded from predictors
cog_lkj,K,Transcription,,27310,ANJK,True,True,"[""K""]",target code excluded from predictors
cog_lkj,K,Transcription,,27355,ANLD,True,True,"[""J"",""K""]",target code excluded from predictors
cog_lkj,K,Transcription,,27356,ANLE,True,True,"[""K""]",target code excluded from predictors
cog_lkj,K,Transcription,,27357,ANLF,True,True,"[""K""]",target code excluded from predictors
cog_lkj,K,Transcription,,27362,ANLK,True,True,"[""K""]",target code excluded from predictors
cog_lkj,K,Transcription,,27363,ANLL,True,True,"[""K""]",target code excluded from predictors
cog_lkj,K,Transcription,,27364,ANLM,True,True,"[""K""]",target code excluded from predictors
cog_lkj,K,Transcription,,27366,ANLO,True,True,"[""K""]",target code excluded from predictors
cog_lkj,K,Transcription,,27367,ANLP,True,True,"[""K""]",target code excluded from predictors
cog_lkj,K,Transcription,,27368,ANLQ,True,True,"[""K""]",target code excluded from predictors
cog_lkj,K,Transcription,,27369,ANLR,True,True,"[""K""]",target code excluded from predictors
cog_lkj,K,Transcription,,27371,ANLT,True,True,"[""K""]",target code excluded from predictors
cog_lkj,K,Transcription,,27372,ANLU,True,True,"[""K""]",target code excluded from predictors
cog_lkj,K,Transcription,,27374,ANLW,True,True,"[""K""]",target code excluded from predictors
cog_lkj,K,Transcription,,27379,ANMB,True,True,"[""K""]",target code excluded from predictors
cog_lkj,K,Transcription,,27382,ANME,True,True,"[""K""]",target code excluded from predictors
cog_lkj,K,Transcription,,27386,ANMI,True,True,"[""K""]",target code excluded from predictors
cog_lkj,K,Transcription,,27389,ANML,True,True,"[""K""]",target code excluded from predictors
cog_lkj,K,Transcription,,27391,ANMN,True,True,"[""K""]",target code excluded from predictors
cog_lkj,K,Transcription,,27392,ANMO,True,True,"[""K""]",target code excluded from predictors
cog_lkj,K,Transcription,,27393,ANMP,True,True,"[""K""]",target code excluded from predictors
cog_lkj,K,Transcription,,27394,ANMQ,True,True,"[""K""]",target code excluded from predictors
cog_lkj,K,Transcription,,27396,ANMS,True,True,"[""K""]",target code excluded from predictors
cog_lkj,K,Transcription,,27400,ANMW,True,True,"[""K""]",target code excluded from predictors
cog_lkj,K,Transcription,,27401,ANMX,True,True,"[""K""]",target code excluded from predictors
cog_lkj,K,Transcription,,27408,ANNE,True,True,"[""K""]",target code excluded from predictors
cog_lkj,K,Transcription,,27410,ANNG,True,True,"[""K""]",target code excluded from predictors
cog_lkj,K,Transcription,,27415,ANNL,True,True,"[""K"",""L""]",target code excluded from predictors
cog_lkj,K,Transcription,,27417,ANNN,True,True,"[""K""]",target code excluded from predictors
cog_lkj,K,Transcription,,27418,ANNO,True,True,"[""K""]",target code excluded from predictors
cog_lkj,K,Transcription,,27419,ANNP,True,True,"[""K""]",target code excluded from predictors
cog_lkj,K,Transcription,,27421,ANNR,True,True,"[""K""]",target code excluded from predictors
cog_lkj,K,Transcription,,27422,ANNS,True,True,"[""K""]",target code excluded from predictors
cog_lkj,K,Transcription,,27424,ANNU,True,True,"[""K""]",target code excluded from predictors
cog_lkj,K,Transcription,,27429,ANNZ,True,True,"[""K""]",target code excluded from predictors
cog_lkj,K,Transcription,,27430,ANOA,True,True,"[""K""]",target code excluded from predictors
cog_lkj,K,Transcription,,27433,ANOD,True,True,"[""K""]",target code excluded from predictors
cog_lkj,K,Transcription,,27434,ANOE,True,True,"[""K""]",target code excluded from predictors
cog_lkj,K,Transcription,,27436,ANOG,True,True,"[""K""]",target code excluded from predictors
cog_lkj,K,Transcription,,27437,ANOH,True,True,"[""K""]",target code excluded from predictors
cog_lkj,K,Transcription,,27440,ANOK,True,True,"[""K""]",target code excluded from predictors
cog_lkj,K,Transcription,,27441,ANOL,True,True,"[""K""]",target code excluded from predictors
cog_lkj,K,Transcription,,27443,ANON,True,True,"[""K""]",target code excluded from predictors
cog_lkj,K,Transcription,,27444,ANOO,True,True,"[""K""]",target code excluded from predictors
cog_lkj,K,Transcription,,27447,ANOR,True,True,"[""K""]",target code excluded from predictors
cog_lkj,K,Transcription,,27449,ANOT,True,True,"[""K""]",target code excluded from predictors
cog_lkj,K,Transcription,,27453,ANOX,True,True,"[""K""]",target code excluded from predictors
cog_lkj,K,Transcription,,27454,ANOY,True,True,"[""K""]",target code excluded from predictors
cog_lkj,K,Transcription,,27456,ANPA,True,True,"[""K""]",target code excluded from predictors
cog_lkj,K,Transcription,,27459,ANPD,True,True,"[""K""]",target code excluded from predictors
cog_lkj,K,Transcription,,27460,ANPE,True,True,"[""K""]",target code excluded from predictors
cog_lkj,K,Transcription,,27461,ANPF,True,True,"[""K""]",target code excluded from predictors
cog_lkj,K,Transcription,,27462,ANPG,True,True,"[""K""]",target code excluded from predictors
cog_lkj,K,Transcription,,27463,ANPH,True,True,"[""K""]",target code excluded from predictors
cog_lkj,K,Transcription,,27467,ANPL,True,True,"[""K""]",target code excluded from predictors
cog_lkj,K,Transcription,,27469,ANPN,True,True,"[""K""]",target code excluded from predictors
cog_lkj,K,Transcription,,27470,ANPO,True,True,"[""K""]",target code excluded from predictors
cog_lkj,K,Transcription,,27473,ANPR,True,True,"[""K""]",target code excluded from predictors
cog_lkj,K,Transcription,,27475,ANPT,True,True,"[""K""]",target code excluded from predictors
cog_lkj,K,Transcription,,27479,ANPX,True,True,"[""K""]",target code excluded from predictors
cog_lkj,K,Transcription,,27482,ANQA,True,True,"[""K""]",target code excluded from predictors
cog_lkj,K,Transcription,,27484,ANQC,True,True,"[""K""]",target code excluded from predictors
cog_lkj,K,Transcription,,27487,ANQF,True,True,"[""K""]",target code excluded from predictors
cog_lkj,K,Transcription,,27488,ANQG,True,True,"[""K""]",target code excluded from predictors
cog_lkj,K,Transcription,,27489,ANQH,True,True,"[""K""]",target code excluded from predictors
cog_lkj,K,Transcription,,27491,ANQJ,True,True,"[""K""]",target code excluded from predictors
cog_lkj,K,Transcription,,27492,ANQK,True,True,"[""K""]",target code excluded from predictors
cog_lkj,K,Transcription,,27493,ANQL,True,True,"[""K""]",target code excluded from predictors
cog_lkj,K,Transcription,,27496,ANQO,True,True,"[""K""]",target code excluded from predictors
cog_lkj,K,Transcription,,27501,ANQT,True,True,"[""K""]",target code excluded from predictors
cog_lkj,K,Transcription,,27502,ANQU,True,True,"[""K""]",target code excluded from predictors
cog_lkj,K,Transcription,,27505,ANQX,True,True,"[""K""]",target code excluded from predictors
cog_lkj,K,Transcription,,27506,ANQY,True,True,"[""K""]",target code excluded from predictors
cog_lkj,K,Transcription,,27509,ANRB,True,True,"[""K""]",target code excluded from predictors
cog_lkj,K,Transcription,,27510,ANRC,True,True,"[""K""]",target code excluded from predictors
cog_lkj,K,Transcription,,27516,ANRI,True,True,"[""K""]",target code excluded from predictors
cog_lkj,K,Transcription,,27519,ANRL,True,True,"[""K""]",target code excluded from predictors
cog_lkj,K,Transcription,,27521,ANRN,True,True,"[""K""]",target code excluded from predictors
cog_lkj,K,Transcription,,27524,ANRQ,True,True,"[""K""]",target code excluded from predictors
cog_lkj,K,Transcription,,27525,ANRR,True,True,"[""K""]",target code excluded from predictors
cog_lkj,K,Transcription,,27528,ANRU,True,True,"[""K""]",target code excluded from predictors
cog_lkj,K,Transcription,,27529,ANRV,True,True,"[""K""]",target code excluded from predictors
cog_lkj,K,Transcription,,27530,ANRW,True,True,"[""K""]",target code excluded from predictors
cog_lkj,K,Transcription,,27531,ANRX,True,True,"[""K""]",target code excluded from predictors
cog_lkj,K,Transcription,,27532,ANRY,True,True,"[""K""]",target code excluded from predictors
cog_lkj,K,Transcription,,27533,ANRZ,True,True,"[""K""]",target code excluded from predictors
cog_lkj,K,Transcription,,27535,ANSB,True,True,"[""K""]",target code excluded from predictors
cog_lkj,K,Transcription,,27547,ANSN,True,True,"[""K""]",target code excluded from predictors
cog_lkj,K,Transcription,,27550,ANSQ,True,True,"[""K""]",target code excluded from predictors
cog_lkj,K,Transcription,,27551,ANSR,True,True,"[""K""]",target code excluded from predictors
cog_lkj,K,Transcription,,27553,ANST,True,True,"[""K""]",target code excluded from predictors
cog_lkj,K,Transcription,,27554,ANSU,True,True,"[""K""]",target code excluded from predictors
cog_lkj,K,Transcription,,27559,ANSZ,True,True,"[""K""]",target code excluded from predictors
cog_lkj,K,Transcription,,27560,ANTA,True,True,"[""K""]",target code excluded from predictors
cog_lkj,K,Transcription,,27565,ANTF,True,True,"[""K""]",target code excluded from predictors
cog_lkj,K,Transcription,,27597,ANUL,True,True,"[""K""]",target code excluded from predictors
cog_lkj,K,Transcription,,27631,ANVT,True,True,"[""K"",""L""]",target code excluded from predictors
cog_lkj,K,Transcription,,27656,ANWS,True,True,"[""K"",""L""]",target code excluded from predictors
cog_lkj,K,Transcription,,27657,ANWT,True,True,"[""K""]",target code excluded from predictors
cog_lkj,K,Transcription,,27659,ANWV,True,True,"[""J"",""K"",""L""]",target code excluded from predictors
cog_lkj,K,Transcription,,27667,ANXD,True,True,"[""K"",""L""]",target code excluded from predictors
cog_lkj,K,Transcription,,27684,ANXU,True,True,"[""K""]",target code excluded from predictors
cog_lkj,K,Transcription,,27685,ANXV,True,True,"[""K""]",target code excluded from predictors
cog_lkj,K,Transcription,,27698,ANYI,True,True,"[""K""]",target code excluded from predictors
cog_lkj,K,Transcription,,27707,ANYR,True,True,"[""K""]",target code excluded from predictors
cog_lkj,K,Transcription,,27788,AOBU,True,True,"[""K""]",target code excluded from predictors
cog_lkj,K,Transcription,,27790,AOBW,True,True,"[""K""]",target code excluded from predictors
cog_lkj,K,Transcription,,27800,AOCG,True,True,"[""J"",""K""]",target code excluded from predictors
cog_lkj,K,Transcription,,27850,AOEE,True,True,"[""K""]",target code excluded from predictors
cog_lkj,K,Transcription,,27852,AOEG,True,True,"[""K""]",target code excluded from predictors
cog_lkj,K,Transcription,,27857,AOEL,True,True,"[""K""]",target code excluded from predictors
cog_lkj,K,Transcription,,27862,AOEQ,True,True,"[""K""]",target code excluded from predictors
cog_lkj,K,Transcription,,27881,AOFJ,True,True,"[""K""]",target code excluded from predictors
cog_lkj,K,Transcription,,27883,AOFL,True,True,"[""K""]",target code excluded from predictors
cog_lkj,K,Transcription,,27884,AOFM,True,True,"[""K""]",target code excluded from predictors
cog_lkj,K,Transcription,,27885,AOFN,True,True,"[""K""]",target code excluded from predictors
cog_lkj,K,Transcription,,27886,AOFO,True,True,"[""K""]",target code excluded from predictors
cog_lkj,K,Transcription,,27889,AOFR,True,True,"[""K""]",target code excluded from predictors
cog_lkj,K,Transcription,,27892,AOFU,True,True,"[""K""]",target code excluded from predictors
cog_lkj,K,Transcription,,27896,AOFY,True,True,"[""K""]",target code excluded from predictors
cog_lkj,K,Transcription,,27898,AOGA,True,True,"[""K""]",target code excluded from predictors
cog_lkj,K,Transcription,,27899,AOGB,True,True,"[""K""]",target code excluded from predictors
cog_lkj,K,Transcription,,27904,AOGG,True,True,"[""K""]",target code excluded from predictors
cog_lkj,K,Transcription,,27905,AOGH,True,True,"[""K""]",target code excluded from predictors
cog_lkj,K,Transcription,,27907,AOGJ,True,True,"[""K""]",target code excluded from predictors
cog_lkj,K,Transcription,,27910,AOGM,True,True,"[""K""]",target code excluded from predictors
cog_lkj,K,Transcription,,27912,AOGO,True,True,"[""K""]",target code excluded from predictors
cog_lkj,K,Transcription,,27913,AOGP,True,True,"[""K""]",target code excluded from predictors
cog_lkj,K,Transcription,,27918,AOGU,True,True,"[""K""]",target code excluded from predictors
cog_lkj,K,Transcription,,27919,AOGV,True,True,"[""K""]",target code excluded from predictors
cog_lkj,K,Transcription,,27920,AOGW,True,True,"[""K""]",target code excluded from predictors
cog_lkj,K,Transcription,,27923,AOGZ,True,True,"[""K""]",target code excluded from predictors
cog_lkj,K,Transcription,,27925,AOHB,True,True,"[""K""]",target code excluded from predictors
cog_lkj,K,Transcription,,27933,AOHJ,True,True,"[""K""]",target code excluded from predictors
cog_lkj,K,Transcription,,28005,AOKD,True,True,"[""K""]",target code excluded from predictors
cog_lkj,K,Transcription,,28006,AOKE,True,True,"[""K""]",target code excluded from predictors
cog_lkj,K,Transcription,,28102,AONW,True,True,"[""K""]",target code excluded from predictors
cog_lkj,K,Transcription,,28169,AOQL,True,True,"[""K""]",target code excluded from predictors
cog_lkj,K,Transcription,,28211,AOSB,True,True,"[""K""]",target code excluded from predictors
cog_lkj,K,Transcription,,28270,AOUI,True,True,"[""K""]",target code excluded from predictors
cog_lkj,K,Transcription,,28271,AOUJ,True,True,"[""K""]",target code excluded from predictors
cog_lkj,K,Transcription,,28274,AOUM,True,True,"[""K""]",target code excluded from predictors
cog_lkj,K,Transcription,,28275,AOUN,True,True,"[""K""]",target code excluded from predictors
cog_lkj,K,Transcription,,28276,AOUO,True,True,"[""K""]",target code excluded from predictors
cog_lkj,K,Transcription,,28277,AOUP,True,True,"[""K""]",target code excluded from predictors
cog_lkj,K,Transcription,,28279,AOUR,True,True,"[""K"",""L""]",target code excluded from predictors
cog_lkj,K,Transcription,,28280,AOUS,True,True,"[""K"",""L""]",target code excluded from predictors
cog_lkj,K,Transcription,,28281,AOUT,True,True,"[""K""]",target code excluded from predictors
cog_lkj,K,Transcription,,28286,AOUY,True,True,"[""K"",""L""]",target code excluded from predictors
cog_lkj,K,Transcription,,28287,AOUZ,True,True,"[""J"",""K""]",target code excluded from predictors
cog_lkj,K,Transcription,,28288,AOVA,True,True,"[""J"",""K"",""L""]",target code excluded from predictors
cog_lkj,K,Transcription,,28294,AOVG,True,True,"[""K"",""L""]",target code excluded from predictors
cog_lkj,K,Transcription,,28295,AOVH,True,True,"[""K"",""L""]",target code excluded from predictors
cog_lkj,K,Transcription,,28297,AOVJ,True,True,"[""K""]",target code excluded from predictors
cog_lkj,K,Transcription,,28300,AOVM,True,True,"[""K"",""L""]",target code excluded from predictors
cog_lkj,K,Transcription,,28302,AOVO,True,True,"[""K""]",target code excluded from predictors
cog_lkj,K,Transcription,,28303,AOVP,True,True,"[""K""]",target code excluded from predictors
cog_lkj,K,Transcription,,28305,AOVR,True,True,"[""K""]",target code excluded from predictors
cog_lkj,K,Transcription,,28308,AOVU,True,True,"[""K""]",target code excluded from predictors
cog_lkj,K,Transcription,,28309,AOVV,True,True,"[""K""]",target code excluded from predictors
cog_lkj,K,Transcription,,28310,AOVW,True,True,"[""K""]",target code excluded from predictors
cog_lkj,K,Transcription,,28314,AOWA,True,True,"[""K""]",target code excluded from predictors
cog_lkj,K,Transcription,,28317,AOWD,True,True,"[""K""]",target code excluded from predictors
cog_lkj,K,Transcription,,28320,AOWG,True,True,"[""K""]",target code excluded from predictors
cog_lkj,K,Transcription,,28322,AOWI,True,True,"[""K""]",target code excluded from predictors
cog_lkj,K,Transcription,,28334,AOWU,True,True,"[""K""]",target code excluded from predictors
cog_lkj,K,Transcription,,28336,AOWW,True,True,"[""K""]",target code excluded from predictors
cog_lkj,K,Transcription,,28339,AOWZ,True,True,"[""K""]",target code excluded from predictors
cog_lkj,K,Transcription,,28343,AOXD,True,True,"[""K""]",target code excluded from predictors
cog_lkj,K,Transcription,,28344,AOXE,True,True,"[""K""]",target code excluded from predictors
cog_lkj,K,Transcription,,28381,AOYP,True,True,"[""K""]",target code excluded from predictors
cog_lkj,K,Transcription,,28583,APGJ,True,True,"[""K""]",target code excluded from predictors
cog_lkj,K,Transcription,,28616,APHQ,True,True,"[""K"",""L""]",target code excluded from predictors
cog_lkj,K,Transcription,,28700,APKW,True,True,"[""K""]",target code excluded from predictors
cog_lkj,K,Transcription,,28701,APKX,True,True,"[""K""]",target code excluded from predictors
cog_lkj,K,Transcription,,28861,APRB,True,True,"[""K"",""L""]",target code excluded from predictors
cog_lkj,K,Transcription,,28903,APSR,True,True,"[""K""]",target code excluded from predictors
cog_lkj,K,Transcription,,28965,APVB,True,True,"[""K""]",target code excluded from predictors
cog_lkj,K,Transcription,,28988,APVY,True,True,"[""K""]",target code excluded from predictors
cog_lkj,K,Transcription,,28990,APWA,True,True,"[""K""]",target code excluded from predictors
cog_lkj,K,Transcription,,29003,APWN,True,True,"[""K""]",target code excluded from predictors
cog_lkj,K,Transcription,,29038,APXW,True,True,"[""K""]",target code excluded from predictors
cog_lkj,K,Transcription,,29102,AQAI,True,True,"[""K""]",target code excluded from predictors
cog_lkj,K,Transcription,,29105,AQAL,True,True,"[""K""]",target code excluded from predictors
cog_lkj,K,Transcription,,29107,AQAN,True,True,"[""K""]",target code excluded from predictors
cog_lkj,K,Transcription,,29108,AQAO,True,True,"[""J"",""K"",""L""]",target code excluded from predictors
cog_lkj,K,Transcription,,29110,AQAQ,True,True,"[""K""]",target code excluded from predictors
cog_lkj,K,Transcription,,29111,AQAR,True,True,"[""K""]",target code excluded from predictors
cog_lkj,K,Transcription,,29112,AQAS,True,True,"[""K""]",target code excluded from predictors
cog_lkj,K,Transcription,,29157,AQCL,True,True,"[""K""]",target code excluded from predictors
cog_lkj,K,Transcription,,29166,AQCU,True,True,"[""K""]",target code excluded from predictors
cog_lkj,K,Transcription,,29174,AQDC,True,True,"[""K""]",target code excluded from predictors
cog_lkj,K,Transcription,,29212,AQEO,True,True,"[""K"",""L""]",target code excluded from predictors
cog_lkj,K,Transcription,,29241,AQFR,True,True,"[""K""]",target code excluded from predictors
cog_lkj,K,Transcription,,29242,AQFS,True,True,"[""K"",""L""]",target code excluded from predictors
cog_lkj,J,Translation,,95,CR,True,True,"[""J""]",target code excluded from predictors
cog_lkj,J,Translation,,96,CS,True,True,"[""J""]",target code excluded from predictors
cog_lkj,J,Translation,,98,CU,True,True,"[""J""]",target code excluded from predictors
cog_lkj,J,Translation,,99,CV,True,True,"[""J""]",target code excluded from predictors
cog_lkj,J,Translation,,100,CW,True,True,"[""J""]",target code excluded from predictors
cog_lkj,J,Translation,,101,CX,True,True,"[""J""]",target code excluded from predictors
cog_lkj,J,Translation,,109,DF,True,True,"[""J"",""L""]",target code excluded from predictors
cog_lkj,J,Translation,,110,DG,True,True,"[""J""]",target code excluded from predictors
cog_lkj,J,Translation,,111,DH,True,True,"[""J"",""L""]",target code excluded from predictors
cog_lkj,J,Translation,,112,DI,True,True,"[""J"",""L""]",target code excluded from predictors
cog_lkj,J,Translation,,113,DJ,True,True,"[""J""]",target code excluded from predictors
cog_lkj,J,Translation,,115,DL,True,True,"[""J""]",target code excluded from predictors
cog_lkj,J,Translation,,116,DM,True,True,"[""J""]",target code excluded from predictors
cog_lkj,J,Translation,,117,DN,True,True,"[""J""]",target code excluded from predictors
cog_lkj,J,Translation,,119,DP,True,True,"[""J""]",target code excluded from predictors
cog_lkj,J,Translation,,226,HS,True,True,"[""J""]",target code excluded from predictors
cog_lkj,J,Translation,,294,KI,True,True,"[""J""]",target code excluded from predictors
cog_lkj,J,Translation,,295,KJ,True,True,"[""J""]",target code excluded from predictors
cog_lkj,J,Translation,,296,KK,True,True,"[""J""]",target code excluded from predictors
cog_lkj,J,Translation,,297,KL,True,True,"[""J""]",target code excluded from predictors
cog_lkj,J,Translation,,298,KM,True,True,"[""J""]",target code excluded from predictors
cog_lkj,J,Translation,,301,KP,True,True,"[""J""]",target code excluded from predictors
cog_lkj,J,Translation,,302,KQ,True,True,"[""J""]",target code excluded from predictors
cog_lkj,J,Translation,,309,KX,True,True,"[""J""]",target code excluded from predictors
cog_lkj,J,Translation,,314,LC,True,True,"[""J""]",target code excluded from predictors
cog_lkj,J,Translation,,315,LD,True,True,"[""J""]",target code excluded from predictors
cog_lkj,J,Translation,,316,LE,True,True,"[""J""]",target code excluded from predictors
cog_lkj,J,Translation,,317,LF,True,True,"[""J""]",target code excluded from predictors
cog_lkj,J,Translation,,318,LG,True,True,"[""J""]",target code excluded from predictors
cog_lkj,J,Translation,,319,LH,True,True,"[""J""]",target code excluded from predictors
cog_lkj,J,Translation,,320,LI,True,True,"[""J""]",target code excluded from predictors
cog_lkj,J,Translation,,322,LK,True,True,"[""J""]",target code excluded from predictors
cog_lkj,J,Translation,,324,LM,True,True,"[""J""]",target code excluded from predictors
cog_lkj,J,Translation,,325,LN,True,True,"[""J""]",target code excluded from predictors
cog_lkj,J,Translation,,331,LT,True,True,"[""J""]",target code excluded from predictors
cog_lkj,J,Translation,,332,LU,True,True,"[""J""]",target code excluded from predictors
cog_lkj,J,Translation,,333,LV,True,True,"[""J""]",target code excluded from predictors
cog_lkj,J,Translation,,334,LW,True,True,"[""J""]",target code excluded from predictors
cog_lkj,J,Translation,,335,LX,True,True,"[""J""]",target code excluded from predictors
cog_lkj,J,Translation,,336,LY,True,True,"[""J""]",target code excluded from predictors
cog_lkj,J,Translation,,382,NS,True,True,"[""J""]",target code excluded from predictors
cog_lkj,J,Translation,,492,RY,True,True,"[""J""]",target code excluded from predictors
cog_lkj,J,Translation,,493,RZ,True,True,"[""J""]",target code excluded from predictors
cog_lkj,J,Translation,,494,SA,True,True,"[""J""]",target code excluded from predictors
cog_lkj,J,Translation,,495,SB,True,True,"[""J""]",target code excluded from predictors
cog_lkj,J,Translation,,496,SC,True,True,"[""J""]",target code excluded from predictors
cog_lkj,J,Translation,,498,SE,True,True,"[""J""]",target code excluded from predictors
cog_lkj,J,Translation,,499,SF,True,True,"[""J""]",target code excluded from predictors
cog_lkj,J,Translation,,500,SG,True,True,"[""J""]",target code excluded from predictors
cog_lkj,J,Translation,,501,SH,True,True,"[""J""]",target code excluded from predictors
cog_lkj,J,Translation,,502,SI,True,True,"[""J""]",target code excluded from predictors
cog_lkj,J,Translation,,503,SJ,True,True,"[""J""]",target code excluded from predictors
cog_lkj,J,Translation,,504,SK,True,True,"[""J""]",target code excluded from predictors
cog_lkj,J,Translation,,505,SL,True,True,"[""J""]",target code excluded from predictors
cog_lkj,J,Translation,,506,SM,True,True,"[""J""]",target code excluded from predictors
cog_lkj,J,Translation,,507,SN,True,True,"[""J""]",target code excluded from predictors
cog_lkj,J,Translation,,508,SO,True,True,"[""J""]",target code excluded from predictors
cog_lkj,J,Translation,,509,SP,True,True,"[""J""]",target code excluded from predictors
cog_lkj,J,Translation,,510,SQ,True,True,"[""J""]",target code excluded from predictors
cog_lkj,J,Translation,,511,SR,True,True,"[""J""]",target code excluded from predictors
cog_lkj,J,Translation,,512,SS,True,True,"[""J""]",target code excluded from predictors
cog_lkj,J,Translation,,513,ST,True,True,"[""J""]",target code excluded from predictors
cog_lkj,J,Translation,,514,SU,True,True,"[""J""]",target code excluded from predictors
cog_lkj,J,Translation,,515,SV,True,True,"[""J""]",target code excluded from predictors
cog_lkj,J,Translation,,516,SW,True,True,"[""J""]",target code excluded from predictors
cog_lkj,J,Translation,,517,SX,True,True,"[""J""]",target code excluded from predictors
cog_lkj,J,Translation,,518,SY,True,True,"[""J""]",target code excluded from predictors
cog_lkj,J,Translation,,520,TA,True,True,"[""J""]",target code excluded from predictors
cog_lkj,J,Translation,,521,TB,True,True,"[""J""]",target code excluded from predictors
cog_lkj,J,Translation,,522,TC,True,True,"[""J""]",target code excluded from predictors
cog_lkj,J,Translation,,523,TD,True,True,"[""J""]",target code excluded from predictors
cog_lkj,J,Translation,,524,TE,True,True,"[""J""]",target code excluded from predictors
cog_lkj,J,Translation,,525,TF,True,True,"[""J""]",target code excluded from predictors
cog_lkj,J,Translation,,526,TG,True,True,"[""J""]",target code excluded from predictors
cog_lkj,J,Translation,,529,TJ,True,True,"[""J""]",target code excluded from predictors
cog_lkj,J,Translation,,693,ZR,True,True,"[""J""]",target code excluded from predictors
cog_lkj,J,Translation,,694,ZS,True,True,"[""J""]",target code excluded from predictors
cog_lkj,J,Translation,,695,ZT,True,True,"[""J""]",target code excluded from predictors
cog_lkj,J,Translation,,696,ZU,True,True,"[""J""]",target code excluded from predictors
cog_lkj,J,Translation,,698,ZW,True,True,"[""J""]",target code excluded from predictors
cog_lkj,J,Translation,,699,ZX,True,True,"[""J""]",target code excluded from predictors
cog_lkj,J,Translation,,700,ZY,True,True,"[""J""]",target code excluded from predictors
cog_lkj,J,Translation,,701,ZZ,True,True,"[""J""]",target code excluded from predictors
cog_lkj,J,Translation,,702,AAA,True,True,"[""J""]",target code excluded from predictors
cog_lkj,J,Translation,,703,AAB,True,True,"[""J""]",target code excluded from predictors
cog_lkj,J,Translation,,704,AAC,True,True,"[""J""]",target code excluded from predictors
cog_lkj,J,Translation,,706,AAE,True,True,"[""J""]",target code excluded from predictors
cog_lkj,J,Translation,,707,AAF,True,True,"[""J""]",target code excluded from predictors
cog_lkj,J,Translation,,708,AAG,True,True,"[""J""]",target code excluded from predictors
cog_lkj,J,Translation,,709,AAH,True,True,"[""J""]",target code excluded from predictors
cog_lkj,J,Translation,,710,AAI,True,True,"[""J""]",target code excluded from predictors
cog_lkj,J,Translation,,711,AAJ,True,True,"[""J""]",target code excluded from predictors
cog_lkj,J,Translation,,712,AAK,True,True,"[""J""]",target code excluded from predictors
cog_lkj,J,Translation,,713,AAL,True,True,"[""J""]",target code excluded from predictors
cog_lkj,J,Translation,,714,AAM,True,True,"[""J""]",target code excluded from predictors
cog_lkj,J,Translation,,715,AAN,True,True,"[""J""]",target code excluded from predictors
cog_lkj,J,Translation,,716,AAO,True,True,"[""J""]",target code excluded from predictors
cog_lkj,J,Translation,,717,AAP,True,True,"[""J""]",target code excluded from predictors
cog_lkj,J,Translation,,718,AAQ,True,True,"[""J""]",target code excluded from predictors
cog_lkj,J,Translation,,719,AAR,True,True,"[""J""]",target code excluded from predictors
cog_lkj,J,Translation,,720,AAS,True,True,"[""J""]",target code excluded from predictors
cog_lkj,J,Translation,,721,AAT,True,True,"[""J""]",target code excluded from predictors
cog_lkj,J,Translation,,722,AAU,True,True,"[""J""]",target code excluded from predictors
cog_lkj,J,Translation,,723,AAV,True,True,"[""J""]",target code excluded from predictors
cog_lkj,J,Translation,,724,AAW,True,True,"[""J""]",target code excluded from predictors
cog_lkj,J,Translation,,726,AAY,True,True,"[""J""]",target code excluded from predictors
cog_lkj,J,Translation,,727,AAZ,True,True,"[""J""]",target code excluded from predictors
cog_lkj,J,Translation,,728,ABA,True,True,"[""J""]",target code excluded from predictors
cog_lkj,J,Translation,,729,ABB,True,True,"[""J""]",target code excluded from predictors
cog_lkj,J,Translation,,730,ABC,True,True,"[""J""]",target code excluded from predictors
cog_lkj,J,Translation,,731,ABD,True,True,"[""J""]",target code excluded from predictors
cog_lkj,J,Translation,,732,ABE,True,True,"[""J""]",target code excluded from predictors
cog_lkj,J,Translation,,733,ABF,True,True,"[""J""]",target code excluded from predictors
cog_lkj,J,Translation,,735,ABH,True,True,"[""J""]",target code excluded from predictors
cog_lkj,J,Translation,,736,ABI,True,True,"[""J""]",target code excluded from predictors
cog_lkj,J,Translation,,737,ABJ,True,True,"[""J""]",target code excluded from predictors
cog_lkj,J,Translation,,738,ABK,True,True,"[""J""]",target code excluded from predictors
cog_lkj,J,Translation,,739,ABL,True,True,"[""J""]",target code excluded from predictors
cog_lkj,J,Translation,,740,ABM,True,True,"[""J""]",target code excluded from predictors
cog_lkj,J,Translation,,741,ABN,True,True,"[""J""]",target code excluded from predictors
cog_lkj,J,Translation,,742,ABO,True,True,"[""J""]",target code excluded from predictors
cog_lkj,J,Translation,,743,ABP,True,True,"[""J""]",target code excluded from predictors
cog_lkj,J,Translation,,744,ABQ,True,True,"[""J""]",target code excluded from predictors
cog_lkj,J,Translation,,745,ABR,True,True,"[""J""]",target code excluded from predictors
cog_lkj,J,Translation,,746,ABS,True,True,"[""J""]",target code excluded from predictors
cog_lkj,J,Translation,,747,ABT,True,True,"[""J""]",target code excluded from predictors
cog_lkj,J,Translation,,748,ABU,True,True,"[""J""]",target code excluded from predictors
cog_lkj,J,Translation,,749,ABV,True,True,"[""J""]",target code excluded from predictors
cog_lkj,J,Translation,,796,ADQ,True,True,"[""J""]",target code excluded from predictors
cog_lkj,J,Translation,,842,AFK,True,True,"[""J""]",target code excluded from predictors
cog_lkj,J,Translation,,887,AHD,True,True,"[""J"",""L""]",target code excluded from predictors
cog_lkj,J,Translation,,977,AKP,True,True,"[""J""]",target code excluded from predictors
cog_lkj,J,Translation,,1016,AMC,True,True,"[""J""]",target code excluded from predictors
cog_lkj,J,Translation,,1017,AMD,True,True,"[""J""]",target code excluded from predictors
cog_lkj,J,Translation,,1020,AMG,True,True,"[""J""]",target code excluded from predictors
cog_lkj,J,Translation,,1022,AMI,True,True,"[""J""]",target code excluded from predictors
cog_lkj,J,Translation,,1046,ANG,True,True,"[""J""]",target code excluded from predictors
cog_lkj,J,Translation,,1063,ANX,True,True,"[""J""]",target code excluded from predictors
cog_lkj,J,Translation,,1067,AOB,True,True,"[""J"",""K"",""L""]",target code excluded from predictors
cog_lkj,J,Translation,,1089,AOX,True,True,"[""J"",""K"",""L""]",target code excluded from predictors
cog_lkj,J,Translation,,1090,AOY,True,True,"[""J"",""K"",""L""]",target code excluded from predictors
cog_lkj,J,Translation,,1092,APA,True,True,"[""J"",""K"",""L""]",target code excluded from predictors
cog_lkj,J,Translation,,1093,APB,True,True,"[""J"",""K"",""L""]",target code excluded from predictors
cog_lkj,J,Translation,,1094,APC,True,True,"[""J"",""K"",""L""]",target code excluded from predictors
cog_lkj,J,Translation,,1130,AQM,True,True,"[""J"",""L""]",target code excluded from predictors
cog_lkj,J,Translation,,1135,AQR,True,True,"[""J""]",target code excluded from predictors
cog_lkj,J,Translation,,1240,AUS,True,True,"[""J"",""K""]",target code excluded from predictors
cog_lkj,J,Translation,,1258,AVK,True,True,"[""J""]",target code excluded from predictors
cog_lkj,J,Translation,,1276,AWC,True,True,"[""J"",""K"",""L""]",target code excluded from predictors
cog_lkj,J,Translation,,1289,AWP,True,True,"[""J""]",target code excluded from predictors
cog_lkj,J,Translation,,1290,AWQ,True,True,"[""J""]",target code excluded from predictors
cog_lkj,J,Translation,,1291,AWR,True,True,"[""J""]",target code excluded from predictors
cog_lkj,J,Translation,,1304,AXE,True,True,"[""J""]",target code excluded from predictors
cog_lkj,J,Translation,,1309,AXJ,True,True,"[""J""]",target code excluded from predictors
cog_lkj,J,Translation,,1328,AYC,True,True,"[""J""]",target code excluded from predictors
cog_lkj,J,Translation,,1346,AYU,True,True,"[""J""]",target code excluded from predictors
cog_lkj,J,Translation,,1363,AZL,True,True,"[""J""]",target code excluded from predictors
cog_lkj,J,Translation,,1452,BCW,True,True,"[""J"",""K""]",target code excluded from predictors
cog_lkj,J,Translation,,1554,BGU,True,True,"[""J"",""K"",""L""]",target code excluded from predictors
cog_lkj,J,Translation,,1568,BHI,True,True,"[""J"",""L""]",target code excluded from predictors
cog_lkj,J,Translation,,1574,BHO,True,True,"[""J"",""K""]",target code excluded from predictors
cog_lkj,J,Translation,,1581,BHV,True,True,"[""J""]",target code excluded from predictors
cog_lkj,J,Translation,,1817,BQX,True,True,"[""J""]",target code excluded from predictors
cog_lkj,J,Translation,,1827,BRH,True,True,"[""J""]",target code excluded from predictors
cog_lkj,J,Translation,,1892,BTU,True,True,"[""J""]",target code excluded from predictors
cog_lkj,J,Translation,,1950,BWA,True,True,"[""J""]",target code excluded from predictors
cog_lkj,J,Translation,,1959,BWJ,True,True,"[""J"",""K"",""L""]",target code excluded from predictors
cog_lkj,J,Translation,,2057,CAD,True,True,"[""J""]",target code excluded from predictors
cog_lkj,J,Translation,,2070,CAQ,True,True,"[""J""]",target code excluded from predictors
cog_lkj,J,Translation,,2071,CAR,True,True,"[""J""]",target code excluded from predictors
cog_lkj,J,Translation,,2101,CBV,True,True,"[""J""]",target code excluded from predictors
cog_lkj,J,Translation,,2109,CCD,True,True,"[""J""]",target code excluded from predictors
cog_lkj,J,Translation,,2136,CDE,True,True,"[""J""]",target code excluded from predictors
cog_lkj,J,Translation,,2177,CET,True,True,"[""J""]",target code excluded from predictors
cog_lkj,J,Translation,,2178,CEU,True,True,"[""J""]",target code excluded from predictors
cog_lkj,J,Translation,,2203,CFT,True,True,"[""J""]",target code excluded from predictors
cog_lkj,J,Translation,,2215,CGF,True,True,"[""J"",""K"",""L""]",target code excluded from predictors
cog_lkj,J,Translation,,2217,CGH,True,True,"[""J"",""K"",""L""]",target code excluded from predictors
cog_lkj,J,Translation,,2227,CGR,True,True,"[""J"",""L""]",target code excluded from predictors
cog_lkj,J,Translation,,2292,CJE,True,True,"[""J"",""K""]",target code excluded from predictors
cog_lkj,J,Translation,,2432,COO,True,True,"[""J"",""L""]",target code excluded from predictors
cog_lkj,J,Translation,,2728,CZY,True,True,"[""J""]",target code excluded from predictors
cog_lkj,J,Translation,,2935,DHX,True,True,"[""J"",""K""]",target code excluded from predictors
cog_lkj,J,Translation,,3077,DNJ,True,True,"[""J""]",target code excluded from predictors
cog_lkj,J,Translation,,3665,EJZ,True,True,"[""J""]",target code excluded from predictors
cog_lkj,J,Translation,,3674,EKI,True,True,"[""J""]",target code excluded from predictors
cog_lkj,J,Translation,,3810,EPO,True,True,"[""J""]",target code excluded from predictors
cog_lkj,J,Translation,,3819,EPX,True,True,"[""J""]",target code excluded from predictors
cog_lkj,J,Translation,,3998,EWU,True,True,"[""J""]",target code excluded from predictors
cog_lkj,J,Translation,,4008,EXE,True,True,"[""J""]",target code excluded from predictors
cog_lkj,J,Translation,,4014,EXK,True,True,"[""J""]",target code excluded from predictors
cog_lkj,J,Translation,,4284,FHU,True,True,"[""J""]",target code excluded from predictors
cog_lkj,J,Translation,,4304,FIO,True,True,"[""J""]",target code excluded from predictors
cog_lkj,J,Translation,,4406,FMM,True,True,"[""J""]",target code excluded from predictors
cog_lkj,J,Translation,,4430,FNK,True,True,"[""J""]",target code excluded from predictors
cog_lkj,J,Translation,,4432,FNM,True,True,"[""J""]",target code excluded from predictors
cog_lkj,J,Translation,,4433,FNN,True,True,"[""J""]",target code excluded from predictors
cog_lkj,J,Translation,,4436,FNQ,True,True,"[""J""]",target code excluded from predictors
cog_lkj,J,Translation,,4558,FSI,True,True,"[""J""]",target code excluded from predictors
cog_lkj,J,Translation,,4564,FSO,True,True,"[""J""]",target code excluded from predictors
cog_lkj,J,Translation,,4657,FWD,True,True,"[""J"",""K""]",target code excluded from predictors
cog_lkj,J,Translation,,5444,HAK,True,True,"[""J""]",target code excluded from predictors
cog_lkj,J,Translation,,5456,HAW,True,True,"[""J""]",target code excluded from predictors
cog_lkj,J,Translation,,5648,HIG,True,True,"[""J""]",target code excluded from predictors
cog_lkj,J,Translation,,5661,HIT,True,True,"[""J""]",target code excluded from predictors
cog_lkj,J,Translation,,5838,HPO,True,True,"[""J""]",target code excluded from predictors
cog_lkj,J,Translation,,6000,HVU,True,True,"[""J""]",target code excluded from predictors
cog_lkj,J,Translation,,6051,HXT,True,True,"[""J"",""K""]",target code excluded from predictors
cog_lkj,J,Translation,,6069,HYL,True,True,"[""J""]",target code excluded from predictors
cog_lkj,J,Translation,,6080,HYW,True,True,"[""J""]",target code excluded from predictors
cog_lkj,J,Translation,,6218,IEE,True,True,"[""J"",""L""]",target code excluded from predictors
cog_lkj,J,Translation,,6278,IGM,True,True,"[""J""]",target code excluded from predictors
cog_lkj,J,Translation,,6318,IIA,True,True,"[""J""]",target code excluded from predictors
cog_lkj,J,Translation,,6343,IIZ,True,True,"[""J""]",target code excluded from predictors
cog_lkj,J,Translation,,6351,IJH,True,True,"[""J""]",target code excluded from predictors
cog_lkj,J,Translation,,6356,IJM,True,True,"[""J"",""K"",""L""]",target code excluded from predictors
cog_lkj,J,Translation,,6368,IJY,True,True,"[""J"",""L""]",target code excluded from predictors
cog_lkj,J,Translation,,6369,IJZ,True,True,"[""J""]",target code excluded from predictors
cog_lkj,J,Translation,,6421,ILZ,True,True,"[""J"",""K"",""L""]",target code excluded from predictors
cog_lkj,J,Translation,,6488,IOO,True,True,"[""J""]",target code excluded from predictors
cog_lkj,J,Translation,,6489,IOP,True,True,"[""J""]",target code excluded from predictors
cog_lkj,J,Translation,,6730,IXW,True,True,"[""J""]",target code excluded from predictors
cog_lkj,J,Translation,,6881,JDR,True,True,"[""J""]",target code excluded from predictors
cog_lkj,J,Translation,,6882,JDS,True,True,"[""J""]",target code excluded from predictors
cog_lkj,J,Translation,,7037,JJR,True,True,"[""J"",""K"",""L""]",target code excluded from predictors
cog_lkj,J,Translation,,7043,JJX,True,True,"[""J"",""K""]",target code excluded from predictors
cog_lkj,J,Translation,,7084,JLM,True,True,"[""J"",""K"",""L""]",target code excluded from predictors
cog_lkj,J,Translation,,7090,JLS,True,True,"[""J""]",target code excluded from predictors
cog_lkj,J,Translation,,7093,JLV,True,True,"[""J""]",target code excluded from predictors
cog_lkj,J,Translation,,7153,JOD,True,True,"[""J""]",target code excluded from predictors
cog_lkj,J,Translation,,7185,JPJ,True,True,"[""J"",""K""]",target code excluded from predictors
cog_lkj,J,Translation,,7190,JPO,True,True,"[""J"",""K""]",target code excluded from predictors
cog_lkj,J,Translation,,7234,JRG,True,True,"[""J""]",target code excluded from predictors
cog_lkj,J,Translation,,7248,JRU,True,True,"[""J""]",target code excluded from predictors
cog_lkj,J,Translation,,7257,JSD,True,True,"[""J"",""K""]",target code excluded from predictors
cog_lkj,J,Translation,,7267,JSN,True,True,"[""J""]",target code excluded from predictors
cog_lkj,J,Translation,,7282,JTC,True,True,"[""J"",""K"",""L""]",target code excluded from predictors
cog_lkj,J,Translation,,7286,JTG,True,True,"[""J""]",target code excluded from predictors
cog_lkj,J,Translation,,7333,JVB,True,True,"[""J"",""K""]",target code excluded from predictors
cog_lkj,J,Translation,,7341,JVJ,True,True,"[""J"",""L""]",target code excluded from predictors
cog_lkj,J,Translation,,7410,JYA,True,True,"[""J""]",target code excluded from predictors
cog_lkj,J,Translation,,7441,JZF,True,True,"[""J""]",target code excluded from predictors
cog_lkj,J,Translation,,7442,JZG,True,True,"[""J""]",target code excluded from predictors
cog_lkj,J,Translation,,7443,JZH,True,True,"[""J""]",target code excluded from predictors
cog_lkj,J,Translation,,7483,KAV,True,True,"[""J""]",target code excluded from predictors
cog_lkj,J,Translation,,7484,KAW,True,True,"[""J""]",target code excluded from predictors
cog_lkj,J,Translation,,7485,KAX,True,True,"[""J""]",target code excluded from predictors
cog_lkj,J,Translation,,7502,KBO,True,True,"[""J"",""L""]",target code excluded from predictors
cog_lkj,J,Translation,,9202,MOY,True,True,"[""J""]",target code excluded from predictors
cog_lkj,J,Translation,,9203,MOZ,True,True,"[""J"",""L""]",target code excluded from predictors
cog_lkj,J,Translation,,9351,MUR,True,True,"[""J""]",target code excluded from predictors
cog_lkj,J,Translation,,9362,MVC,True,True,"[""J""]",target code excluded from predictors
cog_lkj,J,Translation,,9363,MVD,True,True,"[""J""]",target code excluded from predictors
cog_lkj,J,Translation,,9435,MXX,True,True,"[""J""]",target code excluded from predictors
cog_lkj,J,Translation,,9462,MYY,True,True,"[""J""]",target code excluded from predictors
cog_lkj,J,Translation,,9502,NAM,True,True,"[""J""]",target code excluded from predictors
cog_lkj,J,Translation,,9512,NAW,True,True,"[""J""]",target code excluded from predictors
cog_lkj,J,Translation,,9513,NAX,True,True,"[""J""]",target code excluded from predictors
cog_lkj,J,Translation,,9521,NBF,True,True,"[""J""]",target code excluded from predictors
cog_lkj,J,Translation,,9592,NDY,True,True,"[""J""]",target code excluded from predictors
cog_lkj,J,Translation,,9684,NHM,True,True,"[""J""]",target code excluded from predictors
cog_lkj,J,Translation,,9791,NLP,True,True,"[""J"",""K""]",target code excluded from predictors
cog_lkj,J,Translation,,9933,NRB,True,True,"[""J"",""K"",""L""]",target code excluded from predictors
cog_lkj,J,Translation,,9934,NRC,True,True,"[""J""]",target code excluded from predictors
cog_lkj,J,Translation,,10107,NXT,True,True,"[""J""]",target code excluded from predictors
cog_lkj,J,Translation,,10167,OAB,True,True,"[""J""]",target code excluded from predictors
cog_lkj,J,Translation,,10193,OBB,True,True,"[""J""]",target code excluded from predictors
cog_lkj,J,Translation,,10222,OCE,True,True,"[""J"",""K""]",target code excluded from predictors
cog_lkj,J,Translation,,10279,OEJ,True,True,"[""J""]",target code excluded from predictors
cog_lkj,J,Translation,,10280,OEK,True,True,"[""J""]",target code excluded from predictors
cog_lkj,J,Translation,,10284,OEO,True,True,"[""J""]",target code excluded from predictors
cog_lkj,J,Translation,,10298,OFC,True,True,"[""J""]",target code excluded from predictors
cog_lkj,J,Translation,,10331,OGJ,True,True,"[""J""]",target code excluded from predictors
cog_lkj,J,Translation,,10332,OGK,True,True,"[""J""]",target code excluded from predictors
cog_lkj,J,Translation,,10339,OGR,True,True,"[""J"",""K"",""L""]",target code excluded from predictors
cog_lkj,J,Translation,,10366,OHS,True,True,"[""J"",""K""]",target code excluded from predictors
cog_lkj,J,Translation,,10371,OHX,True,True,"[""J""]",target code excluded from predictors
cog_lkj,J,Translation,,10401,OJB,True,True,"[""J"",""K""]",target code excluded from predictors
cog_lkj,J,Translation,,10405,OJF,True,True,"[""J"",""K""]",target code excluded from predictors
cog_lkj,J,Translation,,10443,OKR,True,True,"[""J""]",target code excluded from predictors
cog_lkj,J,Translation,,10654,OSU,True,True,"[""J""]",target code excluded from predictors
cog_lkj,J,Translation,,10705,OUT,True,True,"[""J""]",target code excluded from predictors
cog_lkj,J,Translation,,10715,OVD,True,True,"[""J""]",target code excluded from predictors
cog_lkj,J,Translation,,10724,OVM,True,True,"[""J"",""K"",""L""]",target code excluded from predictors
cog_lkj,J,Translation,,10736,OVY,True,True,"[""J"",""L""]",target code excluded from predictors
cog_lkj,J,Translation,,10907,PCN,True,True,"[""J"",""L""]",target code excluded from predictors
cog_lkj,J,Translation,,11007,PGJ,True,True,"[""J"",""L""]",target code excluded from predictors
cog_lkj,J,Translation,,11049,PHZ,True,True,"[""J"",""L""]",target code excluded from predictors
cog_lkj,J,Translation,,11122,PKU,True,True,"[""J""]",target code excluded from predictors
cog_lkj,J,Translation,,11125,PKX,True,True,"[""J""]",target code excluded from predictors
cog_lkj,J,Translation,,11182,PNC,True,True,"[""J"",""L""]",target code excluded from predictors
cog_lkj,J,Translation,,11218,POM,True,True,"[""J"",""K""]",target code excluded from predictors
cog_lkj,J,Translation,,11220,POO,True,True,"[""J""]",target code excluded from predictors
cog_lkj,J,Translation,,11230,POY,True,True,"[""J"",""K"",""L""]",target code excluded from predictors
cog_lkj,J,Translation,,11473,PYH,True,True,"[""J""]",target code excluded from predictors
cog_lkj,J,Translation,,11474,PYI,True,True,"[""J"",""L""]",target code excluded from predictors
cog_lkj,J,Translation,,11495,PZD,True,True,"[""J""]",target code excluded from predictors
cog_lkj,J,Translation,,11637,QEP,True,True,"[""J""]",target code excluded from predictors
cog_lkj,J,Translation,,11638,QEQ,True,True,"[""J""]",target code excluded from predictors
cog_lkj,J,Translation,,11640,QES,True,True,"[""J""]",target code excluded from predictors
cog_lkj,J,Translation,,11641,QET,True,True,"[""J""]",target code excluded from predictors
cog_lkj,J,Translation,,11649,QFB,True,True,"[""J""]",target code excluded from predictors
cog_lkj,J,Translation,,11651,QFD,True,True,"[""J"",""L""]",target code excluded from predictors
cog_lkj,J,Translation,,11654,QFG,True,True,"[""J""]",target code excluded from predictors
cog_lkj,J,Translation,,11712,QHM,True,True,"[""J""]",target code excluded from predictors
cog_lkj,J,Translation,,11719,QHT,True,True,"[""J""]",target code excluded from predictors
cog_lkj,J,Translation,,11722,QHW,True,True,"[""J"",""K""]",target code excluded from predictors
cog_lkj,J,Translation,,11730,QIE,True,True,"[""J""]",target code excluded from predictors
cog_lkj,J,Translation,,11731,QIF,True,True,"[""J""]",target code excluded from predictors
cog_lkj,J,Translation,,11734,QII,True,True,"[""J"",""K""]",target code excluded from predictors
cog_lkj,J,Translation,,11745,QIT,True,True,"[""J""]",target code excluded from predictors
cog_lkj,J,Translation,,11748,QIW,True,True,"[""J""]",target code excluded from predictors
cog_lkj,J,Translation,,11761,QJJ,True,True,"[""J""]",target code excluded from predictors
cog_lkj,J,Translation,,11784,QKG,True,True,"[""J"",""K""]",target code excluded from predictors
cog_lkj,J,Translation,,11868,QNM,True,True,"[""J""]",target code excluded from predictors
cog_lkj,J,Translation,,11869,QNN,True,True,"[""J""]",target code excluded from predictors
cog_lkj,J,Translation,,11870,QNO,True,True,"[""J"",""L""]",target code excluded from predictors
cog_lkj,J,Translation,,11874,QNS,True,True,"[""J""]",target code excluded from predictors
cog_lkj,J,Translation,,11875,QNT,True,True,"[""J""]",target code excluded from predictors
cog_lkj,J,Translation,,11876,QNU,True,True,"[""J""]",target code excluded from predictors
cog_lkj,J,Translation,,11884,QOC,True,True,"[""J""]",target code excluded from predictors
cog_lkj,J,Translation,,11889,QOH,True,True,"[""J""]",target code excluded from predictors
cog_lkj,J,Translation,,11899,QOR,True,True,"[""J""]",target code excluded from predictors
cog_lkj,J,Translation,,11922,QPO,True,True,"[""J""]",target code excluded from predictors
cog_lkj,J,Translation,,11939,QQF,True,True,"[""J"",""K""]",target code excluded from predictors
cog_lkj,J,Translation,,11940,QQG,True,True,"[""J"",""L""]",target code excluded from predictors
cog_lkj,J,Translation,,11941,QQH,True,True,"[""J""]",target code excluded from predictors
cog_lkj,J,Translation,,11986,QSA,True,True,"[""J""]",target code excluded from predictors
cog_lkj,J,Translation,,11991,QSF,True,True,"[""J"",""K""]",target code excluded from predictors
cog_lkj,J,Translation,,11998,QSM,True,True,"[""J""]",target code excluded from predictors
cog_lkj,J,Translation,,11999,QSN,True,True,"[""J""]",target code excluded from predictors
cog_lkj,J,Translation,,12009,QSX,True,True,"[""J""]",target code excluded from predictors
cog_lkj,J,Translation,,12011,QSZ,True,True,"[""J"",""K""]",target code excluded from predictors
cog_lkj,J,Translation,,12012,QTA,True,True,"[""J""]",target code excluded from predictors
cog_lkj,J,Translation,,12013,QTB,True,True,"[""J""]",target code excluded from predictors
cog_lkj,J,Translation,,12028,QTQ,True,True,"[""J""]",target code excluded from predictors
cog_lkj,J,Translation,,12052,QUO,True,True,"[""J""]",target code excluded from predictors
cog_lkj,J,Translation,,12054,QUQ,True,True,"[""J"",""K"",""L""]",target code excluded from predictors
cog_lkj,J,Translation,,12055,QUR,True,True,"[""J""]",target code excluded from predictors
cog_lkj,J,Translation,,12167,QYZ,True,True,"[""J""]",target code excluded from predictors
cog_lkj,J,Translation,,12265,RCT,True,True,"[""J"",""K""]",target code excluded from predictors
cog_lkj,J,Translation,,12266,RCU,True,True,"[""J"",""K""]",target code excluded from predictors
cog_lkj,J,Translation,,12286,RDO,True,True,"[""J""]",target code excluded from predictors
cog_lkj,J,Translation,,12423,RIV,True,True,"[""J""]",target code excluded from predictors
cog_lkj,J,Translation,,12533,RNB,True,True,"[""J""]",target code excluded from predictors
cog_lkj,J,Translation,,12534,RNC,True,True,"[""J""]",target code excluded from predictors
cog_lkj,J,Translation,,12555,RNX,True,True,"[""J""]",target code excluded from predictors
cog_lkj,J,Translation,,12663,RSB,True,True,"[""J""]",target code excluded from predictors
cog_lkj,J,Translation,,12666,RSE,True,True,"[""J""]",target code excluded from predictors
cog_lkj,J,Translation,,12694,RTG,True,True,"[""J""]",target code excluded from predictors
cog_lkj,J,Translation,,12748,RVI,True,True,"[""J"",""K""]",target code excluded from predictors
cog_lkj,J,Translation,,12848,RZE,True,True,"[""J""]",target code excluded from predictors
cog_lkj,J,Translation,,12878,SAI,True,True,"[""J""]",target code excluded from predictors
cog_lkj,J,Translation,,12967,SDT,True,True,"[""J""]",target code excluded from predictors
cog_lkj,J,Translation,,12995,SEV,True,True,"[""J""]",target code excluded from predictors
cog_lkj,J,Translation,,13014,SFO,True,True,"[""J""]",target code excluded from predictors
cog_lkj,J,Translation,,13015,SFP,True,True,"[""J""]",target code excluded from predictors
cog_lkj,J,Translation,,13197,SMP,True,True,"[""J""]",target code excluded from predictors
cog_lkj,J,Translation,,13231,SNX,True,True,"[""J""]",target code excluded from predictors
cog_lkj,J,Translation,,13240,SOG,True,True,"[""J""]",target code excluded from predictors
cog_lkj,J,Translation,,13245,SOL,True,True,"[""J""]",target code excluded from predictors
cog_lkj,J,Translation,,13393,SUD,True,True,"[""J""]",target code excluded from predictors
cog_lkj,J,Translation,,13425,SVJ,True,True,"[""J""]",target code excluded from predictors
cog_lkj,J,Translation,,13435,SVT,True,True,"[""J"",""K""]",target code excluded from predictors
cog_lkj,J,Translation,,13497,SYD,True,True,"[""J""]",target code excluded from predictors
cog_lkj,J,Translation,,13547,TAB,True,True,"[""J""]",target code excluded from predictors
cog_lkj,J,Translation,,13555,TAJ,True,True,"[""J"",""K"",""L""]",target code excluded from predictors
cog_lkj,J,Translation,,13705,TGD,True,True,"[""J""]",target code excluded from predictors
cog_lkj,J,Translation,,13757,TID,True,True,"[""J""]",target code excluded from predictors
cog_lkj,J,Translation,,13874,TMQ,True,True,"[""J""]",target code excluded from predictors
cog_lkj,J,Translation,,13886,TNC,True,True,"[""J""]",target code excluded from predictors
cog_lkj,J,Translation,,14147,TXD,True,True,"[""J""]",target code excluded from predictors
cog_lkj,J,Translation,,14151,TXH,True,True,"[""J""]",target code excluded from predictors
cog_lkj,J,Translation,,14172,TYC,True,True,"[""J""]",target code excluded from predictors
cog_lkj,J,Translation,,14191,TYV,True,True,"[""J""]",target code excluded from predictors
cog_lkj,J,Translation,,14295,UCV,True,True,"[""J""]",target code excluded from predictors
cog_lkj,J,Translation,,14340,UEO,True,True,"[""J""]",target code excluded from predictors
cog_lkj,J,Translation,,14373,UFV,True,True,"[""J"",""K""]",target code excluded from predictors
cog_lkj,J,Translation,,14537,UMD,True,True,"[""J""]",target code excluded from predictors
cog_lkj,J,Translation,,14562,UNC,True,True,"[""J""]",target code excluded from predictors
cog_lkj,J,Translation,,14636,UPY,True,True,"[""J""]",target code excluded from predictors
cog_lkj,J,Translation,,14637,UPZ,True,True,"[""J""]",target code excluded from predictors
cog_lkj,J,Translation,,14644,UQG,True,True,"[""J""]",target code excluded from predictors
cog_lkj,J,Translation,,14675,URL,True,True,"[""J"",""K""]",target code excluded from predictors
cog_lkj,J,Translation,,14750,UUI,True,True,"[""J""]",target code excluded from predictors
cog_lkj,J,Translation,,14794,UWA,True,True,"[""J""]",target code excluded from predictors
cog_lkj,J,Translation,,14863,UYR,True,True,"[""J"",""L""]",target code excluded from predictors
cog_lkj,J,Translation,,14876,UZE,True,True,"[""J""]",target code excluded from predictors
cog_lkj,J,Translation,,14885,UZN,True,True,"[""J""]",target code excluded from predictors
cog_lkj,J,Translation,,14888,UZQ,True,True,"[""J""]",target code excluded from predictors
cog_lkj,J,Translation,,14902,VAE,True,True,"[""J""]",target code excluded from predictors
cog_lkj,J,Translation,,14908,VAK,True,True,"[""J""]",target code excluded from predictors
cog_lkj,J,Translation,,14920,VAW,True,True,"[""J""]",target code excluded from predictors
cog_lkj,J,Translation,,14921,VAX,True,True,"[""J""]",target code excluded from predictors
cog_lkj,J,Translation,,14922,VAY,True,True,"[""J""]",target code excluded from predictors
cog_lkj,J,Translation,,14929,VBF,True,True,"[""J""]",target code excluded from predictors
cog_lkj,J,Translation,,14933,VBJ,True,True,"[""J""]",target code excluded from predictors
cog_lkj,J,Translation,,14950,VCA,True,True,"[""J""]",target code excluded from predictors
cog_lkj,J,Translation,,14953,VCD,True,True,"[""J"",""K""]",target code excluded from predictors
cog_lkj,J,Translation,,14981,VDF,True,True,"[""J""]",target code excluded from predictors
cog_lkj,J,Translation,,14982,VDG,True,True,"[""J""]",target code excluded from predictors
cog_lkj,J,Translation,,14984,VDI,True,True,"[""J""]",target code excluded from predictors
cog_lkj,J,Translation,,14985,VDJ,True,True,"[""J""]",target code excluded from predictors
cog_lkj,J,Translation,,14986,VDK,True,True,"[""J""]",target code excluded from predictors
cog_lkj,J,Translation,,15000,VDY,True,True,"[""J""]",target code excluded from predictors
cog_lkj,J,Translation,,15001,VDZ,True,True,"[""J""]",target code excluded from predictors
cog_lkj,J,Translation,,15002,VEA,True,True,"[""J""]",target code excluded from predictors
cog_lkj,J,Translation,,15007,VEF,True,True,"[""J""]",target code excluded from predictors
cog_lkj,J,Translation,,15015,VEN,True,True,"[""J""]",target code excluded from predictors
cog_lkj,J,Translation,,15024,VEW,True,True,"[""J"",""K"",""L""]",target code excluded from predictors
cog_lkj,J,Translation,,15151,VJT,True,True,"[""J""]",target code excluded from predictors
cog_lkj,J,Translation,,15311,VPX,True,True,"[""J""]",target code excluded from predictors
cog_lkj,J,Translation,,15343,VRD,True,True,"[""J""]",target code excluded from predictors
cog_lkj,J,Translation,,15358,VRS,True,True,"[""J""]",target code excluded from predictors
cog_lkj,J,Translation,,15444,VVA,True,True,"[""J""]",target code excluded from predictors
cog_lkj,J,Translation,,15446,VVC,True,True,"[""J""]",target code excluded from predictors
cog_lkj,J,Translation,,15453,VVJ,True,True,"[""J""]",target code excluded from predictors
cog_lkj,J,Translation,,15456,VVM,True,True,"[""J""]",target code excluded from predictors
cog_lkj,J,Translation,,15475,VWF,True,True,"[""J""]",target code excluded from predictors
cog_lkj,J,Translation,,15476,VWG,True,True,"[""J""]",target code excluded from predictors
cog_lkj,J,Translation,,15547,VYZ,True,True,"[""J""]",target code excluded from predictors
cog_lkj,J,Translation,,15558,VZK,True,True,"[""J""]",target code excluded from predictors
cog_lkj,J,Translation,,15810,WJC,True,True,"[""J""]",target code excluded from predictors
cog_lkj,J,Translation,,15811,WJD,True,True,"[""J""]",target code excluded from predictors
cog_lkj,J,Translation,,15824,WJQ,True,True,"[""J""]",target code excluded from predictors
cog_lkj,J,Translation,,15862,WLC,True,True,"[""J""]",target code excluded from predictors
cog_lkj,J,Translation,,15867,WLH,True,True,"[""J""]",target code excluded from predictors
cog_lkj,J,Translation,,15878,WLS,True,True,"[""J"",""K""]",target code excluded from predictors
cog_lkj,J,Translation,,15931,WNT,True,True,"[""J""]",target code excluded from predictors
cog_lkj,J,Translation,,15954,WOQ,True,True,"[""J""]",target code excluded from predictors
cog_lkj,J,Translation,,16016,WRA,True,True,"[""J""]",target code excluded from predictors
cog_lkj,J,Translation,,16017,WRB,True,True,"[""J""]",target code excluded from predictors
cog_lkj,J,Translation,,16019,WRD,True,True,"[""J""]",target code excluded from predictors
cog_lkj,J,Translation,,16048,WSG,True,True,"[""J""]",target code excluded from predictors
cog_lkj,J,Translation,,16219,WYV,True,True,"[""J""]",target code excluded from predictors
cog_lkj,J,Translation,,16367,XEN,True,True,"[""J""]",target code excluded from predictors
cog_lkj,J,Translation,,16368,XEO,True,True,"[""J""]",target code excluded from predictors
cog_lkj,J,Translation,,16379,XEZ,True,True,"[""J""]",target code excluded from predictors
cog_lkj,J,Translation,,16648,XPI,True,True,"[""J""]",target code excluded from predictors
cog_lkj,J,Translation,,16667,XQB,True,True,"[""J""]",target code excluded from predictors
cog_lkj,J,Translation,,16944,YAS,True,True,"[""J"",""L""]",target code excluded from predictors
cog_lkj,J,Translation,,16945,YAT,True,True,"[""J"",""L""]",target code excluded from predictors
cog_lkj,J,Translation,,16946,YAU,True,True,"[""J"",""K"",""L""]",target code excluded from predictors
cog_lkj,J,Translation,,16948,YAW,True,True,"[""J""]",target code excluded from predictors
cog_lkj,J,Translation,,16960,YBI,True,True,"[""J""]",target code excluded from predictors
cog_lkj,J,Translation,,17103,YGV,True,True,"[""J"",""K"",""L""]",target code excluded from predictors
cog_lkj,J,Translation,,17115,YHH,True,True,"[""J"",""K""]",target code excluded from predictors
cog_lkj,J,Translation,,17119,YHL,True,True,"[""J""]",target code excluded from predictors
cog_lkj,J,Translation,,17519,YWV,True,True,"[""J""]",target code excluded from predictors
cog_lkj,J,Translation,,17528,YXE,True,True,"[""J""]",target code excluded from predictors
cog_lkj,J,Translation,,17578,YZC,True,True,"[""J"",""L""]",target code excluded from predictors
cog_lkj,J,Translation,,17617,ZAP,True,True,"[""J""]",target code excluded from predictors
cog_lkj,J,Translation,,17618,ZAQ,True,True,"[""J""]",target code excluded from predictors
cog_lkj,J,Translation,,17630,ZBC,True,True,"[""J""]",target code excluded from predictors
cog_lkj,J,Translation,,17870,ZKI,True,True,"[""J""]",target code excluded from predictors
cog_lkj,J,Translation,,17887,ZKZ,True,True,"[""J"",""K"",""L""]",target code excluded from predictors
cog_lkj,J,Translation,,17939,ZMZ,True,True,"[""J""]",target code excluded from predictors
cog_lkj,J,Translation,,17963,ZNX,True,True,"[""J""]",target code excluded from predictors
cog_lkj,J,Translation,,18100,ZTE,True,True,"[""J""]",target code excluded from predictors
cog_lkj,J,Translation,,18239,ZYN,True,True,"[""J""]",target code excluded from predictors
cog_lkj,J,Translation,,18241,ZYP,True,True,"[""J""]",target code excluded from predictors
cog_lkj,J,Translation,,18242,ZYQ,True,True,"[""J""]",target code excluded from predictors
cog_lkj,J,Translation,,18245,ZYT,True,True,"[""J""]",target code excluded from predictors
cog_lkj,J,Translation,,18249,ZYX,True,True,"[""J""]",target code excluded from predictors
cog_lkj,J,Translation,,18250,ZYY,True,True,"[""J""]",target code excluded from predictors
cog_lkj,J,Translation,,18251,ZYZ,True,True,"[""J""]",target code excluded from predictors
cog_lkj,J,Translation,,18303,AAAZ,True,True,"[""J""]",target code excluded from predictors
cog_lkj,J,Translation,,18338,AACI,True,True,"[""J""]",target code excluded from predictors
cog_lkj,J,Translation,,18340,AACK,True,True,"[""J""]",target code excluded from predictors
cog_lkj,J,Translation,,18417,AAFJ,True,True,"[""J""]",target code excluded from predictors
cog_lkj,J,Translation,,18528,AAJQ,True,True,"[""J"",""K""]",target code excluded from predictors
cog_lkj,J,Translation,,18803,AAUF,True,True,"[""J""]",target code excluded from predictors
cog_lkj,J,Translation,,19076,ABES,True,True,"[""J""]",target code excluded from predictors
cog_lkj,J,Translation,,19103,ABFT,True,True,"[""J""]",target code excluded from predictors
cog_lkj,J,Translation,,19137,ABHB,True,True,"[""J""]",target code excluded from predictors
cog_lkj,J,Translation,,19147,ABHL,True,True,"[""J""]",target code excluded from predictors
cog_lkj,J,Translation,,19148,ABHM,True,True,"[""J""]",target code excluded from predictors
cog_lkj,J,Translation,,19167,ABIF,True,True,"[""J""]",target code excluded from predictors
cog_lkj,J,Translation,,19188,ABJA,True,True,"[""J""]",target code excluded from predictors
cog_lkj,J,Translation,,19238,ABKY,True,True,"[""J""]",target code excluded from predictors
cog_lkj,J,Translation,,19411,ABRP,True,True,"[""J""]",target code excluded from predictors
cog_lkj,J,Translation,,19433,ABSL,True,True,"[""J""]",target code excluded from predictors
cog_lkj,J,Translation,,19481,ABUH,True,True,"[""J""]",target code excluded from predictors
cog_lkj,J,Translation,,19495,ABUV,True,True,"[""J""]",target code excluded from predictors
cog_lkj,J,Translation,,19496,ABUW,True,True,"[""J""]",target code excluded from predictors
cog_lkj,J,Translation,,19537,ABWL,True,True,"[""J""]",target code excluded from predictors
cog_lkj,J,Translation,,19538,ABWM,True,True,"[""J""]",target code excluded from predictors
cog_lkj,J,Translation,,19545,ABWT,True,True,"[""J""]",target code excluded from predictors
cog_lkj,J,Translation,,19549,ABWX,True,True,"[""J""]",target code excluded from predictors
cog_lkj,J,Translation,,19574,ABXW,True,True,"[""J""]",target code excluded from predictors
cog_lkj,J,Translation,,19575,ABXX,True,True,"[""J""]",target code excluded from predictors
cog_lkj,J,Translation,,19668,ACBM,True,True,"[""J""]",target code excluded from predictors
cog_lkj,J,Translation,,19669,ACBN,True,True,"[""J""]",target code excluded from predictors
cog_lkj,J,Translation,,19670,ACBO,True,True,"[""J""]",target code excluded from predictors
cog_lkj,J,Translation,,19684,ACCC,True,True,"[""J""]",target code excluded from predictors
cog_lkj,J,Translation,,19822,ACHK,True,True,"[""J""]",target code excluded from predictors
cog_lkj,J,Translation,,19867,ACJD,True,True,"[""J""]",target code excluded from predictors
cog_lkj,J,Translation,,19878,ACJO,True,True,"[""J""]",target code excluded from predictors
cog_lkj,J,Translation,,19895,ACKF,True,True,"[""J""]",target code excluded from predictors
cog_lkj,J,Translation,,20032,ACPM,True,True,"[""J"",""K"",""L""]",target code excluded from predictors
cog_lkj,J,Translation,,20058,ACQM,True,True,"[""J"",""K"",""L""]",target code excluded from predictors
cog_lkj,J,Translation,,20238,ACXK,True,True,"[""J""]",target code excluded from predictors
cog_lkj,J,Translation,,20397,ADDN,True,True,"[""J""]",target code excluded from predictors
cog_lkj,J,Translation,,20524,ADIK,True,True,"[""J""]",target code excluded from predictors
cog_lkj,J,Translation,,20636,ADMS,True,True,"[""J"",""L""]",target code excluded from predictors
cog_lkj,J,Translation,,20647,ADND,True,True,"[""J"",""L""]",target code excluded from predictors
cog_lkj,J,Translation,,20689,ADOT,True,True,"[""J""]",target code excluded from predictors
cog_lkj,J,Translation,,20692,ADOW,True,True,"[""J""]",target code excluded from predictors
cog_lkj,J,Translation,,20789,ADSP,True,True,"[""J""]",target code excluded from predictors
cog_lkj,J,Translation,,20793,ADST,True,True,"[""J""]",target code excluded from predictors
cog_lkj,J,Translation,,20958,ADZC,True,True,"[""J""]",target code excluded from predictors
cog_lkj,J,Translation,,20986,AEAE,True,True,"[""J"",""L""]",target code excluded from predictors
cog_lkj,J,Translation,,20995,AEAN,True,True,"[""J""]",target code excluded from predictors
cog_lkj,J,Translation,,21057,AECX,True,True,"[""J""]",target code excluded from predictors
cog_lkj,J,Translation,,21098,AEEM,True,True,"[""J"",""L""]",target code excluded from predictors
cog_lkj,J,Translation,,21197,AEIH,True,True,"[""J""]",target code excluded from predictors
cog_lkj,J,Translation,,21204,AEIO,True,True,"[""J""]",target code excluded from predictors
cog_lkj,J,Translation,,21260,AEKS,True,True,"[""J""]",target code excluded from predictors
cog_lkj,J,Translation,,21342,AENW,True,True,"[""J""]",target code excluded from predictors
cog_lkj,J,Translation,,21343,AENX,True,True,"[""J""]",target code excluded from predictors
cog_lkj,J,Translation,,21479,AETD,True,True,"[""J""]",target code excluded from predictors
cog_lkj,J,Translation,,21555,AEWB,True,True,"[""J"",""K""]",target code excluded from predictors
cog_lkj,J,Translation,,21561,AEWH,True,True,"[""J""]",target code excluded from predictors
cog_lkj,J,Translation,,21590,AEXK,True,True,"[""J"",""K""]",target code excluded from predictors
cog_lkj,J,Translation,,21648,AEZQ,True,True,"[""J""]",target code excluded from predictors
cog_lkj,J,Translation,,21655,AEZX,True,True,"[""J""]",target code excluded from predictors
cog_lkj,J,Translation,,21695,AFBL,True,True,"[""J"",""K"",""L""]",target code excluded from predictors
cog_lkj,J,Translation,,21713,AFCD,True,True,"[""J""]",target code excluded from predictors
cog_lkj,J,Translation,,21737,AFDB,True,True,"[""J"",""K"",""L""]",target code excluded from predictors
cog_lkj,J,Translation,,21740,AFDE,True,True,"[""J""]",target code excluded from predictors
cog_lkj,J,Translation,,21741,AFDF,True,True,"[""J"",""K"",""L""]",target code excluded from predictors
cog_lkj,J,Translation,,21770,AFEI,True,True,"[""J""]",target code excluded from predictors
cog_lkj,J,Translation,,21910,AFJS,True,True,"[""J""]",target code excluded from predictors
cog_lkj,J,Translation,,22082,AFQI,True,True,"[""J""]",target code excluded from predictors
cog_lkj,J,Translation,,22102,AFRC,True,True,"[""J""]",target code excluded from predictors
cog_lkj,J,Translation,,22110,AFRK,True,True,"[""J"",""K"",""L""]",target code excluded from predictors
cog_lkj,J,Translation,,22247,AFWR,True,True,"[""J""]",target code excluded from predictors
cog_lkj,J,Translation,,22419,AGDH,True,True,"[""J""]",target code excluded from predictors
cog_lkj,J,Translation,,22437,AGDZ,True,True,"[""J"",""K"",""L""]",target code excluded from predictors
cog_lkj,J,Translation,,22440,AGEC,True,True,"[""J""]",target code excluded from predictors
cog_lkj,J,Translation,,22462,AGEY,True,True,"[""J""]",target code excluded from predictors
cog_lkj,J,Translation,,22463,AGEZ,True,True,"[""J"",""K""]",target code excluded from predictors
cog_lkj,J,Translation,,22466,AGFC,True,True,"[""J""]",target code excluded from predictors
cog_lkj,J,Translation,,22476,AGFM,True,True,"[""J""]",target code excluded from predictors
cog_lkj,J,Translation,,22498,AGGI,True,True,"[""J""]",target code excluded from predictors
cog_lkj,J,Translation,,22503,AGGN,True,True,"[""J""]",target code excluded from predictors
cog_lkj,J,Translation,,22507,AGGR,True,True,"[""J""]",target code excluded from predictors
cog_lkj,J,Translation,,22509,AGGT,True,True,"[""J"",""K"",""L""]",target code excluded from predictors
cog_lkj,J,Translation,,22510,AGGU,True,True,"[""J"",""L""]",target code excluded from predictors
cog_lkj,J,Translation,,22632,AGLM,True,True,"[""J""]",target code excluded from predictors
cog_lkj,J,Translation,,22675,AGND,True,True,"[""J""]",target code excluded from predictors
cog_lkj,J,Translation,,22676,AGNE,True,True,"[""J""]",target code excluded from predictors
cog_lkj,J,Translation,,22814,AGSM,True,True,"[""J""]",target code excluded from predictors
cog_lkj,J,Translation,,22910,AGWE,True,True,"[""J""]",target code excluded from predictors
cog_lkj,J,Translation,,22911,AGWF,True,True,"[""J""]",target code excluded from predictors
cog_lkj,J,Translation,,22912,AGWG,True,True,"[""J""]",target code excluded from predictors
cog_lkj,J,Translation,,22913,AGWH,True,True,"[""J""]",target code excluded from predictors
cog_lkj,J,Translation,,22914,AGWI,True,True,"[""J""]",target code excluded from predictors
cog_lkj,J,Translation,,22915,AGWJ,True,True,"[""J""]",target code excluded from predictors
cog_lkj,J,Translation,,22917,AGWL,True,True,"[""J""]",target code excluded from predictors
cog_lkj,J,Translation,,22920,AGWO,True,True,"[""J""]",target code excluded from predictors
cog_lkj,J,Translation,,22980,AGYW,True,True,"[""J""]",target code excluded from predictors
cog_lkj,J,Translation,,22984,AGZA,True,True,"[""J""]",target code excluded from predictors
cog_lkj,J,Translation,,23305,AHLJ,True,True,"[""J""]",target code excluded from predictors
cog_lkj,J,Translation,,23306,AHLK,True,True,"[""J""]",target code excluded from predictors
cog_lkj,J,Translation,,23405,AHPF,True,True,"[""J""]",target code excluded from predictors
cog_lkj,J,Translation,,23424,AHPY,True,True,"[""J""]",target code excluded from predictors
cog_lkj,J,Translation,,23591,AHWJ,True,True,"[""J""]",target code excluded from predictors
cog_lkj,J,Translation,,23593,AHWL,True,True,"[""J""]",target code excluded from predictors
cog_lkj,J,Translation,,23616,AHXI,True,True,"[""J"",""K"",""L""]",target code excluded from predictors
cog_lkj,J,Translation,,23825,AIFJ,True,True,"[""J""]",target code excluded from predictors
cog_lkj,J,Translation,,23869,AIHB,True,True,"[""J""]",target code excluded from predictors
cog_lkj,J,Translation,,23905,AIIL,True,True,"[""J""]",target code excluded from predictors
cog_lkj,J,Translation,,23906,AIIM,True,True,"[""J""]",target code excluded from predictors
cog_lkj,J,Translation,,23927,AIJH,True,True,"[""J""]",target code excluded from predictors
cog_lkj,J,Translation,,24092,AIPQ,True,True,"[""J"",""L""]",target code excluded from predictors
cog_lkj,J,Translation,,24119,AIQR,True,True,"[""J""]",target code excluded from predictors
cog_lkj,J,Translation,,24120,AIQS,True,True,"[""J""]",target code excluded from predictors
cog_lkj,J,Translation,,24124,AIQW,True,True,"[""J""]",target code excluded from predictors
cog_lkj,J,Translation,,24467,AJEB,True,True,"[""J""]",target code excluded from predictors
cog_lkj,J,Translation,,24490,AJEY,True,True,"[""J""]",target code excluded from predictors
cog_lkj,J,Translation,,24506,AJFO,True,True,"[""J""]",target code excluded from predictors
cog_lkj,J,Translation,,24547,AJHD,True,True,"[""J""]",target code excluded from predictors
cog_lkj,J,Translation,,24549,AJHF,True,True,"[""J""]",target code excluded from predictors
cog_lkj,J,Translation,,24565,AJHV,True,True,"[""J""]",target code excluded from predictors
cog_lkj,J,Translation,,24617,AJJV,True,True,"[""J""]",target code excluded from predictors
cog_lkj,J,Translation,,24825,AJRV,True,True,"[""J""]",target code excluded from predictors
cog_lkj,J,Translation,,24927,AJVT,True,True,"[""J"",""K"",""L""]",target code excluded from predictors
cog_lkj,J,Translation,,24943,AJWJ,True,True,"[""J""]",target code excluded from predictors
cog_lkj,J,Translation,,25028,AJZQ,True,True,"[""J""]",target code excluded from predictors
cog_lkj,J,Translation,,25092,AKCC,True,True,"[""J""]",target code excluded from predictors
cog_lkj,J,Translation,,25096,AKCG,True,True,"[""J""]",target code excluded from predictors
cog_lkj,J,Translation,,25097,AKCH,True,True,"[""J""]",target code excluded from predictors
cog_lkj,J,Translation,,25100,AKCK,True,True,"[""J""]",target code excluded from predictors
cog_lkj,J,Translation,,25110,AKCU,True,True,"[""J"",""K"",""L""]",target code excluded from predictors
cog_lkj,J,Translation,,25148,AKEG,True,True,"[""J""]",target code excluded from predictors
cog_lkj,J,Translation,,25155,AKEN,True,True,"[""J"",""L""]",target code excluded from predictors
cog_lkj,J,Translation,,25160,AKES,True,True,"[""J""]",target code excluded from predictors
cog_lkj,J,Translation,,25226,AKHG,True,True,"[""J"",""K"",""L""]",target code excluded from predictors
cog_lkj,J,Translation,,25295,AKJX,True,True,"[""J"",""K""]",target code excluded from predictors
cog_lkj,J,Translation,,25331,AKLH,True,True,"[""J"",""L""]",target code excluded from predictors
cog_lkj,J,Translation,,25389,AKNN,True,True,"[""J""]",target code excluded from predictors
cog_lkj,J,Translation,,25426,AKOY,True,True,"[""J""]",target code excluded from predictors
cog_lkj,J,Translation,,25427,AKOZ,True,True,"[""J""]",target code excluded from predictors
cog_lkj,J,Translation,,25428,AKPA,True,True,"[""J"",""L""]",target code excluded from predictors
cog_lkj,J,Translation,,25429,AKPB,True,True,"[""J""]",target code excluded from predictors
cog_lkj,J,Translation,,25432,AKPE,True,True,"[""J""]",target code excluded from predictors
cog_lkj,J,Translation,,25433,AKPF,True,True,"[""J""]",target code excluded from predictors
cog_lkj,J,Translation,,25437,AKPJ,True,True,"[""J"",""L""]",target code excluded from predictors
cog_lkj,J,Translation,,25438,AKPK,True,True,"[""J"",""L""]",target code excluded from predictors
cog_lkj,J,Translation,,25442,AKPO,True,True,"[""J""]",target code excluded from predictors
cog_lkj,J,Translation,,25443,AKPP,True,True,"[""J"",""K""]",target code excluded from predictors
cog_lkj,J,Translation,,25446,AKPS,True,True,"[""J""]",target code excluded from predictors
cog_lkj,J,Translation,,25447,AKPT,True,True,"[""J""]",target code excluded from predictors
cog_lkj,J,Translation,,25449,AKPV,True,True,"[""J""]",target code excluded from predictors
cog_lkj,J,Translation,,25451,AKPX,True,True,"[""J""]",target code excluded from predictors
cog_lkj,J,Translation,,25452,AKPY,True,True,"[""J""]",target code excluded from predictors
cog_lkj,J,Translation,,25454,AKQA,True,True,"[""J""]",target code excluded from predictors
cog_lkj,J,Translation,,25455,AKQB,True,True,"[""J""]",target code excluded from predictors
cog_lkj,J,Translation,,25456,AKQC,True,True,"[""J"",""K""]",target code excluded from predictors
cog_lkj,J,Translation,,25457,AKQD,True,True,"[""J"",""K""]",target code excluded from predictors
cog_lkj,J,Translation,,25458,AKQE,True,True,"[""J"",""L""]",target code excluded from predictors
cog_lkj,J,Translation,,25459,AKQF,True,True,"[""J""]",target code excluded from predictors
cog_lkj,J,Translation,,25460,AKQG,True,True,"[""J""]",target code excluded from predictors
cog_lkj,J,Translation,,25461,AKQH,True,True,"[""J""]",target code excluded from predictors
cog_lkj,J,Translation,,25464,AKQK,True,True,"[""J""]",target code excluded from predictors
cog_lkj,J,Translation,,25484,AKRE,True,True,"[""J""]",target code excluded from predictors
cog_lkj,J,Translation,,25503,AKRX,True,True,"[""J""]",target code excluded from predictors
cog_lkj,J,Translation,,25507,AKSB,True,True,"[""J""]",target code excluded from predictors
cog_lkj,J,Translation,,25509,AKSD,True,True,"[""J""]",target code excluded from predictors
cog_lkj,J,Translation,,25510,AKSE,True,True,"[""J""]",target code excluded from predictors
cog_lkj,J,Translation,,25512,AKSG,True,True,"[""J""]",target code excluded from predictors
cog_lkj,J,Translation,,25514,AKSI,True,True,"[""J""]",target code excluded from predictors
cog_lkj,J,Translation,,25518,AKSM,True,True,"[""J""]",target code excluded from predictors
cog_lkj,J,Translation,,25524,AKSS,True,True,"[""J""]",target code excluded from predictors
cog_lkj,J,Translation,,25525,AKST,True,True,"[""J""]",target code excluded from predictors
cog_lkj,J,Translation,,25526,AKSU,True,True,"[""J""]",target code excluded from predictors
cog_lkj,J,Translation,,25527,AKSV,True,True,"[""J""]",target code excluded from predictors
cog_lkj,J,Translation,,25528,AKSW,True,True,"[""J""]",target code excluded from predictors
cog_lkj,J,Translation,,25530,AKSY,True,True,"[""J"",""L""]",target code excluded from predictors
cog_lkj,J,Translation,,25531,AKSZ,True,True,"[""J""]",target code excluded from predictors
cog_lkj,J,Translation,,25533,AKTB,True,True,"[""J""]",target code excluded from predictors
cog_lkj,J,Translation,,25535,AKTD,True,True,"[""J""]",target code excluded from predictors
cog_lkj,J,Translation,,25538,AKTG,True,True,"[""J""]",target code excluded from predictors
cog_lkj,J,Translation,,25541,AKTJ,True,True,"[""J""]",target code excluded from predictors
cog_lkj,J,Translation,,25542,AKTK,True,True,"[""J""]",target code excluded from predictors
cog_lkj,J,Translation,,25547,AKTP,True,True,"[""J""]",target code excluded from predictors
cog_lkj,J,Translation,,25592,AKVI,True,True,"[""J""]",target code excluded from predictors
cog_lkj,J,Translation,,25685,AKYX,True,True,"[""J""]",target code excluded from predictors
cog_lkj,J,Translation,,25775,ALCJ,True,True,"[""J""]",target code excluded from predictors
cog_lkj,J,Translation,,25915,ALHT,True,True,"[""J""]",target code excluded from predictors
cog_lkj,J,Translation,,25996,ALKW,True,True,"[""J""]",target code excluded from predictors
cog_lkj,J,Translation,,25997,ALKX,True,True,"[""J""]",target code excluded from predictors
cog_lkj,J,Translation,,26083,ALOF,True,True,"[""J""]",target code excluded from predictors
cog_lkj,J,Translation,,26242,ALUI,True,True,"[""J""]",target code excluded from predictors
cog_lkj,J,Translation,,26398,AMAI,True,True,"[""J""]",target code excluded from predictors
cog_lkj,J,Translation,,26443,AMCB,True,True,"[""J""]",target code excluded from predictors
cog_lkj,J,Translation,,26629,AMJF,True,True,"[""J""]",target code excluded from predictors
cog_lkj,J,Translation,,26645,AMJV,True,True,"[""J""]",target code excluded from predictors
cog_lkj,J,Translation,,26726,AMMY,True,True,"[""J""]",target code excluded from predictors
cog_lkj,J,Translation,,26729,AMNB,True,True,"[""J""]",target code excluded from predictors
cog_lkj,J,Translation,,26730,AMNC,True,True,"[""J""]",target code excluded from predictors
cog_lkj,J,Translation,,26731,AMND,True,True,"[""J""]",target code excluded from predictors
cog_lkj,J,Translation,,26795,AMPP,True,True,"[""J""]",target code excluded from predictors
cog_lkj,J,Translation,,26796,AMPQ,True,True,"[""J""]",target code excluded from predictors
cog_lkj,J,Translation,,26797,AMPR,True,True,"[""J""]",target code excluded from predictors
cog_lkj,J,Translation,,26798,AMPS,True,True,"[""J""]",target code excluded from predictors
cog_lkj,J,Translation,,26799,AMPT,True,True,"[""J""]",target code excluded from predictors
cog_lkj,J,Translation,,26803,AMPX,True,True,"[""J""]",target code excluded from predictors
cog_lkj,J,Translation,,26806,AMQA,True,True,"[""J""]",target code excluded from predictors
cog_lkj,J,Translation,,26807,AMQB,True,True,"[""J""]",target code excluded from predictors
cog_lkj,J,Translation,,26808,AMQC,True,True,"[""J""]",target code excluded from predictors
cog_lkj,J,Translation,,26809,AMQD,True,True,"[""J""]",target code excluded from predictors
cog_lkj,J,Translation,,26811,AMQF,True,True,"[""J""]",target code excluded from predictors
cog_lkj,J,Translation,,26812,AMQG,True,True,"[""J""]",target code excluded from predictors
cog_lkj,J,Translation,,26813,AMQH,True,True,"[""J""]",target code excluded from predictors
cog_lkj,J,Translation,,26814,AMQI,True,True,"[""J""]",target code excluded from predictors
cog_lkj,J,Translation,,26815,AMQJ,True,True,"[""J""]",target code excluded from predictors
cog_lkj,J,Translation,,26816,AMQK,True,True,"[""J""]",target code excluded from predictors
cog_lkj,J,Translation,,26817,AMQL,True,True,"[""J""]",target code excluded from predictors
cog_lkj,J,Translation,,26818,AMQM,True,True,"[""J""]",target code excluded from predictors
cog_lkj,J,Translation,,26819,AMQN,True,True,"[""J""]",target code excluded from predictors
cog_lkj,J,Translation,,26821,AMQP,True,True,"[""J""]",target code excluded from predictors
cog_lkj,J,Translation,,26822,AMQQ,True,True,"[""J""]",target code excluded from predictors
cog_lkj,J,Translation,,26825,AMQT,True,True,"[""J""]",target code excluded from predictors
cog_lkj,J,Translation,,26827,AMQV,True,True,"[""J""]",target code excluded from predictors
cog_lkj,J,Translation,,26829,AMQX,True,True,"[""J""]",target code excluded from predictors
cog_lkj,J,Translation,,26832,AMRA,True,True,"[""J""]",target code excluded from predictors
cog_lkj,J,Translation,,26836,AMRE,True,True,"[""J""]",target code excluded from predictors
cog_lkj,J,Translation,,26838,AMRG,True,True,"[""J""]",target code excluded from predictors
cog_lkj,J,Translation,,26839,AMRH,True,True,"[""J""]",target code excluded from predictors
cog_lkj,J,Translation,,26840,AMRI,True,True,"[""J""]",target code excluded from predictors
cog_lkj,J,Translation,,26841,AMRJ,True,True,"[""J""]",target code excluded from predictors
cog_lkj,J,Translation,,26842,AMRK,True,True,"[""J""]",target code excluded from predictors
cog_lkj,J,Translation,,26845,AMRN,True,True,"[""J""]",target code excluded from predictors
cog_lkj,J,Translation,,26846,AMRO,True,True,"[""J""]",target code excluded from predictors
cog_lkj,J,Translation,,26847,AMRP,True,True,"[""J""]",target code excluded from predictors
cog_lkj,J,Translation,,26848,AMRQ,True,True,"[""J""]",target code excluded from predictors
cog_lkj,J,Translation,,26850,AMRS,True,True,"[""J""]",target code excluded from predictors
cog_lkj,J,Translation,,26855,AMRX,True,True,"[""J""]",target code excluded from predictors
cog_lkj,J,Translation,,26857,AMRZ,True,True,"[""J""]",target code excluded from predictors
cog_lkj,J,Translation,,26858,AMSA,True,True,"[""J""]",target code excluded from predictors
cog_lkj,J,Translation,,26859,AMSB,True,True,"[""J""]",target code excluded from predictors
cog_lkj,J,Translation,,26860,AMSC,True,True,"[""J""]",target code excluded from predictors
cog_lkj,J,Translation,,26861,AMSD,True,True,"[""J""]",target code excluded from predictors
cog_lkj,J,Translation,,26865,AMSH,True,True,"[""J""]",target code excluded from predictors
cog_lkj,J,Translation,,26867,AMSJ,True,True,"[""J""]",target code excluded from predictors
cog_lkj,J,Translation,,26870,AMSM,True,True,"[""J""]",target code excluded from predictors
cog_lkj,J,Translation,,26873,AMSP,True,True,"[""J""]",target code excluded from predictors
cog_lkj,J,Translation,,26875,AMSR,True,True,"[""J""]",target code excluded from predictors
cog_lkj,J,Translation,,26876,AMSS,True,True,"[""J""]",target code excluded from predictors
cog_lkj,J,Translation,,26879,AMSV,True,True,"[""J""]",target code excluded from predictors
cog_lkj,J,Translation,,26881,AMSX,True,True,"[""J""]",target code excluded from predictors
cog_lkj,J,Translation,,26882,AMSY,True,True,"[""J""]",target code excluded from predictors
cog_lkj,J,Translation,,26883,AMSZ,True,True,"[""J""]",target code excluded from predictors
cog_lkj,J,Translation,,26884,AMTA,True,True,"[""J""]",target code excluded from predictors
cog_lkj,J,Translation,,26887,AMTD,True,True,"[""J""]",target code excluded from predictors
cog_lkj,J,Translation,,26888,AMTE,True,True,"[""J"",""L""]",target code excluded from predictors
cog_lkj,J,Translation,,26926,AMUQ,True,True,"[""J""]",target code excluded from predictors
cog_lkj,J,Translation,,27046,AMZG,True,True,"[""J""]",target code excluded from predictors
cog_lkj,J,Translation,,27050,AMZK,True,True,"[""J""]",target code excluded from predictors
cog_lkj,J,Translation,,27052,AMZM,True,True,"[""J""]",target code excluded from predictors
cog_lkj,J,Translation,,27111,ANBT,True,True,"[""J"",""L""]",target code excluded from predictors
cog_lkj,J,Translation,,27235,ANGN,True,True,"[""J""]",target code excluded from predictors
cog_lkj,J,Translation,,27270,ANHW,True,True,"[""J"",""K"",""L""]",target code excluded from predictors
cog_lkj,J,Translation,,27345,ANKT,True,True,"[""J"",""L""]",target code excluded from predictors
cog_lkj,J,Translation,,27355,ANLD,True,True,"[""J"",""K""]",target code excluded from predictors
cog_lkj,J,Translation,,27604,ANUS,True,True,"[""J""]",target code excluded from predictors
cog_lkj,J,Translation,,27605,ANUT,True,True,"[""J""]",target code excluded from predictors
cog_lkj,J,Translation,,27607,ANUV,True,True,"[""J""]",target code excluded from predictors
cog_lkj,J,Translation,,27609,ANUX,True,True,"[""J""]",target code excluded from predictors
cog_lkj,J,Translation,,27610,ANUY,True,True,"[""J""]",target code excluded from predictors
cog_lkj,J,Translation,,27615,ANVD,True,True,"[""J""]",target code excluded from predictors
cog_lkj,J,Translation,,27616,ANVE,True,True,"[""J""]",target code excluded from predictors
cog_lkj,J,Translation,,27617,ANVF,True,True,"[""J""]",target code excluded from predictors
cog_lkj,J,Translation,,27618,ANVG,True,True,"[""J""]",target code excluded from predictors
cog_lkj,J,Translation,,27619,ANVH,True,True,"[""J""]",target code excluded from predictors
cog_lkj,J,Translation,,27620,ANVI,True,True,"[""J""]",target code excluded from predictors
cog_lkj,J,Translation,,27621,ANVJ,True,True,"[""J""]",target code excluded from predictors
cog_lkj,J,Translation,,27622,ANVK,True,True,"[""J""]",target code excluded from predictors
cog_lkj,J,Translation,,27623,ANVL,True,True,"[""J""]",target code excluded from predictors
cog_lkj,J,Translation,,27624,ANVM,True,True,"[""J""]",target code excluded from predictors
cog_lkj,J,Translation,,27625,ANVN,True,True,"[""J""]",target code excluded from predictors
cog_lkj,J,Translation,,27626,ANVO,True,True,"[""J""]",target code excluded from predictors
cog_lkj,J,Translation,,27627,ANVP,True,True,"[""J""]",target code excluded from predictors
cog_lkj,J,Translation,,27629,ANVR,True,True,"[""J""]",target code excluded from predictors
cog_lkj,J,Translation,,27659,ANWV,True,True,"[""J"",""K"",""L""]",target code excluded from predictors
cog_lkj,J,Translation,,27775,AOBH,True,True,"[""J""]",target code excluded from predictors
cog_lkj,J,Translation,,27800,AOCG,True,True,"[""J"",""K""]",target code excluded from predictors
cog_lkj,J,Translation,,27820,AODA,True,True,"[""J""]",target code excluded from predictors
cog_lkj,J,Translation,,28078,AOMY,True,True,"[""J""]",target code excluded from predictors
cog_lkj,J,Translation,,28079,AOMZ,True,True,"[""J""]",target code excluded from predictors
cog_lkj,J,Translation,,28099,AONT,True,True,"[""J""]",target code excluded from predictors
cog_lkj,J,Translation,,28117,AOOL,True,True,"[""J""]",target code excluded from predictors
cog_lkj,J,Translation,,28218,AOSI,True,True,"[""J""]",target code excluded from predictors
cog_lkj,J,Translation,,28287,AOUZ,True,True,"[""J"",""K""]",target code excluded from predictors
cog_lkj,J,Translation,,28288,AOVA,True,True,"[""J"",""K"",""L""]",target code excluded from predictors
cog_lkj,J,Translation,,28328,AOWO,True,True,"[""J""]",target code excluded from predictors
cog_lkj,J,Translation,,28329,AOWP,True,True,"[""J""]",target code excluded from predictors
cog_lkj,J,Translation,,28342,AOXC,True,True,"[""J""]",target code excluded from predictors
cog_lkj,J,Translation,,28732,APMC,True,True,"[""J""]",target code excluded from predictors
cog_lkj,J,Translation,,28813,APPF,True,True,"[""J""]",target code excluded from predictors
cog_lkj,J,Translation,,28853,APQT,True,True,"[""J""]",target code excluded from predictors
cog_lkj,J,Translation,,28863,APRD,True,True,"[""J"",""L""]",target code excluded from predictors
cog_lkj,J,Translation,,28869,APRJ,True,True,"[""J""]",target code excluded from predictors
cog_lkj,J,Translation,,28871,APRL,True,True,"[""J""]",target code excluded from predictors
cog_lkj,J,Translation,,28962,APUY,True,True,"[""J""]",target code excluded from predictors
cog_lkj,J,Translation,,28964,APVA,True,True,"[""J""]",target code excluded from predictors
cog_lkj,J,Translation,,28977,APVN,True,True,"[""J""]",target code excluded from predictors
cog_lkj,J,Translation,,28993,APWD,True,True,"[""J""]",target code excluded from predictors
cog_lkj,J,Translation,,29104,AQAK,True,True,"[""J""]",target code excluded from predictors
cog_lkj,J,Translation,,29108,AQAO,True,True,"[""J"",""K"",""L""]",target code excluded from predictors
cog_lkj,J,Translation,,29193,AQDV,True,True,"[""J""]",target code excluded from predictors
cog_lkj,J,Translation,,29214,AQEQ,True,True,"[""J""]",target code excluded from predictors
cog_lkj,L,Replication,,20456,ADFU,False,True,"[""J"",""K"",""L""]",ADFU excluded from COG target and predictors
cog_lkj,K,Transcription,,20456,ADFU,False,True,"[""J"",""K"",""L""]",ADFU excluded from COG target and predictors
cog_lkj,J,Translation,,20456,ADFU,False,True,"[""J"",""K"",""L""]",ADFU excluded from COG target and predictors
