COG_category,Code,Product_from_GBFF_major,assignment_status,n_CDS_instances,COG_coverage,dominant_COG_fraction
L,AL,(deoxy)nucleoside triphosphate pyrophosphohydrolase,high_confidence,55.0,1.0,0.9090909090909092
L,AV,"1,2-phenylacetyl-CoA epoxidase subunit PaaD",high_confidence,179.0,1.0,0.5307262569832403
J,CR,16S rRNA (adenine(1518)-N(6)/adenine(1519)-N(6))- dimethyltransferase RsmA,high_confidence,52.0,1.0,1.0
J,CS,16S rRNA (cytidine(1402)-2'-O)-methyltransferase,high_confidence,48.0,1.0,0.9791666666666666
J,CU,16S rRNA (cytosine(1402)-N(4))-methyltransferase RsmH,high_confidence,34.0,1.0,0.9411764705882352
J,CV,16S rRNA (cytosine(1407)-C(5))-methyltransferase RsmF,high_confidence,12.0,1.0,1.0
J,CW,16S rRNA (cytosine(967)-C(5))-methyltransferase RsmB,high_confidence,19.0,1.0,1.0
J,CX,16S rRNA (guanine(1207)-N(2))-methyltransferase RsmC,high_confidence,9.0,1.0,1.0
J,DF,16S rRNA (guanine(1516)-N(2))-methyltransferase RsmJ,high_confidence,7.0,1.0,0.8571428571428571
L,DF,16S rRNA (guanine(1516)-N(2))-methyltransferase RsmJ,high_confidence,7.0,1.0,0.8571428571428571
J,DG,16S rRNA (guanine(527)-N(7))-methyltransferase RsmG,high_confidence,37.0,1.0,0.945945945945946
J,DH,16S rRNA (guanine(966)-N(2))-methyltransferase,high_confidence,5.0,1.0,0.6
L,DH,16S rRNA (guanine(966)-N(2))-methyltransferase,high_confidence,5.0,1.0,0.6
J,DI,16S rRNA (guanine(966)-N(2))-methyltransferase RsmD,high_confidence,27.0,1.0,0.8148148148148148
L,DI,16S rRNA (guanine(966)-N(2))-methyltransferase RsmD,high_confidence,27.0,1.0,0.8148148148148148
J,DJ,16S rRNA (uracil(1498)-N(3))-methyltransferase,high_confidence,56.0,1.0,0.9285714285714286
J,DL,16S rRNA pseudouridine(516) synthase,low_count,4.0,1.0,1.0
J,DM,16S rRNA pseudouridine(516) synthase RsuA,high_confidence,16.0,1.0,1.0
J,DN,16S ribosomal RNA methyltransferase A,low_count,1.0,1.0,1.0
J,DP,2'-5' RNA ligase family protein,high_confidence,100.0,0.81,0.9753086419753086
J,HS,2-iminobutanoate/2-iminopropanoate deaminase,high_confidence,10.0,1.0,1.0
J,KI,23S rRNA (adenine(1618)-N(6))-methyltransferase RlmF,high_confidence,24.0,1.0,0.75
J,KJ,23S rRNA (adenine(2030)-N(6))-methyltransferase,low_count,1.0,1.0,1.0
J,KK,23S rRNA (adenine(2030)-N(6))-methyltransferase RlmJ,ambiguous,36.0,1.0,0.4444444444444444
J,KL,23S rRNA (adenine(2058)-N(6))-methyltransferase Erm(42),low_count,1.0,1.0,1.0
J,KM,23S rRNA (adenine(2058)-N(6))-methyltransferase Erm(46),low_count,2.0,1.0,1.0
J,KP,23S rRNA (adenine(2058)-N(6))-methyltransferase Erm(A),low_count,1.0,1.0,1.0
J,KQ,23S rRNA (adenine(2058)-N(6))-methyltransferase Erm(B),high_confidence,6.0,1.0,1.0
J,KX,23S rRNA (adenine(2503)-C(2))-methyltransferase RlmN,high_confidence,26.0,1.0,0.9615384615384616
J,LC,23S rRNA (cytidine(2498)-2'-O)-methyltransferase RlmM,high_confidence,11.0,1.0,1.0
J,LD,23S rRNA (cytosine(1962)-C(5))-methyltransferase RlmI,high_confidence,10.0,1.0,1.0
J,LE,23S rRNA (guanine(1835)-N(2))-methyltransferase RlmG,high_confidence,8.0,1.0,1.0
J,LF,23S rRNA (guanine(745)-N(1))-methyltransferase,high_confidence,10.0,1.0,0.5
J,LG,23S rRNA (guanosine(2251)-2'-O)-methyltransferase RlmB,high_confidence,52.0,1.0,0.9615384615384616
J,LH,23S rRNA (pseudouridine(1915)-N(3))-methyltransferase RlmH,high_confidence,38.0,1.0,0.9736842105263158
J,LI,23S rRNA (uracil(1939)-C(5))-methyltransferase RlmD,high_confidence,29.0,1.0,1.0
J,LK,23S rRNA (uracil(747)-C(5))-methyltransferase RlmC,high_confidence,11.0,1.0,0.8181818181818182
J,LM,23S rRNA (uridine(2552)-2'-O)-methyltransferase,low_count,1.0,1.0,1.0
J,LN,23S rRNA (uridine(2552)-2'-O)-methyltransferase RlmE,high_confidence,19.0,1.0,1.0
J,LT,23S rRNA pseudouridine(1911/1915/1917) synthase RluD,high_confidence,25.0,1.0,1.0
J,LU,23S rRNA pseudouridine(2457) synthase RluE,high_confidence,21.0,1.0,1.0
J,LV,23S rRNA pseudouridine(2604) synthase RluF,high_confidence,19.0,1.0,1.0
J,LW,23S rRNA pseudouridine(2605) synthase RluB,high_confidence,18.0,1.0,1.0
J,LX,23S rRNA pseudouridine(955/2504/2580) synthase RluC,high_confidence,14.0,1.0,1.0
J,LY,23S ribosomal RNA methyltransferase Erm,low_count,2.0,1.0,1.0
L,ME,2OG-Fe(II) oxygenase,high_confidence,228.0,0.543859649122807,0.5806451612903226
K,MG,2TM domain-containing protein,high_confidence,8.0,1.0,0.5
L,MO,3'-5' exonuclease,high_confidence,1178.0,0.9762308998302208,0.997391304347826
L,MP,3'-5' exonuclease KapD,low_count,1.0,1.0,1.0
L,MQ,3'-5' exonuclease family protein,high_confidence,6.0,1.0,1.0
K,MR,3'-5' exoribonuclease,high_confidence,53.0,0.9433962264150944,0.9
L,MR,3'-5' exoribonuclease,high_confidence,53.0,0.9433962264150944,0.9
L,MT,3'-5' exoribonuclease YhaM family protein,high_confidence,9.0,1.0,0.8888888888888888
L,MU,3'-5' exoribonuclease domain-containing protein,low_count,9.0,0.2222222222222222,1.0
L,MV,3'-5' ssDNA/RNA exonuclease TatD,high_confidence,14.0,1.0,1.0
J,NS,3-aminoacrylate deaminase,low_count,4.0,1.0,1.0
K,QA,3-keto-5-aminohexanoate cleavage protein,high_confidence,356.0,0.9971910112359552,0.9746478873239436
L,QN,3-methyladenine DNA glycosylase,low_count,3.0,1.0,0.6666666666666666
J,RY,30S ribosomal protein S1,high_confidence,57.0,1.0,1.0
J,RZ,30S ribosomal protein S10,high_confidence,48.0,0.9583333333333334,1.0
J,SA,30S ribosomal protein S11,high_confidence,47.0,1.0,1.0
J,SB,30S ribosomal protein S12,high_confidence,51.0,1.0,1.0
J,SC,30S ribosomal protein S12 methylthiotransferase RimO,high_confidence,43.0,1.0,0.9767441860465116
J,SE,30S ribosomal protein S13,high_confidence,47.0,1.0,1.0
J,SF,30S ribosomal protein S14,high_confidence,50.0,1.0,1.0
J,SG,30S ribosomal protein S15,high_confidence,39.0,1.0,1.0
J,SH,30S ribosomal protein S16,high_confidence,45.0,1.0,1.0
J,SI,30S ribosomal protein S17,high_confidence,47.0,1.0,1.0
J,SJ,30S ribosomal protein S17e,low_count,4.0,0.75,1.0
J,SK,30S ribosomal protein S18,high_confidence,52.0,1.0,1.0
J,SL,30S ribosomal protein S19,high_confidence,46.0,1.0,1.0
J,SM,30S ribosomal protein S19e,low_count,1.0,1.0,1.0
J,SN,30S ribosomal protein S2,high_confidence,47.0,1.0,1.0
J,SO,30S ribosomal protein S20,high_confidence,45.0,1.0,1.0
J,SP,30S ribosomal protein S21,high_confidence,75.0,1.0,1.0
J,SQ,30S ribosomal protein S24e,low_count,1.0,1.0,1.0
J,SR,30S ribosomal protein S27ae,low_count,1.0,1.0,1.0
J,SS,30S ribosomal protein S27e,low_count,1.0,1.0,1.0
J,ST,30S ribosomal protein S28e,low_count,1.0,1.0,1.0
J,SU,30S ribosomal protein S3,high_confidence,43.0,1.0,1.0
J,SV,30S ribosomal protein S3ae,low_count,1.0,1.0,1.0
J,SW,30S ribosomal protein S4,high_confidence,49.0,1.0,1.0
J,SX,30S ribosomal protein S4e,low_count,2.0,1.0,1.0
J,SY,30S ribosomal protein S5,high_confidence,49.0,1.0,1.0
J,TA,30S ribosomal protein S6,high_confidence,45.0,1.0,1.0
J,TB,30S ribosomal protein S6--L-glutamate ligase,high_confidence,28.0,1.0,0.7142857142857143
J,TC,30S ribosomal protein S6e,low_count,1.0,1.0,1.0
J,TD,30S ribosomal protein S7,high_confidence,50.0,1.0,1.0
J,TE,30S ribosomal protein S8,high_confidence,49.0,1.0,1.0
J,TF,30S ribosomal protein S8e,low_count,1.0,1.0,1.0
J,TG,30S ribosomal protein S9,high_confidence,59.0,1.0,1.0
J,TJ,30S ribosome-binding factor RbfA,high_confidence,38.0,1.0,1.0
K,VS,4-hydroxyphenylacetate catabolism regulatory protein HpaA,high_confidence,11.0,1.0,0.9090909090909092
K,WQ,4Fe-4S binding protein,high_confidence,143.0,1.0,1.0
K,XE,"5' nucleotidase, NT5C type",high_confidence,38.0,0.5,0.9473684210526316
L,XG,5'-3' exonuclease,high_confidence,27.0,1.0,1.0
L,XI,5'-3' exonuclease H3TH domain-containing protein,high_confidence,805.0,0.9987577639751553,0.9975124378109452
L,ZJ,5-oxoprolinase subunit B family protein,high_confidence,17.0,1.0,0.7058823529411765
J,ZR,50S ribosomal protein L1,high_confidence,51.0,1.0,1.0
J,ZS,50S ribosomal protein L10,high_confidence,49.0,1.0,1.0
J,ZT,50S ribosomal protein L11,high_confidence,51.0,1.0,1.0
J,ZU,50S ribosomal protein L11 methyltransferase,high_confidence,39.0,0.9743589743589745,0.8157894736842105
J,ZW,50S ribosomal protein L13,high_confidence,61.0,0.9672131147540984,1.0
J,ZX,50S ribosomal protein L14,high_confidence,49.0,1.0,1.0
J,ZY,50S ribosomal protein L15,high_confidence,47.0,1.0,1.0
J,ZZ,50S ribosomal protein L15e,low_count,1.0,1.0,1.0
J,AAA,50S ribosomal protein L16,high_confidence,46.0,1.0,1.0
J,AAB,50S ribosomal protein L17,high_confidence,46.0,1.0,1.0
J,AAC,50S ribosomal protein L18,high_confidence,49.0,1.0,1.0
J,AAE,50S ribosomal protein L18e,low_count,1.0,1.0,1.0
J,AAF,50S ribosomal protein L19,high_confidence,47.0,1.0,1.0
J,AAG,50S ribosomal protein L19e,low_count,2.0,1.0,1.0
J,AAH,50S ribosomal protein L2,high_confidence,47.0,1.0,1.0
J,AAI,50S ribosomal protein L20,high_confidence,47.0,1.0,1.0
J,AAJ,50S ribosomal protein L21,high_confidence,45.0,1.0,1.0
J,AAK,50S ribosomal protein L21e,low_count,1.0,1.0,1.0
J,AAL,50S ribosomal protein L22,high_confidence,48.0,0.9791666666666666,1.0
J,AAM,50S ribosomal protein L23,high_confidence,47.0,1.0,1.0
J,AAN,50S ribosomal protein L24,high_confidence,47.0,1.0,1.0
J,AAO,50S ribosomal protein L24e,low_count,1.0,1.0,1.0
J,AAP,50S ribosomal protein L25,high_confidence,21.0,1.0,1.0
J,AAQ,50S ribosomal protein L25/general stress protein Ctc,high_confidence,39.0,1.0,1.0
J,AAR,50S ribosomal protein L27,high_confidence,46.0,1.0,1.0
J,AAS,50S ribosomal protein L28,high_confidence,58.0,1.0,1.0
J,AAT,50S ribosomal protein L29,high_confidence,48.0,0.9791666666666666,1.0
J,AAU,50S ribosomal protein L3,high_confidence,47.0,1.0,1.0
J,AAV,50S ribosomal protein L3 N(5)-glutamine methyltransferase,high_confidence,25.0,1.0,1.0
J,AAW,50S ribosomal protein L30,high_confidence,45.0,1.0,1.0
J,AAY,50S ribosomal protein L31,high_confidence,43.0,1.0,1.0
J,AAZ,50S ribosomal protein L31e,low_count,1.0,1.0,1.0
J,ABA,50S ribosomal protein L32,high_confidence,53.0,0.981132075471698,1.0
J,ABB,50S ribosomal protein L32e,low_count,2.0,1.0,1.0
J,ABC,50S ribosomal protein L33,high_confidence,86.0,0.9767441860465116,1.0
J,ABD,50S ribosomal protein L34,high_confidence,37.0,1.0,1.0
J,ABE,50S ribosomal protein L35,high_confidence,46.0,1.0,1.0
J,ABF,50S ribosomal protein L36,high_confidence,42.0,1.0,1.0
J,ABH,50S ribosomal protein L37ae,low_count,1.0,1.0,1.0
J,ABI,50S ribosomal protein L37e,low_count,1.0,1.0,1.0
J,ABJ,50S ribosomal protein L39e,low_count,1.0,1.0,1.0
J,ABK,50S ribosomal protein L4,high_confidence,47.0,1.0,1.0
J,ABL,50S ribosomal protein L40e,low_count,1.0,1.0,1.0
J,ABM,50S ribosomal protein L44e,low_count,1.0,1.0,1.0
J,ABN,50S ribosomal protein L5,high_confidence,49.0,1.0,1.0
J,ABO,50S ribosomal protein L6,high_confidence,49.0,1.0,1.0
J,ABP,50S ribosomal protein L7/L12,high_confidence,53.0,0.9622641509433962,1.0
J,ABQ,50S ribosomal protein L7/L12-serine acetyltransferase,high_confidence,10.0,1.0,1.0
J,ABR,50S ribosomal protein L7ae,low_count,7.0,0.1428571428571428,1.0
J,ABS,50S ribosomal protein L7ae,low_count,7.0,0.1428571428571428,1.0
J,ABT,50S ribosomal protein L7ae-like protein,low_count,2.0,1.0,1.0
J,ABU,50S ribosomal protein L9,high_confidence,42.0,1.0,1.0
J,ABV,50S ribosomal protein P1,low_count,2.0,1.0,1.0
L,ACN,6-hydroxynicotinate reductase,high_confidence,6.0,1.0,1.0
J,ADQ,60S ribosomal export protein NMD3,low_count,1.0,1.0,1.0
K,AEE,7TM diverse intracellular signaling domain-containing protein,ambiguous,5.0,1.0,0.4
L,AEE,7TM diverse intracellular signaling domain-containing protein,ambiguous,5.0,1.0,0.4
L,AEN,8-oxo-dGTP diphosphatase,high_confidence,17.0,1.0,0.8823529411764706
L,AEO,8-oxo-dGTP diphosphatase MutT,high_confidence,17.0,1.0,0.9411764705882352
L,AES,A/G-specific adenine glycosylase,high_confidence,54.0,1.0,1.0
K,AEU,A1S_2505 family phage non-structural protein,low_count,3.0,0.6666666666666666,1.0
K,AFA,AAA domain-containing protein,high_confidence,109.0,0.9724770642201837,0.9716981132075472
L,AFA,AAA domain-containing protein,high_confidence,109.0,0.9724770642201837,0.9716981132075472
K,AFB,AAA family ATPase,ambiguous,6709.0,0.9212997466090328,0.3581944669147387
L,AFB,AAA family ATPase,ambiguous,6709.0,0.9212997466090328,0.3581944669147387
K,AFD,AAA-like domain-containing protein,ambiguous,11.0,1.0,0.4545454545454545
L,AFD,AAA-like domain-containing protein,ambiguous,11.0,1.0,0.4545454545454545
K,AFH,AAC(3)-I family aminoglycoside N-acetyltransferase,low_count,4.0,1.0,1.0
J,AFK,AAC(6')-Ib family aminoglycoside 6'-N-acetyltransferase,high_confidence,14.0,1.0,1.0
K,AGU,ABC transporter substrate-binding protein,high_confidence,10905.0,0.9947730398899588,0.5511615044247787
L,AGU,ABC transporter substrate-binding protein,high_confidence,10905.0,0.9947730398899588,0.5511615044247787
J,AHD,ABC-F family ATP-binding cassette domain-containing protein,high_confidence,216.0,1.0,0.9907407407407408
L,AHD,ABC-F family ATP-binding cassette domain-containing protein,high_confidence,216.0,1.0,0.9907407407407408
L,AHV,ABC-three component system middle component 2,low_count,25.0,0.12,1.0
K,AIB,ABC-three component system protein,ambiguous,68.0,0.2941176470588235,0.45
L,AIO,ADP compounds hydrolase NudE,high_confidence,7.0,1.0,1.0
L,AIW,ADP-ribose diphosphatase,high_confidence,9.0,1.0,1.0
K,AJM,ADP-ribosyltransferase domain-containing protein,low_count,3.0,1.0,0.6666666666666666
L,AJM,ADP-ribosyltransferase domain-containing protein,low_count,3.0,1.0,0.6666666666666666
L,AJX,AHH domain-containing protein,high_confidence,20.0,0.85,0.8235294117647058
K,AJZ,AI-2E family transporter,high_confidence,700.0,1.0,0.9357142857142856
L,AKE,AIPR family protein,high_confidence,31.0,0.9032258064516128,0.8571428571428571
L,AKJ,ALF repeat-containing protein,high_confidence,15.0,0.5333333333333333,0.5
J,AKP,AMP-binding enzyme,high_confidence,16.0,1.0,0.8125
K,ALU,ANTAR domain-containing protein,high_confidence,46.0,0.8043478260869565,0.6216216216216216
K,ALV,ANTAR domain-containing response regulator,high_confidence,189.0,1.0,0.7619047619047619
J,AMC,APH(3'') family aminoglycoside O-phosphotransferase,low_count,2.0,1.0,0.5
J,AMD,APH(3') family aminoglycoside O-phosphotransferase,low_count,1.0,1.0,1.0
J,AMG,APH(3')-II family aminoglycoside O-phosphotransferase,low_count,3.0,1.0,0.6666666666666666
J,AMI,APH(3')-VI family aminoglycoside O-phosphotransferase,low_count,4.0,1.0,1.0
K,AMR,ASCH domain-containing protein,high_confidence,190.0,0.4526315789473684,0.8604651162790697
L,AMR,ASCH domain-containing protein,high_confidence,190.0,0.4526315789473684,0.8604651162790697
J,ANG,ATP phosphoribosyltransferase regulatory subunit,high_confidence,45.0,1.0,0.8666666666666667
J,ANX,ATP-NAD kinase family protein,ambiguous,14.0,1.0,0.4285714285714285
L,ANZ,ATP-binding cassette domain-containing protein,ambiguous,2639.0,0.982569154982948,0.3378326263015812
L,AOA,ATP-binding domain-containing protein,high_confidence,24.0,0.9583333333333334,1.0
J,AOB,ATP-binding protein,high_confidence,4207.0,0.9545994770620394,0.6289840637450199
K,AOB,ATP-binding protein,high_confidence,4207.0,0.9545994770620394,0.6289840637450199
L,AOB,ATP-binding protein,high_confidence,4207.0,0.9545994770620394,0.6289840637450199
K,AOP,ATP-dependent DNA helicase,high_confidence,100.0,1.0,0.6
L,AOP,ATP-dependent DNA helicase,high_confidence,100.0,1.0,0.6
K,AOQ,ATP-dependent DNA helicase DinG,high_confidence,39.0,1.0,0.8461538461538461
L,AOQ,ATP-dependent DNA helicase DinG,high_confidence,39.0,1.0,0.8461538461538461
L,AOR,ATP-dependent DNA helicase RecG,high_confidence,42.0,1.0,1.0
L,AOS,ATP-dependent DNA helicase RecQ,high_confidence,39.0,1.0,1.0
L,AOT,ATP-dependent DNA helicase UvrD2,low_count,2.0,1.0,1.0
L,AOU,ATP-dependent DNA ligase,high_confidence,222.0,0.9864864864864864,0.684931506849315
L,AOV,ATP-dependent DNA ligase LigA,low_count,1.0,1.0,1.0
J,AOX,ATP-dependent RNA helicase DbpA,ambiguous,28.0,1.0,0.4642857142857143
K,AOX,ATP-dependent RNA helicase DbpA,ambiguous,28.0,1.0,0.4642857142857143
L,AOX,ATP-dependent RNA helicase DbpA,ambiguous,28.0,1.0,0.4642857142857143
J,AOY,ATP-dependent RNA helicase DeaD,high_confidence,7.0,1.0,0.7142857142857143
K,AOY,ATP-dependent RNA helicase DeaD,high_confidence,7.0,1.0,0.7142857142857143
L,AOY,ATP-dependent RNA helicase DeaD,high_confidence,7.0,1.0,0.7142857142857143
L,AOZ,ATP-dependent RNA helicase HrpA,high_confidence,19.0,1.0,1.0
J,APA,ATP-dependent RNA helicase RhlB,high_confidence,22.0,1.0,0.6363636363636364
K,APA,ATP-dependent RNA helicase RhlB,high_confidence,22.0,1.0,0.6363636363636364
L,APA,ATP-dependent RNA helicase RhlB,high_confidence,22.0,1.0,0.6363636363636364
J,APB,ATP-dependent RNA helicase RhlE,high_confidence,9.0,1.0,0.7777777777777778
K,APB,ATP-dependent RNA helicase RhlE,high_confidence,9.0,1.0,0.7777777777777778
L,APB,ATP-dependent RNA helicase RhlE,high_confidence,9.0,1.0,0.7777777777777778
J,APC,ATP-dependent RNA helicase SrmB,high_confidence,9.0,1.0,0.5555555555555556
K,APC,ATP-dependent RNA helicase SrmB,high_confidence,9.0,1.0,0.5555555555555556
L,APC,ATP-dependent RNA helicase SrmB,high_confidence,9.0,1.0,0.5555555555555556
L,APD,ATP-dependent RecD-like DNA helicase,high_confidence,68.0,1.0,0.9852941176470588
L,APL,ATP-dependent endonuclease,high_confidence,84.0,1.0,0.8809523809523809
K,APN,ATP-dependent helicase,high_confidence,409.0,1.0,0.9853300733496332
L,APN,ATP-dependent helicase,high_confidence,409.0,1.0,0.9853300733496332
L,APP,ATP-dependent helicase ComFA,low_count,1.0,1.0,1.0
L,APQ,ATP-dependent helicase HrpB,high_confidence,14.0,1.0,1.0
L,APU,ATP-dependent nuclease,high_confidence,129.0,1.0,0.7596899224806202
L,AQD,ATP-dependent protease LonB,low_count,3.0,1.0,0.6666666666666666
J,AQM,ATP-grasp domain-containing protein,ambiguous,563.0,0.911190053285968,0.2202729044834308
L,AQM,ATP-grasp domain-containing protein,ambiguous,563.0,0.911190053285968,0.2202729044834308
J,AQR,ATP-grasp ribosomal peptide maturase,high_confidence,6.0,1.0,1.0
K,AQU,ATP/GTP-binding protein,high_confidence,189.0,0.746031746031746,0.9361702127659576
L,AQY,ATPase,ambiguous,49.0,0.2448979591836734,0.3333333333333333
L,AQZ,ATPase AAA,high_confidence,6.0,1.0,0.5
L,ARK,"ATPase, T2SS/T4P/T4SS family",high_confidence,253.0,0.9446640316205532,0.7866108786610879
L,ARO,AVAST type 1 anti-phage system protease Avs1b,low_count,3.0,1.0,1.0
K,ARZ,AarF/UbiB family protein,ambiguous,16.0,0.875,0.4285714285714285
L,ARZ,AarF/UbiB family protein,ambiguous,16.0,0.875,0.4285714285714285
K,ASI,AbiEi antitoxin N-terminal domain-containing protein,high_confidence,6.0,0.8333333333333334,1.0
L,ASJ,AbiH family protein,high_confidence,11.0,0.9090909090909092,0.9
K,ASN,AbrB family transcriptional regulator,high_confidence,134.0,0.9552238805970148,0.90625
K,ASO,AbrB/MazE/SpoVT family DNA-binding domain-containing protein,high_confidence,549.0,0.8706739526411658,0.7782426778242678
L,ATE,Ada metal-binding domain-containing protein,high_confidence,11.0,0.9090909090909092,0.8
K,ATK,AfsR/SARP family transcriptional regulator,high_confidence,122.0,0.9918032786885246,0.9834710743801652
K,ATX,AlbA family DNA-binding domain-containing protein,low_count,6.0,0.6666666666666666,1.0
K,ATZ,AlkA N-terminal domain-containing protein,high_confidence,9.0,1.0,0.7777777777777778
L,ATZ,AlkA N-terminal domain-containing protein,high_confidence,9.0,1.0,0.7777777777777778
K,AUB,AlpA family phage regulatory protein,high_confidence,10.0,0.9,1.0
K,AUC,AlpA family transcriptional regulator,high_confidence,158.0,0.8227848101265823,0.9923076923076924
L,AUE,AlwI family type II restriction endonuclease,high_confidence,8.0,1.0,1.0
J,AUS,AraC family ligand binding domain-containing protein,ambiguous,16.0,1.0,0.4375
K,AUS,AraC family ligand binding domain-containing protein,ambiguous,16.0,1.0,0.4375
K,AUT,AraC family transcriptional regulator,high_confidence,3022.0,0.9956982131039048,0.9923562645397142
L,AUT,AraC family transcriptional regulator,high_confidence,3022.0,0.9956982131039048,0.9923562645397142
K,AUV,AraC family transcriptional regulator N-terminal domain-containing protein,high_confidence,17.0,0.9411764705882352,1.0
K,AUY,AraC family transcriptional regulator ligand-binding domain-containing protein,high_confidence,25.0,1.0,1.0
K,AVA,AraC-like transcriptional regulator QhpR,high_confidence,11.0,1.0,1.0
L,AVD,ArdC family protein,high_confidence,146.0,0.9726027397260274,0.9859154929577464
L,AVE,ArdC-like ssDNA-binding domain-containing protein,high_confidence,106.0,0.8962264150943396,0.6842105263157895
K,AVI,ArgP/LysG family DNA-binding transcriptional regulator,low_count,1.0,1.0,1.0
J,AVK,ArgS-related anticodon-binding protein NrtL,low_count,1.0,1.0,1.0
L,AVM,Arm DNA-binding domain-containing protein,high_confidence,13.0,0.9230769230769232,1.0
K,AVO,AroM family protein,high_confidence,12.0,1.0,0.5833333333333334
K,AVX,ArsC/Spx/MgsR family protein,high_confidence,20.0,0.95,0.8947368421052632
J,AWC,ArsR family transcriptional regulator,high_confidence,86.0,0.8023255813953488,0.6376811594202898
K,AWC,ArsR family transcriptional regulator,high_confidence,86.0,0.8023255813953488,0.6376811594202898
L,AWC,ArsR family transcriptional regulator,high_confidence,86.0,0.8023255813953488,0.6376811594202898
K,AWD,ArsR/SmtB family transcription factor,high_confidence,1119.0,0.970509383378016,0.998158379373849
K,AWF,As(III)-sensing metalloregulatory transcriptional repressor ArsR,high_confidence,26.0,1.0,1.0
K,AWM,AsnC family transcriptional regulator,high_confidence,59.0,0.864406779661017,1.0
J,AWP,Asp-tRNA(Asn)/Glu-tRNA(Gln) amidotransferase subunit GatA,high_confidence,34.0,1.0,0.9705882352941176
J,AWQ,Asp-tRNA(Asn)/Glu-tRNA(Gln) amidotransferase subunit GatB,high_confidence,47.0,1.0,1.0
J,AWR,Asp-tRNA(Asn)/Glu-tRNA(Gln) amidotransferase subunit GatC,high_confidence,38.0,1.0,0.8421052631578947
J,AXE,Atu1372/SO_1960 family protein,low_count,2.0,1.0,0.5
J,AXJ,AtzE family amidohydrolase,high_confidence,20.0,1.0,1.0
K,AXM,Au(I) sensor transcriptional regulator GolS,low_count,3.0,1.0,1.0
J,AYC,B3/4 domain-containing protein,high_confidence,111.0,1.0,0.981981981981982
K,AYL,BACON domain-containing protein,low_count,8.0,0.25,0.5
J,AYU,BCAM0308 family protein,high_confidence,7.0,1.0,1.0
J,AZL,BLUF domain-containing protein,high_confidence,59.0,0.6779661016949152,0.725
K,BAA,BPTD_3080 family restriction endonuclease,high_confidence,6.0,1.0,0.8333333333333334
L,BAA,BPTD_3080 family restriction endonuclease,high_confidence,6.0,1.0,0.8333333333333334
L,BAB,BRCT domain-containing protein,high_confidence,52.0,0.9615384615384616,1.0
K,BAD,BREX system ATP-binding domain-containing protein,low_count,4.0,1.0,1.0
L,BAE,BREX system ATP-binding protein BrxD,low_count,3.0,1.0,1.0
K,BAG,BREX system P-loop protein BrxC,high_confidence,16.0,0.8125,0.7692307692307693
L,BAG,BREX system P-loop protein BrxC,high_confidence,16.0,0.8125,0.7692307692307693
K,BAH,BREX system serine/threonine kinase PglW,low_count,2.0,1.0,1.0
L,BAH,BREX system serine/threonine kinase PglW,low_count,2.0,1.0,1.0
L,BAI,BREX-1 system adenine-specific DNA-methyltransferase PglX,high_confidence,15.0,1.0,0.8666666666666667
L,BAT,BREX-6 system adenine-specific DNA-methyltransferase PglX,low_count,1.0,1.0,1.0
K,BAV,BRO family protein,high_confidence,19.0,0.9473684210526316,0.8333333333333334
K,BAW,BRO-N domain-containing protein,high_confidence,26.0,0.9230769230769232,0.875
K,BBC,BTAD domain-containing putative transcriptional regulator,high_confidence,189.0,0.9788359788359788,0.6972972972972973
K,BBY,BclA C-terminal domain-containing protein,low_count,4.0,0.75,0.6666666666666666
K,BCN,BglG family transcription antiterminator,high_confidence,97.0,0.9690721649484536,0.7446808510638298
K,BCO,BglG family transcription antiterminator LicT,high_confidence,36.0,1.0,1.0
L,BCP,BglII/BstYI family type II restriction endonuclease,low_count,2.0,1.0,1.0
J,BCW,BlaI/MecI/CopY family transcriptional regulator,high_confidence,102.0,0.931372549019608,0.9894736842105264
K,BCW,BlaI/MecI/CopY family transcriptional regulator,high_confidence,102.0,0.931372549019608,0.9894736842105264
K,BCX,BlaR1 family beta-lactam sensor/signal transducer,high_confidence,5.0,1.0,1.0
K,BDA,BldC family transcriptional regulator,low_count,3.0,1.0,0.6666666666666666
L,BDA,BldC family transcriptional regulator,low_count,3.0,1.0,0.6666666666666666
K,BDG,BolA family iron metabolism protein IbaG,high_confidence,13.0,1.0,1.0
K,BDH,BolA family protein,high_confidence,24.0,1.0,0.8333333333333334
K,BDT,BRO-N domain-containing protein,high_confidence,26.0,0.9230769230769232,0.875
L,BEG,BsuBI/PstI family type II restriction endonuclease,high_confidence,28.0,1.0,1.0
L,BFC,C-terminal helicase domain-containing protein,high_confidence,5.0,1.0,0.8
J,BGU,CAP domain-containing protein,high_confidence,165.0,0.9090909090909092,0.6533333333333333
K,BGU,CAP domain-containing protein,high_confidence,165.0,0.9090909090909092,0.6533333333333333
L,BGU,CAP domain-containing protein,high_confidence,165.0,0.9090909090909092,0.6533333333333333
K,BHC,CAT RNA binding domain-containing protein,low_count,7.0,0.5714285714285714,1.0
J,BHI,CBASS oligonucleotide cyclase,high_confidence,9.0,0.8888888888888888,0.875
L,BHI,CBASS oligonucleotide cyclase,high_confidence,9.0,0.8888888888888888,0.875
J,BHO,CBS domain-containing protein,high_confidence,676.0,0.9837278106508875,0.8481203007518797
K,BHO,CBS domain-containing protein,high_confidence,676.0,0.9837278106508875,0.8481203007518797
K,BHP,CBS pair associated ParBc domain-containing protein,low_count,1.0,1.0,1.0
J,BHV,CCA tRNA nucleotidyltransferase,high_confidence,43.0,1.0,0.9069767441860463
K,BKP,CHAT domain-containing protein,high_confidence,93.0,0.8817204301075269,0.6341463414634146
L,BKP,CHAT domain-containing protein,high_confidence,93.0,0.8817204301075269,0.6341463414634146
K,BKQ,CHAT domain-containing tetratricopeptide repeat protein,high_confidence,19.0,1.0,0.6842105263157895
L,BKR,CHC2 zinc finger domain-containing protein,high_confidence,63.0,0.8888888888888888,0.8571428571428571
K,BKY,CLCA_X family protein,low_count,1.0,1.0,1.0
K,BMR,CPCC family cysteine-rich protein,high_confidence,36.0,0.75,0.9629629629629628
K,BMX,CRISPR-associated CARF protein Csa3,high_confidence,5.0,1.0,1.0
L,BNA,CRISPR-associated RAMP protein Csx7,low_count,1.0,1.0,1.0
L,BNB,CRISPR-associated endonuclease Cas1,high_confidence,18.0,0.9444444444444444,1.0
L,BNC,CRISPR-associated endonuclease Cas2,high_confidence,39.0,0.9743589743589745,0.868421052631579
L,BND,CRISPR-associated endonuclease Cas3'',high_confidence,13.0,0.9230769230769232,0.75
K,BNI,CRISPR-associated endoribonuclease Cas6,high_confidence,19.0,0.8947368421052632,0.5294117647058824
L,BNI,CRISPR-associated endoribonuclease Cas6,high_confidence,19.0,0.8947368421052632,0.5294117647058824
L,BNK,CRISPR-associated helicase Cas3',high_confidence,47.0,1.0,0.9787234042553192
L,BNL,CRISPR-associated helicase/endonuclease Cas3,high_confidence,23.0,1.0,0.9565217391304348
L,BNO,CRISPR-associated protein Cas3,low_count,2.0,1.0,1.0
L,BNP,CRISPR-associated protein Cas4,high_confidence,31.0,0.935483870967742,0.8620689655172413
L,BNR,CRISPR-associated protein Cas6,low_count,2.0,1.0,1.0
K,BOJ,CRP-S regulon transcriptional coactivator Sxy,low_count,2.0,1.0,1.0
L,BPU,CTP pyrophosphohydrolase,low_count,3.0,1.0,1.0
J,BQX,CapA family protein,high_confidence,136.0,1.0,0.9926470588235294
K,BQZ,CarD family transcriptional regulator,high_confidence,38.0,1.0,1.0
J,BRH,CatB-related O-acetyltransferase,high_confidence,73.0,1.0,0.6438356164383562
K,BSA,Cd(II)-sensing metalloregulatory transcriptional repressor CadC,low_count,1.0,1.0,1.0
K,BSB,Cd(II)/Pb(II)-responsive transcriptional regulator,high_confidence,116.0,1.0,1.0
K,BSC,Cd(II)/Pb(II)-sensing metalloregulatory transcriptional regulator CmtR,low_count,1.0,1.0,1.0
K,BSH,CdaR family transcriptional regulator,high_confidence,31.0,0.967741935483871,0.5
L,BSI,Cdc6/Cdc18 family protein,high_confidence,105.0,0.9809523809523808,1.0
K,BSN,CerR family C-terminal domain-containing protein,high_confidence,99.0,1.0,1.0
K,BTC,CheF family chemotaxis protein,low_count,2.0,1.0,1.0
J,BTU,Cj0069 family protein,high_confidence,6.0,1.0,1.0
L,BVA,CoA pyrophosphatase,high_confidence,43.0,1.0,0.8372093023255814
J,BWA,Cof-type HAD-IIB family hydrolase,high_confidence,149.0,1.0,0.906040268456376
L,BWH,ComEA family DNA-binding protein,high_confidence,24.0,1.0,1.0
J,BWJ,ComEC/Rec2 family competence protein,ambiguous,77.0,0.987012987012987,0.4605263157894737
K,BWJ,ComEC/Rec2 family competence protein,ambiguous,77.0,0.987012987012987,0.4605263157894737
L,BWJ,ComEC/Rec2 family competence protein,ambiguous,77.0,0.987012987012987,0.4605263157894737
K,BXC,CopG family ribbon-helix-helix protein,high_confidence,162.0,0.9444444444444444,0.9934640522875816
L,BXC,CopG family ribbon-helix-helix protein,high_confidence,162.0,0.9444444444444444,0.9934640522875816
K,BXD,CopG family transcriptional regulator,high_confidence,199.0,0.7236180904522613,0.9097222222222222
K,BXH,CopY/TcrY family copper transport repressor,high_confidence,10.0,1.0,1.0
K,BYK,Cro/CI family transcriptional regulator,high_confidence,49.0,0.5102040816326531,0.76
K,BYL,Cro/Cl family transcriptional regulator,low_count,3.0,0.3333333333333333,1.0
K,BYM,Crp/Fnr family transcriptional regulator,high_confidence,1156.0,0.9195501730103808,0.8560677328316086
K,BYV,CsbD family protein,high_confidence,325.0,0.7261538461538461,0.9449152542372882
K,BZK,CtsR family transcriptional regulator,high_confidence,19.0,1.0,1.0
K,BZV,Cu(I)-responsive transcriptional regulator,high_confidence,171.0,1.0,1.0
J,CAD,CvfD/Ygs/GSP13 family RNA-binding post-transcriptional regulator,low_count,2.0,1.0,1.0
J,CAQ,Cys-tRNA(Pro) deacylase,high_confidence,32.0,1.0,0.875
J,CAR,Cys-tRNA(Pro)/Cys-tRNA(Cys) deacylase YbaK,high_confidence,8.0,1.0,0.625
K,CAT,CysB family HTH-type transcriptional regulator,high_confidence,13.0,1.0,1.0
J,CBV,D-alanine--D-alanine ligase,high_confidence,82.0,1.0,0.7439024390243902
J,CCD,D-alanine--poly(phosphoribitol) ligase subunit DltC,high_confidence,10.0,1.0,0.8
K,CCX,D-allose utilization transcriptional regulator AlsR,low_count,1.0,1.0,1.0
J,CDE,D-aminoacyl-tRNA deacylase,high_confidence,43.0,1.0,1.0
K,CDS,D-galactonate utilization transcriptional regulator DgoR,high_confidence,6.0,1.0,1.0
J,CET,D-proline reductase (dithiol) proprotein PrdA,high_confidence,28.0,1.0,1.0
J,CEU,D-proline reductase (dithiol) protein PrdB,high_confidence,29.0,1.0,0.896551724137931
K,CFN,D-xylose utilization transcriptional activator XylR,high_confidence,6.0,1.0,1.0
J,CFT,DALR anticodon-binding domain-containing protein,low_count,1.0,1.0,1.0
K,CFV,DASH family cryptochrome,high_confidence,12.0,1.0,0.9166666666666666
L,CFV,DASH family cryptochrome,high_confidence,12.0,1.0,0.9166666666666666
L,CGB,DDE transposase family protein,low_count,2.0,0.5,1.0
L,CGC,DDE-type integrase/transposase/recombinase,high_confidence,206.0,0.9320388349514565,0.9895833333333334
J,CGF,DEAD/DEAH box helicase,high_confidence,1721.0,0.99883788495061,0.699825479930192
K,CGF,DEAD/DEAH box helicase,high_confidence,1721.0,0.99883788495061,0.699825479930192
L,CGF,DEAD/DEAH box helicase,high_confidence,1721.0,0.99883788495061,0.699825479930192
K,CGG,DEAD/DEAH box helicase family protein,high_confidence,162.0,0.9074074074074074,0.673469387755102
L,CGG,DEAD/DEAH box helicase family protein,high_confidence,162.0,0.9074074074074074,0.673469387755102
J,CGH,DEAD/DEAH family ATP-dependent RNA helicase,low_count,2.0,1.0,1.0
K,CGH,DEAD/DEAH family ATP-dependent RNA helicase,low_count,2.0,1.0,1.0
L,CGH,DEAD/DEAH family ATP-dependent RNA helicase,low_count,2.0,1.0,1.0
L,CGI,DEDD exonuclease domain-containing protein,low_count,1.0,1.0,1.0
L,CGJ,DEDDh family exonuclease,low_count,1.0,1.0,1.0
L,CGP,DHCW motif cupin fold protein,high_confidence,23.0,1.0,0.9565217391304348
L,CGQ,DHH family phosphoesterase,high_confidence,119.0,0.9747899159663864,0.7586206896551724
J,CGR,DHHA1 domain-containing protein,high_confidence,9.0,1.0,0.6666666666666666
L,CGR,DHHA1 domain-containing protein,high_confidence,9.0,1.0,0.6666666666666666
L,CGY,DISARM system SNF2-like helicase DrmD,low_count,2.0,1.0,1.0
K,CGZ,DISARM system helicase DrmA,low_count,2.0,1.0,1.0
L,CGZ,DISARM system helicase DrmA,low_count,2.0,1.0,1.0
K,CHD,DJ-1/PfpI family protein,high_confidence,345.0,0.991304347826087,0.8508771929824561
K,CHF,DKNYY domain-containing protein,high_confidence,19.0,0.5263157894736842,0.8
L,CHF,DKNYY domain-containing protein,high_confidence,19.0,0.5263157894736842,0.8
K,CHV,DMT family transporter,high_confidence,2504.0,0.9988019169329072,0.8828468612554978
L,CHW,DNA (cytosine-5-)-methyltransferase,high_confidence,46.0,1.0,0.5217391304347826
L,CHZ,DNA N-6-adenine-methyltransferase,ambiguous,19.0,0.7368421052631579,0.4285714285714285
L,CIB,DNA adenine methylase,high_confidence,123.0,0.983739837398374,0.7272727272727273
L,CID,DNA alkylation repair enzyme-like protein,low_count,1.0,1.0,1.0
L,CIE,DNA alkylation repair protein,high_confidence,32.0,1.0,0.96875
L,CIK,DNA circularization N-terminal domain-containing protein,high_confidence,8.0,0.75,0.6666666666666666
K,CIM,DNA cytosine methyltransferase,high_confidence,398.0,0.9472361809045228,0.5411140583554377
L,CIM,DNA cytosine methyltransferase,high_confidence,398.0,0.9472361809045228,0.5411140583554377
L,CIP,DNA damage response exodeoxyribonuclease YhbQ,low_count,1.0,1.0,1.0
L,CIS,DNA damage-inducible protein I,high_confidence,12.0,1.0,0.75
L,CIY,DNA double-strand break repair ATPase Rad50,low_count,1.0,1.0,1.0
L,CJA,DNA double-strand break repair nuclease NurA,low_count,6.0,0.3333333333333333,1.0
L,CJB,DNA double-strand break repair protein Mre11,low_count,1.0,1.0,1.0
L,CJC,DNA endonuclease SmrA,high_confidence,12.0,1.0,0.75
J,CJE,DNA glycosylase AlkZ-like family protein,high_confidence,28.0,1.0,0.9285714285714286
K,CJE,DNA glycosylase AlkZ-like family protein,high_confidence,28.0,1.0,0.9285714285714286
L,CJF,DNA gyrase,low_count,1.0,1.0,1.0
L,CJG,DNA gyrase C-terminal beta-propeller domain-containing protein,low_count,2.0,1.0,1.0
L,CJI,DNA gyrase inhibitor SbmC,high_confidence,11.0,1.0,1.0
L,CJK,DNA gyrase subunit A,high_confidence,64.0,1.0,0.96875
L,CJL,DNA gyrase subunit B,high_confidence,13.0,0.9230769230769232,1.0
L,CJM,DNA gyrase/topoisomerase IV subunit A,high_confidence,21.0,1.0,1.0
L,CJN,DNA gyrase/topoisomerase IV subunit B,high_confidence,12.0,1.0,1.0
L,CJO,DNA helicase,high_confidence,13.0,1.0,0.8461538461538461
L,CJP,DNA helicase I TraI,low_count,1.0,1.0,1.0
L,CJQ,DNA helicase II,high_confidence,19.0,1.0,1.0
L,CJR,DNA helicase IV,high_confidence,17.0,1.0,1.0
L,CJS,DNA helicase PcrA,high_confidence,7.0,1.0,1.0
L,CJT,DNA helicase RecQ,high_confidence,32.0,1.0,1.0
L,CJU,DNA helicase Rep,high_confidence,22.0,1.0,1.0
L,CJX,DNA helicase UvrD,low_count,1.0,1.0,1.0
L,CJZ,DNA integrity scanning diadenylate cyclase DisA,high_confidence,18.0,1.0,0.9444444444444444
L,CKD,DNA ligase,high_confidence,500.0,0.998,0.5671342685370742
L,CKE,DNA ligase D,high_confidence,231.0,1.0,1.0
L,CKF,DNA ligase LigA-related protein,low_count,2.0,0.5,1.0
L,CKG,DNA lyase,low_count,1.0,1.0,1.0
L,CKH,DNA methylase,high_confidence,82.0,1.0,0.7439024390243902
K,CKM,DNA methyltransferase,high_confidence,204.0,0.9803921568627452,0.815
L,CKM,DNA methyltransferase,high_confidence,204.0,0.9803921568627452,0.815
L,CKN,DNA mismatch endonuclease Vsr,low_count,1.0,1.0,1.0
L,CKO,DNA mismatch repair endonuclease MutH,high_confidence,11.0,1.0,1.0
L,CKP,DNA mismatch repair endonuclease MutL,high_confidence,35.0,1.0,1.0
L,CKR,DNA mismatch repair protein MutS,high_confidence,37.0,1.0,0.8918918918918919
L,CKS,DNA mismatch repair protein MutT,high_confidence,6.0,1.0,0.6666666666666666
L,CKT,DNA mobilization endonuclease VirD1/MobC family subunit,low_count,1.0,1.0,1.0
L,CKU,DNA modification methylase,high_confidence,18.0,1.0,0.9444444444444444
L,CKW,DNA oxidative demethylase AlkB,high_confidence,29.0,1.0,1.0
L,CKY,DNA packaging protein,low_count,1.0,1.0,1.0
K,CLE,DNA phosphorothioation-dependent restriction protein DptF,low_count,2.0,1.0,0.5
L,CLE,DNA phosphorothioation-dependent restriction protein DptF,low_count,2.0,1.0,0.5
L,CLH,DNA polymerase,high_confidence,23.0,1.0,0.8260869565217391
L,CLI,DNA polymerase B,low_count,1.0,1.0,1.0
L,CLJ,DNA polymerase I,high_confidence,69.0,1.0,0.9855072463768116
L,CLL,DNA polymerase II,high_confidence,21.0,1.0,1.0
L,CLM,DNA polymerase II large subunit,low_count,1.0,1.0,1.0
L,CLQ,DNA polymerase III subunit,low_count,2.0,1.0,1.0
L,CLR,DNA polymerase III subunit alpha,high_confidence,897.0,1.0,0.633221850613155
L,CLS,DNA polymerase III subunit beta,high_confidence,125.0,0.968,1.0
L,CLT,DNA polymerase III subunit chi,high_confidence,37.0,1.0,1.0
L,CLU,DNA polymerase III subunit delta,high_confidence,43.0,1.0,1.0
L,CLV,DNA polymerase III subunit delta',high_confidence,50.0,1.0,1.0
L,CLW,DNA polymerase III subunit delta' C-terminal domain-containing protein,low_count,1.0,1.0,1.0
L,CLX,DNA polymerase III subunit epsilon,high_confidence,43.0,1.0,0.9302325581395348
L,CLY,DNA polymerase III subunit gamma and tau,high_confidence,5.0,1.0,1.0
L,CLZ,DNA polymerase III subunit gamma/tau,high_confidence,57.0,0.9824561403508772,0.5
L,CMA,DNA polymerase III subunit psi,high_confidence,9.0,1.0,0.6666666666666666
L,CMB,DNA polymerase III subunit theta,high_confidence,292.0,1.0,0.8801369863013698
L,CMC,"DNA polymerase III, delta' subunit",low_count,1.0,1.0,1.0
L,CMD,DNA polymerase IV,high_confidence,184.0,1.0,1.0
L,CME,DNA polymerase LigD,low_count,2.0,1.0,1.0
L,CMG,"DNA polymerase LigD, ligase",low_count,2.0,1.0,1.0
L,CMI,DNA polymerase V catalytic protein,high_confidence,5.0,1.0,1.0
L,CML,DNA polymerase V subunit UmuC,low_count,1.0,1.0,1.0
L,CMN,DNA polymerase Y family protein,high_confidence,126.0,1.0,1.0
L,CMP,DNA polymerase domain-containing protein,high_confidence,6.0,1.0,1.0
L,CMQ,DNA polymerase elongation subunit,low_count,1.0,1.0,1.0
L,CMR,DNA polymerase ligase N-terminal domain-containing protein,high_confidence,6.0,1.0,1.0
L,CMS,DNA polymerase sliding clamp,high_confidence,11.0,1.0,1.0
L,CMU,DNA polymerase thumb domain-containing protein,high_confidence,51.0,1.0,0.9803921568627452
L,CMW,DNA polymerase/3'-5' exonuclease PolX,high_confidence,23.0,1.0,0.5217391304347826
K,CMX,DNA primase,high_confidence,670.0,0.9925373134328358,0.6150375939849624
L,CMX,DNA primase,high_confidence,670.0,0.9925373134328358,0.6150375939849624
L,CMY,DNA primase DnaG,low_count,1.0,1.0,1.0
L,CMZ,"DNA primase catalytic core, N-terminal domain protein",high_confidence,10.0,1.0,0.7
L,CNB,DNA primase family protein,high_confidence,24.0,1.0,0.625
L,CND,DNA primase small subunit PriS,low_count,1.0,1.0,1.0
L,CNG,DNA processing protein DprA,low_count,4.0,1.0,1.0
L,CNK,DNA recombination protein RecN,low_count,4.0,1.0,1.0
L,CNM,DNA recombination/repair protein RecA,low_count,1.0,1.0,1.0
K,CNP,DNA repair ATPase,high_confidence,5.0,1.0,0.6
L,CNQ,DNA repair and recombination protein RadA,low_count,2.0,1.0,1.0
L,CNR,DNA repair and recombination protein RadB,low_count,3.0,1.0,1.0
L,CNS,DNA repair exonuclease,high_confidence,47.0,1.0,1.0
L,CNU,DNA repair helicase XPB,high_confidence,6.0,1.0,1.0
L,CNV,DNA repair protein,low_count,9.0,0.3333333333333333,0.6666666666666666
L,CNW,DNA repair protein MucB,low_count,1.0,1.0,1.0
L,COA,DNA repair protein RadA,high_confidence,72.0,1.0,0.8611111111111112
L,COB,DNA repair protein RadC,high_confidence,31.0,1.0,0.6451612903225806
L,COC,DNA repair protein RecN,high_confidence,41.0,1.0,1.0
L,COD,DNA repair protein RecO,high_confidence,47.0,1.0,1.0
L,COE,DNA repair protein RecO C-terminal domain-containing protein,low_count,1.0,1.0,1.0
L,COH,DNA replication and repair protein RecF,low_count,1.0,1.0,1.0
L,COI,DNA replication initiation control protein YabA,high_confidence,6.0,0.8333333333333334,1.0
L,COJ,DNA replication protein,low_count,5.0,0.6,1.0
L,COK,DNA replication protein DnaC,high_confidence,9.0,1.0,1.0
L,COL,DNA replication protein DnaD,low_count,2.0,1.0,1.0
L,CON,DNA replication protein Orc4,low_count,1.0,1.0,1.0
J,COO,DNA replication terminus site-binding protein,ambiguous,58.0,0.6896551724137931,0.45
L,COO,DNA replication terminus site-binding protein,ambiguous,58.0,0.6896551724137931,0.45
L,COP,DNA replication/repair protein RecF,high_confidence,44.0,1.0,1.0
L,COV,DNA starvation/stationary phase protection protein Dps,high_confidence,11.0,1.0,0.7272727272727273
L,COY,DNA sulfur modification protein DndB,high_confidence,27.0,0.8518518518518519,0.9565217391304348
L,COZ,DNA sulfur modification protein DndD,high_confidence,6.0,1.0,0.8333333333333334
L,CPB,DNA topoisomerase,high_confidence,110.0,0.990909090909091,0.9357798165137616
L,CPC,DNA topoisomerase (ATP-hydrolyzing),high_confidence,5.0,1.0,1.0
L,CPD,DNA topoisomerase (ATP-hydrolyzing) subunit A,high_confidence,54.0,1.0,0.9444444444444444
L,CPE,DNA topoisomerase (ATP-hydrolyzing) subunit B,high_confidence,49.0,1.0,1.0
L,CPF,DNA topoisomerase 3,high_confidence,13.0,1.0,0.8461538461538461
L,CPG,DNA topoisomerase I,low_count,2.0,1.0,1.0
L,CPH,DNA topoisomerase IB,high_confidence,181.0,1.0,1.0
L,CPI,DNA topoisomerase III,high_confidence,43.0,1.0,0.9767441860465116
L,CPK,DNA topoisomerase IV subunit A,high_confidence,57.0,1.0,1.0
L,CPL,DNA topoisomerase IV subunit B,high_confidence,61.0,1.0,1.0
L,CPM,DNA topoisomerase VI subunit B,low_count,3.0,1.0,1.0
L,CPN,DNA topoisomerase family protein,low_count,1.0,1.0,1.0
L,CPO,DNA topoisomerase subunit B,low_count,2.0,1.0,1.0
L,CPU,DNA translocase FtsK,high_confidence,191.0,0.9581151832460733,0.8579234972677595
L,CQH,DNA-3-methyladenine glycosylase,high_confidence,103.0,1.0,1.0
K,CQI,DNA-3-methyladenine glycosylase 2,ambiguous,14.0,1.0,0.4285714285714285
L,CQI,DNA-3-methyladenine glycosylase 2,ambiguous,14.0,1.0,0.4285714285714285
K,CQJ,DNA-3-methyladenine glycosylase 2 family protein,high_confidence,26.0,1.0,0.6538461538461539
L,CQJ,DNA-3-methyladenine glycosylase 2 family protein,high_confidence,26.0,1.0,0.6538461538461539
L,CQK,DNA-3-methyladenine glycosylase I,high_confidence,146.0,0.9863013698630136,1.0
L,CQL,DNA-3-methyladenine glycosylase family protein,high_confidence,19.0,1.0,1.0
K,CQN,DNA-binding anti-repressor SinI,low_count,13.0,0.0769230769230769,1.0
L,CQP,DNA-binding domain-containing protein,high_confidence,188.0,0.9840425531914894,0.9891891891891892
K,CQR,DNA-binding protein,ambiguous,1105.0,0.3040723981900452,0.3720238095238095
L,CQR,DNA-binding protein,ambiguous,1105.0,0.3040723981900452,0.3720238095238095
L,CQU,DNA-binding protein HupB,low_count,3.0,1.0,1.0
K,CQV,DNA-binding protein StpA,high_confidence,7.0,1.0,0.7142857142857143
L,CQV,DNA-binding protein StpA,high_confidence,7.0,1.0,0.7142857142857143
K,CQW,DNA-binding protein WhiA,high_confidence,19.0,1.0,1.0
K,CQY,DNA-binding response regulator,high_confidence,55.0,0.9090909090909092,0.7
K,CQZ,DNA-binding response regulator PmrA,low_count,3.0,1.0,1.0
K,CRB,DNA-binding transcriptional activator AdiY,low_count,4.0,1.0,1.0
K,CRE,DNA-binding transcriptional activator BglJ,high_confidence,8.0,1.0,1.0
K,CRF,DNA-binding transcriptional activator PunR,high_confidence,11.0,1.0,1.0
K,CRG,DNA-binding transcriptional activator/c-di-GMP phosphodiesterase PdeL,high_confidence,8.0,1.0,1.0
K,CRI,DNA-binding transcriptional regulator,high_confidence,106.0,0.8490566037735849,0.9666666666666668
K,CRJ,DNA-binding transcriptional regulator ArgP,high_confidence,9.0,1.0,1.0
K,CRK,DNA-binding transcriptional regulator AscG,low_count,1.0,1.0,1.0
K,CRL,DNA-binding transcriptional regulator CdaR,high_confidence,7.0,1.0,1.0
K,CRM,DNA-binding transcriptional regulator CecR,low_count,1.0,1.0,1.0
K,CRN,DNA-binding transcriptional regulator CsiR,high_confidence,6.0,1.0,1.0
K,CRO,DNA-binding transcriptional regulator CytR,high_confidence,10.0,1.0,1.0
K,CRP,DNA-binding transcriptional regulator DecR,high_confidence,6.0,1.0,1.0
K,CRQ,DNA-binding transcriptional regulator DmlR,low_count,2.0,1.0,1.0
K,CRR,DNA-binding transcriptional regulator DsdC,high_confidence,9.0,1.0,1.0
K,CRS,DNA-binding transcriptional regulator EnvY,low_count,2.0,1.0,1.0
K,CRT,DNA-binding transcriptional regulator Fis,high_confidence,14.0,1.0,1.0
L,CRT,DNA-binding transcriptional regulator Fis,high_confidence,14.0,1.0,1.0
K,CRV,DNA-binding transcriptional regulator HcaR,high_confidence,5.0,1.0,1.0
K,CRW,DNA-binding transcriptional regulator HexR,low_count,4.0,1.0,1.0
K,CRX,DNA-binding transcriptional regulator HyfR,low_count,1.0,1.0,1.0
K,CRY,DNA-binding transcriptional regulator IdnR,low_count,1.0,1.0,1.0
K,CRZ,DNA-binding transcriptional regulator KdgR,high_confidence,29.0,1.0,1.0
K,CSA,DNA-binding transcriptional regulator LysR,low_count,1.0,1.0,1.0
K,CSB,DNA-binding transcriptional regulator NagC,high_confidence,8.0,1.0,1.0
K,CSC,DNA-binding transcriptional regulator NemR,low_count,2.0,1.0,1.0
K,CSD,DNA-binding transcriptional regulator NfeR,low_count,1.0,1.0,1.0
K,CSE,DNA-binding transcriptional regulator NimR,low_count,3.0,1.0,1.0
K,CSF,DNA-binding transcriptional regulator OxyR,high_confidence,12.0,1.0,1.0
K,CSG,DNA-binding transcriptional regulator PgrR,low_count,3.0,1.0,1.0
K,CSH,DNA-binding transcriptional regulator RcdA,low_count,1.0,1.0,1.0
K,CSI,DNA-binding transcriptional regulator RtcR,low_count,1.0,1.0,1.0
K,CSJ,DNA-binding transcriptional regulator SfsB,high_confidence,8.0,1.0,1.0
K,CSK,DNA-binding transcriptional regulator SgrR,low_count,3.0,1.0,1.0
K,CSL,DNA-binding transcriptional regulator SutR,low_count,3.0,1.0,1.0
K,CSM,DNA-binding transcriptional regulator UidR,low_count,2.0,1.0,1.0
K,CSO,DNA-binding transcriptional regulator YafC,high_confidence,7.0,1.0,1.0
K,CSP,DNA-binding transcriptional regulator YciT,high_confidence,13.0,1.0,1.0
K,CSQ,DNA-binding transcriptional regulator YeiE,high_confidence,11.0,1.0,1.0
K,CSR,DNA-binding transcriptional regulator YhaJ,high_confidence,6.0,1.0,1.0
K,CSS,DNA-binding transcriptional regulator YqhC,low_count,1.0,1.0,1.0
K,CST,DNA-binding transcriptional regulator rspR,low_count,1.0,1.0,1.0
K,CSV,DNA-binding transcriptional repressor BluR,high_confidence,6.0,1.0,1.0
K,CSW,DNA-binding transcriptional repressor CitR,low_count,2.0,1.0,1.0
K,CSX,DNA-binding transcriptional repressor DeoR,high_confidence,16.0,1.0,1.0
K,CSY,DNA-binding transcriptional repressor GlpR,low_count,1.0,1.0,1.0
K,CSZ,DNA-binding transcriptional repressor LacI,high_confidence,17.0,1.0,1.0
K,CTB,DNA-binding transcriptional repressor XynR,high_confidence,6.0,1.0,1.0
K,CTC,DNA-binding transcriptional repressor YgbI,high_confidence,5.0,1.0,1.0
L,CTD,DNA-cytosine methyltransferase,low_count,3.0,1.0,1.0
L,CTF,DNA-deoxyinosine glycosylase,high_confidence,11.0,1.0,1.0
L,CTH,DNA-directed DNA polymerase,low_count,3.0,1.0,1.0
L,CTI,DNA-directed DNA polymerase II small subunit,low_count,1.0,1.0,1.0
K,CTJ,DNA-directed RNA polymerase,high_confidence,5.0,1.0,0.6
K,CTM,DNA-directed RNA polymerase subunit A',low_count,1.0,1.0,1.0
K,CTN,DNA-directed RNA polymerase subunit A'',low_count,1.0,1.0,1.0
K,CTO,DNA-directed RNA polymerase subunit B,low_count,1.0,1.0,1.0
K,CTP,DNA-directed RNA polymerase subunit B'',low_count,1.0,1.0,1.0
K,CTQ,DNA-directed RNA polymerase subunit D,low_count,1.0,1.0,1.0
K,CTR,DNA-directed RNA polymerase subunit H,low_count,1.0,1.0,1.0
K,CTS,DNA-directed RNA polymerase subunit K,low_count,1.0,1.0,1.0
K,CTT,DNA-directed RNA polymerase subunit L,low_count,1.0,1.0,1.0
K,CTU,DNA-directed RNA polymerase subunit M,low_count,1.0,1.0,1.0
K,CTV,DNA-directed RNA polymerase subunit N,low_count,1.0,1.0,1.0
K,CTW,DNA-directed RNA polymerase subunit P,low_count,2.0,0.5,1.0
K,CTX,DNA-directed RNA polymerase subunit alpha,high_confidence,57.0,1.0,1.0
K,CTY,DNA-directed RNA polymerase subunit alpha C-terminal domain-containing protein,low_count,19.0,0.1052631578947368,1.0
K,CTZ,DNA-directed RNA polymerase subunit beta,high_confidence,55.0,0.9818181818181818,0.9444444444444444
K,CUA,DNA-directed RNA polymerase subunit beta',high_confidence,50.0,1.0,1.0
K,CUB,DNA-directed RNA polymerase subunit delta,high_confidence,7.0,0.7142857142857143,1.0
K,CUD,DNA-directed RNA polymerase subunit omega,high_confidence,50.0,0.94,0.9361702127659576
L,CUH,DNA-formamidopyrimidine glycosylase,high_confidence,6.0,1.0,1.0
L,CUI,DNA-formamidopyrimidine glycosylase family protein,high_confidence,5.0,1.0,1.0
L,CUK,DNA-methyltransferase,high_confidence,62.0,1.0,0.8548387096774194
L,CUM,DNA-packaging protein,high_confidence,20.0,0.7,0.8571428571428571
L,CUN,DNA-packaging protein FI,high_confidence,7.0,0.8571428571428571,0.8333333333333334
L,CUP,DNA-processing protein DprA,high_confidence,79.0,0.9873417721518988,1.0
L,CUQ,DNA-protecting protein DprA,high_confidence,6.0,1.0,1.0
L,CUS,DNA/RNA helicase domain-containing protein,high_confidence,59.0,1.0,0.8305084745762712
L,CUT,DNA/RNA non-specific endonuclease,high_confidence,158.0,0.9683544303797468,0.8169934640522876
K,CUU,DNA/RNA nuclease SfsA,high_confidence,21.0,0.9523809523809524,0.85
K,CVD,DRTGG domain-containing protein,low_count,1.0,1.0,1.0
K,CWV,DUF1109 domain-containing protein,high_confidence,35.0,0.9714285714285714,0.9705882352941176
L,CXC,DUF1128 family protein,low_count,1.0,1.0,1.0
L,CXS,DUF1153 domain-containing protein,high_confidence,24.0,0.875,0.5238095238095238
L,CXT,DUF1156 domain-containing protein,high_confidence,19.0,1.0,1.0
L,CYO,DUF1192 family protein,low_count,1.0,1.0,1.0
K,CZC,DUF1232 domain-containing protein,high_confidence,7.0,0.7142857142857143,0.6
J,CZY,DUF1281 domain-containing protein,high_confidence,32.0,0.90625,0.896551724137931
K,DAI,DUF1294 domain-containing protein,high_confidence,30.0,0.8666666666666667,0.7307692307692307
L,DBC,DUF134 domain-containing protein,high_confidence,10.0,1.0,0.8
K,DBI,DUF1348 family protein,high_confidence,39.0,1.0,0.8974358974358975
L,DBI,DUF1348 family protein,high_confidence,39.0,1.0,0.8974358974358975
K,DCF,DUF1398 domain-containing protein,high_confidence,25.0,1.0,0.72
K,DCG,DUF1398 family protein,low_count,4.0,1.0,0.5
K,DEQ,DUF1492 domain-containing protein,high_confidence,6.0,0.8333333333333334,0.8
L,DFJ,DUF1524 domain-containing protein,high_confidence,24.0,0.875,0.9523809523809524
K,DGD,DUF1566 domain-containing protein,ambiguous,34.0,0.7352941176470589,0.32
L,DGD,DUF1566 domain-containing protein,ambiguous,34.0,0.7352941176470589,0.32
K,DHI,DUF1627 domain-containing protein,high_confidence,6.0,1.0,1.0
L,DHK,DUF1631 domain-containing protein,low_count,1.0,1.0,1.0
J,DHX,DUF1653 domain-containing protein,high_confidence,45.0,0.6444444444444445,0.5517241379310345
K,DHX,DUF1653 domain-containing protein,high_confidence,45.0,0.6444444444444445,0.5517241379310345
K,DJD,DUF1707 domain-containing protein,high_confidence,15.0,0.9333333333333332,0.8571428571428571
K,DJR,DUF1778 domain-containing protein,high_confidence,480.0,0.9395833333333332,0.9889135254988912
K,DJV,DUF1795 domain-containing protein,high_confidence,74.0,0.9864864864864864,0.9315068493150684
L,DJV,DUF1795 domain-containing protein,high_confidence,74.0,0.9864864864864864,0.9315068493150684
L,DKD,DUF1804 family protein,high_confidence,7.0,1.0,0.7142857142857143
K,DKW,DUF1835 domain-containing protein,high_confidence,7.0,0.7142857142857143,0.8
K,DKX,DUF1836 domain-containing protein,high_confidence,13.0,1.0,0.9230769230769232
L,DKY,DUF1837 domain-containing protein,high_confidence,5.0,1.0,0.8
L,DMF,DUF1882 domain-containing protein,low_count,2.0,1.0,1.0
K,DMV,DUF1918 domain-containing protein,ambiguous,14.0,1.0,0.4285714285714285
J,DNJ,DUF1963 domain-containing protein,high_confidence,26.0,0.7307692307692307,0.631578947368421
L,DOM,DUF2027 domain-containing protein,low_count,2.0,1.0,1.0
L,DOW,DUF2064 domain-containing protein,high_confidence,5.0,1.0,0.6
L,DPE,DUF2075 domain-containing protein,high_confidence,60.0,1.0,0.8333333333333334
K,DPL,DUF2087 domain-containing protein,high_confidence,66.0,0.9545454545454546,0.9523809523809524
K,DQQ,DUF2156 domain-containing protein,high_confidence,13.0,1.0,0.5384615384615384
K,DSR,DUF2218 domain-containing protein,ambiguous,110.0,0.9727272727272728,0.4672897196261682
K,DSU,DUF2225 domain-containing protein,low_count,2.0,1.0,0.5
K,DSY,DUF2235 domain-containing protein,high_confidence,73.0,1.0,0.9315068493150684
K,DTK,DUF2250 domain-containing protein,low_count,3.0,1.0,1.0
K,DTM,DUF2252 domain-containing protein,high_confidence,26.0,1.0,0.8076923076923077
L,DVR,DUF2322 family protein,high_confidence,107.0,1.0,0.9813084112149532
L,DVS,DUF2325 domain-containing protein,high_confidence,69.0,0.8985507246376812,0.5967741935483871
L,DVT,DUF2326 domain-containing protein,high_confidence,11.0,0.8181818181818182,0.8888888888888888
K,DWA,DUF2336 domain-containing protein,high_confidence,49.0,0.9591836734693876,0.9787234042553192
K,DWV,DUF2436 domain-containing protein,low_count,1.0,1.0,1.0
L,DXV,DUF2493 domain-containing protein,high_confidence,105.0,0.9904761904761904,0.8942307692307693
K,DYG,DUF2510 domain-containing protein,high_confidence,21.0,0.238095238095238,1.0
L,DYG,DUF2510 domain-containing protein,high_confidence,21.0,0.238095238095238,1.0
L,EBF,DUF262 domain-containing HNH endonuclease family protein,low_count,2.0,1.0,0.5
K,EBG,DUF262 domain-containing protein,high_confidence,346.0,0.9046242774566474,0.8498402555910544
L,EBG,DUF262 domain-containing protein,high_confidence,346.0,0.9046242774566474,0.8498402555910544
K,ECA,DUF2637 domain-containing protein,high_confidence,166.0,0.7168674698795181,0.6722689075630253
L,ECA,DUF2637 domain-containing protein,high_confidence,166.0,0.7168674698795181,0.6722689075630253
K,ECW,DUF2703 domain-containing protein,low_count,2.0,1.0,0.5
K,EDG,DUF2716 domain-containing protein,high_confidence,12.0,0.8333333333333334,0.8
L,EDK,DUF2726 domain-containing protein,high_confidence,68.0,0.7794117647058824,0.6226415094339622
L,EFA,DUF2779 domain-containing protein,high_confidence,6.0,1.0,0.6666666666666666
L,EFU,DUF2800 domain-containing protein,high_confidence,6.0,1.0,0.8333333333333334
L,EGE,DUF2813 domain-containing protein,high_confidence,9.0,1.0,0.7777777777777778
L,EIX,DUF2924 domain-containing protein,high_confidence,50.0,0.96,0.9375
L,EJX,DUF2958 domain-containing protein,high_confidence,43.0,0.8604651162790697,0.7297297297297297
J,EJZ,DUF296 domain-containing protein,high_confidence,7.0,1.0,0.5714285714285714
J,EKI,DUF2971 domain-containing protein,high_confidence,403.0,0.9255583126550868,0.9973190348525468
L,ENO,DUF3102 domain-containing protein,low_count,26.0,0.1153846153846153,0.6666666666666666
K,ENR,DUF3105 domain-containing protein,high_confidence,15.0,0.8,0.75
L,ENR,DUF3105 domain-containing protein,high_confidence,15.0,0.8,0.75
L,EOF,DUF3127 domain-containing protein,low_count,2.0,1.0,0.5
L,EOO,DUF3140 domain-containing protein,high_confidence,12.0,0.9166666666666666,0.8181818181818182
K,EOX,DUF3150 domain-containing protein,high_confidence,52.0,0.8076923076923077,0.5238095238095238
K,EPG,DUF3160 domain-containing protein,low_count,2.0,1.0,1.0
J,EPO,DUF3175 domain-containing protein,high_confidence,57.0,1.0,0.9824561403508772
J,EPX,DUF3192 domain-containing protein,low_count,4.0,1.0,1.0
L,ESJ,DUF3320 domain-containing protein,high_confidence,44.0,1.0,1.0
K,ETU,DUF3379 domain-containing protein,low_count,1.0,1.0,1.0
K,ETV,DUF3379 family protein,low_count,2.0,1.0,1.0
L,EUM,DUF3418 domain-containing protein,low_count,2.0,1.0,1.0
L,EUO,DUF342 domain-containing protein,high_confidence,13.0,0.9230769230769232,1.0
L,EUT,DUF3427 domain-containing protein,high_confidence,7.0,1.0,0.8571428571428571
K,EVX,DUF3489 domain-containing protein,high_confidence,26.0,1.0,1.0
J,EWU,DUF3558 domain-containing protein,high_confidence,13.0,0.7692307692307693,0.8
L,EWX,DUF3560 domain-containing protein,high_confidence,171.0,0.9824561403508772,0.5714285714285714
J,EXE,DUF3565 domain-containing protein,high_confidence,8.0,1.0,1.0
J,EXK,DUF3574 domain-containing protein,high_confidence,17.0,0.8823529411764706,0.5333333333333333
K,EXP,DUF3579 domain-containing protein,high_confidence,6.0,1.0,1.0
K,EYG,DUF3612 domain-containing protein,high_confidence,8.0,1.0,1.0
K,EYI,DUF3616 domain-containing protein,high_confidence,13.0,0.8461538461538461,0.5454545454545454
L,EYT,DUF3631 domain-containing protein,low_count,3.0,1.0,0.6666666666666666
L,EZY,DUF3732 domain-containing protein,high_confidence,20.0,1.0,0.7
L,FAN,DUF3782 domain-containing protein,low_count,1.0,1.0,1.0
K,FAS,DUF3788 domain-containing protein,high_confidence,21.0,1.0,0.7619047619047619
K,FBD,DUF3798 domain-containing protein,low_count,2.0,1.0,0.5
L,FBM,DUF3820 family protein,high_confidence,38.0,0.9736842105263158,0.972972972972973
K,FBQ,DUF3825 domain-containing protein,low_count,3.0,0.6666666666666666,1.0
L,FCD,DUF3849 domain-containing protein,low_count,1.0,1.0,1.0
K,FCH,DUF3854 domain-containing protein,high_confidence,53.0,0.8301886792452831,0.9772727272727272
L,FCH,DUF3854 domain-containing protein,high_confidence,53.0,0.8301886792452831,0.9772727272727272
L,FDA,DUF3883 domain-containing protein,high_confidence,44.0,0.9545454545454546,0.8809523809523809
L,FFH,DUF3945 domain-containing protein,low_count,4.0,1.0,0.5
K,FGB,DUF3967 domain-containing protein,high_confidence,96.0,0.875,0.9047619047619048
L,FGD,DUF397 domain-containing protein,high_confidence,95.0,0.7052631578947368,0.9850746268656716
L,FGU,DUF3987 domain-containing protein,low_count,4.0,0.5,0.5
L,FGW,DUF3991 and toprim domain-containing protein,high_confidence,63.0,1.0,0.5238095238095238
L,FGX,DUF3991 and toprim domain-containing protein,high_confidence,63.0,1.0,0.5238095238095238
L,FGY,DUF3991 domain-containing protein,high_confidence,10.0,1.0,0.9
L,FHN,DUF4011 domain-containing protein,high_confidence,19.0,0.9473684210526316,1.0
K,FHT,DUF4019 domain-containing protein,high_confidence,14.0,0.7142857142857143,0.7
J,FHU,DUF402 domain-containing protein,high_confidence,16.0,0.9375,0.6666666666666666
J,FIO,DUF4041 domain-containing protein,high_confidence,141.0,0.9929078014184396,0.8785714285714286
K,FJD,DUF4062 domain-containing protein,high_confidence,26.0,0.7692307692307693,0.7
L,FJZ,DUF4102 domain-containing protein,low_count,2.0,0.5,1.0
L,FKE,DUF4113 domain-containing protein,high_confidence,23.0,0.7391304347826086,1.0
L,FKH,DUF4116 domain-containing protein,high_confidence,97.0,0.0927835051546391,0.8888888888888888
L,FKU,DUF4130 domain-containing protein,low_count,4.0,1.0,1.0
K,FLI,DUF4145 domain-containing protein,high_confidence,62.0,0.4354838709677419,0.925925925925926
L,FLL,DUF4149 domain-containing protein,high_confidence,13.0,0.7692307692307693,0.9
K,FLM,DUF4150 domain-containing protein,high_confidence,32.0,1.0,0.5625
L,FLN,DUF4153 domain-containing protein,ambiguous,20.0,0.95,0.3157894736842105
K,FLP,DUF4157 domain-containing protein,ambiguous,48.0,0.9583333333333334,0.4347826086956521
L,FLQ,DUF4158 domain-containing protein,high_confidence,95.0,0.9157894736842104,1.0
K,FLY,DUF4167 domain-containing protein,high_confidence,32.0,0.4375,0.8571428571428571
L,FMI,DUF4176 domain-containing protein,high_confidence,10.0,0.5,0.6
L,FMK,DUF4178 domain-containing protein,high_confidence,103.0,0.9805825242718448,0.9702970297029704
K,FML,DUF4179 domain-containing protein,high_confidence,15.0,0.8,0.5833333333333334
J,FMM,DUF418 domain-containing protein,high_confidence,145.0,0.986206896551724,0.6223776223776224
K,FMO,DUF4180 domain-containing protein,high_confidence,6.0,0.8333333333333334,0.6
L,FMT,DUF4186 domain-containing protein,high_confidence,19.0,0.9473684210526316,0.9444444444444444
K,FMW,DUF4189 domain-containing protein,high_confidence,21.0,0.9047619047619048,0.9473684210526316
L,FMW,DUF4189 domain-containing protein,high_confidence,21.0,0.9047619047619048,0.9473684210526316
J,FNK,DUF4202 domain-containing protein,low_count,2.0,1.0,1.0
J,FNM,DUF4208 domain-containing protein,low_count,1.0,1.0,1.0
J,FNN,DUF4209 domain-containing protein,low_count,16.0,0.25,0.75
K,FNO,DUF421 domain-containing protein,high_confidence,176.0,1.0,0.9829545454545454
J,FNQ,DUF4214 domain-containing protein,high_confidence,62.0,0.9193548387096774,0.543859649122807
K,FOC,DUF4232 domain-containing protein,high_confidence,64.0,0.875,0.9821428571428572
L,FOC,DUF4232 domain-containing protein,high_confidence,64.0,0.875,0.9821428571428572
L,FOK,DUF4240 domain-containing protein,high_confidence,19.0,0.9473684210526316,0.8888888888888888
L,FPN,DUF4268 domain-containing protein,high_confidence,25.0,1.0,0.96
L,FPX,DUF4277 domain-containing protein,low_count,3.0,1.0,1.0
K,FRB,DUF4309 domain-containing protein,low_count,1.0,1.0,1.0
K,FRR,DUF4328 domain-containing protein,high_confidence,9.0,1.0,0.8888888888888888
L,FRR,DUF4328 domain-containing protein,high_confidence,9.0,1.0,0.8888888888888888
K,FRT,DUF433 domain-containing protein,high_confidence,59.0,0.864406779661017,0.9607843137254902
J,FSI,DUF4342 domain-containing protein,low_count,1.0,1.0,1.0
J,FSO,DUF4347 domain-containing protein,high_confidence,75.0,0.9733333333333334,0.8904109589041096
K,FSQ,DUF4349 domain-containing protein,ambiguous,7.0,1.0,0.4285714285714285
L,FSR,DUF4350 domain-containing protein,high_confidence,12.0,0.6666666666666666,1.0
L,FSW,DUF4357 domain-containing protein,high_confidence,17.0,0.6470588235294118,0.6363636363636364
K,FTD,DUF4365 domain-containing protein,high_confidence,73.0,0.3561643835616438,0.9615384615384616
L,FTI,DUF4372 domain-containing protein,low_count,1.0,1.0,1.0
L,FTJ,DUF4373 domain-containing protein,high_confidence,5.0,1.0,0.6
L,FTM,DUF4376 domain-containing protein,high_confidence,47.0,0.1489361702127659,0.5714285714285714
K,FTU,DUF4384 domain-containing protein,high_confidence,18.0,0.8333333333333334,0.5333333333333333
L,FTU,DUF4384 domain-containing protein,high_confidence,18.0,0.8333333333333334,0.5333333333333333
K,FUA,DUF4388 domain-containing protein,high_confidence,8.0,0.875,0.5714285714285714
L,FUT,DUF4406 domain-containing protein,high_confidence,123.0,0.983739837398374,0.8347107438016529
K,FVG,DUF4423 domain-containing protein,low_count,1.0,1.0,1.0
J,FWD,DUF4440 domain-containing protein,high_confidence,78.0,0.8589743589743589,0.8208955223880597
K,FWD,DUF4440 domain-containing protein,high_confidence,78.0,0.8589743589743589,0.8208955223880597
K,FWT,DUF448 domain-containing protein,low_count,2.0,1.0,1.0
K,FYQ,DUF4825 domain-containing protein,low_count,2.0,1.0,1.0
L,FZT,DUF4862 family protein,low_count,4.0,1.0,1.0
K,GAK,DUF488 domain-containing protein,high_confidence,217.0,0.9907834101382488,0.9627906976744186
L,GAK,DUF488 domain-containing protein,high_confidence,217.0,0.9907834101382488,0.9627906976744186
K,GAL,DUF488 family protein,high_confidence,62.0,0.8548387096774194,0.7924528301886793
L,GAL,DUF488 family protein,high_confidence,62.0,0.8548387096774194,0.7924528301886793
L,GCF,DUF4942 domain-containing protein,high_confidence,425.0,0.9905882352941175,0.6342042755344418
K,GFN,DUF5131 family protein,high_confidence,59.0,0.9830508474576272,0.8448275862068966
L,GFN,DUF5131 family protein,high_confidence,59.0,0.9830508474576272,0.8448275862068966
K,GFT,DUF523 domain-containing protein,high_confidence,36.0,1.0,0.7222222222222222
L,GKA,DUF559 domain-containing protein,high_confidence,24.0,0.875,0.8095238095238095
L,GLE,DUF5655 domain-containing protein,high_confidence,25.0,0.96,1.0
K,GMJ,DUF5691 domain-containing protein,low_count,5.0,0.8,1.0
L,GMZ,DUF5710 domain-containing protein,high_confidence,14.0,0.7857142857142857,0.8181818181818182
K,GNK,DUF5753 domain-containing protein,high_confidence,5.0,1.0,1.0
K,GQE,DUF5937 family protein,high_confidence,13.0,1.0,1.0
L,GSL,DUF6017 domain-containing protein,low_count,4.0,1.0,1.0
K,GSY,DUF6036 family nucleotidyltransferase,low_count,27.0,0.1111111111111111,0.6666666666666666
L,GUE,DUF6079 family protein,low_count,3.0,1.0,1.0
K,GUN,DUF6088 family protein,high_confidence,114.0,0.8947368421052632,1.0
L,GUQ,DUF6094 domain-containing protein,high_confidence,33.0,0.9090909090909092,1.0
K,GWS,DUF6166 domain-containing protein,low_count,61.0,0.0163934426229508,1.0
L,GWZ,DUF6177 family protein,low_count,1.0,1.0,1.0
J,HAK,DUF6290 family protein,high_confidence,18.0,0.6111111111111112,0.9090909090909092
J,HAW,DUF6302 family protein,low_count,18.0,0.0555555555555555,1.0
K,HBG,DUF6314 family protein,low_count,8.0,0.125,1.0
L,HCW,DUF6368 family protein,low_count,6.0,0.1666666666666666,1.0
L,HEU,DUF6431 domain-containing protein,high_confidence,17.0,0.2941176470588235,1.0
L,HFF,DUF6444 domain-containing protein,low_count,5.0,0.6,0.6666666666666666
K,HFP,DUF6456 domain-containing protein,low_count,4.0,0.5,1.0
L,HHA,DUF6504 family protein,high_confidence,13.0,0.5384615384615384,1.0
K,HHM,DUF6516 family protein,high_confidence,25.0,0.24,0.6666666666666666
L,HHZ,DUF6538 domain-containing protein,high_confidence,33.0,0.7575757575757576,1.0
J,HIG,DUF655 domain-containing protein,low_count,1.0,1.0,1.0
K,HIH,DUF6551 family protein,high_confidence,5.0,1.0,1.0
J,HIT,DUF6573 family protein,high_confidence,16.0,0.5625,0.8888888888888888
K,HJE,DUF6596 domain-containing protein,high_confidence,25.0,1.0,1.0
K,HJF,DUF6597 domain-containing transcriptional factor,low_count,1.0,1.0,1.0
L,HJI,DUF6603 domain-containing protein,high_confidence,16.0,0.75,1.0
K,HNO,DUF6777 domain-containing protein,high_confidence,6.0,0.8333333333333334,0.6
L,HNO,DUF6777 domain-containing protein,high_confidence,6.0,0.8333333333333334,0.6
J,HPO,DUF6884 domain-containing protein,high_confidence,71.0,0.4084507042253521,0.7931034482758621
K,HQC,DUF6900 domain-containing protein,high_confidence,43.0,0.627906976744186,1.0
K,HUM,DUF7120 family protein,low_count,3.0,0.6666666666666666,1.0
L,HVA,DUF7146 domain-containing protein,high_confidence,76.0,1.0,0.9473684210526316
L,HVK,DUF72 domain-containing protein,high_confidence,104.0,0.9903846153846154,0.970873786407767
L,HVM,DUF721 domain-containing protein,high_confidence,53.0,0.9622641509433962,0.9803921568627452
K,HVQ,DUF7218 family protein,low_count,2.0,1.0,0.5
J,HVU,DUF7221 family queuine tRNA-ribosyltransferase-like protein,low_count,8.0,0.5,1.0
L,HWR,DUF7281 domain-containing protein,low_count,4.0,0.5,1.0
J,HXT,DUF7342 family protein,high_confidence,29.0,1.0,0.5172413793103449
K,HXT,DUF7342 family protein,high_confidence,29.0,1.0,0.5172413793103449
K,HXU,DUF7343 domain-containing protein,low_count,1.0,1.0,1.0
K,HXV,DUF7344 domain-containing protein,high_confidence,63.0,0.7936507936507936,0.7
K,HXW,DUF7345 domain-containing protein,low_count,2.0,1.0,1.0
K,HYA,DUF7351 domain-containing protein,high_confidence,10.0,0.9,1.0
K,HYD,DUF736 domain-containing protein,high_confidence,240.0,1.0,0.8416666666666667
K,HYE,DUF736 family protein,high_confidence,39.0,0.9743589743589745,0.8947368421052632
J,HYL,DUF7380 domain-containing protein,low_count,2.0,1.0,0.5
J,HYW,DUF7411 family protein,low_count,1.0,1.0,1.0
K,HYY,DUF742 domain-containing protein,high_confidence,80.0,0.8625,0.7101449275362319
K,HZB,DUF7436 family protein,low_count,1.0,1.0,1.0
K,HZC,DUF7437 domain-containing protein,high_confidence,12.0,1.0,1.0
L,HZG,DUF746 domain-containing protein,high_confidence,35.0,0.9714285714285714,1.0
K,HZU,DUF7504 family protein,high_confidence,19.0,0.8947368421052632,0.7647058823529411
K,IAG,DUF7522 family protein,high_confidence,6.0,1.0,1.0
K,ICO,DUF7666 domain-containing protein,low_count,8.0,0.375,1.0
L,IEA,DUF790 family protein,high_confidence,13.0,1.0,0.6153846153846154
J,IEE,DUF805 domain-containing protein,high_confidence,90.0,0.8333333333333334,0.9733333333333334
L,IEE,DUF805 domain-containing protein,high_confidence,90.0,0.8333333333333334,0.9733333333333334
L,IFA,DUF87 domain-containing protein,high_confidence,54.0,0.8888888888888888,0.5208333333333334
K,IFT,DUF905 family protein,high_confidence,53.0,0.9622641509433962,0.9803921568627452
L,IGE,DUF927 domain-containing protein,high_confidence,14.0,0.8571428571428571,1.0
L,IGH,DUF932 domain-containing protein,high_confidence,222.0,0.9009009009009008,0.67
J,IGM,DUF938 domain-containing protein,high_confidence,21.0,1.0,0.9523809523809524
K,IGS,DUF952 domain-containing protein,high_confidence,23.0,0.9565217391304348,0.9090909090909092
L,IGX,DUF960 family protein,high_confidence,14.0,0.7857142857142857,0.9090909090909092
K,IHH,DUF977 family protein,high_confidence,13.0,1.0,0.7692307692307693
L,IHQ,DUF99 family protein,low_count,3.0,1.0,0.6666666666666666
K,IHU,DUF998 domain-containing protein,high_confidence,33.0,0.9090909090909092,0.9333333333333332
L,IHU,DUF998 domain-containing protein,high_confidence,33.0,0.9090909090909092,0.9333333333333332
L,IHZ,Dam family site-specific DNA-(adenine-N6)-methyltransferase,high_confidence,424.0,1.0,0.9080188679245284
J,IIA,DapH/DapD/GlmU-related protein,high_confidence,178.0,1.0,0.904494382022472
K,IIH,DcrB-related protein,high_confidence,25.0,1.0,0.92
L,IIH,DcrB-related protein,high_confidence,25.0,1.0,0.92
K,IIU,DegV family protein,high_confidence,35.0,1.0,0.9714285714285714
K,IIV,DeoR family transcriptional regulator,high_confidence,85.0,0.9647058823529412,0.6585365853658537
K,IIW,DeoR/GlpR family DNA-binding transcription regulator,high_confidence,730.0,1.0,0.9767123287671232
K,IIX,DeoR/GlpR family transcriptional regulator,high_confidence,12.0,1.0,1.0
K,IIY,DeoR/GlpR transcriptional regulator,low_count,1.0,1.0,1.0
J,IIZ,Der GTPase-activating protein YihI,high_confidence,11.0,1.0,0.9090909090909092
L,IJD,DevR family CRISPR-associated autoregulator,low_count,2.0,1.0,1.0
J,IJH,DgaE family pyridoxal phosphate-dependent ammonia lyase,high_confidence,11.0,1.0,0.9090909090909092
J,IJM,DinB family protein,high_confidence,327.0,0.9847094801223242,0.8975155279503105
K,IJM,DinB family protein,high_confidence,327.0,0.9847094801223242,0.8975155279503105
L,IJM,DinB family protein,high_confidence,327.0,0.9847094801223242,0.8975155279503105
L,IJO,DinI-like family protein,high_confidence,35.0,0.8,0.9642857142857144
L,IJV,Dna2/Cas4 domain-containing protein,low_count,2.0,1.0,1.0
L,IJW,DnaA ATPase domain-containing protein,high_confidence,11.0,1.0,1.0
L,IJX,DnaA N-terminal domain-containing protein,high_confidence,113.0,0.0442477876106194,0.8
J,IJY,DnaA inactivator Hda,high_confidence,11.0,1.0,0.9090909090909092
L,IJY,DnaA inactivator Hda,high_confidence,11.0,1.0,0.9090909090909092
J,IJZ,DnaA initiator-associating protein DiaA,high_confidence,9.0,1.0,0.8888888888888888
L,IKA,DnaA regulatory inactivator Hda,high_confidence,10.0,1.0,1.0
L,IKB,DnaA regulatory inactivator HdaA,high_confidence,5.0,1.0,1.0
L,IKC,DnaA/Hda family protein,low_count,2.0,1.0,1.0
L,IKE,DnaB helicase C-terminal domain-containing protein,low_count,3.0,1.0,0.6666666666666666
K,IKF,DnaB-like helicase C-terminal domain-containing protein,high_confidence,977.0,0.992835209825998,0.7
L,IKF,DnaB-like helicase C-terminal domain-containing protein,high_confidence,977.0,0.992835209825998,0.7
L,IKG,DnaB-like helicase N-terminal domain-containing protein,high_confidence,14.0,0.8571428571428571,1.0
L,IKH,DnaD domain protein,high_confidence,55.0,0.9636363636363636,0.981132075471698
L,IKI,DnaD domain-containing protein,low_count,3.0,1.0,1.0
K,IKK,DnaJ C-terminal domain-containing protein,high_confidence,102.0,1.0,0.9803921568627452
L,IKK,DnaJ C-terminal domain-containing protein,high_confidence,102.0,1.0,0.9803921568627452
L,IKP,DnaT-like ssDNA-binding domain-containing protein,high_confidence,11.0,0.8181818181818182,0.6666666666666666
J,ILZ,DoxX family protein,high_confidence,937.0,0.9786552828175028,0.9880043620501636
K,ILZ,DoxX family protein,high_confidence,937.0,0.9786552828175028,0.9880043620501636
L,ILZ,DoxX family protein,high_confidence,937.0,0.9786552828175028,0.9880043620501636
L,IMD,DpnI domain-containing protein,low_count,5.0,0.6,1.0
L,IME,DpnII family type II restriction endonuclease,low_count,3.0,0.6666666666666666,1.0
K,INZ,ECF RNA polymerase sigma factor SigK,low_count,2.0,1.0,1.0
K,IOA,"ECF subfamily RNA polymerase sigma factor, BldN family",low_count,1.0,1.0,1.0
K,IOD,ECF-type sigma factor,low_count,4.0,0.75,1.0
K,IOG,ECP biosynthesis operon DNA-binding transcriptional regulator EcpR,high_confidence,9.0,1.0,1.0
J,IOO,EF-P lysine aminoacylase EpmA,high_confidence,29.0,1.0,1.0
J,IOP,EF-Tu/IF-2/RF-3 family GTPase,low_count,1.0,1.0,1.0
L,IPC,ERCC4 domain-containing protein,high_confidence,27.0,0.6666666666666666,0.8333333333333334
L,IPE,ERF family protein,high_confidence,50.0,0.9,0.9333333333333332
L,IPU,EVE domain-containing protein,high_confidence,27.0,1.0,0.9629629629629628
K,IQC,EamA family transporter,high_confidence,365.0,0.9616438356164384,0.7264957264957265
L,IQJ,Eco29kI family restriction endonuclease,low_count,2.0,1.0,1.0
L,IQK,Eco47II family restriction endonuclease,low_count,2.0,1.0,1.0
K,IQL,Eco57I restriction-modification methylase domain-containing protein,high_confidence,131.0,0.9770992366412212,0.53125
L,IQL,Eco57I restriction-modification methylase domain-containing protein,high_confidence,131.0,0.9770992366412212,0.53125
L,IQM,EcoAI/FtnUII family type I restriction enzme subunit R,high_confidence,12.0,1.0,0.8333333333333334
L,IUC,ExeA family protein,high_confidence,70.0,1.0,0.9714285714285714
L,IUD,ExeM/NucH family extracellular endonuclease,ambiguous,33.0,1.0,0.4242424242424242
L,IXA,FAD-binding domain-containing protein,high_confidence,18.0,1.0,0.8888888888888888
K,IXJ,FAD-dependent oxidoreductase,high_confidence,1986.0,0.9924471299093656,0.6184677828513445
J,IXW,FADH(2)-oxidizing methylenetetrahydrofolate--tRNA-(uracil(54)-C(5))- methyltransferase TrmFO,low_count,3.0,1.0,1.0
K,IYB,FCD domain-containing protein,high_confidence,154.0,0.9090909090909092,1.0
K,IYM,FHA domain-containing protein,high_confidence,127.0,0.8582677165354331,0.6513761467889908
L,IYM,FHA domain-containing protein,high_confidence,127.0,0.8582677165354331,0.6513761467889908
K,IZB,FMN-binding negative transcriptional regulator,high_confidence,188.0,1.0,1.0
K,IZP,FNR family transcription factor,low_count,1.0,1.0,1.0
K,IZR,FRG domain-containing protein,high_confidence,72.0,0.9583333333333334,0.9855072463768116
K,IZW,FUSC family protein,high_confidence,391.0,0.9641943734015346,0.9071618037135278
K,JAA,FadR/GntR family transcriptional regulator,high_confidence,1511.0,0.99933818663137,1.0
K,JAB,FaeA/PapI family transcriptional regulator,low_count,11.0,0.3636363636363636,1.0
L,JAD,FapA family protein,low_count,4.0,0.75,1.0
K,JBN,Fe-S cluster assembly transcriptional regulator IscR,high_confidence,15.0,1.0,1.0
K,JCY,Fic family protein,high_confidence,487.0,0.9897330595482546,0.7946058091286307
L,JCY,Fic family protein,high_confidence,487.0,0.9897330595482546,0.7946058091286307
K,JCZ,Fic/DOC family N-terminal domain-containing protein,high_confidence,9.0,1.0,0.5555555555555556
L,JDN,Fis family transcriptional regulator,high_confidence,48.0,0.1041666666666666,1.0
J,JDR,FkbM family methyltransferase,ambiguous,278.0,0.946043165467626,0.4182509505703422
J,JDS,FkbO/Hyg5 family chorismatase,low_count,2.0,1.0,1.0
K,JEB,FliA/WhiG family RNA polymerase sigma factor,high_confidence,5.0,1.0,1.0
L,JFN,Fpg/Nei family DNA glycosylase,high_confidence,12.0,1.0,1.0
K,JGB,Fur family transcriptional regulator,high_confidence,222.0,0.9864864864864864,0.8904109589041096
K,JGC,Fur family transcriptional regulator Irr,low_count,3.0,1.0,0.6666666666666666
K,JGM,FxSxx-COOH system tetratricopeptide repeat protein,high_confidence,7.0,1.0,0.7142857142857143
L,JGR,G/U mismatch-specific DNA glycosylase,high_confidence,24.0,1.0,1.0
K,JHA,GAF and ANTAR domain-containing protein,high_confidence,22.0,1.0,0.9545454545454546
K,JHC,GAF domain-containing DNA-binding protein,low_count,3.0,1.0,1.0
K,JHD,GAF domain-containing SpoIIE family protein phosphatase,high_confidence,10.0,1.0,0.7
K,JHF,GAF domain-containing protein,high_confidence,227.0,0.9251101321585904,0.8952380952380953
K,JHN,GCN5 family acetyltransferase,low_count,1.0,1.0,1.0
L,JHW,GDP-mannose pyrophosphatase NudK,high_confidence,9.0,1.0,1.0
K,JIH,GGDEF domain-containing protein,high_confidence,970.0,0.9958762886597938,0.994824016563147
K,JIX,GH39 family glycosyl hydrolase,high_confidence,11.0,0.9090909090909092,0.8
K,JJD,GIY-YIG nuclease family protein,high_confidence,729.0,0.2482853223593964,0.6353591160220995
L,JJD,GIY-YIG nuclease family protein,high_confidence,729.0,0.2482853223593964,0.6353591160220995
L,JJI,GMC family oxidoreductase,high_confidence,749.0,1.0,0.9479305740987984
J,JJR,GNAT family N-acetyltransferase,ambiguous,6347.0,0.9133448873483536,0.4938761428324996
K,JJR,GNAT family N-acetyltransferase,ambiguous,6347.0,0.9133448873483536,0.4938761428324996
L,JJR,GNAT family N-acetyltransferase,ambiguous,6347.0,0.9133448873483536,0.4938761428324996
K,JJT,GNAT family N-acetyltransferase/peptidase C39 family protein,low_count,3.0,1.0,1.0
K,JJW,GNAT family acetyltransferase,high_confidence,23.0,0.9130434782608696,0.9523809523809524
J,JJX,GNAT family protein,high_confidence,124.0,0.9758064516129032,0.9090909090909092
K,JJX,GNAT family protein,high_confidence,124.0,0.9758064516129032,0.9090909090909092
K,JLI,GTP diphosphokinase,high_confidence,11.0,1.0,0.9090909090909092
K,JLJ,GTP pyrophosphokinase,high_confidence,43.0,1.0,0.6511627906976745
J,JLM,GTP-binding protein,high_confidence,253.0,1.0,0.8893280632411067
K,JLM,GTP-binding protein,high_confidence,253.0,1.0,0.8893280632411067
L,JLM,GTP-binding protein,high_confidence,253.0,1.0,0.8893280632411067
K,JLR,GTP-sensing pleiotropic transcriptional regulator CodY,low_count,3.0,1.0,1.0
J,JLS,GTPBP1 family GTP-binding protein,low_count,2.0,1.0,1.0
K,JLT,GTPase,high_confidence,48.0,0.9791666666666666,0.6170212765957447
J,JLV,GTPase Era,high_confidence,48.0,1.0,0.7916666666666666
K,JLW,GTPase HflX,high_confidence,49.0,1.0,0.9387755102040816
K,JNB,GbsR/MarR family transcriptional regulator,high_confidence,129.0,1.0,1.0
K,JNM,Gfo/Idh/MocA family oxidoreductase,high_confidence,546.0,0.9816849816849816,0.8805970149253731
K,JNN,Gfo/Idh/MocA family protein,high_confidence,1641.0,0.9993906154783668,0.9689024390243902
L,JNN,Gfo/Idh/MocA family protein,high_confidence,1641.0,0.9993906154783668,0.9689024390243902
J,JOD,Glu-tRNA(Gln) amidotransferase subunit GatE,low_count,1.0,1.0,1.0
K,JOI,GlxA family transcriptional regulator,high_confidence,950.0,1.0,0.9978947368421052
K,JOM,GmrSD restriction endonuclease domain-containing protein,high_confidence,14.0,0.8571428571428571,0.6666666666666666
L,JOM,GmrSD restriction endonuclease domain-containing protein,high_confidence,14.0,0.8571428571428571,0.6666666666666666
K,JOR,GntR family transcriptional regulator,high_confidence,4267.0,0.995078509491446,0.9985869053226566
L,JOR,GntR family transcriptional regulator,high_confidence,4267.0,0.995078509491446,0.9985869053226566
K,JOS,GntR family transcriptional regulator MpaR,low_count,2.0,1.0,1.0
K,JOT,GntR family transcriptional regulator YdcR,low_count,4.0,1.0,1.0
K,JOU,GntR family transcriptional regulator YhfZ,low_count,2.0,1.0,0.5
K,JOW,"GntR family transcriptional regulator, LSA1692 subfamily",high_confidence,10.0,1.0,1.0
K,JOX,GntR family transcriptional repressor RctR,high_confidence,6.0,1.0,1.0
J,JPJ,GreA/GreB family elongation factor,high_confidence,83.0,0.6265060240963856,0.6923076923076923
K,JPJ,GreA/GreB family elongation factor,high_confidence,83.0,0.6265060240963856,0.6923076923076923
J,JPO,GrpB family protein,high_confidence,83.0,1.0,0.6626506024096386
K,JPO,GrpB family protein,high_confidence,83.0,1.0,0.6626506024096386
J,JRG,GvpL/GvpF family gas vesicle protein,ambiguous,10.0,1.0,0.4
K,JRK,GyrI-like domain-containing protein,high_confidence,125.0,0.944,0.8559322033898306
L,JRK,GyrI-like domain-containing protein,high_confidence,125.0,0.944,0.8559322033898306
K,JRO,H-NS family nucleoid-associated regulatory protein,high_confidence,678.0,0.9734513274336284,0.9015151515151516
L,JRO,H-NS family nucleoid-associated regulatory protein,high_confidence,678.0,0.9734513274336284,0.9015151515151516
K,JRQ,H-NS histone family protein,high_confidence,105.0,0.9428571428571428,0.9494949494949496
J,JRU,H/ACA ribonucleoprotein complex subunit GAR1,low_count,1.0,1.0,1.0
J,JSD,HAD family hydrolase,high_confidence,853.0,0.9660023446658852,0.6990291262135923
K,JSD,HAD family hydrolase,high_confidence,853.0,0.9660023446658852,0.6990291262135923
L,JSG,HAD hydrolase-like protein,high_confidence,109.0,0.9724770642201837,0.9056603773584906
L,JSH,HAD-IA family hydrolase,high_confidence,325.0,0.9815384615384616,0.927899686520376
J,JSN,HAD-IIIA family hydrolase,high_confidence,25.0,0.92,0.7391304347826086
K,JTB,HD domain-containing phosphohydrolase,high_confidence,125.0,1.0,0.72
J,JTC,HD domain-containing protein,high_confidence,666.0,0.960960960960961,0.5171875
K,JTC,HD domain-containing protein,high_confidence,666.0,0.960960960960961,0.5171875
L,JTC,HD domain-containing protein,high_confidence,666.0,0.960960960960961,0.5171875
K,JTD,HD family hydrolase,high_confidence,7.0,1.0,0.8571428571428571
K,JTF,HD-GYP domain-containing protein,high_confidence,101.0,1.0,0.8712871287128713
J,JTG,HDIG domain-containing metalloprotein,ambiguous,6.0,0.8333333333333334,0.4
K,JTI,HEAT repeat domain-containing protein,high_confidence,209.0,0.7272727272727273,0.9078947368421052
L,JTI,HEAT repeat domain-containing protein,high_confidence,209.0,0.7272727272727273,0.9078947368421052
K,JTT,HHA domain-containing protein,high_confidence,15.0,1.0,0.8666666666666667
L,JTY,Hint domain-containing protein,high_confidence,186.0,0.9838709677419356,0.6229508196721312
L,JTZ,HIRAN domain-containing protein,high_confidence,8.0,0.625,0.8
K,JUO,HNH endonuclease,high_confidence,861.0,0.8025551684088269,0.5672937771345875
L,JUO,HNH endonuclease,high_confidence,861.0,0.8025551684088269,0.5672937771345875
L,JUQ,HNH endonuclease family protein,high_confidence,147.0,1.0,0.9727891156462584
K,JUR,HNH endonuclease signature motif containing protein,high_confidence,163.0,0.7975460122699386,0.5384615384615384
L,JUR,HNH endonuclease signature motif containing protein,high_confidence,163.0,0.7975460122699386,0.5384615384615384
L,JUS,HNH nuclease YajD,high_confidence,8.0,1.0,0.75
K,JUW,HNH/endonuclease VII fold toxin-2 domain-containing protein,high_confidence,9.0,0.8888888888888888,1.0
J,JVB,HPF/RaiA family ribosome-associated protein,high_confidence,27.0,0.5185185185185185,0.9285714285714286
K,JVB,HPF/RaiA family ribosome-associated protein,high_confidence,27.0,0.5185185185185185,0.9285714285714286
J,JVJ,HRDC domain-containing protein,high_confidence,6.0,1.0,0.8333333333333334
L,JVJ,HRDC domain-containing protein,high_confidence,6.0,1.0,0.8333333333333334
K,JVN,HTH domain-containing protein,high_confidence,83.0,0.2650602409638554,0.5909090909090909
L,JVN,HTH domain-containing protein,high_confidence,83.0,0.2650602409638554,0.5909090909090909
K,JVP,HTH-type sugar sensing transcriptional regulator TrmB,low_count,1.0,1.0,1.0
K,JVQ,HTH-type transcriptional activator AaeR,high_confidence,7.0,1.0,1.0
K,JVR,HTH-type transcriptional activator AllS,high_confidence,7.0,1.0,1.0
K,JVT,HTH-type transcriptional activator IlvY,high_confidence,16.0,1.0,1.0
K,JVV,HTH-type transcriptional activator RhaR,high_confidence,10.0,1.0,1.0
K,JVW,HTH-type transcriptional activator RhaS,high_confidence,10.0,1.0,1.0
K,JVX,HTH-type transcriptional regulator,high_confidence,6.0,1.0,1.0
K,JWA,HTH-type transcriptional regulator ArgP,high_confidence,5.0,1.0,1.0
K,JWB,HTH-type transcriptional regulator BhcR,high_confidence,17.0,1.0,1.0
K,JWC,HTH-type transcriptional regulator Cbl,high_confidence,9.0,1.0,1.0
K,JWD,HTH-type transcriptional regulator CysB,high_confidence,10.0,1.0,1.0
K,JWF,HTH-type transcriptional regulator EutR,high_confidence,9.0,1.0,1.0
K,JWG,HTH-type transcriptional regulator GalR,high_confidence,9.0,1.0,1.0
K,JWH,HTH-type transcriptional regulator GalS,high_confidence,11.0,1.0,1.0
K,JWI,HTH-type transcriptional regulator GlpR,high_confidence,11.0,1.0,1.0
K,JWJ,HTH-type transcriptional regulator HdfR,high_confidence,20.0,1.0,1.0
K,JWK,HTH-type transcriptional regulator Hpr,high_confidence,16.0,1.0,1.0
K,JWL,HTH-type transcriptional regulator Lrp,high_confidence,8.0,1.0,1.0
K,JWM,HTH-type transcriptional regulator LrpA1,low_count,1.0,1.0,1.0
K,JWN,HTH-type transcriptional regulator MalT,high_confidence,25.0,1.0,1.0
K,JWO,HTH-type transcriptional regulator MetR,high_confidence,14.0,1.0,1.0
K,JWQ,HTH-type transcriptional regulator MlrA,high_confidence,6.0,1.0,1.0
K,JWR,HTH-type transcriptional regulator MurR,low_count,1.0,1.0,1.0
K,JWS,HTH-type transcriptional regulator PuuR,high_confidence,7.0,1.0,1.0
K,JWT,HTH-type transcriptional regulator RutR,high_confidence,14.0,1.0,1.0
K,JWZ,HTH-type transcriptional regulator SgrR,high_confidence,8.0,1.0,1.0
K,JXB,HTH-type transcriptional regulator UlaR,high_confidence,11.0,1.0,1.0
K,JXC,HTH-type transcriptional regulator XacR,low_count,1.0,1.0,1.0
K,JXE,HTH-type transcriptional regulator YidZ,high_confidence,10.0,1.0,1.0
K,JXG,HTH-type transcriptional repressor AllR,high_confidence,6.0,1.0,1.0
K,JXI,HTH-type transcriptional repressor FabR,high_confidence,16.0,1.0,1.0
K,JXJ,HTH-type transcriptional repressor PurR,high_confidence,12.0,1.0,1.0
K,JXN,HU family DNA-binding protein,high_confidence,649.0,0.8998459167950693,0.9657534246575342
L,JXN,HU family DNA-binding protein,high_confidence,649.0,0.8998459167950693,0.9657534246575342
L,JXT,HVO_0416 family zinc finger protein,low_count,1.0,1.0,1.0
J,JYA,HVO_2753 family zinc finger protein,low_count,1.0,1.0,1.0
L,JYH,HYD1 signature containing ADP-ribosyltransferase family protein,low_count,3.0,1.0,0.3333333333333333
L,JYN,HaeII family restriction endonuclease,low_count,2.0,1.0,1.0
L,JYP,HalD/BesD family halogenase,low_count,20.0,0.1,0.5
L,JYW,HdaA/DnaA family protein,low_count,4.0,1.0,1.0
L,JZD,HelD family protein,high_confidence,11.0,1.0,1.0
K,JZE,Helicase associated domain protein,high_confidence,136.0,0.9779411764705882,0.9924812030075189
L,JZE,Helicase associated domain protein,high_confidence,136.0,0.9779411764705882,0.9924812030075189
J,JZF,HemK family protein methyltransferase,low_count,1.0,1.0,1.0
J,JZG,HemK/PrmC family methyltransferase,high_confidence,6.0,1.0,1.0
J,JZH,HemK2/MTQ2 family protein methyltransferase,high_confidence,13.0,1.0,0.9230769230769232
K,JZP,Hg(II)-responsive transcriptional regulator,high_confidence,89.0,1.0,1.0
L,JZS,HhH-GPD-type base excision DNA repair protein,low_count,3.0,1.0,1.0
L,JZT,Hha toxicity modulator TomB,high_confidence,9.0,1.0,0.7777777777777778
K,JZZ,HigA family addiction module antitoxin,high_confidence,200.0,0.965,0.9896373056994818
K,KAA,HilA family transcriptional regulator EilA,low_count,1.0,1.0,1.0
L,KAJ,Hint domain-containing protein,high_confidence,186.0,0.9838709677419356,0.6229508196721312
J,KAV,His/Gly/Thr/Pro-type tRNA ligase C-terminal domain-containing protein,low_count,1.0,1.0,1.0
J,KAW,HisA/HisF-related TIM barrel protein,high_confidence,37.0,1.0,0.6756756756756757
J,KAX,HisS family protein,low_count,1.0,1.0,1.0
L,KBK,Holliday junction branch migration DNA helicase RuvB,high_confidence,50.0,1.0,0.88
L,KBL,Holliday junction branch migration protein RuvA,high_confidence,39.0,1.0,1.0
L,KBM,Holliday junction resolvase Hjc,low_count,2.0,1.0,1.0
L,KBN,Holliday junction resolvase RecU,high_confidence,21.0,1.0,1.0
J,KBO,Holliday junction resolvase RuvX,high_confidence,43.0,1.0,0.627906976744186
L,KBO,Holliday junction resolvase RuvX,high_confidence,43.0,1.0,0.627906976744186
K,KBT,HoxN/HupN/NixA family nickel/cobalt transporter,high_confidence,130.0,1.0,0.8
K,KCE,HrcA family transcriptional regulator,low_count,1.0,1.0,1.0
L,KCP,HsdM family class I SAM-dependent methyltransferase,high_confidence,24.0,1.0,0.7083333333333334
L,KCR,HsdR family type I site-specific deoxyribonuclease,high_confidence,278.0,1.0,0.9424460431654677
K,KDM,HutP family protein,low_count,2.0,0.5,1.0
L,KEL,IS1 family transposase,high_confidence,160.0,0.95,1.0
L,KEM,IS1 transposase,low_count,1.0,1.0,1.0
L,KEN,IS1-like element IS1A family transposase,high_confidence,162.0,1.0,1.0
L,KEO,IS1-like element IS1B family transposase,high_confidence,92.0,1.0,1.0
L,KEQ,IS1-like element IS1F family transposase,low_count,1.0,1.0,1.0
L,KER,IS1-like element IS1N family transposase,low_count,1.0,1.0,1.0
L,KET,IS1-like element IS1X2 family transposase,low_count,4.0,1.0,1.0
L,KEU,IS1-like element IS1X3 family transposase,low_count,1.0,1.0,1.0
L,KEZ,IS1-like element ISAcma4 family transposase,low_count,1.0,1.0,1.0
L,KFE,IS1-like element ISPa14 family transposase,low_count,1.0,1.0,1.0
L,KFH,IS1-like element ISSru2 family transposase,low_count,2.0,1.0,1.0
L,KFJ,IS1-like element transposase,high_confidence,18.0,0.9444444444444444,1.0
L,KFK,IS1/IS1595 family N-terminal zinc-binding domain-containing protein,low_count,1.0,1.0,1.0
L,KFN,IS1096 element passenger TnpR family protein,high_confidence,11.0,0.8181818181818182,0.6666666666666666
L,KFO,IS110 family transposase,high_confidence,1835.0,0.9983651226158038,1.0
L,KFX,IS110-like element IS4321 family transposase,high_confidence,121.0,1.0,1.0
L,KFY,IS110-like element IS5075 family transposase,high_confidence,70.0,1.0,1.0
L,KFZ,IS110-like element IS5708 family transposase,low_count,1.0,1.0,1.0
L,KGA,IS110-like element IS621 family transposase,low_count,4.0,1.0,1.0
L,KGB,IS110-like element IS884 family transposase,low_count,3.0,1.0,1.0
L,KGC,IS110-like element ISAeca3 family transposase,low_count,1.0,1.0,1.0
L,KGE,IS110-like element ISAli16 family transposase,low_count,1.0,1.0,1.0
L,KGJ,IS110-like element ISAzs32 family transposase,low_count,2.0,1.0,1.0
L,KGN,IS110-like element ISBj4 family transposase,low_count,1.0,1.0,1.0
L,KGP,IS110-like element ISBth13 family transposase,high_confidence,15.0,1.0,1.0
L,KGQ,IS110-like element ISBth166 family transposase,high_confidence,10.0,1.0,1.0
L,KGS,IS110-like element ISEc20 family transposase,low_count,2.0,1.0,1.0
L,KGT,IS110-like element ISEc21 family transposase,low_count,1.0,1.0,1.0
L,KGU,IS110-like element ISEc32 family transposase,low_count,2.0,1.0,1.0
L,KGV,IS110-like element ISEc45 family transposase,low_count,2.0,1.0,1.0
L,KGX,IS110-like element ISEsa2 family transposase,low_count,1.0,1.0,1.0
L,KHD,IS110-like element ISLhe4 family transposase,low_count,1.0,1.0,1.0
L,KHF,IS110-like element ISMav6 family transposase,high_confidence,7.0,1.0,1.0
L,KHI,IS110-like element ISMex12 family transposase,low_count,1.0,1.0,1.0
L,KHJ,IS110-like element ISMex17 family transposase,low_count,1.0,1.0,1.0
L,KHK,IS110-like element ISMex29 family transposase,low_count,1.0,1.0,1.0
L,KHL,IS110-like element ISMex31 family transposase,low_count,1.0,1.0,1.0
L,KHM,IS110-like element ISMex9 family transposase,low_count,2.0,1.0,1.0
L,KHO,IS110-like element ISMno14 family transposase,low_count,1.0,1.0,1.0
L,KHR,IS110-like element ISMno7 family transposase,low_count,1.0,1.0,1.0
L,KHS,IS110-like element ISNgo3 family transposase,low_count,1.0,1.0,1.0
L,KHU,IS110-like element ISPa62 family transposase,low_count,2.0,1.0,1.0
L,KID,IS110-like element ISRsp4 family transposase,low_count,2.0,1.0,1.0
L,KIE,IS110-like element ISSaen1 family transposase,high_confidence,5.0,1.0,1.0
L,KIG,IS110-like element ISSep2 family transposase,low_count,1.0,1.0,1.0
L,KII,IS110-like element ISSfr2 family transposase,high_confidence,10.0,1.0,1.0
L,KIJ,IS110-like element ISSgr1 family transposase,low_count,1.0,1.0,1.0
L,KIL,IS110-like element ISShsp1 family transposase,low_count,1.0,1.0,1.0
L,KIQ,IS1182 family transposase,high_confidence,267.0,0.99250936329588,1.0
L,KIZ,IS1182-like element ISBth7 family transposase,low_count,1.0,1.0,1.0
L,KJD,IS1182-like element ISCfr1 family transposase,low_count,4.0,1.0,1.0
L,KJG,IS1182-like element ISEfa7 family transposase,low_count,1.0,1.0,1.0
L,KJI,IS1182-like element ISKpn6 family transposase,low_count,4.0,1.0,1.0
L,KJL,IS1182-like element ISMno10 family transposase,low_count,1.0,1.0,1.0
L,KJM,IS1182-like element ISMno15 family transposase,low_count,2.0,1.0,1.0
L,KJN,IS1182-like element ISMno38 family transposase,low_count,3.0,1.0,1.0
L,KJS,IS1182-like element ISPmo1 family transposase,low_count,2.0,1.0,1.0
L,KJT,IS1182-like element ISPse1 family transposase,low_count,1.0,1.0,1.0
L,KJX,IS1182-like element ISSdi1 family transposase,low_count,1.0,1.0,1.0
L,KKA,IS1182-like element ISTte1 family transposase,low_count,1.0,1.0,1.0
L,KKF,IS1380 family transposase,high_confidence,133.0,1.0,0.9924812030075189
L,KKG,IS1380-like element IS1247 family transposase,high_confidence,9.0,1.0,1.0
L,KKJ,IS1380-like element IS1678 family transposase,low_count,3.0,1.0,1.0
L,KKN,IS1380-like element IS942 family transposase,low_count,1.0,1.0,1.0
L,KKQ,IS1380-like element ISAzs25 family transposase,low_count,1.0,1.0,1.0
L,KKR,IS1380-like element ISAzs3 family transposase,high_confidence,18.0,1.0,1.0
L,KKT,IS1380-like element ISBdi2 family transposase,high_confidence,16.0,1.0,1.0
L,KKZ,IS1380-like element ISEcp1 family transposase,high_confidence,43.0,1.0,1.0
L,KLE,IS1380-like element ISMex4 family transposase,low_count,1.0,1.0,1.0
L,KLI,IS1380-like element ISPme1 family transposase,low_count,3.0,1.0,1.0
L,KLL,IS1380-like element ISRjo1 family transposase,low_count,1.0,1.0,1.0
K,KLR,IS1595 family transposase,high_confidence,131.0,1.0,0.9923664122137404
L,KLR,IS1595 family transposase,high_confidence,131.0,1.0,0.9923664122137404
L,KMH,IS1595-like element ISCsp2 family transposase,low_count,2.0,1.0,1.0
L,KMN,IS1595-like element ISHja1 family transposase,low_count,3.0,1.0,1.0
L,KMV,IS1595-like element ISKpn3 family transposase,low_count,1.0,1.0,1.0
L,KMX,IS1595-like element ISNpe28 family transposase,low_count,2.0,1.0,1.0
L,KNF,IS1595-like element ISRama1 family transposase,low_count,1.0,1.0,1.0
L,KNG,IS1595-like element ISRm32 family transposase,high_confidence,6.0,1.0,1.0
L,KNH,IS1595-like element ISRso22 family transposase,high_confidence,5.0,1.0,1.0
L,KNI,IS1595-like element ISRsy1 family transposase,high_confidence,6.0,1.0,1.0
L,KNK,IS1634 family transposase,high_confidence,49.0,0.8571428571428571,1.0
L,KNU,IS1634-like element ISSpu7 family transposase,low_count,2.0,1.0,1.0
L,KNX,IS200/IS605 family accessory protein TnpB-related protein,high_confidence,10.0,1.0,1.0
L,KNY,IS200/IS605 family element RNA-guided endonuclease TnpB,high_confidence,265.0,1.0,0.5358490566037736
L,KNZ,IS200/IS605 family element transposase accessory protein TnpB,high_confidence,7.0,1.0,1.0
L,KOA,IS200/IS605 family transposase,high_confidence,389.0,0.9974293059125964,0.9896907216494846
L,KOD,IS200/IS605-like element IS1541B family transposase,low_count,2.0,1.0,1.0
L,KOF,IS200/IS605-like element IS200C family transposase,high_confidence,14.0,1.0,1.0
L,KOG,IS200/IS605-like element IS200F family transposase,high_confidence,17.0,1.0,1.0
L,KOJ,IS200/IS605-like element ISAeme8 family transposase,low_count,2.0,1.0,1.0
L,KOK,IS200/IS605-like element ISAs26 family transposase,high_confidence,13.0,1.0,1.0
L,KOL,IS200/IS605-like element ISBth16 family transposase,high_confidence,35.0,1.0,1.0
L,KOR,IS200/IS605-like element ISEc46 family transposase,low_count,1.0,1.0,1.0
L,KOS,IS200/IS605-like element ISEfa4 family transposase,high_confidence,26.0,1.0,1.0
L,KPB,IS200/IS605-like element ISHje2 family transposase,low_count,1.0,1.0,1.0
L,KPG,IS200/IS605-like element ISHvo18 family transposase,low_count,1.0,1.0,1.0
L,KPR,IS200/IS605-like element ISSep3 family transposase,low_count,1.0,1.0,1.0
L,KPT,IS21 family transposase,high_confidence,895.0,1.0,1.0
L,KPU,IS21-like element IS100 family transposase,high_confidence,42.0,1.0,1.0
L,KPV,IS21-like element IS100kyp family helper ATPase IstB,high_confidence,41.0,1.0,1.0
L,KPX,IS21-like element IS1326 family helper ATPase IstB,high_confidence,14.0,1.0,1.0
L,KPY,IS21-like element IS1326 family transposase,high_confidence,14.0,1.0,1.0
L,KQD,IS21-like element IS1600 family helper ATPase IstB,high_confidence,6.0,1.0,1.0
L,KQE,IS21-like element IS1600 family transposase,high_confidence,6.0,1.0,1.0
L,KQF,IS21-like element IS1631 family helper ATPase IstB,low_count,3.0,1.0,1.0
L,KQG,IS21-like element IS1631 family transposase,low_count,4.0,1.0,1.0
L,KQH,IS21-like element IS21 family helper ATPase IstB,high_confidence,5.0,1.0,1.0
L,KQI,IS21-like element IS21 family transposase,low_count,4.0,1.0,1.0
L,KQJ,IS21-like element IS232 family helper ATPase IstB,high_confidence,70.0,1.0,1.0
L,KQK,IS21-like element IS232 family transposase,high_confidence,63.0,1.0,1.0
L,KQL,IS21-like element IS408 family helper ATPase IstB,low_count,3.0,1.0,1.0
L,KQM,IS21-like element IS408 family transposase,low_count,4.0,1.0,1.0
L,KQN,IS21-like element IS5376 family helper ATPase IstB,low_count,1.0,1.0,1.0
L,KQO,IS21-like element IS5376 family transposase,low_count,1.0,1.0,1.0
L,KQQ,IS21-like element IS712 family helper ATPase IstB,high_confidence,29.0,1.0,1.0
L,KQR,IS21-like element IS712 family transposase,high_confidence,25.0,1.0,1.0
L,KQU,IS21-like element ISAau2 family helper ATPase IstB,low_count,1.0,1.0,1.0
L,KQV,IS21-like element ISAau2 family transposase,low_count,1.0,1.0,1.0
L,KQW,IS21-like element ISAav1 family helper ATPase IstB,low_count,2.0,1.0,1.0
L,KQX,IS21-like element ISAav1 family transposase,low_count,2.0,1.0,1.0
L,KQY,IS21-like element ISAba8 family helper ATPase IstB,low_count,1.0,1.0,1.0
L,KRA,IS21-like element ISAcma26 family helper ATPase IstB,low_count,1.0,1.0,1.0
L,KRE,IS21-like element ISAcma50 family helper ATPase IstB,low_count,1.0,1.0,1.0
L,KRG,IS21-like element ISAeme17 family helper ATPase IstB,low_count,3.0,1.0,1.0
L,KRH,IS21-like element ISAeme17 family transposase,low_count,3.0,1.0,1.0
L,KRJ,IS21-like element ISAli13 family helper ATPase IstB,low_count,2.0,1.0,1.0
L,KRK,IS21-like element ISAli13 family transposase,low_count,2.0,1.0,1.0
L,KRQ,IS21-like element ISAs29 family helper ATPase IstB,high_confidence,10.0,1.0,1.0
L,KRR,IS21-like element ISAs29 family transposase,high_confidence,7.0,1.0,1.0
L,KRW,IS21-like element ISAzs2 family helper ATPase IstB,high_confidence,9.0,1.0,1.0
L,KRX,IS21-like element ISAzs2 family transposase,high_confidence,9.0,1.0,1.0
L,KRY,IS21-like element ISAzs30 family helper ATPase IstB,low_count,3.0,1.0,1.0
L,KRZ,IS21-like element ISAzs30 family transposase,low_count,2.0,1.0,1.0
L,KSC,IS21-like element ISBcen28 family helper ATPase IstB,high_confidence,35.0,1.0,1.0
L,KSD,IS21-like element ISBj11 family helper ATPase IstB,high_confidence,6.0,1.0,1.0
L,KSE,IS21-like element ISBj11 family transposase,low_count,1.0,1.0,1.0
L,KSF,IS21-like element ISBmu1 family helper ATPase IstB,high_confidence,10.0,1.0,1.0
L,KSG,IS21-like element ISBmu3 family helper ATPase IstB,high_confidence,24.0,1.0,1.0
L,KSH,IS21-like element ISBmu3 family transposase,high_confidence,22.0,1.0,1.0
L,KSK,IS21-like element ISCfr8 family transposase,low_count,2.0,1.0,1.0
L,KSL,IS21-like element ISEc10 family helper ATPase IstB,high_confidence,9.0,1.0,1.0
L,KSM,IS21-like element ISEc10 family transposase,low_count,1.0,1.0,1.0
L,KSN,IS21-like element ISEc12 family helper ATPase IstB,high_confidence,5.0,1.0,1.0
L,KSO,IS21-like element ISEc12 family transposase,high_confidence,5.0,1.0,1.0
L,KSP,IS21-like element ISEc57 family helper ATPase IstB,high_confidence,8.0,1.0,1.0
L,KSQ,IS21-like element ISEc57 family transposase,high_confidence,8.0,1.0,1.0
L,KSR,IS21-like element ISEc62 family transposase,low_count,1.0,1.0,1.0
L,KSS,IS21-like element ISFK1 family helper ATPase IstB,low_count,3.0,1.0,1.0
L,KST,IS21-like element ISFK1 family transposase,high_confidence,5.0,1.0,1.0
L,KSV,IS21-like element ISIde2 family helper ATPase IstB,low_count,1.0,1.0,1.0
L,KSW,IS21-like element ISIde2 family transposase,low_count,1.0,1.0,1.0
L,KSX,IS21-like element ISKpn7 family helper ATPase IstB,low_count,3.0,1.0,1.0
L,KTF,IS21-like element ISMex13 family helper ATPase IstB,low_count,2.0,1.0,1.0
L,KTG,IS21-like element ISMex13 family transposase,low_count,2.0,1.0,1.0
L,KTH,IS21-like element ISMex27 family helper ATPase IstB,low_count,1.0,1.0,1.0
L,KTI,IS21-like element ISMex27 family transposase,low_count,1.0,1.0,1.0
L,KTJ,IS21-like element ISMex8 family helper ATPase IstB,low_count,3.0,1.0,1.0
L,KTK,IS21-like element ISMex8 family transposase,low_count,3.0,1.0,1.0
L,KTP,IS21-like element ISPa36 family helper ATPase IstB,low_count,1.0,1.0,1.0
L,KTQ,IS21-like element ISPa36 family transposase,low_count,1.0,1.0,1.0
L,KTT,IS21-like element ISPkr1 family helper ATPase IstB,low_count,3.0,1.0,1.0
L,KTW,IS21-like element ISPpn1 family transposase,low_count,1.0,1.0,1.0
L,KUM,IS21-like element ISPve1 family helper ATPase IstB,high_confidence,11.0,1.0,1.0
L,KUN,IS21-like element ISPve1 family transposase,high_confidence,8.0,1.0,1.0
L,KUO,IS21-like element ISRel16 family helper ATPase IstB,low_count,3.0,1.0,1.0
L,KUQ,IS21-like element ISRel3 family helper ATPase IstB,low_count,4.0,1.0,1.0
L,KUT,IS21-like element ISRm9 family helper ATPase IstB,high_confidence,14.0,1.0,1.0
L,KUU,IS21-like element ISRm9 family transposase,high_confidence,14.0,1.0,1.0
L,KUV,IS21-like element ISRme20 family helper ATPase IstB,low_count,1.0,1.0,1.0
L,KUX,IS21-like element ISRme9 family helper ATPase IstB,low_count,4.0,1.0,1.0
L,KUZ,IS21-like element ISRso19 family helper ATPase IstB,high_confidence,83.0,1.0,1.0
L,KVA,IS21-like element ISRso19 family transposase,high_confidence,13.0,1.0,1.0
L,KVB,IS21-like element ISRso6 family helper ATPase IstB,high_confidence,19.0,1.0,1.0
L,KVC,IS21-like element ISRso6 family transposase,high_confidence,19.0,1.0,1.0
L,KVD,IS21-like element ISRsp2 family helper ATPase IstB,high_confidence,7.0,1.0,1.0
L,KVE,IS21-like element ISRsp2 family transposase,high_confidence,12.0,1.0,1.0
L,KVN,IS21-like element ISSen3 family helper ATPase IstB,high_confidence,10.0,1.0,1.0
L,KVO,IS21-like element ISSen3 family transposase,high_confidence,6.0,1.0,1.0
L,KVQ,IS21-like element ISSme2 family helper ATPase IstB,high_confidence,12.0,1.0,1.0
L,KVR,IS21-like element ISSme2 family transposase,low_count,4.0,1.0,1.0
L,KVU,IS21-like element ISSso4 family helper ATPase IstB,high_confidence,12.0,1.0,1.0
L,KVY,IS21-like element ISSsp5 family helper ATPase IstB,low_count,3.0,1.0,1.0
L,KWH,IS21-like element helper ATPase IstB,high_confidence,865.0,1.0,0.998843930635838
L,KWJ,IS256 family transposase,high_confidence,579.0,1.0,1.0
L,KWN,IS256-like element IS1245 family transposase,high_confidence,6.0,1.0,1.0
L,KWT,IS256-like element IS1414 family transposase,high_confidence,5.0,1.0,1.0
L,KWU,IS256-like element IS1542 family transposase,high_confidence,5.0,1.0,1.0
L,KWV,IS256-like element IS16 family transposase,low_count,2.0,1.0,1.0
L,KWW,IS256-like element IS1601 family transposase,low_count,3.0,1.0,1.0
L,KWX,IS256-like element IS256 family transposase,high_confidence,21.0,1.0,1.0
L,KXB,IS256-like element IS905 family transposase,low_count,1.0,1.0,1.0
L,KXD,IS256-like element ISAba26 family transposase,high_confidence,39.0,1.0,1.0
L,KXF,IS256-like element ISAeme25 family transposase,low_count,1.0,1.0,1.0
L,KXM,IS256-like element ISBame1 family transposase,low_count,2.0,1.0,1.0
L,KXN,IS256-like element ISBcen18 family transposase,low_count,1.0,1.0,1.0
L,KXO,IS256-like element ISBsu2 family transposase,high_confidence,11.0,1.0,1.0
L,KXP,IS256-like element ISCbo4 family transposase,low_count,1.0,1.0,1.0
L,KXU,IS256-like element ISEc58 family transposase,high_confidence,5.0,1.0,1.0
L,KXV,IS256-like element ISEf1 family transposase,high_confidence,16.0,1.0,1.0
L,KXX,IS256-like element ISEfm2 family transposase,high_confidence,14.0,1.0,1.0
L,KYC,IS256-like element ISLgar5 family transposase,high_confidence,9.0,1.0,1.0
L,KYD,IS256-like element ISMex14 family transposase,low_count,1.0,1.0,1.0
L,KYE,IS256-like element ISMex3 family transposase,low_count,4.0,1.0,1.0
L,KYK,IS256-like element ISNGR8 family transposase,low_count,1.0,1.0,1.0
L,KYQ,IS256-like element ISPpa1 family transposase,low_count,1.0,1.0,1.0
L,KYU,IS256-like element ISRjo4 family transposase,low_count,2.0,1.0,1.0
L,KYW,IS256-like element ISRm3 family transposase,high_confidence,87.0,1.0,1.0
L,KYX,IS256-like element ISRm5 family transposase,high_confidence,60.0,1.0,1.0
L,KYY,IS256-like element ISRso7 family transposase,high_confidence,24.0,1.0,1.0
L,KZD,IS256-like element ISSpma2 family transposase,low_count,1.0,1.0,1.0
L,KZG,IS256-like element ISVa19 family transposase,high_confidence,17.0,1.0,1.0
L,KZK,IS3 family transposase,high_confidence,2555.0,0.9800391389432486,0.9956070287539937
L,KZO,IS3-like element IS1133 family transposase,high_confidence,7.0,1.0,1.0
L,KZQ,IS3-like element IS1203 family transposase,high_confidence,45.0,1.0,1.0
L,KZR,IS3-like element IS1221A family transposase,low_count,1.0,1.0,1.0
L,KZX,IS3-like element IS1351 family transposase,low_count,3.0,1.0,1.0
L,KZZ,IS3-like element IS1389 family transposase,low_count,3.0,1.0,1.0
L,LAA,IS3-like element IS1389-B family transposase,low_count,1.0,1.0,1.0
L,LAB,IS3-like element IS1397 family transposase,high_confidence,5.0,1.0,1.0
L,LAD,IS3-like element IS1404 family transposase,high_confidence,11.0,1.0,1.0
L,LAE,IS3-like element IS1416 family transposase,low_count,3.0,1.0,1.0
L,LAF,IS3-like element IS1417 family transposase,high_confidence,5.0,1.0,1.0
L,LAH,IS3-like element IS150 family transposase,low_count,4.0,1.0,1.0
L,LAL,IS3-like element IS1520 family transposase,low_count,1.0,1.0,1.0
L,LAN,IS3-like element IS2 family transposase,high_confidence,37.0,1.0,1.0
L,LAO,IS3-like element IS222 family transposase,low_count,2.0,1.0,1.0
L,LAP,IS3-like element IS3 family transposase,high_confidence,75.0,1.0,1.0
L,LAS,IS3-like element IS407 family transposase,low_count,2.0,1.0,1.0
L,LAU,IS3-like element IS476 family transposase,high_confidence,28.0,1.0,1.0
L,LAW,IS3-like element IS600 family transposase,low_count,4.0,1.0,1.0
L,LAZ,IS3-like element IS981 family transposase,high_confidence,7.0,1.0,1.0
L,LBD,IS3-like element ISAba14 family transposase,high_confidence,8.0,1.0,1.0
L,LBI,IS3-like element ISAba21 family transposase,low_count,2.0,1.0,1.0
L,LBJ,IS3-like element ISAba22 family transposase,high_confidence,20.0,1.0,1.0
L,LBL,IS3-like element ISAba34 family transposase,low_count,1.0,1.0,1.0
L,LBP,IS3-like element ISAeme20 family transposase,low_count,3.0,1.0,1.0
L,LBQ,IS3-like element ISAli4 family transposase,high_confidence,5.0,1.0,1.0
L,LBR,IS3-like element ISAs20 family transposase,low_count,1.0,1.0,1.0
L,LBY,IS3-like element ISAtu5 family transposase,low_count,1.0,1.0,1.0
L,LBZ,IS3-like element ISAzs23 family transposase,low_count,3.0,1.0,1.0
L,LCD,IS3-like element ISBce14 family transposase,low_count,3.0,1.0,1.0
L,LCE,IS3-like element ISBce15 family transposase,high_confidence,7.0,1.0,1.0
L,LCF,IS3-like element ISBce18 family transposase,low_count,3.0,1.0,1.0
L,LCI,IS3-like element ISBcen23 family transposase,low_count,3.0,1.0,1.0
L,LCM,IS3-like element ISBt2 family transposase,high_confidence,5.0,1.0,1.0
L,LCN,IS3-like element ISBth10 family transposase,high_confidence,18.0,1.0,1.0
L,LCO,IS3-like element ISBth167 family transposase,high_confidence,11.0,1.0,1.0
L,LCP,IS3-like element ISBth8 family transposase,high_confidence,9.0,1.0,1.0
L,LCQ,IS3-like element ISBugl1 family transposase,high_confidence,5.0,1.0,1.0
L,LCT,IS3-like element ISBvi4 family transposase,low_count,1.0,1.0,1.0
L,LDD,IS3-like element ISEc16 family transposase,low_count,3.0,1.0,1.0
L,LDF,IS3-like element ISEc27 family transposase,low_count,2.0,1.0,1.0
L,LDG,IS3-like element ISEc31 family transposase,high_confidence,5.0,1.0,1.0
L,LDH,IS3-like element ISEc36 family transposase,high_confidence,7.0,1.0,1.0
L,LDN,IS3-like element ISEfa8 family transposase,high_confidence,9.0,1.0,1.0
L,LDP,IS3-like element ISEnfa3 family transposase,low_count,4.0,1.0,1.0
L,LDV,IS3-like element ISKpn1 family transposase,high_confidence,6.0,1.0,1.0
L,LDW,IS3-like element ISKpn10 family transposase,low_count,1.0,1.0,1.0
L,LDY,IS3-like element ISKpn18 family transposase,high_confidence,20.0,1.0,1.0
L,LDZ,IS3-like element ISKpn20 family transposase,low_count,2.0,1.0,1.0
L,LEA,IS3-like element ISKpn34 family transposase,high_confidence,6.0,1.0,1.0
L,LEC,IS3-like element ISKpn38 family transposase,low_count,2.0,1.0,1.0
L,LED,IS3-like element ISKpn8 family transposase,low_count,2.0,1.0,1.0
L,LEF,IS3-like element ISLla3 family transposase,high_confidence,10.0,1.0,1.0
L,LEP,IS3-like element ISMex1 family transposase,low_count,3.0,1.0,1.0
L,LEQ,IS3-like element ISMex11 family transposase,low_count,2.0,1.0,1.0
L,LER,IS3-like element ISMex16 family transposase,low_count,2.0,1.0,1.0
L,LET,IS3-like element ISMex37 family transposase,low_count,1.0,1.0,1.0
L,LEU,IS3-like element ISMex5 family transposase,high_confidence,5.0,1.0,1.0
L,LEV,IS3-like element ISMex7 family transposase,low_count,1.0,1.0,1.0
L,LEW,IS3-like element ISMpe1 family transposase,high_confidence,6.0,1.0,1.0
L,LEX,IS3-like element ISMra1 family transposase,low_count,4.0,1.0,1.0
L,LEY,IS3-like element ISMra4 family transposase,low_count,1.0,1.0,1.0
L,LFE,IS3-like element ISPa32 family transposase,low_count,1.0,1.0,1.0
L,LFG,IS3-like element ISPbe1 family transposase,low_count,3.0,1.0,1.0
L,LFQ,IS3-like element ISRel21 family transposase,low_count,2.0,1.0,1.0
L,LFR,IS3-like element ISRhosp1 family transposase,low_count,1.0,1.0,1.0
L,LFS,IS3-like element ISRhosp5 family transposase,low_count,1.0,1.0,1.0
L,LFT,IS3-like element ISRhsp2 family transposase,low_count,2.0,1.0,1.0
L,LFU,IS3-like element ISRj2 family transposase,high_confidence,25.0,1.0,1.0
L,LFX,IS3-like element ISRm1 family transposase,high_confidence,27.0,1.0,1.0
L,LFY,IS3-like element ISRme13 family transposase,high_confidence,10.0,1.0,1.0
L,LFZ,IS3-like element ISRme15 family transposase,low_count,3.0,1.0,1.0
L,LGA,IS3-like element ISRso10 family transposase,high_confidence,6.0,1.0,1.0
L,LGB,IS3-like element ISRso12 family transposase,high_confidence,28.0,1.0,1.0
L,LGC,IS3-like element ISRso20 family transposase,low_count,3.0,1.0,1.0
L,LGF,IS3-like element ISSau2 family transposase,low_count,1.0,1.0,1.0
L,LGJ,IS3-like element ISSen1 family transposase,low_count,4.0,1.0,1.0
L,LGK,IS3-like element ISSen4 family transposase,high_confidence,60.0,1.0,1.0
L,LGO,IS3-like element ISSisp1 family transposase,high_confidence,7.0,1.0,1.0
L,LGP,IS3-like element ISSme1 family transposase,low_count,4.0,1.0,1.0
L,LGZ,IS3-like element ISVch4 family transposase,low_count,1.0,1.0,1.0
L,LHB,IS3-like element ISVpa4 family transposase,low_count,2.0,1.0,1.0
L,LHC,IS3-like element ISXac2 family transposase,high_confidence,6.0,1.0,1.0
L,LHE,IS3-like element ISXc8 family transposase,high_confidence,6.0,1.0,1.0
L,LHK,IS30 family transposase,high_confidence,478.0,1.0,1.0
L,LHL,IS30-like element IS1062 family transposase,low_count,3.0,1.0,1.0
L,LHN,IS30-like element IS1086 family transposase,low_count,2.0,1.0,1.0
L,LHO,IS30-like element IS1088 family transposase,high_confidence,12.0,1.0,1.0
L,LHP,IS30-like element IS1252 family transposase,low_count,4.0,1.0,1.0
L,LHT,IS30-like element IS30 family transposase,high_confidence,64.0,1.0,1.0
L,LHW,IS30-like element IS6770 family transposase,high_confidence,19.0,1.0,1.0
L,LHY,IS30-like element ISAeca1 family transposase,low_count,4.0,1.0,1.0
L,LHZ,IS30-like element ISApl1 family transposase,high_confidence,14.0,1.0,1.0
L,LIA,IS30-like element ISAs2 family transposase,high_confidence,11.0,1.0,1.0
L,LIB,IS30-like element ISAzs27 family transposase,low_count,1.0,1.0,1.0
L,LIC,IS30-like element ISBlo4 family transposase,low_count,3.0,1.0,1.0
L,LIE,IS30-like element ISLga1 family transposase,high_confidence,6.0,1.0,1.0
L,LIG,IS30-like element ISLpl1 family transposase,high_confidence,8.0,1.0,1.0
L,LIH,IS30-like element ISLsa1 family transposase,high_confidence,8.0,1.0,1.0
L,LIL,IS30-like element ISPpu17 family transposase,low_count,2.0,1.0,1.0
L,LIZ,IS30-like element ISVa6 family transposase,high_confidence,11.0,1.0,1.0
L,LJB,IS4 family transposase,high_confidence,622.0,0.9983922829581994,1.0
L,LJE,IS4-like element IS10A family transposase,low_count,2.0,1.0,1.0
L,LJG,IS4-like element IS1675 family transposase,high_confidence,12.0,1.0,1.0
L,LJJ,IS4-like element IS231A family transposase,low_count,1.0,1.0,1.0
L,LJK,IS4-like element IS231B family transposase,low_count,1.0,1.0,1.0
L,LJL,IS4-like element IS231C family transposase,high_confidence,45.0,1.0,1.0
L,LJQ,IS4-like element IS231O family transposase,low_count,1.0,1.0,1.0
L,LJR,IS4-like element IS231Q family transposase,low_count,1.0,1.0,1.0
L,LJU,IS4-like element IS231Y family transposase,high_confidence,5.0,1.0,1.0
L,LJV,IS4-like element IS4 family transposase,low_count,4.0,1.0,1.0
L,LJW,IS4-like element IS421 family transposase,high_confidence,34.0,1.0,1.0
L,LJX,IS4-like element IS4Bsu1 family transposase,low_count,1.0,1.0,1.0
L,LJZ,IS4-like element IS50R family transposase,low_count,1.0,1.0,1.0
L,LKC,IS4-like element ISAba1 family transposase,high_confidence,67.0,1.0,1.0
L,LKD,IS4-like element ISAba33 family transposase,low_count,3.0,1.0,1.0
L,LKJ,IS4-like element ISAeme15 family transposase,high_confidence,16.0,1.0,1.0
L,LKM,IS4-like element ISAeme4 family transposase,high_confidence,6.0,1.0,1.0
L,LKN,IS4-like element ISApu1 family transposase,high_confidence,13.0,1.0,1.0
L,LKO,IS4-like element ISApu2 family transposase,high_confidence,35.0,1.0,1.0
L,LKP,IS4-like element ISAs18 family transposase,low_count,1.0,1.0,1.0
L,LKS,IS4-like element ISBce2 family transposase,high_confidence,5.0,1.0,1.0
L,LKZ,IS4-like element ISBvi1 family transposase,low_count,2.0,1.0,1.0
L,LLF,IS4-like element ISDra7 family transposase,low_count,1.0,1.0,1.0
L,LLG,IS4-like element ISEc13 family transposase,low_count,1.0,1.0,1.0
L,LLI,IS4-like element ISEc60 family transposase,low_count,1.0,1.0,1.0
L,LLS,IS4-like element ISHma1 family transposase,low_count,1.0,1.0,1.0
L,LMF,IS4-like element ISRm16 family transposase,high_confidence,14.0,1.0,1.0
L,LMG,IS4-like element ISRso13 family transposase,high_confidence,16.0,1.0,1.0
L,LMK,IS4-like element ISSysp2 family transposase,low_count,1.0,1.0,1.0
L,LML,IS4-like element ISSysp3 family transposase,low_count,1.0,1.0,1.0
L,LMO,IS4-like element ISVa14 family transposase,low_count,1.0,1.0,1.0
L,LMP,IS4-like element ISVa18 family transposase,low_count,2.0,1.0,1.0
L,LMQ,IS4-like element ISVsa5 family transposase,high_confidence,65.0,1.0,1.0
L,LMR,IS4-like element ISVvu2 family transposase,low_count,1.0,1.0,1.0
L,LMS,IS4-like element ISXac1 family transposase,high_confidence,6.0,1.0,1.0
L,LMU,IS4/Tn5 family transposase DNA-binding protein,low_count,2.0,1.0,1.0
L,LMW,IS481 family transposase,high_confidence,201.0,1.0,1.0
L,LNA,IS481-like element IS5564 family transposase,low_count,1.0,1.0,1.0
L,LNB,IS481-like element ISAs19 family transposase,low_count,2.0,1.0,1.0
L,LND,IS481-like element ISBcen24 family transposase,low_count,1.0,1.0,1.0
L,LNI,IS481-like element ISEc19 family transposase,high_confidence,6.0,1.0,1.0
L,LNL,IS481-like element ISKpn27 family transposase,low_count,2.0,1.0,1.0
L,LNM,IS481-like element ISKpn28 family transposase,high_confidence,7.0,1.0,1.0
L,LNQ,IS481-like element ISRhosp6 family transposase,low_count,1.0,1.0,1.0
L,LNR,IS481-like element ISRm20 family transposase,low_count,3.0,1.0,1.0
L,LNS,IS481-like element ISRme14 family transposase,low_count,2.0,1.0,1.0
L,LNW,IS481-like element ISVvu4 family transposase,low_count,1.0,1.0,1.0
L,LNX,IS5 family transposase,high_confidence,2303.0,1.0,0.9478940512375162
L,LNY,IS5-like element IS1021 family transposase,high_confidence,149.0,1.0,1.0
L,LOF,IS5-like element IS1194 family transposase,low_count,1.0,1.0,1.0
L,LOG,IS5-like element IS1248A family transposase,high_confidence,6.0,1.0,0.8333333333333334
L,LOJ,IS5-like element IS1384 family transposase,low_count,1.0,1.0,1.0
L,LOL,IS5-like element IS1420 family transposase,high_confidence,22.0,1.0,1.0
L,LOM,IS5-like element IS1421 family transposase,high_confidence,84.0,1.0,1.0
L,LON,IS5-like element IS1478 family transposase,high_confidence,22.0,1.0,1.0
L,LOQ,IS5-like element IS1646 family transposase,high_confidence,20.0,1.0,1.0
L,LOT,IS5-like element IS17 family transposase,high_confidence,5.0,1.0,1.0
L,LOV,IS5-like element IS402 family transposase,high_confidence,9.0,1.0,1.0
L,LOY,IS5-like element IS5 family transposase,high_confidence,42.0,1.0,1.0
L,LPE,IS5-like element IS903B family transposase,high_confidence,87.0,1.0,1.0
L,LPH,IS5-like element ISAba10 family transposase,low_count,2.0,1.0,1.0
L,LPJ,IS5-like element ISAba13 family transposase,high_confidence,42.0,1.0,1.0
L,LPM,IS5-like element ISAba31 family transposase,low_count,1.0,1.0,1.0
L,LPO,IS5-like element ISAba40 family transposase,low_count,1.0,1.0,1.0
L,LPX,IS5-like element ISAli1 family transposase,low_count,3.0,1.0,1.0
L,LPY,IS5-like element ISAli17 family transposase,low_count,1.0,1.0,1.0
L,LQB,IS5-like element ISAs13 family transposase,low_count,2.0,1.0,1.0
L,LQG,IS5-like element ISAzba5 family transposase,low_count,4.0,1.0,1.0
L,LQH,IS5-like element ISAzba7 family transposase,high_confidence,8.0,1.0,1.0
L,LQL,IS5-like element ISAzs10 family transposase,low_count,2.0,1.0,1.0
L,LQM,IS5-like element ISAzs28 family transposase,low_count,1.0,1.0,1.0
L,LQN,IS5-like element ISAzs9 family transposase,low_count,2.0,1.0,1.0
L,LQR,IS5-like element ISBmu23 family transposase,high_confidence,7.0,1.0,1.0
L,LQS,IS5-like element ISBph2 family transposase,low_count,1.0,1.0,1.0
L,LQT,IS5-like element ISBugl2 family transposase,high_confidence,122.0,1.0,1.0
L,LQW,IS5-like element ISBvi6 family transposase,low_count,1.0,1.0,1.0
L,LRE,IS5-like element ISDra5 family transposase,low_count,3.0,1.0,1.0
L,LRF,IS5-like element ISEc35 family transposase,low_count,2.0,1.0,1.0
L,LRH,IS5-like element ISEc68 family transposase,high_confidence,9.0,1.0,1.0
L,LRR,IS5-like element ISH28 family transposase,low_count,1.0,1.0,1.0
L,LRV,IS5-like element ISHma13 family transposase,low_count,1.0,1.0,1.0
L,LRW,IS5-like element ISHma6 family transposase,low_count,3.0,1.0,1.0
L,LSH,IS5-like element ISKpn26 family transposase,high_confidence,94.0,1.0,1.0
L,LSM,IS5-like element ISLpl3 family transposase,low_count,2.0,1.0,1.0
L,LSX,IS5-like element ISMex32 family transposase,low_count,1.0,1.0,1.0
L,LSZ,IS5-like element ISMno12 family transposase,low_count,3.0,1.0,1.0
L,LTC,IS5-like element ISMra2 family transposase,low_count,1.0,1.0,1.0
L,LTE,IS5-like element ISNGR9 family transposase,low_count,1.0,1.0,1.0
L,LTF,IS5-like element ISNamo1 family transposase,low_count,1.0,1.0,1.0
L,LTH,IS5-like element ISNpe14 family transposase,low_count,1.0,1.0,1.0
L,LTN,IS5-like element ISPa16 family transposase,low_count,2.0,1.0,1.0
L,LTO,IS5-like element ISPa41 family transposase,low_count,1.0,1.0,1.0
L,LTT,IS5-like element ISPbe2 family transposase,low_count,1.0,1.0,1.0
L,LTV,IS5-like element ISPko1 family transposase,low_count,1.0,1.0,1.0
L,LTW,IS5-like element ISPme2 family transposase,low_count,2.0,1.0,1.0
L,LTX,IS5-like element ISPna3 family transposase,low_count,1.0,1.0,1.0
L,LUA,IS5-like element ISPpa3 family transposase,high_confidence,5.0,1.0,1.0
L,LUC,IS5-like element ISPpa6 family transposase,low_count,3.0,1.0,1.0
L,LUD,IS5-like element ISPpa8 family transposase,low_count,2.0,1.0,1.0
L,LUL,IS5-like element ISPst12 family transposase,low_count,3.0,1.0,1.0
L,LUY,IS5-like element ISRm12 family transposase,low_count,1.0,1.0,1.0
L,LUZ,IS5-like element ISRm13 family transposase,low_count,3.0,1.0,1.0
L,LVA,IS5-like element ISRm33 family transposase,low_count,1.0,1.0,1.0
L,LVC,IS5-like element ISRm4-1 family transposase,high_confidence,26.0,1.0,1.0
L,LVD,IS5-like element ISRm4-3 family transposase,high_confidence,5.0,1.0,1.0
L,LVE,IS5-like element ISRme1 family transposase,high_confidence,5.0,1.0,1.0
L,LVG,IS5-like element ISRso1 family transposase,high_confidence,26.0,1.0,1.0
L,LVH,IS5-like element ISRso9 family transposase,high_confidence,8.0,1.0,1.0
L,LVJ,IS5-like element ISRsp18 family transposase,low_count,1.0,1.0,1.0
L,LVM,IS5-like element ISRta5 family transposase,low_count,1.0,1.0,1.0
L,LVO,IS5-like element ISRtr4 family transposase,low_count,1.0,1.0,1.0
L,LVV,IS5-like element ISSpo9 family transposase,low_count,1.0,1.0,1.0
L,LWA,IS5-like element ISStma16 family transposase,low_count,1.0,1.0,1.0
L,LWE,IS5-like element ISVa2 family transposase,low_count,1.0,1.0,1.0
L,LWG,IS5-like element ISXca5 family transposase,low_count,2.0,1.0,1.0
L,LWK,IS5/IS1182 family transposase,high_confidence,18.0,1.0,0.5
L,LWL,IS6 family transposase,high_confidence,936.0,0.9604700854700856,0.9988876529477196
L,LWM,IS6-like element IS1006 family transposase,high_confidence,15.0,1.0,1.0
L,LWN,IS6-like element IS1007 family transposase,low_count,2.0,1.0,1.0
L,LWO,IS6-like element IS1008 family transposase,high_confidence,37.0,1.0,1.0
L,LWP,IS6-like element IS1216 family transposase,high_confidence,55.0,1.0,1.0
L,LWU,IS6-like element IS257 family transposase,high_confidence,42.0,1.0,1.0
L,LWV,IS6-like element IS26 family transposase,high_confidence,602.0,1.0,1.0
L,LWW,IS6-like element IS6100 family transposase,high_confidence,109.0,1.0,1.0
L,LXB,IS6-like element ISCpe7 family transposase,low_count,1.0,1.0,1.0
L,LXF,IS6-like element ISEnfa1 family transposase,low_count,4.0,1.0,1.0
L,LXH,IS6-like element ISH17 family transposase,low_count,1.0,1.0,1.0
L,LXP,IS6-like element ISMno34 family transposase,low_count,1.0,1.0,1.0
L,LXQ,IS6-like element ISMno35 family transposase,low_count,1.0,1.0,1.0
L,LXR,IS6-like element ISMno36 family transposase,low_count,1.0,1.0,1.0
L,LXS,IS6-like element ISMno6 family transposase,low_count,1.0,1.0,1.0
L,LXV,IS6-like element ISPmar1 family transposase,low_count,2.0,1.0,1.0
L,LXW,IS6-like element ISPpa9 family transposase,low_count,4.0,1.0,1.0
L,LYG,IS6-like element ISS1N family transposase,high_confidence,62.0,1.0,1.0
L,LYH,IS6-like element ISS1S family transposase,high_confidence,55.0,1.0,1.0
L,LYI,IS6-like element ISS1W family transposase,low_count,3.0,1.0,1.0
L,LYM,IS6-like element ISTeha2 family transposase,low_count,1.0,1.0,1.0
L,LYQ,IS607 family element RNA-guided endonuclease TnpB,high_confidence,22.0,1.0,1.0
L,LYR,IS607 family transposase,high_confidence,54.0,1.0,0.9814814814814816
L,LYT,IS607-like element ISCbo10 family transposase,low_count,1.0,1.0,1.0
L,LYU,IS607-like element ISCbo6 family transposase,low_count,1.0,1.0,1.0
K,LZC,IS630 family transposase,high_confidence,1033.0,1.0,0.9961277831558568
L,LZC,IS630 family transposase,high_confidence,1033.0,1.0,0.9961277831558568
L,LZE,IS630 transposase-related protein,high_confidence,24.0,0.75,1.0
L,LZH,IS630-like element IS885 family transposase,low_count,3.0,1.0,1.0
L,LZK,IS630-like element ISAcma30 family transposase,low_count,1.0,1.0,1.0
L,LZO,IS630-like element ISAhy2 family transposase,high_confidence,20.0,1.0,1.0
L,LZP,IS630-like element ISAli2 family transposase,low_count,2.0,1.0,1.0
L,LZQ,IS630-like element ISAli3 family transposase,high_confidence,6.0,1.0,1.0
L,LZV,IS630-like element ISAzs14 family transposase,low_count,3.0,1.0,1.0
L,LZW,IS630-like element ISAzs31 family transposase,low_count,1.0,1.0,1.0
L,LZY,IS630-like element ISBmu8 family transposase,low_count,1.0,1.0,1.0
L,LZZ,IS630-like element ISBs2 family transposase,low_count,1.0,1.0,1.0
L,MAD,IS630-like element ISEc33 family transposase,high_confidence,14.0,1.0,1.0
L,MAI,IS630-like element ISHam1 family transposase,low_count,1.0,1.0,1.0
L,MAP,IS630-like element ISMex30 family transposase,low_count,1.0,1.0,1.0
L,MAT,IS630-like element ISMno11 family transposase,low_count,1.0,1.0,1.0
L,MAU,IS630-like element ISMno19 family transposase,low_count,1.0,1.0,1.0
L,MAV,IS630-like element ISMno21 family transposase,low_count,1.0,1.0,1.0
L,MBB,IS630-like element ISPna1 family transposase,low_count,1.0,1.0,1.0
L,MBH,IS630-like element ISRj1 family transposase,high_confidence,5.0,1.0,1.0
L,MBI,IS630-like element ISRjo2 family transposase,low_count,4.0,1.0,1.0
L,MBJ,IS630-like element ISRm10 family transposase,high_confidence,10.0,1.0,1.0
L,MBK,IS630-like element ISRm10-1 family transposase,high_confidence,15.0,1.0,1.0
L,MBL,IS630-like element ISRm2011-2 family transposase,high_confidence,128.0,1.0,1.0
L,MBM,IS630-like element ISRso5 family transposase,high_confidence,19.0,1.0,1.0
L,MBS,IS66 family insertion sequence element accessory protein TnpA,high_confidence,58.0,0.6896551724137931,1.0
L,MBT,IS66 family insertion sequence element accessory protein TnpB,high_confidence,1327.0,0.984174830444612,1.0
K,MBU,IS66 family transposase,high_confidence,927.0,0.988133764832794,0.5818777292576419
L,MBU,IS66 family transposase,high_confidence,927.0,0.988133764832794,0.5818777292576419
K,MBV,IS66 family transposase zinc-finger binding domain-containing protein,high_confidence,13.0,0.8461538461538461,0.5454545454545454
L,MBV,IS66 family transposase zinc-finger binding domain-containing protein,high_confidence,13.0,0.8461538461538461,0.5454545454545454
L,MCF,IS66-like element ISAba24 family transposase,low_count,2.0,1.0,1.0
L,MCL,IS66-like element ISAli15 family transposase,low_count,1.0,1.0,1.0
L,MCQ,IS66-like element ISAzs18 family transposase,low_count,2.0,1.0,1.0
L,MCX,IS66-like element ISCro1 family transposase,high_confidence,16.0,1.0,1.0
L,MDB,IS66-like element ISEc22 family transposase,low_count,2.0,1.0,0.5
L,MDC,IS66-like element ISEc23 family transposase,high_confidence,25.0,1.0,1.0
L,MDE,IS66-like element ISEc47 family transposase,low_count,2.0,1.0,1.0
L,MDK,IS66-like element ISKox1 family transposase,high_confidence,6.0,1.0,1.0
L,MDM,IS66-like element ISKpn24 family transposase,low_count,1.0,1.0,1.0
L,MDR,IS66-like element ISMno2 family transposase,low_count,2.0,1.0,1.0
L,MDS,IS66-like element ISMno3 family transposase,low_count,1.0,1.0,1.0
L,MDU,IS66-like element ISNpe25 family transposase,low_count,2.0,1.0,1.0
L,MDX,IS66-like element ISPpu13 family transposase,low_count,1.0,1.0,1.0
L,MEJ,IS66-like element ISRm2 family transposase,high_confidence,12.0,1.0,1.0
L,MER,IS66-like element ISVa11 family transposase,high_confidence,9.0,1.0,1.0
L,MES,IS66-like element ISVa12 family transposase,low_count,2.0,1.0,1.0
L,MEU,IS66-like element accessory protein TnpA,high_confidence,688.0,0.9869186046511628,1.0
L,MEV,IS66-like element short variant transposase,low_count,1.0,1.0,1.0
L,MEW,IS701 family transposase,high_confidence,359.0,1.0,0.9860724233983288
L,MEX,IS701-like element IS1452 family transposase,low_count,3.0,1.0,1.0
L,MEY,IS701-like element ISAba11 family transposase,low_count,1.0,1.0,1.0
L,MEZ,IS701-like element ISAcma8 family transposase,low_count,1.0,1.0,1.0
L,MFB,IS701-like element ISAzs1 family transposase,low_count,1.0,1.0,1.0
L,MFC,IS701-like element ISAzs6 family transposase,high_confidence,5.0,1.0,1.0
L,MFT,IS701-like element ISPna6 family transposase,low_count,1.0,1.0,1.0
L,MFU,IS701-like element ISRhosp2 family transposase,low_count,1.0,1.0,1.0
L,MFW,IS701-like element ISRm31 family transposase,high_confidence,7.0,1.0,1.0
L,MFX,IS701-like element ISRso17 family transposase,high_confidence,73.0,1.0,1.0
L,MGB,IS91 family transposase,ambiguous,229.0,1.0,0.4978165938864629
L,MGW,IS982 family transposase,high_confidence,71.0,1.0,1.0
L,MHA,IS982-like element IS982B family transposase,high_confidence,18.0,1.0,1.0
L,MHB,IS982-like element IS982C family transposase,low_count,1.0,1.0,1.0
L,MHD,IS982-like element ISAba825 family transposase,high_confidence,8.0,1.0,1.0
L,MHF,IS982-like element ISAcsp2 family transposase,high_confidence,11.0,1.0,1.0
L,MHJ,IS982-like element ISEfm1 family transposase,high_confidence,45.0,1.0,1.0
L,MHM,IS982-like element ISLgar3 family transposase,high_confidence,9.0,1.0,1.0
L,MHN,IS982-like element ISLh1 family transposase,low_count,3.0,1.0,1.0
L,MHO,IS982-like element ISLll1 family transposase,high_confidence,20.0,1.0,1.0
L,MHW,ISAs1 family transposase,high_confidence,200.0,0.995,1.0
L,MIA,ISAs1-like element ISAeme2 family transposase,low_count,1.0,1.0,1.0
L,MIB,ISAs1-like element ISAli14 family transposase,low_count,2.0,1.0,1.0
L,MIC,ISAs1-like element ISAs1 family transposase,high_confidence,5.0,1.0,1.0
L,MID,ISAs1-like element ISAs12 family transposase,high_confidence,22.0,1.0,1.0
L,MIF,ISAs1-like element ISAzs11 family transposase,low_count,2.0,1.0,1.0
L,MIG,ISAs1-like element ISAzs12 family transposase,low_count,2.0,1.0,1.0
L,MIH,ISAs1-like element ISAzs15 family transposase,low_count,4.0,1.0,1.0
L,MII,ISAs1-like element ISAzs22 family transposase,low_count,3.0,1.0,1.0
L,MIJ,ISAs1-like element ISAzs5 family transposase,low_count,2.0,1.0,1.0
L,MIM,ISAs1-like element ISEc1 family transposase,low_count,4.0,1.0,1.0
L,MIO,ISAs1-like element ISKpn31 family transposase,low_count,1.0,1.0,1.0
L,MIP,ISAs1-like element ISKpn9 family transposase,low_count,2.0,1.0,1.0
L,MIQ,ISAs1-like element ISMul1 family transposase,low_count,4.0,1.0,1.0
L,MIT,ISAs1-like element ISRm21 family transposase,high_confidence,20.0,1.0,1.0
L,MIV,ISAs1-like element ISVa13 family transposase,low_count,1.0,1.0,1.0
K,MIW,ISAzo13 family transposase,high_confidence,54.0,1.0,0.7037037037037037
L,MIW,ISAzo13 family transposase,high_confidence,54.0,1.0,0.7037037037037037
K,MJA,ISAzo13-like element ISScl2 family transposase,low_count,1.0,1.0,1.0
L,MJC,ISAzo13-like element transposase-related protein,high_confidence,18.0,0.8333333333333334,1.0
L,MJF,ISH3 family transposase,high_confidence,40.0,1.0,1.0
L,MJI,ISH3-like element ISH27-3 family transposase,low_count,1.0,1.0,1.0
L,MJY,ISKra4 family transposase,high_confidence,36.0,0.7222222222222222,0.9230769230769232
L,MKD,ISKra4-like element ISBugl3 family transposase,low_count,1.0,1.0,1.0
L,MKJ,ISKra4-like element ISKpn19 family transposase,high_confidence,8.0,1.0,1.0
L,MKT,ISKra4-like element ISSysp7 family transposase,low_count,1.0,1.0,1.0
L,MKV,ISL3 family transposase,high_confidence,319.0,0.8557993730407524,0.989010989010989
L,MKY,ISL3-like element IS1251 family transposase,high_confidence,6.0,1.0,1.0
L,MLE,ISL3-like element ISAe1 family transposase,high_confidence,7.0,1.0,1.0
L,MLF,ISL3-like element ISAeme19 family transposase,high_confidence,8.0,1.0,1.0
L,MLL,ISL3-like element ISEc38 family transposase,low_count,2.0,1.0,1.0
L,MLN,ISL3-like element ISEfa11 family transposase,low_count,2.0,1.0,1.0
L,MLO,ISL3-like element ISEfa5 family transposase,low_count,4.0,1.0,1.0
L,MLP,ISL3-like element ISIde1 family transposase,low_count,1.0,1.0,1.0
L,MLQ,ISL3-like element ISKox3 family transposase,high_confidence,21.0,1.0,1.0
L,MLR,ISL3-like element ISKpn25 family transposase,high_confidence,8.0,1.0,1.0
L,MLT,ISL3-like element ISMex10 family transposase,low_count,4.0,1.0,1.0
L,MLW,ISL3-like element ISMno5 family transposase,low_count,2.0,1.0,1.0
L,MLX,ISL3-like element ISP1 family transposase,low_count,1.0,1.0,1.0
L,MLZ,ISL3-like element ISPfr2 family transposase,low_count,2.0,1.0,1.0
L,MMA,ISL3-like element ISPpu12 family transposase,high_confidence,6.0,1.0,1.0
L,MME,ISL3-like element ISRso15 family transposase,high_confidence,25.0,1.0,1.0
L,MMG,ISL3-like element ISRta1 family transposase,high_confidence,7.0,1.0,1.0
L,MMN,ISL3-like element ISVa10 family transposase,low_count,1.0,1.0,1.0
L,MMV,ISNCY family transposase,high_confidence,426.0,1.0,0.9976525821596244
L,MMX,ISNCY-like element ISAau5 family transposase,low_count,1.0,1.0,1.0
L,MNG,ISNCY-like element ISKpn21 family transposase,high_confidence,23.0,1.0,1.0
L,MNJ,ISNCY-like element ISMex6 family transposase,low_count,1.0,1.0,1.0
L,MNM,ISNCY-like element ISRel10 family transposase,low_count,1.0,1.0,1.0
L,MNO,ISNCY-like element ISRjo3 family transposase,low_count,2.0,1.0,1.0
L,MNQ,ISNCY-like element ISRm17 family transposase,high_confidence,81.0,1.0,1.0
L,MNS,ISNCY-like element ISRtr6 family transposase,low_count,1.0,1.0,1.0
K,MOC,IbrB-like domain-containing protein,high_confidence,59.0,1.0,1.0
K,MOD,IclR family transcriptional regulator,high_confidence,1843.0,0.9989148128052088,0.9989136338946224
K,MOF,IclR family transcriptional regulator C-terminal domain-containing protein,high_confidence,112.0,0.9642857142857144,1.0
K,MOG,IclR family transcriptional regulator NdgR,low_count,1.0,1.0,1.0
K,MOH,IclR family transcriptional regulator PcaU,low_count,4.0,1.0,1.0
K,MOI,IclR family transcriptional regulator PobR,low_count,3.0,1.0,1.0
K,MOJ,IclR family transcriptional regulator YiaJ,low_count,4.0,1.0,1.0
K,MOK,IclR family transcriptional regulator domain-containing protein,high_confidence,33.0,1.0,1.0
J,MOY,Ig-like domain-containing alpha-2-macroglobulin family protein,low_count,3.0,1.0,0.3333333333333333
J,MOZ,Ig-like domain-containing protein,ambiguous,1590.0,0.8867924528301887,0.4375886524822695
L,MOZ,Ig-like domain-containing protein,ambiguous,1590.0,0.8867924528301887,0.4375886524822695
K,MQU,ImmA/IrrE family metallo-endopeptidase,high_confidence,232.0,0.8405172413793104,0.7743589743589744
L,MQU,ImmA/IrrE family metallo-endopeptidase,high_confidence,232.0,0.8405172413793104,0.7743589743589744
L,MRC,IncHI-type conjugal transfer helicase TrhI,high_confidence,13.0,1.0,1.0
K,MTY,JAB domain-containing protein,high_confidence,63.0,0.9047619047619048,0.543859649122807
L,MTY,JAB domain-containing protein,high_confidence,63.0,0.9047619047619048,0.543859649122807
K,MUD,JmjC domain-containing protein,ambiguous,31.0,0.935483870967742,0.4137931034482758
J,MUR,KAP family P-loop NTPase fold protein,high_confidence,29.0,1.0,0.9310344827586208
J,MVC,KH domain-containing protein,high_confidence,7.0,1.0,0.8571428571428571
J,MVD,KOW domain-containing RNA-binding protein,high_confidence,13.0,1.0,1.0
L,MWE,KfrB domain-containing protein,high_confidence,27.0,0.4444444444444444,0.5
K,MWF,KilA-N domain-containing protein,high_confidence,42.0,0.9047619047619048,0.7105263157894737
K,MWP,KorB domain-containing protein,low_count,4.0,1.0,1.0
L,MWW,Ku protein,high_confidence,439.0,1.0,0.9977220956719818
K,MXC,"L,D-transpeptidase",high_confidence,510.0,0.9823529411764704,0.8283433133732535
L,MXC,"L,D-transpeptidase",high_confidence,510.0,0.9823529411764704,0.8283433133732535
L,MXF,"L,D-transpeptidase family protein",high_confidence,212.0,0.9952830188679244,0.5402843601895735
K,MXI,L-2-amino-thiazoline-4-carboxylic acid hydrolase,high_confidence,81.0,0.8518518518518519,0.8115942028985508
J,MXX,L-asparaginase 2,high_confidence,9.0,1.0,1.0
K,MYO,L-fucose operon activator,high_confidence,9.0,1.0,1.0
J,MYY,L-histidine N(alpha)-methyltransferase,high_confidence,42.0,0.8095238095238095,0.9705882352941176
J,NAM,L-seryl-tRNA(Sec) selenium transferase,high_confidence,130.0,1.0,0.6
K,NAP,L-tartrate utilization transcriptional activator TtdR,low_count,1.0,1.0,1.0
J,NAW,L-threonylcarbamoyladenylate synthase,high_confidence,67.0,1.0,0.8507462686567164
J,NAX,L-threonylcarbamoyladenylate synthase type 1 TsaC,high_confidence,6.0,1.0,1.0
J,NBF,L7Ae/L30e/S12e/Gadd45 family ribosomal protein,low_count,2.0,1.0,1.0
L,NBG,LA2681 family HEPN domain-containing protein,low_count,5.0,0.6,0.6666666666666666
L,NBK,LAGLIDADG family homing endonuclease,high_confidence,186.0,0.9516129032258064,0.9887005649717514
K,NCF,LCP family protein,high_confidence,69.0,1.0,1.0
L,NCL,LEM-3-like GIY-YIG domain-containing protein,high_confidence,41.0,1.0,0.951219512195122
L,NCN,LGFP repeat-containing protein,high_confidence,11.0,0.4545454545454545,0.8
J,NDY,LLM class flavin-dependent oxidoreductase,high_confidence,1281.0,1.0,1.0
L,NED,LOG family protein,high_confidence,25.0,1.0,0.96
K,NEF,LPD1 domain-containing protein,ambiguous,42.0,0.9523809523809524,0.475
L,NEF,LPD1 domain-containing protein,ambiguous,42.0,0.9523809523809524,0.475
K,NEG,LPD11 domain-containing protein,low_count,5.0,0.6,0.6666666666666666
L,NEG,LPD11 domain-containing protein,low_count,5.0,0.6,0.6666666666666666
L,NEJ,LPD25 domain-containing protein,low_count,3.0,1.0,0.6666666666666666
L,NEK,LPD28 domain-containing protein,low_count,8.0,0.25,1.0
K,NEM,LPD38 domain-containing protein,low_count,3.0,1.0,0.6666666666666666
K,NFQ,LSM domain-containing protein,low_count,1.0,1.0,1.0
L,NGA,LVIVD repeat-containing protein,high_confidence,24.0,0.9583333333333334,0.6956521739130435
K,NGJ,LacI family DNA-binding transcriptional regulator,high_confidence,3133.0,0.999042451324609,0.970926517571885
K,NGK,LacI family transcriptional regulator,high_confidence,27.0,0.8888888888888888,0.625
L,NGK,LacI family transcriptional regulator,high_confidence,27.0,0.8888888888888888,0.625
K,NGL,LacI family transcriptional regulator BopD,low_count,1.0,1.0,1.0
K,NGP,LamG domain-containing protein,ambiguous,40.0,0.55,0.3636363636363636
J,NHM,LemA family protein,high_confidence,71.0,0.9295774647887324,0.9848484848484848
K,NHQ,LexA family protein,high_confidence,120.0,1.0,0.8583333333333333
L,NHQ,LexA family protein,high_confidence,120.0,1.0,0.8583333333333333
K,NHR,LexA family transcriptional regulator,high_confidence,107.0,0.9906542056074766,0.9339622641509434
L,NHR,LexA family transcriptional regulator,high_confidence,107.0,0.9906542056074766,0.9339622641509434
L,NHT,LexA regulated protein,high_confidence,9.0,1.0,0.8888888888888888
L,NIE,Lin1244/Lin1753 domain-containing protein,high_confidence,5.0,1.0,0.6
L,NIH,LlaJI family restriction endonuclease,low_count,1.0,1.0,1.0
K,NJW,Lrp/AsnC family transcriptional regulator,high_confidence,2020.0,0.9975247524752476,0.9995037220843672
K,NJX,Lrp/AsnC family transcriptional regulator GigD,low_count,4.0,1.0,1.0
K,NJZ,Lrp/AsnC ligand binding domain-containing protein,high_confidence,106.0,0.8867924528301887,1.0
K,NKQ,LuxR C-terminal-related transcriptional regulator,high_confidence,730.0,0.8986301369863013,0.864329268292683
L,NKQ,LuxR C-terminal-related transcriptional regulator,high_confidence,730.0,0.8986301369863013,0.864329268292683
K,NKS,LuxR family transcriptional regulator,high_confidence,173.0,0.9017341040462428,0.9935897435897436
L,NKS,LuxR family transcriptional regulator,high_confidence,173.0,0.9017341040462428,0.9935897435897436
K,NKT,LuxR family transcriptional regulator AbaR,low_count,4.0,1.0,1.0
K,NKU,LuxR family transcriptional regulator AbsR2,low_count,1.0,1.0,1.0
K,NKV,LuxR family transcriptional regulator KbvR,low_count,3.0,1.0,1.0
K,NKW,LuxR family transcriptional regulator NurR,low_count,3.0,1.0,1.0
K,NKX,LuxR family transcriptional regulator VpsT,low_count,1.0,1.0,1.0
K,NLM,LysR family hpxDE operon transcriptional regulator HpxR,low_count,3.0,1.0,1.0
K,NLN,LysR family regulator CbbR,high_confidence,5.0,1.0,1.0
K,NLO,LysR family substrate-binding domain-containing protein,high_confidence,15.0,1.0,1.0
J,NLP,LysR family transcriptional regulator,high_confidence,11270.0,0.997692990239574,0.9993774457488438
K,NLP,LysR family transcriptional regulator,high_confidence,11270.0,0.997692990239574,0.9993774457488438
K,NLQ,LysR family transcriptional regulator AmpR,high_confidence,15.0,1.0,1.0
K,NLR,LysR family transcriptional regulator ArgP,high_confidence,77.0,1.0,1.0
K,NLS,LysR family transcriptional regulator CrgA,low_count,2.0,1.0,1.0
K,NLV,LysR family transcriptional regulator GigC,low_count,4.0,1.0,1.0
K,NLX,LysR family transcriptional regulator MumR,low_count,3.0,1.0,1.0
K,NLY,LysR family transcriptional regulator OxyR,high_confidence,7.0,1.0,1.0
K,NLZ,LysR family transcriptional regulator SrsR,low_count,1.0,1.0,1.0
K,NMA,LysR family transcriptional regulator VtlR,low_count,4.0,1.0,1.0
K,NMD,LysR family transcriptional regulator substrate-binding protein,high_confidence,7.0,0.8571428571428571,1.0
K,NME,LysR substrate-binding domain-containing protein,high_confidence,3089.0,0.9983813531887342,0.9987029831387808
K,NMG,LytR family transcriptional regulator,low_count,1.0,1.0,1.0
K,NMI,LytR/AlgR family response regulator transcription factor,high_confidence,101.0,1.0,0.9207920792079208
K,NMK,LytTR family DNA-binding domain-containing protein,high_confidence,97.0,0.9587628865979382,0.8709677419354839
K,NML,LytTR family transcriptional regulator DNA-binding domain-containing protein,high_confidence,19.0,0.7368421052631579,1.0
L,NOK,M48 family metallopeptidase,ambiguous,166.0,0.9879518072289156,0.4573170731707317
K,NOR,M56 family metallopeptidase,high_confidence,64.0,0.484375,0.7741935483870968
L,NPD,M67 family metallopeptidase,low_count,4.0,1.0,0.75
K,NPE,M81 family metallopeptidase,high_confidence,387.0,0.9974160206718348,0.6606217616580311
L,NQL,MAGa7180 family putative nuclease,low_count,3.0,1.0,1.0
J,NRB,MBL fold metallo-hydrolase,high_confidence,2143.0,0.9920671955202988,0.786453433678269
K,NRB,MBL fold metallo-hydrolase,high_confidence,2143.0,0.9920671955202988,0.786453433678269
L,NRB,MBL fold metallo-hydrolase,high_confidence,2143.0,0.9920671955202988,0.786453433678269
J,NRC,MBL fold metallo-hydrolase RNA specificity domain-containing protein,high_confidence,33.0,1.0,0.9393939393939394
K,NRV,MDR efflux pump AcrAB transcriptional activator MarA,high_confidence,9.0,1.0,1.0
K,NRW,MDR efflux pump AcrAB transcriptional activator RobA,high_confidence,7.0,1.0,1.0
K,NSN,MFS transporter,high_confidence,10487.0,0.986078001334986,0.679721496953873
L,NSN,MFS transporter,high_confidence,10487.0,0.986078001334986,0.679721496953873
L,NTA,MGMT family protein,high_confidence,32.0,1.0,0.84375
K,NTI,MHYT domain-containing protein,high_confidence,64.0,0.984375,0.8888888888888888
L,NTW,MMPL family transporter,high_confidence,214.0,1.0,0.5467289719626168
K,NVF,MSMEG_0567/Sll0786 family nitrogen starvation N-acetyltransferase,high_confidence,22.0,1.0,1.0
L,NVM,MSMEG_1061 family FMN-dependent PPOX-type flavoprotein,ambiguous,28.0,1.0,0.4642857142857143
K,NVQ,MT-A70 family methyltransferase,high_confidence,110.0,0.9818181818181818,0.5277777777777778
K,NWK,MadR family response regulator transcription factor,low_count,1.0,1.0,1.0
K,NWV,Mal regulon transcriptional regulator MalI,high_confidence,6.0,1.0,1.0
K,NXF,MarR family EPS-associated transcriptional regulator,low_count,3.0,1.0,1.0
K,NXG,MarR family adhesin repressor NadR,low_count,2.0,1.0,1.0
K,NXH,MarR family transcriptional regulator,high_confidence,975.0,0.7158974358974359,0.9699140401146132
L,NXH,MarR family transcriptional regulator,high_confidence,975.0,0.7158974358974359,0.9699140401146132
K,NXK,MarR family transcriptional regulator TamR,low_count,1.0,1.0,1.0
K,NXM,MarR family winged helix-turn-helix transcriptional regulator,high_confidence,2308.0,0.9640381282495668,0.9995505617977528
J,NXT,MazG nucleotide pyrophosphohydrolase domain-containing protein,high_confidence,23.0,0.8260869565217391,0.8421052631578947
L,NYW,McrB family protein,high_confidence,51.0,1.0,0.9019607843137256
L,NYX,McrC family protein,high_confidence,47.0,0.851063829787234,0.975
K,NZH,MerR family DNA-binding protein,high_confidence,27.0,0.8888888888888888,1.0
K,NZI,MerR family DNA-binding transcriptional regulator,high_confidence,39.0,0.8717948717948718,0.9705882352941176
L,NZI,MerR family DNA-binding transcriptional regulator,high_confidence,39.0,0.8717948717948718,0.9705882352941176
K,NZJ,MerR family transcriptional regulator,high_confidence,1186.0,0.806070826306914,0.9738493723849372
L,NZJ,MerR family transcriptional regulator,high_confidence,1186.0,0.806070826306914,0.9738493723849372
K,NZZ,MinD/ParA family ATP-binding protein,high_confidence,52.0,0.9807692307692308,0.6862745098039216
L,NZZ,MinD/ParA family ATP-binding protein,high_confidence,52.0,0.9807692307692308,0.6862745098039216
J,OAB,Mini-ribonuclease 3,high_confidence,19.0,1.0,1.0
K,OAO,MltR family transcriptional regulator,high_confidence,8.0,0.75,1.0
K,OAR,MmcQ/YjbR family DNA-binding protein,high_confidence,71.0,1.0,0.8450704225352113
J,OBB,MnmC family methyltransferase,low_count,3.0,0.6666666666666666,0.5
L,OBL,MobA/MobL family protein,high_confidence,33.0,0.8484848484848485,0.6428571428571429
K,OBS,MobC family replication-relaxation protein,high_confidence,5.0,1.0,1.0
L,OBX,MobF family relaxase,high_confidence,200.0,0.995,1.0
K,OBY,MobH family relaxase,high_confidence,62.0,1.0,0.967741935483871
L,OCB,MobP2 family relaxase,high_confidence,61.0,0.9836065573770492,0.8333333333333334
L,OCD,MobQ family relaxase,high_confidence,37.0,1.0,0.945945945945946
J,OCE,MobT family relaxase,low_count,2.0,1.0,0.5
K,OCE,MobT family relaxase,low_count,2.0,1.0,0.5
L,OCF,MobV family relaxase,high_confidence,16.0,1.0,0.9375
L,OCG,Mobile element protein,low_count,3.0,1.0,0.6666666666666666
K,OCP,Mor transcription activator family protein,high_confidence,26.0,0.6538461538461539,0.8823529411764706
L,OCU,MoxR family ATPase,high_confidence,191.0,1.0,0.9581151832460733
L,ODN,Mrr restriction system protein,low_count,1.0,1.0,1.0
L,OEC,Mu transposase C-terminal domain-containing protein,high_confidence,221.0,0.986425339366516,1.0
L,OED,Mu transposase domain-containing protein,high_confidence,22.0,0.9545454545454546,1.0
K,OEH,MucR family transcriptional regulator,high_confidence,220.0,0.9590909090909092,0.995260663507109
J,OEJ,mucin-2,ambiguous,11.0,1.0,0.4545454545454545
J,OEK,MupA/Atu3671 family FMN-dependent luciferase-like monooxygenase,high_confidence,23.0,1.0,0.5652173913043478
J,OEO,Mur ligase family protein,high_confidence,19.0,1.0,0.8421052631578947
K,OEP,MurR/RpiR family transcriptional regulator,high_confidence,1006.0,0.9870775347912524,0.998992950654582
K,OER,MurR/RpiR family transcriptional regulator HpxU,low_count,3.0,1.0,1.0
L,OEV,MutH/Sau3AI family endonuclease,high_confidence,5.0,1.0,1.0
L,OEY,MutS family DNA mismatch repair protein,low_count,1.0,1.0,1.0
L,OEZ,MutS-related protein,high_confidence,18.0,1.0,1.0
J,OFC,MvdC/MvdD family ATP grasp protein,high_confidence,5.0,1.0,1.0
J,OGJ,N(6)-hydroxylysine O-acetyltransferase,low_count,4.0,1.0,1.0
J,OGK,N(6)-hydroxylysine O-acetyltransferase IucB,high_confidence,25.0,1.0,1.0
J,OGR,N-6 DNA methylase,high_confidence,501.0,0.9680638722554892,0.622680412371134
K,OGR,N-6 DNA methylase,high_confidence,501.0,0.9680638722554892,0.622680412371134
L,OGR,N-6 DNA methylase,high_confidence,501.0,0.9680638722554892,0.622680412371134
K,OHE,N-acetylglucosamine kinase,high_confidence,60.0,1.0,0.7833333333333333
J,OHS,N-acetylglutaminylglutamine synthetase,high_confidence,66.0,1.0,1.0
K,OHS,N-acetylglutaminylglutamine synthetase,high_confidence,66.0,1.0,1.0
K,OHU,N-acetylmannosamine kinase,high_confidence,10.0,1.0,0.8
J,OHX,N-acetylmuramate alpha-1-phosphate uridylyltransferase MurU,high_confidence,9.0,1.0,1.0
J,OJB,N-acetyltransferase,high_confidence,184.0,0.8695652173913043,0.65625
K,OJB,N-acetyltransferase,high_confidence,184.0,0.8695652173913043,0.65625
J,OJF,N-acetyltransferase family protein,high_confidence,48.0,0.9791666666666666,0.574468085106383
K,OJF,N-acetyltransferase family protein,high_confidence,48.0,0.9791666666666666,0.574468085106383
L,OKG,N-glycosylase/DNA lyase,low_count,1.0,1.0,1.0
L,OKO,N-terminal phage integrase SAM-like domain-containing protein,low_count,1.0,1.0,1.0
J,OKR,N5-glutamine methyltransferase family protein,high_confidence,53.0,1.0,1.0
K,OKZ,NACHT domain-containing NTPase,high_confidence,22.0,0.8181818181818182,0.7777777777777778
K,OLA,NACHT domain-containing protein,high_confidence,63.0,0.9206349206349206,0.896551724137931
L,OLA,NACHT domain-containing protein,high_confidence,63.0,0.9206349206349206,0.896551724137931
L,OLE,NAD(+) diphosphatase,high_confidence,33.0,1.0,1.0
K,OMB,NAD(P)-dependent oxidoreductase,ambiguous,1230.0,0.9943089430894309,0.4202780049059689
K,OML,NAD(P)H-dependent oxidoreductase,high_confidence,432.0,0.9907407407407408,0.647196261682243
L,ONB,NAD-dependent DNA ligase,low_count,1.0,1.0,1.0
L,ONC,NAD-dependent DNA ligase LigA,high_confidence,140.0,1.0,0.9857142857142858
L,OND,NAD-dependent DNA ligase LigB,high_confidence,6.0,1.0,0.6666666666666666
K,ONE,NAD-dependent deacetylase,low_count,3.0,1.0,1.0
K,ONF,NAD-dependent deacylase,high_confidence,14.0,1.0,1.0
K,ONR,NAD-dependent protein deacetylase,high_confidence,18.0,1.0,1.0
K,ONS,NAD-dependent protein deacetylase of SIR2 family,low_count,1.0,1.0,1.0
K,ONT,NAD-dependent protein deacylase,high_confidence,15.0,1.0,1.0
L,ORD,NADP-dependent oxidoreductase,high_confidence,417.0,1.0,0.645083932853717
K,ORM,NADPH-dependent 7-cyano-7-deazaguanine reductase QueF,high_confidence,24.0,1.0,0.5416666666666666
K,ORO,NADPH-dependent FMN reductase,high_confidence,324.0,1.0,0.9537037037037036
K,OSI,NB-ARC domain-containing protein,high_confidence,36.0,0.9444444444444444,0.7058823529411765
J,OSU,NDP-sugar synthase,high_confidence,7.0,0.8571428571428571,0.5
K,OTB,NERD domain-containing protein,ambiguous,18.0,0.5,0.4444444444444444
L,OTB,NERD domain-containing protein,ambiguous,18.0,0.5,0.4444444444444444
K,OTC,NERD domain-containing protein kinase family protein,low_count,2.0,1.0,0.5
L,OTC,NERD domain-containing protein kinase family protein,low_count,2.0,1.0,0.5
L,OTN,NF041680 family putative transposase,high_confidence,59.0,1.0,1.0
K,OTP,NFACT RNA binding domain-containing protein,low_count,3.0,1.0,1.0
K,OTQ,NFACT family protein,low_count,1.0,1.0,1.0
J,OUT,NOP5/NOP56 family protein,low_count,1.0,1.0,1.0
J,OVD,NTP transferase domain-containing protein,high_confidence,107.0,0.97196261682243,0.5673076923076923
J,OVM,NUDIX domain-containing protein,high_confidence,516.0,0.9554263565891472,0.5172413793103449
K,OVM,NUDIX domain-containing protein,high_confidence,516.0,0.9554263565891472,0.5172413793103449
L,OVM,NUDIX domain-containing protein,high_confidence,516.0,0.9554263565891472,0.5172413793103449
K,OVN,NUDIX hydrolase,high_confidence,698.0,0.9656160458452722,0.5
L,OVN,NUDIX hydrolase,high_confidence,698.0,0.9656160458452722,0.5
L,OVO,NUDIX hydrolase N-terminal domain-containing protein,high_confidence,8.0,1.0,0.75
L,OVQ,NUDIX hydrolase family protein,high_confidence,5.0,1.0,0.6
L,OVR,NUDIX pyrophosphatase,low_count,2.0,1.0,1.0
L,OVT,NUMOD1 domain-containing DNA-binding protein,low_count,2.0,0.5,1.0
L,OVV,NUMOD4 domain-containing protein,high_confidence,130.0,0.8615384615384616,0.9017857142857144
L,OVW,NUMOD4 motif-containing HNH endonuclease,high_confidence,212.0,1.0,0.8301886792452831
J,OVY,NYN domain-containing protein,high_confidence,218.0,0.9678899082568808,0.7203791469194313
L,OVY,NYN domain-containing protein,high_confidence,218.0,0.9678899082568808,0.7203791469194313
K,OXO,Na/Pi cotransporter family protein,high_confidence,196.0,1.0,0.9948979591836736
K,OXQ,NadS family protein,high_confidence,8.0,1.0,1.0
L,OXR,NaeI family type II restriction endonuclease,low_count,1.0,1.0,1.0
K,OXY,NepR family anti-sigma factor,low_count,28.0,0.0714285714285714,1.0
L,OYE,NgoBV family restriction endonuclease,low_count,2.0,1.0,1.0
L,OYG,NgoMIV family type II restriction endonuclease,low_count,2.0,1.0,1.0
L,OYH,NgoPII family restriction endonuclease,low_count,2.0,1.0,1.0
K,OYN,Ni(II)/Co(II)-binding transcriptional repressor RcnR,high_confidence,11.0,1.0,0.8181818181818182
K,PAR,NosR/NirI family protein,high_confidence,42.0,1.0,1.0
K,PBA,NrpR regulatory domain-containing protein,low_count,2.0,1.0,1.0
K,PBG,NUDIX hydrolase,high_confidence,698.0,0.9656160458452722,0.5
L,PBG,NUDIX hydrolase,high_confidence,698.0,0.9656160458452722,0.5
K,PBN,NusA-like transcription termination signal-binding factor,low_count,1.0,1.0,1.0
J,PCN,O-methyltransferase,high_confidence,74.0,0.9864864864864864,0.8356164383561644
L,PCN,O-methyltransferase,high_confidence,74.0,0.9864864864864864,0.8356164383561644
K,PDM,OB-fold nucleic acid binding domain-containing protein,high_confidence,14.0,0.7142857142857143,0.8
L,PDM,OB-fold nucleic acid binding domain-containing protein,high_confidence,14.0,0.7142857142857143,0.8
L,PDX,ORC1-type DNA replication protein,low_count,1.0,1.0,1.0
K,PDY,ORF6C domain-containing protein,high_confidence,7.0,0.7142857142857143,0.8
K,PDZ,ORF6N domain-containing protein,high_confidence,55.0,0.9818181818181818,0.5
J,PGJ,OmpA family protein,high_confidence,602.0,0.9750830564784052,0.7120954003407155
L,PGJ,OmpA family protein,high_confidence,602.0,0.9750830564784052,0.7120954003407155
K,PGQ,OmpR family response regulator RctC,high_confidence,5.0,1.0,1.0
K,PHU,P-II family nitrogen regulator,high_confidence,170.0,0.9823529411764704,0.9760479041916168
K,PHX,"P-loop ATPase, Sll1717 family",high_confidence,55.0,0.7636363636363637,0.8571428571428571
L,PHX,"P-loop ATPase, Sll1717 family",high_confidence,55.0,0.7636363636363637,0.8571428571428571
L,PHY,P-loop NTPase,high_confidence,23.0,1.0,0.9130434782608696
J,PHZ,P-loop NTPase fold protein,high_confidence,175.0,0.8914285714285715,0.9551282051282052
L,PHZ,P-loop NTPase fold protein,high_confidence,175.0,0.8914285714285715,0.9551282051282052
K,PIQ,P22AR C-terminal domain-containing protein,high_confidence,5.0,1.0,1.0
L,PIR,P27 family phage terminase small subunit,high_confidence,26.0,0.5384615384615384,0.5
L,PJC,PA0069 family radical SAM protein,high_confidence,29.0,1.0,1.0
K,PJD,PA1136 family autoinducer-binding transcriptional regulator,low_count,1.0,1.0,1.0
K,PJQ,PAAR-like domain-containing protein,high_confidence,27.0,1.0,0.6666666666666666
K,PKA,PAS and helix-turn-helix domain-containing protein,high_confidence,9.0,1.0,1.0
K,PKB,PAS domain S-box protein,high_confidence,583.0,0.9965694682675816,0.9380378657487092
L,PKB,PAS domain S-box protein,high_confidence,583.0,0.9965694682675816,0.9380378657487092
K,PKE,PAS domain-containing protein,high_confidence,717.0,0.9358437935843794,0.8807749627421758
K,PKG,PAS domain-containing sensor histidine kinase,high_confidence,288.0,1.0,0.9930555555555556
L,PKG,PAS domain-containing sensor histidine kinase,high_confidence,288.0,1.0,0.9930555555555556
K,PKJ,PAS sensor domain-containing protein,low_count,1.0,1.0,1.0
L,PKM,PBECR2 nuclease fold domain-containing protein,low_count,5.0,0.6,0.6666666666666666
L,PKS,PBSX family phage terminase large subunit,high_confidence,51.0,1.0,0.9803921568627452
J,PKU,PCC domain-containing protein,high_confidence,10.0,1.0,0.8
J,PKX,PCRF domain-containing protein,low_count,1.0,1.0,1.0
L,PLC,PD-(D/E)XK nuclease family protein,high_confidence,161.0,0.8509316770186336,0.7153284671532847
L,PLF,PD-(D/E)XK nuclease-like domain-containing protein,high_confidence,43.0,0.813953488372093,0.6857142857142857
K,PME,PEP/pyruvate-binding domain-containing protein,high_confidence,95.0,1.0,0.9473684210526316
K,PMK,PFL_4669 family integrating conjugative element protein,high_confidence,14.0,1.0,0.9285714285714286
K,PML,PFL_4695 family integrating conjugative element protein,low_count,3.0,1.0,1.0
L,PMS,PGF-pre-PGF domain-containing protein,low_count,4.0,0.75,0.3333333333333333
L,PMW,PH domain-containing protein,high_confidence,243.0,0.5925925925925926,0.9861111111111112
J,PNC,PHP domain-containing protein,ambiguous,177.0,0.9943502824858758,0.4090909090909091
L,PNC,PHP domain-containing protein,ambiguous,177.0,0.9943502824858758,0.4090909090909091
L,PNL,PIN domain nuclease,high_confidence,8.0,0.875,0.8571428571428571
K,PNN,PIN domain-containing protein,high_confidence,365.0,0.7890410958904109,0.8298611111111112
K,POA,PLP-dependent aminotransferase family protein,high_confidence,1304.0,1.0,0.8888036809815951
K,POC,PLP-dependent cysteine synthase family protein,high_confidence,95.0,1.0,1.0
K,POG,PLxRFG domain-containing protein,high_confidence,8.0,1.0,0.625
L,POG,PLxRFG domain-containing protein,high_confidence,8.0,1.0,0.625
K,POL,PP2C family protein-serine/threonine phosphatase,high_confidence,181.0,0.994475138121547,0.6444444444444445
J,POM,PP2C family serine/threonine-protein phosphatase,high_confidence,90.0,1.0,0.9666666666666668
K,POM,PP2C family serine/threonine-protein phosphatase,high_confidence,90.0,1.0,0.9666666666666668
J,POO,PPC domain-containing DNA-binding protein,high_confidence,111.0,1.0,0.8918918918918919
J,POY,PQQ-binding-like beta-propeller repeat protein,ambiguous,207.0,0.821256038647343,0.4823529411764706
K,POY,PQQ-binding-like beta-propeller repeat protein,ambiguous,207.0,0.821256038647343,0.4823529411764706
L,POY,PQQ-binding-like beta-propeller repeat protein,ambiguous,207.0,0.821256038647343,0.4823529411764706
K,PPJ,PRD domain-containing protein,high_confidence,54.0,0.9629629629629628,0.8846153846153846
K,PPM,PRTRC system ParB family protein,high_confidence,45.0,1.0,1.0
K,PQA,PSM export ABC transporter transcriptional regulator PmtR,low_count,2.0,1.0,1.0
K,PSZ,PTS sugar transporter subunit IIA,high_confidence,293.0,1.0,0.9965870307167236
K,PUB,PaaX family transcriptional regulator,low_count,2.0,1.0,1.0
K,PUC,PaaX family transcriptional regulator C-terminal domain-containing protein,high_confidence,40.0,1.0,1.0
K,PUE,PadR family transcriptional regulator,high_confidence,652.0,0.9831288343558282,0.9953198127925116
L,PUF,PaeR7I family type II restriction endonuclease,low_count,2.0,1.0,1.0
K,PUH,Panacea domain-containing protein,high_confidence,52.0,0.75,0.7948717948717948
K,PUU,ParB N-terminal domain-containing protein,high_confidence,736.0,0.8831521739130435,0.9
L,PUU,ParB N-terminal domain-containing protein,high_confidence,736.0,0.8831521739130435,0.9
K,PUW,ParB family protein,high_confidence,461.0,0.9956616052060736,1.0
K,PUY,ParB/RepB/Spo0J family partition protein,high_confidence,1676.0,0.960620525059666,0.9900621118012424
K,PUZ,ParB/RepB/Spo0J family plasmid partition protein,high_confidence,85.0,1.0,0.9882352941176472
K,PVA,ParB/Srx family N-terminal domain-containing protein,high_confidence,905.0,0.9911602209944752,0.9821627647714604
L,PVA,ParB/Srx family N-terminal domain-containing protein,high_confidence,905.0,0.9911602209944752,0.9821627647714604
K,PWS,PfkB family carbohydrate kinase,high_confidence,241.0,0.9875518672199172,0.865546218487395
K,PXP,PhoP regulatory network protein YrbL,high_confidence,5.0,1.0,1.0
L,PXP,PhoP regulatory network protein YrbL,high_confidence,5.0,1.0,1.0
K,PXU,PhoU domain-containing protein,high_confidence,6.0,1.0,0.5
J,PYH,PhzF family phenazine biosynthesis isomerase,high_confidence,9.0,1.0,0.5555555555555556
J,PYI,PhzF family phenazine biosynthesis protein,high_confidence,164.0,1.0,0.945121951219512
L,PYI,PhzF family phenazine biosynthesis protein,high_confidence,164.0,1.0,0.945121951219512
K,PZA,PilZ domain-containing protein,high_confidence,142.0,0.6197183098591549,0.6704545454545454
J,PZD,Piwi domain-containing protein,low_count,2.0,1.0,1.0
K,PZH,PleD family two-component system response regulator,high_confidence,48.0,1.0,0.6666666666666666
L,PZQ,PmrA,low_count,1.0,1.0,1.0
K,PZU,PocR ligand-binding domain-containing protein,high_confidence,12.0,1.0,0.9166666666666666
L,PZV,PolC-type DNA polymerase III,high_confidence,41.0,1.0,1.0
L,QAX,PriCT-2 domain-containing protein,low_count,4.0,1.0,0.5
K,QBI,PrpR N-terminal domain-containing protein,low_count,2.0,1.0,0.5
K,QBR,PspA/IM30 family protein,high_confidence,67.0,0.9850746268656716,0.9848484848484848
K,QBS,PspC domain-containing protein,high_confidence,42.0,1.0,0.9761904761904762
K,QBZ,PucR family transcriptional regulator,high_confidence,98.0,0.9897959183673468,0.7422680412371134
K,QCA,PucR family transcriptional regulator ligand-binding domain-containing protein,high_confidence,14.0,1.0,0.9285714285714286
K,QCH,Pycsar phage resistance system effector protein PycTIR,low_count,1.0,1.0,1.0
L,QCS,Qat anti-phage system TatD family nuclease QatD,high_confidence,9.0,1.0,1.0
K,QCY,QseB-like response regulator transcription factor,low_count,4.0,1.0,1.0
L,QDI,RAMP superfamily CRISPR-associated protein,high_confidence,24.0,0.75,1.0
L,QDS,REP-associated tyrosine transposase,low_count,4.0,1.0,1.0
L,QDT,REP-associated tyrosine transposase RayT,high_confidence,9.0,1.0,1.0
J,QEP,"RNA 2',3'-cyclic phosphodiesterase",high_confidence,45.0,1.0,0.9777777777777776
J,QEQ,RNA 2'-phosphotransferase,high_confidence,39.0,1.0,0.5897435897435898
J,QES,RNA chaperone Hfq,high_confidence,165.0,0.9030303030303032,0.5906040268456376
J,QET,RNA chaperone ProQ,high_confidence,12.0,1.0,0.5833333333333334
K,QEU,RNA chaperone/antiterminator CspA,high_confidence,7.0,1.0,1.0
L,QEX,RNA deprotection pyrophosphohydrolase,low_count,1.0,1.0,1.0
L,QEY,RNA helicase,low_count,3.0,0.3333333333333333,1.0
L,QEZ,RNA helicase domain-containing protein,low_count,1.0,1.0,1.0
J,QFB,RNA ligase (ATP),high_confidence,7.0,1.0,0.7142857142857143
J,QFD,RNA ligase family protein,high_confidence,119.0,0.8907563025210085,0.5849056603773585
L,QFD,RNA ligase family protein,high_confidence,119.0,0.8907563025210085,0.5849056603773585
J,QFG,RNA methyltransferase,high_confidence,67.0,0.9850746268656716,0.8636363636363636
K,QFJ,RNA polymerase Rpb4 family protein,low_count,2.0,1.0,1.0
K,QFK,RNA polymerase alpha subunit C-terminal domain-containing protein,low_count,2.0,1.0,1.0
K,QFL,RNA polymerase factor sigma-32,high_confidence,10.0,1.0,1.0
K,QFM,RNA polymerase factor sigma-54,high_confidence,148.0,1.0,1.0
K,QFN,RNA polymerase factor sigma-70,high_confidence,7.0,1.0,1.0
L,QFO,RNA polymerase recycling motor ATPase HelR,high_confidence,7.0,1.0,1.0
L,QFP,RNA polymerase recycling motor HelD,high_confidence,12.0,1.0,1.0
K,QFS,RNA polymerase sigma factor,high_confidence,991.0,0.9667003027245208,0.9947807933194156
K,QFT,RNA polymerase sigma factor FecI,high_confidence,17.0,1.0,1.0
K,QFU,RNA polymerase sigma factor FliA,high_confidence,105.0,1.0,1.0
K,QFV,RNA polymerase sigma factor RpoD,high_confidence,85.0,1.0,1.0
K,QFW,RNA polymerase sigma factor RpoD/SigA,high_confidence,11.0,1.0,1.0
K,QFX,RNA polymerase sigma factor RpoE,high_confidence,13.0,1.0,0.9230769230769232
K,QFY,RNA polymerase sigma factor RpoH,high_confidence,72.0,1.0,1.0
K,QFZ,RNA polymerase sigma factor RpoS,high_confidence,13.0,1.0,1.0
K,QGB,RNA polymerase sigma factor SigB,low_count,3.0,1.0,1.0
K,QGD,RNA polymerase sigma factor SigE,low_count,3.0,1.0,1.0
K,QGE,RNA polymerase sigma factor SigF,high_confidence,16.0,1.0,1.0
K,QGG,RNA polymerase sigma factor SigJ,high_confidence,18.0,1.0,1.0
K,QGH,RNA polymerase sigma factor SigM,low_count,3.0,1.0,1.0
K,QGL,RNA polymerase sigma factor SigW,low_count,4.0,1.0,1.0
K,QGM,RNA polymerase sigma factor SigX,high_confidence,5.0,1.0,1.0
K,QGO,RNA polymerase sigma factor SigZ,high_confidence,5.0,1.0,1.0
K,QGP,RNA polymerase sigma factor WhiG,low_count,1.0,1.0,1.0
K,QGR,RNA polymerase sigma factor region1.1 domain-containing protein,low_count,4.0,0.5,0.5
K,QGV,RNA polymerase sigma-70 factor,high_confidence,71.0,1.0,1.0
K,QGW,RNA polymerase sigma-I factor,low_count,1.0,1.0,1.0
K,QGX,RNA polymerase sporulation sigma factor SigE,low_count,3.0,1.0,1.0
K,QGY,RNA polymerase sporulation sigma factor SigF,low_count,1.0,1.0,1.0
K,QGZ,RNA polymerase sporulation sigma factor SigG,low_count,3.0,1.0,1.0
K,QHA,RNA polymerase sporulation sigma factor SigH,high_confidence,20.0,1.0,1.0
K,QHD,RNA polymerase subunit sigma,low_count,1.0,1.0,1.0
K,QHE,RNA polymerase subunit sigma-24,low_count,4.0,0.75,1.0
K,QHF,RNA polymerase subunit sigma-28,low_count,1.0,1.0,1.0
K,QHG,RNA polymerase subunit sigma-54,low_count,2.0,1.0,1.0
K,QHH,RNA polymerase subunit sigma-70,high_confidence,16.0,0.75,1.0
K,QHI,RNA polymerase-associated protein RapA,high_confidence,13.0,1.0,1.0
K,QHJ,RNA polymerase-binding protein DksA,high_confidence,37.0,1.0,0.7567567567567568
K,QHK,RNA polymerase-binding protein RbpA,low_count,4.0,1.0,1.0
K,QHL,RNA polymerase-binding transcription factor CarD,low_count,1.0,1.0,1.0
J,QHM,RNA pseudouridine synthase,low_count,3.0,1.0,1.0
L,QHN,RNA pyrophosphohydrolase,high_confidence,24.0,1.0,0.9166666666666666
K,QHQ,RNA repair transcriptional activator RtcR,high_confidence,24.0,1.0,1.0
K,QHR,RNA repair transcriptional activator RtcR family protein,high_confidence,6.0,1.0,1.0
J,QHT,RNA-binding S4 domain-containing protein,high_confidence,56.0,0.9642857142857144,0.6666666666666666
K,QHV,RNA-binding domain-containing protein,high_confidence,22.0,0.5,0.8181818181818182
L,QHV,RNA-binding domain-containing protein,high_confidence,22.0,0.5,0.8181818181818182
J,QHW,RNA-binding protein,high_confidence,79.0,0.7088607594936709,0.5
K,QHW,RNA-binding protein,high_confidence,79.0,0.7088607594936709,0.5
L,QHZ,RNA-directed DNA polymerase,high_confidence,17.0,0.8823529411764706,0.9333333333333332
L,QIB,RNA-guided endonuclease InsQ/TnpB family protein,high_confidence,360.0,1.0,0.9861111111111112
L,QIC,RNA-guided endonuclease IscB,high_confidence,26.0,1.0,0.5384615384615384
L,QID,RNA-guided endonuclease TnpB family protein,high_confidence,415.0,0.983132530120482,0.9901960784313726
J,QIE,RNA-guided pseudouridylation complex pseudouridine synthase subunit Cbf5,low_count,2.0,1.0,1.0
J,QIF,RNA-protein complex protein Nop10,low_count,1.0,1.0,1.0
J,QII,RNB domain-containing ribonuclease,high_confidence,46.0,1.0,0.8695652173913043
K,QII,RNB domain-containing ribonuclease,high_confidence,46.0,1.0,0.8695652173913043
L,QIJ,RND family transporter,high_confidence,21.0,1.0,0.9047619047619048
L,QIQ,RNase H family protein,high_confidence,48.0,0.7083333333333334,0.9411764705882352
L,QIS,RNase H1/viroplasmin domain-containing protein,low_count,5.0,0.2,1.0
J,QIT,RNase J family beta-CASP ribonuclease,high_confidence,6.0,1.0,1.0
K,QIV,RNase P modulator RnpM,low_count,2.0,1.0,1.0
J,QIW,RNase P subunit p30 family protein,low_count,1.0,1.0,1.0
K,QJA,ROK family glucokinase,high_confidence,7.0,1.0,1.0
K,QJB,ROK family protein,high_confidence,449.0,0.9933184855233852,0.9663677130044844
K,QJC,ROK family transcriptional regulator,high_confidence,474.0,1.0,0.9430379746835444
K,QJF,RPA12/RPB9/RPC11 RNA polymerase family protein,high_confidence,10.0,1.0,1.0
L,QJG,RQC domain-containing protein,low_count,1.0,1.0,1.0
J,QJJ,RSP_2647 family RNA methyltransferase,low_count,1.0,1.0,1.0
K,QKB,Rad3-related DNA helicase-like protein,low_count,1.0,1.0,1.0
L,QKB,Rad3-related DNA helicase-like protein,low_count,1.0,1.0,1.0
L,QKE,RadC family protein,high_confidence,41.0,1.0,0.6829268292682927
J,QKG,RagB/SusD family nutrient uptake outer membrane protein,ambiguous,52.0,1.0,0.3846153846153846
K,QKG,RagB/SusD family nutrient uptake outer membrane protein,ambiguous,52.0,1.0,0.3846153846153846
K,QKH,RamA family antibiotic efflux transcriptional regulator,high_confidence,6.0,1.0,1.0
K,QKJ,Rap family tetratricopeptide repeat protein,high_confidence,147.0,1.0,0.5714285714285714
K,QKL,RapH N-terminal domain-containing protein,high_confidence,26.0,1.0,0.9615384615384616
L,QLD,RecA DNA recombination protein,high_confidence,6.0,1.0,1.0
L,QLE,RecB family exonuclease,high_confidence,18.0,1.0,0.8333333333333334
L,QLF,RecB-like helicase,low_count,1.0,1.0,1.0
L,QLG,RecE family exodeoxyribonuclease,high_confidence,7.0,0.8571428571428571,0.6666666666666666
L,QLI,RecQ family ATP-dependent DNA helicase,high_confidence,40.0,1.0,0.975
L,QLJ,RecQ family zinc-binding domain-containing protein,low_count,3.0,1.0,1.0
L,QLK,RecT family recombinase,high_confidence,18.0,1.0,0.6666666666666666
K,QLQ,RelA/SpoT family protein,high_confidence,22.0,1.0,1.0
L,QLT,RelB/DinJ family addiction module antitoxin,low_count,3.0,1.0,1.0
L,QMG,RepB family plasmid replication initiator protein,high_confidence,950.0,0.9863157894736844,0.8548559231590181
K,QMN,replication protein,high_confidence,165.0,0.5575757575757576,0.7608695652173914
L,QMN,replication protein,high_confidence,165.0,0.5575757575757576,0.7608695652173914
K,QMO,replication protein O,high_confidence,8.0,1.0,1.0
K,QMS,Replication termination protein,low_count,3.0,1.0,1.0
L,QMV,restriction endonuclease BamHI,low_count,1.0,1.0,1.0
K,QMY,Rgg/GadR/MutR family transcriptional regulator,low_count,3.0,0.6666666666666666,1.0
K,QNA,Rha family transcriptional regulator,high_confidence,300.0,0.76,0.9780701754385964
L,QNA,Rha family transcriptional regulator,high_confidence,300.0,0.76,0.9780701754385964
K,QND,Rho termination factor N-terminal domain-containing protein,low_count,60.0,0.05,0.6666666666666666
K,QNE,Rho-binding antiterminator,high_confidence,18.0,0.8333333333333334,1.0
L,QNH,RhuM family protein,low_count,4.0,1.0,0.75
J,QNM,Rid family detoxifying hydrolase,high_confidence,69.0,1.0,1.0
J,QNN,Rid family hydrolase,high_confidence,90.0,0.8333333333333334,1.0
J,QNO,RidA family protein,high_confidence,1887.0,0.9989401165871754,0.9984084880636604
L,QNO,RidA family protein,high_confidence,1887.0,0.9989401165871754,0.9984084880636604
J,QNS,RimK family alpha-L-glutamate ligase,high_confidence,36.0,1.0,0.9722222222222222
J,QNT,RimK family protein,high_confidence,9.0,1.0,1.0
J,QNU,RimK-like protein,low_count,2.0,1.0,1.0
J,QOC,RlmE family RNA methyltransferase,high_confidence,29.0,1.0,1.0
J,QOH,RluA family pseudouridine synthase,high_confidence,114.0,1.0,0.9824561403508772
J,QOR,Rne/Rng family ribonuclease,high_confidence,19.0,1.0,1.0
K,QPI,RpiR family transcriptional regulator,low_count,5.0,0.8,1.0
L,QPJ,Rpn family recombination-promoting nuclease/putative transposase,high_confidence,300.0,0.9966666666666668,0.9966555183946488
J,QPO,Rpp14/Pop5 family protein,low_count,1.0,1.0,1.0
K,QPP,Rqc2 family fibronectin-binding protein,low_count,3.0,1.0,1.0
K,QPQ,Rrf2 family transcriptional regulator,high_confidence,537.0,0.988826815642458,1.0
K,QPS,Rrf2 family transcriptional regulator,high_confidence,537.0,0.988826815642458,1.0
K,QQA,RsbU family protein phosphatase GigA,high_confidence,5.0,1.0,1.0
K,QQB,Rsd/AlgQ family anti-sigma factor,low_count,4.0,1.0,1.0
J,QQF,RsmB/NOP family class I SAM-dependent RNA methyltransferase,high_confidence,36.0,1.0,1.0
K,QQF,RsmB/NOP family class I SAM-dependent RNA methyltransferase,high_confidence,36.0,1.0,1.0
J,QQG,RsmD family RNA methyltransferase,low_count,3.0,1.0,0.6666666666666666
L,QQG,RsmD family RNA methyltransferase,low_count,3.0,1.0,0.6666666666666666
J,QQH,RsmE family RNA methyltransferase,low_count,3.0,1.0,1.0
L,QQJ,RtcB family protein,high_confidence,70.0,1.0,0.8428571428571429
L,QQN,RusA family crossover junction endodeoxyribonuclease,high_confidence,158.0,0.6139240506329114,0.8041237113402062
L,QQZ,Rv2578c family radical SAM protein,low_count,4.0,1.0,1.0
K,QRA,Rv2640c family ArsR-like transcriptional regulator,high_confidence,13.0,1.0,1.0
J,QSA,S-adenosylmethionine:tRNA ribosyltransferase-isomerase,high_confidence,13.0,1.0,0.5384615384615384
J,QSF,S-layer homology domain-containing protein,ambiguous,332.0,0.966867469879518,0.4299065420560747
K,QSF,S-layer homology domain-containing protein,ambiguous,332.0,0.966867469879518,0.4299065420560747
J,QSM,S-methyl-5-thioribose kinase,high_confidence,64.0,1.0,0.875
J,QSN,S-methyl-5-thioribose-1-phosphate isomerase,high_confidence,76.0,1.0,0.7763157894736842
J,QSX,S1 RNA binding domain protein,low_count,2.0,1.0,1.0
J,QSZ,S1 RNA-binding domain-containing protein,high_confidence,50.0,0.88,0.9090909090909092
K,QSZ,S1 RNA-binding domain-containing protein,high_confidence,50.0,0.88,0.9090909090909092
J,QTA,S1 domain-containing RNA-binding protein,high_confidence,9.0,1.0,1.0
J,QTB,S1 domain-containing post-transcriptional regulator GSP13,low_count,1.0,1.0,1.0
K,QTD,S1 family peptidase,high_confidence,73.0,0.6575342465753424,0.6666666666666666
L,QTG,S1/P1 nuclease,high_confidence,40.0,0.975,0.9743589743589745
K,QTM,S24 family peptidase,high_confidence,620.0,0.164516129032258,0.8921568627450981
L,QTM,S24 family peptidase,high_confidence,620.0,0.164516129032258,0.8921568627450981
J,QTQ,S4 domain-containing protein,low_count,4.0,0.5,1.0
K,QUA,S8 family peptidase,high_confidence,461.0,1.0,0.7982646420824295
J,QUO,SAM-dependent DNA methyltransferase,low_count,3.0,1.0,0.3333333333333333
J,QUQ,SAM-dependent methyltransferase,ambiguous,319.0,0.974921630094044,0.4115755627009646
K,QUQ,SAM-dependent methyltransferase,ambiguous,319.0,0.974921630094044,0.4115755627009646
L,QUQ,SAM-dependent methyltransferase,ambiguous,319.0,0.974921630094044,0.4115755627009646
J,QUR,SAM-dependent methyltransferase TehB,low_count,4.0,1.0,0.5
K,QUW,SAP domain-containing protein,low_count,4.0,1.0,0.5
K,QUZ,SARP family transcriptional regulator,high_confidence,22.0,1.0,0.5909090909090909
K,QVL,SAV_2336 N-terminal domain-related protein,high_confidence,21.0,1.0,0.5714285714285714
L,QVL,SAV_2336 N-terminal domain-related protein,high_confidence,21.0,1.0,0.5714285714285714
K,QWH,SCO6745 family protein,high_confidence,12.0,1.0,1.0
L,QWQ,SDR family NAD(P)-dependent oxidoreductase,high_confidence,4460.0,0.9968609865470852,0.8214125056230319
L,QWT,SDR family oxidoreductase,high_confidence,5342.0,0.997379258704605,0.618993993993994
L,QXN,SF1B family DNA helicase RecD2,high_confidence,8.0,1.0,1.0
K,QYD,SIN_02055 family SIR2-like protein,low_count,1.0,1.0,1.0
K,QYF,SIR2 family NAD-dependent protein deacylase,high_confidence,117.0,0.9743589743589745,0.9210526315789472
K,QYH,SIR2 family protein,high_confidence,179.0,0.9832402234636872,0.7556818181818182
K,QYI,SIS domain-containing protein,high_confidence,328.0,0.9908536585365854,0.8215384615384616
K,QYS,SLOG family protein,high_confidence,41.0,0.7804878048780488,0.59375
L,QYS,SLOG family protein,high_confidence,41.0,0.7804878048780488,0.59375
L,QYT,SMC family ATPase,high_confidence,25.0,1.0,1.0
K,QYU,SMC-Scp complex subunit ScpB,high_confidence,113.0,0.9734513274336284,0.5818181818181818
K,QYX,SMEK domain-containing protein,high_confidence,12.0,0.5,0.6666666666666666
K,QYY,SMI1/KNR4 family protein,high_confidence,432.0,0.5787037037037037,0.764
L,QYY,SMI1/KNR4 family protein,high_confidence,432.0,0.5787037037037037,0.764
J,QYZ,SMODS domain-containing nucleotidyltransferase,high_confidence,9.0,0.6666666666666666,1.0
K,QZC,SMP-30/gluconolactonase/LRE family protein,high_confidence,808.0,0.9975247524752476,0.9863523573200992
L,QZI,SNF2 helicase-associated domain-containing protein,low_count,1.0,1.0,1.0
K,QZJ,SNF2-related protein,high_confidence,199.0,1.0,0.7638190954773869
L,QZJ,SNF2-related protein,high_confidence,199.0,1.0,0.7638190954773869
K,QZT,"SOS-response transcriptional repressor, LexA",low_count,1.0,1.0,1.0
L,QZU,SOSS complex subunit B family protein,high_confidence,6.0,1.0,1.0
L,QZV,SOUL family heme-binding protein,low_count,2.0,1.0,0.5
L,RAC,SPFH domain-containing protein,high_confidence,670.0,0.991044776119403,0.7364457831325302
K,RAJ,SPI-1 type III secretion system effector SopD,low_count,4.0,1.0,1.0
L,RAJ,SPI-1 type III secretion system effector SopD,low_count,4.0,1.0,1.0
K,RBR,SPI-2 type III secretion system effector SopD2,low_count,4.0,1.0,1.0
L,RBR,SPI-2 type III secretion system effector SopD2,low_count,4.0,1.0,1.0
L,RCH,SPI-7-type island replicative DNA helicase,low_count,1.0,1.0,1.0
L,RCK,SPL family radical SAM protein,low_count,4.0,1.0,1.0
J,RCT,SRPBCC domain-containing protein,high_confidence,283.0,0.9540636042402828,0.725925925925926
K,RCT,SRPBCC domain-containing protein,high_confidence,283.0,0.9540636042402828,0.725925925925926
J,RCU,SRPBCC family protein,high_confidence,956.0,0.9163179916317992,0.7568493150684932
K,RCU,SRPBCC family protein,high_confidence,956.0,0.9163179916317992,0.7568493150684932
J,RDO,STM4014 family protein,high_confidence,9.0,1.0,1.0
K,REE,SUF system Fe-S cluster assembly regulator,high_confidence,21.0,1.0,1.0
K,REH,SUMF1/EgtB/PvdO family nonheme iron enzyme,high_confidence,141.0,0.9929078014184396,0.8928571428571429
L,REH,SUMF1/EgtB/PvdO family nonheme iron enzyme,high_confidence,141.0,0.9929078014184396,0.8928571428571429
L,REK,SUV3 C-terminal domain-containing protein,low_count,1.0,1.0,1.0
K,RET,SWIM zinc finger family protein,high_confidence,139.0,0.8489208633093526,0.9491525423728814
L,RET,SWIM zinc finger family protein,high_confidence,139.0,0.8489208633093526,0.9491525423728814
L,RFN,Sau3AI family type II restriction endonuclease,high_confidence,8.0,1.0,1.0
L,RFP,SbcC/MukB-like Walker B domain-containing protein,high_confidence,27.0,0.9629629629629628,0.5384615384615384
K,RFV,ScbR family autoregulator-binding transcription factor,high_confidence,149.0,1.0,0.9932885906040269
L,RFV,ScbR family autoregulator-binding transcription factor,high_confidence,149.0,1.0,0.9932885906040269
L,RFX,ScpA family protein,high_confidence,25.0,1.0,0.96
K,RFY,Scr1 family TA system antitoxin-like transcriptional regulator,high_confidence,23.0,0.6956521739130435,0.875
J,RIV,SelB C-terminal domain-containing protein,low_count,1.0,1.0,1.0
K,RJH,SgrR family transcriptional regulator,high_confidence,33.0,1.0,0.696969696969697
L,RJJ,Shedu anti-phage system protein SduA domain-containing protein,high_confidence,14.0,0.4285714285714285,0.6666666666666666
K,RKB,SigB/SigF/SigG family RNA polymerase sigma factor,high_confidence,14.0,1.0,1.0
K,RKC,SigE family RNA polymerase sigma factor,high_confidence,58.0,1.0,1.0
L,RKG,SinI family restriction endonuclease,low_count,2.0,1.0,1.0
L,RKJ,Single-stranded DNA binding protein,low_count,3.0,1.0,1.0
K,RKM,Sir2 family NAD+-dependent deacetylase,high_confidence,14.0,1.0,1.0
K,RKN,Sir2 family NAD-dependent protein deacetylase,high_confidence,36.0,0.9722222222222222,0.9142857142857144
L,RKV,SixA phosphatase family protein,high_confidence,17.0,1.0,0.9411764705882352
L,RLD,Smr/MutS family protein,high_confidence,26.0,0.9615384615384616,0.84
K,RLZ,Spo0J and enkurin domain-containing protein,low_count,2.0,1.0,1.0
K,RMB,SpoIIE family protein phosphatase,high_confidence,323.0,0.9876160990712074,0.5454545454545454
L,RMB,SpoIIE family protein phosphatase,high_confidence,323.0,0.9876160990712074,0.5454545454545454
L,RMI,SpoVR family protein,high_confidence,48.0,1.0,0.9791666666666666
L,RMN,SprT family zinc-dependent metalloprotease,high_confidence,30.0,1.0,0.9333333333333332
K,RMO,SprT-like domain-containing protein,ambiguous,59.0,0.7627118644067796,0.4888888888888889
K,RMQ,SpvB/TcaC N-terminal domain-containing protein,high_confidence,20.0,0.95,0.8421052631578947
K,RMR,Spx/MgsR family RNA polymerase-binding regulatory protein,high_confidence,9.0,1.0,0.7777777777777778
L,RMS,Spy/CpxP family protein refolding chaperone,high_confidence,181.0,0.9613259668508288,0.8448275862068966
J,RNB,SsrA-binding protein,low_count,3.0,1.0,0.6666666666666666
J,RNC,SsrA-binding protein SmpB,high_confidence,57.0,1.0,0.5789473684210527
K,RNQ,Stk1 family PASTA domain-containing Ser/Thr kinase,high_confidence,10.0,1.0,1.0
L,RNQ,Stk1 family PASTA domain-containing Ser/Thr kinase,high_confidence,10.0,1.0,1.0
J,RNX,Sua5/YciO/YrdC/YwlC family protein,high_confidence,11.0,1.0,0.8181818181818182
K,ROT,SycD/LcrH family type III secretion system chaperone SicA,low_count,4.0,1.0,1.0
L,ROY,SyrB-like regulator,low_count,17.0,0.0588235294117647,1.0
K,RQJ,T3SS leucine-rich repeat effector RipAC/PopC,high_confidence,26.0,1.0,1.0
L,RQJ,T3SS leucine-rich repeat effector RipAC/PopC,high_confidence,26.0,1.0,1.0
L,RRA,T7SS effector LXG polymorphic toxin,ambiguous,46.0,1.0,0.391304347826087
K,RRJ,TAL effector repeat-containing protein,high_confidence,7.0,0.8571428571428571,0.8333333333333334
K,RRM,TATA-box-binding protein,high_confidence,31.0,1.0,1.0
K,RRO,TAXI family TRAP transporter solute-binding subunit,high_confidence,272.0,0.9852941176470588,0.9701492537313432
K,RRZ,TFIIB-type zinc ribbon-containing protein,low_count,4.0,1.0,0.5
J,RSB,TGS domain-containing protein,low_count,4.0,1.0,0.75
L,RSC,THUMP domain-containing class I SAM-dependent RNA methyltransferase,high_confidence,14.0,1.0,1.0
J,RSE,THUMP-like domain-containing protein,low_count,2.0,1.0,1.0
L,RSW,TIGR00730 family Rossman fold protein,high_confidence,85.0,1.0,0.9647058823529412
K,RSX,TIGR01212 family radical SAM protein,high_confidence,14.0,1.0,0.9285714285714286
J,RTG,TIGR01621 family pseudouridine synthase,low_count,3.0,1.0,1.0
L,RTR,TIGR02221 family CRISPR-associated protein,low_count,1.0,1.0,1.0
K,RTX,TIGR02302 family protein,ambiguous,27.0,1.0,0.4814814814814814
L,RTX,TIGR02302 family protein,ambiguous,27.0,1.0,0.4814814814814814
L,RTZ,TIGR02391 family protein,high_confidence,22.0,1.0,0.9090909090909092
K,RUD,TIGR02452 family protein,high_confidence,5.0,1.0,0.6
L,RUX,TIGR02757 family protein,low_count,3.0,1.0,1.0
K,RVE,TIGR03032 family protein,low_count,2.0,1.0,1.0
J,RVI,TIGR03086 family metal-binding protein,high_confidence,31.0,0.967741935483871,0.5666666666666667
K,RVI,TIGR03086 family metal-binding protein,high_confidence,31.0,0.967741935483871,0.5666666666666667
K,RWJ,TIGR03752 family integrating conjugative element protein,high_confidence,17.0,1.0,0.7058823529411765
K,RWO,TIGR03761 family integrating conjugative element protein,low_count,1.0,1.0,1.0
L,RXA,TIGR03915 family putative DNA repair protein,high_confidence,6.0,1.0,1.0
L,RXI,TIGR03986 family type III CRISPR-associated RAMP protein,low_count,1.0,1.0,1.0
L,RYU,TIM barrel protein,high_confidence,253.0,0.9723320158102768,0.9715447154471544
K,RYY,TIR domain-containing protein,high_confidence,63.0,0.9523809523809524,0.5666666666666667
L,RYY,TIR domain-containing protein,high_confidence,63.0,0.9523809523809524,0.5666666666666667
L,RZA,TM0106 family RecB-like putative nuclease,high_confidence,17.0,1.0,0.8823529411764706
K,RZB,TM1266 family iron-only hydrogenase system putative regulator,low_count,2.0,1.0,1.0
J,RZE,TM2 domain-containing protein,high_confidence,54.0,0.8888888888888888,0.875
K,RZQ,TOBE domain-containing protein,high_confidence,157.0,0.9872611464968152,0.8387096774193549
K,RZV,TOMM system kinase/cyclase fusion protein,high_confidence,5.0,1.0,0.6
L,RZV,TOMM system kinase/cyclase fusion protein,high_confidence,5.0,1.0,0.6
L,RZW,TOPRIM and DUF927 domain-containing protein,low_count,1.0,1.0,1.0
L,RZX,TOPRIM nucleotidyl transferase/hydrolase domain-containing protein,high_confidence,13.0,1.0,1.0
L,RZY,TOTE conflict system archaeo-eukaryotic primase domain-containing protein,high_confidence,22.0,1.0,1.0
J,SAI,TRAM domain-containing protein,high_confidence,61.0,0.9344262295081968,0.9649122807017544
K,SAS,TRASH domain-containing protein,low_count,1.0,1.0,1.0
L,SAY,TRM11 family SAM-dependent methyltransferase,high_confidence,7.0,1.0,1.0
L,SAZ,TRM11 family methyltransferase,low_count,2.0,1.0,1.0
L,SBW,TaqI-like C-terminal specificity domain-containing protein,low_count,4.0,1.0,0.5
K,SBZ,Tat pathway signal protein,high_confidence,29.0,0.7586206896551724,0.8636363636363636
L,SCD,TatD family hydrolase,high_confidence,103.0,1.0,0.6699029126213593
K,SCH,TauD/TfdA family dioxygenase,high_confidence,279.0,0.967741935483871,0.8925925925925926
K,SDC,TenA family protein,high_confidence,47.0,1.0,1.0
K,SDD,TenA family transcriptional regulator,high_confidence,24.0,0.9583333333333334,0.8695652173913043
K,SDL,TerD family protein,high_confidence,320.0,0.996875,0.9811912225705328
J,SDT,TetM/TetW/TetO/TetS family tetracycline resistance ribosomal protection protein,low_count,2.0,1.0,1.0
K,SDU,TetR family copper-responsive transcriptional repressor ComR,high_confidence,10.0,1.0,1.0
K,SDV,TetR family transcriptional regulator,high_confidence,545.0,0.9706422018348624,1.0
K,SDW,TetR family transcriptional regulator C-terminal domain-containing protein,high_confidence,78.0,1.0,1.0
K,SDX,TetR-like C-terminal domain-containing protein,high_confidence,39.0,0.9487179487179488,1.0
K,SDY,TetR/AcrR family transcriptional regulator,high_confidence,6181.0,0.9893221161624332,0.9993458708094848
L,SDY,TetR/AcrR family transcriptional regulator,high_confidence,6181.0,0.9893221161624332,0.9993458708094848
K,SDZ,TetR/AcrR family transcriptional regulator C-terminal domain-containing protein,high_confidence,81.0,0.9506172839506172,0.987012987012987
K,SEA,TetR/AcrR family transcriptional regulator C-terminal ligand-binding domain-containing protein,high_confidence,6.0,1.0,1.0
K,SEB,Tex family protein,high_confidence,71.0,1.0,0.9859154929577464
L,SEB,Tex family protein,high_confidence,71.0,1.0,0.9859154929577464
K,SED,TfoX/Sxy family DNA transformation protein,high_confidence,21.0,0.9523809523809524,0.8
K,SEE,TfoX/Sxy family protein,high_confidence,34.0,0.9705882352941176,0.7575757575757576
K,SEL,Tfx family DNA-binding protein,low_count,4.0,1.0,1.0
L,SET,Ti-type conjugative transfer relaxase TraA,high_confidence,136.0,1.0,1.0
J,SEV,TiaS agmantine-binding domain-containing protein,low_count,1.0,1.0,1.0
K,SFD,TioE family transcriptional regulator,high_confidence,8.0,1.0,1.0
K,SFE,TipAS antibiotic-recognition domain-containing protein,low_count,4.0,1.0,1.0
L,SFI,TldD/PmbA family protein,high_confidence,41.0,1.0,0.951219512195122
J,SFO,TlyA family RNA methyltransferase,high_confidence,29.0,1.0,1.0
J,SFP,TlyA family rRNA (cytidine-2'-O)-methyltransferase,low_count,1.0,1.0,1.0
L,SFT,Tn3 family transposase,high_confidence,451.0,0.9578713968957872,1.0
L,SFV,Tn3-like element IS1071 family transposase,high_confidence,20.0,1.0,1.0
L,SFW,Tn3-like element IS3000 family transposase,high_confidence,14.0,1.0,1.0
L,SFX,Tn3-like element IS882 family transposase,low_count,3.0,1.0,1.0
L,SFZ,Tn3-like element ISAli20 family transposase,low_count,1.0,1.0,1.0
L,SGB,Tn3-like element ISAzs29 family transposase,low_count,1.0,1.0,1.0
L,SGD,Tn3-like element ISEc63 family transposase,high_confidence,8.0,1.0,1.0
L,SGF,Tn3-like element ISMex22 family transposase,low_count,1.0,1.0,1.0
L,SGI,Tn3-like element ISPa38 family transposase,high_confidence,7.0,1.0,1.0
L,SGJ,Tn3-like element ISPa40 family transposase,low_count,1.0,1.0,1.0
L,SGU,Tn3-like element ISXc4 family transposase,high_confidence,13.0,1.0,1.0
L,SGV,Tn3-like element Tn3 family transposase,high_confidence,34.0,1.0,1.0
L,SGW,Tn3-like element Tn4401 family resolvase TnpR,low_count,4.0,1.0,1.0
L,SGX,Tn3-like element Tn4401 family transposase,low_count,4.0,1.0,1.0
L,SGY,Tn3-like element Tn5403 family transposase,high_confidence,17.0,1.0,1.0
L,SGZ,Tn3-like element TnAs1 family transposase,high_confidence,31.0,1.0,1.0
L,SHB,Tn3-like element TnAs3 family transposase,high_confidence,28.0,1.0,1.0
L,SHD,Tn3-like element TnShfr1 family transposase,low_count,1.0,1.0,1.0
L,SHE,Tn3-like element TnXax1 family transposase,low_count,2.0,1.0,1.0
L,SHF,Tn3-like element TnXo19 family transposase,low_count,2.0,1.0,1.0
L,SHJ,TnP I resolvase,low_count,3.0,1.0,1.0
L,SHK,TniB family NTP-binding protein,ambiguous,165.0,0.9636363636363636,0.4842767295597484
K,SHL,TniQ family protein,high_confidence,197.0,0.5076142131979695,0.74
L,SHL,TniQ family protein,high_confidence,197.0,0.5076142131979695,0.74
L,SHN,TnsA endonuclease C-terminal domain-containing protein,low_count,2.0,1.0,1.0
K,SHO,TnsA endonuclease N-terminal domain-containing protein,high_confidence,41.0,0.6341463414634146,0.8461538461538461
L,SHO,TnsA endonuclease N-terminal domain-containing protein,high_confidence,41.0,0.6341463414634146,0.8461538461538461
L,SHP,TnsA-like heteromeric transposase endonuclease subunit,high_confidence,52.0,0.2307692307692307,0.8333333333333334
L,SHQ,TnsD family Tn7-like transposition protein,high_confidence,22.0,0.9090909090909092,0.9
L,SKA,TraG/TraD/VirD4 family protein,low_count,1.0,1.0,1.0
L,SKO,TraM recognition domain-containing protein,high_confidence,45.0,0.9111111111111112,0.8536585365853658
K,SKU,TraR/DksA family transcriptional regulator,high_confidence,103.0,0.883495145631068,0.8571428571428571
L,SLS,TrbM/KikA/MpfK family conjugal transfer protein,high_confidence,13.0,0.8461538461538461,0.9090909090909092
L,SMK,TrlF family AAA-like ATPase,high_confidence,27.0,1.0,0.6296296296296297
K,SMN,TrmB family transcriptional regulator,high_confidence,72.0,0.9861111111111112,0.971830985915493
K,SMO,TrmB family transcriptional regulator sugar-binding domain-containing protein,high_confidence,11.0,0.9090909090909092,0.8
J,SMP,TrmH family RNA methyltransferase,high_confidence,31.0,1.0,0.935483870967742
J,SNX,TyrS-associated PheT N-terminal domain-related protein TapR,low_count,1.0,1.0,1.0
J,SOG,"UDP-2,4-diacetamido-2,4, 6-trideoxy-beta-L-altropyranose hydrolase",high_confidence,30.0,1.0,0.8666666666666667
J,SOL,"UDP-4-amino-4, 6-dideoxy-N-acetyl-beta-L-altrosamine N-acetyltransferase",high_confidence,17.0,1.0,0.5882352941176471
L,SQW,UMUC-like DNA-repair protein,low_count,3.0,1.0,1.0
K,SRY,UTRA domain-containing protein,high_confidence,61.0,0.9672131147540984,1.0
L,SSA,UV DNA damage repair endonuclease UvsE,high_confidence,7.0,1.0,1.0
L,SSB,UV damage endonuclease UvsE,high_confidence,5.0,1.0,1.0
L,SSC,UV damage repair endonuclease,low_count,1.0,1.0,1.0
L,SSF,UV damage repair protein UvrX,low_count,2.0,1.0,0.5
L,SSR,UdgX family uracil-DNA binding protein,high_confidence,205.0,1.0,1.0
L,STB,UvrB domain 3-containing protein,low_count,1.0,1.0,1.0
L,STD,UvrD-helicase domain-containing protein,high_confidence,320.0,1.0,0.93125
K,STF,UvrY/SirA/GacA family response regulator transcription factor,high_confidence,16.0,1.0,0.9375
K,STH,Uxu operon transcriptional regulator,high_confidence,8.0,1.0,1.0
J,SUD,VCBS repeat-containing protein,ambiguous,51.0,0.8431372549019608,0.2558139534883721
K,SUU,VOC family protein,high_confidence,3361.0,0.9773876822374292,0.7598173515981735
L,SUZ,VPA1269 family protein,high_confidence,9.0,1.0,1.0
L,SVF,VRR-NUC domain-containing protein,high_confidence,521.0,0.9884836852207294,0.9766990291262136
L,SVH,VSPR family DNA mismatch endonuclease,low_count,3.0,1.0,1.0
J,SVJ,VTT domain-containing protein,ambiguous,73.0,0.9041095890410958,0.3636363636363636
K,SVN,VWA domain-containing protein,high_confidence,673.0,0.9658246656760772,0.6738461538461539
J,SVT,VacB/RNase II family 3'-5' exoribonuclease,high_confidence,6.0,1.0,0.8333333333333334
K,SVT,VacB/RNase II family 3'-5' exoribonuclease,high_confidence,6.0,1.0,0.8333333333333334
K,SVX,VanR-ABDEGLN family response regulator transcription factor,low_count,1.0,1.0,1.0
L,SWG,VapE domain-containing protein,high_confidence,13.0,0.9230769230769232,0.5833333333333334
L,SXB,VirB4 family type IV secretion system protein,high_confidence,185.0,1.0,0.7243243243243244
J,SYD,Vms1/Ankzf1 family peptidyl-tRNA hydrolase,low_count,1.0,1.0,1.0
K,SYR,WD40 repeat domain-containing protein,high_confidence,66.0,0.7424242424242424,0.5918367346938775
L,SYR,WD40 repeat domain-containing protein,high_confidence,66.0,0.7424242424242424,0.5918367346938775
K,SYS,WD40 repeat domain-containing serine/threonine protein kinase,low_count,2.0,1.0,1.0
L,SYS,WD40 repeat domain-containing serine/threonine protein kinase,low_count,2.0,1.0,1.0
K,SYU,WG repeat-containing protein,high_confidence,20.0,0.6,0.5
L,SYU,WG repeat-containing protein,high_confidence,20.0,0.6,0.5
K,SYW,WGR domain-containing protein,high_confidence,254.0,0.8267716535433071,0.9
L,SYW,WGR domain-containing protein,high_confidence,254.0,0.8267716535433071,0.9
K,SZA,WHG domain-containing protein,high_confidence,7.0,1.0,1.0
K,SZG,WYL domain-containing protein,high_confidence,101.0,0.9108910891089108,0.9347826086956522
L,SZJ,Wadjet anti-phage system protein JetD domain-containing protein,high_confidence,44.0,0.8863636363636364,0.8974358974358975
K,SZW,WhiB family transcriptional regulator,high_confidence,257.0,0.7665369649805448,0.7411167512690355
L,SZX,WxL domain-containing protein,high_confidence,113.0,0.5929203539823009,0.9253731343283582
J,TAB,WxcM-like domain-containing protein,high_confidence,5.0,1.0,0.6
J,TAJ,XRE family transcriptional regulator,high_confidence,466.0,0.6824034334763949,0.8930817610062893
K,TAJ,XRE family transcriptional regulator,high_confidence,466.0,0.6824034334763949,0.8930817610062893
L,TAJ,XRE family transcriptional regulator,high_confidence,466.0,0.6824034334763949,0.8930817610062893
K,TAK,XRE family transcriptional regulator XdrA,low_count,1.0,1.0,1.0
K,TAN,XVIPCD domain-containing protein,low_count,2.0,1.0,0.5
L,TBB,XkdF-like putative serine protease domain-containing protein,high_confidence,11.0,0.8181818181818182,0.8888888888888888
K,TCJ,XylR N-terminal domain-containing protein,low_count,4.0,1.0,0.5
K,TCK,XylR family transcriptional regulator,low_count,3.0,1.0,1.0
L,TCL,Y-family DNA polymerase,high_confidence,430.0,0.9883720930232558,1.0
K,TCU,YEATS-associated helix-containing protein,low_count,1.0,1.0,1.0
L,TCX,YHYH domain-containing protein,low_count,11.0,0.0909090909090909,1.0
K,TDL,YSIRK-targeted surface antigen transcriptional regulator,low_count,2.0,1.0,1.0
K,TEJ,YafY family protein,high_confidence,95.0,1.0,1.0
K,TEL,YagK/YfjJ domain-containing protein,high_confidence,50.0,0.98,0.979591836734694
L,TEV,YbaB/EbfC family nucleoid-associated protein,high_confidence,84.0,0.8809523809523809,0.8378378378378378
K,TEX,YbaK/EbsC family protein,high_confidence,74.0,0.9864864864864864,0.9315068493150684
K,TFK,YbeF family transcriptional regulator,high_confidence,5.0,1.0,1.0
J,TGD,YcbJ family phosphotransferase,ambiguous,9.0,1.0,0.4444444444444444
L,THA,YchF/TatD family DNA exonuclease,low_count,2.0,1.0,1.0
K,THF,YciI family protein,high_confidence,526.0,0.9600760456273764,0.9346534653465348
J,TID,YdcK family protein,ambiguous,10.0,1.0,0.4
K,TIZ,YebC/PmpR family DNA-binding transcriptional regulator,high_confidence,69.0,1.0,1.0
K,TKC,YetF domain-containing protein,high_confidence,11.0,0.8181818181818182,0.8888888888888888
L,TKU,YfeC-like transcriptional regulator,high_confidence,17.0,1.0,1.0
L,TLK,YfjI family protein,high_confidence,7.0,1.0,0.7142857142857143
K,TLM,YfjS/YafY family lipoprotein,high_confidence,7.0,1.0,1.0
L,TMN,YhaN family protein,high_confidence,11.0,1.0,1.0
J,TMQ,YhbY family RNA-binding protein,high_confidence,9.0,1.0,1.0
L,TMT,YhcG family protein,high_confidence,24.0,1.0,0.9583333333333334
J,TNC,YheC/YheD family protein,high_confidence,19.0,1.0,1.0
K,TOM,YihY family inner membrane protein,high_confidence,11.0,1.0,0.8181818181818182
K,TON,YihY/virulence factor BrkB family protein,high_confidence,363.0,1.0,0.928374655647383
L,TON,YihY/virulence factor BrkB family protein,high_confidence,363.0,1.0,0.928374655647383
L,TQS,YkyA family protein,high_confidence,5.0,1.0,1.0
L,TRB,YlbF family regulator,high_confidence,10.0,0.9,0.8888888888888888
K,TRF,YlcI/YnfO family protein,high_confidence,36.0,0.8611111111111112,0.6129032258064516
K,TRM,YlxR family protein,high_confidence,8.0,0.75,1.0
L,TSE,YneB family resolvase-like protein,low_count,1.0,1.0,1.0
K,TSG,YnfA family protein,high_confidence,134.0,1.0,0.9850746268656716
L,TSV,YodL domain-containing protein,low_count,5.0,0.8,0.75
L,TUI,YpsA SLOG family protein,low_count,3.0,0.6666666666666666,1.0
L,TUQ,YqaJ viral recombinase family protein,high_confidence,48.0,0.875,0.9523809523809524
K,TUZ,YqgE/AlgH family protein,high_confidence,39.0,0.9743589743589745,1.0
L,TVV,YraN family protein,high_confidence,36.0,0.9444444444444444,1.0
J,TXD,YtjB family periplasmic protein,high_confidence,9.0,1.0,0.6666666666666666
J,TXH,YtpR family tRNA-binding protein,low_count,3.0,1.0,1.0
J,TYC,YutD-like domain-containing protein,low_count,1.0,1.0,1.0
J,TYV,YwqG family protein,high_confidence,11.0,1.0,0.5454545454545454
L,TZI,YybH family protein,high_confidence,158.0,0.8354430379746836,0.9621212121212122
K,TZK,YycC family protein,low_count,2.0,1.0,1.0
L,TZP,Z1 domain-containing protein,high_confidence,14.0,1.0,0.8571428571428571
L,TZY,ZmpA/ZmpB/ZmpC family metallo-endopeptidase-related protein,low_count,3.0,1.0,0.3333333333333333
K,TZZ,Zn(2+)-responsive transcriptional regulator,high_confidence,7.0,1.0,1.0
K,UAA,Zn(II)-responsive metalloregulatory transcriptional repressor CzrA,low_count,2.0,1.0,1.0
L,UAD,Zn-binding domain-containing protein,low_count,2.0,1.0,0.5
K,UAP,[Fe-S]-dependent transcriptional repressor FeoC,high_confidence,6.0,1.0,1.0
K,UBK,abortive infection family protein,high_confidence,89.0,0.898876404494382,0.9
K,UCD,accessory gene regulator AgrB,high_confidence,10.0,1.0,1.0
K,UCE,accessory gene regulator ArgB-like protein,low_count,3.0,1.0,1.0
K,UCF,accessory gene regulator B family protein,high_confidence,10.0,0.8,1.0
K,UCM,acetamidase/formamidase family protein,high_confidence,126.0,1.0,0.9444444444444444
K,UCQ,acetate metabolism transcriptional regulator RamB,low_count,1.0,1.0,1.0
J,UCV,acetate--CoA ligase family protein,high_confidence,158.0,1.0,1.0
K,UDD,acetoin biosynthesis transcriptional regulator AlsR,low_count,1.0,1.0,1.0
J,UEO,acetyl-CoA carboxylase biotin carboxylase subunit family protein,ambiguous,57.0,1.0,0.4561403508771929
K,UFB,acetyl-CoA sensor PanZ family protein,low_count,1.0,1.0,1.0
K,UFU,acetylserotonin O-methyltransferase,high_confidence,10.0,1.0,0.5
J,UFV,acetyltransferase,high_confidence,148.0,0.9391891891891893,0.7338129496402878
K,UFV,acetyltransferase,high_confidence,148.0,0.9391891891891893,0.7338129496402878
K,UGD,acid resistance transcriptional activator GadE,low_count,1.0,1.0,1.0
K,UGE,acid resistance transcriptional activator GadW,low_count,1.0,1.0,1.0
K,UGF,acid resistance transcriptional activator GadX,low_count,1.0,1.0,1.0
K,UGH,acid stress response transcriptional regulator YdeO,low_count,3.0,1.0,1.0
K,UGR,acid-sensing system DNA-binding response regulator EvgA,low_count,4.0,1.0,0.75
K,UIC,acrEF/envCD operon transcriptional regulator,high_confidence,6.0,1.0,1.0
L,UJW,acyl-CoA thioesterase,high_confidence,561.0,0.9928698752228164,0.5134649910233393
K,ULB,acyltransferase,high_confidence,661.0,0.9682299546142208,0.5625
K,ULG,addiction module antidote protein,high_confidence,158.0,0.9873417721518988,1.0
L,ULG,addiction module antidote protein,high_confidence,158.0,0.9873417721518988,1.0
K,ULI,addiction module antitoxin,low_count,16.0,0.25,1.0
L,ULZ,adenine-specific DNA methylase,low_count,1.0,1.0,1.0
L,UMB,adenine-specific DNA-methyltransferase,ambiguous,12.0,1.0,0.4166666666666667
J,UMD,adenine/cytosine-specific restriction endonuclease Mrr,low_count,1.0,1.0,1.0
J,UNC,adenylate dimethylallyltransferase Tzs,high_confidence,82.0,1.0,1.0
K,UNH,adenylate/guanylate cyclase domain-containing protein,high_confidence,1238.0,0.9959612277867528,0.9416058394160584
K,UOM,aga operon transcriptional regulator AgaR,low_count,1.0,1.0,1.0
J,UPY,alanine--tRNA ligase,high_confidence,46.0,1.0,1.0
J,UPZ,alanine--tRNA ligase-related protein,high_confidence,9.0,1.0,1.0
J,UQG,alanyl-tRNA editing protein,high_confidence,26.0,1.0,0.8076923076923077
J,URL,aldo/keto reductase,high_confidence,1752.0,0.997716894977169,0.7791762013729977
K,URL,aldo/keto reductase,high_confidence,1752.0,0.997716894977169,0.7791762013729977
J,UUI,allophanate hydrolase,high_confidence,73.0,1.0,0.958904109589041
L,UUJ,allophanate hydrolase subunit 1,high_confidence,25.0,1.0,0.96
J,UWA,alpha-L-glutamate ligase-like protein,low_count,3.0,1.0,1.0
L,UXU,alpha-ketoglutarate-dependent dioxygenase AlkB,high_confidence,116.0,0.9827586206896552,1.0
L,UXV,alpha-ketoglutarate-dependent dioxygenase AlkB family protein,high_confidence,7.0,1.0,1.0
K,UYJ,alpha/beta fold hydrolase,ambiguous,3677.0,0.9926570573837368,0.4742465753424657
L,UYJ,alpha/beta fold hydrolase,ambiguous,3677.0,0.9926570573837368,0.4742465753424657
K,UYN,alpha/beta hydrolase,ambiguous,3355.0,0.990461997019374,0.4468853445681613
L,UYN,alpha/beta hydrolase,ambiguous,3355.0,0.990461997019374,0.4468853445681613
J,UYR,alpha/beta hydrolase family protein,high_confidence,290.0,0.9896551724137932,0.7317073170731707
L,UYR,alpha/beta hydrolase family protein,high_confidence,290.0,0.9896551724137932,0.7317073170731707
J,UZE,alternative ribosome rescue aminoacyl-tRNA hydrolase ArfB,high_confidence,38.0,1.0,1.0
J,UZN,amidase,high_confidence,684.0,0.9970760233918128,0.997067448680352
J,UZQ,amidase family protein,high_confidence,124.0,0.967741935483871,1.0
K,UZS,amidohydrolase,high_confidence,947.0,0.9978880675818372,0.8243386243386244
K,UZT,amidohydrolase family protein,ambiguous,1784.0,0.9899103139013452,0.4830124575311438
J,VAE,amino acid ABC transporter permease,high_confidence,2469.0,0.9987849331713244,0.5429845904298459
J,VAK,amino acid adenylation domain-containing protein,high_confidence,436.0,1.0,0.9839449541284404
J,VAW,amino acid transporter,high_confidence,14.0,1.0,0.9285714285714286
J,VAX,amino acid--[acyl-carrier-protein] ligase,high_confidence,33.0,1.0,1.0
J,VAY,amino acid--tRNA ligase-related protein,high_confidence,19.0,1.0,1.0
K,VBA,amino acid-binding protein,high_confidence,13.0,1.0,0.6153846153846154
J,VBF,aminoacyl--tRNA ligase-related protein,high_confidence,8.0,1.0,1.0
J,VBJ,aminoacyl-tRNA hydrolase,high_confidence,99.0,0.7878787878787878,0.8589743589743589
K,VBM,aminoalkylphosphonate N-acetyltransferase,high_confidence,8.0,1.0,1.0
J,VCA,aminoglycoside 3'-phosphotransferase,low_count,1.0,1.0,1.0
J,VCD,aminoglycoside 6'-N-acetyltransferase,high_confidence,6.0,1.0,0.8333333333333334
K,VCD,aminoglycoside 6'-N-acetyltransferase,high_confidence,6.0,1.0,0.8333333333333334
K,VCZ,aminoglycoside N-acetyltransferase AAC(3)-Ih,low_count,3.0,1.0,1.0
J,VDF,aminoglycoside N-acetyltransferase AAC(6')-IIa,low_count,1.0,1.0,1.0
J,VDG,aminoglycoside N-acetyltransferase AAC(6')-IIc,high_confidence,5.0,1.0,1.0
J,VDI,aminoglycoside N-acetyltransferase AAC(6')-Ib',low_count,1.0,1.0,1.0
J,VDJ,aminoglycoside N-acetyltransferase AAC(6')-Ib3,low_count,1.0,1.0,1.0
J,VDK,aminoglycoside N-acetyltransferase AAC(6')-Ib4,high_confidence,8.0,1.0,1.0
J,VDY,aminoglycoside O-phosphotransferase APH(3')-IIIa,low_count,4.0,1.0,1.0
J,VDZ,aminoglycoside O-phosphotransferase APH(3')-IIa,low_count,3.0,1.0,1.0
J,VEA,aminoglycoside O-phosphotransferase APH(3')-Ia,high_confidence,15.0,1.0,0.8
J,VEF,aminoglycoside O-phosphotransferase APH(3')-XV,low_count,1.0,1.0,1.0
J,VEN,aminoglycoside nucleotidyltransferase,low_count,1.0,1.0,1.0
J,VEW,aminoglycoside phosphotransferase family protein,ambiguous,187.0,0.9572192513368984,0.2849162011173184
K,VEW,aminoglycoside phosphotransferase family protein,ambiguous,187.0,0.9572192513368984,0.2849162011173184
L,VEW,aminoglycoside phosphotransferase family protein,ambiguous,187.0,0.9572192513368984,0.2849162011173184
K,VFS,aminotransferase,high_confidence,104.0,0.9903846153846154,0.6407766990291263
K,VFV,aminotransferase class I/II-fold pyridoxal phosphate-dependent enzyme,high_confidence,358.0,0.9972067039106144,0.7142857142857143
K,VHJ,anaerobic ribonucleoside triphosphate reductase,high_confidence,24.0,1.0,0.7916666666666666
K,VHK,anaerobic ribonucleoside-triphosphate reductase,high_confidence,162.0,1.0,0.9444444444444444
K,VIB,ankyrin repeat domain-containing protein,high_confidence,428.0,0.7920560747663551,0.6843657817109144
L,VIB,ankyrin repeat domain-containing protein,high_confidence,428.0,0.7920560747663551,0.6843657817109144
K,VID,antA/AntB antirepressor family protein,high_confidence,24.0,0.7916666666666666,0.7894736842105263
K,VIJ,"anthranilate 1,2-dioxygenase regulatory protein AndR",high_confidence,11.0,1.0,1.0
K,VJN,anti-FlhDC factor,low_count,3.0,1.0,0.6666666666666666
K,VJO,anti-FlhDC factor YdiV,low_count,3.0,1.0,1.0
K,VJS,anti-adapter protein IraM,high_confidence,11.0,0.9090909090909092,0.6
J,VJT,anti-adapter protein IraP,high_confidence,9.0,1.0,0.8888888888888888
K,VKD,anti-phage defense-associated sirtuin Dsr1,low_count,2.0,1.0,1.0
L,VKK,anti-phage-associated DUF1156 domain-containing protein,low_count,3.0,1.0,1.0
K,VKV,anti-sigma factor,high_confidence,168.0,0.9464285714285714,0.7924528301886793
K,VLC,anti-sigma factor domain-containing protein,high_confidence,27.0,0.9629629629629628,0.9230769230769232
K,VLD,anti-sigma factor family protein,high_confidence,163.0,0.98159509202454,0.99375
L,VMO,antirestriction protein ArdA,high_confidence,32.0,0.875,0.9285714285714286
K,VMV,antitermination protein,high_confidence,24.0,1.0,0.5416666666666666
K,VMY,antitermination protein QuuD,low_count,2.0,1.0,1.0
K,VNA,antiterminator LoaP,low_count,2.0,1.0,1.0
L,VNC,antitoxin,high_confidence,113.0,0.8849557522123894,0.95
K,VNE,antitoxin EndoAI,low_count,1.0,1.0,1.0
K,VNQ,antitoxin VapB family protein,high_confidence,18.0,1.0,0.5555555555555556
K,VNU,antitoxin Xre/MbcA/ParS toxin-binding domain-containing protein,high_confidence,240.0,0.8625,0.9371980676328504
K,VNY,antitoxin of toxin-antitoxin stability system,high_confidence,13.0,0.7692307692307693,0.9
L,VOC,antiviral reverse transcriptase Drt3a,low_count,3.0,0.6666666666666666,1.0
L,VOD,antiviral reverse transcriptase Drt3b,low_count,3.0,1.0,1.0
L,VOE,antiviral reverse transcriptase Drt4,low_count,1.0,1.0,1.0
L,VOF,antiviral reverse transcriptase Drt5,low_count,3.0,1.0,1.0
K,VPF,arabinose operon transcriptional regulator AraC,high_confidence,10.0,1.0,1.0
L,VPM,archaea-specific SMC-related protein,high_confidence,32.0,0.96875,1.0
J,VPX,archaeosine synthase subunit alpha,low_count,1.0,1.0,1.0
K,VQY,arginine repressor,high_confidence,17.0,1.0,1.0
J,VRD,arginine--tRNA ligase,high_confidence,77.0,1.0,1.0
J,VRS,argonaute/piwi family protein,low_count,7.0,0.4285714285714285,1.0
K,VTM,arsenical resistance operon transcriptional regulator ArsR,low_count,2.0,1.0,1.0
K,VUG,arsinothricin resistance N-acetyltransferase ArsN1 family B,low_count,1.0,1.0,1.0
J,VVA,asparaginase,high_confidence,113.0,1.0,1.0
J,VVC,asparaginase domain-containing protein,high_confidence,30.0,1.0,1.0
J,VVJ,asparagine synthetase A,low_count,4.0,1.0,1.0
J,VVM,asparagine--tRNA ligase,high_confidence,22.0,1.0,1.0
K,VVO,aspartate 1-decarboxylase autocleavage activator PanM,high_confidence,5.0,1.0,1.0
K,VVZ,aspartate phosphatase,high_confidence,18.0,0.7777777777777778,0.8571428571428571
J,VWF,aspartate--tRNA ligase,high_confidence,49.0,1.0,1.0
J,VWG,aspartate--tRNA(Asn) ligase,low_count,4.0,1.0,1.0
K,VXT,autoinducer binding domain-containing protein,high_confidence,116.0,0.8793103448275862,0.9803921568627452
K,VXW,autoinducer-binding transcriptional regulator TraR,high_confidence,10.0,1.0,1.0
K,VYB,autorepressor SdpR family transcription factor,high_confidence,5.0,1.0,1.0
J,VYZ,autotransporter-associated beta strand repeat-containing protein,ambiguous,31.0,0.967741935483871,0.4666666666666667
K,VZD,avirulence protein,low_count,3.0,1.0,1.0
K,VZE,avrbs3 family type III effector protein,low_count,2.0,1.0,1.0
J,VZK,bL17 family ribosomal protein,low_count,1.0,1.0,1.0
K,WAN,bacitracin resistance transcriptional activator BcrR,low_count,3.0,1.0,1.0
K,WAW,bacterial transcriptional activator domain-containing protein,high_confidence,13.0,0.6153846153846154,0.625
K,WAY,bacterio-opsin activator domain-containing protein,high_confidence,75.0,0.9733333333333334,0.5753424657534246
K,WBJ,bacteriocin immunity protein,high_confidence,74.0,0.6486486486486487,0.7708333333333334
K,WCX,barstar family protein,high_confidence,79.0,0.9367088607594936,0.9594594594594594
K,WDP,"benzoate 1,2-dioxygenase electron transfer component BenC",high_confidence,55.0,1.0,1.0
L,WDT,benzoate transporter,low_count,1.0,1.0,1.0
K,WGE,beta-glucoside kinase BglK,low_count,4.0,1.0,1.0
K,WHA,beta-lactam response regulator transcription factor BlrA,low_count,1.0,1.0,1.0
K,WHC,beta-lactam sensor/signal transducer,low_count,7.0,0.2857142857142857,1.0
K,WHD,beta-lactam sensor/signal transducer BlaR1,low_count,4.0,1.0,1.0
K,WHE,beta-lactam sensor/signal transducer MecR1,low_count,1.0,1.0,1.0
K,WHL,beta-lactamase transcriptional regulator PenR,high_confidence,5.0,1.0,1.0
K,WHM,beta-lactamase transcriptional regulator SedR,low_count,1.0,1.0,1.0
L,WHS,beta-propeller domain-containing protein,low_count,2.0,1.0,1.0
K,WIU,"bifunctional (p)ppGpp synthetase/guanosine-3',5'-bis(diphosphate) 3'-pyrophosphohydrolase",high_confidence,18.0,1.0,1.0
J,WJC,bifunctional 2-polyprenyl-6-hydroxyphenol methylase/3-demethylubiquinol 3-O-methyltransferase UbiG,ambiguous,173.0,0.9710982658959536,0.4523809523809524
J,WJD,bifunctional 23S rRNA (guanine(2069)-N(7))-methyltransferase RlmK/23S rRNA (guanine(2445)-N(2))-methyltransferase RlmL,high_confidence,15.0,1.0,1.0
L,WJE,bifunctional 3'-5' exonuclease/DNA polymerase,low_count,3.0,1.0,1.0
J,WJQ,bifunctional 4-hydroxy-3-methylbut-2-enyl diphosphate reductase/30S ribosomal protein S1,low_count,2.0,1.0,0.5
L,WJY,bifunctional DNA primase/helicase,high_confidence,8.0,1.0,0.875
K,WJZ,bifunctional DNA primase/polymerase,ambiguous,165.0,0.9272727272727272,0.4901960784313725
L,WJZ,bifunctional DNA primase/polymerase,ambiguous,165.0,0.9272727272727272,0.4901960784313725
K,WKA,bifunctional DNA-binding transcriptional regulator/O6-methylguanine-DNA methyltransferase Ada,high_confidence,48.0,1.0,0.9791666666666666
L,WKA,bifunctional DNA-binding transcriptional regulator/O6-methylguanine-DNA methyltransferase Ada,high_confidence,48.0,1.0,0.9791666666666666
L,WKB,bifunctional DNA-formamidopyrimidine glycosylase/DNA-(apurinic or apyrimidinic site) lyase,high_confidence,32.0,1.0,1.0
K,WKF,bifunctional GNAT family N-acetyltransferase/ATP-binding protein,low_count,1.0,1.0,1.0
K,WKM,"bifunctional GTP diphosphokinase/guanosine-3',5'-bis pyrophosphate 3'-pyrophosphohydrolase",high_confidence,9.0,1.0,1.0
L,WKV,bifunctional NUDIX hydrolase/phosphatase PAP2 family protein,low_count,2.0,1.0,0.5
K,WKX,bifunctional O-antigen ligase/aminoglycoside phosphotransferase family protein,low_count,1.0,1.0,1.0
L,WKX,bifunctional O-antigen ligase/aminoglycoside phosphotransferase family protein,low_count,1.0,1.0,1.0
L,WLA,bifunctional RecB family nuclease/DEAD/DEAH box helicase,low_count,3.0,1.0,1.0
J,WLC,bifunctional S-methyl-5-thioribose-1-phosphate isomerase/methylthioribulose 1-phosphate dehydratase,low_count,1.0,1.0,1.0
J,WLH,bifunctional UDP-4-amino-4-deoxy-L-arabinose formyltransferase/UDP-glucuronic acid oxidase ArnA,high_confidence,8.0,1.0,0.75
J,WLS,bifunctional acetate--CoA ligase family protein/GNAT family N-acetyltransferase,high_confidence,37.0,1.0,1.0
K,WLS,bifunctional acetate--CoA ligase family protein/GNAT family N-acetyltransferase,high_confidence,37.0,1.0,1.0
K,WMP,bifunctional biotin--[acetyl-CoA-carboxylase] ligase/biotin operon repressor BirA,high_confidence,11.0,1.0,0.8181818181818182
K,WMW,bifunctional class I SAM-dependent methyltransferase/DEAD/DEAH box helicase,low_count,4.0,1.0,1.0
L,WMW,bifunctional class I SAM-dependent methyltransferase/DEAD/DEAH box helicase,low_count,4.0,1.0,1.0
J,WNT,bifunctional glutamate--cysteine ligase GshA/glutathione synthetase GshB,high_confidence,5.0,1.0,1.0
K,WOF,bifunctional helix-turn-helix domain-containing protein/methylated-DNA--[protein]-cysteine S-methyltransferase,low_count,3.0,1.0,1.0
L,WOF,bifunctional helix-turn-helix domain-containing protein/methylated-DNA--[protein]-cysteine S-methyltransferase,low_count,3.0,1.0,1.0
K,WOG,bifunctional helix-turn-helix transcriptional regulator/GNAT family N-acetyltransferase,high_confidence,15.0,1.0,1.0
K,WOK,bifunctional hydroxymethylpyrimidine kinase/phosphomethylpyrimidine kinase,high_confidence,189.0,0.9947089947089948,1.0
K,WOP,bifunctional lysylphosphatidylglycerol flippase/synthetase MprF,high_confidence,118.0,1.0,0.9745762711864406
J,WOQ,bifunctional lysylphosphatidylglycerol synthetase/lysine--tRNA ligase LysX,low_count,3.0,1.0,1.0
K,WQC,bifunctional protein-serine/threonine kinase/phosphatase,high_confidence,11.0,1.0,1.0
L,WQC,bifunctional protein-serine/threonine kinase/phosphatase,high_confidence,11.0,1.0,1.0
K,WQM,bifunctional serine/threonine-protein kinase/ABC transporter substrate-binding protein,low_count,2.0,1.0,1.0
L,WQM,bifunctional serine/threonine-protein kinase/ABC transporter substrate-binding protein,low_count,2.0,1.0,1.0
K,WQP,bifunctional serine/threonine-protein kinase/universal stress protein,low_count,3.0,1.0,1.0
L,WQP,bifunctional serine/threonine-protein kinase/universal stress protein,low_count,3.0,1.0,1.0
J,WRA,bifunctional tRNA (5-methylaminomethyl-2-thiouridine)(34)-methyltransferase MnmD/FAD-dependent 5-carboxymethylaminomethyl-2-thiouridine(34) oxidoreductase MnmC,high_confidence,17.0,1.0,0.9411764705882352
J,WRB,bifunctional tRNA (adenosine(37)-C2)-methyltransferase TrmG/ribosomal RNA large subunit methyltransferase RlmN,high_confidence,9.0,1.0,1.0
J,WRD,bifunctional tRNA pseudouridine(32) synthase/23S rRNA pseudouridine(746) synthase RluA,high_confidence,8.0,1.0,1.0
K,WRJ,bifunctional transcriptional activator/DNA repair enzyme AdaA,ambiguous,29.0,1.0,0.4482758620689655
L,WRJ,bifunctional transcriptional activator/DNA repair enzyme AdaA,ambiguous,29.0,1.0,0.4482758620689655
K,WRU,biofilm development regulator YmgB/AriR family protein,high_confidence,20.0,0.4,0.875
K,WSC,biofilm master transcriptional regulator CsgD,high_confidence,9.0,1.0,1.0
J,WSG,biofilm phosphatase Bph,low_count,1.0,1.0,1.0
K,WSO,biofilm/acid-resistance regulator AriR,high_confidence,6.0,1.0,1.0
K,WTL,biotin--[acetyl-CoA-carboxylase] ligase,high_confidence,25.0,1.0,0.76
K,WTY,bipartate energy taxis response protein CetB,low_count,1.0,1.0,1.0
L,WUF,bis(5'-nucleosyl)-tetraphosphatase,low_count,4.0,1.0,0.5
L,WVG,botulinum neurotoxin subtype CD,low_count,2.0,1.0,1.0
K,WVK,botulinum neurotoxin transcription-activating sigma factor BotR,low_count,2.0,1.0,1.0
K,WYN,cAMP-activated global transcriptional regulator CRP,high_confidence,13.0,1.0,1.0
K,WYP,cable pilus system response regulator transcription factor CblR,low_count,1.0,1.0,1.0
K,WYS,cache domain-containing protein,high_confidence,97.0,0.9896907216494846,0.8645833333333334
J,WYV,cadherin domain-containing protein,low_count,3.0,1.0,0.6666666666666666
K,XBH,capsule synthesis positive regulator AcpB,low_count,2.0,1.0,1.0
K,XDR,carbohydrate kinase family protein,high_confidence,276.0,0.9963768115942028,0.9890909090909092
K,XDY,carbohydrate-binding family V/XII,high_confidence,6.0,1.0,1.0
J,XEN,carbon storage regulator,high_confidence,34.0,0.1764705882352941,0.8333333333333334
J,XEO,carbon storage regulator CsrA,high_confidence,33.0,1.0,0.5757575757575758
K,XER,carbon-nitrogen hydrolase family protein,high_confidence,266.0,1.0,0.962406015037594
J,XEZ,carboxy-S-adenosyl-L-methionine synthase CmoA,high_confidence,32.0,1.0,0.59375
L,XFK,carboxylesterase/lipase family protein,high_confidence,79.0,1.0,0.9746835443037974
K,XFR,carboxymuconolactone decarboxylase family protein,high_confidence,1188.0,0.98989898989899,0.7448979591836735
L,XFR,carboxymuconolactone decarboxylase family protein,high_confidence,1188.0,0.98989898989899,0.7448979591836735
K,XGF,carnitine metabolism transcriptional regulator CaiF,high_confidence,6.0,1.0,1.0
L,XGS,caspase family protein,high_confidence,126.0,0.873015873015873,0.6545454545454545
L,XGU,cassette chromosome recombinase CcrA,low_count,1.0,1.0,1.0
L,XGV,cassette chromosome recombinase CcrB,low_count,1.0,1.0,1.0
L,XGW,cassette chromosome replicative helicase,low_count,1.0,1.0,1.0
K,XHA,catabolite control protein A,low_count,3.0,1.0,1.0
K,XHB,catabolite repressor/activator,high_confidence,17.0,1.0,1.0
K,XMA,cell surface protein,high_confidence,16.0,0.5,0.625
L,XMA,cell surface protein,high_confidence,16.0,0.5,0.625
J,XPI,chaperone CsaA,high_confidence,29.0,1.0,1.0
K,XPM,chaperone modulator CbpM,high_confidence,105.0,1.0,0.9714285714285714
J,XQB,chemotaxis protein,high_confidence,154.0,0.9090909090909092,0.7428571428571429
L,XQD,chemotaxis protein CheB,high_confidence,242.0,0.987603305785124,0.9288702928870292
K,XQK,chemotaxis protein CheY,low_count,4.0,1.0,0.75
K,XQN,chemotaxis response regulator CheY,high_confidence,152.0,1.0,0.9144736842105264
K,XQO,chemotaxis response regulator CheY1,low_count,1.0,1.0,1.0
K,XRI,chitosanase,high_confidence,7.0,1.0,0.8571428571428571
K,XTM,choice-of-anchor J domain-containing protein,low_count,2.0,1.0,1.0
K,XTY,cholesterol catabolism transcriptional regulator KstR,low_count,1.0,1.0,1.0
K,XUO,choline sulfate utilization transcriptional regulator,high_confidence,9.0,1.0,1.0
K,XUR,choline uptake/conversion transcriptional regulator CudC,low_count,1.0,1.0,1.0
K,XUU,choline-binding transcriptional repressor BetI,high_confidence,10.0,1.0,1.0
K,XUV,choline-responsive transcriptional repressor BetI,high_confidence,33.0,1.0,1.0
K,XVR,chromate resistance protein ChrB domain-containing protein,high_confidence,220.0,1.0,0.8
L,XVV,chromosomal replication initiator protein DnaA,high_confidence,38.0,1.0,1.0
K,XWD,chromosome partitioning protein,high_confidence,10.0,0.9,0.7777777777777778
L,XWE,chromosome partitioning protein ParA,high_confidence,18.0,0.6666666666666666,0.6666666666666666
K,XWF,chromosome partitioning protein ParB,high_confidence,12.0,0.75,1.0
L,XWM,chromosome segregation protein SMC,high_confidence,38.0,0.9473684210526316,0.8055555555555556
L,XXC,cisplatin damage response ATP-dependent DNA ligase,high_confidence,72.0,1.0,1.0
K,XXK,citrate response regulator transcription factor CitB,low_count,1.0,1.0,1.0
K,XXM,citrate synthase,high_confidence,88.0,1.0,0.9090909090909092
K,XXV,citrate/2-methylcitrate synthase,high_confidence,26.0,1.0,0.9615384615384616
L,XYH,class 1 integron integrase IntI1,high_confidence,133.0,1.0,1.0
J,YAS,class I SAM-dependent DNA methyltransferase,ambiguous,139.0,1.0,0.4820143884892086
L,YAS,class I SAM-dependent DNA methyltransferase,ambiguous,139.0,1.0,0.4820143884892086
J,YAT,class I SAM-dependent RNA methyltransferase,high_confidence,24.0,1.0,0.5833333333333334
L,YAT,class I SAM-dependent RNA methyltransferase,high_confidence,24.0,1.0,0.5833333333333334
J,YAU,class I SAM-dependent methyltransferase,high_confidence,3255.0,0.954531490015361,0.6276150627615062
K,YAU,class I SAM-dependent methyltransferase,high_confidence,3255.0,0.954531490015361,0.6276150627615062
L,YAU,class I SAM-dependent methyltransferase,high_confidence,3255.0,0.954531490015361,0.6276150627615062
J,YAW,class I SAM-dependent rRNA methyltransferase,high_confidence,14.0,1.0,0.9285714285714286
J,YBI,class I tRNA ligase family protein,high_confidence,107.0,1.0,0.9906542056074766
K,YBU,class II glutamine amidotransferase,high_confidence,83.0,0.9879518072289156,0.6829268292682927
K,YCE,class III lanthionine synthetase LanKC,high_confidence,14.0,1.0,1.0
L,YCE,class III lanthionine synthetase LanKC,high_confidence,14.0,1.0,1.0
K,YCM,class IV lanthionine synthetase LanL,low_count,3.0,1.0,1.0
L,YCM,class IV lanthionine synthetase LanL,low_count,3.0,1.0,1.0
K,YDI,coaggregation response regulator transcription factor CarR,low_count,1.0,1.0,1.0
K,YED,cobalamin-dependent protein,ambiguous,16.0,1.0,0.375
K,YGT,colanic acid/biofilm transcriptional regulator McbR,high_confidence,6.0,1.0,1.0
K,YGU,cold shock and DUF1294 domain-containing protein,high_confidence,5.0,1.0,1.0
J,YGV,cold shock domain-containing protein,high_confidence,62.0,0.7580645161290323,0.9787234042553192
K,YGV,cold shock domain-containing protein,high_confidence,62.0,0.7580645161290323,0.9787234042553192
L,YGV,cold shock domain-containing protein,high_confidence,62.0,0.7580645161290323,0.9787234042553192
K,YGW,cold shock domain-containing protein CspD,low_count,2.0,1.0,1.0
K,YGY,cold shock protein CspC,low_count,2.0,1.0,1.0
K,YGZ,cold shock protein CspG,high_confidence,149.0,1.0,1.0
K,YHA,cold shock protein CspI,low_count,1.0,1.0,1.0
K,YHB,cold shock protein YdfK,low_count,1.0,1.0,1.0
K,YHD,cold shock-like protein CspD,high_confidence,12.0,1.0,1.0
K,YHE,cold shock-like protein CspF,high_confidence,5.0,1.0,1.0
K,YHF,cold shock-like protein CspH,low_count,3.0,1.0,1.0
J,YHH,cold-shock protein,high_confidence,1430.0,0.9916083916083916,0.988716502115656
K,YHH,cold-shock protein,high_confidence,1430.0,0.9916083916083916,0.988716502115656
K,YHI,cold-shock protein CspD,low_count,1.0,1.0,1.0
K,YHJ,colibactin biosynthesis LuxR family transcriptional regulator ClbR,low_count,1.0,1.0,1.0
J,YHL,colibactin biosynthesis amidase ClbL,low_count,1.0,1.0,1.0
K,YKD,collagen-like protein,ambiguous,23.0,0.4347826086956521,0.4
K,YKG,collagen-like triple helix repeat-containing protein,high_confidence,266.0,1.0,0.9774436090225564
K,YLA,competence protein ComK,low_count,2.0,0.5,1.0
L,YNM,conjugal transfer protein,high_confidence,186.0,0.8440860215053764,0.5095541401273885
L,YQK,conjugative transfer relaxase/helicase TraI,high_confidence,74.0,1.0,1.0
L,YQL,conjugative transfer relaxase/helicase TraI domain-containing protein,high_confidence,8.0,0.875,1.0
K,YRF,conserved phage C-terminal domain-containing protein,ambiguous,19.0,0.8947368421052632,0.3529411764705882
L,YRF,conserved phage C-terminal domain-containing protein,ambiguous,19.0,0.8947368421052632,0.3529411764705882
K,YTA,copper response regulator transcription factor CusR,low_count,4.0,1.0,1.0
K,YTB,copper response regulator transcription factor PcoR,high_confidence,39.0,1.0,1.0
K,YTO,copper-sensing transcriptional repressor CsoR,high_confidence,5.0,1.0,0.6
K,YTV,copper/silver response regulator transcription factor,low_count,1.0,1.0,1.0
K,YTW,copper/silver response regulator transcription factor SilR,high_confidence,50.0,1.0,1.0
L,YUV,crossover junction endodeoxyribonuclease RusA,high_confidence,7.0,1.0,0.8571428571428571
L,YUW,crossover junction endodeoxyribonuclease RuvC,high_confidence,68.0,0.7647058823529411,0.9423076923076924
K,YVE,cryptic aminoglycoside N-acetyltransferase AAC(6')-Iy/Iaa,low_count,4.0,1.0,1.0
L,YVH,cryptochrome/deoxyribodipyrimidine photo-lyase family protein,low_count,2.0,1.0,1.0
L,YVI,cryptochrome/photolyase family protein,high_confidence,60.0,0.9833333333333332,0.5084745762711864
K,YVO,cupin domain-containing protein,high_confidence,2849.0,0.9613899613899614,0.6626506024096386
L,YVO,cupin domain-containing protein,high_confidence,2849.0,0.9613899613899614,0.6626506024096386
J,YWV,cyanophycin synthetase,high_confidence,7.0,1.0,0.5714285714285714
K,YXB,cyclase family protein,high_confidence,197.0,0.9949238578680204,0.923469387755102
J,YXE,cyclic GMP-AMP synthase DncV-like nucleotidyltransferase,low_count,9.0,0.1111111111111111,1.0
K,YXP,cyclic diguanylate phosphodiesterase,high_confidence,8.0,1.0,0.875
K,YXS,cyclic nucleotide-binding domain-containing protein,high_confidence,185.0,0.9621621621621622,0.7134831460674157
J,YZC,cyclopropane-fatty-acyl-phospholipid synthase family protein,high_confidence,89.0,1.0,0.8876404494382022
L,YZC,cyclopropane-fatty-acyl-phospholipid synthase family protein,high_confidence,89.0,1.0,0.8876404494382022
K,YZL,cystathionine beta-synthase,low_count,4.0,1.0,1.0
K,ZAL,cysteine metabolism transcriptional regulator CymR,low_count,2.0,1.0,1.0
J,ZAP,cysteine protease StiP domain-containing protein,high_confidence,15.0,1.0,1.0
J,ZAQ,cysteine protease StiP family protein,high_confidence,57.0,1.0,0.9824561403508772
J,ZBC,cysteine--tRNA ligase,high_confidence,68.0,1.0,1.0
K,ZEV,cytochrome c oxidase assembly factor Coa1 family protein,low_count,1.0,1.0,1.0
L,ZEV,cytochrome c oxidase assembly factor Coa1 family protein,low_count,1.0,1.0,1.0
L,ZHL,cytoplasmic protein,high_confidence,20.0,0.7,0.9285714285714286
K,ZIM,"dTDP-4-amino-4,6-dideoxy-D-galactose acyltransferase",high_confidence,14.0,1.0,1.0
L,ZJE,damage repair protein,high_confidence,22.0,1.0,1.0
L,ZJH,damage-inducible protein,high_confidence,7.0,1.0,0.5714285714285714
L,ZKB,dcm methylase,low_count,1.0,1.0,1.0
K,ZKG,deacetylase SIR2,low_count,1.0,1.0,1.0
J,ZKI,deaminase,high_confidence,20.0,0.85,0.7647058823529411
J,ZKZ,degradosome RNA helicase CshA,low_count,3.0,1.0,0.6666666666666666
K,ZKZ,degradosome RNA helicase CshA,low_count,3.0,1.0,0.6666666666666666
L,ZKZ,degradosome RNA helicase CshA,low_count,3.0,1.0,0.6666666666666666
L,ZMF,deoxyribodipyrimidine photo-lyase,high_confidence,56.0,0.9821428571428572,0.7818181818181819
L,ZMG,deoxyribodipyrimidine photo-lyase/cryptochrome family protein,low_count,1.0,1.0,1.0
L,ZMI,deoxyribonuclease I,high_confidence,10.0,1.0,1.0
L,ZMJ,deoxyribonuclease II family protein,low_count,1.0,1.0,1.0
L,ZMK,deoxyribonuclease IV,high_confidence,22.0,1.0,1.0
L,ZML,deoxyribonuclease V,high_confidence,12.0,1.0,1.0
J,ZMZ,dethiobiotin synthetase,low_count,1.0,1.0,1.0
L,ZNC,developmental transcriptional regulator BldC,low_count,1.0,1.0,1.0
K,ZNP,diaminobutyrate acetyltransferase,high_confidence,10.0,1.0,1.0
J,ZNX,diaminopimelate epimerase,high_confidence,68.0,1.0,0.9852941176470588
K,ZOL,diguanylate cyclase,high_confidence,469.0,0.976545842217484,0.9759825327510916
L,ZOL,diguanylate cyclase,high_confidence,469.0,0.976545842217484,0.9759825327510916
K,ZOY,diguanylate cyclase domain-containing protein,high_confidence,260.0,0.9653846153846154,0.99601593625498
L,ZQC,dihydroneopterin triphosphate diphosphatase,high_confidence,16.0,1.0,0.8125
K,ZQV,dihydroxyacetone kinase operon transcriptional regulator DhaR,high_confidence,12.0,1.0,1.0
K,ZRC,dihydroxyacetone kinase transcriptional activator DhaS,low_count,1.0,1.0,1.0
K,ZSB,diol dehydratase reactivase subunit alpha,ambiguous,13.0,1.0,0.3846153846153846
J,ZTE,diphthamide biosynthesis enzyme Dph2,low_count,1.0,1.0,1.0
K,ZUQ,division/cell wall cluster transcriptional repressor MraZ,high_confidence,23.0,1.0,1.0
K,ZVF,double zinc ribbon domain-containing protein,high_confidence,12.0,0.6666666666666666,0.625
L,ZVI,double-strand break repair helicase AddA,high_confidence,6.0,1.0,1.0
L,ZVJ,double-strand break repair protein AddB,high_confidence,6.0,1.0,1.0
K,ZVK,double-stranded RNA binding motif domain-containing protein,low_count,2.0,0.5,1.0
K,ZWQ,effector binding domain-containing protein,high_confidence,6.0,0.8333333333333334,0.8
L,ZXB,efflux RND transporter permease subunit,high_confidence,1988.0,0.9989939637826962,0.67472306143001
K,ZXE,efflux system response regulator transcription factor AdeR,low_count,3.0,1.0,1.0
K,ZXF,efflux transporter MtrCDE transcriptional activator MtrA,low_count,2.0,1.0,1.0
K,ZYF,electron transport transcriptional regulator EtrA,low_count,1.0,1.0,1.0
J,ZYN,elongation factor 1-beta,low_count,1.0,1.0,1.0
J,ZYP,elongation factor EF-2,low_count,1.0,1.0,1.0
J,ZYQ,elongation factor G,high_confidence,239.0,1.0,1.0
J,ZYT,elongation factor P,high_confidence,67.0,1.0,1.0
J,ZYX,elongation factor P--(R)-beta-lysine ligase,high_confidence,11.0,1.0,1.0
J,ZYY,elongation factor P-like protein YeiP,high_confidence,13.0,1.0,1.0
J,ZYZ,elongation factor Tu,high_confidence,92.0,1.0,1.0
K,ZZA,elongator complex protein 3,low_count,2.0,1.0,1.0
L,ZZR,endodeoxyribonuclease RusA,low_count,1.0,1.0,1.0
K,ZZX,endonuclease,high_confidence,42.0,0.8571428571428571,0.8333333333333334
L,ZZX,endonuclease,high_confidence,42.0,0.8571428571428571,0.8333333333333334
L,ZZZ,endonuclease I family protein,high_confidence,10.0,1.0,1.0
L,AAAA,endonuclease III,high_confidence,55.0,1.0,1.0
L,AAAB,endonuclease III domain-containing protein,high_confidence,20.0,1.0,1.0
L,AAAD,endonuclease MutS2,high_confidence,9.0,1.0,1.0
L,AAAE,endonuclease NucS,high_confidence,9.0,1.0,1.0
L,AAAF,endonuclease NucS domain-containing protein,high_confidence,18.0,0.6666666666666666,0.6666666666666666
L,AAAG,endonuclease Q family protein,low_count,1.0,1.0,1.0
L,AAAI,endonuclease V,high_confidence,10.0,1.0,1.0
L,AAAK,endonuclease VIII,high_confidence,5.0,1.0,1.0
L,AAAO,endonuclease domain-containing protein,high_confidence,98.0,0.5306122448979592,0.7115384615384616
K,AAAP,endonuclease/exonuclease/phosphatase family protein,ambiguous,424.0,0.9009433962264152,0.4659685863874345
L,AAAP,endonuclease/exonuclease/phosphatase family protein,ambiguous,424.0,0.9009433962264152,0.4659685863874345
J,AAAZ,endoribonuclease SymE,low_count,2.0,1.0,1.0
K,AABJ,energy taxis response protein CetC,low_count,1.0,1.0,1.0
J,AACI,enoyl-CoA hydratase-related protein,high_confidence,320.0,0.990625,0.946372239747634
J,AACK,enoyl-CoA hydratase/isomerase family protein,high_confidence,981.0,1.0,0.9969418960244648
K,AAEC,envelope stress response membrane protein PspC,high_confidence,17.0,1.0,1.0
K,AAEE,envelope stress response regulator transcription factor CpxR,high_confidence,10.0,1.0,1.0
K,AAEP,epoxide hydrolase,ambiguous,23.0,1.0,0.4347826086956521
K,AAES,epoxide hydrolase family protein,high_confidence,221.0,1.0,0.502262443438914
K,AAFD,ergothioneine biosynthesis protein EgtB,high_confidence,28.0,1.0,0.8571428571428571
L,AAFD,ergothioneine biosynthesis protein EgtB,high_confidence,28.0,1.0,0.8571428571428571
L,AAFG,error-prone DNA polymerase,high_confidence,273.0,1.0,1.0
J,AAFJ,erythromycin esterase family protein,high_confidence,53.0,1.0,0.8490566037735849
K,AAGY,excalibur calcium-binding domain-containing protein,ambiguous,91.0,0.6483516483516484,0.3898305084745763
L,AAGY,excalibur calcium-binding domain-containing protein,ambiguous,91.0,0.6483516483516484,0.3898305084745763
L,AAHB,excinuclease ABC subunit A,high_confidence,15.0,1.0,0.8
L,AAHC,excinuclease ABC subunit B,low_count,1.0,1.0,1.0
L,AAHD,excinuclease ABC subunit C,low_count,1.0,1.0,1.0
L,AAHE,excinuclease ABC subunit UvrA,high_confidence,195.0,1.0,1.0
L,AAHF,excinuclease ABC subunit UvrB,high_confidence,68.0,1.0,1.0
L,AAHG,excinuclease ABC subunit UvrC,high_confidence,57.0,1.0,1.0
L,AAHI,excinuclease Cho,high_confidence,8.0,1.0,1.0
L,AAHK,excisionase,high_confidence,26.0,0.7692307692307693,0.9
K,AAHN,excisionase family DNA-binding protein,high_confidence,18.0,0.8888888888888888,0.875
L,AAIA,exodeoxyribonuclease I,high_confidence,28.0,1.0,1.0
L,AAIB,exodeoxyribonuclease III,high_confidence,184.0,1.0,1.0
L,AAIC,exodeoxyribonuclease V subunit alpha,high_confidence,23.0,1.0,1.0
L,AAID,exodeoxyribonuclease V subunit beta,high_confidence,28.0,1.0,1.0
L,AAIE,exodeoxyribonuclease V subunit gamma,high_confidence,22.0,0.9545454545454546,1.0
L,AAIF,exodeoxyribonuclease VII large subunit,high_confidence,66.0,1.0,1.0
K,AAIG,exodeoxyribonuclease VII small subunit,high_confidence,76.0,0.9210526315789472,0.8714285714285714
L,AAIG,exodeoxyribonuclease VII small subunit,high_confidence,76.0,0.9210526315789472,0.8714285714285714
L,AAII,exodeoxyribonuclease X,high_confidence,13.0,1.0,1.0
L,AAIJ,exonuclease,high_confidence,17.0,0.8823529411764706,0.9333333333333332
L,AAIK,exonuclease RecJ,low_count,1.0,1.0,1.0
L,AAIM,exonuclease SbcCD subunit D,high_confidence,152.0,0.5657894736842105,1.0
L,AAIN,exonuclease SbcCD subunit D C-terminal domain-containing protein,high_confidence,13.0,1.0,1.0
L,AAIQ,exonuclease domain-containing protein,high_confidence,102.0,0.9509803921568628,0.979381443298969
L,AAIS,exonuclease subunit SbcC,high_confidence,6.0,1.0,0.8333333333333334
L,AAIT,exonuclease subunit SbcD,high_confidence,11.0,1.0,1.0
K,AAJD,exopolysaccharide biosynthesis transcriptional regulator MucR,low_count,2.0,1.0,1.0
J,AAJQ,exoribonuclease II,high_confidence,23.0,1.0,0.9565217391304348
K,AAJQ,exoribonuclease II,high_confidence,23.0,1.0,0.9565217391304348
K,AAKM,exosporium leader peptide-containing protein,high_confidence,28.0,0.2857142857142857,0.5
K,AAPF,extracellular solute-binding protein,high_confidence,1242.0,0.9951690821256038,0.587378640776699
K,AAQQ,fatty acid biosynthesis protein FabY,high_confidence,10.0,1.0,1.0
K,AARE,fatty acid metabolism transcriptional regulator FadR,high_confidence,14.0,1.0,1.0
K,AATE,ferric citrate uptake sigma factor FecI,low_count,3.0,1.0,1.0
K,AATH,ferric iron uptake transcriptional regulator,high_confidence,108.0,1.0,0.9814814814814816
K,AATO,ferrioxamine uptake transcriptional regulator FoxR,low_count,3.0,1.0,1.0
K,AAUD,fertility inhibition protein FinO,high_confidence,64.0,1.0,0.796875
J,AAUF,fibrillarin-like rRNA/tRNA 2'-O-methyltransferase,low_count,1.0,1.0,1.0
L,AAUO,fibronectin type III domain-containing protein,high_confidence,86.0,0.6046511627906976,0.5192307692307693
K,AAVF,fimbria biosynthesis regulator FimY,low_count,4.0,1.0,1.0
K,AAVG,fimbria biosynthesis transcriptional regulator FimW,low_count,4.0,1.0,1.0
K,AAVH,fimbria biosynthesis transcriptional regulator FimZ,high_confidence,6.0,1.0,1.0
K,AAXT,flagella biosynthesis regulatory protein FliT,high_confidence,9.0,1.0,0.6666666666666666
K,AAXU,flagella biosynthesis regulatory protein FliZ,high_confidence,9.0,1.0,0.6666666666666666
L,AAYE,flagellar assembly protein A,low_count,2.0,1.0,1.0
K,AAZB,flagellar biosynthesis anti-sigma factor FlgM,high_confidence,117.0,0.9401709401709402,0.9
K,ABCH,flagellar transcriptional regulator FlhC,high_confidence,114.0,1.0,1.0
K,ABCI,flagellar transcriptional regulator FlhD,high_confidence,126.0,0.9603174603174603,0.8181818181818182
K,ABCJ,flagellar transcriptional regulator FtcR,low_count,2.0,1.0,1.0
L,ABCX,flap endonuclease Xni,high_confidence,11.0,1.0,1.0
L,ABCY,flap endonuclease-1,low_count,1.0,1.0,1.0
L,ABCZ,flap structure-specific endonuclease,low_count,1.0,1.0,1.0
K,ABDC,flavin reductase,high_confidence,89.0,0.9550561797752808,0.7411764705882353
K,ABDE,flavin reductase family protein,high_confidence,623.0,1.0,0.7929373996789727
J,ABES,fluoroquinolone-acetylating aminoglycoside 6'-N-acetyltransferase AAC(6')-Ib-cr5,high_confidence,23.0,1.0,1.0
K,ABFH,formaldehyde-responsive transcriptional repressor FrmR,high_confidence,7.0,1.0,0.8571428571428571
J,ABFT,formate dehydrogenase accessory sulfurtransferase FdhD,high_confidence,224.0,1.0,0.9955357142857144
K,ABGG,formate hydrogenlyase regulator HycA,high_confidence,7.0,1.0,0.8571428571428571
K,ABGN,formate hydrogenlyase transcriptional activator FlhA,high_confidence,7.0,1.0,1.0
J,ABHB,formyl transferase,low_count,3.0,1.0,1.0
K,ABHD,formylglycine-generating enzyme family protein,high_confidence,347.0,1.0,0.9221902017291066
L,ABHD,formylglycine-generating enzyme family protein,high_confidence,347.0,1.0,0.9221902017291066
J,ABHL,formyltransferase,high_confidence,7.0,1.0,1.0
J,ABHM,formyltransferase family protein,high_confidence,28.0,0.9285714285714286,0.5384615384615384
J,ABIF,four helix bundle protein,high_confidence,14.0,0.8571428571428571,0.9166666666666666
L,ABIG,four helix bundle suffix domain-containing protein,low_count,1.0,1.0,1.0
K,ABIM,fructokinase,high_confidence,7.0,1.0,1.0
K,ABIO,fructokinase ScrK,high_confidence,13.0,1.0,1.0
J,ABJA,fructose-asparagine asparaginase,high_confidence,5.0,1.0,1.0
K,ABJS,fumarase E,low_count,2.0,1.0,1.0
K,ABKH,fumarate/nitrate reduction transcriptional regulator Fnr,high_confidence,41.0,1.0,1.0
J,ABKY,"fused tRNA nucleotidyltransferase/2',3'-cyclic phosphodiesterase/2' nucleotidase/phosphatase Cca",low_count,1.0,1.0,1.0
K,ABMT,gamma carbonic anhydrase family protein,high_confidence,93.0,1.0,0.946236559139785
K,ABNH,gamma-glutamyl-gamma-aminobutyrate hydrolase family protein,high_confidence,70.0,0.9714285714285714,0.9264705882352942
L,ABNI,gamma-glutamylcyclotransferase,high_confidence,229.0,1.0,0.9213973799126638
L,ABNO,gamma-mobile-trio integrase GmtZ,high_confidence,21.0,1.0,1.0
L,ABNQ,gamma-mobile-trio recombinase GmtY,high_confidence,29.0,1.0,1.0
K,ABNV,gapA transcriptional regulator CggR,low_count,1.0,1.0,1.0
K,ABPR,Gfo/Idh/MocA family oxidoreductase,high_confidence,546.0,0.9816849816849816,0.8805970149253731
K,ABQV,glucitol operon DNA-binding transcriptional repressor SrlR,high_confidence,8.0,1.0,1.0
K,ABRA,glucokinase,high_confidence,128.0,0.984375,0.9206349206349206
K,ABRD,gluconate operon transcriptional repressor GntR,high_confidence,15.0,1.0,1.0
J,ABRP,glucosamine inositolphosphorylceramide transferase family protein,low_count,4.0,1.0,0.75
K,ABSA,glucose PTS transporter transcription antiterminator GlcT,low_count,1.0,1.0,1.0
J,ABSL,glucose-1-phosphate cytidylyltransferase,high_confidence,96.0,1.0,0.9270833333333334
J,ABUH,glutamate ligase domain-containing protein,low_count,1.0,1.0,1.0
J,ABUV,glutamate--tRNA ligase,high_confidence,80.0,1.0,1.0
J,ABUW,glutamate--tRNA ligase family protein,low_count,4.0,0.75,1.0
J,ABWL,glutamine--tRNA ligase,high_confidence,86.0,1.0,1.0
J,ABWM,glutamine--tRNA ligase/YqeY domain fusion protein,high_confidence,14.0,1.0,1.0
J,ABWT,glutamyl-tRNA amidotransferase,low_count,2.0,1.0,0.5
J,ABWX,glutamyl-tRNA synthetase,low_count,1.0,1.0,1.0
J,ABXW,glutathione synthase,high_confidence,98.0,1.0,0.8877551020408163
J,ABXX,glutathione synthetase,high_confidence,48.0,0.6666666666666666,1.0
K,ABZT,glycerol-3-phosphate responsive antiterminator,high_confidence,25.0,1.0,1.0
K,ACAX,glycine cleavage system transcriptional regulator GcvA,high_confidence,8.0,1.0,1.0
K,ACAY,glycine cleavage system transcriptional repressor,high_confidence,10.0,1.0,0.9
J,ACBM,glycine--tRNA ligase,high_confidence,12.0,1.0,1.0
J,ACBN,glycine--tRNA ligase subunit alpha,high_confidence,28.0,1.0,1.0
J,ACBO,glycine--tRNA ligase subunit beta,high_confidence,26.0,1.0,1.0
J,ACCC,glycine/sarcosine/betaine reductase component B subunit,high_confidence,34.0,1.0,0.7941176470588235
K,ACGY,glycoside hydrolase family protein,ambiguous,33.0,0.7878787878787878,0.4615384615384615
K,ACHF,glycosyl hydrolase,high_confidence,79.0,0.9113924050632912,0.8333333333333334
J,ACHK,glycosyl hydrolase Ghy,low_count,2.0,1.0,1.0
K,ACIJ,glycosyl transferase family protein,high_confidence,116.0,1.0,0.7758620689655172
J,ACJD,glycosyltransferase family 2 protein,high_confidence,2004.0,0.9855289421157684,0.7382278481012658
J,ACJO,glycosyltransferase family 87 protein,high_confidence,48.0,0.9583333333333334,0.9347826086956522
J,ACKF,glyoxalase III HchA,high_confidence,13.0,1.0,0.7692307692307693
K,ACKL,glyoxylate bypass operon transcriptional repressor IclR,high_confidence,9.0,1.0,1.0
L,ACKW,gp53-like domain-containing protein,high_confidence,48.0,0.4583333333333333,0.6363636363636364
L,ACLK,group II intron maturase-specific domain-containing protein,high_confidence,64.0,0.890625,1.0
L,ACLL,group II intron reverse transcriptase,low_count,3.0,1.0,0.6666666666666666
L,ACLM,group II intron reverse transcriptase/maturase,high_confidence,729.0,1.0,1.0
L,ACMS,halo-CC-star protein HcsL,low_count,4.0,1.0,1.0
L,ACNU,head-tail connector protein,high_confidence,119.0,0.4957983193277311,0.9661016949152542
K,ACOF,heat shock protein transcriptional repressor HspR,low_count,3.0,1.0,1.0
K,ACOH,heat shock transcriptional regulator HspR,low_count,1.0,1.0,1.0
K,ACOI,heat-inducible transcriptional repressor HrcA,high_confidence,16.0,1.0,1.0
K,ACOW,heavy metal homeostasis two-component system response regulator CzcR,high_confidence,5.0,1.0,1.0
K,ACOY,heavy metal response regulator transcription factor,high_confidence,247.0,1.0,0.9959514170040484
K,ACOZ,heavy metal response regulator transcription factor IrlR,high_confidence,12.0,1.0,1.0
K,ACPH,heavy metal-responsive transcriptional regulator,high_confidence,47.0,1.0,1.0
J,ACPM,helicase,low_count,18.0,0.2222222222222222,0.75
K,ACPM,helicase,low_count,18.0,0.2222222222222222,0.75
L,ACPM,helicase,low_count,18.0,0.2222222222222222,0.75
K,ACPN,helicase C-terminal domain-containing protein,high_confidence,33.0,0.9696969696969696,0.59375
L,ACPN,helicase C-terminal domain-containing protein,high_confidence,33.0,0.9696969696969696,0.59375
L,ACPP,helicase HerA domain-containing protein,high_confidence,30.0,0.8,0.5416666666666666
L,ACPS,helicase RepA family protein,high_confidence,5.0,1.0,1.0
L,ACPV,helicase UvrD,high_confidence,40.0,1.0,1.0
K,ACPX,helicase associated domain-containing protein,high_confidence,178.0,0.7134831460674157,0.7244094488188977
L,ACPX,helicase associated domain-containing protein,high_confidence,178.0,0.7134831460674157,0.7244094488188977
K,ACQA,helicase-associated domain-containing protein,high_confidence,16.0,1.0,0.6875
L,ACQC,helicase-exonuclease AddAB subunit AddA,low_count,4.0,1.0,1.0
L,ACQD,helicase-exonuclease AddAB subunit AddB,low_count,1.0,1.0,1.0
K,ACQE,helicase-related protein,high_confidence,173.0,1.0,0.6878612716763006
L,ACQE,helicase-related protein,high_confidence,173.0,1.0,0.6878612716763006
K,ACQI,helix-hairpin-helix domain-containing protein,high_confidence,206.0,0.9029126213592232,0.6989247311827957
L,ACQI,helix-hairpin-helix domain-containing protein,high_confidence,206.0,0.9029126213592232,0.6989247311827957
K,ACQK,helix-turn-helix domain containing protein,high_confidence,22.0,0.5454545454545454,0.75
L,ACQK,helix-turn-helix domain containing protein,high_confidence,22.0,0.5454545454545454,0.75
K,ACQL,helix-turn-helix domain-containing GNAT family N-acetyltransferase,high_confidence,39.0,1.0,1.0
J,ACQM,helix-turn-helix domain-containing protein,high_confidence,10333.0,0.799574179812252,0.8651658194141855
K,ACQM,helix-turn-helix domain-containing protein,high_confidence,10333.0,0.799574179812252,0.8651658194141855
L,ACQM,helix-turn-helix domain-containing protein,high_confidence,10333.0,0.799574179812252,0.8651658194141855
K,ACQN,helix-turn-helix transcriptional regulator,high_confidence,4985.0,0.8557673019057171,0.9533520862634788
L,ACQN,helix-turn-helix transcriptional regulator,high_confidence,4985.0,0.8557673019057171,0.9533520862634788
L,ACSS,heme-binding protein,high_confidence,156.0,0.9551282051282052,0.9194630872483222
K,ACTV,hemolysin II regulator HlyIIR,low_count,2.0,1.0,1.0
L,ACVD,heteromeric transposase endonuclease subunit TnsA,high_confidence,12.0,1.0,1.0
L,ACWH,Hint domain-containing protein,high_confidence,186.0,0.9838709677419356,0.6229508196721312
K,ACWS,histidine kinase,high_confidence,190.0,0.7947368421052632,0.8807947019867549
K,ACWY,histidine kinase dimerization/phosphoacceptor domain -containing protein,high_confidence,30.0,0.9666666666666668,0.9655172413793104
L,ACWY,histidine kinase dimerization/phosphoacceptor domain -containing protein,high_confidence,30.0,0.9666666666666668,0.9655172413793104
L,ACXC,histidine phosphatase family protein,high_confidence,568.0,0.9683098591549296,0.9127272727272728
K,ACXJ,histidine utilization repressor,high_confidence,238.0,1.0,1.0
J,ACXK,histidine--tRNA ligase,high_confidence,51.0,1.0,1.0
L,ACXS,histidinol-phosphatase,high_confidence,42.0,1.0,0.7857142857142857
L,ACXX,histone,low_count,2.0,0.5,1.0
K,ACYH,histone-like nucleoid-structuring protein H-NS,high_confidence,27.0,1.0,1.0
L,ACYI,histone-like nucleoid-structuring protein Lsr2,high_confidence,59.0,0.847457627118644,0.94
K,ACYK,"histone-like nucleoid-structuring protein, MvaT/MvaU family",high_confidence,18.0,0.5555555555555556,0.9
K,ACYZ,homeostatic response regulator transcription factor HsrA,low_count,1.0,1.0,1.0
L,ACZA,homing endonuclease associated repeat-containing protein,high_confidence,82.0,0.3902439024390244,0.90625
K,ACZO,homoprotocatechuate degradation operon regulator HpaR,high_confidence,47.0,1.0,1.0
K,ADBF,hut operon transcriptional regulator HutP,high_confidence,9.0,1.0,1.0
K,ADBS,hydantoinase/oxoprolinase family protein,high_confidence,387.0,1.0,0.909560723514212
K,ADBW,hydrogen peroxide resistance inhibitor IprA,low_count,4.0,1.0,0.75
K,ADBY,hydrogen peroxide-inducible genes activator,high_confidence,64.0,1.0,1.0
K,ADBZ,hydrogen peroxide-inducible genes activator OxyR,low_count,3.0,1.0,1.0
J,ADDN,hydrogenase maturation protein,low_count,4.0,1.0,1.0
K,ADDP,hydrogenase nickel incorporation protein HypB,high_confidence,49.0,1.0,1.0
K,ADFR,hypochlorite stress DNA-binding transcriptional regulator HypT,high_confidence,7.0,1.0,1.0
J,ADFU,hypothetical protein,ambiguous,315257.0,0.0987258014889439,0.3736344942809407
K,ADFU,hypothetical protein,ambiguous,315257.0,0.0987258014889439,0.3736344942809407
L,ADFU,hypothetical protein,ambiguous,315257.0,0.0987258014889439,0.3736344942809407
J,ADIK,indoleacetamide hydrolase,high_confidence,6.0,1.0,1.0
L,ADKL,initiation-control protein YabA,low_count,1.0,1.0,1.0
L,ADLY,insertion element protein,low_count,1.0,1.0,1.0
L,ADMH,integrase,high_confidence,221.0,0.918552036199095,0.8916256157635468
L,ADMJ,integrase SAM domain protein,low_count,1.0,1.0,1.0
L,ADMK,integrase arm-type DNA-binding domain-containing protein,high_confidence,28.0,1.0,0.9642857142857144
L,ADML,integrase catalytic domain-containing protein,high_confidence,29.0,1.0,1.0
L,ADMP,integrase core domain-containing protein,high_confidence,179.0,0.9441340782122905,1.0
K,ADMR,integrase domain-containing protein,high_confidence,36.0,1.0,0.8333333333333334
L,ADMR,integrase domain-containing protein,high_confidence,36.0,1.0,0.8333333333333334
J,ADMS,integrase family protein,high_confidence,23.0,1.0,0.782608695652174
L,ADMS,integrase family protein,high_confidence,23.0,1.0,0.782608695652174
L,ADMV,integrase-like protein,low_count,1.0,1.0,1.0
L,ADMX,integrase/recombinase,low_count,1.0,1.0,1.0
K,ADMZ,integrating conjugative element protein,ambiguous,31.0,1.0,0.4838709677419355
K,ADNB,integration host factor subunit alpha,high_confidence,57.0,1.0,0.9824561403508772
L,ADNB,integration host factor subunit alpha,high_confidence,57.0,1.0,0.9824561403508772
K,ADNC,integration host factor subunit beta,high_confidence,55.0,1.0,1.0
J,ADND,"integration host factor, actinobacterial type",high_confidence,46.0,0.9782608695652174,0.9777777777777776
L,ADND,"integration host factor, actinobacterial type",high_confidence,46.0,0.9782608695652174,0.9777777777777776
L,ADNI,integron integrase,high_confidence,6.0,1.0,1.0
L,ADNJ,intein-containing recombinase RecA,high_confidence,43.0,1.0,1.0
K,ADOL,invasion transcriptional regulator HilC,low_count,4.0,1.0,1.0
J,ADOT,ion channel,high_confidence,30.0,0.8666666666666667,0.5769230769230769
J,ADOW,ion transporter,high_confidence,47.0,1.0,0.5106382978723404
K,ADPX,iron response transcriptional regulator IrrA,high_confidence,11.0,1.0,1.0
K,ADQI,iron-containing redox enzyme family protein,high_confidence,198.0,0.9494949494949496,0.898936170212766
K,ADQR,iron-responsive transcriptional regulator RirA,high_confidence,5.0,1.0,1.0
J,ADSP,isoleucine--tRNA ligase,high_confidence,42.0,1.0,1.0
J,ADST,isopentenyl transferase family protein,low_count,1.0,1.0,1.0
K,ADTI,itaconate degradation transcriptional regulator RipR,low_count,3.0,1.0,1.0
K,ADUQ,kinase,ambiguous,20.0,1.0,0.45
L,ADUQ,kinase,ambiguous,20.0,1.0,0.45
L,ADVO,lactate dehydrogenase,high_confidence,11.0,1.0,0.8181818181818182
L,ADWR,lambda exonuclease family protein,high_confidence,25.0,0.96,0.7916666666666666
L,ADWT,lambda-exonuclease family protein,high_confidence,10.0,1.0,0.8
K,ADWU,lamin tail domain-containing protein,high_confidence,74.0,0.918918918918919,0.6176470588235294
L,ADWU,lamin tail domain-containing protein,high_confidence,74.0,0.918918918918919,0.6176470588235294
K,ADWZ,lanthionine synthetase LanC family protein,high_confidence,13.0,0.9230769230769232,0.5833333333333334
L,ADWZ,lanthionine synthetase LanC family protein,high_confidence,13.0,0.9230769230769232,0.5833333333333334
K,ADXF,lantibiotic dehydratase,high_confidence,72.0,0.9305555555555556,0.8656716417910447
L,ADXR,large terminase,low_count,2.0,1.0,1.0
K,ADYS,lecithin retinol acyltransferase family protein,high_confidence,30.0,0.9666666666666668,0.9655172413793104
L,ADZB,leucine zipper domain-containing protein,low_count,1.0,1.0,1.0
J,ADZC,leucine--tRNA ligase,high_confidence,45.0,1.0,1.0
K,ADZD,leucine-responsive transcriptional regulator Lrp,high_confidence,14.0,1.0,1.0
K,ADZE,leucine-rich repeat domain-containing protein,ambiguous,239.0,0.7824267782426778,0.4598930481283422
L,ADZE,leucine-rich repeat domain-containing protein,ambiguous,239.0,0.7824267782426778,0.4598930481283422
K,ADZG,leucine-rich repeat-containing protein kinase family protein,high_confidence,13.0,1.0,1.0
L,ADZG,leucine-rich repeat-containing protein kinase family protein,high_confidence,13.0,1.0,1.0
L,AEAB,ligase,low_count,3.0,1.0,0.6666666666666666
L,AEAC,ligase-associated DNA damage response DEXH box helicase,high_confidence,18.0,1.0,1.0
J,AEAE,ligase-associated DNA damage response exonuclease,high_confidence,71.0,1.0,0.971830985915493
L,AEAE,ligase-associated DNA damage response exonuclease,high_confidence,71.0,1.0,0.971830985915493
J,AEAN,lincosamide nucleotidyltransferase Lnu(A),low_count,4.0,1.0,1.0
K,AEBE,lipase family alpha/beta hydrolase,high_confidence,5.0,1.0,0.8
L,AEBE,lipase family alpha/beta hydrolase,high_confidence,5.0,1.0,0.8
K,AEBX,lipid II flippase MurJ,high_confidence,9.0,0.8888888888888888,0.625
J,AECX,lipoate--protein ligase LplA,high_confidence,7.0,1.0,0.5714285714285714
K,AEDT,lipopolysaccharide biosynthesis protein,high_confidence,334.0,0.9850299401197604,0.9574468085106383
L,AEDT,lipopolysaccharide biosynthesis protein,high_confidence,334.0,0.9850299401197604,0.9574468085106383
K,AEDX,lipopolysaccharide core heptose(II) kinase RfaY,high_confidence,6.0,1.0,0.6666666666666666
L,AEDX,lipopolysaccharide core heptose(II) kinase RfaY,high_confidence,6.0,1.0,0.6666666666666666
K,AEEJ,lipopolysaccharide kinase InaA family protein,high_confidence,13.0,0.9230769230769232,0.5
L,AEEJ,lipopolysaccharide kinase InaA family protein,high_confidence,13.0,0.9230769230769232,0.5
J,AEEM,lipoprotein,ambiguous,231.0,0.277056277056277,0.390625
L,AEEM,lipoprotein,ambiguous,231.0,0.277056277056277,0.390625
K,AEGH,lonely Cys domain-containing protein,low_count,4.0,1.0,0.5
L,AEHB,low affinity iron permease family protein,high_confidence,169.0,0.9940828402366864,0.9940476190476192
L,AEHN,low temperature requirement protein A,high_confidence,105.0,0.961904761904762,0.99009900990099
J,AEIH,lysine biosynthesis protein LysX,low_count,3.0,1.0,1.0
K,AEIL,lysine decarboxylation/transport transcriptional activator CadC,high_confidence,8.0,1.0,1.0
J,AEIO,lysine--tRNA ligase,high_confidence,61.0,1.0,1.0
L,AEKA,lytic polysaccharide monooxygenase,high_confidence,72.0,1.0,0.875
L,AEKB,lytic polysaccharide monooxygenase auxiliary activity family 9 protein,ambiguous,16.0,1.0,0.4375
J,AEKS,mRNA surveillance protein pelota,low_count,1.0,1.0,1.0
L,AEKT,macro domain-containing protein,high_confidence,77.0,0.9090909090909092,0.7857142857142857
K,AELR,macrolide-binding transcriptional repressor MphR(A),high_confidence,24.0,1.0,1.0
K,AENA,Mal regulon transcriptional regulator MalI,high_confidence,6.0,1.0,1.0
J,AENW,maleylpyruvate isomerase N-terminal domain-containing protein,high_confidence,17.0,0.9411764705882352,0.875
J,AENX,maleylpyruvate isomerase family mycothiol-dependent enzyme,high_confidence,52.0,0.9423076923076924,0.7551020408163265
L,AEPK,maltose 6'-phosphate phosphatase,low_count,1.0,1.0,1.0
K,AEQR,manganese-binding transcriptional regulator MntR,high_confidence,33.0,1.0,1.0
K,AEQX,mannitol operon repressor MtlR,high_confidence,6.0,1.0,1.0
L,AERV,master DNA invertase Mpi family serine-type recombinase,low_count,2.0,1.0,1.0
J,AETD,membrane protein,high_confidence,891.0,0.3468013468013468,0.56957928802589
K,AEUM,mercuric resistance transcriptional repressor MerD,low_count,3.0,1.0,1.0
K,AEUT,mercury resistance co-regulator MerD,high_confidence,70.0,1.0,1.0
K,AEUY,mercury resistance transcriptional regulator MerR,low_count,4.0,1.0,1.0
K,AEUZ,mercury resistance transcriptional regulator MerR1,low_count,1.0,1.0,1.0
K,AEVA,mercury resistance transcriptional regulator MerR2,low_count,1.0,1.0,1.0
K,AEVL,met regulon transcriptional regulator MetJ,high_confidence,12.0,1.0,1.0
L,AEVZ,metal-dependent hydrolase,high_confidence,355.0,0.895774647887324,0.9276729559748428
J,AEWB,metal-dependent phosphohydrolase,high_confidence,9.0,0.7777777777777778,0.5714285714285714
K,AEWB,metal-dependent phosphohydrolase,high_confidence,9.0,0.7777777777777778,0.5714285714285714
K,AEWC,metal-dependent transcriptional regulator,high_confidence,31.0,0.967741935483871,1.0
L,AEWE,metal-sensing transcriptional repressor,high_confidence,68.0,1.0,0.6470588235294118
J,AEWH,metal-sulfur cluster assembly factor,high_confidence,95.0,1.0,0.9894736842105264
L,AEWV,metallopeptidase TldD-related protein,low_count,4.0,1.0,0.5
L,AEXA,metallophosphatase family protein,high_confidence,9.0,1.0,0.5555555555555556
L,AEXB,metallophosphoesterase,high_confidence,1838.0,0.8911860718171926,0.7411477411477412
L,AEXC,metallophosphoesterase family protein,high_confidence,939.0,0.8370607028753994,0.5216284987277354
L,AEXG,metalloprotease TldD,high_confidence,26.0,1.0,0.8846153846153846
J,AEXK,metalloregulator ArsR/SmtB family transcription factor,high_confidence,426.0,0.9929577464788732,0.9952718676122932
K,AEXK,metalloregulator ArsR/SmtB family transcription factor,high_confidence,426.0,0.9929577464788732,0.9952718676122932
K,AEYD,methanogen output domain 1-containing protein,high_confidence,5.0,1.0,1.0
J,AEZQ,methionine--tRNA ligase,high_confidence,282.0,1.0,1.0
J,AEZX,methionyl-tRNA formyltransferase,high_confidence,109.0,1.0,0.9908256880733946
K,AFAE,methyl-accepting chemotaxis protein,high_confidence,2702.0,0.997039230199852,0.8140311804008908
J,AFBL,methylated-DNA--[protein]-cysteine S-methyltransferase,high_confidence,184.0,1.0,0.7771739130434783
K,AFBL,methylated-DNA--[protein]-cysteine S-methyltransferase,high_confidence,184.0,1.0,0.7771739130434783
L,AFBL,methylated-DNA--[protein]-cysteine S-methyltransferase,high_confidence,184.0,1.0,0.7771739130434783
K,AFBR,methylation-associated defense system helix-turn-helix domain-containing protein MAD1,low_count,3.0,1.0,0.6666666666666666
L,AFBR,methylation-associated defense system helix-turn-helix domain-containing protein MAD1,low_count,3.0,1.0,0.6666666666666666
K,AFBU,methylation-associated defense system protein kinase MAD6,low_count,1.0,1.0,1.0
L,AFBU,methylation-associated defense system protein kinase MAD6,low_count,1.0,1.0,1.0
J,AFCD,methylenetetrahydrofolate--tRNA-(uracil(54)- C(5))-methyltransferase (FADH(2)-oxidizing) TrmFO,high_confidence,21.0,1.0,1.0
J,AFDB,methyltransferase,ambiguous,205.0,0.8926829268292683,0.273224043715847
K,AFDB,methyltransferase,ambiguous,205.0,0.8926829268292683,0.273224043715847
L,AFDB,methyltransferase,ambiguous,205.0,0.8926829268292683,0.273224043715847
J,AFDE,methyltransferase dimerization domain-containing protein,low_count,2.0,1.0,1.0
J,AFDF,methyltransferase domain-containing protein,ambiguous,419.0,0.928400954653938,0.4755784061696658
K,AFDF,methyltransferase domain-containing protein,ambiguous,419.0,0.928400954653938,0.4755784061696658
L,AFDF,methyltransferase domain-containing protein,ambiguous,419.0,0.928400954653938,0.4755784061696658
J,AFEI,Mini-ribonuclease 3,high_confidence,19.0,1.0,1.0
L,AFEJ,minichromosome maintenance protein MCM,low_count,4.0,1.0,1.0
L,AFEL,miniconductance mechanosensitive channel MscM,high_confidence,10.0,1.0,0.6
K,AFEM,minor capsid protein,high_confidence,844.0,0.0568720379146919,0.9166666666666666
L,AFEM,minor capsid protein,high_confidence,844.0,0.0568720379146919,0.9166666666666666
L,AFET,mismatch-specific DNA-glycosylase,high_confidence,18.0,1.0,1.0
K,AFEZ,mobile mystery protein A,high_confidence,16.0,1.0,1.0
L,AFFD,mobilization protein,high_confidence,30.0,0.4333333333333333,0.7692307692307693
K,AFFY,molecular chaperone DnaK,high_confidence,82.0,1.0,0.951219512195122
K,AFHG,molybdenum-dependent transcriptional regulator,high_confidence,8.0,1.0,0.75
K,AFJF,Mor transcription activator family protein,high_confidence,26.0,0.6538461538461539,0.8823529411764706
L,AFJH,morphogenetic protein,low_count,63.0,0.0158730158730158,1.0
K,AFJL,motility genes transcriptional repressor MogR,low_count,1.0,1.0,1.0
J,AFJS,mucin-2,ambiguous,11.0,1.0,0.4545454545454545
K,AFOU,multidrug efflux pump transcriptional activator SxtR,low_count,1.0,1.0,1.0
K,AFOV,multidrug efflux system transcriptional regulator CmeR,low_count,1.0,1.0,1.0
K,AFOW,multidrug efflux system transcriptional repressor MtrR,low_count,1.0,1.0,1.0
K,AFOZ,multidrug efflux transcriptional repressor AdeL,high_confidence,5.0,1.0,1.0
K,AFPA,multidrug efflux transcriptional repressor AdeN,low_count,3.0,1.0,1.0
K,AFPB,multidrug efflux transporter EmrAB transcriptional repressor EmrR,low_count,2.0,1.0,1.0
K,AFPO,multidrug efflux transporter transcriptional repressor AcrR,high_confidence,8.0,1.0,1.0
K,AFPP,multidrug efflux transporter transcriptional repressor AcrS,low_count,1.0,1.0,1.0
J,AFQI,multifunctional CCA addition/repair protein,high_confidence,26.0,1.0,0.6153846153846154
K,AFQR,multiple antibiotic resistance transcriptional regulator MarR,high_confidence,9.0,1.0,1.0
K,AFQY,multiple virulence factor transcriptional regulator MvfR,low_count,1.0,1.0,1.0
K,AFQZ,multiprotein bridging factor aMBF1,low_count,1.0,1.0,1.0
K,AFRA,multiprotein-bridging factor 1 family protein,high_confidence,9.0,0.6666666666666666,0.6666666666666666
J,AFRC,mupirocin-resistant isoleucine--tRNA ligase MupA,low_count,2.0,1.0,1.0
J,AFRK,murein biosynthesis integral membrane protein MurJ,high_confidence,58.0,1.0,0.7931034482758621
K,AFRK,murein biosynthesis integral membrane protein MurJ,high_confidence,58.0,1.0,0.7931034482758621
L,AFRK,murein biosynthesis integral membrane protein MurJ,high_confidence,58.0,1.0,0.7931034482758621
K,AFSP,mycofactocin system transcriptional regulator,low_count,1.0,1.0,1.0
K,AFSQ,mycofactocin system transcriptional regulator MftR2,low_count,1.0,1.0,1.0
K,AFTB,mycothiol synthase,low_count,2.0,1.0,1.0
K,AFTC,mycothiol system anti-sigma-R factor,low_count,3.0,1.0,1.0
K,AFTY,nascent polypeptide-associated complex protein,low_count,1.0,1.0,1.0
L,AFUF,neuraminidase-like domain-containing protein,high_confidence,16.0,1.0,0.5
K,AFVW,nickel-responsive transcriptional regulator NikR,high_confidence,20.0,1.0,1.0
J,AFWR,nicotinamide-nucleotide amidase,high_confidence,10.0,1.0,0.9
K,AFXJ,nif-specific transcriptional activator NifA,high_confidence,56.0,1.0,1.0
K,AFYA,nitrate regulatory protein,high_confidence,7.0,1.0,0.5714285714285714
K,AFYB,nitrate regulatory protein NasR,low_count,4.0,1.0,1.0
K,AFYG,nitrate- and nitrite sensing domain-containing protein,high_confidence,22.0,1.0,0.8181818181818182
K,AFYH,nitrate/nitrite response regulator protein NarP,high_confidence,7.0,1.0,1.0
K,AFYU,nitric oxide reductase transcriptional regulator NorR,high_confidence,90.0,1.0,1.0
K,AFYY,nitric oxide-sensing transcriptional repressor NsrR,high_confidence,9.0,1.0,1.0
K,AFZT,nitrogen assimilation transcriptional regulator NAC,high_confidence,100.0,1.0,1.0
K,AGAF,nitrogen regulatory protein P-II,high_confidence,10.0,1.0,1.0
K,AGBA,nitroreductase family deazaflavin-dependent oxidoreductase,high_confidence,20.0,0.95,0.631578947368421
K,AGBC,nitroreductase/quinone reductase family protein,high_confidence,18.0,0.9444444444444444,0.5882352941176471
L,AGBC,nitroreductase/quinone reductase family protein,high_confidence,18.0,0.9444444444444444,0.5882352941176471
K,AGBD,nitrosative stress-sensitive transcriptional regulator NssR,low_count,1.0,1.0,1.0
K,AGBJ,nod/exo genes transcriptional regulator SyrM,high_confidence,39.0,1.0,1.0
L,AGBY,nodulation protein NoeA,high_confidence,40.0,1.0,1.0
L,AGDA,non-homologous end-joining DNA ligase,high_confidence,130.0,1.0,0.946153846153846
J,AGDH,non-ribosomal peptide synthetase,high_confidence,531.0,1.0,0.935969868173258
J,AGDZ,nuclear transport factor 2 family protein,high_confidence,1852.0,0.8423326133909287,0.8371794871794872
K,AGDZ,nuclear transport factor 2 family protein,high_confidence,1852.0,0.8423326133909287,0.8371794871794872
L,AGDZ,nuclear transport factor 2 family protein,high_confidence,1852.0,0.8423326133909287,0.8371794871794872
K,AGEA,nuclease,low_count,10.0,0.4,1.0
J,AGEC,nuclease PIN,low_count,2.0,1.0,0.5
L,AGED,nuclease SbcCD subunit C,low_count,3.0,1.0,1.0
L,AGEG,nuclease-related domain-containing DEAD/DEAH box helicase,high_confidence,8.0,1.0,1.0
L,AGEH,nuclease-related domain-containing protein,high_confidence,157.0,0.7961783439490446,0.848
K,AGEM,nucleoid occlusion factor SlmA,high_confidence,10.0,1.0,0.7
K,AGEN,nucleoid occlusion protein,high_confidence,7.0,1.0,0.7142857142857143
L,AGEP,nucleoid-associated protein HU-alpha,high_confidence,10.0,1.0,1.0
L,AGEQ,nucleoid-associated protein HU-beta,high_confidence,9.0,1.0,1.0
J,AGEY,nucleoside deaminase,high_confidence,117.0,1.0,1.0
J,AGEZ,nucleoside diphosphate kinase regulator,high_confidence,72.0,1.0,0.9027777777777778
K,AGEZ,nucleoside diphosphate kinase regulator,high_confidence,72.0,1.0,0.9027777777777778
J,AGFC,nucleoside kinase,high_confidence,55.0,1.0,0.9636363636363636
J,AGFM,nucleoside tri-diphosphate phosphatase,low_count,1.0,1.0,1.0
L,AGFN,nucleoside triphosphatase NudI,high_confidence,12.0,1.0,0.9166666666666666
K,AGFT,nucleoside-diphosphate kinase,high_confidence,71.0,0.943661971830986,0.9552238805970148
L,AGGE,nucleotide excision repair endonuclease,low_count,12.0,0.25,1.0
J,AGGI,nucleotide pyrophosphohydrolase,high_confidence,66.0,1.0,0.9848484848484848
J,AGGN,nucleotide-binding domain-containing protein,high_confidence,7.0,1.0,1.0
K,AGGO,nucleotide-binding protein,high_confidence,10.0,0.7,0.7142857142857143
L,AGGQ,nucleotidyl transferase AbiEii/AbiGii toxin family protein,high_confidence,402.0,0.9054726368159204,0.925824175824176
J,AGGR,nucleotidyltransferase,ambiguous,61.0,0.4590163934426229,0.4642857142857143
J,AGGT,nucleotidyltransferase domain-containing protein,high_confidence,270.0,0.8407407407407408,0.9030837004405288
K,AGGT,nucleotidyltransferase domain-containing protein,high_confidence,270.0,0.8407407407407408,0.9030837004405288
L,AGGT,nucleotidyltransferase domain-containing protein,high_confidence,270.0,0.8407407407407408,0.9030837004405288
J,AGGU,nucleotidyltransferase family protein,high_confidence,249.0,0.9116465863453816,0.801762114537445
L,AGGU,nucleotidyltransferase family protein,high_confidence,249.0,0.9116465863453816,0.801762114537445
L,AGIL,oligoribonuclease,high_confidence,37.0,0.972972972972973,0.5277777777777778
L,AGJS,orc1/cdc6 family replication initiation protein,high_confidence,66.0,1.0,1.0
K,AGKR,ornithine utilization transcriptional regulator OruR,low_count,1.0,1.0,1.0
J,AGLM,osmotically-inducible lipoprotein OsmE,high_confidence,9.0,1.0,0.7777777777777778
J,AGND,outer membrane protein assembly factor BamE,high_confidence,84.0,0.7976190476190477,0.8059701492537313
J,AGNE,outer membrane protein assembly factor BamE domain-containing protein,high_confidence,59.0,0.9322033898305084,1.0
K,AGRS,patatin-like phospholipase family protein,high_confidence,394.0,0.9873096446700508,0.8663239074550129
K,AGRY,pca operon transcription factor PcaQ,high_confidence,115.0,1.0,1.0
J,AGSM,penicillin acylase family protein,high_confidence,90.0,1.0,0.9222222222222224
K,AGTH,penicillinase repressor BlaI,high_confidence,6.0,1.0,1.0
L,AGTL,pentapeptide repeat-containing protein,high_confidence,321.0,0.6448598130841121,0.8743961352657005
K,AGVF,peptidase S24/S26 domain-containing protein,low_count,2.0,1.0,1.0
J,AGWE,peptide chain release factor 1,high_confidence,54.0,1.0,1.0
J,AGWF,peptide chain release factor 2,high_confidence,47.0,1.0,1.0
J,AGWG,peptide chain release factor 3,high_confidence,135.0,1.0,1.0
J,AGWH,peptide chain release factor H,high_confidence,81.0,1.0,1.0
J,AGWI,peptide chain release factor N(5)-glutamine methyltransferase,high_confidence,52.0,1.0,1.0
J,AGWJ,peptide chain release factor aRF-1,low_count,4.0,1.0,1.0
J,AGWL,peptide chain release factor-like protein,high_confidence,9.0,0.7777777777777778,1.0
J,AGWO,peptide deformylase,high_confidence,95.0,1.0,1.0
K,AGWY,peptide transporter,high_confidence,8.0,0.875,0.7142857142857143
L,AGXL,peptidoglycan DD-metalloendopeptidase family protein,high_confidence,190.0,0.9789473684210528,0.7795698924731183
L,AGXW,peptidoglycan editing factor PgeF,high_confidence,37.0,1.0,0.945945945945946
L,AGYR,peptidoglycan-binding protein,high_confidence,161.0,0.8012422360248447,0.7364341085271318
J,AGYW,peptidyl-lysine N-acetyltransferase PatZ,low_count,1.0,1.0,1.0
J,AGZA,peptidyl-tRNA hydrolase Pth2,low_count,1.0,1.0,1.0
K,AGZZ,permease prefix domain 1-containing protein,high_confidence,25.0,0.48,0.8333333333333334
K,AHAG,peroxide-responsive transcriptional repressor PerR,low_count,3.0,1.0,0.6666666666666666
K,AHCJ,phage N-6-adenine-methyltransferase,high_confidence,664.0,1.0,0.9819277108433736
L,AHCJ,phage N-6-adenine-methyltransferase,high_confidence,664.0,1.0,0.9819277108433736
K,AHCQ,phage antirepressor,high_confidence,5.0,1.0,0.6
K,AHCR,phage antirepressor Ant,high_confidence,127.0,0.0551181102362204,0.5714285714285714
K,AHCS,phage antirepressor KilAC domain-containing protein,high_confidence,945.0,0.4423280423280423,0.9401913875598086
K,AHCT,phage antirepressor N-terminal domain-containing protein,ambiguous,15.0,0.9333333333333332,0.4285714285714285
L,AHCT,phage antirepressor N-terminal domain-containing protein,ambiguous,15.0,0.9333333333333332,0.4285714285714285
L,AHCW,phage baseplate assembly protein V,high_confidence,130.0,0.9307692307692308,0.950413223140496
L,AHDC,phage capsid protein,high_confidence,19.0,0.3684210526315789,0.8571428571428571
L,AHEF,phage integrase,high_confidence,6.0,1.0,0.6666666666666666
L,AHEG,phage integrase Arm DNA-binding domain-containing protein,high_confidence,6.0,1.0,1.0
L,AHEH,phage integrase N-terminal SAM-like domain-containing protein,high_confidence,14.0,1.0,1.0
L,AHEI,phage integrase N-terminal domain-containing protein,high_confidence,9.0,1.0,1.0
L,AHEJ,phage integrase SAM-like domain-containing protein,high_confidence,28.0,0.9285714285714286,1.0
L,AHEK,phage integrase central domain-containing protein,high_confidence,5.0,1.0,1.0
L,AHEL,phage integrase family protein,high_confidence,201.0,0.9950248756218906,1.0
K,AHEV,phage minor head protein,high_confidence,56.0,0.9642857142857144,0.7407407407407407
L,AHEV,phage minor head protein,high_confidence,56.0,0.9642857142857144,0.7407407407407407
L,AHFE,phage portal protein,high_confidence,1164.0,0.7560137457044673,0.9840909090909092
L,AHFF,phage portal protein family protein,low_count,5.0,0.6,0.6666666666666666
L,AHFU,phage recombination protein Bet,high_confidence,25.0,1.0,0.56
K,AHFX,phage regulatory protein/antirepressor Ant,high_confidence,7.0,1.0,0.8571428571428571
K,AHGC,phage replisome organizer N-terminal domain-containing protein,high_confidence,10.0,0.9,0.5555555555555556
L,AHGC,phage replisome organizer N-terminal domain-containing protein,high_confidence,10.0,0.9,0.5555555555555556
K,AHGD,phage repressor protein,low_count,22.0,0.1818181818181818,0.5
K,AHGF,phage repressor protein CI,high_confidence,8.0,1.0,1.0
K,AHGG,phage repressor protein/antirepressor Ant,high_confidence,13.0,1.0,0.7692307692307693
L,AHGH,phage resistance protein,low_count,2.0,1.0,1.0
K,AHGL,phage shock protein PspA,high_confidence,18.0,1.0,1.0
K,AHGN,phage shock protein operon transcriptional activator,high_confidence,17.0,1.0,1.0
K,AHHC,phage tail protein,high_confidence,2916.0,0.7043895747599451,0.7560856864654333
L,AHHC,phage tail protein,high_confidence,2916.0,0.7043895747599451,0.7560856864654333
L,AHHJ,phage tail spike protein,high_confidence,82.0,0.951219512195122,0.6794871794871795
L,AHHK,phage tail tape measure C-terminal domain-containing protein,ambiguous,12.0,1.0,0.4166666666666667
K,AHHL,phage tail tape measure protein,ambiguous,299.0,0.7692307692307693,0.4956521739130435
L,AHHL,phage tail tape measure protein,ambiguous,299.0,0.7692307692307693,0.4956521739130435
K,AHHY,phage terminase large subunit,high_confidence,859.0,0.9965075669383004,0.9906542056074766
L,AHHY,phage terminase large subunit,high_confidence,859.0,0.9965075669383004,0.9906542056074766
L,AHHZ,phage terminase large subunit family protein,high_confidence,110.0,0.9272727272727272,0.8823529411764706
L,AHIA,phage terminase small subunit,high_confidence,26.0,0.6538461538461539,0.7058823529411765
L,AHIB,phage terminase small subunit P27 family,high_confidence,86.0,0.5232558139534884,0.7555555555555555
L,AHIC,phage terminase small subunit-related protein,high_confidence,5.0,1.0,0.8
L,AHIT,phage-related integrase,low_count,1.0,1.0,1.0
L,AHIV,"phage/plasmid primase, P4 family",high_confidence,158.0,1.0,0.8607594936708861
K,AHKA,phenol degradation transcriptional regulator MobR,low_count,3.0,1.0,1.0
K,AHLA,phenylacetic acid degradation operon negative regulatory protein PaaX,high_confidence,61.0,1.0,1.0
J,AHLJ,phenylalanine--tRNA ligase subunit alpha,high_confidence,45.0,1.0,1.0
J,AHLK,phenylalanine--tRNA ligase subunit beta,high_confidence,48.0,1.0,1.0
K,AHMC,phosphatase PAP2/LCP family protein,high_confidence,10.0,1.0,1.0
K,AHNF,phosphate regulon transcriptional regulator PhoB,high_confidence,32.0,1.0,0.59375
K,AHNG,phosphate response regulator transcription factor PhoB,high_confidence,6.0,1.0,1.0
K,AHNH,phosphate signaling complex PhoU family protein,low_count,3.0,1.0,0.6666666666666666
K,AHNQ,phosphate uptake regulator PhoU,high_confidence,8.0,1.0,0.75
K,AHOB,phosphatidylglycerol lysyltransferase domain-containing protein,high_confidence,12.0,0.6666666666666666,0.875
J,AHPF,phosphoadenosine phosphosulfate reductase,high_confidence,111.0,0.990990990990991,0.8
K,AHPX,phosphoenolpyruvate hydrolase family protein,high_confidence,120.0,1.0,0.8333333333333334
J,AHPY,phosphoenolpyruvate mutase,high_confidence,17.0,1.0,1.0
L,AHQF,phosphoesterase,high_confidence,13.0,0.6153846153846154,0.5
K,AHSN,phosphohydrolase,high_confidence,36.0,0.9722222222222222,0.6571428571428571
K,AHTA,phospholipase D family protein,high_confidence,219.0,0.9497716894977168,0.9567307692307692
L,AHTA,phospholipase D family protein,high_confidence,219.0,0.9497716894977168,0.9567307692307692
K,AHTB,phospholipase D-like domain-containing anti-phage protein,low_count,3.0,1.0,0.6666666666666666
L,AHTB,phospholipase D-like domain-containing anti-phage protein,low_count,3.0,1.0,0.6666666666666666
K,AHTC,phospholipase D-like domain-containing protein,high_confidence,331.0,0.9637462235649548,0.9655172413793104
L,AHTC,phospholipase D-like domain-containing protein,high_confidence,331.0,0.9637462235649548,0.9655172413793104
K,AHUO,phosphonate metabolism transcriptional regulator PhnF,high_confidence,112.0,1.0,1.0
K,AHUQ,phosphonate utilization associated transcriptional regulator,high_confidence,5.0,1.0,1.0
K,AHUR,phosphonate utilization transcriptional regulator PhnR,high_confidence,15.0,1.0,1.0
J,AHWJ,phosphoribosyltransferase,high_confidence,237.0,0.9113924050632912,0.5324074074074074
J,AHWL,phosphoribosyltransferase family protein,high_confidence,46.0,1.0,0.6086956521739131
J,AHXI,phosphotransferase,high_confidence,344.0,0.9331395348837208,0.7009345794392523
K,AHXI,phosphotransferase,high_confidence,344.0,0.9331395348837208,0.7009345794392523
L,AHXI,phosphotransferase,high_confidence,344.0,0.9331395348837208,0.7009345794392523
L,AHYB,photosystem II complex extrinsic protein PsbU,low_count,1.0,1.0,1.0
K,AIAW,pirin family protein,high_confidence,402.0,1.0,0.9527363184079602
L,AIAW,pirin family protein,high_confidence,402.0,1.0,0.9527363184079602
K,AIAY,pirin-like bicupin family protein,low_count,4.0,1.0,0.75
L,AIBA,pitrilysin family protein,high_confidence,67.0,0.9850746268656716,0.9848484848484848
K,AIBZ,plasmid pRiA4b ORF-3 family protein,high_confidence,202.0,0.9752475247524752,0.7055837563451777
L,AIBZ,plasmid pRiA4b ORF-3 family protein,high_confidence,202.0,0.9752475247524752,0.7055837563451777
K,AICF,plasmid partitioning protein,high_confidence,5.0,1.0,0.8
K,AICI,plasmid partitioning protein RepB,high_confidence,416.0,1.0,1.0
K,AICJ,plasmid partitioning protein RepB C-terminal domain-containing protein,high_confidence,62.0,0.8064516129032258,1.0
L,AICT,plasmid replication initiator TrfA,high_confidence,69.0,0.9420289855072465,0.9846153846153848
K,AIDA,plasmid replication protein RepC,high_confidence,338.0,1.0,0.9911242603550297
K,AIDF,"plasmid replication protein, CyRepA1 family",high_confidence,22.0,1.0,0.5909090909090909
L,AIDF,"plasmid replication protein, CyRepA1 family",high_confidence,22.0,1.0,0.5909090909090909
K,AIDT,plasmid stabilization protein,high_confidence,149.0,0.3892617449664429,0.7931034482758621
K,AIEL,plasmid-partitioning protein SopA,high_confidence,84.0,1.0,1.0
J,AIFJ,poly(A) polymerase,low_count,2.0,1.0,1.0
L,AIGH,polyadenylate-specific 3'-exoribonuclease AS,low_count,1.0,1.0,1.0
K,AIGQ,polyhydroxyalkanoate synthesis regulator DNA-binding domain-containing protein,low_count,2.0,1.0,0.5
J,AIHB,polyketide cyclase,high_confidence,14.0,0.8571428571428571,0.5833333333333334
J,AIIL,polynucleotide adenylyltransferase,low_count,2.0,1.0,1.0
J,AIIM,polynucleotide adenylyltransferase PcnB,ambiguous,20.0,1.0,0.35
K,AIIX,polyphosphate--glucose phosphotransferase,low_count,4.0,1.0,1.0
J,AIJH,polyribonucleotide nucleotidyltransferase,high_confidence,29.0,1.0,1.0
K,AIMR,ppfA,low_count,80.0,0.0125,1.0
K,AIPI,primase C-terminal domain-containing protein,high_confidence,40.0,0.95,0.7368421052631579
L,AIPI,primase C-terminal domain-containing protein,high_confidence,40.0,0.95,0.7368421052631579
L,AIPM,primase-helicase zinc-binding domain-containing protein,high_confidence,18.0,1.0,0.9444444444444444
L,AIPN,primase-like DNA-binding domain-containing protein,high_confidence,6.0,0.8333333333333334,0.8
L,AIPP,primosomal protein DnaI,high_confidence,6.0,1.0,1.0
J,AIPQ,primosomal protein DnaT,high_confidence,8.0,1.0,0.875
L,AIPQ,primosomal protein DnaT,high_confidence,8.0,1.0,0.875
L,AIPR,primosomal protein N',high_confidence,36.0,1.0,1.0
K,AIPS,primosomal protein N' (replication factor Y) - superfamily II helicase,low_count,1.0,1.0,1.0
L,AIPT,primosomal replication protein,low_count,1.0,1.0,1.0
L,AIPU,primosomal replication protein N,high_confidence,14.0,1.0,1.0
L,AIPV,primosomal replication protein N'',high_confidence,8.0,1.0,1.0
L,AIQN,proline iminopeptidase,high_confidence,12.0,1.0,0.9166666666666666
J,AIQR,proline reductase,low_count,1.0,1.0,1.0
J,AIQS,proline reductase cluster protein PrdD,high_confidence,26.0,1.0,0.6923076923076923
J,AIQW,proline--tRNA ligase,high_confidence,67.0,1.0,1.0
L,AITB,prophage integrase IntS,low_count,4.0,1.0,1.0
K,AITE,prophage transcriptional regulator OgrK,low_count,2.0,1.0,1.0
K,AITF,propionate catabolism operon regulatory protein PrpR,high_confidence,123.0,1.0,1.0
L,AITY,protease inhibitor I42 family protein,high_confidence,18.0,0.6111111111111112,0.6363636363636364
L,AIVF,protein DpdE,low_count,3.0,1.0,1.0
L,AIVG,protein DpdF,low_count,3.0,1.0,1.0
L,AIVJ,protein DpdJ,high_confidence,5.0,1.0,1.0
L,AIWK,protein NO VEIN domain-containing protein,high_confidence,11.0,0.7272727272727273,0.5
L,AIWV,protein PacB,low_count,1.0,1.0,1.0
K,AIYM,protein YagJ,high_confidence,6.0,1.0,1.0
L,AIYM,protein YagJ,high_confidence,6.0,1.0,1.0
K,AJAO,protein YghO,low_count,1.0,1.0,1.0
K,AJDY,protein adenylyltransferase Fic,high_confidence,37.0,1.0,0.8918918918918919
J,AJEB,protein arginine N-methyltransferase,low_count,3.0,1.0,1.0
K,AJER,protein kinase,high_confidence,59.0,0.9830508474576272,0.913793103448276
L,AJER,protein kinase,high_confidence,59.0,0.9830508474576272,0.913793103448276
K,AJEU,protein kinase domain-containing protein,high_confidence,125.0,0.968,0.859504132231405
L,AJEU,protein kinase domain-containing protein,high_confidence,125.0,0.968,0.859504132231405
K,AJEV,protein kinase family protein,high_confidence,28.0,1.0,0.9285714285714286
L,AJEV,protein kinase family protein,high_confidence,28.0,1.0,0.9285714285714286
J,AJEY,protein lysine acetyltransferase,low_count,4.0,1.0,1.0
K,AJFM,protein phosphatase 2C domain-containing protein,high_confidence,37.0,0.918918918918919,0.9117647058823528
J,AJFO,protein phosphatase CheZ,high_confidence,152.0,1.0,0.9407894736842104
L,AJFU,protein rep,high_confidence,18.0,1.0,1.0
J,AJHD,protein-L-isoaspartate O-methyltransferase,high_confidence,20.0,0.9,0.9444444444444444
J,AJHF,protein-L-isoaspartate(D-aspartate) O-methyltransferase,high_confidence,153.0,1.0,0.8496732026143791
L,AJHI,protein-arginine deiminase domain-containing protein,low_count,1.0,1.0,1.0
L,AJHJ,protein-arginine deiminase family protein,low_count,2.0,1.0,1.0
J,AJHV,protein-glutamate O-methyltransferase CheR,high_confidence,135.0,1.0,0.6666666666666666
L,AJIN,protelomerase family protein,high_confidence,11.0,0.8181818181818182,0.5555555555555556
J,AJJV,pseudouridine synthase,high_confidence,132.0,1.0,1.0
L,AJLV,putative DNA ligase,high_confidence,59.0,1.0,0.9661016949152542
L,AJMH,putative Ig domain-containing protein,high_confidence,76.0,0.9210526315789472,0.5714285714285714
K,AJMJ,putative LysR-family transcriptional regulator,low_count,4.0,1.0,1.0
K,AJNS,putative beta-lysine N-acetyltransferase,low_count,3.0,1.0,1.0
K,AJNW,putative cation transport regulator ChaB,high_confidence,23.0,1.0,0.6956521739130435
K,AJOT,putative frv operon regulatory protein,low_count,2.0,1.0,1.0
L,AJPO,putative integrase,low_count,1.0,1.0,1.0
L,AJQK,putative molybdenum carrier protein,low_count,4.0,1.0,0.5
K,AJQR,putative multidrug efflux transcriptional regulator CeoR,low_count,4.0,1.0,1.0
J,AJRV,putative protein N(5)-glutamine methyltransferase,high_confidence,20.0,1.0,1.0
K,AJRY,putative quinol monooxygenase,high_confidence,460.0,0.9369565217391304,0.951276102088167
L,AJRZ,putative quorum-sensing-regulated virulence factor,high_confidence,13.0,0.7692307692307693,1.0
K,AJTF,putative transcriptional regulator,low_count,1.0,1.0,1.0
L,AJTS,putative type VI secretion system effector,low_count,4.0,1.0,1.0
K,AJUJ,putrescine utilization regulator PtrR,high_confidence,6.0,1.0,1.0
L,AJUR,pyocin knob domain-containing protein,ambiguous,26.0,0.4615384615384615,0.3333333333333333
K,AJVQ,pyridoxal-phosphate dependent enzyme,high_confidence,177.0,0.9943502824858758,1.0
J,AJVT,pyridoxamine 5'-phosphate oxidase family protein,high_confidence,635.0,0.9700787401574804,0.801948051948052
K,AJVT,pyridoxamine 5'-phosphate oxidase family protein,high_confidence,635.0,0.9700787401574804,0.801948051948052
L,AJVT,pyridoxamine 5'-phosphate oxidase family protein,high_confidence,635.0,0.9700787401574804,0.801948051948052
L,AJWC,pyrimidine (deoxy)nucleoside triphosphate diphosphatase,high_confidence,5.0,1.0,1.0
L,AJWE,pyrimidine dimer DNA glycosylase/endonuclease V,low_count,5.0,0.2,1.0
J,AJWJ,pyrimidine utilization protein C,high_confidence,10.0,1.0,0.9
K,AJXV,pyruvate dehydrogenase complex transcriptional repressor PdhR,high_confidence,9.0,1.0,1.0
L,AJZN,"quercetin 2,3-dioxygenase",high_confidence,7.0,1.0,0.7142857142857143
J,AJZQ,queuine tRNA-ribosyltransferase,low_count,1.0,1.0,1.0
K,AKBR,quorum sensing response regulator transcription factor QseB,high_confidence,8.0,1.0,1.0
K,AKBX,quorum-sensing response regulator AgrA,low_count,1.0,1.0,1.0
K,AKBZ,quorum-sensing transcriptional regulator RsaL,low_count,1.0,1.0,1.0
J,AKCC,rRNA adenine N-6-methyltransferase family protein,high_confidence,15.0,1.0,0.6
J,AKCG,rRNA large subunit pseudouridine synthase E,high_confidence,6.0,1.0,0.6666666666666666
J,AKCH,rRNA maturation RNase YbeY,high_confidence,51.0,1.0,0.8431372549019608
J,AKCK,rRNA pseudouridine synthase,low_count,1.0,1.0,1.0
J,AKCU,radical SAM protein,high_confidence,277.0,0.851985559566787,0.538135593220339
K,AKCU,radical SAM protein,high_confidence,277.0,0.851985559566787,0.538135593220339
L,AKCU,radical SAM protein,high_confidence,277.0,0.851985559566787,0.538135593220339
K,AKDJ,reactive chlorine-specific transcriptional regulator RclR,high_confidence,12.0,1.0,1.0
L,AKDK,recA protein,high_confidence,7.0,1.0,1.0
L,AKDM,recombinase,high_confidence,166.0,0.9879518072289156,0.951219512195122
L,AKDN,recombinase A,low_count,1.0,1.0,1.0
L,AKDP,recombinase RecA,high_confidence,445.0,0.997752808988764,1.0
L,AKDT,recombinase RecT,high_confidence,40.0,0.775,0.7096774193548387
L,AKDX,recombinase XerD,high_confidence,8.0,1.0,1.0
L,AKDY,recombinase family protein,high_confidence,2198.0,0.9881710646041856,0.9189686924493554
L,AKDZ,recombinase zinc beta ribbon domain-containing protein,low_count,4.0,1.0,1.0
L,AKEE,recombination mediator RecR,high_confidence,52.0,1.0,1.0
J,AKEG,recombination protein NinG,high_confidence,32.0,1.0,0.75
L,AKEH,recombination protein O N-terminal domain-containing protein,low_count,1.0,1.0,1.0
L,AKEI,recombination protein RecO,low_count,1.0,1.0,1.0
L,AKEJ,recombination protein RecR,low_count,2.0,1.0,1.0
L,AKEK,recombination protein RecT,high_confidence,5.0,1.0,0.6
J,AKEN,recombination-associated protein RdgC,high_confidence,586.0,0.9914675767918087,0.6609294320137694
L,AKEN,recombination-associated protein RdgC,high_confidence,586.0,0.9914675767918087,0.6609294320137694
L,AKEQ,recombination-promoting nuclease RpnC,low_count,2.0,1.0,1.0
J,AKES,redox-regulated ATPase YchF,high_confidence,59.0,1.0,1.0
K,AKEU,redox-sensing transcriptional repressor Rex,high_confidence,12.0,1.0,1.0
K,AKEV,redox-sensitive transcriptional activator SoxR,high_confidence,82.0,1.0,1.0
K,AKFG,regulator of nucleoside diphosphate kinase,low_count,1.0,1.0,1.0
K,AKFS,regulatory protein NosR,high_confidence,59.0,1.0,1.0
K,AKFT,regulatory protein PocR,high_confidence,5.0,1.0,1.0
L,AKFY,relaxase MobL,low_count,1.0,1.0,1.0
L,AKGB,relaxase domain-containing protein,high_confidence,10.0,0.8,1.0
L,AKGE,relaxase/mobilization nuclease domain-containing protein,high_confidence,214.0,0.9252336448598132,0.8181818181818182
L,AKGZ,replication endonuclease,high_confidence,12.0,0.9166666666666666,0.6363636363636364
L,AKHA,replication factor A,high_confidence,17.0,1.0,1.0
L,AKHB,replication factor C large subunit,low_count,2.0,1.0,1.0
L,AKHC,replication factor C small subunit,low_count,2.0,1.0,1.0
L,AKHD,replication initiation and membrane attachment family protein,low_count,3.0,1.0,1.0
J,AKHG,replication initiation factor domain-containing protein,high_confidence,14.0,1.0,0.5
K,AKHG,replication initiation factor domain-containing protein,high_confidence,14.0,1.0,0.5
L,AKHG,replication initiation factor domain-containing protein,high_confidence,14.0,1.0,0.5
L,AKHI,replication initiation negative regulator SeqA,high_confidence,8.0,1.0,1.0
K,AKHJ,replication initiation protein,high_confidence,525.0,0.780952380952381,0.9341463414634148
L,AKHJ,replication initiation protein,high_confidence,525.0,0.780952380952381,0.9341463414634148
K,AKHM,replication initiation protein RepC,high_confidence,12.0,0.75,1.0
L,AKHN,replication initiation protein RepE,high_confidence,21.0,1.0,0.5714285714285714
L,AKHO,replication initiation protein RepM,high_confidence,145.0,1.0,1.0
K,AKHP,replication initiation protein RepS,low_count,1.0,1.0,1.0
L,AKHR,replication initiation-control protein YabA,low_count,1.0,1.0,1.0
L,AKHV,replication initiator protein A,high_confidence,282.0,0.8439716312056738,0.5672268907563025
K,AKHZ,replication protein,high_confidence,165.0,0.5575757575757576,0.7608695652173914
L,AKHZ,replication protein,high_confidence,165.0,0.5575757575757576,0.7608695652173914
L,AKID,"replication protein C, IncQ-type",high_confidence,15.0,0.9333333333333332,1.0
K,AKIG,replication protein O,high_confidence,8.0,1.0,1.0
L,AKIH,replication protein P,high_confidence,26.0,1.0,0.9615384615384616
K,AKIM,replication protein RepO,low_count,1.0,1.0,1.0
L,AKIS,replication restart helicase PriA,low_count,2.0,1.0,1.0
K,AKIT,Replication termination protein,low_count,3.0,1.0,1.0
L,AKJC,replication-associated recombination protein A,high_confidence,58.0,1.0,1.0
L,AKJD,replication-associated recombination protein RarA,high_confidence,12.0,1.0,1.0
L,AKJI,replication/maintenance protein RepL,high_confidence,16.0,0.75,0.75
L,AKJJ,replicative DNA helicase,high_confidence,527.0,1.0,0.7191650853889943
L,AKJT,resolvase,high_confidence,7.0,0.8571428571428571,1.0
J,AKJX,response regulator,high_confidence,4234.0,0.9865375531412376,0.7407230069427819
K,AKJX,response regulator,high_confidence,4234.0,0.9865375531412376,0.7407230069427819
K,AKJZ,response regulator FixJ,high_confidence,55.0,1.0,0.9272727272727272
K,AKKA,response regulator YycF,high_confidence,6.0,1.0,0.6666666666666666
K,AKKM,response regulator inhibitor TorI,low_count,4.0,1.0,1.0
K,AKKP,response regulator receiver protein,low_count,9.0,0.4444444444444444,0.75
K,AKKQ,response regulator transcription factor,high_confidence,4273.0,0.9911069506201732,0.523258559622196
K,AKKS,response regulator transcription factor BfmR,low_count,4.0,1.0,1.0
K,AKKT,response regulator transcription factor CtrA,high_confidence,26.0,1.0,0.8461538461538461
K,AKKU,response regulator transcription factor GacA,low_count,1.0,1.0,1.0
K,AKKW,response regulator transcription factor HprR,high_confidence,10.0,1.0,1.0
K,AKKZ,response regulator transcription factor PirR,low_count,1.0,1.0,1.0
K,AKLA,response regulator transcription factor RcsB,high_confidence,13.0,1.0,1.0
K,AKLB,response regulator transcription factor RpaB,low_count,1.0,1.0,1.0
K,AKLD,response regulator transcription factor VxrB,high_confidence,8.0,1.0,1.0
K,AKLE,response regulator transcription factor family protein,low_count,3.0,1.0,0.6666666666666666
J,AKLH,restriction endonuclease,high_confidence,387.0,0.8708010335917312,0.8338278931750742
L,AKLH,restriction endonuclease,high_confidence,387.0,0.8708010335917312,0.8338278931750742
L,AKLI,restriction endonuclease BamHI,low_count,1.0,1.0,1.0
L,AKLJ,restriction endonuclease BglII,low_count,1.0,1.0,1.0
L,AKLN,restriction endonuclease PLD domain-containing protein,high_confidence,5.0,1.0,0.6
L,AKLR,restriction endonuclease subunit M,high_confidence,40.0,1.0,0.9
L,AKLT,restriction endonuclease subunit S,high_confidence,546.0,0.9688644688644688,0.9130434782608696
K,AKLY,resuscitation-promoting factor,low_count,4.0,1.0,0.75
L,AKMD,retron Ec67 family RNA-directed DNA polymerase/endonuclease,low_count,1.0,1.0,1.0
K,AKMH,retron Se72 family effector protein,low_count,1.0,1.0,1.0
L,AKMI,retron St85 family RNA-directed DNA polymerase,high_confidence,5.0,1.0,1.0
K,AKMJ,retron St85 family effector protein,low_count,3.0,0.6666666666666666,1.0
L,AKMP,reverse transcriptase,low_count,2.0,1.0,1.0
L,AKMQ,reverse transcriptase N-terminal domain-containing protein,low_count,6.0,0.6666666666666666,1.0
L,AKMR,reverse transcriptase domain-containing protein,high_confidence,153.0,0.9803921568627452,1.0
L,AKMS,reverse transcriptase family protein,high_confidence,26.0,1.0,0.9615384615384616
L,AKMT,reverse transcriptase-like protein,low_count,22.0,0.1363636363636363,1.0
L,AKMV,reverse transcriptase/maturase family protein,high_confidence,76.0,1.0,1.0
K,AKNL,rhizobactin biosynthesis transcriptional regulator RhrA,high_confidence,14.0,1.0,1.0
J,AKNN,rhizobactin siderophore biosynthesis protein RhbD,high_confidence,14.0,1.0,1.0
K,AKNW,rhodanese-like domain-containing protein,high_confidence,367.0,0.997275204359673,0.9590163934426228
K,AKOK,ribbon-helix-helix domain-containing protein,high_confidence,277.0,0.776173285198556,0.6186046511627907
K,AKOM,"ribbon-helix-helix protein, CopG family",high_confidence,116.0,0.6206896551724138,0.75
J,AKOY,ribonuclease,high_confidence,13.0,0.8461538461538461,0.8181818181818182
J,AKOZ,ribonuclease BN,high_confidence,9.0,1.0,0.6666666666666666
J,AKPA,ribonuclease D,high_confidence,52.0,1.0,0.903846153846154
L,AKPA,ribonuclease D,high_confidence,52.0,1.0,0.903846153846154
J,AKPB,ribonuclease E,high_confidence,14.0,1.0,1.0
J,AKPE,ribonuclease E/G,high_confidence,35.0,1.0,1.0
J,AKPF,ribonuclease G,high_confidence,17.0,1.0,1.0
L,AKPG,ribonuclease H,high_confidence,37.0,1.0,1.0
L,AKPH,ribonuclease H family protein,high_confidence,36.0,0.8333333333333334,1.0
J,AKPJ,ribonuclease H-like domain-containing protein,high_confidence,28.0,0.9285714285714286,0.5769230769230769
L,AKPJ,ribonuclease H-like domain-containing protein,high_confidence,28.0,0.9285714285714286,0.5769230769230769
J,AKPK,ribonuclease HI,high_confidence,461.0,0.9978308026030368,0.8782608695652174
L,AKPK,ribonuclease HI,high_confidence,461.0,0.9978308026030368,0.8782608695652174
L,AKPL,ribonuclease HI family protein,high_confidence,14.0,0.9285714285714286,1.0
L,AKPM,ribonuclease HII,high_confidence,77.0,1.0,1.0
L,AKPN,ribonuclease HIII,low_count,4.0,1.0,1.0
J,AKPO,ribonuclease I,high_confidence,6.0,1.0,1.0
J,AKPP,ribonuclease III,high_confidence,47.0,1.0,0.9148936170212766
K,AKPP,ribonuclease III,high_confidence,47.0,1.0,0.9148936170212766
K,AKPQ,ribonuclease III domain-containing protein,low_count,1.0,1.0,1.0
J,AKPS,ribonuclease J,high_confidence,50.0,1.0,0.8
J,AKPT,ribonuclease J1,high_confidence,6.0,1.0,0.8333333333333334
J,AKPV,ribonuclease M5,high_confidence,9.0,1.0,1.0
J,AKPX,ribonuclease P protein component,high_confidence,38.0,1.0,1.0
J,AKPY,ribonuclease P protein component 1,low_count,2.0,1.0,1.0
J,AKQA,ribonuclease P protein component 4,low_count,2.0,1.0,1.0
J,AKQB,ribonuclease PH,high_confidence,27.0,1.0,1.0
J,AKQC,ribonuclease R,high_confidence,49.0,1.0,0.6326530612244898
K,AKQC,ribonuclease R,high_confidence,49.0,1.0,0.6326530612244898
J,AKQD,ribonuclease R family protein,low_count,3.0,1.0,0.6666666666666666
K,AKQD,ribonuclease R family protein,low_count,3.0,1.0,0.6666666666666666
J,AKQE,ribonuclease T,high_confidence,17.0,1.0,0.8823529411764706
L,AKQE,ribonuclease T,high_confidence,17.0,1.0,0.8823529411764706
J,AKQF,ribonuclease T(2),low_count,3.0,1.0,1.0
J,AKQG,ribonuclease T2,high_confidence,8.0,1.0,1.0
J,AKQH,ribonuclease T2 family protein,high_confidence,6.0,1.0,1.0
J,AKQK,ribonuclease Z,high_confidence,30.0,0.9666666666666668,0.7241379310344828
K,AKQM,ribonuclease catalytic domain-containing protein,high_confidence,5.0,1.0,1.0
J,AKRE,"ribose 1,5-bisphosphate isomerase",low_count,1.0,1.0,1.0
K,AKRO,ribose operon transcriptional repressor RbsR,high_confidence,7.0,1.0,1.0
K,AKRP,ribose utilization transcriptional repressor RbsR,low_count,1.0,1.0,1.0
J,AKRX,ribosomal L7Ae/L30e/S12e/Gadd45 family protein,low_count,4.0,1.0,1.0
J,AKSB,ribosomal protein L7/L12,low_count,8.0,0.375,0.6666666666666666
K,AKSC,ribosomal protein S18-alanine N-acetyltransferase,high_confidence,42.0,1.0,1.0
J,AKSD,ribosomal protein S5-alanine N-acetyltransferase,high_confidence,13.0,1.0,1.0
J,AKSE,ribosomal-processing cysteine protease Prp,high_confidence,14.0,0.9285714285714286,1.0
J,AKSG,ribosome assembly RNA-binding protein YhbY,high_confidence,24.0,1.0,1.0
J,AKSI,ribosome assembly factor SBDS,low_count,1.0,1.0,1.0
J,AKSM,ribosome biogenesis GTPase Der,high_confidence,86.0,1.0,0.9302325581395348
J,AKSS,ribosome hibernation promoting factor,high_confidence,9.0,1.0,1.0
J,AKST,ribosome hibernation promotion factor,low_count,1.0,1.0,1.0
J,AKSU,"ribosome hibernation-promoting factor, HPF/YfiA family",high_confidence,40.0,0.9,1.0
J,AKSV,ribosome maturation factor RimM,high_confidence,43.0,1.0,1.0
J,AKSW,ribosome maturation factor RimP,high_confidence,36.0,0.9722222222222222,0.5428571428571428
J,AKSY,ribosome modulation factor,high_confidence,17.0,0.7647058823529411,0.9230769230769232
L,AKSY,ribosome modulation factor,high_confidence,17.0,0.7647058823529411,0.9230769230769232
J,AKSZ,ribosome recycling factor,high_confidence,39.0,1.0,1.0
J,AKTB,ribosome rescue GTPase HflX,high_confidence,16.0,1.0,0.8125
K,AKTC,ribosome rescue protein RqcH,low_count,1.0,1.0,1.0
J,AKTD,ribosome silencing factor,high_confidence,33.0,1.0,0.9090909090909092
J,AKTG,ribosome-associated heat shock protein Hsp15,high_confidence,6.0,1.0,1.0
J,AKTJ,ribosome-associated translation inhibitor RaiA,high_confidence,15.0,1.0,1.0
J,AKTK,ribosome-binding factor A,low_count,4.0,1.0,1.0
J,AKTP,ribosome-recycling factor,low_count,1.0,1.0,1.0
K,AKTZ,ricin-type beta-trefoil lectin domain protein,ambiguous,48.0,0.75,0.4722222222222222
K,AKUC,right-handed parallel beta-helix repeat-containing protein,high_confidence,274.0,0.8540145985401459,0.5042735042735043
L,AKUC,right-handed parallel beta-helix repeat-containing protein,high_confidence,274.0,0.8540145985401459,0.5042735042735043
K,AKUK,roadblock/LC7 domain-containing protein,high_confidence,127.0,0.7874015748031497,0.96
J,AKVI,S-methyl-5-thioribose-1-phosphate isomerase,high_confidence,76.0,1.0,0.7763157894736842
K,AKVP,sacsin N-terminal ATP-binding-like domain-containing protein,ambiguous,12.0,0.75,0.4444444444444444
L,AKVP,sacsin N-terminal ATP-binding-like domain-containing protein,ambiguous,12.0,0.75,0.4444444444444444
K,AKWE,sap1 transcriptional regulator SapR,high_confidence,5.0,1.0,1.0
K,AKWS,scabin-related ADP-ribosyltransferase,low_count,1.0,1.0,1.0
L,AKYG,segregation/condensation protein A,high_confidence,6.0,1.0,0.6666666666666666
K,AKYQ,selenium metabolism-associated LysR family transcriptional regulator,high_confidence,10.0,1.0,1.0
J,AKYX,selenocysteine-specific translation elongation factor,high_confidence,114.0,1.0,1.0
K,AKZC,sensor domain-containing diguanylate cyclase,high_confidence,480.0,1.0,0.9895833333333334
L,AKZC,sensor domain-containing diguanylate cyclase,high_confidence,480.0,1.0,0.9895833333333334
K,AKZE,sensor domain-containing protein,high_confidence,118.0,0.8305084745762712,0.7040816326530612
L,AKZE,sensor domain-containing protein,high_confidence,118.0,0.8305084745762712,0.7040816326530612
K,AKZF,sensor histidine kinase,high_confidence,2947.0,0.999321343739396,0.99660441426146
L,AKZF,sensor histidine kinase,high_confidence,2947.0,0.999321343739396,0.99660441426146
L,ALAT,serine aminopeptidase domain-containing protein,high_confidence,31.0,1.0,0.9032258064516128
L,ALBD,serine hydrolase domain-containing protein,high_confidence,612.0,0.9983660130718954,0.9787234042553192
K,ALBJ,serine protease,ambiguous,101.0,0.7524752475247525,0.4078947368421052
L,ALBJ,serine protease,ambiguous,101.0,0.7524752475247525,0.4078947368421052
J,ALCJ,serine--tRNA ligase,high_confidence,83.0,1.0,1.0
K,ALCZ,serine/threonine protein kinase,high_confidence,86.0,0.7906976744186046,0.75
L,ALCZ,serine/threonine protein kinase,high_confidence,86.0,0.7906976744186046,0.75
K,ALDC,serine/threonine protein kinase PrkT,low_count,1.0,1.0,1.0
L,ALDC,serine/threonine protein kinase PrkT,low_count,1.0,1.0,1.0
K,ALDH,serine/threonine-protein kinase,high_confidence,287.0,0.9965156794425089,0.944055944055944
L,ALDH,serine/threonine-protein kinase,high_confidence,287.0,0.9965156794425089,0.944055944055944
K,ALDJ,serine/threonine-protein kinase PknD,low_count,2.0,1.0,1.0
L,ALDJ,serine/threonine-protein kinase PknD,low_count,2.0,1.0,1.0
K,ALEL,short-chain fatty acyl-CoA regulator family protein,high_confidence,56.0,0.9821428571428572,1.0
K,ALFQ,sigma 54-dependent transcription regulator FisR,low_count,2.0,1.0,1.0
K,ALFS,sigma 54-interacting transcriptional regulator,high_confidence,153.0,0.9869281045751634,0.7350993377483444
K,ALFT,sigma D regulator,high_confidence,8.0,1.0,1.0
K,ALFY,sigma factor,high_confidence,74.0,0.3648648648648648,1.0
K,ALGD,sigma factor-binding protein Crl,high_confidence,21.0,1.0,1.0
K,ALGE,sigma factor-like helix-turn-helix DNA-binding protein,high_confidence,92.0,0.6086956521739131,0.8392857142857143
K,ALGF,sigma-54 dependent transcriptional regulator,high_confidence,292.0,1.0,0.815068493150685
K,ALGI,sigma-54 interaction domain-containing protein,high_confidence,124.0,1.0,0.9838709677419356
K,ALGJ,sigma-54-dependent Fis family transcriptional regulator,high_confidence,394.0,1.0,0.8121827411167513
K,ALGK,sigma-54-dependent phenylalanine hydroxylase transcriptional regulator PhhR,low_count,1.0,1.0,1.0
K,ALGM,sigma-54-dependent response regulator transcription factor ZraR,high_confidence,8.0,1.0,0.875
K,ALGN,sigma-54-dependent transcriptional regulator,high_confidence,384.0,1.0,0.96875
K,ALGO,sigma-70 domain-containing protein,low_count,3.0,0.6666666666666666,1.0
K,ALGP,sigma-70 factor domain-containing protein,low_count,3.0,1.0,1.0
K,ALGQ,sigma-70 family RNA polymerase sigma factor,high_confidence,1335.0,0.851685393258427,0.9929639401934915
K,ALHD,signal peptidase I,high_confidence,161.0,0.968944099378882,0.9551282051282052
J,ALHT,signal recognition particle subunit SRP19,low_count,1.0,1.0,1.0
L,ALIE,Single-stranded DNA binding protein,low_count,3.0,1.0,1.0
L,ALIG,single-stranded DNA-binding protein,high_confidence,869.0,0.8688147295742232,0.5019867549668874
L,ALIH,single-stranded DNA-binding protein SSB1,high_confidence,11.0,1.0,1.0
L,ALII,single-stranded DNA-binding protein SSB2,low_count,3.0,1.0,1.0
L,ALIL,single-stranded-DNA-specific exonuclease RecJ,high_confidence,89.0,1.0,0.9775280898876404
L,ALIZ,site-specific DNA recombinase,low_count,1.0,1.0,1.0
K,ALJB,site-specific DNA-methyltransferase,high_confidence,290.0,0.993103448275862,0.8472222222222222
L,ALJB,site-specific DNA-methyltransferase,high_confidence,290.0,0.993103448275862,0.8472222222222222
K,ALJC,site-specific integrase,high_confidence,2188.0,0.9803473491773308,0.806993006993007
L,ALJC,site-specific integrase,high_confidence,2188.0,0.9803473491773308,0.806993006993007
L,ALJD,site-specific recombinase,high_confidence,14.0,1.0,1.0
L,ALJI,site-specific tyrosine recombinase XerC,high_confidence,33.0,1.0,0.9696969696969696
L,ALJJ,site-specific tyrosine recombinase XerD,high_confidence,29.0,1.0,0.5172413793103449
L,ALJK,site-specific tyrosine recombinase/integron integrase,high_confidence,13.0,1.0,0.5384615384615384
J,ALKW,small ribosomal subunit Rsm22 family protein,high_confidence,8.0,1.0,1.0
J,ALKX,small ribosomal subunit biogenesis GTPase RsgA,high_confidence,14.0,1.0,0.7142857142857143
J,ALOF,spermidine N1-acetyltransferase,high_confidence,16.0,1.0,1.0
K,ALSO,spore germination transcription factor GerE,low_count,1.0,1.0,1.0
L,ALTC,spore photoproduct lyase,high_confidence,7.0,1.0,1.0
L,ALTD,spore photoproduct lyase family protein,high_confidence,8.0,1.0,1.0
J,ALUI,sporulation killing factor system radical SAM maturase,low_count,1.0,1.0,1.0
K,ALVJ,sporulation transcription factor Spo0A,low_count,2.0,1.0,1.0
K,ALVL,sporulation transcriptional regulator SpoIIID,high_confidence,9.0,0.8888888888888888,1.0
L,ALWH,stability determinant,low_count,2.0,0.5,1.0
K,ALWQ,stage 0 sporulation protein Spo0J,low_count,1.0,1.0,1.0
K,ALWS,stage II sporulation protein E,low_count,4.0,1.0,1.0
K,ALXN,stage V sporulation T C-terminal domain-containing protein,low_count,1.0,1.0,1.0
K,ALYE,stage V sporulation protein T,high_confidence,6.0,1.0,1.0
L,ALYH,stalk domain-containing protein,ambiguous,46.0,0.6086956521739131,0.25
K,AMAE,stationary phase inducible protein CsiE,high_confidence,8.0,1.0,1.0
J,AMAI,stationary-phase-induced ribosome-associated protein,high_confidence,11.0,0.9090909090909092,1.0
K,AMBA,strawberry notch C-terminal domain-containing protein,high_confidence,71.0,0.971830985915493,0.5942028985507246
L,AMBA,strawberry notch C-terminal domain-containing protein,high_confidence,71.0,0.971830985915493,0.5942028985507246
K,AMBB,strawberry notch family protein,high_confidence,15.0,1.0,0.9333333333333332
L,AMBB,strawberry notch family protein,high_confidence,15.0,1.0,0.9333333333333332
K,AMBC,strawberry notch-like NTP hydrolase domain-containing protein,high_confidence,27.0,1.0,0.8148148148148148
L,AMBC,strawberry notch-like NTP hydrolase domain-containing protein,high_confidence,27.0,1.0,0.8148148148148148
K,AMBL,streptomycin biosynthesis protein,low_count,1.0,1.0,1.0
K,AMBP,streptothricin N-acetyltransferase Sat4,low_count,4.0,1.0,1.0
K,AMBQ,streptothricin N-acetyltransferase SatA,low_count,4.0,1.0,1.0
J,AMCB,stress response translation initiation inhibitor YciH,high_confidence,24.0,1.0,1.0
K,AMCJ,stringent starvation protein SspA,high_confidence,9.0,1.0,0.8888888888888888
K,AMFD,substrate binding domain-containing protein,high_confidence,17.0,1.0,1.0
K,AMFH,substrate-binding domain-containing protein,high_confidence,1675.0,0.9874626865671642,0.6227327690447401
L,AMFH,substrate-binding domain-containing protein,high_confidence,1675.0,0.9874626865671642,0.6227327690447401
K,AMHF,succinoglycan biosynthesis protein ExoI,high_confidence,38.0,1.0,0.9736842105263158
L,AMHF,succinoglycan biosynthesis protein ExoI,high_confidence,38.0,1.0,0.9736842105263158
K,AMHJ,succinoglycan biosynthesis protein ExoI,high_confidence,38.0,1.0,0.9736842105263158
L,AMHJ,succinoglycan biosynthesis protein ExoI,high_confidence,38.0,1.0,0.9736842105263158
K,AMII,sugar ABC transporter substrate-binding protein,high_confidence,916.0,0.9858078602620088,0.9767441860465116
K,AMIN,sugar diacid recognition domain-containing protein,high_confidence,14.0,1.0,1.0
K,AMIW,sugar metabolism global transcriptional regulator Mlc,high_confidence,8.0,1.0,0.75
J,AMJF,sugar phosphate nucleotidyltransferase,ambiguous,92.0,0.9891304347826086,0.4395604395604395
K,AMJM,sugar-binding domain-containing protein,high_confidence,26.0,1.0,0.5769230769230769
K,AMJO,sugar-binding transcriptional regulator,high_confidence,398.0,1.0,1.0
K,AMJU,sugar-specific transcriptional regulator TrmB,high_confidence,7.0,1.0,1.0
J,AMJV,sugar-transfer associated ATP-grasp domain-containing protein,low_count,5.0,0.8,0.75
K,AMLE,sulfite exporter TauE/SafE family protein,high_confidence,1083.0,0.997229916897507,0.9638888888888888
K,AMLM,sulfite-sensing transcriptional repressor BigR,high_confidence,22.0,1.0,1.0
K,AMME,sulfotransferase,high_confidence,159.0,0.9433962264150944,0.8733333333333333
L,AMMG,sulfotransferase family 2 domain-containing protein,high_confidence,114.0,0.912280701754386,0.903846153846154
J,AMMY,sulfurtransferase TusA,high_confidence,12.0,1.0,0.75
J,AMNB,sulfurtransferase complex subunit TusB,high_confidence,8.0,1.0,0.5
J,AMNC,sulfurtransferase complex subunit TusC,high_confidence,8.0,1.0,0.5
J,AMND,sulfurtransferase complex subunit TusD,high_confidence,12.0,1.0,0.75
K,AMOI,superoxide response transcriptional regulator SoxS,high_confidence,10.0,1.0,1.0
J,AMPP,tRNA (5-methylaminomethyl-2-thiouridine)(34)-methyltransferase MnmD,high_confidence,58.0,1.0,0.9655172413793104
J,AMPQ,tRNA (N(6)-L-threonylcarbamoyladenosine(37)-C(2))- methylthiotransferase,low_count,1.0,1.0,1.0
J,AMPR,tRNA (N(6)-L-threonylcarbamoyladenosine(37)-C(2))- methylthiotransferase MtaB,high_confidence,13.0,1.0,1.0
J,AMPS,tRNA (N6-isopentenyl adenosine(37)-C2)-methylthiotransferase MiaB,high_confidence,50.0,1.0,0.96
J,AMPT,tRNA (N6-threonylcarbamoyladenosine(37)-N6)-methyltransferase TrmO,high_confidence,109.0,1.0,0.9174311926605504
J,AMPX,tRNA (adenosine(37)-N6)-dimethylallyltransferase MiaA,high_confidence,42.0,1.0,0.6428571428571429
K,AMPY,tRNA (adenosine(37)-N6)-threonylcarbamoyltransferase complex ATPase subunit type 1 TsaE,high_confidence,39.0,1.0,0.9487179487179488
J,AMQA,tRNA (adenosine(37)-N6)-threonylcarbamoyltransferase complex transferase subunit TsaD,high_confidence,57.0,1.0,0.5789473684210527
J,AMQB,tRNA (cytidine(34)-2'-O)-methyltransferase,high_confidence,32.0,1.0,1.0
J,AMQC,tRNA (cytidine(56)-2'-O)-methyltransferase,low_count,2.0,1.0,1.0
J,AMQD,tRNA (cytosine(32)/uridine(32)-2'-O)-methyltransferase TrmJ,high_confidence,9.0,1.0,1.0
J,AMQF,tRNA (guanine(26)-N(2))-dimethyltransferase,low_count,1.0,1.0,1.0
J,AMQG,tRNA (guanine(46)-N(7))-methyltransferase TrmB,high_confidence,13.0,1.0,0.9230769230769232
J,AMQH,tRNA (guanine-N-7) methyltransferase,low_count,1.0,1.0,1.0
J,AMQI,tRNA (guanosine(18)-2'-O)-methyltransferase TrmH,high_confidence,8.0,1.0,1.0
J,AMQJ,tRNA (guanosine(37)-N1)-methyltransferase TrmD,high_confidence,45.0,1.0,1.0
J,AMQK,tRNA (guanosine(46)-N(7))-methyltransferase TrmB,low_count,2.0,1.0,1.0
J,AMQL,tRNA (guanosine(46)-N7)-methyltransferase TrmB,high_confidence,38.0,1.0,0.9210526315789472
J,AMQM,tRNA (mnm(5)s(2)U34)-methyltransferase,low_count,1.0,1.0,1.0
J,AMQN,tRNA (pseudouridine(54)-N(1))-methyltransferase TrmY,high_confidence,9.0,1.0,1.0
J,AMQP,tRNA (uridine(34)/cytosine(34)/5- carboxymethylaminomethyluridine(34)-2'-O)- methyltransferase TrmL,high_confidence,18.0,1.0,1.0
J,AMQQ,tRNA (uridine(54)-C5)-methyltransferase TrmA,high_confidence,20.0,1.0,0.9
J,AMQT,tRNA 2-selenouridine(34) synthase MnmH,high_confidence,25.0,1.0,0.96
J,AMQV,tRNA 2-thiocytidine(32) synthetase TtcA,high_confidence,28.0,1.0,0.6785714285714286
J,AMQX,tRNA 2-thiouridine(34) synthase MnmA,high_confidence,50.0,1.0,1.0
J,AMRA,tRNA 5-methoxyuridine(34)/uridine 5-oxyacetic acid(34) synthase CmoB,high_confidence,18.0,1.0,1.0
J,AMRE,tRNA adenosine(34) deaminase TadA,high_confidence,27.0,1.0,1.0
J,AMRG,tRNA cytosine(34) acetyltransferase TmcA,high_confidence,5.0,1.0,1.0
J,AMRH,tRNA dihydrouridine synthase,high_confidence,11.0,1.0,0.5454545454545454
J,AMRI,tRNA dihydrouridine synthase DusB,high_confidence,44.0,1.0,0.7954545454545454
J,AMRJ,tRNA dihydrouridine(16) synthase DusC,high_confidence,13.0,1.0,0.9230769230769232
J,AMRK,tRNA dihydrouridine(20/20a) synthase DusA,high_confidence,34.0,1.0,0.9411764705882352
J,AMRN,tRNA glutamyl-Q(34) synthetase GluQRS,high_confidence,33.0,1.0,1.0
J,AMRO,tRNA guanosine(15) transglycosylase TgtA,low_count,1.0,1.0,1.0
J,AMRP,tRNA guanosine(34) transglycosylase Tgt,high_confidence,38.0,1.0,0.6052631578947368
J,AMRQ,tRNA isopentenyl-2-thiomethyl-A-37 hydroxylase MiaE,high_confidence,7.0,1.0,1.0
J,AMRS,tRNA lysidine(34) synthetase TilS,high_confidence,54.0,1.0,0.6851851851851852
J,AMRX,tRNA preQ1(34) S-adenosylmethionine ribosyltransferase-isomerase QueA,high_confidence,28.0,1.0,0.5
J,AMRZ,tRNA pseudouridine(13) synthase TruD,high_confidence,11.0,1.0,1.0
J,AMSA,tRNA pseudouridine(38-40) synthase TruA,high_confidence,62.0,1.0,1.0
J,AMSB,tRNA pseudouridine(54/55) synthase Pus10,low_count,1.0,1.0,1.0
J,AMSC,tRNA pseudouridine(55) synthase TruB,high_confidence,44.0,1.0,0.9772727272727272
J,AMSD,tRNA pseudouridine(65) synthase TruC,high_confidence,10.0,1.0,1.0
J,AMSH,tRNA uridine 5-oxyacetic acid(34) methyltransferase CmoM,high_confidence,12.0,1.0,0.8333333333333334
K,AMSI,tRNA uridine(34) 5-carboxymethylaminomethyl modification radical SAM/GNAT enzyme Elp3,low_count,1.0,1.0,1.0
J,AMSJ,tRNA uridine-5-carboxymethylaminomethyl(34) synthesis GTPase MnmE,high_confidence,35.0,1.0,0.7428571428571429
J,AMSM,tRNA(1)(Val) (adenine(37)-N(6))-methyltransferase TrmN,high_confidence,5.0,1.0,1.0
J,AMSP,tRNA(Met) cytidine acetyltransferase TmcA,high_confidence,12.0,1.0,1.0
J,AMSR,tRNA-(ms[2]io[6]A)-hydroxylase,low_count,4.0,1.0,1.0
J,AMSS,tRNA-binding protein,high_confidence,41.0,1.0,0.975609756097561
J,AMSV,tRNA-dihydrouridine synthase,high_confidence,11.0,0.5454545454545454,1.0
J,AMSX,tRNA-guanine transglycosylase,low_count,3.0,1.0,0.6666666666666666
J,AMSY,tRNA-guanine transglycosylase DpdA,high_confidence,6.0,1.0,1.0
J,AMSZ,tRNA-intron lyase,low_count,1.0,1.0,1.0
J,AMTA,tRNA-modifying protein YgfZ,high_confidence,12.0,1.0,0.5833333333333334
J,AMTD,tRNA/rRNA methyltransferase,high_confidence,16.0,1.0,0.75
J,AMTE,tRNA1(Val) (adenine(37)-N6)-methyltransferase,high_confidence,38.0,1.0,0.8421052631578947
L,AMTE,tRNA1(Val) (adenine(37)-N6)-methyltransferase,high_confidence,38.0,1.0,0.8421052631578947
L,AMTX,tail fiber assembly protein,high_confidence,794.0,0.9785894206549118,0.9987129987129988
L,AMTY,tail fiber domain-containing protein,high_confidence,593.0,0.6812816188870152,0.8044554455445545
L,AMTZ,tail fiber protein,high_confidence,386.0,0.3134715025906736,0.768595041322314
J,AMUQ,tannase/feruloyl esterase family alpha/beta hydrolase,ambiguous,115.0,0.5826086956521739,0.3432835820895522
L,AMUR,tape measure protein,high_confidence,732.0,0.9986338797814208,0.6785225718194254
L,AMVF,tectonin domain-containing protein,low_count,5.0,0.6,0.3333333333333333
K,AMWB,tellurite resistance TerB family protein,high_confidence,599.0,0.998330550918197,0.7558528428093646
K,AMWY,telomere-associated protein Tap,high_confidence,46.0,1.0,1.0
L,AMWZ,telomere-binding protein,low_count,3.0,1.0,1.0
L,AMXI,terminase,high_confidence,485.0,0.1979381443298969,0.8958333333333334
L,AMXK,terminase ATPase subunit family protein,high_confidence,8.0,1.0,0.75
L,AMXN,terminase endonuclease subunit,high_confidence,6.0,1.0,0.5
K,AMXO,terminase family protein,high_confidence,11.0,1.0,0.8181818181818182
L,AMXP,terminase gpA endonuclease subunit,high_confidence,16.0,1.0,0.625
L,AMXQ,terminase gpP N-terminus-related DNA-binding protein,low_count,7.0,0.4285714285714285,0.6666666666666666
K,AMXR,terminase large subunit,high_confidence,92.0,0.9891304347826086,0.9230769230769232
L,AMXS,terminase large subunit domain-containing protein,high_confidence,67.0,0.9552238805970148,0.9375
L,AMXT,terminase small subunit,high_confidence,85.0,0.8588235294117647,0.863013698630137
J,AMZG,tetracycline resistance ribosomal protection mosaic protein Tet(O/32/O),low_count,1.0,1.0,1.0
J,AMZK,tetracycline resistance ribosomal protection protein Tet(M),low_count,3.0,1.0,1.0
J,AMZM,tetracycline resistance ribosomal protection protein Tet(S),low_count,1.0,1.0,1.0
K,AMZQ,tetracycline resistance transcriptional repressor TetR(A),high_confidence,23.0,1.0,1.0
K,AMZR,tetracycline resistance transcriptional repressor TetR(B),high_confidence,17.0,1.0,1.0
K,AMZT,tetracycline resistance transcriptional repressor TetR(D),high_confidence,15.0,1.0,1.0
K,AMZV,tetracycline resistance transcriptional repressor TetR(G),low_count,1.0,1.0,1.0
K,AMZX,tetracycline resistance transcriptional repressor TetR(Y),low_count,1.0,1.0,1.0
K,ANAD,tetracyline resistance-associated transcriptional repressor TetC,high_confidence,6.0,1.0,1.0
K,ANBB,tetrathionate respiration response regulator TtrR,low_count,4.0,1.0,1.0
K,ANBE,tetratricopeptide repeat protein,high_confidence,2099.0,0.8384945212005717,0.5198863636363636
L,ANBE,tetratricopeptide repeat protein,high_confidence,2099.0,0.8384945212005717,0.5198863636363636
J,ANBT,thermonuclease family protein,high_confidence,438.0,0.9223744292237442,0.9851485148514852
L,ANBT,thermonuclease family protein,high_confidence,438.0,0.9223744292237442,0.9851485148514852
K,ANCA,thiaminase II,high_confidence,53.0,1.0,0.9622641509433962
J,ANGN,threonine--tRNA ligase,high_confidence,82.0,1.0,1.0
K,ANHB,thrombospondin type 3 repeat-containing protein,high_confidence,49.0,1.0,0.9183673469387756
L,ANHR,tol-pal system YbgF family protein,low_count,3.0,1.0,0.6666666666666666
J,ANHW,toll/interleukin-1 receptor domain-containing protein,high_confidence,85.0,0.8117647058823529,0.8695652173913043
K,ANHW,toll/interleukin-1 receptor domain-containing protein,high_confidence,85.0,0.8117647058823529,0.8695652173913043
L,ANHW,toll/interleukin-1 receptor domain-containing protein,high_confidence,85.0,0.8117647058823529,0.8695652173913043
L,ANID,topoisomerase C-terminal repeat-containing protein,low_count,8.0,0.375,1.0
L,ANIE,topoisomerase DNA-binding C4 zinc finger domain-containing protein,high_confidence,14.0,0.6428571428571429,0.5555555555555556
L,ANII,toprim domain-containing protein,high_confidence,293.0,0.7918088737201365,0.5
K,ANIM,toxin,high_confidence,29.0,0.9655172413793104,0.7142857142857143
K,ANIZ,toxin TcdB middle/N-terminal domain-containing protein,low_count,2.0,1.0,0.5
K,ANJK,toxin production/motility transcriptional repressor RstA,low_count,1.0,1.0,1.0
J,ANKT,trans-aconitate 2-methyltransferase,ambiguous,74.0,0.972972972972973,0.375
L,ANKT,trans-aconitate 2-methyltransferase,ambiguous,74.0,0.972972972972973,0.375
J,ANLD,transcription antitermination factor NusB,high_confidence,38.0,1.0,0.9736842105263158
K,ANLD,transcription antitermination factor NusB,high_confidence,38.0,1.0,0.9736842105263158
K,ANLE,transcription antitermination protein NusB,low_count,3.0,1.0,1.0
K,ANLF,transcription antiterminator,high_confidence,12.0,1.0,0.9166666666666666
K,ANLK,transcription antiterminator/RNA stability regulator CspE,high_confidence,22.0,1.0,1.0
K,ANLL,transcription elongation factor,low_count,4.0,0.75,1.0
K,ANLM,transcription elongation factor GreA,high_confidence,120.0,1.0,1.0
K,ANLO,transcription elongation factor GreB,high_confidence,18.0,1.0,1.0
K,ANLP,transcription elongation factor NusA,low_count,1.0,1.0,1.0
K,ANLQ,transcription elongation factor Spt5,low_count,1.0,1.0,1.0
K,ANLR,transcription elongation factor subunit Spt4,low_count,2.0,1.0,1.0
K,ANLT,transcription factor,low_count,7.0,0.1428571428571428,1.0
K,ANLU,transcription factor E,low_count,1.0,1.0,1.0
K,ANLW,transcription factor S,low_count,4.0,1.0,1.0
K,ANMB,transcription initiation factor IIB,high_confidence,49.0,1.0,1.0
K,ANME,transcription initiation factor IIB family protein,high_confidence,62.0,0.9838709677419356,1.0
K,ANMI,transcription modulator YdgT,high_confidence,9.0,1.0,0.6666666666666666
K,ANML,transcription termination factor NusA,high_confidence,40.0,1.0,1.0
K,ANMN,transcription termination factor Rho,high_confidence,47.0,1.0,1.0
K,ANMO,transcription termination/antitermination NusG family protein,high_confidence,16.0,0.5625,1.0
K,ANMP,transcription termination/antitermination protein NusA,low_count,1.0,1.0,1.0
K,ANMQ,transcription termination/antitermination protein NusG,high_confidence,60.0,0.9666666666666668,1.0
L,ANMR,transcription-repair coupling factor,high_confidence,50.0,1.0,1.0
K,ANMS,transcription/translation regulatory transformer protein RfaH,high_confidence,20.0,1.0,0.95
K,ANMW,transcriptional activator NhaR,high_confidence,14.0,1.0,1.0
K,ANMX,transcriptional activator Rem,low_count,4.0,1.0,1.0
K,ANNE,transcriptional activator protein RasR,high_confidence,54.0,1.0,1.0
K,ANNG,transcriptional antiterminator BglG,low_count,4.0,1.0,1.0
K,ANNL,transcriptional regulator,ambiguous,1935.0,0.5746770025839794,0.4955035971223021
L,ANNL,transcriptional regulator,ambiguous,1935.0,0.5746770025839794,0.4955035971223021
K,ANNN,transcriptional regulator AhrC/ArgR,low_count,1.0,1.0,1.0
K,ANNO,transcriptional regulator AlpR,low_count,1.0,1.0,1.0
K,ANNP,transcriptional regulator ArgR,high_confidence,9.0,1.0,1.0
K,ANNR,transcriptional regulator AsnC,high_confidence,7.0,1.0,1.0
K,ANNS,transcriptional regulator BetI,high_confidence,59.0,1.0,0.9661016949152542
K,ANNU,transcriptional regulator BolA,high_confidence,7.0,1.0,0.7142857142857143
K,ANNZ,transcriptional regulator CecR,high_confidence,8.0,1.0,1.0
K,ANOA,transcriptional regulator ChbR,high_confidence,8.0,1.0,1.0
K,ANOD,transcriptional regulator CtsR,low_count,1.0,1.0,1.0
K,ANOE,transcriptional regulator CynR,high_confidence,30.0,1.0,1.0
K,ANOG,transcriptional regulator DagR,low_count,3.0,1.0,1.0
K,ANOH,transcriptional regulator DdaR,low_count,1.0,1.0,1.0
K,ANOK,transcriptional regulator EbgR,high_confidence,7.0,1.0,1.0
K,ANOL,transcriptional regulator ExuR,high_confidence,5.0,1.0,1.0
K,ANON,transcriptional regulator FeaR,high_confidence,7.0,1.0,1.0
K,ANOO,transcriptional regulator FilR1 domain-containing protein,low_count,3.0,1.0,1.0
K,ANOR,transcriptional regulator FnrL,low_count,4.0,1.0,1.0
K,ANOT,transcriptional regulator FtrA,high_confidence,15.0,1.0,1.0
K,ANOX,transcriptional regulator GcvA,high_confidence,255.0,1.0,1.0
K,ANOY,transcriptional regulator GenR,low_count,1.0,1.0,1.0
K,ANPA,transcriptional regulator GlcC,high_confidence,14.0,1.0,1.0
K,ANPD,transcriptional regulator GutM,high_confidence,25.0,0.92,1.0
K,ANPE,transcriptional regulator HexR,high_confidence,8.0,1.0,1.0
K,ANPF,transcriptional regulator HilA,low_count,4.0,1.0,1.0
K,ANPG,transcriptional regulator HilD,low_count,4.0,1.0,1.0
K,ANPH,transcriptional regulator HrpB,high_confidence,86.0,1.0,1.0
K,ANPL,transcriptional regulator LasR,low_count,1.0,1.0,1.0
K,ANPN,transcriptional regulator LdtR,low_count,3.0,1.0,1.0
K,ANPO,transcriptional regulator LeuO,high_confidence,8.0,1.0,1.0
K,ANPR,transcriptional regulator LldR,high_confidence,10.0,1.0,1.0
K,ANPT,transcriptional regulator LrhA,high_confidence,8.0,1.0,1.0
K,ANPX,transcriptional regulator LsrR,high_confidence,10.0,1.0,1.0
K,ANQA,transcriptional regulator MelR,high_confidence,11.0,1.0,0.9090909090909092
K,ANQC,transcriptional regulator MetR,low_count,1.0,1.0,1.0
K,ANQF,transcriptional regulator MntR,low_count,2.0,1.0,1.0
K,ANQG,transcriptional regulator MrkI,low_count,2.0,1.0,1.0
K,ANQH,transcriptional regulator NanR,high_confidence,140.0,1.0,1.0
K,ANQJ,transcriptional regulator NodD1,high_confidence,51.0,1.0,1.0
K,ANQK,transcriptional regulator NodD2,high_confidence,50.0,1.0,1.0
K,ANQL,transcriptional regulator NodD3,high_confidence,40.0,1.0,1.0
K,ANQO,transcriptional regulator NrdR,high_confidence,33.0,1.0,1.0
K,ANQT,transcriptional regulator PlcR,low_count,1.0,1.0,1.0
K,ANQU,transcriptional regulator PocR,low_count,3.0,1.0,1.0
K,ANQX,transcriptional regulator PtsJ,high_confidence,11.0,1.0,1.0
K,ANQY,transcriptional regulator RcsA,high_confidence,15.0,0.9333333333333332,1.0
K,ANRB,transcriptional regulator RtsB,low_count,3.0,1.0,1.0
K,ANRC,transcriptional regulator SdiA,high_confidence,13.0,1.0,1.0
K,ANRI,transcriptional regulator SlyA,high_confidence,13.0,1.0,1.0
K,ANRL,transcriptional regulator SprB,low_count,4.0,1.0,1.0
K,ANRN,transcriptional regulator SpxA,high_confidence,13.0,1.0,1.0
K,ANRQ,transcriptional regulator TctD,high_confidence,5.0,1.0,0.8
K,ANRR,transcriptional regulator TdcA,high_confidence,8.0,1.0,1.0
K,ANRU,transcriptional regulator TraR,low_count,2.0,1.0,1.0
K,ANRV,transcriptional regulator TrmB,low_count,1.0,1.0,1.0
K,ANRW,transcriptional regulator TyrR,high_confidence,10.0,1.0,1.0
K,ANRX,transcriptional regulator UhpA,high_confidence,9.0,1.0,1.0
K,ANRY,transcriptional regulator VisN,low_count,4.0,1.0,1.0
K,ANRZ,transcriptional regulator VisR,low_count,4.0,1.0,1.0
K,ANSB,transcriptional regulator YeiL,low_count,3.0,1.0,0.6666666666666666
K,ANSN,"transcriptional regulator, SarA/Rot family",low_count,2.0,1.0,1.0
K,ANSQ,"transcriptional regulator, XRE family protein",high_confidence,11.0,1.0,1.0
K,ANSR,transcriptional regulator-like protein,low_count,1.0,1.0,1.0
K,ANST,transcriptional repressor,high_confidence,34.0,0.6470588235294118,0.9545454545454546
K,ANSU,transcriptional repressor AgaR,low_count,4.0,1.0,1.0
K,ANSZ,transcriptional repressor LexA,high_confidence,71.0,1.0,1.0
K,ANTA,transcriptional repressor MprA,high_confidence,8.0,1.0,1.0
K,ANTF,transcriptional repressor TraM,high_confidence,27.0,0.7407407407407407,0.55
L,ANUH,transglycosylase SLT domain-containing protein,high_confidence,540.0,0.9648148148148148,0.9136276391554704
K,ANUL,transition state genes transcriptional regulator AbrB,low_count,1.0,1.0,1.0
J,ANUS,translation elongation factor 4,high_confidence,46.0,1.0,0.7608695652173914
J,ANUT,translation elongation factor EF-1 subunit alpha,low_count,4.0,1.0,1.0
J,ANUV,translation elongation factor Ts,high_confidence,48.0,1.0,1.0
J,ANUX,translation factor GTPase family protein,high_confidence,6.0,1.0,1.0
J,ANUY,translation initiation factor,high_confidence,5.0,1.0,1.0
J,ANVD,translation initiation factor IF-1,high_confidence,157.0,1.0,1.0
J,ANVE,translation initiation factor IF-2,high_confidence,42.0,0.9047619047619048,1.0
J,ANVF,translation initiation factor IF-2 N-terminal domain-containing protein,low_count,2.0,1.0,0.5
J,ANVG,translation initiation factor IF-2 associated domain-containing protein,low_count,2.0,1.0,1.0
J,ANVH,translation initiation factor IF-2 subunit alpha,low_count,1.0,1.0,1.0
J,ANVI,translation initiation factor IF-2 subunit beta,low_count,1.0,1.0,1.0
J,ANVJ,translation initiation factor IF-2 subunit gamma,low_count,1.0,1.0,1.0
J,ANVK,translation initiation factor IF-3,high_confidence,51.0,1.0,1.0
J,ANVL,translation initiation factor IF-5A,low_count,5.0,0.8,1.0
J,ANVM,translation initiation factor IF-6,low_count,1.0,1.0,1.0
J,ANVN,translation initiation factor Sui1,high_confidence,7.0,1.0,1.0
J,ANVO,translation initiation factor eIF-1A,high_confidence,8.0,1.0,1.0
J,ANVP,translation initiation factor eIF-2B,low_count,3.0,1.0,1.0
J,ANVR,translationally-controlled tumor protein,high_confidence,5.0,1.0,0.8
K,ANVT,translesion error-prone DNA polymerase V autoproteolytic subunit,high_confidence,106.0,1.0,0.8207547169811321
L,ANVT,translesion error-prone DNA polymerase V autoproteolytic subunit,high_confidence,106.0,1.0,0.8207547169811321
L,ANVW,translesion error-prone DNA polymerase V subunit UmuC,high_confidence,35.0,1.0,0.9714285714285714
L,ANWO,transporter,high_confidence,345.0,0.936231884057971,0.6563467492260062
K,ANWS,transporter substrate-binding domain-containing protein,high_confidence,1413.0,0.9907997169143666,0.9857142857142858
L,ANWS,transporter substrate-binding domain-containing protein,high_confidence,1413.0,0.9907997169143666,0.9857142857142858
K,ANWT,transporter substrate-binding protein,high_confidence,28.0,1.0,0.9285714285714286
J,ANWV,transposase,high_confidence,3533.0,0.9128219643362582,0.93984496124031
K,ANWV,transposase,high_confidence,3533.0,0.9128219643362582,0.93984496124031
L,ANWV,transposase,high_confidence,3533.0,0.9128219643362582,0.93984496124031
L,ANWW,transposase DNA-binding-containing protein,high_confidence,12.0,0.6666666666666666,1.0
L,ANXC,transposase domain-containing protein,high_confidence,61.0,0.819672131147541,0.78
K,ANXD,transposase family protein,high_confidence,342.0,0.8654970760233918,0.6621621621621622
L,ANXD,transposase family protein,high_confidence,342.0,0.8654970760233918,0.6621621621621622
L,ANXG,transposase-like zinc-binding domain-containing protein,low_count,1.0,1.0,1.0
K,ANXU,trehalose operon repressor,high_confidence,7.0,1.0,1.0
K,ANXV,trehalose operon repressor TreR,high_confidence,10.0,1.0,1.0
K,ANYI,tricarballylate utilization LysR family transcriptional regulator TcuR,low_count,3.0,1.0,1.0
L,ANYQ,trifunctional transcriptional activator/DNA repair protein Ada/methylated-DNA--[protein]-cysteine S-methyltransferase,low_count,1.0,1.0,1.0
K,ANYR,trifunctional transcriptional regulator/proline dehydrogenase/L-glutamate gamma-semialdehyde dehydrogenase,high_confidence,61.0,1.0,0.8852459016393442
J,AOBH,triose-phosphate isomerase family protein,low_count,4.0,1.0,0.5
K,AOBU,trp RNA-binding attenuation protein MtrB,low_count,2.0,1.0,1.0
K,AOBW,trp operon repressor,high_confidence,7.0,1.0,1.0
J,AOCG,trypsin-like peptidase domain-containing protein,high_confidence,122.0,0.9672131147540984,0.7627118644067796
K,AOCG,trypsin-like peptidase domain-containing protein,high_confidence,122.0,0.9672131147540984,0.7627118644067796
J,AODA,tryptophan--tRNA ligase,high_confidence,92.0,1.0,1.0
L,AODH,tubulin-like doman-containing protein,high_confidence,13.0,0.6153846153846154,0.5
K,AOEE,twitching motility response regulator PilG,low_count,4.0,1.0,1.0
K,AOEG,two component system response regulator,low_count,4.0,1.0,1.0
K,AOEL,two-component regulator propeller domain-containing protein,high_confidence,17.0,1.0,0.7058823529411765
K,AOEQ,two-component response regulator DpiA,low_count,4.0,1.0,1.0
K,AOFJ,two-component system response regulator,high_confidence,18.0,0.9444444444444444,0.8823529411764706
K,AOFL,two-component system response regulator ArcA,high_confidence,8.0,1.0,0.875
K,AOFM,two-component system response regulator BaeR,high_confidence,11.0,1.0,1.0
K,AOFN,two-component system response regulator BasR,low_count,4.0,1.0,1.0
K,AOFO,two-component system response regulator BtsR,high_confidence,32.0,1.0,0.59375
K,AOFR,two-component system response regulator CreB,high_confidence,12.0,1.0,0.5833333333333334
K,AOFU,two-component system response regulator DcuR,high_confidence,13.0,1.0,1.0
K,AOFY,two-component system response regulator GlrR,ambiguous,7.0,1.0,0.4285714285714285
K,AOGA,two-component system response regulator KdpE,high_confidence,14.0,1.0,1.0
K,AOGB,two-component system response regulator LetA,low_count,1.0,1.0,1.0
K,AOGG,two-component system response regulator MctR,low_count,1.0,1.0,1.0
K,AOGH,two-component system response regulator MisR,low_count,2.0,1.0,1.0
K,AOGJ,two-component system response regulator NarL,high_confidence,33.0,1.0,1.0
K,AOGM,two-component system response regulator OmpR,high_confidence,13.0,1.0,0.9230769230769232
K,AOGO,two-component system response regulator PhoP,high_confidence,14.0,1.0,0.8571428571428571
K,AOGP,two-component system response regulator PmrA,high_confidence,7.0,1.0,0.5714285714285714
K,AOGU,two-component system response regulator RssB,high_confidence,28.0,1.0,0.7142857142857143
K,AOGV,two-component system response regulator RstA,high_confidence,9.0,1.0,0.8888888888888888
K,AOGW,two-component system response regulator SapR,low_count,1.0,1.0,1.0
K,AOGZ,two-component system response regulator TorR,high_confidence,9.0,1.0,0.8888888888888888
K,AOHB,two-component system response regulator VraR,low_count,1.0,1.0,1.0
K,AOHJ,two-component system response regulator YpdB,low_count,2.0,1.0,1.0
K,AOKD,type 1 fimbria switch DNA invertase FimB,high_confidence,5.0,1.0,1.0
K,AOKE,type 1 fimbria switch DNA invertase FimE,high_confidence,5.0,1.0,1.0
J,AOMY,type B 50S ribosomal protein L31,high_confidence,48.0,1.0,1.0
J,AOMZ,type B 50S ribosomal protein L36,high_confidence,30.0,1.0,1.0
L,AONA,type B DNA-directed DNA polymerase,high_confidence,22.0,1.0,1.0
L,AONI,type I CRISPR-associated protein Cas7,high_confidence,12.0,1.0,1.0
L,AONJ,type I DNA topoisomerase,high_confidence,64.0,1.0,0.953125
J,AONT,type I methionyl aminopeptidase,high_confidence,175.0,1.0,0.7714285714285715
K,AONW,type I phosphomannose isomerase catalytic subunit,high_confidence,12.0,1.0,1.0
L,AONZ,type I restriction endonuclease,ambiguous,16.0,0.9375,0.4666666666666667
L,AOOB,type I restriction endonuclease subunit R,high_confidence,157.0,1.0,0.6178343949044586
L,AOOC,"type I restriction endonuclease subunit R, EcoR124 family",low_count,4.0,1.0,0.75
L,AOOF,type I restriction enzyme HsdR N-terminal domain-containing protein,high_confidence,11.0,0.7272727272727273,0.875
L,AOOH,type I restriction enzyme subunit R domain-containing protein,low_count,2.0,1.0,1.0
L,AOOK,type I restriction-modification system endonuclease,high_confidence,5.0,1.0,1.0
J,AOOL,type I restriction-modification system methyltransferase,low_count,1.0,1.0,1.0
L,AOON,type I restriction-modification system subunit M,high_confidence,415.0,1.0,0.9734939759036144
L,AOPX,type I-B CRISPR-associated endonuclease Cas1b,high_confidence,5.0,1.0,1.0
L,AOQD,type I-C CRISPR-associated endonuclease Cas1c,high_confidence,5.0,1.0,1.0
L,AOQF,type I-C CRISPR-associated protein Cas7/Csd2,high_confidence,10.0,1.0,1.0
L,AOQH,type I-D CRISPR-associated endonuclease Cas1d,high_confidence,5.0,1.0,1.0
L,AOQI,type I-D CRISPR-associated helicase Cas3',high_confidence,7.0,1.0,1.0
K,AOQL,type I-D CRISPR-associated protein Cas7/Csc2,high_confidence,6.0,1.0,0.5
L,AOQN,type I-E CRISPR-associated endonuclease Cas1e,high_confidence,32.0,1.0,1.0
L,AOQO,type I-E CRISPR-associated endoribonuclease Cas2,low_count,3.0,0.3333333333333333,1.0
L,AOQP,type I-E CRISPR-associated endoribonuclease Cas2e,high_confidence,45.0,0.9777777777777776,0.8181818181818182
L,AOQS,type I-E CRISPR-associated protein Cas7/Cse4/CasC,high_confidence,66.0,0.9696969696969696,1.0
L,AOQT,type I-E CRISPR-associated protein Cse1/CasA,high_confidence,65.0,0.8615384615384616,0.6607142857142857
L,AOQV,type I-F CRISPR-associated endonuclease Cas1f,high_confidence,10.0,1.0,1.0
L,AOQW,type I-F CRISPR-associated endoribonuclease Cas6/Csy4,high_confidence,20.0,0.4,0.75
L,AOQX,type I-F CRISPR-associated helicase Cas3f,high_confidence,8.0,1.0,1.0
L,AORP,type I-U CRISPR-associated helicase/endonuclease Cas3,low_count,2.0,1.0,1.0
L,AORT,type IA DNA topoisomerase,high_confidence,73.0,0.9863013698630136,1.0
L,AORX,type II CRISPR RNA-guided endonuclease Cas9,high_confidence,14.0,1.0,1.0
L,AORY,type II CRISPR-associated endonuclease Cas1,high_confidence,9.0,1.0,1.0
K,AOSB,type II TA system antitoxin MqsA family protein,high_confidence,6.0,0.8333333333333334,1.0
J,AOSI,type II asparaginase,high_confidence,22.0,1.0,1.0
L,AOSM,type II restriction endonuclease,high_confidence,18.0,0.9444444444444444,0.5294117647058824
L,AOUB,type II site-specific deoxyribonuclease,high_confidence,29.0,1.0,1.0
K,AOUI,type II toxin-antitoxin system HicB family antitoxin,high_confidence,148.0,0.9662162162162162,0.8391608391608392
K,AOUJ,type II toxin-antitoxin system HigA family antitoxin,high_confidence,57.0,1.0,1.0
K,AOUM,type II toxin-antitoxin system HipA family toxin YjjJ,high_confidence,25.0,1.0,0.96
K,AOUN,type II toxin-antitoxin system MqsA family antitoxin,high_confidence,25.0,0.8,1.0
K,AOUO,type II toxin-antitoxin system MqsR family toxin,high_confidence,35.0,0.6285714285714286,0.8636363636363636
K,AOUP,type II toxin-antitoxin system ParD family antitoxin,high_confidence,458.0,0.9694323144104804,0.9977477477477478
K,AOUR,type II toxin-antitoxin system PemK/MazF family toxin,high_confidence,292.0,0.726027397260274,0.6981132075471698
L,AOUR,type II toxin-antitoxin system PemK/MazF family toxin,high_confidence,292.0,0.726027397260274,0.6981132075471698
K,AOUS,type II toxin-antitoxin system Phd/YefM family antitoxin,high_confidence,1143.0,0.9588801399825022,0.936131386861314
L,AOUS,type II toxin-antitoxin system Phd/YefM family antitoxin,high_confidence,1143.0,0.9588801399825022,0.936131386861314
K,AOUT,type II toxin-antitoxin system PrlF family antitoxin,high_confidence,43.0,0.9767441860465116,1.0
K,AOUY,type II toxin-antitoxin system RelB/DinJ family antitoxin,high_confidence,180.0,0.9055555555555556,0.9447852760736196
L,AOUY,type II toxin-antitoxin system RelB/DinJ family antitoxin,high_confidence,180.0,0.9055555555555556,0.9447852760736196
J,AOUZ,type II toxin-antitoxin system RelE family toxin,high_confidence,65.0,0.8,0.8653846153846154
K,AOUZ,type II toxin-antitoxin system RelE family toxin,high_confidence,65.0,0.8,0.8653846153846154
J,AOVA,type II toxin-antitoxin system RelE/ParE family toxin,high_confidence,1386.0,0.948051948051948,0.8082191780821918
K,AOVA,type II toxin-antitoxin system RelE/ParE family toxin,high_confidence,1386.0,0.948051948051948,0.8082191780821918
L,AOVA,type II toxin-antitoxin system RelE/ParE family toxin,high_confidence,1386.0,0.948051948051948,0.8082191780821918
K,AOVG,type II toxin-antitoxin system VapB family antitoxin,high_confidence,434.0,0.8617511520737328,0.7727272727272727
L,AOVG,type II toxin-antitoxin system VapB family antitoxin,high_confidence,434.0,0.8617511520737328,0.7727272727272727
K,AOVH,type II toxin-antitoxin system VapC family toxin,high_confidence,1053.0,0.9810066476733144,0.9583736689254598
L,AOVH,type II toxin-antitoxin system VapC family toxin,high_confidence,1053.0,0.9810066476733144,0.9583736689254598
K,AOVJ,type II toxin-antitoxin system Y4mF family antitoxin,high_confidence,5.0,1.0,1.0
K,AOVM,type II toxin-antitoxin system YhaV family toxin,high_confidence,25.0,1.0,0.64
L,AOVM,type II toxin-antitoxin system YhaV family toxin,high_confidence,25.0,1.0,0.64
K,AOVO,type II toxin-antitoxin system antitoxin CcdA,high_confidence,56.0,1.0,0.7321428571428571
K,AOVP,type II toxin-antitoxin system antitoxin ChpS,low_count,3.0,1.0,1.0
K,AOVR,type II toxin-antitoxin system antitoxin DinJ,high_confidence,10.0,1.0,1.0
K,AOVU,type II toxin-antitoxin system antitoxin HicB,low_count,2.0,1.0,1.0
K,AOVV,type II toxin-antitoxin system antitoxin HigA,low_count,1.0,1.0,1.0
K,AOVW,type II toxin-antitoxin system antitoxin HipB,high_confidence,6.0,1.0,1.0
K,AOWA,type II toxin-antitoxin system antitoxin MqsA,low_count,1.0,1.0,1.0
K,AOWD,type II toxin-antitoxin system antitoxin PrlF,low_count,1.0,1.0,1.0
L,AOWE,type II toxin-antitoxin system antitoxin RelB,high_confidence,23.0,1.0,1.0
K,AOWG,type II toxin-antitoxin system antitoxin SocA domain-containing protein,high_confidence,67.0,0.9253731343283582,0.967741935483871
K,AOWI,type II toxin-antitoxin system antitoxin YacA,high_confidence,25.0,1.0,1.0
L,AOWM,type II toxin-antitoxin system endoribonuclease NdoA,low_count,3.0,1.0,1.0
J,AOWO,type II toxin-antitoxin system mRNA interferase RelE,high_confidence,23.0,1.0,1.0
J,AOWP,type II toxin-antitoxin system mRNA interferase toxin HicA,low_count,2.0,1.0,1.0
K,AOWU,type II toxin-antitoxin system prevent-host-death family antitoxin,high_confidence,113.0,0.911504424778761,0.7864077669902912
K,AOWW,type II toxin-antitoxin system ribonuclease toxin YhaV,low_count,1.0,1.0,1.0
K,AOWZ,type II toxin-antitoxin system toxin CcdB,high_confidence,56.0,1.0,0.8035714285714286
J,AOXC,type II toxin-antitoxin system toxin HigB,low_count,1.0,1.0,1.0
K,AOXD,type II toxin-antitoxin system toxin KacT,low_count,2.0,1.0,1.0
K,AOXE,type II toxin-antitoxin system toxin MqsR,low_count,1.0,1.0,1.0
L,AOXU,type IIA DNA topoisomerase subunit B,high_confidence,6.0,1.0,1.0
L,AOXX,type III CRISPR-associated RAMP protein Csx7,low_count,1.0,1.0,1.0
L,AOYI,type III effector protein,high_confidence,587.0,0.2061328790459966,0.975206611570248
K,AOYP,type III pantothenate kinase,high_confidence,18.0,1.0,0.6111111111111112
L,AOYS,type III restriction endonuclease subunit M,low_count,2.0,1.0,1.0
L,AOYV,type III restriction-modification system endonuclease,high_confidence,77.0,1.0,0.948051948051948
K,APGJ,type III secretion system transcriptional activator InvF,low_count,4.0,1.0,1.0
L,APGY,type III toxin-antitoxin system ToxN/AbiQ family toxin,high_confidence,14.0,0.8571428571428571,0.8333333333333334
L,APHA,type III-A CRISPR-associated RAMP protein Csm3,low_count,1.0,1.0,1.0
L,APHB,type III-A CRISPR-associated RAMP protein Csm4,low_count,1.0,1.0,1.0
L,APHC,type III-A CRISPR-associated RAMP protein Csm5,low_count,1.0,1.0,1.0
L,APHE,type III-A CRISPR-associated protein Csm2,low_count,1.0,1.0,1.0
L,APHG,type III-B CRISPR module RAMP protein Cmr1,low_count,4.0,1.0,1.0
L,APHH,type III-B CRISPR module RAMP protein Cmr4,high_confidence,8.0,1.0,1.0
L,APHI,type III-B CRISPR module RAMP protein Cmr6,high_confidence,7.0,1.0,1.0
L,APHJ,type III-B CRISPR module-associated Cmr3 family protein,low_count,5.0,0.8,1.0
L,APHK,type III-B CRISPR module-associated protein Cmr3,low_count,3.0,1.0,1.0
L,APHL,type III-B CRISPR module-associated protein Cmr5,high_confidence,6.0,0.8333333333333334,1.0
L,APHP,type ISP restriction/modification enzyme,high_confidence,19.0,1.0,0.7368421052631579
K,APHQ,type IV CRISPR-associated DEAD/DEAH-box helicase Csf4,low_count,1.0,1.0,1.0
L,APHQ,type IV CRISPR-associated DEAD/DEAH-box helicase Csf4,low_count,1.0,1.0,1.0
L,APJP,type IV secretion system DNA-binding domain-containing protein,high_confidence,140.0,0.9642857142857144,0.9185185185185184
L,APKN,type IV secretion system protein VirD4,low_count,1.0,1.0,1.0
L,APKV,type IV secretory system conjugative DNA transfer family protein,high_confidence,347.0,0.8962536023054755,0.7363344051446945
K,APKW,type IV toxin-antitoxin system AbiEi family antitoxin,high_confidence,127.0,1.0,0.7559055118110236
K,APKX,type IV toxin-antitoxin system AbiEi family antitoxin domain-containing protein,high_confidence,175.0,0.9657142857142856,1.0
J,APMC,type V CRISPR-associated protein Cas12b,low_count,1.0,1.0,1.0
L,APMP,type VI secretion protein ImpB,low_count,3.0,1.0,1.0
J,APPF,type Z 30S ribosomal protein S14,high_confidence,24.0,1.0,1.0
L,APQO,tyrosine recombinase,high_confidence,17.0,1.0,1.0
L,APQP,tyrosine recombinase XerC,high_confidence,47.0,1.0,0.5957446808510638
L,APQQ,tyrosine recombinase XerS,high_confidence,133.0,1.0,1.0
J,APQT,tyrosine--tRNA ligase,high_confidence,70.0,1.0,1.0
K,APRB,tyrosine-type DNA invertase,low_count,4.0,1.0,0.5
L,APRB,tyrosine-type DNA invertase,low_count,4.0,1.0,0.5
J,APRD,tyrosine-type recombinase/integrase,high_confidence,3281.0,0.9829320329167937,0.9621705426356588
L,APRD,tyrosine-type recombinase/integrase,high_confidence,3281.0,0.9829320329167937,0.9621705426356588
J,APRJ,uL15m family ribosomal protein,low_count,2.0,1.0,1.0
J,APRL,uS10/mL48 family ribosomal protein,low_count,2.0,1.0,1.0
K,APSR,ubiquitin-like domain-containing protein,low_count,2.0,1.0,0.5
L,APTN,universal stress protein,high_confidence,1610.0,0.9832298136645964,0.9943145925457992
L,APUA,uracil-DNA glycosylase,high_confidence,129.0,0.9844961240310076,1.0
L,APUB,uracil-DNA glycosylase family protein,high_confidence,192.0,0.9479166666666666,0.9725274725274724
J,APUY,urease accessory protein UreD,high_confidence,55.0,1.0,0.9272727272727272
J,APVA,urease accessory protein UreF,high_confidence,49.0,0.979591836734694,0.9791666666666666
K,APVB,urease accessory protein UreG,high_confidence,56.0,1.0,0.8571428571428571
J,APVN,uridine kinase family protein,high_confidence,5.0,1.0,1.0
K,APVY,uroporphyrinogen-III synthase,high_confidence,61.0,0.9836065573770492,1.0
K,APWA,VWA domain-containing protein,high_confidence,673.0,0.9658246656760772,0.6738461538461539
J,APWD,valine--tRNA ligase,high_confidence,42.0,1.0,1.0
K,APWN,vancomycin resistance response regulator transcription factor VanR-C,low_count,1.0,1.0,1.0
L,APXA,very short patch repair endonuclease,high_confidence,48.0,1.0,1.0
L,APXP,viroplasmin family protein,high_confidence,10.0,1.0,1.0
L,APXQ,virulence RhuM family protein,high_confidence,5.0,1.0,0.8
K,APXW,virulence factor BrkB family protein,high_confidence,12.0,1.0,0.9166666666666666
K,AQAI,wax ester/triacylglycerol synthase domain-containing protein,high_confidence,12.0,1.0,0.6666666666666666
J,AQAK,winged helix DNA-binding domain-containing protein,high_confidence,20.0,1.0,0.85
K,AQAL,winged helix DNA-binding protein,high_confidence,52.0,0.903846153846154,1.0
K,AQAN,winged helix family transcriptional regulator,low_count,2.0,1.0,1.0
J,AQAO,winged helix-turn-helix domain-containing protein,high_confidence,821.0,0.902557856272838,0.573549257759784
K,AQAO,winged helix-turn-helix domain-containing protein,high_confidence,821.0,0.902557856272838,0.573549257759784
L,AQAO,winged helix-turn-helix domain-containing protein,high_confidence,821.0,0.902557856272838,0.573549257759784
K,AQAQ,winged helix-turn-helix domain-containing tetratricopeptide repeat protein,high_confidence,83.0,1.0,0.8313253012048193
K,AQAR,winged helix-turn-helix transcriptional regulator,high_confidence,697.0,0.9727403156384504,0.9734513274336284
K,AQAS,winged-helix domain-containing protein,high_confidence,23.0,0.9130434782608696,1.0
K,AQCL,YbaK/EbsC family protein,high_confidence,74.0,0.9864864864864864,0.9315068493150684
K,AQCU,yersiniabactin transcriptional regulator YbtA,high_confidence,6.0,1.0,1.0
K,AQDC,zf-HC2 domain-containing protein,high_confidence,45.0,0.7111111111111111,0.65625
J,AQDV,zinc finger domain-containing protein,low_count,7.0,0.1428571428571428,1.0
K,AQEO,zinc ribbon domain-containing protein,ambiguous,258.0,0.5503875968992248,0.4154929577464789
L,AQEO,zinc ribbon domain-containing protein,ambiguous,258.0,0.5503875968992248,0.4154929577464789
J,AQEQ,zinc ribbon-containing protein,high_confidence,16.0,0.75,0.5833333333333334
K,AQFR,zinc-ribbon domain containing protein,low_count,2.0,0.5,1.0
K,AQFS,zinc-ribbon domain-containing protein,ambiguous,82.0,0.7195121951219512,0.4576271186440678
L,AQFS,zinc-ribbon domain-containing protein,ambiguous,82.0,0.7195121951219512,0.4576271186440678
L,AQFW,zincin-like metallopeptidase domain-containing protein,high_confidence,71.0,0.971830985915493,1.0
