run,seed,model,candidate_id,params,inner_train_n,validation_n,validation_AUPRC,validation_F1_threshold
1,42,LightGBM,1,"{""colsample_bytree"": 0.8587031202188391, ""learning_rate"": 0.013557053217994218, ""max_depth"": 8, ""min_child_samples"": 5, ""n_estimators"": 1200, ""num_leaves"": 95, ""reg_alpha"": 0.12083983614844367, ""reg_lambda"": 0.0242555907512275, ""subsample"": 0.9257965732155543, ""subsample_freq"": 1}",39654,9914,0.8874107998447527,0.7233651648612023
1,42,LightGBM,2,"{""colsample_bytree"": 0.7152492390733483, ""learning_rate"": 0.05897138256396916, ""max_depth"": 8, ""min_child_samples"": 10, ""n_estimators"": 900, ""num_leaves"": 127, ""reg_alpha"": 0.00017694028778571163, ""reg_lambda"": 0.2748167516254401, ""subsample"": 0.8077726025530703, ""subsample_freq"": 1}",39654,9914,0.912936338412648,0.5405923141533069
1,42,LightGBM,3,"{""colsample_bytree"": 0.942699630223226, ""learning_rate"": 0.05894096195820977, ""max_depth"": 12, ""min_child_samples"": 5, ""n_estimators"": 600, ""num_leaves"": 63, ""reg_alpha"": 0.0005190079403868432, ""reg_lambda"": 0.40495807720110055, ""subsample"": 0.906598561742577, ""subsample_freq"": 1}",39654,9914,0.909332382511205,0.5703193557384816
1,42,LightGBM,4,"{""colsample_bytree"": 0.817784266366901, ""learning_rate"": 0.02691657255969584, ""max_depth"": -1, ""min_child_samples"": 40, ""n_estimators"": 600, ""num_leaves"": 63, ""reg_alpha"": 0.00015582867465117035, ""reg_lambda"": 0.0005016868394283135, ""subsample"": 0.768505529169566, ""subsample_freq"": 1}",39654,9914,0.9118720587328298,0.6259774290941725
1,42,LightGBM,5,"{""colsample_bytree"": 0.737503306842594, ""learning_rate"": 0.011013026930108243, ""max_depth"": -1, ""min_child_samples"": 40, ""n_estimators"": 600, ""num_leaves"": 63, ""reg_alpha"": 0.00016552536852552314, ""reg_lambda"": 0.909247178914323, ""subsample"": 0.9822258863240301, ""subsample_freq"": 1}",39654,9914,0.8903879781683564,0.782474475482888
1,42,LightGBM,6,"{""colsample_bytree"": 0.8797176681533634, ""learning_rate"": 0.0371274744312131, ""max_depth"": 8, ""min_child_samples"": 40, ""n_estimators"": 600, ""num_leaves"": 127, ""reg_alpha"": 0.00847337902968388, ""reg_lambda"": 2.3108455132318637, ""subsample"": 0.7645360812888589, ""subsample_freq"": 1}",39654,9914,0.8823325864910502,0.8050960345209116
1,42,LightGBM,7,"{""colsample_bytree"": 0.7035789961193195, ""learning_rate"": 0.026767218530045798, ""max_depth"": 12, ""min_child_samples"": 10, ""n_estimators"": 600, ""num_leaves"": 63, ""reg_alpha"": 0.02472521677235601, ""reg_lambda"": 0.0012342185818885677, ""subsample"": 0.860862831248194, ""subsample_freq"": 1}",39654,9914,0.9032049776725128,0.6720657776847923
1,42,LightGBM,8,"{""colsample_bytree"": 0.7083701305665604, ""learning_rate"": 0.012753636764107788, ""max_depth"": 8, ""min_child_samples"": 10, ""n_estimators"": 600, ""num_leaves"": 127, ""reg_alpha"": 0.005451936838023535, ""reg_lambda"": 0.0003378763100199848, ""subsample"": 0.7581401060678489, ""subsample_freq"": 1}",39654,9914,0.8669941768189181,0.7315196859958208
1,42,LightGBM,9,"{""colsample_bytree"": 0.8577099457480797, ""learning_rate"": 0.020451809082665074, ""max_depth"": 12, ""min_child_samples"": 5, ""n_estimators"": 300, ""num_leaves"": 127, ""reg_alpha"": 0.0004124111416532448, ""reg_lambda"": 0.5451165755348144, ""subsample"": 0.7411043468517022, ""subsample_freq"": 1}",39654,9914,0.8767951689279639,0.6576571862859574
1,42,LightGBM,10,"{""colsample_bytree"": 0.8822618739101813, ""learning_rate"": 0.06023980362380333, ""max_depth"": 12, ""min_child_samples"": 10, ""n_estimators"": 900, ""num_leaves"": 127, ""reg_alpha"": 0.016998246969049453, ""reg_lambda"": 3.456529441285272, ""subsample"": 0.9385441888296261, ""subsample_freq"": 1}",39654,9914,0.9122228701231896,0.5954269193830397
1,42,LightGBM,11,"{""colsample_bytree"": 0.6114069353808234, ""learning_rate"": 0.013533445386540275, ""max_depth"": 12, ""min_child_samples"": 40, ""n_estimators"": 300, ""num_leaves"": 127, ""reg_alpha"": 0.0022065426871413934, ""reg_lambda"": 0.0012690692563687195, ""subsample"": 0.8486695804457831, ""subsample_freq"": 1}",39654,9914,0.8628740320263346,0.7341156307159352
1,42,LightGBM,12,"{""colsample_bytree"": 0.7992304553048805, ""learning_rate"": 0.01591823939571412, ""max_depth"": 12, ""min_child_samples"": 5, ""n_estimators"": 1200, ""num_leaves"": 63, ""reg_alpha"": 0.0003476151887686126, ""reg_lambda"": 0.006358683930917444, ""subsample"": 0.9489707348295398, ""subsample_freq"": 1}",39654,9914,0.9053262375897682,0.628151964635421
1,42,LightGBM,13,"{""colsample_bytree"": 0.8371472565202405, ""learning_rate"": 0.03286781218639969, ""max_depth"": 12, ""min_child_samples"": 5, ""n_estimators"": 900, ""num_leaves"": 63, ""reg_alpha"": 0.8283112291379608, ""reg_lambda"": 0.031063355637000464, ""subsample"": 0.9365869726570042, ""subsample_freq"": 1}",39654,9914,0.9103435331916812,0.5930619404413059
1,42,LightGBM,14,"{""colsample_bytree"": 0.9460287261525017, ""learning_rate"": 0.025148533637215434, ""max_depth"": 8, ""min_child_samples"": 10, ""n_estimators"": 900, ""num_leaves"": 95, ""reg_alpha"": 0.03400617805430383, ""reg_lambda"": 0.05410505595935573, ""subsample"": 0.8845484391024464, ""subsample_freq"": 1}",39654,9914,0.8953738955265256,0.6660372377188903
1,42,LightGBM,15,"{""colsample_bytree"": 0.9327183581479849, ""learning_rate"": 0.04943800187511826, ""max_depth"": 12, ""min_child_samples"": 40, ""n_estimators"": 1200, ""num_leaves"": 95, ""reg_alpha"": 0.0020873913095414477, ""reg_lambda"": 1.2074921643291434, ""subsample"": 0.9858333777013784, ""subsample_freq"": 1}",39654,9914,0.906831372365304,0.5284908249533018
1,42,LightGBM,16,"{""colsample_bytree"": 0.688514450402168, ""learning_rate"": 0.08774133589816337, ""max_depth"": 12, ""min_child_samples"": 20, ""n_estimators"": 600, ""num_leaves"": 31, ""reg_alpha"": 0.016177678482361103, ""reg_lambda"": 0.0004083465217014216, ""subsample"": 0.7826117529551425, ""subsample_freq"": 1}",39654,9914,0.9131473085678444,0.5318473326113586
1,42,LightGBM,17,"{""colsample_bytree"": 0.8265575731132729, ""learning_rate"": 0.02665737272808211, ""max_depth"": 16, ""min_child_samples"": 40, ""n_estimators"": 600, ""num_leaves"": 31, ""reg_alpha"": 0.21952644950547556, ""reg_lambda"": 0.7310144596665573, ""subsample"": 0.9585686041501768, ""subsample_freq"": 1}",39654,9914,0.8890240228191068,0.7435976256992088
1,42,LightGBM,18,"{""colsample_bytree"": 0.7180453705082909, ""learning_rate"": 0.08861685127236273, ""max_depth"": 16, ""min_child_samples"": 20, ""n_estimators"": 900, ""num_leaves"": 31, ""reg_alpha"": 0.01185929661414399, ""reg_lambda"": 0.14695700010867688, ""subsample"": 0.9442953573119227, ""subsample_freq"": 1}",39654,9914,0.9118919828913395,0.5922824209409328
1,42,LightGBM,19,"{""colsample_bytree"": 0.6449555736682886, ""learning_rate"": 0.05591581298080373, ""max_depth"": 16, ""min_child_samples"": 10, ""n_estimators"": 900, ""num_leaves"": 31, ""reg_alpha"": 0.0005980671066344246, ""reg_lambda"": 4.245007303114836, ""subsample"": 0.7015185372116542, ""subsample_freq"": 1}",39654,9914,0.9090117712680822,0.6665230169683524
1,42,LightGBM,20,"{""colsample_bytree"": 0.7831471931010854, ""learning_rate"": 0.0989520318640336, ""max_depth"": 16, ""min_child_samples"": 80, ""n_estimators"": 300, ""num_leaves"": 95, ""reg_alpha"": 0.07664658027598717, ""reg_lambda"": 0.0002827505935064655, ""subsample"": 0.7797491674206347, ""subsample_freq"": 1}",39654,9914,0.8954592670262481,0.5555616172620484
1,42,LightGBM,21,"{""colsample_bytree"": 0.8142912643545555, ""learning_rate"": 0.07096204447467079, ""max_depth"": 8, ""min_child_samples"": 10, ""n_estimators"": 600, ""num_leaves"": 95, ""reg_alpha"": 0.5152723911086199, ""reg_lambda"": 0.008316162185708898, ""subsample"": 0.7594342684006561, ""subsample_freq"": 1}",39654,9914,0.9060338394156752,0.6365262998031198
1,42,LightGBM,22,"{""colsample_bytree"": 0.6140676145518456, ""learning_rate"": 0.04701372154809941, ""max_depth"": 16, ""min_child_samples"": 80, ""n_estimators"": 600, ""num_leaves"": 127, ""reg_alpha"": 0.005434372068587421, ""reg_lambda"": 0.00012930359814973376, ""subsample"": 0.9127524151277336, ""subsample_freq"": 1}",39654,9914,0.9009961659834644,0.6903454350468411
1,42,LightGBM,23,"{""colsample_bytree"": 0.8134272644018461, ""learning_rate"": 0.010675880620565351, ""max_depth"": 16, ""min_child_samples"": 5, ""n_estimators"": 600, ""num_leaves"": 31, ""reg_alpha"": 0.014011111564286822, ""reg_lambda"": 7.587325162504404, ""subsample"": 0.8831474141340199, ""subsample_freq"": 1}",39654,9914,0.8621473273485144,0.7650638004886128
1,42,LightGBM,24,"{""colsample_bytree"": 0.6802756192028062, ""learning_rate"": 0.030259149453747244, ""max_depth"": -1, ""min_child_samples"": 20, ""n_estimators"": 1200, ""num_leaves"": 127, ""reg_alpha"": 0.0015530761558520565, ""reg_lambda"": 0.03574765518801957, ""subsample"": 0.9009696915050771, ""subsample_freq"": 1}",39654,9914,0.9110739696840666,0.676188375114758
1,42,LightGBM,25,"{""colsample_bytree"": 0.7966532873489343, ""learning_rate"": 0.031995950277053355, ""max_depth"": 8, ""min_child_samples"": 5, ""n_estimators"": 300, ""num_leaves"": 95, ""reg_alpha"": 0.00017140208257624166, ""reg_lambda"": 0.00045025970116821583, ""subsample"": 0.9530594518884395, ""subsample_freq"": 1}",39654,9914,0.8712649897593173,0.7077837027839717
1,42,LightGBM,26,"{""colsample_bytree"": 0.6944815964464213, ""learning_rate"": 0.06542542850126797, ""max_depth"": -1, ""min_child_samples"": 40, ""n_estimators"": 600, ""num_leaves"": 95, ""reg_alpha"": 0.0493577016816935, ""reg_lambda"": 0.04473154312700379, ""subsample"": 0.7812451040938106, ""subsample_freq"": 1}",39654,9914,0.9106635455929718,0.4413351235789278
1,42,LightGBM,27,"{""colsample_bytree"": 0.6411752063015078, ""learning_rate"": 0.0987898021986643, ""max_depth"": 8, ""min_child_samples"": 20, ""n_estimators"": 300, ""num_leaves"": 95, ""reg_alpha"": 0.0005748398139786312, ""reg_lambda"": 2.164841371468366, ""subsample"": 0.9633611218823247, ""subsample_freq"": 1}",39654,9914,0.8911217809035931,0.7507302076241609
1,42,LightGBM,28,"{""colsample_bytree"": 0.934512188543299, ""learning_rate"": 0.025461138002558757, ""max_depth"": 16, ""min_child_samples"": 5, ""n_estimators"": 600, ""num_leaves"": 95, ""reg_alpha"": 0.00017139099406545384, ""reg_lambda"": 0.03340834082527189, ""subsample"": 0.8136152491248858, ""subsample_freq"": 1}",39654,9914,0.908418243716817,0.5631945781376951
1,42,LightGBM,29,"{""colsample_bytree"": 0.6162553771950553, ""learning_rate"": 0.016936159238825285, ""max_depth"": -1, ""min_child_samples"": 10, ""n_estimators"": 300, ""num_leaves"": 127, ""reg_alpha"": 0.003616047294811292, ""reg_lambda"": 9.640386758985267, ""subsample"": 0.7163787175444908, ""subsample_freq"": 1}",39654,9914,0.878195609437618,0.7672914306784224
1,42,LightGBM,30,"{""colsample_bytree"": 0.8823625205804679, ""learning_rate"": 0.01824641508676062, ""max_depth"": 16, ""min_child_samples"": 20, ""n_estimators"": 900, ""num_leaves"": 63, ""reg_alpha"": 0.00023105792126170495, ""reg_lambda"": 0.4779079163913828, ""subsample"": 0.7262082426239861, ""subsample_freq"": 1}",39654,9914,0.9060224776480648,0.6396987611067788
1,42,LightGBM,31,"{""colsample_bytree"": 0.8503899548756639, ""learning_rate"": 0.06524041424397427, ""max_depth"": 8, ""min_child_samples"": 40, ""n_estimators"": 1200, ""num_leaves"": 63, ""reg_alpha"": 0.06327610452669694, ""reg_lambda"": 0.0012689226329760251, ""subsample"": 0.8098383152568298, ""subsample_freq"": 1}",39654,9914,0.9080902272574556,0.7675087787504196
1,42,LightGBM,32,"{""colsample_bytree"": 0.9437749680738845, ""learning_rate"": 0.04812658387020237, ""max_depth"": 16, ""min_child_samples"": 5, ""n_estimators"": 1200, ""num_leaves"": 31, ""reg_alpha"": 0.05945203172631447, ""reg_lambda"": 0.06851252437607673, ""subsample"": 0.8973813346377468, ""subsample_freq"": 1}",39654,9914,0.9188442889287144,0.7228737900136813
1,42,LightGBM,33,"{""colsample_bytree"": 0.7316455820197424, ""learning_rate"": 0.03004288242635886, ""max_depth"": 12, ""min_child_samples"": 40, ""n_estimators"": 900, ""num_leaves"": 127, ""reg_alpha"": 0.011221309629001105, ""reg_lambda"": 1.525295781194225, ""subsample"": 0.7701399205335218, ""subsample_freq"": 1}",39654,9914,0.9022577527010336,0.6792694024150361
1,42,LightGBM,34,"{""colsample_bytree"": 0.8543548437616945, ""learning_rate"": 0.061250804453087546, ""max_depth"": 8, ""min_child_samples"": 40, ""n_estimators"": 600, ""num_leaves"": 31, ""reg_alpha"": 0.001609097729198055, ""reg_lambda"": 0.0002050034670840132, ""subsample"": 0.9825603878680664, ""subsample_freq"": 1}",39654,9914,0.888761773460721,0.8160013104349494
1,42,LightGBM,35,"{""colsample_bytree"": 0.8757894134383537, ""learning_rate"": 0.010271039174028355, ""max_depth"": -1, ""min_child_samples"": 80, ""n_estimators"": 900, ""num_leaves"": 127, ""reg_alpha"": 0.003988982240059773, ""reg_lambda"": 0.0004663580794263461, ""subsample"": 0.8133426766431481, ""subsample_freq"": 1}",39654,9914,0.9072925091074844,0.5782747017510903
1,42,LightGBM,36,"{""colsample_bytree"": 0.6539851194774925, ""learning_rate"": 0.010648709358781488, ""max_depth"": 12, ""min_child_samples"": 20, ""n_estimators"": 900, ""num_leaves"": 63, ""reg_alpha"": 0.0007428302952087258, ""reg_lambda"": 5.527545489661012, ""subsample"": 0.7871612373501409, ""subsample_freq"": 1}",39654,9914,0.874346866889277,0.7153820985133171
1,42,LightGBM,37,"{""colsample_bytree"": 0.7938332211027128, ""learning_rate"": 0.03160820917240674, ""max_depth"": 12, ""min_child_samples"": 20, ""n_estimators"": 300, ""num_leaves"": 31, ""reg_alpha"": 0.7381456833769175, ""reg_lambda"": 0.00018864660619378806, ""subsample"": 0.8766810422674862, ""subsample_freq"": 1}",39654,9914,0.8726613999127787,0.7457082626943801
1,42,LightGBM,38,"{""colsample_bytree"": 0.8738976039910691, ""learning_rate"": 0.01942940124877285, ""max_depth"": 16, ""min_child_samples"": 40, ""n_estimators"": 1200, ""num_leaves"": 95, ""reg_alpha"": 0.0016162800099599284, ""reg_lambda"": 0.12585308191119732, ""subsample"": 0.8228946291358213, ""subsample_freq"": 1}",39654,9914,0.9087732963960254,0.5858887483649693
1,42,LightGBM,39,"{""colsample_bytree"": 0.6805700302202953, ""learning_rate"": 0.01539421253784504, ""max_depth"": 12, ""min_child_samples"": 80, ""n_estimators"": 1200, ""num_leaves"": 31, ""reg_alpha"": 0.00105362144705842, ""reg_lambda"": 0.003435707711962537, ""subsample"": 0.8609010812617435, ""subsample_freq"": 1}",39654,9914,0.8827629446617088,0.8160499880257738
1,42,LightGBM,40,"{""colsample_bytree"": 0.9836350329751015, ""learning_rate"": 0.038921271154642875, ""max_depth"": 8, ""min_child_samples"": 10, ""n_estimators"": 600, ""num_leaves"": 127, ""reg_alpha"": 0.2070115975231871, ""reg_lambda"": 0.004605748063529132, ""subsample"": 0.9758823091377253, ""subsample_freq"": 1}",39654,9914,0.8911678841546216,0.702729859936722
1,42,LightGBM,41,"{""colsample_bytree"": 0.9488920753523613, ""learning_rate"": 0.017305876898972172, ""max_depth"": -1, ""min_child_samples"": 5, ""n_estimators"": 300, ""num_leaves"": 31, ""reg_alpha"": 0.061425174234662046, ""reg_lambda"": 0.0009286569363758175, ""subsample"": 0.7710603561039556, ""subsample_freq"": 1}",39654,9914,0.8642763572846135,0.7404663027235349
1,42,LightGBM,42,"{""colsample_bytree"": 0.9028895302533139, ""learning_rate"": 0.0369383488750742, ""max_depth"": -1, ""min_child_samples"": 40, ""n_estimators"": 1200, ""num_leaves"": 127, ""reg_alpha"": 0.00010020719341626372, ""reg_lambda"": 0.02153587946652545, ""subsample"": 0.7857574454869888, ""subsample_freq"": 1}",39654,9914,0.9051173923426348,0.4635712989395202
1,42,LightGBM,43,"{""colsample_bytree"": 0.8215859977018802, ""learning_rate"": 0.03321044596370437, ""max_depth"": 12, ""min_child_samples"": 40, ""n_estimators"": 300, ""num_leaves"": 127, ""reg_alpha"": 0.3114527920422343, ""reg_lambda"": 6.7513268510015605, ""subsample"": 0.914978486047786, ""subsample_freq"": 1}",39654,9914,0.8690606940903312,0.7589356599106183
1,42,LightGBM,44,"{""colsample_bytree"": 0.8262603925975885, ""learning_rate"": 0.020053943107889584, ""max_depth"": 12, ""min_child_samples"": 5, ""n_estimators"": 600, ""num_leaves"": 127, ""reg_alpha"": 0.4380173889695772, ""reg_lambda"": 0.008396152105361394, ""subsample"": 0.9103485246943543, ""subsample_freq"": 1}",39654,9914,0.8970250730842955,0.6896466846462588
1,42,LightGBM,45,"{""colsample_bytree"": 0.6667367846046279, ""learning_rate"": 0.016241085674121712, ""max_depth"": 16, ""min_child_samples"": 80, ""n_estimators"": 300, ""num_leaves"": 95, ""reg_alpha"": 0.26957720928408807, ""reg_lambda"": 0.08217978324103985, ""subsample"": 0.757844308703369, ""subsample_freq"": 1}",39654,9914,0.8633394464906654,0.7712731696375993
1,42,LightGBM,46,"{""colsample_bytree"": 0.6603101855279926, ""learning_rate"": 0.027295860257455565, ""max_depth"": 16, ""min_child_samples"": 80, ""n_estimators"": 300, ""num_leaves"": 63, ""reg_alpha"": 0.0008100286534870132, ""reg_lambda"": 0.0001774497582586523, ""subsample"": 0.7683163577478673, ""subsample_freq"": 1}",39654,9914,0.8756510524577292,0.8021222721731867
1,42,LightGBM,47,"{""colsample_bytree"": 0.7872372703664261, ""learning_rate"": 0.024564205032405213, ""max_depth"": 8, ""min_child_samples"": 5, ""n_estimators"": 600, ""num_leaves"": 127, ""reg_alpha"": 0.03377036590205476, ""reg_lambda"": 0.00019265908360969385, ""subsample"": 0.8233910402813385, ""subsample_freq"": 1}",39654,9914,0.8894794715177073,0.7445257799184426
1,42,LightGBM,48,"{""colsample_bytree"": 0.6169228772734024, ""learning_rate"": 0.02995298669083202, ""max_depth"": 12, ""min_child_samples"": 10, ""n_estimators"": 900, ""num_leaves"": 31, ""reg_alpha"": 0.00043923703681047864, ""reg_lambda"": 5.779869487843075, ""subsample"": 0.7463694258898487, ""subsample_freq"": 1}",39654,9914,0.89840718386831,0.7362253333774386
1,42,LightGBM,49,"{""colsample_bytree"": 0.8480234899728589, ""learning_rate"": 0.01270851741482036, ""max_depth"": 8, ""min_child_samples"": 40, ""n_estimators"": 900, ""num_leaves"": 63, ""reg_alpha"": 0.42049388531328313, ""reg_lambda"": 3.0462995240297333, ""subsample"": 0.9672749576418196, ""subsample_freq"": 1}",39654,9914,0.862756756486888,0.8097885310337265
1,42,LightGBM,50,"{""colsample_bytree"": 0.7439615771223652, ""learning_rate"": 0.02699754090114853, ""max_depth"": 8, ""min_child_samples"": 40, ""n_estimators"": 900, ""num_leaves"": 63, ""reg_alpha"": 0.004808393809635687, ""reg_lambda"": 0.011771877528634761, ""subsample"": 0.9906889625019448, ""subsample_freq"": 1}",39654,9914,0.8871141986939467,0.7694499750924643
1,42,XGBoost,1,"{""colsample_bytree"": 0.7180042149102734, ""gamma"": 0.39045910548168705, ""learning_rate"": 0.08245395136888041, ""max_depth"": 3, ""min_child_weight"": 5, ""n_estimators"": 300, ""reg_alpha"": 0.00011092520942759408, ""reg_lambda"": 2.408176365033969, ""subsample"": 0.7556036435479676}",39654,9914,0.8356774348364863,0.7996744513511658
1,42,XGBoost,2,"{""colsample_bytree"": 0.7370665957018989, ""gamma"": 0.14376472345362334, ""learning_rate"": 0.013266075955308853, ""max_depth"": 3, ""min_child_weight"": 10, ""n_estimators"": 1200, ""reg_alpha"": 0.032062914283014964, ""reg_lambda"": 5.025989277435512, ""subsample"": 0.714833654541624}",39654,9914,0.8147725993108637,0.782065749168396
1,42,XGBoost,3,"{""colsample_bytree"": 0.6212011750235898, ""gamma"": 0.21433176310869362, ""learning_rate"": 0.025062445666757145, ""max_depth"": 9, ""min_child_weight"": 3, ""n_estimators"": 1200, ""reg_alpha"": 0.19165154149444613, ""reg_lambda"": 0.40426295201808354, ""subsample"": 0.7247995899801393}",39654,9914,0.9033343210852428,0.5748491287231445
1,42,XGBoost,4,"{""colsample_bytree"": 0.8125379944337949, ""gamma"": 0.4850901130248907, ""learning_rate"": 0.08986512816580065, ""max_depth"": 5, ""min_child_weight"": 5, ""n_estimators"": 900, ""reg_alpha"": 0.0075219187174227035, ""reg_lambda"": 0.2512910905678844, ""subsample"": 0.9346128986699928}",39654,9914,0.8995363578690528,0.7509567737579346
1,42,XGBoost,5,"{""colsample_bytree"": 0.9557501113347111, ""gamma"": 0.16634790577222902, ""learning_rate"": 0.054077130017187475, ""max_depth"": 3, ""min_child_weight"": 3, ""n_estimators"": 300, ""reg_alpha"": 0.0006092484502884314, ""reg_lambda"": 0.5219605626344049, ""subsample"": 0.8813842691644832}",39654,9914,0.8208912234352792,0.8044911026954651
1,42,XGBoost,6,"{""colsample_bytree"": 0.9565427190370107, ""gamma"": 0.923011453576005, ""learning_rate"": 0.05163885005193632, ""max_depth"": 5, ""min_child_weight"": 3, ""n_estimators"": 600, ""reg_alpha"": 0.006742164269045938, ""reg_lambda"": 3.2319134669448335, ""subsample"": 0.750035280126336}",39654,9914,0.8781407802969071,0.7628108263015747
1,42,XGBoost,7,"{""colsample_bytree"": 0.7740424233343164, ""gamma"": 0.6563350052863172, ""learning_rate"": 0.021345187017169445, ""max_depth"": 9, ""min_child_weight"": 3, ""n_estimators"": 600, ""reg_alpha"": 0.0015127383437045496, ""reg_lambda"": 1.0775389853598614, ""subsample"": 0.8330789414121519}",39654,9914,0.8812303385603018,0.7327404618263245
1,42,XGBoost,8,"{""colsample_bytree"": 0.7495884539241965, ""gamma"": 0.30130516264965856, ""learning_rate"": 0.06758305983258688, ""max_depth"": 5, ""min_child_weight"": 5, ""n_estimators"": 1200, ""reg_alpha"": 0.0012450745239248112, ""reg_lambda"": 2.0147457810247977, ""subsample"": 0.8946781612576635}",39654,9914,0.8958501314837254,0.6961829662322998
1,42,XGBoost,9,"{""colsample_bytree"": 0.8868924649305013, ""gamma"": 0.4535639068694486, ""learning_rate"": 0.03658389492505707, ""max_depth"": 7, ""min_child_weight"": 1, ""n_estimators"": 300, ""reg_alpha"": 0.35284683752685103, ""reg_lambda"": 0.2761789671991507, ""subsample"": 0.7787933960546565}",39654,9914,0.8668361075100652,0.7407178282737732
1,42,XGBoost,10,"{""colsample_bytree"": 0.7298870257968529, ""gamma"": 0.06299698055769154, ""learning_rate"": 0.012517789694034486, ""max_depth"": 7, ""min_child_weight"": 3, ""n_estimators"": 600, ""reg_alpha"": 0.0006126360673660023, ""reg_lambda"": 1.4192364158876396, ""subsample"": 0.8849468796739977}",39654,9914,0.8512140430357403,0.7219973206520081
1,42,XGBoost,11,"{""colsample_bytree"": 0.9241345545159065, ""gamma"": 0.5053611684276031, ""learning_rate"": 0.013482445087577705, ""max_depth"": 3, ""min_child_weight"": 1, ""n_estimators"": 900, ""reg_alpha"": 0.02584585018989454, ""reg_lambda"": 2.037258912191017, ""subsample"": 0.937946544083783}",39654,9914,0.8077920221856563,0.7894484996795654
1,42,XGBoost,12,"{""colsample_bytree"": 0.8023420542913017, ""gamma"": 0.9369935592102827, ""learning_rate"": 0.08346897017304616, ""max_depth"": 9, ""min_child_weight"": 5, ""n_estimators"": 1200, ""reg_alpha"": 0.002635659047375756, ""reg_lambda"": 0.24525392968046789, ""subsample"": 0.921246628965628}",39654,9914,0.9098070737993302,0.5153255462646484
1,42,XGBoost,13,"{""colsample_bytree"": 0.7171867286497483, ""gamma"": 0.44131666863870234, ""learning_rate"": 0.015362578334813588, ""max_depth"": 12, ""min_child_weight"": 10, ""n_estimators"": 900, ""reg_alpha"": 0.4984076432655683, ""reg_lambda"": 5.8543978250057735, ""subsample"": 0.7227135071027}",39654,9914,0.8836349155873964,0.7394909858703613
1,42,XGBoost,14,"{""colsample_bytree"": 0.6252197590061827, ""gamma"": 0.314855868514073, ""learning_rate"": 0.026385845222281983, ""max_depth"": 7, ""min_child_weight"": 3, ""n_estimators"": 300, ""reg_alpha"": 0.0009182421233645662, ""reg_lambda"": 5.200218771160997, ""subsample"": 0.8728090471906531}",39654,9914,0.8499965099216116,0.7544276714324951
1,42,XGBoost,15,"{""colsample_bytree"": 0.9168423711984132, ""gamma"": 0.7914025625011976, ""learning_rate"": 0.0202202726151517, ""max_depth"": 12, ""min_child_weight"": 1, ""n_estimators"": 900, ""reg_alpha"": 0.002778717051007751, ""reg_lambda"": 5.541486237687817, ""subsample"": 0.7159014757605351}",39654,9914,0.9003136270432294,0.6463702321052551
1,42,XGBoost,16,"{""colsample_bytree"": 0.926012753219542, ""gamma"": 0.5099344045224061, ""learning_rate"": 0.02919237897576341, ""max_depth"": 5, ""min_child_weight"": 3, ""n_estimators"": 1200, ""reg_alpha"": 0.08709088238846749, ""reg_lambda"": 1.174520590554646, ""subsample"": 0.9044980516487914}",39654,9914,0.8803558867688567,0.7562876343727112
1,42,XGBoost,17,"{""colsample_bytree"": 0.8315405184683162, ""gamma"": 0.9168867412361833, ""learning_rate"": 0.011209159693793307, ""max_depth"": 5, ""min_child_weight"": 3, ""n_estimators"": 900, ""reg_alpha"": 0.00010121216452380156, ""reg_lambda"": 0.7583281335046962, ""subsample"": 0.908943095048292}",39654,9914,0.8391082994655586,0.7739110589027405
1,42,XGBoost,18,"{""colsample_bytree"": 0.7809482852318339, ""gamma"": 0.9790991811705053, ""learning_rate"": 0.04245234260344558, ""max_depth"": 9, ""min_child_weight"": 10, ""n_estimators"": 600, ""reg_alpha"": 0.04657765517450944, ""reg_lambda"": 0.2853448908674913, ""subsample"": 0.9832518970833515}",39654,9914,0.8947461402120971,0.7695234417915344
1,42,XGBoost,19,"{""colsample_bytree"": 0.9887653697984089, ""gamma"": 0.18566203258646807, ""learning_rate"": 0.0770145682651331, ""max_depth"": 9, ""min_child_weight"": 1, ""n_estimators"": 600, ""reg_alpha"": 0.0003469220766522309, ""reg_lambda"": 0.3560196474800629, ""subsample"": 0.7570647234552036}",39654,9914,0.907388510418402,0.6637347936630249
1,42,XGBoost,20,"{""colsample_bytree"": 0.9827126316182269, ""gamma"": 0.11649227714010069, ""learning_rate"": 0.06700111288435115, ""max_depth"": 3, ""min_child_weight"": 10, ""n_estimators"": 300, ""reg_alpha"": 0.0956200260011471, ""reg_lambda"": 0.27205740277411383, ""subsample"": 0.9264979866169144}",39654,9914,0.8260604688385544,0.7999923825263977
1,42,XGBoost,21,"{""colsample_bytree"": 0.9853759520099082, ""gamma"": 0.20805548300456977, ""learning_rate"": 0.025323097344636024, ""max_depth"": 5, ""min_child_weight"": 5, ""n_estimators"": 300, ""reg_alpha"": 0.0002521139976287407, ""reg_lambda"": 8.612689849761324, ""subsample"": 0.7934319741038607}",39654,9914,0.8222312151403762,0.7910029292106628
1,42,XGBoost,22,"{""colsample_bytree"": 0.6445798335842342, ""gamma"": 0.9763629504092836, ""learning_rate"": 0.023720899640286893, ""max_depth"": 3, ""min_child_weight"": 10, ""n_estimators"": 600, ""reg_alpha"": 0.2281348860078111, ""reg_lambda"": 3.014795261895575, ""subsample"": 0.9863170897625428}",39654,9914,0.8107633185232748,0.7818053960800171
1,42,XGBoost,23,"{""colsample_bytree"": 0.6282914129933744, ""gamma"": 0.12952303161172307, ""learning_rate"": 0.048486091007274405, ""max_depth"": 3, ""min_child_weight"": 10, ""n_estimators"": 1200, ""reg_alpha"": 0.5328695639697293, ""reg_lambda"": 0.31235856903279924, ""subsample"": 0.9637537587189426}",39654,9914,0.8680399809065874,0.8106493353843689
1,42,XGBoost,24,"{""colsample_bytree"": 0.6549263209691097, ""gamma"": 0.32908924201567114, ""learning_rate"": 0.06341324973964213, ""max_depth"": 3, ""min_child_weight"": 5, ""n_estimators"": 1200, ""reg_alpha"": 0.00022669924161240174, ""reg_lambda"": 0.4510954002014464, ""subsample"": 0.7352775481749565}",39654,9914,0.8747200461740816,0.7948787808418274
1,42,XGBoost,25,"{""colsample_bytree"": 0.900087738114666, ""gamma"": 0.3780132255069243, ""learning_rate"": 0.021719431389523793, ""max_depth"": 7, ""min_child_weight"": 1, ""n_estimators"": 900, ""reg_alpha"": 0.0013955135752343813, ""reg_lambda"": 0.4135426692033923, ""subsample"": 0.8516633998936064}",39654,9914,0.8844414861494463,0.6523098349571228
1,42,XGBoost,26,"{""colsample_bytree"": 0.7855454930040646, ""gamma"": 0.3408994576770865, ""learning_rate"": 0.016084188451008844, ""max_depth"": 7, ""min_child_weight"": 3, ""n_estimators"": 600, ""reg_alpha"": 0.0008243612163740567, ""reg_lambda"": 0.3015164893862907, ""subsample"": 0.755991576983152}",39654,9914,0.862177540109018,0.7473021149635315
1,42,XGBoost,27,"{""colsample_bytree"": 0.9497247287734591, ""gamma"": 0.3941477148832936, ""learning_rate"": 0.03955309091584225, ""max_depth"": 3, ""min_child_weight"": 5, ""n_estimators"": 300, ""reg_alpha"": 0.01278605954577778, ""reg_lambda"": 1.6469827047144323, ""subsample"": 0.8071763317351703}",39654,9914,0.8079963817837837,0.7986974716186523
1,42,XGBoost,28,"{""colsample_bytree"": 0.6927065219596673, ""gamma"": 0.6630399797639089, ""learning_rate"": 0.012833851754217345, ""max_depth"": 9, ""min_child_weight"": 1, ""n_estimators"": 900, ""reg_alpha"": 0.043432804877440154, ""reg_lambda"": 0.9531263132159095, ""subsample"": 0.7509487879335098}",39654,9914,0.8843672775282355,0.7273126840591431
1,42,XGBoost,29,"{""colsample_bytree"": 0.7664902391687882, ""gamma"": 0.4356343076072491, ""learning_rate"": 0.011974688072147589, ""max_depth"": 7, ""min_child_weight"": 5, ""n_estimators"": 600, ""reg_alpha"": 0.00020216032620636466, ""reg_lambda"": 9.265073561049945, ""subsample"": 0.82442490658451}",39654,9914,0.8404042829999525,0.7808845043182373
1,42,XGBoost,30,"{""colsample_bytree"": 0.7210275324226263, ""gamma"": 0.5084111221165744, ""learning_rate"": 0.027185663596533002, ""max_depth"": 5, ""min_child_weight"": 3, ""n_estimators"": 900, ""reg_alpha"": 0.07552228948373566, ""reg_lambda"": 0.27464850970229504, ""subsample"": 0.9239485654860543}",39654,9914,0.8713528644264302,0.7671515345573425
1,42,XGBoost,31,"{""colsample_bytree"": 0.7558666854038211, ""gamma"": 0.15973951360590077, ""learning_rate"": 0.01865093796833753, ""max_depth"": 3, ""min_child_weight"": 5, ""n_estimators"": 900, ""reg_alpha"": 0.00012227021718867097, ""reg_lambda"": 5.080561453615666, ""subsample"": 0.8345779374408363}",39654,9914,0.8192203486426812,0.7953189015388489
1,42,XGBoost,32,"{""colsample_bytree"": 0.7349286964711088, ""gamma"": 0.2995746927309664, ""learning_rate"": 0.053245623659615285, ""max_depth"": 3, ""min_child_weight"": 10, ""n_estimators"": 1200, ""reg_alpha"": 0.00023549452568212597, ""reg_lambda"": 2.437265615706971, ""subsample"": 0.7487492417473732}",39654,9914,0.8671685277214596,0.7777664065361023
1,42,XGBoost,33,"{""colsample_bytree"": 0.8744399946407677, ""gamma"": 0.07207260806937044, ""learning_rate"": 0.07519712264395155, ""max_depth"": 9, ""min_child_weight"": 5, ""n_estimators"": 900, ""reg_alpha"": 0.0004548157041428345, ""reg_lambda"": 0.4993199817585326, ""subsample"": 0.7221050175712556}",39654,9914,0.9060877852530352,0.624959409236908
1,42,XGBoost,34,"{""colsample_bytree"": 0.6467810618372054, ""gamma"": 0.9905093019302531, ""learning_rate"": 0.03450332613368289, ""max_depth"": 3, ""min_child_weight"": 5, ""n_estimators"": 1200, ""reg_alpha"": 0.004981940493463816, ""reg_lambda"": 0.30427298658666135, ""subsample"": 0.7814741875499606}",39654,9914,0.8580954448891449,0.7511793971061707
1,42,XGBoost,35,"{""colsample_bytree"": 0.633258017117614, ""gamma"": 0.554708857479059, ""learning_rate"": 0.046967146272088214, ""max_depth"": 5, ""min_child_weight"": 10, ""n_estimators"": 900, ""reg_alpha"": 0.0013745749845961068, ""reg_lambda"": 0.14567393879929105, ""subsample"": 0.7595308892366848}",39654,9914,0.8794753605307404,0.7331146001815796
1,42,XGBoost,36,"{""colsample_bytree"": 0.8115068665331095, ""gamma"": 0.6120107488077193, ""learning_rate"": 0.013639045422191376, ""max_depth"": 5, ""min_child_weight"": 10, ""n_estimators"": 900, ""reg_alpha"": 0.9531425716885843, ""reg_lambda"": 0.9653621637986679, ""subsample"": 0.8413575444912447}",39654,9914,0.8390173462023843,0.7753078937530518
1,42,XGBoost,37,"{""colsample_bytree"": 0.9977847065437551, ""gamma"": 0.3750424635960794, ""learning_rate"": 0.0842240183451619, ""max_depth"": 9, ""min_child_weight"": 1, ""n_estimators"": 1200, ""reg_alpha"": 0.9670938032186458, ""reg_lambda"": 0.47851142383765605, ""subsample"": 0.7779632441305732}",39654,9914,0.904702597006742,0.6357426047325134
1,42,XGBoost,38,"{""colsample_bytree"": 0.6427874842879556, ""gamma"": 0.8509769890889766, ""learning_rate"": 0.030544725459627862, ""max_depth"": 5, ""min_child_weight"": 1, ""n_estimators"": 300, ""reg_alpha"": 0.13763921072423863, ""reg_lambda"": 9.078931903498065, ""subsample"": 0.7511789058319746}",39654,9914,0.8299142506093496,0.7609033584594727
1,42,XGBoost,39,"{""colsample_bytree"": 0.6404800486659363, ""gamma"": 0.8570969499518738, ""learning_rate"": 0.044126216125129264, ""max_depth"": 7, ""min_child_weight"": 1, ""n_estimators"": 600, ""reg_alpha"": 0.00012537832810581413, ""reg_lambda"": 0.5744894218576987, ""subsample"": 0.8359470877526469}",39654,9914,0.8928590609643915,0.7019950747489929
1,42,XGBoost,40,"{""colsample_bytree"": 0.8626276563140824, ""gamma"": 0.946983856883309, ""learning_rate"": 0.04237601185064982, ""max_depth"": 3, ""min_child_weight"": 1, ""n_estimators"": 900, ""reg_alpha"": 0.0023882640705327218, ""reg_lambda"": 0.41954795914078613, ""subsample"": 0.7280358134800609}",39654,9914,0.8577029739509406,0.8111779093742371
1,42,XGBoost,41,"{""colsample_bytree"": 0.9819128349058447, ""gamma"": 0.6072062346501729, ""learning_rate"": 0.0562701824004526, ""max_depth"": 3, ""min_child_weight"": 5, ""n_estimators"": 900, ""reg_alpha"": 0.9010879758000352, ""reg_lambda"": 0.7919245753237579, ""subsample"": 0.8916026058818334}",39654,9914,0.8619782396223694,0.8052369356155396
1,42,XGBoost,42,"{""colsample_bytree"": 0.9443413520386832, ""gamma"": 0.2037086985769917, ""learning_rate"": 0.09530926499950552, ""max_depth"": 7, ""min_child_weight"": 10, ""n_estimators"": 600, ""reg_alpha"": 0.0014301667126010594, ""reg_lambda"": 1.6874391355750449, ""subsample"": 0.9616271990598217}",39654,9914,0.8963969676341965,0.760951817035675
1,42,XGBoost,43,"{""colsample_bytree"": 0.8665654377739882, ""gamma"": 0.190128466977459, ""learning_rate"": 0.03000901593795923, ""max_depth"": 7, ""min_child_weight"": 5, ""n_estimators"": 1200, ""reg_alpha"": 0.001169559524989719, ""reg_lambda"": 3.7425651380960128, ""subsample"": 0.9567625489621422}",39654,9914,0.8909021429499425,0.7472072839736938
1,42,XGBoost,44,"{""colsample_bytree"": 0.6913812305699736, ""gamma"": 0.2451209614066433, ""learning_rate"": 0.025397813712751547, ""max_depth"": 5, ""min_child_weight"": 5, ""n_estimators"": 300, ""reg_alpha"": 0.00012996777539738252, ""reg_lambda"": 1.4908806284974765, ""subsample"": 0.7100460131417998}",39654,9914,0.824459740153775,0.7645390629768372
1,42,XGBoost,45,"{""colsample_bytree"": 0.6663843581482187, ""gamma"": 0.08920875543523732, ""learning_rate"": 0.016676385720199055, ""max_depth"": 5, ""min_child_weight"": 5, ""n_estimators"": 600, ""reg_alpha"": 0.0002609823346185935, ""reg_lambda"": 1.589150352324326, ""subsample"": 0.7223708086311739}",39654,9914,0.836980866989604,0.7655285000801086
1,42,XGBoost,46,"{""colsample_bytree"": 0.9088774516067792, ""gamma"": 0.7528873443183715, ""learning_rate"": 0.011136595623793804, ""max_depth"": 3, ""min_child_weight"": 1, ""n_estimators"": 1200, ""reg_alpha"": 0.16088146539002457, ""reg_lambda"": 0.11970615672215532, ""subsample"": 0.8093984925989971}",39654,9914,0.8164402339002118,0.7958794832229614
1,42,XGBoost,47,"{""colsample_bytree"": 0.9888749442464622, ""gamma"": 0.08574815527499235, ""learning_rate"": 0.011624212008938215, ""max_depth"": 9, ""min_child_weight"": 10, ""n_estimators"": 900, ""reg_alpha"": 0.0035001110233797666, ""reg_lambda"": 3.0816654155830223, ""subsample"": 0.7125101424918633}",39654,9914,0.8677717493288553,0.7604162693023682
1,42,XGBoost,48,"{""colsample_bytree"": 0.6752390454704562, ""gamma"": 0.7755645781946637, ""learning_rate"": 0.016878187672234507, ""max_depth"": 9, ""min_child_weight"": 3, ""n_estimators"": 600, ""reg_alpha"": 0.0007513260396326124, ""reg_lambda"": 7.225860985843023, ""subsample"": 0.8745940045246812}",39654,9914,0.8725767590418637,0.7165200114250183
1,42,XGBoost,49,"{""colsample_bytree"": 0.6783642787428559, ""gamma"": 0.8978495775068143, ""learning_rate"": 0.010246175351240202, ""max_depth"": 9, ""min_child_weight"": 3, ""n_estimators"": 1200, ""reg_alpha"": 0.2348375488230175, ""reg_lambda"": 3.4207487730600765, ""subsample"": 0.9078058382429789}",39654,9914,0.8801479953294452,0.7092697024345398
1,42,XGBoost,50,"{""colsample_bytree"": 0.9523050550684999, ""gamma"": 0.6687684856104259, ""learning_rate"": 0.0433391987109465, ""max_depth"": 12, ""min_child_weight"": 1, ""n_estimators"": 900, ""reg_alpha"": 0.13228380646371818, ""reg_lambda"": 5.984455815157211, ""subsample"": 0.7546563777136728}",39654,9914,0.9020471669727432,0.6699658632278442
1,42,LogisticRegression,1,"{""C"": 7.838492238515775, ""class_weight"": null, ""penalty"": ""l1""}",39654,9914,0.8441230985911133,0.5200706896708479
1,42,LogisticRegression,2,"{""C"": 9.771295921873243, ""class_weight"": null, ""penalty"": ""l1""}",39654,9914,0.8405995229606306,0.4523291719081532
1,42,LogisticRegression,3,"{""C"": 0.004636257717695091, ""class_weight"": null, ""penalty"": ""l1""}",39654,9914,0.1561048501965387,0.3055613912046246
1,42,LogisticRegression,4,"{""C"": 0.00018463469076448455, ""class_weight"": null, ""penalty"": ""l1""}",39654,9914,0.0665725237038531,0.2031633817476012
1,42,LogisticRegression,5,"{""C"": 0.03517281409572632, ""class_weight"": null, ""penalty"": ""l2""}",39654,9914,0.8282557546262164,0.218665530367659
1,42,LogisticRegression,6,"{""C"": 7.635926163424193, ""class_weight"": ""balanced"", ""penalty"": ""l2""}",39654,9914,0.8594086358861703,0.7719305210453086
1,42,LogisticRegression,7,"{""C"": 0.006999913793337618, ""class_weight"": null, ""penalty"": ""l2""}",39654,9914,0.7618047777643271,0.1834788728609017
1,42,LogisticRegression,8,"{""C"": 0.057349575071509465, ""class_weight"": null, ""penalty"": ""l1""}",39654,9914,0.7528183703136471,0.1116524055051932
1,42,LogisticRegression,9,"{""C"": 0.00590351206304236, ""class_weight"": ""balanced"", ""penalty"": ""l1""}",39654,9914,0.630037911770868,0.5769449713359021
1,42,LogisticRegression,10,"{""C"": 0.24700714374969804, ""class_weight"": ""balanced"", ""penalty"": ""l2""}",39654,9914,0.8854650146325576,0.7154608581768902
1,42,LogisticRegression,11,"{""C"": 2.606833264471626, ""class_weight"": ""balanced"", ""penalty"": ""l2""}",39654,9914,0.8720236243686099,0.836919897726084
1,42,LogisticRegression,12,"{""C"": 84.17881184764839, ""class_weight"": null, ""penalty"": ""l1""}",39654,9914,0.8009232803710072,0.5709984841093647
1,42,LogisticRegression,13,"{""C"": 0.0007108923790747824, ""class_weight"": null, ""penalty"": ""l2""}",39654,9914,0.6761517011874193,0.1742193621821011
1,42,LogisticRegression,14,"{""C"": 0.7235989813334284, ""class_weight"": null, ""penalty"": ""l1""}",39654,9914,0.8818038853237878,0.3835098475298721
1,42,LogisticRegression,15,"{""C"": 34.56201509490615, ""class_weight"": ""balanced"", ""penalty"": ""l2""}",39654,9914,0.8385568556074585,0.9048361759717204
1,42,LogisticRegression,16,"{""C"": 0.000571895798198449, ""class_weight"": ""balanced"", ""penalty"": ""l1""}",39654,9914,0.0665725237038531,0.5
1,42,LogisticRegression,17,"{""C"": 4.534709150771507, ""class_weight"": null, ""penalty"": ""l1""}",39654,9914,0.8543613613651073,0.4797757127988132
1,42,LogisticRegression,18,"{""C"": 0.35125037935341236, ""class_weight"": null, ""penalty"": ""l1""}",39654,9914,0.8625603497793686,0.2025278563030115
1,42,LogisticRegression,19,"{""C"": 0.00010213269148633343, ""class_weight"": null, ""penalty"": ""l1""}",39654,9914,0.0665725237038531,0.3134913086400829
1,42,LogisticRegression,20,"{""C"": 14.845212655886899, ""class_weight"": null, ""penalty"": ""l1""}",39654,9914,0.833738083883788,0.4601927355055967
1,42,LogisticRegression,21,"{""C"": 5.052343929314814, ""class_weight"": null, ""penalty"": ""l2""}",39654,9914,0.8800443257681958,0.4005396084595648
1,42,LogisticRegression,22,"{""C"": 0.002784140766900524, ""class_weight"": null, ""penalty"": ""l1""}",39654,9914,0.0665725237038531,0.0756336883730361
1,42,LogisticRegression,23,"{""C"": 49.29710586752292, ""class_weight"": null, ""penalty"": ""l2""}",39654,9914,0.8553220447394274,0.5165725011876301
1,42,LogisticRegression,24,"{""C"": 0.010745019011607437, ""class_weight"": null, ""penalty"": ""l1""}",39654,9914,0.5105154111445345,0.0739589346399074
1,42,LogisticRegression,25,"{""C"": 7.448671995808632, ""class_weight"": ""balanced"", ""penalty"": ""l1""}",39654,9914,0.8277322176365973,0.9324737081521676
1,42,LogisticRegression,26,"{""C"": 0.00029992789352135555, ""class_weight"": ""balanced"", ""penalty"": ""l1""}",39654,9914,0.0665725237038531,0.5
1,42,LogisticRegression,27,"{""C"": 0.040206581177332834, ""class_weight"": ""balanced"", ""penalty"": ""l2""}",39654,9914,0.8586388383717015,0.653591404682193
1,42,LogisticRegression,28,"{""C"": 0.06717113572253502, ""class_weight"": ""balanced"", ""penalty"": ""l1""}",39654,9914,0.8186724457328484,0.6981459338994767
1,42,LogisticRegression,29,"{""C"": 36.47013094886446, ""class_weight"": ""balanced"", ""penalty"": ""l1""}",39654,9914,0.8040909685631149,0.9071531057885432
1,42,LogisticRegression,30,"{""C"": 0.00019953018887588952, ""class_weight"": null, ""penalty"": ""l2""}",39654,9914,0.612597913284756,0.2411928205960165
1,42,LogisticRegression,31,"{""C"": 1.0224594330802017, ""class_weight"": null, ""penalty"": ""l2""}",39654,9914,0.8866820770076916,0.3369425718703525
1,42,LogisticRegression,32,"{""C"": 0.00029228863027364044, ""class_weight"": null, ""penalty"": ""l2""}",39654,9914,0.6359250625540679,0.2123395322369025
1,42,LogisticRegression,33,"{""C"": 0.002407369622614061, ""class_weight"": ""balanced"", ""penalty"": ""l2""}",39654,9914,0.7498856089534829,0.6365819834690233
1,42,LogisticRegression,34,"{""C"": 6.542549813380158, ""class_weight"": null, ""penalty"": ""l1""}",39654,9914,0.8469430526282917,0.360539350782557
1,42,LogisticRegression,35,"{""C"": 5.373853514588159, ""class_weight"": null, ""penalty"": ""l2""}",39654,9914,0.8796336483610112,0.4321857915211703
1,42,LogisticRegression,36,"{""C"": 52.1895361139309, ""class_weight"": null, ""penalty"": ""l1""}",39654,9914,0.8170342730256072,0.7630991908651104
1,42,LogisticRegression,37,"{""C"": 0.009963323709041147, ""class_weight"": null, ""penalty"": ""l1""}",39654,9914,0.499053780546229,0.0603581561455628
1,42,LogisticRegression,38,"{""C"": 1.5216035317094265, ""class_weight"": null, ""penalty"": ""l2""}",39654,9914,0.8863174116496815,0.3200007871541424
1,42,LogisticRegression,39,"{""C"": 39.99463094730913, ""class_weight"": null, ""penalty"": ""l2""}",39654,9914,0.8583405340062461,0.5178739646603238
1,42,LogisticRegression,40,"{""C"": 0.09236734396481713, ""class_weight"": null, ""penalty"": ""l1""}",39654,9914,0.7869142813034036,0.1683997031661183
1,42,LogisticRegression,41,"{""C"": 0.0002702160767740098, ""class_weight"": null, ""penalty"": ""l1""}",39654,9914,0.0665725237038531,0.1599017035437458
1,42,LogisticRegression,42,"{""C"": 3.285375956027996, ""class_weight"": ""balanced"", ""penalty"": ""l2""}",39654,9914,0.869552635230408,0.8547036035851582
1,42,LogisticRegression,43,"{""C"": 0.0001344372346076144, ""class_weight"": ""balanced"", ""penalty"": ""l1""}",39654,9914,0.0665725237038531,0.5
1,42,LogisticRegression,44,"{""C"": 0.0029702101756894097, ""class_weight"": ""balanced"", ""penalty"": ""l1""}",39654,9914,0.5862460281267683,0.4772039596950557
1,42,LogisticRegression,45,"{""C"": 0.007169006686846077, ""class_weight"": ""balanced"", ""penalty"": ""l2""}",39654,9914,0.7986624982302593,0.6360658924185034
1,42,LogisticRegression,46,"{""C"": 9.99708747575138, ""class_weight"": ""balanced"", ""penalty"": ""l1""}",39654,9914,0.8221427088253643,0.94999189673915
1,42,LogisticRegression,47,"{""C"": 0.0024701635400138445, ""class_weight"": ""balanced"", ""penalty"": ""l1""}",39654,9914,0.4737497543970324,0.4744398577160276
1,42,LogisticRegression,48,"{""C"": 0.0004079021492893786, ""class_weight"": null, ""penalty"": ""l2""}",39654,9914,0.655015830722767,0.189449016813686
1,42,LogisticRegression,49,"{""C"": 0.08018798129715254, ""class_weight"": ""balanced"", ""penalty"": ""l2""}",39654,9914,0.873376265929618,0.6990714576794683
1,42,LogisticRegression,50,"{""C"": 0.4402234474347619, ""class_weight"": ""balanced"", ""penalty"": ""l2""}",39654,9914,0.8856677909170976,0.7291868112368814
1,42,LinearSVC,1,"{""C"": 0.006778116013955474, ""class_weight"": ""balanced"", ""loss"": ""hinge""}",39654,9914,0.8279200805688012,0.3005194349064566
1,42,LinearSVC,2,"{""C"": 17.832409467270963, ""class_weight"": ""balanced"", ""loss"": ""squared_hinge""}",39654,9914,0.7684255293827095,0.7506701775979424
1,42,LinearSVC,3,"{""C"": 25.7521340018434, ""class_weight"": null, ""loss"": ""hinge""}",39654,9914,0.8076717784366134,0.2945791136356253
1,42,LinearSVC,4,"{""C"": 0.00010105179294020446, ""class_weight"": null, ""loss"": ""squared_hinge""}",39654,9914,0.6985582063397751,-0.6283724954320862
1,42,LinearSVC,5,"{""C"": 0.0008885639502564829, ""class_weight"": null, ""loss"": ""hinge""}",39654,9914,0.7492685226604137,-0.8998967266450549
1,42,LinearSVC,6,"{""C"": 0.0025503874062598802, ""class_weight"": null, ""loss"": ""hinge""}",39654,9914,0.7872422573444697,-0.8878117600995523
1,42,LinearSVC,7,"{""C"": 0.0008124715059791792, ""class_weight"": ""balanced"", ""loss"": ""squared_hinge""}",39654,9914,0.8047875429238098,0.1516254024117438
1,42,LinearSVC,8,"{""C"": 0.09079808878395514, ""class_weight"": ""balanced"", ""loss"": ""squared_hinge""}",39654,9914,0.8729930374488033,0.3262749944433997
1,42,LinearSVC,9,"{""C"": 0.00035284342362512113, ""class_weight"": ""balanced"", ""loss"": ""hinge""}",39654,9914,0.7036410643487857,0.1977274616862934
1,42,LinearSVC,10,"{""C"": 0.00019501716927565506, ""class_weight"": ""balanced"", ""loss"": ""squared_hinge""}",39654,9914,0.742612819080948,0.1217853569922097
1,42,LinearSVC,11,"{""C"": 0.0022933063064289132, ""class_weight"": ""balanced"", ""loss"": ""squared_hinge""}",39654,9914,0.8470980810846928,0.2249062859165804
1,42,LinearSVC,12,"{""C"": 3.917553255595225, ""class_weight"": ""balanced"", ""loss"": ""squared_hinge""}",39654,9914,0.8025823947635263,0.4808036246381197
1,42,LinearSVC,13,"{""C"": 32.24472602863667, ""class_weight"": null, ""loss"": ""squared_hinge""}",39654,9914,0.7927792844549221,0.3282944942946733
1,42,LinearSVC,14,"{""C"": 1.3491240957360449, ""class_weight"": ""balanced"", ""loss"": ""squared_hinge""}",39654,9914,0.8257809554668719,0.4425051282998544
1,42,LinearSVC,15,"{""C"": 17.154310553106814, ""class_weight"": null, ""loss"": ""squared_hinge""}",39654,9914,0.8055202398774322,0.3905720050191503
1,42,LinearSVC,16,"{""C"": 0.09142223495851393, ""class_weight"": null, ""loss"": ""hinge""}",39654,9914,0.8770326189764024,-0.5019362139666779
1,42,LinearSVC,17,"{""C"": 9.524826956045814, ""class_weight"": null, ""loss"": ""squared_hinge""}",39654,9914,0.8202435489764167,0.3763061766572646
1,42,LinearSVC,18,"{""C"": 0.636632565220554, ""class_weight"": ""balanced"", ""loss"": ""squared_hinge""}",39654,9914,0.8414684096245233,0.4497868869796074
1,42,LinearSVC,19,"{""C"": 13.034958668062263, ""class_weight"": null, ""loss"": ""hinge""}",39654,9914,0.8242829209720863,0.4807185090452119
1,42,LinearSVC,20,"{""C"": 0.00011893753899476748, ""class_weight"": ""balanced"", ""loss"": ""squared_hinge""}",39654,9914,0.7249826861043202,0.2551924567405371
1,42,LinearSVC,21,"{""C"": 0.20093107758396112, ""class_weight"": ""balanced"", ""loss"": ""squared_hinge""}",39654,9914,0.8620004130276082,0.2631576953120464
1,42,LinearSVC,22,"{""C"": 0.5788720335203753, ""class_weight"": ""balanced"", ""loss"": ""hinge""}",39654,9914,0.8534938491793159,0.2402941977982493
1,42,LinearSVC,23,"{""C"": 0.012572255171302766, ""class_weight"": ""balanced"", ""loss"": ""hinge""}",39654,9914,0.8507334697796121,0.3325396336866655
1,42,LinearSVC,24,"{""C"": 0.007442579793174771, ""class_weight"": ""balanced"", ""loss"": ""squared_hinge""}",39654,9914,0.8729798762203813,0.3143768752436403
1,42,LinearSVC,25,"{""C"": 2.03888881680187, ""class_weight"": null, ""loss"": ""squared_hinge""}",39654,9914,0.8472547296584088,0.0602371443931624
1,42,LinearSVC,26,"{""C"": 8.994567055203461, ""class_weight"": ""balanced"", ""loss"": ""squared_hinge""}",39654,9914,0.7835004305676132,0.4017059152121056
1,42,LinearSVC,27,"{""C"": 0.010464779552422247, ""class_weight"": ""balanced"", ""loss"": ""hinge""}",39654,9914,0.8453751530516735,0.4238208387182725
1,42,LinearSVC,28,"{""C"": 0.03594197539695035, ""class_weight"": ""balanced"", ""loss"": ""squared_hinge""}",39654,9914,0.8800078271145528,0.3749601277162282
1,42,LinearSVC,29,"{""C"": 0.00015949930719779459, ""class_weight"": ""balanced"", ""loss"": ""squared_hinge""}",39654,9914,0.7350733871406645,0.2758208610249233
1,42,LinearSVC,30,"{""C"": 0.011017484748999835, ""class_weight"": null, ""loss"": ""squared_hinge""}",39654,9914,0.8767081323577802,-0.3564808344833414
1,42,LinearSVC,31,"{""C"": 68.39414657910451, ""class_weight"": null, ""loss"": ""squared_hinge""}",39654,9914,0.7794311297045602,0.4659487231421575
1,42,LinearSVC,32,"{""C"": 10.21537372150358, ""class_weight"": null, ""loss"": ""hinge""}",39654,9914,0.827356222793305,0.4600197920297257
1,42,LinearSVC,33,"{""C"": 0.006186225568345457, ""class_weight"": null, ""loss"": ""squared_hinge""}",39654,9914,0.8641907202261989,-0.452964379222556
1,42,LinearSVC,34,"{""C"": 1.9246213196430721, ""class_weight"": null, ""loss"": ""squared_hinge""}",39654,9914,0.8480963164558488,0.0568836637903891
1,42,LinearSVC,35,"{""C"": 86.53040009185594, ""class_weight"": ""balanced"", ""loss"": ""hinge""}",39654,9914,0.7430398693323932,0.946746739079942
1,42,LinearSVC,36,"{""C"": 30.93301221256073, ""class_weight"": null, ""loss"": ""hinge""}",39654,9914,0.8021095568443216,0.389230914228089
1,42,LinearSVC,37,"{""C"": 13.35751423676862, ""class_weight"": null, ""loss"": ""hinge""}",39654,9914,0.8240381810220287,0.4208637818444725
1,42,LinearSVC,38,"{""C"": 0.0016879026413403045, ""class_weight"": null, ""loss"": ""hinge""}",39654,9914,0.7722089501856506,-0.901832167293462
1,42,LinearSVC,39,"{""C"": 94.26071762693107, ""class_weight"": null, ""loss"": ""hinge""}",39654,9914,0.7779694769071517,0.6652103554367408
1,42,LinearSVC,40,"{""C"": 4.63213717970659, ""class_weight"": null, ""loss"": ""hinge""}",39654,9914,0.8350145074581024,0.2220015602756655
1,42,LinearSVC,41,"{""C"": 0.000135727771870565, ""class_weight"": ""balanced"", ""loss"": ""hinge""}",39654,9914,0.6853090010443652,0.1401108459332195
1,42,LinearSVC,42,"{""C"": 0.005065211111709012, ""class_weight"": ""balanced"", ""loss"": ""hinge""}",39654,9914,0.8130843781513071,0.3671536534183519
1,42,LinearSVC,43,"{""C"": 0.000480603131407457, ""class_weight"": ""balanced"", ""loss"": ""hinge""}",39654,9914,0.7077118595820117,0.344177138968128
1,42,LinearSVC,44,"{""C"": 0.31834868094536545, ""class_weight"": null, ""loss"": ""hinge""}",39654,9914,0.8719994369862745,0.0129653617884077
1,42,LinearSVC,45,"{""C"": 0.002482735540818367, ""class_weight"": null, ""loss"": ""hinge""}",39654,9914,0.7860379379372899,-0.9198669586743282
1,42,LinearSVC,46,"{""C"": 0.0014973927729809832, ""class_weight"": null, ""loss"": ""hinge""}",39654,9914,0.7683391662441664,-0.8562956550616243
1,42,LinearSVC,47,"{""C"": 0.6331070138934339, ""class_weight"": ""balanced"", ""loss"": ""squared_hinge""}",39654,9914,0.8415714505049974,0.4516986593908327
1,42,LinearSVC,48,"{""C"": 0.049194734503887984, ""class_weight"": null, ""loss"": ""hinge""}",39654,9914,0.8736024185779755,-0.5281609759377335
1,42,LinearSVC,49,"{""C"": 0.00011535755778906007, ""class_weight"": null, ""loss"": ""squared_hinge""}",39654,9914,0.7060824684344003,-0.6293045342407407
1,42,LinearSVC,50,"{""C"": 0.5322196517234086, ""class_weight"": null, ""loss"": ""squared_hinge""}",39654,9914,0.8664570477251956,0.0153578909691181
1,42,RandomForest,1,"{""class_weight"": ""balanced"", ""max_depth"": null, ""max_features"": ""log2"", ""min_samples_leaf"": 2, ""min_samples_split"": 10, ""n_estimators"": 500}",39654,9914,0.7800179437988535,0.6252091033018824
1,42,RandomForest,2,"{""class_weight"": ""balanced"", ""max_depth"": 10, ""max_features"": 0.01, ""min_samples_leaf"": 5, ""min_samples_split"": 10, ""n_estimators"": 300}",39654,9914,0.7603256768127122,0.6193385033846142
1,42,RandomForest,3,"{""class_weight"": ""balanced"", ""max_depth"": null, ""max_features"": ""sqrt"", ""min_samples_leaf"": 5, ""min_samples_split"": 2, ""n_estimators"": 1200}",39654,9914,0.860934157513737,0.6387659688599089
1,42,RandomForest,4,"{""class_weight"": null, ""max_depth"": null, ""max_features"": 0.03, ""min_samples_leaf"": 1, ""min_samples_split"": 5, ""n_estimators"": 500}",39654,9914,0.9225482772265926,0.3232380952380952
1,42,RandomForest,5,"{""class_weight"": null, ""max_depth"": 20, ""max_features"": 0.03, ""min_samples_leaf"": 5, ""min_samples_split"": 5, ""n_estimators"": 800}",39654,9914,0.8612700544608974,0.1983921568888126
1,42,RandomForest,6,"{""class_weight"": null, ""max_depth"": 80, ""max_features"": 0.05, ""min_samples_leaf"": 2, ""min_samples_split"": 10, ""n_estimators"": 500}",39654,9914,0.9051941560327946,0.2986738460098975
1,42,RandomForest,7,"{""class_weight"": null, ""max_depth"": 20, ""max_features"": 0.05, ""min_samples_leaf"": 2, ""min_samples_split"": 2, ""n_estimators"": 800}",39654,9914,0.8783463295723956,0.1889711178666718
1,42,RandomForest,8,"{""class_weight"": null, ""max_depth"": 80, ""max_features"": 0.01, ""min_samples_leaf"": 2, ""min_samples_split"": 5, ""n_estimators"": 500}",39654,9914,0.8983744466843618,0.257784119991908
1,42,RandomForest,9,"{""class_weight"": null, ""max_depth"": 10, ""max_features"": 0.01, ""min_samples_leaf"": 1, ""min_samples_split"": 5, ""n_estimators"": 800}",39654,9914,0.8105740794138451,0.1338753440043665
1,42,RandomForest,10,"{""class_weight"": ""balanced"", ""max_depth"": null, ""max_features"": 0.05, ""min_samples_leaf"": 5, ""min_samples_split"": 5, ""n_estimators"": 300}",39654,9914,0.890505393832217,0.5580372746704063
1,42,RandomForest,11,"{""class_weight"": null, ""max_depth"": 40, ""max_features"": ""log2"", ""min_samples_leaf"": 2, ""min_samples_split"": 20, ""n_estimators"": 800}",39654,9914,0.7662606818337675,0.1972726583886578
1,42,RandomForest,12,"{""class_weight"": ""balanced"", ""max_depth"": 10, ""max_features"": 0.03, ""min_samples_leaf"": 1, ""min_samples_split"": 2, ""n_estimators"": 800}",39654,9914,0.8041269717451531,0.594432551138382
1,42,RandomForest,13,"{""class_weight"": ""balanced"", ""max_depth"": 10, ""max_features"": 0.05, ""min_samples_leaf"": 2, ""min_samples_split"": 2, ""n_estimators"": 300}",39654,9914,0.8159062793762015,0.6238485843108122
1,42,RandomForest,14,"{""class_weight"": ""balanced"", ""max_depth"": 20, ""max_features"": 0.05, ""min_samples_leaf"": 5, ""min_samples_split"": 20, ""n_estimators"": 800}",39654,9914,0.8631787090660884,0.6162353742662778
1,42,RandomForest,15,"{""class_weight"": null, ""max_depth"": null, ""max_features"": ""sqrt"", ""min_samples_leaf"": 1, ""min_samples_split"": 5, ""n_estimators"": 500}",39654,9914,0.9225984427408924,0.2797204906204906
1,42,RandomForest,16,"{""class_weight"": null, ""max_depth"": 10, ""max_features"": 0.03, ""min_samples_leaf"": 2, ""min_samples_split"": 10, ""n_estimators"": 1200}",39654,9914,0.829625578079436,0.1240840463757227
1,42,RandomForest,17,"{""class_weight"": null, ""max_depth"": 80, ""max_features"": ""log2"", ""min_samples_leaf"": 10, ""min_samples_split"": 2, ""n_estimators"": 500}",39654,9914,0.7249598807483304,0.1756830347310225
1,42,RandomForest,18,"{""class_weight"": ""balanced"", ""max_depth"": 80, ""max_features"": ""sqrt"", ""min_samples_leaf"": 2, ""min_samples_split"": 20, ""n_estimators"": 800}",39654,9914,0.8806698757878639,0.5572957733178999
1,42,RandomForest,19,"{""class_weight"": null, ""max_depth"": 20, ""max_features"": 0.01, ""min_samples_leaf"": 10, ""min_samples_split"": 2, ""n_estimators"": 300}",39654,9914,0.8205128599084189,0.19596885674088
1,42,RandomForest,20,"{""class_weight"": null, ""max_depth"": 80, ""max_features"": ""sqrt"", ""min_samples_leaf"": 10, ""min_samples_split"": 2, ""n_estimators"": 500}",39654,9914,0.8348509123769462,0.2296864012638501
1,42,RandomForest,21,"{""class_weight"": ""balanced"", ""max_depth"": 80, ""max_features"": 0.01, ""min_samples_leaf"": 5, ""min_samples_split"": 20, ""n_estimators"": 1200}",39654,9914,0.8681843685020185,0.6087660943595496
1,42,RandomForest,22,"{""class_weight"": null, ""max_depth"": null, ""max_features"": 0.05, ""min_samples_leaf"": 2, ""min_samples_split"": 2, ""n_estimators"": 500}",39654,9914,0.9181451067781284,0.3133400356952989
1,42,RandomForest,23,"{""class_weight"": ""balanced"", ""max_depth"": 40, ""max_features"": 0.03, ""min_samples_leaf"": 10, ""min_samples_split"": 2, ""n_estimators"": 1200}",39654,9914,0.859866186315498,0.6364602520530817
1,42,RandomForest,24,"{""class_weight"": ""balanced"", ""max_depth"": 10, ""max_features"": 0.01, ""min_samples_leaf"": 1, ""min_samples_split"": 2, ""n_estimators"": 800}",39654,9914,0.7707400609318951,0.5846180903345253
1,42,RandomForest,25,"{""class_weight"": null, ""max_depth"": null, ""max_features"": 0.03, ""min_samples_leaf"": 1, ""min_samples_split"": 20, ""n_estimators"": 300}",39654,9914,0.9137848321254584,0.4315492415071446
1,42,RandomForest,26,"{""class_weight"": ""balanced"", ""max_depth"": 10, ""max_features"": ""sqrt"", ""min_samples_leaf"": 5, ""min_samples_split"": 5, ""n_estimators"": 1200}",39654,9914,0.7394070255737906,0.5808701024008028
1,42,RandomForest,27,"{""class_weight"": null, ""max_depth"": null, ""max_features"": 0.05, ""min_samples_leaf"": 1, ""min_samples_split"": 20, ""n_estimators"": 1200}",39654,9914,0.9149229678315248,0.3694154261779137
1,42,RandomForest,28,"{""class_weight"": null, ""max_depth"": 10, ""max_features"": ""sqrt"", ""min_samples_leaf"": 1, ""min_samples_split"": 5, ""n_estimators"": 500}",39654,9914,0.7886373230035297,0.1381002716449772
1,42,RandomForest,29,"{""class_weight"": null, ""max_depth"": 20, ""max_features"": 0.05, ""min_samples_leaf"": 1, ""min_samples_split"": 10, ""n_estimators"": 800}",39654,9914,0.8785546465629358,0.2011991035023773
1,42,RandomForest,30,"{""class_weight"": null, ""max_depth"": 40, ""max_features"": 0.05, ""min_samples_leaf"": 10, ""min_samples_split"": 10, ""n_estimators"": 500}",39654,9914,0.8654087661110229,0.2490489288511953
1,42,RandomForest,31,"{""class_weight"": null, ""max_depth"": 20, ""max_features"": ""sqrt"", ""min_samples_leaf"": 5, ""min_samples_split"": 10, ""n_estimators"": 500}",39654,9914,0.819164146187323,0.1980401371932391
1,42,RandomForest,32,"{""class_weight"": ""balanced"", ""max_depth"": 80, ""max_features"": ""sqrt"", ""min_samples_leaf"": 10, ""min_samples_split"": 20, ""n_estimators"": 300}",39654,9914,0.8261208359241399,0.6757697131182396
1,42,RandomForest,33,"{""class_weight"": ""balanced"", ""max_depth"": 40, ""max_features"": 0.05, ""min_samples_leaf"": 5, ""min_samples_split"": 2, ""n_estimators"": 300}",39654,9914,0.8831356728103557,0.5120655790593466
1,42,RandomForest,34,"{""class_weight"": null, ""max_depth"": 40, ""max_features"": ""log2"", ""min_samples_leaf"": 10, ""min_samples_split"": 2, ""n_estimators"": 500}",39654,9914,0.7131668211756943,0.1745926535977955
1,42,RandomForest,35,"{""class_weight"": ""balanced"", ""max_depth"": 40, ""max_features"": 0.03, ""min_samples_leaf"": 1, ""min_samples_split"": 20, ""n_estimators"": 300}",39654,9914,0.8893085256883428,0.4629117148464792
1,42,RandomForest,36,"{""class_weight"": ""balanced"", ""max_depth"": 20, ""max_features"": 0.03, ""min_samples_leaf"": 10, ""min_samples_split"": 5, ""n_estimators"": 1200}",39654,9914,0.8457577861008442,0.6146908854912105
1,42,RandomForest,37,"{""class_weight"": ""balanced"", ""max_depth"": 10, ""max_features"": ""sqrt"", ""min_samples_leaf"": 1, ""min_samples_split"": 20, ""n_estimators"": 1200}",39654,9914,0.7473156030633072,0.5891887691811918
1,42,RandomForest,38,"{""class_weight"": null, ""max_depth"": 20, ""max_features"": ""sqrt"", ""min_samples_leaf"": 1, ""min_samples_split"": 10, ""n_estimators"": 300}",39654,9914,0.850818341507723,0.1585146172638802
1,42,RandomForest,39,"{""class_weight"": ""balanced"", ""max_depth"": 40, ""max_features"": 0.01, ""min_samples_leaf"": 5, ""min_samples_split"": 2, ""n_estimators"": 300}",39654,9914,0.8633542953360331,0.6037778618776588
1,42,RandomForest,40,"{""class_weight"": ""balanced"", ""max_depth"": 20, ""max_features"": 0.03, ""min_samples_leaf"": 1, ""min_samples_split"": 10, ""n_estimators"": 800}",39654,9914,0.8694383630468002,0.5294458020437736
1,42,RandomForest,41,"{""class_weight"": ""balanced"", ""max_depth"": null, ""max_features"": ""log2"", ""min_samples_leaf"": 1, ""min_samples_split"": 10, ""n_estimators"": 800}",39654,9914,0.9005718709764493,0.4535261946463836
1,42,RandomForest,42,"{""class_weight"": ""balanced"", ""max_depth"": null, ""max_features"": 0.01, ""min_samples_leaf"": 10, ""min_samples_split"": 2, ""n_estimators"": 1200}",39654,9914,0.8438613132473527,0.6761659218567948
1,42,RandomForest,43,"{""class_weight"": ""balanced"", ""max_depth"": 10, ""max_features"": 0.03, ""min_samples_leaf"": 2, ""min_samples_split"": 2, ""n_estimators"": 500}",39654,9914,0.8051914099895096,0.6080871417148983
1,42,RandomForest,44,"{""class_weight"": ""balanced"", ""max_depth"": 10, ""max_features"": ""sqrt"", ""min_samples_leaf"": 5, ""min_samples_split"": 2, ""n_estimators"": 300}",39654,9914,0.738138956663229,0.5942782247595948
1,42,RandomForest,45,"{""class_weight"": null, ""max_depth"": null, ""max_features"": 0.01, ""min_samples_leaf"": 1, ""min_samples_split"": 5, ""n_estimators"": 800}",39654,9914,0.9236525390347436,0.2993537608225108
1,42,RandomForest,46,"{""class_weight"": ""balanced"", ""max_depth"": 80, ""max_features"": ""log2"", ""min_samples_leaf"": 1, ""min_samples_split"": 5, ""n_estimators"": 800}",39654,9914,0.8894562491125382,0.393852143647744
1,42,RandomForest,47,"{""class_weight"": null, ""max_depth"": null, ""max_features"": ""sqrt"", ""min_samples_leaf"": 10, ""min_samples_split"": 10, ""n_estimators"": 1200}",39654,9914,0.8362933681669853,0.2267759544694272
1,42,RandomForest,48,"{""class_weight"": ""balanced"", ""max_depth"": 10, ""max_features"": 0.03, ""min_samples_leaf"": 10, ""min_samples_split"": 2, ""n_estimators"": 300}",39654,9914,0.7916276358119378,0.5960753243321467
1,42,RandomForest,49,"{""class_weight"": null, ""max_depth"": 10, ""max_features"": ""sqrt"", ""min_samples_leaf"": 2, ""min_samples_split"": 20, ""n_estimators"": 1200}",39654,9914,0.7864921087021041,0.1346983037308791
1,42,RandomForest,50,"{""class_weight"": null, ""max_depth"": 80, ""max_features"": 0.03, ""min_samples_leaf"": 1, ""min_samples_split"": 10, ""n_estimators"": 800}",39654,9914,0.9074999816206164,0.3164975361312979
1,42,SGDClassifier,1,"{""alpha"": 3.87605524059407e-05, ""class_weight"": ""balanced"", ""l1_ratio"": 0.45477377190163454, ""loss"": ""log_loss"", ""penalty"": ""l2""}",39654,9914,0.8698910590860129,0.7720669076129126
1,42,SGDClassifier,2,"{""alpha"": 0.004009290941611974, ""class_weight"": null, ""l1_ratio"": 0.5207878238010974, ""loss"": ""modified_huber"", ""penalty"": ""l1""}",39654,9914,0.5716289480999075,0.2106022917693588
1,42,SGDClassifier,3,"{""alpha"": 6.9351788360648344e-06, ""class_weight"": ""balanced"", ""l1_ratio"": 0.10842203158420768, ""loss"": ""modified_huber"", ""penalty"": ""elasticnet""}",39654,9914,0.6454092653287393,0.9286059781690214
1,42,SGDClassifier,4,"{""alpha"": 0.0071073576292380826, ""class_weight"": null, ""l1_ratio"": 0.23552315318428563, ""loss"": ""log_loss"", ""penalty"": ""l2""}",39654,9914,0.7224191195383878,0.2057362533743847
1,42,SGDClassifier,5,"{""alpha"": 1.6454351524748846e-05, ""class_weight"": null, ""l1_ratio"": 0.1765266101134796, ""loss"": ""log_loss"", ""penalty"": ""elasticnet""}",39654,9914,0.8756232921721382,0.306009723586854
1,42,SGDClassifier,6,"{""alpha"": 0.0026522429878903966, ""class_weight"": null, ""l1_ratio"": 0.6551248455325672, ""loss"": ""modified_huber"", ""penalty"": ""l2""}",39654,9914,0.872783678596419,0.2971513386111091
1,42,SGDClassifier,7,"{""alpha"": 2.0103777578878104e-05, ""class_weight"": null, ""l1_ratio"": 0.9450569069337185, ""loss"": ""log_loss"", ""penalty"": ""elasticnet""}",39654,9914,0.7704598182567468,0.6855353334583713
1,42,SGDClassifier,8,"{""alpha"": 5.272064138499306e-06, ""class_weight"": ""balanced"", ""l1_ratio"": 0.3848894229679232, ""loss"": ""modified_huber"", ""penalty"": ""l2""}",39654,9914,0.6121825552503427,0.9567632303544452
1,42,SGDClassifier,9,"{""alpha"": 1.136444530430585e-06, ""class_weight"": ""balanced"", ""l1_ratio"": 0.7819700614538387, ""loss"": ""log_loss"", ""penalty"": ""elasticnet""}",39654,9914,0.6765821151499348,0.9999999993741782
1,42,SGDClassifier,10,"{""alpha"": 0.0003353663556034516, ""class_weight"": ""balanced"", ""l1_ratio"": 0.8496607924970115, ""loss"": ""log_loss"", ""penalty"": ""elasticnet""}",39654,9914,0.7645506191222604,0.7806475778516923
1,42,SGDClassifier,11,"{""alpha"": 1.9275897427848716e-06, ""class_weight"": ""balanced"", ""l1_ratio"": 0.820730781298474, ""loss"": ""modified_huber"", ""penalty"": ""elasticnet""}",39654,9914,0.5385967167169519,0.7793508801053406
1,42,SGDClassifier,12,"{""alpha"": 0.001063570146453954, ""class_weight"": ""balanced"", ""l1_ratio"": 0.7251855245543248, ""loss"": ""modified_huber"", ""penalty"": ""l1""}",39654,9914,0.3515648170699514,1.0
1,42,SGDClassifier,13,"{""alpha"": 5.95627569550928e-06, ""class_weight"": ""balanced"", ""l1_ratio"": 0.6435446956706498, ""loss"": ""log_loss"", ""penalty"": ""l1""}",39654,9914,0.6294804735894157,0.9999987956958885
1,42,SGDClassifier,14,"{""alpha"": 6.952113461229312e-06, ""class_weight"": ""balanced"", ""l1_ratio"": 0.6843923715512421, ""loss"": ""log_loss"", ""penalty"": ""elasticnet""}",39654,9914,0.7675632938259117,0.8720909303429737
1,42,SGDClassifier,15,"{""alpha"": 0.008655354729885632, ""class_weight"": null, ""l1_ratio"": 0.2861095661077323, ""loss"": ""modified_huber"", ""penalty"": ""l2""}",39654,9914,0.8408946899928915,0.2519597011981047
1,42,SGDClassifier,16,"{""alpha"": 0.001567484906987613, ""class_weight"": null, ""l1_ratio"": 0.8219306126832205, ""loss"": ""modified_huber"", ""penalty"": ""l1""}",39654,9914,0.733958791578216,0.2053271636229628
1,42,SGDClassifier,17,"{""alpha"": 0.001129056878267982, ""class_weight"": ""balanced"", ""l1_ratio"": 0.7551975211592717, ""loss"": ""log_loss"", ""penalty"": ""l1""}",39654,9914,0.5927318933855662,0.6865947137356593
1,42,SGDClassifier,18,"{""alpha"": 0.0007009996981423457, ""class_weight"": ""balanced"", ""l1_ratio"": 0.8483615061052242, ""loss"": ""log_loss"", ""penalty"": ""elasticnet""}",39654,9914,0.7519207258571018,0.6915922552818312
1,42,SGDClassifier,19,"{""alpha"": 4.253988723578756e-05, ""class_weight"": null, ""l1_ratio"": 0.8512143864473665, ""loss"": ""modified_huber"", ""penalty"": ""l2""}",39654,9914,0.8006436341827268,0.5769413867489592
1,42,SGDClassifier,20,"{""alpha"": 4.0862099663511374e-05, ""class_weight"": null, ""l1_ratio"": 0.2764416837278839, ""loss"": ""modified_huber"", ""penalty"": ""elasticnet""}",39654,9914,0.7934270501359227,0.5820392401946166
1,42,SGDClassifier,21,"{""alpha"": 9.714110506526244e-05, ""class_weight"": ""balanced"", ""l1_ratio"": 0.8721108349138649, ""loss"": ""modified_huber"", ""penalty"": ""l2""}",39654,9914,0.7766785299344233,0.7744363928142521
1,42,SGDClassifier,22,"{""alpha"": 7.99983295885745e-06, ""class_weight"": null, ""l1_ratio"": 0.7281526071372885, ""loss"": ""modified_huber"", ""penalty"": ""l2""}",39654,9914,0.746719290146351,0.7124844909348071
1,42,SGDClassifier,23,"{""alpha"": 6.194153751299934e-06, ""class_weight"": null, ""l1_ratio"": 0.8357619149907785, ""loss"": ""log_loss"", ""penalty"": ""elasticnet""}",39654,9914,0.7649885533422445,0.9226270405388624
1,42,SGDClassifier,24,"{""alpha"": 0.007180546602401546, ""class_weight"": ""balanced"", ""l1_ratio"": 0.07380828700118211, ""loss"": ""modified_huber"", ""penalty"": ""elasticnet""}",39654,9914,0.8052630914760661,0.6023739586802721
1,42,SGDClassifier,25,"{""alpha"": 0.0022686091228234285, ""class_weight"": ""balanced"", ""l1_ratio"": 0.4078050722353144, ""loss"": ""log_loss"", ""penalty"": ""l2""}",39654,9914,0.8195604462696265,0.6226127724172731
1,42,SGDClassifier,26,"{""alpha"": 0.0017981707953814512, ""class_weight"": null, ""l1_ratio"": 0.6414959655396666, ""loss"": ""log_loss"", ""penalty"": ""l1""}",39654,9914,0.5249257476927213,0.0814453061022789
1,42,SGDClassifier,27,"{""alpha"": 3.565751752901773e-06, ""class_weight"": null, ""l1_ratio"": 0.05275341448903425, ""loss"": ""modified_huber"", ""penalty"": ""l2""}",39654,9914,0.7103159494048782,0.6962176364310346
1,42,SGDClassifier,28,"{""alpha"": 0.00018663310612713447, ""class_weight"": null, ""l1_ratio"": 0.7966504694070055, ""loss"": ""modified_huber"", ""penalty"": ""elasticnet""}",39654,9914,0.8023069884684848,0.3998786601663135
1,42,SGDClassifier,29,"{""alpha"": 0.0016565856868123068, ""class_weight"": ""balanced"", ""l1_ratio"": 0.6379528498470924, ""loss"": ""log_loss"", ""penalty"": ""l2""}",39654,9914,0.830761034069738,0.6468398854610933
1,42,SGDClassifier,30,"{""alpha"": 0.006485668133098164, ""class_weight"": null, ""l1_ratio"": 0.21106664975560613, ""loss"": ""log_loss"", ""penalty"": ""l1""}",39654,9914,0.0665725237038531,0.1134722329529857
1,42,SGDClassifier,31,"{""alpha"": 0.0024122824481836755, ""class_weight"": null, ""l1_ratio"": 0.1417646399246711, ""loss"": ""log_loss"", ""penalty"": ""l2""}",39654,9914,0.7818155525033724,0.1805620139140976
1,42,SGDClassifier,32,"{""alpha"": 0.008558827347547046, ""class_weight"": ""balanced"", ""l1_ratio"": 0.8562796620040527, ""loss"": ""log_loss"", ""penalty"": ""elasticnet""}",39654,9914,0.5023772182277957,0.4539562525575776
1,42,SGDClassifier,33,"{""alpha"": 1.4039198632520357e-06, ""class_weight"": null, ""l1_ratio"": 0.8353287242805459, ""loss"": ""modified_huber"", ""penalty"": ""l2""}",39654,9914,0.6797210104221217,0.8310156574177638
1,42,SGDClassifier,34,"{""alpha"": 0.00503672858775907, ""class_weight"": ""balanced"", ""l1_ratio"": 0.8201452048622585, ""loss"": ""log_loss"", ""penalty"": ""l2""}",39654,9914,0.7878936601015012,0.6197655186996864
1,42,SGDClassifier,35,"{""alpha"": 1.233679325181822e-05, ""class_weight"": ""balanced"", ""l1_ratio"": 0.6756797426424187, ""loss"": ""modified_huber"", ""penalty"": ""l1""}",39654,9914,0.5041699185659151,0.8925503071215957
1,42,SGDClassifier,36,"{""alpha"": 6.320595903439902e-06, ""class_weight"": ""balanced"", ""l1_ratio"": 0.20989196799501197, ""loss"": ""modified_huber"", ""penalty"": ""l1""}",39654,9914,0.5172006935898046,0.637287694024991
1,42,SGDClassifier,37,"{""alpha"": 4.5972854823948076e-05, ""class_weight"": ""balanced"", ""l1_ratio"": 0.629891319078514, ""loss"": ""log_loss"", ""penalty"": ""elasticnet""}",39654,9914,0.8462415396478983,0.7779852610689265
1,42,SGDClassifier,38,"{""alpha"": 6.155325615596863e-05, ""class_weight"": ""balanced"", ""l1_ratio"": 0.7768062844309951, ""loss"": ""log_loss"", ""penalty"": ""l2""}",39654,9914,0.8810931250925567,0.7419042044311015
1,42,SGDClassifier,39,"{""alpha"": 0.0004418096039682803, ""class_weight"": null, ""l1_ratio"": 0.9210014883303966, ""loss"": ""modified_huber"", ""penalty"": ""elasticnet""}",39654,9914,0.7500843173808355,0.4432840518519089
1,42,SGDClassifier,40,"{""alpha"": 1.964804954095111e-06, ""class_weight"": ""balanced"", ""l1_ratio"": 0.871690282001881, ""loss"": ""log_loss"", ""penalty"": ""elasticnet""}",39654,9914,0.6573477792008364,0.999999999972899
1,42,SGDClassifier,41,"{""alpha"": 0.00027777557598060166, ""class_weight"": ""balanced"", ""l1_ratio"": 0.716388985424668, ""loss"": ""log_loss"", ""penalty"": ""l2""}",39654,9914,0.8742243720337592,0.6982939307480175
1,42,SGDClassifier,42,"{""alpha"": 1.4403944093629126e-05, ""class_weight"": ""balanced"", ""l1_ratio"": 0.6639707174344862, ""loss"": ""log_loss"", ""penalty"": ""l1""}",39654,9914,0.6410878436731616,0.9999999995710868
1,42,SGDClassifier,43,"{""alpha"": 0.00025384260231542437, ""class_weight"": null, ""l1_ratio"": 0.6399998740844323, ""loss"": ""log_loss"", ""penalty"": ""elasticnet""}",39654,9914,0.7939725405530903,0.2120675869172548
1,42,SGDClassifier,44,"{""alpha"": 0.00022849405904511465, ""class_weight"": ""balanced"", ""l1_ratio"": 0.5566586568434589, ""loss"": ""modified_huber"", ""penalty"": ""l1""}",39654,9914,0.407094536755705,0.9005618905355375
1,42,SGDClassifier,45,"{""alpha"": 0.0010923490831927843, ""class_weight"": null, ""l1_ratio"": 0.529204457512877, ""loss"": ""log_loss"", ""penalty"": ""l1""}",39654,9914,0.5979416626105378,0.1384653155170455
1,42,SGDClassifier,46,"{""alpha"": 3.806937919080746e-05, ""class_weight"": null, ""l1_ratio"": 0.22130835733518728, ""loss"": ""log_loss"", ""penalty"": ""l2""}",39654,9914,0.8832227730432214,0.3426548270578342
1,42,SGDClassifier,47,"{""alpha"": 5.170183397111835e-05, ""class_weight"": null, ""l1_ratio"": 0.7381818002109162, ""loss"": ""modified_huber"", ""penalty"": ""elasticnet""}",39654,9914,0.6646014369644238,0.4895851046208772
1,42,SGDClassifier,48,"{""alpha"": 2.3935802237409617e-06, ""class_weight"": ""balanced"", ""l1_ratio"": 0.4897845252982889, ""loss"": ""modified_huber"", ""penalty"": ""elasticnet""}",39654,9914,0.566537128960361,1.0
1,42,SGDClassifier,49,"{""alpha"": 1.1374068348370978e-06, ""class_weight"": ""balanced"", ""l1_ratio"": 0.44733047143060967, ""loss"": ""modified_huber"", ""penalty"": ""l1""}",39654,9914,0.5337648481963219,0.7526501805426165
1,42,SGDClassifier,50,"{""alpha"": 4.202994893906991e-06, ""class_weight"": null, ""l1_ratio"": 0.48751121098501343, ""loss"": ""modified_huber"", ""penalty"": ""l2""}",39654,9914,0.7252124504903965,0.8474126058911557
1,42,ComplementNB,1,"{""alpha"": 0.4218594750626769, ""norm"": true}",39654,9914,0.5330774923593086,0.5000056111549055
1,42,ComplementNB,2,"{""alpha"": 6.955941089494428, ""norm"": true}",39654,9914,0.4396187186581293,0.5000000043026691
1,42,ComplementNB,3,"{""alpha"": 0.0037582784936220815, ""norm"": false}",39654,9914,0.4332735384371519,1.0
1,42,ComplementNB,4,"{""alpha"": 6.169921149124722, ""norm"": false}",39654,9914,0.4092017415149168,0.9999999999728004
1,42,ComplementNB,5,"{""alpha"": 2.6738943986848045, ""norm"": true}",39654,9914,0.5289159571030843,0.5000018609604999
1,42,ComplementNB,6,"{""alpha"": 0.1938724260382218, ""norm"": true}",39654,9914,0.5321209834271677,0.5000070090469277
1,42,ComplementNB,7,"{""alpha"": 3.1922557678667216, ""norm"": false}",39654,9914,0.4132344372923505,0.9999999999999432
1,42,ComplementNB,8,"{""alpha"": 0.6059330053382287, ""norm"": true}",39654,9914,0.5342771598693681,0.5000035837676383
1,42,ComplementNB,9,"{""alpha"": 4.90107532219871, ""norm"": true}",39654,9914,0.4874419133560658,0.5000006961317436
1,42,ComplementNB,10,"{""alpha"": 0.0022721139335907374, ""norm"": true}",39654,9914,0.5312852281938798,0.5000125868832107
1,42,ComplementNB,11,"{""alpha"": 0.7281309840139311, ""norm"": false}",39654,9914,0.4191891709928521,0.9999999999999716
1,42,ComplementNB,12,"{""alpha"": 0.0025307128659407875, ""norm"": false}",39654,9914,0.4334760604279005,1.0
1,42,ComplementNB,13,"{""alpha"": 0.023556669629648083, ""norm"": false}",39654,9914,0.4290773159796149,1.0
1,42,ComplementNB,14,"{""alpha"": 9.602104860714743, ""norm"": true}",39654,9914,0.3757681909556979,0.5000013338463808
1,42,ComplementNB,15,"{""alpha"": 0.003231669827617438, ""norm"": true}",39654,9914,0.5314284932503552,0.5000123367065332
1,42,ComplementNB,16,"{""alpha"": 0.27516358152482523, ""norm"": true}",39654,9914,0.5328018874280923,0.5000050702115982
1,42,ComplementNB,17,"{""alpha"": 0.012367141352822094, ""norm"": true}",39654,9914,0.5291717315972956,0.5000052592156374
1,42,ComplementNB,18,"{""alpha"": 2.447452570514661, ""norm"": true}",39654,9914,0.5328420631590347,0.500000271215098
1,42,ComplementNB,19,"{""alpha"": 0.03316970045754379, ""norm"": false}",39654,9914,0.4276946234304709,1.0
1,42,ComplementNB,20,"{""alpha"": 7.6209561610590955, ""norm"": false}",39654,9914,0.4045587297753472,0.9999998025823712
1,42,ComplementNB,21,"{""alpha"": 4.76864674194309, ""norm"": false}",39654,9914,0.4115362518160518,0.9999999999988064
1,42,ComplementNB,22,"{""alpha"": 0.011031128771876345, ""norm"": true}",39654,9914,0.5292666029746724,0.5000053619213636
1,42,ComplementNB,23,"{""alpha"": 0.2272957195208254, ""norm"": true}",39654,9914,0.5319840327639788,0.5000067715102102
1,42,ComplementNB,24,"{""alpha"": 0.007920654665013316, ""norm"": true}",39654,9914,0.5296414728621242,0.5000111805764742
1,42,ComplementNB,25,"{""alpha"": 0.22796757285955524, ""norm"": false}",39654,9914,0.4232316846093704,0.9999999999986358
1,42,ComplementNB,26,"{""alpha"": 0.759924755137064, ""norm"": false}",39654,9914,0.41862683233025,0.9999999999999716
1,42,ComplementNB,27,"{""alpha"": 0.47497561762774704, ""norm"": false}",39654,9914,0.4204048556606158,1.0
1,42,ComplementNB,28,"{""alpha"": 2.280189026271535, ""norm"": false}",39654,9914,0.4153533659019129,1.0
1,42,ComplementNB,29,"{""alpha"": 0.06728418926492773, ""norm"": false}",39654,9914,0.4277472895590266,1.0
1,42,ComplementNB,30,"{""alpha"": 0.3697295020767811, ""norm"": true}",39654,9914,0.5327261300896458,0.5000047494191212
1,42,ComplementNB,31,"{""alpha"": 4.797497452977668, ""norm"": true}",39654,9914,0.4900963658228516,0.5000009279308426
1,42,ComplementNB,32,"{""alpha"": 0.006047552794089281, ""norm"": false}",39654,9914,0.4329822531773915,1.0
1,42,ComplementNB,33,"{""alpha"": 0.8000889787692318, ""norm"": false}",39654,9914,0.4180176110913866,0.9999999999999716
1,42,ComplementNB,34,"{""alpha"": 3.267959340982819, ""norm"": true}",39654,9914,0.5175816328019042,0.5000012869403249
1,42,ComplementNB,35,"{""alpha"": 4.338466510340634, ""norm"": true}",39654,9914,0.5029052527678466,0.5000000996275848
1,42,ComplementNB,36,"{""alpha"": 0.10938760417666042, ""norm"": false}",39654,9914,0.4255444133434647,1.0
1,42,ComplementNB,37,"{""alpha"": 1.2246667689539117, ""norm"": false}",39654,9914,0.4173725976954282,0.9999999999998864
1,42,ComplementNB,38,"{""alpha"": 0.28311617178575577, ""norm"": false}",39654,9914,0.4221322840022367,1.0
1,42,ComplementNB,39,"{""alpha"": 0.47768026442063694, ""norm"": true}",39654,9914,0.53341406494001,0.5000053268201228
1,42,ComplementNB,40,"{""alpha"": 0.00916290175183743, ""norm"": true}",39654,9914,0.5293620859325838,0.5000111776518301
1,42,ComplementNB,41,"{""alpha"": 0.007885807600708838, ""norm"": false}",39654,9914,0.432428347113358,1.0
1,42,ComplementNB,42,"{""alpha"": 0.0024798509583431696, ""norm"": true}",39654,9914,0.5313533414805736,0.5000123780153966
1,42,ComplementNB,43,"{""alpha"": 0.0011408534207485387, ""norm"": true}",39654,9914,0.5308608968310417,0.5000066995876647
1,42,ComplementNB,44,"{""alpha"": 0.45539490306638336, ""norm"": false}",39654,9914,0.4205050088388599,1.0
1,42,ComplementNB,45,"{""alpha"": 0.005309375006232987, ""norm"": true}",39654,9914,0.530613216549546,0.500011877556793
1,42,ComplementNB,46,"{""alpha"": 0.002360559414428614, ""norm"": true}",39654,9914,0.5312640403893926,0.5000125125258023
1,42,ComplementNB,47,"{""alpha"": 1.0872699276399636, ""norm"": true}",39654,9914,0.5356348122363329,0.5000018903918783
1,42,ComplementNB,48,"{""alpha"": 0.0037003236404938157, ""norm"": true}",39654,9914,0.5313806444567846,0.5000120453378579
1,42,ComplementNB,49,"{""alpha"": 0.09022396452214408, ""norm"": false}",39654,9914,0.4260642556547287,1.0
1,42,ComplementNB,50,"{""alpha"": 0.31355749955546486, ""norm"": false}",39654,9914,0.4208515457784017,0.9999999999982948
2,43,LightGBM,1,"{""colsample_bytree"": 0.7532313079660699, ""learning_rate"": 0.012718700579570866, ""max_depth"": 12, ""min_child_samples"": 10, ""n_estimators"": 300, ""num_leaves"": 63, ""reg_alpha"": 0.2008116161049315, ""reg_lambda"": 9.761125220682667, ""subsample"": 0.9707749332514164, ""subsample_freq"": 1}",39654,9914,0.8059676152664557,0.7503843353732127
2,43,LightGBM,2,"{""colsample_bytree"": 0.6750465967387895, ""learning_rate"": 0.036575225398754393, ""max_depth"": -1, ""min_child_samples"": 10, ""n_estimators"": 600, ""num_leaves"": 127, ""reg_alpha"": 0.007897750060475092, ""reg_lambda"": 0.0033217354983947392, ""subsample"": 0.8912973651692675, ""subsample_freq"": 1}",39654,9914,0.8854505313173971,0.6723215705899475
2,43,LightGBM,3,"{""colsample_bytree"": 0.6269459036615856, ""learning_rate"": 0.014240633550813703, ""max_depth"": 8, ""min_child_samples"": 20, ""n_estimators"": 600, ""num_leaves"": 127, ""reg_alpha"": 0.0003086489782760402, ""reg_lambda"": 0.004214426381337779, ""subsample"": 0.9695018745224973, ""subsample_freq"": 1}",39654,9914,0.833447611296029,0.715806538118981
2,43,LightGBM,4,"{""colsample_bytree"": 0.6359972668610153, ""learning_rate"": 0.06223386262489882, ""max_depth"": 8, ""min_child_samples"": 40, ""n_estimators"": 600, ""num_leaves"": 95, ""reg_alpha"": 0.001001769104928392, ""reg_lambda"": 3.842735705468683, ""subsample"": 0.9096036068285877, ""subsample_freq"": 1}",39654,9914,0.8532651191596656,0.7012012749216958
2,43,LightGBM,5,"{""colsample_bytree"": 0.6096631137510613, ""learning_rate"": 0.028625414233024022, ""max_depth"": -1, ""min_child_samples"": 20, ""n_estimators"": 900, ""num_leaves"": 95, ""reg_alpha"": 0.21555674496817234, ""reg_lambda"": 0.010593391027491763, ""subsample"": 0.7851352274497504, ""subsample_freq"": 1}",39654,9914,0.8821188841531409,0.5550950551414011
2,43,LightGBM,6,"{""colsample_bytree"": 0.825091494449537, ""learning_rate"": 0.08165486414006287, ""max_depth"": -1, ""min_child_samples"": 10, ""n_estimators"": 300, ""num_leaves"": 31, ""reg_alpha"": 0.011045331714605266, ""reg_lambda"": 0.01811627121646628, ""subsample"": 0.7447412299705136, ""subsample_freq"": 1}",39654,9914,0.8700011188494737,0.6978401456985234
2,43,LightGBM,7,"{""colsample_bytree"": 0.816221339175088, ""learning_rate"": 0.014056246837323788, ""max_depth"": 16, ""min_child_samples"": 20, ""n_estimators"": 900, ""num_leaves"": 95, ""reg_alpha"": 0.0015402909368315769, ""reg_lambda"": 1.896578430751504, ""subsample"": 0.8206582749414407, ""subsample_freq"": 1}",39654,9914,0.8687600313796003,0.6938535902574468
2,43,LightGBM,8,"{""colsample_bytree"": 0.9184048734281923, ""learning_rate"": 0.089353784111395, ""max_depth"": 16, ""min_child_samples"": 10, ""n_estimators"": 900, ""num_leaves"": 127, ""reg_alpha"": 0.2131808602619222, ""reg_lambda"": 0.005121594395456044, ""subsample"": 0.910306654018925, ""subsample_freq"": 1}",39654,9914,0.8744808762543431,0.5073295498497484
2,43,LightGBM,9,"{""colsample_bytree"": 0.6325272450224475, ""learning_rate"": 0.05363288243936256, ""max_depth"": 12, ""min_child_samples"": 80, ""n_estimators"": 1200, ""num_leaves"": 31, ""reg_alpha"": 0.5484099576595619, ""reg_lambda"": 8.662930182197005, ""subsample"": 0.975621246960828, ""subsample_freq"": 1}",39654,9914,0.8644650774071352,0.6979942775061785
2,43,LightGBM,10,"{""colsample_bytree"": 0.6250476513898583, ""learning_rate"": 0.06832060644144383, ""max_depth"": 8, ""min_child_samples"": 5, ""n_estimators"": 900, ""num_leaves"": 95, ""reg_alpha"": 0.26296348493849053, ""reg_lambda"": 2.761318486199496, ""subsample"": 0.8184280983359278, ""subsample_freq"": 1}",39654,9914,0.8751409541179128,0.753242793088091
2,43,LightGBM,11,"{""colsample_bytree"": 0.6618262904768089, ""learning_rate"": 0.014917160249016672, ""max_depth"": 12, ""min_child_samples"": 5, ""n_estimators"": 600, ""num_leaves"": 31, ""reg_alpha"": 0.0002776580770699217, ""reg_lambda"": 2.991163643819569, ""subsample"": 0.7383308569685358, ""subsample_freq"": 1}",39654,9914,0.8374871290109467,0.7498254567679478
2,43,LightGBM,12,"{""colsample_bytree"": 0.9211714209632139, ""learning_rate"": 0.024467077985268027, ""max_depth"": -1, ""min_child_samples"": 80, ""n_estimators"": 1200, ""num_leaves"": 95, ""reg_alpha"": 0.015976286234633916, ""reg_lambda"": 0.0027386003983928104, ""subsample"": 0.7004227782290995, ""subsample_freq"": 1}",39654,9914,0.875913880768769,0.5437988107684812
2,43,LightGBM,13,"{""colsample_bytree"": 0.689230614696468, ""learning_rate"": 0.016043855656126534, ""max_depth"": 8, ""min_child_samples"": 40, ""n_estimators"": 300, ""num_leaves"": 95, ""reg_alpha"": 0.00028620645591924843, ""reg_lambda"": 0.03048629524022907, ""subsample"": 0.9400800511895452, ""subsample_freq"": 1}",39654,9914,0.8068986242576677,0.7586640000380783
2,43,LightGBM,14,"{""colsample_bytree"": 0.8336371790179324, ""learning_rate"": 0.04182146539353768, ""max_depth"": 12, ""min_child_samples"": 10, ""n_estimators"": 900, ""num_leaves"": 63, ""reg_alpha"": 0.00082119438484628, ""reg_lambda"": 0.0027965540142871766, ""subsample"": 0.8030223411494277, ""subsample_freq"": 1}",39654,9914,0.8783846715116952,0.6400518819783487
2,43,LightGBM,15,"{""colsample_bytree"": 0.6625483572133145, ""learning_rate"": 0.0317829297344848, ""max_depth"": 12, ""min_child_samples"": 5, ""n_estimators"": 1200, ""num_leaves"": 63, ""reg_alpha"": 0.01308160327564709, ""reg_lambda"": 4.73652158422167, ""subsample"": 0.9578558908827967, ""subsample_freq"": 1}",39654,9914,0.8757011086908663,0.712717228520467
2,43,LightGBM,16,"{""colsample_bytree"": 0.7376053114200236, ""learning_rate"": 0.05565676704963944, ""max_depth"": -1, ""min_child_samples"": 40, ""n_estimators"": 600, ""num_leaves"": 127, ""reg_alpha"": 0.07239524546909563, ""reg_lambda"": 9.671843318312956, ""subsample"": 0.9340330662875055, ""subsample_freq"": 1}",39654,9914,0.8827976321077644,0.5206777319435996
2,43,LightGBM,17,"{""colsample_bytree"": 0.8349994624767311, ""learning_rate"": 0.03638492297279052, ""max_depth"": 8, ""min_child_samples"": 5, ""n_estimators"": 900, ""num_leaves"": 95, ""reg_alpha"": 0.0010395149297433275, ""reg_lambda"": 0.04887947463636999, ""subsample"": 0.8995551424623462, ""subsample_freq"": 1}",39654,9914,0.8697932294162413,0.7256604345777931
2,43,LightGBM,18,"{""colsample_bytree"": 0.6392231773836424, ""learning_rate"": 0.024048674796487403, ""max_depth"": 12, ""min_child_samples"": 5, ""n_estimators"": 900, ""num_leaves"": 63, ""reg_alpha"": 0.20505665046904023, ""reg_lambda"": 0.28883368684249167, ""subsample"": 0.8691535309422016, ""subsample_freq"": 1}",39654,9914,0.8775387272757007,0.6428639436776449
2,43,LightGBM,19,"{""colsample_bytree"": 0.7581448039649841, ""learning_rate"": 0.08889631443252281, ""max_depth"": 16, ""min_child_samples"": 10, ""n_estimators"": 900, ""num_leaves"": 127, ""reg_alpha"": 0.0010249285382925748, ""reg_lambda"": 4.661677846434421, ""subsample"": 0.7313732407441657, ""subsample_freq"": 1}",39654,9914,0.8754803672248825,0.5398846538616162
2,43,LightGBM,20,"{""colsample_bytree"": 0.8385681603907649, ""learning_rate"": 0.03243845761457513, ""max_depth"": 12, ""min_child_samples"": 80, ""n_estimators"": 1200, ""num_leaves"": 63, ""reg_alpha"": 0.009363085274973783, ""reg_lambda"": 1.7082845070143624, ""subsample"": 0.9813861330231726, ""subsample_freq"": 1}",39654,9914,0.8621634010558978,0.7693468347374339
2,43,LightGBM,21,"{""colsample_bytree"": 0.9167000140514912, ""learning_rate"": 0.03580879018715952, ""max_depth"": 8, ""min_child_samples"": 80, ""n_estimators"": 300, ""num_leaves"": 63, ""reg_alpha"": 0.030810417039941668, ""reg_lambda"": 7.469137773171049, ""subsample"": 0.9239520794315516, ""subsample_freq"": 1}",39654,9914,0.8121218648468513,0.7911040447043737
2,43,LightGBM,22,"{""colsample_bytree"": 0.9793909469408276, ""learning_rate"": 0.0270284881749582, ""max_depth"": -1, ""min_child_samples"": 20, ""n_estimators"": 300, ""num_leaves"": 31, ""reg_alpha"": 0.0029594088824558065, ""reg_lambda"": 0.0006863663596272173, ""subsample"": 0.8357436158646263, ""subsample_freq"": 1}",39654,9914,0.8458367929939821,0.7130411708738373
2,43,LightGBM,23,"{""colsample_bytree"": 0.8028286665750766, ""learning_rate"": 0.07409904920960342, ""max_depth"": 12, ""min_child_samples"": 40, ""n_estimators"": 300, ""num_leaves"": 95, ""reg_alpha"": 0.0002562947295568478, ""reg_lambda"": 1.8348244768519526, ""subsample"": 0.9733117060674967, ""subsample_freq"": 1}",39654,9914,0.8587935387017677,0.6596715941568572
2,43,LightGBM,24,"{""colsample_bytree"": 0.6725441180317345, ""learning_rate"": 0.01799253079208816, ""max_depth"": 12, ""min_child_samples"": 5, ""n_estimators"": 1200, ""num_leaves"": 63, ""reg_alpha"": 0.17635926428553786, ""reg_lambda"": 0.00010985145685401324, ""subsample"": 0.9545030317637238, ""subsample_freq"": 1}",39654,9914,0.8782034424897855,0.6573370848719233
2,43,LightGBM,25,"{""colsample_bytree"": 0.9524376669768171, ""learning_rate"": 0.015088949465264373, ""max_depth"": 16, ""min_child_samples"": 10, ""n_estimators"": 900, ""num_leaves"": 127, ""reg_alpha"": 0.002894047361227145, ""reg_lambda"": 0.00011128369699111642, ""subsample"": 0.7959149679435089, ""subsample_freq"": 1}",39654,9914,0.874624023664588,0.5504350872141905
2,43,LightGBM,26,"{""colsample_bytree"": 0.9638265477375179, ""learning_rate"": 0.06321831405531043, ""max_depth"": -1, ""min_child_samples"": 5, ""n_estimators"": 1200, ""num_leaves"": 31, ""reg_alpha"": 0.0030287065771960444, ""reg_lambda"": 0.022748372990291036, ""subsample"": 0.9180582072079924, ""subsample_freq"": 1}",39654,9914,0.8779365333964203,0.6251432911321929
2,43,LightGBM,27,"{""colsample_bytree"": 0.8285542444687868, ""learning_rate"": 0.03290508384235282, ""max_depth"": 8, ""min_child_samples"": 5, ""n_estimators"": 600, ""num_leaves"": 95, ""reg_alpha"": 0.024678589551030267, ""reg_lambda"": 4.5001428284212235, ""subsample"": 0.9310547274446859, ""subsample_freq"": 1}",39654,9914,0.8538068700669968,0.7532309555335027
2,43,LightGBM,28,"{""colsample_bytree"": 0.9732430122537756, ""learning_rate"": 0.01177691520591822, ""max_depth"": 12, ""min_child_samples"": 5, ""n_estimators"": 300, ""num_leaves"": 127, ""reg_alpha"": 0.05429760491261565, ""reg_lambda"": 0.1320447878638626, ""subsample"": 0.8517533883759456, ""subsample_freq"": 1}",39654,9914,0.8333629880314587,0.6669713871126987
2,43,LightGBM,29,"{""colsample_bytree"": 0.6886324424766145, ""learning_rate"": 0.017475082750706104, ""max_depth"": 12, ""min_child_samples"": 80, ""n_estimators"": 300, ""num_leaves"": 63, ""reg_alpha"": 0.2783723220708344, ""reg_lambda"": 0.00021582208917165957, ""subsample"": 0.8945234352009513, ""subsample_freq"": 1}",39654,9914,0.81910637861522,0.7270281042593127
2,43,LightGBM,30,"{""colsample_bytree"": 0.7603252424286875, ""learning_rate"": 0.05060366585350821, ""max_depth"": 12, ""min_child_samples"": 10, ""n_estimators"": 1200, ""num_leaves"": 95, ""reg_alpha"": 0.018097018544755254, ""reg_lambda"": 0.095065570253016, ""subsample"": 0.775186905725182, ""subsample_freq"": 1}",39654,9914,0.8793234821662649,0.6723118356307342
2,43,LightGBM,31,"{""colsample_bytree"": 0.6297494330439605, ""learning_rate"": 0.03869995559966215, ""max_depth"": 8, ""min_child_samples"": 5, ""n_estimators"": 300, ""num_leaves"": 63, ""reg_alpha"": 0.010860290466891598, ""reg_lambda"": 0.00020629975947199095, ""subsample"": 0.9988655201441348, ""subsample_freq"": 1}",39654,9914,0.8413149575864294,0.7552741433289508
2,43,LightGBM,32,"{""colsample_bytree"": 0.9290314395153261, ""learning_rate"": 0.09296139096570451, ""max_depth"": -1, ""min_child_samples"": 5, ""n_estimators"": 600, ""num_leaves"": 95, ""reg_alpha"": 0.0006648938515651666, ""reg_lambda"": 0.0027355945690838543, ""subsample"": 0.8268392821839397, ""subsample_freq"": 1}",39654,9914,0.8807524491239064,0.6966935176774425
2,43,LightGBM,33,"{""colsample_bytree"": 0.8531030242227879, ""learning_rate"": 0.07221571648405052, ""max_depth"": -1, ""min_child_samples"": 20, ""n_estimators"": 1200, ""num_leaves"": 127, ""reg_alpha"": 0.06262439346516381, ""reg_lambda"": 0.3234273592578931, ""subsample"": 0.9201340776420959, ""subsample_freq"": 1}",39654,9914,0.8789503447018018,0.4909581754701698
2,43,LightGBM,34,"{""colsample_bytree"": 0.895303472827857, ""learning_rate"": 0.011102020333644162, ""max_depth"": 12, ""min_child_samples"": 10, ""n_estimators"": 1200, ""num_leaves"": 127, ""reg_alpha"": 0.003314881204103546, ""reg_lambda"": 0.13716540870903918, ""subsample"": 0.8438629609627055, ""subsample_freq"": 1}",39654,9914,0.8691161602997318,0.6236631175854592
2,43,LightGBM,35,"{""colsample_bytree"": 0.8836910519840682, ""learning_rate"": 0.014626239360917467, ""max_depth"": 16, ""min_child_samples"": 10, ""n_estimators"": 300, ""num_leaves"": 95, ""reg_alpha"": 0.00013052522506313053, ""reg_lambda"": 0.02338969674920793, ""subsample"": 0.7403850784852744, ""subsample_freq"": 1}",39654,9914,0.8494812178673523,0.6981302130551977
2,43,LightGBM,36,"{""colsample_bytree"": 0.8076097549492165, ""learning_rate"": 0.025330662496106215, ""max_depth"": 8, ""min_child_samples"": 80, ""n_estimators"": 600, ""num_leaves"": 63, ""reg_alpha"": 0.28347753414499743, ""reg_lambda"": 5.011415204475415, ""subsample"": 0.8186822858941709, ""subsample_freq"": 1}",39654,9914,0.8273202037102962,0.741646854664511
2,43,LightGBM,37,"{""colsample_bytree"": 0.9491422902375066, ""learning_rate"": 0.0872764122215475, ""max_depth"": 12, ""min_child_samples"": 20, ""n_estimators"": 900, ""num_leaves"": 63, ""reg_alpha"": 0.009182253196627643, ""reg_lambda"": 0.0005212147668024146, ""subsample"": 0.826261363959541, ""subsample_freq"": 1}",39654,9914,0.874701406734297,0.5431732179543242
2,43,LightGBM,38,"{""colsample_bytree"": 0.6377984368401968, ""learning_rate"": 0.024139939425032845, ""max_depth"": 12, ""min_child_samples"": 5, ""n_estimators"": 300, ""num_leaves"": 95, ""reg_alpha"": 0.0027841111501552248, ""reg_lambda"": 0.004289625486310174, ""subsample"": 0.7390309510667742, ""subsample_freq"": 1}",39654,9914,0.8538301715022055,0.7105444496887307
2,43,LightGBM,39,"{""colsample_bytree"": 0.7786350982605219, ""learning_rate"": 0.01422760658309493, ""max_depth"": 12, ""min_child_samples"": 10, ""n_estimators"": 300, ""num_leaves"": 95, ""reg_alpha"": 0.00017448526916992883, ""reg_lambda"": 0.0476044718149781, ""subsample"": 0.811617674080024, ""subsample_freq"": 1}",39654,9914,0.8435660407710452,0.6354949838110099
2,43,LightGBM,40,"{""colsample_bytree"": 0.9952717535011402, ""learning_rate"": 0.015155868928083195, ""max_depth"": 16, ""min_child_samples"": 40, ""n_estimators"": 300, ""num_leaves"": 63, ""reg_alpha"": 0.0013034444818765785, ""reg_lambda"": 0.49399446557018545, ""subsample"": 0.9139000951998937, ""subsample_freq"": 1}",39654,9914,0.8314580817871875,0.7217160252073176
2,43,LightGBM,41,"{""colsample_bytree"": 0.8900567332943284, ""learning_rate"": 0.01830033242763682, ""max_depth"": 12, ""min_child_samples"": 80, ""n_estimators"": 900, ""num_leaves"": 63, ""reg_alpha"": 0.01399723349470057, ""reg_lambda"": 0.03601320706978564, ""subsample"": 0.9258812519498116, ""subsample_freq"": 1}",39654,9914,0.849972098889423,0.7310238100247727
2,43,LightGBM,42,"{""colsample_bytree"": 0.7735755852804147, ""learning_rate"": 0.014557046527215622, ""max_depth"": 8, ""min_child_samples"": 40, ""n_estimators"": 900, ""num_leaves"": 63, ""reg_alpha"": 0.32539525542996406, ""reg_lambda"": 0.0005336729259393533, ""subsample"": 0.7393173544205202, ""subsample_freq"": 1}",39654,9914,0.8399399884815931,0.7001115419219084
2,43,LightGBM,43,"{""colsample_bytree"": 0.9735724053573216, ""learning_rate"": 0.011669622955246838, ""max_depth"": 12, ""min_child_samples"": 5, ""n_estimators"": 1200, ""num_leaves"": 127, ""reg_alpha"": 0.00012424082185251192, ""reg_lambda"": 5.972881546188149, ""subsample"": 0.9241753759512346, ""subsample_freq"": 1}",39654,9914,0.8596868847859064,0.6934581790193901
2,43,LightGBM,44,"{""colsample_bytree"": 0.6097053233084292, ""learning_rate"": 0.026929822523748256, ""max_depth"": 16, ""min_child_samples"": 5, ""n_estimators"": 600, ""num_leaves"": 63, ""reg_alpha"": 0.5804279565629995, ""reg_lambda"": 0.00019300627077765867, ""subsample"": 0.7311184971229411, ""subsample_freq"": 1}",39654,9914,0.8764961134607896,0.7579718554727491
2,43,LightGBM,45,"{""colsample_bytree"": 0.846716954030937, ""learning_rate"": 0.03787202460990521, ""max_depth"": 12, ""min_child_samples"": 10, ""n_estimators"": 1200, ""num_leaves"": 63, ""reg_alpha"": 0.007434905147340224, ""reg_lambda"": 0.8936736859956801, ""subsample"": 0.9323058847715486, ""subsample_freq"": 1}",39654,9914,0.8790874386990984,0.8209213635999429
2,43,LightGBM,46,"{""colsample_bytree"": 0.7466246847680225, ""learning_rate"": 0.0976217807290724, ""max_depth"": -1, ""min_child_samples"": 20, ""n_estimators"": 1200, ""num_leaves"": 127, ""reg_alpha"": 0.001920703503997878, ""reg_lambda"": 5.622470413662975, ""subsample"": 0.7337535606211892, ""subsample_freq"": 1}",39654,9914,0.8763766596139405,0.6555140717591134
2,43,LightGBM,47,"{""colsample_bytree"": 0.7544066165840229, ""learning_rate"": 0.06274494567899791, ""max_depth"": 16, ""min_child_samples"": 80, ""n_estimators"": 1200, ""num_leaves"": 127, ""reg_alpha"": 0.00025861789787168964, ""reg_lambda"": 1.0879846323597901, ""subsample"": 0.9136214172499995, ""subsample_freq"": 1}",39654,9914,0.8688448063118185,0.5506674389148885
2,43,LightGBM,48,"{""colsample_bytree"": 0.8201915565815379, ""learning_rate"": 0.03759913169830614, ""max_depth"": 16, ""min_child_samples"": 20, ""n_estimators"": 900, ""num_leaves"": 95, ""reg_alpha"": 0.2517279701604203, ""reg_lambda"": 2.3998536986634544, ""subsample"": 0.8847316360718686, ""subsample_freq"": 1}",39654,9914,0.8793015722660015,0.605833971250737
2,43,LightGBM,49,"{""colsample_bytree"": 0.8702056043983325, ""learning_rate"": 0.09100267631516738, ""max_depth"": 12, ""min_child_samples"": 10, ""n_estimators"": 1200, ""num_leaves"": 63, ""reg_alpha"": 0.6838840598560914, ""reg_lambda"": 2.5887464523550516, ""subsample"": 0.9011046290154916, ""subsample_freq"": 1}",39654,9914,0.8768907733445951,0.5720673502452717
2,43,LightGBM,50,"{""colsample_bytree"": 0.7092675127217216, ""learning_rate"": 0.016341102014014293, ""max_depth"": -1, ""min_child_samples"": 80, ""n_estimators"": 300, ""num_leaves"": 127, ""reg_alpha"": 0.008971012836521877, ""reg_lambda"": 0.28416572932223455, ""subsample"": 0.8495522943095765, ""subsample_freq"": 1}",39654,9914,0.8636320005832572,0.7077963989140702
2,43,XGBoost,1,"{""colsample_bytree"": 0.9017442976840472, ""gamma"": 0.3270825211810946, ""learning_rate"": 0.07664120827150468, ""max_depth"": 12, ""min_child_weight"": 10, ""n_estimators"": 900, ""reg_alpha"": 0.0050535978924926605, ""reg_lambda"": 2.0884398409226637, ""subsample"": 0.7209432292800031}",39654,9914,0.8689832294497,0.4798970520496368
2,43,XGBoost,2,"{""colsample_bytree"": 0.9478892812688333, ""gamma"": 0.730450441467793, ""learning_rate"": 0.06780611503424186, ""max_depth"": 5, ""min_child_weight"": 3, ""n_estimators"": 1200, ""reg_alpha"": 0.09081678026080148, ""reg_lambda"": 3.533630411301372, ""subsample"": 0.9156668125644094}",39654,9914,0.8601164246234781,0.7299161553382874
2,43,XGBoost,3,"{""colsample_bytree"": 0.6685581588309321, ""gamma"": 0.2968560587419863, ""learning_rate"": 0.03335109888072515, ""max_depth"": 9, ""min_child_weight"": 5, ""n_estimators"": 900, ""reg_alpha"": 0.2596326910982589, ""reg_lambda"": 4.5696406105107, ""subsample"": 0.8738018849096818}",39654,9914,0.8625771878184042,0.6423654556274414
2,43,XGBoost,4,"{""colsample_bytree"": 0.8570305878433526, ""gamma"": 0.2929284019355367, ""learning_rate"": 0.036160276748769704, ""max_depth"": 9, ""min_child_weight"": 3, ""n_estimators"": 300, ""reg_alpha"": 0.00016488450650917468, ""reg_lambda"": 1.6954276194126596, ""subsample"": 0.936539356046314}",39654,9914,0.8445919187624226,0.7259088754653931
2,43,XGBoost,5,"{""colsample_bytree"": 0.7821948636679317, ""gamma"": 0.5884987057559079, ""learning_rate"": 0.026196862576458396, ""max_depth"": 5, ""min_child_weight"": 1, ""n_estimators"": 900, ""reg_alpha"": 0.011863666986054604, ""reg_lambda"": 1.1934925301497739, ""subsample"": 0.9242062876834656}",39654,9914,0.8337757341260523,0.743939995765686
2,43,XGBoost,6,"{""colsample_bytree"": 0.8295873597451134, ""gamma"": 0.5658549038145324, ""learning_rate"": 0.015424587162406203, ""max_depth"": 9, ""min_child_weight"": 5, ""n_estimators"": 1200, ""reg_alpha"": 0.25685667848615695, ""reg_lambda"": 0.39608105352054407, ""subsample"": 0.7424753553177311}",39654,9914,0.8580059095238579,0.6159225106239319
2,43,XGBoost,7,"{""colsample_bytree"": 0.6161338893224199, ""gamma"": 0.15077602394092693, ""learning_rate"": 0.03281498294893493, ""max_depth"": 3, ""min_child_weight"": 1, ""n_estimators"": 1200, ""reg_alpha"": 0.05787428930236074, ""reg_lambda"": 0.7270370513893818, ""subsample"": 0.8118683344155024}",39654,9914,0.8243104711596355,0.8071824312210083
2,43,XGBoost,8,"{""colsample_bytree"": 0.9574265902555615, ""gamma"": 0.8700274516911469, ""learning_rate"": 0.011107345985011069, ""max_depth"": 5, ""min_child_weight"": 5, ""n_estimators"": 900, ""reg_alpha"": 0.0025936361121516463, ""reg_lambda"": 0.17738294842243033, ""subsample"": 0.7395565643824413}",39654,9914,0.7971117278982668,0.8028436303138733
2,43,XGBoost,9,"{""colsample_bytree"": 0.6948808877665731, ""gamma"": 0.46382715673433705, ""learning_rate"": 0.09784580416253787, ""max_depth"": 12, ""min_child_weight"": 3, ""n_estimators"": 300, ""reg_alpha"": 0.27311770567560634, ""reg_lambda"": 0.21931151376551006, ""subsample"": 0.7065530182794127}",39654,9914,0.8734082792512762,0.5693933367729187
2,43,XGBoost,10,"{""colsample_bytree"": 0.7679655438012138, ""gamma"": 0.7001192274109714, ""learning_rate"": 0.01344713887666887, ""max_depth"": 3, ""min_child_weight"": 5, ""n_estimators"": 1200, ""reg_alpha"": 0.0004105279556990979, ""reg_lambda"": 0.10947176933880516, ""subsample"": 0.9039479697719237}",39654,9914,0.7742331526275332,0.8071413636207581
2,43,XGBoost,11,"{""colsample_bytree"": 0.6920548899747959, ""gamma"": 0.9512917521807317, ""learning_rate"": 0.034624543652412604, ""max_depth"": 7, ""min_child_weight"": 3, ""n_estimators"": 600, ""reg_alpha"": 0.0009263804162063094, ""reg_lambda"": 0.9164531512035049, ""subsample"": 0.7667938638252092}",39654,9914,0.848871188522232,0.7786125540733337
2,43,XGBoost,12,"{""colsample_bytree"": 0.8006238525526996, ""gamma"": 0.2937979426887206, ""learning_rate"": 0.08066987705237408, ""max_depth"": 5, ""min_child_weight"": 5, ""n_estimators"": 600, ""reg_alpha"": 0.0028842553874868057, ""reg_lambda"": 0.25244917727273675, ""subsample"": 0.7523585528055373}",39654,9914,0.8517369346678743,0.6771561503410339
2,43,XGBoost,13,"{""colsample_bytree"": 0.9123526725018185, ""gamma"": 0.4808211163084294, ""learning_rate"": 0.02009344913656246, ""max_depth"": 5, ""min_child_weight"": 1, ""n_estimators"": 600, ""reg_alpha"": 0.010064334768203724, ""reg_lambda"": 8.426299812352942, ""subsample"": 0.9744016269436224}",39654,9914,0.8009715715653813,0.7851868271827698
2,43,XGBoost,14,"{""colsample_bytree"": 0.9164629388089357, ""gamma"": 0.7205107737259134, ""learning_rate"": 0.012360846614492353, ""max_depth"": 3, ""min_child_weight"": 3, ""n_estimators"": 600, ""reg_alpha"": 0.0003717243423577759, ""reg_lambda"": 2.0696623950448063, ""subsample"": 0.7036320989552127}",39654,9914,0.7316593278951881,0.7810872197151184
2,43,XGBoost,15,"{""colsample_bytree"": 0.6961993997031055, ""gamma"": 0.864070983362705, ""learning_rate"": 0.016054589679904117, ""max_depth"": 3, ""min_child_weight"": 1, ""n_estimators"": 1200, ""reg_alpha"": 0.022856914448349936, ""reg_lambda"": 0.1790896020558602, ""subsample"": 0.8075375022144039}",39654,9914,0.7904461612268106,0.8122947216033936
2,43,XGBoost,16,"{""colsample_bytree"": 0.915093740915802, ""gamma"": 0.047651595879287356, ""learning_rate"": 0.016978168686833713, ""max_depth"": 7, ""min_child_weight"": 5, ""n_estimators"": 600, ""reg_alpha"": 0.015008470576404689, ""reg_lambda"": 0.10798109657193038, ""subsample"": 0.9480467281143001}",39654,9914,0.8247059954375704,0.7723304033279419
2,43,XGBoost,17,"{""colsample_bytree"": 0.6695893367051245, ""gamma"": 0.665875243091165, ""learning_rate"": 0.010727667336120197, ""max_depth"": 12, ""min_child_weight"": 1, ""n_estimators"": 600, ""reg_alpha"": 0.12085847739065635, ""reg_lambda"": 0.3476434895019201, ""subsample"": 0.7394243892236202}",39654,9914,0.8526601226392657,0.698498010635376
2,43,XGBoost,18,"{""colsample_bytree"": 0.7050495770869836, ""gamma"": 0.4189987275645918, ""learning_rate"": 0.05810335414994538, ""max_depth"": 3, ""min_child_weight"": 10, ""n_estimators"": 300, ""reg_alpha"": 0.004684876712799215, ""reg_lambda"": 0.9579896762356618, ""subsample"": 0.9902601158819901}",39654,9914,0.7751600103178939,0.7987235188484192
2,43,XGBoost,19,"{""colsample_bytree"": 0.7744335771293889, ""gamma"": 0.6462610866007628, ""learning_rate"": 0.02700342415309448, ""max_depth"": 3, ""min_child_weight"": 1, ""n_estimators"": 600, ""reg_alpha"": 0.0001789742998169198, ""reg_lambda"": 2.9299238768905735, ""subsample"": 0.8360831729289011}",39654,9914,0.774553828433546,0.8059149980545044
2,43,XGBoost,20,"{""colsample_bytree"": 0.6896855066485031, ""gamma"": 0.7020722852891974, ""learning_rate"": 0.03025118648095885, ""max_depth"": 12, ""min_child_weight"": 3, ""n_estimators"": 300, ""reg_alpha"": 0.0003461442714996936, ""reg_lambda"": 4.507012540013577, ""subsample"": 0.8767758640515411}",39654,9914,0.853723165207663,0.6948140263557434
2,43,XGBoost,21,"{""colsample_bytree"": 0.6004734382457535, ""gamma"": 0.38274466670952356, ""learning_rate"": 0.01670659312487799, ""max_depth"": 5, ""min_child_weight"": 10, ""n_estimators"": 900, ""reg_alpha"": 0.04217967551963231, ""reg_lambda"": 0.18023623149452236, ""subsample"": 0.8740078950111079}",39654,9914,0.8145303222256738,0.7624548673629761
2,43,XGBoost,22,"{""colsample_bytree"": 0.8657717565404526, ""gamma"": 0.4419188369304957, ""learning_rate"": 0.019845467202357924, ""max_depth"": 9, ""min_child_weight"": 3, ""n_estimators"": 900, ""reg_alpha"": 0.010150611271381879, ""reg_lambda"": 1.1792060748403208, ""subsample"": 0.9684202290853865}",39654,9914,0.8576528624625119,0.6968516111373901
2,43,XGBoost,23,"{""colsample_bytree"": 0.939202310345064, ""gamma"": 0.42881050347623995, ""learning_rate"": 0.093326735538479, ""max_depth"": 3, ""min_child_weight"": 10, ""n_estimators"": 300, ""reg_alpha"": 0.0013970281066031716, ""reg_lambda"": 0.8502422169930028, ""subsample"": 0.8275380434115105}",39654,9914,0.7992174651457784,0.8131192922592163
2,43,XGBoost,24,"{""colsample_bytree"": 0.6621477429040353, ""gamma"": 0.3009159082462135, ""learning_rate"": 0.0691338284508026, ""max_depth"": 7, ""min_child_weight"": 3, ""n_estimators"": 1200, ""reg_alpha"": 0.00014761794855555133, ""reg_lambda"": 7.02843933664061, ""subsample"": 0.8236634774961398}",39654,9914,0.8674579828916652,0.6460467576980591
2,43,XGBoost,25,"{""colsample_bytree"": 0.7828547264578885, ""gamma"": 0.46226934476331083, ""learning_rate"": 0.024235612100030564, ""max_depth"": 3, ""min_child_weight"": 10, ""n_estimators"": 900, ""reg_alpha"": 0.011413888439082408, ""reg_lambda"": 0.17812670672434605, ""subsample"": 0.8551870519586503}",39654,9914,0.7890466901224205,0.8154468536376953
2,43,XGBoost,26,"{""colsample_bytree"": 0.9239082818126766, ""gamma"": 0.6323673586971351, ""learning_rate"": 0.04532543545857753, ""max_depth"": 12, ""min_child_weight"": 3, ""n_estimators"": 1200, ""reg_alpha"": 0.00819544250744034, ""reg_lambda"": 0.26412992025416865, ""subsample"": 0.8927939699552572}",39654,9914,0.8763740539156517,0.6032783389091492
2,43,XGBoost,27,"{""colsample_bytree"": 0.7329357371256109, ""gamma"": 0.9819260475703528, ""learning_rate"": 0.0670265885910223, ""max_depth"": 7, ""min_child_weight"": 3, ""n_estimators"": 1200, ""reg_alpha"": 0.004223102153474591, ""reg_lambda"": 0.12298678051286617, ""subsample"": 0.8243483485813965}",39654,9914,0.8721514042209417,0.5366261005401611
2,43,XGBoost,28,"{""colsample_bytree"": 0.7176170451419365, ""gamma"": 0.13292479255658263, ""learning_rate"": 0.03624831873992204, ""max_depth"": 7, ""min_child_weight"": 5, ""n_estimators"": 1200, ""reg_alpha"": 0.0016545384358148962, ""reg_lambda"": 0.2649816457132558, ""subsample"": 0.7283933232530148}",39654,9914,0.8632622005852898,0.658869743347168
2,43,XGBoost,29,"{""colsample_bytree"": 0.7368379045382886, ""gamma"": 0.14047445011840132, ""learning_rate"": 0.01566624666289791, ""max_depth"": 12, ""min_child_weight"": 5, ""n_estimators"": 900, ""reg_alpha"": 0.00016913884458324445, ""reg_lambda"": 3.0857882495250526, ""subsample"": 0.76242494075704}",39654,9914,0.8635599031692628,0.6452111601829529
2,43,XGBoost,30,"{""colsample_bytree"": 0.6246411564249593, ""gamma"": 0.9073462309060805, ""learning_rate"": 0.01140144800963846, ""max_depth"": 12, ""min_child_weight"": 1, ""n_estimators"": 600, ""reg_alpha"": 0.0002118814873992778, ""reg_lambda"": 5.7970610901317, ""subsample"": 0.7311309577409469}",39654,9914,0.8465834319007931,0.7029021978378296
2,43,XGBoost,31,"{""colsample_bytree"": 0.7198879126778321, ""gamma"": 0.15375299852895907, ""learning_rate"": 0.05606743740030061, ""max_depth"": 9, ""min_child_weight"": 3, ""n_estimators"": 600, ""reg_alpha"": 0.03572557555958115, ""reg_lambda"": 0.7354284629163629, ""subsample"": 0.8886221891201171}",39654,9914,0.8690396242983409,0.6520284414291382
2,43,XGBoost,32,"{""colsample_bytree"": 0.7230620195742498, ""gamma"": 0.901509653536091, ""learning_rate"": 0.01161243366400551, ""max_depth"": 5, ""min_child_weight"": 1, ""n_estimators"": 300, ""reg_alpha"": 0.1989242726623285, ""reg_lambda"": 8.131956805416381, ""subsample"": 0.7883639869944579}",39654,9914,0.7443010906413279,0.7653587460517883
2,43,XGBoost,33,"{""colsample_bytree"": 0.7934029447568061, ""gamma"": 0.44896753757875507, ""learning_rate"": 0.0972362368119343, ""max_depth"": 7, ""min_child_weight"": 3, ""n_estimators"": 1200, ""reg_alpha"": 0.002894846712603036, ""reg_lambda"": 3.3982200165661074, ""subsample"": 0.921444977052329}",39654,9914,0.8697698494555164,0.6009269952774048
2,43,XGBoost,34,"{""colsample_bytree"": 0.6577921641903314, ""gamma"": 0.36996435682039497, ""learning_rate"": 0.04620634291423963, ""max_depth"": 9, ""min_child_weight"": 1, ""n_estimators"": 1200, ""reg_alpha"": 0.5589827376986725, ""reg_lambda"": 1.1191763335630884, ""subsample"": 0.8637927274210491}",39654,9914,0.8745560660872914,0.6265703439712524
2,43,XGBoost,35,"{""colsample_bytree"": 0.6166219292854072, ""gamma"": 0.2976949297423619, ""learning_rate"": 0.08033908813038143, ""max_depth"": 7, ""min_child_weight"": 3, ""n_estimators"": 600, ""reg_alpha"": 0.00016003420456815794, ""reg_lambda"": 0.5819478569025764, ""subsample"": 0.7881566164326155}",39654,9914,0.8680588269756937,0.6886462569236755
2,43,XGBoost,36,"{""colsample_bytree"": 0.9905424942838632, ""gamma"": 0.7671852479180793, ""learning_rate"": 0.01712822069242757, ""max_depth"": 9, ""min_child_weight"": 5, ""n_estimators"": 900, ""reg_alpha"": 0.26870963742128295, ""reg_lambda"": 0.11126665994971045, ""subsample"": 0.9876908395557622}",39654,9914,0.8523627059964146,0.7358322143554688
2,43,XGBoost,37,"{""colsample_bytree"": 0.6740481697990832, ""gamma"": 0.26170460187814915, ""learning_rate"": 0.05600191822445877, ""max_depth"": 3, ""min_child_weight"": 3, ""n_estimators"": 600, ""reg_alpha"": 0.22139527562023237, ""reg_lambda"": 0.20993633501852507, ""subsample"": 0.9927125339373024}",39654,9914,0.8115487434689667,0.8000234961509705
2,43,XGBoost,38,"{""colsample_bytree"": 0.9078006450297846, ""gamma"": 0.11363574875574067, ""learning_rate"": 0.052162974369363097, ""max_depth"": 7, ""min_child_weight"": 10, ""n_estimators"": 1200, ""reg_alpha"": 0.024957691801871944, ""reg_lambda"": 0.8909181903733324, ""subsample"": 0.9646495373130393}",39654,9914,0.8646245151321681,0.768978476524353
2,43,XGBoost,39,"{""colsample_bytree"": 0.7357557369743719, ""gamma"": 0.6904733686049939, ""learning_rate"": 0.09409204008192446, ""max_depth"": 12, ""min_child_weight"": 3, ""n_estimators"": 1200, ""reg_alpha"": 0.0015894248885599434, ""reg_lambda"": 1.930675754819072, ""subsample"": 0.874004336398375}",39654,9914,0.8754955908212078,0.6794238090515137
2,43,XGBoost,40,"{""colsample_bytree"": 0.7697035711527308, ""gamma"": 0.23524209720836686, ""learning_rate"": 0.09806568225544629, ""max_depth"": 9, ""min_child_weight"": 5, ""n_estimators"": 600, ""reg_alpha"": 0.05826388780958507, ""reg_lambda"": 0.5617983662058645, ""subsample"": 0.7105920934166206}",39654,9914,0.8680040167579701,0.6635836958885193
2,43,XGBoost,41,"{""colsample_bytree"": 0.9155776509679057, ""gamma"": 0.006842387668784644, ""learning_rate"": 0.02923126852888744, ""max_depth"": 12, ""min_child_weight"": 1, ""n_estimators"": 900, ""reg_alpha"": 0.02073987108677485, ""reg_lambda"": 5.041790678287803, ""subsample"": 0.9644800182189687}",39654,9914,0.8689121023321068,0.5831154584884644
2,43,XGBoost,42,"{""colsample_bytree"": 0.9735009919052927, ""gamma"": 0.5814375599090016, ""learning_rate"": 0.05071230186699844, ""max_depth"": 3, ""min_child_weight"": 10, ""n_estimators"": 300, ""reg_alpha"": 0.0014476398072953214, ""reg_lambda"": 0.36054748301251277, ""subsample"": 0.7682071740668931}",39654,9914,0.7705708783041292,0.8119485974311829
2,43,XGBoost,43,"{""colsample_bytree"": 0.7199936802771632, ""gamma"": 0.059805533716681625, ""learning_rate"": 0.01711080410852687, ""max_depth"": 12, ""min_child_weight"": 10, ""n_estimators"": 300, ""reg_alpha"": 0.14649696548074073, ""reg_lambda"": 0.16440189297768576, ""subsample"": 0.9948159184082426}",39654,9914,0.8402038964250161,0.6355164051055908
2,43,XGBoost,44,"{""colsample_bytree"": 0.7743087810958476, ""gamma"": 0.6771890885299362, ""learning_rate"": 0.02060868038215619, ""max_depth"": 12, ""min_child_weight"": 1, ""n_estimators"": 1200, ""reg_alpha"": 0.0006024761020589188, ""reg_lambda"": 0.4387616240299305, ""subsample"": 0.9387103734663967}",39654,9914,0.874770484317978,0.7106941938400269
2,43,XGBoost,45,"{""colsample_bytree"": 0.6422881261564019, ""gamma"": 0.16960278784908922, ""learning_rate"": 0.09623961794550774, ""max_depth"": 3, ""min_child_weight"": 3, ""n_estimators"": 600, ""reg_alpha"": 0.4706434728325501, ""reg_lambda"": 1.0269349134117605, ""subsample"": 0.8164688121603076}",39654,9914,0.8297881100155696,0.8068957328796387
2,43,XGBoost,46,"{""colsample_bytree"": 0.9438050055185446, ""gamma"": 0.23807192564561108, ""learning_rate"": 0.027074485033855317, ""max_depth"": 3, ""min_child_weight"": 3, ""n_estimators"": 1200, ""reg_alpha"": 0.002632081513798916, ""reg_lambda"": 0.7083057282005183, ""subsample"": 0.9469620284733749}",39654,9914,0.8099302979895545,0.7091090083122253
2,43,XGBoost,47,"{""colsample_bytree"": 0.6046198637904804, ""gamma"": 0.04663559628824465, ""learning_rate"": 0.0346650558184166, ""max_depth"": 5, ""min_child_weight"": 1, ""n_estimators"": 1200, ""reg_alpha"": 0.0006147569380636124, ""reg_lambda"": 2.907479568309585, ""subsample"": 0.8991028578642226}",39654,9914,0.8514765029245792,0.7875620126724243
2,43,XGBoost,48,"{""colsample_bytree"": 0.6368243863183393, ""gamma"": 0.1350158926210231, ""learning_rate"": 0.045491444027409546, ""max_depth"": 5, ""min_child_weight"": 5, ""n_estimators"": 1200, ""reg_alpha"": 0.0016507950603592537, ""reg_lambda"": 0.7359850602135939, ""subsample"": 0.7254102038338229}",39654,9914,0.85574627679128,0.7265734672546387
2,43,XGBoost,49,"{""colsample_bytree"": 0.6705468389819137, ""gamma"": 0.9012145306612862, ""learning_rate"": 0.08858891384814588, ""max_depth"": 7, ""min_child_weight"": 3, ""n_estimators"": 1200, ""reg_alpha"": 0.08946198834824806, ""reg_lambda"": 0.42731651061378895, ""subsample"": 0.9432339321829485}",39654,9914,0.8712287090976396,0.6341555118560791
2,43,XGBoost,50,"{""colsample_bytree"": 0.8352792088011669, ""gamma"": 0.6765725176777986, ""learning_rate"": 0.01314941103166923, ""max_depth"": 9, ""min_child_weight"": 1, ""n_estimators"": 300, ""reg_alpha"": 0.004008168491248213, ""reg_lambda"": 0.19464247756538336, ""subsample"": 0.9638143579034741}",39654,9914,0.8155578387564615,0.6912454962730408
2,43,LogisticRegression,1,"{""C"": 0.00044608465504077647, ""class_weight"": null, ""penalty"": ""l2""}",39654,9914,0.6118262241137987,0.182292045888441
2,43,LogisticRegression,2,"{""C"": 0.0025411829262976266, ""class_weight"": null, ""penalty"": ""l1""}",39654,9914,0.0665725237038531,0.0765122700261851
2,43,LogisticRegression,3,"{""C"": 1.5624999864807476, ""class_weight"": null, ""penalty"": ""l2""}",39654,9914,0.8538567896349017,0.3170699651202035
2,43,LogisticRegression,4,"{""C"": 0.00015333981605474437, ""class_weight"": ""balanced"", ""penalty"": ""l1""}",39654,9914,0.0665725237038531,0.5
2,43,LogisticRegression,5,"{""C"": 0.009325615119167402, ""class_weight"": null, ""penalty"": ""l1""}",39654,9914,0.5134137039648505,0.12056102291444
2,43,LogisticRegression,6,"{""C"": 4.771440764913768, ""class_weight"": ""balanced"", ""penalty"": ""l1""}",39654,9914,0.7971528533684229,0.7734679163832512
2,43,LogisticRegression,7,"{""C"": 0.0006602593329752364, ""class_weight"": null, ""penalty"": ""l1""}",39654,9914,0.0665725237038531,0.1047706794236771
2,43,LogisticRegression,8,"{""C"": 0.2856083978986835, ""class_weight"": ""balanced"", ""penalty"": ""l1""}",39654,9914,0.828239626883329,0.8084866165055576
2,43,LogisticRegression,9,"{""C"": 1.1216424980897999, ""class_weight"": ""balanced"", ""penalty"": ""l1""}",39654,9914,0.8244561825320152,0.8640229789588972
2,43,LogisticRegression,10,"{""C"": 62.527840235943906, ""class_weight"": ""balanced"", ""penalty"": ""l2""}",39654,9914,0.7925084284221765,0.9333236447494624
2,43,LogisticRegression,11,"{""C"": 0.06153579587237733, ""class_weight"": ""balanced"", ""penalty"": ""l2""}",39654,9914,0.8274080187089052,0.6607128788093474
2,43,LogisticRegression,12,"{""C"": 6.365061853858855, ""class_weight"": null, ""penalty"": ""l1""}",39654,9914,0.8149317502776692,0.461041602810739
2,43,LogisticRegression,13,"{""C"": 0.00029235668360865733, ""class_weight"": ""balanced"", ""penalty"": ""l1""}",39654,9914,0.0665725237038531,0.5
2,43,LogisticRegression,14,"{""C"": 0.09147514610472963, ""class_weight"": null, ""penalty"": ""l1""}",39654,9914,0.7413380980814669,0.2395707819254496
2,43,LogisticRegression,15,"{""C"": 0.0005959826075585808, ""class_weight"": null, ""penalty"": ""l2""}",39654,9914,0.6256532728713411,0.1694588330989574
2,43,LogisticRegression,16,"{""C"": 0.022513875674543226, ""class_weight"": ""balanced"", ""penalty"": ""l2""}",39654,9914,0.7971431746493873,0.6348344969009296
2,43,LogisticRegression,17,"{""C"": 73.40792921325689, ""class_weight"": null, ""penalty"": ""l2""}",39654,9914,0.8119142047717623,0.5550469693740234
2,43,LogisticRegression,18,"{""C"": 0.0007133818776695979, ""class_weight"": ""balanced"", ""penalty"": ""l2""}",39654,9914,0.6570705124255163,0.6126659182753612
2,43,LogisticRegression,19,"{""C"": 58.39424149079024, ""class_weight"": null, ""penalty"": ""l2""}",39654,9914,0.8152064795141712,0.3738136223319048
2,43,LogisticRegression,20,"{""C"": 0.006246060105288811, ""class_weight"": ""balanced"", ""penalty"": ""l1""}",39654,9914,0.5802054552944123,0.5679965875822048
2,43,LogisticRegression,21,"{""C"": 0.343442253704749, ""class_weight"": null, ""penalty"": ""l2""}",39654,9914,0.8426725657375409,0.2871569281863096
2,43,LogisticRegression,22,"{""C"": 50.34267332272372, ""class_weight"": ""balanced"", ""penalty"": ""l1""}",39654,9914,0.7489588838677297,0.8323316598456322
2,43,LogisticRegression,23,"{""C"": 0.5703174471818685, ""class_weight"": null, ""penalty"": ""l1""}",39654,9914,0.8317657942487336,0.2149287053072827
2,43,LogisticRegression,24,"{""C"": 0.0011286610763709584, ""class_weight"": ""balanced"", ""penalty"": ""l2""}",39654,9914,0.673104457525676,0.5711311082355395
2,43,LogisticRegression,25,"{""C"": 0.010620665461453172, ""class_weight"": ""balanced"", ""penalty"": ""l2""}",39654,9914,0.7702753250494667,0.6092051400180875
2,43,LogisticRegression,26,"{""C"": 1.5297587506597803, ""class_weight"": ""balanced"", ""penalty"": ""l2""}",39654,9914,0.8478422943448747,0.6808583435549477
2,43,LogisticRegression,27,"{""C"": 0.6687843019511867, ""class_weight"": null, ""penalty"": ""l2""}",39654,9914,0.8512035066477265,0.2211339148398987
2,43,LogisticRegression,28,"{""C"": 0.9408074790564762, ""class_weight"": null, ""penalty"": ""l2""}",39654,9914,0.8531247588719668,0.3704685799188513
2,43,LogisticRegression,29,"{""C"": 1.5657269595765972, ""class_weight"": null, ""penalty"": ""l2""}",39654,9914,0.8538618645553893,0.317672229757836
2,43,LogisticRegression,30,"{""C"": 13.384337230702888, ""class_weight"": null, ""penalty"": ""l1""}",39654,9914,0.7971979417545777,0.6431782574774464
2,43,LogisticRegression,31,"{""C"": 0.00033639601073101507, ""class_weight"": null, ""penalty"": ""l2""}",39654,9914,0.5998265698550245,0.2001904150819144
2,43,LogisticRegression,32,"{""C"": 18.344673280769413, ""class_weight"": null, ""penalty"": ""l2""}",39654,9914,0.8332294099791756,0.4345002656916548
2,43,LogisticRegression,33,"{""C"": 0.2321346780781117, ""class_weight"": ""balanced"", ""penalty"": ""l2""}",39654,9914,0.8484865999499334,0.7273057704373455
2,43,LogisticRegression,34,"{""C"": 0.16932925936951443, ""class_weight"": null, ""penalty"": ""l1""}",39654,9914,0.7917205340677816,0.2681333114677923
2,43,LogisticRegression,35,"{""C"": 0.00035751515192744196, ""class_weight"": null, ""penalty"": ""l2""}",39654,9914,0.6020188591664404,0.1950193924425528
2,43,LogisticRegression,36,"{""C"": 0.15421180146130734, ""class_weight"": ""balanced"", ""penalty"": ""l1""}",39654,9914,0.8134580257898969,0.7823190105589656
2,43,LogisticRegression,37,"{""C"": 0.002196896890518601, ""class_weight"": null, ""penalty"": ""l1""}",39654,9914,0.0665725237038531,0.07806398144842
2,43,LogisticRegression,38,"{""C"": 0.0002100518726354567, ""class_weight"": null, ""penalty"": ""l1""}",39654,9914,0.0665725237038531,0.1866409295774415
2,43,LogisticRegression,39,"{""C"": 0.4170193479359195, ""class_weight"": ""balanced"", ""penalty"": ""l2""}",39654,9914,0.8516133742699086,0.6971195552213793
2,43,LogisticRegression,40,"{""C"": 1.5697033256605901, ""class_weight"": null, ""penalty"": ""l2""}",39654,9914,0.8538718971997779,0.318037367109229
2,43,LogisticRegression,41,"{""C"": 0.0007280497230511381, ""class_weight"": ""balanced"", ""penalty"": ""l2""}",39654,9914,0.6577555602100702,0.6142900254547932
2,43,LogisticRegression,42,"{""C"": 47.298555450916126, ""class_weight"": null, ""penalty"": ""l2""}",39654,9914,0.8186911860272351,0.3684237027643469
2,43,LogisticRegression,43,"{""C"": 0.43435338646053684, ""class_weight"": ""balanced"", ""penalty"": ""l2""}",39654,9914,0.8517060912396194,0.6995060107051787
2,43,LogisticRegression,44,"{""C"": 0.001037767548729961, ""class_weight"": null, ""penalty"": ""l2""}",39654,9914,0.6471355628372749,0.1492826556664931
2,43,LogisticRegression,45,"{""C"": 0.1793861701055865, ""class_weight"": null, ""penalty"": ""l2""}",39654,9914,0.82966752068783,0.2733644156191085
2,43,LogisticRegression,46,"{""C"": 0.041802983830027125, ""class_weight"": ""balanced"", ""penalty"": ""l1""}",39654,9914,0.7365856679636098,0.624510613535026
2,43,LogisticRegression,47,"{""C"": 6.93553241974351, ""class_weight"": null, ""penalty"": ""l2""}",39654,9914,0.8450480162311789,0.328237139775429
2,43,LogisticRegression,48,"{""C"": 0.004135009780687604, ""class_weight"": ""balanced"", ""penalty"": ""l2""}",39654,9914,0.7271171656572104,0.6402452449531767
2,43,LogisticRegression,49,"{""C"": 15.445306978236104, ""class_weight"": ""balanced"", ""penalty"": ""l2""}",39654,9914,0.8167197039828591,0.851039210698646
2,43,LogisticRegression,50,"{""C"": 0.00030641453359899547, ""class_weight"": null, ""penalty"": ""l1""}",39654,9914,0.0665725237038531,0.1488766091262347
2,43,LinearSVC,1,"{""C"": 0.0012333685226220985, ""class_weight"": null, ""loss"": ""hinge""}",39654,9914,0.7364500954887074,-0.8994090299398749
2,43,LinearSVC,2,"{""C"": 0.0005117007402251222, ""class_weight"": null, ""loss"": ""hinge""}",39654,9914,0.7165426620090742,-0.9012253250656814
2,43,LinearSVC,3,"{""C"": 0.00028568495909809844, ""class_weight"": ""balanced"", ""loss"": ""squared_hinge""}",39654,9914,0.7114391587014679,0.1521569861035705
2,43,LinearSVC,4,"{""C"": 0.00023934758216138553, ""class_weight"": null, ""loss"": ""hinge""}",39654,9914,0.7005376828654115,-0.9798610249510046
2,43,LinearSVC,5,"{""C"": 93.30966336783958, ""class_weight"": ""balanced"", ""loss"": ""squared_hinge""}",39654,9914,0.6756961525536644,0.7767369581199375
2,43,LinearSVC,6,"{""C"": 22.11474401823147, ""class_weight"": null, ""loss"": ""squared_hinge""}",39654,9914,0.7588555089274518,0.3324382925349127
2,43,LinearSVC,7,"{""C"": 0.0018305852886888446, ""class_weight"": null, ""loss"": ""hinge""}",39654,9914,0.7489783607729597,-0.8879733648461476
2,43,LinearSVC,8,"{""C"": 0.033078581284491475, ""class_weight"": ""balanced"", ""loss"": ""squared_hinge""}",39654,9914,0.8443354588719787,0.2879036951988725
2,43,LinearSVC,9,"{""C"": 0.0003777228116266877, ""class_weight"": null, ""loss"": ""squared_hinge""}",39654,9914,0.7168525091541424,-0.6269989733245502
2,43,LinearSVC,10,"{""C"": 0.00029943672059888415, ""class_weight"": ""balanced"", ""loss"": ""hinge""}",39654,9914,0.6441236303118304,0.1905724470427652
2,43,LinearSVC,11,"{""C"": 0.0013656888668239864, ""class_weight"": null, ""loss"": ""squared_hinge""}",39654,9914,0.7736731572346589,-0.5231605119454168
2,43,LinearSVC,12,"{""C"": 0.19072441415125718, ""class_weight"": ""balanced"", ""loss"": ""hinge""}",39654,9914,0.8327410599574587,0.2475350797835573
2,43,LinearSVC,13,"{""C"": 4.032997292808035, ""class_weight"": ""balanced"", ""loss"": ""squared_hinge""}",39654,9914,0.7647697960769733,0.6472226311074532
2,43,LinearSVC,14,"{""C"": 0.006991534915012699, ""class_weight"": ""balanced"", ""loss"": ""squared_hinge""}",39654,9914,0.8318362159683472,0.225988282397159
2,43,LinearSVC,15,"{""C"": 0.006277684328067092, ""class_weight"": null, ""loss"": ""squared_hinge""}",39654,9914,0.8266141111342264,-0.4287698866165265
2,43,LinearSVC,16,"{""C"": 4.5264409389621605, ""class_weight"": null, ""loss"": ""hinge""}",39654,9914,0.7981249545530251,0.1599993101982733
2,43,LinearSVC,17,"{""C"": 0.005816696965635191, ""class_weight"": null, ""loss"": ""squared_hinge""}",39654,9914,0.8246536815771734,-0.4200146186050191
2,43,LinearSVC,18,"{""C"": 0.003034356495890208, ""class_weight"": ""balanced"", ""loss"": ""squared_hinge""}",39654,9914,0.8082201943588504,0.2497111896339299
2,43,LinearSVC,19,"{""C"": 37.45303273552788, ""class_weight"": ""balanced"", ""loss"": ""hinge""}",39654,9914,0.7306710659430028,0.3713799583605632
2,43,LinearSVC,20,"{""C"": 1.214042974771191, ""class_weight"": ""balanced"", ""loss"": ""hinge""}",39654,9914,0.798940123453333,0.2119925190861136
2,43,LinearSVC,21,"{""C"": 0.15465542816777483, ""class_weight"": ""balanced"", ""loss"": ""squared_hinge""}",39654,9914,0.8332896016519188,0.2289695690569454
2,43,LinearSVC,22,"{""C"": 23.289426125914563, ""class_weight"": null, ""loss"": ""squared_hinge""}",39654,9914,0.757850527915164,0.3411856143952059
2,43,LinearSVC,23,"{""C"": 0.006488470953865996, ""class_weight"": ""balanced"", ""loss"": ""hinge""}",39654,9914,0.771859342449919,0.6134156416600447
2,43,LinearSVC,24,"{""C"": 24.69075448721987, ""class_weight"": ""balanced"", ""loss"": ""squared_hinge""}",39654,9914,0.715434220653534,0.4809058563256015
2,43,LinearSVC,25,"{""C"": 0.004407055413341395, ""class_weight"": null, ""loss"": ""squared_hinge""}",39654,9914,0.8164654844191692,-0.4162251305783178
2,43,LinearSVC,26,"{""C"": 0.009974676620517282, ""class_weight"": null, ""loss"": ""squared_hinge""}",39654,9914,0.8383312840045214,-0.4132186769977967
2,43,LinearSVC,27,"{""C"": 0.27457325225993084, ""class_weight"": null, ""loss"": ""hinge""}",39654,9914,0.8378350809474777,-0.1498362241062352
2,43,LinearSVC,28,"{""C"": 0.00521346609985836, ""class_weight"": null, ""loss"": ""hinge""}",39654,9914,0.7863612076647172,-0.8051285244216535
2,43,LinearSVC,29,"{""C"": 0.029088974030734408, ""class_weight"": null, ""loss"": ""hinge""}",39654,9914,0.8309709378727599,-0.7018107969991003
2,43,LinearSVC,30,"{""C"": 0.011510536105090306, ""class_weight"": ""balanced"", ""loss"": ""hinge""}",39654,9914,0.8001337418497207,0.5477753266347771
2,43,LinearSVC,31,"{""C"": 0.023035745248071955, ""class_weight"": ""balanced"", ""loss"": ""hinge""}",39654,9914,0.8262890188039285,0.3378112563509667
2,43,LinearSVC,32,"{""C"": 55.54948375138445, ""class_weight"": ""balanced"", ""loss"": ""squared_hinge""}",39654,9914,0.6953231087280398,0.5733875181572181
2,43,LinearSVC,33,"{""C"": 0.025402952255964513, ""class_weight"": ""balanced"", ""loss"": ""squared_hinge""}",39654,9914,0.8440299886419417,0.2254672352651922
2,43,LinearSVC,34,"{""C"": 0.019562222199432752, ""class_weight"": ""balanced"", ""loss"": ""squared_hinge""}",39654,9914,0.8432415829516875,0.2994798234225778
2,43,LinearSVC,35,"{""C"": 0.0002316602774334589, ""class_weight"": null, ""loss"": ""squared_hinge""}",39654,9914,0.6946521938284338,-0.6544491144637891
2,43,LinearSVC,36,"{""C"": 0.00015734558736689257, ""class_weight"": ""balanced"", ""loss"": ""squared_hinge""}",39654,9914,0.6886712516641527,0.1373254400576065
2,43,LinearSVC,37,"{""C"": 8.106301893930759, ""class_weight"": null, ""loss"": ""squared_hinge""}",39654,9914,0.779137413849484,0.2510002252759933
2,43,LinearSVC,38,"{""C"": 2.5343219773444345, ""class_weight"": null, ""loss"": ""hinge""}",39654,9914,0.8060286129920967,0.0281517211676509
2,43,LinearSVC,39,"{""C"": 0.17189328242110452, ""class_weight"": null, ""loss"": ""squared_hinge""}",39654,9914,0.8472551102465777,-0.0903920179798742
2,43,LinearSVC,40,"{""C"": 34.37546185395483, ""class_weight"": ""balanced"", ""loss"": ""hinge""}",39654,9914,0.7340865743357652,0.4859208361385254
2,43,LinearSVC,41,"{""C"": 0.013710789578357087, ""class_weight"": ""balanced"", ""loss"": ""squared_hinge""}",39654,9914,0.841207186981787,0.237549389072358
2,43,LinearSVC,42,"{""C"": 0.03109994490398046, ""class_weight"": null, ""loss"": ""squared_hinge""}",39654,9914,0.8559267712578914,-0.3398323798579694
2,43,LinearSVC,43,"{""C"": 0.00022025126546935112, ""class_weight"": null, ""loss"": ""hinge""}",39654,9914,0.6994125239900926,-0.9600367011647738
2,43,LinearSVC,44,"{""C"": 0.0008017451370515553, ""class_weight"": null, ""loss"": ""hinge""}",39654,9914,0.7264337993980965,-0.9268226350116976
2,43,LinearSVC,45,"{""C"": 0.00014230830976215647, ""class_weight"": null, ""loss"": ""hinge""}",39654,9914,0.6871100865030967,-0.9864372706566912
2,43,LinearSVC,46,"{""C"": 0.20025165573038595, ""class_weight"": ""balanced"", ""loss"": ""squared_hinge""}",39654,9914,0.8294089326410503,0.2915240910000347
2,43,LinearSVC,47,"{""C"": 0.004635009586941438, ""class_weight"": ""balanced"", ""loss"": ""hinge""}",39654,9914,0.7520859295501132,0.4157036315069933
2,43,LinearSVC,48,"{""C"": 89.5463711575458, ""class_weight"": null, ""loss"": ""hinge""}",39654,9914,0.7413732525839245,0.3549557962525043
2,43,LinearSVC,49,"{""C"": 28.07048837512222, ""class_weight"": ""balanced"", ""loss"": ""squared_hinge""}",39654,9914,0.7119985675681989,0.3609173184159351
2,43,LinearSVC,50,"{""C"": 3.4945761154197754, ""class_weight"": null, ""loss"": ""hinge""}",39654,9914,0.80189979906427,0.0891244084625884
2,43,RandomForest,1,"{""class_weight"": null, ""max_depth"": null, ""max_features"": ""log2"", ""min_samples_leaf"": 1, ""min_samples_split"": 2, ""n_estimators"": 1200}",39654,9914,0.8932951584888951,0.2383727639842673
2,43,RandomForest,2,"{""class_weight"": ""balanced"", ""max_depth"": 20, ""max_features"": ""sqrt"", ""min_samples_leaf"": 1, ""min_samples_split"": 10, ""n_estimators"": 800}",39654,9914,0.7966186204314804,0.5272167201613457
2,43,RandomForest,3,"{""class_weight"": ""balanced"", ""max_depth"": 40, ""max_features"": 0.05, ""min_samples_leaf"": 5, ""min_samples_split"": 10, ""n_estimators"": 300}",39654,9914,0.8515765963086462,0.483921573078813
2,43,RandomForest,4,"{""class_weight"": null, ""max_depth"": 80, ""max_features"": ""sqrt"", ""min_samples_leaf"": 1, ""min_samples_split"": 10, ""n_estimators"": 300}",39654,9914,0.8657053412848768,0.2810788574290326
2,43,RandomForest,5,"{""class_weight"": null, ""max_depth"": 80, ""max_features"": ""sqrt"", ""min_samples_leaf"": 1, ""min_samples_split"": 10, ""n_estimators"": 500}",39654,9914,0.8663888093055278,0.2633981994781189
2,43,RandomForest,6,"{""class_weight"": ""balanced"", ""max_depth"": 10, ""max_features"": 0.03, ""min_samples_leaf"": 5, ""min_samples_split"": 10, ""n_estimators"": 300}",39654,9914,0.7492426615846021,0.643154313158612
2,43,RandomForest,7,"{""class_weight"": null, ""max_depth"": 40, ""max_features"": 0.01, ""min_samples_leaf"": 10, ""min_samples_split"": 2, ""n_estimators"": 300}",39654,9914,0.7988761192147656,0.268522740779117
2,43,RandomForest,8,"{""class_weight"": ""balanced"", ""max_depth"": null, ""max_features"": 0.05, ""min_samples_leaf"": 1, ""min_samples_split"": 5, ""n_estimators"": 1200}",39654,9914,0.8765301967351434,0.4131439407824755
2,43,RandomForest,9,"{""class_weight"": ""balanced"", ""max_depth"": 20, ""max_features"": ""log2"", ""min_samples_leaf"": 2, ""min_samples_split"": 2, ""n_estimators"": 300}",39654,9914,0.5477497007518957,0.5525483856367007
2,43,RandomForest,10,"{""class_weight"": ""balanced"", ""max_depth"": 20, ""max_features"": 0.03, ""min_samples_leaf"": 1, ""min_samples_split"": 5, ""n_estimators"": 500}",39654,9914,0.8346493983844552,0.5036199254402086
2,43,RandomForest,11,"{""class_weight"": ""balanced"", ""max_depth"": 40, ""max_features"": ""sqrt"", ""min_samples_leaf"": 1, ""min_samples_split"": 10, ""n_estimators"": 500}",39654,9914,0.8552949250619968,0.4465163726034241
2,43,RandomForest,12,"{""class_weight"": null, ""max_depth"": null, ""max_features"": ""sqrt"", ""min_samples_leaf"": 1, ""min_samples_split"": 5, ""n_estimators"": 300}",39654,9914,0.8947613756258793,0.3081865079365078
2,43,RandomForest,13,"{""class_weight"": ""balanced"", ""max_depth"": 20, ""max_features"": ""log2"", ""min_samples_leaf"": 5, ""min_samples_split"": 20, ""n_estimators"": 800}",39654,9914,0.5023732427790385,0.5291703842222757
2,43,RandomForest,14,"{""class_weight"": ""balanced"", ""max_depth"": 80, ""max_features"": 0.03, ""min_samples_leaf"": 2, ""min_samples_split"": 2, ""n_estimators"": 800}",39654,9914,0.8780701315261821,0.3818372995894245
2,43,RandomForest,15,"{""class_weight"": ""balanced"", ""max_depth"": 40, ""max_features"": ""log2"", ""min_samples_leaf"": 2, ""min_samples_split"": 2, ""n_estimators"": 800}",39654,9914,0.6576320230886289,0.6114987884346877
2,43,RandomForest,16,"{""class_weight"": null, ""max_depth"": 20, ""max_features"": ""sqrt"", ""min_samples_leaf"": 10, ""min_samples_split"": 10, ""n_estimators"": 500}",39654,9914,0.7575422764646748,0.2205887177131409
2,43,RandomForest,17,"{""class_weight"": ""balanced"", ""max_depth"": 20, ""max_features"": ""sqrt"", ""min_samples_leaf"": 1, ""min_samples_split"": 2, ""n_estimators"": 500}",39654,9914,0.8010085781151154,0.5282850508755405
2,43,RandomForest,18,"{""class_weight"": null, ""max_depth"": 80, ""max_features"": 0.03, ""min_samples_leaf"": 2, ""min_samples_split"": 5, ""n_estimators"": 500}",39654,9914,0.875494141126677,0.2662241494920669
2,43,RandomForest,19,"{""class_weight"": ""balanced"", ""max_depth"": null, ""max_features"": ""log2"", ""min_samples_leaf"": 1, ""min_samples_split"": 5, ""n_estimators"": 1200}",39654,9914,0.8756222443230541,0.3877271985271948
2,43,RandomForest,20,"{""class_weight"": ""balanced"", ""max_depth"": 10, ""max_features"": 0.01, ""min_samples_leaf"": 10, ""min_samples_split"": 10, ""n_estimators"": 1200}",39654,9914,0.6987885400469758,0.6012899574138344
2,43,RandomForest,21,"{""class_weight"": null, ""max_depth"": 20, ""max_features"": 0.01, ""min_samples_leaf"": 2, ""min_samples_split"": 10, ""n_estimators"": 500}",39654,9914,0.8131750007005373,0.1987582160210537
2,43,RandomForest,22,"{""class_weight"": null, ""max_depth"": null, ""max_features"": 0.05, ""min_samples_leaf"": 5, ""min_samples_split"": 10, ""n_estimators"": 800}",39654,9914,0.8687471368703901,0.2970805749230581
2,43,RandomForest,23,"{""class_weight"": ""balanced"", ""max_depth"": 40, ""max_features"": 0.03, ""min_samples_leaf"": 1, ""min_samples_split"": 20, ""n_estimators"": 1200}",39654,9914,0.8645120811154247,0.451151593057532
2,43,RandomForest,24,"{""class_weight"": ""balanced"", ""max_depth"": null, ""max_features"": 0.05, ""min_samples_leaf"": 1, ""min_samples_split"": 20, ""n_estimators"": 500}",39654,9914,0.8710405661855486,0.4214451575903679
2,43,RandomForest,25,"{""class_weight"": ""balanced"", ""max_depth"": 10, ""max_features"": 0.03, ""min_samples_leaf"": 1, ""min_samples_split"": 10, ""n_estimators"": 1200}",39654,9914,0.7543972985572202,0.5935116487822789
2,43,RandomForest,26,"{""class_weight"": ""balanced"", ""max_depth"": 20, ""max_features"": ""sqrt"", ""min_samples_leaf"": 2, ""min_samples_split"": 10, ""n_estimators"": 500}",39654,9914,0.7875488337276462,0.5485499993061683
2,43,RandomForest,27,"{""class_weight"": null, ""max_depth"": 40, ""max_features"": ""sqrt"", ""min_samples_leaf"": 2, ""min_samples_split"": 2, ""n_estimators"": 500}",39654,9914,0.8338435582087027,0.2164262706520472
2,43,RandomForest,28,"{""class_weight"": null, ""max_depth"": 40, ""max_features"": 0.01, ""min_samples_leaf"": 5, ""min_samples_split"": 20, ""n_estimators"": 500}",39654,9914,0.8223869904326239,0.2446250261915549
2,43,RandomForest,29,"{""class_weight"": ""balanced"", ""max_depth"": 20, ""max_features"": ""sqrt"", ""min_samples_leaf"": 10, ""min_samples_split"": 2, ""n_estimators"": 800}",39654,9914,0.7337448847854582,0.6782246461357121
2,43,RandomForest,30,"{""class_weight"": ""balanced"", ""max_depth"": 20, ""max_features"": 0.01, ""min_samples_leaf"": 10, ""min_samples_split"": 10, ""n_estimators"": 300}",39654,9914,0.7605954181386283,0.6765278143368108
2,43,RandomForest,31,"{""class_weight"": ""balanced"", ""max_depth"": 20, ""max_features"": ""sqrt"", ""min_samples_leaf"": 2, ""min_samples_split"": 5, ""n_estimators"": 500}",39654,9914,0.7897475301095308,0.5301471004176949
2,43,RandomForest,32,"{""class_weight"": null, ""max_depth"": 10, ""max_features"": 0.03, ""min_samples_leaf"": 2, ""min_samples_split"": 20, ""n_estimators"": 800}",39654,9914,0.7842554147288714,0.1558120535871595
2,43,RandomForest,33,"{""class_weight"": ""balanced"", ""max_depth"": 80, ""max_features"": ""sqrt"", ""min_samples_leaf"": 10, ""min_samples_split"": 5, ""n_estimators"": 300}",39654,9914,0.7851081741747322,0.6663997146461963
2,43,RandomForest,34,"{""class_weight"": null, ""max_depth"": 20, ""max_features"": 0.03, ""min_samples_leaf"": 1, ""min_samples_split"": 20, ""n_estimators"": 800}",39654,9914,0.8318690064279465,0.1784997033717624
2,43,RandomForest,35,"{""class_weight"": null, ""max_depth"": 20, ""max_features"": 0.01, ""min_samples_leaf"": 5, ""min_samples_split"": 10, ""n_estimators"": 300}",39654,9914,0.7954717337868858,0.2134636002786069
2,43,RandomForest,36,"{""class_weight"": ""balanced"", ""max_depth"": null, ""max_features"": ""log2"", ""min_samples_leaf"": 10, ""min_samples_split"": 2, ""n_estimators"": 500}",39654,9914,0.5138963728556482,0.5333699490991071
2,43,RandomForest,37,"{""class_weight"": null, ""max_depth"": 80, ""max_features"": ""log2"", ""min_samples_leaf"": 1, ""min_samples_split"": 10, ""n_estimators"": 300}",39654,9914,0.8316420112360582,0.181158751383107
2,43,RandomForest,38,"{""class_weight"": ""balanced"", ""max_depth"": 80, ""max_features"": ""sqrt"", ""min_samples_leaf"": 1, ""min_samples_split"": 20, ""n_estimators"": 1200}",39654,9914,0.8649558877387185,0.4976460358521546
2,43,RandomForest,39,"{""class_weight"": null, ""max_depth"": 20, ""max_features"": 0.03, ""min_samples_leaf"": 2, ""min_samples_split"": 10, ""n_estimators"": 500}",39654,9914,0.8328897382667693,0.1972462921059571
2,43,RandomForest,40,"{""class_weight"": null, ""max_depth"": 10, ""max_features"": ""log2"", ""min_samples_leaf"": 2, ""min_samples_split"": 20, ""n_estimators"": 800}",39654,9914,0.6216689089943858,0.1048654231984596
2,43,RandomForest,41,"{""class_weight"": ""balanced"", ""max_depth"": 80, ""max_features"": 0.01, ""min_samples_leaf"": 5, ""min_samples_split"": 5, ""n_estimators"": 300}",39654,9914,0.8357946196919246,0.5631629545761544
2,43,RandomForest,42,"{""class_weight"": ""balanced"", ""max_depth"": 20, ""max_features"": ""sqrt"", ""min_samples_leaf"": 1, ""min_samples_split"": 10, ""n_estimators"": 300}",39654,9914,0.7947265768634325,0.5399904480571114
2,43,RandomForest,43,"{""class_weight"": null, ""max_depth"": 20, ""max_features"": ""sqrt"", ""min_samples_leaf"": 5, ""min_samples_split"": 2, ""n_estimators"": 800}",39654,9914,0.7786475014819008,0.2133214215685668
2,43,RandomForest,44,"{""class_weight"": null, ""max_depth"": 10, ""max_features"": 0.01, ""min_samples_leaf"": 2, ""min_samples_split"": 2, ""n_estimators"": 800}",39654,9914,0.7629366034570693,0.1416479697729173
2,43,RandomForest,45,"{""class_weight"": null, ""max_depth"": 40, ""max_features"": 0.01, ""min_samples_leaf"": 1, ""min_samples_split"": 2, ""n_estimators"": 500}",39654,9914,0.8634480018882361,0.237488183047858
2,43,RandomForest,46,"{""class_weight"": null, ""max_depth"": 20, ""max_features"": ""sqrt"", ""min_samples_leaf"": 2, ""min_samples_split"": 5, ""n_estimators"": 1200}",39654,9914,0.8014707059345431,0.2151040944701923
2,43,RandomForest,47,"{""class_weight"": null, ""max_depth"": 40, ""max_features"": 0.01, ""min_samples_leaf"": 10, ""min_samples_split"": 20, ""n_estimators"": 800}",39654,9914,0.8014163971010708,0.2682018430304565
2,43,RandomForest,48,"{""class_weight"": ""balanced"", ""max_depth"": null, ""max_features"": 0.05, ""min_samples_leaf"": 2, ""min_samples_split"": 5, ""n_estimators"": 1200}",39654,9914,0.8801219984279228,0.4584932427714576
2,43,RandomForest,49,"{""class_weight"": null, ""max_depth"": 80, ""max_features"": ""sqrt"", ""min_samples_leaf"": 10, ""min_samples_split"": 2, ""n_estimators"": 300}",39654,9914,0.7941375833330001,0.2767612577985479
2,43,RandomForest,50,"{""class_weight"": null, ""max_depth"": 40, ""max_features"": ""log2"", ""min_samples_leaf"": 1, ""min_samples_split"": 5, ""n_estimators"": 500}",39654,9914,0.7947338162867068,0.1608294450071216
2,43,SGDClassifier,1,"{""alpha"": 0.0002895466518517039, ""class_weight"": null, ""l1_ratio"": 0.3149066063845028, ""loss"": ""modified_huber"", ""penalty"": ""elasticnet""}",39654,9914,0.8349583089263756,0.3549639740090891
2,43,SGDClassifier,2,"{""alpha"": 1.2558602109757072e-06, ""class_weight"": null, ""l1_ratio"": 0.6027346765020466, ""loss"": ""modified_huber"", ""penalty"": ""elasticnet""}",39654,9914,0.5698714352882669,0.8329478615580506
2,43,SGDClassifier,3,"{""alpha"": 4.411612783683595e-06, ""class_weight"": ""balanced"", ""l1_ratio"": 0.23280146999753948, ""loss"": ""log_loss"", ""penalty"": ""elasticnet""}",39654,9914,0.771125439579132,0.7816831627765035
2,43,SGDClassifier,4,"{""alpha"": 0.004042342640856163, ""class_weight"": ""balanced"", ""l1_ratio"": 0.9156064951433491, ""loss"": ""modified_huber"", ""penalty"": ""l2""}",39654,9914,0.8254664661755247,0.6061121880716296
2,43,SGDClassifier,5,"{""alpha"": 0.000939430484478974, ""class_weight"": null, ""l1_ratio"": 0.8151561579085113, ""loss"": ""log_loss"", ""penalty"": ""elasticnet""}",39654,9914,0.6590957581504772,0.1484934839484398
2,43,SGDClassifier,6,"{""alpha"": 0.003475713137789273, ""class_weight"": ""balanced"", ""l1_ratio"": 0.5050591262431335, ""loss"": ""log_loss"", ""penalty"": ""l1""}",39654,9914,0.4698245463643721,0.4886935115572201
2,43,SGDClassifier,7,"{""alpha"": 0.008767433856250017, ""class_weight"": ""balanced"", ""l1_ratio"": 0.9401944943707663, ""loss"": ""log_loss"", ""penalty"": ""l2""}",39654,9914,0.7175156880792932,0.6245136075652685
2,43,SGDClassifier,8,"{""alpha"": 0.00046912780925847, ""class_weight"": null, ""l1_ratio"": 0.7414415623561811, ""loss"": ""modified_huber"", ""penalty"": ""l2""}",39654,9914,0.8218446877979361,0.360800136772702
2,43,SGDClassifier,9,"{""alpha"": 4.878854803894471e-06, ""class_weight"": null, ""l1_ratio"": 0.4553016253831477, ""loss"": ""modified_huber"", ""penalty"": ""l2""}",39654,9914,0.6703783883474983,0.5580781268460351
2,43,SGDClassifier,10,"{""alpha"": 0.001749781429713252, ""class_weight"": null, ""l1_ratio"": 0.49654527363073164, ""loss"": ""log_loss"", ""penalty"": ""l1""}",39654,9914,0.5801089685221994,0.0929967564093189
2,43,SGDClassifier,11,"{""alpha"": 3.5283090685990895e-06, ""class_weight"": ""balanced"", ""l1_ratio"": 0.8468428682644351, ""loss"": ""log_loss"", ""penalty"": ""l2""}",39654,9914,0.7698612937288538,0.9431823222101482
2,43,SGDClassifier,12,"{""alpha"": 2.05433774337548e-06, ""class_weight"": ""balanced"", ""l1_ratio"": 0.0882750177542796, ""loss"": ""log_loss"", ""penalty"": ""l2""}",39654,9914,0.7590375505337367,0.9024631326786008
2,43,SGDClassifier,13,"{""alpha"": 8.527928952318794e-06, ""class_weight"": ""balanced"", ""l1_ratio"": 0.24693658354525322, ""loss"": ""log_loss"", ""penalty"": ""elasticnet""}",39654,9914,0.7867719529820499,0.8985141283979988
2,43,SGDClassifier,14,"{""alpha"": 0.00021751101494116466, ""class_weight"": ""balanced"", ""l1_ratio"": 0.5865429225685772, ""loss"": ""modified_huber"", ""penalty"": ""elasticnet""}",39654,9914,0.7713899856267217,0.7550774554101429
2,43,SGDClassifier,15,"{""alpha"": 0.003079162435706375, ""class_weight"": null, ""l1_ratio"": 0.885058101530843, ""loss"": ""log_loss"", ""penalty"": ""elasticnet""}",39654,9914,0.3702060720542568,0.1075502323292092
2,43,SGDClassifier,16,"{""alpha"": 2.3963202200859904e-05, ""class_weight"": null, ""l1_ratio"": 0.3775305086593687, ""loss"": ""log_loss"", ""penalty"": ""l2""}",39654,9914,0.8469577152107893,0.3412588903328811
2,43,SGDClassifier,17,"{""alpha"": 0.005636688548356985, ""class_weight"": ""balanced"", ""l1_ratio"": 0.6637423658281295, ""loss"": ""modified_huber"", ""penalty"": ""l2""}",39654,9914,0.8176543634901025,0.6111355812700381
2,43,SGDClassifier,18,"{""alpha"": 5.243807110783439e-06, ""class_weight"": null, ""l1_ratio"": 0.9230020769047034, ""loss"": ""modified_huber"", ""penalty"": ""l2""}",39654,9914,0.6676256652684647,0.5752458385560351
2,43,SGDClassifier,19,"{""alpha"": 5.598144042066543e-05, ""class_weight"": ""balanced"", ""l1_ratio"": 0.15102462172198183, ""loss"": ""log_loss"", ""penalty"": ""l2""}",39654,9914,0.8504198537744816,0.7291583479096408
2,43,SGDClassifier,20,"{""alpha"": 1.703540732202816e-05, ""class_weight"": ""balanced"", ""l1_ratio"": 0.05422429064675326, ""loss"": ""log_loss"", ""penalty"": ""l2""}",39654,9914,0.8301618184742441,0.7775423848548018
2,43,SGDClassifier,21,"{""alpha"": 1.5940960149267898e-06, ""class_weight"": null, ""l1_ratio"": 0.6276986435714907, ""loss"": ""log_loss"", ""penalty"": ""l2""}",39654,9914,0.8110965478843037,0.4337017443117044
2,43,SGDClassifier,22,"{""alpha"": 1.4212940477502683e-06, ""class_weight"": null, ""l1_ratio"": 0.7919127172393351, ""loss"": ""modified_huber"", ""penalty"": ""l2""}",39654,9914,0.6647453610343922,0.5805831211821495
2,43,SGDClassifier,23,"{""alpha"": 6.773792797357759e-06, ""class_weight"": null, ""l1_ratio"": 0.34748311273531995, ""loss"": ""log_loss"", ""penalty"": ""elasticnet""}",39654,9914,0.8258764310086638,0.4025720994721143
2,43,SGDClassifier,24,"{""alpha"": 4.005227176313487e-05, ""class_weight"": ""balanced"", ""l1_ratio"": 0.47142191531416355, ""loss"": ""log_loss"", ""penalty"": ""l2""}",39654,9914,0.8469758717239781,0.6701977318497045
2,43,SGDClassifier,25,"{""alpha"": 2.8730269239998664e-05, ""class_weight"": null, ""l1_ratio"": 0.15471208745226345, ""loss"": ""modified_huber"", ""penalty"": ""l1""}",39654,9914,0.5506934130663443,0.6836070815811226
2,43,SGDClassifier,26,"{""alpha"": 0.0008140194045101017, ""class_weight"": ""balanced"", ""l1_ratio"": 0.05903991633582389, ""loss"": ""log_loss"", ""penalty"": ""l1""}",39654,9914,0.5074223863984522,0.8584178706006613
2,43,SGDClassifier,27,"{""alpha"": 0.0009978946059623522, ""class_weight"": null, ""l1_ratio"": 0.7805783783862107, ""loss"": ""modified_huber"", ""penalty"": ""l1""}",39654,9914,0.582058097839844,0.3194440471531961
2,43,SGDClassifier,28,"{""alpha"": 0.0012027121285503248, ""class_weight"": null, ""l1_ratio"": 0.7036779818581361, ""loss"": ""modified_huber"", ""penalty"": ""elasticnet""}",39654,9914,0.7534751795632683,0.2838030840685188
2,43,SGDClassifier,29,"{""alpha"": 1.758469334716649e-05, ""class_weight"": null, ""l1_ratio"": 0.18412172450640613, ""loss"": ""log_loss"", ""penalty"": ""elasticnet""}",39654,9914,0.8389110758885665,0.303307370893831
2,43,SGDClassifier,30,"{""alpha"": 0.00016773200294566636, ""class_weight"": null, ""l1_ratio"": 0.4169837528666085, ""loss"": ""log_loss"", ""penalty"": ""l1""}",39654,9914,0.7629515767559689,0.1726873767046546
2,43,SGDClassifier,31,"{""alpha"": 9.918194375344022e-05, ""class_weight"": null, ""l1_ratio"": 0.8037272910316587, ""loss"": ""log_loss"", ""penalty"": ""elasticnet""}",39654,9914,0.7982916724745263,0.2794707263649261
2,43,SGDClassifier,32,"{""alpha"": 0.002829206997498237, ""class_weight"": ""balanced"", ""l1_ratio"": 0.666554768103062, ""loss"": ""log_loss"", ""penalty"": ""l1""}",39654,9914,0.4960411245384422,0.5382678535844505
2,43,SGDClassifier,33,"{""alpha"": 2.439289941285224e-05, ""class_weight"": null, ""l1_ratio"": 0.6884681433719848, ""loss"": ""modified_huber"", ""penalty"": ""l2""}",39654,9914,0.7264111053125724,0.5104129767974979
2,43,SGDClassifier,34,"{""alpha"": 1.3794955720203884e-06, ""class_weight"": ""balanced"", ""l1_ratio"": 0.6876859694636093, ""loss"": ""log_loss"", ""penalty"": ""elasticnet""}",39654,9914,0.6741677024320598,0.990659736319002
2,43,SGDClassifier,35,"{""alpha"": 7.045055368037441e-05, ""class_weight"": ""balanced"", ""l1_ratio"": 0.6932055885561806, ""loss"": ""log_loss"", ""penalty"": ""elasticnet""}",39654,9914,0.8009426972825371,0.8440366116705049
2,43,SGDClassifier,36,"{""alpha"": 0.0075963072541007605, ""class_weight"": null, ""l1_ratio"": 0.502963725825189, ""loss"": ""modified_huber"", ""penalty"": ""l2""}",39654,9914,0.8067114906502422,0.2157711567138748
2,43,SGDClassifier,37,"{""alpha"": 4.477689924743819e-05, ""class_weight"": null, ""l1_ratio"": 0.6222739090820084, ""loss"": ""log_loss"", ""penalty"": ""l1""}",39654,9914,0.7457086183824946,0.3444848420539637
2,43,SGDClassifier,38,"{""alpha"": 0.00015171262931268841, ""class_weight"": ""balanced"", ""l1_ratio"": 0.8344486307202547, ""loss"": ""log_loss"", ""penalty"": ""elasticnet""}",39654,9914,0.7267234697925913,0.7864147937198909
2,43,SGDClassifier,39,"{""alpha"": 0.0003157434339968435, ""class_weight"": null, ""l1_ratio"": 0.0946593034547688, ""loss"": ""log_loss"", ""penalty"": ""l1""}",39654,9914,0.7345998463481218,0.1405519243039261
2,43,SGDClassifier,40,"{""alpha"": 1.7547435848111787e-06, ""class_weight"": ""balanced"", ""l1_ratio"": 0.3238739114698312, ""loss"": ""log_loss"", ""penalty"": ""elasticnet""}",39654,9914,0.725783803099973,0.9889496742266078
2,43,SGDClassifier,41,"{""alpha"": 0.002828214414513028, ""class_weight"": ""balanced"", ""l1_ratio"": 0.9120125765335345, ""loss"": ""log_loss"", ""penalty"": ""l2""}",39654,9914,0.7653603703936597,0.605970894110903
2,43,SGDClassifier,42,"{""alpha"": 0.005746565934046471, ""class_weight"": null, ""l1_ratio"": 0.33987264612004603, ""loss"": ""log_loss"", ""penalty"": ""elasticnet""}",39654,9914,0.5159199417857356,0.1216038212656615
2,43,SGDClassifier,43,"{""alpha"": 9.51420818745544e-06, ""class_weight"": ""balanced"", ""l1_ratio"": 0.10094002984342013, ""loss"": ""modified_huber"", ""penalty"": ""elasticnet""}",39654,9914,0.6395553261122529,0.9229474978857216
2,43,SGDClassifier,44,"{""alpha"": 0.00013206013631829184, ""class_weight"": ""balanced"", ""l1_ratio"": 0.7202580471137188, ""loss"": ""modified_huber"", ""penalty"": ""l2""}",39654,9914,0.7807924351526946,0.7233414893358613
2,43,SGDClassifier,45,"{""alpha"": 7.975766042835663e-06, ""class_weight"": null, ""l1_ratio"": 0.09095022009660592, ""loss"": ""log_loss"", ""penalty"": ""l2""}",39654,9914,0.8405284080004312,0.4540235347659923
2,43,SGDClassifier,46,"{""alpha"": 0.00012938596705112227, ""class_weight"": null, ""l1_ratio"": 0.38213759231860317, ""loss"": ""modified_huber"", ""penalty"": ""l1""}",39654,9914,0.5559283464585164,0.3146729682694342
2,43,SGDClassifier,47,"{""alpha"": 0.0001256971250730491, ""class_weight"": null, ""l1_ratio"": 0.8178394602139295, ""loss"": ""log_loss"", ""penalty"": ""elasticnet""}",39654,9914,0.7899677491886135,0.2335232764277485
2,43,SGDClassifier,48,"{""alpha"": 1.0756724553792356e-06, ""class_weight"": ""balanced"", ""l1_ratio"": 0.4387880180773059, ""loss"": ""log_loss"", ""penalty"": ""elasticnet""}",39654,9914,0.7036059352655472,0.9676009636605852
2,43,SGDClassifier,49,"{""alpha"": 1.7036710205258213e-06, ""class_weight"": null, ""l1_ratio"": 0.8446017188752856, ""loss"": ""log_loss"", ""penalty"": ""l2""}",39654,9914,0.815339148127296,0.4242929292062084
2,43,SGDClassifier,50,"{""alpha"": 1.0081143657954485e-05, ""class_weight"": ""balanced"", ""l1_ratio"": 0.1595617856658404, ""loss"": ""log_loss"", ""penalty"": ""elasticnet""}",39654,9914,0.7924332125262562,0.8980079776752918
2,43,ComplementNB,1,"{""alpha"": 0.0015419822290139136, ""norm"": false}",39654,9914,0.3952352637081144,1.0
2,43,ComplementNB,2,"{""alpha"": 0.41905604641935645, ""norm"": false}",39654,9914,0.3812311621969413,1.0
2,43,ComplementNB,3,"{""alpha"": 0.2470329850746694, ""norm"": false}",39654,9914,0.382054062111246,1.0
2,43,ComplementNB,4,"{""alpha"": 0.009772419005483812, ""norm"": false}",39654,9914,0.3902680901705493,0.9999999999999858
2,43,ComplementNB,5,"{""alpha"": 0.007614184543282095, ""norm"": false}",39654,9914,0.3913708291017968,1.0
2,43,ComplementNB,6,"{""alpha"": 0.02543792067266549, ""norm"": false}",39654,9914,0.3892643907155443,1.0
2,43,ComplementNB,7,"{""alpha"": 1.0308353712702, ""norm"": true}",39654,9914,0.4898787728697306,0.5000031812788626
2,43,ComplementNB,8,"{""alpha"": 0.16880362871182902, ""norm"": true}",39654,9914,0.4893811655938236,0.5000039730748355
2,43,ComplementNB,9,"{""alpha"": 0.0017988262244215247, ""norm"": false}",39654,9914,0.3951805933226112,1.0
2,43,ComplementNB,10,"{""alpha"": 0.3195411284453064, ""norm"": false}",39654,9914,0.3821754851958184,1.0
2,43,ComplementNB,11,"{""alpha"": 6.539992761153498, ""norm"": false}",39654,9914,0.3505958762400937,0.9999996947206466
2,43,ComplementNB,12,"{""alpha"": 0.6473737855406916, ""norm"": false}",39654,9914,0.3805441315745658,1.0
2,43,ComplementNB,13,"{""alpha"": 0.6508876562323287, ""norm"": true}",39654,9914,0.4944257176130472,0.5000034002165257
2,43,ComplementNB,14,"{""alpha"": 0.014222914966001128, ""norm"": true}",39654,9914,0.4748598248417898,0.5000048603555278
2,43,ComplementNB,15,"{""alpha"": 0.01664940811842883, ""norm"": true}",39654,9914,0.4752532733974769,0.5000049085351889
2,43,ComplementNB,16,"{""alpha"": 0.005648083870817497, ""norm"": true}",39654,9914,0.4732605976161814,0.5000059159609467
2,43,ComplementNB,17,"{""alpha"": 0.09233400331231874, ""norm"": true}",39654,9914,0.4858167282985207,0.5000028747058829
2,43,ComplementNB,18,"{""alpha"": 0.008662111834913814, ""norm"": false}",39654,9914,0.3910107298693384,1.0
2,43,ComplementNB,19,"{""alpha"": 0.002190696489185769, ""norm"": false}",39654,9914,0.3951312046858088,1.0
2,43,ComplementNB,20,"{""alpha"": 0.004529605761635437, ""norm"": false}",39654,9914,0.393035934269417,1.0
2,43,ComplementNB,21,"{""alpha"": 0.023466975666907468, ""norm"": false}",39654,9914,0.3893038383633514,1.0
2,43,ComplementNB,22,"{""alpha"": 0.003339733959332546, ""norm"": true}",39654,9914,0.4719817434401702,0.5000084642807114
2,43,ComplementNB,23,"{""alpha"": 0.001009866342035512, ""norm"": true}",39654,9914,0.4700724053961366,0.5000088477250052
2,43,ComplementNB,24,"{""alpha"": 0.003909530491845216, ""norm"": true}",39654,9914,0.4727909039199599,0.5000071845126831
2,43,ComplementNB,25,"{""alpha"": 0.41274338184636583, ""norm"": true}",39654,9914,0.4971593712756115,0.5000051898537192
2,43,ComplementNB,26,"{""alpha"": 0.17261989843676234, ""norm"": true}",39654,9914,0.4896446464502154,0.500004213931896
2,43,ComplementNB,27,"{""alpha"": 9.051402650802315, ""norm"": true}",39654,9914,0.3324054268850167,0.5000000624871187
2,43,ComplementNB,28,"{""alpha"": 8.195983532554683, ""norm"": true}",39654,9914,0.3503381166959691,0.5000009221268163
2,43,ComplementNB,29,"{""alpha"": 0.0013585268285734458, ""norm"": false}",39654,9914,0.3949381595185406,1.0
2,43,ComplementNB,30,"{""alpha"": 0.306521783563433, ""norm"": false}",39654,9914,0.3822684547524587,1.0
2,43,ComplementNB,31,"{""alpha"": 0.002178689484095205, ""norm"": false}",39654,9914,0.3951365320395557,1.0
2,43,ComplementNB,32,"{""alpha"": 0.03635787100349229, ""norm"": true}",39654,9914,0.4798714596314494,0.5000040452588379
2,43,ComplementNB,33,"{""alpha"": 0.040425399041744345, ""norm"": true}",39654,9914,0.480634676933426,0.5000035752771043
2,43,ComplementNB,34,"{""alpha"": 0.003989475484512929, ""norm"": false}",39654,9914,0.3938044727637674,1.0
2,43,ComplementNB,35,"{""alpha"": 1.2511960047259005, ""norm"": true}",39654,9914,0.4877429802611045,0.5000027232718254
2,43,ComplementNB,36,"{""alpha"": 0.2704647657884787, ""norm"": false}",39654,9914,0.3822172350413886,1.0
2,43,ComplementNB,37,"{""alpha"": 0.15029725603159003, ""norm"": false}",39654,9914,0.3842747179920814,1.0
2,43,ComplementNB,38,"{""alpha"": 2.900989600090272, ""norm"": true}",39654,9914,0.4597880826709035,0.5000019679871255
2,43,ComplementNB,39,"{""alpha"": 0.0012081783820211845, ""norm"": false}",39654,9914,0.3950086773543363,1.0
2,43,ComplementNB,40,"{""alpha"": 0.0932783242817286, ""norm"": true}",39654,9914,0.4858614468212894,0.5000028605818608
2,43,ComplementNB,41,"{""alpha"": 0.1240322960074919, ""norm"": false}",39654,9914,0.3845535352560212,1.0
2,43,ComplementNB,42,"{""alpha"": 0.00739311755596527, ""norm"": false}",39654,9914,0.3913256368705496,1.0
2,43,ComplementNB,43,"{""alpha"": 0.047036036978221056, ""norm"": true}",39654,9914,0.4819870481313221,0.5000034482160779
2,43,ComplementNB,44,"{""alpha"": 0.005240378708001908, ""norm"": false}",39654,9914,0.3933235113479674,1.0
2,43,ComplementNB,45,"{""alpha"": 5.10106276109409, ""norm"": true}",39654,9914,0.4236304610833192,0.5000000463414805
2,43,ComplementNB,46,"{""alpha"": 0.003460530943606673, ""norm"": false}",39654,9914,0.3942191050972688,1.0
2,43,ComplementNB,47,"{""alpha"": 5.210967825213285, ""norm"": false}",39654,9914,0.3555326252033267,0.999999936837755
2,43,ComplementNB,48,"{""alpha"": 0.0013912286483436119, ""norm"": false}",39654,9914,0.3949332684297983,1.0
2,43,ComplementNB,49,"{""alpha"": 0.032217658312292285, ""norm"": false}",39654,9914,0.3891447120338745,1.0
2,43,ComplementNB,50,"{""alpha"": 0.027377730892857888, ""norm"": true}",39654,9914,0.4781571645601385,0.5000039355080783
3,44,LightGBM,1,"{""colsample_bytree"": 0.9946885635555406, ""learning_rate"": 0.013126592868813675, ""max_depth"": 16, ""min_child_samples"": 40, ""n_estimators"": 900, ""num_leaves"": 127, ""reg_alpha"": 0.3210337749348484, ""reg_lambda"": 0.03637564526427256, ""subsample"": 0.881450861919056, ""subsample_freq"": 1}",39654,9914,0.8755940146943693,0.6818675188348567
3,44,LightGBM,2,"{""colsample_bytree"": 0.6858661214384766, ""learning_rate"": 0.06308607030247983, ""max_depth"": -1, ""min_child_samples"": 20, ""n_estimators"": 1200, ""num_leaves"": 31, ""reg_alpha"": 0.10012498455085403, ""reg_lambda"": 1.7769577972687236, ""subsample"": 0.7713696982342337, ""subsample_freq"": 1}",39654,9914,0.8832230695900173,0.6400907643346421
3,44,LightGBM,3,"{""colsample_bytree"": 0.9045073326080275, ""learning_rate"": 0.05341210872121097, ""max_depth"": 12, ""min_child_samples"": 10, ""n_estimators"": 900, ""num_leaves"": 127, ""reg_alpha"": 0.0032157162598978545, ""reg_lambda"": 0.0019696157938014877, ""subsample"": 0.8075139827487663, ""subsample_freq"": 1}",39654,9914,0.8814697204675813,0.3342889368424557
3,44,LightGBM,4,"{""colsample_bytree"": 0.6454123018512349, ""learning_rate"": 0.016718507138502512, ""max_depth"": 16, ""min_child_samples"": 5, ""n_estimators"": 600, ""num_leaves"": 63, ""reg_alpha"": 0.06937699882719812, ""reg_lambda"": 0.3522050022761015, ""subsample"": 0.8856520594333628, ""subsample_freq"": 1}",39654,9914,0.8762802835331217,0.7120194057221662
3,44,LightGBM,5,"{""colsample_bytree"": 0.8549380577435681, ""learning_rate"": 0.0901491211579168, ""max_depth"": 8, ""min_child_samples"": 20, ""n_estimators"": 600, ""num_leaves"": 63, ""reg_alpha"": 0.0008022561374128985, ""reg_lambda"": 0.13055574868209643, ""subsample"": 0.8075016592025158, ""subsample_freq"": 1}",39654,9914,0.8775548007753136,0.6301793127624652
3,44,LightGBM,6,"{""colsample_bytree"": 0.9844182233687885, ""learning_rate"": 0.08104454519826822, ""max_depth"": 12, ""min_child_samples"": 40, ""n_estimators"": 300, ""num_leaves"": 95, ""reg_alpha"": 0.006112743181524985, ""reg_lambda"": 0.006662515203024241, ""subsample"": 0.7547159872588146, ""subsample_freq"": 1}",39654,9914,0.8717522798892647,0.7221858910859319
3,44,LightGBM,7,"{""colsample_bytree"": 0.8357221311267655, ""learning_rate"": 0.043969845646200954, ""max_depth"": -1, ""min_child_samples"": 5, ""n_estimators"": 900, ""num_leaves"": 127, ""reg_alpha"": 0.032814795564405135, ""reg_lambda"": 0.004082410258525998, ""subsample"": 0.7518941064697807, ""subsample_freq"": 1}",39654,9914,0.8842826305817784,0.6581423427734983
3,44,LightGBM,8,"{""colsample_bytree"": 0.6704391958015143, ""learning_rate"": 0.09709915778890699, ""max_depth"": 16, ""min_child_samples"": 40, ""n_estimators"": 900, ""num_leaves"": 63, ""reg_alpha"": 0.0023257297132282142, ""reg_lambda"": 0.036024920513411426, ""subsample"": 0.7290276579163945, ""subsample_freq"": 1}",39654,9914,0.8772893851856248,0.4844510006898893
3,44,LightGBM,9,"{""colsample_bytree"": 0.9478687508587377, ""learning_rate"": 0.03575029179108271, ""max_depth"": 16, ""min_child_samples"": 20, ""n_estimators"": 900, ""num_leaves"": 31, ""reg_alpha"": 0.009342013911416624, ""reg_lambda"": 0.0008552085805654631, ""subsample"": 0.7312916934911187, ""subsample_freq"": 1}",39654,9914,0.8824872074828863,0.6053294227887394
3,44,LightGBM,10,"{""colsample_bytree"": 0.9867626284437984, ""learning_rate"": 0.024775071409368847, ""max_depth"": -1, ""min_child_samples"": 40, ""n_estimators"": 600, ""num_leaves"": 95, ""reg_alpha"": 0.0012753455067562795, ""reg_lambda"": 0.15169903594208337, ""subsample"": 0.9764845858810633, ""subsample_freq"": 1}",39654,9914,0.890453544427887,0.6399840621203738
3,44,LightGBM,11,"{""colsample_bytree"": 0.9118347340957973, ""learning_rate"": 0.09766423730802944, ""max_depth"": -1, ""min_child_samples"": 10, ""n_estimators"": 600, ""num_leaves"": 31, ""reg_alpha"": 0.6240101939484516, ""reg_lambda"": 2.583576070195505, ""subsample"": 0.9081346250216102, ""subsample_freq"": 1}",39654,9914,0.8869874556756291,0.6483291232759673
3,44,LightGBM,12,"{""colsample_bytree"": 0.6199774191112093, ""learning_rate"": 0.01985071204912522, ""max_depth"": 16, ""min_child_samples"": 40, ""n_estimators"": 1200, ""num_leaves"": 31, ""reg_alpha"": 0.011994455542104668, ""reg_lambda"": 0.011512294978544764, ""subsample"": 0.7842206117196704, ""subsample_freq"": 1}",39654,9914,0.8748408916743373,0.7026073877714569
3,44,LightGBM,13,"{""colsample_bytree"": 0.8682683914743761, ""learning_rate"": 0.06422137814445891, ""max_depth"": -1, ""min_child_samples"": 20, ""n_estimators"": 300, ""num_leaves"": 31, ""reg_alpha"": 0.02338655811631274, ""reg_lambda"": 0.0003222928586865178, ""subsample"": 0.8190869011745073, ""subsample_freq"": 1}",39654,9914,0.8710126562425976,0.7354834788675572
3,44,LightGBM,14,"{""colsample_bytree"": 0.7893363673757575, ""learning_rate"": 0.02866007942616271, ""max_depth"": 16, ""min_child_samples"": 40, ""n_estimators"": 1200, ""num_leaves"": 127, ""reg_alpha"": 0.0036164269838009164, ""reg_lambda"": 7.134659636783189, ""subsample"": 0.7283027058572878, ""subsample_freq"": 1}",39654,9914,0.882648972790683,0.5610211555334614
3,44,LightGBM,15,"{""colsample_bytree"": 0.8528802834211884, ""learning_rate"": 0.024663773427638785, ""max_depth"": 12, ""min_child_samples"": 5, ""n_estimators"": 300, ""num_leaves"": 95, ""reg_alpha"": 0.17053934933117576, ""reg_lambda"": 0.0001237643428505401, ""subsample"": 0.9756774495935185, ""subsample_freq"": 1}",39654,9914,0.8592758727205676,0.6454307087221763
3,44,LightGBM,16,"{""colsample_bytree"": 0.9267802300622227, ""learning_rate"": 0.010912956467525799, ""max_depth"": 8, ""min_child_samples"": 10, ""n_estimators"": 900, ""num_leaves"": 63, ""reg_alpha"": 0.0002372214990398783, ""reg_lambda"": 0.005402709335710785, ""subsample"": 0.8953002048604948, ""subsample_freq"": 1}",39654,9914,0.8451595220076001,0.7210923480283683
3,44,LightGBM,17,"{""colsample_bytree"": 0.8042844121172352, ""learning_rate"": 0.025507204910878996, ""max_depth"": 16, ""min_child_samples"": 10, ""n_estimators"": 300, ""num_leaves"": 95, ""reg_alpha"": 0.04668470745206066, ""reg_lambda"": 0.00014265608973559334, ""subsample"": 0.7331066961029944, ""subsample_freq"": 1}",39654,9914,0.8708221882063137,0.7379566635252817
3,44,LightGBM,18,"{""colsample_bytree"": 0.9562382524372282, ""learning_rate"": 0.015660808919677426, ""max_depth"": 12, ""min_child_samples"": 10, ""n_estimators"": 1200, ""num_leaves"": 31, ""reg_alpha"": 0.07508335451098253, ""reg_lambda"": 2.9697692264572986, ""subsample"": 0.7474080172818629, ""subsample_freq"": 1}",39654,9914,0.8658884052515712,0.6626828260666981
3,44,LightGBM,19,"{""colsample_bytree"": 0.6823542722197827, ""learning_rate"": 0.034330074810904034, ""max_depth"": 16, ""min_child_samples"": 20, ""n_estimators"": 600, ""num_leaves"": 95, ""reg_alpha"": 0.046212731604847145, ""reg_lambda"": 0.0002253433699686383, ""subsample"": 0.8432339908389923, ""subsample_freq"": 1}",39654,9914,0.8886736338671132,0.5638633867885732
3,44,LightGBM,20,"{""colsample_bytree"": 0.7172320370732933, ""learning_rate"": 0.022950189022861608, ""max_depth"": -1, ""min_child_samples"": 40, ""n_estimators"": 1200, ""num_leaves"": 63, ""reg_alpha"": 0.0020067824138095052, ""reg_lambda"": 0.7912509244706247, ""subsample"": 0.9303821687622543, ""subsample_freq"": 1}",39654,9914,0.8899989556138986,0.699542959763299
3,44,LightGBM,21,"{""colsample_bytree"": 0.8031379644442003, ""learning_rate"": 0.02973569408132378, ""max_depth"": -1, ""min_child_samples"": 40, ""n_estimators"": 300, ""num_leaves"": 95, ""reg_alpha"": 0.08151173625175781, ""reg_lambda"": 0.31526100039854116, ""subsample"": 0.7347743003290774, ""subsample_freq"": 1}",39654,9914,0.8840973267860588,0.7280765146433842
3,44,LightGBM,22,"{""colsample_bytree"": 0.7449241042799433, ""learning_rate"": 0.09667817171201804, ""max_depth"": 12, ""min_child_samples"": 20, ""n_estimators"": 1200, ""num_leaves"": 31, ""reg_alpha"": 0.0007493371193690541, ""reg_lambda"": 0.01052691060000843, ""subsample"": 0.8911965895081357, ""subsample_freq"": 1}",39654,9914,0.8736583636675128,0.7567004548804885
3,44,LightGBM,23,"{""colsample_bytree"": 0.9257662338263658, ""learning_rate"": 0.04475927959022491, ""max_depth"": 16, ""min_child_samples"": 80, ""n_estimators"": 900, ""num_leaves"": 63, ""reg_alpha"": 0.23754644955116067, ""reg_lambda"": 0.3042252417375287, ""subsample"": 0.8121754478370157, ""subsample_freq"": 1}",39654,9914,0.8796617914865135,0.601963772857843
3,44,LightGBM,24,"{""colsample_bytree"": 0.8944228009749602, ""learning_rate"": 0.02812700335400716, ""max_depth"": 12, ""min_child_samples"": 20, ""n_estimators"": 600, ""num_leaves"": 95, ""reg_alpha"": 0.000170428055224234, ""reg_lambda"": 0.0208016293300962, ""subsample"": 0.923811261023926, ""subsample_freq"": 1}",39654,9914,0.8781847771453238,0.6190259361334405
3,44,LightGBM,25,"{""colsample_bytree"": 0.8228188304188332, ""learning_rate"": 0.034042934525430224, ""max_depth"": 8, ""min_child_samples"": 5, ""n_estimators"": 300, ""num_leaves"": 95, ""reg_alpha"": 0.020997335842415428, ""reg_lambda"": 0.2977297234032477, ""subsample"": 0.9503799214219353, ""subsample_freq"": 1}",39654,9914,0.8435582557010628,0.7362729503712673
3,44,LightGBM,26,"{""colsample_bytree"": 0.8037968269574853, ""learning_rate"": 0.010921104092785914, ""max_depth"": -1, ""min_child_samples"": 5, ""n_estimators"": 600, ""num_leaves"": 127, ""reg_alpha"": 0.08495872071852496, ""reg_lambda"": 9.29321722814161, ""subsample"": 0.9502951549826588, ""subsample_freq"": 1}",39654,9914,0.8765697200200505,0.6781664318027493
3,44,LightGBM,27,"{""colsample_bytree"": 0.8304384610412426, ""learning_rate"": 0.021377329263181918, ""max_depth"": 16, ""min_child_samples"": 5, ""n_estimators"": 1200, ""num_leaves"": 95, ""reg_alpha"": 0.0010127870528932963, ""reg_lambda"": 1.2673794583779079, ""subsample"": 0.8092712085848871, ""subsample_freq"": 1}",39654,9914,0.8895651751181297,0.5529893567757386
3,44,LightGBM,28,"{""colsample_bytree"": 0.6864347826363657, ""learning_rate"": 0.011744604374678247, ""max_depth"": 8, ""min_child_samples"": 10, ""n_estimators"": 600, ""num_leaves"": 31, ""reg_alpha"": 0.00010645639245847673, ""reg_lambda"": 0.4454829648395767, ""subsample"": 0.8746350351956366, ""subsample_freq"": 1}",39654,9914,0.8226092716650851,0.7693787957039269
3,44,LightGBM,29,"{""colsample_bytree"": 0.6917865384457997, ""learning_rate"": 0.03573978440588577, ""max_depth"": -1, ""min_child_samples"": 5, ""n_estimators"": 600, ""num_leaves"": 63, ""reg_alpha"": 0.00030853206177190696, ""reg_lambda"": 0.001919189401606649, ""subsample"": 0.8562080689282294, ""subsample_freq"": 1}",39654,9914,0.8904326875296147,0.5737528281758303
3,44,LightGBM,30,"{""colsample_bytree"": 0.6934379948196326, ""learning_rate"": 0.05024465967652054, ""max_depth"": -1, ""min_child_samples"": 20, ""n_estimators"": 900, ""num_leaves"": 127, ""reg_alpha"": 0.0820415628471833, ""reg_lambda"": 0.0014394189711294406, ""subsample"": 0.8742072655589246, ""subsample_freq"": 1}",39654,9914,0.8843448917513047,0.569282417219527
3,44,LightGBM,31,"{""colsample_bytree"": 0.9402264460716043, ""learning_rate"": 0.02480343950520584, ""max_depth"": -1, ""min_child_samples"": 80, ""n_estimators"": 1200, ""num_leaves"": 95, ""reg_alpha"": 0.01935477336394739, ""reg_lambda"": 0.0008851169145811686, ""subsample"": 0.9517728189838657, ""subsample_freq"": 1}",39654,9914,0.8814443790487451,0.5700965424704103
3,44,LightGBM,32,"{""colsample_bytree"": 0.9341138521093156, ""learning_rate"": 0.024545873460594687, ""max_depth"": 16, ""min_child_samples"": 80, ""n_estimators"": 300, ""num_leaves"": 127, ""reg_alpha"": 0.14969621127103577, ""reg_lambda"": 0.19941553246232535, ""subsample"": 0.7255125342068519, ""subsample_freq"": 1}",39654,9914,0.8444385645497736,0.7540443957846031
3,44,LightGBM,33,"{""colsample_bytree"": 0.6098714817110896, ""learning_rate"": 0.02318282336296791, ""max_depth"": 8, ""min_child_samples"": 20, ""n_estimators"": 600, ""num_leaves"": 127, ""reg_alpha"": 0.0011913804459115788, ""reg_lambda"": 0.6064263186232932, ""subsample"": 0.8444825938980652, ""subsample_freq"": 1}",39654,9914,0.8472945249093249,0.7526123980829561
3,44,LightGBM,34,"{""colsample_bytree"": 0.6172445460277672, ""learning_rate"": 0.015702011729651525, ""max_depth"": -1, ""min_child_samples"": 20, ""n_estimators"": 900, ""num_leaves"": 63, ""reg_alpha"": 0.31736524301494945, ""reg_lambda"": 0.0016908630619180476, ""subsample"": 0.7734976349172196, ""subsample_freq"": 1}",39654,9914,0.8870387528227431,0.7591625334552731
3,44,LightGBM,35,"{""colsample_bytree"": 0.6937045420621986, ""learning_rate"": 0.03233425490038843, ""max_depth"": 8, ""min_child_samples"": 10, ""n_estimators"": 1200, ""num_leaves"": 95, ""reg_alpha"": 0.4584707750967612, ""reg_lambda"": 0.0004892622261049898, ""subsample"": 0.8205827874312654, ""subsample_freq"": 1}",39654,9914,0.8777983559219955,0.669271357311358
3,44,LightGBM,36,"{""colsample_bytree"": 0.718762569636049, ""learning_rate"": 0.038892212176387865, ""max_depth"": 12, ""min_child_samples"": 10, ""n_estimators"": 1200, ""num_leaves"": 95, ""reg_alpha"": 0.01646940290410616, ""reg_lambda"": 0.00024803168763451125, ""subsample"": 0.8078388475494332, ""subsample_freq"": 1}",39654,9914,0.8847185863194389,0.4510119735534859
3,44,LightGBM,37,"{""colsample_bytree"": 0.964471249806505, ""learning_rate"": 0.021372393789284527, ""max_depth"": 12, ""min_child_samples"": 5, ""n_estimators"": 300, ""num_leaves"": 95, ""reg_alpha"": 0.0008481070715049616, ""reg_lambda"": 4.1449613545495625, ""subsample"": 0.8347701680470136, ""subsample_freq"": 1}",39654,9914,0.838692019040601,0.7262608584727426
3,44,LightGBM,38,"{""colsample_bytree"": 0.9729291271452873, ""learning_rate"": 0.04037648176859423, ""max_depth"": -1, ""min_child_samples"": 5, ""n_estimators"": 1200, ""num_leaves"": 63, ""reg_alpha"": 0.0011300862737255912, ""reg_lambda"": 3.1479108767871993, ""subsample"": 0.8685357592058529, ""subsample_freq"": 1}",39654,9914,0.8874753178700423,0.6054284510333419
3,44,LightGBM,39,"{""colsample_bytree"": 0.7960326401913201, ""learning_rate"": 0.07095186376863276, ""max_depth"": 16, ""min_child_samples"": 80, ""n_estimators"": 900, ""num_leaves"": 63, ""reg_alpha"": 0.02883178122710376, ""reg_lambda"": 0.804700537715001, ""subsample"": 0.7713398419372933, ""subsample_freq"": 1}",39654,9914,0.8794882162530356,0.6233305867397874
3,44,LightGBM,40,"{""colsample_bytree"": 0.793898923973349, ""learning_rate"": 0.09706107069577952, ""max_depth"": 8, ""min_child_samples"": 80, ""n_estimators"": 300, ""num_leaves"": 63, ""reg_alpha"": 0.0005700336582916201, ""reg_lambda"": 0.009216110939761806, ""subsample"": 0.8043603104108179, ""subsample_freq"": 1}",39654,9914,0.8448850914374192,0.7141344689616328
3,44,LightGBM,41,"{""colsample_bytree"": 0.8737907380920076, ""learning_rate"": 0.05921680406553287, ""max_depth"": 8, ""min_child_samples"": 20, ""n_estimators"": 900, ""num_leaves"": 127, ""reg_alpha"": 0.09097687599535823, ""reg_lambda"": 3.8493519760616843, ""subsample"": 0.7293007313548847, ""subsample_freq"": 1}",39654,9914,0.8745579983120685,0.633368234958061
3,44,LightGBM,42,"{""colsample_bytree"": 0.670583210060022, ""learning_rate"": 0.09913206842372714, ""max_depth"": 12, ""min_child_samples"": 10, ""n_estimators"": 300, ""num_leaves"": 31, ""reg_alpha"": 0.324956202743456, ""reg_lambda"": 0.0004117372126315142, ""subsample"": 0.7486278852112306, ""subsample_freq"": 1}",39654,9914,0.87547189632449,0.7403426842725669
3,44,LightGBM,43,"{""colsample_bytree"": 0.9084421826975926, ""learning_rate"": 0.031608054182026495, ""max_depth"": -1, ""min_child_samples"": 20, ""n_estimators"": 900, ""num_leaves"": 31, ""reg_alpha"": 0.19083614634013032, ""reg_lambda"": 0.03502961375512869, ""subsample"": 0.7989292577233814, ""subsample_freq"": 1}",39654,9914,0.88278259417701,0.5772403141115368
3,44,LightGBM,44,"{""colsample_bytree"": 0.801742410371412, ""learning_rate"": 0.01767884690898719, ""max_depth"": 16, ""min_child_samples"": 5, ""n_estimators"": 300, ""num_leaves"": 63, ""reg_alpha"": 0.0861931512658325, ""reg_lambda"": 0.0066447626027908244, ""subsample"": 0.9274000362979353, ""subsample_freq"": 1}",39654,9914,0.8546580999891422,0.6467197956695063
3,44,LightGBM,45,"{""colsample_bytree"": 0.8297632368929315, ""learning_rate"": 0.02160887981920506, ""max_depth"": 16, ""min_child_samples"": 20, ""n_estimators"": 1200, ""num_leaves"": 95, ""reg_alpha"": 0.00033613833267842917, ""reg_lambda"": 1.638449612688784, ""subsample"": 0.8361887140596205, ""subsample_freq"": 1}",39654,9914,0.8877610131350357,0.5570875042074248
3,44,LightGBM,46,"{""colsample_bytree"": 0.8241249325032934, ""learning_rate"": 0.015079792203603216, ""max_depth"": 8, ""min_child_samples"": 5, ""n_estimators"": 600, ""num_leaves"": 31, ""reg_alpha"": 0.0968713057300454, ""reg_lambda"": 0.01116283163457502, ""subsample"": 0.8260887008330592, ""subsample_freq"": 1}",39654,9914,0.8323892769616503,0.7527570039423949
3,44,LightGBM,47,"{""colsample_bytree"": 0.9896267899121175, ""learning_rate"": 0.011529697504088809, ""max_depth"": 12, ""min_child_samples"": 5, ""n_estimators"": 1200, ""num_leaves"": 127, ""reg_alpha"": 0.0006002874404055749, ""reg_lambda"": 0.13127198671561804, ""subsample"": 0.7089210285392914, ""subsample_freq"": 1}",39654,9914,0.8773771345627992,0.6454799577893457
3,44,LightGBM,48,"{""colsample_bytree"": 0.8704649136653071, ""learning_rate"": 0.08821413876315852, ""max_depth"": 8, ""min_child_samples"": 5, ""n_estimators"": 900, ""num_leaves"": 95, ""reg_alpha"": 0.00035863194408716526, ""reg_lambda"": 0.010387810207318555, ""subsample"": 0.7379117933613224, ""subsample_freq"": 1}",39654,9914,0.8788776996003933,0.5010189294719081
3,44,LightGBM,49,"{""colsample_bytree"": 0.7899618362942457, ""learning_rate"": 0.02255528672624111, ""max_depth"": 12, ""min_child_samples"": 40, ""n_estimators"": 900, ""num_leaves"": 31, ""reg_alpha"": 0.0001438173772936478, ""reg_lambda"": 0.0005898417588243314, ""subsample"": 0.7340275372683934, ""subsample_freq"": 1}",39654,9914,0.8648222381274683,0.7878077311680006
3,44,LightGBM,50,"{""colsample_bytree"": 0.8853451736038075, ""learning_rate"": 0.08196180048711828, ""max_depth"": 8, ""min_child_samples"": 40, ""n_estimators"": 1200, ""num_leaves"": 127, ""reg_alpha"": 0.09063977845145696, ""reg_lambda"": 0.1400826019198433, ""subsample"": 0.9428758262757075, ""subsample_freq"": 1}",39654,9914,0.8779870787423623,0.7196231034361908
3,44,XGBoost,1,"{""colsample_bytree"": 0.7261084254201122, ""gamma"": 0.19404953495226895, ""learning_rate"": 0.028761419533908133, ""max_depth"": 5, ""min_child_weight"": 3, ""n_estimators"": 600, ""reg_alpha"": 0.05461372827991598, ""reg_lambda"": 0.16158705831345488, ""subsample"": 0.7790220619702796}",39654,9914,0.8279540590015388,0.7547196745872498
3,44,XGBoost,2,"{""colsample_bytree"": 0.7089912048296938, ""gamma"": 0.18860801941526562, ""learning_rate"": 0.0550446635606725, ""max_depth"": 3, ""min_child_weight"": 3, ""n_estimators"": 1200, ""reg_alpha"": 0.4750241731152691, ""reg_lambda"": 0.3696008308367095, ""subsample"": 0.8582239168664294}",39654,9914,0.8423916228273993,0.7925215363502502
3,44,XGBoost,3,"{""colsample_bytree"": 0.9884489792913203, ""gamma"": 0.7916637144646604, ""learning_rate"": 0.016845980446343247, ""max_depth"": 12, ""min_child_weight"": 10, ""n_estimators"": 1200, ""reg_alpha"": 0.001592427674380419, ""reg_lambda"": 1.1816874639370816, ""subsample"": 0.9742378762284192}",39654,9914,0.8723199277457715,0.6192991733551025
3,44,XGBoost,4,"{""colsample_bytree"": 0.6242154027331638, ""gamma"": 0.06258593303494164, ""learning_rate"": 0.08093857158093697, ""max_depth"": 12, ""min_child_weight"": 1, ""n_estimators"": 900, ""reg_alpha"": 0.15901131344153166, ""reg_lambda"": 0.4778450562228534, ""subsample"": 0.8084797875288113}",39654,9914,0.8770683881584245,0.4007153213024139
3,44,XGBoost,5,"{""colsample_bytree"": 0.7322805913225068, ""gamma"": 0.9251496993729327, ""learning_rate"": 0.02487516281115328, ""max_depth"": 5, ""min_child_weight"": 5, ""n_estimators"": 600, ""reg_alpha"": 0.00923164235878673, ""reg_lambda"": 1.4232891698693007, ""subsample"": 0.7445155150312006}",39654,9914,0.8140643765606335,0.7854763865470886
3,44,XGBoost,6,"{""colsample_bytree"": 0.6103566955129859, ""gamma"": 0.5712878967998747, ""learning_rate"": 0.038515326035851505, ""max_depth"": 9, ""min_child_weight"": 5, ""n_estimators"": 900, ""reg_alpha"": 0.00011285574340232436, ""reg_lambda"": 6.789078565618764, ""subsample"": 0.878028937992747}",39654,9914,0.8687524944665606,0.5718368291854858
3,44,XGBoost,7,"{""colsample_bytree"": 0.6970422163205827, ""gamma"": 0.14375713242812793, ""learning_rate"": 0.0641782193413572, ""max_depth"": 3, ""min_child_weight"": 3, ""n_estimators"": 300, ""reg_alpha"": 0.9142125708560014, ""reg_lambda"": 0.2216274725432361, ""subsample"": 0.7177032966461182}",39654,9914,0.785654282468196,0.8265572190284729
3,44,XGBoost,8,"{""colsample_bytree"": 0.7742638631299353, ""gamma"": 0.808292414634009, ""learning_rate"": 0.01199347757656889, ""max_depth"": 9, ""min_child_weight"": 10, ""n_estimators"": 300, ""reg_alpha"": 0.0002840295360538061, ""reg_lambda"": 5.152311124686645, ""subsample"": 0.8417607272932752}",39654,9914,0.8028711233909831,0.7292521595954895
3,44,XGBoost,9,"{""colsample_bytree"": 0.6522164190711438, ""gamma"": 0.9957860283792439, ""learning_rate"": 0.013406595946758889, ""max_depth"": 12, ""min_child_weight"": 1, ""n_estimators"": 1200, ""reg_alpha"": 0.2389268128443017, ""reg_lambda"": 2.4166048048767856, ""subsample"": 0.7539829955846502}",39654,9914,0.8725214252268021,0.6263404488563538
3,44,XGBoost,10,"{""colsample_bytree"": 0.6736663961618409, ""gamma"": 0.5555743780954255, ""learning_rate"": 0.013179146922725135, ""max_depth"": 12, ""min_child_weight"": 1, ""n_estimators"": 300, ""reg_alpha"": 0.15631027439009396, ""reg_lambda"": 0.7798659811801236, ""subsample"": 0.8636024756451992}",39654,9914,0.8384932373644628,0.6810628771781921
3,44,XGBoost,11,"{""colsample_bytree"": 0.7571125337712081, ""gamma"": 0.005583458213921477, ""learning_rate"": 0.030317827219385415, ""max_depth"": 12, ""min_child_weight"": 5, ""n_estimators"": 900, ""reg_alpha"": 0.0015385710999759141, ""reg_lambda"": 3.2343982281663077, ""subsample"": 0.883646192244941}",39654,9914,0.8770240369897182,0.5826048254966736
3,44,XGBoost,12,"{""colsample_bytree"": 0.6726237782657059, ""gamma"": 0.3126697606526293, ""learning_rate"": 0.012374975754587842, ""max_depth"": 7, ""min_child_weight"": 5, ""n_estimators"": 900, ""reg_alpha"": 0.07734295076514792, ""reg_lambda"": 0.4553653440167314, ""subsample"": 0.7036541640235131}",39654,9914,0.831165014880333,0.7713494300842285
3,44,XGBoost,13,"{""colsample_bytree"": 0.9709928621262817, ""gamma"": 0.17050630732115124, ""learning_rate"": 0.01360970422512542, ""max_depth"": 12, ""min_child_weight"": 3, ""n_estimators"": 1200, ""reg_alpha"": 0.8581693783941267, ""reg_lambda"": 0.2778241881934268, ""subsample"": 0.8968290118884451}",39654,9914,0.8735886907879044,0.6003500819206238
3,44,XGBoost,14,"{""colsample_bytree"": 0.6246354116036379, ""gamma"": 0.304642596087611, ""learning_rate"": 0.0502510407961103, ""max_depth"": 5, ""min_child_weight"": 5, ""n_estimators"": 1200, ""reg_alpha"": 0.00014696962850225222, ""reg_lambda"": 0.8275930414063468, ""subsample"": 0.9276348011125263}",39654,9914,0.8630748009869946,0.710614025592804
3,44,XGBoost,15,"{""colsample_bytree"": 0.6645452408269888, ""gamma"": 0.9464067296362643, ""learning_rate"": 0.01778389238622375, ""max_depth"": 12, ""min_child_weight"": 3, ""n_estimators"": 1200, ""reg_alpha"": 0.03997554803398204, ""reg_lambda"": 0.21736042189593438, ""subsample"": 0.8348587186324414}",39654,9914,0.8811025821984746,0.5414186716079712
3,44,XGBoost,16,"{""colsample_bytree"": 0.9237244704097507, ""gamma"": 0.9233666259803615, ""learning_rate"": 0.02841179206533106, ""max_depth"": 5, ""min_child_weight"": 1, ""n_estimators"": 1200, ""reg_alpha"": 0.0528376514533604, ""reg_lambda"": 1.7447089272545535, ""subsample"": 0.7658383835482713}",39654,9914,0.8517802869549405,0.7963321208953857
3,44,XGBoost,17,"{""colsample_bytree"": 0.9091685386600884, ""gamma"": 0.7990379846924631, ""learning_rate"": 0.03036516132876815, ""max_depth"": 3, ""min_child_weight"": 3, ""n_estimators"": 600, ""reg_alpha"": 0.00010891644214754724, ""reg_lambda"": 2.518260766223427, ""subsample"": 0.9905004587813557}",39654,9914,0.782994602253037,0.8248170614242554
3,44,XGBoost,18,"{""colsample_bytree"": 0.6353968266089655, ""gamma"": 0.3663615393861219, ""learning_rate"": 0.05969685245078112, ""max_depth"": 3, ""min_child_weight"": 1, ""n_estimators"": 900, ""reg_alpha"": 0.0068710071467140135, ""reg_lambda"": 0.40905771775974714, ""subsample"": 0.9191346552779601}",39654,9914,0.8390091774275168,0.7626312375068665
3,44,XGBoost,19,"{""colsample_bytree"": 0.6422828022405163, ""gamma"": 0.5450334257279164, ""learning_rate"": 0.07553062217666667, ""max_depth"": 7, ""min_child_weight"": 10, ""n_estimators"": 600, ""reg_alpha"": 0.33129426976611137, ""reg_lambda"": 3.4707761064612104, ""subsample"": 0.727960951666685}",39654,9914,0.8594146230449885,0.6898545622825623
3,44,XGBoost,20,"{""colsample_bytree"": 0.7535339540676573, ""gamma"": 0.4091693363930258, ""learning_rate"": 0.01883355056268107, ""max_depth"": 3, ""min_child_weight"": 3, ""n_estimators"": 600, ""reg_alpha"": 0.005889264397790003, ""reg_lambda"": 2.595422965795919, ""subsample"": 0.8558999150076174}",39654,9914,0.7603852450775913,0.7793758511543274
3,44,XGBoost,21,"{""colsample_bytree"": 0.8553372079135948, ""gamma"": 0.019791163711472604, ""learning_rate"": 0.052032417887775254, ""max_depth"": 7, ""min_child_weight"": 5, ""n_estimators"": 1200, ""reg_alpha"": 0.4071105306077088, ""reg_lambda"": 0.8079849968439106, ""subsample"": 0.7114709745629304}",39654,9914,0.874967114297647,0.7117218971252441
3,44,XGBoost,22,"{""colsample_bytree"": 0.6152744796755626, ""gamma"": 0.8669719849568969, ""learning_rate"": 0.015646270146339222, ""max_depth"": 5, ""min_child_weight"": 1, ""n_estimators"": 300, ""reg_alpha"": 0.05258776093812706, ""reg_lambda"": 0.3208741055545993, ""subsample"": 0.8874908742682106}",39654,9914,0.7671031294343977,0.7825489044189453
3,44,XGBoost,23,"{""colsample_bytree"": 0.8819510207112478, ""gamma"": 0.938499147933369, ""learning_rate"": 0.03763914482068595, ""max_depth"": 3, ""min_child_weight"": 10, ""n_estimators"": 600, ""reg_alpha"": 0.0006288648243858927, ""reg_lambda"": 2.92339700274823, ""subsample"": 0.8756069896695492}",39654,9914,0.7892417432378095,0.8101867437362671
3,44,XGBoost,24,"{""colsample_bytree"": 0.9774940536132098, ""gamma"": 0.12246103413901754, ""learning_rate"": 0.011688234961896651, ""max_depth"": 3, ""min_child_weight"": 3, ""n_estimators"": 300, ""reg_alpha"": 0.0012762663965709476, ""reg_lambda"": 0.37722331302138723, ""subsample"": 0.7648191101065852}",39654,9914,0.6967631850501689,0.813831090927124
3,44,XGBoost,25,"{""colsample_bytree"": 0.9551833584278085, ""gamma"": 0.6590480261852445, ""learning_rate"": 0.016774909801068306, ""max_depth"": 5, ""min_child_weight"": 3, ""n_estimators"": 600, ""reg_alpha"": 0.0017122548872933842, ""reg_lambda"": 0.4411793182519762, ""subsample"": 0.7609182280933661}",39654,9914,0.8036949550658365,0.8128764033317566
3,44,XGBoost,26,"{""colsample_bytree"": 0.937719489014645, ""gamma"": 0.5357661003815044, ""learning_rate"": 0.03480258356812767, ""max_depth"": 5, ""min_child_weight"": 10, ""n_estimators"": 300, ""reg_alpha"": 0.8302831687477822, ""reg_lambda"": 0.9236248777305576, ""subsample"": 0.770997248250538}",39654,9914,0.7970282724885752,0.8020700812339783
3,44,XGBoost,27,"{""colsample_bytree"": 0.8758531419878215, ""gamma"": 0.07940991864878111, ""learning_rate"": 0.022477283950610584, ""max_depth"": 12, ""min_child_weight"": 10, ""n_estimators"": 600, ""reg_alpha"": 0.898404468872615, ""reg_lambda"": 0.3929690342422883, ""subsample"": 0.9590893546428672}",39654,9914,0.867329562173676,0.6369051933288574
3,44,XGBoost,28,"{""colsample_bytree"": 0.8713781135948662, ""gamma"": 0.728722160368393, ""learning_rate"": 0.050455716408501945, ""max_depth"": 7, ""min_child_weight"": 10, ""n_estimators"": 600, ""reg_alpha"": 0.0003488543292013572, ""reg_lambda"": 0.232367226938054, ""subsample"": 0.9634739994933781}",39654,9914,0.8584056442174972,0.7307806611061096
3,44,XGBoost,29,"{""colsample_bytree"": 0.6235920683431994, ""gamma"": 0.2516447666756736, ""learning_rate"": 0.07103832745377457, ""max_depth"": 3, ""min_child_weight"": 5, ""n_estimators"": 600, ""reg_alpha"": 0.0010618637021375316, ""reg_lambda"": 0.1011048483154938, ""subsample"": 0.7658712624755002}",39654,9914,0.8195773692645127,0.7586479187011719
3,44,XGBoost,30,"{""colsample_bytree"": 0.7365530671214578, ""gamma"": 0.6124924220774026, ""learning_rate"": 0.08071308469372837, ""max_depth"": 7, ""min_child_weight"": 1, ""n_estimators"": 300, ""reg_alpha"": 0.5279444675421207, ""reg_lambda"": 9.663051877390153, ""subsample"": 0.7919211830687263}",39654,9914,0.8515990809216522,0.777299702167511
3,44,XGBoost,31,"{""colsample_bytree"": 0.9554119545864705, ""gamma"": 0.03750140853194095, ""learning_rate"": 0.08099116055732106, ""max_depth"": 12, ""min_child_weight"": 10, ""n_estimators"": 1200, ""reg_alpha"": 0.0075217223967052336, ""reg_lambda"": 5.152003584433663, ""subsample"": 0.9546453945213481}",39654,9914,0.8732450139871196,0.5704939365386963
3,44,XGBoost,32,"{""colsample_bytree"": 0.7649503069574172, ""gamma"": 0.6943196720105203, ""learning_rate"": 0.05930808051234427, ""max_depth"": 12, ""min_child_weight"": 5, ""n_estimators"": 1200, ""reg_alpha"": 0.010298623661534749, ""reg_lambda"": 3.049398410317029, ""subsample"": 0.9770254177423097}",39654,9914,0.881069333962466,0.5280082821846008
3,44,XGBoost,33,"{""colsample_bytree"": 0.9105894177568443, ""gamma"": 0.7096521089291178, ""learning_rate"": 0.01421206790646495, ""max_depth"": 12, ""min_child_weight"": 10, ""n_estimators"": 600, ""reg_alpha"": 0.009039884956108994, ""reg_lambda"": 1.795252341006764, ""subsample"": 0.9361727924444502}",39654,9914,0.8547019907978495,0.6762447357177734
3,44,XGBoost,34,"{""colsample_bytree"": 0.7226206344576868, ""gamma"": 0.37512753948080413, ""learning_rate"": 0.0329596093250269, ""max_depth"": 9, ""min_child_weight"": 3, ""n_estimators"": 900, ""reg_alpha"": 0.005899959685572072, ""reg_lambda"": 0.4275534717080394, ""subsample"": 0.7027601302919368}",39654,9914,0.8749729569831923,0.5636844038963318
3,44,XGBoost,35,"{""colsample_bytree"": 0.6157246615991844, ""gamma"": 0.29949369211086807, ""learning_rate"": 0.03425008263645508, ""max_depth"": 12, ""min_child_weight"": 3, ""n_estimators"": 1200, ""reg_alpha"": 0.000810364061352425, ""reg_lambda"": 9.410177269243853, ""subsample"": 0.7141412147946392}",39654,9914,0.8768961971820061,0.6558530926704407
3,44,XGBoost,36,"{""colsample_bytree"": 0.8772938228075886, ""gamma"": 0.9012429886995406, ""learning_rate"": 0.035701172582215786, ""max_depth"": 7, ""min_child_weight"": 5, ""n_estimators"": 600, ""reg_alpha"": 0.21234582893308412, ""reg_lambda"": 0.9920224716555508, ""subsample"": 0.7466156428204511}",39654,9914,0.8538377628238821,0.7221092581748962
3,44,XGBoost,37,"{""colsample_bytree"": 0.9644207255637401, ""gamma"": 0.1884671001202849, ""learning_rate"": 0.0730544705385332, ""max_depth"": 9, ""min_child_weight"": 1, ""n_estimators"": 1200, ""reg_alpha"": 0.0002126772280361364, ""reg_lambda"": 0.22377789871559184, ""subsample"": 0.8356063059572885}",39654,9914,0.8768113571588374,0.3804519772529602
3,44,XGBoost,38,"{""colsample_bytree"": 0.9106323075257705, ""gamma"": 0.9300557108087941, ""learning_rate"": 0.023286270914417703, ""max_depth"": 9, ""min_child_weight"": 3, ""n_estimators"": 900, ""reg_alpha"": 0.5149396800836544, ""reg_lambda"": 2.420169334379299, ""subsample"": 0.99665010391581}",39654,9914,0.8631593265848367,0.6809663772583008
3,44,XGBoost,39,"{""colsample_bytree"": 0.9723063480372542, ""gamma"": 0.42057429795132295, ""learning_rate"": 0.015596946659512105, ""max_depth"": 9, ""min_child_weight"": 1, ""n_estimators"": 600, ""reg_alpha"": 0.00032411680823152386, ""reg_lambda"": 0.6704317576724669, ""subsample"": 0.9499511251383596}",39654,9914,0.8462619669993223,0.6974900960922241
3,44,XGBoost,40,"{""colsample_bytree"": 0.8816240599162433, ""gamma"": 0.6039493348440758, ""learning_rate"": 0.010628117966909042, ""max_depth"": 5, ""min_child_weight"": 10, ""n_estimators"": 900, ""reg_alpha"": 0.03448799733319925, ""reg_lambda"": 0.20058902287822894, ""subsample"": 0.8170548794738863}",39654,9914,0.7944101667687059,0.7435742616653442
3,44,XGBoost,41,"{""colsample_bytree"": 0.9400465378140589, ""gamma"": 0.12378568633321907, ""learning_rate"": 0.011722541987656801, ""max_depth"": 7, ""min_child_weight"": 1, ""n_estimators"": 300, ""reg_alpha"": 0.05238309484769474, ""reg_lambda"": 1.1375141891593683, ""subsample"": 0.7828625604837957}",39654,9914,0.7902376257554692,0.712318480014801
3,44,XGBoost,42,"{""colsample_bytree"": 0.7168265355158477, ""gamma"": 0.8051384050850778, ""learning_rate"": 0.09283387577234768, ""max_depth"": 12, ""min_child_weight"": 10, ""n_estimators"": 600, ""reg_alpha"": 0.002465041137318643, ""reg_lambda"": 0.728858475161912, ""subsample"": 0.7762381209965156}",39654,9914,0.8733111746875105,0.5383816361427307
3,44,XGBoost,43,"{""colsample_bytree"": 0.722159925870905, ""gamma"": 0.09378189628374622, ""learning_rate"": 0.08640138247056595, ""max_depth"": 5, ""min_child_weight"": 1, ""n_estimators"": 1200, ""reg_alpha"": 0.00016820816486715583, ""reg_lambda"": 0.7921439111909161, ""subsample"": 0.783748654562649}",39654,9914,0.8742649177881116,0.6801658868789673
3,44,XGBoost,44,"{""colsample_bytree"": 0.7094277744446346, ""gamma"": 0.6327887316973358, ""learning_rate"": 0.011173136942962592, ""max_depth"": 9, ""min_child_weight"": 3, ""n_estimators"": 900, ""reg_alpha"": 0.04443261289346984, ""reg_lambda"": 0.1994656094067403, ""subsample"": 0.988531729397985}",39654,9914,0.850011444057956,0.7066546082496643
3,44,XGBoost,45,"{""colsample_bytree"": 0.6791261323471566, ""gamma"": 0.4680261591933981, ""learning_rate"": 0.05093987127014246, ""max_depth"": 5, ""min_child_weight"": 1, ""n_estimators"": 1200, ""reg_alpha"": 0.0033075260672115144, ""reg_lambda"": 8.113829020483069, ""subsample"": 0.7459098548669675}",39654,9914,0.8635121041569014,0.6500129103660583
3,44,XGBoost,46,"{""colsample_bytree"": 0.8199359976795051, ""gamma"": 0.7236441803341186, ""learning_rate"": 0.01010579822848336, ""max_depth"": 5, ""min_child_weight"": 3, ""n_estimators"": 900, ""reg_alpha"": 0.0006350865297149953, ""reg_lambda"": 0.4479802710610943, ""subsample"": 0.9652116728015107}",39654,9914,0.7971051815257925,0.7839967608451843
3,44,XGBoost,47,"{""colsample_bytree"": 0.6203830665802427, ""gamma"": 0.4981966614440869, ""learning_rate"": 0.022255430111227284, ""max_depth"": 9, ""min_child_weight"": 3, ""n_estimators"": 600, ""reg_alpha"": 0.007155082921094691, ""reg_lambda"": 0.39787190031845343, ""subsample"": 0.793597800429291}",39654,9914,0.8574028384551272,0.6835442781448364
3,44,XGBoost,48,"{""colsample_bytree"": 0.6820687135661835, ""gamma"": 0.46622285124302354, ""learning_rate"": 0.02446746104102059, ""max_depth"": 9, ""min_child_weight"": 1, ""n_estimators"": 600, ""reg_alpha"": 0.032313047908360114, ""reg_lambda"": 0.1425361356896146, ""subsample"": 0.775259561156544}",39654,9914,0.8629795946255283,0.669501006603241
3,44,XGBoost,49,"{""colsample_bytree"": 0.8471322533009389, ""gamma"": 0.03447599907123955, ""learning_rate"": 0.04102627585726102, ""max_depth"": 12, ""min_child_weight"": 3, ""n_estimators"": 900, ""reg_alpha"": 0.37829813246130545, ""reg_lambda"": 0.12958593018414682, ""subsample"": 0.8906293918428917}",39654,9914,0.8803379375310214,0.3793710768222809
3,44,XGBoost,50,"{""colsample_bytree"": 0.7015841628324524, ""gamma"": 0.6850767120801686, ""learning_rate"": 0.09400805129919071, ""max_depth"": 3, ""min_child_weight"": 10, ""n_estimators"": 600, ""reg_alpha"": 0.006642671293439013, ""reg_lambda"": 0.38693706216224494, ""subsample"": 0.8121081956055494}",39654,9914,0.8277856570558538,0.8255892992019653
3,44,LogisticRegression,1,"{""C"": 0.00013310803840418586, ""class_weight"": null, ""penalty"": ""l1""}",39654,9914,0.0665725237038531,0.2560321999310413
3,44,LogisticRegression,2,"{""C"": 44.460079657700504, ""class_weight"": ""balanced"", ""penalty"": ""l2""}",39654,9914,0.8087127877314002,0.7827412324168707
3,44,LogisticRegression,3,"{""C"": 0.2968629182326281, ""class_weight"": ""balanced"", ""penalty"": ""l2""}",39654,9914,0.8595964843279806,0.709195501843943
3,44,LogisticRegression,4,"{""C"": 0.0001637456776379308, ""class_weight"": ""balanced"", ""penalty"": ""l2""}",39654,9914,0.6067938685502257,0.5672881276733238
3,44,LogisticRegression,5,"{""C"": 6.4884452843552545, ""class_weight"": null, ""penalty"": ""l1""}",39654,9914,0.8336335382877631,0.4211355158944664
3,44,LogisticRegression,6,"{""C"": 7.481582712797639, ""class_weight"": null, ""penalty"": ""l2""}",39654,9914,0.8613950330708519,0.2439548122879613
3,44,LogisticRegression,7,"{""C"": 0.4454062572928649, ""class_weight"": null, ""penalty"": ""l1""}",39654,9914,0.8339267678682228,0.3790373264395111
3,44,LogisticRegression,8,"{""C"": 0.12141374219192688, ""class_weight"": ""balanced"", ""penalty"": ""l2""}",39654,9914,0.8458694943199072,0.6779060728779766
3,44,LogisticRegression,9,"{""C"": 0.01828543240021371, ""class_weight"": ""balanced"", ""penalty"": ""l1""}",39654,9914,0.682678936622979,0.6376661644892744
3,44,LogisticRegression,10,"{""C"": 18.043720918980522, ""class_weight"": ""balanced"", ""penalty"": ""l1""}",39654,9914,0.7984166285099203,0.8630387538383826
3,44,LogisticRegression,11,"{""C"": 81.69122675735031, ""class_weight"": null, ""penalty"": ""l1""}",39654,9914,0.7917922573671463,0.5686770791565744
3,44,LogisticRegression,12,"{""C"": 0.00020169683296267267, ""class_weight"": null, ""penalty"": ""l2""}",39654,9914,0.5606161012821633,0.2382995032033529
3,44,LogisticRegression,13,"{""C"": 0.00033940279889654705, ""class_weight"": ""balanced"", ""penalty"": ""l1""}",39654,9914,0.0665725237038531,0.5
3,44,LogisticRegression,14,"{""C"": 0.3115781611131283, ""class_weight"": ""balanced"", ""penalty"": ""l2""}",39654,9914,0.8600703885544942,0.7083634094967531
3,44,LogisticRegression,15,"{""C"": 5.111155082006398, ""class_weight"": ""balanced"", ""penalty"": ""l1""}",39654,9914,0.8191159487957431,0.8705928000856852
3,44,LogisticRegression,16,"{""C"": 2.8938565452952187, ""class_weight"": ""balanced"", ""penalty"": ""l1""}",39654,9914,0.8284082130756172,0.814584684933976
3,44,LogisticRegression,17,"{""C"": 15.868783115386158, ""class_weight"": ""balanced"", ""penalty"": ""l1""}",39654,9914,0.7994054207021538,0.93935651235714
3,44,LogisticRegression,18,"{""C"": 6.388142940683065, ""class_weight"": ""balanced"", ""penalty"": ""l1""}",39654,9914,0.814338777549991,0.838884256303818
3,44,LogisticRegression,19,"{""C"": 0.0602022277132333, ""class_weight"": null, ""penalty"": ""l2""}",39654,9914,0.804375715715564,0.2469943019953962
3,44,LogisticRegression,20,"{""C"": 58.15474899704339, ""class_weight"": null, ""penalty"": ""l1""}",39654,9914,0.7992360465287057,0.5800354548001102
3,44,LogisticRegression,21,"{""C"": 0.07755356090368107, ""class_weight"": ""balanced"", ""penalty"": ""l1""}",39654,9914,0.7850336561596633,0.7764432989361257
3,44,LogisticRegression,22,"{""C"": 0.00582651793707263, ""class_weight"": ""balanced"", ""penalty"": ""l2""}",39654,9914,0.7423634434376472,0.6758042884814178
3,44,LogisticRegression,23,"{""C"": 0.00032497671136648643, ""class_weight"": ""balanced"", ""penalty"": ""l2""}",39654,9914,0.6291139322127872,0.6125461592028066
3,44,LogisticRegression,24,"{""C"": 0.00023553765169644664, ""class_weight"": null, ""penalty"": ""l2""}",39654,9914,0.5677217690809293,0.2249320739670094
3,44,LogisticRegression,25,"{""C"": 7.467167632098391, ""class_weight"": null, ""penalty"": ""l2""}",39654,9914,0.8613952576415081,0.2437636183967989
3,44,LogisticRegression,26,"{""C"": 0.010536367019811187, ""class_weight"": null, ""penalty"": ""l1""}",39654,9914,0.5056446015903996,0.1081212743871971
3,44,LogisticRegression,27,"{""C"": 0.0017771221123030622, ""class_weight"": ""balanced"", ""penalty"": ""l1""}",39654,9914,0.4096636594568093,0.5097279946529795
3,44,LogisticRegression,28,"{""C"": 0.16500409839928892, ""class_weight"": ""balanced"", ""penalty"": ""l2""}",39654,9914,0.8513864637694218,0.7000553462250323
3,44,LogisticRegression,29,"{""C"": 0.8293260480318894, ""class_weight"": null, ""penalty"": ""l1""}",39654,9914,0.8480380398959874,0.4436315314129892
3,44,LogisticRegression,30,"{""C"": 0.02850951150604689, ""class_weight"": ""balanced"", ""penalty"": ""l2""}",39654,9914,0.8069751659390316,0.6622326305559765
3,44,LogisticRegression,31,"{""C"": 0.33068349100499017, ""class_weight"": null, ""penalty"": ""l1""}",39654,9914,0.8248468206134193,0.342608623128728
3,44,LogisticRegression,32,"{""C"": 0.0004918508826838084, ""class_weight"": null, ""penalty"": ""l2""}",39654,9914,0.6025597115701464,0.1803341624251543
3,44,LogisticRegression,33,"{""C"": 0.6726077397300195, ""class_weight"": ""balanced"", ""penalty"": ""l2""}",39654,9914,0.864635973270409,0.698282200237342
3,44,LogisticRegression,34,"{""C"": 0.24446978709158426, ""class_weight"": null, ""penalty"": ""l2""}",39654,9914,0.8457053088013702,0.2626205581677771
3,44,LogisticRegression,35,"{""C"": 0.0009549793378870211, ""class_weight"": ""balanced"", ""penalty"": ""l2""}",39654,9914,0.6651143923252152,0.5798519315264704
3,44,LogisticRegression,36,"{""C"": 8.429659360732481, ""class_weight"": null, ""penalty"": ""l1""}",39654,9914,0.8291726089232718,0.4213629043974241
3,44,LogisticRegression,37,"{""C"": 0.0004171935861722769, ""class_weight"": ""balanced"", ""penalty"": ""l1""}",39654,9914,0.0665725237038531,0.5
3,44,LogisticRegression,38,"{""C"": 6.022282691991797, ""class_weight"": null, ""penalty"": ""l2""}",39654,9914,0.8628530329756781,0.3211421636681248
3,44,LogisticRegression,39,"{""C"": 0.0001581685636870552, ""class_weight"": null, ""penalty"": ""l2""}",39654,9914,0.5499851141998955,0.2594296012215581
3,44,LogisticRegression,40,"{""C"": 53.668264982479215, ""class_weight"": null, ""penalty"": ""l1""}",39654,9914,0.7968795208857289,0.6225867032751455
3,44,LogisticRegression,41,"{""C"": 33.999510687638605, ""class_weight"": ""balanced"", ""penalty"": ""l2""}",39654,9914,0.8139784859886972,0.8888849165791037
3,44,LogisticRegression,42,"{""C"": 0.8213003759205931, ""class_weight"": ""balanced"", ""penalty"": ""l1""}",39654,9914,0.8418711810321325,0.7348588326711337
3,44,LogisticRegression,43,"{""C"": 0.0014527316670885063, ""class_weight"": ""balanced"", ""penalty"": ""l1""}",39654,9914,0.2783491559480137,0.5331926835754144
3,44,LogisticRegression,44,"{""C"": 0.004978432689286013, ""class_weight"": ""balanced"", ""penalty"": ""l1""}",39654,9914,0.5731314641482019,0.5912425078911713
3,44,LogisticRegression,45,"{""C"": 2.723820665598805, ""class_weight"": ""balanced"", ""penalty"": ""l2""}",39654,9914,0.860078762983304,0.7458956425831599
3,44,LogisticRegression,46,"{""C"": 0.5645408143138907, ""class_weight"": null, ""penalty"": ""l1""}",39654,9914,0.8428145727153753,0.3477630154884805
3,44,LogisticRegression,47,"{""C"": 1.4447561420614803, ""class_weight"": ""balanced"", ""penalty"": ""l2""}",39654,9914,0.8644607689941872,0.6491623212903164
3,44,LogisticRegression,48,"{""C"": 0.03249727333969406, ""class_weight"": ""balanced"", ""penalty"": ""l1""}",39654,9914,0.7196996022389681,0.6716309051227368
3,44,LogisticRegression,49,"{""C"": 0.004550684741574087, ""class_weight"": null, ""penalty"": ""l1""}",39654,9914,0.232820667838104,0.0864867143097148
3,44,LogisticRegression,50,"{""C"": 0.08579012425377963, ""class_weight"": null, ""penalty"": ""l2""}",39654,9914,0.8167981213137447,0.2169063899729665
3,44,LinearSVC,1,"{""C"": 0.2668018938503983, ""class_weight"": ""balanced"", ""loss"": ""hinge""}",39654,9914,0.8365619799557589,0.275749412429989
3,44,LinearSVC,2,"{""C"": 0.0017951267804372823, ""class_weight"": null, ""loss"": ""hinge""}",39654,9914,0.7338554581498251,-0.8910688523280947
3,44,LinearSVC,3,"{""C"": 0.22886576192145, ""class_weight"": ""balanced"", ""loss"": ""squared_hinge""}",39654,9914,0.8400561949994384,0.327307309560402
3,44,LinearSVC,4,"{""C"": 0.6198285868645832, ""class_weight"": ""balanced"", ""loss"": ""hinge""}",39654,9914,0.8275272146479559,0.1905861620314628
3,44,LinearSVC,5,"{""C"": 0.16067101691418004, ""class_weight"": null, ""loss"": ""hinge""}",39654,9914,0.8566190703529584,-0.4520210416263022
3,44,LinearSVC,6,"{""C"": 0.012057260783224603, ""class_weight"": ""balanced"", ""loss"": ""hinge""}",39654,9914,0.8074090524781515,0.4569010987665716
3,44,LinearSVC,7,"{""C"": 28.77691352228051, ""class_weight"": ""balanced"", ""loss"": ""squared_hinge""}",39654,9914,0.7238910942240001,0.5133437865002242
3,44,LinearSVC,8,"{""C"": 0.12487583681202885, ""class_weight"": null, ""loss"": ""squared_hinge""}",39654,9914,0.8670641916137072,-0.1304687286611159
3,44,LinearSVC,9,"{""C"": 3.412441467865079, ""class_weight"": ""balanced"", ""loss"": ""squared_hinge""}",39654,9914,0.7717274108049517,0.4754321691880552
3,44,LinearSVC,10,"{""C"": 0.9342720857842239, ""class_weight"": ""balanced"", ""loss"": ""hinge""}",39654,9914,0.8218619589443541,0.3576012021520338
3,44,LinearSVC,11,"{""C"": 5.837410106909413, ""class_weight"": null, ""loss"": ""hinge""}",39654,9914,0.8050574400253772,0.1672622713347451
3,44,LinearSVC,12,"{""C"": 9.211262896996198, ""class_weight"": ""balanced"", ""loss"": ""hinge""}",39654,9914,0.7627820568751902,0.2436909818360779
3,44,LinearSVC,13,"{""C"": 0.015287727101236433, ""class_weight"": ""balanced"", ""loss"": ""squared_hinge""}",39654,9914,0.8456831270980081,0.2682560140015754
3,44,LinearSVC,14,"{""C"": 3.1451851973034817, ""class_weight"": null, ""loss"": ""squared_hinge""}",39654,9914,0.8115385624786566,0.0743440998196449
3,44,LinearSVC,15,"{""C"": 1.9756038441527155, ""class_weight"": null, ""loss"": ""squared_hinge""}",39654,9914,0.8212388181587222,-0.0197106734876795
3,44,LinearSVC,16,"{""C"": 1.4818411360940074, ""class_weight"": ""balanced"", ""loss"": ""squared_hinge""}",39654,9914,0.7959312233870863,0.3732697899472899
3,44,LinearSVC,17,"{""C"": 0.02361636653896123, ""class_weight"": ""balanced"", ""loss"": ""hinge""}",39654,9914,0.8245077873204498,0.3703993036312694
3,44,LinearSVC,18,"{""C"": 0.002892731264844595, ""class_weight"": null, ""loss"": ""hinge""}",39654,9914,0.7563672476464491,-0.9014214177678536
3,44,LinearSVC,19,"{""C"": 0.002776825742295738, ""class_weight"": ""balanced"", ""loss"": ""hinge""}",39654,9914,0.748115223501422,0.4311701388464403
3,44,LinearSVC,20,"{""C"": 0.04631633095464393, ""class_weight"": ""balanced"", ""loss"": ""hinge""}",39654,9914,0.8362155058438243,0.4040535453950038
3,44,LinearSVC,21,"{""C"": 0.002474500416847878, ""class_weight"": ""balanced"", ""loss"": ""hinge""}",39654,9914,0.7422750556371008,0.4500025027697799
3,44,LinearSVC,22,"{""C"": 0.0010195402056039312, ""class_weight"": null, ""loss"": ""hinge""}",39654,9914,0.7077483608915327,-0.9349452816924312
3,44,LinearSVC,23,"{""C"": 5.24347151218906, ""class_weight"": ""balanced"", ""loss"": ""hinge""}",39654,9914,0.7728571977447178,0.3437517501969211
3,44,LinearSVC,24,"{""C"": 0.0015307201480377506, ""class_weight"": ""balanced"", ""loss"": ""squared_hinge""}",39654,9914,0.7854046081893031,0.205408987013422
3,44,LinearSVC,25,"{""C"": 0.00012275156463437302, ""class_weight"": ""balanced"", ""loss"": ""squared_hinge""}",39654,9914,0.6784184791520391,0.1584815788678402
3,44,LinearSVC,26,"{""C"": 39.63139771838761, ""class_weight"": ""balanced"", ""loss"": ""squared_hinge""}",39654,9914,0.7176144916256713,0.7272683212175651
3,44,LinearSVC,27,"{""C"": 0.5052343303316683, ""class_weight"": null, ""loss"": ""hinge""}",39654,9914,0.842014413965203,0.0530443605359038
3,44,LinearSVC,28,"{""C"": 1.2628528630813811, ""class_weight"": ""balanced"", ""loss"": ""hinge""}",39654,9914,0.8147642952621236,0.290547885097401
3,44,LinearSVC,29,"{""C"": 3.2337858869497604, ""class_weight"": null, ""loss"": ""squared_hinge""}",39654,9914,0.8110908401503492,0.0724215194451125
3,44,LinearSVC,30,"{""C"": 0.1751442752916656, ""class_weight"": null, ""loss"": ""squared_hinge""}",39654,9914,0.8624124835044025,-0.0445896721754046
3,44,LinearSVC,31,"{""C"": 0.00043376534581140107, ""class_weight"": ""balanced"", ""loss"": ""hinge""}",39654,9914,0.6619078786728652,-0.0382483538624078
3,44,LinearSVC,32,"{""C"": 0.03268925812634832, ""class_weight"": null, ""loss"": ""hinge""}",39654,9914,0.839986641810563,-0.5570631332474992
3,44,LinearSVC,33,"{""C"": 0.33037892150561515, ""class_weight"": null, ""loss"": ""squared_hinge""}",39654,9914,0.8536147295392438,-0.1245217493768603
3,44,LinearSVC,34,"{""C"": 1.2293948103865668, ""class_weight"": null, ""loss"": ""hinge""}",39654,9914,0.8304810686617258,0.1112720689415236
3,44,LinearSVC,35,"{""C"": 0.00685437781139209, ""class_weight"": ""balanced"", ""loss"": ""hinge""}",39654,9914,0.7868093675521993,0.5542886699177101
3,44,LinearSVC,36,"{""C"": 0.00015440689752092685, ""class_weight"": null, ""loss"": ""squared_hinge""}",39654,9914,0.6684296777577172,-0.6361196281685247
3,44,LinearSVC,37,"{""C"": 0.2747697664341635, ""class_weight"": ""balanced"", ""loss"": ""squared_hinge""}",39654,9914,0.8368234938235258,0.3080157454902062
3,44,LinearSVC,38,"{""C"": 0.38432688877322957, ""class_weight"": null, ""loss"": ""squared_hinge""}",39654,9914,0.8516255567120683,-0.0036715139433325
3,44,LinearSVC,39,"{""C"": 0.021267113836576233, ""class_weight"": null, ""loss"": ""squared_hinge""}",39654,9914,0.8605271179219653,-0.2849942049900331
3,44,LinearSVC,40,"{""C"": 0.06299549347808094, ""class_weight"": null, ""loss"": ""hinge""}",39654,9914,0.8501072810392039,-0.5092947626200998
3,44,LinearSVC,41,"{""C"": 0.004294450421857351, ""class_weight"": null, ""loss"": ""hinge""}",39654,9914,0.7726696097102135,-0.8656614740783444
3,44,LinearSVC,42,"{""C"": 70.15467578134978, ""class_weight"": ""balanced"", ""loss"": ""hinge""}",39654,9914,0.733011411798141,0.0760173465764926
3,44,LinearSVC,43,"{""C"": 0.004073245815122931, ""class_weight"": ""balanced"", ""loss"": ""hinge""}",39654,9914,0.7659837904459073,0.3843639340222713
3,44,LinearSVC,44,"{""C"": 14.5351693166638, ""class_weight"": null, ""loss"": ""squared_hinge""}",39654,9914,0.7786733344000087,0.0034396534750336
3,44,LinearSVC,45,"{""C"": 0.0007392241526880189, ""class_weight"": null, ""loss"": ""hinge""}",39654,9914,0.6989690131700972,-0.9221309933735884
3,44,LinearSVC,46,"{""C"": 0.00011918402473708281, ""class_weight"": null, ""loss"": ""hinge""}",39654,9914,0.6647750946919444,-0.9732382616494436
3,44,LinearSVC,47,"{""C"": 0.03702007859546211, ""class_weight"": ""balanced"", ""loss"": ""squared_hinge""}",39654,9914,0.8543915697391443,0.2733264887011584
3,44,LinearSVC,48,"{""C"": 45.76425957970541, ""class_weight"": ""balanced"", ""loss"": ""hinge""}",39654,9914,0.7374617899540947,0.4522917476367223
3,44,LinearSVC,49,"{""C"": 0.5846917765506225, ""class_weight"": ""balanced"", ""loss"": ""hinge""}",39654,9914,0.828142684261093,0.1808950403387481
3,44,LinearSVC,50,"{""C"": 0.0014339662762277918, ""class_weight"": null, ""loss"": ""hinge""}",39654,9914,0.7240549222895776,-0.9033410521716464
3,44,RandomForest,1,"{""class_weight"": null, ""max_depth"": null, ""max_features"": 0.01, ""min_samples_leaf"": 5, ""min_samples_split"": 2, ""n_estimators"": 300}",39654,9914,0.8408710400105773,0.3028924407620408
3,44,RandomForest,2,"{""class_weight"": ""balanced"", ""max_depth"": 80, ""max_features"": ""log2"", ""min_samples_leaf"": 2, ""min_samples_split"": 5, ""n_estimators"": 500}",39654,9914,0.7123103448180789,0.6169450197308146
3,44,RandomForest,3,"{""class_weight"": null, ""max_depth"": null, ""max_features"": ""log2"", ""min_samples_leaf"": 5, ""min_samples_split"": 10, ""n_estimators"": 1200}",39654,9914,0.721916972205376,0.1776233241879265
3,44,RandomForest,4,"{""class_weight"": ""balanced"", ""max_depth"": 40, ""max_features"": ""log2"", ""min_samples_leaf"": 1, ""min_samples_split"": 5, ""n_estimators"": 1200}",39654,9914,0.7939384290808041,0.4806602286182444
3,44,RandomForest,5,"{""class_weight"": ""balanced"", ""max_depth"": 10, ""max_features"": 0.03, ""min_samples_leaf"": 5, ""min_samples_split"": 20, ""n_estimators"": 800}",39654,9914,0.7449989729500632,0.6399881733072622
3,44,RandomForest,6,"{""class_weight"": ""balanced"", ""max_depth"": 80, ""max_features"": ""log2"", ""min_samples_leaf"": 5, ""min_samples_split"": 20, ""n_estimators"": 800}",39654,9914,0.6287837546317279,0.6018147251301816
3,44,RandomForest,7,"{""class_weight"": null, ""max_depth"": 40, ""max_features"": 0.03, ""min_samples_leaf"": 2, ""min_samples_split"": 2, ""n_estimators"": 1200}",39654,9914,0.8630649665330781,0.2052133760711777
3,44,RandomForest,8,"{""class_weight"": ""balanced"", ""max_depth"": 40, ""max_features"": ""log2"", ""min_samples_leaf"": 1, ""min_samples_split"": 10, ""n_estimators"": 1200}",39654,9914,0.7813603838502449,0.4908805610112258
3,44,RandomForest,9,"{""class_weight"": null, ""max_depth"": 20, ""max_features"": ""sqrt"", ""min_samples_leaf"": 2, ""min_samples_split"": 10, ""n_estimators"": 300}",39654,9914,0.792300441594381,0.1977719340955368
3,44,RandomForest,10,"{""class_weight"": null, ""max_depth"": 20, ""max_features"": 0.01, ""min_samples_leaf"": 5, ""min_samples_split"": 5, ""n_estimators"": 800}",39654,9914,0.7935453007577886,0.2322980435627225
3,44,RandomForest,11,"{""class_weight"": ""balanced"", ""max_depth"": 80, ""max_features"": ""sqrt"", ""min_samples_leaf"": 5, ""min_samples_split"": 2, ""n_estimators"": 800}",39654,9914,0.8099575998403674,0.6398024723793266
3,44,RandomForest,12,"{""class_weight"": null, ""max_depth"": null, ""max_features"": 0.05, ""min_samples_leaf"": 5, ""min_samples_split"": 10, ""n_estimators"": 1200}",39654,9914,0.8710241851379595,0.2684527675798134
3,44,RandomForest,13,"{""class_weight"": null, ""max_depth"": 40, ""max_features"": 0.01, ""min_samples_leaf"": 1, ""min_samples_split"": 20, ""n_estimators"": 500}",39654,9914,0.847086387040682,0.2562140606416727
3,44,RandomForest,14,"{""class_weight"": ""balanced"", ""max_depth"": null, ""max_features"": 0.03, ""min_samples_leaf"": 10, ""min_samples_split"": 20, ""n_estimators"": 300}",39654,9914,0.8219265821672781,0.6295744840019584
3,44,RandomForest,15,"{""class_weight"": null, ""max_depth"": 80, ""max_features"": ""log2"", ""min_samples_leaf"": 5, ""min_samples_split"": 5, ""n_estimators"": 300}",39654,9914,0.7173100434444026,0.2040752586894917
3,44,RandomForest,16,"{""class_weight"": ""balanced"", ""max_depth"": 40, ""max_features"": 0.05, ""min_samples_leaf"": 10, ""min_samples_split"": 10, ""n_estimators"": 800}",39654,9914,0.8251342824940795,0.630768723097424
3,44,RandomForest,17,"{""class_weight"": ""balanced"", ""max_depth"": 10, ""max_features"": 0.05, ""min_samples_leaf"": 1, ""min_samples_split"": 10, ""n_estimators"": 500}",39654,9914,0.7631496867189208,0.6565470776553836
3,44,RandomForest,18,"{""class_weight"": null, ""max_depth"": null, ""max_features"": ""log2"", ""min_samples_leaf"": 5, ""min_samples_split"": 2, ""n_estimators"": 1200}",39654,9914,0.721916972205376,0.1776233241879265
3,44,RandomForest,19,"{""class_weight"": ""balanced"", ""max_depth"": null, ""max_features"": 0.05, ""min_samples_leaf"": 2, ""min_samples_split"": 10, ""n_estimators"": 500}",39654,9914,0.8752495094707773,0.4407700374390643
3,44,RandomForest,20,"{""class_weight"": null, ""max_depth"": 10, ""max_features"": ""log2"", ""min_samples_leaf"": 5, ""min_samples_split"": 10, ""n_estimators"": 800}",39654,9914,0.5993789540948531,0.1003441770298622
3,44,RandomForest,21,"{""class_weight"": ""balanced"", ""max_depth"": 40, ""max_features"": 0.03, ""min_samples_leaf"": 5, ""min_samples_split"": 2, ""n_estimators"": 800}",39654,9914,0.8426658869428797,0.5242205664743874
3,44,RandomForest,22,"{""class_weight"": null, ""max_depth"": 10, ""max_features"": 0.03, ""min_samples_leaf"": 5, ""min_samples_split"": 10, ""n_estimators"": 1200}",39654,9914,0.7722713859426313,0.1501203526472582
3,44,RandomForest,23,"{""class_weight"": ""balanced"", ""max_depth"": 10, ""max_features"": ""log2"", ""min_samples_leaf"": 10, ""min_samples_split"": 5, ""n_estimators"": 800}",39654,9914,0.4456378375470301,0.5049125233280367
3,44,RandomForest,24,"{""class_weight"": ""balanced"", ""max_depth"": 40, ""max_features"": ""log2"", ""min_samples_leaf"": 10, ""min_samples_split"": 10, ""n_estimators"": 800}",39654,9914,0.5184059569886298,0.5386516458203651
3,44,RandomForest,25,"{""class_weight"": ""balanced"", ""max_depth"": null, ""max_features"": ""sqrt"", ""min_samples_leaf"": 10, ""min_samples_split"": 5, ""n_estimators"": 1200}",39654,9914,0.7779028279123581,0.6917046444312808
3,44,RandomForest,26,"{""class_weight"": ""balanced"", ""max_depth"": 80, ""max_features"": 0.05, ""min_samples_leaf"": 2, ""min_samples_split"": 5, ""n_estimators"": 1200}",39654,9914,0.8792735716576616,0.4164472531395513
3,44,RandomForest,27,"{""class_weight"": null, ""max_depth"": 20, ""max_features"": 0.03, ""min_samples_leaf"": 2, ""min_samples_split"": 2, ""n_estimators"": 1200}",39654,9914,0.8332146424009759,0.2046190533617562
3,44,RandomForest,28,"{""class_weight"": ""balanced"", ""max_depth"": null, ""max_features"": 0.03, ""min_samples_leaf"": 2, ""min_samples_split"": 2, ""n_estimators"": 500}",39654,9914,0.8774670621473851,0.4155564964434239
3,44,RandomForest,29,"{""class_weight"": null, ""max_depth"": 80, ""max_features"": ""sqrt"", ""min_samples_leaf"": 1, ""min_samples_split"": 5, ""n_estimators"": 1200}",39654,9914,0.8743684356417629,0.260284963875268
3,44,RandomForest,30,"{""class_weight"": ""balanced"", ""max_depth"": 20, ""max_features"": ""log2"", ""min_samples_leaf"": 5, ""min_samples_split"": 5, ""n_estimators"": 800}",39654,9914,0.5075070752430083,0.5228021328280934
3,44,RandomForest,31,"{""class_weight"": ""balanced"", ""max_depth"": 20, ""max_features"": 0.05, ""min_samples_leaf"": 10, ""min_samples_split"": 2, ""n_estimators"": 1200}",39654,9914,0.8074626448650097,0.6609479238765577
3,44,RandomForest,32,"{""class_weight"": ""balanced"", ""max_depth"": null, ""max_features"": 0.05, ""min_samples_leaf"": 5, ""min_samples_split"": 10, ""n_estimators"": 800}",39654,9914,0.8587463266617561,0.5243278624286033
3,44,RandomForest,33,"{""class_weight"": ""balanced"", ""max_depth"": 10, ""max_features"": 0.05, ""min_samples_leaf"": 5, ""min_samples_split"": 2, ""n_estimators"": 300}",39654,9914,0.7610183304434788,0.6515045547497506
3,44,RandomForest,34,"{""class_weight"": null, ""max_depth"": 40, ""max_features"": ""sqrt"", ""min_samples_leaf"": 2, ""min_samples_split"": 5, ""n_estimators"": 300}",39654,9914,0.8304781528084082,0.2747488927499218
3,44,RandomForest,35,"{""class_weight"": null, ""max_depth"": 80, ""max_features"": ""sqrt"", ""min_samples_leaf"": 10, ""min_samples_split"": 5, ""n_estimators"": 800}",39654,9914,0.7872558486381248,0.280752798630438
3,44,RandomForest,36,"{""class_weight"": null, ""max_depth"": 10, ""max_features"": 0.01, ""min_samples_leaf"": 2, ""min_samples_split"": 20, ""n_estimators"": 800}",39654,9914,0.7530639088686146,0.1691304572923193
3,44,RandomForest,37,"{""class_weight"": ""balanced"", ""max_depth"": null, ""max_features"": 0.05, ""min_samples_leaf"": 2, ""min_samples_split"": 2, ""n_estimators"": 800}",39654,9914,0.8776593938428833,0.428429730852982
3,44,RandomForest,38,"{""class_weight"": null, ""max_depth"": null, ""max_features"": 0.01, ""min_samples_leaf"": 10, ""min_samples_split"": 2, ""n_estimators"": 1200}",39654,9914,0.8050794333557356,0.2906411642980157
3,44,RandomForest,39,"{""class_weight"": ""balanced"", ""max_depth"": 80, ""max_features"": 0.03, ""min_samples_leaf"": 5, ""min_samples_split"": 10, ""n_estimators"": 1200}",39654,9914,0.851675376547937,0.5469959892442161
3,44,RandomForest,40,"{""class_weight"": ""balanced"", ""max_depth"": null, ""max_features"": ""log2"", ""min_samples_leaf"": 1, ""min_samples_split"": 20, ""n_estimators"": 800}",39654,9914,0.852579111959783,0.5257299863703738
3,44,RandomForest,41,"{""class_weight"": ""balanced"", ""max_depth"": 10, ""max_features"": ""sqrt"", ""min_samples_leaf"": 2, ""min_samples_split"": 5, ""n_estimators"": 800}",39654,9914,0.6989306358107439,0.5347495973853453
3,44,RandomForest,42,"{""class_weight"": ""balanced"", ""max_depth"": 10, ""max_features"": 0.03, ""min_samples_leaf"": 1, ""min_samples_split"": 10, ""n_estimators"": 1200}",39654,9914,0.7528363096689866,0.6347012555150081
3,44,RandomForest,43,"{""class_weight"": ""balanced"", ""max_depth"": 20, ""max_features"": 0.05, ""min_samples_leaf"": 2, ""min_samples_split"": 5, ""n_estimators"": 800}",39654,9914,0.8300199255912444,0.5228039820822098
3,44,RandomForest,44,"{""class_weight"": ""balanced"", ""max_depth"": 20, ""max_features"": 0.01, ""min_samples_leaf"": 5, ""min_samples_split"": 2, ""n_estimators"": 500}",39654,9914,0.7855240896765238,0.6007589538086653
3,44,RandomForest,45,"{""class_weight"": null, ""max_depth"": 80, ""max_features"": ""sqrt"", ""min_samples_leaf"": 10, ""min_samples_split"": 2, ""n_estimators"": 300}",39654,9914,0.7857019228933393,0.310430634145007
3,44,RandomForest,46,"{""class_weight"": ""balanced"", ""max_depth"": 40, ""max_features"": ""sqrt"", ""min_samples_leaf"": 2, ""min_samples_split"": 20, ""n_estimators"": 500}",39654,9914,0.8250506171943139,0.5393592927939809
3,44,RandomForest,47,"{""class_weight"": ""balanced"", ""max_depth"": 20, ""max_features"": ""sqrt"", ""min_samples_leaf"": 2, ""min_samples_split"": 5, ""n_estimators"": 300}",39654,9914,0.7824742453089801,0.5434360613898558
3,44,RandomForest,48,"{""class_weight"": null, ""max_depth"": 10, ""max_features"": 0.01, ""min_samples_leaf"": 1, ""min_samples_split"": 2, ""n_estimators"": 500}",39654,9914,0.760515240725961,0.1576206024393971
3,44,RandomForest,49,"{""class_weight"": ""balanced"", ""max_depth"": 40, ""max_features"": 0.05, ""min_samples_leaf"": 10, ""min_samples_split"": 5, ""n_estimators"": 300}",39654,9914,0.8240790677700685,0.6296293318299188
3,44,RandomForest,50,"{""class_weight"": ""balanced"", ""max_depth"": 40, ""max_features"": ""sqrt"", ""min_samples_leaf"": 10, ""min_samples_split"": 2, ""n_estimators"": 1200}",39654,9914,0.7652041942051667,0.6618259195513903
3,44,SGDClassifier,1,"{""alpha"": 0.0029699900977550246, ""class_weight"": null, ""l1_ratio"": 0.45961242495575094, ""loss"": ""log_loss"", ""penalty"": ""l1""}",39654,9914,0.3442590663607519,0.0888755206581496
3,44,SGDClassifier,2,"{""alpha"": 0.0004980569438736736, ""class_weight"": null, ""l1_ratio"": 0.8489182861838015, ""loss"": ""log_loss"", ""penalty"": ""l1""}",39654,9914,0.6765547687407417,0.1499649060370179
3,44,SGDClassifier,3,"{""alpha"": 0.0029897618684742028, ""class_weight"": ""balanced"", ""l1_ratio"": 0.9041394544714256, ""loss"": ""modified_huber"", ""penalty"": ""elasticnet""}",39654,9914,0.5186101745165027,0.6407793168475844
3,44,SGDClassifier,4,"{""alpha"": 0.00023064466942317638, ""class_weight"": ""balanced"", ""l1_ratio"": 0.6502646908391212, ""loss"": ""modified_huber"", ""penalty"": ""l2""}",39654,9914,0.8209220724747048,0.7078525184685054
3,44,SGDClassifier,5,"{""alpha"": 2.903244108580909e-05, ""class_weight"": ""balanced"", ""l1_ratio"": 0.48836355043248164, ""loss"": ""log_loss"", ""penalty"": ""elasticnet""}",39654,9914,0.8151738406227014,0.7130150581607322
3,44,SGDClassifier,6,"{""alpha"": 2.1687319898699853e-05, ""class_weight"": null, ""l1_ratio"": 0.5876654406859284, ""loss"": ""log_loss"", ""penalty"": ""elasticnet""}",39654,9914,0.8399221500097492,0.2870596015081398
3,44,SGDClassifier,7,"{""alpha"": 1.748596093277018e-05, ""class_weight"": null, ""l1_ratio"": 0.3824455345230634, ""loss"": ""log_loss"", ""penalty"": ""l2""}",39654,9914,0.8575419270432423,0.3077028114841668
3,44,SGDClassifier,8,"{""alpha"": 0.0001745352530397315, ""class_weight"": ""balanced"", ""l1_ratio"": 0.791427373229502, ""loss"": ""modified_huber"", ""penalty"": ""l1""}",39654,9914,0.4152564260253524,0.6901543335005709
3,44,SGDClassifier,9,"{""alpha"": 5.024694392679706e-06, ""class_weight"": ""balanced"", ""l1_ratio"": 0.7147265887835119, ""loss"": ""modified_huber"", ""penalty"": ""l2""}",39654,9914,0.6408467327343588,1.0
3,44,SGDClassifier,10,"{""alpha"": 4.912449564991734e-06, ""class_weight"": null, ""l1_ratio"": 0.290173076761619, ""loss"": ""modified_huber"", ""penalty"": ""l2""}",39654,9914,0.7328648058356335,0.5805882517111274
3,44,SGDClassifier,11,"{""alpha"": 2.659525510719387e-06, ""class_weight"": null, ""l1_ratio"": 0.3125160460780351, ""loss"": ""modified_huber"", ""penalty"": ""l2""}",39654,9914,0.7136475636166517,0.4857704924863388
3,44,SGDClassifier,12,"{""alpha"": 7.468898722217456e-06, ""class_weight"": ""balanced"", ""l1_ratio"": 0.05934616450232414, ""loss"": ""log_loss"", ""penalty"": ""l2""}",39654,9914,0.8144517613966551,0.8493388503209073
3,44,SGDClassifier,13,"{""alpha"": 0.008772933337475265, ""class_weight"": null, ""l1_ratio"": 0.921538487877189, ""loss"": ""log_loss"", ""penalty"": ""l2""}",39654,9914,0.652323078626563,0.2218877393055439
3,44,SGDClassifier,14,"{""alpha"": 0.0037488110197653603, ""class_weight"": ""balanced"", ""l1_ratio"": 0.590053677335883, ""loss"": ""modified_huber"", ""penalty"": ""l2""}",39654,9914,0.8206602577373262,0.6453504400105994
3,44,SGDClassifier,15,"{""alpha"": 0.0018471445672503532, ""class_weight"": null, ""l1_ratio"": 0.5317809152127517, ""loss"": ""log_loss"", ""penalty"": ""l2""}",39654,9914,0.7442519499279743,0.1853461648496136
3,44,SGDClassifier,16,"{""alpha"": 8.220609919418227e-06, ""class_weight"": null, ""l1_ratio"": 0.8102144820260162, ""loss"": ""modified_huber"", ""penalty"": ""l2""}",39654,9914,0.7351940772883674,0.5141057091566874
3,44,SGDClassifier,17,"{""alpha"": 7.059334152299353e-06, ""class_weight"": ""balanced"", ""l1_ratio"": 0.3223953211160421, ""loss"": ""modified_huber"", ""penalty"": ""elasticnet""}",39654,9914,0.61542446829579,0.978880464219486
3,44,SGDClassifier,18,"{""alpha"": 0.0005872049184990627, ""class_weight"": ""balanced"", ""l1_ratio"": 0.2897415987431172, ""loss"": ""log_loss"", ""penalty"": ""l1""}",39654,9914,0.5762490969784848,0.7776407226979982
3,44,SGDClassifier,19,"{""alpha"": 0.0001095360456180862, ""class_weight"": ""balanced"", ""l1_ratio"": 0.38196957901063244, ""loss"": ""log_loss"", ""penalty"": ""elasticnet""}",39654,9914,0.839843041257985,0.7854575835988782
3,44,SGDClassifier,20,"{""alpha"": 6.973553717957183e-05, ""class_weight"": null, ""l1_ratio"": 0.703003645551947, ""loss"": ""log_loss"", ""penalty"": ""l1""}",39654,9914,0.7936428498709307,0.4386419296122725
3,44,SGDClassifier,21,"{""alpha"": 0.0006213316892219226, ""class_weight"": null, ""l1_ratio"": 0.41311630055793913, ""loss"": ""modified_huber"", ""penalty"": ""l1""}",39654,9914,0.6249322404108067,0.3562495651728783
3,44,SGDClassifier,22,"{""alpha"": 2.4180045380885964e-06, ""class_weight"": null, ""l1_ratio"": 0.661462364095113, ""loss"": ""log_loss"", ""penalty"": ""l1""}",39654,9914,0.7041566454859016,0.9008701117376336
3,44,SGDClassifier,23,"{""alpha"": 2.4350852213766023e-05, ""class_weight"": ""balanced"", ""l1_ratio"": 0.5070586297891028, ""loss"": ""log_loss"", ""penalty"": ""l2""}",39654,9914,0.8501466746403388,0.6132921893127361
3,44,SGDClassifier,24,"{""alpha"": 0.0003841482482309807, ""class_weight"": ""balanced"", ""l1_ratio"": 0.6558615819107025, ""loss"": ""log_loss"", ""penalty"": ""l2""}",39654,9914,0.832830703390784,0.6970861928306
3,44,SGDClassifier,25,"{""alpha"": 1.2735483240216447e-05, ""class_weight"": null, ""l1_ratio"": 0.08879849495193941, ""loss"": ""log_loss"", ""penalty"": ""elasticnet""}",39654,9914,0.8578398594358657,0.3299893799540381
3,44,SGDClassifier,26,"{""alpha"": 6.604385262367688e-06, ""class_weight"": ""balanced"", ""l1_ratio"": 0.17030663877718602, ""loss"": ""modified_huber"", ""penalty"": ""l1""}",39654,9914,0.5086227071533856,0.8860251014579106
3,44,SGDClassifier,27,"{""alpha"": 3.3958222365240978e-06, ""class_weight"": null, ""l1_ratio"": 0.35403026888624267, ""loss"": ""modified_huber"", ""penalty"": ""l2""}",39654,9914,0.7143188990889766,0.5612877542924455
3,44,SGDClassifier,28,"{""alpha"": 0.0003152818595401472, ""class_weight"": ""balanced"", ""l1_ratio"": 0.8195470503430556, ""loss"": ""modified_huber"", ""penalty"": ""l1""}",39654,9914,0.3866312503652136,0.9393913707960876
3,44,SGDClassifier,29,"{""alpha"": 0.0002399343256441593, ""class_weight"": ""balanced"", ""l1_ratio"": 0.27342095228916813, ""loss"": ""modified_huber"", ""penalty"": ""l1""}",39654,9914,0.4051791810101846,0.6631146345891876
3,44,SGDClassifier,30,"{""alpha"": 0.002591884110698765, ""class_weight"": null, ""l1_ratio"": 0.9157090647780369, ""loss"": ""modified_huber"", ""penalty"": ""l1""}",39654,9914,0.6473757617376971,0.2269334723907338
3,44,SGDClassifier,31,"{""alpha"": 3.172743649106211e-06, ""class_weight"": ""balanced"", ""l1_ratio"": 0.4355969231310477, ""loss"": ""modified_huber"", ""penalty"": ""l1""}",39654,9914,0.5052090696030398,0.2352710482950044
3,44,SGDClassifier,32,"{""alpha"": 2.4723262153928635e-05, ""class_weight"": null, ""l1_ratio"": 0.6532251278539501, ""loss"": ""log_loss"", ""penalty"": ""l2""}",39654,9914,0.860503367660125,0.2674563215031144
3,44,SGDClassifier,33,"{""alpha"": 0.000955780566575856, ""class_weight"": ""balanced"", ""l1_ratio"": 0.19663606332140893, ""loss"": ""log_loss"", ""penalty"": ""l1""}",39654,9914,0.5611420717752671,0.6319893562785608
3,44,SGDClassifier,34,"{""alpha"": 6.611295428054953e-05, ""class_weight"": ""balanced"", ""l1_ratio"": 0.3804915810975218, ""loss"": ""log_loss"", ""penalty"": ""l1""}",39654,9914,0.6293642188311167,0.9928088138907164
3,44,SGDClassifier,35,"{""alpha"": 9.206724045030719e-05, ""class_weight"": ""balanced"", ""l1_ratio"": 0.13968201225145424, ""loss"": ""log_loss"", ""penalty"": ""l2""}",39654,9914,0.8586533887782712,0.77504823261938
3,44,SGDClassifier,36,"{""alpha"": 7.189503668532037e-06, ""class_weight"": null, ""l1_ratio"": 0.7236813502713615, ""loss"": ""modified_huber"", ""penalty"": ""elasticnet""}",39654,9914,0.6287805583728973,0.9592860807269848
3,44,SGDClassifier,37,"{""alpha"": 0.0027825452689943827, ""class_weight"": ""balanced"", ""l1_ratio"": 0.6198502964765215, ""loss"": ""modified_huber"", ""penalty"": ""l1""}",39654,9914,0.3523732495509447,0.6857549059881543
3,44,SGDClassifier,38,"{""alpha"": 7.215801078180818e-05, ""class_weight"": null, ""l1_ratio"": 0.14688026844583935, ""loss"": ""log_loss"", ""penalty"": ""elasticnet""}",39654,9914,0.8443941523766717,0.2874146719486279
3,44,SGDClassifier,39,"{""alpha"": 0.001034042513068619, ""class_weight"": null, ""l1_ratio"": 0.13552329930917106, ""loss"": ""log_loss"", ""penalty"": ""l1""}",39654,9914,0.5987471709991353,0.1360090770967295
3,44,SGDClassifier,40,"{""alpha"": 1.8305703787819986e-05, ""class_weight"": null, ""l1_ratio"": 0.6367809767841985, ""loss"": ""log_loss"", ""penalty"": ""l2""}",39654,9914,0.8593023461489022,0.2867496224627482
3,44,SGDClassifier,41,"{""alpha"": 2.170006679389945e-06, ""class_weight"": null, ""l1_ratio"": 0.4074474686541834, ""loss"": ""modified_huber"", ""penalty"": ""elasticnet""}",39654,9914,0.6437415945357767,0.6339705925125818
3,44,SGDClassifier,42,"{""alpha"": 2.1807682234259168e-05, ""class_weight"": null, ""l1_ratio"": 0.47189178840759094, ""loss"": ""modified_huber"", ""penalty"": ""l1""}",39654,9914,0.5279898883190397,0.5292198864032152
3,44,SGDClassifier,43,"{""alpha"": 4.5169258320723204e-05, ""class_weight"": null, ""l1_ratio"": 0.9491711318385926, ""loss"": ""modified_huber"", ""penalty"": ""l2""}",39654,9914,0.7865333073724938,0.5984449564443854
3,44,SGDClassifier,44,"{""alpha"": 2.4803869774315335e-05, ""class_weight"": null, ""l1_ratio"": 0.1675844302236923, ""loss"": ""log_loss"", ""penalty"": ""elasticnet""}",39654,9914,0.8616574875066753,0.3641117472627118
3,44,SGDClassifier,45,"{""alpha"": 0.00549752808857803, ""class_weight"": null, ""l1_ratio"": 0.0899258176463426, ""loss"": ""log_loss"", ""penalty"": ""l1""}",39654,9914,0.0665725237038531,0.1059645338959667
3,44,SGDClassifier,46,"{""alpha"": 5.820548938046958e-06, ""class_weight"": ""balanced"", ""l1_ratio"": 0.3094606253855054, ""loss"": ""log_loss"", ""penalty"": ""l2""}",39654,9914,0.8127624659171212,0.8856903201795041
3,44,SGDClassifier,47,"{""alpha"": 0.00014994372780940596, ""class_weight"": ""balanced"", ""l1_ratio"": 0.9381087349558096, ""loss"": ""modified_huber"", ""penalty"": ""l1""}",39654,9914,0.4192683621062276,0.7320530656773734
3,44,SGDClassifier,48,"{""alpha"": 0.00043528610753724073, ""class_weight"": null, ""l1_ratio"": 0.745210418155884, ""loss"": ""log_loss"", ""penalty"": ""l2""}",39654,9914,0.8040628422612499,0.2509425143094286
3,44,SGDClassifier,49,"{""alpha"": 0.00021532571673612798, ""class_weight"": null, ""l1_ratio"": 0.9268961304224906, ""loss"": ""log_loss"", ""penalty"": ""elasticnet""}",39654,9914,0.7576983222670912,0.2111435558155023
3,44,SGDClassifier,50,"{""alpha"": 4.661539274717755e-05, ""class_weight"": ""balanced"", ""l1_ratio"": 0.7476823640440631, ""loss"": ""modified_huber"", ""penalty"": ""l2""}",39654,9914,0.7487533879833878,0.6150206249833005
3,44,ComplementNB,1,"{""alpha"": 0.024442553375904987, ""norm"": true}",39654,9914,0.4621046203415817,0.5000077317826955
3,44,ComplementNB,2,"{""alpha"": 0.001535673543513766, ""norm"": false}",39654,9914,0.4077743626696261,1.0
3,44,ComplementNB,3,"{""alpha"": 1.3547650399419484, ""norm"": false}",39654,9914,0.3893117679331709,0.9999999999997158
3,44,ComplementNB,4,"{""alpha"": 2.3024723797670457, ""norm"": true}",39654,9914,0.4512551200001834,0.500001834199214
3,44,ComplementNB,5,"{""alpha"": 1.207032928859306, ""norm"": false}",39654,9914,0.3896101658515736,0.9999999999997158
3,44,ComplementNB,6,"{""alpha"": 0.06648788387193705, ""norm"": true}",39654,9914,0.4610104868433187,0.5000083599161308
3,44,ComplementNB,7,"{""alpha"": 0.04650443921812896, ""norm"": true}",39654,9914,0.4609007078307718,0.5000090568089743
3,44,ComplementNB,8,"{""alpha"": 0.13213998461074908, ""norm"": true}",39654,9914,0.4626192324049735,0.5000055360855289
3,44,ComplementNB,9,"{""alpha"": 1.3366810374293503, ""norm"": true}",39654,9914,0.4654758409835916,0.5000019463708067
3,44,ComplementNB,10,"{""alpha"": 1.3908867800736318, ""norm"": true}",39654,9914,0.4649355537727264,0.500001685436674
3,44,ComplementNB,11,"{""alpha"": 0.5195538384471027, ""norm"": true}",39654,9914,0.4672315696974187,0.5000033078650469
3,44,ComplementNB,12,"{""alpha"": 0.017950717461852103, ""norm"": true}",39654,9914,0.4624357439279429,0.5000092386111517
3,44,ComplementNB,13,"{""alpha"": 0.002051548628483776, ""norm"": true}",39654,9914,0.465749792948065,0.5000089949320697
3,44,ComplementNB,14,"{""alpha"": 0.2852815700492422, ""norm"": false}",39654,9914,0.3960819813831772,0.9999999999999432
3,44,ComplementNB,15,"{""alpha"": 0.07952173817384303, ""norm"": true}",39654,9914,0.4613226186579177,0.5000080030891572
3,44,ComplementNB,16,"{""alpha"": 0.08892743767166965, ""norm"": false}",39654,9914,0.4015526407843741,1.0
3,44,ComplementNB,17,"{""alpha"": 0.024232291912396172, ""norm"": false}",39654,9914,0.4046114425680957,1.0
3,44,ComplementNB,18,"{""alpha"": 1.1953117314703035, ""norm"": true}",39654,9914,0.4666310941491997,0.5000025340967065
3,44,ComplementNB,19,"{""alpha"": 0.0016760628292846825, ""norm"": true}",39654,9914,0.466034750573187,0.5000094008162193
3,44,ComplementNB,20,"{""alpha"": 0.004277425950661154, ""norm"": true}",39654,9914,0.4645852765945742,0.500010230626693
3,44,ComplementNB,21,"{""alpha"": 0.0034319546933613524, ""norm"": false}",39654,9914,0.4081515896035889,1.0
3,44,ComplementNB,22,"{""alpha"": 1.137502283473316, ""norm"": true}",39654,9914,0.466840650319428,0.5000027811331527
3,44,ComplementNB,23,"{""alpha"": 0.0059540459787270125, ""norm"": true}",39654,9914,0.463728141365973,0.5000093480079509
3,44,ComplementNB,24,"{""alpha"": 0.027269740567814404, ""norm"": false}",39654,9914,0.4041643444377208,1.0
3,44,ComplementNB,25,"{""alpha"": 3.975579561585357, ""norm"": false}",39654,9914,0.3751176440861727,0.999999999736474
3,44,ComplementNB,26,"{""alpha"": 0.0010023680215651796, ""norm"": false}",39654,9914,0.4082972468620428,1.0
3,44,ComplementNB,27,"{""alpha"": 0.435153974731969, ""norm"": true}",39654,9914,0.4663203152880487,0.5000029183388566
3,44,ComplementNB,28,"{""alpha"": 0.21540001230991493, ""norm"": false}",39654,9914,0.3976824238831672,1.0
3,44,ComplementNB,29,"{""alpha"": 5.384428530451759, ""norm"": true}",39654,9914,0.3987617687087431,0.5000006791587327
3,44,ComplementNB,30,"{""alpha"": 5.715415525015695, ""norm"": true}",39654,9914,0.3924424489426392,0.500000234785038
3,44,ComplementNB,31,"{""alpha"": 0.0026193674251057883, ""norm"": true}",39654,9914,0.4654214072777195,0.5000113032841805
3,44,ComplementNB,32,"{""alpha"": 4.818322001578576, ""norm"": false}",39654,9914,0.37144994446722,0.9999999984519264
3,44,ComplementNB,33,"{""alpha"": 0.0831032187837036, ""norm"": false}",39654,9914,0.4016482527636658,1.0
3,44,ComplementNB,34,"{""alpha"": 0.027480559577096535, ""norm"": false}",39654,9914,0.4041572478323185,1.0
3,44,ComplementNB,35,"{""alpha"": 0.04680633087785655, ""norm"": true}",39654,9914,0.4609367339078856,0.5000090443750799
3,44,ComplementNB,36,"{""alpha"": 1.0791527871392121, ""norm"": true}",39654,9914,0.4670991927116308,0.5000030215083467
3,44,ComplementNB,37,"{""alpha"": 0.009171763816380768, ""norm"": true}",39654,9914,0.4634067570371355,0.5000097544404936
3,44,ComplementNB,38,"{""alpha"": 0.03245949207509333, ""norm"": false}",39654,9914,0.4036385134477754,1.0
3,44,ComplementNB,39,"{""alpha"": 0.006650953197668567, ""norm"": true}",39654,9914,0.4637233459083982,0.5000091384384816
3,44,ComplementNB,40,"{""alpha"": 0.0061786996775588495, ""norm"": true}",39654,9914,0.4636959345091869,0.5000092131839855
3,44,ComplementNB,41,"{""alpha"": 0.9715493739339285, ""norm"": false}",39654,9914,0.3921398624229358,0.9999999999997726
3,44,ComplementNB,42,"{""alpha"": 0.03108781794372002, ""norm"": false}",39654,9914,0.4036821319805179,1.0
3,44,ComplementNB,43,"{""alpha"": 3.321887296643014, ""norm"": false}",39654,9914,0.3784868888057764,0.9999999999459988
3,44,ComplementNB,44,"{""alpha"": 0.7220874250739981, ""norm"": false}",39654,9914,0.3925631410867251,0.9999999999998864
3,44,ComplementNB,45,"{""alpha"": 0.0018478532631849298, ""norm"": true}",39654,9914,0.4660276107808477,0.5000092237133777
3,44,ComplementNB,46,"{""alpha"": 0.036255721915957, ""norm"": true}",39654,9914,0.4613448333435224,0.5000089759273108
3,44,ComplementNB,47,"{""alpha"": 1.0788286941740068, ""norm"": false}",39654,9914,0.3909341795014177,0.9999999999997726
3,44,ComplementNB,48,"{""alpha"": 0.2295264223453526, ""norm"": true}",39654,9914,0.462560331857227,0.5000051019726081
3,44,ComplementNB,49,"{""alpha"": 0.6329616229585701, ""norm"": false}",39654,9914,0.3941940934785733,0.9999999999999432
3,44,ComplementNB,50,"{""alpha"": 0.012960625066800438, ""norm"": false}",39654,9914,0.4062706130862372,1.0
