"target","task","run","seed","Code","Product","normalized_gain_pct"
"tRNA-Ala","classification","1","42","AQGP","5S ribosomal RNA","56.772484860139166"
"tRNA-Ala","classification","1","42","ONC","NAD-dependent DNA ligase LigA","9.623320462353535"
"tRNA-Ala","classification","1","42","JUO","HNH endonuclease","3.6373397816128734"
"tRNA-Ala","classification","1","42","APOI","type VII secretion integral membrane protein EccD","3.4160833088645135"
"tRNA-Ala","classification","1","42","QXS","SGNH/GDSL hydrolase family protein","1.4327480829736352"
"tRNA-Ala","classification","1","42","YBX","class II lanthipeptide, LchA2/BrtA2 family","1.3557925073183759"
"tRNA-Ala","classification","1","42","AIOT","preprotein translocase subunit SecE","1.3230750422547388"
"tRNA-Ala","classification","1","42","TIB","YdcF family protein","1.09399210763454"
"tRNA-Ala","classification","1","42","QQJ","RtcB family protein","0.844760851866417"
"tRNA-Ala","classification","1","42","AIAX","pirin-like C-terminal cupin domain-containing protein","0.7099008094272752"
"tRNA-Ala","classification","2","43","AQGN","16S ribosomal RNA","55.341734343798294"
"tRNA-Ala","classification","2","43","AOB","ATP-binding protein","9.60060627069387"
"tRNA-Ala","classification","2","43","JUO","HNH endonuclease","3.001597509529349"
"tRNA-Ala","classification","2","43","ABUV","glutamate--tRNA ligase","2.637433454892945"
"tRNA-Ala","classification","2","43","AFB","AAA family ATPase","2.1539184890743046"
"tRNA-Ala","classification","2","43","GFN","DUF5131 family protein","1.7232612663372293"
"tRNA-Ala","classification","2","43","YBX","class II lanthipeptide, LchA2/BrtA2 family","1.4122604849650324"
"tRNA-Ala","classification","2","43","CYL","DUF1190 domain-containing protein","1.306353962046716"
"tRNA-Ala","classification","2","43","ABST","glucose-6-phosphate isomerase","1.209674798480984"
"tRNA-Ala","classification","2","43","AJI","ADP-ribosylglycohydrolase family protein","0.8665319704806269"
"tRNA-Ala","classification","3","44","AQGP","5S ribosomal RNA","54.77247428636865"
"tRNA-Ala","classification","3","44","AOB","ATP-binding protein","9.194526914489142"
"tRNA-Ala","classification","3","44","AKJJ","replicative DNA helicase","2.441261180900881"
"tRNA-Ala","classification","3","44","JUO","HNH endonuclease","1.9992786212198401"
"tRNA-Ala","classification","3","44","ABUV","glutamate--tRNA ligase","1.9809845992102706"
"tRNA-Ala","classification","3","44","AFB","AAA family ATPase","1.9029964922697902"
"tRNA-Ala","classification","3","44","YBX","class II lanthipeptide, LchA2/BrtA2 family","1.415700042688893"
"tRNA-Ala","classification","3","44","ACQM","helix-turn-helix domain-containing protein","1.1717854480749559"
"tRNA-Ala","classification","3","44","PXL","PhoH family protein","0.9670022568705892"
"tRNA-Ala","classification","3","44","PUW","ParB family protein","0.8270352825519298"
"tRNA-Ala","regression_type_positive_only","1","42","AQGN","16S ribosomal RNA","46.63961823975144"
"tRNA-Ala","regression_type_positive_only","1","42","AQGO","23S ribosomal RNA","5.844468721193653"
"tRNA-Ala","regression_type_positive_only","1","42","AGWG","peptide chain release factor 3","4.098916300664909"
"tRNA-Ala","regression_type_positive_only","1","42","XEO","carbon storage regulator CsrA","3.7048381625268627"
"tRNA-Ala","regression_type_positive_only","1","42","JL","2-oxoglutarate dehydrogenase complex dihydrolipoyllysine-residue succinyltransferase","1.628226869533346"
"tRNA-Ala","regression_type_positive_only","1","42","AKSC","ribosomal protein S18-alanine N-acetyltransferase","1.6124271773702676"
"tRNA-Ala","regression_type_positive_only","1","42","AEGB","lipoyl synthase","1.6108980729292952"
"tRNA-Ala","regression_type_positive_only","1","42","AQGP","5S ribosomal RNA","1.1513014873393776"
"tRNA-Ala","regression_type_positive_only","1","42","ANUJ","transglycosylase domain-containing protein","0.9654784170532461"
"tRNA-Ala","regression_type_positive_only","1","42","AEGC","lipoyl(octanoyl) transferase LipB","0.944850456971204"
"tRNA-Ala","regression_type_positive_only","2","43","AQGN","16S ribosomal RNA","42.58651899638028"
"tRNA-Ala","regression_type_positive_only","2","43","AQGP","5S ribosomal RNA","9.424150354447615"
"tRNA-Ala","regression_type_positive_only","2","43","AQGO","23S ribosomal RNA","6.1030306963776475"
"tRNA-Ala","regression_type_positive_only","2","43","ANF","ATP phosphoribosyltransferase","4.51087879988962"
"tRNA-Ala","regression_type_positive_only","2","43","AGWG","peptide chain release factor 3","3.018665804051926"
"tRNA-Ala","regression_type_positive_only","2","43","AEGC","lipoyl(octanoyl) transferase LipB","1.5873971165843004"
"tRNA-Ala","regression_type_positive_only","2","43","XEO","carbon storage regulator CsrA","1.5230799402453117"
"tRNA-Ala","regression_type_positive_only","2","43","AGYZ","peptidyl-tRNA hydrolase","1.4543372955174592"
"tRNA-Ala","regression_type_positive_only","2","43","JEE","FliH/SctL family protein","0.8802522639755274"
"tRNA-Ala","regression_type_positive_only","2","43","ONC","NAD-dependent DNA ligase LigA","0.6601563220193707"
"tRNA-Ala","regression_type_positive_only","3","44","AQGN","16S ribosomal RNA","49.44799341559901"
"tRNA-Ala","regression_type_positive_only","3","44","AQGO","23S ribosomal RNA","12.533369745422458"
"tRNA-Ala","regression_type_positive_only","3","44","AQGP","5S ribosomal RNA","5.594438973882954"
"tRNA-Ala","regression_type_positive_only","3","44","DOU","DUF2062 domain-containing protein","2.3028230599231536"
"tRNA-Ala","regression_type_positive_only","3","44","AEGC","lipoyl(octanoyl) transferase LipB","1.7363978603168673"
"tRNA-Ala","regression_type_positive_only","3","44","OVN","NUDIX hydrolase","1.4334777897299087"
"tRNA-Ala","regression_type_positive_only","3","44","ANF","ATP phosphoribosyltransferase","1.4099988344272698"
"tRNA-Ala","regression_type_positive_only","3","44","AJGS","protein translocase subunit SecF","1.3490349610362986"
"tRNA-Ala","regression_type_positive_only","3","44","SNJ","TusE/DsrC/DsvC family sulfur relay protein","0.8809505186964955"
"tRNA-Ala","regression_type_positive_only","3","44","AGYZ","peptidyl-tRNA hydrolase","0.8500919158212558"
"tRNA-Arg","classification","1","42","AEXB","metallophosphoesterase","15.233603030036708"
"tRNA-Arg","classification","1","42","AQGP","5S ribosomal RNA","14.640160895715892"
"tRNA-Arg","classification","1","42","BYM","Crp/Fnr family transcriptional regulator","7.907391139660555"
"tRNA-Arg","classification","1","42","ACQM","helix-turn-helix domain-containing protein","4.2990690948624275"
"tRNA-Arg","classification","1","42","LWV","IS6-like element IS26 family transposase","2.979453429561159"
"tRNA-Arg","classification","1","42","AMXT","terminase small subunit","1.996760967544727"
"tRNA-Arg","classification","1","42","ANBE","tetratricopeptide repeat protein","1.6755358766918251"
"tRNA-Arg","classification","1","42","JUP","HNH endonuclease domain-containing protein","1.5817078707661372"
"tRNA-Arg","classification","1","42","HLJ","DUF6682 family protein","1.366141468685475"
"tRNA-Arg","classification","1","42","JJR","GNAT family N-acetyltransferase","1.2419681933458933"
"tRNA-Arg","classification","2","43","AEXB","metallophosphoesterase","15.54746176847256"
"tRNA-Arg","classification","2","43","AQGP","5S ribosomal RNA","14.450071550517091"
"tRNA-Arg","classification","2","43","NSN","MFS transporter","9.670404461854272"
"tRNA-Arg","classification","2","43","AOB","ATP-binding protein","4.106655620151988"
"tRNA-Arg","classification","2","43","PUW","ParB family protein","3.7186665375560626"
"tRNA-Arg","classification","2","43","ZWB","ead/Ea22-like family protein","1.8358786023177494"
"tRNA-Arg","classification","2","43","AJHP","protein-disulfide reductase DsbD N-terminal domain-containing protein","1.5396411217815502"
"tRNA-Arg","classification","2","43","WEI","beta strand repeat-containing protein","1.414607541633544"
"tRNA-Arg","classification","2","43","JUO","HNH endonuclease","1.1294184730602992"
"tRNA-Arg","classification","2","43","AIQH","prohibitin family protein","1.109788974467227"
"tRNA-Arg","classification","3","44","AEXB","metallophosphoesterase","14.862907213202865"
"tRNA-Arg","classification","3","44","AQGN","16S ribosomal RNA","12.984818979247343"
"tRNA-Arg","classification","3","44","JJR","GNAT family N-acetyltransferase","8.280205443151157"
"tRNA-Arg","classification","3","44","PUW","ParB family protein","3.287019501104642"
"tRNA-Arg","classification","3","44","PJP","PAAR domain-containing protein","2.8580902538093067"
"tRNA-Arg","classification","3","44","AOB","ATP-binding protein","2.784123524634169"
"tRNA-Arg","classification","3","44","PUZ","ParB/RepB/Spo0J family plasmid partition protein","1.9867025974756087"
"tRNA-Arg","classification","3","44","AIQH","prohibitin family protein","1.4384900200288835"
"tRNA-Arg","classification","3","44","ZWB","ead/Ea22-like family protein","1.3930391592851277"
"tRNA-Arg","classification","3","44","UJH","acyl-CoA dehydrogenase","1.3439352318457076"
"tRNA-Arg","regression_type_positive_only","1","42","AIOW","preprotein translocase subunit SecY","19.25007601913188"
"tRNA-Arg","regression_type_positive_only","1","42","AGYZ","peptidyl-tRNA hydrolase","4.553082782492465"
"tRNA-Arg","regression_type_positive_only","1","42","AQGP","5S ribosomal RNA","4.151325112822177"
"tRNA-Arg","regression_type_positive_only","1","42","AQHM","transfer-messenger RNA","3.7226359822874007"
"tRNA-Arg","regression_type_positive_only","1","42","BGH","C40 family peptidase","3.5795807155867223"
"tRNA-Arg","regression_type_positive_only","1","42","ZYZ","elongation factor Tu","3.5043393620162586"
"tRNA-Arg","regression_type_positive_only","1","42","APJA","type IV pilus twitching motility protein PilT","2.3643632750383015"
"tRNA-Arg","regression_type_positive_only","1","42","AQGN","16S ribosomal RNA","2.178609557026909"
"tRNA-Arg","regression_type_positive_only","1","42","AQGO","23S ribosomal RNA","2.1754787462584106"
"tRNA-Arg","regression_type_positive_only","1","42","XEO","carbon storage regulator CsrA","2.1413746030301284"
"tRNA-Arg","regression_type_positive_only","2","43","AIOW","preprotein translocase subunit SecY","23.301999817219013"
"tRNA-Arg","regression_type_positive_only","2","43","XEO","carbon storage regulator CsrA","6.0986794715729795"
"tRNA-Arg","regression_type_positive_only","2","43","AIOT","preprotein translocase subunit SecE","5.308118564851594"
"tRNA-Arg","regression_type_positive_only","2","43","BBU","Bax inhibitor-1/YccA family protein","3.75881493916798"
"tRNA-Arg","regression_type_positive_only","2","43","AEXB","metallophosphoesterase","2.469223648071423"
"tRNA-Arg","regression_type_positive_only","2","43","FIH","DUF4031 domain-containing protein","2.4543636312700556"
"tRNA-Arg","regression_type_positive_only","2","43","JTC","HD domain-containing protein","2.0347405654797672"
"tRNA-Arg","regression_type_positive_only","2","43","POQ","PPE domain-containing protein","1.8315844247622326"
"tRNA-Arg","regression_type_positive_only","2","43","RNC","SsrA-binding protein SmpB","1.803689883847277"
"tRNA-Arg","regression_type_positive_only","2","43","APJA","type IV pilus twitching motility protein PilT","1.46082705930737"
"tRNA-Arg","regression_type_positive_only","3","44","AIOW","preprotein translocase subunit SecY","21.50290872153545"
"tRNA-Arg","regression_type_positive_only","3","44","AQHM","transfer-messenger RNA","9.357266037169074"
"tRNA-Arg","regression_type_positive_only","3","44","JUO","HNH endonuclease","3.9047525523546542"
"tRNA-Arg","regression_type_positive_only","3","44","JTC","HD domain-containing protein","3.378624594662481"
"tRNA-Arg","regression_type_positive_only","3","44","APJA","type IV pilus twitching motility protein PilT","3.364200441746197"
"tRNA-Arg","regression_type_positive_only","3","44","FIH","DUF4031 domain-containing protein","3.116839118229513"
"tRNA-Arg","regression_type_positive_only","3","44","ZYZ","elongation factor Tu","3.054866761203077"
"tRNA-Arg","regression_type_positive_only","3","44","AFWV","nicotinate phosphoribosyltransferase","2.578951498999267"
"tRNA-Arg","regression_type_positive_only","3","44","FNR","DUF4222 domain-containing protein","1.4075249395479585"
"tRNA-Arg","regression_type_positive_only","3","44","ATV","Ail/Lom family outer membrane beta-barrel protein","1.3175186818757283"
"tRNA-Asn","classification","1","42","AHHC","phage tail protein","37.085348618234136"
"tRNA-Asn","classification","1","42","AEXB","metallophosphoesterase","6.799795910202168"
"tRNA-Asn","classification","1","42","AQGN","16S ribosomal RNA","5.464636773331574"
"tRNA-Asn","classification","1","42","AFB","AAA family ATPase","4.8213402485241"
"tRNA-Asn","classification","1","42","TM","3D domain-containing protein","3.597977614469817"
"tRNA-Asn","classification","1","42","AQGP","5S ribosomal RNA","2.593198610507318"
"tRNA-Asn","classification","1","42","CLR","DNA polymerase III subunit alpha","2.3642593318502465"
"tRNA-Asn","classification","1","42","JJD","GIY-YIG nuclease family protein","1.9901404910722031"
"tRNA-Asn","classification","1","42","ALIG","single-stranded DNA-binding protein","1.7632941298142624"
"tRNA-Asn","classification","1","42","JUO","HNH endonuclease","1.3667319689168238"
"tRNA-Asn","classification","2","43","AFB","AAA family ATPase","31.276962834110133"
"tRNA-Asn","classification","2","43","SVF","VRR-NUC domain-containing protein","11.783429668608743"
"tRNA-Asn","classification","2","43","IKF","DnaB-like helicase C-terminal domain-containing protein","8.499973690679454"
"tRNA-Asn","classification","2","43","AQGP","5S ribosomal RNA","6.78160000301769"
"tRNA-Asn","classification","2","43","AQGN","16S ribosomal RNA","2.662065564027119"
"tRNA-Asn","classification","2","43","ANHH","thymidylate synthase","2.5033356065095025"
"tRNA-Asn","classification","2","43","AHHC","phage tail protein","2.0535166680665977"
"tRNA-Asn","classification","2","43","JUO","HNH endonuclease","1.9459804888213956"
"tRNA-Asn","classification","2","43","AEXB","metallophosphoesterase","1.2003674798320543"
"tRNA-Asn","classification","2","43","ANF","ATP phosphoribosyltransferase","1.0089973144102147"
"tRNA-Asn","classification","3","44","AHHC","phage tail protein","34.22566428921429"
"tRNA-Asn","classification","3","44","AQGP","5S ribosomal RNA","8.579051628046374"
"tRNA-Asn","classification","3","44","AFB","AAA family ATPase","7.726300392776203"
"tRNA-Asn","classification","3","44","AKJJ","replicative DNA helicase","6.654609482051878"
"tRNA-Asn","classification","3","44","IKF","DnaB-like helicase C-terminal domain-containing protein","6.008136978510079"
"tRNA-Asn","classification","3","44","CLR","DNA polymerase III subunit alpha","2.0991103292278463"
"tRNA-Asn","classification","3","44","QQN","RusA family crossover junction endodeoxyribonuclease","1.6945344550119066"
"tRNA-Asn","classification","3","44","AEXB","metallophosphoesterase","1.4854774081685573"
"tRNA-Asn","classification","3","44","CGF","DEAD/DEAH box helicase","1.306771204414938"
"tRNA-Asn","classification","3","44","JUO","HNH endonuclease","0.9352347408036803"
"tRNA-Asn","regression_type_positive_only","1","42","IEH","DUF808 domain-containing protein","15.099047603705143"
"tRNA-Asn","regression_type_positive_only","1","42","AAIA","exodeoxyribonuclease I","10.559136165222155"
"tRNA-Asn","regression_type_positive_only","1","42","AFQI","multifunctional CCA addition/repair protein","8.514689837815999"
"tRNA-Asn","regression_type_positive_only","1","42","TJH","YecH family metal-binding protein","6.469812964195838"
"tRNA-Asn","regression_type_positive_only","1","42","COA","DNA repair protein RadA","3.3372801208736402"
"tRNA-Asn","regression_type_positive_only","1","42","JBJ","Fe-S cluster assembly scaffold IscU","3.1271754213290692"
"tRNA-Asn","regression_type_positive_only","1","42","AJI","ADP-ribosylglycohydrolase family protein","2.815948364685471"
"tRNA-Asn","regression_type_positive_only","1","42","ADNB","integration host factor subunit alpha","1.6299233652438399"
"tRNA-Asn","regression_type_positive_only","1","42","AGCR","non-heme ferritin","1.1005226907248076"
"tRNA-Asn","regression_type_positive_only","1","42","ANYB","trehalose-phosphatase","1.0111298086968812"
"tRNA-Asn","regression_type_positive_only","2","43","HVK","DUF72 domain-containing protein","19.986963011942855"
"tRNA-Asn","regression_type_positive_only","2","43","AAIA","exodeoxyribonuclease I","14.240194391648469"
"tRNA-Asn","regression_type_positive_only","2","43","AQGP","5S ribosomal RNA","6.684437912345527"
"tRNA-Asn","regression_type_positive_only","2","43","ANMR","transcription-repair coupling factor","5.70665363008585"
"tRNA-Asn","regression_type_positive_only","2","43","JBJ","Fe-S cluster assembly scaffold IscU","5.413432977298126"
"tRNA-Asn","regression_type_positive_only","2","43","AJI","ADP-ribosylglycohydrolase family protein","3.1370206049733373"
"tRNA-Asn","regression_type_positive_only","2","43","SIU","TonB-dependent receptor plug domain-containing protein","3.06831148777362"
"tRNA-Asn","regression_type_positive_only","2","43","UND","adenylate kinase","2.7681278777205485"
"tRNA-Asn","regression_type_positive_only","2","43","ACFP","glycoside hydrolase family 43 protein","1.984528789235755"
"tRNA-Asn","regression_type_positive_only","2","43","APVM","uridine kinase","1.9121595653752277"
"tRNA-Asn","regression_type_positive_only","3","44","AAIA","exodeoxyribonuclease I","14.325268469361493"
"tRNA-Asn","regression_type_positive_only","3","44","JBJ","Fe-S cluster assembly scaffold IscU","13.6852707495709"
"tRNA-Asn","regression_type_positive_only","3","44","IEH","DUF808 domain-containing protein","11.922405700414771"
"tRNA-Asn","regression_type_positive_only","3","44","AFQI","multifunctional CCA addition/repair protein","6.384965360134814"
"tRNA-Asn","regression_type_positive_only","3","44","AHMA","phosphatase PAP2 family protein","2.929889344663729"
"tRNA-Asn","regression_type_positive_only","3","44","SIU","TonB-dependent receptor plug domain-containing protein","2.3998511728355787"
"tRNA-Asn","regression_type_positive_only","3","44","ABXU","glutathione peroxidase","2.223502910200601"
"tRNA-Asn","regression_type_positive_only","3","44","JWC","HTH-type transcriptional regulator Cbl","2.0285555097107664"
"tRNA-Asn","regression_type_positive_only","3","44","COA","DNA repair protein RadA","1.9393895960480085"
"tRNA-Asn","regression_type_positive_only","3","44","ADNB","integration host factor subunit alpha","1.9097927334405331"
"tRNA-Asp","classification","1","42","AQGP","5S ribosomal RNA","37.501048543861295"
"tRNA-Asp","classification","1","42","AOB","ATP-binding protein","16.44248189257009"
"tRNA-Asp","classification","1","42","JUO","HNH endonuclease","7.249981996651591"
"tRNA-Asp","classification","1","42","PLC","PD-(D/E)XK nuclease family protein","4.737014152196972"
"tRNA-Asp","classification","1","42","LWV","IS6-like element IS26 family transposase","2.6079902410807168"
"tRNA-Asp","classification","1","42","SDL","TerD family protein","2.6047151899235454"
"tRNA-Asp","classification","1","42","QIB","RNA-guided endonuclease InsQ/TnpB family protein","2.515359578332743"
"tRNA-Asp","classification","1","42","CJK","DNA gyrase subunit A","2.2584938227964466"
"tRNA-Asp","classification","1","42","ANDS","thioesterase family protein","2.022831699749638"
"tRNA-Asp","classification","1","42","FFV","DUF3961 domain-containing protein","1.5605676921074463"
"tRNA-Asp","classification","2","43","AQGP","5S ribosomal RNA","37.068848679430474"
"tRNA-Asp","classification","2","43","JTC","HD domain-containing protein","16.80400161405477"
"tRNA-Asp","classification","2","43","JUO","HNH endonuclease","7.353613940749945"
"tRNA-Asp","classification","2","43","NRB","MBL fold metallo-hydrolase","5.178383985311059"
"tRNA-Asp","classification","2","43","ACQM","helix-turn-helix domain-containing protein","3.682486274581881"
"tRNA-Asp","classification","2","43","VHK","anaerobic ribonucleoside-triphosphate reductase","2.0887565205282232"
"tRNA-Asp","classification","2","43","SEG","Tfp pilus assembly protein FimT/FimU","1.7166130577239467"
"tRNA-Asp","classification","2","43","RMM","SprT family protein","1.5232266892872228"
"tRNA-Asp","classification","2","43","QOH","RluA family pseudouridine synthase","1.5036691098582575"
"tRNA-Asp","classification","2","43","ANHD","thymidine kinase","1.3481515171886345"
"tRNA-Asp","classification","3","44","AQGP","5S ribosomal RNA","36.77212960429344"
"tRNA-Asp","classification","3","44","JUO","HNH endonuclease","16.912208048427903"
"tRNA-Asp","classification","3","44","ANHD","thymidine kinase","8.051990453142212"
"tRNA-Asp","classification","3","44","ACQM","helix-turn-helix domain-containing protein","3.5864476246207735"
"tRNA-Asp","classification","3","44","YQF","conjugative transfer protein MobI(A/C)","2.7954545693803885"
"tRNA-Asp","classification","3","44","ACXO","histidinol dehydrogenase","2.490418984028677"
"tRNA-Asp","classification","3","44","AOUR","type II toxin-antitoxin system PemK/MazF family toxin","2.474545955012504"
"tRNA-Asp","classification","3","44","APHX","type IV conjugative transfer system pilin TraA","2.1385234669016873"
"tRNA-Asp","classification","3","44","CS","16S rRNA (cytidine(1402)-2'-O)-methyltransferase","1.809166436842189"
"tRNA-Asp","classification","3","44","QOH","RluA family pseudouridine synthase","1.5076514100552172"
"tRNA-Asp","regression_type_positive_only","1","42","AMSA","tRNA pseudouridine(38-40) synthase TruA","10.071297309318142"
"tRNA-Asp","regression_type_positive_only","1","42","UND","adenylate kinase","8.141444905413453"
"tRNA-Asp","regression_type_positive_only","1","42","DAF","DUF1289 domain-containing protein","6.718793852104144"
"tRNA-Asp","regression_type_positive_only","1","42","PSZ","PTS sugar transporter subunit IIA","4.899792876767157"
"tRNA-Asp","regression_type_positive_only","1","42","BBU","Bax inhibitor-1/YccA family protein","3.461586890320716"
"tRNA-Asp","regression_type_positive_only","1","42","ACML","guanylate kinase","2.904409834304804"
"tRNA-Asp","regression_type_positive_only","1","42","RU","3-phosphoserine/phosphohydroxythreonine transaminase","2.822200905222658"
"tRNA-Asp","regression_type_positive_only","1","42","AMR","ASCH domain-containing protein","2.460146984807382"
"tRNA-Asp","regression_type_positive_only","1","42","AMJO","sugar-binding transcriptional regulator","2.321688425158391"
"tRNA-Asp","regression_type_positive_only","1","42","AQGP","5S ribosomal RNA","2.2153107420136418"
"tRNA-Asp","regression_type_positive_only","2","43","UND","adenylate kinase","17.1662926028341"
"tRNA-Asp","regression_type_positive_only","2","43","BBU","Bax inhibitor-1/YccA family protein","7.733163557756759"
"tRNA-Asp","regression_type_positive_only","2","43","CLX","DNA polymerase III subunit epsilon","5.892941287507799"
"tRNA-Asp","regression_type_positive_only","2","43","COA","DNA repair protein RadA","4.799703704478743"
"tRNA-Asp","regression_type_positive_only","2","43","PSZ","PTS sugar transporter subunit IIA","4.103888512286002"
"tRNA-Asp","regression_type_positive_only","2","43","AMSA","tRNA pseudouridine(38-40) synthase TruA","3.7038050432476743"
"tRNA-Asp","regression_type_positive_only","2","43","ZDG","cytochrome b","2.7353972412039886"
"tRNA-Asp","regression_type_positive_only","2","43","XEO","carbon storage regulator CsrA","2.2316619425262663"
"tRNA-Asp","regression_type_positive_only","2","43","AQGP","5S ribosomal RNA","1.7745643046242519"
"tRNA-Asp","regression_type_positive_only","2","43","YCO","class Ib ribonucleoside-diphosphate reductase assembly flavoprotein NrdI","1.7308652148180315"
"tRNA-Asp","regression_type_positive_only","3","44","COA","DNA repair protein RadA","20.13785942381284"
"tRNA-Asp","regression_type_positive_only","3","44","PSZ","PTS sugar transporter subunit IIA","9.010775766308184"
"tRNA-Asp","regression_type_positive_only","3","44","CLX","DNA polymerase III subunit epsilon","7.002428324988957"
"tRNA-Asp","regression_type_positive_only","3","44","UND","adenylate kinase","5.208110389217237"
"tRNA-Asp","regression_type_positive_only","3","44","AGRS","patatin-like phospholipase family protein","3.303215655873808"
"tRNA-Asp","regression_type_positive_only","3","44","AQHM","transfer-messenger RNA","2.6779519261763567"
"tRNA-Asp","regression_type_positive_only","3","44","AEXC","metallophosphoesterase family protein","2.6458674783548393"
"tRNA-Asp","regression_type_positive_only","3","44","AMR","ASCH domain-containing protein","2.367847973249606"
"tRNA-Asp","regression_type_positive_only","3","44","AQM","ATP-grasp domain-containing protein","2.2419207078459986"
"tRNA-Asp","regression_type_positive_only","3","44","BBU","Bax inhibitor-1/YccA family protein","2.1496546870642117"
"tRNA-Cys","classification","1","42","AQGO","23S ribosomal RNA","19.635149419469162"
"tRNA-Cys","classification","1","42","ACQM","helix-turn-helix domain-containing protein","17.072490891133985"
"tRNA-Cys","classification","1","42","ONC","NAD-dependent DNA ligase LigA","7.066202135684515"
"tRNA-Cys","classification","1","42","TYL","YvrJ family protein","4.366147526671082"
"tRNA-Cys","classification","1","42","LWV","IS6-like element IS26 family transposase","4.298826656580819"
"tRNA-Cys","classification","1","42","JJD","GIY-YIG nuclease family protein","3.446692002264859"
"tRNA-Cys","classification","1","42","AOVA","type II toxin-antitoxin system RelE/ParE family toxin","2.2439303601103133"
"tRNA-Cys","classification","1","42","MMV","ISNCY family transposase","2.007154943978317"
"tRNA-Cys","classification","1","42","JTC","HD domain-containing protein","1.804764495261336"
"tRNA-Cys","classification","1","42","CGF","DEAD/DEAH box helicase","1.601983200795399"
"tRNA-Cys","classification","2","43","AQGN","16S ribosomal RNA","22.020463070482677"
"tRNA-Cys","classification","2","43","ACQM","helix-turn-helix domain-containing protein","17.434605326359176"
"tRNA-Cys","classification","2","43","AFWV","nicotinate phosphoribosyltransferase","7.348571033701773"
"tRNA-Cys","classification","2","43","LWV","IS6-like element IS26 family transposase","4.189945878515661"
"tRNA-Cys","classification","2","43","TYL","YvrJ family protein","3.9257277374242463"
"tRNA-Cys","classification","2","43","MXC","L,D-transpeptidase","3.8265655386712876"
"tRNA-Cys","classification","2","43","AIDF","plasmid replication protein, CyRepA1 family","3.689938236289394"
"tRNA-Cys","classification","2","43","AFB","AAA family ATPase","2.9762830088349967"
"tRNA-Cys","classification","2","43","ABXF","glutaredoxin family protein","2.6713331105528915"
"tRNA-Cys","classification","2","43","AAHG","excinuclease ABC subunit UvrC","2.3177544083321546"
"tRNA-Cys","classification","3","44","AQGP","5S ribosomal RNA","22.71965460035504"
"tRNA-Cys","classification","3","44","ACQM","helix-turn-helix domain-containing protein","16.788372356473968"
"tRNA-Cys","classification","3","44","JJD","GIY-YIG nuclease family protein","7.13588682798467"
"tRNA-Cys","classification","3","44","ABXF","glutaredoxin family protein","5.782866376421757"
"tRNA-Cys","classification","3","44","AKDY","recombinase family protein","3.5851665584286407"
"tRNA-Cys","classification","3","44","AOB","ATP-binding protein","3.1349957356512492"
"tRNA-Cys","classification","3","44","APRD","tyrosine-type recombinase/integrase","2.7172621285672127"
"tRNA-Cys","classification","3","44","AAHG","excinuclease ABC subunit UvrC","2.1751949060237035"
"tRNA-Cys","classification","3","44","YWN","cyanase","1.4483684052815815"
"tRNA-Cys","classification","3","44","BGH","C40 family peptidase","1.3850233573436863"
"tRNA-Cys","regression_type_positive_only","1","42","AFOI","multidrug efflux SMR transporter","8.898704608358566"
"tRNA-Cys","regression_type_positive_only","1","42","OQG","NADH:flavin oxidoreductase","6.964867916855697"
"tRNA-Cys","regression_type_positive_only","1","42","VHM","anaerobic ribonucleoside-triphosphate reductase-activating protein","5.264453490143531"
"tRNA-Cys","regression_type_positive_only","1","42","ABXE","glutaredoxin domain-containing protein","3.9853232972112536"
"tRNA-Cys","regression_type_positive_only","1","42","UDB","acetoacetate--CoA ligase","3.799772617507776"
"tRNA-Cys","regression_type_positive_only","1","42","JXN","HU family DNA-binding protein","2.4916759577733094"
"tRNA-Cys","regression_type_positive_only","1","42","CHV","DMT family transporter","2.2794093650810665"
"tRNA-Cys","regression_type_positive_only","1","42","VIB","ankyrin repeat domain-containing protein","1.7359501312997077"
"tRNA-Cys","regression_type_positive_only","1","42","UIS","acyl carrier protein","1.7123532827191232"
"tRNA-Cys","regression_type_positive_only","1","42","AOB","ATP-binding protein","1.7052346891768777"
"tRNA-Cys","regression_type_positive_only","2","43","DGD","DUF1566 domain-containing protein","9.699149278073216"
"tRNA-Cys","regression_type_positive_only","2","43","ADSR","isopenicillin N synthase family oxygenase","9.417748688660309"
"tRNA-Cys","regression_type_positive_only","2","43","OQG","NADH:flavin oxidoreductase","6.891655205086079"
"tRNA-Cys","regression_type_positive_only","2","43","MVD","KOW domain-containing RNA-binding protein","5.387974701978956"
"tRNA-Cys","regression_type_positive_only","2","43","SYX","WGxxGxxG family protein","5.022013607055309"
"tRNA-Cys","regression_type_positive_only","2","43","AFOI","multidrug efflux SMR transporter","3.6478438595950937"
"tRNA-Cys","regression_type_positive_only","2","43","AIKQ","porin","3.269155380575554"
"tRNA-Cys","regression_type_positive_only","2","43","INR","EAL and HDOD domain-containing protein","2.950409469584704"
"tRNA-Cys","regression_type_positive_only","2","43","STC","UvrB/UvrC motif-containing protein","2.740019359545514"
"tRNA-Cys","regression_type_positive_only","2","43","AOCI","trypsin-like serine protease","2.72562933906753"
"tRNA-Cys","regression_type_positive_only","3","44","AKHW","replication initiator protein RctB domain-containing protein","11.11658208581834"
"tRNA-Cys","regression_type_positive_only","3","44","AFOI","multidrug efflux SMR transporter","8.725503372351097"
"tRNA-Cys","regression_type_positive_only","3","44","VHM","anaerobic ribonucleoside-triphosphate reductase-activating protein","7.197152796427588"
"tRNA-Cys","regression_type_positive_only","3","44","OQG","NADH:flavin oxidoreductase","4.267858918462466"
"tRNA-Cys","regression_type_positive_only","3","44","AONT","type I methionyl aminopeptidase","3.054508588146832"
"tRNA-Cys","regression_type_positive_only","3","44","AGLW","outer membrane beta-barrel protein","2.015758665315451"
"tRNA-Cys","regression_type_positive_only","3","44","AJXK","pyruvate carboxylase","1.712719966375779"
"tRNA-Cys","regression_type_positive_only","3","44","MVD","KOW domain-containing RNA-binding protein","1.5464879468267985"
"tRNA-Cys","regression_type_positive_only","3","44","AFB","AAA family ATPase","1.4767391349053935"
"tRNA-Cys","regression_type_positive_only","3","44","ABXE","glutaredoxin domain-containing protein","1.3584733781275224"
"tRNA-Gln","classification","1","42","AQGP","5S ribosomal RNA","28.80430822067974"
"tRNA-Gln","classification","1","42","JTC","HD domain-containing protein","20.276715128509203"
"tRNA-Gln","classification","1","42","JUO","HNH endonuclease","9.6517132552438"
"tRNA-Gln","classification","1","42","VAS","amino acid permease","5.241103703956193"
"tRNA-Gln","classification","1","42","APIC","type IV conjugative transfer system protein TraL","3.4406555136595216"
"tRNA-Gln","classification","1","42","CLR","DNA polymerase III subunit alpha","2.3412522200039994"
"tRNA-Gln","classification","1","42","SBA","TROVE domain-containing protein","2.1975840469291144"
"tRNA-Gln","classification","1","42","AGXL","peptidoglycan DD-metalloendopeptidase family protein","1.8559297972611863"
"tRNA-Gln","classification","1","42","AGE","ABC transporter permease","1.7123697261818824"
"tRNA-Gln","classification","1","42","APTM","undecaprenyldiphospho-muramoylpentapeptide beta-N-acetylglucosaminyltransferase","1.4835661546405599"
"tRNA-Gln","classification","2","43","AQGP","5S ribosomal RNA","29.555366436562608"
"tRNA-Gln","classification","2","43","JTC","HD domain-containing protein","18.29436027698896"
"tRNA-Gln","classification","2","43","JUO","HNH endonuclease","9.11665402088313"
"tRNA-Gln","classification","2","43","QMG","RepB family plasmid replication initiator protein","3.400392683204083"
"tRNA-Gln","classification","2","43","VAS","amino acid permease","3.0579284621666334"
"tRNA-Gln","classification","2","43","AHMA","phosphatase PAP2 family protein","2.0782464204255136"
"tRNA-Gln","classification","2","43","AKBA","quinolone resistance pentapeptide repeat protein QnrS2","1.8376142834653513"
"tRNA-Gln","classification","2","43","QID","RNA-guided endonuclease TnpB family protein","1.777073488962952"
"tRNA-Gln","classification","2","43","CLR","DNA polymerase III subunit alpha","1.7584612326957427"
"tRNA-Gln","classification","2","43","NSY","MGDG synthase family glycosyltransferase","1.508002247515689"
"tRNA-Gln","classification","3","44","AQGP","5S ribosomal RNA","29.534295959145087"
"tRNA-Gln","classification","3","44","JTC","HD domain-containing protein","18.936461356962777"
"tRNA-Gln","classification","3","44","JUO","HNH endonuclease","7.661146347788073"
"tRNA-Gln","classification","3","44","ACQM","helix-turn-helix domain-containing protein","6.318487581071187"
"tRNA-Gln","classification","3","44","QIB","RNA-guided endonuclease InsQ/TnpB family protein","1.8937157363290662"
"tRNA-Gln","classification","3","44","CLR","DNA polymerase III subunit alpha","1.6126704477803953"
"tRNA-Gln","classification","3","44","AGU","ABC transporter substrate-binding protein","1.4426325730570604"
"tRNA-Gln","classification","3","44","BRQ","CbrC family protein","1.3830529055212293"
"tRNA-Gln","classification","3","44","SHT","Tol-Pal system beta propeller repeat protein TolB","1.3658109180987104"
"tRNA-Gln","classification","3","44","DBL","DUF1351 domain-containing protein","1.3614098018143272"
"tRNA-Gln","regression_type_positive_only","1","42","ALCJ","serine--tRNA ligase","8.883578838250777"
"tRNA-Gln","regression_type_positive_only","1","42","CPE","DNA topoisomerase (ATP-hydrolyzing) subunit B","8.630843720224437"
"tRNA-Gln","regression_type_positive_only","1","42","CLX","DNA polymerase III subunit epsilon","6.071002739612971"
"tRNA-Gln","regression_type_positive_only","1","42","IEH","DUF808 domain-containing protein","4.051868779865354"
"tRNA-Gln","regression_type_positive_only","1","42","AQGP","5S ribosomal RNA","3.907028008226165"
"tRNA-Gln","regression_type_positive_only","1","42","JUO","HNH endonuclease","3.7750850651765147"
"tRNA-Gln","regression_type_positive_only","1","42","OOE","NADAR family protein","3.534455537671669"
"tRNA-Gln","regression_type_positive_only","1","42","AGFT","nucleoside-diphosphate kinase","3.293880249257521"
"tRNA-Gln","regression_type_positive_only","1","42","UTK","alkyl hydroperoxide reductase subunit F","2.587898135417658"
"tRNA-Gln","regression_type_positive_only","1","42","AGYZ","peptidyl-tRNA hydrolase","1.6004654597243515"
"tRNA-Gln","regression_type_positive_only","2","43","AFQI","multifunctional CCA addition/repair protein","10.2755688112439"
"tRNA-Gln","regression_type_positive_only","2","43","CLX","DNA polymerase III subunit epsilon","7.047118762213354"
"tRNA-Gln","regression_type_positive_only","2","43","AKCU","radical SAM protein","6.148077413463315"
"tRNA-Gln","regression_type_positive_only","2","43","XLI","cell envelope integrity protein TolA","4.790857542177933"
"tRNA-Gln","regression_type_positive_only","2","43","ALCJ","serine--tRNA ligase","4.725113362540951"
"tRNA-Gln","regression_type_positive_only","2","43","PVS","PcfJ domain-containing protein","4.347400366240379"
"tRNA-Gln","regression_type_positive_only","2","43","CPE","DNA topoisomerase (ATP-hydrolyzing) subunit B","4.204409490409735"
"tRNA-Gln","regression_type_positive_only","2","43","OVY","NYN domain-containing protein","2.6621499816388217"
"tRNA-Gln","regression_type_positive_only","2","43","AQGO","23S ribosomal RNA","2.3148552262425386"
"tRNA-Gln","regression_type_positive_only","2","43","AILG","porin family protein","2.185602414615239"
"tRNA-Gln","regression_type_positive_only","3","44","AGFT","nucleoside-diphosphate kinase","16.59712554023913"
"tRNA-Gln","regression_type_positive_only","3","44","ALCJ","serine--tRNA ligase","6.9920589495391825"
"tRNA-Gln","regression_type_positive_only","3","44","AFQI","multifunctional CCA addition/repair protein","6.759632329176746"
"tRNA-Gln","regression_type_positive_only","3","44","XLI","cell envelope integrity protein TolA","6.598143247880862"
"tRNA-Gln","regression_type_positive_only","3","44","RNC","SsrA-binding protein SmpB","4.198557010156012"
"tRNA-Gln","regression_type_positive_only","3","44","JUO","HNH endonuclease","3.194304619985765"
"tRNA-Gln","regression_type_positive_only","3","44","AILG","porin family protein","2.804516505428943"
"tRNA-Gln","regression_type_positive_only","3","44","CLX","DNA polymerase III subunit epsilon","2.481389926991384"
"tRNA-Gln","regression_type_positive_only","3","44","AAIQ","exonuclease domain-containing protein","1.5801791416012376"
"tRNA-Gln","regression_type_positive_only","3","44","GAL","DUF488 family protein","1.1661781037907928"
"tRNA-Glu","classification","1","42","AQGP","5S ribosomal RNA","30.187519824098228"
"tRNA-Glu","classification","1","42","AOB","ATP-binding protein","16.33126024928176"
"tRNA-Glu","classification","1","42","ABMS","gallidermin/nisin family lantibiotic","4.592197659571016"
"tRNA-Glu","classification","1","42","LWV","IS6-like element IS26 family transposase","3.6552173091865385"
"tRNA-Glu","classification","1","42","JJD","GIY-YIG nuclease family protein","3.380670506245695"
"tRNA-Glu","classification","1","42","PUS","ParA family protein","2.7135317357921735"
"tRNA-Glu","classification","1","42","ILZ","DoxX family protein","2.7051182059525543"
"tRNA-Glu","classification","1","42","JTC","HD domain-containing protein","1.8307303974959797"
"tRNA-Glu","classification","1","42","QOH","RluA family pseudouridine synthase","1.7797808716102332"
"tRNA-Glu","classification","1","42","AKDY","recombinase family protein","1.7054389701317"
"tRNA-Glu","classification","2","43","AQGP","5S ribosomal RNA","31.53691150528597"
"tRNA-Glu","classification","2","43","ACQM","helix-turn-helix domain-containing protein","14.317124671441876"
"tRNA-Glu","classification","2","43","ONC","NAD-dependent DNA ligase LigA","10.151427314687782"
"tRNA-Glu","classification","2","43","CUT","DNA/RNA non-specific endonuclease","4.672721296218559"
"tRNA-Glu","classification","2","43","AKZF","sensor histidine kinase","2.779534469812738"
"tRNA-Glu","classification","2","43","PUS","ParA family protein","2.739340151168781"
"tRNA-Glu","classification","2","43","AKZE","sensor domain-containing protein","2.484024641560944"
"tRNA-Glu","classification","2","43","BXJ","Coq4 family protein","2.4062871876714667"
"tRNA-Glu","classification","2","43","DIC","DUF1659 domain-containing protein","2.3461002390039116"
"tRNA-Glu","classification","2","43","ABUV","glutamate--tRNA ligase","1.9585129662407152"
"tRNA-Glu","classification","3","44","AQGP","5S ribosomal RNA","34.783192058497974"
"tRNA-Glu","classification","3","44","AOB","ATP-binding protein","16.859462466461483"
"tRNA-Glu","classification","3","44","EIV","DUF2922 domain-containing protein","4.007052475794459"
"tRNA-Glu","classification","3","44","JTC","HD domain-containing protein","3.660419147605868"
"tRNA-Glu","classification","3","44","PUS","ParA family protein","3.1548406524678887"
"tRNA-Glu","classification","3","44","JMZ","GatB/YqeY domain-containing protein","2.817854607088175"
"tRNA-Glu","classification","3","44","CUT","DNA/RNA non-specific endonuclease","2.5151589216516275"
"tRNA-Glu","classification","3","44","JUO","HNH endonuclease","2.4248780765106375"
"tRNA-Glu","classification","3","44","ANME","transcription initiation factor IIB family protein","2.29262030956093"
"tRNA-Glu","classification","3","44","APIC","type IV conjugative transfer system protein TraL","2.1353783599309066"
"tRNA-Glu","regression_type_positive_only","1","42","ADRD","iron-sulfur cluster insertion protein ErpA","9.013149156095663"
"tRNA-Glu","regression_type_positive_only","1","42","THC","YchJ family protein","6.002866123320531"
"tRNA-Glu","regression_type_positive_only","1","42","BBU","Bax inhibitor-1/YccA family protein","4.421188708892369"
"tRNA-Glu","regression_type_positive_only","1","42","MXZ","L-aspartate oxidase","3.3714426288785497"
"tRNA-Glu","regression_type_positive_only","1","42","AOCV","tryptophan synthase subunit alpha","3.358772423217585"
"tRNA-Glu","regression_type_positive_only","1","42","OG","3-deoxy-7-phosphoheptulonate synthase","2.4687549983455397"
"tRNA-Glu","regression_type_positive_only","1","42","JUO","HNH endonuclease","2.4181648517517944"
"tRNA-Glu","regression_type_positive_only","1","42","AQDI","zinc ABC transporter permease subunit ZnuB","2.3525645227885033"
"tRNA-Glu","regression_type_positive_only","1","42","QFY","RNA polymerase sigma factor RpoH","2.1519704523825567"
"tRNA-Glu","regression_type_positive_only","1","42","AQGN","16S ribosomal RNA","2.064549903757803"
"tRNA-Glu","regression_type_positive_only","2","43","ZYZ","elongation factor Tu","17.769731830527537"
"tRNA-Glu","regression_type_positive_only","2","43","BBU","Bax inhibitor-1/YccA family protein","16.67693104772223"
"tRNA-Glu","regression_type_positive_only","2","43","THC","YchJ family protein","4.627915390108415"
"tRNA-Glu","regression_type_positive_only","2","43","CLX","DNA polymerase III subunit epsilon","4.000973830424615"
"tRNA-Glu","regression_type_positive_only","2","43","JUQ","HNH endonuclease family protein","3.3993701123333326"
"tRNA-Glu","regression_type_positive_only","2","43","MXZ","L-aspartate oxidase","1.8143867032459344"
"tRNA-Glu","regression_type_positive_only","2","43","ACFP","glycoside hydrolase family 43 protein","1.7337030229785142"
"tRNA-Glu","regression_type_positive_only","2","43","BRR","CbtA family protein","1.6290939456801328"
"tRNA-Glu","regression_type_positive_only","2","43","AFB","AAA family ATPase","1.4453671146933398"
"tRNA-Glu","regression_type_positive_only","2","43","ACVZ","high-affinity branched-chain amino acid ABC transporter permease LivM","1.2888016347417919"
"tRNA-Glu","regression_type_positive_only","3","44","BBU","Bax inhibitor-1/YccA family protein","11.694715386614574"
"tRNA-Glu","regression_type_positive_only","3","44","ADRD","iron-sulfur cluster insertion protein ErpA","10.010551427598578"
"tRNA-Glu","regression_type_positive_only","3","44","ZYZ","elongation factor Tu","7.3144067087221565"
"tRNA-Glu","regression_type_positive_only","3","44","ALCJ","serine--tRNA ligase","2.780219549701048"
"tRNA-Glu","regression_type_positive_only","3","44","MXZ","L-aspartate oxidase","2.743581002697482"
"tRNA-Glu","regression_type_positive_only","3","44","ENO","DUF3102 domain-containing protein","2.267756995503558"
"tRNA-Glu","regression_type_positive_only","3","44","AMSA","tRNA pseudouridine(38-40) synthase TruA","2.087460255155416"
"tRNA-Glu","regression_type_positive_only","3","44","AQDI","zinc ABC transporter permease subunit ZnuB","2.03802677768742"
"tRNA-Glu","regression_type_positive_only","3","44","SBA","TROVE domain-containing protein","1.8753004720217732"
"tRNA-Glu","regression_type_positive_only","3","44","CPU","DNA translocase FtsK","1.7627088593107916"
"tRNA-Gly","classification","1","42","AQGP","5S ribosomal RNA","27.076155442014006"
"tRNA-Gly","classification","1","42","ACQM","helix-turn-helix domain-containing protein","12.20652133066646"
"tRNA-Gly","classification","1","42","ZIX","dTMP kinase","3.7298615186149036"
"tRNA-Gly","classification","1","42","LWV","IS6-like element IS26 family transposase","3.186432614916127"
"tRNA-Gly","classification","1","42","YAU","class I SAM-dependent methyltransferase","3.0463400231199853"
"tRNA-Gly","classification","1","42","AFB","AAA family ATPase","2.5091345393897306"
"tRNA-Gly","classification","1","42","JUP","HNH endonuclease domain-containing protein","2.1329798586102275"
"tRNA-Gly","classification","1","42","HEA","DUF6402 family protein","2.084791900239127"
"tRNA-Gly","classification","1","42","ZYT","elongation factor P","1.7790610312305235"
"tRNA-Gly","classification","1","42","AOSU","type II secretion system F family protein","1.4109555203323734"
"tRNA-Gly","classification","2","43","AQGN","16S ribosomal RNA","25.948702185558783"
"tRNA-Gly","classification","2","43","ACQM","helix-turn-helix domain-containing protein","11.454919717159772"
"tRNA-Gly","classification","2","43","ONC","NAD-dependent DNA ligase LigA","4.92351265691546"
"tRNA-Gly","classification","2","43","SQD","UDP-glucose 4-epimerase GalE","3.180221927702867"
"tRNA-Gly","classification","2","43","LWV","IS6-like element IS26 family transposase","3.109734621523385"
"tRNA-Gly","classification","2","43","AOSU","type II secretion system F family protein","2.144070426473879"
"tRNA-Gly","classification","2","43","JUP","HNH endonuclease domain-containing protein","2.0143035511004537"
"tRNA-Gly","classification","2","43","HEA","DUF6402 family protein","1.9814988316830267"
"tRNA-Gly","classification","2","43","AHEV","phage minor head protein","1.8741702575797894"
"tRNA-Gly","classification","2","43","JUO","HNH endonuclease","1.8201332287993113"
"tRNA-Gly","classification","3","44","AQGN","16S ribosomal RNA","25.223529493419232"
"tRNA-Gly","classification","3","44","ACQM","helix-turn-helix domain-containing protein","11.028049100157864"
"tRNA-Gly","classification","3","44","PLC","PD-(D/E)XK nuclease family protein","4.859482634838891"
"tRNA-Gly","classification","3","44","AFB","AAA family ATPase","3.8260066305103493"
"tRNA-Gly","classification","3","44","ANBE","tetratricopeptide repeat protein","3.4386777258213344"
"tRNA-Gly","classification","3","44","JUP","HNH endonuclease domain-containing protein","2.0849774748146284"
"tRNA-Gly","classification","3","44","LWV","IS6-like element IS26 family transposase","1.9056651143565084"
"tRNA-Gly","classification","3","44","HEA","DUF6402 family protein","1.733249600438301"
"tRNA-Gly","classification","3","44","GAL","DUF488 family protein","1.6100992844965096"
"tRNA-Gly","classification","3","44","APVM","uridine kinase","1.4825551898718146"
"tRNA-Gly","regression_type_positive_only","1","42","AQGP","5S ribosomal RNA","18.89802585182517"
"tRNA-Gly","regression_type_positive_only","1","42","AMQP","tRNA (uridine(34)/cytosine(34)/5- carboxymethylaminomethyluridine(34)-2'-O)- methyltransferase TrmL","5.734394210246725"
"tRNA-Gly","regression_type_positive_only","1","42","AQGN","16S ribosomal RNA","5.028333015561987"
"tRNA-Gly","regression_type_positive_only","1","42","SB","30S ribosomal protein S12","3.668538650635154"
"tRNA-Gly","regression_type_positive_only","1","42","AHAB","permease-like cell division protein FtsX","2.414828125462655"
"tRNA-Gly","regression_type_positive_only","1","42","OVM","NUDIX domain-containing protein","2.317887653564845"
"tRNA-Gly","regression_type_positive_only","1","42","UDZ","acetolactate synthase small subunit","2.166554444496347"
"tRNA-Gly","regression_type_positive_only","1","42","ABUX","glutamate-1-semialdehyde 2,1-aminomutase","1.96074781131354"
"tRNA-Gly","regression_type_positive_only","1","42","TEV","YbaB/EbfC family nucleoid-associated protein","1.8556192087258014"
"tRNA-Gly","regression_type_positive_only","1","42","LG","23S rRNA (guanosine(2251)-2'-O)-methyltransferase RlmB","1.827092912039351"
"tRNA-Gly","regression_type_positive_only","2","43","AQGP","5S ribosomal RNA","26.068313882851125"
"tRNA-Gly","regression_type_positive_only","2","43","TEV","YbaB/EbfC family nucleoid-associated protein","6.4249133550244215"
"tRNA-Gly","regression_type_positive_only","2","43","CEX","D-ribose pyranase","5.21849682648227"
"tRNA-Gly","regression_type_positive_only","2","43","OVM","NUDIX domain-containing protein","4.829623265796928"
"tRNA-Gly","regression_type_positive_only","2","43","AKEE","recombination mediator RecR","3.5656732739842263"
"tRNA-Gly","regression_type_positive_only","2","43","AQGN","16S ribosomal RNA","2.9664655866590284"
"tRNA-Gly","regression_type_positive_only","2","43","AMQP","tRNA (uridine(34)/cytosine(34)/5- carboxymethylaminomethyluridine(34)-2'-O)- methyltransferase TrmL","1.1348901869648351"
"tRNA-Gly","regression_type_positive_only","2","43","QXO","SFCGS family glycine-rich protein","1.047241583470469"
"tRNA-Gly","regression_type_positive_only","2","43","NLP","LysR family transcriptional regulator","1.0169535147308038"
"tRNA-Gly","regression_type_positive_only","2","43","AQGO","23S ribosomal RNA","0.9717995669236443"
"tRNA-Gly","regression_type_positive_only","3","44","TEV","YbaB/EbfC family nucleoid-associated protein","10.782381585261996"
"tRNA-Gly","regression_type_positive_only","3","44","SB","30S ribosomal protein S12","9.309924816027142"
"tRNA-Gly","regression_type_positive_only","3","44","AQGP","5S ribosomal RNA","8.411307787924361"
"tRNA-Gly","regression_type_positive_only","3","44","AMQP","tRNA (uridine(34)/cytosine(34)/5- carboxymethylaminomethyluridine(34)-2'-O)- methyltransferase TrmL","4.322213670764821"
"tRNA-Gly","regression_type_positive_only","3","44","AKEE","recombination mediator RecR","2.794014777149355"
"tRNA-Gly","regression_type_positive_only","3","44","UNK","adenylosuccinate synthase","2.07291233738017"
"tRNA-Gly","regression_type_positive_only","3","44","AQGN","16S ribosomal RNA","1.5609762409599919"
"tRNA-Gly","regression_type_positive_only","3","44","AMRM","tRNA epoxyqueuosine(34) reductase QueG","1.4467579403047826"
"tRNA-Gly","regression_type_positive_only","3","44","ALPU","spore coat protein","1.4413029650619138"
"tRNA-Gly","regression_type_positive_only","3","44","URV","aldose 1-epimerase family protein","1.3405594983214526"
"tRNA-His","classification","1","42","AQGP","5S ribosomal RNA","28.03901808215096"
"tRNA-His","classification","1","42","AFB","AAA family ATPase","23.84488422887876"
"tRNA-His","classification","1","42","SUU","VOC family protein","7.447823853681109"
"tRNA-His","classification","1","42","CUT","DNA/RNA non-specific endonuclease","5.306479501373609"
"tRNA-His","classification","1","42","AHD","ABC-F family ATP-binding cassette domain-containing protein","4.07065563651641"
"tRNA-His","classification","1","42","AEXB","metallophosphoesterase","3.2804644799483946"
"tRNA-His","classification","1","42","UYJ","alpha/beta fold hydrolase","3.093692583494012"
"tRNA-His","classification","1","42","ACQE","helicase-related protein","2.4426233685320775"
"tRNA-His","classification","1","42","STD","UvrD-helicase domain-containing protein","2.0531558137841555"
"tRNA-His","classification","1","42","PVF","ParM/StbA family protein","2.0247493381331916"
"tRNA-His","classification","2","43","AQGN","16S ribosomal RNA","29.07867746081581"
"tRNA-His","classification","2","43","JUO","HNH endonuclease","24.985208768144766"
"tRNA-His","classification","2","43","AOL","ATP-dependent Clp protease ATP-binding subunit ClpX","9.851823575445128"
"tRNA-His","classification","2","43","ACQM","helix-turn-helix domain-containing protein","5.770094305069197"
"tRNA-His","classification","2","43","LWV","IS6-like element IS26 family transposase","4.422446847657864"
"tRNA-His","classification","2","43","AFB","AAA family ATPase","2.7322672475755634"
"tRNA-His","classification","2","43","CS","16S rRNA (cytidine(1402)-2'-O)-methyltransferase","2.718796459925165"
"tRNA-His","classification","2","43","JUB","HIT family protein","2.4866686007813623"
"tRNA-His","classification","2","43","AIBV","plasmid mobilization protein","1.7022240143826748"
"tRNA-His","classification","2","43","KFO","IS110 family transposase","1.5926286927840014"
"tRNA-His","classification","3","44","AQGP","5S ribosomal RNA","30.79844827015409"
"tRNA-His","classification","3","44","JUO","HNH endonuclease","25.066506824201028"
"tRNA-His","classification","3","44","AIOQ","preprotein translocase subunit SecA","7.993399022453142"
"tRNA-His","classification","3","44","JJR","GNAT family N-acetyltransferase","5.741792557682429"
"tRNA-His","classification","3","44","LWV","IS6-like element IS26 family transposase","4.540250046585845"
"tRNA-His","classification","3","44","QPJ","Rpn family recombination-promoting nuclease/putative transposase","2.0044948670702984"
"tRNA-His","classification","3","44","MC","2Fe-2S iron-sulfur cluster-binding protein","1.8596526448812658"
"tRNA-His","classification","3","44","CMX","DNA primase","1.6996900591363746"
"tRNA-His","classification","3","44","WHI","beta-lactamase hydrolase domain-containing protein","1.5716031854634276"
"tRNA-His","classification","3","44","AEWB","metal-dependent phosphohydrolase","1.5575767028213108"
"tRNA-His","regression_type_positive_only","1","42","JQB","GspE/PulE family protein","6.211861032000769"
"tRNA-His","regression_type_positive_only","1","42","PNP","PIN/TRAM domain-containing protein","5.696201350487811"
"tRNA-His","regression_type_positive_only","1","42","ACFT","glycoside hydrolase family 5 protein","4.1514474062536815"
"tRNA-His","regression_type_positive_only","1","42","ANJH","toxin co-regulated pilus biosynthesis Q family protein","3.8494431594392413"
"tRNA-His","regression_type_positive_only","1","42","ANFA","thioredoxin fold domain-containing protein","3.1834569332563394"
"tRNA-His","regression_type_positive_only","1","42","NHQ","LexA family protein","2.9653387463843903"
"tRNA-His","regression_type_positive_only","1","42","AGCO","non-canonical purine NTP pyrophosphatase","2.6251073486980094"
"tRNA-His","regression_type_positive_only","1","42","AJXK","pyruvate carboxylase","2.2476254700298144"
"tRNA-His","regression_type_positive_only","1","42","JUQ","HNH endonuclease family protein","2.193690783855809"
"tRNA-His","regression_type_positive_only","1","42","ALIG","single-stranded DNA-binding protein","1.7494547940803973"
"tRNA-His","regression_type_positive_only","2","43","APLM","type IVB secretion system protein IcmJDotN","27.17047596648881"
"tRNA-His","regression_type_positive_only","2","43","PNP","PIN/TRAM domain-containing protein","16.23212539741975"
"tRNA-His","regression_type_positive_only","2","43","MVD","KOW domain-containing RNA-binding protein","5.405606394696348"
"tRNA-His","regression_type_positive_only","2","43","AILG","porin family protein","5.346009889462911"
"tRNA-His","regression_type_positive_only","2","43","INR","EAL and HDOD domain-containing protein","4.4110976993672"
"tRNA-His","regression_type_positive_only","2","43","GAL","DUF488 family protein","4.3972452489147065"
"tRNA-His","regression_type_positive_only","2","43","AOTM","type II secretion system protein GspD","2.9675657164849003"
"tRNA-His","regression_type_positive_only","2","43","NSY","MGDG synthase family glycosyltransferase","2.589423203685393"
"tRNA-His","regression_type_positive_only","2","43","ADQV","iron-sulfur cluster assembly accessory protein","2.353327177768154"
"tRNA-His","regression_type_positive_only","2","43","TNF","YheU family protein","2.268611448771601"
"tRNA-His","regression_type_positive_only","3","44","ADQV","iron-sulfur cluster assembly accessory protein","15.649138519663351"
"tRNA-His","regression_type_positive_only","3","44","AAUI","fibrinogen-like YCDxxxxGGGW domain-containing protein","9.17425710768044"
"tRNA-His","regression_type_positive_only","3","44","ACFT","glycoside hydrolase family 5 protein","9.006094608669057"
"tRNA-His","regression_type_positive_only","3","44","JTC","HD domain-containing protein","6.295382934722958"
"tRNA-His","regression_type_positive_only","3","44","QAZ","ProQ/FINO family protein","5.86738526523877"
"tRNA-His","regression_type_positive_only","3","44","MVD","KOW domain-containing RNA-binding protein","4.729095378721301"
"tRNA-His","regression_type_positive_only","3","44","ANFA","thioredoxin fold domain-containing protein","4.409287171195835"
"tRNA-His","regression_type_positive_only","3","44","ANJH","toxin co-regulated pilus biosynthesis Q family protein","3.316174385771183"
"tRNA-His","regression_type_positive_only","3","44","PJS","PACE efflux transporter","2.955730243477111"
"tRNA-His","regression_type_positive_only","3","44","AJXK","pyruvate carboxylase","2.420310934125357"
"tRNA-Ile","classification","1","42","AQGN","16S ribosomal RNA","15.09357497151707"
"tRNA-Ile","classification","1","42","AEXB","metallophosphoesterase","13.793231835779173"
"tRNA-Ile","classification","1","42","PUU","ParB N-terminal domain-containing protein","5.8407780702400505"
"tRNA-Ile","classification","1","42","JXN","HU family DNA-binding protein","3.6866058414124265"
"tRNA-Ile","classification","1","42","JZU","Hha/YmoA family nucleoid-associated regulatory protein","2.5996749242804036"
"tRNA-Ile","classification","1","42","ACQM","helix-turn-helix domain-containing protein","2.45467975270668"
"tRNA-Ile","classification","1","42","AHHC","phage tail protein","1.8252082638880054"
"tRNA-Ile","classification","1","42","NSN","MFS transporter","1.6745122810027055"
"tRNA-Ile","classification","1","42","AIBH","plasmid SOS inhibition protein A","1.6123083555071829"
"tRNA-Ile","classification","1","42","AFB","AAA family ATPase","1.2685533301811687"
"tRNA-Ile","classification","2","43","AQGN","16S ribosomal RNA","18.664423713162765"
"tRNA-Ile","classification","2","43","AKEN","recombination-associated protein RdgC","14.88701712605278"
"tRNA-Ile","classification","2","43","PUU","ParB N-terminal domain-containing protein","5.283521065581974"
"tRNA-Ile","classification","2","43","YHH","cold-shock protein","4.068217591989289"
"tRNA-Ile","classification","2","43","ACQM","helix-turn-helix domain-containing protein","3.151823018547247"
"tRNA-Ile","classification","2","43","AFB","AAA family ATPase","2.565997719119337"
"tRNA-Ile","classification","2","43","JUO","HNH endonuclease","1.7002950999422408"
"tRNA-Ile","classification","2","43","AIBH","plasmid SOS inhibition protein A","1.3739688857902415"
"tRNA-Ile","classification","2","43","ACQN","helix-turn-helix transcriptional regulator","1.1683005175086363"
"tRNA-Ile","classification","2","43","LWV","IS6-like element IS26 family transposase","1.1430223664618626"
"tRNA-Ile","classification","3","44","AQGP","5S ribosomal RNA","18.813754583207423"
"tRNA-Ile","classification","3","44","AKEN","recombination-associated protein RdgC","15.305697146472722"
"tRNA-Ile","classification","3","44","ACQM","helix-turn-helix domain-containing protein","8.287342166524413"
"tRNA-Ile","classification","3","44","AQGN","16S ribosomal RNA","2.2985064541098703"
"tRNA-Ile","classification","3","44","AFB","AAA family ATPase","2.124963389915"
"tRNA-Ile","classification","3","44","PUU","ParB N-terminal domain-containing protein","2.0675271674533415"
"tRNA-Ile","classification","3","44","YHH","cold-shock protein","1.8565259240571315"
"tRNA-Ile","classification","3","44","AIBH","plasmid SOS inhibition protein A","1.1002685026311543"
"tRNA-Ile","classification","3","44","AKJJ","replicative DNA helicase","0.9946484558251354"
"tRNA-Ile","classification","3","44","JJD","GIY-YIG nuclease family protein","0.9523697024248142"
"tRNA-Ile","regression_type_positive_only","1","42","AQGP","5S ribosomal RNA","33.89937270851897"
"tRNA-Ile","regression_type_positive_only","1","42","AQGO","23S ribosomal RNA","10.312640774921427"
"tRNA-Ile","regression_type_positive_only","1","42","ZYZ","elongation factor Tu","2.7943891502412534"
"tRNA-Ile","regression_type_positive_only","1","42","TD","30S ribosomal protein S7","2.496911665139103"
"tRNA-Ile","regression_type_positive_only","1","42","AKSU","ribosome hibernation-promoting factor, HPF/YfiA family","1.8827267857738876"
"tRNA-Ile","regression_type_positive_only","1","42","RNC","SsrA-binding protein SmpB","1.6108068438724945"
"tRNA-Ile","regression_type_positive_only","1","42","AOL","ATP-dependent Clp protease ATP-binding subunit ClpX","1.565217093416488"
"tRNA-Ile","regression_type_positive_only","1","42","AQGN","16S ribosomal RNA","1.27790769436907"
"tRNA-Ile","regression_type_positive_only","1","42","ONC","NAD-dependent DNA ligase LigA","1.230669812021088"
"tRNA-Ile","regression_type_positive_only","1","42","AETD","membrane protein","1.1965733076408178"
"tRNA-Ile","regression_type_positive_only","2","43","AQGO","23S ribosomal RNA","21.495756568888"
"tRNA-Ile","regression_type_positive_only","2","43","AQGP","5S ribosomal RNA","15.366787065385301"
"tRNA-Ile","regression_type_positive_only","2","43","AITT","protease SohB","5.712130185033445"
"tRNA-Ile","regression_type_positive_only","2","43","AQGN","16S ribosomal RNA","4.286898171380433"
"tRNA-Ile","regression_type_positive_only","2","43","ZYZ","elongation factor Tu","2.442058648341185"
"tRNA-Ile","regression_type_positive_only","2","43","FPI","DUF4262 domain-containing protein","2.4225658492685564"
"tRNA-Ile","regression_type_positive_only","2","43","YME","condensin complex protein MksE","2.122954428916867"
"tRNA-Ile","regression_type_positive_only","2","43","AKSU","ribosome hibernation-promoting factor, HPF/YfiA family","2.030116229754707"
"tRNA-Ile","regression_type_positive_only","2","43","SPU","UDP-N-acetylmuramoyl-tripeptide--D-alanyl-D- alanine ligase","1.5764245476090888"
"tRNA-Ile","regression_type_positive_only","2","43","AFWW","nicotinate-nicotinamide nucleotide adenylyltransferase","1.4641454305259862"
"tRNA-Ile","regression_type_positive_only","3","44","AQGP","5S ribosomal RNA","36.71035286435366"
"tRNA-Ile","regression_type_positive_only","3","44","AQGO","23S ribosomal RNA","17.75505878238526"
"tRNA-Ile","regression_type_positive_only","3","44","AQGN","16S ribosomal RNA","2.2150778740655364"
"tRNA-Ile","regression_type_positive_only","3","44","RNC","SsrA-binding protein SmpB","2.039439771062328"
"tRNA-Ile","regression_type_positive_only","3","44","AKDP","recombinase RecA","1.8551226962923977"
"tRNA-Ile","regression_type_positive_only","3","44","AIOQ","preprotein translocase subunit SecA","1.6074534573672628"
"tRNA-Ile","regression_type_positive_only","3","44","EBG","DUF262 domain-containing protein","1.353213552295605"
"tRNA-Ile","regression_type_positive_only","3","44","AGFT","nucleoside-diphosphate kinase","1.2617657161922389"
"tRNA-Ile","regression_type_positive_only","3","44","ALIL","single-stranded-DNA-specific exonuclease RecJ","1.2225573434246595"
"tRNA-Ile","regression_type_positive_only","3","44","AMSA","tRNA pseudouridine(38-40) synthase TruA","1.0987794746416002"
"tRNA-Leu","classification","1","42","AQGP","5S ribosomal RNA","25.06207822038388"
"tRNA-Leu","classification","1","42","AOB","ATP-binding protein","18.138482731425963"
"tRNA-Leu","classification","1","42","ACQM","helix-turn-helix domain-containing protein","4.244876466271246"
"tRNA-Leu","classification","1","42","AKKQ","response regulator transcription factor","3.9354164388757105"
"tRNA-Leu","classification","1","42","VAS","amino acid permease","2.76682750503205"
"tRNA-Leu","classification","1","42","AFB","AAA family ATPase","2.5416387536580856"
"tRNA-Leu","classification","1","42","JUO","HNH endonuclease","2.247028884531557"
"tRNA-Leu","classification","1","42","JOR","GntR family transcriptional regulator","1.4603697856155113"
"tRNA-Leu","classification","1","42","NSN","MFS transporter","1.0644559589403408"
"tRNA-Leu","classification","1","42","AGGQ","nucleotidyl transferase AbiEii/AbiGii toxin family protein","1.0056067978035192"
"tRNA-Leu","classification","2","43","AQGP","5S ribosomal RNA","25.43192987010311"
"tRNA-Leu","classification","2","43","AKKQ","response regulator transcription factor","16.775810119577347"
"tRNA-Leu","classification","2","43","OVM","NUDIX domain-containing protein","5.299208124144847"
"tRNA-Leu","classification","2","43","JUO","HNH endonuclease","4.127576581562006"
"tRNA-Leu","classification","2","43","VAS","amino acid permease","3.312306767995867"
"tRNA-Leu","classification","2","43","JTC","HD domain-containing protein","2.827224695867784"
"tRNA-Leu","classification","2","43","AIOV","preprotein translocase subunit SecG","1.920593046375294"
"tRNA-Leu","classification","2","43","YZH","cystathionine beta-lyase","1.6160138704272458"
"tRNA-Leu","classification","2","43","ANBE","tetratricopeptide repeat protein","1.0261968106250414"
"tRNA-Leu","classification","2","43","ZTN","discoidin domain-containing protein","0.9525530608542278"
"tRNA-Leu","classification","3","44","AQGN","16S ribosomal RNA","25.268976172609566"
"tRNA-Leu","classification","3","44","AOB","ATP-binding protein","19.245291897633525"
"tRNA-Leu","classification","3","44","ACQM","helix-turn-helix domain-containing protein","3.966872988505509"
"tRNA-Leu","classification","3","44","QMG","RepB family plasmid replication initiator protein","3.5902884961318806"
"tRNA-Leu","classification","3","44","APRD","tyrosine-type recombinase/integrase","3.566102188814587"
"tRNA-Leu","classification","3","44","OMC","NAD(P)/FAD-dependent oxidoreductase","2.450718437932341"
"tRNA-Leu","classification","3","44","AEXB","metallophosphoesterase","2.325990346539794"
"tRNA-Leu","classification","3","44","JUP","HNH endonuclease domain-containing protein","1.3560789575341115"
"tRNA-Leu","classification","3","44","YUW","crossover junction endodeoxyribonuclease RuvC","1.2958317065331808"
"tRNA-Leu","classification","3","44","AKJJ","replicative DNA helicase","1.211523626027677"
"tRNA-Leu","regression_type_positive_only","1","42","RNC","SsrA-binding protein SmpB","20.094172756259077"
"tRNA-Leu","regression_type_positive_only","1","42","AIOQ","preprotein translocase subunit SecA","6.897192614889678"
"tRNA-Leu","regression_type_positive_only","1","42","INT","EAL domain-containing protein","4.171436564280848"
"tRNA-Leu","regression_type_positive_only","1","42","AITT","protease SohB","3.157196083671915"
"tRNA-Leu","regression_type_positive_only","1","42","JBJ","Fe-S cluster assembly scaffold IscU","2.5349942164961106"
"tRNA-Leu","regression_type_positive_only","1","42","AETH","membrane protein insertion efficiency factor YidD","2.4460663119020256"
"tRNA-Leu","regression_type_positive_only","1","42","JUO","HNH endonuclease","2.2297149753504004"
"tRNA-Leu","regression_type_positive_only","1","42","OVY","NYN domain-containing protein","2.1108212276418774"
"tRNA-Leu","regression_type_positive_only","1","42","AQGN","16S ribosomal RNA","1.5956663219656002"
"tRNA-Leu","regression_type_positive_only","1","42","CLX","DNA polymerase III subunit epsilon","1.5550392328984357"
"tRNA-Leu","regression_type_positive_only","2","43","RNC","SsrA-binding protein SmpB","16.889652132367917"
"tRNA-Leu","regression_type_positive_only","2","43","ONC","NAD-dependent DNA ligase LigA","9.239486473628567"
"tRNA-Leu","regression_type_positive_only","2","43","AIOQ","preprotein translocase subunit SecA","6.346922817960287"
"tRNA-Leu","regression_type_positive_only","2","43","AQHM","transfer-messenger RNA","3.9134805301125626"
"tRNA-Leu","regression_type_positive_only","2","43","MO","3'-5' exonuclease","3.2507372768514218"
"tRNA-Leu","regression_type_positive_only","2","43","SB","30S ribosomal protein S12","2.5593915442764335"
"tRNA-Leu","regression_type_positive_only","2","43","VHM","anaerobic ribonucleoside-triphosphate reductase-activating protein","2.2225865773480558"
"tRNA-Leu","regression_type_positive_only","2","43","OVY","NYN domain-containing protein","2.060264201902316"
"tRNA-Leu","regression_type_positive_only","2","43","AIOW","preprotein translocase subunit SecY","1.6566126715227723"
"tRNA-Leu","regression_type_positive_only","2","43","AODT","twin-arginine translocase subunit TatC","1.5107427321140596"
"tRNA-Leu","regression_type_positive_only","3","44","RNC","SsrA-binding protein SmpB","22.085281236176115"
"tRNA-Leu","regression_type_positive_only","3","44","ONC","NAD-dependent DNA ligase LigA","4.990618759400465"
"tRNA-Leu","regression_type_positive_only","3","44","AIOQ","preprotein translocase subunit SecA","4.0899436023136175"
"tRNA-Leu","regression_type_positive_only","3","44","ZYZ","elongation factor Tu","3.6304156258774"
"tRNA-Leu","regression_type_positive_only","3","44","OVY","NYN domain-containing protein","2.795980115424311"
"tRNA-Leu","regression_type_positive_only","3","44","VXZ","autonomous glycyl radical cofactor GrcA","2.4118814060701474"
"tRNA-Leu","regression_type_positive_only","3","44","IHZ","Dam family site-specific DNA-(adenine-N6)-methyltransferase","2.1721034658331746"
"tRNA-Leu","regression_type_positive_only","3","44","AQGN","16S ribosomal RNA","1.9640777364165622"
"tRNA-Leu","regression_type_positive_only","3","44","SB","30S ribosomal protein S12","1.6918696236262194"
"tRNA-Leu","regression_type_positive_only","3","44","COA","DNA repair protein RadA","1.5420753029107375"
"tRNA-Lys","classification","1","42","AQGN","16S ribosomal RNA","30.412021112429844"
"tRNA-Lys","classification","1","42","AOB","ATP-binding protein","13.597477401672048"
"tRNA-Lys","classification","1","42","AFB","AAA family ATPase","3.4898217674308163"
"tRNA-Lys","classification","1","42","VBL","aminoacyltransferase","2.773243398949319"
"tRNA-Lys","classification","1","42","NXZ","MbeD family mobilization/exclusion protein","2.6521284897820614"
"tRNA-Lys","classification","1","42","AGEB","nuclease A inhibitor family protein","2.4470264795154537"
"tRNA-Lys","classification","1","42","QMG","RepB family plasmid replication initiator protein","2.2651597528722442"
"tRNA-Lys","classification","1","42","OPP","NADH-quinone oxidoreductase subunit L","2.1598068717859955"
"tRNA-Lys","classification","1","42","QPB","Rop family plasmid primer RNA-binding protein","1.8539473732461402"
"tRNA-Lys","classification","1","42","YAU","class I SAM-dependent methyltransferase","1.7275558119924252"
"tRNA-Lys","classification","2","43","AQGO","23S ribosomal RNA","35.22300228212507"
"tRNA-Lys","classification","2","43","AOB","ATP-binding protein","12.132102560099472"
"tRNA-Lys","classification","2","43","JTC","HD domain-containing protein","3.236475892337169"
"tRNA-Lys","classification","2","43","NXY","MbeB family mobilization protein","2.5206946109869754"
"tRNA-Lys","classification","2","43","VBL","aminoacyltransferase","2.388694446994627"
"tRNA-Lys","classification","2","43","QPB","Rop family plasmid primer RNA-binding protein","2.3097705645926285"
"tRNA-Lys","classification","2","43","AQHM","transfer-messenger RNA","2.2507788720369577"
"tRNA-Lys","classification","2","43","UYJ","alpha/beta fold hydrolase","2.2415470060958054"
"tRNA-Lys","classification","2","43","ZAX","cysteine synthase A","2.1252261385673146"
"tRNA-Lys","classification","2","43","NQW","MATE family efflux transporter","1.8376595561813502"
"tRNA-Lys","classification","3","44","AQGN","16S ribosomal RNA","30.98390118320632"
"tRNA-Lys","classification","3","44","AOB","ATP-binding protein","13.351829119669546"
"tRNA-Lys","classification","3","44","JUO","HNH endonuclease","4.761703705153446"
"tRNA-Lys","classification","3","44","LWV","IS6-like element IS26 family transposase","3.2696909718299447"
"tRNA-Lys","classification","3","44","AKHJ","replication initiation protein","1.898467731410836"
"tRNA-Lys","classification","3","44","NXZ","MbeD family mobilization/exclusion protein","1.8242156188365526"
"tRNA-Lys","classification","3","44","PUS","ParA family protein","1.8203795976559738"
"tRNA-Lys","classification","3","44","NCF","LCP family protein","1.740285402969463"
"tRNA-Lys","classification","3","44","SEB","Tex family protein","1.6195361704774092"
"tRNA-Lys","classification","3","44","AFFD","mobilization protein","1.5829233696750113"
"tRNA-Lys","regression_type_positive_only","1","42","XYK","class 1a ribonucleoside-diphosphate reductase subunit alpha","11.593673801187359"
"tRNA-Lys","regression_type_positive_only","1","42","AOQ","ATP-dependent DNA helicase DinG","7.556860575531647"
"tRNA-Lys","regression_type_positive_only","1","42","YCN","class Ia ribonucleoside-diphosphate reductase subunit beta","5.499705412762073"
"tRNA-Lys","regression_type_positive_only","1","42","COC","DNA repair protein RecN","5.021582896681815"
"tRNA-Lys","regression_type_positive_only","1","42","AQGN","16S ribosomal RNA","4.235803784076527"
"tRNA-Lys","regression_type_positive_only","1","42","COA","DNA repair protein RadA","3.5926830135980676"
"tRNA-Lys","regression_type_positive_only","1","42","AEEM","lipoprotein","3.5076681363127733"
"tRNA-Lys","regression_type_positive_only","1","42","NSY","MGDG synthase family glycosyltransferase","3.2158615732696316"
"tRNA-Lys","regression_type_positive_only","1","42","ZYZ","elongation factor Tu","3.008452755600567"
"tRNA-Lys","regression_type_positive_only","1","42","AQGP","5S ribosomal RNA","2.7395206408325574"
"tRNA-Lys","regression_type_positive_only","2","43","AAIA","exodeoxyribonuclease I","21.7585469457972"
"tRNA-Lys","regression_type_positive_only","2","43","COA","DNA repair protein RadA","6.757267896852361"
"tRNA-Lys","regression_type_positive_only","2","43","VXZ","autonomous glycyl radical cofactor GrcA","5.7800556115405355"
"tRNA-Lys","regression_type_positive_only","2","43","VHM","anaerobic ribonucleoside-triphosphate reductase-activating protein","5.445595056802207"
"tRNA-Lys","regression_type_positive_only","2","43","UND","adenylate kinase","5.139160885512378"
"tRNA-Lys","regression_type_positive_only","2","43","ZBC","cysteine--tRNA ligase","3.5261443754584523"
"tRNA-Lys","regression_type_positive_only","2","43","JIH","GGDEF domain-containing protein","2.9308247527616986"
"tRNA-Lys","regression_type_positive_only","2","43","ZS","50S ribosomal protein L10","2.6886447676503193"
"tRNA-Lys","regression_type_positive_only","2","43","AGYZ","peptidyl-tRNA hydrolase","2.1699638280129734"
"tRNA-Lys","regression_type_positive_only","2","43","IHZ","Dam family site-specific DNA-(adenine-N6)-methyltransferase","2.164469891403649"
"tRNA-Lys","regression_type_positive_only","3","44","COA","DNA repair protein RadA","14.425421310035778"
"tRNA-Lys","regression_type_positive_only","3","44","ZYZ","elongation factor Tu","9.886419450521204"
"tRNA-Lys","regression_type_positive_only","3","44","AEEM","lipoprotein","9.797464102192471"
"tRNA-Lys","regression_type_positive_only","3","44","AOQ","ATP-dependent DNA helicase DinG","8.024338904826129"
"tRNA-Lys","regression_type_positive_only","3","44","AAIA","exodeoxyribonuclease I","5.242686295856471"
"tRNA-Lys","regression_type_positive_only","3","44","XYK","class 1a ribonucleoside-diphosphate reductase subunit alpha","5.02331186988173"
"tRNA-Lys","regression_type_positive_only","3","44","AQGP","5S ribosomal RNA","2.2319059463901145"
"tRNA-Lys","regression_type_positive_only","3","44","VVF","asparagine synthase B","2.071513588640743"
"tRNA-Lys","regression_type_positive_only","3","44","AQHM","transfer-messenger RNA","1.9592705500998542"
"tRNA-Lys","regression_type_positive_only","3","44","RNC","SsrA-binding protein SmpB","1.6597826489823622"
"tRNA-Met","classification","1","42","AQGP","5S ribosomal RNA","28.837212844188876"
"tRNA-Met","classification","1","42","YHH","cold-shock protein","14.362823249514854"
"tRNA-Met","classification","1","42","AOB","ATP-binding protein","10.050305615561738"
"tRNA-Met","classification","1","42","JTC","HD domain-containing protein","3.649897418573869"
"tRNA-Met","classification","1","42","PLC","PD-(D/E)XK nuclease family protein","2.166171313722576"
"tRNA-Met","classification","1","42","AMR","ASCH domain-containing protein","2.1162139053512314"
"tRNA-Met","classification","1","42","AKJX","response regulator","1.7285533508603743"
"tRNA-Met","classification","1","42","PUS","ParA family protein","1.3665083267477172"
"tRNA-Met","classification","1","42","LN","23S rRNA (uridine(2552)-2'-O)-methyltransferase RlmE","1.0681383810903624"
"tRNA-Met","classification","1","42","AOOY","type I toxin-antitoxin system Hok family toxin","0.9544334838267997"
"tRNA-Met","classification","2","43","AQGP","5S ribosomal RNA","29.181987971372187"
"tRNA-Met","classification","2","43","YHH","cold-shock protein","16.65106917010742"
"tRNA-Met","classification","2","43","AOB","ATP-binding protein","9.2067088983071"
"tRNA-Met","classification","2","43","JTC","HD domain-containing protein","4.021095251455061"
"tRNA-Met","classification","2","43","QQN","RusA family crossover junction endodeoxyribonuclease","2.679099884314419"
"tRNA-Met","classification","2","43","OHH","N-acetylglucosamine-6-phosphate deacetylase","1.5146039486113758"
"tRNA-Met","classification","2","43","PKB","PAS domain S-box protein","1.3270047005919097"
"tRNA-Met","classification","2","43","AFB","AAA family ATPase","1.2998499367335972"
"tRNA-Met","classification","2","43","PVF","ParM/StbA family protein","1.2621799397695908"
"tRNA-Met","classification","2","43","ACQM","helix-turn-helix domain-containing protein","1.1309276478501156"
"tRNA-Met","classification","3","44","AQGP","5S ribosomal RNA","28.235454100783006"
"tRNA-Met","classification","3","44","AOB","ATP-binding protein","13.63777470129501"
"tRNA-Met","classification","3","44","IXJ","FAD-dependent oxidoreductase","8.045266814878286"
"tRNA-Met","classification","3","44","CLR","DNA polymerase III subunit alpha","3.9285912817217445"
"tRNA-Met","classification","3","44","ACQM","helix-turn-helix domain-containing protein","2.2860750668268146"
"tRNA-Met","classification","3","44","AMTU","tail assembly protein","2.150155422951395"
"tRNA-Met","classification","3","44","FIH","DUF4031 domain-containing protein","2.1207928613516907"
"tRNA-Met","classification","3","44","PUS","ParA family protein","1.6809199783135638"
"tRNA-Met","classification","3","44","MGW","IS982 family transposase","1.3459368095200903"
"tRNA-Met","classification","3","44","UQD","alanine/glycine:cation symporter family protein","1.2895847573550456"
"tRNA-Met","regression_type_positive_only","1","42","ZYZ","elongation factor Tu","12.93287623790782"
"tRNA-Met","regression_type_positive_only","1","42","AFQI","multifunctional CCA addition/repair protein","11.984116362093047"
"tRNA-Met","regression_type_positive_only","1","42","AAIA","exodeoxyribonuclease I","6.4933038120975"
"tRNA-Met","regression_type_positive_only","1","42","JBJ","Fe-S cluster assembly scaffold IscU","2.747815255943572"
"tRNA-Met","regression_type_positive_only","1","42","AQGP","5S ribosomal RNA","2.5043803934140154"
"tRNA-Met","regression_type_positive_only","1","42","VHM","anaerobic ribonucleoside-triphosphate reductase-activating protein","2.326918262968472"
"tRNA-Met","regression_type_positive_only","1","42","AQGN","16S ribosomal RNA","2.1407103312166575"
"tRNA-Met","regression_type_positive_only","1","42","XYK","class 1a ribonucleoside-diphosphate reductase subunit alpha","1.9028742949413626"
"tRNA-Met","regression_type_positive_only","1","42","VXZ","autonomous glycyl radical cofactor GrcA","1.8392598693407674"
"tRNA-Met","regression_type_positive_only","1","42","AGOX","oxidative damage protection protein","1.6594679339114822"
"tRNA-Met","regression_type_positive_only","2","43","ZYZ","elongation factor Tu","19.47775642631302"
"tRNA-Met","regression_type_positive_only","2","43","AMSA","tRNA pseudouridine(38-40) synthase TruA","12.635317916699384"
"tRNA-Met","regression_type_positive_only","2","43","AAW","50S ribosomal protein L30","4.833221232197529"
"tRNA-Met","regression_type_positive_only","2","43","VHM","anaerobic ribonucleoside-triphosphate reductase-activating protein","4.260842269519727"
"tRNA-Met","regression_type_positive_only","2","43","PBD","NrtR DNA-binding winged helix domain-containing protein","3.275257718786581"
"tRNA-Met","regression_type_positive_only","2","43","AQGP","5S ribosomal RNA","3.1447024811415702"
"tRNA-Met","regression_type_positive_only","2","43","RDB","STAS-like domain-containing protein","2.4277243301878757"
"tRNA-Met","regression_type_positive_only","2","43","LN","23S rRNA (uridine(2552)-2'-O)-methyltransferase RlmE","1.5639164730276525"
"tRNA-Met","regression_type_positive_only","2","43","AUT","AraC family transcriptional regulator","1.5005186267906632"
"tRNA-Met","regression_type_positive_only","2","43","AQGO","23S ribosomal RNA","1.4874678371707168"
"tRNA-Met","regression_type_positive_only","3","44","AKEE","recombination mediator RecR","11.680763900486246"
"tRNA-Met","regression_type_positive_only","3","44","ZYZ","elongation factor Tu","8.527497996785913"
"tRNA-Met","regression_type_positive_only","3","44","AFQI","multifunctional CCA addition/repair protein","5.169117648428284"
"tRNA-Met","regression_type_positive_only","3","44","AQGP","5S ribosomal RNA","5.087670578730611"
"tRNA-Met","regression_type_positive_only","3","44","AETH","membrane protein insertion efficiency factor YidD","2.8079339611863854"
"tRNA-Met","regression_type_positive_only","3","44","RNC","SsrA-binding protein SmpB","2.727442676950761"
"tRNA-Met","regression_type_positive_only","3","44","VHM","anaerobic ribonucleoside-triphosphate reductase-activating protein","2.607007571216861"
"tRNA-Met","regression_type_positive_only","3","44","RZ","30S ribosomal protein S10","2.212394101863198"
"tRNA-Met","regression_type_positive_only","3","44","PTB","PTS sugar transporter subunit IIB","1.8096797832077272"
"tRNA-Met","regression_type_positive_only","3","44","HKE","DUF6638 family protein","1.7344413479478344"
"tRNA-Phe","classification","1","42","AOB","ATP-binding protein","28.420282688149904"
"tRNA-Phe","classification","1","42","AQGN","16S ribosomal RNA","18.754256683713606"
"tRNA-Phe","classification","1","42","ANBE","tetratricopeptide repeat protein","3.609899162163175"
"tRNA-Phe","classification","1","42","AEIO","lysine--tRNA ligase","3.278105300036648"
"tRNA-Phe","classification","1","42","AHEA","phage holin","3.1484263173556712"
"tRNA-Phe","classification","1","42","JJD","GIY-YIG nuclease family protein","3.020037062717064"
"tRNA-Phe","classification","1","42","PVF","ParM/StbA family protein","2.5005098933506225"
"tRNA-Phe","classification","1","42","LWV","IS6-like element IS26 family transposase","2.4703571810187177"
"tRNA-Phe","classification","1","42","PUS","ParA family protein","2.2941843223139484"
"tRNA-Phe","classification","1","42","BGH","C40 family peptidase","2.1678829481516044"
"tRNA-Phe","classification","2","43","AQGO","23S ribosomal RNA","27.64988252828302"
"tRNA-Phe","classification","2","43","JUO","HNH endonuclease","20.219974184694248"
"tRNA-Phe","classification","2","43","ACQM","helix-turn-helix domain-containing protein","6.902726765142531"
"tRNA-Phe","classification","2","43","JZU","Hha/YmoA family nucleoid-associated regulatory protein","3.3861145670466852"
"tRNA-Phe","classification","2","43","APHX","type IV conjugative transfer system pilin TraA","2.28493448435184"
"tRNA-Phe","classification","2","43","AKVM","saccharopine dehydrogenase C-terminal domain-containing protein","1.9519530746732858"
"tRNA-Phe","classification","2","43","AKDP","recombinase RecA","1.8882126781357709"
"tRNA-Phe","classification","2","43","APFR","type III secretion system protein PrgD","1.8470611691304442"
"tRNA-Phe","classification","2","43","AOB","ATP-binding protein","1.8358460343828364"
"tRNA-Phe","classification","2","43","AFWP","nicotinamide riboside transporter PnuC","1.795765025369538"
"tRNA-Phe","classification","3","44","AQGP","5S ribosomal RNA","27.445954255719737"
"tRNA-Phe","classification","3","44","AOB","ATP-binding protein","21.573385065707033"
"tRNA-Phe","classification","3","44","JUO","HNH endonuclease","6.867548245965558"
"tRNA-Phe","classification","3","44","AHEA","phage holin","4.086448688521161"
"tRNA-Phe","classification","3","44","UYJ","alpha/beta fold hydrolase","3.780988433433584"
"tRNA-Phe","classification","3","44","AQM","ATP-grasp domain-containing protein","2.637840337307307"
"tRNA-Phe","classification","3","44","COO","DNA replication terminus site-binding protein","2.3693703199009066"
"tRNA-Phe","classification","3","44","CUK","DNA-methyltransferase","2.062230997202665"
"tRNA-Phe","classification","3","44","WA","4-hydroxythreonine-4-phosphate dehydrogenase PdxA","1.9892443000442088"
"tRNA-Phe","classification","3","44","ACSS","heme-binding protein","1.3754080421606498"
"tRNA-Phe","regression_type_positive_only","1","42","AQGP","5S ribosomal RNA","6.101756672700941"
"tRNA-Phe","regression_type_positive_only","1","42","EBG","DUF262 domain-containing protein","5.317540881109675"
"tRNA-Phe","regression_type_positive_only","1","42","ZYZ","elongation factor Tu","4.206629372576793"
"tRNA-Phe","regression_type_positive_only","1","42","IS","2-oxo acid dehydrogenase subunit E2","3.825229434788019"
"tRNA-Phe","regression_type_positive_only","1","42","AQGN","16S ribosomal RNA","3.69858974067491"
"tRNA-Phe","regression_type_positive_only","1","42","COA","DNA repair protein RadA","3.4406040750260476"
"tRNA-Phe","regression_type_positive_only","1","42","ACQN","helix-turn-helix transcriptional regulator","3.1135742508501525"
"tRNA-Phe","regression_type_positive_only","1","42","PRP","PTS galactitol transporter subunit IIC","3.0712903076437406"
"tRNA-Phe","regression_type_positive_only","1","42","APKW","type IV toxin-antitoxin system AbiEi family antitoxin","3.012158570917662"
"tRNA-Phe","regression_type_positive_only","1","42","AIOQ","preprotein translocase subunit SecA","1.7363296070138547"
"tRNA-Phe","regression_type_positive_only","2","43","OAB","Mini-ribonuclease 3","12.913194778153887"
"tRNA-Phe","regression_type_positive_only","2","43","PBD","NrtR DNA-binding winged helix domain-containing protein","8.830938449689903"
"tRNA-Phe","regression_type_positive_only","2","43","VXZ","autonomous glycyl radical cofactor GrcA","6.759925773081206"
"tRNA-Phe","regression_type_positive_only","2","43","ZYZ","elongation factor Tu","4.3114194774825405"
"tRNA-Phe","regression_type_positive_only","2","43","AQGL","signal recognition particle sRNA large type","3.5445068681107132"
"tRNA-Phe","regression_type_positive_only","2","43","ZYQ","elongation factor G","3.216214738772299"
"tRNA-Phe","regression_type_positive_only","2","43","MVD","KOW domain-containing RNA-binding protein","3.2039293768562036"
"tRNA-Phe","regression_type_positive_only","2","43","ALIG","single-stranded DNA-binding protein","2.5662942392590575"
"tRNA-Phe","regression_type_positive_only","2","43","MTL","IscS subfamily cysteine desulfurase","2.3684899217188087"
"tRNA-Phe","regression_type_positive_only","2","43","OIN","N-acetylmuramoyl-L-alanine amidase CwlD","2.2243747310773108"
"tRNA-Phe","regression_type_positive_only","3","44","OAB","Mini-ribonuclease 3","9.795212941075533"
"tRNA-Phe","regression_type_positive_only","3","44","COA","DNA repair protein RadA","8.37547149316215"
"tRNA-Phe","regression_type_positive_only","3","44","ZYQ","elongation factor G","5.836593151043022"
"tRNA-Phe","regression_type_positive_only","3","44","AQGL","signal recognition particle sRNA large type","4.243356097840406"
"tRNA-Phe","regression_type_positive_only","3","44","IS","2-oxo acid dehydrogenase subunit E2","3.6836831245522763"
"tRNA-Phe","regression_type_positive_only","3","44","AMR","ASCH domain-containing protein","3.3562164497498643"
"tRNA-Phe","regression_type_positive_only","3","44","EBG","DUF262 domain-containing protein","3.193118044558934"
"tRNA-Phe","regression_type_positive_only","3","44","ADQV","iron-sulfur cluster assembly accessory protein","2.514033131946955"
"tRNA-Phe","regression_type_positive_only","3","44","BZK","CtsR family transcriptional regulator","2.3074030882011516"
"tRNA-Phe","regression_type_positive_only","3","44","JJR","GNAT family N-acetyltransferase","2.131290283291292"
"tRNA-Pro","classification","1","42","AQGN","16S ribosomal RNA","31.423327444403352"
"tRNA-Pro","classification","1","42","AOB","ATP-binding protein","15.682771823586156"
"tRNA-Pro","classification","1","42","JMZ","GatB/YqeY domain-containing protein","4.412608419678427"
"tRNA-Pro","classification","1","42","NME","LysR substrate-binding domain-containing protein","3.8400042042069757"
"tRNA-Pro","classification","1","42","LWV","IS6-like element IS26 family transposase","3.447623428991738"
"tRNA-Pro","classification","1","42","JUP","HNH endonuclease domain-containing protein","2.4415180892962964"
"tRNA-Pro","classification","1","42","AFB","AAA family ATPase","2.4383953532145397"
"tRNA-Pro","classification","1","42","AKKQ","response regulator transcription factor","1.7165016366442913"
"tRNA-Pro","classification","1","42","NRB","MBL fold metallo-hydrolase","1.5335244610191379"
"tRNA-Pro","classification","1","42","AKDY","recombinase family protein","1.2183591793374042"
"tRNA-Pro","classification","2","43","AQGN","16S ribosomal RNA","31.62633649426072"
"tRNA-Pro","classification","2","43","AOB","ATP-binding protein","19.14320689234122"
"tRNA-Pro","classification","2","43","JUO","HNH endonuclease","4.400929162853808"
"tRNA-Pro","classification","2","43","TM","3D domain-containing protein","4.245323283421595"
"tRNA-Pro","classification","2","43","UQY","aldehyde dehydrogenase family protein","3.5845700301042824"
"tRNA-Pro","classification","2","43","AEXB","metallophosphoesterase","2.851264102179533"
"tRNA-Pro","classification","2","43","MRJ","IncHI-type conjugal transfer protein TrhU","2.3651035841342853"
"tRNA-Pro","classification","2","43","TJW","YejL family protein","1.7822121743163697"
"tRNA-Pro","classification","2","43","PMZ","PHA/PHB synthase family protein","1.77740418888104"
"tRNA-Pro","classification","2","43","QMG","RepB family plasmid replication initiator protein","1.7484990901563549"
"tRNA-Pro","classification","3","44","AQGN","16S ribosomal RNA","33.454699447295056"
"tRNA-Pro","classification","3","44","AOB","ATP-binding protein","17.166565776226154"
"tRNA-Pro","classification","3","44","PNC","PHP domain-containing protein","5.192035239310754"
"tRNA-Pro","classification","3","44","AEXB","metallophosphoesterase","3.1524230475715633"
"tRNA-Pro","classification","3","44","AGE","ABC transporter permease","2.8947674075303875"
"tRNA-Pro","classification","3","44","COO","DNA replication terminus site-binding protein","2.3977449930445127"
"tRNA-Pro","classification","3","44","JUP","HNH endonuclease domain-containing protein","2.212601812088437"
"tRNA-Pro","classification","3","44","AKJX","response regulator","1.9052133570786889"
"tRNA-Pro","classification","3","44","QIB","RNA-guided endonuclease InsQ/TnpB family protein","1.6797440921020443"
"tRNA-Pro","classification","3","44","ANBE","tetratricopeptide repeat protein","1.2487116844944894"
"tRNA-Pro","regression_type_positive_only","1","42","APJA","type IV pilus twitching motility protein PilT","7.736583366199755"
"tRNA-Pro","regression_type_positive_only","1","42","ARK","ATPase, T2SS/T4P/T4SS family","4.888924065390709"
"tRNA-Pro","regression_type_positive_only","1","42","XE","5' nucleotidase, NT5C type","4.666332309816003"
"tRNA-Pro","regression_type_positive_only","1","42","AFQI","multifunctional CCA addition/repair protein","3.585528636913256"
"tRNA-Pro","regression_type_positive_only","1","42","ANHH","thymidylate synthase","3.4361400587043205"
"tRNA-Pro","regression_type_positive_only","1","42","ALIG","single-stranded DNA-binding protein","3.155628256475634"
"tRNA-Pro","regression_type_positive_only","1","42","AIOQ","preprotein translocase subunit SecA","2.6789106425532188"
"tRNA-Pro","regression_type_positive_only","1","42","VHM","anaerobic ribonucleoside-triphosphate reductase-activating protein","2.5706867781554803"
"tRNA-Pro","regression_type_positive_only","1","42","CLX","DNA polymerase III subunit epsilon","2.0567578248881686"
"tRNA-Pro","regression_type_positive_only","1","42","JQB","GspE/PulE family protein","1.985606120769426"
"tRNA-Pro","regression_type_positive_only","2","43","APJA","type IV pilus twitching motility protein PilT","23.24433668386261"
"tRNA-Pro","regression_type_positive_only","2","43","VHJ","anaerobic ribonucleoside triphosphate reductase","3.8736410351334856"
"tRNA-Pro","regression_type_positive_only","2","43","AQHM","transfer-messenger RNA","3.6677892091473874"
"tRNA-Pro","regression_type_positive_only","2","43","ARK","ATPase, T2SS/T4P/T4SS family","3.405228837471224"
"tRNA-Pro","regression_type_positive_only","2","43","RZE","TM2 domain-containing protein","2.673645134702676"
"tRNA-Pro","regression_type_positive_only","2","43","TMJ","YgjV family protein","2.294796446994367"
"tRNA-Pro","regression_type_positive_only","2","43","AQGN","16S ribosomal RNA","2.228332037148253"
"tRNA-Pro","regression_type_positive_only","2","43","NXH","MarR family transcriptional regulator","2.110549316414902"
"tRNA-Pro","regression_type_positive_only","2","43","COA","DNA repair protein RadA","1.8247990610817295"
"tRNA-Pro","regression_type_positive_only","2","43","APKV","type IV secretory system conjugative DNA transfer family protein","1.7759257395913213"
"tRNA-Pro","regression_type_positive_only","3","44","AIOQ","preprotein translocase subunit SecA","10.542535338746719"
"tRNA-Pro","regression_type_positive_only","3","44","APJA","type IV pilus twitching motility protein PilT","9.968010600409455"
"tRNA-Pro","regression_type_positive_only","3","44","IYG","FG-GAP repeat domain-containing protein","5.3162207883209485"
"tRNA-Pro","regression_type_positive_only","3","44","RNC","SsrA-binding protein SmpB","3.3636597772738144"
"tRNA-Pro","regression_type_positive_only","3","44","AILG","porin family protein","2.734749837931124"
"tRNA-Pro","regression_type_positive_only","3","44","VHJ","anaerobic ribonucleoside triphosphate reductase","2.6832812995014805"
"tRNA-Pro","regression_type_positive_only","3","44","AKPK","ribonuclease HI","2.4658999975577776"
"tRNA-Pro","regression_type_positive_only","3","44","RZE","TM2 domain-containing protein","2.141221459465143"
"tRNA-Pro","regression_type_positive_only","3","44","ALIG","single-stranded DNA-binding protein","2.067686098063627"
"tRNA-Pro","regression_type_positive_only","3","44","CLX","DNA polymerase III subunit epsilon","1.7406665545035385"
"tRNA-Sec","classification","1","42","JLM","GTP-binding protein","87.55596148475762"
"tRNA-Sec","classification","1","42","IIW","DeoR/GlpR family DNA-binding transcription regulator","6.043930750810712"
"tRNA-Sec","classification","1","42","NAM","L-seryl-tRNA(Sec) selenium transferase","3.633146760091379"
"tRNA-Sec","classification","1","42","ACQM","helix-turn-helix domain-containing protein","0.9332587594057266"
"tRNA-Sec","classification","1","42","AGE","ABC transporter permease","0.8378145128185569"
"tRNA-Sec","classification","1","42","ANWV","transposase","0.37704503153900676"
"tRNA-Sec","classification","1","42","KEL","IS1 family transposase","0.15881389106598345"
"tRNA-Sec","classification","1","42","QWT","SDR family oxidoreductase","0.062188947289800366"
"tRNA-Sec","classification","1","42","UXK","alpha-hydroxy acid oxidase","0.04250602452696064"
"tRNA-Sec","classification","1","42","NXM","MarR family winged helix-turn-helix transcriptional regulator","0.037517460798124236"
"tRNA-Sec","classification","2","43","AKYX","selenocysteine-specific translation elongation factor","97.85779541139274"
"tRNA-Sec","classification","2","43","BGJ","C45 family peptidase","2.1047610764624265"
"tRNA-Sec","classification","2","43","JSJ","HAD-IB family phosphatase","0.012828300594042101"
"tRNA-Sec","classification","2","43","VGA","aminotransferase class V-fold PLP-dependent enzyme","0.007877181205979713"
"tRNA-Sec","classification","2","43","UYN","alpha/beta hydrolase","0.0023446866351768043"
"tRNA-Sec","classification","2","43","SOD","UDP-2,3-diacylglucosamine diphosphatase","0.0019816005712715943"
"tRNA-Sec","classification","2","43","WVW","branched-chain amino acid ABC transporter permease","0.0012161632347052885"
"tRNA-Sec","classification","2","43","ADPC","iron ABC transporter permease","0.0010136057433731917"
"tRNA-Sec","classification","2","43","UUZ","alpha,alpha-trehalose-phosphate synthase (UDP-forming)","0.0007813398247948749"
"tRNA-Sec","classification","2","43","AIJO","polysaccharide deacetylase family protein","0.0007740174150263764"
"tRNA-Sec","classification","3","44","PWJ","PepSY domain-containing protein","88.87659477182416"
"tRNA-Sec","classification","3","44","QWT","SDR family oxidoreductase","2.7368922342575366"
"tRNA-Sec","classification","3","44","ACJI","glycosyltransferase family 4 protein","2.166900305378086"
"tRNA-Sec","classification","3","44","IXC","FAD-binding oxidoreductase","2.040342089333356"
"tRNA-Sec","classification","3","44","KZK","IS3 family transposase","1.0396337651681826"
"tRNA-Sec","classification","3","44","JOR","GntR family transcriptional regulator","0.5205244180379105"
"tRNA-Sec","classification","3","44","NAM","L-seryl-tRNA(Sec) selenium transferase","0.4362767775378271"
"tRNA-Sec","classification","3","44","ASO","AbrB/MazE/SpoVT family DNA-binding domain-containing protein","0.357819556982998"
"tRNA-Sec","classification","3","44","YHH","cold-shock protein","0.264093692554735"
"tRNA-Sec","classification","3","44","AUT","AraC family transcriptional regulator","0.20678917798430285"
"tRNA-Ser","classification","1","42","ANHH","thymidylate synthase","26.280579247790108"
"tRNA-Ser","classification","1","42","AQGP","5S ribosomal RNA","12.020834089198678"
"tRNA-Ser","classification","1","42","IHB","DUF968 domain-containing protein","12.012861688383293"
"tRNA-Ser","classification","1","42","ACQM","helix-turn-helix domain-containing protein","6.287228436816576"
"tRNA-Ser","classification","1","42","JUO","HNH endonuclease","2.493138923639945"
"tRNA-Ser","classification","1","42","ALZ","APC family permease","1.4738197573132683"
"tRNA-Ser","classification","1","42","AJZ","AI-2E family transporter","1.045703589221983"
"tRNA-Ser","classification","1","42","CLR","DNA polymerase III subunit alpha","0.9940913813221577"
"tRNA-Ser","classification","1","42","ZIY","dUTP diphosphatase","0.8788167442141697"
"tRNA-Ser","classification","1","42","AFB","AAA family ATPase","0.7108176178072443"
"tRNA-Ser","classification","2","43","AHHC","phage tail protein","29.339415953529702"
"tRNA-Ser","classification","2","43","AQGP","5S ribosomal RNA","15.414191849236376"
"tRNA-Ser","classification","2","43","JTC","HD domain-containing protein","5.811275147443351"
"tRNA-Ser","classification","2","43","ACQM","helix-turn-helix domain-containing protein","3.3671473631558064"
"tRNA-Ser","classification","2","43","JUO","HNH endonuclease","2.1220373882662047"
"tRNA-Ser","classification","2","43","ADAK","host cell division inhibitor Icd-like protein","1.3761563478558223"
"tRNA-Ser","classification","2","43","UIS","acyl carrier protein","1.2939338135591663"
"tRNA-Ser","classification","2","43","MOZ","Ig-like domain-containing protein","1.0703312903286653"
"tRNA-Ser","classification","2","43","AFB","AAA family ATPase","0.9104889789700452"
"tRNA-Ser","classification","2","43","SFT","Tn3 family transposase","0.8212095101751815"
"tRNA-Ser","classification","3","44","AHHC","phage tail protein","28.836686520326964"
"tRNA-Ser","classification","3","44","AQGP","5S ribosomal RNA","14.977626547094125"
"tRNA-Ser","classification","3","44","JTC","HD domain-containing protein","5.773844099082253"
"tRNA-Ser","classification","3","44","ACQM","helix-turn-helix domain-containing protein","4.042066067761021"
"tRNA-Ser","classification","3","44","ZIY","dUTP diphosphatase","2.3959844271751143"
"tRNA-Ser","classification","3","44","UIS","acyl carrier protein","1.6931014541189482"
"tRNA-Ser","classification","3","44","JUO","HNH endonuclease","1.462688205465626"
"tRNA-Ser","classification","3","44","IJM","DinB family protein","1.085553392571139"
"tRNA-Ser","classification","3","44","QWT","SDR family oxidoreductase","0.9705285938268011"
"tRNA-Ser","classification","3","44","SVF","VRR-NUC domain-containing protein","0.886352287386985"
"tRNA-Ser","regression_type_positive_only","1","42","ONC","NAD-dependent DNA ligase LigA","13.275780595544559"
"tRNA-Ser","regression_type_positive_only","1","42","AOSU","type II secretion system F family protein","10.617545698517258"
"tRNA-Ser","regression_type_positive_only","1","42","AQHM","transfer-messenger RNA","5.134564223964685"
"tRNA-Ser","regression_type_positive_only","1","42","OVM","NUDIX domain-containing protein","5.122835195725353"
"tRNA-Ser","regression_type_positive_only","1","42","AQGP","5S ribosomal RNA","3.0311399353632487"
"tRNA-Ser","regression_type_positive_only","1","42","AEXB","metallophosphoesterase","2.69470486190236"
"tRNA-Ser","regression_type_positive_only","1","42","VHM","anaerobic ribonucleoside-triphosphate reductase-activating protein","2.4093032591681465"
"tRNA-Ser","regression_type_positive_only","1","42","AQM","ATP-grasp domain-containing protein","2.3680627885760175"
"tRNA-Ser","regression_type_positive_only","1","42","SB","30S ribosomal protein S12","2.2693064953320494"
"tRNA-Ser","regression_type_positive_only","1","42","JMZ","GatB/YqeY domain-containing protein","2.052668603204491"
"tRNA-Ser","regression_type_positive_only","2","43","ONC","NAD-dependent DNA ligase LigA","19.064890425838033"
"tRNA-Ser","regression_type_positive_only","2","43","AOSU","type II secretion system F family protein","6.912728120236729"
"tRNA-Ser","regression_type_positive_only","2","43","AQGP","5S ribosomal RNA","4.47938753065937"
"tRNA-Ser","regression_type_positive_only","2","43","AEW","A24 family peptidase","3.01281772514688"
"tRNA-Ser","regression_type_positive_only","2","43","AAUI","fibrinogen-like YCDxxxxGGGW domain-containing protein","2.504772278641043"
"tRNA-Ser","regression_type_positive_only","2","43","RNC","SsrA-binding protein SmpB","2.235156215376094"
"tRNA-Ser","regression_type_positive_only","2","43","JMZ","GatB/YqeY domain-containing protein","1.9952117270654401"
"tRNA-Ser","regression_type_positive_only","2","43","VHM","anaerobic ribonucleoside-triphosphate reductase-activating protein","1.9211147361880856"
"tRNA-Ser","regression_type_positive_only","2","43","CJZ","DNA integrity scanning diadenylate cyclase DisA","1.9002778730954912"
"tRNA-Ser","regression_type_positive_only","2","43","LG","23S rRNA (guanosine(2251)-2'-O)-methyltransferase RlmB","1.8269429515137938"
"tRNA-Ser","regression_type_positive_only","3","44","ONC","NAD-dependent DNA ligase LigA","30.167846792224765"
"tRNA-Ser","regression_type_positive_only","3","44","AOSU","type II secretion system F family protein","8.156168363130648"
"tRNA-Ser","regression_type_positive_only","3","44","OVM","NUDIX domain-containing protein","3.1584811718575545"
"tRNA-Ser","regression_type_positive_only","3","44","ZYQ","elongation factor G","2.96320276009326"
"tRNA-Ser","regression_type_positive_only","3","44","AEXB","metallophosphoesterase","2.755346412793456"
"tRNA-Ser","regression_type_positive_only","3","44","NLJ","LysM peptidoglycan-binding domain-containing protein","2.491210380546595"
"tRNA-Ser","regression_type_positive_only","3","44","AQM","ATP-grasp domain-containing protein","1.6601865046108955"
"tRNA-Ser","regression_type_positive_only","3","44","ALCJ","serine--tRNA ligase","1.6308750191635393"
"tRNA-Ser","regression_type_positive_only","3","44","AEVZ","metal-dependent hydrolase","1.5734974649411324"
"tRNA-Ser","regression_type_positive_only","3","44","AJI","ADP-ribosylglycohydrolase family protein","1.5385534215776069"
"tRNA-Thr","classification","1","42","AHHC","phage tail protein","24.7538358031797"
"tRNA-Thr","classification","1","42","AQGP","5S ribosomal RNA","14.245325416338538"
"tRNA-Thr","classification","1","42","AKJJ","replicative DNA helicase","12.583278279318938"
"tRNA-Thr","classification","1","42","CLR","DNA polymerase III subunit alpha","3.9950276090078196"
"tRNA-Thr","classification","1","42","JUO","HNH endonuclease","2.2124937184781346"
"tRNA-Thr","classification","1","42","ACQM","helix-turn-helix domain-containing protein","2.094857049108189"
"tRNA-Thr","classification","1","42","LHT","IS30-like element IS30 family transposase","2.05741471767604"
"tRNA-Thr","classification","1","42","ZWB","ead/Ea22-like family protein","1.3564660245517393"
"tRNA-Thr","classification","1","42","JMZ","GatB/YqeY domain-containing protein","1.2867321590075396"
"tRNA-Thr","classification","1","42","AEXB","metallophosphoesterase","1.2293246563433506"
"tRNA-Thr","classification","2","43","AKEN","recombination-associated protein RdgC","23.535138106516342"
"tRNA-Thr","classification","2","43","AFB","AAA family ATPase","14.368795220205588"
"tRNA-Thr","classification","2","43","AQGO","23S ribosomal RNA","14.211829820579247"
"tRNA-Thr","classification","2","43","AQEO","zinc ribbon domain-containing protein","2.6172668975926388"
"tRNA-Thr","classification","2","43","JUO","HNH endonuclease","2.4413493779382724"
"tRNA-Thr","classification","2","43","AFWV","nicotinate phosphoribosyltransferase","1.8837726500945144"
"tRNA-Thr","classification","2","43","ZHT","cytosol nonspecific dipeptidase","1.7842109553573218"
"tRNA-Thr","classification","2","43","AAWQ","fimbrial protein","1.663896553155725"
"tRNA-Thr","classification","2","43","AEZQ","methionine--tRNA ligase","1.3064419333422406"
"tRNA-Thr","classification","2","43","JJR","GNAT family N-acetyltransferase","1.0929176437288428"
"tRNA-Thr","classification","3","44","AEXB","metallophosphoesterase","31.91522606000659"
"tRNA-Thr","classification","3","44","AQGN","16S ribosomal RNA","13.69951339824357"
"tRNA-Thr","classification","3","44","AEZQ","methionine--tRNA ligase","5.250354888921975"
"tRNA-Thr","classification","3","44","JUO","HNH endonuclease","3.3099832295636262"
"tRNA-Thr","classification","3","44","MRJ","IncHI-type conjugal transfer protein TrhU","3.0329562373336256"
"tRNA-Thr","classification","3","44","LHT","IS30-like element IS30 family transposase","3.025656260963067"
"tRNA-Thr","classification","3","44","AFB","AAA family ATPase","1.030632334836723"
"tRNA-Thr","classification","3","44","JJR","GNAT family N-acetyltransferase","0.9625173682446152"
"tRNA-Thr","classification","3","44","AMTX","tail fiber assembly protein","0.8777667130112903"
"tRNA-Thr","classification","3","44","AGXL","peptidoglycan DD-metalloendopeptidase family protein","0.8167713748642"
"tRNA-Thr","regression_type_positive_only","1","42","AIOT","preprotein translocase subunit SecE","20.928923959500363"
"tRNA-Thr","regression_type_positive_only","1","42","AIOW","preprotein translocase subunit SecY","7.210547312793964"
"tRNA-Thr","regression_type_positive_only","1","42","AGYZ","peptidyl-tRNA hydrolase","6.006525236266698"
"tRNA-Thr","regression_type_positive_only","1","42","AQGP","5S ribosomal RNA","4.477514081901877"
"tRNA-Thr","regression_type_positive_only","1","42","AQHM","transfer-messenger RNA","3.7586185009830295"
"tRNA-Thr","regression_type_positive_only","1","42","AOSU","type II secretion system F family protein","3.410779077383487"
"tRNA-Thr","regression_type_positive_only","1","42","APJA","type IV pilus twitching motility protein PilT","2.9334289866334444"
"tRNA-Thr","regression_type_positive_only","1","42","AEVZ","metal-dependent hydrolase","2.0707324548771875"
"tRNA-Thr","regression_type_positive_only","1","42","ONC","NAD-dependent DNA ligase LigA","1.9505277500123934"
"tRNA-Thr","regression_type_positive_only","1","42","OXB","Na+/H+ antiporter NhaA","1.6524313168085702"
"tRNA-Thr","regression_type_positive_only","2","43","AIOT","preprotein translocase subunit SecE","11.603449784477391"
"tRNA-Thr","regression_type_positive_only","2","43","APJA","type IV pilus twitching motility protein PilT","11.057906362718354"
"tRNA-Thr","regression_type_positive_only","2","43","AIOW","preprotein translocase subunit SecY","5.6521071562758385"
"tRNA-Thr","regression_type_positive_only","2","43","OVN","NUDIX hydrolase","5.117198599433784"
"tRNA-Thr","regression_type_positive_only","2","43","JXN","HU family DNA-binding protein","3.4031743932925904"
"tRNA-Thr","regression_type_positive_only","2","43","SB","30S ribosomal protein S12","2.9151516402615623"
"tRNA-Thr","regression_type_positive_only","2","43","AOSU","type II secretion system F family protein","2.823794244077066"
"tRNA-Thr","regression_type_positive_only","2","43","AQGN","16S ribosomal RNA","2.36653724257427"
"tRNA-Thr","regression_type_positive_only","2","43","NQW","MATE family efflux transporter","2.275243188033374"
"tRNA-Thr","regression_type_positive_only","2","43","ONC","NAD-dependent DNA ligase LigA","2.1331247563631717"
"tRNA-Thr","regression_type_positive_only","3","44","AIOT","preprotein translocase subunit SecE","15.927486707486839"
"tRNA-Thr","regression_type_positive_only","3","44","ONC","NAD-dependent DNA ligase LigA","9.118393085723087"
"tRNA-Thr","regression_type_positive_only","3","44","ZYZ","elongation factor Tu","7.846742811898562"
"tRNA-Thr","regression_type_positive_only","3","44","AOSU","type II secretion system F family protein","6.721493205406844"
"tRNA-Thr","regression_type_positive_only","3","44","APJA","type IV pilus twitching motility protein PilT","5.327245193110702"
"tRNA-Thr","regression_type_positive_only","3","44","TGQ","YceI family protein","5.051964493616574"
"tRNA-Thr","regression_type_positive_only","3","44","AIOW","preprotein translocase subunit SecY","3.1541034109695545"
"tRNA-Thr","regression_type_positive_only","3","44","OVN","NUDIX hydrolase","2.889876777971971"
"tRNA-Thr","regression_type_positive_only","3","44","AGYZ","peptidyl-tRNA hydrolase","2.4131772586502236"
"tRNA-Thr","regression_type_positive_only","3","44","ANFF","thioredoxin-disulfide reductase","2.1184969579960393"
"tRNA-Trp","classification","1","42","JJD","GIY-YIG nuclease family protein","19.818751303809226"
"tRNA-Trp","classification","1","42","AQGN","16S ribosomal RNA","16.835737231191054"
"tRNA-Trp","classification","1","42","AFB","AAA family ATPase","9.854416813136172"
"tRNA-Trp","classification","1","42","PUS","ParA family protein","4.86562735534221"
"tRNA-Trp","classification","1","42","UYJ","alpha/beta fold hydrolase","3.0585639227917105"
"tRNA-Trp","classification","1","42","QQN","RusA family crossover junction endodeoxyribonuclease","2.424287027997559"
"tRNA-Trp","classification","1","42","COO","DNA replication terminus site-binding protein","2.0025018223682647"
"tRNA-Trp","classification","1","42","TJY","YesK family protein","1.7956986180992525"
"tRNA-Trp","classification","1","42","WDA","baseplate J/gp47 family protein","1.6773175407695118"
"tRNA-Trp","classification","1","42","YAU","class I SAM-dependent methyltransferase","1.5943242430736588"
"tRNA-Trp","classification","2","43","JUO","HNH endonuclease","21.38411787504549"
"tRNA-Trp","classification","2","43","AQGP","5S ribosomal RNA","14.743066550064677"
"tRNA-Trp","classification","2","43","OVM","NUDIX domain-containing protein","9.57692601831625"
"tRNA-Trp","classification","2","43","AGEV","nucleoside 2-deoxyribosyltransferase","8.09283386716545"
"tRNA-Trp","classification","2","43","AIOT","preprotein translocase subunit SecE","4.477641733513418"
"tRNA-Trp","classification","2","43","PUW","ParB family protein","4.133606835774335"
"tRNA-Trp","classification","2","43","PUZ","ParB/RepB/Spo0J family plasmid partition protein","2.986040887207487"
"tRNA-Trp","classification","2","43","RET","SWIM zinc finger family protein","2.6846827610548765"
"tRNA-Trp","classification","2","43","FSV","DUF4355 domain-containing protein","2.08992992727099"
"tRNA-Trp","classification","2","43","BBC","BTAD domain-containing putative transcriptional regulator","2.0793368796073666"
"tRNA-Trp","classification","3","44","JUO","HNH endonuclease","23.39697796393049"
"tRNA-Trp","classification","3","44","AQGN","16S ribosomal RNA","15.305948378981793"
"tRNA-Trp","classification","3","44","ONC","NAD-dependent DNA ligase LigA","10.8432609962071"
"tRNA-Trp","classification","3","44","AOB","ATP-binding protein","6.07721865195673"
"tRNA-Trp","classification","3","44","AGEV","nucleoside 2-deoxyribosyltransferase","5.401934292892439"
"tRNA-Trp","classification","3","44","JZU","Hha/YmoA family nucleoid-associated regulatory protein","4.127222548714097"
"tRNA-Trp","classification","3","44","GUQ","DUF6094 domain-containing protein","3.0231000281388885"
"tRNA-Trp","classification","3","44","APHX","type IV conjugative transfer system pilin TraA","2.66474635529159"
"tRNA-Trp","classification","3","44","HXT","DUF7342 family protein","1.6602232373011754"
"tRNA-Trp","classification","3","44","AQEO","zinc ribbon domain-containing protein","1.6313021314589147"
"tRNA-Trp","regression_type_positive_only","1","42","AKFU","regulatory protein RecX","22.822291667419567"
"tRNA-Trp","regression_type_positive_only","1","42","EDK","DUF2726 domain-containing protein","8.378866266825591"
"tRNA-Trp","regression_type_positive_only","1","42","AFQI","multifunctional CCA addition/repair protein","8.195471265550427"
"tRNA-Trp","regression_type_positive_only","1","42","ME","2OG-Fe(II) oxygenase","5.057349958993035"
"tRNA-Trp","regression_type_positive_only","1","42","AKSU","ribosome hibernation-promoting factor, HPF/YfiA family","4.908225213156955"
"tRNA-Trp","regression_type_positive_only","1","42","KAZ","HlyD family efflux transporter periplasmic adaptor subunit","1.8780343662444146"
"tRNA-Trp","regression_type_positive_only","1","42","ZVT","dual specificity protein phosphatase family protein","1.773512707989975"
"tRNA-Trp","regression_type_positive_only","1","42","FPI","DUF4262 domain-containing protein","1.6145712736378126"
"tRNA-Trp","regression_type_positive_only","1","42","IS","2-oxo acid dehydrogenase subunit E2","1.366704856631622"
"tRNA-Trp","regression_type_positive_only","1","42","DJ","16S rRNA (uracil(1498)-N(3))-methyltransferase","1.2747105220721937"
"tRNA-Trp","regression_type_positive_only","2","43","AKFU","regulatory protein RecX","27.40375893658722"
"tRNA-Trp","regression_type_positive_only","2","43","EDK","DUF2726 domain-containing protein","9.111605187620983"
"tRNA-Trp","regression_type_positive_only","2","43","NLJ","LysM peptidoglycan-binding domain-containing protein","6.0721264841229"
"tRNA-Trp","regression_type_positive_only","2","43","ZVT","dual specificity protein phosphatase family protein","4.296852962589291"
"tRNA-Trp","regression_type_positive_only","2","43","NOL","M48 family metalloprotease","3.190813072096323"
"tRNA-Trp","regression_type_positive_only","2","43","AHMA","phosphatase PAP2 family protein","2.8085005836328016"
"tRNA-Trp","regression_type_positive_only","2","43","EBG","DUF262 domain-containing protein","1.9501739173559056"
"tRNA-Trp","regression_type_positive_only","2","43","ALJC","site-specific integrase","1.8424469740504115"
"tRNA-Trp","regression_type_positive_only","2","43","AABR","energy-coupling factor transporter ATPase","1.7956304133963386"
"tRNA-Trp","regression_type_positive_only","2","43","AFKD","muconate/chloromuconate family cycloisomerase","1.7724566210693589"
"tRNA-Trp","regression_type_positive_only","3","44","AKFU","regulatory protein RecX","32.77303593867072"
"tRNA-Trp","regression_type_positive_only","3","44","EDK","DUF2726 domain-containing protein","10.662079039659218"
"tRNA-Trp","regression_type_positive_only","3","44","AFWW","nicotinate-nicotinamide nucleotide adenylyltransferase","4.757806582248181"
"tRNA-Trp","regression_type_positive_only","3","44","AKSU","ribosome hibernation-promoting factor, HPF/YfiA family","3.323735990334127"
"tRNA-Trp","regression_type_positive_only","3","44","AHMA","phosphatase PAP2 family protein","2.539826704316241"
"tRNA-Trp","regression_type_positive_only","3","44","NOL","M48 family metalloprotease","2.538266504782602"
"tRNA-Trp","regression_type_positive_only","3","44","ALJC","site-specific integrase","1.914076308551224"
"tRNA-Trp","regression_type_positive_only","3","44","ALBE","serine hydroxymethyltransferase","1.5364939594623586"
"tRNA-Trp","regression_type_positive_only","3","44","AABR","energy-coupling factor transporter ATPase","1.299608884951533"
"tRNA-Trp","regression_type_positive_only","3","44","YAU","class I SAM-dependent methyltransferase","1.0275415008206696"
"tRNA-Tyr","classification","1","42","AQGP","5S ribosomal RNA","21.136446792807668"
"tRNA-Tyr","classification","1","42","AHHC","phage tail protein","20.652631799585823"
"tRNA-Tyr","classification","1","42","ANHD","thymidine kinase","11.323963758022837"
"tRNA-Tyr","classification","1","42","JJD","GIY-YIG nuclease family protein","8.113188545064235"
"tRNA-Tyr","classification","1","42","LYR","IS607 family transposase","6.291283467077848"
"tRNA-Tyr","classification","1","42","ZIY","dUTP diphosphatase","4.247376686336209"
"tRNA-Tyr","classification","1","42","QFD","RNA ligase family protein","2.105629778193622"
"tRNA-Tyr","classification","1","42","AEZQ","methionine--tRNA ligase","1.6544009752991322"
"tRNA-Tyr","classification","1","42","JUO","HNH endonuclease","1.623445484238299"
"tRNA-Tyr","classification","1","42","AFB","AAA family ATPase","1.196662350887734"
"tRNA-Tyr","classification","2","43","AQGP","5S ribosomal RNA","24.105073270420878"
"tRNA-Tyr","classification","2","43","AEXB","metallophosphoesterase","21.884953719210504"
"tRNA-Tyr","classification","2","43","AEZQ","methionine--tRNA ligase","11.290684087900985"
"tRNA-Tyr","classification","2","43","WLR","bifunctional acetaldehyde-CoA/alcohol dehydrogenase","6.471931251415832"
"tRNA-Tyr","classification","2","43","JUO","HNH endonuclease","4.966692335883023"
"tRNA-Tyr","classification","2","43","JZU","Hha/YmoA family nucleoid-associated regulatory protein","3.7417512501517205"
"tRNA-Tyr","classification","2","43","TIB","YdcF family protein","2.012886504778344"
"tRNA-Tyr","classification","2","43","AMLE","sulfite exporter TauE/SafE family protein","1.5665732498961757"
"tRNA-Tyr","classification","2","43","APQP","tyrosine recombinase XerC","1.32516116258299"
"tRNA-Tyr","classification","2","43","AHXI","phosphotransferase","1.1406238913405817"
"tRNA-Tyr","classification","3","44","AEXB","metallophosphoesterase","24.531464303635474"
"tRNA-Tyr","classification","3","44","AQGP","5S ribosomal RNA","23.475542272069696"
"tRNA-Tyr","classification","3","44","AFB","AAA family ATPase","10.477820129312803"
"tRNA-Tyr","classification","3","44","JTW","HI1450 family dsDNA-mimic protein","7.510967589188479"
"tRNA-Tyr","classification","3","44","MRJ","IncHI-type conjugal transfer protein TrhU","3.7106780945852864"
"tRNA-Tyr","classification","3","44","JUO","HNH endonuclease","3.0312046704045925"
"tRNA-Tyr","classification","3","44","JJD","GIY-YIG nuclease family protein","1.7497721493270235"
"tRNA-Tyr","classification","3","44","AKDY","recombinase family protein","1.1824402472493658"
"tRNA-Tyr","classification","3","44","AKNY","rhomboid family intramembrane serine protease","1.1364559135956633"
"tRNA-Tyr","classification","3","44","IHZ","Dam family site-specific DNA-(adenine-N6)-methyltransferase","1.101711460445953"
"tRNA-Tyr","regression_type_positive_only","1","42","AAIA","exodeoxyribonuclease I","17.23787380410799"
"tRNA-Tyr","regression_type_positive_only","1","42","JBJ","Fe-S cluster assembly scaffold IscU","9.634876877904476"
"tRNA-Tyr","regression_type_positive_only","1","42","AKFU","regulatory protein RecX","8.918228479321458"
"tRNA-Tyr","regression_type_positive_only","1","42","VHM","anaerobic ribonucleoside-triphosphate reductase-activating protein","3.1614143408059143"
"tRNA-Tyr","regression_type_positive_only","1","42","PRP","PTS galactitol transporter subunit IIC","2.8213543034134636"
"tRNA-Tyr","regression_type_positive_only","1","42","ZYZ","elongation factor Tu","2.700753106425089"
"tRNA-Tyr","regression_type_positive_only","1","42","ANCP","thiamine pyrophosphate-dependent dehydrogenase E1 component subunit alpha","2.532601278205732"
"tRNA-Tyr","regression_type_positive_only","1","42","VHJ","anaerobic ribonucleoside triphosphate reductase","2.346326880937958"
"tRNA-Tyr","regression_type_positive_only","1","42","THC","YchJ family protein","2.022729220573748"
"tRNA-Tyr","regression_type_positive_only","1","42","AABT","energy-coupling factor transporter transmembrane component T family protein","1.9063265342739364"
"tRNA-Tyr","regression_type_positive_only","2","43","AAIA","exodeoxyribonuclease I","22.6282852665023"
"tRNA-Tyr","regression_type_positive_only","2","43","VHM","anaerobic ribonucleoside-triphosphate reductase-activating protein","6.4096147275606095"
"tRNA-Tyr","regression_type_positive_only","2","43","VXZ","autonomous glycyl radical cofactor GrcA","6.130037571707649"
"tRNA-Tyr","regression_type_positive_only","2","43","PRP","PTS galactitol transporter subunit IIC","5.002887903550818"
"tRNA-Tyr","regression_type_positive_only","2","43","ACFT","glycoside hydrolase family 5 protein","3.0703489215578066"
"tRNA-Tyr","regression_type_positive_only","2","43","FPI","DUF4262 domain-containing protein","2.646329238325244"
"tRNA-Tyr","regression_type_positive_only","2","43","JTW","HI1450 family dsDNA-mimic protein","2.396026049752729"
"tRNA-Tyr","regression_type_positive_only","2","43","JBJ","Fe-S cluster assembly scaffold IscU","2.369149076810889"
"tRNA-Tyr","regression_type_positive_only","2","43","QHA","RNA polymerase sporulation sigma factor SigH","1.984966771267107"
"tRNA-Tyr","regression_type_positive_only","2","43","VHL","anaerobic ribonucleoside-triphosphate reductase activating protein","1.9661647496094066"
"tRNA-Tyr","regression_type_positive_only","3","44","AAIA","exodeoxyribonuclease I","27.098332892276428"
"tRNA-Tyr","regression_type_positive_only","3","44","ZYZ","elongation factor Tu","5.13688356310251"
"tRNA-Tyr","regression_type_positive_only","3","44","VHL","anaerobic ribonucleoside-triphosphate reductase activating protein","4.483847779612526"
"tRNA-Tyr","regression_type_positive_only","3","44","PTB","PTS sugar transporter subunit IIB","3.2486694408458896"
"tRNA-Tyr","regression_type_positive_only","3","44","AKFU","regulatory protein RecX","3.1294750725760125"
"tRNA-Tyr","regression_type_positive_only","3","44","VXZ","autonomous glycyl radical cofactor GrcA","3.0704345615812643"
"tRNA-Tyr","regression_type_positive_only","3","44","VHJ","anaerobic ribonucleoside triphosphate reductase","2.306180981946364"
"tRNA-Tyr","regression_type_positive_only","3","44","THC","YchJ family protein","2.13636108000288"
"tRNA-Tyr","regression_type_positive_only","3","44","AJI","ADP-ribosylglycohydrolase family protein","2.029501585426383"
"tRNA-Tyr","regression_type_positive_only","3","44","ALIG","single-stranded DNA-binding protein","1.8956640944760583"
"tRNA-Val","classification","1","42","AQGN","16S ribosomal RNA","30.279272287982792"
"tRNA-Val","classification","1","42","ACQM","helix-turn-helix domain-containing protein","16.037314495898023"
"tRNA-Val","classification","1","42","ACQN","helix-turn-helix transcriptional regulator","5.454280077447635"
"tRNA-Val","classification","1","42","CUT","DNA/RNA non-specific endonuclease","3.495606037352064"
"tRNA-Val","classification","1","42","SMP","TrmH family RNA methyltransferase","2.0812794582293335"
"tRNA-Val","classification","1","42","QMG","RepB family plasmid replication initiator protein","1.9443640217507674"
"tRNA-Val","classification","1","42","AMLE","sulfite exporter TauE/SafE family protein","1.869981981820259"
"tRNA-Val","classification","1","42","JUO","HNH endonuclease","1.6839254348486203"
"tRNA-Val","classification","1","42","OVN","NUDIX hydrolase","1.66896267713183"
"tRNA-Val","classification","1","42","AATR","ferritin-like domain-containing protein","1.4948738380823425"
"tRNA-Val","classification","2","43","AQGN","16S ribosomal RNA","30.137466887415258"
"tRNA-Val","classification","2","43","ACQM","helix-turn-helix domain-containing protein","17.239685223499517"
"tRNA-Val","classification","2","43","JUO","HNH endonuclease","7.3954588058385795"
"tRNA-Val","classification","2","43","QMG","RepB family plasmid replication initiator protein","5.118259685764786"
"tRNA-Val","classification","2","43","NLP","LysR family transcriptional regulator","3.3927280465193124"
"tRNA-Val","classification","2","43","JXN","HU family DNA-binding protein","2.441089806869944"
"tRNA-Val","classification","2","43","NSN","MFS transporter","2.1773475981833177"
"tRNA-Val","classification","2","43","ACQN","helix-turn-helix transcriptional regulator","1.8930695127832184"
"tRNA-Val","classification","2","43","BPV","CTP synthase","1.8178696378363997"
"tRNA-Val","classification","2","43","APTZ","uracil phosphoribosyltransferase","1.7733263045964018"
"tRNA-Val","classification","3","44","AQGP","5S ribosomal RNA","34.971386125787134"
"tRNA-Val","classification","3","44","JJR","GNAT family N-acetyltransferase","15.023392081198656"
"tRNA-Val","classification","3","44","NZJ","MerR family transcriptional regulator","5.964384722557009"
"tRNA-Val","classification","3","44","QMG","RepB family plasmid replication initiator protein","4.049007124352233"
"tRNA-Val","classification","3","44","ONC","NAD-dependent DNA ligase LigA","2.695520769751113"
"tRNA-Val","classification","3","44","TX","4,5-DOPA dioxygenase extradiol","2.2431789547702436"
"tRNA-Val","classification","3","44","AGEB","nuclease A inhibitor family protein","1.6852453182434042"
"tRNA-Val","classification","3","44","JUO","HNH endonuclease","1.4850350618058668"
"tRNA-Val","classification","3","44","AKQ","AMP-binding protein","1.4539448223863736"
"tRNA-Val","classification","3","44","AOB","ATP-binding protein","1.295093424553984"
"tRNA-Val","regression_type_positive_only","1","42","AQGP","5S ribosomal RNA","14.615553162901909"
"tRNA-Val","regression_type_positive_only","1","42","TGX","YcgL domain-containing protein","13.773730105531268"
"tRNA-Val","regression_type_positive_only","1","42","XKT","cell division protein ZipA","8.583736099360257"
"tRNA-Val","regression_type_positive_only","1","42","AQGN","16S ribosomal RNA","6.079537746341916"
"tRNA-Val","regression_type_positive_only","1","42","ZYA","electron transport complex subunit RsxD","4.149169456963317"
"tRNA-Val","regression_type_positive_only","1","42","AKEE","recombination mediator RecR","2.8885930440953627"
"tRNA-Val","regression_type_positive_only","1","42","AAP","50S ribosomal protein L25","2.610248309707751"
"tRNA-Val","regression_type_positive_only","1","42","AMKR","sulfate transporter CysZ","2.219460237722951"
"tRNA-Val","regression_type_positive_only","1","42","WOI","bifunctional histidinol-phosphatase/imidazoleglycerol-phosphate dehydratase HisB","1.9686653431258252"
"tRNA-Val","regression_type_positive_only","1","42","AITT","protease SohB","1.818978644292565"
"tRNA-Val","regression_type_positive_only","2","43","DM","16S rRNA pseudouridine(516) synthase RsuA","14.278670573251002"
"tRNA-Val","regression_type_positive_only","2","43","AAP","50S ribosomal protein L25","7.7767066065315085"
"tRNA-Val","regression_type_positive_only","2","43","AQGP","5S ribosomal RNA","7.666962806203136"
"tRNA-Val","regression_type_positive_only","2","43","AIOW","preprotein translocase subunit SecY","6.762408644118604"
"tRNA-Val","regression_type_positive_only","2","43","APZ","ATP-dependent protease ATP-binding subunit ClpX","6.757763918740733"
"tRNA-Val","regression_type_positive_only","2","43","TGX","YcgL domain-containing protein","5.044298524324348"
"tRNA-Val","regression_type_positive_only","2","43","XKT","cell division protein ZipA","4.374717187732215"
"tRNA-Val","regression_type_positive_only","2","43","AKEE","recombination mediator RecR","3.0859476123994822"
"tRNA-Val","regression_type_positive_only","2","43","CV","16S rRNA (cytosine(1407)-C(5))-methyltransferase RsmF","2.7447459746800544"
"tRNA-Val","regression_type_positive_only","2","43","LP","23S rRNA accumulation protein YceD","2.260158474540757"
"tRNA-Val","regression_type_positive_only","3","44","XKT","cell division protein ZipA","11.879166321793125"
"tRNA-Val","regression_type_positive_only","3","44","ABUV","glutamate--tRNA ligase","10.751367204695606"
"tRNA-Val","regression_type_positive_only","3","44","AQGP","5S ribosomal RNA","9.151064070773856"
"tRNA-Val","regression_type_positive_only","3","44","AMSA","tRNA pseudouridine(38-40) synthase TruA","5.164884580990763"
"tRNA-Val","regression_type_positive_only","3","44","ZYZ","elongation factor Tu","4.74547317551563"
"tRNA-Val","regression_type_positive_only","3","44","AKQE","ribonuclease T","3.9117899167908536"
"tRNA-Val","regression_type_positive_only","3","44","AKEE","recombination mediator RecR","3.2374058264280485"
"tRNA-Val","regression_type_positive_only","3","44","WPQ","bifunctional phosphoribosyl-AMP cyclohydrolase/phosphoribosyl-ATP diphosphatase HisIE","2.9559005798501006"
"tRNA-Val","regression_type_positive_only","3","44","ADWP","lactoylglutathione lyase","2.685499661106417"
"tRNA-Val","regression_type_positive_only","3","44","FO","2-C-methyl-D-erythritol 4-phosphate cytidylyltransferase","1.9358206930632866"
