Product,Product_norm,gene_n,CCI_median
type III effector protein,type iii effector protein,95,3.193548387096774
DUF4116 domain-containing protein,duf4116 domain-containing protein,53,2.6666666666666665
tryptophan-rich sensory protein,tryptophan-rich sensory protein,57,2.4000000000000004
hemagglutinin repeat-containing protein,hemagglutinin repeat-containing protein,63,2.3519384408376083
lipoprotein,lipoprotein,204,2.0
class 1 integron integrase IntI1,class 1 integron integrase inti1,94,2.0
DUF1382 family protein,duf1382 family protein,60,2.0
"phosphonate metabolism protein/1,5-bisphosphokinase (PRPP-forming) PhnN","phosphonate metabolism protein/1,5-bisphosphokinase (prpp-forming) phnn",53,2.0
crAss001_48 related protein,crass001_48 related protein,51,2.0
sensory rhodopsin transducer,sensory rhodopsin transducer,51,2.0
malto-oligosyltrehalose synthase,malto-oligosyltrehalose synthase,81,1.9542763363594704
ShlB/FhaC/HecB family hemolysin secretion/activation protein,shlb/fhac/hecb family hemolysin secretion/activation protein,126,1.884264689767339
cytochrome C oxidase subunit IV family protein,cytochrome c oxidase subunit iv family protein,82,1.875
flagellar basal-body rod protein FlgG,flagellar basal-body rod protein flgg,55,1.867976365067158
"1,2-phenylacetyl-CoA epoxidase subunit PaaD","1,2-phenylacetyl-coa epoxidase subunit paad",68,1.8626373626373622
chaperone NapD,chaperone napd,78,1.8619471577804911
sulfoacetaldehyde acetyltransferase,sulfoacetaldehyde acetyltransferase,65,1.8539422957390896
flagellar motor stator protein MotA,flagellar motor stator protein mota,66,1.8470788821601518
flagellar motor switch protein FliN,flagellar motor switch protein flin,70,1.8452365298519142
heavy metal response regulator transcription factor,heavy metal response regulator transcription factor,75,1.8375
flagellar basal body P-ring formation chaperone FlgA,flagellar basal body p-ring formation chaperone flga,51,1.8355519523931951
flagellar biosynthesis protein FlhA,flagellar biosynthesis protein flha,72,1.8346045300695537
flagellar hook-associated protein FlgK,flagellar hook-associated protein flgk,78,1.8303923388520364
carbohydrate-binding domain-containing protein,carbohydrate-binding domain-containing protein,84,1.8282805480699842
monovalent cation:proton antiporter-2 (CPA2) family protein,monovalent cation:proton antiporter-2 (cpa2) family protein,56,1.820147679184854
flagellar hook protein FlgE,flagellar hook protein flge,60,1.8133752992199037
hydrogenase maturation nickel metallochaperone HypA,hydrogenase maturation nickel metallochaperone hypa,61,1.810826210826211
"1,2-phenylacetyl-CoA epoxidase subunit PaaE","1,2-phenylacetyl-coa epoxidase subunit paae",64,1.808467741935484
K(+)-transporting ATPase subunit F,k(+)-transporting atpase subunit f,63,1.8025974025974028
phosphoenolpyruvate hydrolase family protein,phosphoenolpyruvate hydrolase family protein,53,1.7982024547798594
aldehyde oxidoreductase molybdenum-binding subunit PaoC,aldehyde oxidoreductase molybdenum-binding subunit paoc,51,1.797652810162519
flagellar motor protein MotB,flagellar motor protein motb,66,1.7963220880606794
alkyl hydroperoxide reductase subunit C,alkyl hydroperoxide reductase subunit c,58,1.7962580821955823
3-hydroxybutyrate dehydrogenase,3-hydroxybutyrate dehydrogenase,106,1.7900551331127812
flagellar motor switch protein FliG,flagellar motor switch protein flig,66,1.7890149624932237
multiple monosaccharide ABC transporter permease,multiple monosaccharide abc transporter permease,67,1.7808471597849502
nickel-dependent hydrogenase large subunit,nickel-dependent hydrogenase large subunit,66,1.7711640822191628
transcriptional regulator GcvA,transcriptional regulator gcva,124,1.7710956666347188
flagellar basal-body MS-ring/collar protein FliF,flagellar basal-body ms-ring/collar protein flif,70,1.7687288382115969
flagellar biosynthetic protein FliR,flagellar biosynthetic protein flir,58,1.7672720263293007
RNA polymerase sigma factor RpoH,rna polymerase sigma factor rpoh,56,1.766637744172535
flagellar basal body rod protein FlgC,flagellar basal body rod protein flgc,62,1.7666080043277845
lysylphosphatidylglycerol synthase domain-containing protein,lysylphosphatidylglycerol synthase domain-containing protein,60,1.7652273909288005
2-oxo-4-hydroxy-4-carboxy-5-ureidoimidazoline decarboxylase,2-oxo-4-hydroxy-4-carboxy-5-ureidoimidazoline decarboxylase,63,1.7647058823529411
DUF350 domain-containing protein,duf350 domain-containing protein,54,1.7606177172365274
bacteriohemerythrin,bacteriohemerythrin,55,1.7594871794871796
methylmalonyl-CoA mutase,methylmalonyl-coa mutase,79,1.7572657466944188
L-2-amino-thiazoline-4-carboxylic acid hydrolase,l-2-amino-thiazoline-4-carboxylic acid hydrolase,60,1.7563327717126735
AsmA family protein,asma family protein,58,1.7538272681854417
flagellar hook assembly protein FlgD,flagellar hook assembly protein flgd,52,1.7511525371107912
DUF4158 domain-containing protein,duf4158 domain-containing protein,57,1.75
"periplasmic nitrate reductase, NapE protein","periplasmic nitrate reductase, nape protein",57,1.75
cobaltochelatase subunit CobN,cobaltochelatase subunit cobn,52,1.746610782183603
ectoine utilization protein EutA,ectoine utilization protein euta,52,1.744588744588745
flagellar protein export ATPase FliI,flagellar protein export atpase flii,65,1.7442967372319602
GH1 family beta-glucosidase,gh1 family beta-glucosidase,85,1.7385287961104543
putative 2-aminoethylphosphonate ABC transporter permease subunit,putative 2-aminoethylphosphonate abc transporter permease subunit,57,1.736842105263158
alkyl hydroperoxide reductase subunit F,alkyl hydroperoxide reductase subunit f,54,1.7357647524076243
dipeptide/oligopeptide/nickel ABC transporter permease/ATP-binding protein,dipeptide/oligopeptide/nickel abc transporter permease/atp-binding protein,54,1.7309309860015893
2-oxo-tetronate isomerase,2-oxo-tetronate isomerase,88,1.725
TOBE domain-containing protein,tobe domain-containing protein,52,1.7213475027985732
HypC/HybG/HupF family hydrogenase formation chaperone,hypc/hybg/hupf family hydrogenase formation chaperone,56,1.7210942760942762
nitrate reductase cytochrome c-type subunit,nitrate reductase cytochrome c-type subunit,80,1.7142857142857142
DUF4347 domain-containing protein,duf4347 domain-containing protein,75,1.7142857142857142
putative 2-aminoethylphosphonate ABC transporter ATP-binding protein,putative 2-aminoethylphosphonate abc transporter atp-binding protein,57,1.7142857142857142
flagellar basal body L-ring protein FlgH,flagellar basal body l-ring protein flgh,57,1.7106019922762006
exopolysaccharide biosynthesis protein,exopolysaccharide biosynthesis protein,81,1.7083468392931311
flagellin,flagellin,130,1.7017740195778104
filamentous hemagglutinin N-terminal domain-containing protein,filamentous hemagglutinin n-terminal domain-containing protein,70,1.69904293294008
3-hydroxybutyryl-CoA dehydrogenase,3-hydroxybutyryl-coa dehydrogenase,55,1.695757575757576
histone deacetylase family protein,histone deacetylase family protein,66,1.6937939872305197
twin-arginine translocase TatA/TatE family subunit,twin-arginine translocase tata/tate family subunit,61,1.6933954933954931
phosphoenolpyruvate--protein phosphotransferase,phosphoenolpyruvate--protein phosphotransferase,102,1.6876412468734974
DnaJ C-terminal domain-containing protein,dnaj c-terminal domain-containing protein,64,1.6875
sn-glycerol-3-phosphate ABC transporter permease UgpE,sn-glycerol-3-phosphate abc transporter permease ugpe,57,1.6875
flagellar hook-length control protein FliK,flagellar hook-length control protein flik,66,1.6851514589164514
RebB family R body protein,rebb family r body protein,93,1.684853607930531
flagellar type III secretion system pore protein FliP,flagellar type iii secretion system pore protein flip,60,1.6843696952606813
sn-glycerol-3-phosphate ABC transporter substrate-binding protein UgpB,sn-glycerol-3-phosphate abc transporter substrate-binding protein ugpb,56,1.6812257917521076
type VI secretion system Vgr family protein,type vi secretion system vgr family protein,176,1.6806310790167744
phosphoribosyltransferase,phosphoribosyltransferase,107,1.6791202967673555
hybrid sensor histidine kinase/response regulator,hybrid sensor histidine kinase/response regulator,274,1.6763233857324513
DUF2591 domain-containing protein,duf2591 domain-containing protein,105,1.6666666666666667
cupredoxin domain-containing protein,cupredoxin domain-containing protein,65,1.6666666666666667
flagellar hook-basal body complex protein FliE,flagellar hook-basal body complex protein flie,57,1.6666666666666667
DUF2243 domain-containing protein,duf2243 domain-containing protein,54,1.6666666666666667
IS630-like element ISRm2011-2 family transposase,is630-like element isrm2011-2 family transposase,53,1.6666666666666667
Spy/CpxP family protein refolding chaperone,spy/cpxp family protein refolding chaperone,67,1.6666666666666663
ddrA,ddra,57,1.6666666666666663
phosphate starvation-inducible protein PhoH,phosphate starvation-inducible protein phoh,467,1.6623376623376624
pyrroloquinoline quinone biosynthesis protein PqqE,pyrroloquinoline quinone biosynthesis protein pqqe,76,1.6621621621621625
chemotaxis protein,chemotaxis protein,72,1.6428571428571428
nitrate reductase,nitrate reductase,85,1.6411209321012454
cbb3-type cytochrome c oxidase subunit I,cbb3-type cytochrome c oxidase subunit i,131,1.6363636363636362
"galactofuranose ABC transporter, ATP-binding protein YtfR","galactofuranose abc transporter, atp-binding protein ytfr",56,1.6363636363636362
6-carboxytetrahydropterin synthase QueD,6-carboxytetrahydropterin synthase qued,55,1.6363636363636362
multidrug efflux RND transporter permease subunit,multidrug efflux rnd transporter permease subunit,62,1.6318460950813893
DUF3618 domain-containing protein,duf3618 domain-containing protein,56,1.628066378066378
alpha/beta-type small acid-soluble spore protein,alpha/beta-type small acid-soluble spore protein,74,1.6276262626262628
type VI secretion system protein TssA,type vi secretion system protein tssa,69,1.6250429996560027
sigma-54-dependent Fis family transcriptional regulator,sigma-54-dependent fis family transcriptional regulator,188,1.6242361786855153
glycosyltransferase family 9 protein,glycosyltransferase family 9 protein,98,1.6182066046978285
"3-carboxy-cis,cis-muconate cycloisomerase","3-carboxy-cis,cis-muconate cycloisomerase",80,1.6153846153846154
ubiquinol oxidase subunit II,ubiquinol oxidase subunit ii,91,1.6135942242158003
flagellar basal body P-ring protein FlgI,flagellar basal body p-ring protein flgi,55,1.6118423526445482
DUF1656 domain-containing protein,duf1656 domain-containing protein,56,1.610989010989011
DUF6602 domain-containing protein,duf6602 domain-containing protein,66,1.6100795755968171
DeoR family transcriptional regulator,deor family transcriptional regulator,54,1.6093306288032454
precorrin-4 C(11)-methyltransferase,precorrin-4 c(11)-methyltransferase,70,1.6073256449722413
DapH/DapD/GlmU-related protein,daph/dapd/glmu-related protein,91,1.6071428571428574
PhnD/SsuA/transferrin family substrate-binding protein,phnd/ssua/transferrin family substrate-binding protein,93,1.6
type II and III secretion system protein family protein,type ii and iii secretion system protein family protein,83,1.6
phosphonate C-P lyase system protein PhnH,phosphonate c-p lyase system protein phnh,59,1.6
P1 family peptidase,p1 family peptidase,61,1.5969447708578146
methanol/ethanol family PQQ-dependent dehydrogenase,methanol/ethanol family pqq-dependent dehydrogenase,64,1.596850419642554
tripartite tricarboxylate transporter substrate binding protein,tripartite tricarboxylate transporter substrate binding protein,540,1.5966323531278162
M14 family metallopeptidase,m14 family metallopeptidase,54,1.5895652173913044
Lrp/AsnC ligand binding domain-containing protein,lrp/asnc ligand binding domain-containing protein,65,1.5883075446423862
DUF3300 domain-containing protein,duf3300 domain-containing protein,87,1.5862068965517242
phosphate acetyltransferase,phosphate acetyltransferase,124,1.583916083916084
malto-oligosyltrehalose trehalohydrolase,malto-oligosyltrehalose trehalohydrolase,84,1.5829317234140035
CpaF family protein,cpaf family protein,91,1.5789473684210529
TfuA-like protein,tfua-like protein,85,1.5789473684210529
urea ABC transporter ATP-binding subunit UrtE,urea abc transporter atp-binding subunit urte,79,1.5789473684210529
NmrA family NAD(P)-binding protein,nmra family nad(p)-binding protein,114,1.577629745733194
electron transfer flavoprotein subunit alpha/FixB family protein,electron transfer flavoprotein subunit alpha/fixb family protein,169,1.5714285714285714
branched-chain amino acid aminotransferase,branched-chain amino acid aminotransferase,57,1.5685602368716405
S41 family peptidase,s41 family peptidase,111,1.5666666666666669
heavy metal sensor histidine kinase,heavy metal sensor histidine kinase,85,1.5664845027723482
DUF899 domain-containing protein,duf899 domain-containing protein,60,1.56593567251462
dihydroneopterin aldolase,dihydroneopterin aldolase,89,1.565563434785403
organic hydroperoxide resistance protein,organic hydroperoxide resistance protein,149,1.5645061728395064
Ti-type conjugative transfer relaxase TraA,ti-type conjugative transfer relaxase traa,65,1.5624715002279983
CerR family C-terminal domain-containing protein,cerr family c-terminal domain-containing protein,58,1.5616891278655984
PDR/VanB family oxidoreductase,pdr/vanb family oxidoreductase,181,1.559818181818182
cytochrome c oxidase subunit I,cytochrome c oxidase subunit i,142,1.559393179102459
Hpt domain-containing protein,hpt domain-containing protein,54,1.55625
2-dehydropantoate 2-reductase,2-dehydropantoate 2-reductase,72,1.5560299836615625
MoxR family ATPase,moxr family atpase,122,1.5555555555555556
alcohol dehydrogenase family protein,alcohol dehydrogenase family protein,57,1.5555555555555556
MoaD/ThiS family protein,moad/this family protein,51,1.5542823189882016
low affinity iron permease family protein,low affinity iron permease family protein,90,1.552626050420168
xanthine dehydrogenase molybdopterin binding subunit,xanthine dehydrogenase molybdopterin binding subunit,96,1.5517241379310347
trimethylamine methyltransferase family protein,trimethylamine methyltransferase family protein,51,1.5483870967741935
aldehyde dehydrogenase (NADP(+)),aldehyde dehydrogenase (nadp(+)),160,1.5428571428571427
acetyl-CoA hydrolase/transferase family protein,acetyl-coa hydrolase/transferase family protein,55,1.5422832980972516
pyrroloquinoline-quinone synthase PqqC,pyrroloquinoline-quinone synthase pqqc,76,1.5416666666666665
DUF6212 domain-containing protein,duf6212 domain-containing protein,62,1.541316441180237
xanthine dehydrogenase small subunit,xanthine dehydrogenase small subunit,95,1.5391534391534394
4-carboxy-4-hydroxy-2-oxoadipate aldolase/oxaloacetate decarboxylase,4-carboxy-4-hydroxy-2-oxoadipate aldolase/oxaloacetate decarboxylase,84,1.5376131221719458
formate C-acetyltransferase,formate c-acetyltransferase,52,1.535362176525116
quinone oxidoreductase family protein,quinone oxidoreductase family protein,73,1.5346153846153847
late promoter-activating protein,late promoter-activating protein,214,1.5333333333333332
late promoter-activating protein (Gp10),late promoter-activating protein (gp10),64,1.5333333333333332
sulfate adenylyltransferase subunit CysD,sulfate adenylyltransferase subunit cysd,115,1.5330533371330335
"galactofuranose ABC transporter, permease protein YjfF","galactofuranose abc transporter, permease protein yjff",70,1.5327219766049556
pyrroline-5-carboxylate reductase,pyrroline-5-carboxylate reductase,96,1.5314758114758114
efflux transporter outer membrane subunit,efflux transporter outer membrane subunit,360,1.5262626262626262
TRAP transporter permease,trap transporter permease,117,1.525
dodecin,dodecin,68,1.525
CoA-acylating methylmalonate-semialdehyde dehydrogenase,coa-acylating methylmalonate-semialdehyde dehydrogenase,139,1.5242587601078168
UDP-galactopyranose mutase,udp-galactopyranose mutase,61,1.5238623751387348
peptidoglycan-binding domain-containing protein,peptidoglycan-binding domain-containing protein,57,1.523048803044925
uracil-xanthine permease family protein,uracil-xanthine permease family protein,70,1.5204812428950358
NAD(+) synthase,nad(+) synthase,85,1.5203619909502262
Na/Pi cotransporter family protein,na/pi cotransporter family protein,117,1.5192307692307694
"cobyrinate a,c-diamide synthase","cobyrinate a,c-diamide synthase",69,1.5177924445499766
2-keto-4-pentenoate hydratase,2-keto-4-pentenoate hydratase,78,1.5173963077845225
diguanylate cyclase domain-containing protein,diguanylate cyclase domain-containing protein,88,1.5173290860449944
chorismate mutase,chorismate mutase,56,1.5131802721088436
glycoside hydrolase family 28 protein,glycoside hydrolase family 28 protein,73,1.5115830115830116
DUF475 domain-containing protein,duf475 domain-containing protein,58,1.511557824793119
aldolase,aldolase,97,1.5100559163059164
sodium:calcium antiporter,sodium:calcium antiporter,56,1.5092245197626846
esterase-like activity of phytase family protein,esterase-like activity of phytase family protein,53,1.508524158446759
potassium transporter Kup,potassium transporter kup,87,1.5075154730327145
sialidase family protein,sialidase family protein,70,1.5069731348503725
class 1 fructose-bisphosphatase,class 1 fructose-bisphosphatase,74,1.5055555555555555
cytochrome c oxidase assembly protein,cytochrome c oxidase assembly protein,122,1.5052954893904715
DUF488 domain-containing protein,duf488 domain-containing protein,78,1.504090354090354
NADH-quinone oxidoreductase subunit NuoE,nadh-quinone oxidoreductase subunit nuoe,57,1.5029761904761905
copper resistance system multicopper oxidase,copper resistance system multicopper oxidase,52,1.5016017316017316
DNA-binding protein,dna-binding protein,761,1.5
calcium-binding protein,calcium-binding protein,538,1.5
Gp49 family protein,gp49 family protein,390,1.5
chemotaxis protein CheW,chemotaxis protein chew,280,1.5
DUF4142 domain-containing protein,duf4142 domain-containing protein,169,1.5
sigma-54 dependent transcriptional regulator,sigma-54 dependent transcriptional regulator,169,1.5
flavoprotein,flavoprotein,119,1.5
autotransporter domain-containing protein,autotransporter domain-containing protein,101,1.5
phenylacetic acid degradation bifunctional protein PaaZ,phenylacetic acid degradation bifunctional protein paaz,100,1.5
cytochrome o ubiquinol oxidase subunit I,cytochrome o ubiquinol oxidase subunit i,95,1.5
SURF1 family protein,surf1 family protein,92,1.5
5-dehydro-4-deoxyglucarate dehydratase,5-dehydro-4-deoxyglucarate dehydratase,89,1.5
2-hydroxy-3-oxopropionate reductase,2-hydroxy-3-oxopropionate reductase,79,1.5
4-carboxymuconolactone decarboxylase,4-carboxymuconolactone decarboxylase,76,1.5
substrate-binding periplasmic protein,substrate-binding periplasmic protein,71,1.5
DUF1858 domain-containing protein,duf1858 domain-containing protein,70,1.5
hydrogen peroxide-inducible genes activator,hydrogen peroxide-inducible genes activator,53,1.5
methylisocitrate lyase,methylisocitrate lyase,53,1.5
Ldh family oxidoreductase,ldh family oxidoreductase,244,1.499229583975347
formate dehydrogenase subunit alpha,formate dehydrogenase subunit alpha,111,1.498397435897436
TadE/TadG family type IV pilus assembly protein,tade/tadg family type iv pilus assembly protein,178,1.49812030075188
L-fuconate dehydratase,l-fuconate dehydratase,75,1.4971590909090908
3-isopropylmalate dehydratase small subunit,3-isopropylmalate dehydratase small subunit,101,1.4958853238265004
UbiX family flavin prenyltransferase,ubix family flavin prenyltransferase,124,1.4953560371517027
MaoC family dehydratase N-terminal domain-containing protein,maoc family dehydratase n-terminal domain-containing protein,54,1.492081921701487
acetate/propionate family kinase,acetate/propionate family kinase,129,1.4912916348843122
ABC transporter ATP-binding protein/permease,abc transporter atp-binding protein/permease,105,1.489450320156933
MarC family protein,marc family protein,74,1.4889347543425084
type VI secretion system baseplate subunit TssK,type vi secretion system baseplate subunit tssk,88,1.4885085438473662
precorrin-2 C(20)-methyltransferase,precorrin-2 c(20)-methyltransferase,68,1.4872115384615388
phosphonate metabolism transcriptional regulator PhnF,phosphonate metabolism transcriptional regulator phnf,65,1.4871794871794872
D-TA family PLP-dependent enzyme,d-ta family plp-dependent enzyme,53,1.4861111111111112
multicopper oxidase family protein,multicopper oxidase family protein,155,1.4860853432282004
oxygenase MpaB family protein,oxygenase mpab family protein,58,1.4856039077938132
CoA-transferase subunit beta,coa-transferase subunit beta,55,1.4830940988835724
dihydropyrimidinase,dihydropyrimidinase,83,1.4830163043478262
triphosphoribosyl-dephospho-CoA synthase,triphosphoribosyl-dephospho-coa synthase,53,1.482188569813714
TIGR02594 family protein,tigr02594 family protein,116,1.4807692307692308
CoA transferase,coa transferase,128,1.4804427638555562
malonyl-CoA decarboxylase,malonyl-coa decarboxylase,52,1.4792964030114324
fatty acid desaturase family protein,fatty acid desaturase family protein,73,1.4791965566714491
precorrin-8X methylmutase,precorrin-8x methylmutase,63,1.4782135076252725
GSU2403 family nucleotidyltransferase fold protein,gsu2403 family nucleotidyltransferase fold protein,63,1.4775641025641026
glycine betaine ABC transporter substrate-binding protein,glycine betaine abc transporter substrate-binding protein,110,1.4772937090456617
sulfate ABC transporter permease subunit CysT,sulfate abc transporter permease subunit cyst,92,1.4765371963562752
FAD/NAD(P)-binding protein,fad/nad(p)-binding protein,157,1.4761904761904765
formate dehydrogenase-N subunit alpha,formate dehydrogenase-n subunit alpha,56,1.4756180733162831
bifunctional sugar phosphate isomerase/epimerase/4-hydroxyphenylpyruvate dioxygenase family protein,bifunctional sugar phosphate isomerase/epimerase/4-hydroxyphenylpyruvate dioxygenase family protein,76,1.4753028890959927
YVTN family beta-propeller repeat protein,yvtn family beta-propeller repeat protein,62,1.4744565217391306
CaiB/BaiF CoA-transferase family protein,caib/baif coa-transferase family protein,277,1.4736842105263157
XapX domain-containing protein,xapx domain-containing protein,87,1.4722222222222223
3-hydroxyacyl-CoA dehydrogenase family protein,3-hydroxyacyl-coa dehydrogenase family protein,66,1.47172738338373
type VI secretion system baseplate subunit TssF,type vi secretion system baseplate subunit tssf,90,1.4711904900954442
methyl-accepting chemotaxis protein,methyl-accepting chemotaxis protein,1438,1.4708333333333334
biotin transporter BioY,biotin transporter bioy,53,1.470535714285714
TolC family protein,tolc family protein,406,1.4702923641602887
PepSY-associated TM helix domain-containing protein,pepsy-associated tm helix domain-containing protein,147,1.46987087517934
superoxide dismutase,superoxide dismutase,63,1.467857142857143
aspartate-semialdehyde dehydrogenase,aspartate-semialdehyde dehydrogenase,88,1.467142857142857
histidine utilization repressor,histidine utilization repressor,132,1.4666666666666668
isocitrate lyase/PEP mutase family protein,isocitrate lyase/pep mutase family protein,65,1.4659090909090908
(Fe-S)-binding protein,(fe-s)-binding protein,56,1.4649358974358975
class I adenylate-forming enzyme family protein,class i adenylate-forming enzyme family protein,228,1.4648543161556862
4Fe-4S binding protein,4fe-4s binding protein,72,1.4646460285343474
isochorismatase family protein,isochorismatase family protein,225,1.4642857142857144
type VI secretion system contractile sheath small subunit,type vi secretion system contractile sheath small subunit,87,1.4642857142857144
3-isopropylmalate dehydratase large subunit,3-isopropylmalate dehydratase large subunit,109,1.4639526165841956
nitronate monooxygenase family protein,nitronate monooxygenase family protein,84,1.460135174000575
2-dehydro-3-deoxygalactonokinase,2-dehydro-3-deoxygalactonokinase,87,1.4597402597402598
long-chain fatty acid--CoA ligase,long-chain fatty acid--coa ligase,76,1.4596978021978022
YoaK family protein,yoak family protein,104,1.4590314296196651
type VI secretion system ATPase TssH,type vi secretion system atpase tssh,79,1.4585858585858589
type VI secretion system baseplate subunit TssG,type vi secretion system baseplate subunit tssg,87,1.4580297751029456
porin,porin,602,1.4570991681192895
DNA ligase D,dna ligase d,118,1.4545693999211546
S-formylglutathione hydrolase,s-formylglutathione hydrolase,159,1.4545454545454546
phosphonate C-P lyase system protein PhnK,phosphonate c-p lyase system protein phnk,58,1.4536019536019538
branched-chain amino acid ABC transporter permease,branched-chain amino acid abc transporter permease,1044,1.4530638012780872
DNA-binding domain-containing protein,dna-binding domain-containing protein,72,1.4529646697388632
SIR2 family NAD-dependent protein deacylase,sir2 family nad-dependent protein deacylase,76,1.4526315789473685
efflux RND transporter periplasmic adaptor subunit,efflux rnd transporter periplasmic adaptor subunit,1164,1.4520452468278557
copper resistance protein B,copper resistance protein b,65,1.4517045454545454
saccharopine dehydrogenase family protein,saccharopine dehydrogenase family protein,86,1.4515575107981369
acetyl/propionyl/methylcrotonyl-CoA carboxylase subunit alpha,acetyl/propionyl/methylcrotonyl-coa carboxylase subunit alpha,114,1.4508885482314198
electron transfer flavoprotein subunit beta/FixA family protein,electron transfer flavoprotein subunit beta/fixa family protein,176,1.4492890800985918
tail assembly protein,tail assembly protein,724,1.448717948717949
cytochrome c oxidase subunit II,cytochrome c oxidase subunit ii,140,1.4484226190476188
sulfotransferase domain-containing protein,sulfotransferase domain-containing protein,116,1.4482758620689655
membrane dipeptidase,membrane dipeptidase,100,1.4482758620689655
ornithine cyclodeaminase,ornithine cyclodeaminase,97,1.4482758620689655
dihydrolipoamide acetyltransferase family protein,dihydrolipoamide acetyltransferase family protein,88,1.4482758620689655
CheR family methyltransferase,cher family methyltransferase,181,1.4473684210526314
allantoinase PuuE,allantoinase puue,110,1.4472727272727273
PACE efflux transporter,pace efflux transporter,53,1.4468420468420469
recombinase,recombinase,146,1.4464285714285716
flavodoxin family protein,flavodoxin family protein,122,1.4463599484318703
Rieske (2Fe-2S) protein,rieske (2fe-2s) protein,63,1.4462809915043735
NADH-quinone oxidoreductase subunit A,nadh-quinone oxidoreductase subunit a,56,1.4450549450549453
D-xylose ABC transporter substrate-binding protein,d-xylose abc transporter substrate-binding protein,118,1.4440549138651662
glycogen synthase GlgA,glycogen synthase glga,73,1.4435612082670906
twin-arginine translocation signal domain-containing protein,twin-arginine translocation signal domain-containing protein,55,1.441666666666667
long-chain-fatty-acid--CoA ligase,long-chain-fatty-acid--coa ligase,55,1.4406779661016949
chemotaxis protein CheB,chemotaxis protein cheb,141,1.44
discoidin domain-containing protein,discoidin domain-containing protein,99,1.44
lipopolysaccharide biosynthesis protein,lipopolysaccharide biosynthesis protein,202,1.439953146447049
histidine ammonia-lyase,histidine ammonia-lyase,130,1.4398476702508962
C4-dicarboxylate TRAP transporter substrate-binding protein,c4-dicarboxylate trap transporter substrate-binding protein,109,1.4386733416770965
NADP-dependent malic enzyme,nadp-dependent malic enzyme,54,1.437666899891716
4Fe-4S dicluster domain-containing protein,4fe-4s dicluster domain-containing protein,91,1.4375
alpha-galactosidase,alpha-galactosidase,59,1.4351106639839035
cytochrome c oxidase accessory protein CcoG,cytochrome c oxidase accessory protein ccog,72,1.4347826086956523
argininosuccinate lyase,argininosuccinate lyase,106,1.4338298663468427
muconate/chloromuconate family cycloisomerase,muconate/chloromuconate family cycloisomerase,51,1.4337958730573332
FdhF/YdeP family oxidoreductase,fdhf/ydep family oxidoreductase,94,1.4330568693767358
protein-L-isoaspartate(D-aspartate) O-methyltransferase,protein-l-isoaspartate(d-aspartate) o-methyltransferase,83,1.4328358208955223
sigma 54-interacting transcriptional regulator,sigma 54-interacting transcriptional regulator,77,1.4322229286591452
formate dehydrogenase accessory sulfurtransferase FdhD,formate dehydrogenase accessory sulfurtransferase fdhd,106,1.4309223388382981
RNA polymerase factor sigma-54,rna polymerase factor sigma-54,52,1.4302574500109602
cold shock protein CspG,cold shock protein cspg,144,1.4285714285714286
holin,holin,100,1.4285714285714286
TRAP transporter large permease,trap transporter large permease,735,1.4279761904761905
SgcJ/EcaC family oxidoreductase,sgcj/ecac family oxidoreductase,60,1.427536231884058
FecR family protein,fecr family protein,112,1.4262820512820515
chromate resistance protein ChrB domain-containing protein,chromate resistance protein chrb domain-containing protein,67,1.425
efflux RND transporter permease subunit,efflux rnd transporter permease subunit,907,1.4245589444569031
sulfotransferase family protein,sulfotransferase family protein,86,1.424112164112164
chloride channel protein,chloride channel protein,85,1.423529411764706
cation acetate symporter,cation acetate symporter,68,1.4223002633889377
HlyD family type I secretion periplasmic adaptor subunit,hlyd family type i secretion periplasmic adaptor subunit,277,1.4210526315789471
sulfate/molybdate ABC transporter ATP-binding protein,sulfate/molybdate abc transporter atp-binding protein,111,1.4210526315789471
CgeB family protein,cgeb family protein,79,1.4210526315789471
RraA family protein,rraa family protein,187,1.420689655172414
ferredoxin-type protein NapF,ferredoxin-type protein napf,59,1.420311285936286
peptidase T,peptidase t,74,1.4200837468982628
branched-chain amino acid ABC transporter substrate-binding protein,branched-chain amino acid abc transporter substrate-binding protein,152,1.4199372353297033
class II aldolase/adducin family protein,class ii aldolase/adducin family protein,186,1.4195985306021428
DNA translocase FtsK,dna translocase ftsk,80,1.4181818181818182
acyl-CoA synthetase,acyl-coa synthetase,124,1.41809210355377
glycosyl hydrolase,glycosyl hydrolase,52,1.4166666666666667
DUF1328 domain-containing protein,duf1328 domain-containing protein,51,1.4166666666666667
DUF4148 domain-containing protein,duf4148 domain-containing protein,223,1.4166666666666663
precorrin-3B C(17)-methyltransferase,precorrin-3b c(17)-methyltransferase,80,1.4164841182913477
glycosyltransferase family 4 protein,glycosyltransferase family 4 protein,1260,1.4147855743290527
invasion associated locus B family protein,invasion associated locus b family protein,64,1.4142857142857141
xanthine dehydrogenase family protein molybdopterin-binding subunit,xanthine dehydrogenase family protein molybdopterin-binding subunit,463,1.4138655462184877
TonB-dependent receptor,tonb-dependent receptor,642,1.4136668717975711
pseudoazurin,pseudoazurin,54,1.412121212121212
Zn-ribbon domain-containing OB-fold protein,zn-ribbon domain-containing ob-fold protein,80,1.4117685963274198
pyridoxal-phosphate dependent enzyme,pyridoxal-phosphate dependent enzyme,114,1.411764705882353
transglutaminase family protein,transglutaminase family protein,111,1.411764705882353
CapA family protein,capa family protein,65,1.411764705882353
cytochrome c oxidase subunit 3,cytochrome c oxidase subunit 3,113,1.4107142857142856
four-helix bundle copper-binding protein,four-helix bundle copper-binding protein,120,1.409659090909091
amino acid ABC transporter substrate-binding protein,amino acid abc transporter substrate-binding protein,178,1.4084683851852677
FAD-binding protein,fad-binding protein,114,1.4082138968286375
SMP-30/gluconolactonase/LRE family protein,smp-30/gluconolactonase/lre family protein,414,1.4082047074268567
ornithine cyclodeaminase family protein,ornithine cyclodeaminase family protein,132,1.4081476485263207
ABC-F family ATP-binding cassette domain-containing protein,abc-f family atp-binding cassette domain-containing protein,131,1.407017543859649
ATP-dependent DNA ligase,atp-dependent dna ligase,109,1.4068825910931175
electron transfer flavoprotein-ubiquinone oxidoreductase,electron transfer flavoprotein-ubiquinone oxidoreductase,69,1.406055900621118
bifunctional metallophosphatase/5'-nucleotidase,bifunctional metallophosphatase/5'-nucleotidase,52,1.405943744425574
pyridoxal phosphate-dependent decarboxylase family protein,pyridoxal phosphate-dependent decarboxylase family protein,64,1.4044792164890616
pyruvate kinase,pyruvate kinase,86,1.4040458105913292
nucleoside hydrolase,nucleoside hydrolase,154,1.4038461538461542
Bug family tripartite tricarboxylate transporter substrate binding protein,bug family tripartite tricarboxylate transporter substrate binding protein,264,1.4019607843137256
Flp family type IVb pilin,flp family type ivb pilin,94,1.401574074074074
formate dehydrogenase subunit beta,formate dehydrogenase subunit beta,53,1.4010889292196007
glycine zipper 2TM domain-containing protein,glycine zipper 2tm domain-containing protein,109,1.4
asparagine synthase (glutamine-hydrolyzing),asparagine synthase (glutamine-hydrolyzing),89,1.4
urea ABC transporter permease subunit UrtB,urea abc transporter permease subunit urtb,79,1.4
TRAP transporter large permease subunit,trap transporter large permease subunit,193,1.3992673992673992
sialic acid TRAP transporter substrate-binding protein SiaP,sialic acid trap transporter substrate-binding protein siap,75,1.399122807017544
acetyl-CoA C-acyltransferase,acetyl-coa c-acyltransferase,121,1.3982630272952856
PLP-dependent cysteine synthase family protein,plp-dependent cysteine synthase family protein,55,1.3979611006277672
type VI secretion system membrane subunit TssM,type vi secretion system membrane subunit tssm,59,1.3976657824933687
sigma-54-dependent transcriptional regulator,sigma-54-dependent transcriptional regulator,186,1.393939393939394
LAGLIDADG family homing endonuclease,laglidadg family homing endonuclease,173,1.393939393939394
oxaloacetate decarboxylase,oxaloacetate decarboxylase,51,1.3935793650793653
"cob(I)yrinic acid a,c-diamide adenosyltransferase","cob(i)yrinic acid a,c-diamide adenosyltransferase",85,1.392857142857143
PHB depolymerase family esterase,phb depolymerase family esterase,91,1.3920454545454546
thiamine pyrophosphate-dependent dehydrogenase E1 component subunit alpha,thiamine pyrophosphate-dependent dehydrogenase e1 component subunit alpha,60,1.392008420338859
acetolactate synthase large subunit,acetolactate synthase large subunit,62,1.3918288817307052
gamma-glutamyltransferase family protein,gamma-glutamyltransferase family protein,128,1.390659001806088
phosphopyruvate hydratase,phosphopyruvate hydratase,65,1.3903332213895387
"amylo-alpha-1,6-glucosidase","amylo-alpha-1,6-glucosidase",72,1.3897477151952575
DUF1801 domain-containing protein,duf1801 domain-containing protein,120,1.3891625615763548
elongation factor Tu,elongation factor tu,55,1.388917988917989
CaiB/BaiF CoA transferase family protein,caib/baif coa transferase family protein,304,1.3875351791328414
NADH-quinone oxidoreductase subunit NuoF,nadh-quinone oxidoreductase subunit nuof,73,1.3856984969053936
acetyl-CoA carboxylase biotin carboxylase subunit,acetyl-coa carboxylase biotin carboxylase subunit,107,1.3851540616246498
UDP-glucuronic acid decarboxylase family protein,udp-glucuronic acid decarboxylase family protein,118,1.384794584500467
type II toxin-antitoxin system RelE/ParE family toxin,type ii toxin-antitoxin system rele/pare family toxin,758,1.3846153846153848
type II secretion system F family protein,type ii secretion system f family protein,327,1.3846153846153848
oxidoreductase,oxidoreductase,251,1.3846153846153848
mannitol dehydrogenase family protein,mannitol dehydrogenase family protein,121,1.3846153846153848
chemotaxis protein CheD,chemotaxis protein ched,78,1.3846153846153848
pyrroloquinoline quinone biosynthesis protein PqqB,pyrroloquinoline quinone biosynthesis protein pqqb,75,1.3846153846153848
quinoprotein dehydrogenase-associated SoxYZ-like carrier,quinoprotein dehydrogenase-associated soxyz-like carrier,59,1.3846153846153848
AMP-binding protein,amp-binding protein,586,1.3846153846153846
sterol desaturase family protein,sterol desaturase family protein,118,1.3837514477931936
site-specific DNA-methyltransferase,site-specific dna-methyltransferase,183,1.3836683198854949
PepSY domain-containing protein,pepsy domain-containing protein,297,1.380297193175564
GtrA family protein,gtra family protein,89,1.379399585921325
catalase,catalase,115,1.37870083959346
GcvT family protein,gcvt family protein,72,1.377049180327869
DUF1254 domain-containing protein,duf1254 domain-containing protein,140,1.376541693600517
hydroxyisourate hydrolase,hydroxyisourate hydrolase,146,1.3762896825396826
aminotransferase,aminotransferase,82,1.3755872798471906
BCCT family transporter,bcct family transporter,200,1.3755705234806663
prepilin peptidase,prepilin peptidase,83,1.375534188034188
UbiD family decarboxylase,ubid family decarboxylase,128,1.3751565656565659
MaoC family dehydratase,maoc family dehydratase,248,1.375
DJ-1/PfpI family protein,dj-1/pfpi family protein,171,1.375
4-oxalocrotonate tautomerase family protein,4-oxalocrotonate tautomerase family protein,51,1.375
D-amino-acid transaminase,d-amino-acid transaminase,68,1.3730939604377104
autotransporter outer membrane beta-barrel domain-containing protein,autotransporter outer membrane beta-barrel domain-containing protein,145,1.3730655727766017
AEC family transporter,aec family transporter,133,1.37258930153667
DUF2092 domain-containing protein,duf2092 domain-containing protein,60,1.37145458558658
FAD-containing oxidoreductase,fad-containing oxidoreductase,71,1.3714285714285714
threonine ammonia-lyase,threonine ammonia-lyase,53,1.3713234296567631
EF-hand domain-containing protein,ef-hand domain-containing protein,104,1.3711816305469555
baseplate protein,baseplate protein,260,1.3703703703703705
adenine deaminase,adenine deaminase,115,1.3703703703703702
P-type conjugative transfer protein VirB9,p-type conjugative transfer protein virb9,54,1.3699698542304377
xanthine dehydrogenase family protein subunit M,xanthine dehydrogenase family protein subunit m,131,1.3695893451720311
UDP-forming cellulose synthase catalytic subunit,udp-forming cellulose synthase catalytic subunit,54,1.3692226249374906
copper homeostasis membrane protein CopD,copper homeostasis membrane protein copd,52,1.3686038011695907
cyclic nucleotide-binding domain-containing protein,cyclic nucleotide-binding domain-containing protein,114,1.3683473389355745
mannonate dehydratase,mannonate dehydratase,152,1.3680384158325336
crotonase/enoyl-CoA hydratase family protein,crotonase/enoyl-coa hydratase family protein,150,1.3679408978970766
M20/M25/M40 family metallo-hydrolase,m20/m25/m40 family metallo-hydrolase,163,1.367672726658902
zinc ribbon domain-containing protein YjdM,zinc ribbon domain-containing protein yjdm,59,1.366666666666667
DUF1194 domain-containing protein,duf1194 domain-containing protein,71,1.3666666666666665
D-amino acid dehydrogenase,d-amino acid dehydrogenase,83,1.3657142857142857
hydroxymethylglutaryl-CoA lyase,hydroxymethylglutaryl-coa lyase,133,1.3652037617554862
NADH-quinone oxidoreductase subunit C,nadh-quinone oxidoreductase subunit c,70,1.3651461081903966
PAS domain-containing protein,pas domain-containing protein,333,1.3645833333333333
urea ABC transporter permease subunit UrtC,urea abc transporter permease subunit urtc,78,1.3636924574437215
LysR substrate-binding domain-containing protein,lysr substrate-binding domain-containing protein,1637,1.3636363636363638
FadR/GntR family transcriptional regulator,fadr/gntr family transcriptional regulator,866,1.3636363636363638
2-hydroxyacid dehydrogenase,2-hydroxyacid dehydrogenase,277,1.3636363636363638
FAD binding domain-containing protein,fad binding domain-containing protein,236,1.3636363636363638
UDP-glucose 4-epimerase GalE,udp-glucose 4-epimerase gale,187,1.3636363636363638
DUF3800 domain-containing protein,duf3800 domain-containing protein,153,1.3636363636363638
hydroxyectoine utilization dehydratase EutB,hydroxyectoine utilization dehydratase eutb,60,1.3636363636363638
HpcH/HpaI aldolase family protein,hpch/hpai aldolase family protein,59,1.361904761904762
NADH-quinone oxidoreductase subunit NuoG,nadh-quinone oxidoreductase subunit nuog,56,1.3606238486856463
tetratricopeptide repeat protein,tetratricopeptide repeat protein,1239,1.3602551140946593
choline ABC transporter substrate-binding protein,choline abc transporter substrate-binding protein,76,1.3599234372588511
UxaA family hydrolase,uxaa family hydrolase,103,1.35978835978836
class 1b ribonucleoside-diphosphate reductase subunit alpha,class 1b ribonucleoside-diphosphate reductase subunit alpha,62,1.3591511324388885
3-hydroxyacyl-CoA dehydrogenase NAD-binding domain-containing protein,3-hydroxyacyl-coa dehydrogenase nad-binding domain-containing protein,128,1.359027777777778
PRC-barrel domain-containing protein,prc-barrel domain-containing protein,250,1.3585093960093961
GspE/PulE family protein,gspe/pule family protein,98,1.358269125065165
molybdopterin cofactor-binding domain-containing protein,molybdopterin cofactor-binding domain-containing protein,95,1.3579825086127002
amidohydrolase family protein,amidohydrolase family protein,956,1.3576036866359447
DHA2 family efflux MFS transporter permease subunit,dha2 family efflux mfs transporter permease subunit,220,1.357565994092469
anti-sigma factor family protein,anti-sigma factor family protein,64,1.3573153899240857
50S ribosomal protein L33,50s ribosomal protein l33,55,1.3572916666666666
trimethoprim-resistant dihydrofolate reductase DfrA50,trimethoprim-resistant dihydrofolate reductase dfra50,251,1.3571428571428572
abortive infection system antitoxin AbiGi family protein,abortive infection system antitoxin abigi family protein,60,1.3571428571428572
WecB/TagA/CpsF family glycosyltransferase,wecb/taga/cpsf family glycosyltransferase,66,1.3570194700629483
uroporphyrinogen-III C-methyltransferase,uroporphyrinogen-iii c-methyltransferase,82,1.3568823256827436
formate dehydrogenase subunit gamma,formate dehydrogenase subunit gamma,97,1.3567774936061383
MbtH family protein,mbth family protein,66,1.3566666666666665
adenylate/guanylate cyclase domain-containing protein,adenylate/guanylate cyclase domain-containing protein,677,1.3563845050215206
bifunctional 4-hydroxy-2-oxoglutarate aldolase/2-dehydro-3-deoxy-phosphogluconate aldolase,bifunctional 4-hydroxy-2-oxoglutarate aldolase/2-dehydro-3-deoxy-phosphogluconate aldolase,91,1.3561904761904762
FUSC family protein,fusc family protein,204,1.3556885833201624
serine/threonine protein kinase,serine/threonine protein kinase,60,1.3555194805194808
acyl-CoA carboxylase subunit beta,acyl-coa carboxylase subunit beta,96,1.3548623030113902
molybdenum ABC transporter ATP-binding protein,molybdenum abc transporter atp-binding protein,88,1.3548387096774197
5-methyltetrahydropteroyltriglutamate-- homocysteine S-methyltransferase,5-methyltetrahydropteroyltriglutamate-- homocysteine s-methyltransferase,81,1.3548387096774197
PAS domain-containing sensor histidine kinase,pas domain-containing sensor histidine kinase,196,1.3547033394286931
bifunctional 2-polyprenyl-6-hydroxyphenol methylase/3-demethylubiquinol 3-O-methyltransferase UbiG,bifunctional 2-polyprenyl-6-hydroxyphenol methylase/3-demethylubiquinol 3-o-methyltransferase ubig,112,1.3543472394182334
acetylornithine deacetylase,acetylornithine deacetylase,118,1.3541494737146913
MaoC/PaaZ C-terminal domain-containing protein,maoc/paaz c-terminal domain-containing protein,114,1.3538030596854127
type II secretion system protein,type ii secretion system protein,129,1.3535227231504527
phosphate/phosphite/phosphonate ABC transporter substrate-binding protein,phosphate/phosphite/phosphonate abc transporter substrate-binding protein,65,1.352726358708611
cytochrome c family protein,cytochrome c family protein,64,1.3523686679174483
tartrate dehydrogenase,tartrate dehydrogenase,150,1.3522823541305167
IDEAL domain-containing protein,ideal domain-containing protein,56,1.3521541950113378
bifunctional diguanylate cyclase/phosphodiesterase,bifunctional diguanylate cyclase/phosphodiesterase,213,1.3521126760563382
aspartate/glutamate racemase family protein,aspartate/glutamate racemase family protein,278,1.3519614793042267
citrate synthase,citrate synthase,62,1.351553800152839
amidohydrolase,amidohydrolase,564,1.35
methylated-DNA--[protein]-cysteine S-methyltransferase,methylated-dna--[protein]-cysteine s-methyltransferase,117,1.35
TerC family protein,terc family protein,202,1.3488224018544384
sulfur carrier protein ThiS,sulfur carrier protein this,90,1.3476190476190475
acetate--CoA ligase family protein,acetate--coa ligase family protein,95,1.3474341192787795
response regulator,response regulator,2475,1.3469387755102042
carbohydrate kinase family protein,carbohydrate kinase family protein,135,1.3469075439688274
enoyl-CoA hydratase/isomerase family protein,enoyl-coa hydratase/isomerase family protein,511,1.3468468468468469
aromatic ring-hydroxylating dioxygenase subunit alpha,aromatic ring-hydroxylating dioxygenase subunit alpha,221,1.3463529499875182
penicillin acylase family protein,penicillin acylase family protein,53,1.3461538461538465
CoA ester lyase,coa ester lyase,73,1.345122455112313
phosphotransferase enzyme family protein,phosphotransferase enzyme family protein,51,1.3448275862068966
cytochrome-c peroxidase,cytochrome-c peroxidase,155,1.3445858902771637
BON domain-containing protein,bon domain-containing protein,292,1.3443943450909397
S9 family peptidase,s9 family peptidase,74,1.3439956401834197
ethanolamine ammonia-lyase subunit EutB,ethanolamine ammonia-lyase subunit eutb,53,1.3433583959899749
cellulose biosynthesis cyclic di-GMP-binding regulatory protein BcsB,cellulose biosynthesis cyclic di-gmp-binding regulatory protein bcsb,54,1.3426877470355731
type IV secretion system protein VirB10,type iv secretion system protein virb10,68,1.342608695652174
glycosyltransferase family 39 protein,glycosyltransferase family 39 protein,89,1.3424279379157429
HlyD family secretion protein,hlyd family secretion protein,461,1.3422459893048129
penicillin-binding protein 1C,penicillin-binding protein 1c,54,1.342105263157895
sn-glycerol-3-phosphate ABC transporter ATP-binding protein UgpC,sn-glycerol-3-phosphate abc transporter atp-binding protein ugpc,122,1.3418138760880698
GlsB/YeaQ/YmgE family stress response membrane protein,glsb/yeaq/ymge family stress response membrane protein,156,1.3417314593301435
2-dehydro-3-deoxy-D-gluconate 5-dehydrogenase KduD,2-dehydro-3-deoxy-d-gluconate 5-dehydrogenase kdud,111,1.340909090909091
dCTP deaminase,dctp deaminase,53,1.3407181054239878
ANTAR domain-containing response regulator,antar domain-containing response regulator,118,1.3406704695767195
diaminopimelate decarboxylase,diaminopimelate decarboxylase,68,1.3399268564337756
hydantoinase B/oxoprolinase family protein,hydantoinase b/oxoprolinase family protein,266,1.3392857142857142
P-II family nitrogen regulator,p-ii family nitrogen regulator,66,1.3382789432789433
translation initiation factor IF-1,translation initiation factor if-1,91,1.3376623376623376
M20 aminoacylase family protein,m20 aminoacylase family protein,192,1.3373586774629214
2OG-Fe(II) oxygenase,2og-fe(ii) oxygenase,97,1.336842105263158
M81 family metallopeptidase,m81 family metallopeptidase,192,1.3362768475948674
polysaccharide biosynthesis protein,polysaccharide biosynthesis protein,79,1.336231884057971
dihydroxy-acid dehydratase,dihydroxy-acid dehydratase,85,1.3356883334307
TonB-dependent siderophore receptor,tonb-dependent siderophore receptor,450,1.3350903655990796
glutathione S-transferase,glutathione s-transferase,127,1.3345098039215686
acyclic terpene utilization AtuA family protein,acyclic terpene utilization atua family protein,60,1.3344029534169257
FAD:protein FMN transferase,fad:protein fmn transferase,106,1.3343438635586806
NYN domain-containing protein,nyn domain-containing protein,133,1.3336569655718593
exodeoxyribonuclease III,exodeoxyribonuclease iii,110,1.3335401157981803
NUMOD4 motif-containing HNH endonuclease,numod4 motif-containing hnh endonuclease,203,1.3333333333333337
sigma factor-like helix-turn-helix DNA-binding protein,sigma factor-like helix-turn-helix dna-binding protein,55,1.3333333333333337
c-type cytochrome,c-type cytochrome,674,1.3333333333333333
(2Fe-2S)-binding protein,(2fe-2s)-binding protein,637,1.3333333333333333
iron ABC transporter permease,iron abc transporter permease,310,1.3333333333333333
polysaccharide pyruvyl transferase family protein,polysaccharide pyruvyl transferase family protein,271,1.3333333333333333
trimethoprim-resistant dihydrofolate reductase DfrA51,trimethoprim-resistant dihydrofolate reductase dfra51,231,1.3333333333333333
plasmid partitioning protein RepA,plasmid partitioning protein repa,219,1.3333333333333333
DUF1127 domain-containing protein,duf1127 domain-containing protein,212,1.3333333333333333
TAXI family TRAP transporter solute-binding subunit,taxi family trap transporter solute-binding subunit,204,1.3333333333333333
phytanoyl-CoA dioxygenase family protein,phytanoyl-coa dioxygenase family protein,166,1.3333333333333333
four-carbon acid sugar kinase family protein,four-carbon acid sugar kinase family protein,141,1.3333333333333333
alpha-hydroxy acid oxidase,alpha-hydroxy acid oxidase,132,1.3333333333333333
DUF995 domain-containing protein,duf995 domain-containing protein,130,1.3333333333333333
glucose-1-phosphate thymidylyltransferase RfbA,glucose-1-phosphate thymidylyltransferase rfba,127,1.3333333333333333
putative selenium delivery protein YdfZ,putative selenium delivery protein ydfz,125,1.3333333333333333
DUF7238 family protein,duf7238 family protein,97,1.3333333333333333
DUF2282 domain-containing protein,duf2282 domain-containing protein,86,1.3333333333333333
phosphopantetheine-binding protein,phosphopantetheine-binding protein,83,1.3333333333333333
type VI secretion system baseplate subunit TssE,type vi secretion system baseplate subunit tsse,75,1.3333333333333333
"1,2-phenylacetyl-CoA epoxidase subunit PaaC","1,2-phenylacetyl-coa epoxidase subunit paac",68,1.3333333333333333
CRTAC1 family protein,crtac1 family protein,67,1.3333333333333333
multiple monosaccharide ABC transporter ATP-binding protein,multiple monosaccharide abc transporter atp-binding protein,66,1.3333333333333333
dual specificity protein phosphatase family protein,dual specificity protein phosphatase family protein,65,1.3333333333333333
conjugal transfer protein TraD,conjugal transfer protein trad,62,1.3333333333333333
type II toxin-antitoxin system HigB family toxin,type ii toxin-antitoxin system higb family toxin,60,1.3333333333333333
trimeric intracellular cation channel family protein,trimeric intracellular cation channel family protein,59,1.3333333333333333
sugar-binding protein,sugar-binding protein,58,1.3333333333333333
acetyltransferase,acetyltransferase,55,1.3333333333333333
Na+/H+ antiporter NhaA,na+/h+ antiporter nhaa,53,1.3333333333333333
PotD/PotF family extracellular solute-binding protein,potd/potf family extracellular solute-binding protein,70,1.333214386689908
GDSL-type esterase/lipase family protein,gdsl-type esterase/lipase family protein,81,1.3325358851674642
class 1b ribonucleoside-diphosphate reductase subunit beta,class 1b ribonucleoside-diphosphate reductase subunit beta,65,1.3323274579018471
alpha-amylase family protein,alpha-amylase family protein,60,1.33134763339298
circularly permuted type 2 ATP-grasp protein,circularly permuted type 2 atp-grasp protein,81,1.3309985632183907
3-hydroxyacyl-CoA dehydrogenase,3-hydroxyacyl-coa dehydrogenase,82,1.3308428276683086
TlpA disulfide reductase family protein,tlpa disulfide reductase family protein,96,1.3304217985663096
N-acetyl-gamma-glutamyl-phosphate reductase,n-acetyl-gamma-glutamyl-phosphate reductase,65,1.3296129282737117
YcaO-like family protein,ycao-like family protein,78,1.3294454887218046
L-aspartate oxidase,l-aspartate oxidase,72,1.3292797716416598
glycerate kinase type-2 family protein,glycerate kinase type-2 family protein,58,1.3289939411980196
shikimate dehydrogenase,shikimate dehydrogenase,154,1.3285714285714283
anti-sigma factor,anti-sigma factor,106,1.3279761904761904
acyl-homoserine-lactone synthase,acyl-homoserine-lactone synthase,70,1.32697744749718
thiamine phosphate synthase,thiamine phosphate synthase,130,1.3266138353334647
glyoxylate/hydroxypyruvate reductase A,glyoxylate/hydroxypyruvate reductase a,62,1.325770093433137
phage N-6-adenine-methyltransferase,phage n-6-adenine-methyltransferase,605,1.325
3-keto-5-aminohexanoate cleavage protein,3-keto-5-aminohexanoate cleavage protein,233,1.3249118683901293
M23 family metallopeptidase,m23 family metallopeptidase,198,1.3247732850071374
DUF6283 family protein,duf6283 family protein,62,1.3247224997224998
"D-tagatose-bisphosphate aldolase, class II, non-catalytic subunit","d-tagatose-bisphosphate aldolase, class ii, non-catalytic subunit",57,1.3244412400865178
glutathione S-transferase family protein,glutathione s-transferase family protein,638,1.3243244267403933
carbohydrate porin,carbohydrate porin,121,1.3235294117647058
FAD-binding oxidoreductase,fad-binding oxidoreductase,870,1.3233848811179774
urocanate hydratase,urocanate hydratase,118,1.3231185198771216
N-formylglutamate amidohydrolase,n-formylglutamate amidohydrolase,93,1.323065885716913
L-lactate permease,l-lactate permease,66,1.322487199014558
sulfatase,sulfatase,78,1.3224769104650305
MipA/OmpV family protein,mipa/ompv family protein,80,1.3220611916264091
NAD(P)H-dependent flavin oxidoreductase,nad(p)h-dependent flavin oxidoreductase,96,1.321528498301038
PaaI family thioesterase,paai family thioesterase,183,1.3214285714285716
recombinase RecA,recombinase reca,335,1.3214285714285714
ectoine/hydroxyectoine ABC transporter ATP-binding protein EhuA,ectoine/hydroxyectoine abc transporter atp-binding protein ehua,62,1.3213545915486382
tripartite tricarboxylate transporter permease,tripartite tricarboxylate transporter permease,419,1.320593149540518
4-hydroxythreonine-4-phosphate dehydrogenase PdxA,4-hydroxythreonine-4-phosphate dehydrogenase pdxa,163,1.32
fatty acid desaturase,fatty acid desaturase,112,1.319747383258402
DUF992 domain-containing protein,duf992 domain-containing protein,72,1.3192640692640691
enoyl-CoA hydratase,enoyl-coa hydratase,134,1.3188845050215208
MmgE/PrpD family protein,mmge/prpd family protein,274,1.3185483870967742
dienelactone hydrolase family protein,dienelactone hydrolase family protein,209,1.3185312899106
IlvD/Edd family dehydratase,ilvd/edd family dehydratase,99,1.3184615384615386
HpcH/HpaI aldolase/citrate lyase family protein,hpch/hpai aldolase/citrate lyase family protein,136,1.3184504357298477
agmatinase,agmatinase,133,1.3181818181818183
patatin-like phospholipase family protein,patatin-like phospholipase family protein,206,1.3181625899995981
metallophosphoesterase family protein,metallophosphoesterase family protein,553,1.317285760834148
fumarylacetoacetase,fumarylacetoacetase,51,1.317111459968603
amino acid ABC transporter permease,amino acid abc transporter permease,1277,1.3170731707317074
serine hydrolase,serine hydrolase,239,1.3170731707317074
glycosyltransferase family protein,glycosyltransferase family protein,125,1.3166666666666669
sodium:solute symporter family protein,sodium:solute symporter family protein,70,1.3162391947880145
TonB-dependent receptor domain-containing protein,tonb-dependent receptor domain-containing protein,118,1.31604020979021
glucose-6-phosphate isomerase,glucose-6-phosphate isomerase,52,1.3159294163387956
4'-phosphopantetheinyl transferase superfamily protein,4'-phosphopantetheinyl transferase superfamily protein,70,1.3158445326021229
mandelate racemase/muconate lactonizing enzyme family protein,mandelate racemase/muconate lactonizing enzyme family protein,505,1.3157176447917571
HdeD family acid-resistance protein,hded family acid-resistance protein,90,1.3155951656644325
phosphatase PAP2 family protein,phosphatase pap2 family protein,270,1.3152889698389478
glucuronate isomerase,glucuronate isomerase,80,1.315226890537668
DUF692 domain-containing protein,duf692 domain-containing protein,84,1.3147992358518676
"1,2-phenylacetyl-CoA epoxidase subunit PaaA","1,2-phenylacetyl-coa epoxidase subunit paaa",69,1.314484126984127
SIS domain-containing protein,sis domain-containing protein,206,1.3144417980811647
Flp pilus assembly protein CpaB,flp pilus assembly protein cpab,83,1.3135893246187365
NIPSNAP family protein,nipsnap family protein,128,1.3134920634920637
PAS domain S-box protein,pas domain s-box protein,387,1.3134349326317662
TrbC/VirB2 family protein,trbc/virb2 family protein,118,1.3132177033492825
tripartite tricarboxylate transporter TctB family protein,tripartite tricarboxylate transporter tctb family protein,400,1.3129283910533913
hydantoinase/oxoprolinase family protein,hydantoinase/oxoprolinase family protein,254,1.312826381260833
aldehyde dehydrogenase family protein,aldehyde dehydrogenase family protein,1020,1.3125
amidase,amidase,438,1.3125
chemotaxis protein CheA,chemotaxis protein chea,126,1.3125
imidazolonepropionase,imidazolonepropionase,111,1.3125
hydroxyacid dehydrogenase,hydroxyacid dehydrogenase,104,1.3125
TniB family NTP-binding protein,tnib family ntp-binding protein,77,1.3125
glutamine amidotransferase,glutamine amidotransferase,71,1.3121794871794872
LysR family transcriptional regulator,lysr family transcriptional regulator,6106,1.312094155844156
"L,D-transpeptidase","l,d-transpeptidase",307,1.311918073572209
alpha-2-macroglobulin family protein,alpha-2-macroglobulin family protein,56,1.3114934924949035
CBS domain-containing protein,cbs domain-containing protein,400,1.3112591260760598
amino acid ABC transporter ATP-binding protein,amino acid abc transporter atp-binding protein,739,1.3112073112073113
gamma-glutamyltransferase,gamma-glutamyltransferase,145,1.310610713007514
PHP domain-containing protein,php domain-containing protein,79,1.3105882352941176
NAD-dependent epimerase/dehydratase family protein,nad-dependent epimerase/dehydratase family protein,734,1.309464991530209
type VI secretion system contractile sheath large subunit,type vi secretion system contractile sheath large subunit,89,1.3094362745098038
aldo/keto reductase family oxidoreductase,aldo/keto reductase family oxidoreductase,62,1.3091767881241565
sugar ABC transporter ATP-binding protein,sugar abc transporter atp-binding protein,956,1.309027777777778
glucose-6-phosphate dehydrogenase,glucose-6-phosphate dehydrogenase,75,1.3086318736874851
ATPase domain-containing protein,atpase domain-containing protein,90,1.3079748050558164
2Fe-2S iron-sulfur cluster-binding protein,2fe-2s iron-sulfur cluster-binding protein,234,1.307879401300454
carboxymuconolactone decarboxylase family protein,carboxymuconolactone decarboxylase family protein,615,1.3074036656743424
hemerythrin domain-containing protein,hemerythrin domain-containing protein,108,1.3071820175438595
response regulator transcription factor,response regulator transcription factor,2169,1.3071570042158276
DUF2950 domain-containing protein,duf2950 domain-containing protein,63,1.3063427800269904
nitrite reductase large subunit NirB,nitrite reductase large subunit nirb,120,1.3061223667076534
5-dehydro-4-deoxy-D-glucuronate isomerase,5-dehydro-4-deoxy-d-glucuronate isomerase,117,1.3058823529411767
FAD-dependent monooxygenase,fad-dependent monooxygenase,261,1.305084745762712
bifunctional hydroxymethylpyrimidine kinase/phosphomethylpyrimidine kinase,bifunctional hydroxymethylpyrimidine kinase/phosphomethylpyrimidine kinase,113,1.304908505343288
family 16 glycosylhydrolase,family 16 glycosylhydrolase,119,1.3043478260869563
elongation factor G,elongation factor g,101,1.3043478260869563
isovaleryl-CoA dehydrogenase,isovaleryl-coa dehydrogenase,93,1.3043478260869563
nitrate reductase subunit beta,nitrate reductase subunit beta,71,1.3043478260869563
plasmid replication protein RepC,plasmid replication protein repc,181,1.304081632653061
aldo/keto reductase,aldo/keto reductase,961,1.3024900962082626
arginine deiminase,arginine deiminase,53,1.3023691513582143
epoxide hydrolase family protein,epoxide hydrolase family protein,119,1.30188679245283
beta-N-acetylhexosaminidase,beta-n-acetylhexosaminidase,111,1.3012658227848104
putative bifunctional diguanylate cyclase/phosphodiesterase,putative bifunctional diguanylate cyclase/phosphodiesterase,231,1.3006379585326953
GntR family transcriptional regulator,gntr family transcriptional regulator,2428,1.300466406658357
dipeptidase,dipeptidase,106,1.3003100588416483
histidine phosphatase family protein,histidine phosphatase family protein,341,1.3000000000000005
glucose 1-dehydrogenase,glucose 1-dehydrogenase,227,1.3
copper-binding protein,copper-binding protein,102,1.3
"3'(2'),5'-bisphosphate nucleotidase CysQ","3'(2'),5'-bisphosphate nucleotidase cysq",61,1.2998564455928794
ABC transporter substrate-binding protein,abc transporter substrate-binding protein,6552,1.2996212121212123
DMT family transporter,dmt family transporter,1372,1.2992797765428048
TRAP transporter substrate-binding protein,trap transporter substrate-binding protein,606,1.2985019650455043
"homogentisate 1,2-dioxygenase","homogentisate 1,2-dioxygenase",75,1.2984126984126985
dipeptide ABC transporter ATP-binding protein,dipeptide abc transporter atp-binding protein,123,1.298392683448132
nucleobase:cation symporter-2 family protein,nucleobase:cation symporter-2 family protein,116,1.2976306143785445
cyclophilin-like fold protein,cyclophilin-like fold protein,61,1.2976190476190474
glutaredoxin family protein,glutaredoxin family protein,84,1.2975462037962036
PQQ-dependent sugar dehydrogenase,pqq-dependent sugar dehydrogenase,151,1.2972972972972974
"dTDP-glucose 4,6-dehydratase","dtdp-glucose 4,6-dehydratase",139,1.2970588235294116
arginase family protein,arginase family protein,78,1.296808420337832
toxin-antitoxin system YwqK family antitoxin,toxin-antitoxin system ywqk family antitoxin,61,1.2962962962962965
polysaccharide biosynthesis tyrosine autokinase,polysaccharide biosynthesis tyrosine autokinase,158,1.2962550316273722
RNA polymerase sigma factor,rna polymerase sigma factor,497,1.2952380952380955
sarcosine oxidase subunit alpha family protein,sarcosine oxidase subunit alpha family protein,93,1.295127353266888
TrkH family potassium uptake protein,trkh family potassium uptake protein,80,1.2945185516238147
sugar ABC transporter permease,sugar abc transporter permease,442,1.294415917843389
potassium-transporting ATPase subunit KdpB,potassium-transporting atpase subunit kdpb,80,1.2943996379153089
type II 3-dehydroquinate dehydratase,type ii 3-dehydroquinate dehydratase,96,1.2942963898846251
SRPBCC family protein,srpbcc family protein,512,1.2942532467532468
glycogen debranching protein GlgX,glycogen debranching protein glgx,131,1.2941176470588236
FMN-dependent NADH-azoreductase,fmn-dependent nadh-azoreductase,92,1.293888567572778
cobalamin biosynthesis protein CobT,cobalamin biosynthesis protein cobt,74,1.293700274950275
cache domain-containing protein,cache domain-containing protein,73,1.2924780968927836
cytochrome o ubiquinol oxidase subunit III,cytochrome o ubiquinol oxidase subunit iii,99,1.2924175970228602
D-erythronate dehydrogenase,d-erythronate dehydrogenase,81,1.289858120909799
quinone oxidoreductase,quinone oxidoreductase,54,1.28968253968254
tripartite tricarboxylate transporter substrate-binding protein,tripartite tricarboxylate transporter substrate-binding protein,95,1.2894170529826967
TauD/TfdA family dioxygenase,taud/tfda family dioxygenase,154,1.2893347927880292
LacI family DNA-binding transcriptional regulator,laci family dna-binding transcriptional regulator,1750,1.2889177734746622
NAD(P)/FAD-dependent oxidoreductase,nad(p)/fad-dependent oxidoreductase,1670,1.2878715965402319
dihydrodipicolinate synthase family protein,dihydrodipicolinate synthase family protein,643,1.286593707250342
sarcosine oxidase subunit beta family protein,sarcosine oxidase subunit beta family protein,113,1.2865299466953983
oxygen-independent coproporphyrinogen III oxidase,oxygen-independent coproporphyrinogen iii oxidase,52,1.2861880720741987
thiamine pyrophosphate-binding protein,thiamine pyrophosphate-binding protein,145,1.285978763820894
pyridoxamine 5'-phosphate oxidase family protein,pyridoxamine 5'-phosphate oxidase family protein,365,1.2857142857142858
ATP-grasp domain-containing protein,atp-grasp domain-containing protein,288,1.2857142857142858
DUF2934 domain-containing protein,duf2934 domain-containing protein,239,1.2857142857142858
acyl-CoA thioesterase,acyl-coa thioesterase,231,1.2857142857142858
transketolase,transketolase,227,1.2857142857142858
enoyl-CoA hydratase-related protein,enoyl-coa hydratase-related protein,199,1.2857142857142858
plasmid stabilization protein,plasmid stabilization protein,107,1.2857142857142858
phasin family protein,phasin family protein,101,1.2857142857142858
sulfotransferase,sulfotransferase,95,1.2857142857142858
septum site-determining protein MinC,septum site-determining protein minc,93,1.2857142857142858
RHE_PE00001 family protein,rhe_pe00001 family protein,88,1.2857142857142858
DUF2249 domain-containing protein,duf2249 domain-containing protein,85,1.2857142857142858
NUMOD4 domain-containing protein,numod4 domain-containing protein,85,1.2857142857142858
P-type DNA transfer ATPase VirB11,p-type dna transfer atpase virb11,77,1.2857142857142858
NfeD family protein,nfed family protein,66,1.2857142857142858
YbaB/EbfC family nucleoid-associated protein,ybab/ebfc family nucleoid-associated protein,57,1.2857142857142858
aldehyde dehydrogenase iron-sulfur subunit PaoA,aldehyde dehydrogenase iron-sulfur subunit paoa,55,1.2857142857142858
sn-glycerol-3-phosphate ABC transporter permease UgpA,sn-glycerol-3-phosphate abc transporter permease ugpa,55,1.2857142857142858
NADP-dependent isocitrate dehydrogenase,nadp-dependent isocitrate dehydrogenase,53,1.2857142857142858
HAD-IA family hydrolase,had-ia family hydrolase,169,1.2857142857142856
"phosphonate ABC transporter, permease protein PhnE","phosphonate abc transporter, permease protein phne",176,1.2856059661753854
S49 family peptidase,s49 family peptidase,68,1.2851446987963269
Fur family transcriptional regulator,fur family transcriptional regulator,186,1.2847360647799244
nucleotide sugar dehydrogenase,nucleotide sugar dehydrogenase,141,1.2840256161521406
DUF58 domain-containing protein,duf58 domain-containing protein,118,1.2837668630125938
lytic replication protein,lytic replication protein,84,1.283565493646139
FAD-dependent oxidoreductase,fad-dependent oxidoreductase,1033,1.2834520262921454
3-hydroxyisobutyrate dehydrogenase,3-hydroxyisobutyrate dehydrogenase,114,1.2833872770770074
thioesterase II family protein,thioesterase ii family protein,58,1.2833333333333332
2-dehydro-3-deoxy-6-phosphogalactonate aldolase,2-dehydro-3-deoxy-6-phosphogalactonate aldolase,51,1.2832046607384255
MbcA/ParS/Xre antitoxin family protein,mbca/pars/xre antitoxin family protein,58,1.283105742296919
DNA polymerase Y family protein,dna polymerase y family protein,71,1.2828151687537763
sulfite exporter TauE/SafE family protein,sulfite exporter taue/safe family protein,535,1.281818181818182
succinylglutamate desuccinylase/aspartoacylase family protein,succinylglutamate desuccinylase/aspartoacylase family protein,100,1.2817380952380955
acyl carrier protein,acyl carrier protein,363,1.2816666666666667
HlyD family efflux transporter periplasmic adaptor subunit,hlyd family efflux transporter periplasmic adaptor subunit,96,1.2814265536723164
replication protein,replication protein,122,1.2812095859063337
histidinol-phosphate transaminase,histidinol-phosphate transaminase,80,1.2805800214822773
Zn-dependent hydrolase,zn-dependent hydrolase,162,1.2802250883325106
manganese catalase family protein,manganese catalase family protein,58,1.2802068302068301
PLP-dependent aminotransferase family protein,plp-dependent aminotransferase family protein,754,1.2796951394880645
purine-nucleoside phosphorylase,purine-nucleoside phosphorylase,56,1.2786855872145995
nitroreductase,nitroreductase,72,1.2785714285714285
peptidoglycan-binding protein,peptidoglycan-binding protein,73,1.278354430379747
YeeE/YedE family protein,yeee/yede family protein,198,1.2775809716599191
MarR family winged helix-turn-helix transcriptional regulator,marr family winged helix-turn-helix transcriptional regulator,1033,1.27707548861395
TRAP transporter substrate-binding protein DctP,trap transporter substrate-binding protein dctp,147,1.2767388861138862
type I glyceraldehyde-3-phosphate dehydrogenase,type i glyceraldehyde-3-phosphate dehydrogenase,66,1.2758585246990028
HPP family protein,hpp family protein,77,1.2758297258297258
dTDP-4-dehydrorhamnose reductase,dtdp-4-dehydrorhamnose reductase,110,1.2754101161995899
FecR domain-containing protein,fecr domain-containing protein,91,1.2753246753246752
GTP-binding protein,gtp-binding protein,142,1.2752418926103135
peptidase domain-containing ABC transporter,peptidase domain-containing abc transporter,63,1.2746753246753249
RidA family protein,rida family protein,885,1.2738095238095235
"galactofuranose ABC transporter, galactofuranose-binding protein YtfQ","galactofuranose abc transporter, galactofuranose-binding protein ytfq",59,1.2738095238095235
2-isopropylmalate synthase,2-isopropylmalate synthase,63,1.2734037435966197
SCO family protein,sco family protein,126,1.2733152325257588
SOS response-associated peptidase,sos response-associated peptidase,145,1.273148148148148
dihydrolipoyl dehydrogenase,dihydrolipoyl dehydrogenase,137,1.2730048682222594
ABC transporter ATP-binding protein,abc transporter atp-binding protein,8782,1.272727272727273
sensor histidine kinase,sensor histidine kinase,1602,1.272727272727273
phage terminase large subunit,phage terminase large subunit,734,1.272727272727273
3-oxoadipyl-CoA thiolase,3-oxoadipyl-coa thiolase,127,1.272727272727273
carbon-phosphorus lyase complex subunit PhnI,carbon-phosphorus lyase complex subunit phni,56,1.272727272727273
P-type conjugative transfer protein TrbJ,p-type conjugative transfer protein trbj,69,1.2727272727272727
spore coat protein,spore coat protein,115,1.2723438954208186
cytochrome P450,cytochrome p450,442,1.2714383577415491
pseudouridine synthase,pseudouridine synthase,76,1.2713740540332052
RDD family protein,rdd family protein,83,1.2708532974593345
sulfotransferase family 2 domain-containing protein,sulfotransferase family 2 domain-containing protein,70,1.2698513686748982
cobalt-precorrin-6A reductase,cobalt-precorrin-6a reductase,53,1.2697947214076246
alpha-ketoglutarate-dependent dioxygenase AlkB,alpha-ketoglutarate-dependent dioxygenase alkb,74,1.2693102113935448
NO-inducible flavohemoprotein,no-inducible flavohemoprotein,54,1.2693097359673435
undecaprenyl-diphosphate phosphatase,undecaprenyl-diphosphate phosphatase,52,1.2692337497893054
Fic family protein,fic family protein,250,1.2689847865102504
transcription elongation factor GreA,transcription elongation factor grea,73,1.2686355311355313
polysaccharide deacetylase family protein,polysaccharide deacetylase family protein,417,1.268571428571429
sensor histidine kinase KdpD,sensor histidine kinase kdpd,84,1.2684472319076892
alpha-amylase family glycosyl hydrolase,alpha-amylase family glycosyl hydrolase,84,1.2680780788698018
aconitate hydratase AcnA,aconitate hydratase acna,63,1.2678742572359594
BMP family protein,bmp family protein,109,1.2675213675213677
ATP-dependent helicase,atp-dependent helicase,186,1.2666932221940266
ASCH domain-containing protein,asch domain-containing protein,147,1.2666666666666666
N-acetyltransferase,n-acetyltransferase,115,1.2666666666666666
ureidoglycolate lyase,ureidoglycolate lyase,128,1.2664285714285715
hydrolase,hydrolase,228,1.2663055304766535
NAD(P)H-quinone oxidoreductase,nad(p)h-quinone oxidoreductase,61,1.2660483870967745
mannose-1-phosphate guanylyltransferase/mannose-6-phosphate isomerase,mannose-1-phosphate guanylyltransferase/mannose-6-phosphate isomerase,75,1.2658701463655022
M20 family metallopeptidase,m20 family metallopeptidase,196,1.2653727220996238
phosphodiesterase,phosphodiesterase,72,1.265214527462657
exonuclease domain-containing protein,exonuclease domain-containing protein,62,1.2651515151515151
cytochrome c,cytochrome c,312,1.2644389879363724
sulfurtransferase TusA family protein,sulfurtransferase tusa family protein,68,1.2641573295985058
Crp/Fnr family transcriptional regulator,crp/fnr family transcriptional regulator,651,1.263157894736842
plasmid partitioning protein RepB,plasmid partitioning protein repb,220,1.263157894736842
NnrS family protein,nnrs family protein,155,1.263157894736842
DUF418 domain-containing protein,duf418 domain-containing protein,70,1.263157894736842
"catechol 1,2-dioxygenase","catechol 1,2-dioxygenase",59,1.263157894736842
NAD(P)(+) transhydrogenase (Re/Si-specific) subunit beta,nad(p)(+) transhydrogenase (re/si-specific) subunit beta,55,1.263157894736842
beta-ketoacyl-[acyl-carrier-protein] synthase family protein,beta-ketoacyl-[acyl-carrier-protein] synthase family protein,53,1.263157894736842
1-deoxy-D-xylulose-5-phosphate synthase,1-deoxy-d-xylulose-5-phosphate synthase,53,1.2631215379602476
chromate transporter,chromate transporter,76,1.2626456876456877
group II intron reverse transcriptase/maturase,group ii intron reverse transcriptase/maturase,329,1.262456954107808
cation transporter,cation transporter,77,1.2623376623376623
TonB-dependent receptor plug domain-containing protein,tonb-dependent receptor plug domain-containing protein,62,1.2619649853692407
HAD family phosphatase,had family phosphatase,117,1.261904761904762
excinuclease ABC subunit UvrA,excinuclease abc subunit uvra,87,1.2615999243488645
5-oxoprolinase subunit PxpA,5-oxoprolinase subunit pxpa,63,1.2615652173913046
DoxX family protein,doxx family protein,499,1.2614122708567153
SPFH domain-containing protein,spfh domain-containing protein,484,1.2610159566681307
alpha/beta hydrolase family protein,alpha/beta hydrolase family protein,110,1.2601886304152505
IclR family transcriptional regulator C-terminal domain-containing protein,iclr family transcriptional regulator c-terminal domain-containing protein,78,1.2600160256410255
siderophore-interacting protein,siderophore-interacting protein,132,1.2599453701386816
serine hydroxymethyltransferase,serine hydroxymethyltransferase,88,1.259874010100317
RNA ligase family protein,rna ligase family protein,73,1.259634216526479
uracil-DNA glycosylase,uracil-dna glycosylase,80,1.259444530052989
CynX/NimT family MFS transporter,cynx/nimt family mfs transporter,52,1.2589565550086608
iron-siderophore ABC transporter substrate-binding protein,iron-siderophore abc transporter substrate-binding protein,88,1.25875
aspartate aminotransferase family protein,aspartate aminotransferase family protein,581,1.25835308510802
GMC family oxidoreductase,gmc family oxidoreductase,457,1.2582417582417582
haloacid dehalogenase type II,haloacid dehalogenase type ii,181,1.258164058164058
ribonuclease HII,ribonuclease hii,56,1.257331094831095
dihydrofolate reductase family protein,dihydrofolate reductase family protein,211,1.2571900982615267
ABC transporter permease,abc transporter permease,9312,1.2570450479775217
right-handed parallel beta-helix repeat-containing protein,right-handed parallel beta-helix repeat-containing protein,166,1.256915464565859
"N(2)-acetyl-L-2,4-diaminobutanoate deacetylase DoeB","n(2)-acetyl-l-2,4-diaminobutanoate deacetylase doeb",62,1.2566864196971417
protein-glutamate O-methyltransferase CheR,protein-glutamate o-methyltransferase cher,95,1.25655063890358
YdcF family protein,ydcf family protein,107,1.2560185185185182
SulP family inorganic anion transporter,sulp family inorganic anion transporter,223,1.2545454545454546
dicarboxylate/amino acid:cation symporter,dicarboxylate/amino acid:cation symporter,200,1.2541820058564634
acyl-CoA dehydrogenase family protein,acyl-coa dehydrogenase family protein,1262,1.2538942586174595
sulfate adenylyltransferase subunit CysN,sulfate adenylyltransferase subunit cysn,54,1.2537637269322806
alpha/beta fold hydrolase,alpha/beta fold hydrolase,1847,1.253259422788254
cytochrome b/b6 domain-containing protein,cytochrome b/b6 domain-containing protein,94,1.2530531968031966
zinc-dependent alcohol dehydrogenase family protein,zinc-dependent alcohol dehydrogenase family protein,220,1.2523147617936699
twin-arginine translocase subunit TatC,twin-arginine translocase subunit tatc,62,1.252204724900673
type II toxin-antitoxin system HipA family toxin,type ii toxin-antitoxin system hipa family toxin,173,1.2521008403361344
SDR family NAD(P)-dependent oxidoreductase,sdr family nad(p)-dependent oxidoreductase,2461,1.251336898395722
DNA ligase,dna ligase,398,1.251336898395722
type I secretion system permease/ATPase,type i secretion system permease/atpase,256,1.2513207777913662
4-aminobutyrate--2-oxoglutarate transaminase,4-aminobutyrate--2-oxoglutarate transaminase,96,1.250907272416778
diguanylate cyclase,diguanylate cyclase,256,1.2507514359527379
capsular polysaccharide biosynthesis protein,capsular polysaccharide biosynthesis protein,52,1.2505427702996093
NADPH-dependent FMN reductase,nadph-dependent fmn reductase,159,1.250389650554124
urate hydroxylase PuuD,urate hydroxylase puud,100,1.250305713683323
MFS transporter,mfs transporter,5230,1.2500000000000002
transporter,transporter,151,1.2500000000000002
3-oxoacid CoA-transferase subunit A,3-oxoacid coa-transferase subunit a,71,1.2500000000000002
3'-5' exonuclease,3'-5' exonuclease,911,1.25
head processing protein,head processing protein,351,1.25
NAD(P)H-dependent oxidoreductase,nad(p)h-dependent oxidoreductase,272,1.25
inositol monophosphatase family protein,inositol monophosphatase family protein,223,1.25
antibiotic biosynthesis monooxygenase,antibiotic biosynthesis monooxygenase,161,1.25
nitrite reductase small subunit NirD,nitrite reductase small subunit nird,122,1.25
CopG family transcriptional regulator,copg family transcriptional regulator,115,1.25
DUF5384 family protein,duf5384 family protein,114,1.25
DUF485 domain-containing protein,duf485 domain-containing protein,101,1.25
SMC-Scp complex subunit ScpB,smc-scp complex subunit scpb,77,1.25
division plane positioning ATPase MipZ,division plane positioning atpase mipz,75,1.25
HIT family protein,hit family protein,85,1.2499268705151056
molybdopterin-dependent oxidoreductase,molybdopterin-dependent oxidoreductase,194,1.248771045737799
GntP family permease,gntp family permease,86,1.2478561463523978
glycerate kinase,glycerate kinase,106,1.2476739873581013
FHA domain-containing protein,fha domain-containing protein,76,1.2467043314500943
CocE/NonD family hydrolase,coce/nond family hydrolase,97,1.2463319088319087
alanine racemase,alanine racemase,153,1.2457622280459202
arsenic transporter,arsenic transporter,54,1.245589328387995
YihY/virulence factor BrkB family protein,yihy/virulence factor brkb family protein,186,1.2451356023178504
DUF2933 domain-containing protein,duf2933 domain-containing protein,73,1.2444444444444445
HD domain-containing phosphohydrolase,hd domain-containing phosphohydrolase,72,1.2443482002142132
YaiI/YqxD family protein,yaii/yqxd family protein,70,1.244237755708344
IclR family transcriptional regulator,iclr family transcriptional regulator,1121,1.2435483870967745
GNAT family N-acetyltransferase,gnat family n-acetyltransferase,3457,1.2432642127306162
cation diffusion facilitator family transporter,cation diffusion facilitator family transporter,187,1.2429594215308502
SGNH/GDSL hydrolase family protein,sgnh/gdsl hydrolase family protein,237,1.2428628714351726
sulfatase-like hydrolase/transferase,sulfatase-like hydrolase/transferase,134,1.2423981465291134
arsenate reductase (glutaredoxin),arsenate reductase (glutaredoxin),89,1.2421378968253969
cytochrome ubiquinol oxidase subunit I,cytochrome ubiquinol oxidase subunit i,187,1.241799764325546
Hsp20 family protein,hsp20 family protein,118,1.241685765215177
pirin family protein,pirin family protein,202,1.2413793103448276
3-oxo-tetronate kinase,3-oxo-tetronate kinase,81,1.2413793103448276
5-guanidino-2-oxopentanoate decarboxylase,5-guanidino-2-oxopentanoate decarboxylase,80,1.2413793103448276
Tm-1-like ATP-binding domain-containing protein,tm-1-like atp-binding domain-containing protein,54,1.2413793103448276
HWE histidine kinase domain-containing protein,hwe histidine kinase domain-containing protein,54,1.2412593984962403
ABC transporter permease subunit,abc transporter permease subunit,650,1.2411461000170678
J domain-containing protein,j domain-containing protein,68,1.2411176278918215
polysaccharide deacetylase,polysaccharide deacetylase,51,1.240740740740741
RepB family plasmid replication initiator protein,repb family plasmid replication initiator protein,813,1.2407407407407407
arginine--tRNA ligase,arginine--trna ligase,56,1.2404354405206577
GlxA family transcriptional regulator,glxa family transcriptional regulator,578,1.2400641572903184
SDR family oxidoreductase,sdr family oxidoreductase,2994,1.2399391505991217
replication initiator protein A,replication initiator protein a,144,1.23983975860819
OFA family MFS transporter,ofa family mfs transporter,56,1.2397671496427152
bile acid:sodium symporter family protein,bile acid:sodium symporter family protein,90,1.2393772893772894
4-alpha-glucanotransferase,4-alpha-glucanotransferase,57,1.2393285208625198
ATP-binding protein,atp-binding protein,2336,1.2392525064825157
DUF1380 family protein,duf1380 family protein,86,1.238888888888889
MotA/TolQ/ExbB proton channel family protein,mota/tolq/exbb proton channel family protein,103,1.2388515272009186
fluoride efflux transporter CrcB,fluoride efflux transporter crcb,55,1.2380861962703396
ribokinase,ribokinase,114,1.238056453312915
Bax inhibitor-1/YccA family protein,bax inhibitor-1/ycca family protein,68,1.237693712149428
YitT family protein,yitt family protein,75,1.2368479648370951
TIGR00730 family Rossman fold protein,tigr00730 family rossman fold protein,51,1.2363135240328225
XdhC family protein,xdhc family protein,75,1.2357335726114007
type III restriction-modification system endonuclease,type iii restriction-modification system endonuclease,69,1.2356902356902355
nitrate/nitrite transporter,nitrate/nitrite transporter,59,1.2353146853146852
HU family DNA-binding protein,hu family dna-binding protein,335,1.2352287581699346
gluconate 2-dehydrogenase subunit 3 family protein,gluconate 2-dehydrogenase subunit 3 family protein,63,1.234848484848485
ethanolamine ammonia-lyase subunit EutC,ethanolamine ammonia-lyase subunit eutc,59,1.2348178137651822
AI-2E family transporter,ai-2e family transporter,375,1.2344081037752928
intradiol ring-cleavage dioxygenase,intradiol ring-cleavage dioxygenase,59,1.2337662337662338
1-phosphofructokinase,1-phosphofructokinase,58,1.2337398122937158
CGNR zinc finger domain-containing protein,cgnr zinc finger domain-containing protein,59,1.2333333333333334
NAD(P)-dependent oxidoreductase,nad(p)-dependent oxidoreductase,669,1.2331052568121534
sensor domain-containing diguanylate cyclase,sensor domain-containing diguanylate cyclase,230,1.2327343616114972
rhodanese-like domain-containing protein,rhodanese-like domain-containing protein,172,1.2327140760474096
N-acetylmuramic acid 6-phosphate etherase,n-acetylmuramic acid 6-phosphate etherase,56,1.232462136628803
exodeoxyribonuclease VII small subunit,exodeoxyribonuclease vii small subunit,56,1.2320512820512821
TRAP transporter small permease subunit,trap transporter small permease subunit,182,1.231726568849414
7-cyano-7-deazaguanine synthase QueC,7-cyano-7-deazaguanine synthase quec,85,1.2317042421472049
EamA family transporter,eama family transporter,181,1.2315882874889086
HMA2 domain-containing protein,hma2 domain-containing protein,68,1.2313803217871535
GMC family oxidoreductase N-terminal domain-containing protein,gmc family oxidoreductase n-terminal domain-containing protein,52,1.2313261317583126
glycoside hydrolase,glycoside hydrolase,51,1.2312599681020735
HupE/UreJ family protein,hupe/urej family protein,120,1.2311965811965813
Lrp/AsnC family transcriptional regulator,lrp/asnc family transcriptional regulator,1108,1.2307692307692308
phage repressor protein C1,phage repressor protein c1,368,1.2307692307692308
ferritin-like domain-containing protein,ferritin-like domain-containing protein,280,1.2305161943319838
SPOR domain-containing protein,spor domain-containing protein,109,1.23
antitoxin,antitoxin,60,1.2296768707482992
alpha-E domain-containing protein,alpha-e domain-containing protein,53,1.2294850511511088
DsbA family protein,dsba family protein,227,1.2290914846470404
DegT/DnrJ/EryC1/StrS family aminotransferase,degt/dnrj/eryc1/strs family aminotransferase,143,1.2288826103563957
TerB family tellurite resistance protein,terb family tellurite resistance protein,111,1.2288690476190476
cytochrome d ubiquinol oxidase subunit II,cytochrome d ubiquinol oxidase subunit ii,193,1.228791085457752
"1,2-phenylacetyl-CoA epoxidase subunit PaaB","1,2-phenylacetyl-coa epoxidase subunit paab",65,1.2285714285714286
alpha/beta hydrolase,alpha/beta hydrolase,1779,1.228540870893812
zinc-binding alcohol dehydrogenase family protein,zinc-binding alcohol dehydrogenase family protein,128,1.228257922372254
aspartate ammonia-lyase,aspartate ammonia-lyase,76,1.227984099866403
cation:proton antiporter,cation:proton antiporter,228,1.2279753112430922
H-NS family nucleoid-associated regulatory protein,h-ns family nucleoid-associated regulatory protein,210,1.2276442307692308
acyl CoA:acetate/3-ketoacid CoA transferase,acyl coa:acetate/3-ketoacid coa transferase,61,1.227390180878553
YncE family protein,ynce family protein,105,1.2272985356445725
copper-containing nitrite reductase,copper-containing nitrite reductase,109,1.2272727272727273
YeiH family protein,yeih family protein,134,1.226643322289772
phosphate signaling complex protein PhoU,phosphate signaling complex protein phou,51,1.2265270586349015
LLM class flavin-dependent oxidoreductase,llm class flavin-dependent oxidoreductase,630,1.226297392498466
ribbon-helix-helix domain-containing protein,ribbon-helix-helix domain-containing protein,189,1.22603550295858
ketopantoate reductase family protein,ketopantoate reductase family protein,95,1.2251803751803754
AbrB family transcriptional regulator,abrb family transcriptional regulator,101,1.2251255492780917
ribulose-phosphate 3-epimerase,ribulose-phosphate 3-epimerase,96,1.2249451621780503
mechanosensitive ion channel family protein,mechanosensitive ion channel family protein,398,1.2244897959183674
pyruvate dehydrogenase (acetyl-transferring) E1 component subunit alpha,pyruvate dehydrogenase (acetyl-transferring) e1 component subunit alpha,51,1.2233812545053315
4-(cytidine 5'-diphospho)-2-C-methyl-D-erythritol kinase,4-(cytidine 5'-diphospho)-2-c-methyl-d-erythritol kinase,53,1.223293822644921
carboxylating nicotinate-nucleotide diphosphorylase,carboxylating nicotinate-nucleotide diphosphorylase,62,1.2228377583801615
homocysteine S-methyltransferase family protein,homocysteine s-methyltransferase family protein,53,1.2223639557631654
MBL fold metallo-hydrolase,mbl fold metallo-hydrolase,1123,1.2222222222222223
receptor-recognizing protein,receptor-recognizing protein,71,1.2222222222222223
Dyp-type peroxidase,dyp-type peroxidase,60,1.2220708838262508
NAD(P)-dependent alcohol dehydrogenase,nad(p)-dependent alcohol dehydrogenase,213,1.2212121212121212
rhomboid family intramembrane serine protease,rhomboid family intramembrane serine protease,76,1.2212046960491119
type I methionyl aminopeptidase,type i methionyl aminopeptidase,108,1.220680233680039
ferredoxin,ferredoxin,104,1.2205882352941178
FCD domain-containing protein,fcd domain-containing protein,107,1.2204301075268815
polyprenyl synthetase family protein,polyprenyl synthetase family protein,120,1.2199245489128978
DUF3231 family protein,duf3231 family protein,56,1.2197815064710102
4-hydroxyphenylpyruvate dioxygenase,4-hydroxyphenylpyruvate dioxygenase,74,1.219776221278396
nicotinate phosphoribosyltransferase,nicotinate phosphoribosyltransferase,108,1.219573591524869
VOC family protein,voc family protein,1810,1.2195268818990046
LuxR C-terminal-related transcriptional regulator,luxr c-terminal-related transcriptional regulator,347,1.2195121951219512
vanadium-dependent haloperoxidase,vanadium-dependent haloperoxidase,67,1.2194049088166738
6-phospho-beta-glucosidase,6-phospho-beta-glucosidase,74,1.2189101431762945
gluconokinase,gluconokinase,121,1.218317793317793
recombinase family protein,recombinase family protein,1280,1.218142903479647
nucleoside deaminase,nucleoside deaminase,80,1.2181202172398176
flavin reductase family protein,flavin reductase family protein,333,1.2179834054834056
methionine ABC transporter permease,methionine abc transporter permease,95,1.2177366493155966
VirB4 family type IV secretion/conjugal transfer ATPase,virb4 family type iv secretion/conjugal transfer atpase,61,1.2173913043478262
TlpA family protein disulfide reductase,tlpa family protein disulfide reductase,54,1.2170838367873889
heavy-metal-associated domain-containing protein,heavy-metal-associated domain-containing protein,188,1.2166666666666666
aldose 1-epimerase,aldose 1-epimerase,59,1.2162162162162162
acetyl-CoA C-acetyltransferase,acetyl-coa c-acetyltransferase,139,1.2161958874458876
phosphoethanolamine transferase,phosphoethanolamine transferase,66,1.2154666970760233
periplasmic nitrate reductase subunit alpha,periplasmic nitrate reductase subunit alpha,52,1.21501531082036
arsenate reductase ArsC,arsenate reductase arsc,153,1.2148188231521564
N-acetylmuramoyl-L-alanine amidase,n-acetylmuramoyl-l-alanine amidase,128,1.2144048116246369
DUF6166 domain-containing protein,duf6166 domain-containing protein,54,1.2141648764769066
cold-shock protein,cold-shock protein,633,1.2122008452503807
ornithine carbamoyltransferase,ornithine carbamoyltransferase,72,1.2121658158438016
NAD(P)H:quinone oxidoreductase,nad(p)h:quinone oxidoreductase,85,1.2121212121212122
iron-containing alcohol dehydrogenase,iron-containing alcohol dehydrogenase,319,1.2118837674444292
Rrf2 family transcriptional regulator,rrf2 family transcriptional regulator,288,1.2115526834276835
glutamine synthetase family protein,glutamine synthetase family protein,98,1.2110762269632982
glycoside hydrolase family 15 protein,glycoside hydrolase family 15 protein,82,1.2107730481066534
DUF1028 domain-containing protein,duf1028 domain-containing protein,51,1.2105263157894737
IS4-like element ISVsa5 family transposase,is4-like element isvsa5 family transposase,58,1.210465480400825
EAL domain-containing protein,eal domain-containing protein,619,1.2103873938239265
SH3 domain-containing protein,sh3 domain-containing protein,212,1.2102564102564102
non-ribosomal peptide synthetase,non-ribosomal peptide synthetase,165,1.2099398315282792
"protocatechuate 3,4-dioxygenase subunit alpha","protocatechuate 3,4-dioxygenase subunit alpha",86,1.208856505121985
LysE/ArgO family amino acid transporter,lyse/argo family amino acid transporter,55,1.208394018779542
cystathionine beta-lyase,cystathionine beta-lyase,52,1.2077410319662865
DUF1003 domain-containing protein,duf1003 domain-containing protein,85,1.2076923076923078
Mu transposase C-terminal domain-containing protein,mu transposase c-terminal domain-containing protein,110,1.2076420825110548
maleylacetate reductase,maleylacetate reductase,57,1.2075124212650152
1-acyl-sn-glycerol-3-phosphate acyltransferase,1-acyl-sn-glycerol-3-phosphate acyltransferase,62,1.2073147978130538
alpha-D-ribose 1-methylphosphonate 5-phosphate C-P-lyase PhnJ,alpha-d-ribose 1-methylphosphonate 5-phosphate c-p-lyase phnj,59,1.207241939719451
glycosyl hydrolase family 18 protein,glycosyl hydrolase family 18 protein,56,1.2071558839512304
PP2C family protein-serine/threonine phosphatase,pp2c family protein-serine/threonine phosphatase,102,1.2070015155309273
class I SAM-dependent DNA methyltransferase,class i sam-dependent dna methyltransferase,76,1.2062536727112045
biopolymer transporter ExbD,biopolymer transporter exbd,68,1.2054731238441194
antibiotic biosynthesis monooxygenase family protein,antibiotic biosynthesis monooxygenase family protein,78,1.2050901851125064
ThiF family adenylyltransferase,thif family adenylyltransferase,85,1.2048647959292635
MMPL family transporter,mmpl family transporter,101,1.2046948356807512
serine hydrolase domain-containing protein,serine hydrolase domain-containing protein,274,1.2045609116499838
NUDIX domain-containing protein,nudix domain-containing protein,258,1.2045454545454546
TetR family transcriptional regulator C-terminal domain-containing protein,tetr family transcriptional regulator c-terminal domain-containing protein,53,1.2045085018668895
PhzF family phenazine biosynthesis protein,phzf family phenazine biosynthesis protein,96,1.203846153846154
exonuclease SbcCD subunit D,exonuclease sbccd subunit d,133,1.203781512605042
potassium-transporting ATPase subunit KdpA,potassium-transporting atpase subunit kdpa,84,1.2030806075913707
Hsp20/alpha crystallin family protein,hsp20/alpha crystallin family protein,230,1.2028257456828886
methionine adenosyltransferase,methionine adenosyltransferase,55,1.2027700077700076
respiratory nitrate reductase subunit gamma,respiratory nitrate reductase subunit gamma,71,1.2026375222453654
ZIP family metal transporter,zip family metal transporter,80,1.2022727272727274
DedA family protein,deda family protein,161,1.2021362588029254
creatininase family protein,creatininase family protein,90,1.2021222678958066
ferredoxin--NADP reductase,ferredoxin--nadp reductase,57,1.2018382352941177
DUF302 domain-containing protein,duf302 domain-containing protein,72,1.2017797017797016
ribonuclease activity regulator RraA,ribonuclease activity regulator rraa,92,1.2014671293618662
DUF1330 domain-containing protein,duf1330 domain-containing protein,98,1.2009749212184875
LuxR family transcriptional regulator,luxr family transcriptional regulator,94,1.2008466783842726
extracellular solute-binding protein,extracellular solute-binding protein,751,1.200757575757576
glutathione synthase,glutathione synthase,55,1.2003367003367005
carbohydrate ABC transporter permease,carbohydrate abc transporter permease,2690,1.2000000000000002
cupin domain-containing protein,cupin domain-containing protein,1568,1.2000000000000002
nuclear transport factor 2 family protein,nuclear transport factor 2 family protein,907,1.2000000000000002
DUF982 domain-containing protein,duf982 domain-containing protein,367,1.2000000000000002
MATE family efflux transporter,mate family efflux transporter,364,1.2000000000000002
OsmC family protein,osmc family protein,224,1.2000000000000002
putative quinol monooxygenase,putative quinol monooxygenase,193,1.2000000000000002
pentapeptide repeat-containing protein,pentapeptide repeat-containing protein,178,1.2000000000000002
thioesterase family protein,thioesterase family protein,164,1.2000000000000002
phospholipase D-like domain-containing protein,phospholipase d-like domain-containing protein,144,1.2000000000000002
DUF1289 domain-containing protein,duf1289 domain-containing protein,136,1.2000000000000002
DUF736 domain-containing protein,duf736 domain-containing protein,128,1.2000000000000002
maturation control protein,maturation control protein,116,1.2000000000000002
polyphosphate kinase 2,polyphosphate kinase 2,113,1.2000000000000002
HEAT repeat domain-containing protein,heat repeat domain-containing protein,108,1.2000000000000002
enolase C-terminal domain-like protein,enolase c-terminal domain-like protein,106,1.2000000000000002
CDP-alcohol phosphatidyltransferase family protein,cdp-alcohol phosphatidyltransferase family protein,103,1.2000000000000002
alcohol dehydrogenase catalytic domain-containing protein,alcohol dehydrogenase catalytic domain-containing protein,97,1.2000000000000002
L-idonate 5-dehydrogenase,l-idonate 5-dehydrogenase,93,1.2000000000000002
sulfate ABC transporter permease subunit CysW,sulfate abc transporter permease subunit cysw,93,1.2000000000000002
sulfurtransferase,sulfurtransferase,88,1.2000000000000002
zinc ABC transporter substrate-binding protein,zinc abc transporter substrate-binding protein,87,1.2000000000000002
"cytochrome-c oxidase, cbb3-type subunit I","cytochrome-c oxidase, cbb3-type subunit i",86,1.2000000000000002
"cytochrome-c oxidase, cbb3-type subunit II","cytochrome-c oxidase, cbb3-type subunit ii",83,1.2000000000000002
YcjF family protein,ycjf family protein,69,1.2000000000000002
L-threonate dehydrogenase,l-threonate dehydrogenase,66,1.2000000000000002
AGE family epimerase/isomerase,age family epimerase/isomerase,65,1.2000000000000002
ligase-associated DNA damage response exonuclease,ligase-associated dna damage response exonuclease,65,1.2000000000000002
CobW family GTP-binding protein,cobw family gtp-binding protein,64,1.2000000000000002
methylthioacryloyl-CoA hydratase,methylthioacryloyl-coa hydratase,64,1.2000000000000002
threonine synthase,threonine synthase,64,1.2000000000000002
DUF1488 domain-containing protein,duf1488 domain-containing protein,62,1.2000000000000002
slipin family protein,slipin family protein,62,1.2000000000000002
ectoine hydrolase DoeA,ectoine hydrolase doea,61,1.2000000000000002
ectoine/hydroxyectoine ABC transporter permease subunit EhuC,ectoine/hydroxyectoine abc transporter permease subunit ehuc,61,1.2000000000000002
ImuA family protein,imua family protein,60,1.2000000000000002
morphogenetic protein,morphogenetic protein,58,1.2000000000000002
UPF0149 family protein,upf0149 family protein,52,1.2000000000000002
MerR family transcriptional regulator,merr family transcriptional regulator,658,1.2
site-2 protease family protein,site-2 protease family protein,127,1.2
"GDP-mannose 4,6-dehydratase","gdp-mannose 4,6-dehydratase",101,1.2
NADPH-dependent F420 reductase,nadph-dependent f420 reductase,97,1.2
glycosyltransferase,glycosyltransferase,1302,1.1997296285074652
VWA domain-containing protein,vwa domain-containing protein,389,1.1996719109417378
PAS domain-containing methyl-accepting chemotaxis protein,pas domain-containing methyl-accepting chemotaxis protein,90,1.1995956013579425
acetate--CoA ligase,acetate--coa ligase,78,1.1993006993006992
dioxygenase,dioxygenase,55,1.1989771502052204
aldehyde dehydrogenase,aldehyde dehydrogenase,321,1.198866320264525
RluA family pseudouridine synthase,rlua family pseudouridine synthase,87,1.1984126984126984
heavy metal translocating P-type ATPase,heavy metal translocating p-type atpase,406,1.198237019602191
peptide-methionine (R)-S-oxide reductase MsrB,peptide-methionine (r)-s-oxide reductase msrb,109,1.198118944547516
deoxyribose-phosphate aldolase,deoxyribose-phosphate aldolase,103,1.1980285226501255
FKBP-type peptidyl-prolyl cis-trans isomerase,fkbp-type peptidyl-prolyl cis-trans isomerase,79,1.197773317199374
aminotransferase class V-fold PLP-dependent enzyme,aminotransferase class v-fold plp-dependent enzyme,164,1.1972970143860149
aldolase/citrate lyase family protein,aldolase/citrate lyase family protein,59,1.197292729200624
DUF1045 domain-containing protein,duf1045 domain-containing protein,72,1.1971690590111643
"L,D-transpeptidase family protein","l,d-transpeptidase family protein",138,1.196686996988507
ParB family protein,parb family protein,416,1.1964285714285714
aldose 1-epimerase family protein,aldose 1-epimerase family protein,65,1.196078431372549
guanine deaminase,guanine deaminase,109,1.1956092843326886
phosphonate ABC transporter ATP-binding protein,phosphonate abc transporter atp-binding protein,95,1.1952380952380952
sorbosone dehydrogenase family protein,sorbosone dehydrogenase family protein,52,1.1950506292687069
acyltransferase family protein,acyltransferase family protein,282,1.1947102897102897
cytochrome b,cytochrome b,129,1.194410491469315
STAS domain-containing protein,stas domain-containing protein,385,1.194344267442328
TRAP transporter small permease,trap transporter small permease,696,1.194198216258451
5-deoxy-glucuronate isomerase,5-deoxy-glucuronate isomerase,54,1.194078947368421
alpha-ketoacid dehydrogenase subunit beta,alpha-ketoacid dehydrogenase subunit beta,117,1.1933010561497384
enoyl-ACP reductase FabI,enoyl-acp reductase fabi,63,1.1932228157374358
nucleotidyl transferase AbiEii/AbiGii toxin family protein,nucleotidyl transferase abieii/abigii toxin family protein,177,1.1929824561403508
phage antirepressor Ant,phage antirepressor ant,120,1.1929824561403508
CoA transferase subunit A,coa transferase subunit a,114,1.1926647538507247
cytochrome c biogenesis CcdA family protein,cytochrome c biogenesis ccda family protein,58,1.1921808960270501
DUF4198 domain-containing protein,duf4198 domain-containing protein,52,1.1917834720580713
integrase,integrase,67,1.191716245478558
dihydrofolate reductase,dihydrofolate reductase,204,1.1915471772379669
lysophospholipid acyltransferase family protein,lysophospholipid acyltransferase family protein,134,1.1909827183141415
class Ib ribonucleoside-diphosphate reductase assembly flavoprotein NrdI,class ib ribonucleoside-diphosphate reductase assembly flavoprotein nrdi,62,1.1909145638312304
multidrug effflux MFS transporter,multidrug effflux mfs transporter,125,1.190469397399222
acyltransferase,acyltransferase,326,1.1903765352294766
ArsR/SmtB family transcription factor,arsr/smtb family transcription factor,527,1.1897831335331337
methionine synthase,methionine synthase,56,1.1893448108573348
trypsin-like peptidase domain-containing protein,trypsin-like peptidase domain-containing protein,71,1.1891891891891893
thiamine pyrophosphate-dependent enzyme,thiamine pyrophosphate-dependent enzyme,116,1.1887946776056761
formate/nitrite transporter family protein,formate/nitrite transporter family protein,90,1.188764880952381
DNA polymerase IV,dna polymerase iv,113,1.1887634679829828
UTP--glucose-1-phosphate uridylyltransferase GalU,utp--glucose-1-phosphate uridylyltransferase galu,88,1.18833502137142
N-formylglutamate deformylase,n-formylglutamate deformylase,72,1.1875
OmpA family protein,ompa family protein,275,1.1873496873496872
S-(hydroxymethyl)glutathione synthase,s-(hydroxymethyl)glutathione synthase,56,1.1873235460191982
ACP S-malonyltransferase,acp s-malonyltransferase,55,1.1872696352399823
transglycosylase domain-containing protein,transglycosylase domain-containing protein,59,1.187259512842969
Fe(3+)-hydroxamate ABC transporter permease FhuB,fe(3+)-hydroxamate abc transporter permease fhub,82,1.1870062348501995
aminoacyl-tRNA hydrolase,aminoacyl-trna hydrolase,68,1.186964181520425
cysteine hydrolase family protein,cysteine hydrolase family protein,252,1.1863457073112644
Cu(I)-responsive transcriptional regulator,cu(i)-responsive transcriptional regulator,109,1.1862193362193365
GGDEF domain-containing protein,ggdef domain-containing protein,445,1.1860873589201764
5-oxoprolinase subunit PxpB,5-oxoprolinase subunit pxpb,55,1.1847319347319347
D-alanyl-D-alanine carboxypeptidase family protein,d-alanyl-d-alanine carboxypeptidase family protein,71,1.184051724137931
sulfate ABC transporter substrate-binding protein,sulfate abc transporter substrate-binding protein,114,1.183871234670336
alpha-D-ribose 1-methylphosphonate 5-triphosphate diphosphatase,alpha-d-ribose 1-methylphosphonate 5-triphosphate diphosphatase,68,1.183845821492862
non-hydrolyzing UDP-N-acetylglucosamine 2-epimerase,non-hydrolyzing udp-n-acetylglucosamine 2-epimerase,80,1.1835604871327088
phosphoribosylaminoimidazolesuccinocarboxamide synthase,phosphoribosylaminoimidazolesuccinocarboxamide synthase,55,1.1833193803837323
nucleotidyltransferase domain-containing protein,nucleotidyltransferase domain-containing protein,121,1.1832649172722702
endonuclease/exonuclease/phosphatase family protein,endonuclease/exonuclease/phosphatase family protein,265,1.1826756066392616
FGGY-family carbohydrate kinase,fggy-family carbohydrate kinase,225,1.1825641887433525
IS21 family transposase,is21 family transposase,525,1.1825396825396826
host attachment protein,host attachment protein,51,1.1823468893730331
nitroreductase family protein,nitroreductase family protein,143,1.182051282051282
"3,4-dihydroxy-2-butanone-4-phosphate synthase","3,4-dihydroxy-2-butanone-4-phosphate synthase",62,1.181928365209378
IS66 family insertion sequence element accessory protein TnpB,is66 family insertion sequence element accessory protein tnpb,741,1.181818181818182
S8 family serine peptidase,s8 family serine peptidase,201,1.1813009181430236
thiazole synthase,thiazole synthase,87,1.181085012819509
SOS response-associated peptidase family protein,sos response-associated peptidase family protein,56,1.1809523809523808
APC family permease,apc family permease,302,1.1803356724750542
inorganic phosphate transporter,inorganic phosphate transporter,88,1.1795937758938297
beta-galactosidase,beta-galactosidase,122,1.179491039560773
transketolase family protein,transketolase family protein,78,1.1786495119131903
DUF6651 domain-containing protein,duf6651 domain-containing protein,706,1.1785714285714286
tellurite resistance TerB family protein,tellurite resistance terb family protein,524,1.1785714285714286
type II toxin-antitoxin system ParD family antitoxin,type ii toxin-antitoxin system pard family antitoxin,271,1.1785714285714286
glycoside hydrolase family 3 N-terminal domain-containing protein,glycoside hydrolase family 3 n-terminal domain-containing protein,59,1.1785714285714286
class I SAM-dependent methyltransferase,class i sam-dependent methyltransferase,1875,1.178498985801217
thioredoxin domain-containing protein,thioredoxin domain-containing protein,75,1.1779630625784472
PQQ-binding-like beta-propeller repeat protein,pqq-binding-like beta-propeller repeat protein,131,1.1775672349010682
MDR family MFS transporter,mdr family mfs transporter,115,1.1768621105201988
Rieske 2Fe-2S domain-containing protein,rieske 2fe-2s domain-containing protein,141,1.176573426573427
multicopper oxidase domain-containing protein,multicopper oxidase domain-containing protein,54,1.176209112524902
cyclase family protein,cyclase family protein,99,1.1758976317799847
SRPBCC domain-containing protein,srpbcc domain-containing protein,161,1.1756283023439886
MurR/RpiR family transcriptional regulator,murr/rpir family transcriptional regulator,538,1.175
PhoH family protein,phoh family protein,54,1.1747427058380413
SIR2 family protein,sir2 family protein,121,1.1746031746031744
glycerol-3-phosphate dehydrogenase/oxidase,glycerol-3-phosphate dehydrogenase/oxidase,69,1.174509803921569
S8 family peptidase,s8 family peptidase,200,1.174245742180525
DEAD/DEAH box helicase,dead/deah box helicase,1215,1.1741872835623526
4-hydroxybenzoate 3-monooxygenase,4-hydroxybenzoate 3-monooxygenase,98,1.1739453357100418
Vi polysaccharide biosynthesis UDP-N-acetylglucosamine C-6 dehydrogenase TviB,vi polysaccharide biosynthesis udp-n-acetylglucosamine c-6 dehydrogenase tvib,74,1.1734053422857977
phosphotransferase family protein,phosphotransferase family protein,129,1.1723516483516483
TetR/AcrR family transcriptional regulator,tetr/acrr family transcriptional regulator,3221,1.1723373848373848
redox-sensitive transcriptional activator SoxR,redox-sensitive transcriptional activator soxr,60,1.172187340845429
cation-translocating P-type ATPase,cation-translocating p-type atpase,130,1.1719612676282705
magnesium/cobalt transporter CorA,magnesium/cobalt transporter cora,54,1.1719534174760948
L-rhamnose mutarotase,l-rhamnose mutarotase,113,1.1718614718614715
sugar porter family MFS transporter,sugar porter family mfs transporter,67,1.1716833111336822
peptidylprolyl isomerase,peptidylprolyl isomerase,176,1.1716702638038847
sarcosine oxidase subunit gamma,sarcosine oxidase subunit gamma,107,1.1715584415584417
biotin-dependent carboxyltransferase family protein,biotin-dependent carboxyltransferase family protein,85,1.1714285714285717
pantoate--beta-alanine ligase,pantoate--beta-alanine ligase,53,1.1713678993864751
AraC family transcriptional regulator,arac family transcriptional regulator,1595,1.170731707317073
carboxyl transferase domain-containing protein,carboxyl transferase domain-containing protein,114,1.170731707317073
ABC transporter transmembrane domain-containing protein,abc transporter transmembrane domain-containing protein,75,1.170731707317073
7-carboxy-7-deazaguanine synthase QueE,7-carboxy-7-deazaguanine synthase quee,81,1.170476190476191
SfnB family sulfur acquisition oxidoreductase,sfnb family sulfur acquisition oxidoreductase,77,1.1702317290552584
IS91 family transposase,is91 family transposase,153,1.1696969696969697
3-isopropylmalate dehydrogenase,3-isopropylmalate dehydrogenase,52,1.1693454685361258
antitoxin Xre/MbcA/ParS toxin-binding domain-containing protein,antitoxin xre/mbca/pars toxin-binding domain-containing protein,132,1.1690476190476193
SpoIIE family protein phosphatase,spoiie family protein phosphatase,176,1.1684395101914284
quinolinate synthase NadA,quinolinate synthase nada,62,1.1671327280349837
DNA-processing protein DprA,dna-processing protein dpra,54,1.1671235649285538
HNH endonuclease family protein,hnh endonuclease family protein,84,1.167013477070403
glycosyltransferase family 2 protein,glycosyltransferase family 2 protein,1263,1.1666666666666667
MarR family transcriptional regulator,marr family transcriptional regulator,658,1.1666666666666663
Ref family recombination enhancement nuclease,ref family recombination enhancement nuclease,124,1.1666666666666663
3'-phosphatase,3'-phosphatase,57,1.1666666666666663
maleylacetoacetate isomerase,maleylacetoacetate isomerase,54,1.1665326736755308
sugar O-acetyltransferase,sugar o-acetyltransferase,58,1.1657327216771325
low temperature requirement protein A,low temperature requirement protein a,56,1.1652063213345039
nitrate reductase subunit alpha,nitrate reductase subunit alpha,62,1.1652006038218365
isoprenylcysteine carboxylmethyltransferase family protein,isoprenylcysteine carboxylmethyltransferase family protein,64,1.1647593582887703
fumarylacetoacetate hydrolase family protein,fumarylacetoacetate hydrolase family protein,536,1.163996948893974
NAD-dependent succinate-semialdehyde dehydrogenase,nad-dependent succinate-semialdehyde dehydrogenase,540,1.1635135559767913
LysE family translocator,lyse family translocator,454,1.162908074435852
class 1a ribonucleoside-diphosphate reductase subunit alpha,class 1a ribonucleoside-diphosphate reductase subunit alpha,601,1.1627286909204195
glutathione S-transferase N-terminal domain-containing protein,glutathione s-transferase n-terminal domain-containing protein,92,1.1622807017543861
sugar phosphate isomerase/epimerase family protein,sugar phosphate isomerase/epimerase family protein,484,1.162075625681903
TatD family hydrolase,tatd family hydrolase,61,1.161941840079665
sigma-70 family RNA polymerase sigma factor,sigma-70 family rna polymerase sigma factor,723,1.1615812676195412
TetR family transcriptional regulator,tetr family transcriptional regulator,264,1.1614661654135339
DUF3095 domain-containing protein,duf3095 domain-containing protein,53,1.1612903225806452
chaperone modulator CbpM,chaperone modulator cbpm,61,1.1607638888888887
RNA-guided endonuclease InsQ/TnpB family protein,rna-guided endonuclease insq/tnpb family protein,234,1.1601976789383086
HAMP domain-containing sensor histidine kinase,hamp domain-containing sensor histidine kinase,283,1.1601610453638749
tail fiber domain-containing protein,tail fiber domain-containing protein,534,1.159848484848485
fasciclin domain-containing protein,fasciclin domain-containing protein,53,1.1595695970695972
methionine ABC transporter ATP-binding protein,methionine abc transporter atp-binding protein,82,1.1595526964645981
ATP-dependent DNA helicase,atp-dependent dna helicase,61,1.1594613396938978
aminotransferase class III-fold pyridoxal phosphate-dependent enzyme,aminotransferase class iii-fold pyridoxal phosphate-dependent enzyme,92,1.159410813987658
helicase-related protein,helicase-related protein,116,1.1593179843904005
RNA chaperone Hfq,rna chaperone hfq,61,1.158499915117562
methionyl-tRNA formyltransferase,methionyl-trna formyltransferase,66,1.158326213482833
threonine--tRNA ligase,threonine--trna ligase,62,1.1575295625900828
HD-GYP domain-containing protein,hd-gyp domain-containing protein,64,1.1571401413557787
spore germination protein,spore germination protein,99,1.156615329812812
beta-ketoacyl-ACP synthase III,beta-ketoacyl-acp synthase iii,68,1.1562266725686332
alkaline phosphatase family protein,alkaline phosphatase family protein,99,1.156038647342995
MalY/PatB family protein,maly/patb family protein,59,1.1560222567287786
NUDIX hydrolase,nudix hydrolase,413,1.1554621848739497
ATP-dependent zinc metalloprotease FtsH,atp-dependent zinc metalloprotease ftsh,68,1.154880298780426
thioredoxin,thioredoxin,71,1.1543447293447295
CAP domain-containing protein,cap domain-containing protein,97,1.153846153846154
type I polyketide synthase,type i polyketide synthase,99,1.1536517992521875
DnaB-like helicase C-terminal domain-containing protein,dnab-like helicase c-terminal domain-containing protein,792,1.1529605263157894
tail fiber protein,tail fiber protein,329,1.1527361527361528
transporter substrate-binding domain-containing protein,transporter substrate-binding domain-containing protein,805,1.1523809523809525
3-oxoacid CoA-transferase subunit B,3-oxoacid coa-transferase subunit b,93,1.1517857142857142
L-arabinonate dehydratase,l-arabinonate dehydratase,106,1.1517730127702412
trans-3-hydroxy-L-proline dehydratase,trans-3-hydroxy-l-proline dehydratase,77,1.1514285714285717
NlpC/P60 family protein,nlpc/p60 family protein,110,1.1513574771041826
PTS sugar transporter subunit IIB,pts sugar transporter subunit iib,109,1.1512265512265512
FAD-binding and (Fe-S)-binding domain-containing protein,fad-binding and (fe-s)-binding domain-containing protein,67,1.1501079417573836
HD domain-containing protein,hd domain-containing protein,403,1.15
relaxase/mobilization nuclease domain-containing protein,relaxase/mobilization nuclease domain-containing protein,93,1.15
MAPEG family protein,mapeg family protein,63,1.1498801949929771
DUF262 domain-containing protein,duf262 domain-containing protein,227,1.149825783972125
DUF4123 domain-containing protein,duf4123 domain-containing protein,67,1.1496212121212122
sensor domain-containing protein,sensor domain-containing protein,55,1.1495845587497129
GAF domain-containing protein,gaf domain-containing protein,139,1.148936170212766
S1C family serine protease,s1c family serine protease,73,1.1480507370689033
fimbria/pilus outer membrane usher protein,fimbria/pilus outer membrane usher protein,113,1.1478260869565218
serine/threonine-protein kinase,serine/threonine-protein kinase,153,1.146855396941902
ArdC family protein,ardc family protein,74,1.1462692139313417
type IV secretion system protein,type iv secretion system protein,178,1.1455344655344657
pyridoxal phosphate-dependent aminotransferase,pyridoxal phosphate-dependent aminotransferase,305,1.1435823114083985
ankyrin repeat domain-containing protein,ankyrin repeat domain-containing protein,159,1.1432270507270506
Gfo/Idh/MocA family protein,gfo/idh/moca family protein,958,1.1428571428571428
universal stress protein,universal stress protein,855,1.1428571428571428
DUF4942 domain-containing protein,duf4942 domain-containing protein,337,1.1428571428571428
XRE family transcriptional regulator,xre family transcriptional regulator,267,1.1428571428571428
tautomerase family protein,tautomerase family protein,207,1.1428571428571428
aromatic ring-hydroxylating oxygenase subunit alpha,aromatic ring-hydroxylating oxygenase subunit alpha,164,1.1428571428571428
molecular chaperone,molecular chaperone,135,1.1428571428571428
peptide ABC transporter substrate-binding protein,peptide abc transporter substrate-binding protein,123,1.1428571428571428
HNH endonuclease signature motif containing protein,hnh endonuclease signature motif containing protein,79,1.1428571428571428
transcriptional regulator NanR,transcriptional regulator nanr,77,1.1428571428571428
4-hydroxyproline epimerase,4-hydroxyproline epimerase,60,1.1428571428571428
DUF4440 domain-containing protein,duf4440 domain-containing protein,55,1.1428571428571428
tryptophan synthase subunit alpha,tryptophan synthase subunit alpha,53,1.1428571428571428
YafY family protein,yafy family protein,53,1.1428571428571428
NADH:flavin oxidoreductase,nadh:flavin oxidoreductase,139,1.1426146010186755
thiolase family protein,thiolase family protein,155,1.142354825067421
leucine-rich repeat domain-containing protein,leucine-rich repeat domain-containing protein,71,1.142037239034049
DNA-3-methyladenine glycosylase,dna-3-methyladenine glycosylase,60,1.1415233143082406
methyltransferase,methyltransferase,121,1.1402918069584735
Hcp family type VI secretion system effector,hcp family type vi secretion system effector,62,1.139903083028083
PD-(D/E)XK nuclease family protein,pd-(d/e)xk nuclease family protein,108,1.139300844621637
cysteine synthase A,cysteine synthase a,72,1.1389019477254771
acetamidase/formamidase family protein,acetamidase/formamidase family protein,74,1.1388888888888888
TerD family protein,terd family protein,110,1.1381984681984685
DsbA family oxidoreductase,dsba family oxidoreductase,52,1.1373325062730602
FMN-binding negative transcriptional regulator,fmn-binding negative transcriptional regulator,66,1.1372940768702011
YsnF/AvaK domain-containing protein,ysnf/avak domain-containing protein,90,1.137288475634136
glutamate--tRNA ligase,glutamate--trna ligase,55,1.1365131578947367
"protocatechuate 3,4-dioxygenase subunit beta","protocatechuate 3,4-dioxygenase subunit beta",87,1.1363636363636362
VanZ family protein,vanz family protein,80,1.1361856345408976
isochorismatase family cysteine hydrolase,isochorismatase family cysteine hydrolase,84,1.135978835978836
AbrB/MazE/SpoVT family DNA-binding domain-containing protein,abrb/maze/spovt family dna-binding domain-containing protein,319,1.135813492063492
NCS2 family permease,ncs2 family permease,140,1.1355994554377211
Tn3 family transposase,tn3 family transposase,232,1.1355990882477924
D-2-hydroxyacid dehydrogenase,d-2-hydroxyacid dehydrogenase,58,1.1352228060481082
cell division protein FtsZ,cell division protein ftsz,60,1.1342052714558446
error-prone DNA polymerase,error-prone dna polymerase,142,1.1341301360564893
cytosine permease,cytosine permease,70,1.134035643045499
L-serine ammonia-lyase,l-serine ammonia-lyase,59,1.1328233594645607
permease,permease,124,1.1326149415349707
metalloregulator ArsR/SmtB family transcription factor,metalloregulator arsr/smtb family transcription factor,214,1.1323232323232322
GumC family protein,gumc family protein,129,1.1320754716981134
RES domain-containing protein,res domain-containing protein,57,1.1318522639318884
YceI family protein,ycei family protein,88,1.1317658090103913
HNH endonuclease,hnh endonuclease,431,1.1309523809523812
ClpX C4-type zinc finger protein,clpx c4-type zinc finger protein,71,1.130952380952381
formylglycine-generating enzyme family protein,formylglycine-generating enzyme family protein,190,1.1308940419066276
glutamine--fructose-6-phosphate transaminase (isomerizing),glutamine--fructose-6-phosphate transaminase (isomerizing),67,1.130321141901779
glycerol-3-phosphate dehydrogenase,glycerol-3-phosphate dehydrogenase,75,1.1301875821773206
serine--tRNA ligase,serine--trna ligase,57,1.1299806441760465
pantetheine-phosphate adenylyltransferase,pantetheine-phosphate adenylyltransferase,53,1.1297992747992749
helix-turn-helix transcriptional regulator,helix-turn-helix transcriptional regulator,2448,1.1296726665147716
alanine/glycine:cation symporter family protein,alanine/glycine:cation symporter family protein,88,1.1295856170634337
PilZ domain-containing protein,pilz domain-containing protein,80,1.129585326953748
FkbM family methyltransferase,fkbm family methyltransferase,174,1.1295032452927192
plasmid mobilization protein,plasmid mobilization protein,64,1.1290945165945163
Gfo/Idh/MocA family oxidoreductase,gfo/idh/moca family oxidoreductase,303,1.1287823282806306
N-acetylglucosamine-6-phosphate deacetylase,n-acetylglucosamine-6-phosphate deacetylase,63,1.1285434173669469
prephenate dehydratase,prephenate dehydratase,61,1.1283151059466847
sugar phosphate nucleotidyltransferase,sugar phosphate nucleotidyltransferase,56,1.1273809523809524
DUF2493 domain-containing protein,duf2493 domain-containing protein,54,1.126984126984127
GrpB family protein,grpb family protein,65,1.1254684334207992
metallophosphoesterase,metallophosphoesterase,1296,1.125
DUF2231 domain-containing protein,duf2231 domain-containing protein,107,1.125
peptidoglycan DD-metalloendopeptidase family protein,peptidoglycan dd-metalloendopeptidase family protein,95,1.125
SUMF1/EgtB/PvdO family nonheme iron enzyme,sumf1/egtb/pvdo family nonheme iron enzyme,94,1.125
integrase core domain-containing protein,integrase core domain-containing protein,92,1.125
urea ABC transporter ATP-binding protein UrtD,urea abc transporter atp-binding protein urtd,80,1.125
phosphonate C-P lyase system protein PhnG,phosphonate c-p lyase system protein phng,59,1.125
M48 family metalloprotease,m48 family metalloprotease,55,1.125
threonine/serine dehydratase,threonine/serine dehydratase,52,1.125
TraR/DksA family transcriptional regulator,trar/dksa family transcriptional regulator,51,1.125
protein-disulfide reductase DsbD,protein-disulfide reductase dsbd,55,1.1248162007484042
replication initiation protein,replication initiation protein,294,1.1241516600481671
caspase family protein,caspase family protein,74,1.122977736876562
DHH family phosphoesterase,dhh family phosphoesterase,59,1.1229617483371157
cell wall hydrolase,cell wall hydrolase,74,1.1228861008272772
GNAT family protein,gnat family protein,54,1.1228672643146327
dihydroorotase,dihydroorotase,78,1.1225556990866639
DNA pacase A subunit,dna pacase a subunit,63,1.1225490196078434
TniQ family protein,tniq family protein,116,1.12232872407291
substrate-binding domain-containing protein,substrate-binding domain-containing protein,944,1.1218445616883117
Rpn family recombination-promoting nuclease/putative transposase,rpn family recombination-promoting nuclease/putative transposase,136,1.1217835087442931
phosphoribosylanthranilate isomerase,phosphoribosylanthranilate isomerase,64,1.121490198789306
YolD-like family protein,yold-like family protein,92,1.1212613486050986
DNA topoisomerase,dna topoisomerase,70,1.1210304981507462
hemolysin family protein,hemolysin family protein,134,1.120879120879121
catalase/peroxidase HPI,catalase/peroxidase hpi,118,1.1203865992170265
non-homologous end-joining DNA ligase,non-homologous end-joining dna ligase,65,1.12
oligopeptide/dipeptide ABC transporter ATP-binding protein,oligopeptide/dipeptide abc transporter atp-binding protein,100,1.1194541910331384
taurine ABC transporter substrate-binding protein,taurine abc transporter substrate-binding protein,76,1.1193708897224104
"3D-(3,5/4)-trihydroxycyclohexane-1,2-dione acylhydrolase (decyclizing)","3d-(3,5/4)-trihydroxycyclohexane-1,2-dione acylhydrolase (decyclizing)",56,1.1191108521630004
RNA-guided endonuclease TnpB family protein,rna-guided endonuclease tnpb family protein,205,1.118736383442266
glycoside hydrolase family 2 protein,glycoside hydrolase family 2 protein,84,1.1183104572228664
carbonic anhydrase,carbonic anhydrase,146,1.1181799474175635
peroxiredoxin,peroxiredoxin,162,1.1167959355459356
phosphotransferase,phosphotransferase,221,1.1166666666666667
phosphonate C-P lyase system protein PhnL,phosphonate c-p lyase system protein phnl,59,1.116640859140859
autoinducer binding domain-containing protein,autoinducer binding domain-containing protein,53,1.1152073732718892
replication protein RepA,replication protein repa,471,1.114871794871795
glycerol kinase GlpK,glycerol kinase glpk,105,1.114780722326454
chromate efflux transporter,chromate efflux transporter,98,1.114572797341701
TIM barrel protein,tim barrel protein,148,1.1140397665046002
"selenide, water dikinase SelD","selenide, water dikinase seld",58,1.1134029023893297
ROK family transcriptional regulator,rok family transcriptional regulator,301,1.1132457027300302
transglutaminase-like cysteine peptidase,transglutaminase-like cysteine peptidase,59,1.1126537153322869
amino acid permease,amino acid permease,338,1.1126252063841495
ArnT family glycosyltransferase,arnt family glycosyltransferase,57,1.111823517355719
major capsid protein,major capsid protein,787,1.1111111111111112
Xaa-Pro peptidase family protein,xaa-pro peptidase family protein,79,1.1111111111111112
DUF2218 domain-containing protein,duf2218 domain-containing protein,75,1.1111111111111112
DUF72 domain-containing protein,duf72 domain-containing protein,64,1.1111111111111112
IS110-like element IS4321 family transposase,is110-like element is4321 family transposase,61,1.1111111111111112
class A beta-lactamase,class a beta-lactamase,53,1.1111111111111112
AlpA family transcriptional regulator,alpa family transcriptional regulator,111,1.111111111111111
asparaginase,asparaginase,68,1.1110878500584382
MIP/aquaporin family protein,mip/aquaporin family protein,53,1.109948830021294
ADP-ribosylglycohydrolase family protein,adp-ribosylglycohydrolase family protein,82,1.109363530661138
YciI family protein,ycii family protein,222,1.1093253968253967
ThuA domain-containing protein,thua domain-containing protein,114,1.109297052154195
beta-ketoacyl-ACP synthase II,beta-ketoacyl-acp synthase ii,64,1.1086236505242075
metal-dependent hydrolase,metal-dependent hydrolase,180,1.1076907131420075
NAD-dependent DNA ligase LigA,nad-dependent dna ligase liga,86,1.1073171963291715
MetQ/NlpA family ABC transporter substrate-binding protein,metq/nlpa family abc transporter substrate-binding protein,151,1.1072871572871572
baseplate J/gp47 family protein,baseplate j/gp47 family protein,74,1.1071059149184146
gamma carbonic anhydrase family protein,gamma carbonic anhydrase family protein,63,1.1065830721003134
glutathione peroxidase,glutathione peroxidase,63,1.1065453227733928
WXG100 family type VII secretion target,wxg100 family type vii secretion target,66,1.106004255170922
magnesium transporter,magnesium transporter,59,1.1059952978056429
helix-turn-helix domain-containing protein,helix-turn-helix domain-containing protein,5693,1.1058823529411763
M15 family metallopeptidase,m15 family metallopeptidase,66,1.1047562289854602
RNA polymerase sigma factor RpoD,rna polymerase sigma factor rpod,56,1.1043794557337425
alpha-glucosidase/alpha-galactosidase,alpha-glucosidase/alpha-galactosidase,126,1.1041666666666667
type IV secretion system protein VirB3,type iv secretion system protein virb3,64,1.1041666666666665
low molecular weight phosphatase family protein,low molecular weight phosphatase family protein,68,1.1029040404040402
Re/Si-specific NAD(P)(+) transhydrogenase subunit alpha,re/si-specific nad(p)(+) transhydrogenase subunit alpha,70,1.1016205795387999
phage tail tube protein,phage tail tube protein,70,1.1014474544838657
IS66-like element accessory protein TnpA,is66-like element accessory protein tnpa,377,1.101010101010101
DNA polymerase III subunit beta,dna polymerase iii subunit beta,79,1.1005022279958614
urea ABC transporter substrate-binding protein,urea abc transporter substrate-binding protein,93,1.1001194743130227
VirB4 family type IV secretion system protein,virb4 family type iv secretion system protein,90,1.1000954603329354
ParB N-terminal domain-containing protein,parb n-terminal domain-containing protein,461,1.1
thermonuclease family protein,thermonuclease family protein,219,1.1
regulator,regulator,130,1.1
UDP-N-acetylglucosamine 1-carboxyvinyltransferase,udp-n-acetylglucosamine 1-carboxyvinyltransferase,62,1.0996393183497855
HAD family hydrolase,had family hydrolase,501,1.0993875889300726
ester cyclase,ester cyclase,254,1.0983775328313143
serine O-acetyltransferase,serine o-acetyltransferase,96,1.0980933596318212
PTS sugar transporter subunit IIA,pts sugar transporter subunit iia,170,1.098018897883449
energy transducer TonB,energy transducer tonb,129,1.0977138035278629
DinB family protein,dinb family protein,192,1.097329927697575
phosphate ABC transporter permease PstA,phosphate abc transporter permease psta,61,1.0972875398367168
acyl-CoA dehydrogenase,acyl-coa dehydrogenase,312,1.0969411047985989
sugar kinase,sugar kinase,157,1.0965880696015629
SAM-dependent methyltransferase,sam-dependent methyltransferase,160,1.0964678438865296
general stress protein,general stress protein,122,1.0961309523809524
MgtC/SapB family protein,mgtc/sapb family protein,191,1.0958080808080808
aminotransferase class I/II-fold pyridoxal phosphate-dependent enzyme,aminotransferase class i/ii-fold pyridoxal phosphate-dependent enzyme,168,1.09487463756077
condensation domain-containing protein,condensation domain-containing protein,53,1.0948717948717948
PIG-L deacetylase family protein,pig-l deacetylase family protein,128,1.094063970822042
M48 family metallopeptidase,m48 family metallopeptidase,111,1.0935897435897437
4-hydroxy-tetrahydrodipicolinate synthase,4-hydroxy-tetrahydrodipicolinate synthase,85,1.0933333333333335
signal peptidase II,signal peptidase ii,55,1.0924813612313615
phosphate ABC transporter permease subunit PstC,phosphate abc transporter permease subunit pstc,52,1.092268603347304
IS256 family transposase,is256 family transposase,336,1.0919451154052604
FecCD family ABC transporter permease,feccd family abc transporter permease,329,1.090909090909091
sugar-binding transcriptional regulator,sugar-binding transcriptional regulator,229,1.090909090909091
PIN domain-containing protein,pin domain-containing protein,223,1.090909090909091
type II toxin-antitoxin system RelB/DinJ family antitoxin,type ii toxin-antitoxin system relb/dinj family antitoxin,91,1.090909090909091
type II toxin-antitoxin system HicB family antitoxin,type ii toxin-antitoxin system hicb family antitoxin,71,1.090909090909091
NADH-quinone oxidoreductase subunit NuoH,nadh-quinone oxidoreductase subunit nuoh,63,1.090909090909091
putative DNA ligase,putative dna ligase,59,1.090909090909091
Dam family site-specific DNA-(adenine-N6)-methyltransferase,dam family site-specific dna-(adenine-n6)-methyltransferase,378,1.0904684352436163
IS66 family transposase,is66 family transposase,494,1.0900275581766494
IS21-like element helper ATPase IstB,is21-like element helper atpase istb,511,1.0888888888888888
ammonium transporter,ammonium transporter,77,1.0888789300622983
3-oxoadipate enol-lactonase,3-oxoadipate enol-lactonase,115,1.0880486008659385
IS1 family transposase,is1 family transposase,126,1.0880388617230723
3-methyl-2-oxobutanoate hydroxymethyltransferase,3-methyl-2-oxobutanoate hydroxymethyltransferase,92,1.0878339314194578
thioredoxin-disulfide reductase,thioredoxin-disulfide reductase,69,1.0877309634315573
glycoside hydrolase family 1 protein,glycoside hydrolase family 1 protein,59,1.0875603625090526
BA14K family protein,ba14k family protein,84,1.0871212121212122
adenosylmethionine--8-amino-7-oxononanoate transaminase,adenosylmethionine--8-amino-7-oxononanoate transaminase,56,1.0867765619282996
DDE-type integrase/transposase/recombinase,dde-type integrase/transposase/recombinase,98,1.0866218207969804
"dTDP-4-dehydrorhamnose 3,5-epimerase","dtdp-4-dehydrorhamnose 3,5-epimerase",147,1.0861872513833295
AAA family ATPase,aaa family atpase,4987,1.0860745154732203
tail fiber assembly protein,tail fiber assembly protein,664,1.0851851851851853
ROK family protein,rok family protein,302,1.0849203151064852
Nramp family divalent metal transporter,nramp family divalent metal transporter,155,1.0845383759733036
pyrroloquinoline quinone biosynthesis peptide chaperone PqqD,pyrroloquinoline quinone biosynthesis peptide chaperone pqqd,81,1.0818181818181818
histidinol dehydrogenase,histidinol dehydrogenase,136,1.0816390878821514
CopG family ribbon-helix-helix protein,copg family ribbon-helix-helix protein,90,1.0814460049754167
class I fructose-bisphosphate aldolase,class i fructose-bisphosphate aldolase,83,1.0803268160411017
DUF1796 family putative cysteine peptidase,duf1796 family putative cysteine peptidase,70,1.0802059705000882
phage tail tape measure protein,phage tail tape measure protein,155,1.08
polysaccharide biosynthesis/export family protein,polysaccharide biosynthesis/export family protein,236,1.079984931609117
peptide-methionine (S)-S-oxide reductase MsrA,peptide-methionine (s)-s-oxide reductase msra,119,1.0795454545454546
transglycosylase,transglycosylase,87,1.0793353422877083
BMP family ABC transporter substrate-binding protein,bmp family abc transporter substrate-binding protein,109,1.0793052668052667
biotin synthase BioB,biotin synthase biob,68,1.0790958506684603
amidase family protein,amidase family protein,81,1.0781718281718282
Hint domain-containing protein,hint domain-containing protein,128,1.078048005388981
"ATPase, T2SS/T4P/T4SS family","atpase, t2ss/t4p/t4ss family",129,1.0766282328782328
NADP-dependent oxidoreductase,nadp-dependent oxidoreductase,233,1.0760869565217392
Cof-type HAD-IIB family hydrolase,cof-type had-iib family hydrolase,93,1.076076291791357
phosphate ABC transporter ATP-binding protein PstB,phosphate abc transporter atp-binding protein pstb,62,1.076057786474914
ParM/StbA family protein,parm/stba family protein,125,1.075098814229249
lipocalin-like domain-containing protein,lipocalin-like domain-containing protein,58,1.074866310160428
DUF421 domain-containing protein,duf421 domain-containing protein,107,1.0747863247863247
phage tail tip fiber protein,phage tail tip fiber protein,208,1.0746739124342024
nitric oxide reductase activation protein NorD,nitric oxide reductase activation protein nord,102,1.0746268656716418
MucR family transcriptional regulator,mucr family transcriptional regulator,124,1.0739239926739927
membrane protein,membrane protein,565,1.0738636363636362
phosphoadenosine phosphosulfate reductase family protein,phosphoadenosine phosphosulfate reductase family protein,129,1.0730454142013828
ATP-binding cassette domain-containing protein,atp-binding cassette domain-containing protein,1822,1.0714285714285716
glycosyl transferase,glycosyl transferase,84,1.0714285714285716
FixH family protein,fixh family protein,71,1.0714285714285716
Ref family protein,ref family protein,286,1.0714285714285714
phosphoglycerate dehydrogenase,phosphoglycerate dehydrogenase,51,1.0708985887294462
ISL3 family transposase,isl3 family transposase,158,1.0708764188270004
flavodoxin,flavodoxin,58,1.0699997092854234
porphyrin biosynthesis protein,porphyrin biosynthesis protein,136,1.0699404761904765
DUF4365 domain-containing protein,duf4365 domain-containing protein,55,1.0691563696268414
Ger(x)C family spore germination protein,ger(x)c family spore germination protein,91,1.069151661087145
PadR family transcriptional regulator,padr family transcriptional regulator,266,1.0688129384738065
histidine kinase,histidine kinase,106,1.0674501424501424
cobaltochelatase CobT-related protein,cobaltochelatase cobt-related protein,463,1.0670362903225803
ParB/RepB/Spo0J family partition protein,parb/repb/spo0j family partition protein,1095,1.0666666666666669
type IV secretory system conjugative DNA transfer family protein,type iv secretory system conjugative dna transfer family protein,199,1.0666666666666669
nucleoside 2-deoxyribosyltransferase,nucleoside 2-deoxyribosyltransferase,71,1.0666666666666669
molecular chaperone HtpG,molecular chaperone htpg,69,1.0666666666666669
winged helix-turn-helix domain-containing protein,winged helix-turn-helix domain-containing protein,481,1.0657894736842106
dihydroxyacetone kinase subunit DhaK,dihydroxyacetone kinase subunit dhak,114,1.064975220857574
nucleotidyltransferase family protein,nucleotidyltransferase family protein,132,1.0642024642024643
winged helix-turn-helix transcriptional regulator,winged helix-turn-helix transcriptional regulator,322,1.06401833460657
BTAD domain-containing putative transcriptional regulator,btad domain-containing putative transcriptional regulator,82,1.064000007813625
HPr family phosphocarrier protein,hpr family phosphocarrier protein,83,1.0632034632034633
tryptophan--tRNA ligase,tryptophan--trna ligase,53,1.0624484821887763
IS3 family transposase,is3 family transposase,1277,1.062369216461288
fimbrial protein,fimbrial protein,234,1.0605802915481437
cardiolipin synthase,cardiolipin synthase,57,1.0604916830609257
recombination-associated protein RdgC,recombination-associated protein rdgc,516,1.0598290598290598
class II fructose-bisphosphate aldolase,class ii fructose-bisphosphate aldolase,141,1.058823529411765
DNA topoisomerase IB,dna topoisomerase ib,134,1.058823529411765
roadblock/LC7 domain-containing protein,roadblock/lc7 domain-containing protein,59,1.058823529411765
plastocyanin/azurin family copper-binding protein,plastocyanin/azurin family copper-binding protein,86,1.0588235294117647
xanthine dehydrogenase accessory protein XdhC,xanthine dehydrogenase accessory protein xdhc,73,1.0579710144927537
phage holin family protein,phage holin family protein,795,1.0571428571428572
cytochrome o ubiquinol oxidase subunit IV,cytochrome o ubiquinol oxidase subunit iv,100,1.0559509118332648
phosphatidate cytidylyltransferase,phosphatidate cytidylyltransferase,66,1.0550411885090494
outer membrane protein,outer membrane protein,104,1.0545454545454545
formyltetrahydrofolate deformylase,formyltetrahydrofolate deformylase,126,1.0544758768013918
UvrD-helicase domain-containing protein,uvrd-helicase domain-containing protein,201,1.0536788734401468
LexA family transcriptional regulator,lexa family transcriptional regulator,55,1.0534920634920637
TrmB family transcriptional regulator,trmb family transcriptional regulator,58,1.0534488250597405
glycerophosphodiester phosphodiesterase family protein,glycerophosphodiester phosphodiesterase family protein,73,1.0533868543736964
phosphoribulokinase,phosphoribulokinase,65,1.0524561403508772
ribosome biogenesis GTPase Der,ribosome biogenesis gtpase der,54,1.0516445201908056
RbsD/FucU family protein,rbsd/fucu family protein,64,1.0511363636363633
molybdate ABC transporter permease subunit,molybdate abc transporter permease subunit,132,1.050858955496311
serine protease,serine protease,56,1.0508080808080809
YdcH family protein,ydch family protein,52,1.0503641200069773
GerAB/ArcD/ProY family transporter,gerab/arcd/proy family transporter,144,1.050084001348191
hypothetical protein,hypothetical protein,189428,1.05
tyrosine-protein phosphatase,tyrosine-protein phosphatase,86,1.05
GMC oxidoreductase,gmc oxidoreductase,75,1.05
IS110 family transposase,is110 family transposase,953,1.049872712617811
PPC domain-containing DNA-binding protein,ppc domain-containing dna-binding protein,57,1.049615296983718
arylsulfatase,arylsulfatase,163,1.0492610837438423
peptide deformylase,peptide deformylase,59,1.0485692239858906
DeoR/GlpR family DNA-binding transcription regulator,deor/glpr family dna-binding transcription regulator,422,1.0483980537019304
sn-glycerol-3-phosphate import ATP-binding protein UgpC,sn-glycerol-3-phosphate import atp-binding protein ugpc,74,1.0469878157292536
nitrate reductase molybdenum cofactor assembly chaperone,nitrate reductase molybdenum cofactor assembly chaperone,72,1.0463691713691716
NAD(P)H-binding protein,nad(p)h-binding protein,144,1.0461542396628927
IS630 family transposase,is630 family transposase,483,1.0455015744489429
IS200/IS605 family transposase,is200/is605 family transposase,195,1.0452991452991451
sugar ABC transporter substrate-binding protein,sugar abc transporter substrate-binding protein,526,1.0438747191753668
methyltransferase domain-containing protein,methyltransferase domain-containing protein,227,1.0434782608695652
DNA cytosine methyltransferase,dna cytosine methyltransferase,193,1.0434782608695652
pca operon transcription factor PcaQ,pca operon transcription factor pcaq,63,1.0434782608695652
type II toxin-antitoxin system HicA family toxin,type ii toxin-antitoxin system hica family toxin,64,1.0434640522875818
YqaA family protein,yqaa family protein,73,1.0416666666666663
Ku protein,ku protein,228,1.0411495803553437
DNA polymerase III subunit alpha,dna polymerase iii subunit alpha,731,1.04
class Ia ribonucleoside-diphosphate reductase subunit beta,class ia ribonucleoside-diphosphate reductase subunit beta,602,1.04
zinc-binding dehydrogenase,zinc-binding dehydrogenase,236,1.0396461673375152
ParA family partition ATPase,para family partition atpase,55,1.0395564849006145
MlaD family protein,mlad family protein,96,1.0391567590214783
phage baseplate assembly protein V,phage baseplate assembly protein v,63,1.0389610389610389
IS1595 family transposase,is1595 family transposase,71,1.038805130206274
reverse transcriptase domain-containing protein,reverse transcriptase domain-containing protein,66,1.0368906455862978
amino acid adenylation domain-containing protein,amino acid adenylation domain-containing protein,152,1.0358431024191894
SMI1/KNR4 family protein,smi1/knr4 family protein,248,1.0350746704848874
bifunctional allantoicase/(S)-ureidoglycine aminohydrolase,bifunctional allantoicase/(s)-ureidoglycine aminohydrolase,57,1.0345454545454549
tryptophan synthase subunit beta,tryptophan synthase subunit beta,55,1.0343722903415615
transcriptional regulator,transcriptional regulator,1419,1.0333333333333334
beta-ketoacyl synthase N-terminal-like domain-containing protein,beta-ketoacyl synthase n-terminal-like domain-containing protein,74,1.0328717728689845
O-antigen ligase family protein,o-antigen ligase family protein,228,1.0327961353162967
single-stranded DNA-binding protein,single-stranded dna-binding protein,648,1.0318974054268173
zinc-dependent alcohol dehydrogenase,zinc-dependent alcohol dehydrogenase,223,1.031578055937361
tellurite/colicin resistance protein,tellurite/colicin resistance protein,152,1.030952380952381
tyrosine-type recombinase/integrase,tyrosine-type recombinase/integrase,1872,1.0304536568186655
CHAT domain-containing protein,chat domain-containing protein,59,1.0302151489096592
bleomycin hydrolase,bleomycin hydrolase,323,1.0293819655521783
glycine oxidase ThiO,glycine oxidase thio,52,1.0285714285714287
glyoxylate carboligase,glyoxylate carboligase,52,1.0285714285714287
multiple monosaccharide ABC transporter substrate-binding protein,multiple monosaccharide abc transporter substrate-binding protein,66,1.027177197942918
GFA family protein,gfa family protein,410,1.0256410256410258
ribonucleoside-diphosphate reductase subunit alpha,ribonucleoside-diphosphate reductase subunit alpha,114,1.0256410256410255
glycosyltransferase family A protein,glycosyltransferase family a protein,61,1.024942542379253
phage tail protein,phage tail protein,2393,1.0246212121212122
single-stranded-DNA-specific exonuclease RecJ,single-stranded-dna-specific exonuclease recj,58,1.0242931067120349
Uma2 family endonuclease,uma2 family endonuclease,51,1.023895202020202
acylphosphatase,acylphosphatase,86,1.0238095238095237
5'-3' exonuclease H3TH domain-containing protein,5'-3' exonuclease h3th domain-containing protein,704,1.0227272727272727
metal ABC transporter permease,metal abc transporter permease,110,1.0224429507778425
YbhB/YbcL family Raf kinase inhibitor-like protein,ybhb/ybcl family raf kinase inhibitor-like protein,114,1.0198717948717948
multidrug efflux SMR transporter,multidrug efflux smr transporter,64,1.018722258134023
carbon-nitrogen hydrolase family protein,carbon-nitrogen hydrolase family protein,159,1.0174825174825175
ATP-dependent endonuclease,atp-dependent endonuclease,58,1.0173099488553143
radical SAM protein,radical sam protein,138,1.0171304082935206
FMN reductase,fmn reductase,68,1.0162087912087912
virB8 family protein,virb8 family protein,73,1.0158730158730158
NnrU family protein,nnru family protein,90,1.0155526826115062
ArsR family transcriptional regulator,arsr family transcriptional regulator,58,1.0154027520098947
bacteriophage abortive infection AbiH family protein,bacteriophage abortive infection abih family protein,51,1.0144927536231885
molybdate ABC transporter substrate-binding protein,molybdate abc transporter substrate-binding protein,161,1.0143294205794204
type IV toxin-antitoxin system AbiEi family antitoxin domain-containing protein,type iv toxin-antitoxin system abiei family antitoxin domain-containing protein,70,1.0132105726853249
PTS sugar transporter subunit IIC,pts sugar transporter subunit iic,65,1.0119528314470057
DUF305 domain-containing protein,duf305 domain-containing protein,145,1.0113636363636362
potassium channel family protein,potassium channel family protein,179,1.0098039215686274
GyrI-like domain-containing protein,gyri-like domain-containing protein,73,1.0095292524239892
dethiobiotin synthase,dethiobiotin synthase,68,1.0072344322344322
sugar phosphate isomerase/epimerase,sugar phosphate isomerase/epimerase,282,1.007163947163947
3-oxoacyl-ACP reductase FabG,3-oxoacyl-acp reductase fabg,78,1.0057367149758454
addiction module antidote protein,addiction module antidote protein,52,1.0047979797979798
YkgJ family cysteine cluster protein,ykgj family cysteine cluster protein,82,1.0046180543874759
IS1182 family transposase,is1182 family transposase,142,1.004494866563832
phage antirepressor KilAC domain-containing protein,phage antirepressor kilac domain-containing protein,884,1.0041024506968779
class II glutamine amidotransferase,class ii glutamine amidotransferase,59,1.0020526789367372
peroxidase-related enzyme,peroxidase-related enzyme,77,1.0012121212121212
signal peptidase I,signal peptidase i,86,1.0006758600876249
Rha family transcriptional regulator,rha family transcriptional regulator,231,1.0006734006734008
dTMP kinase,dtmp kinase,74,1.000407825199492
dUTP diphosphatase,dutp diphosphatase,162,1.000065728045604
Ig-like domain-containing protein,ig-like domain-containing protein,1295,1.0
IS5 family transposase,is5 family transposase,1124,1.0
ParA family protein,para family protein,769,1.0
ParB/Srx family N-terminal domain-containing protein,parb/srx family n-terminal domain-containing protein,716,1.0
type II toxin-antitoxin system YafO family toxin,type ii toxin-antitoxin system yafo family toxin,453,1.0
thioredoxin family protein,thioredoxin family protein,299,1.0
RES family NAD+ phosphorylase,res family nad+ phosphorylase,247,1.0
alkene reductase,alkene reductase,234,1.0
chaperonin GroEL,chaperonin groel,204,1.0
DUF4752 family protein,duf4752 family protein,173,1.0
CPBP family intramembrane glutamic endopeptidase,cpbp family intramembrane glutamic endopeptidase,159,1.0
zinc ribbon domain-containing protein,zinc ribbon domain-containing protein,155,1.0
toprim domain-containing protein,toprim domain-containing protein,149,1.0
WGR domain-containing protein,wgr domain-containing protein,141,1.0
PH domain-containing protein,ph domain-containing protein,130,1.0
lysis protein,lysis protein,125,1.0
arsenical resistance protein ArsH,arsenical resistance protein arsh,120,1.0
SHOCT domain-containing protein,shoct domain-containing protein,111,1.0
dihydroxyacetone kinase subunit DhaL,dihydroxyacetone kinase subunit dhal,107,1.0
Dps family protein,dps family protein,107,1.0
plasmid pRiA4b ORF-3 family protein,plasmid pria4b orf-3 family protein,97,1.0
gallidermin/nisin family lantibiotic,gallidermin/nisin family lantibiotic,91,1.0
cell division topological specificity factor MinE,cell division topological specificity factor mine,90,1.0
dimethylarginine dimethylaminohydrolase family protein,dimethylarginine dimethylaminohydrolase family protein,88,1.0
DNA/RNA non-specific endonuclease,dna/rna non-specific endonuclease,86,1.0
aminoglycoside phosphotransferase family protein,aminoglycoside phosphotransferase family protein,85,1.0
Hok/Gef family protein,hok/gef family protein,85,1.0
IS6-like element IS6100 family transposase,is6-like element is6100 family transposase,83,1.0
sulfonamide-resistant dihydropteroate synthase Sul1,sulfonamide-resistant dihydropteroate synthase sul1,83,1.0
YjbF family lipoprotein,yjbf family lipoprotein,81,1.0
DUF3606 domain-containing protein,duf3606 domain-containing protein,78,1.0
RusA family crossover junction endodeoxyribonuclease,rusa family crossover junction endodeoxyribonuclease,72,1.0
A24 family peptidase,a24 family peptidase,67,1.0
SPW repeat protein,spw repeat protein,64,1.0
taurine ABC transporter ATP-binding protein,taurine abc transporter atp-binding protein,63,1.0
cbb3-type cytochrome oxidase assembly protein CcoS,cbb3-type cytochrome oxidase assembly protein ccos,61,1.0
NADH-quinone oxidoreductase subunit M,nadh-quinone oxidoreductase subunit m,61,1.0
triose-phosphate isomerase,triose-phosphate isomerase,61,1.0
putative 2-aminoethylphosphonate ABC transporter substrate-binding protein,putative 2-aminoethylphosphonate abc transporter substrate-binding protein,59,1.0
helicase associated domain-containing protein,helicase associated domain-containing protein,58,1.0
DUF6404 family protein,duf6404 family protein,54,1.0
disulfide bond formation protein B,disulfide bond formation protein b,51,1.0
HsdR family type I site-specific deoxyribonuclease,hsdr family type i site-specific deoxyribonuclease,265,0.9975792253521129
"phage/plasmid primase, P4 family","phage/plasmid primase, p4 family",62,0.9969335744725375
UdgX family uracil-DNA binding protein,udgx family uracil-dna binding protein,157,0.9967946894262684
S-layer homology domain-containing protein,s-layer homology domain-containing protein,93,0.9954953030296132
thymidine kinase,thymidine kinase,65,0.994182490077098
phage major capsid protein,phage major capsid protein,90,0.9927161139120708
IS30 family transposase,is30 family transposase,237,0.9924242424242424
restriction endonuclease,restriction endonuclease,216,0.9908927907840952
heme-binding protein,heme-binding protein,107,0.9891045033588892
ATP-dependent nuclease,atp-dependent nuclease,68,0.988127511818129
M10 family metallopeptidase C-terminal domain-containing protein,m10 family metallopeptidase c-terminal domain-containing protein,56,0.9880952380952381
N-6 DNA methylase,n-6 dna methylase,370,0.9866763565891472
DEAD/DEAH box helicase family protein,dead/deah box helicase family protein,86,0.985837375642783
PfkB family carbohydrate kinase,pfkb family carbohydrate kinase,152,0.9849801368017335
septum site-determining protein MinD,septum site-determining protein mind,95,0.98392871565102
YchJ family protein,ychj family protein,59,0.9824786324786324
type II toxin-antitoxin system VapC family toxin,type ii toxin-antitoxin system vapc family toxin,625,0.9817559346971112
YaaC family protein,yaac family protein,58,0.9788359788359788
2'-5' RNA ligase family protein,2'-5' rna ligase family protein,55,0.9777391524986608
cisplatin damage response ATP-dependent DNA ligase,cisplatin damage response atp-dependent dna ligase,68,0.9767441860465116
Helicase associated domain protein,helicase associated domain protein,65,0.9761904761904764
type II toxin-antitoxin system PemK/MazF family toxin,type ii toxin-antitoxin system pemk/mazf family toxin,129,0.9753246753246756
"cytochrome-c oxidase, cbb3-type subunit III","cytochrome-c oxidase, cbb3-type subunit iii",79,0.974833286371748
transposase,transposase,1823,0.9743589743589745
ead/Ea22-like family protein,ead/ea22-like family protein,605,0.97362012987013
tail length tape measure protein,tail length tape measure protein,112,0.9734513274336284
myo-inosose-2 dehydratase,myo-inosose-2 dehydratase,67,0.9722600619195046
FtsK/SpoIIIE domain-containing protein,ftsk/spoiiie domain-containing protein,126,0.9722419832789876
Y-family DNA polymerase,y-family dna polymerase,187,0.9702871148459384
hybrid-cluster NAD(P)-dependent oxidoreductase,hybrid-cluster nad(p)-dependent oxidoreductase,70,0.969907459524147
SLC13 family permease,slc13 family permease,251,0.9694023624211188
ArdC-like ssDNA-binding domain-containing protein,ardc-like ssdna-binding domain-containing protein,57,0.968446210222526
Ig domain-containing protein,ig domain-containing protein,164,0.9678571428571427
PTS transporter subunit EIIC,pts transporter subunit eiic,53,0.9654327785419404
TrbG/VirB9 family P-type conjugative transfer protein,trbg/virb9 family p-type conjugative transfer protein,60,0.9652342755283931
glycerophosphodiester phosphodiesterase,glycerophosphodiester phosphodiesterase,86,0.9646657362150138
SNF2-related protein,snf2-related protein,164,0.9644736842105264
FitA-like ribbon-helix-helix domain-containing protein,fita-like ribbon-helix-helix domain-containing protein,54,0.9643029485134748
WYL domain-containing protein,wyl domain-containing protein,70,0.9638761826286457
phosphonate ABC transporter substrate-binding protein,phosphonate abc transporter substrate-binding protein,59,0.963768115942029
aspartyl-phosphate phosphatase Spo0E family protein,aspartyl-phosphate phosphatase spo0e family protein,73,0.9635880120529242
terminase,terminase,441,0.962473604826546
ImmA/IrrE family metallo-endopeptidase,imma/irre family metallo-endopeptidase,115,0.9610611926955414
O-antigen ligase,o-antigen ligase,98,0.96
Arc family DNA-binding protein,arc family dna-binding protein,54,0.9597466259230967
HalOD1 output domain-containing protein,halod1 output domain-containing protein,158,0.9583241758241758
helix-hairpin-helix domain-containing protein,helix-hairpin-helix domain-containing protein,124,0.9581162427316274
phage minor tail protein L,phage minor tail protein l,710,0.9559382086167802
C40 family peptidase,c40 family peptidase,830,0.9545454545454546
DUF968 domain-containing protein,duf968 domain-containing protein,486,0.9532828282828283
glycosyltransferase family 1 protein,glycosyltransferase family 1 protein,114,0.9526209677419355
IS1-like element IS1B family transposase,is1-like element is1b family transposase,59,0.9523809523809524
NADH-quinone oxidoreductase subunit J,nadh-quinone oxidoreductase subunit j,62,0.9516990362578599
phosphomethylpyrimidine synthase ThiC,phosphomethylpyrimidine synthase thic,69,0.9507086247086248
DNA adenine methylase,dna adenine methylase,60,0.9501494641971348
Cdc6/Cdc18 family protein,cdc6/cdc18 family protein,82,0.9495647721454172
RICIN domain-containing protein,ricin domain-containing protein,65,0.9485005248163144
allophanate hydrolase,allophanate hydrolase,51,0.9481415611525992
WhiB family transcriptional regulator,whib family transcriptional regulator,95,0.9481093827499056
site-specific integrase,site-specific integrase,1423,0.9473684210526316
MOSC domain-containing protein,mosc domain-containing protein,156,0.9473684210526316
DUF2637 domain-containing protein,duf2637 domain-containing protein,77,0.9473684210526316
bifunctional DNA primase/polymerase,bifunctional dna primase/polymerase,61,0.9473684210526316
FMN-binding glutamate synthase family protein,fmn-binding glutamate synthase family protein,65,0.9471182266009852
ACR3 family arsenite efflux transporter,acr3 family arsenite efflux transporter,136,0.9466427432216906
lysozyme,lysozyme,530,0.9454545454545454
LexA family protein,lexa family protein,69,0.9449977774372238
sugar transferase,sugar transferase,266,0.9389505181725295
IS4 family transposase,is4 family transposase,274,0.9379817335372892
lytic transglycosylase domain-containing protein,lytic transglycosylase domain-containing protein,575,0.936926924145596
YybH family protein,yybh family protein,64,0.9362408424908426
type I restriction-modification system subunit M,type i restriction-modification system subunit m,357,0.9357142857142856
ppfA,ppfa,74,0.9333333333333332
thymidylate synthase,thymidylate synthase,677,0.9296992481203008
ABC transporter,abc transporter,343,0.9285714285714286
H-NS histone family protein,h-ns histone family protein,56,0.9285714285714286
DUF2971 domain-containing protein,duf2971 domain-containing protein,345,0.9272727272727272
NAD(P)-binding domain-containing protein,nad(p)-binding domain-containing protein,131,0.9240253411306044
potassium-transporting ATPase subunit KdpC,potassium-transporting atpase subunit kdpc,64,0.9230769230769232
ectoine/hydroxyectoine ABC transporter permease subunit EhuD,ectoine/hydroxyectoine abc transporter permease subunit ehud,61,0.9230769230769232
conjugation system SOS inhibitor PsiB,conjugation system sos inhibitor psib,54,0.9230769230769232
lytic murein transglycosylase,lytic murein transglycosylase,176,0.9214999157157542
2-aminoethylphosphonate--pyruvate transaminase,2-aminoethylphosphonate--pyruvate transaminase,58,0.9207880650863107
head-tail connector protein,head-tail connector protein,55,0.9200000000000002
iron-sulfur cluster carrier protein ApbC,iron-sulfur cluster carrier protein apbc,158,0.9198778195488722
M24 family metallopeptidase,m24 family metallopeptidase,184,0.9198545920925909
tape measure protein,tape measure protein,643,0.9169968717413972
restriction endonuclease subunit S,restriction endonuclease subunit s,420,0.9158044253610615
phage tail tip protein,phage tail tip protein,134,0.9122509057971016
pyrroloquinoline quinone precursor peptide PqqA,pyrroloquinoline quinone precursor peptide pqqa,87,0.9107142857142856
Eco57I restriction-modification methylase domain-containing protein,eco57i restriction-modification methylase domain-containing protein,89,0.91016333938294
methionine--tRNA ligase,methionine--trna ligase,188,0.907165198113474
type I restriction endonuclease subunit R,type i restriction endonuclease subunit r,98,0.9071310116086235
"ribbon-helix-helix protein, CopG family","ribbon-helix-helix protein, copg family",64,0.9041666666666666
GH25 family lysozyme,gh25 family lysozyme,99,0.9036148578593156
host cell division inhibitor Icd-like protein,host cell division inhibitor icd-like protein,832,0.9
DUF411 domain-containing protein,duf411 domain-containing protein,133,0.9
Hg(II)-responsive transcriptional regulator,hg(ii)-responsive transcriptional regulator,51,0.9
amino acid synthesis family protein,amino acid synthesis family protein,78,0.8984031132581857
portal protein,portal protein,115,0.8969839404622014
IS701 family transposase,is701 family transposase,185,0.8958333333333334
IS481 family transposase,is481 family transposase,140,0.8925964231846585
PEP/pyruvate-binding domain-containing protein,pep/pyruvate-binding domain-containing protein,79,0.891891891891892
RHS repeat-associated core domain-containing protein,rhs repeat-associated core domain-containing protein,189,0.8914544160646743
LytTR family DNA-binding domain-containing protein,lyttr family dna-binding domain-containing protein,54,0.8913114663114663
oligosaccharide flippase family protein,oligosaccharide flippase family protein,152,0.8888888888888888
YbaN family protein,yban family protein,61,0.8888888888888888
DUF3006 domain-containing protein,duf3006 domain-containing protein,55,0.8863095238095238
phage portal protein,phage portal protein,912,0.8823529411764707
proline racemase family protein,proline racemase family protein,105,0.88
DNA primase,dna primase,574,0.875
conjugal transfer protein,conjugal transfer protein,67,0.8673881673881675
FtsX-like permease family protein,ftsx-like permease family protein,146,0.8669250548905466
ATP/GTP-binding protein,atp/gtp-binding protein,81,0.8666666666666667
head protein,head protein,64,0.8607214881937474
oligopeptide ABC transporter permease OppB,oligopeptide abc transporter permease oppb,73,0.8599003322259136
DUF2829 domain-containing protein,duf2829 domain-containing protein,227,0.8571428571428571
co-chaperone GroES,co-chaperone groes,181,0.8571428571428571
iron chelate uptake ABC transporter family permease subunit,iron chelate uptake abc transporter family permease subunit,151,0.8571428571428571
gamma-glutamylcyclotransferase,gamma-glutamylcyclotransferase,130,0.8571428571428571
ribonucleotide-diphosphate reductase subunit beta,ribonucleotide-diphosphate reductase subunit beta,119,0.8571428571428571
DUF2254 domain-containing protein,duf2254 domain-containing protein,61,0.8571428571428571
endonuclease domain-containing protein,endonuclease domain-containing protein,61,0.8571428571428571
hydroxypyruvate isomerase,hydroxypyruvate isomerase,53,0.8571428571428571
transglycosylase SLT domain-containing protein,transglycosylase slt domain-containing protein,396,0.8570926790104871
replicative DNA helicase,replicative dna helicase,460,0.85
GIY-YIG nuclease family protein,giy-yig nuclease family protein,538,0.8426136363636363
glycoside hydrolase family 127 protein,glycoside hydrolase family 127 protein,57,0.8400000000000001
glycoside hydrolase family 108 protein,glycoside hydrolase family 108 protein,65,0.8391173641173642
plasmid segregation protein ParM domain-containing protein,plasmid segregation protein parm domain-containing protein,116,0.8382352941176471
aminopeptidase P family protein,aminopeptidase p family protein,81,0.8356101474267649
putative DNA modification/repair radical SAM protein,putative dna modification/repair radical sam protein,112,0.8337888198757764
type II toxin-antitoxin system Phd/YefM family antitoxin,type ii toxin-antitoxin system phd/yefm family antitoxin,842,0.8333333333333334
metal ABC transporter ATP-binding protein,metal abc transporter atp-binding protein,107,0.8333333333333334
ribonuclease HI,ribonuclease hi,411,0.8333333333333333
terminase small subunit,terminase small subunit,57,0.8285714285714285
secretion protein HlyD,secretion protein hlyd,51,0.8275862068965517
uracil-DNA glycosylase family protein,uracil-dna glycosylase family protein,125,0.8235294117647058
IS6-like element IS26 family transposase,is6-like element is26 family transposase,408,0.8181818181818182
aldose epimerase family protein,aldose epimerase family protein,123,0.8181818181818181
DnaA N-terminal domain-containing protein,dnaa n-terminal domain-containing protein,96,0.8181818181818181
conjugal transfer protein TrbE,conjugal transfer protein trbe,74,0.8166666666666667
CmpA/NrtA family ABC transporter substrate-binding protein,cmpa/nrta family abc transporter substrate-binding protein,129,0.8108108108108109
DUF1778 domain-containing protein,duf1778 domain-containing protein,299,0.8
ISNCY family transposase,isncy family transposase,231,0.8
S-(hydroxymethyl)glutathione dehydrogenase/class III alcohol dehydrogenase,s-(hydroxymethyl)glutathione dehydrogenase/class iii alcohol dehydrogenase,187,0.8
IS5-like element ISKpn26 family transposase,is5-like element iskpn26 family transposase,87,0.8
antirestriction protein,antirestriction protein,83,0.8
type II toxin-antitoxin system prevent-host-death family antitoxin,type ii toxin-antitoxin system prevent-host-death family antitoxin,71,0.8
bacterio-opsin activator domain-containing protein,bacterio-opsin activator domain-containing protein,67,0.8
sulfonamide-resistant dihydropteroate synthase Sul2,sulfonamide-resistant dihydropteroate synthase sul2,54,0.8
DUF6009 family protein,duf6009 family protein,51,0.8
mercury(II) reductase,mercury(ii) reductase,73,0.7993920972644377
transposase family protein,transposase family protein,196,0.7975795368652512
P-loop NTPase fold protein,p-loop ntpase fold protein,110,0.7909407665505226
LysM peptidoglycan-binding domain-containing protein,lysm peptidoglycan-binding domain-containing protein,186,0.7896508678749856
DUF551 domain-containing protein,duf551 domain-containing protein,259,0.7866666666666667
type II toxin-antitoxin system death-on-curing family toxin,type ii toxin-antitoxin system death-on-curing family toxin,545,0.7857142857142857
AzlC family ABC transporter permease,azlc family abc transporter permease,154,0.7779493976782051
NADH-quinone oxidoreductase subunit NuoK,nadh-quinone oxidoreductase subunit nuok,66,0.7762470372764491
IS1380 family transposase,is1380 family transposase,54,0.7733673649005457
LysM domain-containing protein,lysm domain-containing protein,52,0.7692307692307693
TrbI/VirB10 family protein,trbi/virb10 family protein,135,0.7619047619047619
PAAR domain-containing protein,paar domain-containing protein,290,0.7611356385988739
IS1-like element IS1A family transposase,is1-like element is1a family transposase,140,0.7563025210084033
phosphoribosyl-ATP pyrophosphohydrolase,phosphoribosyl-atp pyrophosphohydrolase,217,0.75
CsbD family protein,csbd family protein,186,0.75
autoinducer 2 ABC transporter substrate-binding protein,autoinducer 2 abc transporter substrate-binding protein,74,0.75
DUF2188 domain-containing protein,duf2188 domain-containing protein,70,0.75
DUF6262 family protein,duf6262 family protein,55,0.75
phosphogluconate dehydrogenase C-terminal domain-containing protein,phosphogluconate dehydrogenase c-terminal domain-containing protein,51,0.75
DUF4041 domain-containing protein,duf4041 domain-containing protein,137,0.7363636363636363
nucleoside triphosphate pyrophosphohydrolase family protein,nucleoside triphosphate pyrophosphohydrolase family protein,333,0.7307692307692308
translesion error-prone DNA polymerase V autoproteolytic subunit,translesion error-prone dna polymerase v autoproteolytic subunit,54,0.71875
type IV conjugative transfer system coupling protein TraD,type iv conjugative transfer system coupling protein trad,71,0.7181409295352323
minor capsid protein,minor capsid protein,733,0.7142857142857142
porin OmpC,porin ompc,68,0.7021014492753623
replication initiation protein RepM,replication initiation protein repm,99,0.7
MocE family 2Fe-2S type ferredoxin,moce family 2fe-2s type ferredoxin,62,0.7
DUF427 domain-containing protein,duf427 domain-containing protein,72,0.6931818181818182
DUF4406 domain-containing protein,duf4406 domain-containing protein,110,0.6851770451770451
DUF6894 family protein,duf6894 family protein,135,0.6785714285714286
YjbH domain-containing protein,yjbh domain-containing protein,86,0.6774193548387097
lysozyme inhibitor LprI family protein,lysozyme inhibitor lpri family protein,282,0.6666666666666666
type II toxin-antitoxin system VapB family antitoxin,type ii toxin-antitoxin system vapb family antitoxin,253,0.6666666666666666
type 1 glutamine amidotransferase domain-containing protein,type 1 glutamine amidotransferase domain-containing protein,214,0.6666666666666666
DUF1236 domain-containing protein,duf1236 domain-containing protein,162,0.6666666666666666
DUF932 domain-containing protein,duf932 domain-containing protein,128,0.6666666666666666
NrsF family protein,nrsf family protein,59,0.6666666666666666
glucose-1-phosphate cytidylyltransferase,glucose-1-phosphate cytidylyltransferase,51,0.6666666666666666
baseplate,baseplate,89,0.6555183946488294
inositol 2-dehydrogenase,inositol 2-dehydrogenase,78,0.6553499132446501
DNA polymerase III subunit theta,dna polymerase iii subunit theta,282,0.65
ISAs1 family transposase,isas1 family transposase,116,0.6428571428571429
conjugal transfer protein TraG N-terminal domain-containing protein,conjugal transfer protein trag n-terminal domain-containing protein,119,0.631578947368421
capsid protein,capsid protein,56,0.6234102733984137
DUF3726 domain-containing protein,duf3726 domain-containing protein,71,0.6000000000000001
IS6 family transposase,is6 family transposase,510,0.6
galactonate dehydratase,galactonate dehydratase,64,0.5758928571428571
type I toxin-antitoxin system toxin HokD,type i toxin-antitoxin system toxin hokd,174,0.5714285714285714
HK97 gp10 family phage protein,hk97 gp10 family phage protein,95,0.5714285714285714
plasmid replication initiator TrfA,plasmid replication initiator trfa,59,0.5714285714285714
HigA family addiction module antitoxin,higa family addiction module antitoxin,145,0.5476190476190476
sarcosine oxidase subunit delta,sarcosine oxidase subunit delta,124,0.5472527472527473
ectoine/hydroxyectoine ABC transporter substrate-binding protein EhuB,ectoine/hydroxyectoine abc transporter substrate-binding protein ehub,68,0.5454545454545455
arsenic resistance N-acetyltransferase ArsN2,arsenic resistance n-acetyltransferase arsn2,51,0.5454545454545455
CbbQ/NirQ/NorQ/GpvN family protein,cbbq/nirq/norq/gpvn family protein,104,0.5335968379446641
beta strand repeat-containing protein,beta strand repeat-containing protein,114,0.5047454702329595
VRR-NUC domain-containing protein,vrr-nuc domain-containing protein,473,0.5
colicin E1 family microcin immunity protein,colicin e1 family microcin immunity protein,279,0.5
ash family protein,ash family protein,197,0.5
phospholipase D family protein,phospholipase d family protein,147,0.5
C-type natriuretic protein,c-type natriuretic protein,140,0.5
flavin-containing monooxygenase,flavin-containing monooxygenase,80,0.4824242424242424
SWIM zinc finger family protein,swim zinc finger family protein,100,0.4807692307692307
ATP-dependent Clp protease proteolytic subunit,atp-dependent clp protease proteolytic subunit,121,0.4615384615384615
tRNA (N6-threonylcarbamoyladenosine(37)-N6)-methyltransferase TrmO,trna (n6-threonylcarbamoyladenosine(37)-n6)-methyltransferase trmo,89,0.4615384615384615
S26 family signal peptidase,s26 family signal peptidase,136,0.4444444444444444
glutamine--tRNA ligase,glutamine--trna ligase,81,0.4444444444444444
AzlD domain-containing protein,azld domain-containing protein,129,0.4210526315789473
guanylate kinase,guanylate kinase,153,0.4
replication-relaxation family protein,replication-relaxation family protein,64,0.39460658815497524
CheB methylesterase domain-containing protein,cheb methylesterase domain-containing protein,66,0.375
phage Gp37/Gp68 family protein,phage gp37/gp68 family protein,70,0.3636363636363636
DUF3927 family protein,duf3927 family protein,654,0.3333333333333333
S24 family peptidase,s24 family peptidase,532,0.3333333333333333
conjugal transfer protein TraF,conjugal transfer protein traf,118,0.3125
plasmid partitioning/stability family protein,plasmid partitioning/stability family protein,122,0.2857142857142857
DNA methyltransferase,dna methyltransferase,139,0.2727272727272727
DUF2291 family protein,duf2291 family protein,52,0.2666666666666666
TraB/VirB10 family protein,trab/virb10 family protein,52,0.2554347826086957
phage integrase family protein,phage integrase family protein,106,0.23888888888888885
type IV secretion system protein TraC,type iv secretion system protein trac,122,0.23160173160173156
zeta toxin family protein,zeta toxin family protein,116,0.225
IS5-like element ISBugl2 family transposase,is5-like element isbugl2 family transposase,122,0.1818181818181818
type-F conjugative transfer system secretin TraK,type-f conjugative transfer system secretin trak,129,0.1666666666666666
MobF family relaxase,mobf family relaxase,123,0.081081081081081
GrxA family glutaredoxin,grxa family glutaredoxin,604,0.0
type IV conjugative transfer system protein TraL,type iv conjugative transfer system protein tral,145,0.0
DsbC family protein,dsbc family protein,124,0.0
type IV conjugative transfer system lipoprotein TraV,type iv conjugative transfer system lipoprotein trav,118,0.0
type IV conjugative transfer system protein TraE,type iv conjugative transfer system protein trae,117,0.0
type-F conjugative transfer system pilin assembly protein TrbC,type-f conjugative transfer system pilin assembly protein trbc,116,0.0
type-F conjugative transfer system protein TraW,type-f conjugative transfer system protein traw,113,0.0
metal/formaldehyde-sensitive transcriptional repressor,metal/formaldehyde-sensitive transcriptional repressor,112,0.0
conjugal transfer pilus assembly protein TraU,conjugal transfer pilus assembly protein trau,110,0.0
DUF3560 domain-containing protein,duf3560 domain-containing protein,110,0.0
conjugal transfer protein TraH,conjugal transfer protein trah,108,0.0
conjugal transfer protein TraN,conjugal transfer protein tran,104,0.0
ProQ/FINO family protein,proq/fino family protein,102,0.0
DUF1173 domain-containing protein,duf1173 domain-containing protein,99,0.0
type IV secretion system DNA-binding domain-containing protein,type iv secretion system dna-binding domain-containing protein,97,0.0
protein-disulfide reductase DsbD N-terminal domain-containing protein,protein-disulfide reductase dsbd n-terminal domain-containing protein,88,0.0
LPD29 domain-containing protein,lpd29 domain-containing protein,78,0.0
translesion DNA synthesis-associated protein ImuA,translesion dna synthesis-associated protein imua,78,0.0
DUF3299 domain-containing protein,duf3299 domain-containing protein,68,0.0
DUF3008 family protein,duf3008 family protein,64,0.0
D-ribose ABC transporter substrate-binding protein,d-ribose abc transporter substrate-binding protein,61,0.0
CcoQ/FixQ family Cbb3-type cytochrome c oxidase assembly chaperone,ccoq/fixq family cbb3-type cytochrome c oxidase assembly chaperone,52,0.0
outer membrane protein assembly factor BamE domain-containing protein,outer membrane protein assembly factor bame domain-containing protein,51,0.0
