Gene_group,bin_left,bin_right,bin_center,count
Chromosome genes,0.0,0.005,0.0025,1185975
Chromosome genes,0.005,0.01,0.0075,12
Chromosome genes,0.01,0.015,0.0125,38
Chromosome genes,0.015,0.02,0.0175,114
Chromosome genes,0.02,0.025,0.0225,201
Chromosome genes,0.025,0.03,0.0275,448
Chromosome genes,0.03,0.035,0.0325,522
Chromosome genes,0.035,0.04,0.037500000000000006,641
Chromosome genes,0.04,0.045,0.042499999999999996,1111
Chromosome genes,0.045,0.05,0.0475,1132
Chromosome genes,0.05,0.055,0.052500000000000005,1583
Chromosome genes,0.055,0.06,0.057499999999999996,2110
Chromosome genes,0.06,0.065,0.0625,2504
Chromosome genes,0.065,0.07,0.0675,2758
Chromosome genes,0.07,0.075,0.07250000000000001,3151
Chromosome genes,0.075,0.08,0.0775,3167
Chromosome genes,0.08,0.085,0.0825,4765
Chromosome genes,0.085,0.09,0.0875,3936
Chromosome genes,0.09,0.095,0.0925,4221
Chromosome genes,0.095,0.1,0.0975,4709
Chromosome genes,0.1,0.105,0.10250000000000001,6627
Chromosome genes,0.105,0.11,0.1075,5273
Chromosome genes,0.11,0.115,0.1125,7188
Chromosome genes,0.115,0.12,0.1175,5622
Chromosome genes,0.12,0.125,0.1225,4710
Chromosome genes,0.125,0.13,0.1275,10826
Chromosome genes,0.13,0.135,0.1325,9190
Chromosome genes,0.135,0.14,0.1375,6069
Chromosome genes,0.14,0.145,0.14250000000000002,11433
Chromosome genes,0.145,0.15,0.1475,5517
Chromosome genes,0.15,0.155,0.1525,12674
Chromosome genes,0.155,0.16,0.1575,3747
Chromosome genes,0.16,0.165,0.1625,6695
Chromosome genes,0.165,0.17,0.1675,21735
Chromosome genes,0.17,0.17500000000000002,0.17250000000000001,8007
Chromosome genes,0.17500000000000002,0.18,0.1775,5895
Chromosome genes,0.18,0.185,0.1825,15526
Chromosome genes,0.185,0.19,0.1875,6847
Chromosome genes,0.19,0.195,0.1925,11470
Chromosome genes,0.195,0.2,0.1975,2157
Chromosome genes,0.2,0.20500000000000002,0.2025,29840
Chromosome genes,0.20500000000000002,0.21,0.20750000000000002,6927
Chromosome genes,0.21,0.215,0.2125,14985
Chromosome genes,0.215,0.22,0.2175,2736
Chromosome genes,0.22,0.225,0.2225,27700
Chromosome genes,0.225,0.23,0.2275,3656
Chromosome genes,0.23,0.23500000000000001,0.2325,9835
Chromosome genes,0.23500000000000001,0.24,0.2375,9879
Chromosome genes,0.24,0.245,0.2425,11777
Chromosome genes,0.245,0.25,0.2475,1520
Chromosome genes,0.25,0.255,0.2525,52436
Chromosome genes,0.255,0.26,0.2575,4139
Chromosome genes,0.26,0.265,0.2625,10258
Chromosome genes,0.265,0.27,0.2675,15627
Chromosome genes,0.27,0.275,0.2725,15062
Chromosome genes,0.275,0.28,0.2775,5987
Chromosome genes,0.28,0.28500000000000003,0.28250000000000003,2751
Chromosome genes,0.28500000000000003,0.29,0.2875,44895
Chromosome genes,0.29,0.295,0.2925,5316
Chromosome genes,0.295,0.3,0.2975,5088
Chromosome genes,0.3,0.305,0.3025,19668
Chromosome genes,0.305,0.31,0.3075,18697
Chromosome genes,0.31,0.315,0.3125,4798
Chromosome genes,0.315,0.32,0.3175,15080
Chromosome genes,0.32,0.325,0.3225,8905
Chromosome genes,0.325,0.33,0.3275,3624
Chromosome genes,0.33,0.335,0.3325,102512
Chromosome genes,0.335,0.34,0.3375,3513
Chromosome genes,0.34,0.34500000000000003,0.3425,6916
Chromosome genes,0.34500000000000003,0.35000000000000003,0.34750000000000003,9044
Chromosome genes,0.35000000000000003,0.355,0.35250000000000004,19782
Chromosome genes,0.355,0.36,0.3575,6394
Chromosome genes,0.36,0.365,0.3625,25473
Chromosome genes,0.365,0.37,0.3675,6617
Chromosome genes,0.37,0.375,0.3725,5367
Chromosome genes,0.375,0.38,0.3775,33587
Chromosome genes,0.38,0.385,0.3825,13499
Chromosome genes,0.385,0.39,0.3875,9701
Chromosome genes,0.39,0.395,0.3925,6677
Chromosome genes,0.395,0.4,0.3975,6149
Chromosome genes,0.4,0.405,0.4025,93460
Chromosome genes,0.405,0.41000000000000003,0.40750000000000003,5926
Chromosome genes,0.41000000000000003,0.41500000000000004,0.41250000000000003,11963
Chromosome genes,0.41500000000000004,0.42,0.4175,13332
Chromosome genes,0.42,0.425,0.4225,11811
Chromosome genes,0.425,0.43,0.4275,43373
Chromosome genes,0.43,0.435,0.4325,9429
Chromosome genes,0.435,0.44,0.4375,8104
Chromosome genes,0.44,0.445,0.4425,48102
Chromosome genes,0.445,0.45,0.4475,5254
Chromosome genes,0.45,0.455,0.4525,19419
Chromosome genes,0.455,0.46,0.4575,7592
Chromosome genes,0.46,0.465,0.4625,35723
Chromosome genes,0.465,0.47000000000000003,0.4675,11860
Chromosome genes,0.47000000000000003,0.47500000000000003,0.47250000000000003,19069
Chromosome genes,0.47500000000000003,0.48,0.47750000000000004,12761
Chromosome genes,0.48,0.485,0.4825,17550
Chromosome genes,0.485,0.49,0.4875,14721
Chromosome genes,0.49,0.495,0.4925,8598
Chromosome genes,0.495,0.5,0.4975,6325
Chromosome genes,0.5,0.505,0.5025,201445
Chromosome genes,0.505,0.51,0.5075000000000001,10791
Chromosome genes,0.51,0.515,0.5125,10500
Chromosome genes,0.515,0.52,0.5175000000000001,15322
Chromosome genes,0.52,0.525,0.5225,19923
Chromosome genes,0.525,0.53,0.5275000000000001,15543
Chromosome genes,0.53,0.535,0.5325,25213
Chromosome genes,0.535,0.54,0.5375000000000001,17418
Chromosome genes,0.54,0.545,0.5425,11967
Chromosome genes,0.545,0.55,0.5475000000000001,46735
Chromosome genes,0.55,0.555,0.5525,16036
Chromosome genes,0.555,0.56,0.5575000000000001,31396
Chromosome genes,0.56,0.5650000000000001,0.5625,17650
Chromosome genes,0.5650000000000001,0.5700000000000001,0.5675000000000001,13184
Chromosome genes,0.5700000000000001,0.5750000000000001,0.5725,77136
Chromosome genes,0.5750000000000001,0.58,0.5775,14070
Chromosome genes,0.58,0.585,0.5825,29166
Chromosome genes,0.585,0.59,0.5874999999999999,19526
Chromosome genes,0.59,0.595,0.5925,15226
Chromosome genes,0.595,0.6,0.5974999999999999,13309
Chromosome genes,0.6,0.605,0.6025,90851
Chromosome genes,0.605,0.61,0.6074999999999999,16298
Chromosome genes,0.61,0.615,0.6125,19418
Chromosome genes,0.615,0.62,0.6174999999999999,36579
Chromosome genes,0.62,0.625,0.6225,16934
Chromosome genes,0.625,0.63,0.6275,39669
Chromosome genes,0.63,0.635,0.6325000000000001,31068
Chromosome genes,0.635,0.64,0.6375,22750
Chromosome genes,0.64,0.645,0.6425000000000001,26597
Chromosome genes,0.645,0.65,0.6475,18960
Chromosome genes,0.65,0.655,0.6525000000000001,24764
Chromosome genes,0.655,0.66,0.6575,15793
Chromosome genes,0.66,0.665,0.6625000000000001,15589
Chromosome genes,0.665,0.67,0.6675,234862
Chromosome genes,0.67,0.675,0.6725000000000001,16819
Chromosome genes,0.675,0.68,0.6775,19638
Chromosome genes,0.68,0.685,0.6825000000000001,21655
Chromosome genes,0.685,0.6900000000000001,0.6875,29320
Chromosome genes,0.6900000000000001,0.6950000000000001,0.6925000000000001,26171
Chromosome genes,0.6950000000000001,0.7000000000000001,0.6975,38885
Chromosome genes,0.7000000000000001,0.705,0.7025,17855
Chromosome genes,0.705,0.71,0.7075,38416
Chromosome genes,0.71,0.715,0.7124999999999999,53051
Chromosome genes,0.715,0.72,0.7175,18666
Chromosome genes,0.72,0.725,0.7224999999999999,29200
Chromosome genes,0.725,0.73,0.7275,40788
Chromosome genes,0.73,0.735,0.7324999999999999,36097
Chromosome genes,0.735,0.74,0.7375,26085
Chromosome genes,0.74,0.745,0.7424999999999999,22614
Chromosome genes,0.745,0.75,0.7475,18546
Chromosome genes,0.75,0.755,0.7525,140730
Chromosome genes,0.755,0.76,0.7575000000000001,21650
Chromosome genes,0.76,0.765,0.7625,33188
Chromosome genes,0.765,0.77,0.7675000000000001,37720
Chromosome genes,0.77,0.775,0.7725,26290
Chromosome genes,0.775,0.78,0.7775000000000001,40862
Chromosome genes,0.78,0.785,0.7825,29022
Chromosome genes,0.785,0.79,0.7875000000000001,35848
Chromosome genes,0.79,0.795,0.7925,26633
Chromosome genes,0.795,0.8,0.7975000000000001,22457
Chromosome genes,0.8,0.805,0.8025,132568
Chromosome genes,0.805,0.81,0.8075000000000001,32021
Chromosome genes,0.81,0.8150000000000001,0.8125,27155
Chromosome genes,0.8150000000000001,0.8200000000000001,0.8175000000000001,37005
Chromosome genes,0.8200000000000001,0.8250000000000001,0.8225,33859
Chromosome genes,0.8250000000000001,0.8300000000000001,0.8275000000000001,28330
Chromosome genes,0.8300000000000001,0.835,0.8325,73478
Chromosome genes,0.835,0.84,0.8374999999999999,24160
Chromosome genes,0.84,0.845,0.8425,32104
Chromosome genes,0.845,0.85,0.8474999999999999,29198
Chromosome genes,0.85,0.855,0.8525,30947
Chromosome genes,0.855,0.86,0.8574999999999999,103214
Chromosome genes,0.86,0.865,0.8625,27148
Chromosome genes,0.865,0.87,0.8674999999999999,34232
Chromosome genes,0.87,0.875,0.8725,25140
Chromosome genes,0.875,0.88,0.8775,48275
Chromosome genes,0.88,0.885,0.8825000000000001,30680
Chromosome genes,0.885,0.89,0.8875,66497
Chromosome genes,0.89,0.895,0.8925000000000001,24773
Chromosome genes,0.895,0.9,0.8975,24606
Chromosome genes,0.9,0.905,0.9025000000000001,54004
Chromosome genes,0.905,0.91,0.9075,41999
Chromosome genes,0.91,0.915,0.9125000000000001,24848
Chromosome genes,0.915,0.92,0.9175,39037
Chromosome genes,0.92,0.925,0.9225000000000001,51023
Chromosome genes,0.925,0.93,0.9275,32925
Chromosome genes,0.93,0.935,0.9325000000000001,39158
Chromosome genes,0.935,0.9400000000000001,0.9375,31410
Chromosome genes,0.9400000000000001,0.9450000000000001,0.9425000000000001,37252
Chromosome genes,0.9450000000000001,0.9500000000000001,0.9475,37523
Chromosome genes,0.9500000000000001,0.9550000000000001,0.9525000000000001,33052
Chromosome genes,0.9550000000000001,0.96,0.9575,26651
Chromosome genes,0.96,0.965,0.9624999999999999,34386
Chromosome genes,0.965,0.97,0.9675,29753
Chromosome genes,0.97,0.975,0.9724999999999999,28620
Chromosome genes,0.975,0.98,0.9775,26791
Chromosome genes,0.98,0.985,0.9824999999999999,24054
Chromosome genes,0.985,0.99,0.9875,23251
Chromosome genes,0.99,0.995,0.9924999999999999,21669
Chromosome genes,0.995,1.0,0.9975,16054
Chromosome genes,1.0,1.0050000000000001,1.0025,407563
Chromosome genes,1.0050000000000001,1.01,1.0075,21721
Chromosome genes,1.01,1.0150000000000001,1.0125000000000002,22359
Chromosome genes,1.0150000000000001,1.02,1.0175,25764
Chromosome genes,1.02,1.025,1.0225,25199
Chromosome genes,1.025,1.03,1.0274999999999999,27392
Chromosome genes,1.03,1.035,1.0325,30248
Chromosome genes,1.035,1.04,1.0375,22759
Chromosome genes,1.04,1.045,1.0425,34159
Chromosome genes,1.045,1.05,1.0474999999999999,25865
Chromosome genes,1.05,1.055,1.0525,30559
Chromosome genes,1.055,1.06,1.0575,34059
Chromosome genes,1.06,1.065,1.0625,21787
Chromosome genes,1.065,1.07,1.0675,34898
Chromosome genes,1.07,1.075,1.0725,27857
Chromosome genes,1.075,1.08,1.0775000000000001,29125
Chromosome genes,1.08,1.085,1.0825,28099
Chromosome genes,1.085,1.09,1.0875,21472
Chromosome genes,1.09,1.095,1.0925,46398
Chromosome genes,1.095,1.1,1.0975000000000001,21428
Chromosome genes,1.1,1.105,1.1025,31588
Chromosome genes,1.105,1.11,1.1075,19919
Chromosome genes,1.11,1.115,1.1125,47024
Chromosome genes,1.115,1.12,1.1175000000000002,20749
Chromosome genes,1.12,1.125,1.1225,17490
Chromosome genes,1.125,1.1300000000000001,1.1275,40810
Chromosome genes,1.1300000000000001,1.135,1.1325,24618
Chromosome genes,1.135,1.1400000000000001,1.1375000000000002,18031
Chromosome genes,1.1400000000000001,1.145,1.1425,62213
Chromosome genes,1.145,1.1500000000000001,1.1475,21608
Chromosome genes,1.1500000000000001,1.155,1.1525,19703
Chromosome genes,1.155,1.16,1.1575,20654
Chromosome genes,1.16,1.165,1.1625,19691
Chromosome genes,1.165,1.17,1.1675,45727
Chromosome genes,1.17,1.175,1.1724999999999999,18380
Chromosome genes,1.175,1.18,1.1775,25565
Chromosome genes,1.18,1.185,1.1825,17217
Chromosome genes,1.185,1.19,1.1875,17943
Chromosome genes,1.19,1.195,1.1925,17519
Chromosome genes,1.195,1.2,1.1975,13003
Chromosome genes,1.2,1.205,1.2025000000000001,115697
Chromosome genes,1.205,1.21,1.2075,15940
Chromosome genes,1.21,1.215,1.2125,21291
Chromosome genes,1.215,1.22,1.2175,16063
Chromosome genes,1.22,1.225,1.2225000000000001,21137
Chromosome genes,1.225,1.23,1.2275,17366
Chromosome genes,1.23,1.235,1.2325,27095
Chromosome genes,1.235,1.24,1.2375,18288
Chromosome genes,1.24,1.245,1.2425000000000002,16619
Chromosome genes,1.245,1.25,1.2475,10792
Chromosome genes,1.25,1.2550000000000001,1.2525,57391
Chromosome genes,1.2550000000000001,1.26,1.2575,15727
Chromosome genes,1.26,1.2650000000000001,1.2625000000000002,20305
Chromosome genes,1.2650000000000001,1.27,1.2675,18728
Chromosome genes,1.27,1.2750000000000001,1.2725,27108
Chromosome genes,1.2750000000000001,1.28,1.2775,12455
Chromosome genes,1.28,1.285,1.2825,13010
Chromosome genes,1.285,1.29,1.2875,33417
Chromosome genes,1.29,1.295,1.2925,17202
Chromosome genes,1.295,1.3,1.2974999999999999,11761
Chromosome genes,1.3,1.305,1.3025,25812
Chromosome genes,1.305,1.31,1.3075,12780
Chromosome genes,1.31,1.315,1.3125,15192
Chromosome genes,1.315,1.32,1.3175,11689
Chromosome genes,1.32,1.325,1.3225,12201
Chromosome genes,1.325,1.33,1.3275000000000001,10442
Chromosome genes,1.33,1.335,1.3325,161575
Chromosome genes,1.335,1.34,1.3375,9479
Chromosome genes,1.34,1.345,1.3425,10393
Chromosome genes,1.345,1.35,1.3475000000000001,9859
Chromosome genes,1.35,1.355,1.3525,17025
Chromosome genes,1.355,1.36,1.3575,12550
Chromosome genes,1.36,1.365,1.3625,18088
Chromosome genes,1.365,1.37,1.3675000000000002,13226
Chromosome genes,1.37,1.375,1.3725,10461
Chromosome genes,1.375,1.3800000000000001,1.3775,21320
Chromosome genes,1.3800000000000001,1.385,1.3825,26681
Chromosome genes,1.385,1.3900000000000001,1.3875000000000002,10791
Chromosome genes,1.3900000000000001,1.395,1.3925,12584
Chromosome genes,1.395,1.4000000000000001,1.3975,34812
Chromosome genes,1.4000000000000001,1.405,1.4025,8271
Chromosome genes,1.405,1.41,1.4075,9922
Chromosome genes,1.41,1.415,1.4125,18289
Chromosome genes,1.415,1.42,1.4175,14812
Chromosome genes,1.42,1.425,1.4224999999999999,9681
Chromosome genes,1.425,1.43,1.4275,45476
Chromosome genes,1.43,1.435,1.4325,9607
Chromosome genes,1.435,1.44,1.4375,8578
Chromosome genes,1.44,1.445,1.4425,18366
Chromosome genes,1.445,1.45,1.4475,8574
Chromosome genes,1.45,1.455,1.4525000000000001,24378
Chromosome genes,1.455,1.46,1.4575,8818
Chromosome genes,1.46,1.465,1.4625,9986
Chromosome genes,1.465,1.47,1.4675,15432
Chromosome genes,1.47,1.475,1.4725000000000001,11187
Chromosome genes,1.475,1.48,1.4775,9433
Chromosome genes,1.48,1.485,1.4825,8194
Chromosome genes,1.485,1.49,1.4875,8559
Chromosome genes,1.49,1.495,1.4925000000000002,6366
Chromosome genes,1.495,1.5,1.4975,4939
Chromosome genes,1.5,1.5050000000000001,1.5025,155494
Chromosome genes,1.5050000000000001,1.51,1.5075,5750
Chromosome genes,1.51,1.5150000000000001,1.5125000000000002,6682
Chromosome genes,1.5150000000000001,1.52,1.5175,6739
Chromosome genes,1.52,1.5250000000000001,1.5225,11051
Chromosome genes,1.5250000000000001,1.53,1.5275,9569
Chromosome genes,1.53,1.5350000000000001,1.5325000000000002,8324
Chromosome genes,1.5350000000000001,1.54,1.5375,16071
Chromosome genes,1.54,1.545,1.5425,6454
Chromosome genes,1.545,1.55,1.5474999999999999,10092
Chromosome genes,1.55,1.555,1.5525,7178
Chromosome genes,1.555,1.56,1.5575,24714
Chromosome genes,1.56,1.565,1.5625,6709
Chromosome genes,1.565,1.57,1.5675,9994
Chromosome genes,1.57,1.575,1.5725,14611
Chromosome genes,1.575,1.58,1.5775000000000001,11294
Chromosome genes,1.58,1.585,1.5825,8412
Chromosome genes,1.585,1.59,1.5875,6593
Chromosome genes,1.59,1.595,1.5925,4983
Chromosome genes,1.595,1.6,1.5975000000000001,4322
Chromosome genes,1.6,1.605,1.6025,62424
Chromosome genes,1.605,1.61,1.6075,5791
Chromosome genes,1.61,1.615,1.6125,5943
Chromosome genes,1.615,1.62,1.6175000000000002,9383
Chromosome genes,1.62,1.625,1.6225,4394
Chromosome genes,1.625,1.6300000000000001,1.6275,11416
Chromosome genes,1.6300000000000001,1.635,1.6325,4544
Chromosome genes,1.635,1.6400000000000001,1.6375000000000002,22680
Chromosome genes,1.6400000000000001,1.645,1.6425,5753
Chromosome genes,1.645,1.6500000000000001,1.6475,9608
Chromosome genes,1.6500000000000001,1.655,1.6525,5155
Chromosome genes,1.655,1.6600000000000001,1.6575000000000002,5855
Chromosome genes,1.6600000000000001,1.665,1.6625,3174
Chromosome genes,1.665,1.67,1.6675,50419
Chromosome genes,1.67,1.675,1.6724999999999999,3751
Chromosome genes,1.675,1.68,1.6775,4377
Chromosome genes,1.68,1.685,1.6825,9700
Chromosome genes,1.685,1.69,1.6875,4803
Chromosome genes,1.69,1.695,1.6925,10405
Chromosome genes,1.695,1.7,1.6975,3574
Chromosome genes,1.7,1.705,1.7025000000000001,9715
Chromosome genes,1.705,1.71,1.7075,3535
Chromosome genes,1.71,1.715,1.7125,44784
Chromosome genes,1.715,1.72,1.7175,2623
Chromosome genes,1.72,1.725,1.7225000000000001,4630
Chromosome genes,1.725,1.73,1.7275,5218
Chromosome genes,1.73,1.735,1.7325,8315
Chromosome genes,1.735,1.74,1.7375,5026
Chromosome genes,1.74,1.745,1.7425000000000002,4071
Chromosome genes,1.745,1.75,1.7475,2475
Chromosome genes,1.75,1.7550000000000001,1.7525,27806
Chromosome genes,1.7550000000000001,1.76,1.7575,3551
Chromosome genes,1.76,1.7650000000000001,1.7625000000000002,10378
Chromosome genes,1.7650000000000001,1.77,1.7675,4047
Chromosome genes,1.77,1.7750000000000001,1.7725,3210
Chromosome genes,1.7750000000000001,1.78,1.7775,17066
Chromosome genes,1.78,1.7850000000000001,1.7825000000000002,2800
Chromosome genes,1.7850000000000001,1.79,1.7875,6521
Chromosome genes,1.79,1.795,1.7925,3243
Chromosome genes,1.795,1.8,1.7974999999999999,2078
Chromosome genes,1.8,1.805,1.8025,23643
Chromosome genes,1.805,1.81,1.8075,4280
Chromosome genes,1.81,1.815,1.8125,2712
Chromosome genes,1.815,1.82,1.8175,11322
Chromosome genes,1.82,1.825,1.8225,2509
Chromosome genes,1.825,1.83,1.8275000000000001,4474
Chromosome genes,1.83,1.835,1.8325,12212
Chromosome genes,1.835,1.84,1.8375,2225
Chromosome genes,1.84,1.845,1.8425,2552
Chromosome genes,1.845,1.85,1.8475000000000001,11799
Chromosome genes,1.85,1.855,1.8525,2819
Chromosome genes,1.855,1.86,1.8575,6579
Chromosome genes,1.86,1.865,1.8625,3394
Chromosome genes,1.865,1.87,1.8675000000000002,7173
Chromosome genes,1.87,1.875,1.8725,1835
Chromosome genes,1.875,1.8800000000000001,1.8775,9315
Chromosome genes,1.8800000000000001,1.885,1.8825,4245
Chromosome genes,1.885,1.8900000000000001,1.8875000000000002,4114
Chromosome genes,1.8900000000000001,1.895,1.8925,5575
Chromosome genes,1.895,1.9000000000000001,1.8975,4065
Chromosome genes,1.9000000000000001,1.905,1.9025,3022
Chromosome genes,1.905,1.9100000000000001,1.9075000000000002,3963
Chromosome genes,1.9100000000000001,1.915,1.9125,2780
Chromosome genes,1.915,1.92,1.9175,2374
Chromosome genes,1.92,1.925,1.9224999999999999,3508
Chromosome genes,1.925,1.93,1.9275,3526
Chromosome genes,1.93,1.935,1.9325,2299
Chromosome genes,1.935,1.94,1.9375,2303
Chromosome genes,1.94,1.945,1.9425,2556
Chromosome genes,1.945,1.95,1.9475,1676
Chromosome genes,1.95,1.955,1.9525000000000001,2442
Chromosome genes,1.955,1.96,1.9575,1728
Chromosome genes,1.96,1.965,1.9625,1511
Chromosome genes,1.965,1.97,1.9675,1441
Chromosome genes,1.97,1.975,1.9725000000000001,1274
Chromosome genes,1.975,1.98,1.9775,1203
Chromosome genes,1.98,1.985,1.9825,1157
Chromosome genes,1.985,1.99,1.9875,998
Chromosome genes,1.99,1.995,1.9925000000000002,945
Chromosome genes,1.995,2.0,1.9975,726
Chromosome genes,2.0,2.005,2.0025,276135
Chromosome genes,2.005,2.0100000000000002,2.0075000000000003,702
Chromosome genes,2.0100000000000002,2.015,2.0125,864
Chromosome genes,2.015,2.02,2.0175,898
Chromosome genes,2.02,2.025,2.0225,918
Chromosome genes,2.025,2.0300000000000002,2.0275,1047
Chromosome genes,2.0300000000000002,2.035,2.0325,1107
Chromosome genes,2.035,2.04,2.0375,1211
Chromosome genes,2.04,2.045,2.0425,1164
Chromosome genes,2.045,2.05,2.0475,1453
Chromosome genes,2.05,2.055,2.0525,1281
Chromosome genes,2.055,2.06,2.0575,1391
Chromosome genes,2.06,2.065,2.0625,1488
Chromosome genes,2.065,2.07,2.0675,1411
Chromosome genes,2.07,2.075,2.0725,1297
Chromosome genes,2.075,2.08,2.0775,1849
Chromosome genes,2.08,2.085,2.0825,1271
Chromosome genes,2.085,2.09,2.0875,2169
Chromosome genes,2.09,2.095,2.0925000000000002,1009
Chromosome genes,2.095,2.1,2.0975,899
Chromosome genes,2.1,2.105,2.1025,3683
Chromosome genes,2.105,2.11,2.1075,1239
Chromosome genes,2.11,2.115,2.1125,1264
Chromosome genes,2.115,2.12,2.1175,3307
Chromosome genes,2.12,2.125,2.1225,552
Chromosome genes,2.125,2.13,2.1275,1630
Chromosome genes,2.13,2.1350000000000002,2.1325000000000003,1659
Chromosome genes,2.1350000000000002,2.14,2.1375,624
Chromosome genes,2.14,2.145,2.1425,5157
Chromosome genes,2.145,2.15,2.1475,554
Chromosome genes,2.15,2.1550000000000002,2.1525,1581
Chromosome genes,2.1550000000000002,2.16,2.1575,574
Chromosome genes,2.16,2.165,2.1625,1411
Chromosome genes,2.165,2.17,2.1675,3037
Chromosome genes,2.17,2.1750000000000003,2.1725000000000003,774
Chromosome genes,2.1750000000000003,2.18,2.1775,522
Chromosome genes,2.18,2.185,2.1825,6401
Chromosome genes,2.185,2.19,2.1875,520
Chromosome genes,2.19,2.195,2.1925,760
Chromosome genes,2.195,2.2,2.1975,515
Chromosome genes,2.2,2.205,2.2025,2838
Chromosome genes,2.205,2.21,2.2075,608
Chromosome genes,2.21,2.215,2.2125,2175
Chromosome genes,2.215,2.22,2.2175000000000002,581
Chromosome genes,2.22,2.225,2.2225,2678
Chromosome genes,2.225,2.23,2.2275,780
Chromosome genes,2.23,2.235,2.2325,695
Chromosome genes,2.235,2.24,2.2375,569
Chromosome genes,2.24,2.245,2.2425,682
Chromosome genes,2.245,2.25,2.2475,340
Chromosome genes,2.25,2.255,2.2525,12217
Chromosome genes,2.255,2.2600000000000002,2.2575000000000003,404
Chromosome genes,2.2600000000000002,2.265,2.2625,695
Chromosome genes,2.265,2.27,2.2675,794
Chromosome genes,2.27,2.275,2.2725,784
Chromosome genes,2.275,2.2800000000000002,2.2775,1093
Chromosome genes,2.2800000000000002,2.285,2.2825,329
Chromosome genes,2.285,2.29,2.2875,3804
Chromosome genes,2.29,2.295,2.2925,991
Chromosome genes,2.295,2.3000000000000003,2.2975000000000003,1196
Chromosome genes,2.3000000000000003,2.305,2.3025,500
Chromosome genes,2.305,2.31,2.3075,3698
Chromosome genes,2.31,2.315,2.3125,478
Chromosome genes,2.315,2.32,2.3175,847
Chromosome genes,2.32,2.325,2.3225,781
Chromosome genes,2.325,2.33,2.3275,483
Chromosome genes,2.33,2.335,2.3325,6153
Chromosome genes,2.335,2.34,2.3375,339
Chromosome genes,2.34,2.345,2.3425000000000002,603
Chromosome genes,2.345,2.35,2.3475,1160
Chromosome genes,2.35,2.355,2.3525,806
Chromosome genes,2.355,2.36,2.3575,1391
Chromosome genes,2.36,2.365,2.3625,830
Chromosome genes,2.365,2.37,2.3675,887
Chromosome genes,2.37,2.375,2.3725,469
Chromosome genes,2.375,2.38,2.3775,920
Chromosome genes,2.38,2.3850000000000002,2.3825000000000003,454
Chromosome genes,2.3850000000000002,2.39,2.3875,401
Chromosome genes,2.39,2.395,2.3925,253
Chromosome genes,2.395,2.4,2.3975,221
Chromosome genes,2.4,2.4050000000000002,2.4025,17848
Chromosome genes,2.4050000000000002,2.41,2.4075,264
Chromosome genes,2.41,2.415,2.4125,359
Chromosome genes,2.415,2.42,2.4175,545
Chromosome genes,2.42,2.4250000000000003,2.4225000000000003,540
Chromosome genes,2.4250000000000003,2.43,2.4275,865
Chromosome genes,2.43,2.435,2.4325,608
Chromosome genes,2.435,2.44,2.4375,955
Chromosome genes,2.44,2.445,2.4425,1243
Chromosome genes,2.445,2.45,2.4475,287
Chromosome genes,2.45,2.455,2.4525,2021
Chromosome genes,2.455,2.46,2.4575,297
Chromosome genes,2.46,2.465,2.4625,1042
Chromosome genes,2.465,2.47,2.4675000000000002,422
Chromosome genes,2.47,2.475,2.4725,2132
Chromosome genes,2.475,2.48,2.4775,655
Chromosome genes,2.48,2.485,2.4825,739
Chromosome genes,2.485,2.49,2.4875,454
Chromosome genes,2.49,2.495,2.4925,249
Chromosome genes,2.495,2.5,2.4975,157
Chromosome genes,2.5,2.505,2.5025,10591
Chromosome genes,2.505,2.5100000000000002,2.5075000000000003,289
Chromosome genes,2.5100000000000002,2.515,2.5125,411
Chromosome genes,2.515,2.52,2.5175,565
Chromosome genes,2.52,2.525,2.5225,418
Chromosome genes,2.525,2.5300000000000002,2.5275,1603
Chromosome genes,2.5300000000000002,2.535,2.5325,630
Chromosome genes,2.535,2.54,2.5375,1362
Chromosome genes,2.54,2.545,2.5425,229
Chromosome genes,2.545,2.5500000000000003,2.5475000000000003,1150
Chromosome genes,2.5500000000000003,2.555,2.5525,588
Chromosome genes,2.555,2.56,2.5575,607
Chromosome genes,2.56,2.565,2.5625,379
Chromosome genes,2.565,2.57,2.5675,183
Chromosome genes,2.57,2.575,2.5725,8772
Chromosome genes,2.575,2.58,2.5775,199
Chromosome genes,2.58,2.585,2.5825,387
Chromosome genes,2.585,2.59,2.5875,573
Chromosome genes,2.59,2.595,2.5925000000000002,639
Chromosome genes,2.595,2.6,2.5975,176
Chromosome genes,2.6,2.605,2.6025,1631
Chromosome genes,2.605,2.61,2.6075,993
Chromosome genes,2.61,2.615,2.6125,283
Chromosome genes,2.615,2.62,2.6175,422
Chromosome genes,2.62,2.625,2.6225,211
Chromosome genes,2.625,2.63,2.6275,3433
Chromosome genes,2.63,2.6350000000000002,2.6325000000000003,354
Chromosome genes,2.6350000000000002,2.64,2.6375,248
Chromosome genes,2.64,2.645,2.6425,770
Chromosome genes,2.645,2.65,2.6475,753
Chromosome genes,2.65,2.6550000000000002,2.6525,424
Chromosome genes,2.6550000000000002,2.66,2.6575,203
Chromosome genes,2.66,2.665,2.6625,95
Chromosome genes,2.665,2.67,2.6675,10687
Chromosome genes,2.67,2.6750000000000003,2.6725000000000003,140
Chromosome genes,2.6750000000000003,2.68,2.6775,295
Chromosome genes,2.68,2.685,2.6825,606
Chromosome genes,2.685,2.69,2.6875,503
Chromosome genes,2.69,2.695,2.6925,202
Chromosome genes,2.695,2.7,2.6975,143
Chromosome genes,2.7,2.705,2.7025,2295
Chromosome genes,2.705,2.71,2.7075,469
Chromosome genes,2.71,2.715,2.7125,654
Chromosome genes,2.715,2.72,2.7175000000000002,207
Chromosome genes,2.72,2.725,2.7225,217
Chromosome genes,2.725,2.73,2.7275,3416
Chromosome genes,2.73,2.735,2.7325,153
Chromosome genes,2.735,2.74,2.7375,553
Chromosome genes,2.74,2.745,2.7425,327
Chromosome genes,2.745,2.75,2.7475,103
Chromosome genes,2.75,2.755,2.7525,2618
Chromosome genes,2.755,2.7600000000000002,2.7575000000000003,471
Chromosome genes,2.7600000000000002,2.765,2.7625,169
Chromosome genes,2.765,2.77,2.7675,2767
Chromosome genes,2.77,2.775,2.7725,71
Chromosome genes,2.775,2.7800000000000002,2.7775,377
Chromosome genes,2.7800000000000002,2.785,2.7825,252
Chromosome genes,2.785,2.79,2.7875,1160
Chromosome genes,2.79,2.795,2.7925,295
Chromosome genes,2.795,2.8000000000000003,2.7975000000000003,1157
Chromosome genes,2.8000000000000003,2.805,2.8025,1814
Chromosome genes,2.805,2.81,2.8075,270
Chromosome genes,2.81,2.815,2.8125,705
Chromosome genes,2.815,2.82,2.8175,157
Chromosome genes,2.82,2.825,2.8225,1548
Chromosome genes,2.825,2.83,2.8275,125
Chromosome genes,2.83,2.835,2.8325,773
Chromosome genes,2.835,2.84,2.8375,163
Chromosome genes,2.84,2.845,2.8425000000000002,1023
Chromosome genes,2.845,2.85,2.8475,131
Chromosome genes,2.85,2.855,2.8525,432
Chromosome genes,2.855,2.86,2.8575,1651
Chromosome genes,2.86,2.865,2.8625,325
Chromosome genes,2.865,2.87,2.8675,683
Chromosome genes,2.87,2.875,2.8725,69
Chromosome genes,2.875,2.88,2.8775,260
Chromosome genes,2.88,2.8850000000000002,2.8825000000000003,704
Chromosome genes,2.8850000000000002,2.89,2.8875,599
Chromosome genes,2.89,2.895,2.8925,164
Chromosome genes,2.895,2.9,2.8975,385
Chromosome genes,2.9,2.9050000000000002,2.9025,397
Chromosome genes,2.9050000000000002,2.91,2.9075,563
Chromosome genes,2.91,2.915,2.9125,218
Chromosome genes,2.915,2.92,2.9175,237
Chromosome genes,2.92,2.9250000000000003,2.9225000000000003,214
Chromosome genes,2.9250000000000003,2.93,2.9275,176
Chromosome genes,2.93,2.935,2.9325,363
Chromosome genes,2.935,2.94,2.9375,120
Chromosome genes,2.94,2.945,2.9425,143
Chromosome genes,2.945,2.95,2.9475,193
Chromosome genes,2.95,2.955,2.9525,109
Chromosome genes,2.955,2.96,2.9575,120
Chromosome genes,2.96,2.965,2.9625,92
Chromosome genes,2.965,2.97,2.9675000000000002,73
Chromosome genes,2.97,2.975,2.9725,67
Chromosome genes,2.975,2.98,2.9775,47
Chromosome genes,2.98,2.985,2.9825,46
Chromosome genes,2.985,2.99,2.9875,16
Chromosome genes,2.99,2.995,2.9925,7
Chromosome genes,2.995,3.0,2.9975,9
Chromosome genes,3.0,3.005,3.0025,41965
Chromosome genes,3.005,3.0100000000000002,3.0075000000000003,14
Chromosome genes,3.0100000000000002,3.015,3.0125,24
Chromosome genes,3.015,3.02,3.0175,28
Chromosome genes,3.02,3.025,3.0225,57
Chromosome genes,3.025,3.0300000000000002,3.0275,28
Chromosome genes,3.0300000000000002,3.035,3.0325,87
Chromosome genes,3.035,3.04,3.0375,31
Chromosome genes,3.04,3.045,3.0425,93
Chromosome genes,3.045,3.0500000000000003,3.0475000000000003,137
Chromosome genes,3.0500000000000003,3.055,3.0525,90
Chromosome genes,3.055,3.06,3.0575,200
Chromosome genes,3.06,3.065,3.0625,80
Chromosome genes,3.065,3.0700000000000003,3.0675,172
Chromosome genes,3.0700000000000003,3.075,3.0725000000000002,100
Chromosome genes,3.075,3.08,3.0775,249
Chromosome genes,3.08,3.085,3.0825,128
Chromosome genes,3.085,3.09,3.0875,131
Chromosome genes,3.09,3.095,3.0925000000000002,144
Chromosome genes,3.095,3.1,3.0975,152
Chromosome genes,3.1,3.105,3.1025,214
Chromosome genes,3.105,3.11,3.1075,48
Chromosome genes,3.11,3.115,3.1125,588
Chromosome genes,3.115,3.12,3.1175,34
Chromosome genes,3.12,3.125,3.1225,234
Chromosome genes,3.125,3.13,3.1275,155
Chromosome genes,3.13,3.1350000000000002,3.1325000000000003,364
Chromosome genes,3.1350000000000002,3.14,3.1375,80
Chromosome genes,3.14,3.145,3.1425,568
Chromosome genes,3.145,3.15,3.1475,39
Chromosome genes,3.15,3.1550000000000002,3.1525,117
Chromosome genes,3.1550000000000002,3.16,3.1575,498
Chromosome genes,3.16,3.165,3.1625,36
Chromosome genes,3.165,3.17,3.1675,189
Chromosome genes,3.17,3.1750000000000003,3.1725000000000003,37
Chromosome genes,3.1750000000000003,3.18,3.1775,623
Chromosome genes,3.18,3.185,3.1825,62
Chromosome genes,3.185,3.19,3.1875,110
Chromosome genes,3.19,3.1950000000000003,3.1925,61
Chromosome genes,3.1950000000000003,3.2,3.1975000000000002,4
Chromosome genes,3.2,3.205,3.2025,1794
Chromosome genes,3.205,3.21,3.2075,48
Chromosome genes,3.21,3.215,3.2125,227
Chromosome genes,3.215,3.22,3.2175000000000002,77
Chromosome genes,3.22,3.225,3.2225,67
Chromosome genes,3.225,3.23,3.2275,42
Chromosome genes,3.23,3.235,3.2325,969
Chromosome genes,3.235,3.24,3.2375,70
Chromosome genes,3.24,3.245,3.2425,121
Chromosome genes,3.245,3.25,3.2475,17
Chromosome genes,3.25,3.255,3.2525,686
Chromosome genes,3.255,3.2600000000000002,3.2575000000000003,98
Chromosome genes,3.2600000000000002,3.265,3.2625,53
Chromosome genes,3.265,3.27,3.2675,23
Chromosome genes,3.27,3.275,3.2725,1381
Chromosome genes,3.275,3.2800000000000002,3.2775,20
Chromosome genes,3.2800000000000002,3.285,3.2825,33
Chromosome genes,3.285,3.29,3.2875,109
Chromosome genes,3.29,3.295,3.2925,187
Chromosome genes,3.295,3.3000000000000003,3.2975000000000003,36
Chromosome genes,3.3000000000000003,3.305,3.3025,351
Chromosome genes,3.305,3.31,3.3075,29
Chromosome genes,3.31,3.315,3.3125,153
Chromosome genes,3.315,3.3200000000000003,3.3175,79
Chromosome genes,3.3200000000000003,3.325,3.3225000000000002,30
Chromosome genes,3.325,3.33,3.3275,7
Chromosome genes,3.33,3.335,3.3325,2243
Chromosome genes,3.335,3.34,3.3375,6
Chromosome genes,3.34,3.345,3.3425000000000002,32
Chromosome genes,3.345,3.35,3.3475,58
Chromosome genes,3.35,3.355,3.3525,108
Chromosome genes,3.355,3.36,3.3575,19
Chromosome genes,3.36,3.365,3.3625,261
Chromosome genes,3.365,3.37,3.3675,101
Chromosome genes,3.37,3.375,3.3725,4
Chromosome genes,3.375,3.38,3.3775,536
Chromosome genes,3.38,3.3850000000000002,3.3825000000000003,179
Chromosome genes,3.3850000000000002,3.39,3.3875,27
Chromosome genes,3.39,3.395,3.3925,237
Chromosome genes,3.395,3.4,3.3975,11
Chromosome genes,3.4,3.4050000000000002,3.4025,226
Chromosome genes,3.4050000000000002,3.41,3.4075,94
Chromosome genes,3.41,3.415,3.4125,33
Chromosome genes,3.415,3.42,3.4175,23
Chromosome genes,3.42,3.4250000000000003,3.4225000000000003,12
Chromosome genes,3.4250000000000003,3.43,3.4275,2862
Chromosome genes,3.43,3.435,3.4325,1
Chromosome genes,3.435,3.44,3.4375,6
Chromosome genes,3.44,3.4450000000000003,3.4425,71
Chromosome genes,3.4450000000000003,3.45,3.4475000000000002,19
Chromosome genes,3.45,3.455,3.4525,143
Chromosome genes,3.455,3.46,3.4575,20
Chromosome genes,3.46,3.465,3.4625,133
Chromosome genes,3.465,3.47,3.4675000000000002,94
Chromosome genes,3.47,3.475,3.4725,266
Chromosome genes,3.475,3.48,3.4775,35
Chromosome genes,3.48,3.485,3.4825,120
Chromosome genes,3.485,3.49,3.4875,49
Chromosome genes,3.49,3.495,3.4925,31
Chromosome genes,3.495,3.5,3.4975,0
Chromosome genes,3.5,3.505,3.5025,1373
Chromosome genes,3.505,3.5100000000000002,3.5075000000000003,19
Chromosome genes,3.5100000000000002,3.515,3.5125,52
Chromosome genes,3.515,3.52,3.5175,118
Chromosome genes,3.52,3.525,3.5225,70
Chromosome genes,3.525,3.5300000000000002,3.5275,406
Chromosome genes,3.5300000000000002,3.535,3.5325,19
Chromosome genes,3.535,3.54,3.5375,66
Chromosome genes,3.54,3.545,3.5425,21
Chromosome genes,3.545,3.5500000000000003,3.5475000000000003,247
Chromosome genes,3.5500000000000003,3.555,3.5525,17
Chromosome genes,3.555,3.56,3.5575,306
Chromosome genes,3.56,3.565,3.5625,65
Chromosome genes,3.565,3.5700000000000003,3.5675,72
Chromosome genes,3.5700000000000003,3.575,3.5725000000000002,60
Chromosome genes,3.575,3.58,3.5775,57
Chromosome genes,3.58,3.585,3.5825,25
Chromosome genes,3.585,3.59,3.5875,31
Chromosome genes,3.59,3.595,3.5925000000000002,3
Chromosome genes,3.595,3.6,3.5975,0
Chromosome genes,3.6,3.605,3.6025,3774
Chromosome genes,3.605,3.61,3.6075,5
Chromosome genes,3.61,3.615,3.6125,11
Chromosome genes,3.615,3.62,3.6175,48
Chromosome genes,3.62,3.625,3.6225,22
Chromosome genes,3.625,3.63,3.6275,76
Chromosome genes,3.63,3.6350000000000002,3.6325000000000003,56
Chromosome genes,3.6350000000000002,3.64,3.6375,169
Chromosome genes,3.64,3.645,3.6425,145
Chromosome genes,3.645,3.65,3.6475,11
Chromosome genes,3.65,3.6550000000000002,3.6525,200
Chromosome genes,3.6550000000000002,3.66,3.6575,46
Chromosome genes,3.66,3.665,3.6625,8
Chromosome genes,3.665,3.67,3.6675,767
Chromosome genes,3.67,3.6750000000000003,3.6725000000000003,21
Chromosome genes,3.6750000000000003,3.68,3.6775,75
Chromosome genes,3.68,3.685,3.6825,41
Chromosome genes,3.685,3.69,3.6875,20
Chromosome genes,3.69,3.6950000000000003,3.6925,572
Chromosome genes,3.6950000000000003,3.7,3.6975000000000002,2
Chromosome genes,3.7,3.705,3.7025,39
Chromosome genes,3.705,3.71,3.7075,83
Chromosome genes,3.71,3.715,3.7125,271
Chromosome genes,3.715,3.72,3.7175000000000002,13
Chromosome genes,3.72,3.725,3.7225,108
Chromosome genes,3.725,3.73,3.7275,48
Chromosome genes,3.73,3.735,3.7325,51
Chromosome genes,3.735,3.74,3.7375,38
Chromosome genes,3.74,3.745,3.7425,19
Chromosome genes,3.745,3.75,3.7475,1
Chromosome genes,3.75,3.755,3.7525,1364
Chromosome genes,3.755,3.7600000000000002,3.7575000000000003,17
Chromosome genes,3.7600000000000002,3.765,3.7625,60
Chromosome genes,3.765,3.77,3.7675,26
Chromosome genes,3.77,3.775,3.7725,74
Chromosome genes,3.775,3.7800000000000002,3.7775,133
Chromosome genes,3.7800000000000002,3.785,3.7825,33
Chromosome genes,3.785,3.79,3.7875,282
Chromosome genes,3.79,3.795,3.7925,1
Chromosome genes,3.795,3.8000000000000003,3.7975000000000003,126
Chromosome genes,3.8000000000000003,3.805,3.8025,55
Chromosome genes,3.805,3.81,3.8075,52
Chromosome genes,3.81,3.815,3.8125,3
Chromosome genes,3.815,3.8200000000000003,3.8175,812
Chromosome genes,3.8200000000000003,3.825,3.8225000000000002,2
Chromosome genes,3.825,3.83,3.8275,45
Chromosome genes,3.83,3.835,3.8325,118
Chromosome genes,3.835,3.84,3.8375,23
Chromosome genes,3.84,3.845,3.8425000000000002,171
Chromosome genes,3.845,3.85,3.8475,65
Chromosome genes,3.85,3.855,3.8525,6
Chromosome genes,3.855,3.86,3.8575,452
Chromosome genes,3.86,3.865,3.8625,9
Chromosome genes,3.865,3.87,3.8675,13
Chromosome genes,3.87,3.875,3.8725,87
Chromosome genes,3.875,3.88,3.8775,24
Chromosome genes,3.88,3.8850000000000002,3.8825000000000003,294
Chromosome genes,3.8850000000000002,3.89,3.8875,32
Chromosome genes,3.89,3.895,3.8925,58
Chromosome genes,3.895,3.9,3.8975,11
Chromosome genes,3.9,3.9050000000000002,3.9025,227
Chromosome genes,3.9050000000000002,3.91,3.9075,30
Chromosome genes,3.91,3.915,3.9125,184
Chromosome genes,3.915,3.92,3.9175,46
Chromosome genes,3.92,3.9250000000000003,3.9225000000000003,122
Chromosome genes,3.9250000000000003,3.93,3.9275,7
Chromosome genes,3.93,3.935,3.9325,84
Chromosome genes,3.935,3.94,3.9375,99
Chromosome genes,3.94,3.9450000000000003,3.9425,96
Chromosome genes,3.9450000000000003,3.95,3.9475000000000002,69
Chromosome genes,3.95,3.955,3.9525,87
Chromosome genes,3.955,3.96,3.9575,27
Chromosome genes,3.96,3.9650000000000003,3.9625000000000004,28
Chromosome genes,3.9650000000000003,3.97,3.9675000000000002,24
Chromosome genes,3.97,3.975,3.9725,15
Chromosome genes,3.975,3.98,3.9775,5
Chromosome genes,3.98,3.985,3.9825,1
Chromosome genes,3.985,3.99,3.9875,0
Chromosome genes,3.99,3.995,3.9925,0
Chromosome genes,3.995,4.0,3.9975,0
Chromosome genes,4.0,4.005,4.0024999999999995,9796
Chromosome genes,4.005,4.01,4.0075,0
Chromosome genes,4.01,4.015,4.012499999999999,1
Chromosome genes,4.015,4.0200000000000005,4.0175,1
Chromosome genes,4.0200000000000005,4.025,4.022500000000001,4
Chromosome genes,4.025,4.03,4.0275,47
Chromosome genes,4.03,4.035,4.032500000000001,30
Chromosome genes,4.035,4.04,4.0375,34
Chromosome genes,4.04,4.045,4.0425,58
Chromosome genes,4.045,4.05,4.047499999999999,37
Chromosome genes,4.05,4.055,4.0525,141
Chromosome genes,4.055,4.0600000000000005,4.0575,66
Chromosome genes,4.0600000000000005,4.065,4.0625,74
Chromosome genes,4.065,4.07,4.067500000000001,14
Chromosome genes,4.07,4.075,4.0725,114
Chromosome genes,4.075,4.08,4.077500000000001,16
Chromosome genes,4.08,4.085,4.0825,152
Chromosome genes,4.085,4.09,4.0875,50
Chromosome genes,4.09,4.095,4.092499999999999,170
Chromosome genes,4.095,4.1,4.0975,64
Chromosome genes,4.1,4.105,4.1025,19
Chromosome genes,4.105,4.11,4.1075,256
Chromosome genes,4.11,4.115,4.112500000000001,45
Chromosome genes,4.115,4.12,4.1175,23
Chromosome genes,4.12,4.125,4.1225000000000005,2
Chromosome genes,4.125,4.13,4.1274999999999995,373
Chromosome genes,4.13,4.135,4.1325,55
Chromosome genes,4.135,4.14,4.137499999999999,115
Chromosome genes,4.14,4.1450000000000005,4.1425,24
Chromosome genes,4.1450000000000005,4.15,4.147500000000001,9
Chromosome genes,4.15,4.155,4.1525,454
Chromosome genes,4.155,4.16,4.157500000000001,1
Chromosome genes,4.16,4.165,4.1625,39
Chromosome genes,4.165,4.17,4.1675,121
Chromosome genes,4.17,4.175,4.172499999999999,164
Chromosome genes,4.175,4.18,4.1775,14
Chromosome genes,4.18,4.1850000000000005,4.1825,68
Chromosome genes,4.1850000000000005,4.19,4.1875,64
Chromosome genes,4.19,4.195,4.192500000000001,27
Chromosome genes,4.195,4.2,4.1975,0
Chromosome genes,4.2,4.205,4.202500000000001,560
Chromosome genes,4.205,4.21,4.2075,11
Chromosome genes,4.21,4.215,4.2125,58
Chromosome genes,4.215,4.22,4.217499999999999,76
Chromosome genes,4.22,4.225,4.2225,146
Chromosome genes,4.225,4.23,4.2275,36
Chromosome genes,4.23,4.235,4.2325,1
Chromosome genes,4.235,4.24,4.237500000000001,265
Chromosome genes,4.24,4.245,4.2425,53
Chromosome genes,4.245,4.25,4.2475000000000005,1
Chromosome genes,4.25,4.255,4.2524999999999995,214
Chromosome genes,4.255,4.26,4.2575,135
Chromosome genes,4.26,4.265,4.262499999999999,97
Chromosome genes,4.265,4.2700000000000005,4.2675,37
Chromosome genes,4.2700000000000005,4.275,4.272500000000001,12
Chromosome genes,4.275,4.28,4.2775,0
Chromosome genes,4.28,4.285,4.282500000000001,0
Chromosome genes,4.285,4.29,4.2875,1170
Chromosome genes,4.29,4.295,4.2925,2
Chromosome genes,4.295,4.3,4.297499999999999,10
Chromosome genes,4.3,4.305,4.3025,47
Chromosome genes,4.305,4.3100000000000005,4.3075,61
Chromosome genes,4.3100000000000005,4.315,4.3125,92
Chromosome genes,4.315,4.32,4.317500000000001,10
Chromosome genes,4.32,4.325,4.3225,118
Chromosome genes,4.325,4.33,4.327500000000001,42
Chromosome genes,4.33,4.335,4.3325,207
Chromosome genes,4.335,4.34,4.3375,8
Chromosome genes,4.34,4.345,4.342499999999999,189
Chromosome genes,4.345,4.3500000000000005,4.3475,18
Chromosome genes,4.3500000000000005,4.355,4.352500000000001,75
Chromosome genes,4.355,4.36,4.3575,4
Chromosome genes,4.36,4.365,4.362500000000001,487
Chromosome genes,4.365,4.37,4.3675,0
Chromosome genes,4.37,4.375,4.3725000000000005,16
Chromosome genes,4.375,4.38,4.3774999999999995,124
Chromosome genes,4.38,4.385,4.3825,129
Chromosome genes,4.385,4.39,4.387499999999999,1
Chromosome genes,4.39,4.3950000000000005,4.3925,76
Chromosome genes,4.3950000000000005,4.4,4.397500000000001,2
Chromosome genes,4.4,4.405,4.4025,258
Chromosome genes,4.405,4.41,4.407500000000001,22
Chromosome genes,4.41,4.415,4.4125,79
Chromosome genes,4.415,4.42,4.4175,20
Chromosome genes,4.42,4.425,4.422499999999999,205
Chromosome genes,4.425,4.43,4.4275,52
Chromosome genes,4.43,4.4350000000000005,4.4325,105
Chromosome genes,4.4350000000000005,4.44,4.4375,0
Chromosome genes,4.44,4.445,4.442500000000001,117
Chromosome genes,4.445,4.45,4.4475,3
Chromosome genes,4.45,4.455,4.452500000000001,103
Chromosome genes,4.455,4.46,4.4575,142
Chromosome genes,4.46,4.465,4.4625,52
Chromosome genes,4.465,4.47,4.467499999999999,77
Chromosome genes,4.47,4.4750000000000005,4.4725,68
Chromosome genes,4.4750000000000005,4.48,4.477500000000001,27
Chromosome genes,4.48,4.485,4.4825,14
Chromosome genes,4.485,4.49,4.487500000000001,1
Chromosome genes,4.49,4.495,4.4925,0
Chromosome genes,4.495,4.5,4.4975000000000005,0
Chromosome genes,4.5,4.505,4.5024999999999995,2266
Chromosome genes,4.505,4.51,4.5075,8
Chromosome genes,4.51,4.515,4.512499999999999,9
Chromosome genes,4.515,4.5200000000000005,4.5175,1
Chromosome genes,4.5200000000000005,4.525,4.522500000000001,39
Chromosome genes,4.525,4.53,4.5275,43
Chromosome genes,4.53,4.535,4.532500000000001,56
Chromosome genes,4.535,4.54,4.5375,56
Chromosome genes,4.54,4.545,4.5425,121
Chromosome genes,4.545,4.55,4.547499999999999,114
Chromosome genes,4.55,4.555,4.5525,53
Chromosome genes,4.555,4.5600000000000005,4.5575,36
Chromosome genes,4.5600000000000005,4.565,4.5625,189
Chromosome genes,4.565,4.57,4.567500000000001,27
Chromosome genes,4.57,4.575,4.5725,216
Chromosome genes,4.575,4.58,4.577500000000001,52
Chromosome genes,4.58,4.585,4.5825,28
Chromosome genes,4.585,4.59,4.5875,244
Chromosome genes,4.59,4.595,4.592499999999999,12
Chromosome genes,4.595,4.6000000000000005,4.5975,71
Chromosome genes,4.6000000000000005,4.605,4.602500000000001,155
Chromosome genes,4.605,4.61,4.6075,23
Chromosome genes,4.61,4.615,4.612500000000001,1
Chromosome genes,4.615,4.62,4.6175,319
Chromosome genes,4.62,4.625,4.6225000000000005,29
Chromosome genes,4.625,4.63,4.6274999999999995,92
Chromosome genes,4.63,4.635,4.6325,29
Chromosome genes,4.635,4.64,4.637499999999999,132
Chromosome genes,4.64,4.6450000000000005,4.6425,61
Chromosome genes,4.6450000000000005,4.65,4.647500000000001,101
Chromosome genes,4.65,4.655,4.6525,68
Chromosome genes,4.655,4.66,4.657500000000001,31
Chromosome genes,4.66,4.665,4.6625,0
Chromosome genes,4.665,4.67,4.6675,571
Chromosome genes,4.67,4.675,4.672499999999999,11
Chromosome genes,4.675,4.68,4.6775,77
Chromosome genes,4.68,4.6850000000000005,4.6825,93
Chromosome genes,4.6850000000000005,4.69,4.6875,104
Chromosome genes,4.69,4.695,4.692500000000001,35
Chromosome genes,4.695,4.7,4.6975,161
Chromosome genes,4.7,4.705,4.702500000000001,117
Chromosome genes,4.705,4.71,4.7075,58
Chromosome genes,4.71,4.715,4.7125,296
Chromosome genes,4.715,4.72,4.717499999999999,0
Chromosome genes,4.72,4.7250000000000005,4.7225,56
Chromosome genes,4.7250000000000005,4.73,4.727500000000001,122
Chromosome genes,4.73,4.735,4.7325,14
Chromosome genes,4.735,4.74,4.737500000000001,201
Chromosome genes,4.74,4.745,4.7425,43
Chromosome genes,4.745,4.75,4.7475000000000005,8
Chromosome genes,4.75,4.755,4.7524999999999995,234
Chromosome genes,4.755,4.76,4.7575,66
Chromosome genes,4.76,4.765,4.762499999999999,33
Chromosome genes,4.765,4.7700000000000005,4.7675,71
Chromosome genes,4.7700000000000005,4.775,4.772500000000001,58
Chromosome genes,4.775,4.78,4.7775,32
Chromosome genes,4.78,4.785,4.782500000000001,12
Chromosome genes,4.785,4.79,4.7875,3
Chromosome genes,4.79,4.795,4.7925,2
Chromosome genes,4.795,4.8,4.797499999999999,0
Chromosome genes,4.8,4.805,4.8025,1123
Chromosome genes,4.805,4.8100000000000005,4.8075,1
Chromosome genes,4.8100000000000005,4.815,4.8125,3
Chromosome genes,4.815,4.82,4.817500000000001,19
Chromosome genes,4.82,4.825,4.8225,45
Chromosome genes,4.825,4.83,4.827500000000001,102
Chromosome genes,4.83,4.835,4.8325,110
Chromosome genes,4.835,4.84,4.8375,101
Chromosome genes,4.84,4.845,4.842499999999999,24
Chromosome genes,4.845,4.8500000000000005,4.8475,150
Chromosome genes,4.8500000000000005,4.855,4.852500000000001,65
Chromosome genes,4.855,4.86,4.8575,121
Chromosome genes,4.86,4.865,4.862500000000001,76
Chromosome genes,4.865,4.87,4.8675,35
Chromosome genes,4.87,4.875,4.8725000000000005,16
Chromosome genes,4.875,4.88,4.8774999999999995,247
Chromosome genes,4.88,4.885,4.8825,26
Chromosome genes,4.885,4.89,4.887499999999999,96
Chromosome genes,4.89,4.8950000000000005,4.8925,72
Chromosome genes,4.8950000000000005,4.9,4.897500000000001,41
Chromosome genes,4.9,4.905,4.9025,11
Chromosome genes,4.905,4.91,4.907500000000001,359
Chromosome genes,4.91,4.915,4.9125,2
Chromosome genes,4.915,4.92,4.9175,12
Chromosome genes,4.92,4.925,4.922499999999999,77
Chromosome genes,4.925,4.93,4.9275,120
Chromosome genes,4.93,4.9350000000000005,4.9325,40
Chromosome genes,4.9350000000000005,4.94,4.9375,8
Chromosome genes,4.94,4.945,4.942500000000001,169
Chromosome genes,4.945,4.95,4.9475,11
Chromosome genes,4.95,4.955,4.952500000000001,56
Chromosome genes,4.955,4.96,4.9575,114
Chromosome genes,4.96,4.965,4.9625,20
Chromosome genes,4.965,4.97,4.967499999999999,98
Chromosome genes,4.97,4.9750000000000005,4.9725,64
Chromosome genes,4.9750000000000005,4.98,4.977500000000001,43
Chromosome genes,4.98,4.985,4.9825,43
Chromosome genes,4.985,4.99,4.987500000000001,36
Chromosome genes,4.99,4.995,4.9925,0
Chromosome genes,4.995,5.0,4.9975000000000005,0
Chromosome genes,5.0,5.005,5.0024999999999995,772
Chromosome genes,5.005,5.01,5.0075,0
Chromosome genes,5.01,5.015,5.012499999999999,10
Chromosome genes,5.015,5.0200000000000005,5.0175,29
Chromosome genes,5.0200000000000005,5.025,5.022500000000001,74
Chromosome genes,5.025,5.03,5.0275,75
Chromosome genes,5.03,5.035,5.032500000000001,50
Chromosome genes,5.035,5.04,5.0375,0
Chromosome genes,5.04,5.045,5.0425,110
Chromosome genes,5.045,5.05,5.047499999999999,60
Chromosome genes,5.05,5.055,5.0525,93
Chromosome genes,5.055,5.0600000000000005,5.0575,20
Chromosome genes,5.0600000000000005,5.065,5.0625,77
Chromosome genes,5.065,5.07,5.067500000000001,58
Chromosome genes,5.07,5.075,5.0725,10
Chromosome genes,5.075,5.08,5.077500000000001,265
Chromosome genes,5.08,5.085,5.0825,30
Chromosome genes,5.085,5.09,5.0875,19
Chromosome genes,5.09,5.095,5.092499999999999,60
Chromosome genes,5.095,5.1000000000000005,5.0975,10
Chromosome genes,5.1000000000000005,5.105,5.102500000000001,83
Chromosome genes,5.105,5.11,5.1075,17
Chromosome genes,5.11,5.115,5.112500000000001,107
Chromosome genes,5.115,5.12,5.1175,45
Chromosome genes,5.12,5.125,5.1225000000000005,37
Chromosome genes,5.125,5.13,5.1274999999999995,34
Chromosome genes,5.13,5.135,5.1325,10
Chromosome genes,5.135,5.14,5.137499999999999,0
Chromosome genes,5.14,5.1450000000000005,5.1425,577
Chromosome genes,5.1450000000000005,5.15,5.147500000000001,0
Chromosome genes,5.15,5.155,5.1525,2
Chromosome genes,5.155,5.16,5.157500000000001,1
Chromosome genes,5.16,5.165,5.1625,30
Chromosome genes,5.165,5.17,5.1675,49
Chromosome genes,5.17,5.175,5.172499999999999,58
Chromosome genes,5.175,5.18,5.1775,4
Chromosome genes,5.18,5.1850000000000005,5.1825,81
Chromosome genes,5.1850000000000005,5.19,5.1875,53
Chromosome genes,5.19,5.195,5.192500000000001,20
Chromosome genes,5.195,5.2,5.1975,0
Chromosome genes,5.2,5.205,5.202500000000001,200
Chromosome genes,5.205,5.21,5.2075,13
Chromosome genes,5.21,5.215,5.2125,27
Chromosome genes,5.215,5.22,5.217499999999999,44
Chromosome genes,5.22,5.2250000000000005,5.2225,10
Chromosome genes,5.2250000000000005,5.23,5.227500000000001,70
Chromosome genes,5.23,5.235,5.2325,35
Chromosome genes,5.235,5.24,5.237500000000001,2
Chromosome genes,5.24,5.245,5.2425,0
Chromosome genes,5.245,5.25,5.2475000000000005,0
Chromosome genes,5.25,5.255,5.2524999999999995,290
Chromosome genes,5.255,5.26,5.2575,0
Chromosome genes,5.26,5.265,5.262499999999999,2
Chromosome genes,5.265,5.2700000000000005,5.2675,38
Chromosome genes,5.2700000000000005,5.275,5.272500000000001,58
Chromosome genes,5.275,5.28,5.2775,2
Chromosome genes,5.28,5.285,5.282500000000001,66
Chromosome genes,5.285,5.29,5.2875,35
Chromosome genes,5.29,5.295,5.2925,159
Chromosome genes,5.295,5.3,5.297499999999999,8
Chromosome genes,5.3,5.305,5.3025,4
Chromosome genes,5.305,5.3100000000000005,5.3075,30
Chromosome genes,5.3100000000000005,5.315,5.3125,34
Chromosome genes,5.315,5.32,5.317500000000001,26
Chromosome genes,5.32,5.325,5.3225,20
Chromosome genes,5.325,5.33,5.327500000000001,0
Chromosome genes,5.33,5.335,5.3325,213
Chromosome genes,5.335,5.34,5.3375,0
Chromosome genes,5.34,5.345,5.342499999999999,9
Chromosome genes,5.345,5.3500000000000005,5.3475,20
Chromosome genes,5.3500000000000005,5.355,5.352500000000001,6
Chromosome genes,5.355,5.36,5.3575,47
Chromosome genes,5.36,5.365,5.362500000000001,4
Chromosome genes,5.365,5.37,5.3675,66
Chromosome genes,5.37,5.375,5.3725000000000005,0
Chromosome genes,5.375,5.38,5.3774999999999995,51
Chromosome genes,5.38,5.385,5.3825,2
Chromosome genes,5.385,5.39,5.387499999999999,8
Chromosome genes,5.39,5.3950000000000005,5.3925,0
Chromosome genes,5.3950000000000005,5.4,5.397500000000001,0
Chromosome genes,5.4,5.405,5.4025,165
Chromosome genes,5.405,5.41,5.407500000000001,0
Chromosome genes,5.41,5.415,5.4125,46
Chromosome genes,5.415,5.42,5.4175,51
Chromosome genes,5.42,5.425,5.422499999999999,8
Chromosome genes,5.425,5.43,5.4275,97
Chromosome genes,5.43,5.4350000000000005,5.4325,8
Chromosome genes,5.4350000000000005,5.44,5.4375,22
Chromosome genes,5.44,5.445,5.442500000000001,41
Chromosome genes,5.445,5.45,5.4475,0
Chromosome genes,5.45,5.455,5.452500000000001,135
Chromosome genes,5.455,5.46,5.4575,0
Chromosome genes,5.46,5.465,5.4625,1
Chromosome genes,5.465,5.47,5.467499999999999,12
Chromosome genes,5.47,5.4750000000000005,5.4725,2
Chromosome genes,5.4750000000000005,5.48,5.477500000000001,26
Chromosome genes,5.48,5.485,5.4825,0
Chromosome genes,5.485,5.49,5.487500000000001,2
Chromosome genes,5.49,5.495,5.4925,10
Chromosome genes,5.495,5.5,5.4975000000000005,0
Chromosome genes,5.5,5.505,5.5024999999999995,98
Chromosome genes,5.505,5.51,5.5075,0
Chromosome genes,5.51,5.515,5.512499999999999,12
Chromosome genes,5.515,5.5200000000000005,5.5175,1
Chromosome genes,5.5200000000000005,5.525,5.522500000000001,35
Chromosome genes,5.525,5.53,5.5275,1
Chromosome genes,5.53,5.535,5.532500000000001,8
Chromosome genes,5.535,5.54,5.5375,112
Chromosome genes,5.54,5.545,5.5425,0
Chromosome genes,5.545,5.55,5.547499999999999,0
Chromosome genes,5.55,5.555,5.5525,2
Chromosome genes,5.555,5.5600000000000005,5.5575,18
Chromosome genes,5.5600000000000005,5.565,5.5625,16
Chromosome genes,5.565,5.57,5.567500000000001,0
Chromosome genes,5.57,5.575,5.5725,30
Chromosome genes,5.575,5.58,5.577500000000001,1
Chromosome genes,5.58,5.585,5.5825,0
Chromosome genes,5.585,5.59,5.5875,4
Chromosome genes,5.59,5.595,5.592499999999999,0
Chromosome genes,5.595,5.6000000000000005,5.5975,0
Chromosome genes,5.6000000000000005,5.605,5.602500000000001,7
Chromosome genes,5.605,5.61,5.6075,0
Chromosome genes,5.61,5.615,5.612500000000001,17
Chromosome genes,5.615,5.62,5.6175,3
Chromosome genes,5.62,5.625,5.6225000000000005,0
Chromosome genes,5.625,5.63,5.6274999999999995,44
Chromosome genes,5.63,5.635,5.6325,2
Chromosome genes,5.635,5.64,5.637499999999999,8
Chromosome genes,5.64,5.6450000000000005,5.6425,0
Chromosome genes,5.6450000000000005,5.65,5.647500000000001,60
Chromosome genes,5.65,5.655,5.6525,1
Chromosome genes,5.655,5.66,5.657500000000001,0
Chromosome genes,5.66,5.665,5.6625,1
Chromosome genes,5.665,5.67,5.6675,22
Chromosome genes,5.67,5.675,5.672499999999999,0
Chromosome genes,5.675,5.68,5.6775,0
Chromosome genes,5.68,5.6850000000000005,5.6825,4
Chromosome genes,5.6850000000000005,5.69,5.6875,0
Chromosome genes,5.69,5.695,5.692500000000001,13
Chromosome genes,5.695,5.7,5.6975,0
Chromosome genes,5.7,5.705,5.702500000000001,18
Chromosome genes,5.705,5.71,5.7075,2
Chromosome genes,5.71,5.715,5.7125,20
Chromosome genes,5.715,5.72,5.717499999999999,0
Chromosome genes,5.72,5.7250000000000005,5.7225,0
Chromosome genes,5.7250000000000005,5.73,5.727500000000001,10
Chromosome genes,5.73,5.735,5.7325,0
Chromosome genes,5.735,5.74,5.737500000000001,10
Chromosome genes,5.74,5.745,5.7425,0
Chromosome genes,5.745,5.75,5.7475000000000005,0
Chromosome genes,5.75,5.755,5.7524999999999995,0
Chromosome genes,5.755,5.76,5.7575,0
Chromosome genes,5.76,5.765,5.762499999999999,26
Chromosome genes,5.765,5.7700000000000005,5.7675,22
Chromosome genes,5.7700000000000005,5.775,5.772500000000001,0
Chromosome genes,5.775,5.78,5.7775,1
Chromosome genes,5.78,5.785,5.782500000000001,0
Chromosome genes,5.785,5.79,5.7875,13
Chromosome genes,5.79,5.795,5.7925,1
Chromosome genes,5.795,5.8,5.797499999999999,0
Chromosome genes,5.8,5.805,5.8025,1
Chromosome genes,5.805,5.8100000000000005,5.8075,0
Chromosome genes,5.8100000000000005,5.815,5.8125,1
Chromosome genes,5.815,5.82,5.817500000000001,1
Chromosome genes,5.82,5.825,5.8225,0
Chromosome genes,5.825,5.83,5.827500000000001,0
Chromosome genes,5.83,5.835,5.8325,8
Chromosome genes,5.835,5.84,5.8375,0
Chromosome genes,5.84,5.845,5.842499999999999,0
Chromosome genes,5.845,5.8500000000000005,5.8475,0
Chromosome genes,5.8500000000000005,5.855,5.852500000000001,1
Chromosome genes,5.855,5.86,5.8575,9
Chromosome genes,5.86,5.865,5.862500000000001,0
Chromosome genes,5.865,5.87,5.8675,0
Chromosome genes,5.87,5.875,5.8725000000000005,0
Chromosome genes,5.875,5.88,5.8774999999999995,0
Chromosome genes,5.88,5.885,5.8825,0
Chromosome genes,5.885,5.89,5.887499999999999,0
Chromosome genes,5.89,5.8950000000000005,5.8925,0
Chromosome genes,5.8950000000000005,5.9,5.897500000000001,0
Chromosome genes,5.9,5.905,5.9025,0
Chromosome genes,5.905,5.91,5.907500000000001,0
Chromosome genes,5.91,5.915,5.9125,0
Chromosome genes,5.915,5.92,5.9175,0
Chromosome genes,5.92,5.925,5.922499999999999,0
Chromosome genes,5.925,5.93,5.9275,0
Chromosome genes,5.93,5.9350000000000005,5.9325,0
Chromosome genes,5.9350000000000005,5.94,5.9375,0
Chromosome genes,5.94,5.945,5.942500000000001,0
Chromosome genes,5.945,5.95,5.9475,0
Chromosome genes,5.95,5.955,5.952500000000001,0
Chromosome genes,5.955,5.96,5.9575,0
Chromosome genes,5.96,5.965,5.9625,0
Chromosome genes,5.965,5.97,5.967499999999999,0
Chromosome genes,5.97,5.9750000000000005,5.9725,0
Chromosome genes,5.9750000000000005,5.98,5.977500000000001,0
Chromosome genes,5.98,5.985,5.9825,0
Chromosome genes,5.985,5.99,5.987500000000001,0
Chromosome genes,5.99,5.995,5.9925,0
Chromosome genes,5.995,6.0,5.9975000000000005,3484
tRNA+ plasmid genes,0.0,0.005,0.0025,49588
tRNA+ plasmid genes,0.005,0.01,0.0075,0
tRNA+ plasmid genes,0.01,0.015,0.0125,1
tRNA+ plasmid genes,0.015,0.02,0.0175,2
tRNA+ plasmid genes,0.02,0.025,0.0225,5
tRNA+ plasmid genes,0.025,0.03,0.0275,4
tRNA+ plasmid genes,0.03,0.035,0.0325,14
tRNA+ plasmid genes,0.035,0.04,0.037500000000000006,20
tRNA+ plasmid genes,0.04,0.045,0.042499999999999996,31
tRNA+ plasmid genes,0.045,0.05,0.0475,62
tRNA+ plasmid genes,0.05,0.055,0.052500000000000005,65
tRNA+ plasmid genes,0.055,0.06,0.057499999999999996,76
tRNA+ plasmid genes,0.06,0.065,0.0625,78
tRNA+ plasmid genes,0.065,0.07,0.0675,113
tRNA+ plasmid genes,0.07,0.075,0.07250000000000001,143
tRNA+ plasmid genes,0.075,0.08,0.0775,119
tRNA+ plasmid genes,0.08,0.085,0.0825,234
tRNA+ plasmid genes,0.085,0.09,0.0875,177
tRNA+ plasmid genes,0.09,0.095,0.0925,265
tRNA+ plasmid genes,0.095,0.1,0.0975,225
tRNA+ plasmid genes,0.1,0.105,0.10250000000000001,293
tRNA+ plasmid genes,0.105,0.11,0.1075,364
tRNA+ plasmid genes,0.11,0.115,0.1125,439
tRNA+ plasmid genes,0.115,0.12,0.1175,287
tRNA+ plasmid genes,0.12,0.125,0.1225,270
tRNA+ plasmid genes,0.125,0.13,0.1275,743
tRNA+ plasmid genes,0.13,0.135,0.1325,469
tRNA+ plasmid genes,0.135,0.14,0.1375,385
tRNA+ plasmid genes,0.14,0.145,0.14250000000000002,475
tRNA+ plasmid genes,0.145,0.15,0.1475,373
tRNA+ plasmid genes,0.15,0.155,0.1525,598
tRNA+ plasmid genes,0.155,0.16,0.1575,182
tRNA+ plasmid genes,0.16,0.165,0.1625,424
tRNA+ plasmid genes,0.165,0.17,0.1675,828
tRNA+ plasmid genes,0.17,0.17500000000000002,0.17250000000000001,529
tRNA+ plasmid genes,0.17500000000000002,0.18,0.1775,242
tRNA+ plasmid genes,0.18,0.185,0.1825,795
tRNA+ plasmid genes,0.185,0.19,0.1875,370
tRNA+ plasmid genes,0.19,0.195,0.1925,631
tRNA+ plasmid genes,0.195,0.2,0.1975,180
tRNA+ plasmid genes,0.2,0.20500000000000002,0.2025,1151
tRNA+ plasmid genes,0.20500000000000002,0.21,0.20750000000000002,321
tRNA+ plasmid genes,0.21,0.215,0.2125,766
tRNA+ plasmid genes,0.215,0.22,0.2175,168
tRNA+ plasmid genes,0.22,0.225,0.2225,1040
tRNA+ plasmid genes,0.225,0.23,0.2275,240
tRNA+ plasmid genes,0.23,0.23500000000000001,0.2325,360
tRNA+ plasmid genes,0.23500000000000001,0.24,0.2375,645
tRNA+ plasmid genes,0.24,0.245,0.2425,476
tRNA+ plasmid genes,0.245,0.25,0.2475,74
tRNA+ plasmid genes,0.25,0.255,0.2525,2193
tRNA+ plasmid genes,0.255,0.26,0.2575,311
tRNA+ plasmid genes,0.26,0.265,0.2625,385
tRNA+ plasmid genes,0.265,0.27,0.2675,898
tRNA+ plasmid genes,0.27,0.275,0.2725,609
tRNA+ plasmid genes,0.275,0.28,0.2775,405
tRNA+ plasmid genes,0.28,0.28500000000000003,0.28250000000000003,100
tRNA+ plasmid genes,0.28500000000000003,0.29,0.2875,1869
tRNA+ plasmid genes,0.29,0.295,0.2925,276
tRNA+ plasmid genes,0.295,0.3,0.2975,260
tRNA+ plasmid genes,0.3,0.305,0.3025,897
tRNA+ plasmid genes,0.305,0.31,0.3075,932
tRNA+ plasmid genes,0.31,0.315,0.3125,156
tRNA+ plasmid genes,0.315,0.32,0.3175,635
tRNA+ plasmid genes,0.32,0.325,0.3225,491
tRNA+ plasmid genes,0.325,0.33,0.3275,152
tRNA+ plasmid genes,0.33,0.335,0.3325,3582
tRNA+ plasmid genes,0.335,0.34,0.3375,149
tRNA+ plasmid genes,0.34,0.34500000000000003,0.3425,324
tRNA+ plasmid genes,0.34500000000000003,0.35000000000000003,0.34750000000000003,439
tRNA+ plasmid genes,0.35000000000000003,0.355,0.35250000000000004,848
tRNA+ plasmid genes,0.355,0.36,0.3575,217
tRNA+ plasmid genes,0.36,0.365,0.3625,1417
tRNA+ plasmid genes,0.365,0.37,0.3675,186
tRNA+ plasmid genes,0.37,0.375,0.3725,210
tRNA+ plasmid genes,0.375,0.38,0.3775,1393
tRNA+ plasmid genes,0.38,0.385,0.3825,524
tRNA+ plasmid genes,0.385,0.39,0.3875,462
tRNA+ plasmid genes,0.39,0.395,0.3925,293
tRNA+ plasmid genes,0.395,0.4,0.3975,150
tRNA+ plasmid genes,0.4,0.405,0.4025,3416
tRNA+ plasmid genes,0.405,0.41000000000000003,0.40750000000000003,199
tRNA+ plasmid genes,0.41000000000000003,0.41500000000000004,0.41250000000000003,485
tRNA+ plasmid genes,0.41500000000000004,0.42,0.4175,323
tRNA+ plasmid genes,0.42,0.425,0.4225,447
tRNA+ plasmid genes,0.425,0.43,0.4275,1834
tRNA+ plasmid genes,0.43,0.435,0.4325,287
tRNA+ plasmid genes,0.435,0.44,0.4375,215
tRNA+ plasmid genes,0.44,0.445,0.4425,1959
tRNA+ plasmid genes,0.445,0.45,0.4475,147
tRNA+ plasmid genes,0.45,0.455,0.4525,490
tRNA+ plasmid genes,0.455,0.46,0.4575,248
tRNA+ plasmid genes,0.46,0.465,0.4625,1562
tRNA+ plasmid genes,0.465,0.47000000000000003,0.4675,333
tRNA+ plasmid genes,0.47000000000000003,0.47500000000000003,0.47250000000000003,837
tRNA+ plasmid genes,0.47500000000000003,0.48,0.47750000000000004,271
tRNA+ plasmid genes,0.48,0.485,0.4825,833
tRNA+ plasmid genes,0.485,0.49,0.4875,458
tRNA+ plasmid genes,0.49,0.495,0.4925,214
tRNA+ plasmid genes,0.495,0.5,0.4975,183
tRNA+ plasmid genes,0.5,0.505,0.5025,6858
tRNA+ plasmid genes,0.505,0.51,0.5075000000000001,286
tRNA+ plasmid genes,0.51,0.515,0.5125,405
tRNA+ plasmid genes,0.515,0.52,0.5175000000000001,428
tRNA+ plasmid genes,0.52,0.525,0.5225,1033
tRNA+ plasmid genes,0.525,0.53,0.5275000000000001,534
tRNA+ plasmid genes,0.53,0.535,0.5325,805
tRNA+ plasmid genes,0.535,0.54,0.5375000000000001,381
tRNA+ plasmid genes,0.54,0.545,0.5425,394
tRNA+ plasmid genes,0.545,0.55,0.5475000000000001,2372
tRNA+ plasmid genes,0.55,0.555,0.5525,646
tRNA+ plasmid genes,0.555,0.56,0.5575000000000001,973
tRNA+ plasmid genes,0.56,0.5650000000000001,0.5625,464
tRNA+ plasmid genes,0.5650000000000001,0.5700000000000001,0.5675000000000001,449
tRNA+ plasmid genes,0.5700000000000001,0.5750000000000001,0.5725,3026
tRNA+ plasmid genes,0.5750000000000001,0.58,0.5775,287
tRNA+ plasmid genes,0.58,0.585,0.5825,832
tRNA+ plasmid genes,0.585,0.59,0.5874999999999999,535
tRNA+ plasmid genes,0.59,0.595,0.5925,491
tRNA+ plasmid genes,0.595,0.6,0.5974999999999999,307
tRNA+ plasmid genes,0.6,0.605,0.6025,3602
tRNA+ plasmid genes,0.605,0.61,0.6074999999999999,397
tRNA+ plasmid genes,0.61,0.615,0.6125,527
tRNA+ plasmid genes,0.615,0.62,0.6174999999999999,1022
tRNA+ plasmid genes,0.62,0.625,0.6225,555
tRNA+ plasmid genes,0.625,0.63,0.6275,1092
tRNA+ plasmid genes,0.63,0.635,0.6325000000000001,1274
tRNA+ plasmid genes,0.635,0.64,0.6375,606
tRNA+ plasmid genes,0.64,0.645,0.6425000000000001,1014
tRNA+ plasmid genes,0.645,0.65,0.6475,516
tRNA+ plasmid genes,0.65,0.655,0.6525000000000001,723
tRNA+ plasmid genes,0.655,0.66,0.6575,478
tRNA+ plasmid genes,0.66,0.665,0.6625000000000001,492
tRNA+ plasmid genes,0.665,0.67,0.6675,8894
tRNA+ plasmid genes,0.67,0.675,0.6725000000000001,635
tRNA+ plasmid genes,0.675,0.68,0.6775,667
tRNA+ plasmid genes,0.68,0.685,0.6825000000000001,578
tRNA+ plasmid genes,0.685,0.6900000000000001,0.6875,1051
tRNA+ plasmid genes,0.6900000000000001,0.6950000000000001,0.6925000000000001,1036
tRNA+ plasmid genes,0.6950000000000001,0.7000000000000001,0.6975,1017
tRNA+ plasmid genes,0.7000000000000001,0.705,0.7025,626
tRNA+ plasmid genes,0.705,0.71,0.7075,1685
tRNA+ plasmid genes,0.71,0.715,0.7124999999999999,1243
tRNA+ plasmid genes,0.715,0.72,0.7175,570
tRNA+ plasmid genes,0.72,0.725,0.7224999999999999,1125
tRNA+ plasmid genes,0.725,0.73,0.7275,1860
tRNA+ plasmid genes,0.73,0.735,0.7324999999999999,1210
tRNA+ plasmid genes,0.735,0.74,0.7375,912
tRNA+ plasmid genes,0.74,0.745,0.7424999999999999,972
tRNA+ plasmid genes,0.745,0.75,0.7475,612
tRNA+ plasmid genes,0.75,0.755,0.7525,6176
tRNA+ plasmid genes,0.755,0.76,0.7575000000000001,1001
tRNA+ plasmid genes,0.76,0.765,0.7625,1044
tRNA+ plasmid genes,0.765,0.77,0.7675000000000001,1539
tRNA+ plasmid genes,0.77,0.775,0.7725,1218
tRNA+ plasmid genes,0.775,0.78,0.7775000000000001,1721
tRNA+ plasmid genes,0.78,0.785,0.7825,1459
tRNA+ plasmid genes,0.785,0.79,0.7875000000000001,1327
tRNA+ plasmid genes,0.79,0.795,0.7925,1001
tRNA+ plasmid genes,0.795,0.8,0.7975000000000001,1080
tRNA+ plasmid genes,0.8,0.805,0.8025,5533
tRNA+ plasmid genes,0.805,0.81,0.8075000000000001,1332
tRNA+ plasmid genes,0.81,0.8150000000000001,0.8125,1118
tRNA+ plasmid genes,0.8150000000000001,0.8200000000000001,0.8175000000000001,2090
tRNA+ plasmid genes,0.8200000000000001,0.8250000000000001,0.8225,1590
tRNA+ plasmid genes,0.8250000000000001,0.8300000000000001,0.8275000000000001,1458
tRNA+ plasmid genes,0.8300000000000001,0.835,0.8325,3371
tRNA+ plasmid genes,0.835,0.84,0.8374999999999999,1354
tRNA+ plasmid genes,0.84,0.845,0.8425,1794
tRNA+ plasmid genes,0.845,0.85,0.8474999999999999,1396
tRNA+ plasmid genes,0.85,0.855,0.8525,1851
tRNA+ plasmid genes,0.855,0.86,0.8574999999999999,5901
tRNA+ plasmid genes,0.86,0.865,0.8625,1462
tRNA+ plasmid genes,0.865,0.87,0.8674999999999999,1887
tRNA+ plasmid genes,0.87,0.875,0.8725,1656
tRNA+ plasmid genes,0.875,0.88,0.8775,2680
tRNA+ plasmid genes,0.88,0.885,0.8825000000000001,1776
tRNA+ plasmid genes,0.885,0.89,0.8875,3247
tRNA+ plasmid genes,0.89,0.895,0.8925000000000001,1758
tRNA+ plasmid genes,0.895,0.9,0.8975,1733
tRNA+ plasmid genes,0.9,0.905,0.9025000000000001,3426
tRNA+ plasmid genes,0.905,0.91,0.9075,2657
tRNA+ plasmid genes,0.91,0.915,0.9125000000000001,1761
tRNA+ plasmid genes,0.915,0.92,0.9175,2565
tRNA+ plasmid genes,0.92,0.925,0.9225000000000001,3310
tRNA+ plasmid genes,0.925,0.93,0.9275,2308
tRNA+ plasmid genes,0.93,0.935,0.9325000000000001,2623
tRNA+ plasmid genes,0.935,0.9400000000000001,0.9375,2329
tRNA+ plasmid genes,0.9400000000000001,0.9450000000000001,0.9425000000000001,2408
tRNA+ plasmid genes,0.9450000000000001,0.9500000000000001,0.9475,2758
tRNA+ plasmid genes,0.9500000000000001,0.9550000000000001,0.9525000000000001,2651
tRNA+ plasmid genes,0.9550000000000001,0.96,0.9575,1993
tRNA+ plasmid genes,0.96,0.965,0.9624999999999999,2748
tRNA+ plasmid genes,0.965,0.97,0.9675,2523
tRNA+ plasmid genes,0.97,0.975,0.9724999999999999,2569
tRNA+ plasmid genes,0.975,0.98,0.9775,2267
tRNA+ plasmid genes,0.98,0.985,0.9824999999999999,2173
tRNA+ plasmid genes,0.985,0.99,0.9875,1930
tRNA+ plasmid genes,0.99,0.995,0.9924999999999999,2028
tRNA+ plasmid genes,0.995,1.0,0.9975,1728
tRNA+ plasmid genes,1.0,1.0050000000000001,1.0025,20362
tRNA+ plasmid genes,1.0050000000000001,1.01,1.0075,2018
tRNA+ plasmid genes,1.01,1.0150000000000001,1.0125000000000002,1944
tRNA+ plasmid genes,1.0150000000000001,1.02,1.0175,2210
tRNA+ plasmid genes,1.02,1.025,1.0225,2313
tRNA+ plasmid genes,1.025,1.03,1.0274999999999999,2688
tRNA+ plasmid genes,1.03,1.035,1.0325,2850
tRNA+ plasmid genes,1.035,1.04,1.0375,2364
tRNA+ plasmid genes,1.04,1.045,1.0425,3309
tRNA+ plasmid genes,1.045,1.05,1.0474999999999999,2369
tRNA+ plasmid genes,1.05,1.055,1.0525,2946
tRNA+ plasmid genes,1.055,1.06,1.0575,3668
tRNA+ plasmid genes,1.06,1.065,1.0625,2416
tRNA+ plasmid genes,1.065,1.07,1.0675,3092
tRNA+ plasmid genes,1.07,1.075,1.0725,3029
tRNA+ plasmid genes,1.075,1.08,1.0775000000000001,2670
tRNA+ plasmid genes,1.08,1.085,1.0825,2541
tRNA+ plasmid genes,1.085,1.09,1.0875,2423
tRNA+ plasmid genes,1.09,1.095,1.0925,4243
tRNA+ plasmid genes,1.095,1.1,1.0975000000000001,2316
tRNA+ plasmid genes,1.1,1.105,1.1025,3295
tRNA+ plasmid genes,1.105,1.11,1.1075,2270
tRNA+ plasmid genes,1.11,1.115,1.1125,3542
tRNA+ plasmid genes,1.115,1.12,1.1175000000000002,2152
tRNA+ plasmid genes,1.12,1.125,1.1225,2123
tRNA+ plasmid genes,1.125,1.1300000000000001,1.1275,3759
tRNA+ plasmid genes,1.1300000000000001,1.135,1.1325,2561
tRNA+ plasmid genes,1.135,1.1400000000000001,1.1375000000000002,2209
tRNA+ plasmid genes,1.1400000000000001,1.145,1.1425,4057
tRNA+ plasmid genes,1.145,1.1500000000000001,1.1475,2525
tRNA+ plasmid genes,1.1500000000000001,1.155,1.1525,2370
tRNA+ plasmid genes,1.155,1.16,1.1575,2109
tRNA+ plasmid genes,1.16,1.165,1.1625,2300
tRNA+ plasmid genes,1.165,1.17,1.1675,3733
tRNA+ plasmid genes,1.17,1.175,1.1724999999999999,2379
tRNA+ plasmid genes,1.175,1.18,1.1775,2858
tRNA+ plasmid genes,1.18,1.185,1.1825,2052
tRNA+ plasmid genes,1.185,1.19,1.1875,2251
tRNA+ plasmid genes,1.19,1.195,1.1925,2234
tRNA+ plasmid genes,1.195,1.2,1.1975,2004
tRNA+ plasmid genes,1.2,1.205,1.2025000000000001,9217
tRNA+ plasmid genes,1.205,1.21,1.2075,2105
tRNA+ plasmid genes,1.21,1.215,1.2125,2307
tRNA+ plasmid genes,1.215,1.22,1.2175,2255
tRNA+ plasmid genes,1.22,1.225,1.2225000000000001,2300
tRNA+ plasmid genes,1.225,1.23,1.2275,2021
tRNA+ plasmid genes,1.23,1.235,1.2325,2712
tRNA+ plasmid genes,1.235,1.24,1.2375,2508
tRNA+ plasmid genes,1.24,1.245,1.2425000000000002,2427
tRNA+ plasmid genes,1.245,1.25,1.2475,1668
tRNA+ plasmid genes,1.25,1.2550000000000001,1.2525,4678
tRNA+ plasmid genes,1.2550000000000001,1.26,1.2575,2011
tRNA+ plasmid genes,1.26,1.2650000000000001,1.2625000000000002,2544
tRNA+ plasmid genes,1.2650000000000001,1.27,1.2675,2466
tRNA+ plasmid genes,1.27,1.2750000000000001,1.2725,2446
tRNA+ plasmid genes,1.2750000000000001,1.28,1.2775,1956
tRNA+ plasmid genes,1.28,1.285,1.2825,1971
tRNA+ plasmid genes,1.285,1.29,1.2875,3647
tRNA+ plasmid genes,1.29,1.295,1.2925,1962
tRNA+ plasmid genes,1.295,1.3,1.2974999999999999,2074
tRNA+ plasmid genes,1.3,1.305,1.3025,3112
tRNA+ plasmid genes,1.305,1.31,1.3075,1958
tRNA+ plasmid genes,1.31,1.315,1.3125,2376
tRNA+ plasmid genes,1.315,1.32,1.3175,1873
tRNA+ plasmid genes,1.32,1.325,1.3225,1966
tRNA+ plasmid genes,1.325,1.33,1.3275000000000001,1904
tRNA+ plasmid genes,1.33,1.335,1.3325,9915
tRNA+ plasmid genes,1.335,1.34,1.3375,1809
tRNA+ plasmid genes,1.34,1.345,1.3425,1779
tRNA+ plasmid genes,1.345,1.35,1.3475000000000001,1754
tRNA+ plasmid genes,1.35,1.355,1.3525,2786
tRNA+ plasmid genes,1.355,1.36,1.3575,2014
tRNA+ plasmid genes,1.36,1.365,1.3625,2408
tRNA+ plasmid genes,1.365,1.37,1.3675000000000002,1920
tRNA+ plasmid genes,1.37,1.375,1.3725,1778
tRNA+ plasmid genes,1.375,1.3800000000000001,1.3775,2474
tRNA+ plasmid genes,1.3800000000000001,1.385,1.3825,3207
tRNA+ plasmid genes,1.385,1.3900000000000001,1.3875000000000002,1760
tRNA+ plasmid genes,1.3900000000000001,1.395,1.3925,1754
tRNA+ plasmid genes,1.395,1.4000000000000001,1.3975,2815
tRNA+ plasmid genes,1.4000000000000001,1.405,1.4025,1633
tRNA+ plasmid genes,1.405,1.41,1.4075,1552
tRNA+ plasmid genes,1.41,1.415,1.4125,2409
tRNA+ plasmid genes,1.415,1.42,1.4175,1823
tRNA+ plasmid genes,1.42,1.425,1.4224999999999999,1639
tRNA+ plasmid genes,1.425,1.43,1.4275,3020
tRNA+ plasmid genes,1.43,1.435,1.4325,1574
tRNA+ plasmid genes,1.435,1.44,1.4375,1356
tRNA+ plasmid genes,1.44,1.445,1.4425,2502
tRNA+ plasmid genes,1.445,1.45,1.4475,1858
tRNA+ plasmid genes,1.45,1.455,1.4525000000000001,2215
tRNA+ plasmid genes,1.455,1.46,1.4575,1523
tRNA+ plasmid genes,1.46,1.465,1.4625,1461
tRNA+ plasmid genes,1.465,1.47,1.4675,1677
tRNA+ plasmid genes,1.47,1.475,1.4725000000000001,1547
tRNA+ plasmid genes,1.475,1.48,1.4775,1349
tRNA+ plasmid genes,1.48,1.485,1.4825,1414
tRNA+ plasmid genes,1.485,1.49,1.4875,1284
tRNA+ plasmid genes,1.49,1.495,1.4925000000000002,1264
tRNA+ plasmid genes,1.495,1.5,1.4975,1010
tRNA+ plasmid genes,1.5,1.5050000000000001,1.5025,12828
tRNA+ plasmid genes,1.5050000000000001,1.51,1.5075,1274
tRNA+ plasmid genes,1.51,1.5150000000000001,1.5125000000000002,1221
tRNA+ plasmid genes,1.5150000000000001,1.52,1.5175,1186
tRNA+ plasmid genes,1.52,1.5250000000000001,1.5225,1480
tRNA+ plasmid genes,1.5250000000000001,1.53,1.5275,1515
tRNA+ plasmid genes,1.53,1.5350000000000001,1.5325000000000002,1689
tRNA+ plasmid genes,1.5350000000000001,1.54,1.5375,1604
tRNA+ plasmid genes,1.54,1.545,1.5425,1315
tRNA+ plasmid genes,1.545,1.55,1.5474999999999999,1563
tRNA+ plasmid genes,1.55,1.555,1.5525,1450
tRNA+ plasmid genes,1.555,1.56,1.5575,2359
tRNA+ plasmid genes,1.56,1.565,1.5625,1284
tRNA+ plasmid genes,1.565,1.57,1.5675,1597
tRNA+ plasmid genes,1.57,1.575,1.5725,1469
tRNA+ plasmid genes,1.575,1.58,1.5775000000000001,1611
tRNA+ plasmid genes,1.58,1.585,1.5825,1204
tRNA+ plasmid genes,1.585,1.59,1.5875,1094
tRNA+ plasmid genes,1.59,1.595,1.5925,1088
tRNA+ plasmid genes,1.595,1.6,1.5975000000000001,900
tRNA+ plasmid genes,1.6,1.605,1.6025,4510
tRNA+ plasmid genes,1.605,1.61,1.6075,1073
tRNA+ plasmid genes,1.61,1.615,1.6125,1020
tRNA+ plasmid genes,1.615,1.62,1.6175000000000002,1344
tRNA+ plasmid genes,1.62,1.625,1.6225,897
tRNA+ plasmid genes,1.625,1.6300000000000001,1.6275,1437
tRNA+ plasmid genes,1.6300000000000001,1.635,1.6325,975
tRNA+ plasmid genes,1.635,1.6400000000000001,1.6375000000000002,2470
tRNA+ plasmid genes,1.6400000000000001,1.645,1.6425,1103
tRNA+ plasmid genes,1.645,1.6500000000000001,1.6475,1379
tRNA+ plasmid genes,1.6500000000000001,1.655,1.6525,928
tRNA+ plasmid genes,1.655,1.6600000000000001,1.6575000000000002,1189
tRNA+ plasmid genes,1.6600000000000001,1.665,1.6625,864
tRNA+ plasmid genes,1.665,1.67,1.6675,3874
tRNA+ plasmid genes,1.67,1.675,1.6724999999999999,1059
tRNA+ plasmid genes,1.675,1.68,1.6775,902
tRNA+ plasmid genes,1.68,1.685,1.6825,1419
tRNA+ plasmid genes,1.685,1.69,1.6875,1039
tRNA+ plasmid genes,1.69,1.695,1.6925,1119
tRNA+ plasmid genes,1.695,1.7,1.6975,847
tRNA+ plasmid genes,1.7,1.705,1.7025000000000001,1281
tRNA+ plasmid genes,1.705,1.71,1.7075,829
tRNA+ plasmid genes,1.71,1.715,1.7125,3520
tRNA+ plasmid genes,1.715,1.72,1.7175,795
tRNA+ plasmid genes,1.72,1.725,1.7225000000000001,1045
tRNA+ plasmid genes,1.725,1.73,1.7275,976
tRNA+ plasmid genes,1.73,1.735,1.7325,1188
tRNA+ plasmid genes,1.735,1.74,1.7375,1056
tRNA+ plasmid genes,1.74,1.745,1.7425000000000002,1074
tRNA+ plasmid genes,1.745,1.75,1.7475,863
tRNA+ plasmid genes,1.75,1.7550000000000001,1.7525,2763
tRNA+ plasmid genes,1.7550000000000001,1.76,1.7575,1035
tRNA+ plasmid genes,1.76,1.7650000000000001,1.7625000000000002,1663
tRNA+ plasmid genes,1.7650000000000001,1.77,1.7675,1011
tRNA+ plasmid genes,1.77,1.7750000000000001,1.7725,1070
tRNA+ plasmid genes,1.7750000000000001,1.78,1.7775,1623
tRNA+ plasmid genes,1.78,1.7850000000000001,1.7825000000000002,959
tRNA+ plasmid genes,1.7850000000000001,1.79,1.7875,1225
tRNA+ plasmid genes,1.79,1.795,1.7925,940
tRNA+ plasmid genes,1.795,1.8,1.7974999999999999,927
tRNA+ plasmid genes,1.8,1.805,1.8025,2597
tRNA+ plasmid genes,1.805,1.81,1.8075,1033
tRNA+ plasmid genes,1.81,1.815,1.8125,964
tRNA+ plasmid genes,1.815,1.82,1.8175,1269
tRNA+ plasmid genes,1.82,1.825,1.8225,899
tRNA+ plasmid genes,1.825,1.83,1.8275000000000001,1155
tRNA+ plasmid genes,1.83,1.835,1.8325,1733
tRNA+ plasmid genes,1.835,1.84,1.8375,831
tRNA+ plasmid genes,1.84,1.845,1.8425,892
tRNA+ plasmid genes,1.845,1.85,1.8475000000000001,1604
tRNA+ plasmid genes,1.85,1.855,1.8525,917
tRNA+ plasmid genes,1.855,1.86,1.8575,1108
tRNA+ plasmid genes,1.86,1.865,1.8625,1026
tRNA+ plasmid genes,1.865,1.87,1.8675000000000002,966
tRNA+ plasmid genes,1.87,1.875,1.8725,722
tRNA+ plasmid genes,1.875,1.8800000000000001,1.8775,1480
tRNA+ plasmid genes,1.8800000000000001,1.885,1.8825,809
tRNA+ plasmid genes,1.885,1.8900000000000001,1.8875000000000002,1000
tRNA+ plasmid genes,1.8900000000000001,1.895,1.8925,1172
tRNA+ plasmid genes,1.895,1.9000000000000001,1.8975,951
tRNA+ plasmid genes,1.9000000000000001,1.905,1.9025,691
tRNA+ plasmid genes,1.905,1.9100000000000001,1.9075000000000002,992
tRNA+ plasmid genes,1.9100000000000001,1.915,1.9125,745
tRNA+ plasmid genes,1.915,1.92,1.9175,670
tRNA+ plasmid genes,1.92,1.925,1.9224999999999999,962
tRNA+ plasmid genes,1.925,1.93,1.9275,910
tRNA+ plasmid genes,1.93,1.935,1.9325,653
tRNA+ plasmid genes,1.935,1.94,1.9375,785
tRNA+ plasmid genes,1.94,1.945,1.9425,730
tRNA+ plasmid genes,1.945,1.95,1.9475,589
tRNA+ plasmid genes,1.95,1.955,1.9525000000000001,800
tRNA+ plasmid genes,1.955,1.96,1.9575,696
tRNA+ plasmid genes,1.96,1.965,1.9625,568
tRNA+ plasmid genes,1.965,1.97,1.9675,536
tRNA+ plasmid genes,1.97,1.975,1.9725000000000001,535
tRNA+ plasmid genes,1.975,1.98,1.9775,554
tRNA+ plasmid genes,1.98,1.985,1.9825,477
tRNA+ plasmid genes,1.985,1.99,1.9875,437
tRNA+ plasmid genes,1.99,1.995,1.9925000000000002,410
tRNA+ plasmid genes,1.995,2.0,1.9975,377
tRNA+ plasmid genes,2.0,2.005,2.0025,14907
tRNA+ plasmid genes,2.005,2.0100000000000002,2.0075000000000003,397
tRNA+ plasmid genes,2.0100000000000002,2.015,2.0125,430
tRNA+ plasmid genes,2.015,2.02,2.0175,430
tRNA+ plasmid genes,2.02,2.025,2.0225,421
tRNA+ plasmid genes,2.025,2.0300000000000002,2.0275,411
tRNA+ plasmid genes,2.0300000000000002,2.035,2.0325,417
tRNA+ plasmid genes,2.035,2.04,2.0375,450
tRNA+ plasmid genes,2.04,2.045,2.0425,463
tRNA+ plasmid genes,2.045,2.05,2.0475,491
tRNA+ plasmid genes,2.05,2.055,2.0525,454
tRNA+ plasmid genes,2.055,2.06,2.0575,464
tRNA+ plasmid genes,2.06,2.065,2.0625,421
tRNA+ plasmid genes,2.065,2.07,2.0675,479
tRNA+ plasmid genes,2.07,2.075,2.0725,376
tRNA+ plasmid genes,2.075,2.08,2.0775,463
tRNA+ plasmid genes,2.08,2.085,2.0825,393
tRNA+ plasmid genes,2.085,2.09,2.0875,501
tRNA+ plasmid genes,2.09,2.095,2.0925000000000002,289
tRNA+ plasmid genes,2.095,2.1,2.0975,248
tRNA+ plasmid genes,2.1,2.105,2.1025,795
tRNA+ plasmid genes,2.105,2.11,2.1075,307
tRNA+ plasmid genes,2.11,2.115,2.1125,276
tRNA+ plasmid genes,2.115,2.12,2.1175,604
tRNA+ plasmid genes,2.12,2.125,2.1225,222
tRNA+ plasmid genes,2.125,2.13,2.1275,411
tRNA+ plasmid genes,2.13,2.1350000000000002,2.1325000000000003,329
tRNA+ plasmid genes,2.1350000000000002,2.14,2.1375,166
tRNA+ plasmid genes,2.14,2.145,2.1425,806
tRNA+ plasmid genes,2.145,2.15,2.1475,164
tRNA+ plasmid genes,2.15,2.1550000000000002,2.1525,271
tRNA+ plasmid genes,2.1550000000000002,2.16,2.1575,139
tRNA+ plasmid genes,2.16,2.165,2.1625,280
tRNA+ plasmid genes,2.165,2.17,2.1675,417
tRNA+ plasmid genes,2.17,2.1750000000000003,2.1725000000000003,162
tRNA+ plasmid genes,2.1750000000000003,2.18,2.1775,129
tRNA+ plasmid genes,2.18,2.185,2.1825,1045
tRNA+ plasmid genes,2.185,2.19,2.1875,132
tRNA+ plasmid genes,2.19,2.195,2.1925,137
tRNA+ plasmid genes,2.195,2.2,2.1975,183
tRNA+ plasmid genes,2.2,2.205,2.2025,419
tRNA+ plasmid genes,2.205,2.21,2.2075,112
tRNA+ plasmid genes,2.21,2.215,2.2125,417
tRNA+ plasmid genes,2.215,2.22,2.2175000000000002,131
tRNA+ plasmid genes,2.22,2.225,2.2225,296
tRNA+ plasmid genes,2.225,2.23,2.2275,174
tRNA+ plasmid genes,2.23,2.235,2.2325,125
tRNA+ plasmid genes,2.235,2.24,2.2375,117
tRNA+ plasmid genes,2.24,2.245,2.2425,117
tRNA+ plasmid genes,2.245,2.25,2.2475,72
tRNA+ plasmid genes,2.25,2.255,2.2525,1495
tRNA+ plasmid genes,2.255,2.2600000000000002,2.2575000000000003,77
tRNA+ plasmid genes,2.2600000000000002,2.265,2.2625,108
tRNA+ plasmid genes,2.265,2.27,2.2675,108
tRNA+ plasmid genes,2.27,2.275,2.2725,132
tRNA+ plasmid genes,2.275,2.2800000000000002,2.2775,177
tRNA+ plasmid genes,2.2800000000000002,2.285,2.2825,62
tRNA+ plasmid genes,2.285,2.29,2.2875,469
tRNA+ plasmid genes,2.29,2.295,2.2925,118
tRNA+ plasmid genes,2.295,2.3000000000000003,2.2975000000000003,175
tRNA+ plasmid genes,2.3000000000000003,2.305,2.3025,82
tRNA+ plasmid genes,2.305,2.31,2.3075,544
tRNA+ plasmid genes,2.31,2.315,2.3125,66
tRNA+ plasmid genes,2.315,2.32,2.3175,121
tRNA+ plasmid genes,2.32,2.325,2.3225,152
tRNA+ plasmid genes,2.325,2.33,2.3275,72
tRNA+ plasmid genes,2.33,2.335,2.3325,713
tRNA+ plasmid genes,2.335,2.34,2.3375,43
tRNA+ plasmid genes,2.34,2.345,2.3425000000000002,101
tRNA+ plasmid genes,2.345,2.35,2.3475,138
tRNA+ plasmid genes,2.35,2.355,2.3525,79
tRNA+ plasmid genes,2.355,2.36,2.3575,201
tRNA+ plasmid genes,2.36,2.365,2.3625,110
tRNA+ plasmid genes,2.365,2.37,2.3675,104
tRNA+ plasmid genes,2.37,2.375,2.3725,64
tRNA+ plasmid genes,2.375,2.38,2.3775,111
tRNA+ plasmid genes,2.38,2.3850000000000002,2.3825000000000003,94
tRNA+ plasmid genes,2.3850000000000002,2.39,2.3875,39
tRNA+ plasmid genes,2.39,2.395,2.3925,49
tRNA+ plasmid genes,2.395,2.4,2.3975,42
tRNA+ plasmid genes,2.4,2.4050000000000002,2.4025,1910
tRNA+ plasmid genes,2.4050000000000002,2.41,2.4075,62
tRNA+ plasmid genes,2.41,2.415,2.4125,50
tRNA+ plasmid genes,2.415,2.42,2.4175,57
tRNA+ plasmid genes,2.42,2.4250000000000003,2.4225000000000003,67
tRNA+ plasmid genes,2.4250000000000003,2.43,2.4275,100
tRNA+ plasmid genes,2.43,2.435,2.4325,74
tRNA+ plasmid genes,2.435,2.44,2.4375,128
tRNA+ plasmid genes,2.44,2.445,2.4425,168
tRNA+ plasmid genes,2.445,2.45,2.4475,37
tRNA+ plasmid genes,2.45,2.455,2.4525,214
tRNA+ plasmid genes,2.455,2.46,2.4575,47
tRNA+ plasmid genes,2.46,2.465,2.4625,138
tRNA+ plasmid genes,2.465,2.47,2.4675000000000002,50
tRNA+ plasmid genes,2.47,2.475,2.4725,266
tRNA+ plasmid genes,2.475,2.48,2.4775,56
tRNA+ plasmid genes,2.48,2.485,2.4825,121
tRNA+ plasmid genes,2.485,2.49,2.4875,74
tRNA+ plasmid genes,2.49,2.495,2.4925,29
tRNA+ plasmid genes,2.495,2.5,2.4975,28
tRNA+ plasmid genes,2.5,2.505,2.5025,842
tRNA+ plasmid genes,2.505,2.5100000000000002,2.5075000000000003,51
tRNA+ plasmid genes,2.5100000000000002,2.515,2.5125,52
tRNA+ plasmid genes,2.515,2.52,2.5175,73
tRNA+ plasmid genes,2.52,2.525,2.5225,25
tRNA+ plasmid genes,2.525,2.5300000000000002,2.5275,143
tRNA+ plasmid genes,2.5300000000000002,2.535,2.5325,64
tRNA+ plasmid genes,2.535,2.54,2.5375,112
tRNA+ plasmid genes,2.54,2.545,2.5425,25
tRNA+ plasmid genes,2.545,2.5500000000000003,2.5475000000000003,104
tRNA+ plasmid genes,2.5500000000000003,2.555,2.5525,52
tRNA+ plasmid genes,2.555,2.56,2.5575,46
tRNA+ plasmid genes,2.56,2.565,2.5625,39
tRNA+ plasmid genes,2.565,2.57,2.5675,27
tRNA+ plasmid genes,2.57,2.575,2.5725,808
tRNA+ plasmid genes,2.575,2.58,2.5775,31
tRNA+ plasmid genes,2.58,2.585,2.5825,45
tRNA+ plasmid genes,2.585,2.59,2.5875,55
tRNA+ plasmid genes,2.59,2.595,2.5925000000000002,67
tRNA+ plasmid genes,2.595,2.6,2.5975,15
tRNA+ plasmid genes,2.6,2.605,2.6025,145
tRNA+ plasmid genes,2.605,2.61,2.6075,106
tRNA+ plasmid genes,2.61,2.615,2.6125,36
tRNA+ plasmid genes,2.615,2.62,2.6175,35
tRNA+ plasmid genes,2.62,2.625,2.6225,16
tRNA+ plasmid genes,2.625,2.63,2.6275,327
tRNA+ plasmid genes,2.63,2.6350000000000002,2.6325000000000003,36
tRNA+ plasmid genes,2.6350000000000002,2.64,2.6375,15
tRNA+ plasmid genes,2.64,2.645,2.6425,89
tRNA+ plasmid genes,2.645,2.65,2.6475,45
tRNA+ plasmid genes,2.65,2.6550000000000002,2.6525,40
tRNA+ plasmid genes,2.6550000000000002,2.66,2.6575,20
tRNA+ plasmid genes,2.66,2.665,2.6625,10
tRNA+ plasmid genes,2.665,2.67,2.6675,876
tRNA+ plasmid genes,2.67,2.6750000000000003,2.6725000000000003,14
tRNA+ plasmid genes,2.6750000000000003,2.68,2.6775,18
tRNA+ plasmid genes,2.68,2.685,2.6825,34
tRNA+ plasmid genes,2.685,2.69,2.6875,83
tRNA+ plasmid genes,2.69,2.695,2.6925,40
tRNA+ plasmid genes,2.695,2.7,2.6975,18
tRNA+ plasmid genes,2.7,2.705,2.7025,193
tRNA+ plasmid genes,2.705,2.71,2.7075,68
tRNA+ plasmid genes,2.71,2.715,2.7125,50
tRNA+ plasmid genes,2.715,2.72,2.7175000000000002,18
tRNA+ plasmid genes,2.72,2.725,2.7225,18
tRNA+ plasmid genes,2.725,2.73,2.7275,382
tRNA+ plasmid genes,2.73,2.735,2.7325,20
tRNA+ plasmid genes,2.735,2.74,2.7375,31
tRNA+ plasmid genes,2.74,2.745,2.7425,38
tRNA+ plasmid genes,2.745,2.75,2.7475,9
tRNA+ plasmid genes,2.75,2.755,2.7525,128
tRNA+ plasmid genes,2.755,2.7600000000000002,2.7575000000000003,51
tRNA+ plasmid genes,2.7600000000000002,2.765,2.7625,12
tRNA+ plasmid genes,2.765,2.77,2.7675,290
tRNA+ plasmid genes,2.77,2.775,2.7725,12
tRNA+ plasmid genes,2.775,2.7800000000000002,2.7775,17
tRNA+ plasmid genes,2.7800000000000002,2.785,2.7825,26
tRNA+ plasmid genes,2.785,2.79,2.7875,55
tRNA+ plasmid genes,2.79,2.795,2.7925,16
tRNA+ plasmid genes,2.795,2.8000000000000003,2.7975000000000003,28
tRNA+ plasmid genes,2.8000000000000003,2.805,2.8025,173
tRNA+ plasmid genes,2.805,2.81,2.8075,9
tRNA+ plasmid genes,2.81,2.815,2.8125,34
tRNA+ plasmid genes,2.815,2.82,2.8175,10
tRNA+ plasmid genes,2.82,2.825,2.8225,107
tRNA+ plasmid genes,2.825,2.83,2.8275,7
tRNA+ plasmid genes,2.83,2.835,2.8325,72
tRNA+ plasmid genes,2.835,2.84,2.8375,10
tRNA+ plasmid genes,2.84,2.845,2.8425000000000002,102
tRNA+ plasmid genes,2.845,2.85,2.8475,19
tRNA+ plasmid genes,2.85,2.855,2.8525,30
tRNA+ plasmid genes,2.855,2.86,2.8575,137
tRNA+ plasmid genes,2.86,2.865,2.8625,14
tRNA+ plasmid genes,2.865,2.87,2.8675,67
tRNA+ plasmid genes,2.87,2.875,2.8725,4
tRNA+ plasmid genes,2.875,2.88,2.8775,16
tRNA+ plasmid genes,2.88,2.8850000000000002,2.8825000000000003,44
tRNA+ plasmid genes,2.8850000000000002,2.89,2.8875,31
tRNA+ plasmid genes,2.89,2.895,2.8925,5
tRNA+ plasmid genes,2.895,2.9,2.8975,19
tRNA+ plasmid genes,2.9,2.9050000000000002,2.9025,40
tRNA+ plasmid genes,2.9050000000000002,2.91,2.9075,42
tRNA+ plasmid genes,2.91,2.915,2.9125,14
tRNA+ plasmid genes,2.915,2.92,2.9175,24
tRNA+ plasmid genes,2.92,2.9250000000000003,2.9225000000000003,9
tRNA+ plasmid genes,2.9250000000000003,2.93,2.9275,13
tRNA+ plasmid genes,2.93,2.935,2.9325,37
tRNA+ plasmid genes,2.935,2.94,2.9375,8
tRNA+ plasmid genes,2.94,2.945,2.9425,7
tRNA+ plasmid genes,2.945,2.95,2.9475,9
tRNA+ plasmid genes,2.95,2.955,2.9525,7
tRNA+ plasmid genes,2.955,2.96,2.9575,3
tRNA+ plasmid genes,2.96,2.965,2.9625,3
tRNA+ plasmid genes,2.965,2.97,2.9675000000000002,5
tRNA+ plasmid genes,2.97,2.975,2.9725,3
tRNA+ plasmid genes,2.975,2.98,2.9775,2
tRNA+ plasmid genes,2.98,2.985,2.9825,2
tRNA+ plasmid genes,2.985,2.99,2.9875,3
tRNA+ plasmid genes,2.99,2.995,2.9925,2
tRNA+ plasmid genes,2.995,3.0,2.9975,0
tRNA+ plasmid genes,3.0,3.005,3.0025,3475
tRNA+ plasmid genes,3.005,3.0100000000000002,3.0075000000000003,1
tRNA+ plasmid genes,3.0100000000000002,3.015,3.0125,1
tRNA+ plasmid genes,3.015,3.02,3.0175,1
tRNA+ plasmid genes,3.02,3.025,3.0225,10
tRNA+ plasmid genes,3.025,3.0300000000000002,3.0275,10
tRNA+ plasmid genes,3.0300000000000002,3.035,3.0325,2
tRNA+ plasmid genes,3.035,3.04,3.0375,6
tRNA+ plasmid genes,3.04,3.045,3.0425,5
tRNA+ plasmid genes,3.045,3.0500000000000003,3.0475000000000003,5
tRNA+ plasmid genes,3.0500000000000003,3.055,3.0525,8
tRNA+ plasmid genes,3.055,3.06,3.0575,20
tRNA+ plasmid genes,3.06,3.065,3.0625,7
tRNA+ plasmid genes,3.065,3.0700000000000003,3.0675,14
tRNA+ plasmid genes,3.0700000000000003,3.075,3.0725000000000002,12
tRNA+ plasmid genes,3.075,3.08,3.0775,30
tRNA+ plasmid genes,3.08,3.085,3.0825,42
tRNA+ plasmid genes,3.085,3.09,3.0875,7
tRNA+ plasmid genes,3.09,3.095,3.0925000000000002,29
tRNA+ plasmid genes,3.095,3.1,3.0975,31
tRNA+ plasmid genes,3.1,3.105,3.1025,68
tRNA+ plasmid genes,3.105,3.11,3.1075,9
tRNA+ plasmid genes,3.11,3.115,3.1125,39
tRNA+ plasmid genes,3.115,3.12,3.1175,12
tRNA+ plasmid genes,3.12,3.125,3.1225,40
tRNA+ plasmid genes,3.125,3.13,3.1275,5
tRNA+ plasmid genes,3.13,3.1350000000000002,3.1325000000000003,79
tRNA+ plasmid genes,3.1350000000000002,3.14,3.1375,11
tRNA+ plasmid genes,3.14,3.145,3.1425,34
tRNA+ plasmid genes,3.145,3.15,3.1475,10
tRNA+ plasmid genes,3.15,3.1550000000000002,3.1525,19
tRNA+ plasmid genes,3.1550000000000002,3.16,3.1575,37
tRNA+ plasmid genes,3.16,3.165,3.1625,9
tRNA+ plasmid genes,3.165,3.17,3.1675,26
tRNA+ plasmid genes,3.17,3.1750000000000003,3.1725000000000003,3
tRNA+ plasmid genes,3.1750000000000003,3.18,3.1775,83
tRNA+ plasmid genes,3.18,3.185,3.1825,7
tRNA+ plasmid genes,3.185,3.19,3.1875,6
tRNA+ plasmid genes,3.19,3.1950000000000003,3.1925,13
tRNA+ plasmid genes,3.1950000000000003,3.2,3.1975000000000002,0
tRNA+ plasmid genes,3.2,3.205,3.2025,170
tRNA+ plasmid genes,3.205,3.21,3.2075,1
tRNA+ plasmid genes,3.21,3.215,3.2125,32
tRNA+ plasmid genes,3.215,3.22,3.2175000000000002,9
tRNA+ plasmid genes,3.22,3.225,3.2225,39
tRNA+ plasmid genes,3.225,3.23,3.2275,9
tRNA+ plasmid genes,3.23,3.235,3.2325,167
tRNA+ plasmid genes,3.235,3.24,3.2375,4
tRNA+ plasmid genes,3.24,3.245,3.2425,75
tRNA+ plasmid genes,3.245,3.25,3.2475,1
tRNA+ plasmid genes,3.25,3.255,3.2525,37
tRNA+ plasmid genes,3.255,3.2600000000000002,3.2575000000000003,13
tRNA+ plasmid genes,3.2600000000000002,3.265,3.2625,2
tRNA+ plasmid genes,3.265,3.27,3.2675,11
tRNA+ plasmid genes,3.27,3.275,3.2725,243
tRNA+ plasmid genes,3.275,3.2800000000000002,3.2775,1
tRNA+ plasmid genes,3.2800000000000002,3.285,3.2825,1
tRNA+ plasmid genes,3.285,3.29,3.2875,24
tRNA+ plasmid genes,3.29,3.295,3.2925,13
tRNA+ plasmid genes,3.295,3.3000000000000003,3.2975000000000003,4
tRNA+ plasmid genes,3.3000000000000003,3.305,3.3025,80
tRNA+ plasmid genes,3.305,3.31,3.3075,13
tRNA+ plasmid genes,3.31,3.315,3.3125,37
tRNA+ plasmid genes,3.315,3.3200000000000003,3.3175,8
tRNA+ plasmid genes,3.3200000000000003,3.325,3.3225000000000002,1
tRNA+ plasmid genes,3.325,3.33,3.3275,3
tRNA+ plasmid genes,3.33,3.335,3.3325,248
tRNA+ plasmid genes,3.335,3.34,3.3375,1
tRNA+ plasmid genes,3.34,3.345,3.3425000000000002,3
tRNA+ plasmid genes,3.345,3.35,3.3475,11
tRNA+ plasmid genes,3.35,3.355,3.3525,24
tRNA+ plasmid genes,3.355,3.36,3.3575,0
tRNA+ plasmid genes,3.36,3.365,3.3625,34
tRNA+ plasmid genes,3.365,3.37,3.3675,9
tRNA+ plasmid genes,3.37,3.375,3.3725,0
tRNA+ plasmid genes,3.375,3.38,3.3775,68
tRNA+ plasmid genes,3.38,3.3850000000000002,3.3825000000000003,20
tRNA+ plasmid genes,3.3850000000000002,3.39,3.3875,2
tRNA+ plasmid genes,3.39,3.395,3.3925,33
tRNA+ plasmid genes,3.395,3.4,3.3975,2
tRNA+ plasmid genes,3.4,3.4050000000000002,3.4025,59
tRNA+ plasmid genes,3.4050000000000002,3.41,3.4075,19
tRNA+ plasmid genes,3.41,3.415,3.4125,1
tRNA+ plasmid genes,3.415,3.42,3.4175,1
tRNA+ plasmid genes,3.42,3.4250000000000003,3.4225000000000003,2
tRNA+ plasmid genes,3.4250000000000003,3.43,3.4275,309
tRNA+ plasmid genes,3.43,3.435,3.4325,0
tRNA+ plasmid genes,3.435,3.44,3.4375,2
tRNA+ plasmid genes,3.44,3.4450000000000003,3.4425,12
tRNA+ plasmid genes,3.4450000000000003,3.45,3.4475000000000002,8
tRNA+ plasmid genes,3.45,3.455,3.4525,53
tRNA+ plasmid genes,3.455,3.46,3.4575,0
tRNA+ plasmid genes,3.46,3.465,3.4625,34
tRNA+ plasmid genes,3.465,3.47,3.4675000000000002,1
tRNA+ plasmid genes,3.47,3.475,3.4725,61
tRNA+ plasmid genes,3.475,3.48,3.4775,0
tRNA+ plasmid genes,3.48,3.485,3.4825,55
tRNA+ plasmid genes,3.485,3.49,3.4875,4
tRNA+ plasmid genes,3.49,3.495,3.4925,3
tRNA+ plasmid genes,3.495,3.5,3.4975,1
tRNA+ plasmid genes,3.5,3.505,3.5025,165
tRNA+ plasmid genes,3.505,3.5100000000000002,3.5075000000000003,3
tRNA+ plasmid genes,3.5100000000000002,3.515,3.5125,0
tRNA+ plasmid genes,3.515,3.52,3.5175,44
tRNA+ plasmid genes,3.52,3.525,3.5225,22
tRNA+ plasmid genes,3.525,3.5300000000000002,3.5275,53
tRNA+ plasmid genes,3.5300000000000002,3.535,3.5325,9
tRNA+ plasmid genes,3.535,3.54,3.5375,28
tRNA+ plasmid genes,3.54,3.545,3.5425,2
tRNA+ plasmid genes,3.545,3.5500000000000003,3.5475000000000003,67
tRNA+ plasmid genes,3.5500000000000003,3.555,3.5525,1
tRNA+ plasmid genes,3.555,3.56,3.5575,41
tRNA+ plasmid genes,3.56,3.565,3.5625,16
tRNA+ plasmid genes,3.565,3.5700000000000003,3.5675,13
tRNA+ plasmid genes,3.5700000000000003,3.575,3.5725000000000002,15
tRNA+ plasmid genes,3.575,3.58,3.5775,5
tRNA+ plasmid genes,3.58,3.585,3.5825,3
tRNA+ plasmid genes,3.585,3.59,3.5875,1
tRNA+ plasmid genes,3.59,3.595,3.5925000000000002,2
tRNA+ plasmid genes,3.595,3.6,3.5975,0
tRNA+ plasmid genes,3.6,3.605,3.6025,557
tRNA+ plasmid genes,3.605,3.61,3.6075,0
tRNA+ plasmid genes,3.61,3.615,3.6125,0
tRNA+ plasmid genes,3.615,3.62,3.6175,0
tRNA+ plasmid genes,3.62,3.625,3.6225,3
tRNA+ plasmid genes,3.625,3.63,3.6275,19
tRNA+ plasmid genes,3.63,3.6350000000000002,3.6325000000000003,20
tRNA+ plasmid genes,3.6350000000000002,3.64,3.6375,31
tRNA+ plasmid genes,3.64,3.645,3.6425,18
tRNA+ plasmid genes,3.645,3.65,3.6475,2
tRNA+ plasmid genes,3.65,3.6550000000000002,3.6525,60
tRNA+ plasmid genes,3.6550000000000002,3.66,3.6575,8
tRNA+ plasmid genes,3.66,3.665,3.6625,0
tRNA+ plasmid genes,3.665,3.67,3.6675,70
tRNA+ plasmid genes,3.67,3.6750000000000003,3.6725000000000003,31
tRNA+ plasmid genes,3.6750000000000003,3.68,3.6775,15
tRNA+ plasmid genes,3.68,3.685,3.6825,25
tRNA+ plasmid genes,3.685,3.69,3.6875,1
tRNA+ plasmid genes,3.69,3.6950000000000003,3.6925,115
tRNA+ plasmid genes,3.6950000000000003,3.7,3.6975000000000002,1
tRNA+ plasmid genes,3.7,3.705,3.7025,28
tRNA+ plasmid genes,3.705,3.71,3.7075,25
tRNA+ plasmid genes,3.71,3.715,3.7125,63
tRNA+ plasmid genes,3.715,3.72,3.7175000000000002,0
tRNA+ plasmid genes,3.72,3.725,3.7225,36
tRNA+ plasmid genes,3.725,3.73,3.7275,66
tRNA+ plasmid genes,3.73,3.735,3.7325,11
tRNA+ plasmid genes,3.735,3.74,3.7375,2
tRNA+ plasmid genes,3.74,3.745,3.7425,2
tRNA+ plasmid genes,3.745,3.75,3.7475,0
tRNA+ plasmid genes,3.75,3.755,3.7525,194
tRNA+ plasmid genes,3.755,3.7600000000000002,3.7575000000000003,16
tRNA+ plasmid genes,3.7600000000000002,3.765,3.7625,11
tRNA+ plasmid genes,3.765,3.77,3.7675,10
tRNA+ plasmid genes,3.77,3.775,3.7725,25
tRNA+ plasmid genes,3.775,3.7800000000000002,3.7775,41
tRNA+ plasmid genes,3.7800000000000002,3.785,3.7825,14
tRNA+ plasmid genes,3.785,3.79,3.7875,32
tRNA+ plasmid genes,3.79,3.795,3.7925,8
tRNA+ plasmid genes,3.795,3.8000000000000003,3.7975000000000003,69
tRNA+ plasmid genes,3.8000000000000003,3.805,3.8025,5
tRNA+ plasmid genes,3.805,3.81,3.8075,6
tRNA+ plasmid genes,3.81,3.815,3.8125,3
tRNA+ plasmid genes,3.815,3.8200000000000003,3.8175,120
tRNA+ plasmid genes,3.8200000000000003,3.825,3.8225000000000002,1
tRNA+ plasmid genes,3.825,3.83,3.8275,10
tRNA+ plasmid genes,3.83,3.835,3.8325,46
tRNA+ plasmid genes,3.835,3.84,3.8375,3
tRNA+ plasmid genes,3.84,3.845,3.8425000000000002,56
tRNA+ plasmid genes,3.845,3.85,3.8475,23
tRNA+ plasmid genes,3.85,3.855,3.8525,3
tRNA+ plasmid genes,3.855,3.86,3.8575,97
tRNA+ plasmid genes,3.86,3.865,3.8625,17
tRNA+ plasmid genes,3.865,3.87,3.8675,18
tRNA+ plasmid genes,3.87,3.875,3.8725,27
tRNA+ plasmid genes,3.875,3.88,3.8775,5
tRNA+ plasmid genes,3.88,3.8850000000000002,3.8825000000000003,87
tRNA+ plasmid genes,3.8850000000000002,3.89,3.8875,6
tRNA+ plasmid genes,3.89,3.895,3.8925,8
tRNA+ plasmid genes,3.895,3.9,3.8975,8
tRNA+ plasmid genes,3.9,3.9050000000000002,3.9025,74
tRNA+ plasmid genes,3.9050000000000002,3.91,3.9075,1
tRNA+ plasmid genes,3.91,3.915,3.9125,34
tRNA+ plasmid genes,3.915,3.92,3.9175,23
tRNA+ plasmid genes,3.92,3.9250000000000003,3.9225000000000003,24
tRNA+ plasmid genes,3.9250000000000003,3.93,3.9275,11
tRNA+ plasmid genes,3.93,3.935,3.9325,58
tRNA+ plasmid genes,3.935,3.94,3.9375,15
tRNA+ plasmid genes,3.94,3.9450000000000003,3.9425,38
tRNA+ plasmid genes,3.9450000000000003,3.95,3.9475000000000002,6
tRNA+ plasmid genes,3.95,3.955,3.9525,12
tRNA+ plasmid genes,3.955,3.96,3.9575,26
tRNA+ plasmid genes,3.96,3.9650000000000003,3.9625000000000004,29
tRNA+ plasmid genes,3.9650000000000003,3.97,3.9675000000000002,2
tRNA+ plasmid genes,3.97,3.975,3.9725,9
tRNA+ plasmid genes,3.975,3.98,3.9775,9
tRNA+ plasmid genes,3.98,3.985,3.9825,8
tRNA+ plasmid genes,3.985,3.99,3.9875,0
tRNA+ plasmid genes,3.99,3.995,3.9925,7
tRNA+ plasmid genes,3.995,4.0,3.9975,0
tRNA+ plasmid genes,4.0,4.005,4.0024999999999995,1144
tRNA+ plasmid genes,4.005,4.01,4.0075,0
tRNA+ plasmid genes,4.01,4.015,4.012499999999999,0
tRNA+ plasmid genes,4.015,4.0200000000000005,4.0175,2
tRNA+ plasmid genes,4.0200000000000005,4.025,4.022500000000001,0
tRNA+ plasmid genes,4.025,4.03,4.0275,21
tRNA+ plasmid genes,4.03,4.035,4.032500000000001,23
tRNA+ plasmid genes,4.035,4.04,4.0375,16
tRNA+ plasmid genes,4.04,4.045,4.0425,1
tRNA+ plasmid genes,4.045,4.05,4.047499999999999,3
tRNA+ plasmid genes,4.05,4.055,4.0525,38
tRNA+ plasmid genes,4.055,4.0600000000000005,4.0575,28
tRNA+ plasmid genes,4.0600000000000005,4.065,4.0625,5
tRNA+ plasmid genes,4.065,4.07,4.067500000000001,9
tRNA+ plasmid genes,4.07,4.075,4.0725,24
tRNA+ plasmid genes,4.075,4.08,4.077500000000001,13
tRNA+ plasmid genes,4.08,4.085,4.0825,47
tRNA+ plasmid genes,4.085,4.09,4.0875,13
tRNA+ plasmid genes,4.09,4.095,4.092499999999999,47
tRNA+ plasmid genes,4.095,4.1,4.0975,30
tRNA+ plasmid genes,4.1,4.105,4.1025,20
tRNA+ plasmid genes,4.105,4.11,4.1075,62
tRNA+ plasmid genes,4.11,4.115,4.112500000000001,42
tRNA+ plasmid genes,4.115,4.12,4.1175,10
tRNA+ plasmid genes,4.12,4.125,4.1225000000000005,2
tRNA+ plasmid genes,4.125,4.13,4.1274999999999995,63
tRNA+ plasmid genes,4.13,4.135,4.1325,41
tRNA+ plasmid genes,4.135,4.14,4.137499999999999,46
tRNA+ plasmid genes,4.14,4.1450000000000005,4.1425,12
tRNA+ plasmid genes,4.1450000000000005,4.15,4.147500000000001,12
tRNA+ plasmid genes,4.15,4.155,4.1525,115
tRNA+ plasmid genes,4.155,4.16,4.157500000000001,9
tRNA+ plasmid genes,4.16,4.165,4.1625,8
tRNA+ plasmid genes,4.165,4.17,4.1675,48
tRNA+ plasmid genes,4.17,4.175,4.172499999999999,52
tRNA+ plasmid genes,4.175,4.18,4.1775,11
tRNA+ plasmid genes,4.18,4.1850000000000005,4.1825,25
tRNA+ plasmid genes,4.1850000000000005,4.19,4.1875,12
tRNA+ plasmid genes,4.19,4.195,4.192500000000001,2
tRNA+ plasmid genes,4.195,4.2,4.1975,0
tRNA+ plasmid genes,4.2,4.205,4.202500000000001,134
tRNA+ plasmid genes,4.205,4.21,4.2075,1
tRNA+ plasmid genes,4.21,4.215,4.2125,11
tRNA+ plasmid genes,4.215,4.22,4.217499999999999,69
tRNA+ plasmid genes,4.22,4.225,4.2225,60
tRNA+ plasmid genes,4.225,4.23,4.2275,32
tRNA+ plasmid genes,4.23,4.235,4.2325,2
tRNA+ plasmid genes,4.235,4.24,4.237500000000001,66
tRNA+ plasmid genes,4.24,4.245,4.2425,46
tRNA+ plasmid genes,4.245,4.25,4.2475000000000005,4
tRNA+ plasmid genes,4.25,4.255,4.2524999999999995,48
tRNA+ plasmid genes,4.255,4.26,4.2575,42
tRNA+ plasmid genes,4.26,4.265,4.262499999999999,62
tRNA+ plasmid genes,4.265,4.2700000000000005,4.2675,27
tRNA+ plasmid genes,4.2700000000000005,4.275,4.272500000000001,0
tRNA+ plasmid genes,4.275,4.28,4.2775,8
tRNA+ plasmid genes,4.28,4.285,4.282500000000001,0
tRNA+ plasmid genes,4.285,4.29,4.2875,299
tRNA+ plasmid genes,4.29,4.295,4.2925,0
tRNA+ plasmid genes,4.295,4.3,4.297499999999999,10
tRNA+ plasmid genes,4.3,4.305,4.3025,33
tRNA+ plasmid genes,4.305,4.3100000000000005,4.3075,7
tRNA+ plasmid genes,4.3100000000000005,4.315,4.3125,47
tRNA+ plasmid genes,4.315,4.32,4.317500000000001,27
tRNA+ plasmid genes,4.32,4.325,4.3225,38
tRNA+ plasmid genes,4.325,4.33,4.327500000000001,34
tRNA+ plasmid genes,4.33,4.335,4.3325,106
tRNA+ plasmid genes,4.335,4.34,4.3375,3
tRNA+ plasmid genes,4.34,4.345,4.342499999999999,61
tRNA+ plasmid genes,4.345,4.3500000000000005,4.3475,0
tRNA+ plasmid genes,4.3500000000000005,4.355,4.352500000000001,23
tRNA+ plasmid genes,4.355,4.36,4.3575,1
tRNA+ plasmid genes,4.36,4.365,4.362500000000001,176
tRNA+ plasmid genes,4.365,4.37,4.3675,1
tRNA+ plasmid genes,4.37,4.375,4.3725000000000005,16
tRNA+ plasmid genes,4.375,4.38,4.3774999999999995,32
tRNA+ plasmid genes,4.38,4.385,4.3825,51
tRNA+ plasmid genes,4.385,4.39,4.387499999999999,8
tRNA+ plasmid genes,4.39,4.3950000000000005,4.3925,41
tRNA+ plasmid genes,4.3950000000000005,4.4,4.397500000000001,1
tRNA+ plasmid genes,4.4,4.405,4.4025,74
tRNA+ plasmid genes,4.405,4.41,4.407500000000001,34
tRNA+ plasmid genes,4.41,4.415,4.4125,5
tRNA+ plasmid genes,4.415,4.42,4.4175,10
tRNA+ plasmid genes,4.42,4.425,4.422499999999999,54
tRNA+ plasmid genes,4.425,4.43,4.4275,20
tRNA+ plasmid genes,4.43,4.4350000000000005,4.4325,73
tRNA+ plasmid genes,4.4350000000000005,4.44,4.4375,8
tRNA+ plasmid genes,4.44,4.445,4.442500000000001,64
tRNA+ plasmid genes,4.445,4.45,4.4475,2
tRNA+ plasmid genes,4.45,4.455,4.452500000000001,36
tRNA+ plasmid genes,4.455,4.46,4.4575,50
tRNA+ plasmid genes,4.46,4.465,4.4625,17
tRNA+ plasmid genes,4.465,4.47,4.467499999999999,13
tRNA+ plasmid genes,4.47,4.4750000000000005,4.4725,19
tRNA+ plasmid genes,4.4750000000000005,4.48,4.477500000000001,27
tRNA+ plasmid genes,4.48,4.485,4.4825,0
tRNA+ plasmid genes,4.485,4.49,4.487500000000001,0
tRNA+ plasmid genes,4.49,4.495,4.4925,0
tRNA+ plasmid genes,4.495,4.5,4.4975000000000005,0
tRNA+ plasmid genes,4.5,4.505,4.5024999999999995,514
tRNA+ plasmid genes,4.505,4.51,4.5075,8
tRNA+ plasmid genes,4.51,4.515,4.512499999999999,9
tRNA+ plasmid genes,4.515,4.5200000000000005,4.5175,1
tRNA+ plasmid genes,4.5200000000000005,4.525,4.522500000000001,12
tRNA+ plasmid genes,4.525,4.53,4.5275,38
tRNA+ plasmid genes,4.53,4.535,4.532500000000001,78
tRNA+ plasmid genes,4.535,4.54,4.5375,20
tRNA+ plasmid genes,4.54,4.545,4.5425,21
tRNA+ plasmid genes,4.545,4.55,4.547499999999999,22
tRNA+ plasmid genes,4.55,4.555,4.5525,26
tRNA+ plasmid genes,4.555,4.5600000000000005,4.5575,35
tRNA+ plasmid genes,4.5600000000000005,4.565,4.5625,87
tRNA+ plasmid genes,4.565,4.57,4.567500000000001,46
tRNA+ plasmid genes,4.57,4.575,4.5725,36
tRNA+ plasmid genes,4.575,4.58,4.577500000000001,35
tRNA+ plasmid genes,4.58,4.585,4.5825,2
tRNA+ plasmid genes,4.585,4.59,4.5875,73
tRNA+ plasmid genes,4.59,4.595,4.592499999999999,9
tRNA+ plasmid genes,4.595,4.6000000000000005,4.5975,21
tRNA+ plasmid genes,4.6000000000000005,4.605,4.602500000000001,51
tRNA+ plasmid genes,4.605,4.61,4.6075,23
tRNA+ plasmid genes,4.61,4.615,4.612500000000001,8
tRNA+ plasmid genes,4.615,4.62,4.6175,76
tRNA+ plasmid genes,4.62,4.625,4.6225000000000005,21
tRNA+ plasmid genes,4.625,4.63,4.6274999999999995,44
tRNA+ plasmid genes,4.63,4.635,4.6325,0
tRNA+ plasmid genes,4.635,4.64,4.637499999999999,41
tRNA+ plasmid genes,4.64,4.6450000000000005,4.6425,10
tRNA+ plasmid genes,4.6450000000000005,4.65,4.647500000000001,40
tRNA+ plasmid genes,4.65,4.655,4.6525,21
tRNA+ plasmid genes,4.655,4.66,4.657500000000001,13
tRNA+ plasmid genes,4.66,4.665,4.6625,1
tRNA+ plasmid genes,4.665,4.67,4.6675,76
tRNA+ plasmid genes,4.67,4.675,4.672499999999999,0
tRNA+ plasmid genes,4.675,4.68,4.6775,14
tRNA+ plasmid genes,4.68,4.6850000000000005,4.6825,31
tRNA+ plasmid genes,4.6850000000000005,4.69,4.6875,73
tRNA+ plasmid genes,4.69,4.695,4.692500000000001,9
tRNA+ plasmid genes,4.695,4.7,4.6975,69
tRNA+ plasmid genes,4.7,4.705,4.702500000000001,29
tRNA+ plasmid genes,4.705,4.71,4.7075,19
tRNA+ plasmid genes,4.71,4.715,4.7125,28
tRNA+ plasmid genes,4.715,4.72,4.717499999999999,10
tRNA+ plasmid genes,4.72,4.7250000000000005,4.7225,25
tRNA+ plasmid genes,4.7250000000000005,4.73,4.727500000000001,46
tRNA+ plasmid genes,4.73,4.735,4.7325,23
tRNA+ plasmid genes,4.735,4.74,4.737500000000001,39
tRNA+ plasmid genes,4.74,4.745,4.7425,20
tRNA+ plasmid genes,4.745,4.75,4.7475000000000005,1
tRNA+ plasmid genes,4.75,4.755,4.7524999999999995,52
tRNA+ plasmid genes,4.755,4.76,4.7575,18
tRNA+ plasmid genes,4.76,4.765,4.762499999999999,22
tRNA+ plasmid genes,4.765,4.7700000000000005,4.7675,10
tRNA+ plasmid genes,4.7700000000000005,4.775,4.772500000000001,39
tRNA+ plasmid genes,4.775,4.78,4.7775,13
tRNA+ plasmid genes,4.78,4.785,4.782500000000001,8
tRNA+ plasmid genes,4.785,4.79,4.7875,9
tRNA+ plasmid genes,4.79,4.795,4.7925,1
tRNA+ plasmid genes,4.795,4.8,4.797499999999999,0
tRNA+ plasmid genes,4.8,4.805,4.8025,244
tRNA+ plasmid genes,4.805,4.8100000000000005,4.8075,9
tRNA+ plasmid genes,4.8100000000000005,4.815,4.8125,0
tRNA+ plasmid genes,4.815,4.82,4.817500000000001,17
tRNA+ plasmid genes,4.82,4.825,4.8225,27
tRNA+ plasmid genes,4.825,4.83,4.827500000000001,55
tRNA+ plasmid genes,4.83,4.835,4.8325,36
tRNA+ plasmid genes,4.835,4.84,4.8375,29
tRNA+ plasmid genes,4.84,4.845,4.842499999999999,0
tRNA+ plasmid genes,4.845,4.8500000000000005,4.8475,28
tRNA+ plasmid genes,4.8500000000000005,4.855,4.852500000000001,30
tRNA+ plasmid genes,4.855,4.86,4.8575,16
tRNA+ plasmid genes,4.86,4.865,4.862500000000001,28
tRNA+ plasmid genes,4.865,4.87,4.8675,9
tRNA+ plasmid genes,4.87,4.875,4.8725000000000005,8
tRNA+ plasmid genes,4.875,4.88,4.8774999999999995,93
tRNA+ plasmid genes,4.88,4.885,4.8825,24
tRNA+ plasmid genes,4.885,4.89,4.887499999999999,28
tRNA+ plasmid genes,4.89,4.8950000000000005,4.8925,4
tRNA+ plasmid genes,4.8950000000000005,4.9,4.897500000000001,9
tRNA+ plasmid genes,4.9,4.905,4.9025,1
tRNA+ plasmid genes,4.905,4.91,4.907500000000001,77
tRNA+ plasmid genes,4.91,4.915,4.9125,7
tRNA+ plasmid genes,4.915,4.92,4.9175,1
tRNA+ plasmid genes,4.92,4.925,4.922499999999999,15
tRNA+ plasmid genes,4.925,4.93,4.9275,44
tRNA+ plasmid genes,4.93,4.9350000000000005,4.9325,2
tRNA+ plasmid genes,4.9350000000000005,4.94,4.9375,8
tRNA+ plasmid genes,4.94,4.945,4.942500000000001,82
tRNA+ plasmid genes,4.945,4.95,4.9475,2
tRNA+ plasmid genes,4.95,4.955,4.952500000000001,7
tRNA+ plasmid genes,4.955,4.96,4.9575,35
tRNA+ plasmid genes,4.96,4.965,4.9625,36
tRNA+ plasmid genes,4.965,4.97,4.967499999999999,26
tRNA+ plasmid genes,4.97,4.9750000000000005,4.9725,3
tRNA+ plasmid genes,4.9750000000000005,4.98,4.977500000000001,13
tRNA+ plasmid genes,4.98,4.985,4.9825,34
tRNA+ plasmid genes,4.985,4.99,4.987500000000001,1
tRNA+ plasmid genes,4.99,4.995,4.9925,7
tRNA+ plasmid genes,4.995,5.0,4.9975000000000005,0
tRNA+ plasmid genes,5.0,5.005,5.0024999999999995,210
tRNA+ plasmid genes,5.005,5.01,5.0075,0
tRNA+ plasmid genes,5.01,5.015,5.012499999999999,1
tRNA+ plasmid genes,5.015,5.0200000000000005,5.0175,24
tRNA+ plasmid genes,5.0200000000000005,5.025,5.022500000000001,25
tRNA+ plasmid genes,5.025,5.03,5.0275,26
tRNA+ plasmid genes,5.03,5.035,5.032500000000001,19
tRNA+ plasmid genes,5.035,5.04,5.0375,8
tRNA+ plasmid genes,5.04,5.045,5.0425,28
tRNA+ plasmid genes,5.045,5.05,5.047499999999999,20
tRNA+ plasmid genes,5.05,5.055,5.0525,35
tRNA+ plasmid genes,5.055,5.0600000000000005,5.0575,9
tRNA+ plasmid genes,5.0600000000000005,5.065,5.0625,32
tRNA+ plasmid genes,5.065,5.07,5.067500000000001,10
tRNA+ plasmid genes,5.07,5.075,5.0725,1
tRNA+ plasmid genes,5.075,5.08,5.077500000000001,61
tRNA+ plasmid genes,5.08,5.085,5.0825,11
tRNA+ plasmid genes,5.085,5.09,5.0875,17
tRNA+ plasmid genes,5.09,5.095,5.092499999999999,28
tRNA+ plasmid genes,5.095,5.1000000000000005,5.0975,0
tRNA+ plasmid genes,5.1000000000000005,5.105,5.102500000000001,49
tRNA+ plasmid genes,5.105,5.11,5.1075,19
tRNA+ plasmid genes,5.11,5.115,5.112500000000001,10
tRNA+ plasmid genes,5.115,5.12,5.1175,18
tRNA+ plasmid genes,5.12,5.125,5.1225000000000005,10
tRNA+ plasmid genes,5.125,5.13,5.1274999999999995,1
tRNA+ plasmid genes,5.13,5.135,5.1325,0
tRNA+ plasmid genes,5.135,5.14,5.137499999999999,0
tRNA+ plasmid genes,5.14,5.1450000000000005,5.1425,118
tRNA+ plasmid genes,5.1450000000000005,5.15,5.147500000000001,0
tRNA+ plasmid genes,5.15,5.155,5.1525,0
tRNA+ plasmid genes,5.155,5.16,5.157500000000001,0
tRNA+ plasmid genes,5.16,5.165,5.1625,18
tRNA+ plasmid genes,5.165,5.17,5.1675,3
tRNA+ plasmid genes,5.17,5.175,5.172499999999999,28
tRNA+ plasmid genes,5.175,5.18,5.1775,6
tRNA+ plasmid genes,5.18,5.1850000000000005,5.1825,23
tRNA+ plasmid genes,5.1850000000000005,5.19,5.1875,19
tRNA+ plasmid genes,5.19,5.195,5.192500000000001,0
tRNA+ plasmid genes,5.195,5.2,5.1975,0
tRNA+ plasmid genes,5.2,5.205,5.202500000000001,47
tRNA+ plasmid genes,5.205,5.21,5.2075,2
tRNA+ plasmid genes,5.21,5.215,5.2125,17
tRNA+ plasmid genes,5.215,5.22,5.217499999999999,19
tRNA+ plasmid genes,5.22,5.2250000000000005,5.2225,1
tRNA+ plasmid genes,5.2250000000000005,5.23,5.227500000000001,19
tRNA+ plasmid genes,5.23,5.235,5.2325,19
tRNA+ plasmid genes,5.235,5.24,5.237500000000001,2
tRNA+ plasmid genes,5.24,5.245,5.2425,1
tRNA+ plasmid genes,5.245,5.25,5.2475000000000005,0
tRNA+ plasmid genes,5.25,5.255,5.2524999999999995,103
tRNA+ plasmid genes,5.255,5.26,5.2575,0
tRNA+ plasmid genes,5.26,5.265,5.262499999999999,2
tRNA+ plasmid genes,5.265,5.2700000000000005,5.2675,8
tRNA+ plasmid genes,5.2700000000000005,5.275,5.272500000000001,22
tRNA+ plasmid genes,5.275,5.28,5.2775,11
tRNA+ plasmid genes,5.28,5.285,5.282500000000001,2
tRNA+ plasmid genes,5.285,5.29,5.2875,10
tRNA+ plasmid genes,5.29,5.295,5.2925,83
tRNA+ plasmid genes,5.295,5.3,5.297499999999999,8
tRNA+ plasmid genes,5.3,5.305,5.3025,0
tRNA+ plasmid genes,5.305,5.3100000000000005,5.3075,26
tRNA+ plasmid genes,5.3100000000000005,5.315,5.3125,8
tRNA+ plasmid genes,5.315,5.32,5.317500000000001,9
tRNA+ plasmid genes,5.32,5.325,5.3225,7
tRNA+ plasmid genes,5.325,5.33,5.327500000000001,8
tRNA+ plasmid genes,5.33,5.335,5.3325,56
tRNA+ plasmid genes,5.335,5.34,5.3375,0
tRNA+ plasmid genes,5.34,5.345,5.342499999999999,0
tRNA+ plasmid genes,5.345,5.3500000000000005,5.3475,2
tRNA+ plasmid genes,5.3500000000000005,5.355,5.352500000000001,9
tRNA+ plasmid genes,5.355,5.36,5.3575,0
tRNA+ plasmid genes,5.36,5.365,5.362500000000001,8
tRNA+ plasmid genes,5.365,5.37,5.3675,28
tRNA+ plasmid genes,5.37,5.375,5.3725000000000005,0
tRNA+ plasmid genes,5.375,5.38,5.3774999999999995,17
tRNA+ plasmid genes,5.38,5.385,5.3825,10
tRNA+ plasmid genes,5.385,5.39,5.387499999999999,0
tRNA+ plasmid genes,5.39,5.3950000000000005,5.3925,1
tRNA+ plasmid genes,5.3950000000000005,5.4,5.397500000000001,0
tRNA+ plasmid genes,5.4,5.405,5.4025,53
tRNA+ plasmid genes,5.405,5.41,5.407500000000001,0
tRNA+ plasmid genes,5.41,5.415,5.4125,2
tRNA+ plasmid genes,5.415,5.42,5.4175,4
tRNA+ plasmid genes,5.42,5.425,5.422499999999999,0
tRNA+ plasmid genes,5.425,5.43,5.4275,31
tRNA+ plasmid genes,5.43,5.4350000000000005,5.4325,2
tRNA+ plasmid genes,5.4350000000000005,5.44,5.4375,0
tRNA+ plasmid genes,5.44,5.445,5.442500000000001,0
tRNA+ plasmid genes,5.445,5.45,5.4475,0
tRNA+ plasmid genes,5.45,5.455,5.452500000000001,4
tRNA+ plasmid genes,5.455,5.46,5.4575,0
tRNA+ plasmid genes,5.46,5.465,5.4625,1
tRNA+ plasmid genes,5.465,5.47,5.467499999999999,0
tRNA+ plasmid genes,5.47,5.4750000000000005,5.4725,0
tRNA+ plasmid genes,5.4750000000000005,5.48,5.477500000000001,0
tRNA+ plasmid genes,5.48,5.485,5.4825,0
tRNA+ plasmid genes,5.485,5.49,5.487500000000001,0
tRNA+ plasmid genes,5.49,5.495,5.4925,0
tRNA+ plasmid genes,5.495,5.5,5.4975000000000005,0
tRNA+ plasmid genes,5.5,5.505,5.5024999999999995,12
tRNA+ plasmid genes,5.505,5.51,5.5075,0
tRNA+ plasmid genes,5.51,5.515,5.512499999999999,0
tRNA+ plasmid genes,5.515,5.5200000000000005,5.5175,0
tRNA+ plasmid genes,5.5200000000000005,5.525,5.522500000000001,0
tRNA+ plasmid genes,5.525,5.53,5.5275,10
tRNA+ plasmid genes,5.53,5.535,5.532500000000001,0
tRNA+ plasmid genes,5.535,5.54,5.5375,9
tRNA+ plasmid genes,5.54,5.545,5.5425,0
tRNA+ plasmid genes,5.545,5.55,5.547499999999999,0
tRNA+ plasmid genes,5.55,5.555,5.5525,0
tRNA+ plasmid genes,5.555,5.5600000000000005,5.5575,10
tRNA+ plasmid genes,5.5600000000000005,5.565,5.5625,0
tRNA+ plasmid genes,5.565,5.57,5.567500000000001,0
tRNA+ plasmid genes,5.57,5.575,5.5725,17
tRNA+ plasmid genes,5.575,5.58,5.577500000000001,0
tRNA+ plasmid genes,5.58,5.585,5.5825,0
tRNA+ plasmid genes,5.585,5.59,5.5875,2
tRNA+ plasmid genes,5.59,5.595,5.592499999999999,2
tRNA+ plasmid genes,5.595,5.6000000000000005,5.5975,0
tRNA+ plasmid genes,5.6000000000000005,5.605,5.602500000000001,2
tRNA+ plasmid genes,5.605,5.61,5.6075,0
tRNA+ plasmid genes,5.61,5.615,5.612500000000001,8
tRNA+ plasmid genes,5.615,5.62,5.6175,0
tRNA+ plasmid genes,5.62,5.625,5.6225000000000005,0
tRNA+ plasmid genes,5.625,5.63,5.6274999999999995,0
tRNA+ plasmid genes,5.63,5.635,5.6325,0
tRNA+ plasmid genes,5.635,5.64,5.637499999999999,0
tRNA+ plasmid genes,5.64,5.6450000000000005,5.6425,0
tRNA+ plasmid genes,5.6450000000000005,5.65,5.647500000000001,0
tRNA+ plasmid genes,5.65,5.655,5.6525,0
tRNA+ plasmid genes,5.655,5.66,5.657500000000001,0
tRNA+ plasmid genes,5.66,5.665,5.6625,0
tRNA+ plasmid genes,5.665,5.67,5.6675,0
tRNA+ plasmid genes,5.67,5.675,5.672499999999999,0
tRNA+ plasmid genes,5.675,5.68,5.6775,0
tRNA+ plasmid genes,5.68,5.6850000000000005,5.6825,9
tRNA+ plasmid genes,5.6850000000000005,5.69,5.6875,0
tRNA+ plasmid genes,5.69,5.695,5.692500000000001,0
tRNA+ plasmid genes,5.695,5.7,5.6975,0
tRNA+ plasmid genes,5.7,5.705,5.702500000000001,0
tRNA+ plasmid genes,5.705,5.71,5.7075,0
tRNA+ plasmid genes,5.71,5.715,5.7125,9
tRNA+ plasmid genes,5.715,5.72,5.717499999999999,0
tRNA+ plasmid genes,5.72,5.7250000000000005,5.7225,0
tRNA+ plasmid genes,5.7250000000000005,5.73,5.727500000000001,0
tRNA+ plasmid genes,5.73,5.735,5.7325,0
tRNA+ plasmid genes,5.735,5.74,5.737500000000001,10
tRNA+ plasmid genes,5.74,5.745,5.7425,0
tRNA+ plasmid genes,5.745,5.75,5.7475000000000005,0
tRNA+ plasmid genes,5.75,5.755,5.7524999999999995,8
tRNA+ plasmid genes,5.755,5.76,5.7575,0
tRNA+ plasmid genes,5.76,5.765,5.762499999999999,0
tRNA+ plasmid genes,5.765,5.7700000000000005,5.7675,0
tRNA+ plasmid genes,5.7700000000000005,5.775,5.772500000000001,0
tRNA+ plasmid genes,5.775,5.78,5.7775,0
tRNA+ plasmid genes,5.78,5.785,5.782500000000001,0
tRNA+ plasmid genes,5.785,5.79,5.7875,0
tRNA+ plasmid genes,5.79,5.795,5.7925,0
tRNA+ plasmid genes,5.795,5.8,5.797499999999999,0
tRNA+ plasmid genes,5.8,5.805,5.8025,0
tRNA+ plasmid genes,5.805,5.8100000000000005,5.8075,0
tRNA+ plasmid genes,5.8100000000000005,5.815,5.8125,0
tRNA+ plasmid genes,5.815,5.82,5.817500000000001,0
tRNA+ plasmid genes,5.82,5.825,5.8225,0
tRNA+ plasmid genes,5.825,5.83,5.827500000000001,0
tRNA+ plasmid genes,5.83,5.835,5.8325,0
tRNA+ plasmid genes,5.835,5.84,5.8375,0
tRNA+ plasmid genes,5.84,5.845,5.842499999999999,0
tRNA+ plasmid genes,5.845,5.8500000000000005,5.8475,0
tRNA+ plasmid genes,5.8500000000000005,5.855,5.852500000000001,0
tRNA+ plasmid genes,5.855,5.86,5.8575,0
tRNA+ plasmid genes,5.86,5.865,5.862500000000001,0
tRNA+ plasmid genes,5.865,5.87,5.8675,0
tRNA+ plasmid genes,5.87,5.875,5.8725000000000005,0
tRNA+ plasmid genes,5.875,5.88,5.8774999999999995,0
tRNA+ plasmid genes,5.88,5.885,5.8825,0
tRNA+ plasmid genes,5.885,5.89,5.887499999999999,0
tRNA+ plasmid genes,5.89,5.8950000000000005,5.8925,0
tRNA+ plasmid genes,5.8950000000000005,5.9,5.897500000000001,0
tRNA+ plasmid genes,5.9,5.905,5.9025,0
tRNA+ plasmid genes,5.905,5.91,5.907500000000001,0
tRNA+ plasmid genes,5.91,5.915,5.9125,0
tRNA+ plasmid genes,5.915,5.92,5.9175,0
tRNA+ plasmid genes,5.92,5.925,5.922499999999999,0
tRNA+ plasmid genes,5.925,5.93,5.9275,0
tRNA+ plasmid genes,5.93,5.9350000000000005,5.9325,0
tRNA+ plasmid genes,5.9350000000000005,5.94,5.9375,0
tRNA+ plasmid genes,5.94,5.945,5.942500000000001,0
tRNA+ plasmid genes,5.945,5.95,5.9475,0
tRNA+ plasmid genes,5.95,5.955,5.952500000000001,0
tRNA+ plasmid genes,5.955,5.96,5.9575,0
tRNA+ plasmid genes,5.96,5.965,5.9625,0
tRNA+ plasmid genes,5.965,5.97,5.967499999999999,0
tRNA+ plasmid genes,5.97,5.9750000000000005,5.9725,0
tRNA+ plasmid genes,5.9750000000000005,5.98,5.977500000000001,0
tRNA+ plasmid genes,5.98,5.985,5.9825,0
tRNA+ plasmid genes,5.985,5.99,5.987500000000001,0
tRNA+ plasmid genes,5.99,5.995,5.9925,0
tRNA+ plasmid genes,5.995,6.0,5.9975000000000005,408
tRNA- plasmid genes,0.0,0.005,0.0025,54937
tRNA- plasmid genes,0.005,0.01,0.0075,0
tRNA- plasmid genes,0.01,0.015,0.0125,0
tRNA- plasmid genes,0.015,0.02,0.0175,2
tRNA- plasmid genes,0.02,0.025,0.0225,4
tRNA- plasmid genes,0.025,0.03,0.0275,3
tRNA- plasmid genes,0.03,0.035,0.0325,15
tRNA- plasmid genes,0.035,0.04,0.037500000000000006,17
tRNA- plasmid genes,0.04,0.045,0.042499999999999996,24
tRNA- plasmid genes,0.045,0.05,0.0475,38
tRNA- plasmid genes,0.05,0.055,0.052500000000000005,78
tRNA- plasmid genes,0.055,0.06,0.057499999999999996,55
tRNA- plasmid genes,0.06,0.065,0.0625,70
tRNA- plasmid genes,0.065,0.07,0.0675,117
tRNA- plasmid genes,0.07,0.075,0.07250000000000001,85
tRNA- plasmid genes,0.075,0.08,0.0775,96
tRNA- plasmid genes,0.08,0.085,0.0825,200
tRNA- plasmid genes,0.085,0.09,0.0875,110
tRNA- plasmid genes,0.09,0.095,0.0925,164
tRNA- plasmid genes,0.095,0.1,0.0975,165
tRNA- plasmid genes,0.1,0.105,0.10250000000000001,299
tRNA- plasmid genes,0.105,0.11,0.1075,224
tRNA- plasmid genes,0.11,0.115,0.1125,250
tRNA- plasmid genes,0.115,0.12,0.1175,207
tRNA- plasmid genes,0.12,0.125,0.1225,161
tRNA- plasmid genes,0.125,0.13,0.1275,438
tRNA- plasmid genes,0.13,0.135,0.1325,536
tRNA- plasmid genes,0.135,0.14,0.1375,260
tRNA- plasmid genes,0.14,0.145,0.14250000000000002,431
tRNA- plasmid genes,0.145,0.15,0.1475,253
tRNA- plasmid genes,0.15,0.155,0.1525,545
tRNA- plasmid genes,0.155,0.16,0.1575,153
tRNA- plasmid genes,0.16,0.165,0.1625,278
tRNA- plasmid genes,0.165,0.17,0.1675,804
tRNA- plasmid genes,0.17,0.17500000000000002,0.17250000000000001,311
tRNA- plasmid genes,0.17500000000000002,0.18,0.1775,235
tRNA- plasmid genes,0.18,0.185,0.1825,768
tRNA- plasmid genes,0.185,0.19,0.1875,310
tRNA- plasmid genes,0.19,0.195,0.1925,452
tRNA- plasmid genes,0.195,0.2,0.1975,67
tRNA- plasmid genes,0.2,0.20500000000000002,0.2025,1446
tRNA- plasmid genes,0.20500000000000002,0.21,0.20750000000000002,300
tRNA- plasmid genes,0.21,0.215,0.2125,812
tRNA- plasmid genes,0.215,0.22,0.2175,102
tRNA- plasmid genes,0.22,0.225,0.2225,1251
tRNA- plasmid genes,0.225,0.23,0.2275,152
tRNA- plasmid genes,0.23,0.23500000000000001,0.2325,415
tRNA- plasmid genes,0.23500000000000001,0.24,0.2375,397
tRNA- plasmid genes,0.24,0.245,0.2425,638
tRNA- plasmid genes,0.245,0.25,0.2475,32
tRNA- plasmid genes,0.25,0.255,0.2525,2555
tRNA- plasmid genes,0.255,0.26,0.2575,192
tRNA- plasmid genes,0.26,0.265,0.2625,592
tRNA- plasmid genes,0.265,0.27,0.2675,653
tRNA- plasmid genes,0.27,0.275,0.2725,793
tRNA- plasmid genes,0.275,0.28,0.2775,251
tRNA- plasmid genes,0.28,0.28500000000000003,0.28250000000000003,93
tRNA- plasmid genes,0.28500000000000003,0.29,0.2875,2406
tRNA- plasmid genes,0.29,0.295,0.2925,207
tRNA- plasmid genes,0.295,0.3,0.2975,253
tRNA- plasmid genes,0.3,0.305,0.3025,1149
tRNA- plasmid genes,0.305,0.31,0.3075,815
tRNA- plasmid genes,0.31,0.315,0.3125,138
tRNA- plasmid genes,0.315,0.32,0.3175,724
tRNA- plasmid genes,0.32,0.325,0.3225,376
tRNA- plasmid genes,0.325,0.33,0.3275,127
tRNA- plasmid genes,0.33,0.335,0.3325,5372
tRNA- plasmid genes,0.335,0.34,0.3375,136
tRNA- plasmid genes,0.34,0.34500000000000003,0.3425,379
tRNA- plasmid genes,0.34500000000000003,0.35000000000000003,0.34750000000000003,355
tRNA- plasmid genes,0.35000000000000003,0.355,0.35250000000000004,1067
tRNA- plasmid genes,0.355,0.36,0.3575,229
tRNA- plasmid genes,0.36,0.365,0.3625,1372
tRNA- plasmid genes,0.365,0.37,0.3675,202
tRNA- plasmid genes,0.37,0.375,0.3725,164
tRNA- plasmid genes,0.375,0.38,0.3775,1546
tRNA- plasmid genes,0.38,0.385,0.3825,548
tRNA- plasmid genes,0.385,0.39,0.3875,384
tRNA- plasmid genes,0.39,0.395,0.3925,277
tRNA- plasmid genes,0.395,0.4,0.3975,254
tRNA- plasmid genes,0.4,0.405,0.4025,4996
tRNA- plasmid genes,0.405,0.41000000000000003,0.40750000000000003,188
tRNA- plasmid genes,0.41000000000000003,0.41500000000000004,0.41250000000000003,459
tRNA- plasmid genes,0.41500000000000004,0.42,0.4175,370
tRNA- plasmid genes,0.42,0.425,0.4225,475
tRNA- plasmid genes,0.425,0.43,0.4275,2060
tRNA- plasmid genes,0.43,0.435,0.4325,312
tRNA- plasmid genes,0.435,0.44,0.4375,235
tRNA- plasmid genes,0.44,0.445,0.4425,2393
tRNA- plasmid genes,0.445,0.45,0.4475,144
tRNA- plasmid genes,0.45,0.455,0.4525,697
tRNA- plasmid genes,0.455,0.46,0.4575,230
tRNA- plasmid genes,0.46,0.465,0.4625,1917
tRNA- plasmid genes,0.465,0.47000000000000003,0.4675,421
tRNA- plasmid genes,0.47000000000000003,0.47500000000000003,0.47250000000000003,810
tRNA- plasmid genes,0.47500000000000003,0.48,0.47750000000000004,482
tRNA- plasmid genes,0.48,0.485,0.4825,898
tRNA- plasmid genes,0.485,0.49,0.4875,435
tRNA- plasmid genes,0.49,0.495,0.4925,202
tRNA- plasmid genes,0.495,0.5,0.4975,170
tRNA- plasmid genes,0.5,0.505,0.5025,11580
tRNA- plasmid genes,0.505,0.51,0.5075000000000001,362
tRNA- plasmid genes,0.51,0.515,0.5125,550
tRNA- plasmid genes,0.515,0.52,0.5175000000000001,434
tRNA- plasmid genes,0.52,0.525,0.5225,883
tRNA- plasmid genes,0.525,0.53,0.5275000000000001,584
tRNA- plasmid genes,0.53,0.535,0.5325,1225
tRNA- plasmid genes,0.535,0.54,0.5375000000000001,547
tRNA- plasmid genes,0.54,0.545,0.5425,446
tRNA- plasmid genes,0.545,0.55,0.5475000000000001,3068
tRNA- plasmid genes,0.55,0.555,0.5525,652
tRNA- plasmid genes,0.555,0.56,0.5575000000000001,1240
tRNA- plasmid genes,0.56,0.5650000000000001,0.5625,556
tRNA- plasmid genes,0.5650000000000001,0.5700000000000001,0.5675000000000001,317
tRNA- plasmid genes,0.5700000000000001,0.5750000000000001,0.5725,3785
tRNA- plasmid genes,0.5750000000000001,0.58,0.5775,362
tRNA- plasmid genes,0.58,0.585,0.5825,1131
tRNA- plasmid genes,0.585,0.59,0.5874999999999999,867
tRNA- plasmid genes,0.59,0.595,0.5925,544
tRNA- plasmid genes,0.595,0.6,0.5974999999999999,322
tRNA- plasmid genes,0.6,0.605,0.6025,5037
tRNA- plasmid genes,0.605,0.61,0.6074999999999999,512
tRNA- plasmid genes,0.61,0.615,0.6125,510
tRNA- plasmid genes,0.615,0.62,0.6174999999999999,1549
tRNA- plasmid genes,0.62,0.625,0.6225,581
tRNA- plasmid genes,0.625,0.63,0.6275,1419
tRNA- plasmid genes,0.63,0.635,0.6325000000000001,1290
tRNA- plasmid genes,0.635,0.64,0.6375,682
tRNA- plasmid genes,0.64,0.645,0.6425000000000001,1030
tRNA- plasmid genes,0.645,0.65,0.6475,712
tRNA- plasmid genes,0.65,0.655,0.6525000000000001,761
tRNA- plasmid genes,0.655,0.66,0.6575,425
tRNA- plasmid genes,0.66,0.665,0.6625000000000001,386
tRNA- plasmid genes,0.665,0.67,0.6675,13733
tRNA- plasmid genes,0.67,0.675,0.6725000000000001,581
tRNA- plasmid genes,0.675,0.68,0.6775,607
tRNA- plasmid genes,0.68,0.685,0.6825000000000001,951
tRNA- plasmid genes,0.685,0.6900000000000001,0.6875,895
tRNA- plasmid genes,0.6900000000000001,0.6950000000000001,0.6925000000000001,1085
tRNA- plasmid genes,0.6950000000000001,0.7000000000000001,0.6975,1565
tRNA- plasmid genes,0.7000000000000001,0.705,0.7025,885
tRNA- plasmid genes,0.705,0.71,0.7075,2081
tRNA- plasmid genes,0.71,0.715,0.7124999999999999,2227
tRNA- plasmid genes,0.715,0.72,0.7175,1005
tRNA- plasmid genes,0.72,0.725,0.7224999999999999,1286
tRNA- plasmid genes,0.725,0.73,0.7275,2277
tRNA- plasmid genes,0.73,0.735,0.7324999999999999,1305
tRNA- plasmid genes,0.735,0.74,0.7375,879
tRNA- plasmid genes,0.74,0.745,0.7424999999999999,967
tRNA- plasmid genes,0.745,0.75,0.7475,674
tRNA- plasmid genes,0.75,0.755,0.7525,7895
tRNA- plasmid genes,0.755,0.76,0.7575000000000001,658
tRNA- plasmid genes,0.76,0.765,0.7625,1259
tRNA- plasmid genes,0.765,0.77,0.7675000000000001,1519
tRNA- plasmid genes,0.77,0.775,0.7725,993
tRNA- plasmid genes,0.775,0.78,0.7775000000000001,1376
tRNA- plasmid genes,0.78,0.785,0.7825,1440
tRNA- plasmid genes,0.785,0.79,0.7875000000000001,1403
tRNA- plasmid genes,0.79,0.795,0.7925,1319
tRNA- plasmid genes,0.795,0.8,0.7975000000000001,1119
tRNA- plasmid genes,0.8,0.805,0.8025,8963
tRNA- plasmid genes,0.805,0.81,0.8075000000000001,1707
tRNA- plasmid genes,0.81,0.8150000000000001,0.8125,994
tRNA- plasmid genes,0.8150000000000001,0.8200000000000001,0.8175000000000001,2007
tRNA- plasmid genes,0.8200000000000001,0.8250000000000001,0.8225,1404
tRNA- plasmid genes,0.8250000000000001,0.8300000000000001,0.8275000000000001,1239
tRNA- plasmid genes,0.8300000000000001,0.835,0.8325,4614
tRNA- plasmid genes,0.835,0.84,0.8374999999999999,1230
tRNA- plasmid genes,0.84,0.845,0.8425,1575
tRNA- plasmid genes,0.845,0.85,0.8474999999999999,1391
tRNA- plasmid genes,0.85,0.855,0.8525,1706
tRNA- plasmid genes,0.855,0.86,0.8574999999999999,6855
tRNA- plasmid genes,0.86,0.865,0.8625,1128
tRNA- plasmid genes,0.865,0.87,0.8674999999999999,1605
tRNA- plasmid genes,0.87,0.875,0.8725,1268
tRNA- plasmid genes,0.875,0.88,0.8775,2341
tRNA- plasmid genes,0.88,0.885,0.8825000000000001,1526
tRNA- plasmid genes,0.885,0.89,0.8875,3547
tRNA- plasmid genes,0.89,0.895,0.8925000000000001,1297
tRNA- plasmid genes,0.895,0.9,0.8975,1394
tRNA- plasmid genes,0.9,0.905,0.9025000000000001,3177
tRNA- plasmid genes,0.905,0.91,0.9075,2334
tRNA- plasmid genes,0.91,0.915,0.9125000000000001,1144
tRNA- plasmid genes,0.915,0.92,0.9175,1930
tRNA- plasmid genes,0.92,0.925,0.9225000000000001,3243
tRNA- plasmid genes,0.925,0.93,0.9275,2181
tRNA- plasmid genes,0.93,0.935,0.9325000000000001,2636
tRNA- plasmid genes,0.935,0.9400000000000001,0.9375,1599
tRNA- plasmid genes,0.9400000000000001,0.9450000000000001,0.9425000000000001,1891
tRNA- plasmid genes,0.9450000000000001,0.9500000000000001,0.9475,2574
tRNA- plasmid genes,0.9500000000000001,0.9550000000000001,0.9525000000000001,2127
tRNA- plasmid genes,0.9550000000000001,0.96,0.9575,1428
tRNA- plasmid genes,0.96,0.965,0.9624999999999999,2453
tRNA- plasmid genes,0.965,0.97,0.9675,1750
tRNA- plasmid genes,0.97,0.975,0.9724999999999999,1791
tRNA- plasmid genes,0.975,0.98,0.9775,1865
tRNA- plasmid genes,0.98,0.985,0.9824999999999999,1711
tRNA- plasmid genes,0.985,0.99,0.9875,1224
tRNA- plasmid genes,0.99,0.995,0.9924999999999999,1384
tRNA- plasmid genes,0.995,1.0,0.9975,1175
tRNA- plasmid genes,1.0,1.0050000000000001,1.0025,26778
tRNA- plasmid genes,1.0050000000000001,1.01,1.0075,1343
tRNA- plasmid genes,1.01,1.0150000000000001,1.0125000000000002,1580
tRNA- plasmid genes,1.0150000000000001,1.02,1.0175,1932
tRNA- plasmid genes,1.02,1.025,1.0225,1776
tRNA- plasmid genes,1.025,1.03,1.0274999999999999,2292
tRNA- plasmid genes,1.03,1.035,1.0325,1905
tRNA- plasmid genes,1.035,1.04,1.0375,2043
tRNA- plasmid genes,1.04,1.045,1.0425,2447
tRNA- plasmid genes,1.045,1.05,1.0474999999999999,1835
tRNA- plasmid genes,1.05,1.055,1.0525,2194
tRNA- plasmid genes,1.055,1.06,1.0575,2732
tRNA- plasmid genes,1.06,1.065,1.0625,1839
tRNA- plasmid genes,1.065,1.07,1.0675,2823
tRNA- plasmid genes,1.07,1.075,1.0725,3465
tRNA- plasmid genes,1.075,1.08,1.0775000000000001,2029
tRNA- plasmid genes,1.08,1.085,1.0825,2587
tRNA- plasmid genes,1.085,1.09,1.0875,1611
tRNA- plasmid genes,1.09,1.095,1.0925,3927
tRNA- plasmid genes,1.095,1.1,1.0975000000000001,2144
tRNA- plasmid genes,1.1,1.105,1.1025,3072
tRNA- plasmid genes,1.105,1.11,1.1075,1999
tRNA- plasmid genes,1.11,1.115,1.1125,3346
tRNA- plasmid genes,1.115,1.12,1.1175000000000002,1973
tRNA- plasmid genes,1.12,1.125,1.1225,1764
tRNA- plasmid genes,1.125,1.1300000000000001,1.1275,3385
tRNA- plasmid genes,1.1300000000000001,1.135,1.1325,2090
tRNA- plasmid genes,1.135,1.1400000000000001,1.1375000000000002,1511
tRNA- plasmid genes,1.1400000000000001,1.145,1.1425,4322
tRNA- plasmid genes,1.145,1.1500000000000001,1.1475,2397
tRNA- plasmid genes,1.1500000000000001,1.155,1.1525,2376
tRNA- plasmid genes,1.155,1.16,1.1575,1842
tRNA- plasmid genes,1.16,1.165,1.1625,1715
tRNA- plasmid genes,1.165,1.17,1.1675,4065
tRNA- plasmid genes,1.17,1.175,1.1724999999999999,1816
tRNA- plasmid genes,1.175,1.18,1.1775,2274
tRNA- plasmid genes,1.18,1.185,1.1825,1670
tRNA- plasmid genes,1.185,1.19,1.1875,1877
tRNA- plasmid genes,1.19,1.195,1.1925,1833
tRNA- plasmid genes,1.195,1.2,1.1975,1317
tRNA- plasmid genes,1.2,1.205,1.2025000000000001,9106
tRNA- plasmid genes,1.205,1.21,1.2075,1588
tRNA- plasmid genes,1.21,1.215,1.2125,1897
tRNA- plasmid genes,1.215,1.22,1.2175,1510
tRNA- plasmid genes,1.22,1.225,1.2225000000000001,1951
tRNA- plasmid genes,1.225,1.23,1.2275,1749
tRNA- plasmid genes,1.23,1.235,1.2325,2188
tRNA- plasmid genes,1.235,1.24,1.2375,1743
tRNA- plasmid genes,1.24,1.245,1.2425000000000002,1788
tRNA- plasmid genes,1.245,1.25,1.2475,1167
tRNA- plasmid genes,1.25,1.2550000000000001,1.2525,4907
tRNA- plasmid genes,1.2550000000000001,1.26,1.2575,1685
tRNA- plasmid genes,1.26,1.2650000000000001,1.2625000000000002,2081
tRNA- plasmid genes,1.2650000000000001,1.27,1.2675,1954
tRNA- plasmid genes,1.27,1.2750000000000001,1.2725,2288
tRNA- plasmid genes,1.2750000000000001,1.28,1.2775,1423
tRNA- plasmid genes,1.28,1.285,1.2825,1363
tRNA- plasmid genes,1.285,1.29,1.2875,3255
tRNA- plasmid genes,1.29,1.295,1.2925,1603
tRNA- plasmid genes,1.295,1.3,1.2974999999999999,1448
tRNA- plasmid genes,1.3,1.305,1.3025,2206
tRNA- plasmid genes,1.305,1.31,1.3075,1475
tRNA- plasmid genes,1.31,1.315,1.3125,1617
tRNA- plasmid genes,1.315,1.32,1.3175,1305
tRNA- plasmid genes,1.32,1.325,1.3225,1232
tRNA- plasmid genes,1.325,1.33,1.3275000000000001,1275
tRNA- plasmid genes,1.33,1.335,1.3325,12224
tRNA- plasmid genes,1.335,1.34,1.3375,1200
tRNA- plasmid genes,1.34,1.345,1.3425,1271
tRNA- plasmid genes,1.345,1.35,1.3475000000000001,1097
tRNA- plasmid genes,1.35,1.355,1.3525,1761
tRNA- plasmid genes,1.355,1.36,1.3575,1649
tRNA- plasmid genes,1.36,1.365,1.3625,1866
tRNA- plasmid genes,1.365,1.37,1.3675000000000002,1324
tRNA- plasmid genes,1.37,1.375,1.3725,1315
tRNA- plasmid genes,1.375,1.3800000000000001,1.3775,1725
tRNA- plasmid genes,1.3800000000000001,1.385,1.3825,2239
tRNA- plasmid genes,1.385,1.3900000000000001,1.3875000000000002,1069
tRNA- plasmid genes,1.3900000000000001,1.395,1.3925,1177
tRNA- plasmid genes,1.395,1.4000000000000001,1.3975,2982
tRNA- plasmid genes,1.4000000000000001,1.405,1.4025,1031
tRNA- plasmid genes,1.405,1.41,1.4075,1024
tRNA- plasmid genes,1.41,1.415,1.4125,1632
tRNA- plasmid genes,1.415,1.42,1.4175,1902
tRNA- plasmid genes,1.42,1.425,1.4224999999999999,1116
tRNA- plasmid genes,1.425,1.43,1.4275,3404
tRNA- plasmid genes,1.43,1.435,1.4325,988
tRNA- plasmid genes,1.435,1.44,1.4375,909
tRNA- plasmid genes,1.44,1.445,1.4425,1704
tRNA- plasmid genes,1.445,1.45,1.4475,985
tRNA- plasmid genes,1.45,1.455,1.4525000000000001,1847
tRNA- plasmid genes,1.455,1.46,1.4575,1307
tRNA- plasmid genes,1.46,1.465,1.4625,1270
tRNA- plasmid genes,1.465,1.47,1.4675,1493
tRNA- plasmid genes,1.47,1.475,1.4725000000000001,974
tRNA- plasmid genes,1.475,1.48,1.4775,1085
tRNA- plasmid genes,1.48,1.485,1.4825,973
tRNA- plasmid genes,1.485,1.49,1.4875,932
tRNA- plasmid genes,1.49,1.495,1.4925000000000002,711
tRNA- plasmid genes,1.495,1.5,1.4975,603
tRNA- plasmid genes,1.5,1.5050000000000001,1.5025,12696
tRNA- plasmid genes,1.5050000000000001,1.51,1.5075,784
tRNA- plasmid genes,1.51,1.5150000000000001,1.5125000000000002,783
tRNA- plasmid genes,1.5150000000000001,1.52,1.5175,809
tRNA- plasmid genes,1.52,1.5250000000000001,1.5225,1373
tRNA- plasmid genes,1.5250000000000001,1.53,1.5275,858
tRNA- plasmid genes,1.53,1.5350000000000001,1.5325000000000002,1203
tRNA- plasmid genes,1.5350000000000001,1.54,1.5375,1123
tRNA- plasmid genes,1.54,1.545,1.5425,790
tRNA- plasmid genes,1.545,1.55,1.5474999999999999,881
tRNA- plasmid genes,1.55,1.555,1.5525,953
tRNA- plasmid genes,1.555,1.56,1.5575,1346
tRNA- plasmid genes,1.56,1.565,1.5625,743
tRNA- plasmid genes,1.565,1.57,1.5675,1163
tRNA- plasmid genes,1.57,1.575,1.5725,1119
tRNA- plasmid genes,1.575,1.58,1.5775000000000001,1152
tRNA- plasmid genes,1.58,1.585,1.5825,816
tRNA- plasmid genes,1.585,1.59,1.5875,667
tRNA- plasmid genes,1.59,1.595,1.5925,582
tRNA- plasmid genes,1.595,1.6,1.5975000000000001,573
tRNA- plasmid genes,1.6,1.605,1.6025,5040
tRNA- plasmid genes,1.605,1.61,1.6075,709
tRNA- plasmid genes,1.61,1.615,1.6125,685
tRNA- plasmid genes,1.615,1.62,1.6175000000000002,1019
tRNA- plasmid genes,1.62,1.625,1.6225,448
tRNA- plasmid genes,1.625,1.6300000000000001,1.6275,1097
tRNA- plasmid genes,1.6300000000000001,1.635,1.6325,600
tRNA- plasmid genes,1.635,1.6400000000000001,1.6375000000000002,1708
tRNA- plasmid genes,1.6400000000000001,1.645,1.6425,649
tRNA- plasmid genes,1.645,1.6500000000000001,1.6475,663
tRNA- plasmid genes,1.6500000000000001,1.655,1.6525,575
tRNA- plasmid genes,1.655,1.6600000000000001,1.6575000000000002,543
tRNA- plasmid genes,1.6600000000000001,1.665,1.6625,357
tRNA- plasmid genes,1.665,1.67,1.6675,3400
tRNA- plasmid genes,1.67,1.675,1.6724999999999999,462
tRNA- plasmid genes,1.675,1.68,1.6775,468
tRNA- plasmid genes,1.68,1.685,1.6825,718
tRNA- plasmid genes,1.685,1.69,1.6875,476
tRNA- plasmid genes,1.69,1.695,1.6925,613
tRNA- plasmid genes,1.695,1.7,1.6975,370
tRNA- plasmid genes,1.7,1.705,1.7025000000000001,966
tRNA- plasmid genes,1.705,1.71,1.7075,342
tRNA- plasmid genes,1.71,1.715,1.7125,3078
tRNA- plasmid genes,1.715,1.72,1.7175,314
tRNA- plasmid genes,1.72,1.725,1.7225000000000001,451
tRNA- plasmid genes,1.725,1.73,1.7275,432
tRNA- plasmid genes,1.73,1.735,1.7325,588
tRNA- plasmid genes,1.735,1.74,1.7375,458
tRNA- plasmid genes,1.74,1.745,1.7425000000000002,375
tRNA- plasmid genes,1.745,1.75,1.7475,306
tRNA- plasmid genes,1.75,1.7550000000000001,1.7525,1902
tRNA- plasmid genes,1.7550000000000001,1.76,1.7575,351
tRNA- plasmid genes,1.76,1.7650000000000001,1.7625000000000002,755
tRNA- plasmid genes,1.7650000000000001,1.77,1.7675,616
tRNA- plasmid genes,1.77,1.7750000000000001,1.7725,373
tRNA- plasmid genes,1.7750000000000001,1.78,1.7775,1075
tRNA- plasmid genes,1.78,1.7850000000000001,1.7825000000000002,295
tRNA- plasmid genes,1.7850000000000001,1.79,1.7875,586
tRNA- plasmid genes,1.79,1.795,1.7925,418
tRNA- plasmid genes,1.795,1.8,1.7974999999999999,273
tRNA- plasmid genes,1.8,1.805,1.8025,1982
tRNA- plasmid genes,1.805,1.81,1.8075,386
tRNA- plasmid genes,1.81,1.815,1.8125,287
tRNA- plasmid genes,1.815,1.82,1.8175,560
tRNA- plasmid genes,1.82,1.825,1.8225,238
tRNA- plasmid genes,1.825,1.83,1.8275000000000001,407
tRNA- plasmid genes,1.83,1.835,1.8325,1084
tRNA- plasmid genes,1.835,1.84,1.8375,166
tRNA- plasmid genes,1.84,1.845,1.8425,281
tRNA- plasmid genes,1.845,1.85,1.8475000000000001,812
tRNA- plasmid genes,1.85,1.855,1.8525,252
tRNA- plasmid genes,1.855,1.86,1.8575,616
tRNA- plasmid genes,1.86,1.865,1.8625,343
tRNA- plasmid genes,1.865,1.87,1.8675000000000002,623
tRNA- plasmid genes,1.87,1.875,1.8725,168
tRNA- plasmid genes,1.875,1.8800000000000001,1.8775,666
tRNA- plasmid genes,1.8800000000000001,1.885,1.8825,263
tRNA- plasmid genes,1.885,1.8900000000000001,1.8875000000000002,391
tRNA- plasmid genes,1.8900000000000001,1.895,1.8925,537
tRNA- plasmid genes,1.895,1.9000000000000001,1.8975,474
tRNA- plasmid genes,1.9000000000000001,1.905,1.9025,253
tRNA- plasmid genes,1.905,1.9100000000000001,1.9075000000000002,336
tRNA- plasmid genes,1.9100000000000001,1.915,1.9125,208
tRNA- plasmid genes,1.915,1.92,1.9175,187
tRNA- plasmid genes,1.92,1.925,1.9224999999999999,254
tRNA- plasmid genes,1.925,1.93,1.9275,351
tRNA- plasmid genes,1.93,1.935,1.9325,408
tRNA- plasmid genes,1.935,1.94,1.9375,183
tRNA- plasmid genes,1.94,1.945,1.9425,213
tRNA- plasmid genes,1.945,1.95,1.9475,153
tRNA- plasmid genes,1.95,1.955,1.9525000000000001,271
tRNA- plasmid genes,1.955,1.96,1.9575,176
tRNA- plasmid genes,1.96,1.965,1.9625,184
tRNA- plasmid genes,1.965,1.97,1.9675,183
tRNA- plasmid genes,1.97,1.975,1.9725000000000001,118
tRNA- plasmid genes,1.975,1.98,1.9775,137
tRNA- plasmid genes,1.98,1.985,1.9825,109
tRNA- plasmid genes,1.985,1.99,1.9875,99
tRNA- plasmid genes,1.99,1.995,1.9925000000000002,82
tRNA- plasmid genes,1.995,2.0,1.9975,74
tRNA- plasmid genes,2.0,2.005,2.0025,16396
tRNA- plasmid genes,2.005,2.0100000000000002,2.0075000000000003,86
tRNA- plasmid genes,2.0100000000000002,2.015,2.0125,78
tRNA- plasmid genes,2.015,2.02,2.0175,89
tRNA- plasmid genes,2.02,2.025,2.0225,78
tRNA- plasmid genes,2.025,2.0300000000000002,2.0275,98
tRNA- plasmid genes,2.0300000000000002,2.035,2.0325,119
tRNA- plasmid genes,2.035,2.04,2.0375,127
tRNA- plasmid genes,2.04,2.045,2.0425,150
tRNA- plasmid genes,2.045,2.05,2.0475,159
tRNA- plasmid genes,2.05,2.055,2.0525,137
tRNA- plasmid genes,2.055,2.06,2.0575,198
tRNA- plasmid genes,2.06,2.065,2.0625,138
tRNA- plasmid genes,2.065,2.07,2.0675,138
tRNA- plasmid genes,2.07,2.075,2.0725,113
tRNA- plasmid genes,2.075,2.08,2.0775,126
tRNA- plasmid genes,2.08,2.085,2.0825,125
tRNA- plasmid genes,2.085,2.09,2.0875,175
tRNA- plasmid genes,2.09,2.095,2.0925000000000002,89
tRNA- plasmid genes,2.095,2.1,2.0975,70
tRNA- plasmid genes,2.1,2.105,2.1025,397
tRNA- plasmid genes,2.105,2.11,2.1075,95
tRNA- plasmid genes,2.11,2.115,2.1125,132
tRNA- plasmid genes,2.115,2.12,2.1175,325
tRNA- plasmid genes,2.12,2.125,2.1225,56
tRNA- plasmid genes,2.125,2.13,2.1275,167
tRNA- plasmid genes,2.13,2.1350000000000002,2.1325000000000003,189
tRNA- plasmid genes,2.1350000000000002,2.14,2.1375,46
tRNA- plasmid genes,2.14,2.145,2.1425,332
tRNA- plasmid genes,2.145,2.15,2.1475,35
tRNA- plasmid genes,2.15,2.1550000000000002,2.1525,147
tRNA- plasmid genes,2.1550000000000002,2.16,2.1575,44
tRNA- plasmid genes,2.16,2.165,2.1625,96
tRNA- plasmid genes,2.165,2.17,2.1675,376
tRNA- plasmid genes,2.17,2.1750000000000003,2.1725000000000003,53
tRNA- plasmid genes,2.1750000000000003,2.18,2.1775,66
tRNA- plasmid genes,2.18,2.185,2.1825,445
tRNA- plasmid genes,2.185,2.19,2.1875,33
tRNA- plasmid genes,2.19,2.195,2.1925,65
tRNA- plasmid genes,2.195,2.2,2.1975,32
tRNA- plasmid genes,2.2,2.205,2.2025,385
tRNA- plasmid genes,2.205,2.21,2.2075,52
tRNA- plasmid genes,2.21,2.215,2.2125,245
tRNA- plasmid genes,2.215,2.22,2.2175000000000002,42
tRNA- plasmid genes,2.22,2.225,2.2225,254
tRNA- plasmid genes,2.225,2.23,2.2275,56
tRNA- plasmid genes,2.23,2.235,2.2325,39
tRNA- plasmid genes,2.235,2.24,2.2375,50
tRNA- plasmid genes,2.24,2.245,2.2425,47
tRNA- plasmid genes,2.245,2.25,2.2475,9
tRNA- plasmid genes,2.25,2.255,2.2525,983
tRNA- plasmid genes,2.255,2.2600000000000002,2.2575000000000003,31
tRNA- plasmid genes,2.2600000000000002,2.265,2.2625,40
tRNA- plasmid genes,2.265,2.27,2.2675,68
tRNA- plasmid genes,2.27,2.275,2.2725,43
tRNA- plasmid genes,2.275,2.2800000000000002,2.2775,106
tRNA- plasmid genes,2.2800000000000002,2.285,2.2825,13
tRNA- plasmid genes,2.285,2.29,2.2875,535
tRNA- plasmid genes,2.29,2.295,2.2925,44
tRNA- plasmid genes,2.295,2.3000000000000003,2.2975000000000003,128
tRNA- plasmid genes,2.3000000000000003,2.305,2.3025,27
tRNA- plasmid genes,2.305,2.31,2.3075,317
tRNA- plasmid genes,2.31,2.315,2.3125,25
tRNA- plasmid genes,2.315,2.32,2.3175,55
tRNA- plasmid genes,2.32,2.325,2.3225,49
tRNA- plasmid genes,2.325,2.33,2.3275,32
tRNA- plasmid genes,2.33,2.335,2.3325,619
tRNA- plasmid genes,2.335,2.34,2.3375,15
tRNA- plasmid genes,2.34,2.345,2.3425000000000002,40
tRNA- plasmid genes,2.345,2.35,2.3475,71
tRNA- plasmid genes,2.35,2.355,2.3525,43
tRNA- plasmid genes,2.355,2.36,2.3575,74
tRNA- plasmid genes,2.36,2.365,2.3625,52
tRNA- plasmid genes,2.365,2.37,2.3675,37
tRNA- plasmid genes,2.37,2.375,2.3725,19
tRNA- plasmid genes,2.375,2.38,2.3775,48
tRNA- plasmid genes,2.38,2.3850000000000002,2.3825000000000003,45
tRNA- plasmid genes,2.3850000000000002,2.39,2.3875,31
tRNA- plasmid genes,2.39,2.395,2.3925,11
tRNA- plasmid genes,2.395,2.4,2.3975,13
tRNA- plasmid genes,2.4,2.4050000000000002,2.4025,1634
tRNA- plasmid genes,2.4050000000000002,2.41,2.4075,11
tRNA- plasmid genes,2.41,2.415,2.4125,8
tRNA- plasmid genes,2.415,2.42,2.4175,31
tRNA- plasmid genes,2.42,2.4250000000000003,2.4225000000000003,23
tRNA- plasmid genes,2.4250000000000003,2.43,2.4275,66
tRNA- plasmid genes,2.43,2.435,2.4325,40
tRNA- plasmid genes,2.435,2.44,2.4375,39
tRNA- plasmid genes,2.44,2.445,2.4425,111
tRNA- plasmid genes,2.445,2.45,2.4475,13
tRNA- plasmid genes,2.45,2.455,2.4525,76
tRNA- plasmid genes,2.455,2.46,2.4575,4
tRNA- plasmid genes,2.46,2.465,2.4625,67
tRNA- plasmid genes,2.465,2.47,2.4675000000000002,53
tRNA- plasmid genes,2.47,2.475,2.4725,167
tRNA- plasmid genes,2.475,2.48,2.4775,29
tRNA- plasmid genes,2.48,2.485,2.4825,50
tRNA- plasmid genes,2.485,2.49,2.4875,25
tRNA- plasmid genes,2.49,2.495,2.4925,10
tRNA- plasmid genes,2.495,2.5,2.4975,11
tRNA- plasmid genes,2.5,2.505,2.5025,1154
tRNA- plasmid genes,2.505,2.5100000000000002,2.5075000000000003,7
tRNA- plasmid genes,2.5100000000000002,2.515,2.5125,17
tRNA- plasmid genes,2.515,2.52,2.5175,26
tRNA- plasmid genes,2.52,2.525,2.5225,14
tRNA- plasmid genes,2.525,2.5300000000000002,2.5275,95
tRNA- plasmid genes,2.5300000000000002,2.535,2.5325,35
tRNA- plasmid genes,2.535,2.54,2.5375,60
tRNA- plasmid genes,2.54,2.545,2.5425,11
tRNA- plasmid genes,2.545,2.5500000000000003,2.5475000000000003,60
tRNA- plasmid genes,2.5500000000000003,2.555,2.5525,21
tRNA- plasmid genes,2.555,2.56,2.5575,13
tRNA- plasmid genes,2.56,2.565,2.5625,13
tRNA- plasmid genes,2.565,2.57,2.5675,15
tRNA- plasmid genes,2.57,2.575,2.5725,687
tRNA- plasmid genes,2.575,2.58,2.5775,8
tRNA- plasmid genes,2.58,2.585,2.5825,28
tRNA- plasmid genes,2.585,2.59,2.5875,38
tRNA- plasmid genes,2.59,2.595,2.5925000000000002,26
tRNA- plasmid genes,2.595,2.6,2.5975,5
tRNA- plasmid genes,2.6,2.605,2.6025,85
tRNA- plasmid genes,2.605,2.61,2.6075,47
tRNA- plasmid genes,2.61,2.615,2.6125,24
tRNA- plasmid genes,2.615,2.62,2.6175,42
tRNA- plasmid genes,2.62,2.625,2.6225,8
tRNA- plasmid genes,2.625,2.63,2.6275,103
tRNA- plasmid genes,2.63,2.6350000000000002,2.6325000000000003,26
tRNA- plasmid genes,2.6350000000000002,2.64,2.6375,10
tRNA- plasmid genes,2.64,2.645,2.6425,31
tRNA- plasmid genes,2.645,2.65,2.6475,24
tRNA- plasmid genes,2.65,2.6550000000000002,2.6525,15
tRNA- plasmid genes,2.6550000000000002,2.66,2.6575,7
tRNA- plasmid genes,2.66,2.665,2.6625,1
tRNA- plasmid genes,2.665,2.67,2.6675,1263
tRNA- plasmid genes,2.67,2.6750000000000003,2.6725000000000003,2
tRNA- plasmid genes,2.6750000000000003,2.68,2.6775,5
tRNA- plasmid genes,2.68,2.685,2.6825,16
tRNA- plasmid genes,2.685,2.69,2.6875,27
tRNA- plasmid genes,2.69,2.695,2.6925,9
tRNA- plasmid genes,2.695,2.7,2.6975,9
tRNA- plasmid genes,2.7,2.705,2.7025,80
tRNA- plasmid genes,2.705,2.71,2.7075,24
tRNA- plasmid genes,2.71,2.715,2.7125,36
tRNA- plasmid genes,2.715,2.72,2.7175000000000002,11
tRNA- plasmid genes,2.72,2.725,2.7225,15
tRNA- plasmid genes,2.725,2.73,2.7275,224
tRNA- plasmid genes,2.73,2.735,2.7325,8
tRNA- plasmid genes,2.735,2.74,2.7375,18
tRNA- plasmid genes,2.74,2.745,2.7425,32
tRNA- plasmid genes,2.745,2.75,2.7475,5
tRNA- plasmid genes,2.75,2.755,2.7525,110
tRNA- plasmid genes,2.755,2.7600000000000002,2.7575000000000003,14
tRNA- plasmid genes,2.7600000000000002,2.765,2.7625,5
tRNA- plasmid genes,2.765,2.77,2.7675,147
tRNA- plasmid genes,2.77,2.775,2.7725,1
tRNA- plasmid genes,2.775,2.7800000000000002,2.7775,20
tRNA- plasmid genes,2.7800000000000002,2.785,2.7825,11
tRNA- plasmid genes,2.785,2.79,2.7875,28
tRNA- plasmid genes,2.79,2.795,2.7925,8
tRNA- plasmid genes,2.795,2.8000000000000003,2.7975000000000003,82
tRNA- plasmid genes,2.8000000000000003,2.805,2.8025,103
tRNA- plasmid genes,2.805,2.81,2.8075,6
tRNA- plasmid genes,2.81,2.815,2.8125,31
tRNA- plasmid genes,2.815,2.82,2.8175,7
tRNA- plasmid genes,2.82,2.825,2.8225,72
tRNA- plasmid genes,2.825,2.83,2.8275,3
tRNA- plasmid genes,2.83,2.835,2.8325,35
tRNA- plasmid genes,2.835,2.84,2.8375,10
tRNA- plasmid genes,2.84,2.845,2.8425000000000002,47
tRNA- plasmid genes,2.845,2.85,2.8475,2
tRNA- plasmid genes,2.85,2.855,2.8525,9
tRNA- plasmid genes,2.855,2.86,2.8575,149
tRNA- plasmid genes,2.86,2.865,2.8625,5
tRNA- plasmid genes,2.865,2.87,2.8675,36
tRNA- plasmid genes,2.87,2.875,2.8725,1
tRNA- plasmid genes,2.875,2.88,2.8775,15
tRNA- plasmid genes,2.88,2.8850000000000002,2.8825000000000003,22
tRNA- plasmid genes,2.8850000000000002,2.89,2.8875,27
tRNA- plasmid genes,2.89,2.895,2.8925,14
tRNA- plasmid genes,2.895,2.9,2.8975,16
tRNA- plasmid genes,2.9,2.9050000000000002,2.9025,22
tRNA- plasmid genes,2.9050000000000002,2.91,2.9075,32
tRNA- plasmid genes,2.91,2.915,2.9125,18
tRNA- plasmid genes,2.915,2.92,2.9175,13
tRNA- plasmid genes,2.92,2.9250000000000003,2.9225000000000003,8
tRNA- plasmid genes,2.9250000000000003,2.93,2.9275,11
tRNA- plasmid genes,2.93,2.935,2.9325,19
tRNA- plasmid genes,2.935,2.94,2.9375,3
tRNA- plasmid genes,2.94,2.945,2.9425,1
tRNA- plasmid genes,2.945,2.95,2.9475,15
tRNA- plasmid genes,2.95,2.955,2.9525,5
tRNA- plasmid genes,2.955,2.96,2.9575,10
tRNA- plasmid genes,2.96,2.965,2.9625,5
tRNA- plasmid genes,2.965,2.97,2.9675000000000002,1
tRNA- plasmid genes,2.97,2.975,2.9725,3
tRNA- plasmid genes,2.975,2.98,2.9775,4
tRNA- plasmid genes,2.98,2.985,2.9825,2
tRNA- plasmid genes,2.985,2.99,2.9875,3
tRNA- plasmid genes,2.99,2.995,2.9925,0
tRNA- plasmid genes,2.995,3.0,2.9975,0
tRNA- plasmid genes,3.0,3.005,3.0025,2849
tRNA- plasmid genes,3.005,3.0100000000000002,3.0075000000000003,0
tRNA- plasmid genes,3.0100000000000002,3.015,3.0125,1
tRNA- plasmid genes,3.015,3.02,3.0175,2
tRNA- plasmid genes,3.02,3.025,3.0225,8
tRNA- plasmid genes,3.025,3.0300000000000002,3.0275,2
tRNA- plasmid genes,3.0300000000000002,3.035,3.0325,4
tRNA- plasmid genes,3.035,3.04,3.0375,1
tRNA- plasmid genes,3.04,3.045,3.0425,5
tRNA- plasmid genes,3.045,3.0500000000000003,3.0475000000000003,5
tRNA- plasmid genes,3.0500000000000003,3.055,3.0525,10
tRNA- plasmid genes,3.055,3.06,3.0575,7
tRNA- plasmid genes,3.06,3.065,3.0625,5
tRNA- plasmid genes,3.065,3.0700000000000003,3.0675,10
tRNA- plasmid genes,3.0700000000000003,3.075,3.0725000000000002,3
tRNA- plasmid genes,3.075,3.08,3.0775,14
tRNA- plasmid genes,3.08,3.085,3.0825,7
tRNA- plasmid genes,3.085,3.09,3.0875,4
tRNA- plasmid genes,3.09,3.095,3.0925000000000002,7
tRNA- plasmid genes,3.095,3.1,3.0975,7
tRNA- plasmid genes,3.1,3.105,3.1025,12
tRNA- plasmid genes,3.105,3.11,3.1075,8
tRNA- plasmid genes,3.11,3.115,3.1125,31
tRNA- plasmid genes,3.115,3.12,3.1175,4
tRNA- plasmid genes,3.12,3.125,3.1225,15
tRNA- plasmid genes,3.125,3.13,3.1275,7
tRNA- plasmid genes,3.13,3.1350000000000002,3.1325000000000003,18
tRNA- plasmid genes,3.1350000000000002,3.14,3.1375,6
tRNA- plasmid genes,3.14,3.145,3.1425,36
tRNA- plasmid genes,3.145,3.15,3.1475,0
tRNA- plasmid genes,3.15,3.1550000000000002,3.1525,7
tRNA- plasmid genes,3.1550000000000002,3.16,3.1575,44
tRNA- plasmid genes,3.16,3.165,3.1625,0
tRNA- plasmid genes,3.165,3.17,3.1675,9
tRNA- plasmid genes,3.17,3.1750000000000003,3.1725000000000003,5
tRNA- plasmid genes,3.1750000000000003,3.18,3.1775,36
tRNA- plasmid genes,3.18,3.185,3.1825,0
tRNA- plasmid genes,3.185,3.19,3.1875,4
tRNA- plasmid genes,3.19,3.1950000000000003,3.1925,0
tRNA- plasmid genes,3.1950000000000003,3.2,3.1975000000000002,1
tRNA- plasmid genes,3.2,3.205,3.2025,123
tRNA- plasmid genes,3.205,3.21,3.2075,3
tRNA- plasmid genes,3.21,3.215,3.2125,5
tRNA- plasmid genes,3.215,3.22,3.2175000000000002,8
tRNA- plasmid genes,3.22,3.225,3.2225,4
tRNA- plasmid genes,3.225,3.23,3.2275,1
tRNA- plasmid genes,3.23,3.235,3.2325,77
tRNA- plasmid genes,3.235,3.24,3.2375,0
tRNA- plasmid genes,3.24,3.245,3.2425,11
tRNA- plasmid genes,3.245,3.25,3.2475,0
tRNA- plasmid genes,3.25,3.255,3.2525,35
tRNA- plasmid genes,3.255,3.2600000000000002,3.2575000000000003,7
tRNA- plasmid genes,3.2600000000000002,3.265,3.2625,11
tRNA- plasmid genes,3.265,3.27,3.2675,1
tRNA- plasmid genes,3.27,3.275,3.2725,76
tRNA- plasmid genes,3.275,3.2800000000000002,3.2775,1
tRNA- plasmid genes,3.2800000000000002,3.285,3.2825,1
tRNA- plasmid genes,3.285,3.29,3.2875,8
tRNA- plasmid genes,3.29,3.295,3.2925,7
tRNA- plasmid genes,3.295,3.3000000000000003,3.2975000000000003,5
tRNA- plasmid genes,3.3000000000000003,3.305,3.3025,22
tRNA- plasmid genes,3.305,3.31,3.3075,2
tRNA- plasmid genes,3.31,3.315,3.3125,5
tRNA- plasmid genes,3.315,3.3200000000000003,3.3175,2
tRNA- plasmid genes,3.3200000000000003,3.325,3.3225000000000002,0
tRNA- plasmid genes,3.325,3.33,3.3275,0
tRNA- plasmid genes,3.33,3.335,3.3325,166
tRNA- plasmid genes,3.335,3.34,3.3375,0
tRNA- plasmid genes,3.34,3.345,3.3425000000000002,3
tRNA- plasmid genes,3.345,3.35,3.3475,6
tRNA- plasmid genes,3.35,3.355,3.3525,5
tRNA- plasmid genes,3.355,3.36,3.3575,2
tRNA- plasmid genes,3.36,3.365,3.3625,10
tRNA- plasmid genes,3.365,3.37,3.3675,4
tRNA- plasmid genes,3.37,3.375,3.3725,0
tRNA- plasmid genes,3.375,3.38,3.3775,25
tRNA- plasmid genes,3.38,3.3850000000000002,3.3825000000000003,10
tRNA- plasmid genes,3.3850000000000002,3.39,3.3875,1
tRNA- plasmid genes,3.39,3.395,3.3925,10
tRNA- plasmid genes,3.395,3.4,3.3975,0
tRNA- plasmid genes,3.4,3.4050000000000002,3.4025,34
tRNA- plasmid genes,3.4050000000000002,3.41,3.4075,1
tRNA- plasmid genes,3.41,3.415,3.4125,2
tRNA- plasmid genes,3.415,3.42,3.4175,0
tRNA- plasmid genes,3.42,3.4250000000000003,3.4225000000000003,0
tRNA- plasmid genes,3.4250000000000003,3.43,3.4275,220
tRNA- plasmid genes,3.43,3.435,3.4325,1
tRNA- plasmid genes,3.435,3.44,3.4375,0
tRNA- plasmid genes,3.44,3.4450000000000003,3.4425,7
tRNA- plasmid genes,3.4450000000000003,3.45,3.4475000000000002,2
tRNA- plasmid genes,3.45,3.455,3.4525,8
tRNA- plasmid genes,3.455,3.46,3.4575,0
tRNA- plasmid genes,3.46,3.465,3.4625,5
tRNA- plasmid genes,3.465,3.47,3.4675000000000002,7
tRNA- plasmid genes,3.47,3.475,3.4725,7
tRNA- plasmid genes,3.475,3.48,3.4775,8
tRNA- plasmid genes,3.48,3.485,3.4825,2
tRNA- plasmid genes,3.485,3.49,3.4875,2
tRNA- plasmid genes,3.49,3.495,3.4925,2
tRNA- plasmid genes,3.495,3.5,3.4975,0
tRNA- plasmid genes,3.5,3.505,3.5025,129
tRNA- plasmid genes,3.505,3.5100000000000002,3.5075000000000003,2
tRNA- plasmid genes,3.5100000000000002,3.515,3.5125,1
tRNA- plasmid genes,3.515,3.52,3.5175,4
tRNA- plasmid genes,3.52,3.525,3.5225,1
tRNA- plasmid genes,3.525,3.5300000000000002,3.5275,37
tRNA- plasmid genes,3.5300000000000002,3.535,3.5325,0
tRNA- plasmid genes,3.535,3.54,3.5375,1
tRNA- plasmid genes,3.54,3.545,3.5425,1
tRNA- plasmid genes,3.545,3.5500000000000003,3.5475000000000003,8
tRNA- plasmid genes,3.5500000000000003,3.555,3.5525,1
tRNA- plasmid genes,3.555,3.56,3.5575,16
tRNA- plasmid genes,3.56,3.565,3.5625,3
tRNA- plasmid genes,3.565,3.5700000000000003,3.5675,3
tRNA- plasmid genes,3.5700000000000003,3.575,3.5725000000000002,9
tRNA- plasmid genes,3.575,3.58,3.5775,4
tRNA- plasmid genes,3.58,3.585,3.5825,0
tRNA- plasmid genes,3.585,3.59,3.5875,1
tRNA- plasmid genes,3.59,3.595,3.5925000000000002,1
tRNA- plasmid genes,3.595,3.6,3.5975,0
tRNA- plasmid genes,3.6,3.605,3.6025,299
tRNA- plasmid genes,3.605,3.61,3.6075,7
tRNA- plasmid genes,3.61,3.615,3.6125,9
tRNA- plasmid genes,3.615,3.62,3.6175,7
tRNA- plasmid genes,3.62,3.625,3.6225,0
tRNA- plasmid genes,3.625,3.63,3.6275,3
tRNA- plasmid genes,3.63,3.6350000000000002,3.6325000000000003,0
tRNA- plasmid genes,3.6350000000000002,3.64,3.6375,9
tRNA- plasmid genes,3.64,3.645,3.6425,4
tRNA- plasmid genes,3.645,3.65,3.6475,1
tRNA- plasmid genes,3.65,3.6550000000000002,3.6525,2
tRNA- plasmid genes,3.6550000000000002,3.66,3.6575,1
tRNA- plasmid genes,3.66,3.665,3.6625,0
tRNA- plasmid genes,3.665,3.67,3.6675,34
tRNA- plasmid genes,3.67,3.6750000000000003,3.6725000000000003,1
tRNA- plasmid genes,3.6750000000000003,3.68,3.6775,4
tRNA- plasmid genes,3.68,3.685,3.6825,0
tRNA- plasmid genes,3.685,3.69,3.6875,0
tRNA- plasmid genes,3.69,3.6950000000000003,3.6925,19
tRNA- plasmid genes,3.6950000000000003,3.7,3.6975000000000002,0
tRNA- plasmid genes,3.7,3.705,3.7025,2
tRNA- plasmid genes,3.705,3.71,3.7075,3
tRNA- plasmid genes,3.71,3.715,3.7125,7
tRNA- plasmid genes,3.715,3.72,3.7175000000000002,0
tRNA- plasmid genes,3.72,3.725,3.7225,1
tRNA- plasmid genes,3.725,3.73,3.7275,1
tRNA- plasmid genes,3.73,3.735,3.7325,8
tRNA- plasmid genes,3.735,3.74,3.7375,0
tRNA- plasmid genes,3.74,3.745,3.7425,0
tRNA- plasmid genes,3.745,3.75,3.7475,0
tRNA- plasmid genes,3.75,3.755,3.7525,93
tRNA- plasmid genes,3.755,3.7600000000000002,3.7575000000000003,0
tRNA- plasmid genes,3.7600000000000002,3.765,3.7625,7
tRNA- plasmid genes,3.765,3.77,3.7675,0
tRNA- plasmid genes,3.77,3.775,3.7725,3
tRNA- plasmid genes,3.775,3.7800000000000002,3.7775,4
tRNA- plasmid genes,3.7800000000000002,3.785,3.7825,7
tRNA- plasmid genes,3.785,3.79,3.7875,8
tRNA- plasmid genes,3.79,3.795,3.7925,0
tRNA- plasmid genes,3.795,3.8000000000000003,3.7975000000000003,23
tRNA- plasmid genes,3.8000000000000003,3.805,3.8025,2
tRNA- plasmid genes,3.805,3.81,3.8075,0
tRNA- plasmid genes,3.81,3.815,3.8125,0
tRNA- plasmid genes,3.815,3.8200000000000003,3.8175,44
tRNA- plasmid genes,3.8200000000000003,3.825,3.8225000000000002,0
tRNA- plasmid genes,3.825,3.83,3.8275,0
tRNA- plasmid genes,3.83,3.835,3.8325,2
tRNA- plasmid genes,3.835,3.84,3.8375,0
tRNA- plasmid genes,3.84,3.845,3.8425000000000002,14
tRNA- plasmid genes,3.845,3.85,3.8475,3
tRNA- plasmid genes,3.85,3.855,3.8525,0
tRNA- plasmid genes,3.855,3.86,3.8575,31
tRNA- plasmid genes,3.86,3.865,3.8625,1
tRNA- plasmid genes,3.865,3.87,3.8675,1
tRNA- plasmid genes,3.87,3.875,3.8725,1
tRNA- plasmid genes,3.875,3.88,3.8775,4
tRNA- plasmid genes,3.88,3.8850000000000002,3.8825000000000003,2
tRNA- plasmid genes,3.8850000000000002,3.89,3.8875,8
tRNA- plasmid genes,3.89,3.895,3.8925,0
tRNA- plasmid genes,3.895,3.9,3.8975,0
tRNA- plasmid genes,3.9,3.9050000000000002,3.9025,5
tRNA- plasmid genes,3.9050000000000002,3.91,3.9075,0
tRNA- plasmid genes,3.91,3.915,3.9125,13
tRNA- plasmid genes,3.915,3.92,3.9175,0
tRNA- plasmid genes,3.92,3.9250000000000003,3.9225000000000003,2
tRNA- plasmid genes,3.9250000000000003,3.93,3.9275,0
tRNA- plasmid genes,3.93,3.935,3.9325,0
tRNA- plasmid genes,3.935,3.94,3.9375,2
tRNA- plasmid genes,3.94,3.9450000000000003,3.9425,1
tRNA- plasmid genes,3.9450000000000003,3.95,3.9475000000000002,0
tRNA- plasmid genes,3.95,3.955,3.9525,2
tRNA- plasmid genes,3.955,3.96,3.9575,0
tRNA- plasmid genes,3.96,3.9650000000000003,3.9625000000000004,0
tRNA- plasmid genes,3.9650000000000003,3.97,3.9675000000000002,1
tRNA- plasmid genes,3.97,3.975,3.9725,0
tRNA- plasmid genes,3.975,3.98,3.9775,0
tRNA- plasmid genes,3.98,3.985,3.9825,1
tRNA- plasmid genes,3.985,3.99,3.9875,0
tRNA- plasmid genes,3.99,3.995,3.9925,0
tRNA- plasmid genes,3.995,4.0,3.9975,0
tRNA- plasmid genes,4.0,4.005,4.0024999999999995,905
tRNA- plasmid genes,4.005,4.01,4.0075,0
tRNA- plasmid genes,4.01,4.015,4.012499999999999,0
tRNA- plasmid genes,4.015,4.0200000000000005,4.0175,0
tRNA- plasmid genes,4.0200000000000005,4.025,4.022500000000001,0
tRNA- plasmid genes,4.025,4.03,4.0275,0
tRNA- plasmid genes,4.03,4.035,4.032500000000001,0
tRNA- plasmid genes,4.035,4.04,4.0375,1
tRNA- plasmid genes,4.04,4.045,4.0425,1
tRNA- plasmid genes,4.045,4.05,4.047499999999999,0
tRNA- plasmid genes,4.05,4.055,4.0525,0
tRNA- plasmid genes,4.055,4.0600000000000005,4.0575,7
tRNA- plasmid genes,4.0600000000000005,4.065,4.0625,0
tRNA- plasmid genes,4.065,4.07,4.067500000000001,0
tRNA- plasmid genes,4.07,4.075,4.0725,4
tRNA- plasmid genes,4.075,4.08,4.077500000000001,0
tRNA- plasmid genes,4.08,4.085,4.0825,9
tRNA- plasmid genes,4.085,4.09,4.0875,1
tRNA- plasmid genes,4.09,4.095,4.092499999999999,0
tRNA- plasmid genes,4.095,4.1,4.0975,1
tRNA- plasmid genes,4.1,4.105,4.1025,1
tRNA- plasmid genes,4.105,4.11,4.1075,17
tRNA- plasmid genes,4.11,4.115,4.112500000000001,1
tRNA- plasmid genes,4.115,4.12,4.1175,0
tRNA- plasmid genes,4.12,4.125,4.1225000000000005,0
tRNA- plasmid genes,4.125,4.13,4.1274999999999995,7
tRNA- plasmid genes,4.13,4.135,4.1325,0
tRNA- plasmid genes,4.135,4.14,4.137499999999999,7
tRNA- plasmid genes,4.14,4.1450000000000005,4.1425,1
tRNA- plasmid genes,4.1450000000000005,4.15,4.147500000000001,0
tRNA- plasmid genes,4.15,4.155,4.1525,12
tRNA- plasmid genes,4.155,4.16,4.157500000000001,0
tRNA- plasmid genes,4.16,4.165,4.1625,1
tRNA- plasmid genes,4.165,4.17,4.1675,2
tRNA- plasmid genes,4.17,4.175,4.172499999999999,3
tRNA- plasmid genes,4.175,4.18,4.1775,1
tRNA- plasmid genes,4.18,4.1850000000000005,4.1825,0
tRNA- plasmid genes,4.1850000000000005,4.19,4.1875,1
tRNA- plasmid genes,4.19,4.195,4.192500000000001,0
tRNA- plasmid genes,4.195,4.2,4.1975,0
tRNA- plasmid genes,4.2,4.205,4.202500000000001,38
tRNA- plasmid genes,4.205,4.21,4.2075,0
tRNA- plasmid genes,4.21,4.215,4.2125,0
tRNA- plasmid genes,4.215,4.22,4.217499999999999,1
tRNA- plasmid genes,4.22,4.225,4.2225,0
tRNA- plasmid genes,4.225,4.23,4.2275,7
tRNA- plasmid genes,4.23,4.235,4.2325,0
tRNA- plasmid genes,4.235,4.24,4.237500000000001,9
tRNA- plasmid genes,4.24,4.245,4.2425,7
tRNA- plasmid genes,4.245,4.25,4.2475000000000005,0
tRNA- plasmid genes,4.25,4.255,4.2524999999999995,5
tRNA- plasmid genes,4.255,4.26,4.2575,1
tRNA- plasmid genes,4.26,4.265,4.262499999999999,12
tRNA- plasmid genes,4.265,4.2700000000000005,4.2675,0
tRNA- plasmid genes,4.2700000000000005,4.275,4.272500000000001,0
tRNA- plasmid genes,4.275,4.28,4.2775,0
tRNA- plasmid genes,4.28,4.285,4.282500000000001,0
tRNA- plasmid genes,4.285,4.29,4.2875,24
tRNA- plasmid genes,4.29,4.295,4.2925,0
tRNA- plasmid genes,4.295,4.3,4.297499999999999,0
tRNA- plasmid genes,4.3,4.305,4.3025,0
tRNA- plasmid genes,4.305,4.3100000000000005,4.3075,0
tRNA- plasmid genes,4.3100000000000005,4.315,4.3125,1
tRNA- plasmid genes,4.315,4.32,4.317500000000001,0
tRNA- plasmid genes,4.32,4.325,4.3225,8
tRNA- plasmid genes,4.325,4.33,4.327500000000001,0
tRNA- plasmid genes,4.33,4.335,4.3325,4
tRNA- plasmid genes,4.335,4.34,4.3375,0
tRNA- plasmid genes,4.34,4.345,4.342499999999999,1
tRNA- plasmid genes,4.345,4.3500000000000005,4.3475,0
tRNA- plasmid genes,4.3500000000000005,4.355,4.352500000000001,0
tRNA- plasmid genes,4.355,4.36,4.3575,0
tRNA- plasmid genes,4.36,4.365,4.362500000000001,18
tRNA- plasmid genes,4.365,4.37,4.3675,0
tRNA- plasmid genes,4.37,4.375,4.3725000000000005,1
tRNA- plasmid genes,4.375,4.38,4.3774999999999995,0
tRNA- plasmid genes,4.38,4.385,4.3825,1
tRNA- plasmid genes,4.385,4.39,4.387499999999999,0
tRNA- plasmid genes,4.39,4.3950000000000005,4.3925,0
tRNA- plasmid genes,4.3950000000000005,4.4,4.397500000000001,0
tRNA- plasmid genes,4.4,4.405,4.4025,3
tRNA- plasmid genes,4.405,4.41,4.407500000000001,0
tRNA- plasmid genes,4.41,4.415,4.4125,0
tRNA- plasmid genes,4.415,4.42,4.4175,0
tRNA- plasmid genes,4.42,4.425,4.422499999999999,3
tRNA- plasmid genes,4.425,4.43,4.4275,0
tRNA- plasmid genes,4.43,4.4350000000000005,4.4325,1
tRNA- plasmid genes,4.4350000000000005,4.44,4.4375,0
tRNA- plasmid genes,4.44,4.445,4.442500000000001,8
tRNA- plasmid genes,4.445,4.45,4.4475,0
tRNA- plasmid genes,4.45,4.455,4.452500000000001,0
tRNA- plasmid genes,4.455,4.46,4.4575,0
tRNA- plasmid genes,4.46,4.465,4.4625,0
tRNA- plasmid genes,4.465,4.47,4.467499999999999,1
tRNA- plasmid genes,4.47,4.4750000000000005,4.4725,0
tRNA- plasmid genes,4.4750000000000005,4.48,4.477500000000001,0
tRNA- plasmid genes,4.48,4.485,4.4825,0
tRNA- plasmid genes,4.485,4.49,4.487500000000001,0
tRNA- plasmid genes,4.49,4.495,4.4925,0
tRNA- plasmid genes,4.495,4.5,4.4975000000000005,0
tRNA- plasmid genes,4.5,4.505,4.5024999999999995,68
tRNA- plasmid genes,4.505,4.51,4.5075,0
tRNA- plasmid genes,4.51,4.515,4.512499999999999,0
tRNA- plasmid genes,4.515,4.5200000000000005,4.5175,0
tRNA- plasmid genes,4.5200000000000005,4.525,4.522500000000001,0
tRNA- plasmid genes,4.525,4.53,4.5275,0
tRNA- plasmid genes,4.53,4.535,4.532500000000001,0
tRNA- plasmid genes,4.535,4.54,4.5375,0
tRNA- plasmid genes,4.54,4.545,4.5425,0
tRNA- plasmid genes,4.545,4.55,4.547499999999999,0
tRNA- plasmid genes,4.55,4.555,4.5525,0
tRNA- plasmid genes,4.555,4.5600000000000005,4.5575,0
tRNA- plasmid genes,4.5600000000000005,4.565,4.5625,0
tRNA- plasmid genes,4.565,4.57,4.567500000000001,1
tRNA- plasmid genes,4.57,4.575,4.5725,0
tRNA- plasmid genes,4.575,4.58,4.577500000000001,0
tRNA- plasmid genes,4.58,4.585,4.5825,0
tRNA- plasmid genes,4.585,4.59,4.5875,9
tRNA- plasmid genes,4.59,4.595,4.592499999999999,0
tRNA- plasmid genes,4.595,4.6000000000000005,4.5975,0
tRNA- plasmid genes,4.6000000000000005,4.605,4.602500000000001,8
tRNA- plasmid genes,4.605,4.61,4.6075,0
tRNA- plasmid genes,4.61,4.615,4.612500000000001,0
tRNA- plasmid genes,4.615,4.62,4.6175,5
tRNA- plasmid genes,4.62,4.625,4.6225000000000005,0
tRNA- plasmid genes,4.625,4.63,4.6274999999999995,8
tRNA- plasmid genes,4.63,4.635,4.6325,0
tRNA- plasmid genes,4.635,4.64,4.637499999999999,0
tRNA- plasmid genes,4.64,4.6450000000000005,4.6425,0
tRNA- plasmid genes,4.6450000000000005,4.65,4.647500000000001,1
tRNA- plasmid genes,4.65,4.655,4.6525,0
tRNA- plasmid genes,4.655,4.66,4.657500000000001,0
tRNA- plasmid genes,4.66,4.665,4.6625,0
tRNA- plasmid genes,4.665,4.67,4.6675,16
tRNA- plasmid genes,4.67,4.675,4.672499999999999,0
tRNA- plasmid genes,4.675,4.68,4.6775,0
tRNA- plasmid genes,4.68,4.6850000000000005,4.6825,0
tRNA- plasmid genes,4.6850000000000005,4.69,4.6875,0
tRNA- plasmid genes,4.69,4.695,4.692500000000001,0
tRNA- plasmid genes,4.695,4.7,4.6975,0
tRNA- plasmid genes,4.7,4.705,4.702500000000001,0
tRNA- plasmid genes,4.705,4.71,4.7075,0
tRNA- plasmid genes,4.71,4.715,4.7125,2
tRNA- plasmid genes,4.715,4.72,4.717499999999999,0
tRNA- plasmid genes,4.72,4.7250000000000005,4.7225,0
tRNA- plasmid genes,4.7250000000000005,4.73,4.727500000000001,0
tRNA- plasmid genes,4.73,4.735,4.7325,0
tRNA- plasmid genes,4.735,4.74,4.737500000000001,0
tRNA- plasmid genes,4.74,4.745,4.7425,0
tRNA- plasmid genes,4.745,4.75,4.7475000000000005,0
tRNA- plasmid genes,4.75,4.755,4.7524999999999995,0
tRNA- plasmid genes,4.755,4.76,4.7575,0
tRNA- plasmid genes,4.76,4.765,4.762499999999999,0
tRNA- plasmid genes,4.765,4.7700000000000005,4.7675,0
tRNA- plasmid genes,4.7700000000000005,4.775,4.772500000000001,0
tRNA- plasmid genes,4.775,4.78,4.7775,0
tRNA- plasmid genes,4.78,4.785,4.782500000000001,0
tRNA- plasmid genes,4.785,4.79,4.7875,0
tRNA- plasmid genes,4.79,4.795,4.7925,0
tRNA- plasmid genes,4.795,4.8,4.797499999999999,0
tRNA- plasmid genes,4.8,4.805,4.8025,41
tRNA- plasmid genes,4.805,4.8100000000000005,4.8075,0
tRNA- plasmid genes,4.8100000000000005,4.815,4.8125,0
tRNA- plasmid genes,4.815,4.82,4.817500000000001,0
tRNA- plasmid genes,4.82,4.825,4.8225,0
tRNA- plasmid genes,4.825,4.83,4.827500000000001,0
tRNA- plasmid genes,4.83,4.835,4.8325,0
tRNA- plasmid genes,4.835,4.84,4.8375,1
tRNA- plasmid genes,4.84,4.845,4.842499999999999,0
tRNA- plasmid genes,4.845,4.8500000000000005,4.8475,0
tRNA- plasmid genes,4.8500000000000005,4.855,4.852500000000001,0
tRNA- plasmid genes,4.855,4.86,4.8575,0
tRNA- plasmid genes,4.86,4.865,4.862500000000001,0
tRNA- plasmid genes,4.865,4.87,4.8675,0
tRNA- plasmid genes,4.87,4.875,4.8725000000000005,0
tRNA- plasmid genes,4.875,4.88,4.8774999999999995,0
tRNA- plasmid genes,4.88,4.885,4.8825,0
tRNA- plasmid genes,4.885,4.89,4.887499999999999,0
tRNA- plasmid genes,4.89,4.8950000000000005,4.8925,0
tRNA- plasmid genes,4.8950000000000005,4.9,4.897500000000001,0
tRNA- plasmid genes,4.9,4.905,4.9025,0
tRNA- plasmid genes,4.905,4.91,4.907500000000001,9
tRNA- plasmid genes,4.91,4.915,4.9125,0
tRNA- plasmid genes,4.915,4.92,4.9175,0
tRNA- plasmid genes,4.92,4.925,4.922499999999999,0
tRNA- plasmid genes,4.925,4.93,4.9275,0
tRNA- plasmid genes,4.93,4.9350000000000005,4.9325,0
tRNA- plasmid genes,4.9350000000000005,4.94,4.9375,0
tRNA- plasmid genes,4.94,4.945,4.942500000000001,0
tRNA- plasmid genes,4.945,4.95,4.9475,0
tRNA- plasmid genes,4.95,4.955,4.952500000000001,0
tRNA- plasmid genes,4.955,4.96,4.9575,0
tRNA- plasmid genes,4.96,4.965,4.9625,0
tRNA- plasmid genes,4.965,4.97,4.967499999999999,1
tRNA- plasmid genes,4.97,4.9750000000000005,4.9725,0
tRNA- plasmid genes,4.9750000000000005,4.98,4.977500000000001,0
tRNA- plasmid genes,4.98,4.985,4.9825,0
tRNA- plasmid genes,4.985,4.99,4.987500000000001,0
tRNA- plasmid genes,4.99,4.995,4.9925,0
tRNA- plasmid genes,4.995,5.0,4.9975000000000005,0
tRNA- plasmid genes,5.0,5.005,5.0024999999999995,37
tRNA- plasmid genes,5.005,5.01,5.0075,0
tRNA- plasmid genes,5.01,5.015,5.012499999999999,0
tRNA- plasmid genes,5.015,5.0200000000000005,5.0175,0
tRNA- plasmid genes,5.0200000000000005,5.025,5.022500000000001,0
tRNA- plasmid genes,5.025,5.03,5.0275,0
tRNA- plasmid genes,5.03,5.035,5.032500000000001,0
tRNA- plasmid genes,5.035,5.04,5.0375,0
tRNA- plasmid genes,5.04,5.045,5.0425,0
tRNA- plasmid genes,5.045,5.05,5.047499999999999,0
tRNA- plasmid genes,5.05,5.055,5.0525,0
tRNA- plasmid genes,5.055,5.0600000000000005,5.0575,0
tRNA- plasmid genes,5.0600000000000005,5.065,5.0625,0
tRNA- plasmid genes,5.065,5.07,5.067500000000001,0
tRNA- plasmid genes,5.07,5.075,5.0725,0
tRNA- plasmid genes,5.075,5.08,5.077500000000001,0
tRNA- plasmid genes,5.08,5.085,5.0825,0
tRNA- plasmid genes,5.085,5.09,5.0875,0
tRNA- plasmid genes,5.09,5.095,5.092499999999999,0
tRNA- plasmid genes,5.095,5.1000000000000005,5.0975,0
tRNA- plasmid genes,5.1000000000000005,5.105,5.102500000000001,0
tRNA- plasmid genes,5.105,5.11,5.1075,0
tRNA- plasmid genes,5.11,5.115,5.112500000000001,0
tRNA- plasmid genes,5.115,5.12,5.1175,0
tRNA- plasmid genes,5.12,5.125,5.1225000000000005,0
tRNA- plasmid genes,5.125,5.13,5.1274999999999995,0
tRNA- plasmid genes,5.13,5.135,5.1325,0
tRNA- plasmid genes,5.135,5.14,5.137499999999999,0
tRNA- plasmid genes,5.14,5.1450000000000005,5.1425,7
tRNA- plasmid genes,5.1450000000000005,5.15,5.147500000000001,0
tRNA- plasmid genes,5.15,5.155,5.1525,0
tRNA- plasmid genes,5.155,5.16,5.157500000000001,0
tRNA- plasmid genes,5.16,5.165,5.1625,0
tRNA- plasmid genes,5.165,5.17,5.1675,0
tRNA- plasmid genes,5.17,5.175,5.172499999999999,0
tRNA- plasmid genes,5.175,5.18,5.1775,0
tRNA- plasmid genes,5.18,5.1850000000000005,5.1825,0
tRNA- plasmid genes,5.1850000000000005,5.19,5.1875,0
tRNA- plasmid genes,5.19,5.195,5.192500000000001,0
tRNA- plasmid genes,5.195,5.2,5.1975,0
tRNA- plasmid genes,5.2,5.205,5.202500000000001,1
tRNA- plasmid genes,5.205,5.21,5.2075,0
tRNA- plasmid genes,5.21,5.215,5.2125,0
tRNA- plasmid genes,5.215,5.22,5.217499999999999,0
tRNA- plasmid genes,5.22,5.2250000000000005,5.2225,0
tRNA- plasmid genes,5.2250000000000005,5.23,5.227500000000001,0
tRNA- plasmid genes,5.23,5.235,5.2325,0
tRNA- plasmid genes,5.235,5.24,5.237500000000001,0
tRNA- plasmid genes,5.24,5.245,5.2425,0
tRNA- plasmid genes,5.245,5.25,5.2475000000000005,0
tRNA- plasmid genes,5.25,5.255,5.2524999999999995,2
tRNA- plasmid genes,5.255,5.26,5.2575,0
tRNA- plasmid genes,5.26,5.265,5.262499999999999,0
tRNA- plasmid genes,5.265,5.2700000000000005,5.2675,0
tRNA- plasmid genes,5.2700000000000005,5.275,5.272500000000001,0
tRNA- plasmid genes,5.275,5.28,5.2775,0
tRNA- plasmid genes,5.28,5.285,5.282500000000001,0
tRNA- plasmid genes,5.285,5.29,5.2875,0
tRNA- plasmid genes,5.29,5.295,5.2925,0
tRNA- plasmid genes,5.295,5.3,5.297499999999999,0
tRNA- plasmid genes,5.3,5.305,5.3025,0
tRNA- plasmid genes,5.305,5.3100000000000005,5.3075,0
tRNA- plasmid genes,5.3100000000000005,5.315,5.3125,0
tRNA- plasmid genes,5.315,5.32,5.317500000000001,0
tRNA- plasmid genes,5.32,5.325,5.3225,0
tRNA- plasmid genes,5.325,5.33,5.327500000000001,0
tRNA- plasmid genes,5.33,5.335,5.3325,0
tRNA- plasmid genes,5.335,5.34,5.3375,0
tRNA- plasmid genes,5.34,5.345,5.342499999999999,0
tRNA- plasmid genes,5.345,5.3500000000000005,5.3475,0
tRNA- plasmid genes,5.3500000000000005,5.355,5.352500000000001,0
tRNA- plasmid genes,5.355,5.36,5.3575,0
tRNA- plasmid genes,5.36,5.365,5.362500000000001,0
tRNA- plasmid genes,5.365,5.37,5.3675,0
tRNA- plasmid genes,5.37,5.375,5.3725000000000005,0
tRNA- plasmid genes,5.375,5.38,5.3774999999999995,0
tRNA- plasmid genes,5.38,5.385,5.3825,0
tRNA- plasmid genes,5.385,5.39,5.387499999999999,0
tRNA- plasmid genes,5.39,5.3950000000000005,5.3925,0
tRNA- plasmid genes,5.3950000000000005,5.4,5.397500000000001,0
tRNA- plasmid genes,5.4,5.405,5.4025,2
tRNA- plasmid genes,5.405,5.41,5.407500000000001,0
tRNA- plasmid genes,5.41,5.415,5.4125,0
tRNA- plasmid genes,5.415,5.42,5.4175,0
tRNA- plasmid genes,5.42,5.425,5.422499999999999,0
tRNA- plasmid genes,5.425,5.43,5.4275,0
tRNA- plasmid genes,5.43,5.4350000000000005,5.4325,0
tRNA- plasmid genes,5.4350000000000005,5.44,5.4375,0
tRNA- plasmid genes,5.44,5.445,5.442500000000001,0
tRNA- plasmid genes,5.445,5.45,5.4475,0
tRNA- plasmid genes,5.45,5.455,5.452500000000001,1
tRNA- plasmid genes,5.455,5.46,5.4575,0
tRNA- plasmid genes,5.46,5.465,5.4625,0
tRNA- plasmid genes,5.465,5.47,5.467499999999999,0
tRNA- plasmid genes,5.47,5.4750000000000005,5.4725,0
tRNA- plasmid genes,5.4750000000000005,5.48,5.477500000000001,0
tRNA- plasmid genes,5.48,5.485,5.4825,0
tRNA- plasmid genes,5.485,5.49,5.487500000000001,0
tRNA- plasmid genes,5.49,5.495,5.4925,0
tRNA- plasmid genes,5.495,5.5,5.4975000000000005,0
tRNA- plasmid genes,5.5,5.505,5.5024999999999995,1
tRNA- plasmid genes,5.505,5.51,5.5075,0
tRNA- plasmid genes,5.51,5.515,5.512499999999999,0
tRNA- plasmid genes,5.515,5.5200000000000005,5.5175,0
tRNA- plasmid genes,5.5200000000000005,5.525,5.522500000000001,0
tRNA- plasmid genes,5.525,5.53,5.5275,0
tRNA- plasmid genes,5.53,5.535,5.532500000000001,0
tRNA- plasmid genes,5.535,5.54,5.5375,8
tRNA- plasmid genes,5.54,5.545,5.5425,0
tRNA- plasmid genes,5.545,5.55,5.547499999999999,0
tRNA- plasmid genes,5.55,5.555,5.5525,0
tRNA- plasmid genes,5.555,5.5600000000000005,5.5575,0
tRNA- plasmid genes,5.5600000000000005,5.565,5.5625,0
tRNA- plasmid genes,5.565,5.57,5.567500000000001,0
tRNA- plasmid genes,5.57,5.575,5.5725,0
tRNA- plasmid genes,5.575,5.58,5.577500000000001,0
tRNA- plasmid genes,5.58,5.585,5.5825,0
tRNA- plasmid genes,5.585,5.59,5.5875,0
tRNA- plasmid genes,5.59,5.595,5.592499999999999,0
tRNA- plasmid genes,5.595,5.6000000000000005,5.5975,0
tRNA- plasmid genes,5.6000000000000005,5.605,5.602500000000001,0
tRNA- plasmid genes,5.605,5.61,5.6075,0
tRNA- plasmid genes,5.61,5.615,5.612500000000001,0
tRNA- plasmid genes,5.615,5.62,5.6175,0
tRNA- plasmid genes,5.62,5.625,5.6225000000000005,0
tRNA- plasmid genes,5.625,5.63,5.6274999999999995,0
tRNA- plasmid genes,5.63,5.635,5.6325,0
tRNA- plasmid genes,5.635,5.64,5.637499999999999,0
tRNA- plasmid genes,5.64,5.6450000000000005,5.6425,0
tRNA- plasmid genes,5.6450000000000005,5.65,5.647500000000001,0
tRNA- plasmid genes,5.65,5.655,5.6525,0
tRNA- plasmid genes,5.655,5.66,5.657500000000001,0
tRNA- plasmid genes,5.66,5.665,5.6625,0
tRNA- plasmid genes,5.665,5.67,5.6675,0
tRNA- plasmid genes,5.67,5.675,5.672499999999999,0
tRNA- plasmid genes,5.675,5.68,5.6775,0
tRNA- plasmid genes,5.68,5.6850000000000005,5.6825,0
tRNA- plasmid genes,5.6850000000000005,5.69,5.6875,0
tRNA- plasmid genes,5.69,5.695,5.692500000000001,0
tRNA- plasmid genes,5.695,5.7,5.6975,0
tRNA- plasmid genes,5.7,5.705,5.702500000000001,0
tRNA- plasmid genes,5.705,5.71,5.7075,0
tRNA- plasmid genes,5.71,5.715,5.7125,0
tRNA- plasmid genes,5.715,5.72,5.717499999999999,0
tRNA- plasmid genes,5.72,5.7250000000000005,5.7225,0
tRNA- plasmid genes,5.7250000000000005,5.73,5.727500000000001,0
tRNA- plasmid genes,5.73,5.735,5.7325,0
tRNA- plasmid genes,5.735,5.74,5.737500000000001,0
tRNA- plasmid genes,5.74,5.745,5.7425,0
tRNA- plasmid genes,5.745,5.75,5.7475000000000005,0
tRNA- plasmid genes,5.75,5.755,5.7524999999999995,0
tRNA- plasmid genes,5.755,5.76,5.7575,0
tRNA- plasmid genes,5.76,5.765,5.762499999999999,0
tRNA- plasmid genes,5.765,5.7700000000000005,5.7675,0
tRNA- plasmid genes,5.7700000000000005,5.775,5.772500000000001,0
tRNA- plasmid genes,5.775,5.78,5.7775,0
tRNA- plasmid genes,5.78,5.785,5.782500000000001,0
tRNA- plasmid genes,5.785,5.79,5.7875,0
tRNA- plasmid genes,5.79,5.795,5.7925,0
tRNA- plasmid genes,5.795,5.8,5.797499999999999,0
tRNA- plasmid genes,5.8,5.805,5.8025,0
tRNA- plasmid genes,5.805,5.8100000000000005,5.8075,0
tRNA- plasmid genes,5.8100000000000005,5.815,5.8125,0
tRNA- plasmid genes,5.815,5.82,5.817500000000001,0
tRNA- plasmid genes,5.82,5.825,5.8225,0
tRNA- plasmid genes,5.825,5.83,5.827500000000001,0
tRNA- plasmid genes,5.83,5.835,5.8325,0
tRNA- plasmid genes,5.835,5.84,5.8375,0
tRNA- plasmid genes,5.84,5.845,5.842499999999999,0
tRNA- plasmid genes,5.845,5.8500000000000005,5.8475,0
tRNA- plasmid genes,5.8500000000000005,5.855,5.852500000000001,0
tRNA- plasmid genes,5.855,5.86,5.8575,0
tRNA- plasmid genes,5.86,5.865,5.862500000000001,0
tRNA- plasmid genes,5.865,5.87,5.8675,0
tRNA- plasmid genes,5.87,5.875,5.8725000000000005,0
tRNA- plasmid genes,5.875,5.88,5.8774999999999995,0
tRNA- plasmid genes,5.88,5.885,5.8825,0
tRNA- plasmid genes,5.885,5.89,5.887499999999999,0
tRNA- plasmid genes,5.89,5.8950000000000005,5.8925,0
tRNA- plasmid genes,5.8950000000000005,5.9,5.897500000000001,0
tRNA- plasmid genes,5.9,5.905,5.9025,0
tRNA- plasmid genes,5.905,5.91,5.907500000000001,0
tRNA- plasmid genes,5.91,5.915,5.9125,0
tRNA- plasmid genes,5.915,5.92,5.9175,0
tRNA- plasmid genes,5.92,5.925,5.922499999999999,0
tRNA- plasmid genes,5.925,5.93,5.9275,0
tRNA- plasmid genes,5.93,5.9350000000000005,5.9325,0
tRNA- plasmid genes,5.9350000000000005,5.94,5.9375,0
tRNA- plasmid genes,5.94,5.945,5.942500000000001,0
tRNA- plasmid genes,5.945,5.95,5.9475,0
tRNA- plasmid genes,5.95,5.955,5.952500000000001,0
tRNA- plasmid genes,5.955,5.96,5.9575,0
tRNA- plasmid genes,5.96,5.965,5.9625,0
tRNA- plasmid genes,5.965,5.97,5.967499999999999,0
tRNA- plasmid genes,5.97,5.9750000000000005,5.9725,0
tRNA- plasmid genes,5.9750000000000005,5.98,5.977500000000001,0
tRNA- plasmid genes,5.98,5.985,5.9825,0
tRNA- plasmid genes,5.985,5.99,5.987500000000001,0
tRNA- plasmid genes,5.99,5.995,5.9925,0
tRNA- plasmid genes,5.995,6.0,5.9975000000000005,414
