phylum,Genome_ID,Replicon_ID,all_CDS_n,nonhypothetical_CDS_n,nonhypothetical_coding_nt_n,informative_family_n,plasmid_CCI_big_gene
Actinomycetota,GCF_000022025.1,NC_011879.1,542,164,163425,18,1.47088757413504
Actinomycetota,GCF_000147815.2,NC_015952.1,238,54,49008,1,1.1303441084462982
Actinomycetota,GCF_000444875.1,NC_022001.1,76,33,31683,1,1.2710951526032317
Actinomycetota,GCF_000612545.2,NZ_CP097801.1,96,60,54081,1,1.7338129496402876
Actinomycetota,GCF_001182745.1,NZ_LN868939.1,2496,1984,2082591,15,1.3553297340702468
Actinomycetota,GCF_001281315.1,NZ_CP012477.1,633,543,564828,7,1.0015921739034332
Actinomycetota,GCF_001454985.1,NZ_CP013298.1,103,68,66750,1,1.177327935222672
Actinomycetota,GCF_001482365.1,NZ_CP013255.1,108,68,67992,1,1.732590529247911
Actinomycetota,GCF_001482365.1,NZ_CP013256.1,6,4,6540,1,1.7567567567567568
Actinomycetota,GCF_001652465.1,NZ_CP015811.1,15,7,5499,1,0.9924812030075189
Actinomycetota,GCF_001652465.1,NZ_CP015812.1,11,5,7581,1,1.4347826086956523
Actinomycetota,GCF_001685605.1,NZ_CP009112.1,702,544,555774,1,0.8266577807397534
Actinomycetota,GCF_001750065.2,NZ_CP012886.2,462,229,205425,18,1.1500088953319234
Actinomycetota,GCF_001865635.4,NZ_CP009406.2,21,7,6312,1,1.125
Actinomycetota,GCF_002156805.1,NZ_CP021253.1,26,20,19614,1,1.1294117647058823
Actinomycetota,GCF_002157835.1,NZ_CP020813.1,66,30,25278,1,1.7412935323383083
Actinomycetota,GCF_002189675.2,NZ_CP023976.1,269,124,117777,1,0.0757946210268948
Actinomycetota,GCF_002216795.1,NZ_CP022318.1,52,18,18297,1,2.9367088607594938
Actinomycetota,GCF_002716905.3,NZ_CP059000.1,129,85,100314,1,0.7037643207855974
Actinomycetota,GCF_002716925.3,NZ_CP076859.1,151,105,135234,17,1.1251835011274345
Actinomycetota,GCF_002716925.3,NZ_CP076860.1,368,147,151413,17,1.1269737439265397
Actinomycetota,GCF_002716965.3,NZ_CP076857.1,315,242,280842,1,0.6501580611169653
Actinomycetota,GCF_003013675.1,NZ_CP027794.1,150,34,26883,6,1.84760568181355
Actinomycetota,GCF_003147545.1,NZ_CP029362.1,94,77,86640,1,1.8333333333333333
Actinomycetota,GCF_003234335.2,NZ_CP126264.1,121,63,59913,4,0.3409503915708223
Actinomycetota,GCF_004345205.2,NZ_CP036222.2,21,7,6312,1,1.125
Actinomycetota,GCF_009002535.1,NZ_AP020327.1,200,84,86835,2,1.229023812912141
Actinomycetota,GCF_009859915.1,NZ_CP046573.1,878,597,606561,1,0.8676036786395974
Actinomycetota,GCF_011611865.1,NZ_CP050126.1,29,22,17988,1,1.309090909090909
Actinomycetota,GCF_014673495.1,NZ_CP051007.1,145,116,154362,1,1.6563803169307756
Actinomycetota,GCF_014705925.2,NZ_CP062962.1,37,30,25230,1,1.4193548387096775
Actinomycetota,GCF_014705945.2,NZ_CP062957.1,56,38,43812,1,1.422680412371134
Actinomycetota,GCF_014854695.1,NZ_CP027560.1,132,33,30306,1,1.831831831831832
Actinomycetota,GCF_015040095.1,NZ_CP053545.1,536,172,190713,18,1.4747303526017213
Actinomycetota,GCF_017656075.1,NZ_CP058639.1,802,611,602082,1,0.7835192351468245
Actinomycetota,GCF_018141545.1,NZ_CP064357.1,794,344,365481,17,1.6156201635427874
Actinomycetota,GCF_018326145.1,NZ_AP023334.1,294,94,95643,18,1.1481572826272843
Actinomycetota,GCF_018326145.1,NZ_AP023335.1,30,11,10206,18,1.0909157272726318
Actinomycetota,GCF_018326285.1,NZ_AP023363.1,298,96,98265,18,1.1466978077476149
Actinomycetota,GCF_018326285.1,NZ_AP023364.1,22,6,6375,18,1.1251457744814928
Actinomycetota,GCF_019317345.1,NZ_CP079226.1,234,155,158241,1,0.2577798420808175
Actinomycetota,GCF_019739075.1,NZ_CP081674.1,143,87,91734,1,0.6357884079979752
Actinomycetota,GCF_020150655.1,NZ_CP083743.1,86,75,78804,1,1.5342105263157897
Actinomycetota,GCF_020412425.1,NZ_CP084587.1,406,121,118710,17,1.0226679325160044
Actinomycetota,GCF_021049325.1,NZ_CP088077.1,113,64,59040,1,2.222984562607204
Actinomycetota,GCF_021789315.1,NZ_CP084562.1,116,75,74337,1,1.8
Actinomycetota,GCF_023278385.1,NZ_CP075341.1,222,152,148596,1,0.2596810933940774
Actinomycetota,GCF_024666385.1,NZ_CP102515.1,278,158,209217,2,0.9795651491639495
Actinomycetota,GCF_024666385.1,NZ_CP102516.1,205,130,128181,2,1.0867016020116325
Actinomycetota,GCF_024760325.1,NZ_CP103309.1,218,147,146103,1,0.259927797833935
Actinomycetota,GCF_028421465.1,NZ_CP116356.1,260,148,133230,1,1.7276933245208197
Actinomycetota,GCF_028622875.1,NZ_CP117710.1,380,147,150696,3,0.2589092713462286
Actinomycetota,GCF_028736035.1,NZ_CP117867.1,104,45,55689,1,0.2653061224489796
Actinomycetota,GCF_030719215.1,NZ_CP120984.1,247,116,120762,1,0.5247921157991993
Actinomycetota,GCF_030916465.1,NZ_CP126460.1,318,222,220995,1,0.2482686980609418
Actinomycetota,GCF_031844685.1,NZ_CP134606.1,302,146,156090,3,1.0520190324690908
Actinomycetota,GCF_031844685.1,NZ_CP134608.1,138,35,32313,3,1.0408300004112765
Actinomycetota,GCF_035917275.1,NZ_CP108509.1,1311,1033,1155843,1,1.6536757092565748
Actinomycetota,GCF_035917315.1,NZ_CP108854.1,1248,942,954822,1,1.741221478344036
Actinomycetota,GCF_035918195.1,NZ_CP109366.1,569,487,522225,1,1.6620825147347742
Actinomycetota,GCF_035920465.1,NZ_CP109164.1,588,437,411834,1,1.5922693266832917
Actinomycetota,GCF_035975855.1,NZ_CP109056.1,261,100,94161,2,0.3195981132185433
Actinomycetota,GCF_036010365.1,NZ_CP108555.1,282,128,140772,1,0.7384459116302692
Actinomycetota,GCF_036010385.1,NZ_CP108560.1,40,28,25644,1,1.6212471131639723
Actinomycetota,GCF_036010645.1,NZ_CP108263.1,351,202,207327,1,0.0339366515837104
Actinomycetota,GCF_036194065.1,NZ_CP108096.1,336,123,124632,4,0.8703174828591639
Actinomycetota,GCF_036208025.1,NZ_CP109315.1,331,137,130500,3,0.6356711282084416
Actinomycetota,GCF_036227425.1,NZ_CP109456.1,384,187,184479,1,0.0736015701668302
Actinomycetota,GCF_036227445.1,NZ_CP109476.1,416,271,309192,1,0.4103325415676959
Actinomycetota,GCF_036227505.1,NZ_CP109481.1,1942,1391,1483995,1,0.2711343375345835
Actinomycetota,GCF_036227565.1,NZ_CP109462.1,387,189,193884,1,0.0714966634890371
Actinomycetota,GCF_036228565.1,NZ_CP109493.1,795,619,687540,1,2.294952194921353
Actinomycetota,GCF_036231985.1,NZ_CP109501.1,744,538,599661,1,1.9586837294332724
Actinomycetota,GCF_036231985.1,NZ_CP109502.1,758,385,387846,1,1.891608391608392
Actinomycetota,GCF_036248255.1,NZ_CP109179.1,498,285,443403,1,0.4936633269192489
Actinomycetota,GCF_041154555.1,NZ_AP028614.1,242,83,77442,18,1.0438404626952054
Actinomycetota,GCF_041154565.1,NZ_AP028618.1,241,82,77082,18,1.0430085646918257
Actinomycetota,GCF_041154575.1,NZ_AP028622.1,243,83,77796,18,1.043577856270344
Actinomycetota,GCF_041154585.1,NZ_AP028626.1,242,82,77463,18,1.0446473525474491
Actinomycetota,GCF_041154595.1,NZ_AP028630.1,242,82,77343,18,1.04513015733649
Actinomycetota,GCF_041283565.1,NZ_CP166300.1,286,136,111288,2,0.8832761183095054
Actinomycetota,GCF_041435235.1,NZ_CP108409.1,1168,879,991230,2,1.8470427826144284
Actinomycetota,GCF_041435355.1,NZ_CP108443.1,543,345,296337,2,0.8976851533070559
Actinomycetota,GCF_041435355.1,NZ_CP108444.1,281,250,393411,2,0.75709021078522
Actinomycetota,GCF_041519305.1,NZ_CP167928.1,568,340,312288,1,0.0347826086956521
Actinomycetota,GCF_041519305.1,NZ_CP167929.1,205,78,69267,1,0.0074349442379182
Actinomycetota,GCF_042465715.1,NZ_CP118706.1,429,251,262611,1,0.0298441472311263
Actinomycetota,GCF_042465715.1,NZ_CP118708.1,795,617,652422,1,0.0065189048239895
Actinomycetota,GCF_044054585.1,NZ_CP171972.1,171,126,124659,1,2.568659127625202
Actinomycetota,GCF_045039725.1,NZ_CP108628.1,254,126,130440,1,3.050434782608696
Actinomycetota,GCF_045039755.1,NZ_CP108618.1,209,76,87930,1,2.922767497988737
Actinomycetota,GCF_045039765.1,NZ_CP108614.1,330,172,165810,1,1.672203765227021
Actinomycetota,GCF_045040235.1,NZ_CP109519.1,312,135,133305,1,0.0294380017841213
Actinomycetota,GCF_045040355.1,NZ_CP109414.1,204,103,107046,1,0.020066889632107
Actinomycetota,GCF_045040395.1,NZ_CP109401.1,404,154,170724,1,0.0110183639398998
Actinomycetota,GCF_045160785.1,NZ_CP108274.1,208,115,129513,1,1.8432483474976395
Actinomycetota,GCF_045160795.1,NZ_CP108231.1,291,154,163770,1,1.8166278166278167
Actinomycetota,GCF_045161545.1,NZ_CP109047.1,530,232,238137,3,0.5995079629736965
Actinomycetota,GCF_045161795.1,NZ_CP108868.1,396,206,216897,1,0.0088141025641025
Actinomycetota,GCF_045162735.1,NZ_CP108693.1,263,149,139569,1,0.0207654723127035
Actinomycetota,GCF_045162865.1,NZ_CP108665.1,860,488,442647,2,0.4420942072944994
Actinomycetota,GCF_045206215.1,NZ_CP108189.1,210,116,130329,1,1.8380414312617703
Actinomycetota,GCF_045207295.1,NZ_CP108875.1,425,340,394722,1,0.3085374639769452
Actinomycetota,GCF_045207345.1,NZ_CP108842.1,500,364,385776,1,0.5123339658444023
Actinomycetota,GCF_045207395.1,NZ_CP108821.1,662,450,514854,1,0.465259907359753
Actinomycetota,GCF_045207655.1,NZ_CP108785.1,4842,3735,3838410,2,0.9792508004633864
Actinomycetota,GCF_045207785.1,NZ_CP108777.1,2683,2030,2070006,1,0.4751801096992726
Actinomycetota,GCF_045208885.1,NZ_CP109310.1,153,84,94062,1,0.0099370652533951
Actinomycetota,GCF_048593185.1,NZ_CP184256.1,322,228,197970,1,0.3652091852783894
Actinomycetota,GCF_048593185.1,NZ_CP184258.1,242,130,132438,1,0.2490518331226295
Actinomycetota,GCF_049315185.1,NZ_CP186053.1,622,193,200433,18,1.4508723424802377
Actinomycetota,GCF_049606955.1,NZ_CP187114.1,1766,1310,1420557,2,1.2579815682653612
Actinomycetota,GCF_049606955.1,NZ_CP187115.1,268,230,288153,2,1.286704803021535
Actinomycetota,GCF_050500215.1,NZ_CP191374.1,371,328,392397,1,1.6393683437385236
Actinomycetota,GCF_900116695.1,NZ_LT703506.1,414,124,120924,17,1.0229934898563398
Actinomycetota,GCF_900637875.1,NZ_LR134445.1,72,59,53934,18,1.529779086795089
Actinomycetota,GCF_900637875.1,NZ_LR134447.1,245,187,187755,18,1.5017806135577525
Actinomycetota,GCF_900637875.1,NZ_LR134449.1,65,55,56337,18,1.5322142296418744
Actinomycetota,GCF_900637875.1,NZ_LR134450.1,415,141,145596,18,1.5027052906494351
Actinomycetota,GCF_900637875.1,NZ_LR134451.1,397,361,360444,18,1.5349569980616866
Actinomycetota,GCF_900637875.1,NZ_LR134452.1,323,282,324843,18,1.5147946924789475
Actinomycetota,GCF_900637875.1,NZ_LR134456.1,376,295,309453,18,1.5070253453036857
Actinomycetota,GCF_900637875.1,NZ_LR134458.1,40,35,31830,18,1.512755273613918
Actinomycetota,GCF_900637875.1,NZ_LR134459.1,232,204,208224,18,1.5288724756466467
Actinomycetota,GCF_900637875.1,NZ_LR134460.1,343,303,314007,18,1.5372194351728945
Actinomycetota,GCF_900637875.1,NZ_LR134464.1,247,217,186990,18,1.5367559234342985
Actinomycetota,GCF_900637875.1,NZ_LR134465.1,431,378,343233,18,1.5282278489637426
Actinomycetota,GCF_900637875.1,NZ_LR134469.1,134,113,120066,18,1.5062494688079493
Actinomycetota,GCF_963853645.1,NZ_OY970457.1,275,178,309633,1,1.3251084598698482
Bacillota,GCF_000005825.2,NC_013793.1,104,58,54294,2,1.7751871305772204
Bacillota,GCF_000025825.1,NC_004604.2,48,27,23709,16,1.1698891596136003
Bacillota,GCF_000025825.1,NC_014023.1,154,118,101277,16,1.1605846786557206
Bacillota,GCF_000145035.1,NC_014390.1,197,74,85488,1,0.5380249716231555
Bacillota,GCF_000174395.2,NC_017962.1,71,54,40509,2,0.9224131279859936
Bacillota,GCF_000179635.2,NC_014824.1,390,209,225561,9,0.977192414415283
Bacillota,GCF_000211235.1,NC_017177.1,291,142,148425,1,2.1269510926118627
Bacillota,GCF_000214785.1,NC_015598.1,179,77,92535,1,0.4685968819599109
Bacillota,GCF_000225265.1,NC_017139.1,62,43,43929,15,1.2047591630092376
Bacillota,GCF_000284095.1,NC_017069.1,87,25,36735,2,0.8085945489306834
Bacillota,GCF_000292705.1,NC_018509.1,253,82,91368,12,1.3073887804117152
Bacillota,GCF_000306745.1,NC_018878.1,709,180,169980,17,1.1523320450541854
Bacillota,GCF_000334875.3,NZ_CP032530.1,132,77,71754,16,1.1990104143971694
Bacillota,GCF_000334875.3,NZ_CP032534.1,51,42,35145,16,1.1914322959565429
Bacillota,GCF_000334875.3,NZ_CP032535.1,25,14,10683,16,1.2292417849581212
Bacillota,GCF_000758365.1,NZ_CP007647.1,214,163,156702,1,0.4012213740458015
Bacillota,GCF_000758365.1,NZ_CP007648.1,154,47,52869,1,0.7897526501766784
Bacillota,GCF_000835025.1,NZ_CP009347.1,251,82,91410,12,1.3065330498696044
Bacillota,GCF_001548175.1,NZ_AP014865.1,311,226,252864,1,0.334375
Bacillota,GCF_001579785.1,NZ_CP013615.1,478,170,164769,7,0.9643953913153526
Bacillota,GCF_001685435.2,NZ_CP011362.1,46,29,25578,1,0.4230769230769231
Bacillota,GCF_001879625.1,NZ_CP014147.1,108,36,26475,1,1.0260223048327135
Bacillota,GCF_002009195.1,NZ_CP018875.1,144,117,112140,4,1.0464853271804946
Bacillota,GCF_002009195.1,NZ_CP018878.1,69,31,20715,4,1.05867919769629
Bacillota,GCF_002073735.2,NZ_CP020426.2,177,59,50307,1,0.4397905759162303
Bacillota,GCF_002073815.2,NZ_CP020429.2,183,118,114723,1,0.5326504481434059
Bacillota,GCF_002104575.1,NZ_CP020744.1,402,275,239490,1,0.3531326281529699
Bacillota,GCF_002117345.1,NZ_CP019739.1,58,30,22944,1,0.1655172413793103
Bacillota,GCF_002119625.1,NZ_CP020032.1,58,42,37287,1,0.8979591836734694
Bacillota,GCF_002173675.1,NZ_CP021670.1,216,61,72219,1,0.6308243727598566
Bacillota,GCF_002224565.1,NZ_CP020460.1,85,50,48030,1,1.548165137614679
Bacillota,GCF_002749655.1,NZ_CP024415.1,57,28,25401,1,1.4678899082568808
Bacillota,GCF_002865885.1,NZ_CP013852.1,24,18,14538,1,0.4277456647398844
Bacillota,GCF_002866125.1,NZ_CP014218.1,104,40,29082,1,0.3456464379947229
Bacillota,GCF_002866125.1,NZ_CP014221.1,24,18,14538,1,0.4277456647398844
Bacillota,GCF_002944585.1,NZ_CP026534.1,170,58,50505,1,0.6818181818181818
Bacillota,GCF_003054785.2,NZ_CP044979.1,408,266,272235,1,1.5798275411549516
Bacillota,GCF_003288235.1,NZ_CP025208.1,41,28,31707,2,1.443530113297555
Bacillota,GCF_003345315.1,NZ_CP031100.1,100,36,26550,2,0.774841352719094
Bacillota,GCF_003445395.2,NZ_CP013278.1,252,82,91491,12,1.3068770426185867
Bacillota,GCF_003665275.1,NZ_CP032858.1,157,57,51615,1,0.5655172413793104
Bacillota,GCF_003665395.1,NZ_CP032873.1,157,57,51483,1,0.5594405594405595
Bacillota,GCF_004101525.1,NZ_CP035189.1,221,67,78042,1,0.6335978835978836
Bacillota,GCF_004119775.1,NZ_CP035408.1,28,28,23925,1,1.994269340974212
Bacillota,GCF_005155285.1,NZ_CP039724.1,251,81,90618,12,1.3038256478786352
Bacillota,GCF_006349715.2,NZ_CP085499.1,394,262,265041,1,0.3941002949852507
Bacillota,GCF_006384875.1,NZ_CP029455.1,389,264,288936,1,0.3217797839754957
Bacillota,GCF_006385935.1,NZ_CP041065.1,127,104,99480,16,1.1896206956525948
Bacillota,GCF_006385935.1,NZ_CP041068.1,47,26,19992,16,1.1567824756127485
Bacillota,GCF_007106705.1,NZ_CP041516.1,48,25,18999,16,1.1584783285368443
Bacillota,GCF_007363175.1,NZ_CP034684.1,188,101,89121,1,0.6055045871559633
Bacillota,GCF_007833415.1,NZ_CP022399.1,24,18,14538,1,0.4277456647398844
Bacillota,GCF_007833435.1,NZ_CP022401.1,293,71,70746,1,0.4716981132075472
Bacillota,GCF_008369805.1,NZ_CP043613.1,65,50,46500,3,0.8455788816758673
Bacillota,GCF_009025915.1,NZ_CP045025.1,251,82,91491,12,1.3068770426185867
Bacillota,GCF_010365285.1,NZ_CP048288.1,251,62,73854,2,1.1028951215024008
Bacillota,GCF_012295505.1,NZ_CP051163.1,4,4,2829,11,1.129185429201721
Bacillota,GCF_012933245.2,NZ_CP059741.1,60,33,27540,1,1.4988179669030732
Bacillota,GCF_013146705.1,NZ_CP045269.1,22,8,8187,5,1.5047412867519034
Bacillota,GCF_013146705.1,NZ_CP045273.1,1170,489,494397,5,1.5135558374770344
Bacillota,GCF_013146705.1,NZ_CP045274.1,172,122,90927,5,1.2841929106531496
Bacillota,GCF_013267295.1,NZ_CP053971.1,249,81,90741,12,1.3049804995236831
Bacillota,GCF_013284455.2,NZ_CP085507.1,414,254,258351,1,0.3599483680619583
Bacillota,GCF_013284505.2,NZ_CP085511.1,412,253,249165,1,0.3530760412686282
Bacillota,GCF_013347265.1,NZ_CP054609.1,464,380,403002,18,1.02183912735671
Bacillota,GCF_013347265.1,NZ_CP054613.1,2303,1979,2075886,18,1.0223995125227752
Bacillota,GCF_013389435.1,NZ_CP058263.1,152,122,110358,18,1.118950247058311
Bacillota,GCF_013389435.1,NZ_CP058266.1,118,79,55716,18,1.0537784852779
Bacillota,GCF_013389435.1,NZ_CP058269.1,40,24,21297,18,1.0777817080592689
Bacillota,GCF_013458535.1,NZ_CP048884.1,155,118,102444,18,1.1034185100960228
Bacillota,GCF_013458535.1,NZ_CP048886.1,164,115,87471,18,1.1003172747528824
Bacillota,GCF_013458535.1,NZ_CP048891.1,74,35,24615,18,1.0508417379491766
Bacillota,GCF_013458535.1,NZ_CP048892.1,42,14,12225,18,1.0752083532959644
Bacillota,GCF_014692735.1,NZ_CP061173.1,162,51,56814,4,1.143126132115668
Bacillota,GCF_014905055.1,NZ_CP050543.1,57,29,25335,1,1.0166112956810631
Bacillota,GCF_016649195.2,NZ_CP117405.1,107,63,55848,2,0.5104213457596047
Bacillota,GCF_016649195.2,NZ_CP117408.1,78,36,39816,2,0.4989527267732825
Bacillota,GCF_017086545.1,NZ_CP069398.1,179,122,117543,16,1.184930891365246
Bacillota,GCF_017086545.1,NZ_CP069401.1,70,49,50193,16,1.1585295403762716
Bacillota,GCF_017086545.1,NZ_CP069402.1,48,32,29952,16,1.2012199691717869
Bacillota,GCF_017086565.1,NZ_CP069607.1,187,130,108768,16,1.1714560447012592
Bacillota,GCF_017086565.1,NZ_CP069609.1,64,48,43875,16,1.1827072194659556
Bacillota,GCF_017352315.1,NZ_CP071470.1,105,70,53112,17,1.1615562361166274
Bacillota,GCF_017352315.1,NZ_CP071473.1,96,75,55836,17,1.1468980119086256
Bacillota,GCF_017352315.1,NZ_CP071477.1,47,28,23790,17,1.1329661673724756
Bacillota,GCF_017576965.1,NZ_CP071896.1,35,27,23406,1,0.6696629213483146
Bacillota,GCF_017603845.1,NZ_CP071971.1,272,76,77727,1,0.573170731707317
Bacillota,GCF_017638885.1,NZ_CP072179.1,115,69,74814,1,1.6228727025187202
Bacillota,GCF_017743055.1,NZ_CP072474.1,211,162,119079,17,1.1175098416231397
Bacillota,GCF_017743055.1,NZ_CP072477.1,116,90,76173,17,1.0804033250450098
Bacillota,GCF_017798265.1,NZ_CP065214.1,136,92,81408,15,1.2226503308433492
Bacillota,GCF_017798265.1,NZ_CP065215.1,61,41,41916,15,1.2041827080005485
Bacillota,GCF_017840575.1,NZ_CP072659.1,57,25,21924,1,0.6356589147286822
Bacillota,GCF_017894345.1,NZ_CP059277.1,126,46,59529,1,0.4789644012944983
Bacillota,GCF_018219285.1,NZ_CP064407.1,143,102,99534,1,0.4696485623003195
Bacillota,GCF_018326305.1,NZ_AP023416.1,805,680,639885,11,1.21892742678
Bacillota,GCF_018408705.1,NZ_AP023421.1,488,439,406287,7,1.231972814330129
Bacillota,GCF_018517045.1,NZ_CP065768.1,137,93,81399,1,0.4978061428001596
Bacillota,GCF_018604565.1,NZ_CP075898.1,114,75,70761,1,0.7428571428571429
Bacillota,GCF_018739625.1,NZ_CP036019.1,35,26,23295,2,1.0285310836742825
Bacillota,GCF_018739645.1,NZ_CP036025.1,380,271,277266,1,0.3727770177838577
Bacillota,GCF_018739665.1,NZ_CP036030.1,351,240,224808,1,0.3440955329500221
Bacillota,GCF_018798865.1,NZ_CP076340.1,62,28,23928,1,0.6304347826086957
Bacillota,GCF_018884225.1,NZ_CP065541.1,131,52,61473,4,0.7404836578502236
Bacillota,GCF_018884705.1,NZ_CP037807.1,171,54,46929,1,0.4327485380116959
Bacillota,GCF_018884845.1,NZ_CP037823.1,179,59,48840,1,0.4298160696999032
Bacillota,GCF_018885325.1,NZ_CP076525.1,7,7,5184,1,1.7435897435897436
Bacillota,GCF_019175485.1,NZ_CP072889.1,1096,944,948822,1,0.982152256088808
Bacillota,GCF_019334685.1,NZ_CP079760.1,94,54,53655,1,0.752895752895753
Bacillota,GCF_019968665.1,NZ_CP083270.1,107,76,67500,15,1.2261800173576556
Bacillota,GCF_019968665.1,NZ_CP083271.1,58,39,43926,15,1.2072114636669238
Bacillota,GCF_020002245.1,NZ_CP082364.1,340,258,280083,15,0.9182898770032982
Bacillota,GCF_020097215.1,NZ_CP083617.1,161,55,46197,1,0.4869739478957915
Bacillota,GCF_020138415.1,NZ_CP075921.1,53,29,25287,1,0.2507836990595611
Bacillota,GCF_020138475.1,NZ_CP075931.1,55,36,29553,1,0.6016713091922006
Bacillota,GCF_020138515.1,NZ_CP075943.1,56,37,30294,1,0.5967741935483871
Bacillota,GCF_020138615.1,NZ_CP075960.1,52,25,26088,1,0.2752562225475842
Bacillota,GCF_020139275.1,NZ_CP076003.1,55,35,29769,1,0.5865921787709497
Bacillota,GCF_020139295.1,NZ_CP076006.1,55,25,24300,1,0.3246554364471669
Bacillota,GCF_020388395.1,NZ_CP077935.1,232,215,190923,8,1.0561811467775928
Bacillota,GCF_020628555.1,NZ_CP081467.1,174,52,58953,2,0.8558163692786124
Bacillota,GCF_020628735.1,NZ_CP081473.1,174,52,58926,2,0.8562276616591107
Bacillota,GCF_020790095.1,NZ_CP086209.1,164,122,91341,15,1.231776246237731
Bacillota,GCF_020790095.1,NZ_CP086210.1,61,40,43470,15,1.2012774584678148
Bacillota,GCF_020809185.1,NZ_CP083137.1,252,82,91470,12,1.3059766743108647
Bacillota,GCF_020995385.1,NZ_CP087960.1,74,41,44286,1,1.6697038724373576
Bacillota,GCF_021172105.3,NZ_CP092374.1,149,135,134814,1,0.1758436944937833
Bacillota,GCF_021172185.1,NZ_CP089149.1,171,58,50118,1,0.6212121212121212
Bacillota,GCF_021655315.1,NZ_AP022988.1,201,100,112011,1,0.3760217983651226
Bacillota,GCF_022023815.1,NZ_CP059458.1,40,25,21345,16,1.2126943342991257
Bacillota,GCF_022350025.1,NZ_CP092265.1,66,34,27288,1,0.4712041884816754
Bacillota,GCF_022537925.1,NZ_CP092389.1,120,85,82998,18,1.0980832843635129
Bacillota,GCF_022537925.1,NZ_CP092390.1,43,25,20142,18,1.1064596140260332
Bacillota,GCF_022537925.1,NZ_CP092391.1,30,16,12549,18,1.1490120089918467
Bacillota,GCF_022691485.1,NZ_CP092577.1,81,64,48018,1,0.4555382215288611
Bacillota,GCF_022811825.1,NZ_CP064098.1,115,85,79074,17,1.134393481463652
Bacillota,GCF_022811825.1,NZ_CP064102.1,62,43,47667,17,1.1288027172266446
Bacillota,GCF_022811865.1,NZ_CP064271.1,171,116,97311,15,1.2257449646857583
Bacillota,GCF_022811865.1,NZ_CP064274.1,59,41,44100,15,1.2048441814573856
Bacillota,GCF_022811885.1,NZ_CP064276.1,111,70,67191,15,1.227424155923155
Bacillota,GCF_022811885.1,NZ_CP064277.1,62,43,44940,15,1.2038809618219806
Bacillota,GCF_023159405.1,NZ_CP078082.1,288,207,241308,2,0.918975387037896
Bacillota,GCF_023159405.1,NZ_CP078085.1,39,28,26364,2,0.9959972247424882
Bacillota,GCF_023299725.1,NZ_CP097023.1,138,94,82308,1,0.4944794952681388
Bacillota,GCF_023380225.1,NZ_CP093363.1,59,24,19845,2,1.7862625647273835
Bacillota,GCF_023586825.4,NZ_CP097785.1,166,47,48972,6,1.42787138010915
Bacillota,GCF_023586845.4,NZ_CP097781.1,166,47,48972,6,1.42787138010915
Bacillota,GCF_023823145.1,NZ_CP077103.1,57,44,45024,2,1.4380460725022353
Bacillota,GCF_023823895.1,NZ_CP085716.1,83,65,61029,17,1.1678225982321482
Bacillota,GCF_023824035.1,NZ_CP085401.1,105,62,49785,1,0.6119402985074627
Bacillota,GCF_023824095.1,NZ_CP085411.1,38,27,23574,2,0.9956083699302504
Bacillota,GCF_023824135.1,NZ_CP085416.1,161,120,105231,17,1.1382069577398473
Bacillota,GCF_023824135.1,NZ_CP085422.1,109,67,45300,17,1.1706179220778434
Bacillota,GCF_023824135.1,NZ_CP085423.1,38,23,18609,17,1.097997239352173
Bacillota,GCF_023824155.1,NZ_CP085427.1,161,119,102357,2,1.0531081742535489
Bacillota,GCF_023824175.1,NZ_CP085432.1,164,123,107454,14,1.2785243959313155
Bacillota,GCF_023824175.1,NZ_CP085433.1,170,123,94761,14,1.276048309388646
Bacillota,GCF_023824175.1,NZ_CP085438.1,47,28,21312,14,1.2268022430426806
Bacillota,GCF_023824175.1,NZ_CP085439.1,45,22,16557,14,1.2315594264796017
Bacillota,GCF_023824175.1,NZ_CP085440.1,48,24,17790,14,1.2658504493516098
Bacillota,GCF_023824195.1,NZ_CP085443.1,176,127,89754,18,1.0935888891348884
Bacillota,GCF_023824195.1,NZ_CP085444.1,113,85,71373,18,1.0866617517351769
Bacillota,GCF_023824195.1,NZ_CP085448.1,86,59,36531,18,1.091364004230328
Bacillota,GCF_024172645.1,NZ_CP016468.1,203,169,147099,18,1.056176212584253
Bacillota,GCF_024181685.1,NZ_CP060174.1,2,1,237,13,1.1234432234432234
Bacillota,GCF_024181705.1,NZ_CP060183.1,29,16,9723,1,0.3524229074889868
Bacillota,GCF_024181705.1,NZ_CP060185.1,32,22,23487,1,0.7737909516380655
Bacillota,GCF_024204785.1,NZ_CP093183.1,11,8,5250,1,1.6
Bacillota,GCF_024204905.1,NZ_CP093199.1,43,26,19338,1,1.670807453416149
Bacillota,GCF_024204985.1,NZ_CP093214.1,15,8,5367,1,1.5778894472361809
Bacillota,GCF_024509915.1,NZ_CP063415.1,102,81,65412,1,1.24468085106383
Bacillota,GCF_024599955.1,NZ_CP102306.1,56,25,23025,1,0.2686567164179104
Bacillota,GCF_024652885.1,NZ_CP102426.1,147,44,59292,2,1.2055319276162857
Bacillota,GCF_025309655.1,NZ_CP104393.1,975,809,791904,1,0.969668579458953
Bacillota,GCF_025913555.1,NZ_CP109762.1,122,83,62196,16,1.2146696493125586
Bacillota,GCF_025913555.1,NZ_CP109763.1,66,39,54135,16,1.1934099768344195
Bacillota,GCF_025919585.1,NZ_CP109861.1,45,28,21861,15,1.2323852054464992
Bacillota,GCF_025947955.1,NZ_CP097258.1,218,139,127449,3,0.7490607229659499
Bacillota,GCF_025947955.1,NZ_CP097261.1,277,87,99507,3,0.7338763715089978
Bacillota,GCF_026072755.1,NZ_AP025230.1,56,36,30807,1,0.6490765171503958
Bacillota,GCF_026639055.1,NZ_CP113254.1,52,33,27663,1,0.3987915407854985
Bacillota,GCF_026650925.1,NZ_CP086149.1,103,80,59160,1,0.4788494077834179
Bacillota,GCF_026651605.1,NZ_CP104065.1,137,112,99192,1,1.043265306122449
Bacillota,GCF_026802365.1,NZ_CP113830.1,49,31,37068,1,0.3582089552238806
Bacillota,GCF_026802385.1,NZ_CP113835.1,50,31,37068,1,0.3582089552238806
Bacillota,GCF_027594565.1,NZ_CP087100.1,70,49,38646,1,0.4954838709677419
Bacillota,GCF_028335185.1,NZ_CP116511.1,447,393,388380,12,0.7502500755839884
Bacillota,GCF_028335525.1,NZ_CP116537.1,128,85,84264,1,0.4101145792177005
Bacillota,GCF_028335565.1,NZ_CP116541.1,146,106,98055,1,0.5204582651391162
Bacillota,GCF_028335605.1,NZ_CP116547.1,146,106,98055,1,0.5204582651391162
Bacillota,GCF_028335625.1,NZ_CP116550.1,146,106,98298,1,0.5222513089005236
Bacillota,GCF_028622975.1,NZ_CP117690.1,60,40,45498,15,1.2141932642053512
Bacillota,GCF_028622975.1,NZ_CP117691.1,163,84,63408,15,1.1927106922425836
Bacillota,GCF_028747985.1,NZ_CP118109.1,241,59,79917,2,0.8202400355608238
Bacillota,GCF_028994175.1,NZ_CP118719.1,147,106,94644,13,1.22579581217735
Bacillota,GCF_028994175.1,NZ_CP118720.1,35,26,22635,13,1.1656003107876047
Bacillota,GCF_029010235.1,NZ_CP118033.1,88,43,44193,1,1.6595744680851063
Bacillota,GCF_029144185.1,NZ_CP110233.1,58,33,24414,1,1.5880239520958084
Bacillota,GCF_029144405.1,NZ_CP110241.1,55,32,23832,1,1.5896805896805897
Bacillota,GCF_029857305.2,NZ_CP187687.1,86,59,53046,14,1.2945912303279992
Bacillota,GCF_029857305.2,NZ_CP187688.1,51,31,52134,14,1.2679712905290033
Bacillota,GCF_029857455.2,NZ_CP187634.1,128,94,72186,5,1.325131416312488
Bacillota,GCF_029857455.2,NZ_CP187638.1,67,49,34788,5,1.3163762752423938
Bacillota,GCF_029857455.2,NZ_CP187644.1,3,1,168,3,1.2
Bacillota,GCF_029857535.2,NZ_CP187618.1,60,41,50751,15,1.2226076779288866
Bacillota,GCF_029857545.2,NZ_CP187622.1,141,107,98508,17,1.152268338869595
Bacillota,GCF_029857545.2,NZ_CP187624.1,106,60,43164,17,1.1334543941247248
Bacillota,GCF_029857545.2,NZ_CP187626.1,46,24,22536,17,1.143386940884596
Bacillota,GCF_029857545.2,NZ_CP187627.1,50,27,17142,17,1.1461443907751685
Bacillota,GCF_029906445.1,NZ_CP123736.1,60,44,42636,4,0.9474204800817564
Bacillota,GCF_030014005.1,NZ_CP118821.1,8,6,5460,1,1.4857142857142858
Bacillota,GCF_030285945.1,NZ_CP127374.1,80,42,42066,2,0.7980496324867186
Bacillota,GCF_030291715.1,NZ_CP127877.1,60,43,48639,15,1.2043331378656097
Bacillota,GCF_030291715.1,NZ_CP127878.1,81,50,38973,15,1.2314743186853896
Bacillota,GCF_030374065.1,NZ_CP128553.1,100,60,53688,15,1.20004162577526
Bacillota,GCF_030374065.1,NZ_CP128555.1,60,42,45255,15,1.2083257647271308
Bacillota,GCF_030406185.1,NZ_CP129008.1,152,122,110247,16,1.2015903660756655
Bacillota,GCF_030406185.1,NZ_CP129011.1,41,25,22947,16,1.147519563670276
Bacillota,GCF_030435955.1,NZ_CP129377.1,14,7,5154,1,1.6021505376344083
Bacillota,GCF_030520145.1,NZ_CP130478.1,41,26,21903,18,1.057213032192225
Bacillota,GCF_030585465.1,NZ_CP077617.1,73,53,44181,1,0.4728506787330316
Bacillota,GCF_030585485.1,NZ_CP077620.1,63,47,34284,1,0.5221238938053098
Bacillota,GCF_030585525.1,NZ_CP077626.1,65,49,37113,1,0.4489795918367347
Bacillota,GCF_030585545.1,NZ_CP077630.1,68,50,36735,1,0.4925975773889636
Bacillota,GCF_030910025.2,NZ_CP175676.1,212,157,148782,1,0.5592233009708738
Bacillota,GCF_031216075.1,NZ_CP091447.1,35,26,23211,2,1.0163540163540163
Bacillota,GCF_032818155.1,NZ_CP102590.1,1340,1119,1043850,16,1.1876147086869264
Bacillota,GCF_032920365.1,NZ_CP136671.1,53,41,36462,1,0.7025089605734768
Bacillota,GCF_033450805.1,NZ_CP137801.1,67,41,53385,16,1.1748038233769198
Bacillota,GCF_033450805.1,NZ_CP137805.1,193,123,92781,16,1.1912657973484868
Bacillota,GCF_033450805.1,NZ_CP137806.1,48,25,17103,16,1.1755268037296704
Bacillota,GCF_034274435.1,NZ_CP132148.1,173,55,48756,1,0.456461961503208
Bacillota,GCF_034479695.1,NZ_CP140268.1,380,368,330762,18,1.1303674947292768
Bacillota,GCF_034479695.1,NZ_CP140269.1,59,46,36702,18,1.0074406948546872
Bacillota,GCF_034479695.1,NZ_CP140271.1,162,124,98844,18,1.036988204346537
Bacillota,GCF_034479695.1,NZ_CP140272.1,57,31,36849,18,0.9999952472219568
Bacillota,GCF_035658515.1,NZ_CP141998.1,173,69,64695,1,0.5584415584415584
Bacillota,GCF_036266595.1,NZ_CP142821.1,125,121,119142,1,0.8937373737373737
Bacillota,GCF_036352215.1,NZ_CP143580.1,708,620,592806,13,1.1731301518439503
Bacillota,GCF_036670015.1,NZ_CP137638.1,8,6,5658,18,0.981102523015969
Bacillota,GCF_036894225.1,NZ_CP145893.1,271,145,165435,2,1.3309856696514286
Bacillota,GCF_037039575.1,NZ_CP146259.1,179,144,122253,17,1.1353662371854971
Bacillota,GCF_037039575.1,NZ_CP146263.1,84,55,42345,17,1.1648876685211982
Bacillota,GCF_037039575.1,NZ_CP146264.1,40,24,21297,17,1.1134226337567117
Bacillota,GCF_037081845.1,NZ_CP146500.1,65,45,47037,15,1.212560319781996
Bacillota,GCF_037496145.1,NZ_CP148616.1,58,34,29061,1,0.576923076923077
Bacillota,GCF_037498835.1,NZ_CP148627.1,58,33,28506,1,0.6814404432132964
Bacillota,GCF_037517435.1,NZ_CP148707.1,62,30,25047,1,0.4217252396166134
Bacillota,GCF_037522945.1,NZ_CP148728.1,55,33,28503,1,0.6434782608695653
Bacillota,GCF_037757895.1,NZ_CP148129.1,98,55,53628,1,0.7384916748285995
Bacillota,GCF_037892055.1,NZ_CP141705.1,9,8,5997,1,0.3333333333333333
Bacillota,GCF_037892055.1,NZ_CP141706.1,16,16,14856,1,0.2818791946308725
Bacillota,GCF_037918115.1,NZ_CP149671.1,105,100,87849,18,1.2456955489806754
Bacillota,GCF_037918385.1,NZ_CP149674.1,105,100,87840,18,1.2459830450587608
Bacillota,GCF_037918925.1,NZ_CP149681.1,17,15,15351,18,1.153004238768401
Bacillota,GCF_037918925.1,NZ_CP149682.1,3,3,4077,18,1.3034442410440117
Bacillota,GCF_037919795.1,NZ_CP149690.1,102,97,83772,17,1.3221845305898332
Bacillota,GCF_037919795.1,NZ_CP149692.1,3,3,4077,17,1.39095072676032
Bacillota,GCF_037926405.1,NZ_CP149720.1,148,136,127176,17,1.2926752620359785
Bacillota,GCF_037926405.1,NZ_CP149721.1,93,89,76857,17,1.3906052344871742
Bacillota,GCF_037926405.1,NZ_CP149723.1,9,8,6915,17,1.205514578424404
Bacillota,GCF_037930425.1,NZ_CP149735.1,3,3,4077,1,2.25
Bacillota,GCF_037931105.1,NZ_CP149737.1,93,89,76857,18,1.255735284652892
Bacillota,GCF_037931105.1,NZ_CP149738.1,9,8,6915,18,1.098939413230063
Bacillota,GCF_037931105.1,NZ_CP149740.1,3,3,4077,18,1.3054283680281389
Bacillota,GCF_037941305.1,NZ_CP149760.1,102,97,83790,17,1.3224288975856793
Bacillota,GCF_037941545.1,NZ_CP149764.1,3,3,4077,15,1.6065678510904584
Bacillota,GCF_038447705.1,NZ_CP151781.1,163,125,100422,15,1.2135444000449822
Bacillota,GCF_038447705.1,NZ_CP151784.1,59,46,36702,15,1.1632984982671055
Bacillota,GCF_038561975.1,NZ_CP151868.1,550,509,466296,18,1.0517353725392773
Bacillota,GCF_038561975.1,NZ_CP151869.1,175,166,175494,18,1.0235116742357615
Bacillota,GCF_038561975.1,NZ_CP151871.1,99,91,80823,18,1.0026798513065538
Bacillota,GCF_038561975.1,NZ_CP151874.1,50,50,43038,18,0.9743950385951872
Bacillota,GCF_038561975.1,NZ_CP151876.1,14,14,13116,18,1.1419234858738203
Bacillota,GCF_038561975.1,NZ_CP151877.1,16,16,12375,18,1.08551235354885
Bacillota,GCF_039620435.1,NZ_CP154919.1,95,55,54339,1,0.7545717035611165
Bacillota,GCF_040114905.1,NZ_CP157505.1,130,88,72234,4,1.0966895155906962
Bacillota,GCF_040114905.1,NZ_CP157506.1,36,15,9750,4,1.0927110556056647
Bacillota,GCF_040409965.1,NZ_CP158672.1,89,54,41502,1,0.6860356138706655
Bacillota,GCF_040448705.1,NZ_CP159302.1,37,27,23871,1,0.6357615894039735
Bacillota,GCF_040500475.1,NZ_CP159359.1,81,32,25743,3,1.211744662032162
Bacillota,GCF_040581435.1,NZ_CP095317.1,22,17,14430,1,0.4736842105263157
Bacillota,GCF_040628475.2,NZ_CP191147.1,38,36,33471,17,1.262463721130511
Bacillota,GCF_041080605.1,NZ_CP163560.1,45,26,19827,1,1.658605974395448
Bacillota,GCF_041545735.1,NZ_CP168145.1,83,60,40047,16,1.1697868327749092
Bacillota,GCF_041545735.1,NZ_CP168149.1,139,90,78111,16,1.1924070579601973
Bacillota,GCF_041902395.1,NZ_CP169255.1,162,122,107226,9,1.1965305624279234
Bacillota,GCF_041902395.1,NZ_CP169256.1,172,123,94707,9,1.1784459840534625
Bacillota,GCF_041902395.1,NZ_CP169258.1,99,65,48132,9,1.22717188573842
Bacillota,GCF_041941685.1,NZ_CP130963.1,75,55,42348,16,1.1502910220100286
Bacillota,GCF_041941685.1,NZ_CP130964.1,79,52,36135,16,1.193605333548286
Bacillota,GCF_041941685.1,NZ_CP130967.1,44,30,24435,16,1.2059888467451956
Bacillota,GCF_042019215.1,NZ_CP168126.1,16,8,4215,9,1.368356888482144
Bacillota,GCF_043522765.1,NZ_CP025622.1,63,30,21729,17,1.1503936922070988
Bacillota,GCF_043522765.1,NZ_CP025623.1,70,46,47625,17,1.1096222460800955
Bacillota,GCF_043634175.1,NZ_CP171620.1,9,8,12144,1,0.2111111111111111
Bacillota,GCF_044183005.1,NZ_CP171808.1,125,47,42981,1,0.5826771653543307
Bacillota,GCF_044791675.1,NZ_CP087727.1,62,43,41259,1,1.0495049504950495
Bacillota,GCF_044793965.1,NZ_CP085015.1,147,65,67137,1,0.8571428571428571
Bacillota,GCF_044794335.1,NZ_CP085005.1,86,50,41880,1,0.9154929577464788
Bacillota,GCF_044809045.1,NZ_CP085239.1,85,50,41880,1,0.9154929577464788
Bacillota,GCF_045348665.1,NZ_CP162498.1,190,190,154887,15,1.2616043513787527
Bacillota,GCF_045348665.1,NZ_CP162499.1,126,77,71457,15,1.09470687376929
Bacillota,GCF_045819105.1,NZ_CP174471.1,145,118,115416,3,0.921372996304548
Bacillota,GCF_045819105.1,NZ_CP174473.1,132,88,79416,3,0.8368172048631298
Bacillota,GCF_045933235.1,NZ_CP064531.1,8,6,5547,1,1.4871794871794872
Bacillota,GCF_045934275.1,NZ_CP064538.1,8,6,5547,1,1.4871794871794872
Bacillota,GCF_045935655.1,NZ_CP064551.1,19,9,5463,1,1.643979057591623
Bacillota,GCF_045936875.1,NZ_CP064570.1,37,22,15018,1,1.6435185185185186
Bacillota,GCF_045936875.1,NZ_CP064571.1,16,15,10365,1,1.6246498599439776
Bacillota,GCF_047150185.1,NZ_AP027085.1,57,33,27717,1,0.6461538461538462
Bacillota,GCF_047220215.1,NZ_CP178377.1,12,10,6489,1,1.3125
Bacillota,GCF_047782835.1,NZ_CP180720.1,43,23,19827,16,1.151900265428775
Bacillota,GCF_048320255.1,NZ_CP182870.1,20,17,15627,2,0.3599620411508433
Bacillota,GCF_048961755.1,NZ_CP185247.1,67,33,27858,1,1.746951219512195
Bacillota,GCF_048987465.1,NZ_CP185257.1,176,113,98538,15,1.1867105286014912
Bacillota,GCF_048987465.1,NZ_CP185258.1,58,39,43926,15,1.2076940068212652
Bacillota,GCF_049532685.1,NZ_CP150956.1,142,92,66615,17,1.1446976478497797
Bacillota,GCF_049532685.1,NZ_CP150961.1,172,135,114000,17,1.1391044664374563
Bacillota,GCF_049532685.1,NZ_CP150962.1,39,23,20106,17,1.1106768752189182
Bacillota,GCF_049532695.1,NZ_CP150965.1,142,92,66822,17,1.1423082862412794
Bacillota,GCF_049532695.1,NZ_CP150970.1,174,136,113898,17,1.141483946080702
Bacillota,GCF_049532695.1,NZ_CP150971.1,38,22,19665,17,1.1127217352087175
Bacillota,GCF_049942725.1,NZ_CP187835.1,2923,2560,2472174,18,0.8879693020780874
Bacillota,GCF_049942725.1,NZ_CP187836.1,1,1,543,17,0.9945569680863798
Bacillota,GCF_049991395.1,NZ_CP188234.1,115,46,32493,1,0.4674418604651162
Bacillota,GCF_050208505.1,NZ_CP189786.1,100,82,63615,18,1.1006947440949246
Bacillota,GCF_050208505.1,NZ_CP189787.1,94,67,55572,18,1.0689051730013392
Bacillota,GCF_050208505.1,NZ_CP189789.1,28,18,14364,18,1.0947316691425175
Bacillota,GCF_050209755.1,NZ_CP189800.1,174,138,117447,17,1.1381962243990922
Bacillota,GCF_050209755.1,NZ_CP189803.1,97,64,51672,17,1.1523688203960392
Bacillota,GCF_050209755.1,NZ_CP189805.1,56,37,30192,17,1.1103788299403623
Bacillota,GCF_905315395.2,NZ_OX419571.1,95,53,52050,1,0.735609756097561
Bacillota,GCF_907165365.1,NZ_OU015710.1,115,47,45363,2,0.5612029252664742
Bacillota,GCF_907177285.1,NZ_OU016038.1,116,48,46536,2,0.5705182634356785
Bacillota,GCF_963227115.1,NZ_OY724135.1,54,32,27612,1,0.6577540106951871
Bacillota,GCF_963227135.1,NZ_OY724140.1,54,32,27594,1,0.6595174262734584
Bacillota,GCF_963360705.1,NZ_OY725726.1,48,41,54555,18,0.8602366721012311
Bacillota,GCF_963360705.1,NZ_OY725727.1,55,47,42360,18,0.8683585502298289
Bacillota,GCF_963360705.1,NZ_OY725729.1,18,16,24810,18,0.8612329572011741
Bacillota,GCF_963360705.1,NZ_OY725736.1,438,361,394617,18,0.8488733394469851
Bacillota,GCF_963360705.1,NZ_OY725739.1,278,232,256872,18,0.8393876990582899
Bacillota,GCF_963360705.1,NZ_OY725740.1,299,244,239757,18,0.8708816359174585
Bacillota,GCF_963360705.1,NZ_OY725741.1,247,212,225906,18,0.8353449924531628
Bacillota,GCF_963360705.1,NZ_OY725742.1,130,99,114324,18,0.8488016136078572
Bacillota,GCF_963360705.1,NZ_OY725743.1,117,97,132327,18,0.8353204592652287
Bacillota,GCF_963360705.1,NZ_OY725744.1,56,49,56484,18,0.8483908015128249
Bacillota,GCF_964062745.1,NZ_OZ061261.1,49,34,28419,1,0.3380281690140845
Bacillota,GCF_964065165.1,NZ_OZ061551.1,40,29,28245,1,0.6336633663366337
Bacillota,GCF_964065165.1,NZ_OZ061552.1,45,28,23931,1,0.4141592920353982
Bacteroidota,GCF_000024525.1,NC_013734.1,13,9,6168,2,0.8894520547945205
Bacteroidota,GCF_000024525.1,NC_013736.1,8,6,4689,2,0.9601809954751132
Bacteroidota,GCF_000024525.1,NC_013737.1,11,7,4074,2,0.8304780326056922
Bacteroidota,GCF_001310085.1,NZ_CP012645.1,6,5,4440,2,0.788888888888889
Bacteroidota,GCF_002849695.1,NZ_CP018938.1,17,14,19611,2,1.0752136752136752
Bacteroidota,GCF_012849055.1,NZ_CP051678.1,218,148,151824,1,0.8175912043978011
Bacteroidota,GCF_013874375.1,NZ_CP059406.1,20,13,16347,3,1.0411966475207506
Bacteroidota,GCF_013874375.1,NZ_CP059409.1,29,19,23079,3,0.9932411098961218
Bacteroidota,GCF_014217645.1,NZ_CP043649.1,108,73,76695,1,1.2817843866171004
Bacteroidota,GCF_018736065.1,NZ_CP076130.1,424,314,482583,1,1.8960844980262457
Bacteroidota,GCF_020091525.1,NZ_CP081918.1,193,136,139824,3,0.9682907934272388
Bacteroidota,GCF_036492425.1,NZ_AP025295.1,321,255,285894,6,0.8835009045438061
Bacteroidota,GCF_036492425.1,NZ_AP025304.1,11,10,8703,6,1.1091434661941275
Bacteroidota,GCF_036492635.1,NZ_AP025313.1,1,1,1314,2,0.9457013574660634
Bacteroidota,GCF_036492835.1,NZ_AP025316.1,246,195,322593,4,1.07943600222993
Bacteroidota,GCF_036492835.1,NZ_AP025328.1,2,1,969,4,0.7475551624158436
Bacteroidota,GCF_037126295.1,NZ_CP147018.1,495,365,430731,2,1.2202821494795888
Campylobacterota,GCF_046271955.1,NZ_CP176661.1,1631,1444,1418862,18,0.8695774494087257
Chloroflexota,GCF_030389965.1,NZ_CP128401.1,290,219,266223,5,0.8615188959089416
Cyanobacteriota,GCF_000009705.1,NC_003273.1,68,29,25662,15,1.0266643355199736
Cyanobacteriota,GCF_000316645.1,NC_019677.1,85,41,35688,13,1.042623219839995
Cyanobacteriota,GCF_002813575.1,NZ_CP024793.1,740,325,385401,7,0.9277033963747232
Cyanobacteriota,GCF_002896875.1,NZ_CP023279.1,40,21,19863,16,0.9835027477774344
Cyanobacteriota,GCF_002949735.1,NZ_CP026690.1,81,28,28338,16,1.0191460849384255
Cyanobacteriota,GCF_009873495.1,NZ_CP046707.1,87,28,22971,17,1.0782303708252083
Cyanobacteriota,GCF_011769525.1,NZ_CP050441.1,96,47,42501,13,0.9903338732606576
Cyanobacteriota,GCF_013393905.1,NZ_CP040279.1,121,33,26757,17,1.021400702477271
Cyanobacteriota,GCF_013393925.1,NZ_CP040290.1,163,72,69138,17,1.0267137230122951
Cyanobacteriota,GCF_013393945.1,NZ_CP040298.1,170,89,103551,15,1.050469865935214
Cyanobacteriota,GCF_019976755.1,NZ_AP023446.1,71,21,8580,13,0.9319736533851212
Cyanobacteriota,GCF_020091585.1,NZ_CP083583.1,1036,673,726039,17,0.9190048528449032
Cyanobacteriota,GCF_022063185.1,NZ_CP091914.1,208,99,137709,1,1.0606253988513084
Cyanobacteriota,GCF_025677855.1,NZ_CP064882.1,120,72,103911,16,1.1291374846198166
Cyanobacteriota,GCF_025860405.1,NZ_CP063788.1,124,80,119223,16,1.127488501281727
Cyanobacteriota,GCF_043099725.1,NZ_CP171144.1,74,31,28197,15,1.1172462391102598
Cyanobacteriota,GCF_047275885.1,NZ_CP178457.1,31,21,21636,16,1.0341508225131115
Cyanobacteriota,GCF_048568235.1,NZ_CP183821.1,62,27,23676,15,1.023356739432814
Cyanobacteriota,GCF_048568275.1,NZ_CP183477.1,63,26,21948,15,1.018580829128211
Cyanobacteriota,GCF_049315035.1,NZ_CP186040.1,51,29,26295,11,1.0304080223225531
Deinococcota,GCF_003345215.1,NZ_CP031159.1,262,238,262368,1,0.2957046849128275
Deinococcota,GCF_003345215.1,NZ_CP031163.1,681,422,436065,1,0.5670916098428699
Deinococcota,GCF_003444775.1,NZ_CP021084.1,358,105,117402,5,1.2437283795067562
Deinococcota,GCF_003583865.2,NZ_CP182822.1,405,343,370398,7,1.252651325977182
Deinococcota,GCF_003583865.2,NZ_CP182823.1,322,186,191883,7,1.1666459361795876
Deinococcota,GCF_020229735.1,NZ_CP083456.1,372,282,299307,1,0.3855799373040752
Deinococcota,GCF_022344005.1,NZ_CP092194.1,378,283,287061,1,0.4857685009487666
Deinococcota,GCF_023370075.1,NZ_CP097151.1,478,348,388602,11,1.1470781769909402
Deinococcota,GCF_023370075.1,NZ_CP097152.1,518,339,320211,11,1.1443271106911206
Deinococcota,GCF_040256395.1,NZ_CP158298.1,379,255,254196,5,1.9572286115921775
Deinococcota,GCF_040256395.1,NZ_CP158300.1,368,296,344760,5,2.08242386731954
Deinococcota,GCF_045784255.1,NZ_CP129416.1,587,472,542172,7,1.0582221930629998
Deinococcota,GCF_045784255.1,NZ_CP129420.1,137,83,80991,7,1.0992571985632709
Fusobacteriota,GCF_000165505.1,NC_014633.1,892,736,732372,14,1.1024861532593682
Fusobacteriota,GCF_001455145.1,NZ_CP013332.1,59,28,30093,1,0.4130925507900677
Fusobacteriota,GCF_022430525.1,NZ_CP092520.1,629,539,587238,12,1.5063718208245025
Fusobacteriota,GCF_022430525.1,NZ_CP092521.1,170,141,134847,12,1.4611990170898166
Fusobacteriota,GCF_036324545.1,NZ_CP143320.1,583,510,558015,12,1.5046202421235122
Fusobacteriota,GCF_036324545.1,NZ_CP143321.1,212,177,173865,12,1.4744584040873026
Fusobacteriota,GCF_037911825.1,NZ_CP084075.1,1869,1649,1743216,18,1.0437242500777153
Fusobacteriota,GCF_044784365.2,NZ_CP173060.2,195,164,150120,12,1.4822828569902489
Fusobacteriota,GCF_044784365.2,NZ_CP173062.2,620,525,563118,12,1.5123815514243006
Fusobacteriota,GCF_045780855.1,NZ_CP122286.1,173,141,124662,12,1.4628311779729086
Fusobacteriota,GCF_045780855.1,NZ_CP122291.1,655,529,530163,12,1.5083198282848738
Fusobacteriota,GCF_045781735.1,NZ_CP122293.1,178,144,128997,12,1.4693509841391907
Fusobacteriota,GCF_045781735.1,NZ_CP122294.1,658,533,533727,12,1.503791138329344
Fusobacteriota,GCF_050033475.1,NZ_CP188321.1,147,128,131796,16,1.2909134696642424
Fusobacteriota,GCF_050033475.1,NZ_CP188326.1,46,38,39990,16,1.253058451230883
Methanobacteriota,GCF_000011085.1,NC_006394.1,165,102,95334,1,1.263959390862944
Methanobacteriota,GCF_000025625.1,NC_013923.1,323,261,275172,1,0.855719327382188
Methanobacteriota,GCF_000196895.1,NC_014298.1,337,250,252027,1,0.6787502157776627
Methanobacteriota,GCF_000306765.2,NC_017943.1,269,207,227913,1,1.0124923202949008
Methanobacteriota,GCF_001488575.1,NZ_LN831305.1,115,69,62172,1,1.1477203647416414
Methanobacteriota,GCF_002906575.1,NZ_CP026311.1,198,99,100389,1,1.1938551572787126
Methanobacteriota,GCF_003342675.1,NZ_CP031149.1,122,59,69129,1,1.3112947658402203
Methanobacteriota,GCF_003342695.1,NZ_CP031152.1,87,45,39036,7,1.107393783130146
Methanobacteriota,GCF_003721175.2,NZ_CP054708.1,539,428,458160,1,0.1339489465584036
Methanobacteriota,GCF_003721175.2,NZ_CP054709.1,384,268,278496,1,0.3990333494441759
Methanobacteriota,GCF_003721175.2,NZ_CP054710.1,107,54,70089,1,0.6651009863785815
Methanobacteriota,GCF_004114375.1,NZ_CP034691.1,82,49,49062,1,0.8333333333333334
Methanobacteriota,GCF_004799645.1,NZ_CP031306.1,755,569,562659,6,1.1409138957395453
Methanobacteriota,GCF_004799645.1,NZ_CP031308.1,112,58,83613,6,1.09514475791483
Methanobacteriota,GCF_004799645.1,NZ_CP031309.1,89,79,78381,6,1.135896946785172
Methanobacteriota,GCF_005310945.1,NZ_CP039134.1,159,83,82695,2,0.9826115558074804
Methanobacteriota,GCF_005310945.1,NZ_CP039136.1,260,179,172887,2,1.037244238103134
Methanobacteriota,GCF_005406325.1,NZ_CP039141.1,270,208,227583,1,1.011277424646299
Methanobacteriota,GCF_005576615.1,NZ_CP040331.1,432,276,274905,8,1.1086750103903125
Methanobacteriota,GCF_013401515.1,NZ_CP058532.1,218,43,44436,13,1.0770178862235384
Methanobacteriota,GCF_018200015.1,NZ_CP073368.1,496,305,303267,1,0.898989898989899
Methanobacteriota,GCF_019823105.1,NZ_CP081959.1,264,180,168855,1,1.2097984986171473
Methanobacteriota,GCF_019880245.1,NZ_CP082287.1,219,138,148866,7,1.084756297448252
Methanobacteriota,GCF_019880245.1,NZ_CP082289.1,177,118,102564,7,1.1016418788341562
Methanobacteriota,GCF_020614375.1,NZ_CP085328.1,456,339,314376,2,0.5214113589706065
Methanobacteriota,GCF_020614375.1,NZ_CP085333.1,275,194,187188,2,0.7041113584272389
Methanobacteriota,GCF_020618475.1,NZ_CP085337.1,708,539,531096,2,0.3963724551469059
Methanobacteriota,GCF_020618475.1,NZ_CP085339.1,583,374,308835,2,0.5945520832532132
Methanobacteriota,GCF_020700235.1,NZ_CP085302.1,577,391,334317,2,0.6068364226488787
Methanobacteriota,GCF_020700235.1,NZ_CP085303.1,292,215,219234,2,0.9358765098088668
Methanobacteriota,GCF_020700235.1,NZ_CP085304.1,281,168,143706,2,0.7086317538102318
Methanobacteriota,GCF_020700235.1,NZ_CP085306.1,104,76,65943,2,0.6937296877599689
Methanobacteriota,GCF_021249405.1,NZ_CP089595.1,126,75,72510,2,0.8998346387712469
Methanobacteriota,GCF_021431925.1,NZ_CP090373.1,140,82,80388,1,1.1928571428571428
Methanobacteriota,GCF_022870485.1,NZ_CP095006.1,352,202,212232,3,0.5910287535640494
Methanobacteriota,GCF_022870485.1,NZ_CP095007.1,223,163,163716,3,0.5428638226389458
Methanobacteriota,GCF_022870485.1,NZ_CP095009.1,332,238,222663,3,0.4644212099223595
Methanobacteriota,GCF_023008545.1,NZ_CP095398.1,683,533,552723,6,1.0121821464719365
Methanobacteriota,GCF_023238205.1,NZ_CP096662.1,164,95,95094,10,1.1974589064095438
Methanobacteriota,GCF_023238205.1,NZ_CP096663.1,131,72,74433,10,1.1986566187157126
Methanobacteriota,GCF_023703795.1,NZ_CP098520.1,185,106,110415,7,1.0158225154118004
Methanobacteriota,GCF_024218795.1,NZ_CP100402.1,343,244,236751,2,0.8621826698962498
Methanobacteriota,GCF_024218795.1,NZ_CP100403.1,310,173,161433,2,0.9865409422996748
Methanobacteriota,GCF_024228315.1,NZ_CP100457.1,141,81,69471,1,1.1721958925750395
Methanobacteriota,GCF_024228675.1,NZ_CP100462.1,379,279,285372,1,1.0268199233716475
Methanobacteriota,GCF_024298865.1,NZ_CP101162.1,276,167,163776,1,1.3968853232656913
Methanobacteriota,GCF_026248685.1,NZ_CP111040.1,517,394,402336,2,0.6541363617753427
Methanobacteriota,GCF_026248685.1,NZ_CP111041.1,498,403,383682,2,0.4977769488824652
Methanobacteriota,GCF_026248685.1,NZ_CP111042.1,385,278,244212,2,0.6819811573656536
Methanobacteriota,GCF_028747785.1,NZ_CP118160.1,142,78,81846,10,1.2187081848587815
Methanobacteriota,GCF_029278565.1,NZ_CP119561.1,344,232,219759,12,1.194512152176758
Methanobacteriota,GCF_029338335.1,NZ_CP119797.1,725,605,669621,1,0.348813899097895
Methanobacteriota,GCF_029338335.1,NZ_CP119800.1,333,268,281787,1,0.2979274611398964
Methanobacteriota,GCF_030127105.1,NZ_CP126162.1,464,381,361845,1,0.4088647670737223
Methanobacteriota,GCF_030505615.1,NZ_CP129994.1,519,203,244014,13,1.016982850450186
Methanobacteriota,GCF_036584055.1,NZ_CP144462.1,383,281,237627,1,0.650593471810089
Methanobacteriota,GCF_036584055.1,NZ_CP144463.1,237,172,135888,1,0.6776091669247445
Methanobacteriota,GCF_037335815.1,NZ_CP147842.1,520,380,324105,1,1.0492177314211213
Methanobacteriota,GCF_037914945.1,NZ_CP149788.1,325,251,257523,1,1.623008161678974
Methanobacteriota,GCF_040435975.1,NZ_CP159205.1,198,117,117753,9,1.2560423110502237
Methanobacteriota,GCF_049568665.1,NZ_CP145897.1,3204,2596,2356284,18,1.3897184619158778
Methanobacteriota,GCF_049568665.1,NZ_CP145898.1,366,295,291393,18,1.3965573591021063
Methanobacteriota,GCF_049568665.1,NZ_CP145902.1,362,304,297636,18,1.275159974110924
Mycoplasmatota,GCF_900660435.1,NZ_LR214941.1,17,15,18597,1,0.6049586776859505
Mycoplasmatota,GCF_900660475.1,NZ_LR214949.1,693,558,611046,18,1.1941286647784335
Mycoplasmatota,GCF_900660485.1,NZ_LR214952.1,31,20,15561,1,0.4792899408284024
Mycoplasmatota,GCF_900660545.1,NZ_LR214986.1,762,585,688899,18,1.1016967840248868
Mycoplasmatota,GCF_900660565.1,NZ_LR214993.1,234,187,211920,13,1.244981829329172
Mycoplasmatota,GCF_900660635.1,NZ_LR215032.1,308,257,303417,13,1.1964566430175827
Pseudomonadota,GCF_000009165.1,NC_007505.1,21,14,13806,1,0.1034482758620689
Pseudomonadota,GCF_000009165.1,NC_007507.1,180,91,105069,1,0.1773981603153745
Pseudomonadota,GCF_000010725.1,NC_013855.1,1137,1013,1204926,14,1.8962513266666507
Pseudomonadota,GCF_000010725.1,NC_013856.1,588,535,586221,14,1.909938853171914
Pseudomonadota,GCF_000010725.1,NC_013857.1,543,485,566373,14,1.9157713866836927
Pseudomonadota,GCF_000010725.1,NC_013858.1,549,471,512799,14,1.934652940573604
Pseudomonadota,GCF_000010725.1,NC_013859.1,426,358,434739,14,1.9177860064917756
Pseudomonadota,GCF_000010765.1,NC_013370.1,113,44,43500,3,0.9429663825288438
Pseudomonadota,GCF_000015845.1,NC_009035.1,92,88,98166,5,1.260157615276425
Pseudomonadota,GCF_000017145.1,NC_009620.1,1423,1279,1314666,2,1.8489252247413244
Pseudomonadota,GCF_000017145.1,NC_009621.1,1075,926,886002,2,1.7140765557470958
Pseudomonadota,GCF_000020045.1,NC_010625.1,1632,1362,1455204,1,1.907709828964227
Pseudomonadota,GCF_000022085.1,NC_011892.1,383,311,305292,1,1.7184897279289284
Pseudomonadota,GCF_000022645.2,NC_012720.2,124,83,92658,1,0.1441512406459236
Pseudomonadota,GCF_000022645.2,NC_012725.2,123,70,85791,1,0.1704381319210399
Pseudomonadota,GCF_000022685.1,NC_012811.1,1166,550,658260,5,1.6608481534774395
Pseudomonadota,GCF_000146005.2,NZ_CP031226.1,1037,263,277599,18,1.1321827606316706
Pseudomonadota,GCF_000154745.2,NC_018421.1,209,187,202344,1,0.9897750511247444
Pseudomonadota,GCF_000154765.2,NC_018291.1,232,208,223812,1,1.0283251231527095
Pseudomonadota,GCF_000164885.1,NC_014621.1,237,215,222375,2,1.3479943458877992
Pseudomonadota,GCF_000175935.2,NC_014839.1,353,253,224724,1,0.438604873387482
Pseudomonadota,GCF_000187205.2,NC_020524.1,115,54,66720,1,0.8554112554112554
Pseudomonadota,GCF_000194745.1,NC_015377.1,122,64,83460,1,1.6466532605573112
Pseudomonadota,GCF_000195995.1,NC_003385.1,126,52,56001,1,1.371859296482412
Pseudomonadota,GCF_000196015.1,NC_007974.2,2285,1985,2084634,5,1.720201145949152
Pseudomonadota,GCF_000220005.1,NZ_AGTD01000005.1,111,50,47328,2,1.0106785980611486
Pseudomonadota,GCF_000223375.1,NC_017386.1,233,210,228465,2,1.3461747604242265
Pseudomonadota,GCF_000240905.2,NZ_CP019188.1,107,49,41835,2,1.0238475616847542
Pseudomonadota,GCF_000245515.1,NC_017653.1,101,45,42555,2,1.0448704485135472
Pseudomonadota,GCF_000264455.2,NC_017958.1,941,852,939684,5,1.4055782593737096
Pseudomonadota,GCF_000264455.2,NC_017959.1,72,67,69462,5,1.4027420204951506
Pseudomonadota,GCF_000264455.2,NC_017966.1,605,551,575175,5,1.39548202314716
Pseudomonadota,GCF_000264945.2,NZ_CP013071.1,117,103,110136,2,1.3418957761477048
Pseudomonadota,GCF_000283655.1,NC_016585.1,882,731,834111,14,1.939964460979352
Pseudomonadota,GCF_000283655.1,NC_016586.1,632,559,601185,14,1.9384651506894732
Pseudomonadota,GCF_000283655.1,NC_016587.1,576,507,538638,14,1.970329248520623
Pseudomonadota,GCF_000283655.1,NC_016623.1,523,456,532386,14,1.9753660561205568
Pseudomonadota,GCF_000283655.1,NC_016624.1,387,329,388992,14,1.974499796113507
Pseudomonadota,GCF_000299255.1,NC_018651.1,124,57,64587,4,1.1122743563941209
Pseudomonadota,GCF_000304415.1,NC_018683.1,1380,1217,1175409,1,1.3698025807874712
Pseudomonadota,GCF_000304415.1,NC_018701.1,1478,1326,1366323,1,1.4712061526918028
Pseudomonadota,GCF_000320385.2,NC_019848.2,1232,1065,1060620,1,1.3876998965709284
Pseudomonadota,GCF_000320385.2,NC_019849.2,1515,1356,1403412,1,1.4839912214773172
Pseudomonadota,GCF_000376545.2,NZ_CP015231.1,1159,991,989898,8,1.169137900129401
Pseudomonadota,GCF_000444995.1,NC_022042.1,99,94,99813,2,1.3380115400635235
Pseudomonadota,GCF_000505685.1,NC_023031.1,115,47,61176,1,0.8693333333333333
Pseudomonadota,GCF_000511385.1,NC_023138.1,230,208,217470,1,1.0807453416149069
Pseudomonadota,GCF_000618905.3,NZ_CP050999.1,94,36,27021,4,0.8462972145607971
Pseudomonadota,GCF_000632475.1,NZ_CP007794.1,1668,1375,1484961,13,1.7686856250642018
Pseudomonadota,GCF_000632475.1,NZ_CP007795.1,773,680,787551,13,1.782383019653495
Pseudomonadota,GCF_000632475.1,NZ_CP007797.1,570,491,515484,13,1.80609077781318
Pseudomonadota,GCF_000632475.1,NZ_CP007798.1,114,97,123876,13,1.693235014322705
Pseudomonadota,GCF_000731295.1,NZ_HG938356.1,1487,1336,1368735,3,1.9740440933345509
Pseudomonadota,GCF_000734975.2,NZ_CP011054.1,207,95,113532,1,1.0038809831824065
Pseudomonadota,GCF_000764615.1,NZ_CP008931.1,103,56,70821,1,0.8526315789473684
Pseudomonadota,GCF_000769405.2,NZ_CP053445.1,107,86,93480,1,0.7279480037140205
Pseudomonadota,GCF_000772715.2,NZ_CP034650.1,21,21,21534,1,0.9946524064171124
Pseudomonadota,GCF_000814225.1,NZ_CP010386.1,136,74,75987,1,1.264650283553875
Pseudomonadota,GCF_000814345.1,NZ_CP010398.1,119,57,69270,1,0.8429890848026869
Pseudomonadota,GCF_000816845.1,NZ_CP006880.1,2224,1985,1992654,1,0.239697678603563
Pseudomonadota,GCF_000826835.2,NZ_CP080276.1,219,203,215160,1,0.9671095621868874
Pseudomonadota,GCF_000828875.1,NZ_AP014580.1,440,323,292740,1,0.6207336523125997
Pseudomonadota,GCF_000829985.1,NZ_CP009168.1,108,44,41949,2,1.021308551581714
Pseudomonadota,GCF_000972785.3,NZ_CP011520.2,55,45,39666,1,0.7652495378927912
Pseudomonadota,GCF_001006525.1,NZ_CP011430.1,104,45,36567,2,0.9439656179197908
Pseudomonadota,GCF_001022275.1,NZ_CP011655.1,132,55,59898,1,1.341094295692666
Pseudomonadota,GCF_001029105.3,NZ_CP011808.2,278,192,178305,1,0.7565877623939259
Pseudomonadota,GCF_001050915.2,NZ_CP021217.1,1400,1198,1140759,2,1.297095741913777
Pseudomonadota,GCF_001050915.2,NZ_CP021218.1,1493,1337,1377285,2,1.3622018170330654
Pseudomonadota,GCF_001277275.1,NZ_CP012254.1,115,49,58638,1,1.2995495495495497
Pseudomonadota,GCF_001315015.1,NZ_CP012915.1,1553,1320,1432002,13,1.7599968127483203
Pseudomonadota,GCF_001315015.1,NZ_CP012916.1,643,555,675273,13,1.783010483980518
Pseudomonadota,GCF_001315015.1,NZ_CP012917.1,568,486,521988,13,1.8009800522255996
Pseudomonadota,GCF_001315015.1,NZ_CP012919.1,116,97,124443,13,1.7477653898607892
Pseudomonadota,GCF_001399515.1,NZ_CP012909.1,233,211,229575,2,1.3467587095194178
Pseudomonadota,GCF_001420935.1,NZ_CP013030.1,110,44,37185,3,0.9654846974786576
Pseudomonadota,GCF_001442755.1,NZ_CP006375.1,4,2,1272,2,1.6391509433962264
Pseudomonadota,GCF_001449005.1,NZ_CP013104.1,1752,1519,1590423,1,1.861298528923792
Pseudomonadota,GCF_001521715.1,NZ_CP011865.1,8,4,2568,1,0.4848484848484848
Pseudomonadota,GCF_001542815.1,NZ_CP006993.1,156,41,50088,1,2.7692307692307696
Pseudomonadota,GCF_001548015.1,NZ_AP014705.1,1401,1099,1169262,6,1.586197670203051
Pseudomonadota,GCF_001557535.2,NZ_CP014310.1,451,378,354792,1,0.2540765391014975
Pseudomonadota,GCF_001566635.1,NZ_CP014490.1,117,51,58536,4,1.0616691308411692
Pseudomonadota,GCF_001578125.1,NZ_CP012733.1,57,44,20598,2,1.05156146179402
Pseudomonadota,GCF_001578125.1,NZ_CP012736.1,28,25,14568,2,0.9994588744588744
Pseudomonadota,GCF_001587135.1,NZ_CP012940.1,1493,1254,1495155,1,4.121250630735017
Pseudomonadota,GCF_001610755.1,NZ_CP011063.1,106,45,45978,2,0.9930352758754362
Pseudomonadota,GCF_001636275.1,NZ_CP015372.1,140,89,81267,8,1.106173104649475
Pseudomonadota,GCF_001644805.2,NZ_CP172971.1,1809,1482,1783905,1,4.04190960362221
Pseudomonadota,GCF_001646625.1,NZ_CP015755.1,116,58,66261,2,1.027751499616838
Pseudomonadota,GCF_001660565.1,NZ_CP015997.1,100,43,46881,2,1.033113412636892
Pseudomonadota,GCF_001676825.1,NZ_CP016161.1,116,59,68178,2,1.0325992781998847
Pseudomonadota,GCF_001677475.2,NZ_CP012497.1,143,78,67605,2,1.004675073748857
Pseudomonadota,GCF_001679985.1,NZ_CP015915.1,116,56,70074,4,1.074131789348952
Pseudomonadota,GCF_001685465.1,NZ_CP016309.1,145,85,77073,1,0.683046683046683
Pseudomonadota,GCF_001687805.1,NZ_CP016416.1,143,86,74391,1,0.6679973386560213
Pseudomonadota,GCF_001692275.2,NZ_CP110834.1,72,43,40524,1,0.6937561942517344
Pseudomonadota,GCF_001693635.1,NZ_CP016549.1,111,58,62136,2,1.0256677652756987
Pseudomonadota,GCF_001701425.2,NZ_CP027045.1,114,57,66201,2,1.0348413731915689
Pseudomonadota,GCF_001709295.1,NZ_CP016924.1,112,56,67365,1,1.2007469654528478
Pseudomonadota,GCF_001713415.1,NZ_CP016453.1,769,683,743163,2,1.3597137359490217
Pseudomonadota,GCF_001721225.1,NZ_CP012491.1,113,49,44253,3,1.0062456324248776
Pseudomonadota,GCF_001721525.1,NZ_CP015837.1,108,52,50034,2,0.9698316917032912
Pseudomonadota,GCF_001741545.1,NZ_CP012570.1,114,59,68133,1,1.201478743068392
Pseudomonadota,GCF_001741665.1,NZ_CP012565.1,113,58,63852,1,1.194752774974773
Pseudomonadota,GCF_001742225.1,NZ_CP017076.1,1442,1290,1492500,3,1.652074538403567
Pseudomonadota,GCF_001854165.1,NZ_CP017191.1,180,91,105021,1,0.1755424063116371
Pseudomonadota,GCF_001854165.1,NZ_CP017193.1,21,14,13674,1,0.0895522388059701
Pseudomonadota,GCF_001855315.1,NZ_CP012427.1,123,66,79437,1,1.189681335356601
Pseudomonadota,GCF_001886735.1,NZ_CP018080.1,181,171,178476,2,1.4931253489670575
Pseudomonadota,GCF_001888075.1,NZ_CP017847.1,113,55,66711,4,1.0595556585785082
Pseudomonadota,GCF_001888185.1,NZ_CP016365.1,189,173,179280,1,1.2379266750948168
Pseudomonadota,GCF_001900675.1,NZ_CP010146.1,102,64,57861,2,0.9046581560005588
Pseudomonadota,GCF_001900715.1,NZ_CP010153.1,113,63,71862,4,1.0318949684455907
Pseudomonadota,GCF_001900835.1,NZ_CP010173.1,104,42,43017,2,0.992789941088543
Pseudomonadota,GCF_001901065.1,NZ_CP010188.1,7,5,1419,1,0.7407407407407407
Pseudomonadota,GCF_001901105.1,NZ_CP010199.1,7,5,1419,1,0.7407407407407407
Pseudomonadota,GCF_001901145.1,NZ_CP010208.1,38,34,37287,2,0.7634823312236286
Pseudomonadota,GCF_001901145.1,NZ_CP010211.1,7,5,1362,2,1.2503703703703704
Pseudomonadota,GCF_001901165.1,NZ_CP010216.1,7,5,1362,1,0.7407407407407407
Pseudomonadota,GCF_001901215.1,NZ_CP010224.1,7,5,1419,1,0.7407407407407407
Pseudomonadota,GCF_001901445.1,NZ_CP010244.1,117,59,66045,1,1.108433734939759
Pseudomonadota,GCF_001908375.1,NZ_CP017242.1,342,278,293913,2,0.4246096574257535
Pseudomonadota,GCF_001908375.1,NZ_CP017244.1,2033,1832,1830591,2,0.3661211612504205
Pseudomonadota,GCF_001908615.1,NZ_CP017105.1,2165,1911,1864392,1,0.2398686819160502
Pseudomonadota,GCF_001908725.1,NZ_CP018726.1,193,103,108396,1,2.142063001852996
Pseudomonadota,GCF_001908755.1,NZ_CP018729.1,214,115,121953,1,1.1562838569880824
Pseudomonadota,GCF_001908775.1,NZ_CP018732.1,204,110,116121,1,2.165529010238908
Pseudomonadota,GCF_001908775.1,NZ_CP018733.1,59,38,27972,1,2.135135135135135
Pseudomonadota,GCF_001908795.1,NZ_CP018463.1,173,79,88683,1,0.1576470588235294
Pseudomonadota,GCF_001908795.1,NZ_CP018464.1,169,126,133509,1,0.1264880952380952
Pseudomonadota,GCF_001908815.1,NZ_CP018468.1,198,103,115854,1,2.1833616298811545
Pseudomonadota,GCF_001922045.1,NZ_CP018848.1,220,120,128388,1,1.1646968139773897
Pseudomonadota,GCF_001922065.1,NZ_CP018855.1,214,114,120528,1,1.15567066521265
Pseudomonadota,GCF_001922085.1,NZ_CP018851.1,218,116,124020,1,1.1604675876726886
Pseudomonadota,GCF_001922105.1,NZ_CP018859.1,213,115,119472,1,1.156646442360728
Pseudomonadota,GCF_001922205.1,NZ_CP016296.1,115,53,55494,1,0.8441860465116279
Pseudomonadota,GCF_001922245.1,NZ_CP016301.1,116,54,66678,1,0.8554112554112554
Pseudomonadota,GCF_001927265.3,NZ_CP084697.1,559,513,531069,1,1.9855910512844817
Pseudomonadota,GCF_001969325.1,NZ_CP019296.1,114,64,76092,1,0.8451827242524917
Pseudomonadota,GCF_001969345.1,NZ_CP019308.1,225,193,198477,1,0.9697396199859254
Pseudomonadota,GCF_001969385.1,NZ_CP014801.1,101,84,81459,2,0.7975172745439271
Pseudomonadota,GCF_001969385.1,NZ_CP014802.1,144,124,147750,2,0.8521421016832085
Pseudomonadota,GCF_001975225.1,NZ_CP019447.1,84,83,83034,7,1.1519694326283108
Pseudomonadota,GCF_002012125.1,NZ_CP019002.1,114,57,70155,3,1.045730724592415
Pseudomonadota,GCF_002012165.1,NZ_CP019013.1,126,47,54102,4,1.0698992353375467
Pseudomonadota,GCF_002012225.1,NZ_CP019027.1,122,55,62520,4,1.0765405956241412
Pseudomonadota,GCF_002055635.1,NZ_CP020051.1,102,52,48195,3,1.036410206855282
Pseudomonadota,GCF_002055765.1,NZ_CP020063.1,110,56,66663,2,1.0407823271209615
Pseudomonadota,GCF_002056635.1,NZ_CP020118.1,117,53,59745,4,1.0579103829904644
Pseudomonadota,GCF_002071765.2,NZ_CP078111.1,112,45,49713,1,1.315417256011315
Pseudomonadota,GCF_002073635.2,NZ_CP020441.2,251,223,240975,2,1.1438559264471162
Pseudomonadota,GCF_002073635.2,NZ_CP020443.2,122,120,115143,2,1.2116084432997167
Pseudomonadota,GCF_002073975.1,NZ_CP020385.1,188,149,166122,2,1.4917801762803615
Pseudomonadota,GCF_002080435.1,NZ_CP020539.1,852,718,730716,3,1.050049777217358
Pseudomonadota,GCF_002082215.1,NZ_CP017592.1,62,35,30264,1,1.6022408963585435
Pseudomonadota,GCF_002140055.1,NZ_CP020080.1,120,63,74838,1,0.8534773801485482
Pseudomonadota,GCF_002142655.1,NZ_CP021147.1,118,57,65445,1,0.4985250737463126
Pseudomonadota,GCF_002142675.1,NZ_CP021203.1,189,119,101835,2,0.9719839908519152
Pseudomonadota,GCF_002157125.1,NZ_CP021367.1,276,140,151281,1,0.3969204448246364
Pseudomonadota,GCF_002157185.1,NZ_CP021363.1,260,131,140775,1,0.4185401909454881
Pseudomonadota,GCF_002164595.2,NZ_CP032875.1,112,56,44769,3,1.0639858223886458
Pseudomonadota,GCF_002164635.4,NZ_CP022228.3,111,56,44799,3,1.0635896356856618
Pseudomonadota,GCF_002164645.3,NZ_CP028585.2,113,56,44805,3,1.060408800636673
Pseudomonadota,GCF_002164805.3,NZ_CP028550.1,114,57,67758,4,0.9296909071068916
Pseudomonadota,GCF_002164805.3,NZ_CP028552.2,5,3,741,4,1.5422008547008548
Pseudomonadota,GCF_002164865.2,NZ_CP034959.1,84,43,46344,2,0.9848735028301592
Pseudomonadota,GCF_002165095.2,NZ_CP032883.1,7,5,1449,1,0.75
Pseudomonadota,GCF_002180095.1,NZ_CP021537.1,113,61,56646,4,0.9053703717725796
Pseudomonadota,GCF_002180275.1,NZ_CP021720.1,221,142,136416,3,0.959476680186006
Pseudomonadota,GCF_002180295.1,NZ_CP021714.1,111,56,64545,2,1.0124775941797588
Pseudomonadota,GCF_002197025.1,NZ_CP021794.1,1239,1074,1031907,1,1.3809015518515475
Pseudomonadota,GCF_002197025.1,NZ_CP021795.1,1511,1331,1373619,1,1.4765167250519269
Pseudomonadota,GCF_002197045.1,NZ_CP021809.1,1378,1213,1170117,1,1.3680637544273908
Pseudomonadota,GCF_002197045.1,NZ_CP021810.1,1478,1325,1363974,1,1.4708683122415738
Pseudomonadota,GCF_002197085.1,NZ_CP021813.1,1261,1086,1031802,1,1.348912559232109
Pseudomonadota,GCF_002197085.1,NZ_CP021814.1,1514,1337,1374468,1,1.4671119769923
Pseudomonadota,GCF_002197105.1,NZ_CP021827.1,1094,967,953064,1,1.3665133892345145
Pseudomonadota,GCF_002197105.1,NZ_CP021828.1,1436,1292,1344285,1,1.494812323507948
Pseudomonadota,GCF_002197125.1,NZ_CP021820.1,1497,1343,1378998,1,1.4772839202166956
Pseudomonadota,GCF_002197125.1,NZ_CP021821.1,358,304,298029,1,1.3299218960409374
Pseudomonadota,GCF_002197145.1,NZ_CP021805.1,1202,1072,1074006,1,1.3891852570320078
Pseudomonadota,GCF_002197145.1,NZ_CP021806.1,1458,1317,1364379,1,1.4764004879421977
Pseudomonadota,GCF_002197165.1,NZ_CP021830.1,1278,1102,1070208,1,1.3734765875561257
Pseudomonadota,GCF_002197165.1,NZ_CP021831.1,1452,1307,1360887,1,1.4865869017632245
Pseudomonadota,GCF_002202195.1,NZ_CP021962.1,123,70,86613,1,1.1501087744742566
Pseudomonadota,GCF_002209105.2,NZ_CP022085.2,124,54,62889,4,1.1063599534924071
Pseudomonadota,GCF_002211905.1,NZ_CP022128.1,104,57,71460,1,0.8526682134570766
Pseudomonadota,GCF_002214205.1,NZ_CP022167.1,116,54,63576,4,1.0917357281174134
Pseudomonadota,GCF_002222635.1,NZ_CP022417.1,251,237,256332,2,1.3622465334783118
Pseudomonadota,GCF_002222655.1,NZ_CP022424.1,243,217,240000,1,3.250460205739037
Pseudomonadota,GCF_002240185.1,NZ_CP022567.1,377,330,328245,1,1.092687074829932
Pseudomonadota,GCF_002248115.2,NZ_CP041101.1,110,56,69156,2,1.0293162719633309
Pseudomonadota,GCF_002278075.1,NZ_CP022991.1,580,505,501687,2,1.2359503135234509
Pseudomonadota,GCF_002278075.1,NZ_CP022996.1,29,13,12030,2,1.2443164518420786
Pseudomonadota,GCF_002288565.1,NZ_CP023158.1,18,7,3372,1,0.7102803738317757
Pseudomonadota,GCF_002310675.1,NZ_CP023381.1,100,43,44790,2,0.9756172797192252
Pseudomonadota,GCF_002357915.1,NZ_AP017612.1,123,61,67107,4,1.0447040244010417
Pseudomonadota,GCF_002381285.1,NZ_CP010674.1,229,208,218013,1,1.0805139186295505
Pseudomonadota,GCF_002381305.1,NZ_CP010589.1,230,208,218025,1,1.0805139186295505
Pseudomonadota,GCF_002381325.1,NZ_CP010637.1,229,208,218103,1,1.0800513698630136
Pseudomonadota,GCF_002381365.1,NZ_CP021048.1,231,211,221694,1,1.0742857142857145
Pseudomonadota,GCF_002381385.1,NZ_CP021041.1,231,211,221745,1,1.0742857142857145
Pseudomonadota,GCF_002393525.1,NZ_CP010785.1,229,208,218037,1,1.0802825947334618
Pseudomonadota,GCF_002407205.1,NZ_CP023549.1,703,599,661203,3,1.1038397194335303
Pseudomonadota,GCF_002407205.1,NZ_CP023550.1,133,107,136488,3,1.0959218325637086
Pseudomonadota,GCF_002407245.1,NZ_CP010682.1,199,184,190749,1,0.9555984555984556
Pseudomonadota,GCF_002412025.1,NZ_CP010644.1,199,182,190995,1,0.983393501805054
Pseudomonadota,GCF_002412045.1,NZ_CP010768.1,184,172,180144,1,0.9702770780856425
Pseudomonadota,GCF_002504105.1,NZ_CP022662.1,71,54,63060,2,0.7876931856008369
Pseudomonadota,GCF_002504145.1,NZ_CP018333.1,109,45,55779,1,0.989071038251366
Pseudomonadota,GCF_002504165.1,NZ_CP021410.1,41,36,32292,1,1.4563106796116505
Pseudomonadota,GCF_002589795.1,NZ_CP023896.1,80,40,42459,2,0.9942183960870564
Pseudomonadota,GCF_002591135.1,NZ_CP023961.1,107,44,44700,2,1.0165349103856134
Pseudomonadota,GCF_002741015.1,NZ_CP016617.1,1165,894,849489,2,0.2903447301594378
Pseudomonadota,GCF_002741015.1,NZ_CP016618.1,605,455,445947,2,0.2869836912883982
Pseudomonadota,GCF_002741015.1,NZ_CP016619.1,887,688,653166,2,0.2942070954810122
Pseudomonadota,GCF_002741015.1,NZ_CP016620.1,539,402,362766,2,0.3091762457740517
Pseudomonadota,GCF_002741495.1,NZ_CP024264.1,84,30,32859,4,1.1190456996504916
Pseudomonadota,GCF_002741535.1,NZ_CP024271.1,107,38,33006,3,1.071111295501211
Pseudomonadota,GCF_002742645.2,NZ_CP033873.1,273,221,237162,1,0.4441844919786096
Pseudomonadota,GCF_002749495.1,NZ_CP024423.1,285,249,266919,2,1.1435162260697742
Pseudomonadota,GCF_002749495.1,NZ_CP024427.1,109,106,103557,2,1.1765051132377633
Pseudomonadota,GCF_002752955.1,NZ_CP024460.1,118,59,66885,2,1.041791190341839
Pseudomonadota,GCF_002763415.1,NZ_CP018654.1,28,28,21882,1,0.7768595041322314
Pseudomonadota,GCF_002764115.1,NZ_CP017941.1,583,454,421203,4,1.0985516716644257
Pseudomonadota,GCF_002764115.1,NZ_CP017942.1,480,420,412992,4,1.078217785220769
Pseudomonadota,GCF_002786655.1,NZ_CP024832.1,106,41,43080,2,1.0006627639286578
Pseudomonadota,GCF_002787545.1,NZ_CP024817.1,107,44,44607,2,0.9966127006754236
Pseudomonadota,GCF_002811305.2,NZ_CP036373.1,112,58,67632,2,1.00971877728852
Pseudomonadota,GCF_002811555.3,NZ_CP027199.1,100,46,49278,2,0.9647438778782458
Pseudomonadota,GCF_002813775.1,NZ_CP020371.1,377,275,284451,1,0.6271104679208876
Pseudomonadota,GCF_002848565.1,NZ_CP025467.1,244,115,121002,1,1.078664402942841
Pseudomonadota,GCF_002853435.3,NZ_CP028544.1,110,59,72708,1,1.1510204081632651
Pseudomonadota,GCF_002860085.1,NZ_CP019054.1,107,65,61071,2,0.9689617670846716
Pseudomonadota,GCF_002860105.1,NZ_CP019075.1,107,42,41181,2,1.0083171176954404
Pseudomonadota,GCF_002868735.1,NZ_CP025613.1,782,677,844362,1,0.0523202133843996
Pseudomonadota,GCF_002888685.1,NZ_CP010596.1,233,209,224796,1,1.02990577632118
Pseudomonadota,GCF_002888715.1,NZ_CP010806.1,199,182,190869,1,0.9838670840356368
Pseudomonadota,GCF_002891665.1,NZ_CP010697.1,193,175,189456,1,0.9971056439942112
Pseudomonadota,GCF_002891905.1,NZ_CP010657.1,184,171,178824,1,0.9850063532401524
Pseudomonadota,GCF_002891925.1,NZ_CP010717.1,185,173,181461,1,0.970675944333996
Pseudomonadota,GCF_002891945.1,NZ_CP010736.1,201,182,193740,1,0.9933014354066986
Pseudomonadota,GCF_002891965.1,NZ_CP010630.1,222,190,199224,1,0.9682610639248994
Pseudomonadota,GCF_002891985.1,NZ_CP010624.1,193,175,189477,1,0.9987937273823884
Pseudomonadota,GCF_002892005.1,NZ_CP010669.1,193,175,189564,1,0.9983120327947914
Pseudomonadota,GCF_002892025.1,NZ_CP010612.1,200,183,196917,1,0.969057665260197
Pseudomonadota,GCF_002892045.1,NZ_CP010663.1,200,183,196917,1,0.969057665260197
Pseudomonadota,GCF_002892065.1,NZ_CP010706.1,202,182,193227,1,0.9933110367892976
Pseudomonadota,GCF_002892085.1,NZ_CP010726.1,201,183,194466,1,0.9966730038022814
Pseudomonadota,GCF_002892125.1,NZ_CP010751.1,200,183,196917,1,0.969057665260197
Pseudomonadota,GCF_002892145.1,NZ_CP010757.1,202,182,193347,1,0.9937947494033412
Pseudomonadota,GCF_002892165.1,NZ_CP010742.1,207,188,201627,1,0.9755651975336836
Pseudomonadota,GCF_002892185.1,NZ_CP010651.1,217,199,207999,1,0.9740608228980324
Pseudomonadota,GCF_002892205.1,NZ_CP010618.1,213,196,207909,1,0.985094549499444
Pseudomonadota,GCF_002892225.1,NZ_CP010600.1,202,183,193719,1,0.9928469241773964
Pseudomonadota,GCF_002892245.1,NZ_CP010690.1,198,182,190974,1,0.9836302359171882
Pseudomonadota,GCF_002892265.1,NZ_CP010746.1,203,185,197634,1,0.9960252513444005
Pseudomonadota,GCF_002900365.1,NZ_CP025980.1,107,91,90204,1,1.0243902439024393
Pseudomonadota,GCF_002902885.1,NZ_CP026128.1,112,45,62754,1,0.8542544229149115
Pseudomonadota,GCF_002906455.1,NZ_CP026318.1,87,26,27273,1,0.5037593984962406
Pseudomonadota,GCF_002906455.1,NZ_CP026319.1,76,39,35370,1,0.654843110504775
Pseudomonadota,GCF_002934795.1,NZ_CP026410.1,5,3,2733,1,0.967741935483871
Pseudomonadota,GCF_002946715.1,NZ_CP026725.1,106,49,45708,2,1.0361962252368575
Pseudomonadota,GCF_002949345.1,NZ_CP026808.1,94,50,40569,2,1.0692716676323233
Pseudomonadota,GCF_002949555.1,NZ_CP026816.1,95,51,42879,2,1.0422653951742111
Pseudomonadota,GCF_002949615.1,NZ_CP026818.1,96,54,45669,2,1.068483526007088
Pseudomonadota,GCF_002951735.1,NZ_CP019283.1,126,61,70884,1,1.177364864864865
Pseudomonadota,GCF_002952095.1,NZ_CP021729.1,108,53,57186,2,0.9874742159623028
Pseudomonadota,GCF_002952295.1,NZ_CP023286.1,242,132,140208,1,1.1535230984601028
Pseudomonadota,GCF_002953455.1,NZ_CP026475.1,102,47,53295,2,0.9837889958960973
Pseudomonadota,GCF_002968475.1,NZ_CP027149.1,32,18,16632,2,1.1326568758344455
Pseudomonadota,GCF_002968735.1,NZ_CP027133.1,93,43,48528,2,1.0294082463538752
Pseudomonadota,GCF_003017455.1,NZ_CP027223.1,77,30,22689,3,0.957730895862817
Pseudomonadota,GCF_003017555.1,NZ_CP027309.1,110,46,40209,3,0.8134118932978757
Pseudomonadota,GCF_003017995.1,NZ_CP027369.1,123,59,61212,4,1.108106583792036
Pseudomonadota,GCF_003018055.1,NZ_CP027443.1,103,41,40053,3,0.9465705080965466
Pseudomonadota,GCF_003018395.1,NZ_CP027590.1,98,38,31515,3,0.9794250624456
Pseudomonadota,GCF_003018535.1,NZ_CP027575.1,103,44,43581,3,0.9705943734642054
Pseudomonadota,GCF_003018815.1,NZ_CP027358.1,112,50,56544,4,1.0503204868101743
Pseudomonadota,GCF_003019855.1,NZ_CP027853.1,331,271,284214,1,1.0625293841090735
Pseudomonadota,GCF_003024525.3,NZ_CP035936.1,154,136,135279,4,1.243581893977469
Pseudomonadota,GCF_003030265.1,NZ_CP028198.1,109,53,50880,4,0.92705542816732
Pseudomonadota,GCF_003031325.1,NZ_CP024877.1,109,55,62127,1,0.7986622073578595
Pseudomonadota,GCF_003031815.1,NZ_CP020522.1,96,41,42711,2,0.983766124666306
Pseudomonadota,GCF_003051965.2,NZ_CP028569.1,123,72,63330,1,0.6120092378752887
Pseudomonadota,GCF_003060865.1,NZ_CP028919.1,243,193,215502,2,1.4312239852484376
Pseudomonadota,GCF_003068025.2,NZ_CP077708.1,101,49,47679,3,1.0743276955735788
Pseudomonadota,GCF_003073335.1,NZ_CP028997.1,113,59,69501,1,0.8453731343283581
Pseudomonadota,GCF_003073815.1,NZ_CP029103.1,86,44,45183,2,0.9899655794076824
Pseudomonadota,GCF_003073835.1,NZ_CP029117.1,116,50,44871,2,0.989857191431486
Pseudomonadota,GCF_003111685.1,NZ_CP022192.1,199,184,175212,2,1.4797694868849989
Pseudomonadota,GCF_003112225.1,NZ_CP028125.1,96,39,32697,3,0.964079097613746
Pseudomonadota,GCF_003119115.1,NZ_CP022363.1,658,586,716199,13,1.8089914167465757
Pseudomonadota,GCF_003119115.1,NZ_CP022365.1,147,113,147417,13,1.74837755145232
Pseudomonadota,GCF_003119115.1,NZ_CP022366.1,561,484,533139,13,1.8265479656601065
Pseudomonadota,GCF_003119115.1,NZ_CP022367.1,1658,1382,1520271,13,1.789185621796828
Pseudomonadota,GCF_003130795.1,NZ_CP029356.1,739,625,697170,7,1.7085147564423886
Pseudomonadota,GCF_003130795.1,NZ_CP029357.1,537,499,548730,7,1.7269401010145984
Pseudomonadota,GCF_003146635.1,NZ_CP029430.1,167,131,114198,1,0.5412433969930923
Pseudomonadota,GCF_003146655.1,NZ_CP029435.1,146,109,99246,1,0.4786641929499072
Pseudomonadota,GCF_003146685.1,NZ_CP029441.1,170,130,108153,1,0.4875459371171907
Pseudomonadota,GCF_003233655.1,NZ_CP029830.1,776,609,689142,13,1.9513895263331733
Pseudomonadota,GCF_003233655.1,NZ_CP029831.1,537,479,572706,13,1.9905316255751104
Pseudomonadota,GCF_003233655.1,NZ_CP029832.1,540,489,527988,13,1.9691709132573756
Pseudomonadota,GCF_003233655.1,NZ_CP029833.1,485,437,459228,13,2.0310938001791765
Pseudomonadota,GCF_003233655.1,NZ_CP029834.1,360,320,366291,13,2.0084765557647493
Pseudomonadota,GCF_003240565.2,NZ_CP117258.1,395,340,353709,2,0.3278149284238759
Pseudomonadota,GCF_003240565.2,NZ_CP117260.1,253,233,257925,2,0.2965739568209706
Pseudomonadota,GCF_003264955.1,NZ_CP030077.1,195,110,110127,1,1.2425778421433744
Pseudomonadota,GCF_003264955.1,NZ_CP030078.1,128,63,64317,1,1.2735042735042734
Pseudomonadota,GCF_003268695.1,NZ_CP029365.1,98,50,47790,3,0.9166627014922598
Pseudomonadota,GCF_003286995.1,NZ_CP030268.1,110,59,62889,2,1.0574545989265496
Pseudomonadota,GCF_003288275.1,NZ_CP028433.1,131,62,70005,4,1.0629097539281556
Pseudomonadota,GCF_003288295.1,NZ_CP028430.1,123,59,64710,4,1.066062091029499
Pseudomonadota,GCF_003312525.2,NZ_CP030784.2,104,63,58314,3,1.018681048362379
Pseudomonadota,GCF_003325055.1,NZ_CP030187.1,125,55,59100,3,0.9774248231305274
Pseudomonadota,GCF_003325055.1,NZ_CP030188.1,105,45,41358,3,1.0689233472554072
Pseudomonadota,GCF_003342715.1,NZ_CP031136.1,116,55,64101,4,1.0853473096361357
Pseudomonadota,GCF_003352105.1,NZ_CP025809.1,336,306,309720,2,1.396842026551904
Pseudomonadota,GCF_003352425.1,NZ_CP023732.1,97,43,38832,2,1.0272512565857204
Pseudomonadota,GCF_003382725.1,NZ_CP029247.1,128,63,64755,1,1.2709883103081827
Pseudomonadota,GCF_003402535.2,NZ_AP025172.1,1373,1150,1159323,1,1.232146877110483
Pseudomonadota,GCF_003402535.2,NZ_AP025173.1,375,294,301389,1,1.2772659732540863
Pseudomonadota,GCF_003408615.1,NZ_CP031579.1,42,20,24975,2,1.0388551817123246
Pseudomonadota,GCF_003413625.1,NZ_CP031654.1,84,42,45363,2,0.9926577604704244
Pseudomonadota,GCF_003428425.1,NZ_CP031722.1,129,65,70656,1,1.280943025540275
Pseudomonadota,GCF_003428425.1,NZ_CP031723.1,74,66,60426,1,0.9737206085753805
Pseudomonadota,GCF_003429625.1,NZ_CP023984.1,106,57,69477,2,1.0181036657989255
Pseudomonadota,GCF_003431865.1,NZ_CP027182.1,92,53,52746,1,0.6276041666666666
Pseudomonadota,GCF_003432145.1,NZ_CP031791.1,110,59,69501,1,0.8402860548271752
Pseudomonadota,GCF_003432165.1,NZ_CP031803.1,115,59,67389,2,1.0365265162698345
Pseudomonadota,GCF_003432285.1,NZ_CP031797.1,5,3,741,2,2.403846153846154
Pseudomonadota,GCF_003433275.1,NZ_CP009051.1,104,47,44454,3,1.07295276487527
Pseudomonadota,GCF_003443555.1,NZ_CP031953.1,210,186,202272,1,0.9909132212630624
Pseudomonadota,GCF_003443575.1,NZ_CP031949.1,232,208,224025,1,1.032908268202386
Pseudomonadota,GCF_003443595.1,NZ_CP031957.1,185,172,179691,1,0.982509505703422
Pseudomonadota,GCF_003444755.1,NZ_CP019891.1,127,59,62538,1,1.3371559633027523
Pseudomonadota,GCF_003491345.1,NZ_CP025513.1,1052,964,988173,4,1.4653789511534332
Pseudomonadota,GCF_003516125.1,NZ_CP027108.1,59,19,12603,1,1.0726256983240223
Pseudomonadota,GCF_003522705.1,NZ_CP023025.1,113,48,61056,1,0.8661275831087152
Pseudomonadota,GCF_003547115.1,NZ_CP027185.1,94,55,54795,1,0.6182728410513142
Pseudomonadota,GCF_003568845.1,NZ_CP030127.1,933,798,939369,2,1.4083156146998372
Pseudomonadota,GCF_003568845.1,NZ_CP030129.1,262,205,208173,2,1.417875194961311
Pseudomonadota,GCF_003571565.1,NZ_CP032183.1,143,66,66321,1,1.334867663981588
Pseudomonadota,GCF_003571605.1,NZ_CP032187.1,112,56,66933,1,1.197750702905342
Pseudomonadota,GCF_003571645.1,NZ_CP032196.1,120,51,49776,2,0.9995522412811428
Pseudomonadota,GCF_003571745.1,NZ_CP032225.1,114,56,66012,2,1.0362315460921665
Pseudomonadota,GCF_003586025.1,NZ_CP024909.1,128,63,64755,1,1.2709883103081827
Pseudomonadota,GCF_003597675.1,NZ_CP030828.1,656,622,660519,3,1.11769654928721
Pseudomonadota,GCF_003597675.1,NZ_CP030833.1,16,10,9015,3,0.9109457908670509
Pseudomonadota,GCF_003612915.1,NZ_CP031079.1,417,366,388728,2,0.6774418823037331
Pseudomonadota,GCF_003612915.1,NZ_CP031081.1,195,149,130776,2,0.7853431116231012
Pseudomonadota,GCF_003612915.1,NZ_CP031082.1,139,122,128190,2,0.6453592561284869
Pseudomonadota,GCF_003627755.1,NZ_CP032695.1,2301,2083,2130396,1,0.2225652223016978
Pseudomonadota,GCF_003660165.1,NZ_CP032828.1,788,665,645324,3,1.3474570691666254
Pseudomonadota,GCF_003691425.1,NZ_CP033097.1,115,59,69087,4,0.997983261233244
Pseudomonadota,GCF_003703795.1,NZ_CP033252.1,109,58,67422,1,1.1144749290444655
Pseudomonadota,GCF_003719555.1,NZ_CP029647.1,127,52,56196,1,1.371859296482412
Pseudomonadota,GCF_003790525.1,NZ_CP033632.1,150,96,78477,2,0.8804637763359413
Pseudomonadota,GCF_003812945.1,NZ_CP033848.1,104,44,41985,2,1.0230165110382785
Pseudomonadota,GCF_003813145.1,NZ_CP033882.1,99,46,49515,2,1.037083908677758
Pseudomonadota,GCF_003850185.1,NZ_CP033938.1,70,38,27618,2,0.9746840957489064
Pseudomonadota,GCF_003850185.1,NZ_CP033939.1,43,31,22377,2,1.1782905274565898
Pseudomonadota,GCF_003850185.1,NZ_CP033940.1,55,39,25902,2,0.9158942140061184
Pseudomonadota,GCF_003850185.1,NZ_CP033941.1,29,13,10197,2,0.977063921287548
Pseudomonadota,GCF_003855115.1,NZ_CP034066.1,121,58,66828,4,1.070949694000356
Pseudomonadota,GCF_003855315.1,NZ_CP034047.1,108,56,70992,2,1.0068525750457564
Pseudomonadota,GCF_003856615.1,NZ_CP023851.1,126,53,59700,4,1.06643948602781
Pseudomonadota,GCF_003856995.1,NZ_CP022733.1,110,48,45366,3,1.051877867125107
Pseudomonadota,GCF_003860325.1,NZ_CP034149.1,560,496,453678,2,0.8499300465186601
Pseudomonadota,GCF_003860385.1,NZ_CP034164.1,95,65,58596,4,0.9772324469716274
Pseudomonadota,GCF_003860385.1,NZ_CP034165.1,70,30,27120,4,1.1366935742847186
Pseudomonadota,GCF_003949725.2,NZ_CP039931.1,80,73,70641,1,0.5331971399387131
Pseudomonadota,GCF_003949725.2,NZ_CP039932.1,54,18,30600,1,1.4630872483221478
Pseudomonadota,GCF_003956285.1,NZ_CP025870.1,109,47,49914,1,1.0919220055710306
Pseudomonadota,GCF_003956425.1,NZ_CP025868.1,109,47,49917,1,1.0919220055710306
Pseudomonadota,GCF_003956445.1,NZ_CP025883.1,110,47,49917,1,1.0919220055710306
Pseudomonadota,GCF_003956465.1,NZ_CP025894.1,109,47,49917,1,1.0919220055710306
Pseudomonadota,GCF_003966425.1,NZ_AP018798.1,101,43,41400,3,0.9553820429266704
Pseudomonadota,GCF_003966445.1,NZ_AP018804.1,108,47,46611,2,0.9041102543864974
Pseudomonadota,GCF_003966465.1,NZ_AP018809.1,106,48,46362,3,0.9616040957777124
Pseudomonadota,GCF_003966565.1,NZ_AP018720.1,114,68,68706,1,1.139083139083139
Pseudomonadota,GCF_003991155.1,NZ_CP031294.1,114,54,66366,4,1.031666594465237
Pseudomonadota,GCF_004006575.1,NZ_CP034790.1,102,52,51840,3,0.9947881061094632
Pseudomonadota,GCF_004010735.1,NZ_CP034821.1,154,82,77946,2,1.0640108881159671
Pseudomonadota,GCF_004028375.1,NZ_CP034093.1,112,46,61158,1,0.8508771929824561
Pseudomonadota,GCF_004119955.1,NZ_CP026134.1,109,59,71481,1,1.1581589958158995
Pseudomonadota,GCF_004119975.1,NZ_CP026138.1,110,59,72060,1,1.1751227495908347
Pseudomonadota,GCF_004120095.1,NZ_CP026150.1,114,59,62463,1,1.1493775933609958
Pseudomonadota,GCF_004120155.1,NZ_CP026165.1,112,56,66621,2,1.0400240654426236
Pseudomonadota,GCF_004295405.1,NZ_CP036194.1,108,55,65292,2,1.0209403628945473
Pseudomonadota,GCF_004324025.2,NZ_CP047533.1,86,84,80406,7,1.0959566340772082
Pseudomonadota,GCF_004328555.1,NZ_CP035511.1,342,324,333168,5,0.930258810519194
Pseudomonadota,GCF_004328555.1,NZ_CP035512.1,299,275,292698,5,0.9350650553804316
Pseudomonadota,GCF_004328555.1,NZ_CP035513.1,249,232,244353,5,0.9310762488059432
Pseudomonadota,GCF_004328685.1,NZ_CP035313.1,98,49,48501,2,0.9562612624096156
Pseudomonadota,GCF_004337745.2,NZ_CP047538.1,332,218,213414,1,0.9121744397334948
Pseudomonadota,GCF_004683865.2,NZ_CP040761.1,201,170,166998,2,0.2436033140835034
Pseudomonadota,GCF_004683865.2,NZ_CP040762.1,212,177,165057,2,0.3285483345106776
Pseudomonadota,GCF_004683865.2,NZ_CP040764.1,205,179,199881,2,0.1072026973428986
Pseudomonadota,GCF_004768545.1,NZ_CP038636.1,989,833,858315,1,1.25449365800719
Pseudomonadota,GCF_004768545.1,NZ_CP038639.1,337,244,240621,1,1.2386759581881537
Pseudomonadota,GCF_004768705.1,NZ_CP038645.1,118,57,69261,1,0.8429890848026869
Pseudomonadota,GCF_004801235.1,NZ_CP031853.1,5,3,741,2,2.403846153846154
Pseudomonadota,GCF_004848885.1,NZ_CP039495.1,70,44,28536,3,1.20021435904731
Pseudomonadota,GCF_005037845.1,NZ_CP031917.1,114,36,21927,4,0.9420674971554812
Pseudomonadota,GCF_005160405.1,NZ_CP039862.1,101,43,43491,2,0.9768882646691636
Pseudomonadota,GCF_005222145.1,NZ_CP032340.1,1553,1317,1424730,13,1.7591663893090426
Pseudomonadota,GCF_005222145.1,NZ_CP032341.1,647,560,688926,13,1.7852417558418128
Pseudomonadota,GCF_005222145.1,NZ_CP032343.1,567,487,524889,13,1.8013227185564298
Pseudomonadota,GCF_005222145.1,NZ_CP032344.1,124,100,124362,13,1.742145958605684
Pseudomonadota,GCF_005222165.1,NZ_CP032322.1,1688,1372,1509723,13,1.7717639232812818
Pseudomonadota,GCF_005222165.1,NZ_CP032323.1,769,683,811986,13,1.7847916903735757
Pseudomonadota,GCF_005222165.1,NZ_CP032324.1,649,529,547791,13,1.8030553819263773
Pseudomonadota,GCF_005222165.1,NZ_CP032327.1,116,91,120429,13,1.6855639230958732
Pseudomonadota,GCF_005222165.1,NZ_CP032328.1,192,78,71160,13,1.6309211438874305
Pseudomonadota,GCF_005222205.1,NZ_CP032346.1,1615,1352,1464765,13,1.7860522602455962
Pseudomonadota,GCF_005222205.1,NZ_CP032347.1,689,606,714234,13,1.7989711215492163
Pseudomonadota,GCF_005222205.1,NZ_CP032348.1,620,511,550848,13,1.811825274287853
Pseudomonadota,GCF_005222205.1,NZ_CP032350.1,141,119,152766,13,1.7036376691925286
Pseudomonadota,GCF_005234135.1,NZ_CP039965.1,1480,1328,1314684,14,1.0839938393134223
Pseudomonadota,GCF_005860795.2,NZ_CP058351.1,591,544,568257,2,1.6043586920807726
Pseudomonadota,GCF_005885775.1,NZ_CP040597.1,112,58,68514,1,1.2065514103730663
Pseudomonadota,GCF_005887635.2,NZ_CP040819.1,509,477,483921,2,1.48843197579784
Pseudomonadota,GCF_006088875.1,NZ_CP029421.1,101,48,55872,4,1.034560290760168
Pseudomonadota,GCF_006352265.1,NZ_CP040069.1,103,46,47895,2,0.9213546162373428
Pseudomonadota,GCF_006542395.2,NZ_CP038232.1,1,1,702,2,0.6209150326797386
Pseudomonadota,GCF_006965405.1,NZ_CP044030.1,104,55,64803,2,1.0249421631000577
Pseudomonadota,GCF_007000325.2,NZ_CP117268.1,1289,1126,1156263,2,0.3959615634510061
Pseudomonadota,GCF_007107525.1,NZ_CP041590.1,142,72,79692,1,0.7642956764295676
Pseudomonadota,GCF_007632435.1,NZ_CP041922.1,93,46,45819,2,0.9620259284271468
Pseudomonadota,GCF_007724625.1,NZ_CP042167.1,227,163,157443,1,0.4836295603367633
Pseudomonadota,GCF_007855645.1,NZ_CP042263.1,303,281,332871,3,1.434947439567203
Pseudomonadota,GCF_007855645.1,NZ_CP042264.1,278,252,266898,3,1.4306143935637137
Pseudomonadota,GCF_008000915.1,NZ_CP042825.1,635,536,526710,1,1.671120246659815
Pseudomonadota,GCF_008065415.1,NZ_CP041929.1,114,58,69270,2,1.0053833169803803
Pseudomonadota,GCF_008080655.1,NZ_CP040928.1,147,107,103293,1,1.1919191919191918
Pseudomonadota,GCF_008124005.1,NZ_CP043218.1,94,57,58734,2,0.9457882304802292
Pseudomonadota,GCF_008253865.1,NZ_CP042332.1,412,355,336393,2,1.4717749898379622
Pseudomonadota,GCF_008271425.1,NZ_CP043441.1,2279,2020,2048400,4,1.7912504390755095
Pseudomonadota,GCF_008274945.1,NZ_CP033317.1,206,130,144327,1,2.4392501735709327
Pseudomonadota,GCF_008274965.1,NZ_CP033323.1,269,171,181773,1,2.4742117732823035
Pseudomonadota,GCF_008642395.1,NZ_CP040265.1,78,60,48354,1,0.9668755595344674
Pseudomonadota,GCF_008693425.1,NZ_CP044034.1,113,59,71361,1,1.1935771632471008
Pseudomonadota,GCF_008693445.1,NZ_CP044046.1,107,53,68241,2,1.051483852826026
Pseudomonadota,GCF_008693865.1,NZ_CP044079.1,304,281,303957,2,1.1549172226232938
Pseudomonadota,GCF_008693865.1,NZ_CP044080.1,241,210,222294,2,1.1497985359677134
Pseudomonadota,GCF_008727135.1,NZ_CP044141.1,56,39,17085,1,1.0132978723404256
Pseudomonadota,GCF_008727175.1,NZ_CP044147.1,41,34,23655,1,1.0155440414507773
Pseudomonadota,GCF_008727535.1,NZ_CP044180.1,125,55,59100,2,1.0803240859068637
Pseudomonadota,GCF_008807295.1,NZ_CP041451.1,113,61,73380,3,1.069904146457645
Pseudomonadota,GCF_008931425.1,NZ_CP042515.1,62,58,53046,1,1.046979865771812
Pseudomonadota,GCF_008931445.1,NZ_CP042508.1,101,49,43980,1,1.1849529780564263
Pseudomonadota,GCF_008931525.1,NZ_CP042573.1,130,66,66645,1,1.3276955602536995
Pseudomonadota,GCF_008931665.1,NZ_CP042531.1,178,152,151539,1,0.6823841059602649
Pseudomonadota,GCF_009363035.1,NZ_CP045278.1,123,53,58824,3,1.1060688128145932
Pseudomonadota,GCF_009363355.1,NZ_CP045339.1,1485,1321,1398483,8,0.9716034821248196
Pseudomonadota,GCF_009363415.1,NZ_CP045351.1,1096,897,983139,3,0.9749226244637422
Pseudomonadota,GCF_009363455.1,NZ_CP045356.1,1629,1438,1526880,4,0.8576347867719144
Pseudomonadota,GCF_009363555.1,NZ_CP045374.1,167,156,153879,2,1.41193705501987
Pseudomonadota,GCF_009363615.1,NZ_CP045385.1,696,627,681438,2,0.9390006236743764
Pseudomonadota,GCF_009497835.1,NZ_CP032492.1,105,46,39648,2,0.958494618069086
Pseudomonadota,GCF_009497855.1,NZ_CP032497.1,93,39,30624,2,0.9147679324894517
Pseudomonadota,GCF_009650035.1,NZ_CP045829.1,106,46,45159,3,0.9438141004882727
Pseudomonadota,GCF_009650195.1,NZ_CP045856.1,274,236,238695,1,1.5735503560528994
Pseudomonadota,GCF_009650355.1,NZ_CP045054.1,242,193,167268,1,0.7658579362759427
Pseudomonadota,GCF_009650375.1,NZ_CP045058.1,244,193,167061,1,0.765807962529274
Pseudomonadota,GCF_009650395.1,NZ_CP045061.1,240,188,153633,1,0.7778493238892467
Pseudomonadota,GCF_009664245.1,NZ_CP026526.1,1326,1140,1076814,1,1.3707556427870462
Pseudomonadota,GCF_009664245.1,NZ_CP026527.1,1497,1336,1377408,1,1.4758004926108377
Pseudomonadota,GCF_009664515.1,NZ_CP045933.1,124,53,62004,4,1.126492373901127
Pseudomonadota,GCF_009671105.1,NZ_CP046005.1,94,43,48558,1,1.0931937172774868
Pseudomonadota,GCF_009676865.1,NZ_CP046066.1,1628,1437,1525719,4,0.8578159799748538
Pseudomonadota,GCF_009696665.2,NZ_CP102353.1,288,254,257877,5,1.2067062074224943
Pseudomonadota,GCF_009696685.2,NZ_CP102356.1,288,253,257106,5,1.2068882991716827
Pseudomonadota,GCF_009708195.1,NZ_CP046163.1,1625,1433,1516548,4,0.8588047048275758
Pseudomonadota,GCF_009708995.1,NZ_CP039041.1,229,171,168789,2,1.6627984580864164
Pseudomonadota,GCF_009720465.1,NZ_CP041960.1,107,50,51954,2,1.0191981931112366
Pseudomonadota,GCF_009728585.1,NZ_CP040452.1,1353,1178,1073649,12,1.0723722225056431
Pseudomonadota,GCF_009728975.1,NZ_CP046272.1,128,65,70656,1,1.280943025540275
Pseudomonadota,GCF_009728975.1,NZ_CP046273.1,62,54,48135,1,0.933993399339934
Pseudomonadota,GCF_009730455.1,NZ_CP046333.1,2286,1992,2090199,5,1.719794155337319
Pseudomonadota,GCF_009738145.1,NZ_CP045191.1,116,60,71577,4,1.066933208383268
Pseudomonadota,GCF_009755625.1,NZ_CP046610.1,149,99,99531,1,0.4845748683220466
Pseudomonadota,GCF_009831665.3,NZ_CP072651.1,39,35,32430,1,1.1717171717171715
Pseudomonadota,GCF_009866925.2,NZ_CP026930.2,138,114,82887,1,1.0709939148073022
Pseudomonadota,GCF_009867015.2,NZ_CP026938.2,99,47,52566,2,0.9789122911949416
Pseudomonadota,GCF_009884415.1,NZ_CP045677.1,118,70,81690,1,0.8688783570300159
Pseudomonadota,GCF_009909505.1,NZ_CP047663.1,104,56,49320,3,1.0135207324537188
Pseudomonadota,GCF_009914215.2,NZ_CP039845.2,411,189,234024,5,1.221620395144219
Pseudomonadota,GCF_009914295.1,NZ_CP041630.1,90,48,51327,2,1.005818303561238
Pseudomonadota,GCF_009931035.1,NZ_CP030306.1,113,57,66903,2,1.032951549806484
Pseudomonadota,GCF_009931175.1,NZ_CP030322.1,113,57,68028,2,1.002891719643503
Pseudomonadota,GCF_009931375.1,NZ_CP035902.1,224,145,136803,1,0.129136400322841
Pseudomonadota,GCF_009936375.1,NZ_AP022333.1,194,159,267084,2,1.2074448807381444
Pseudomonadota,GCF_009936375.1,NZ_AP022336.1,25,14,13656,2,1.19439304219097
Pseudomonadota,GCF_009949145.1,NZ_CP041417.1,316,297,256395,4,0.6791944707743893
Pseudomonadota,GCF_009949705.1,NZ_CP041423.1,122,52,62259,4,1.0587971537880054
Pseudomonadota,GCF_009950125.1,NZ_CP041426.1,115,59,65667,3,1.0758738252912574
Pseudomonadota,GCF_010092565.1,NZ_CP048065.1,38,18,14799,2,0.911883781852822
Pseudomonadota,GCF_010319625.1,NZ_AP019819.1,134,64,63981,1,1.3333333333333333
Pseudomonadota,GCF_010365325.1,NZ_CP048306.1,124,54,61494,4,1.0820468991590633
Pseudomonadota,GCF_010365585.1,NZ_CP048385.1,114,112,118827,1,0.4899777282850779
Pseudomonadota,GCF_010450895.1,NZ_CP048425.1,261,244,247179,2,1.424541383171693
Pseudomonadota,GCF_011006575.1,NZ_CP047636.1,110,58,67971,1,1.1882460973370064
Pseudomonadota,GCF_011039955.1,NZ_CP049317.1,1738,1553,1571592,2,1.2651815624180744
Pseudomonadota,GCF_011039955.1,NZ_CP049318.1,1588,1393,1448649,2,1.2669848039139928
Pseudomonadota,GCF_011039955.1,NZ_CP049321.1,170,94,110022,2,1.2565672753473598
Pseudomonadota,GCF_011046245.1,NZ_CP049244.1,1091,1046,1127340,2,1.438061632685385
Pseudomonadota,GCF_011046895.1,NZ_CP049248.1,108,83,101826,3,1.397003184593441
Pseudomonadota,GCF_011046895.1,NZ_CP049249.1,1055,990,1048983,3,1.4391653345077582
Pseudomonadota,GCF_011129215.1,NZ_CP040026.1,113,59,69501,1,0.8448687350835323
Pseudomonadota,GCF_011304815.1,NZ_CP035549.1,104,44,37038,2,0.968075051469212
Pseudomonadota,GCF_011306175.1,NZ_CP049914.1,521,474,476901,3,0.8962018933905919
Pseudomonadota,GCF_011405015.1,NZ_AP022338.1,258,223,202755,1,0.0197171024432061
Pseudomonadota,GCF_011493005.1,NZ_CP049157.1,1744,1556,1572822,2,1.2656874268875211
Pseudomonadota,GCF_011493005.1,NZ_CP049158.1,1587,1391,1446225,2,1.2669071476306757
Pseudomonadota,GCF_011604525.1,NZ_CP050093.1,470,413,440535,1,0.4430658395037022
Pseudomonadota,GCF_011769725.1,NZ_CP050365.1,107,60,74853,1,0.8556933483652762
Pseudomonadota,GCF_011801365.1,NZ_CP041042.1,68,65,70887,2,1.5197144227487442
Pseudomonadota,GCF_011996285.1,NZ_CP049807.1,48,14,9003,1,0.968944099378882
Pseudomonadota,GCF_012029695.2,NZ_CP061391.1,110,54,68919,2,1.1774638714879364
Pseudomonadota,GCF_012029945.2,NZ_CP061398.1,119,65,75375,2,0.990188248716486
Pseudomonadota,GCF_012272715.1,NZ_CP050905.1,116,54,66720,1,0.8554112554112554
Pseudomonadota,GCF_012272735.1,NZ_CP050908.1,116,54,66720,1,0.8554112554112554
Pseudomonadota,GCF_012524235.2,NZ_CP053575.1,77,77,78201,7,1.19955407392484
Pseudomonadota,GCF_012562255.1,NZ_CP051133.1,129,62,64965,1,1.313915857605178
Pseudomonadota,GCF_012974525.1,NZ_CP052881.1,82,41,36099,2,0.976483504992942
Pseudomonadota,GCF_012975085.1,NZ_CP044336.1,135,71,77547,1,1.29973474801061
Pseudomonadota,GCF_013046845.1,NZ_CP053193.1,123,59,63159,1,1.2762312633832975
Pseudomonadota,GCF_013084945.1,NZ_CP053233.1,122,52,56457,4,1.087617168085814
Pseudomonadota,GCF_013085885.1,NZ_CP048417.1,133,56,59124,1,1.3120567375886525
Pseudomonadota,GCF_013167175.1,NZ_CP038288.1,105,42,36036,3,0.954940859002352
Pseudomonadota,GCF_013167815.1,NZ_CP038378.1,105,41,35334,3,0.9657629818420445
Pseudomonadota,GCF_013168295.1,NZ_AP023149.1,112,57,68346,2,1.0399062019999028
Pseudomonadota,GCF_013201485.1,NZ_CP053753.1,125,54,63231,4,1.1211757182837714
Pseudomonadota,GCF_013267135.1,NZ_JABRWL010000003.1,383,317,293511,1,1.3179237631792378
Pseudomonadota,GCF_013282315.1,NZ_CP042885.1,138,112,101538,1,0.95873573309921
Pseudomonadota,GCF_013307145.1,NZ_CP021159.1,199,116,112389,1,0.1170247933884297
Pseudomonadota,GCF_013307165.1,NZ_CP023206.1,126,72,85293,1,0.1594594594594594
Pseudomonadota,GCF_013307435.2,NZ_CP102846.1,461,333,303174,1,0.1199192850965696
Pseudomonadota,GCF_013307435.2,NZ_CP102848.1,50,11,7302,1,0.105726872246696
Pseudomonadota,GCF_013317865.2,NZ_CP115927.1,210,164,147630,1,1.389114541023558
Pseudomonadota,GCF_013317955.2,NZ_CP169710.1,210,165,150138,1,1.384861407249467
Pseudomonadota,GCF_013317965.2,NZ_CP123850.1,210,165,149979,1,1.390282968499733
Pseudomonadota,GCF_013340785.1,NZ_AP023193.1,121,57,65847,4,1.0786894648313647
Pseudomonadota,GCF_013340805.1,NZ_AP023200.1,120,56,65142,4,1.078404229505261
Pseudomonadota,GCF_013340825.1,NZ_AP023206.1,358,347,348381,5,1.2087145691035523
Pseudomonadota,GCF_013340825.1,NZ_AP023207.1,83,79,77157,5,1.159430622595007
Pseudomonadota,GCF_013340825.1,NZ_AP023208.1,93,82,59085,5,1.2369541957623629
Pseudomonadota,GCF_013343615.1,NZ_CP039843.1,102,43,43599,2,1.0272020909387918
Pseudomonadota,GCF_013347285.1,NZ_CP054616.1,527,470,564591,14,1.955442548207999
Pseudomonadota,GCF_013347285.1,NZ_CP054617.1,632,527,574701,14,1.953752050186004
Pseudomonadota,GCF_013347285.1,NZ_CP054620.1,373,328,369996,14,1.9792637881516388
Pseudomonadota,GCF_013347285.1,NZ_CP054621.1,915,787,896787,14,1.934759707832552
Pseudomonadota,GCF_013371725.1,NZ_CP055258.1,109,66,64494,2,0.9560512394104816
Pseudomonadota,GCF_013373785.3,NZ_CP088289.1,296,223,239202,1,0.5576642335766423
Pseudomonadota,GCF_013373785.3,NZ_CP088291.1,116,89,102405,1,0.5563012677106637
Pseudomonadota,GCF_013374235.2,NZ_AP023222.2,106,45,45804,2,0.983988684582744
Pseudomonadota,GCF_013374295.2,NZ_AP023233.2,105,45,45489,2,1.0012886597938144
Pseudomonadota,GCF_013389615.1,NZ_CP058309.1,121,51,58467,3,1.106920931682187
Pseudomonadota,GCF_013391825.1,NZ_CP058356.1,112,54,63720,4,1.0549112461572148
Pseudomonadota,GCF_013426075.1,NZ_CP058654.1,98,50,48351,3,0.9149465685604292
Pseudomonadota,GCF_013426095.1,NZ_CP058659.1,97,50,48351,3,0.9149465685604292
Pseudomonadota,GCF_013426895.1,NZ_AP023176.1,2066,1852,1928703,1,1.9156902933708588
Pseudomonadota,GCF_013426915.1,NZ_AP023181.1,2036,1738,1764876,3,1.5266340393739712
Pseudomonadota,GCF_013426915.1,NZ_AP023182.1,1221,936,911394,3,1.4998641405766548
Pseudomonadota,GCF_013487745.1,NZ_CP049346.1,256,236,232083,2,1.4142620669801365
Pseudomonadota,GCF_013591455.1,NZ_CP055600.1,107,69,68208,1,0.7704918032786885
Pseudomonadota,GCF_013591455.1,NZ_CP055602.1,64,37,28878,1,1.4311926605504588
Pseudomonadota,GCF_013596835.1,NZ_CP055677.1,102,41,43650,2,1.0157398595873808
Pseudomonadota,GCF_013611495.1,NZ_CP055511.1,113,60,71778,2,1.0457334891876096
Pseudomonadota,GCF_013694285.1,NZ_CP059290.1,95,50,47622,2,1.0109649122807016
Pseudomonadota,GCF_013694425.1,NZ_CP059316.1,110,55,66771,2,1.0130064364022724
Pseudomonadota,GCF_013724605.1,NZ_CP056224.1,112,59,70554,1,1.2042628774422734
Pseudomonadota,GCF_013725595.1,NZ_CP056241.1,74,66,60471,1,1.121212121212121
Pseudomonadota,GCF_013727455.1,NZ_CP056259.1,74,66,60453,1,1.121212121212121
Pseudomonadota,GCF_013731155.1,NZ_CP056156.1,352,324,301599,5,0.9238162530830596
Pseudomonadota,GCF_013731305.1,NZ_CP056303.1,107,57,70023,2,1.0520988198153551
Pseudomonadota,GCF_013731735.1,NZ_CP056309.1,113,60,71928,2,1.0549434624332408
Pseudomonadota,GCF_013733095.1,NZ_CP056343.1,141,62,66231,1,1.2953020134228188
Pseudomonadota,GCF_013734035.1,NZ_CP056375.1,114,51,60402,1,0.4477611940298507
Pseudomonadota,GCF_013736155.1,NZ_CP056436.1,107,57,68067,2,1.0560914402661434
Pseudomonadota,GCF_013739755.1,NZ_CP056401.1,133,66,72882,1,1.2744360902255638
Pseudomonadota,GCF_013746655.1,NZ_CP056699.1,103,54,50955,4,0.9510285537871612
Pseudomonadota,GCF_013747755.1,NZ_CP056422.1,129,59,66618,1,1.294238683127572
Pseudomonadota,GCF_013791465.1,NZ_CP056836.1,134,63,71235,1,1.2974051896207586
Pseudomonadota,GCF_013801425.1,NZ_CP056962.1,111,58,66258,2,0.9880874595611084
Pseudomonadota,GCF_013801425.1,NZ_CP056963.1,110,49,50133,2,0.9995983145606872
Pseudomonadota,GCF_013801845.1,NZ_CP056969.1,112,58,66258,2,0.9880874595611084
Pseudomonadota,GCF_013801845.1,NZ_CP056970.1,110,49,50091,2,0.9989559521716196
Pseudomonadota,GCF_013812875.1,NZ_CP057105.1,90,45,51600,1,1.1988582302568982
Pseudomonadota,GCF_013813205.1,NZ_CP057094.1,111,57,65484,1,1.1728525980911984
Pseudomonadota,GCF_013820845.1,NZ_CP057246.1,103,55,51240,3,0.976725861398764
Pseudomonadota,GCF_013826045.1,NZ_CP057316.1,118,55,64029,1,0.5088536812674744
Pseudomonadota,GCF_013829265.1,NZ_CP057359.1,95,47,52005,2,1.0137108683942857
Pseudomonadota,GCF_013886195.1,NZ_CP057563.1,107,40,42105,3,1.1400028166152028
Pseudomonadota,GCF_013886195.1,NZ_CP057564.1,69,37,29766,3,1.2492334851572722
Pseudomonadota,GCF_013886335.1,NZ_CP057567.1,107,40,41931,3,1.1380999120602482
Pseudomonadota,GCF_013886335.1,NZ_CP057568.1,67,36,29088,3,1.233711468351317
Pseudomonadota,GCF_013892435.1,NZ_CP057658.1,122,56,64188,4,1.0894066182247495
Pseudomonadota,GCF_013923185.1,NZ_CP058059.1,91,46,51426,2,1.0225051603551123
Pseudomonadota,GCF_014058445.2,NZ_CP058684.1,102,44,38436,3,0.950892485809742
Pseudomonadota,GCF_014109805.1,NZ_CP059402.1,25,18,16560,1,0.4786324786324786
Pseudomonadota,GCF_014169415.1,NZ_AP022163.1,100,52,53655,2,1.0154476200392175
Pseudomonadota,GCF_014169415.1,NZ_AP022164.1,65,35,28668,2,1.1318817689530687
Pseudomonadota,GCF_014169495.1,NZ_AP022187.1,5,3,741,2,2.5000000000000004
Pseudomonadota,GCF_014169595.1,NZ_AP022217.1,106,46,43044,4,0.943316664810092
Pseudomonadota,GCF_014169655.1,NZ_AP022239.1,119,50,60273,1,0.8129032258064516
Pseudomonadota,GCF_014170615.1,NZ_CP059910.1,102,45,44646,3,0.9400997570036336
Pseudomonadota,GCF_014171015.1,NZ_AP022089.1,123,52,61176,3,1.1097803352181608
Pseudomonadota,GCF_014189455.1,NZ_CP050299.1,535,430,400977,1,1.7648857184451885
Pseudomonadota,GCF_014189505.1,NZ_CP050302.1,396,351,359613,2,1.253552341731221
Pseudomonadota,GCF_014218315.1,NZ_AP023327.1,67,47,38805,2,1.315623182009669
Pseudomonadota,GCF_014233485.1,NZ_CP048245.1,99,66,57711,1,0.4769381746810598
Pseudomonadota,GCF_014322245.1,NZ_CP047974.1,100,40,46929,1,0.8391089108910891
Pseudomonadota,GCF_014495765.1,NZ_CP061056.1,109,59,72603,1,1.1916666666666669
Pseudomonadota,GCF_014495785.1,NZ_CP061065.1,109,59,72603,1,1.1916666666666669
Pseudomonadota,GCF_014596815.2,NZ_CP115026.1,121,58,65382,1,1.3528183716075155
Pseudomonadota,GCF_014596895.2,NZ_CP115037.1,124,58,60654,1,1.3135391923990498
Pseudomonadota,GCF_014623225.1,NZ_CP031350.1,184,161,131856,4,0.7214551042321019
Pseudomonadota,GCF_014623225.1,NZ_CP031351.1,102,41,44499,4,0.9193632764550022
Pseudomonadota,GCF_014681765.1,NZ_CP061502.1,398,330,341742,1,0.4609781477627471
Pseudomonadota,GCF_014705805.1,NZ_CP061515.1,116,54,66678,1,0.8554112554112554
Pseudomonadota,GCF_014705965.1,NZ_CP061531.1,120,58,64209,4,1.0615636189497095
Pseudomonadota,GCF_014770895.1,NZ_CP061756.1,102,72,74553,3,0.8992715526189038
Pseudomonadota,GCF_014770895.1,NZ_CP061757.1,118,58,65922,3,1.0762588694925437
Pseudomonadota,GCF_014771055.1,NZ_CP061761.1,9,6,4917,1,0.6422018348623854
Pseudomonadota,GCF_014771415.1,NZ_CP061745.1,116,60,67521,1,1.286008230452675
Pseudomonadota,GCF_014826015.1,NZ_CP058619.1,107,51,48144,3,1.0260175437854446
Pseudomonadota,GCF_014854595.1,NZ_CP062197.1,227,200,225030,2,1.0728795752230205
Pseudomonadota,GCF_014904175.2,NZ_CP075475.1,111,56,69660,1,1.1366223908918407
Pseudomonadota,GCF_014904265.2,NZ_CP075488.1,112,56,69660,1,1.1366223908918407
Pseudomonadota,GCF_014962565.1,NZ_CP063155.1,108,49,45327,3,0.9952926463518272
Pseudomonadota,GCF_015136055.1,NZ_AP022453.1,128,58,60393,1,1.3514150943396226
Pseudomonadota,GCF_015136315.1,NZ_AP022466.1,348,253,217185,1,0.3368379289823447
Pseudomonadota,GCF_015139375.1,NZ_AP022542.1,125,56,60846,4,1.075819660778886
Pseudomonadota,GCF_015139375.1,NZ_AP022544.1,96,38,33789,4,1.0150192053661695
Pseudomonadota,GCF_015169775.1,NZ_CP063446.1,522,489,550194,1,0.2865643778075958
Pseudomonadota,GCF_015219805.1,NZ_CP063217.1,111,57,67791,1,0.8128797083839612
Pseudomonadota,GCF_015224665.2,NZ_CP062259.2,216,106,117321,1,2.166666666666667
Pseudomonadota,GCF_015238615.1,NZ_CP047967.1,123,66,70620,1,1.2450704225352112
Pseudomonadota,GCF_015238655.1,NZ_CP050338.1,113,60,68400,1,1.2084870848708489
Pseudomonadota,GCF_015238895.1,NZ_CP050344.1,113,60,68400,1,1.2084870848708489
Pseudomonadota,GCF_015239135.1,NZ_CP050350.1,113,60,68400,1,1.2084870848708489
Pseudomonadota,GCF_015239295.1,NZ_CP050356.1,113,60,68400,1,1.2084870848708489
Pseudomonadota,GCF_015277915.1,NZ_CP063862.1,111,57,58938,2,1.0782190650450256
Pseudomonadota,GCF_015277955.1,NZ_CP063853.1,111,57,70485,2,1.034849312850406
Pseudomonadota,GCF_015278055.1,NZ_CP063873.1,111,59,67167,2,1.0131144148451126
Pseudomonadota,GCF_015278095.1,NZ_CP063882.1,113,58,68268,2,1.0320807997995949
Pseudomonadota,GCF_015353075.1,NZ_CP064188.1,2069,1815,1784448,1,0.2348865100164349
Pseudomonadota,GCF_015355875.1,NZ_CP064259.1,371,256,245844,2,1.027474645957058
Pseudomonadota,GCF_015355895.1,NZ_CP064213.1,113,53,69105,2,1.0384839553046576
Pseudomonadota,GCF_015500075.1,NZ_CP045499.1,355,281,252279,1,1.6382759331820995
Pseudomonadota,GCF_015534835.1,NZ_CP064676.1,106,49,44115,2,0.9733680731634812
Pseudomonadota,GCF_015535055.1,NZ_CP064658.1,116,60,67515,1,1.286008230452675
Pseudomonadota,GCF_015535055.1,NZ_CP064659.1,83,74,65133,1,0.9698492462311558
Pseudomonadota,GCF_015571535.1,NZ_CP062814.1,117,55,62517,4,1.0209322422316605
Pseudomonadota,GCF_015571555.1,NZ_CP062816.1,116,60,57927,2,0.9129456674453188
Pseudomonadota,GCF_015571555.1,NZ_CP062820.1,117,92,76851,2,1.0046333549643087
Pseudomonadota,GCF_015571615.1,NZ_CP062827.1,116,60,57918,2,0.9122831874456284
Pseudomonadota,GCF_015571615.1,NZ_CP062831.1,117,92,76827,2,1.0052862863383432
Pseudomonadota,GCF_015571635.1,NZ_CP062837.1,112,87,70977,1,1.2540192926045015
Pseudomonadota,GCF_015571655.1,NZ_CP062839.1,118,61,59145,2,0.9189454715199148
Pseudomonadota,GCF_015571655.1,NZ_CP062843.1,118,92,76881,2,1.0048165989809468
Pseudomonadota,GCF_015571775.1,NZ_CP062884.1,117,60,58020,2,0.9116396761133604
Pseudomonadota,GCF_015571775.1,NZ_CP062888.1,116,91,75837,2,0.99171945463868
Pseudomonadota,GCF_015571795.1,NZ_CP062890.1,92,45,43116,3,1.0376745783802752
Pseudomonadota,GCF_015571815.1,NZ_CP062860.1,91,40,48273,2,0.9658847812483324
Pseudomonadota,GCF_015571875.1,NZ_CP062900.1,117,92,76989,1,1.2568875651526434
Pseudomonadota,GCF_015571895.1,NZ_CP062902.1,97,56,53667,2,0.9780081334291952
Pseudomonadota,GCF_015571915.1,NZ_CP062914.1,122,64,71412,4,1.0567328426819151
Pseudomonadota,GCF_015571935.1,NZ_CP062920.1,116,49,65274,1,0.862876254180602
Pseudomonadota,GCF_015571955.1,NZ_CP062905.1,92,40,48273,2,0.9658847812483324
Pseudomonadota,GCF_015694045.1,NZ_CP065165.1,111,58,72828,2,1.044339057967678
Pseudomonadota,GCF_015992425.1,NZ_CP065450.1,111,57,66738,1,0.8416458852867831
Pseudomonadota,GCF_016066025.1,NZ_CP065827.1,118,52,49005,2,1.0141871227364183
Pseudomonadota,GCF_016127695.1,NZ_CP066033.1,108,45,42885,4,0.9219691004182984
Pseudomonadota,GCF_016406285.1,NZ_CP066358.1,1510,1354,1409433,1,1.480514794322829
Pseudomonadota,GCF_016406285.1,NZ_CP066361.1,1386,1206,1132629,1,1.3727575746226734
Pseudomonadota,GCF_016432785.1,NZ_CP061103.1,106,58,52884,4,0.926052630338478
Pseudomonadota,GCF_016446335.1,NZ_CP048823.1,102,61,54708,2,0.9239704684449386
Pseudomonadota,GCF_016454265.1,NZ_CP051361.1,101,42,42372,2,1.0484235970229323
Pseudomonadota,GCF_016454345.1,NZ_CP051374.1,177,166,154317,2,0.914673159923731
Pseudomonadota,GCF_016653695.1,NZ_CP067418.1,318,237,251373,1,0.3780510879848628
Pseudomonadota,GCF_016756555.1,NZ_AP023253.1,74,40,43299,1,0.2457002457002457
Pseudomonadota,GCF_016800965.1,NZ_CP068974.1,118,51,60474,2,0.9815162907268172
Pseudomonadota,GCF_016806005.1,NZ_CP019354.1,118,59,67245,4,1.0793457794675343
Pseudomonadota,GCF_016806065.1,NZ_CP032406.1,430,379,388683,1,1.636228102869922
Pseudomonadota,GCF_016806125.1,NZ_CP047170.1,465,426,450087,1,1.646140058891307
Pseudomonadota,GCF_016864375.1,NZ_CP069356.1,1269,1001,924405,4,0.8378737195443933
Pseudomonadota,GCF_016864375.1,NZ_CP069358.1,484,336,334353,4,0.8089694525620126
Pseudomonadota,GCF_016864375.1,NZ_CP069359.1,398,305,304995,4,0.8582206073101508
Pseudomonadota,GCF_016864395.1,NZ_CP017778.1,237,142,144891,2,1.0952427444091275
Pseudomonadota,GCF_016889305.1,NZ_CP069498.1,124,67,64239,1,0.6766076421248836
Pseudomonadota,GCF_016889565.1,NZ_CP069714.1,95,45,50196,2,0.967566351776878
Pseudomonadota,GCF_016890005.1,NZ_CP069570.1,101,47,43167,2,1.0431458897922312
Pseudomonadota,GCF_016903235.1,NZ_CP069855.1,97,52,64737,2,1.0387054007820138
Pseudomonadota,GCF_016903315.1,NZ_CP069885.1,109,47,43491,4,0.9562013311484026
Pseudomonadota,GCF_016903315.1,NZ_CP069886.1,109,58,53532,4,0.9740913425675948
Pseudomonadota,GCF_016903415.1,NZ_CP069933.1,19,19,20799,1,2.56043956043956
Pseudomonadota,GCF_016903815.1,NZ_CP069971.1,69,37,30561,2,1.1720743205768165
Pseudomonadota,GCF_016903815.1,NZ_CP069975.1,39,16,17766,2,0.9275395526459356
Pseudomonadota,GCF_016903935.1,NZ_CP070008.1,182,159,120006,1,1.4431091792380466
Pseudomonadota,GCF_016904235.1,NZ_CP070074.1,123,58,63675,3,1.0489455958949632
Pseudomonadota,GCF_016904495.1,NZ_CP070135.1,121,50,53184,4,1.0437744236594555
Pseudomonadota,GCF_016904495.1,NZ_CP070136.1,69,34,27570,4,1.1396405861411003
Pseudomonadota,GCF_016904795.1,NZ_CP070295.1,105,52,50298,2,1.0419930000746902
Pseudomonadota,GCF_016918825.1,NZ_JAFFQV010000013.1,135,135,138159,2,1.3557530320601778
Pseudomonadota,GCF_016918825.1,NZ_JAFFQV010000015.1,18,18,16398,2,1.3663989922846795
Pseudomonadota,GCF_016925255.1,NZ_CP070421.1,124,97,85971,1,0.4088114754098361
Pseudomonadota,GCF_016925315.1,NZ_CP070439.1,112,56,66840,1,1.1950757575757576
Pseudomonadota,GCF_016925335.1,NZ_CP070441.1,124,97,85971,1,0.4088114754098361
Pseudomonadota,GCF_016925395.1,NZ_CP070455.1,124,97,85971,1,0.4088114754098361
Pseudomonadota,GCF_016939615.1,NZ_CP070546.1,126,56,59955,1,1.354066985645933
Pseudomonadota,GCF_016942475.1,NZ_CP063334.1,91,47,53040,2,0.9880197403316192
Pseudomonadota,GCF_016942575.1,NZ_CP063461.1,6,4,1260,1,0.9166666666666666
Pseudomonadota,GCF_016944715.1,NZ_CP063505.1,96,49,48267,2,1.0448416815844384
Pseudomonadota,GCF_017088425.1,NZ_CP070908.1,117,57,65064,3,1.082787635635719
Pseudomonadota,GCF_017220215.1,NZ_CP071130.1,1163,980,1042959,3,1.4289363827240258
Pseudomonadota,GCF_017310465.1,NZ_CP064109.1,115,59,68028,1,1.0277777777777777
Pseudomonadota,GCF_017310485.1,NZ_CP064114.1,133,67,69228,1,1.2713987473903967
Pseudomonadota,GCF_017310485.1,NZ_CP064116.1,70,62,53955,1,0.9760479041916168
Pseudomonadota,GCF_017347565.1,NZ_AP024147.1,180,50,45888,1,1.7408312958435208
Pseudomonadota,GCF_017355405.1,NZ_CP061178.1,393,365,393534,1,0.7172864732325296
Pseudomonadota,GCF_017357685.1,NZ_CP043260.1,97,60,60999,3,1.0533646057527333
Pseudomonadota,GCF_017357705.1,NZ_CP043264.1,86,33,30795,2,0.9673624355442536
Pseudomonadota,GCF_017357725.1,NZ_CP043269.1,107,58,48573,3,1.051007325252192
Pseudomonadota,GCF_017357745.1,NZ_CP043272.1,111,62,55455,2,1.023225029499886
Pseudomonadota,GCF_017488845.2,NZ_CP083371.1,1695,1497,1545063,2,1.4741700135469946
Pseudomonadota,GCF_017488845.2,NZ_CP083374.1,816,710,742098,2,1.4371809829546691
Pseudomonadota,GCF_017514945.1,NZ_CP071829.1,146,81,100125,1,0.3485838779956427
Pseudomonadota,GCF_017565645.3,NZ_CP086137.1,236,159,187794,1,1.802690582959641
Pseudomonadota,GCF_017570585.1,NZ_CP069647.1,106,39,33105,4,0.9591381683017546
Pseudomonadota,GCF_017570645.1,NZ_CP069679.1,109,50,46590,2,0.999159560004944
Pseudomonadota,GCF_017638965.1,NZ_CP067234.1,103,48,47127,2,1.0080376502120827
Pseudomonadota,GCF_017638985.1,NZ_CP067237.1,107,50,48216,2,1.0049548945948985
Pseudomonadota,GCF_017654485.1,NZ_CP061095.1,275,249,261846,1,0.7876831388130122
Pseudomonadota,GCF_017726575.1,NZ_CP072306.1,54,18,30687,1,1.4630872483221478
Pseudomonadota,GCF_017743035.1,NZ_CP072469.1,124,97,85971,1,0.4088114754098361
Pseudomonadota,GCF_017753625.1,NZ_CP072527.1,110,47,61026,1,0.8813559322033898
Pseudomonadota,GCF_017809835.1,NZ_CP072464.1,115,56,66726,2,1.0342785658655
Pseudomonadota,GCF_017858835.1,NZ_CP021077.1,137,89,106026,1,0.1125781792911744
Pseudomonadota,GCF_017948245.1,NZ_CP072866.1,500,437,456729,4,1.3911246612257997
Pseudomonadota,GCF_017948245.1,NZ_CP072868.1,452,427,432879,4,1.4489741526076445
Pseudomonadota,GCF_018075245.1,NZ_CP072972.1,133,65,67239,1,1.3326315789473684
Pseudomonadota,GCF_018128445.1,NZ_CP071082.1,106,58,70680,2,1.0339115891884625
Pseudomonadota,GCF_018138305.2,NZ_CP082792.1,108,56,64431,2,1.021274634377258
Pseudomonadota,GCF_018141245.1,NZ_CP032074.1,109,56,63954,1,1.1469098277608916
Pseudomonadota,GCF_018199995.1,NZ_CP073579.1,1445,1163,1182999,3,0.7824812584152655
Pseudomonadota,GCF_018219265.1,NZ_CP063841.1,139,93,100935,1,0.3534230544177882
Pseudomonadota,GCF_018223785.1,NZ_CP073666.1,88,47,48717,1,0.3919028340080971
Pseudomonadota,GCF_018279085.1,NZ_CP047004.1,121,54,61815,5,1.0132646533686511
Pseudomonadota,GCF_018279085.1,NZ_CP047007.1,7,5,1428,5,1.1987838827838826
Pseudomonadota,GCF_018279125.1,NZ_CP047013.1,106,55,50862,4,0.9318891342317368
Pseudomonadota,GCF_018279165.1,NZ_CP047290.1,146,134,142371,3,1.4924850971925652
Pseudomonadota,GCF_018279165.1,NZ_CP047292.1,89,85,88548,3,1.5496320149206992
Pseudomonadota,GCF_018316615.1,NZ_CP074122.1,112,55,61620,3,1.0684820490481546
Pseudomonadota,GCF_018394355.1,NZ_CP074582.1,123,105,92151,1,1.2085805568233683
Pseudomonadota,GCF_018408855.1,NZ_AP024326.1,906,699,664965,2,1.227370199322539
Pseudomonadota,GCF_018408855.1,NZ_AP024327.1,618,562,579387,2,1.4093369034811314
Pseudomonadota,GCF_018415975.1,NZ_CP075058.1,117,52,59682,3,1.1012812321322036
Pseudomonadota,GCF_018415975.1,NZ_CP075059.1,108,53,55824,3,1.0687058641821598
Pseudomonadota,GCF_018436065.1,NZ_CP075348.1,395,345,364467,2,1.1985140895599231
Pseudomonadota,GCF_018436125.1,NZ_CP075356.1,394,344,364047,2,1.199069629917656
Pseudomonadota,GCF_018436245.1,NZ_CP075360.1,395,345,364380,2,1.1982058164143534
Pseudomonadota,GCF_018449045.1,NZ_CP075258.1,104,54,68130,2,1.0280243804416305
Pseudomonadota,GCF_018454365.1,NZ_CP075317.1,119,58,68865,2,1.046051493234592
Pseudomonadota,GCF_018771465.1,NZ_CP076307.1,101,54,45969,4,0.8990251538117513
Pseudomonadota,GCF_018771585.1,NZ_CP076303.1,98,49,49923,2,1.0546114997723226
Pseudomonadota,GCF_018798885.1,NZ_CP076366.1,125,100,99798,2,1.4531157944503037
Pseudomonadota,GCF_018884065.1,NZ_CP048917.1,99,43,44541,2,0.9863992013187528
Pseudomonadota,GCF_018884085.1,NZ_CP049149.1,120,56,63813,1,1.2766415500538213
Pseudomonadota,GCF_018884145.1,NZ_CP049152.1,120,56,63813,1,1.2766415500538213
Pseudomonadota,GCF_018884385.1,NZ_CP035843.1,130,58,60510,4,1.050935834806799
Pseudomonadota,GCF_018884525.1,NZ_CP035876.1,115,47,39570,4,0.9979626867569202
Pseudomonadota,GCF_018987265.1,NZ_CP076854.1,1918,1727,1792596,1,0.1947223527831867
Pseudomonadota,GCF_018987285.1,NZ_CP076850.1,38,21,19386,1,0.1901408450704225
Pseudomonadota,GCF_019047205.1,NZ_CP077239.1,107,63,57627,1,0.5577342047930284
Pseudomonadota,GCF_019048185.1,NZ_CP077332.1,104,82,66021,1,0.8870392390011891
Pseudomonadota,GCF_019048945.1,NZ_CP074401.1,46,42,42216,2,1.3084548260157545
Pseudomonadota,GCF_019076985.1,NZ_CP075326.1,220,111,120417,1,2.163445610160133
Pseudomonadota,GCF_019086825.1,NZ_CP074704.1,106,52,48429,3,1.0652760894180553
Pseudomonadota,GCF_019107685.1,NZ_CP077781.1,66,47,26919,1,0.4157303370786517
Pseudomonadota,GCF_019286455.1,NZ_CP079122.1,107,57,70338,1,1.1931623931623931
Pseudomonadota,GCF_019286515.1,NZ_CP079133.1,107,57,70008,1,1.1982832618025752
Pseudomonadota,GCF_019286855.1,NZ_CP079158.1,136,126,121941,1,0.9180018850141376
Pseudomonadota,GCF_019317005.1,NZ_CP079601.1,111,105,105306,1,1.226904376012966
Pseudomonadota,GCF_019317025.1,NZ_CP079608.1,110,100,94782,1,0.925
Pseudomonadota,GCF_019317225.1,NZ_CP079675.1,135,125,120852,1,0.9307692307692308
Pseudomonadota,GCF_019334545.1,NZ_CP079728.1,118,70,81690,1,0.8688783570300159
Pseudomonadota,GCF_019334625.1,NZ_CP079763.1,102,55,69534,2,1.0359376284000328
Pseudomonadota,GCF_019428725.1,NZ_CP080149.1,124,62,67122,3,1.0930994271194867
Pseudomonadota,GCF_019431165.1,NZ_CP080257.1,114,53,64446,4,1.0726807468346713
Pseudomonadota,GCF_019431295.1,NZ_CP080229.1,79,42,41859,2,0.9994888583285668
Pseudomonadota,GCF_019431295.1,NZ_CP080230.1,67,35,28140,2,1.1253499172922763
Pseudomonadota,GCF_019434375.1,NZ_CP076528.1,80,41,44007,2,0.992627640026484
Pseudomonadota,GCF_019443365.1,NZ_CP080373.1,96,41,46521,3,1.0901240663616698
Pseudomonadota,GCF_019443545.1,NZ_CP080358.1,114,58,68646,1,1.2
Pseudomonadota,GCF_019443585.1,NZ_CP080364.1,115,58,69270,2,1.0053833169803803
Pseudomonadota,GCF_019537295.1,NZ_JAIEUG010000003.1,129,65,70662,1,1.280943025540275
Pseudomonadota,GCF_019670005.1,NZ_AP019786.1,75,52,43539,2,1.3969089111889466
Pseudomonadota,GCF_019720795.1,NZ_CP081308.1,104,54,51249,4,0.9146509059684232
Pseudomonadota,GCF_019823785.1,NZ_CP082006.1,118,57,67107,2,1.0300746147873796
Pseudomonadota,GCF_019843995.1,NZ_CP082122.1,116,56,61416,3,1.0929332316630098
Pseudomonadota,GCF_019856295.1,NZ_CP082171.1,118,62,71934,1,1.2035555555555555
Pseudomonadota,GCF_019880205.1,NZ_CP082297.1,94,69,53889,2,1.2219177608397715
Pseudomonadota,GCF_019903155.1,NZ_CP059543.1,119,53,68115,1,0.896551724137931
Pseudomonadota,GCF_019904295.1,NZ_CP065362.1,425,385,430437,2,0.949119301706485
Pseudomonadota,GCF_019915365.1,NZ_CP082810.1,61,30,29313,1,0.3352601156069364
Pseudomonadota,GCF_019969545.1,NZ_CP081778.1,63,45,27597,2,1.091371681415929
Pseudomonadota,GCF_019969565.1,NZ_CP081694.1,52,35,16758,2,1.0689145660332753
Pseudomonadota,GCF_019969585.1,NZ_CP081786.1,62,45,28134,2,1.088302020560085
Pseudomonadota,GCF_019969585.1,NZ_CP081787.1,13,9,3273,2,1.211024978466839
Pseudomonadota,GCF_019969605.1,NZ_CP081792.1,95,46,53184,4,1.074765500537653
Pseudomonadota,GCF_019969645.1,NZ_CP081702.1,95,46,54189,4,1.0693609349533713
Pseudomonadota,GCF_019970975.1,NZ_CP081707.1,96,47,55218,4,1.0679844421424414
Pseudomonadota,GCF_019976835.1,NZ_AP024520.1,95,56,61509,1,0.7682119205298013
Pseudomonadota,GCF_020002305.1,NZ_CP079892.1,117,51,60996,4,1.0675336455586797
Pseudomonadota,GCF_020080045.1,NZ_CP083452.1,332,308,304161,2,1.343568128294467
Pseudomonadota,GCF_020091645.1,NZ_CP083587.1,98,48,47364,3,1.0729820340432237
Pseudomonadota,GCF_020149465.1,NZ_CP083706.1,85,42,40242,2,0.9852854067803808
Pseudomonadota,GCF_020149825.1,NZ_CP083789.1,4,3,741,2,2.403846153846154
Pseudomonadota,GCF_020221715.1,NZ_CP084170.1,124,106,92844,1,1.2045351473922905
Pseudomonadota,GCF_020405145.1,NZ_CP084487.1,1462,1364,1457889,2,1.4910767454542655
Pseudomonadota,GCF_020405145.1,NZ_CP084488.1,1392,1262,1277223,2,1.450890176482611
Pseudomonadota,GCF_020525705.1,NZ_CP084772.1,111,60,72294,2,1.0328342371201045
Pseudomonadota,GCF_020525725.1,NZ_CP084792.1,111,60,68472,2,1.00863420164689
Pseudomonadota,GCF_020525825.1,NZ_CP084809.1,127,63,69579,2,1.0077117243926184
Pseudomonadota,GCF_020525905.1,NZ_CP084826.1,105,53,68133,2,1.0567691669290764
Pseudomonadota,GCF_020525965.1,NZ_CP084833.1,111,61,73683,2,1.032451102606437
Pseudomonadota,GCF_020525985.1,NZ_CP084845.1,111,61,73683,2,1.0340799268020702
Pseudomonadota,GCF_020526005.1,NZ_CP084854.1,110,54,69105,3,0.9553125649734048
Pseudomonadota,GCF_020526005.1,NZ_CP084855.1,64,37,26826,3,1.049039365622591
Pseudomonadota,GCF_020540945.1,NZ_CP085058.1,96,41,42741,2,1.0098384261441922
Pseudomonadota,GCF_020540985.1,NZ_CP085065.1,101,54,52284,3,1.1134484545123902
Pseudomonadota,GCF_020616475.1,NZ_CP085184.1,117,55,57447,3,1.1274109771247391
Pseudomonadota,GCF_020641015.1,NZ_CP085480.1,106,55,68343,2,1.0362608786661407
Pseudomonadota,GCF_020827555.1,NZ_CP083480.1,112,50,61527,4,1.020006557964882
Pseudomonadota,GCF_020827575.1,NZ_CP083486.1,105,47,46182,2,1.006551196878625
Pseudomonadota,GCF_020827615.1,NZ_CP083502.1,118,53,61098,3,1.06237760939306
Pseudomonadota,GCF_020868245.1,NZ_CP086388.1,115,75,67509,1,1.1601513240857504
Pseudomonadota,GCF_020883415.1,NZ_CP086606.1,110,64,66048,1,1.0095518001469508
Pseudomonadota,GCF_020883495.1,NZ_CP086614.1,31,21,19626,1,0.6125461254612546
Pseudomonadota,GCF_020885575.1,NZ_AP024960.1,71,50,42165,2,1.8405807387121105
Pseudomonadota,GCF_020886495.2,NZ_AP025215.1,121,54,62856,4,1.0536773636763197
Pseudomonadota,GCF_021052365.1,NZ_CP088101.1,450,245,189117,1,1.7254792998055015
Pseudomonadota,GCF_021052565.1,NZ_CP088110.1,1391,1257,1289439,1,1.4227775364981794
Pseudomonadota,GCF_021052665.1,NZ_CP088114.1,1434,1290,1333512,1,1.0000641005095992
Pseudomonadota,GCF_021052665.1,NZ_CP088115.1,1112,963,955446,1,0.939311839609862
Pseudomonadota,GCF_021052665.1,NZ_CP088116.1,253,202,175539,1,0.9550218340611354
Pseudomonadota,GCF_021052665.1,NZ_CP088118.1,120,81,74793,1,0.8325000000000001
Pseudomonadota,GCF_021137835.1,NZ_CP083035.1,111,60,68496,1,1.187956204379562
Pseudomonadota,GCF_021166195.1,NZ_CP089018.1,112,60,69222,1,0.8545343883140597
Pseudomonadota,GCF_021228015.1,NZ_CP089299.1,36,26,30672,1,1.3410852713178294
Pseudomonadota,GCF_021245755.2,NZ_CP170139.1,120,59,69696,2,1.0148705065616712
Pseudomonadota,GCF_021391315.1,NZ_CP090023.1,258,188,187155,2,1.465087925633999
Pseudomonadota,GCF_021391675.1,NZ_CP090096.1,1112,1009,1053639,3,2.023311647806358
Pseudomonadota,GCF_021397695.1,NZ_CP090147.1,139,69,67653,1,1.3280898876404494
Pseudomonadota,GCF_021397715.1,NZ_CP090208.1,519,453,425190,1,0.3395939086294416
Pseudomonadota,GCF_021398115.1,NZ_CP090193.1,133,63,63036,1,1.342756183745583
Pseudomonadota,GCF_021442045.1,NZ_CP090470.1,120,73,83595,1,0.8812691914022518
Pseudomonadota,GCF_021484785.1,NZ_CP090612.1,436,426,362445,4,1.0715336214998874
Pseudomonadota,GCF_021497265.1,NZ_CP053864.1,110,58,69417,2,1.0485066748550311
Pseudomonadota,GCF_021497565.1,NZ_CP071390.1,103,47,42309,2,1.034602261931316
Pseudomonadota,GCF_021498025.2,NZ_CP097097.1,86,44,44766,2,0.990047811256196
Pseudomonadota,GCF_021498045.1,NZ_CP054193.1,89,44,39891,2,0.9927372880612594
Pseudomonadota,GCF_021535065.1,NZ_CP091013.1,2823,2466,2533392,4,1.7115748065026952
Pseudomonadota,GCF_021535065.1,NZ_CP091014.1,927,821,871764,4,1.6834955026633909
Pseudomonadota,GCF_021655475.1,NZ_AP024574.1,110,53,66990,2,1.0218295218295217
Pseudomonadota,GCF_021729785.1,NZ_CP058547.1,128,78,88035,2,1.0300377124031903
Pseudomonadota,GCF_021729845.1,NZ_CP063398.1,610,568,633468,2,1.4833285571897654
Pseudomonadota,GCF_021733125.1,NZ_CP090966.1,9,6,6246,1,1.2439024390243902
Pseudomonadota,GCF_021869645.1,NZ_CP091495.1,117,60,46842,2,0.8877022723826441
Pseudomonadota,GCF_021869665.1,NZ_CP091490.1,123,59,60561,1,1.242489270386266
Pseudomonadota,GCF_021899615.1,NZ_CP091592.1,112,57,67998,2,1.016312617274123
Pseudomonadota,GCF_022023855.1,NZ_CP059450.1,1802,1441,1587903,13,1.7493505779425471
Pseudomonadota,GCF_022023855.1,NZ_CP059452.1,591,523,628986,13,1.7801464998273495
Pseudomonadota,GCF_022023855.1,NZ_CP059453.1,545,477,522519,13,1.7977510104827794
Pseudomonadota,GCF_022023855.1,NZ_CP059454.1,118,102,141840,13,1.6720174308263038
Pseudomonadota,GCF_022024315.1,NZ_CP091811.1,12,6,1743,2,0.6673427991886411
Pseudomonadota,GCF_022058205.1,NZ_CP091837.1,81,53,50235,2,0.7984469662114227
Pseudomonadota,GCF_022058225.1,NZ_CP091840.1,71,53,56976,1,0.3721973094170404
Pseudomonadota,GCF_022220405.1,NZ_CP092043.1,106,56,67164,2,1.0537840585067062
Pseudomonadota,GCF_022227035.1,NZ_CP089967.1,265,190,193272,2,1.470112720917602
Pseudomonadota,GCF_022227035.1,NZ_CP089971.1,99,78,82176,2,1.4776445337359774
Pseudomonadota,GCF_022353665.1,NZ_CP054975.1,113,60,69690,1,0.843359142346635
Pseudomonadota,GCF_022353705.1,NZ_CP054987.1,110,56,69729,2,1.0440331227661874
Pseudomonadota,GCF_022354285.1,NZ_CP055187.1,120,51,60396,2,1.0046603778408365
Pseudomonadota,GCF_022354345.1,NZ_CP055201.1,100,43,44700,2,0.9173729941187428
Pseudomonadota,GCF_022354485.1,NZ_CP092346.1,2170,1875,1802472,1,0.2377777777777777
Pseudomonadota,GCF_022354525.1,NZ_CP092338.1,113,57,66369,2,1.0184501909667474
Pseudomonadota,GCF_022369275.1,NZ_CP058730.1,110,47,58452,1,0.8960784313725491
Pseudomonadota,GCF_022369355.1,NZ_CP059475.1,115,50,57684,1,0.8476286579212916
Pseudomonadota,GCF_022376815.1,NZ_CP066555.1,147,71,70989,1,1.268101761252446
Pseudomonadota,GCF_022376815.1,NZ_CP066556.1,39,32,17961,1,1.1875
Pseudomonadota,GCF_022453585.1,NZ_CP092645.1,102,53,50367,2,0.9627240544587012
Pseudomonadota,GCF_022453845.1,NZ_CP092685.1,111,62,60816,1,0.4534296028880866
Pseudomonadota,GCF_022492855.1,NZ_CP092756.1,114,56,66357,2,0.9987793414055814
Pseudomonadota,GCF_022492875.1,NZ_CP092762.1,114,56,66357,2,0.9987793414055814
Pseudomonadota,GCF_022492895.1,NZ_CP092768.1,112,55,65769,2,1.0020550877693737
Pseudomonadota,GCF_022494075.1,NZ_CP058881.1,100,48,46932,2,1.0503611556982344
Pseudomonadota,GCF_022494275.1,NZ_CP058773.1,80,41,26493,2,1.0739665148615054
Pseudomonadota,GCF_022494315.1,NZ_CP058750.1,100,47,46251,2,1.051887064246615
Pseudomonadota,GCF_022494415.1,NZ_CP058787.1,107,54,50313,2,0.9989535427431624
Pseudomonadota,GCF_022494435.1,NZ_CP058791.1,128,98,77730,1,1.1218836565096952
Pseudomonadota,GCF_022494725.1,NZ_CP091679.1,112,52,46836,3,0.9752707959038512
Pseudomonadota,GCF_022558825.1,NZ_CP060916.1,89,36,31680,2,0.9743570770849777
Pseudomonadota,GCF_022558845.1,NZ_CP060921.1,88,36,31680,2,0.9743570770849777
Pseudomonadota,GCF_022558865.1,NZ_CP060935.1,89,36,31680,2,0.9743570770849777
Pseudomonadota,GCF_022558885.1,NZ_CP060930.1,106,43,40221,2,0.9712359170747548
Pseudomonadota,GCF_022558965.1,NZ_CP041717.1,247,121,146028,17,1.2651827554731354
Pseudomonadota,GCF_022558985.1,NZ_CP043277.1,98,50,47790,3,0.9166627014922598
Pseudomonadota,GCF_022559025.1,NZ_CP043288.1,93,47,43503,2,1.0166602604385928
Pseudomonadota,GCF_022559065.1,NZ_CP043337.1,98,42,43983,5,0.90406343560899
Pseudomonadota,GCF_022559065.1,NZ_CP043339.1,7,5,1428,5,0.9831871871871872
Pseudomonadota,GCF_022559325.1,NZ_CP060984.1,12,8,2109,1,0.8
Pseudomonadota,GCF_022559855.1,NZ_CP091754.1,113,58,69444,2,1.0359912560771083
Pseudomonadota,GCF_022577075.1,NZ_CP084243.1,112,60,71928,1,1.1748726655348047
Pseudomonadota,GCF_022591475.1,NZ_CP093228.1,104,43,48228,2,1.0249802608293177
Pseudomonadota,GCF_022625045.1,NZ_CP093536.1,1603,1349,1620285,3,2.351824970186198
Pseudomonadota,GCF_022699465.1,NZ_CP093921.1,105,50,42666,3,0.9912012792827448
Pseudomonadota,GCF_022759565.1,NZ_CP094284.1,115,54,66678,1,0.8554112554112554
Pseudomonadota,GCF_022759725.1,NZ_CP086503.1,105,51,43782,3,0.9948066300348872
Pseudomonadota,GCF_022759745.1,NZ_CP086493.1,105,50,42975,3,0.9992203243908234
Pseudomonadota,GCF_022759765.1,NZ_CP086483.1,105,51,43482,3,0.999956235267752
Pseudomonadota,GCF_022759785.1,NZ_CP086473.1,105,51,43590,3,1.0026337907613765
Pseudomonadota,GCF_022759805.1,NZ_CP086513.1,105,51,44040,3,0.9953743653624748
Pseudomonadota,GCF_022788655.1,NZ_CP084952.1,259,205,205413,2,1.2808662691091968
Pseudomonadota,GCF_022788655.1,NZ_CP084955.1,148,121,107682,2,1.311204339533632
Pseudomonadota,GCF_022788675.1,NZ_CP084961.1,203,194,200688,2,1.4221848957343524
Pseudomonadota,GCF_022788715.1,NZ_CP085168.1,276,244,245925,2,1.3072207636596325
Pseudomonadota,GCF_022788735.1,NZ_CP085145.1,230,198,201780,2,1.258924193856434
Pseudomonadota,GCF_022789185.2,NZ_CP154869.1,124,58,64140,2,0.9884574468085108
Pseudomonadota,GCF_022789685.2,NZ_CP144957.1,109,57,70914,2,1.01504728387152
Pseudomonadota,GCF_022865125.1,NZ_CP094833.1,75,62,66015,2,1.4912872632659826
Pseudomonadota,GCF_022879815.1,NZ_CP084285.1,998,881,933183,3,1.0614973085518706
Pseudomonadota,GCF_022879815.1,NZ_CP084288.1,377,325,361629,3,1.065288722566635
Pseudomonadota,GCF_022964775.1,NZ_CP095126.1,109,46,49380,3,1.0865735474577916
Pseudomonadota,GCF_022964775.1,NZ_CP095127.1,104,54,47466,3,1.0459305719623446
Pseudomonadota,GCF_022964815.1,NZ_CP095139.1,126,50,58233,4,1.0860552332177054
Pseudomonadota,GCF_023024425.1,NZ_CP086223.1,113,49,39063,3,0.9394290259257594
Pseudomonadota,GCF_023024425.1,NZ_CP086226.1,7,5,1428,3,1.3543209876543207
Pseudomonadota,GCF_023094055.1,NZ_CP095788.1,134,75,71196,2,1.0315427012841272
Pseudomonadota,GCF_023167605.1,NZ_AP023436.1,126,49,41787,2,0.9821400070848272
Pseudomonadota,GCF_023169585.1,NZ_AP019805.1,110,51,43887,3,1.0270489380143986
Pseudomonadota,GCF_023205415.1,NZ_CP048611.1,102,46,45246,2,1.0504645843294864
Pseudomonadota,GCF_023278145.1,NZ_CP066352.1,437,299,313881,1,1.930090684253916
Pseudomonadota,GCF_023361255.1,NZ_CP096709.1,116,54,66678,1,0.8554112554112554
Pseudomonadota,GCF_023361275.1,NZ_CP096711.1,116,54,66678,1,0.8554112554112554
Pseudomonadota,GCF_023361895.1,NZ_CP096726.1,117,52,65196,1,0.8518189884649512
Pseudomonadota,GCF_023361955.1,NZ_CP096732.1,115,54,66678,1,0.8554112554112554
Pseudomonadota,GCF_023361995.1,NZ_CP096737.1,117,54,66672,1,0.8554112554112554
Pseudomonadota,GCF_023362055.1,NZ_CP096743.1,116,54,66678,1,0.8554112554112554
Pseudomonadota,GCF_023362115.1,NZ_CP096752.1,116,54,66678,1,0.8554112554112554
Pseudomonadota,GCF_023362195.1,NZ_CP096760.1,116,54,66678,1,0.8554112554112554
Pseudomonadota,GCF_023362275.1,NZ_CP096770.1,116,54,66261,1,0.8536585365853658
Pseudomonadota,GCF_023375585.1,NZ_CP095172.1,130,60,64188,1,1.294245385450597
Pseudomonadota,GCF_023376095.1,NZ_CP049847.1,97,44,38238,2,1.0152197396099836
Pseudomonadota,GCF_023516115.1,NZ_CP080083.1,108,52,45810,3,0.9796756419641992
Pseudomonadota,GCF_023518355.1,NZ_CP067430.1,102,47,43839,3,1.0574141344971606
Pseudomonadota,GCF_023547485.1,NZ_CP053644.1,129,65,70662,1,1.280943025540275
Pseudomonadota,GCF_023547485.1,NZ_CP053648.1,72,64,58485,1,0.9774011299435028
Pseudomonadota,GCF_023573725.1,NZ_CP097672.1,114,60,69828,2,1.0120255183413078
Pseudomonadota,GCF_023573865.1,NZ_CP097699.1,114,57,66603,2,1.0188449069669427
Pseudomonadota,GCF_023573885.1,NZ_CP097705.1,115,61,71322,2,1.028331913187309
Pseudomonadota,GCF_023657755.1,NZ_CP098153.1,109,53,68175,2,1.032597822793224
Pseudomonadota,GCF_023657775.1,NZ_CP098157.1,144,120,110976,3,1.014677160483058
Pseudomonadota,GCF_023657775.1,NZ_CP098158.1,110,54,69735,3,1.0617807109746629
Pseudomonadota,GCF_023657875.1,NZ_CP098173.1,271,249,234219,1,0.795221843003413
Pseudomonadota,GCF_023658265.1,NZ_CP098199.1,108,46,42747,3,0.976089012219744
Pseudomonadota,GCF_023658425.1,NZ_CP098226.1,21,7,2100,3,1.0982146233422467
Pseudomonadota,GCF_023702755.1,NZ_CP098495.1,255,214,230436,2,1.1789822567783097
Pseudomonadota,GCF_023703835.1,NZ_CP077807.1,116,51,60726,2,0.9615626527868318
Pseudomonadota,GCF_023734795.1,NZ_AP025766.1,139,66,67113,1,1.3232104121475057
Pseudomonadota,GCF_023734815.1,NZ_AP025769.1,138,65,66612,1,1.323177366702938
Pseudomonadota,GCF_023734875.1,NZ_AP025776.1,139,66,66132,1,1.3266666666666669
Pseudomonadota,GCF_023734895.1,NZ_AP025779.1,129,60,60456,1,1.33729216152019
Pseudomonadota,GCF_023735015.1,NZ_AP025794.1,132,62,61971,1,1.33806146572104
Pseudomonadota,GCF_023735195.1,NZ_AP025806.1,134,64,63981,1,1.3410672853828307
Pseudomonadota,GCF_023735255.1,NZ_AP025814.1,140,67,66792,1,1.3232758620689655
Pseudomonadota,GCF_023735315.1,NZ_AP025823.1,130,61,62082,1,1.3333333333333333
Pseudomonadota,GCF_023735335.1,NZ_AP025825.1,128,58,59421,1,1.3436385255648038
Pseudomonadota,GCF_023735355.1,NZ_AP025829.1,132,62,61971,1,1.33806146572104
Pseudomonadota,GCF_023735375.1,NZ_AP025832.1,133,63,62976,1,1.3356725146198831
Pseudomonadota,GCF_023735395.1,NZ_AP025835.1,132,62,61971,1,1.33806146572104
Pseudomonadota,GCF_023735435.1,NZ_AP025841.1,133,63,62976,1,1.3356725146198831
Pseudomonadota,GCF_023756145.1,NZ_CP115617.1,130,62,67620,1,1.2896825396825398
Pseudomonadota,GCF_023809705.1,NZ_CP098797.1,114,102,115332,3,0.4390627788134868
Pseudomonadota,GCF_023821965.1,NZ_CP098808.1,1531,1403,1489599,2,1.4773995358172995
Pseudomonadota,GCF_023821965.1,NZ_CP098809.1,1467,1276,1291104,2,1.4285444365666082
Pseudomonadota,GCF_023897035.1,NZ_CP053692.1,130,66,71784,1,1.2769679300291543
Pseudomonadota,GCF_023897035.1,NZ_CP053696.1,72,64,58485,1,0.9774011299435028
Pseudomonadota,GCF_023920245.1,NZ_CP092518.1,7,3,708,1,2.181818181818182
Pseudomonadota,GCF_024022955.1,NZ_CP099585.1,121,75,89550,1,0.1465437788018433
Pseudomonadota,GCF_024182005.1,NZ_AP025838.1,133,63,62976,1,1.3356725146198831
Pseudomonadota,GCF_024206775.1,NZ_CP072993.1,497,446,470490,3,1.4203048661100268
Pseudomonadota,GCF_024223795.1,NZ_CP100480.1,109,54,65364,2,1.0186296830457704
Pseudomonadota,GCF_024224055.1,NZ_CP100487.1,109,46,40884,2,1.014953880457304
Pseudomonadota,GCF_024225755.1,NZ_CP100532.1,114,48,46428,3,1.0718329913768558
Pseudomonadota,GCF_024226085.1,NZ_CP100547.1,121,53,61146,4,1.0705996244284073
Pseudomonadota,GCF_024226085.1,NZ_CP100548.1,89,42,46809,4,0.9620699177159516
Pseudomonadota,GCF_024226755.1,NZ_CP100523.1,110,54,65364,2,1.0186296830457704
Pseudomonadota,GCF_024266165.1,NZ_CP100671.1,104,49,50985,2,1.029083119464606
Pseudomonadota,GCF_024266465.1,NZ_CP100711.1,98,54,39486,3,1.0910783427967785
Pseudomonadota,GCF_024266545.1,NZ_CP100729.1,107,61,42972,3,1.1346314109999776
Pseudomonadota,GCF_024298505.1,NZ_CP101242.1,76,43,40674,2,1.0008216619981325
Pseudomonadota,GCF_024298525.1,NZ_CP101248.1,77,43,40674,2,1.0008216619981325
Pseudomonadota,GCF_024298545.1,NZ_CP101254.1,75,43,40674,2,1.0008216619981325
Pseudomonadota,GCF_024298705.1,NZ_CP101260.1,77,43,40674,2,1.0008216619981325
Pseudomonadota,GCF_024298785.1,NZ_CP101235.1,118,61,72198,1,1.0864864864864865
Pseudomonadota,GCF_024331375.2,NZ_CP116996.1,104,50,45471,3,0.8991712791241159
Pseudomonadota,GCF_024331535.2,NZ_CP117002.1,116,61,65001,3,1.1141102861553869
Pseudomonadota,GCF_024380055.1,NZ_CP101518.1,1577,1427,1506684,2,1.4829159920565032
Pseudomonadota,GCF_024380055.1,NZ_CP101519.1,1414,1197,1181403,2,1.435919534792745
Pseudomonadota,GCF_024396875.1,NZ_CP101549.1,108,58,71340,1,1.1668077900084677
Pseudomonadota,GCF_024399595.1,NZ_CP101616.1,98,45,42675,2,0.9762008441079923
Pseudomonadota,GCF_024442155.1,NZ_CP050465.1,1857,1506,1462128,8,1.0322772151533823
Pseudomonadota,GCF_024496205.1,NZ_CP101792.1,122,46,51624,2,0.9919152747811312
Pseudomonadota,GCF_024499095.1,NZ_CP075717.1,142,111,100971,1,1.1966942148760331
Pseudomonadota,GCF_024499155.1,NZ_CP075739.1,115,59,71280,3,1.0791724803604954
Pseudomonadota,GCF_024499175.1,NZ_CP075723.1,111,52,63384,3,1.1034311585433718
Pseudomonadota,GCF_024507875.1,NZ_CP101923.1,123,54,62442,4,1.06032582074037
Pseudomonadota,GCF_024532055.1,NZ_CP099870.1,115,58,53343,3,1.0105654660224554
Pseudomonadota,GCF_024532095.1,NZ_CP099875.1,118,51,58908,4,1.0748150419873697
Pseudomonadota,GCF_024532115.1,NZ_CP099878.1,134,54,60516,4,1.0758453440376552
Pseudomonadota,GCF_024532135.1,NZ_CP099881.1,95,49,47349,3,0.9816207552521712
Pseudomonadota,GCF_024532155.1,NZ_CP099884.1,105,56,51384,3,0.9775601326665958
Pseudomonadota,GCF_024532195.1,NZ_CP099888.1,117,53,59169,4,1.0886903947890223
Pseudomonadota,GCF_024532245.1,NZ_CP099893.1,134,59,65118,4,1.064193527626103
Pseudomonadota,GCF_024532265.1,NZ_CP099896.1,127,56,56859,4,1.0724244717489313
Pseudomonadota,GCF_024532305.1,NZ_CP099899.1,119,52,58731,4,1.0718758896368217
Pseudomonadota,GCF_024532325.1,NZ_CP099904.1,125,64,61584,3,0.9930828112663096
Pseudomonadota,GCF_024532365.1,NZ_CP099909.1,93,48,47031,3,0.9793448472897748
Pseudomonadota,GCF_024585465.1,NZ_CP073940.1,113,61,71670,3,1.030783120233537
Pseudomonadota,GCF_024585545.1,NZ_CP073955.1,88,46,50556,2,1.0252178269418128
Pseudomonadota,GCF_024585585.1,NZ_CP073964.1,107,45,45804,2,0.984637798462161
Pseudomonadota,GCF_024585605.1,NZ_CP073971.1,120,60,69738,3,1.0743836306505383
Pseudomonadota,GCF_024585745.1,NZ_CP073997.1,118,56,67296,4,1.0444589601840202
Pseudomonadota,GCF_024585805.1,NZ_CP074008.1,114,61,70584,3,1.026881503260166
Pseudomonadota,GCF_024585925.1,NZ_CP074035.1,84,41,46428,2,0.9744433338886112
Pseudomonadota,GCF_024585945.1,NZ_CP074043.1,98,45,50316,1,1.094488188976378
Pseudomonadota,GCF_024611115.1,NZ_CP084402.1,39,34,29739,1,1.4627659574468086
Pseudomonadota,GCF_024628885.1,NZ_CP102393.1,109,58,72927,1,1.1949367088607594
Pseudomonadota,GCF_024637995.1,NZ_CP097387.1,118,70,80544,1,0.873015873015873
Pseudomonadota,GCF_024637995.1,NZ_CP097389.1,50,40,33024,1,1.047361299052774
Pseudomonadota,GCF_024662255.1,NZ_CP097214.1,110,90,67560,1,0.97514033680834
Pseudomonadota,GCF_024662395.1,NZ_CP100135.1,98,54,64431,1,0.1670792079207921
Pseudomonadota,GCF_024662415.1,NZ_CP100138.1,174,107,132930,1,0.1649605147704007
Pseudomonadota,GCF_024662455.1,NZ_CP100148.1,117,80,89355,1,0.1555834378920954
Pseudomonadota,GCF_024662455.1,NZ_CP100149.1,124,74,87621,1,0.1744022503516174
Pseudomonadota,GCF_024662475.1,NZ_CP100154.1,123,83,93660,1,0.1452380952380952
Pseudomonadota,GCF_024662475.1,NZ_CP100155.1,118,70,85197,1,0.1720952843947496
Pseudomonadota,GCF_024662615.1,NZ_CP100160.1,116,70,59223,1,0.1283422459893048
Pseudomonadota,GCF_024662615.1,NZ_CP100161.1,113,64,63990,1,0.1934306569343065
Pseudomonadota,GCF_024662735.1,NZ_CP100166.1,123,83,93660,1,0.1452380952380952
Pseudomonadota,GCF_024662735.1,NZ_CP100167.1,118,70,85197,1,0.1720952843947496
Pseudomonadota,GCF_024662895.1,NZ_CP100172.1,123,83,93660,1,0.1452380952380952
Pseudomonadota,GCF_024662895.1,NZ_CP100173.1,118,70,85251,1,0.1717612809315866
Pseudomonadota,GCF_024663015.1,NZ_CP100184.1,167,98,103188,1,0.1635124905374716
Pseudomonadota,GCF_024663135.1,NZ_CP100177.1,127,70,74154,1,0.1090308370044052
Pseudomonadota,GCF_024663135.1,NZ_CP100179.1,126,74,85893,1,0.1723163841807909
Pseudomonadota,GCF_024663255.1,NZ_CP100190.1,96,54,64626,1,0.162862430598396
Pseudomonadota,GCF_024663375.1,NZ_CP100195.1,123,83,93660,1,0.1452380952380952
Pseudomonadota,GCF_024663375.1,NZ_CP100196.1,118,70,85251,1,0.1717612809315866
Pseudomonadota,GCF_024663615.1,NZ_CP100201.1,123,83,93624,1,0.1454689984101748
Pseudomonadota,GCF_024663615.1,NZ_CP100202.1,119,71,85269,1,0.1774115365971885
Pseudomonadota,GCF_024663775.1,NZ_CP100207.1,123,83,93660,1,0.1452380952380952
Pseudomonadota,GCF_024663775.1,NZ_CP100208.1,118,70,85251,1,0.1717612809315866
Pseudomonadota,GCF_024663895.1,NZ_CP100213.1,123,83,93555,1,0.1453534551231136
Pseudomonadota,GCF_024663895.1,NZ_CP100214.1,118,70,85251,1,0.1717612809315866
Pseudomonadota,GCF_024663975.1,NZ_CP100219.1,122,82,89655,1,0.1354515050167224
Pseudomonadota,GCF_024663975.1,NZ_CP100220.1,117,67,78255,1,0.1809815950920245
Pseudomonadota,GCF_024663995.1,NZ_CP100225.1,123,83,93552,1,0.1453534551231136
Pseudomonadota,GCF_024663995.1,NZ_CP100226.1,118,70,85197,1,0.1720952843947496
Pseudomonadota,GCF_024664035.1,NZ_CP100231.1,123,83,93660,1,0.1452380952380952
Pseudomonadota,GCF_024664035.1,NZ_CP100232.1,118,70,85251,1,0.1717612809315866
Pseudomonadota,GCF_024664055.1,NZ_CP100241.1,114,68,80202,1,0.1529358215748748
Pseudomonadota,GCF_024664055.1,NZ_CP100242.1,115,67,75180,1,0.1410321921308124
Pseudomonadota,GCF_024664075.1,NZ_CP100246.1,159,93,101886,1,0.1388994307400379
Pseudomonadota,GCF_024664095.1,NZ_CP100252.1,190,117,130809,1,0.1740139211136891
Pseudomonadota,GCF_024664095.1,NZ_CP100253.1,182,118,105051,1,0.1549738219895288
Pseudomonadota,GCF_024664095.1,NZ_CP100255.1,123,76,73515,1,0.1717011128775835
Pseudomonadota,GCF_024664135.1,NZ_CP100258.1,329,207,230904,2,0.2587676408338486
Pseudomonadota,GCF_024664135.1,NZ_CP100259.1,142,95,103569,2,0.267887134560472
Pseudomonadota,GCF_024664135.1,NZ_CP100261.1,107,64,67311,2,0.2957035914623744
Pseudomonadota,GCF_024664155.1,NZ_CP100272.1,123,83,93660,1,0.1452380952380952
Pseudomonadota,GCF_024664155.1,NZ_CP100273.1,118,70,85251,1,0.1717612809315866
Pseudomonadota,GCF_024664175.1,NZ_CP100278.1,123,83,93660,1,0.1452380952380952
Pseudomonadota,GCF_024664175.1,NZ_CP100279.1,118,70,85197,1,0.1720952843947496
Pseudomonadota,GCF_024664215.1,NZ_CP100289.1,95,61,75822,1,0.1314553990610328
Pseudomonadota,GCF_024664235.1,NZ_CP100293.1,163,122,118683,1,0.1645649432534678
Pseudomonadota,GCF_024664255.1,NZ_CP100298.1,253,173,175206,1,0.1711730892058761
Pseudomonadota,GCF_024664275.1,NZ_CP100303.1,119,73,92061,1,0.1075268817204301
Pseudomonadota,GCF_024700875.2,NZ_CP116989.1,103,51,49722,3,0.9269245669665004
Pseudomonadota,GCF_024700885.2,NZ_CP117014.1,110,51,46269,4,0.9517346989126644
Pseudomonadota,GCF_024734135.1,NZ_CP102873.1,106,54,65643,2,1.0036166188044575
Pseudomonadota,GCF_024734835.1,NZ_CP102949.1,107,49,49278,2,1.0588199013157895
Pseudomonadota,GCF_024735225.1,NZ_CP102674.1,93,43,41730,2,0.963395349159335
Pseudomonadota,GCF_024735245.1,NZ_CP102677.1,95,44,43500,2,0.9612225401848352
Pseudomonadota,GCF_024749465.1,NZ_CP087310.1,110,46,60687,1,0.843103448275862
Pseudomonadota,GCF_024749605.1,NZ_CP087333.1,120,53,58560,1,0.8757281553398059
Pseudomonadota,GCF_024749625.1,NZ_CP087336.1,116,46,61347,1,0.8818181818181818
Pseudomonadota,GCF_024760585.1,NZ_CP033655.1,164,114,151473,2,0.2133248049698777
Pseudomonadota,GCF_024760605.1,NZ_CP033662.1,118,67,84255,1,0.1688888888888889
Pseudomonadota,GCF_024760625.1,NZ_CP033670.1,101,58,64683,1,0.1412639405204461
Pseudomonadota,GCF_024760645.1,NZ_CP033674.1,119,72,84411,1,0.1087449025826914
Pseudomonadota,GCF_024917295.1,NZ_CP103556.1,110,59,71328,2,1.0440161127854772
Pseudomonadota,GCF_024917435.1,NZ_CP103584.1,123,51,55758,1,0.5192307692307693
Pseudomonadota,GCF_024917655.1,NZ_CP103764.1,97,47,50379,2,0.9978864919500012
Pseudomonadota,GCF_024917655.1,NZ_CP103765.1,68,35,28857,2,1.18836198888079
Pseudomonadota,GCF_024917675.1,NZ_CP103753.1,121,56,62550,1,1.1920668058455115
Pseudomonadota,GCF_024918135.1,NZ_CP103469.1,111,50,45276,2,0.98571284533172
Pseudomonadota,GCF_024918135.1,NZ_CP103471.1,67,33,27327,2,1.1083432579065766
Pseudomonadota,GCF_024918335.1,NZ_CP103706.1,102,56,60084,2,0.9939750155183116
Pseudomonadota,GCF_024918375.1,NZ_CP103659.1,117,57,67818,4,1.0582427758517463
Pseudomonadota,GCF_024918375.1,NZ_CP103660.1,106,49,47841,4,1.0323813111500515
Pseudomonadota,GCF_024918755.1,NZ_CP103696.1,123,57,63996,4,1.0658865888129243
Pseudomonadota,GCF_024918775.1,NZ_CP103741.1,107,49,48684,2,1.064901518482148
Pseudomonadota,GCF_024918815.1,NZ_CP103719.1,250,168,147333,2,0.9769615800150516
Pseudomonadota,GCF_024971795.1,NZ_CP079768.1,50,29,21201,1,0.5811138014527846
Pseudomonadota,GCF_024971815.1,NZ_CP079771.1,50,28,19962,1,0.5663265306122449
Pseudomonadota,GCF_024971875.1,NZ_CP079773.1,113,56,60693,1,1.1453940066592674
Pseudomonadota,GCF_024971895.1,NZ_CP079776.1,112,55,56118,1,1.1435643564356437
Pseudomonadota,GCF_025140615.1,NZ_CP081118.1,255,239,235953,2,1.4149079537302516
Pseudomonadota,GCF_025141855.1,NZ_CP081107.1,327,312,350016,2,1.0176710995261429
Pseudomonadota,GCF_025142455.1,NZ_CP081167.1,189,176,189654,1,0.9983046742552676
Pseudomonadota,GCF_025142595.1,NZ_CP081172.1,208,189,199449,1,0.9747743577875492
Pseudomonadota,GCF_025142675.1,NZ_CP081213.1,222,198,211989,1,0.9796437659033078
Pseudomonadota,GCF_025142695.1,NZ_CP081218.1,201,182,193749,1,0.9785407725321889
Pseudomonadota,GCF_025142715.1,NZ_CP081222.1,201,180,192816,1,1.0045443673762258
Pseudomonadota,GCF_025142735.1,NZ_CP081226.1,226,200,210768,1,0.9872286079182632
Pseudomonadota,GCF_025142755.1,NZ_CP081231.1,208,183,189909,1,0.9867947178871548
Pseudomonadota,GCF_025142775.1,NZ_CP081237.1,198,177,191448,1,0.9732057416267944
Pseudomonadota,GCF_025142795.1,NZ_CP081241.1,226,205,220455,1,0.9866276640200584
Pseudomonadota,GCF_025142815.1,NZ_CP081245.1,201,181,191490,1,0.996389891696751
Pseudomonadota,GCF_025142835.1,NZ_CP081249.1,213,195,205248,1,0.9845117845117846
Pseudomonadota,GCF_025142855.1,NZ_CP081254.1,216,195,204237,1,0.9818676337262012
Pseudomonadota,GCF_025143105.1,NZ_CP081259.1,194,174,186915,1,0.9832923832923832
Pseudomonadota,GCF_025143215.1,NZ_CP081263.1,197,182,194715,1,0.9754253308128544
Pseudomonadota,GCF_025143325.1,NZ_CP081268.1,208,188,199269,1,0.9851576994434138
Pseudomonadota,GCF_025143405.1,NZ_CP081272.1,200,179,190260,1,0.979800438062789
Pseudomonadota,GCF_025143505.1,NZ_CP081277.1,205,182,193962,1,0.975609756097561
Pseudomonadota,GCF_025143665.1,NZ_CP081283.1,201,182,193071,1,0.996914312841206
Pseudomonadota,GCF_025143985.1,NZ_CP083568.1,51,47,56868,1,1.302092050209205
Pseudomonadota,GCF_025144465.1,NZ_CP083557.1,138,111,131904,1,0.1338611011155091
Pseudomonadota,GCF_025152725.1,NZ_CP104036.1,570,523,538095,1,2.393821547899436
Pseudomonadota,GCF_025200555.1,NZ_CP104116.1,119,56,67296,4,1.0449302137184218
Pseudomonadota,GCF_025200695.1,NZ_CP104148.1,1390,1244,1280982,2,1.815690530750349
Pseudomonadota,GCF_025200695.1,NZ_CP104151.1,75,58,53076,2,1.3648637550712022
Pseudomonadota,GCF_025200715.1,NZ_CP104144.1,2540,2237,2217648,1,0.2263946560751038
Pseudomonadota,GCF_025200735.1,NZ_CP104161.1,254,211,207138,1,0.5739669421487603
Pseudomonadota,GCF_025244785.1,NZ_CP104216.1,60,23,19362,1,1.3472803347280335
Pseudomonadota,GCF_025369675.1,NZ_CP104510.1,122,70,70467,1,0.8683812405446294
Pseudomonadota,GCF_025369955.1,NZ_CP104448.1,3819,3119,3134409,18,0.933847790084748
Pseudomonadota,GCF_025398375.1,NZ_CP104667.1,107,48,39804,4,0.9233770739512076
Pseudomonadota,GCF_025402935.1,NZ_CP104791.1,102,55,54996,2,1.018803800125971
Pseudomonadota,GCF_025426235.1,NZ_CP104844.1,117,54,61830,4,1.0784398844733527
Pseudomonadota,GCF_025452195.1,NZ_CP104969.1,341,319,326484,4,1.004147489562771
Pseudomonadota,GCF_025452195.1,NZ_CP104971.1,538,409,397428,4,1.001839025483838
Pseudomonadota,GCF_025452195.1,NZ_CP104972.1,896,701,651084,4,1.0066217110228606
Pseudomonadota,GCF_025560605.1,NZ_CP048578.1,147,114,95622,1,1.4526315789473685
Pseudomonadota,GCF_025583295.2,NZ_CP123256.1,110,55,51393,2,1.0136964569011109
Pseudomonadota,GCF_025583375.2,NZ_CP123268.1,134,83,74406,2,0.947609731835091
Pseudomonadota,GCF_025583565.2,NZ_CP123261.1,136,84,78768,2,0.9459685865323024
Pseudomonadota,GCF_025813715.1,NZ_CP107537.1,10,3,2583,2,1.5
Pseudomonadota,GCF_025857195.1,NZ_CP109793.1,82,66,60909,1,0.064737616478666
Pseudomonadota,GCF_025884095.1,NZ_CP100078.1,245,160,163224,1,0.9861259338313768
Pseudomonadota,GCF_025908435.1,NZ_CP109773.1,112,59,68313,1,1.1809872029250457
Pseudomonadota,GCF_025917705.1,NZ_CP097357.1,1046,277,271848,18,1.1019517515188049
Pseudomonadota,GCF_025920065.1,NZ_CP027801.1,119,52,58425,2,0.983047923833458
Pseudomonadota,GCF_025920085.1,NZ_CP027864.1,118,51,55167,2,0.9872427372132526
Pseudomonadota,GCF_025960285.1,NZ_CP110112.1,201,186,228840,2,1.5403877692347734
Pseudomonadota,GCF_026000055.1,NZ_AP026896.1,4256,3868,3908577,18,1.1889604643799665
Pseudomonadota,GCF_026001065.1,NZ_AP026785.1,102,45,46278,2,0.9721454638730512
Pseudomonadota,GCF_026015945.1,NZ_CP110356.1,133,65,75606,1,1.2586520947176685
Pseudomonadota,GCF_026062515.1,NZ_CP110466.1,82,34,38895,1,0.7819063004846527
Pseudomonadota,GCF_026074175.1,NZ_AP026904.1,242,208,171078,2,0.6653182688345356
Pseudomonadota,GCF_026109755.1,NZ_CP095277.1,130,61,64032,1,1.335483870967742
Pseudomonadota,GCF_026191725.2,NZ_CP120864.1,36,36,39282,2,1.362564591518579
Pseudomonadota,GCF_026247905.1,NZ_CP110937.1,239,149,159717,1,0.7887165021156559
Pseudomonadota,GCF_026247925.1,NZ_CP110944.1,116,62,75735,1,0.8226077224398433
Pseudomonadota,GCF_026248885.1,NZ_CP110979.1,182,123,113613,1,1.113573407202216
Pseudomonadota,GCF_026427755.1,NZ_CP044439.1,90,43,48213,2,0.9897118131131896
Pseudomonadota,GCF_026626045.1,NZ_CP113175.1,113,67,79941,1,1.1517996870109546
Pseudomonadota,GCF_026651975.1,NZ_CP033639.1,123,82,92886,1,0.1462829736211031
Pseudomonadota,GCF_026651975.1,NZ_CP033640.1,118,70,85251,1,0.1717612809315866
Pseudomonadota,GCF_026651995.1,NZ_CP033646.1,123,82,92766,1,0.148859543817527
Pseudomonadota,GCF_026651995.1,NZ_CP033647.1,118,70,85251,1,0.1717612809315866
Pseudomonadota,GCF_026652015.1,NZ_CP033651.1,122,81,91797,1,0.141656662665066
Pseudomonadota,GCF_026652015.1,NZ_CP033652.1,118,70,85197,1,0.1720952843947496
Pseudomonadota,GCF_026689355.1,NZ_CP113488.1,120,53,60192,3,1.0959838649816396
Pseudomonadota,GCF_026967655.1,NZ_CP114131.1,135,66,51177,7,0.9280353217655442
Pseudomonadota,GCF_026967655.1,NZ_CP114132.1,433,380,318066,7,0.9161489119870072
Pseudomonadota,GCF_026970915.1,NZ_CP114197.1,85,48,63948,1,0.8586872586872587
Pseudomonadota,GCF_027239755.1,NZ_CP102763.1,123,75,68295,1,0.688622754491018
Pseudomonadota,GCF_027239995.1,NZ_CP102935.1,126,75,65244,1,0.6876310272536688
Pseudomonadota,GCF_027271215.1,NZ_CP114568.1,130,62,67659,1,1.2896825396825398
Pseudomonadota,GCF_027570235.2,NZ_CP123199.1,91,48,52014,3,0.8994900573802102
Pseudomonadota,GCF_027570235.2,NZ_CP123200.1,8,4,1236,3,1.1866666666666668
Pseudomonadota,GCF_027886505.1,NZ_CP115674.1,129,63,64185,1,1.334054054054054
Pseudomonadota,GCF_027919895.1,NZ_CP114804.1,127,57,60057,1,1.3238095238095238
Pseudomonadota,GCF_027925565.1,NZ_AP027163.1,109,43,43083,3,0.960720105736884
Pseudomonadota,GCF_027925745.1,NZ_AP027178.1,106,41,41982,3,0.9552534109431846
Pseudomonadota,GCF_027925765.1,NZ_AP027182.1,107,46,44919,3,0.9556590570824992
Pseudomonadota,GCF_027925825.1,NZ_AP027192.1,107,45,47382,3,0.9652687478534224
Pseudomonadota,GCF_027944655.1,NZ_CP116091.1,87,42,47427,2,1.0411549235078648
Pseudomonadota,GCF_027944895.1,NZ_CP116167.1,109,64,65784,2,0.9726320113642052
Pseudomonadota,GCF_027944935.1,NZ_CP116180.1,4,3,1041,1,2.6666666666666665
Pseudomonadota,GCF_027945055.1,NZ_CP116198.1,122,58,65826,3,1.0644505743890635
Pseudomonadota,GCF_027947615.1,NZ_CP116245.1,91,45,50562,2,0.98007185149023
Pseudomonadota,GCF_028198205.1,NZ_CP116350.1,79,33,27171,1,1.3385012919896642
Pseudomonadota,GCF_028201615.1,NZ_CP116406.1,118,53,61605,4,1.0789017170036816
Pseudomonadota,GCF_028219935.1,NZ_CP107315.1,114,57,66099,2,1.0336593269870664
Pseudomonadota,GCF_028219955.1,NZ_CP107323.1,109,57,71439,1,1.183533447684391
Pseudomonadota,GCF_028219975.1,NZ_CP107330.1,109,57,71439,1,1.183533447684391
Pseudomonadota,GCF_028219995.1,NZ_CP107337.1,109,57,71439,1,1.183533447684391
Pseudomonadota,GCF_028220175.1,NZ_CP107348.1,109,57,71439,1,1.183533447684391
Pseudomonadota,GCF_028220555.1,NZ_CP107355.1,109,56,68370,2,1.0256964021060528
Pseudomonadota,GCF_028220985.1,NZ_CP107375.1,109,57,71439,1,1.183533447684391
Pseudomonadota,GCF_028221025.1,NZ_CP107386.1,109,57,71439,1,1.183533447684391
Pseudomonadota,GCF_028370135.1,NZ_CP116673.1,188,96,106224,1,0.1491813220133414
Pseudomonadota,GCF_028551195.1,NZ_CP116971.1,145,116,103962,1,1.2101020956475013
Pseudomonadota,GCF_028551215.1,NZ_CP116983.1,95,53,55377,2,0.9831344820164404
Pseudomonadota,GCF_028553725.1,NZ_CP067126.1,365,308,320487,2,0.0485121340523883
Pseudomonadota,GCF_028553745.1,NZ_CP067132.1,363,342,364332,3,1.2661209484033875
Pseudomonadota,GCF_028610225.1,NZ_CP103998.1,190,170,179415,2,1.3438275275864795
Pseudomonadota,GCF_028621835.1,NZ_CP117483.1,122,57,64659,2,1.0060010295939938
Pseudomonadota,GCF_028622175.1,NZ_CP117572.1,108,54,49365,3,0.9453169668006662
Pseudomonadota,GCF_028622275.1,NZ_CP117610.1,128,60,68406,4,1.0826356209388297
Pseudomonadota,GCF_028622355.1,NZ_CP117587.1,96,55,53424,2,1.0102013471182882
Pseudomonadota,GCF_028622395.1,NZ_CP117661.1,111,57,50778,3,0.9494002397684944
Pseudomonadota,GCF_028622415.1,NZ_CP117623.1,90,43,39408,2,0.9631189410476336
Pseudomonadota,GCF_028622435.1,NZ_CP117679.1,98,52,46851,1,1.1715976331360949
Pseudomonadota,GCF_028622455.1,NZ_CP117591.1,100,57,56364,2,1.0494360379681482
Pseudomonadota,GCF_028622495.1,NZ_CP117602.1,110,56,51924,3,1.1232736020881362
Pseudomonadota,GCF_028622495.1,NZ_CP117604.1,66,39,31824,3,1.2580470921365945
Pseudomonadota,GCF_028622515.1,NZ_CP117656.1,98,53,52497,3,1.0778059652474914
Pseudomonadota,GCF_028622515.1,NZ_CP117657.1,72,41,32718,3,1.235296834446463
Pseudomonadota,GCF_028622555.1,NZ_CP117639.1,110,56,49563,3,0.9506609249706228
Pseudomonadota,GCF_028622575.1,NZ_CP117651.1,96,45,50811,2,1.0649477351916377
Pseudomonadota,GCF_028622595.1,NZ_CP117630.1,98,49,48777,1,0.9308996088657104
Pseudomonadota,GCF_028622615.1,NZ_CP117670.1,125,54,58782,3,1.103247897157986
Pseudomonadota,GCF_028623045.1,NZ_CP117715.1,97,45,49884,2,1.02490693096324
Pseudomonadota,GCF_028623085.1,NZ_CP117721.1,105,48,44580,2,0.9616537415875562
Pseudomonadota,GCF_028749825.1,NZ_CP066940.1,146,68,76047,1,2.0950305143853534
Pseudomonadota,GCF_028750355.1,NZ_CP066973.1,157,77,89160,1,2.1378776142525173
Pseudomonadota,GCF_028750395.1,NZ_CP066976.1,158,77,88740,1,2.1372093023255814
Pseudomonadota,GCF_028752735.1,NZ_CP087567.1,105,50,47460,1,1.0988056460369164
Pseudomonadota,GCF_028753295.1,NZ_CP102581.1,116,54,66678,1,0.8554112554112554
Pseudomonadota,GCF_028898905.1,NZ_CP118569.1,125,55,57216,1,1.344743276283619
Pseudomonadota,GCF_028993555.1,NZ_CP118611.1,2396,2173,2326398,2,1.482993596023766
Pseudomonadota,GCF_028993555.1,NZ_CP118612.1,579,490,455481,2,1.407496661383478
Pseudomonadota,GCF_029025705.1,NZ_CP118934.1,104,60,47577,1,0.5581395348837209
Pseudomonadota,GCF_029025965.1,NZ_CP118903.1,175,98,100068,2,1.0246505563809467
Pseudomonadota,GCF_029026345.1,NZ_CP118908.1,112,56,51597,2,1.0486380757515867
Pseudomonadota,GCF_029026845.1,NZ_CP090221.1,108,58,71334,2,1.0245713370012286
Pseudomonadota,GCF_029069385.2,NZ_CP181509.1,136,66,65460,1,1.3054945054945055
Pseudomonadota,GCF_029069865.2,NZ_CP181521.1,136,66,65460,1,1.3054945054945055
Pseudomonadota,GCF_029070145.2,NZ_CP181525.1,136,66,65460,1,1.3054945054945055
Pseudomonadota,GCF_029070185.2,NZ_CP181514.1,136,66,65460,1,1.3054945054945055
Pseudomonadota,GCF_029075215.2,NZ_CP181501.1,137,67,66165,1,1.308695652173913
Pseudomonadota,GCF_029201525.1,NZ_CP102695.1,78,40,39699,2,1.007379405736963
Pseudomonadota,GCF_029201625.2,NZ_CP104128.1,631,545,507378,2,1.3361659820603156
Pseudomonadota,GCF_029201625.2,NZ_CP104129.1,1364,1241,1223856,2,1.3588145260708455
Pseudomonadota,GCF_029203935.1,NZ_CP035287.1,1641,1451,1437558,13,1.0765770494164533
Pseudomonadota,GCF_029219945.1,NZ_CP115942.1,1320,1166,1251273,8,1.4607359588159192
Pseudomonadota,GCF_029220025.1,NZ_CP115953.1,1725,1390,1689291,1,4.079842469326961
Pseudomonadota,GCF_029227895.1,NZ_CP074369.1,93,41,37593,2,1.0157231638800974
Pseudomonadota,GCF_029277445.1,NZ_CP119568.1,582,475,430458,2,1.4050960499067002
Pseudomonadota,GCF_029318975.1,NZ_CP119737.1,95,44,51399,2,0.9590967820461204
Pseudomonadota,GCF_029319035.1,NZ_CP119743.1,93,43,50886,2,0.9592122847152764
Pseudomonadota,GCF_029541645.1,NZ_CP089764.1,114,64,78768,2,1.0364684665175623
Pseudomonadota,GCF_029541785.1,NZ_CP089872.1,112,60,67983,1,0.8353510895883778
Pseudomonadota,GCF_029590335.1,NZ_CP120951.1,86,47,47166,1,0.3822075782537067
Pseudomonadota,GCF_029590555.1,NZ_CP081002.1,1054,921,1029522,2,1.4124488611764798
Pseudomonadota,GCF_029633805.1,NZ_CP090638.1,196,134,127770,1,0.5084843255680184
Pseudomonadota,GCF_029633825.1,NZ_CP090644.1,200,137,130806,1,0.5012644001123912
Pseudomonadota,GCF_029635815.1,NZ_CP114776.1,7,3,708,1,2.181818181818182
Pseudomonadota,GCF_029674645.1,NZ_CP121358.1,110,50,42630,4,0.9018858143948838
Pseudomonadota,GCF_029674805.1,NZ_CP121377.1,117,51,62382,1,0.8498293515358362
Pseudomonadota,GCF_029674825.1,NZ_CP121372.1,118,51,62382,1,0.8498293515358362
Pseudomonadota,GCF_029674845.1,NZ_CP121367.1,117,51,62382,1,0.8498293515358362
Pseudomonadota,GCF_029691985.1,NZ_CP117264.1,296,272,289575,2,0.301408376300797
Pseudomonadota,GCF_029691985.1,NZ_CP117265.1,271,253,275781,2,0.3000208113128055
Pseudomonadota,GCF_029713865.1,NZ_CP121610.1,116,54,66678,1,0.8554112554112554
Pseudomonadota,GCF_029713945.1,NZ_CP121626.1,107,44,61371,1,0.8507718696397941
Pseudomonadota,GCF_029714265.1,NZ_CP121653.1,2459,2111,2230653,1,0.2355017186552212
Pseudomonadota,GCF_029714385.1,NZ_CP121642.1,2227,1930,1910223,1,0.2464920681184161
Pseudomonadota,GCF_029717905.1,NZ_CP099353.1,105,58,53220,4,0.9460797706080316
Pseudomonadota,GCF_029718025.1,NZ_CP099360.1,91,46,51798,2,1.01900782810312
Pseudomonadota,GCF_029719585.1,NZ_CP099319.1,128,64,64596,1,1.334051724137931
Pseudomonadota,GCF_029719885.1,NZ_CP099330.1,99,62,54180,2,0.8180971018544403
Pseudomonadota,GCF_029719985.1,NZ_CP099334.1,86,44,48414,1,0.8598130841121495
Pseudomonadota,GCF_029720005.1,NZ_CP099340.1,97,49,55512,1,0.966542750929368
Pseudomonadota,GCF_029773045.1,NZ_CP121796.1,107,30,24744,2,0.512643100875962
Pseudomonadota,GCF_029774195.1,NZ_CP104298.1,111,44,55896,1,0.8671065032987747
Pseudomonadota,GCF_029774275.1,NZ_CP074700.1,116,55,67770,1,0.8486394557823129
Pseudomonadota,GCF_029774295.1,NZ_CP074697.1,116,55,67770,1,0.8486394557823129
Pseudomonadota,GCF_029774315.1,NZ_CP076738.1,115,53,65493,1,0.8538932633420823
Pseudomonadota,GCF_029774335.1,NZ_CP076741.1,116,55,67770,1,0.8486394557823129
Pseudomonadota,GCF_029774355.1,NZ_CP076744.1,116,55,67770,1,0.8486394557823129
Pseudomonadota,GCF_029814975.1,NZ_CP064195.1,116,55,67770,1,0.8486394557823129
Pseudomonadota,GCF_029834605.1,NZ_CP122471.1,115,59,69867,1,1.1953195319531953
Pseudomonadota,GCF_029834625.1,NZ_CP122464.1,115,59,69867,1,1.1953195319531953
Pseudomonadota,GCF_029849135.1,NZ_CP122519.1,112,54,69030,3,1.030214036793249
Pseudomonadota,GCF_029853835.1,NZ_CP122570.1,111,59,69033,1,0.8560975609756097
Pseudomonadota,GCF_029853875.1,NZ_CP122582.1,116,64,75375,1,0.8420454545454547
Pseudomonadota,GCF_029854435.1,NZ_CP123001.1,822,753,774675,1,2.4061966143811158
Pseudomonadota,GCF_029854495.1,NZ_CP123018.1,94,42,44091,2,1.0146799831839202
Pseudomonadota,GCF_029854535.1,NZ_CP123030.1,101,48,54270,2,0.9801944971537002
Pseudomonadota,GCF_029873235.1,NZ_CP123490.1,3,1,189,1,1.2000000000000002
Pseudomonadota,GCF_029873455.1,NZ_CP123491.1,114,89,88182,3,1.109735556260827
Pseudomonadota,GCF_029910495.1,NZ_CP038206.1,1422,1291,1274136,13,1.150475050566083
Pseudomonadota,GCF_029948145.1,NZ_CP124123.1,130,65,65796,1,1.3297985153764582
Pseudomonadota,GCF_029958925.1,NZ_CP124617.1,97,91,104265,1,0.0584795321637426
Pseudomonadota,GCF_029961325.1,NZ_CP124637.1,79,34,24486,3,0.7766462284086927
Pseudomonadota,GCF_029962285.1,NZ_CP124741.1,288,248,217989,2,0.6797266454085482
Pseudomonadota,GCF_029962285.1,NZ_CP124742.1,220,165,144297,2,0.816902923557353
Pseudomonadota,GCF_029990415.1,NZ_CP124376.1,104,47,46260,4,0.9135594873296662
Pseudomonadota,GCF_029990555.1,NZ_CP124394.1,126,52,59586,4,1.0795129879217826
Pseudomonadota,GCF_030012665.1,NZ_CP122882.1,88,46,51669,2,0.9952345954943436
Pseudomonadota,GCF_030012725.1,NZ_CP122909.1,94,50,51708,2,0.9879461201934148
Pseudomonadota,GCF_030012725.1,NZ_CP122910.1,107,51,45441,2,1.032881970809078
Pseudomonadota,GCF_030012785.1,NZ_CP122941.1,89,44,48801,2,0.9970460985222468
Pseudomonadota,GCF_030013005.1,NZ_CP122593.1,114,50,46989,5,0.9371224853389388
Pseudomonadota,GCF_030013005.1,NZ_CP122597.1,90,45,49332,5,0.9301154830528328
Pseudomonadota,GCF_030013165.1,NZ_CP122640.1,86,47,46395,2,1.01027607093465
Pseudomonadota,GCF_030013675.1,NZ_CP122809.1,104,53,44802,4,0.927911784137722
Pseudomonadota,GCF_030013715.1,NZ_CP122828.1,106,52,41703,4,0.9269895359913444
Pseudomonadota,GCF_030013735.1,NZ_CP122822.1,94,44,44325,2,0.9751153807757582
Pseudomonadota,GCF_030013825.1,NZ_CP122848.1,90,41,49722,2,0.958655080611376
Pseudomonadota,GCF_030013865.1,NZ_CP122864.1,89,42,52581,2,0.9641126842918598
Pseudomonadota,GCF_030020895.1,NZ_CP124877.1,7,5,1428,1,0.8333333333333334
Pseudomonadota,GCF_030035205.1,NZ_CP125311.1,131,63,66876,1,1.2847152847152847
Pseudomonadota,GCF_030036715.1,NZ_CP124510.1,104,46,43800,2,1.04641504597857
Pseudomonadota,GCF_030036855.1,NZ_CP124493.1,120,52,61308,4,1.0650001312500756
Pseudomonadota,GCF_030036925.1,NZ_CP124485.1,126,50,57216,4,1.0895346478860652
Pseudomonadota,GCF_030037445.1,NZ_CP124473.1,106,45,41370,2,0.9860385595679712
Pseudomonadota,GCF_030037615.1,NZ_CP124469.1,114,53,60582,4,1.1057911122035469
Pseudomonadota,GCF_030039325.1,NZ_CP124417.1,123,52,59691,4,1.0815008726043414
Pseudomonadota,GCF_030053875.1,NZ_CP125735.1,116,51,53868,2,1.0664898481799892
Pseudomonadota,GCF_030060455.1,NZ_CP125871.1,251,234,248355,1,0.9739612188365652
Pseudomonadota,GCF_030061665.1,NZ_CP093469.1,14,14,11535,2,1.9462638598746589
Pseudomonadota,GCF_030061795.1,NZ_CP093490.1,357,284,266505,5,0.8919173236117244
Pseudomonadota,GCF_030062055.1,NZ_CP110385.1,1079,946,951111,8,1.1781273408624977
Pseudomonadota,GCF_030168225.1,NZ_CP096816.1,110,58,67947,1,0.7870652837095791
Pseudomonadota,GCF_030168285.1,NZ_CP096895.1,116,53,54591,1,0.8202115158636898
Pseudomonadota,GCF_030168675.1,NZ_CP122494.1,101,50,49344,2,1.0334702961821605
Pseudomonadota,GCF_030168695.1,NZ_CP122497.1,109,59,67113,1,1.1342995169082126
Pseudomonadota,GCF_030168735.1,NZ_CP122504.1,111,55,46674,3,1.108720518494416
Pseudomonadota,GCF_030168755.1,NZ_CP122510.1,117,61,52206,3,1.0083353517585107
Pseudomonadota,GCF_030168795.1,NZ_CP073687.1,162,104,102711,1,1.1053582179409995
Pseudomonadota,GCF_030169475.1,NZ_CP104619.1,128,77,76977,1,1.1367781155015195
Pseudomonadota,GCF_030169635.1,NZ_CP104632.1,116,100,80757,1,1.2351840299438552
Pseudomonadota,GCF_030179035.1,NZ_CP109732.1,72,68,62451,1,0.76410998552822
Pseudomonadota,GCF_030285505.1,NZ_CP127257.1,105,45,44493,2,1.0089366033028004
Pseudomonadota,GCF_030285545.1,NZ_CP127299.1,95,53,52452,5,0.968358140516278
Pseudomonadota,GCF_030285545.1,NZ_CP127300.1,114,67,54102,5,0.9289276385773276
Pseudomonadota,GCF_030285565.1,NZ_CP127308.1,97,41,32616,2,0.9910606928141998
Pseudomonadota,GCF_030296155.1,NZ_AP027414.1,102,54,49092,3,0.8847967942308385
Pseudomonadota,GCF_030344975.1,NZ_CP128256.1,107,57,58866,2,0.9432171601982924
Pseudomonadota,GCF_030346995.2,NZ_CP126949.1,100,88,83223,4,0.9281731308794484
Pseudomonadota,GCF_030346995.2,NZ_CP126951.1,118,54,58140,4,1.066491748581932
Pseudomonadota,GCF_030347175.1,NZ_CP126930.1,112,51,46098,2,1.006387593887594
Pseudomonadota,GCF_030347215.1,NZ_CP126933.1,99,49,40917,2,0.9785299737707251
Pseudomonadota,GCF_030369655.1,NZ_CP128486.1,126,73,83601,2,1.0090653231950988
Pseudomonadota,GCF_030388245.1,NZ_CP098362.1,603,516,542418,2,1.119866496833289
Pseudomonadota,GCF_030388245.1,NZ_CP098363.1,249,146,143709,2,1.0724207123843326
Pseudomonadota,GCF_030389295.1,NZ_CP128914.1,97,37,36117,2,1.020216944654302
Pseudomonadota,GCF_030389775.1,NZ_CP128951.1,576,566,553527,4,1.4677846199097764
Pseudomonadota,GCF_030389835.1,NZ_CP128959.1,102,46,46104,3,1.11733282080921
Pseudomonadota,GCF_030389855.1,NZ_CP128965.1,113,53,45183,2,1.0578762902816987
Pseudomonadota,GCF_030389925.1,NZ_CP128972.1,104,50,43230,2,1.0601503759398496
Pseudomonadota,GCF_030412885.1,NZ_CP129187.1,130,77,88311,2,0.9951973860259424
Pseudomonadota,GCF_030419005.1,NZ_CP106953.1,470,321,436479,1,1.4321565291365377
Pseudomonadota,GCF_030435705.1,NZ_CP129381.1,1357,1304,1378884,2,1.413600968156674
Pseudomonadota,GCF_030439225.1,NZ_CP129281.1,129,80,79647,2,0.972764262417794
Pseudomonadota,GCF_030442015.2,NZ_CP132962.1,108,57,71025,2,1.039369660262324
Pseudomonadota,GCF_030489945.1,NZ_CP129740.1,223,195,190365,4,0.8612877398248323
Pseudomonadota,GCF_030489965.1,NZ_CP129759.1,110,59,72483,1,1.1946308724832215
Pseudomonadota,GCF_030490065.1,NZ_CP129771.1,702,655,581937,4,1.2347342566115256
Pseudomonadota,GCF_030490405.1,NZ_CP129845.1,111,55,65934,2,0.9954297508477076
Pseudomonadota,GCF_030490465.1,NZ_CP129731.1,113,60,64578,2,1.016811998305435
Pseudomonadota,GCF_030490635.1,NZ_CP129873.1,682,588,596310,11,0.982580224719043
Pseudomonadota,GCF_030490675.1,NZ_CP129856.1,479,460,459465,12,1.0957553751324514
Pseudomonadota,GCF_030505735.1,NZ_CP130074.1,123,108,92202,2,0.935669702343382
Pseudomonadota,GCF_030505755.1,NZ_CP130077.1,123,108,90942,2,0.9342556065559222
Pseudomonadota,GCF_030505775.1,NZ_CP130084.1,122,108,93078,2,0.9423785635118792
Pseudomonadota,GCF_030505815.1,NZ_CP130092.1,121,107,92544,2,0.9416007843625498
Pseudomonadota,GCF_030505835.1,NZ_CP130097.1,122,108,93084,2,0.9435110663431364
Pseudomonadota,GCF_030505875.1,NZ_CP130104.1,122,108,93078,2,0.9435110663431364
Pseudomonadota,GCF_030505895.1,NZ_CP130107.1,122,108,93084,2,0.9435110663431364
Pseudomonadota,GCF_030505915.1,NZ_CP130110.1,122,108,93138,2,0.942620643054226
Pseudomonadota,GCF_030505935.1,NZ_CP130113.1,123,109,93126,2,0.9435110663431364
Pseudomonadota,GCF_030505955.1,NZ_CP130116.1,122,108,93084,2,0.9435110663431364
Pseudomonadota,GCF_030505995.1,NZ_CP130127.1,122,108,93084,2,0.9435110663431364
Pseudomonadota,GCF_030506155.1,NZ_CP130275.1,121,107,92067,2,0.938772870188136
Pseudomonadota,GCF_030515455.1,NZ_CP082081.1,158,140,116520,2,0.6094623595602033
Pseudomonadota,GCF_030520165.1,NZ_CP130449.1,187,114,99885,2,0.9496722632426496
Pseudomonadota,GCF_030534295.1,NZ_CP130562.1,108,60,73680,1,0.8653846153846153
Pseudomonadota,GCF_030544725.1,NZ_CP092279.1,112,60,71928,1,1.1748726655348047
Pseudomonadota,GCF_030552915.1,NZ_CP130671.1,7,5,1428,1,0.8333333333333334
Pseudomonadota,GCF_030578615.1,NZ_CP126909.1,67,28,25911,4,1.1542573667898797
Pseudomonadota,GCF_030578615.1,NZ_CP126910.1,97,65,58596,4,0.9772324469716274
Pseudomonadota,GCF_030584905.1,NZ_CP126014.1,606,377,352653,1,1.1899778924097273
Pseudomonadota,GCF_030585225.1,NZ_CP043453.1,112,46,60687,1,0.843103448275862
Pseudomonadota,GCF_030585245.1,NZ_CP043456.1,116,53,64755,1,0.8536155202821869
Pseudomonadota,GCF_030585285.1,NZ_CP043463.1,116,53,64755,1,0.8536155202821869
Pseudomonadota,GCF_030585325.1,NZ_CP043470.1,116,53,64755,3,1.0572893093538789
Pseudomonadota,GCF_030585325.1,NZ_CP043471.1,28,26,23613,3,0.8318779219887952
Pseudomonadota,GCF_030707935.1,NZ_CP107165.1,123,49,59841,4,1.0881977964321352
Pseudomonadota,GCF_030707975.1,NZ_CP107175.1,122,52,58533,4,1.068546577249618
Pseudomonadota,GCF_030708335.1,NZ_CP107145.1,123,53,62415,4,1.076051618341689
Pseudomonadota,GCF_030717405.1,NZ_CP132001.1,134,64,66672,1,1.256490134994808
Pseudomonadota,GCF_030733845.1,NZ_CP132310.1,173,45,50130,2,1.6873510526875029
Pseudomonadota,GCF_030845475.1,NZ_CP132620.1,117,60,69672,2,1.0495181002219058
Pseudomonadota,GCF_030845575.1,NZ_CP132636.1,118,70,80544,1,0.873015873015873
Pseudomonadota,GCF_030845595.1,NZ_CP132640.1,118,70,80544,2,0.9117554612604116
Pseudomonadota,GCF_030845595.1,NZ_CP132641.1,116,108,109359,2,0.6384673796518454
Pseudomonadota,GCF_030845615.1,NZ_CP132647.1,118,70,80544,1,0.873015873015873
Pseudomonadota,GCF_030845715.1,NZ_CP132666.1,118,59,66885,2,1.041791190341839
Pseudomonadota,GCF_030845855.1,NZ_CP132690.1,112,51,61509,2,1.055698754106816
Pseudomonadota,GCF_030845895.1,NZ_CP132697.1,108,58,71544,2,1.0272908134861622
Pseudomonadota,GCF_030847805.1,NZ_CP126865.1,132,63,62664,1,1.3442240373395566
Pseudomonadota,GCF_030847825.1,NZ_CP126870.1,164,128,102141,1,0.6578014184397163
Pseudomonadota,GCF_030847825.1,NZ_CP126871.1,60,49,44442,1,0.7107296137339055
Pseudomonadota,GCF_030847905.1,NZ_CP126754.1,155,97,97347,1,1.240625
Pseudomonadota,GCF_030847905.1,NZ_CP126755.1,75,65,59286,1,0.9847009735744088
Pseudomonadota,GCF_030847925.1,NZ_CP126758.1,156,97,97353,1,1.240625
Pseudomonadota,GCF_030847925.1,NZ_CP126759.1,75,65,59286,1,0.9847009735744088
Pseudomonadota,GCF_030847985.1,NZ_CP126775.1,127,60,64098,1,1.3011789924973205
Pseudomonadota,GCF_030848065.1,NZ_CP126785.1,128,61,64797,1,1.301384451544196
Pseudomonadota,GCF_030863665.1,NZ_CP114989.1,52,47,41337,1,0.7078341013824885
Pseudomonadota,GCF_030863985.1,NZ_CP132988.1,108,55,66726,2,1.0013383402445315
Pseudomonadota,GCF_030866865.1,NZ_CP132991.1,108,55,66753,2,1.0008389798573734
Pseudomonadota,GCF_030908705.1,NZ_CP133131.1,83,58,38916,1,0.6854410201912858
Pseudomonadota,GCF_030913615.1,NZ_CP133185.1,109,51,52773,2,0.998686679174484
Pseudomonadota,GCF_030995165.1,NZ_CP115313.1,115,63,68181,1,1.1048387096774193
Pseudomonadota,GCF_030996345.1,NZ_CP118748.1,17,12,13575,1,1.980952380952381
Pseudomonadota,GCF_030996645.1,NZ_CP115378.1,121,52,59391,5,0.9677712221968996
Pseudomonadota,GCF_030996645.1,NZ_CP115379.1,102,48,43473,5,0.9250663697011868
Pseudomonadota,GCF_031165635.1,NZ_CP133340.1,135,54,58629,1,1.316546762589928
Pseudomonadota,GCF_031213335.1,NZ_CP123203.1,118,58,66462,1,1.215648854961832
Pseudomonadota,GCF_031662355.1,NZ_CP134379.1,105,47,45000,4,0.8779598377740556
Pseudomonadota,GCF_031663095.1,NZ_CP134368.1,121,61,63747,3,1.1069847462393858
Pseudomonadota,GCF_031664795.1,NZ_CP134387.1,82,74,66600,1,1.0049019607843137
Pseudomonadota,GCF_031665995.1,NZ_CP134391.1,113,52,49794,2,1.0363830141740065
Pseudomonadota,GCF_031786515.1,NZ_CP133922.1,106,50,61176,4,1.0361210957934135
Pseudomonadota,GCF_031851585.1,NZ_CP134668.1,124,57,60435,1,1.1991101223581755
Pseudomonadota,GCF_031851605.1,NZ_CP134672.1,124,57,60435,1,1.1991101223581755
Pseudomonadota,GCF_032146325.1,NZ_CP135071.1,7,3,708,1,2.181818181818182
Pseudomonadota,GCF_032202905.1,NZ_CP126779.1,128,61,64797,1,1.301384451544196
Pseudomonadota,GCF_032248875.1,NZ_CP135166.1,117,58,67980,2,1.0174267142170623
Pseudomonadota,GCF_032300135.1,NZ_CP135245.1,352,343,317046,3,1.4948313239705773
Pseudomonadota,GCF_032302155.1,NZ_CP135272.1,129,61,64050,1,1.286624203821656
Pseudomonadota,GCF_032346775.2,NZ_CP135471.1,129,62,67620,1,1.2896825396825398
Pseudomonadota,GCF_032375165.1,NZ_CP135714.1,106,47,44178,4,0.9193822116856932
Pseudomonadota,GCF_032375165.1,NZ_CP135715.1,109,55,50172,4,0.9550949395886792
Pseudomonadota,GCF_032375245.1,NZ_CP135665.1,110,56,45312,2,1.079984806949169
Pseudomonadota,GCF_032463745.1,NZ_CP136027.1,107,52,54234,2,1.0177632190316883
Pseudomonadota,GCF_032464395.1,NZ_CP136050.1,129,62,67620,1,1.2896825396825398
Pseudomonadota,GCF_032680885.1,NZ_CP136261.1,73,58,45240,1,0.9323164918970448
Pseudomonadota,GCF_032826355.1,NZ_CP133878.1,112,59,69033,1,0.8560975609756097
Pseudomonadota,GCF_032833155.1,NZ_CP134039.1,113,59,69501,1,0.8448687350835323
Pseudomonadota,GCF_032833975.1,NZ_CP134044.1,115,58,67386,2,1.0445472382813277
Pseudomonadota,GCF_032853125.1,NZ_CP136591.1,96,71,68613,1,0.5155393053016454
Pseudomonadota,GCF_033037675.1,NZ_CP127002.1,108,54,62832,2,1.0481296817446868
Pseudomonadota,GCF_033253665.1,NZ_CP137399.1,107,57,70332,2,1.050159822466791
Pseudomonadota,GCF_033395675.1,NZ_CP137697.1,110,109,109254,5,0.6317067571187402
Pseudomonadota,GCF_033395675.1,NZ_CP137698.1,123,54,61854,5,0.9849230894518358
Pseudomonadota,GCF_033439065.1,NZ_CP137739.1,173,126,113253,1,0.8714285714285714
Pseudomonadota,GCF_033441715.1,NZ_CP103843.1,188,96,104349,1,0.15375
Pseudomonadota,GCF_033546895.1,NZ_CP137859.1,101,66,57345,2,0.8358742391243648
Pseudomonadota,GCF_033555915.1,NZ_CP109864.1,1032,868,877311,2,1.4655481985645715
Pseudomonadota,GCF_033705735.1,NZ_CP131131.1,1772,1576,1626618,2,1.7138635757044267
Pseudomonadota,GCF_033705735.1,NZ_CP131132.1,187,65,66159,2,1.3886699507389162
Pseudomonadota,GCF_033802445.1,NZ_CP138405.1,108,57,47844,2,0.9856164020271084
Pseudomonadota,GCF_033802485.1,NZ_CP138414.1,109,52,47259,2,1.060322949577981
Pseudomonadota,GCF_033807355.1,NZ_CP138518.1,109,57,70785,1,1.190641247833622
Pseudomonadota,GCF_033807395.1,NZ_CP138540.1,109,56,68370,2,1.0256964021060528
Pseudomonadota,GCF_033807415.1,NZ_CP138547.1,109,56,68370,2,1.0256964021060528
Pseudomonadota,GCF_033807435.1,NZ_CP138554.1,109,56,68370,2,1.0256964021060528
Pseudomonadota,GCF_033807455.1,NZ_CP138561.1,109,56,68370,2,1.0256964021060528
Pseudomonadota,GCF_033848475.1,NZ_CP138690.1,9,7,3408,1,0.7301587301587301
Pseudomonadota,GCF_033865735.1,NZ_CP138770.1,124,53,58476,2,0.9984339597494336
Pseudomonadota,GCF_034071845.1,NZ_CP139271.1,102,53,42432,1,0.5700164744645799
Pseudomonadota,GCF_034081005.1,NZ_CP139205.1,99,39,51399,1,0.918807810894142
Pseudomonadota,GCF_034120885.1,NZ_CP141750.1,69,51,35091,2,0.9887316617481582
Pseudomonadota,GCF_034120885.1,NZ_CP141752.1,85,43,43710,2,0.984060855745344
Pseudomonadota,GCF_034331225.1,NZ_CP141732.1,115,56,67107,2,0.9986692722873628
Pseudomonadota,GCF_034371605.1,NZ_CP139697.1,34,30,36348,2,1.3903147957015365
Pseudomonadota,GCF_034377005.1,NZ_CP139700.1,372,340,348441,2,1.4039316564124171
Pseudomonadota,GCF_034421835.1,NZ_CP139806.1,88,44,49536,2,0.952346648785005
Pseudomonadota,GCF_034422435.1,NZ_CP139843.1,100,44,43677,2,1.0488720943547465
Pseudomonadota,GCF_034422495.1,NZ_CP139854.1,113,52,45150,2,1.0559588124714212
Pseudomonadota,GCF_034422815.1,NZ_CP139838.1,120,58,60303,1,0.8098818474758325
Pseudomonadota,GCF_034479935.1,NZ_CP140291.1,112,57,69498,2,1.0397254916468917
Pseudomonadota,GCF_034494405.1,NZ_CP140422.1,55,19,31692,1,1.4213836477987425
Pseudomonadota,GCF_034627025.1,NZ_CP141049.1,1070,835,763935,4,1.2376802324138318
Pseudomonadota,GCF_034627025.1,NZ_CP141050.1,1087,817,750369,4,1.2430917658031555
Pseudomonadota,GCF_034627565.1,NZ_CP141053.1,1663,1425,1421475,8,1.162562619394008
Pseudomonadota,GCF_034628625.1,NZ_CP140893.1,1298,1168,1183431,1,1.422965327143479
Pseudomonadota,GCF_034629665.1,NZ_CP140895.1,1275,1083,1063575,2,1.287191550684077
Pseudomonadota,GCF_034629665.1,NZ_CP140897.1,1413,1266,1297239,2,1.32671533510986
Pseudomonadota,GCF_034630705.1,NZ_CP140901.1,1077,918,875649,1,1.3806193806193807
Pseudomonadota,GCF_034630705.1,NZ_CP140904.1,1380,1241,1260240,1,1.4226467688751403
Pseudomonadota,GCF_034632515.1,NZ_CP140918.1,1355,1222,1248000,1,1.421740472678627
Pseudomonadota,GCF_034634015.1,NZ_CP140932.1,1314,1178,1195386,1,1.439793207438788
Pseudomonadota,GCF_034638195.1,NZ_CP140965.1,984,855,797826,2,1.2876154054511129
Pseudomonadota,GCF_034638195.1,NZ_CP140967.1,159,90,60750,2,1.2727538279689687
Pseudomonadota,GCF_034638195.1,NZ_CP140968.1,1336,1191,1202694,2,1.322027439374212
Pseudomonadota,GCF_034643255.1,NZ_CP141085.1,357,325,318249,1,0.7587761674718196
Pseudomonadota,GCF_035184745.2,NZ_CP144128.1,115,62,72012,1,0.8704663212435233
Pseudomonadota,GCF_035557515.1,NZ_CP149852.1,85,42,43431,2,0.9888628416261308
Pseudomonadota,GCF_035581925.1,NZ_CP141583.1,118,54,62925,4,1.0852344855588512
Pseudomonadota,GCF_035599035.1,NZ_CP141577.1,16,6,1416,1,2.181818181818182
Pseudomonadota,GCF_035610345.1,NZ_CP141213.1,1619,1474,1525239,1,1.450308815272319
Pseudomonadota,GCF_035621515.1,NZ_CP141793.1,113,56,60693,1,1.1453940066592674
Pseudomonadota,GCF_035621535.1,NZ_CP141781.1,110,59,73119,2,1.0495271832014517
Pseudomonadota,GCF_035658535.1,NZ_CP141994.1,117,55,63198,1,1.2147852147852147
Pseudomonadota,GCF_035666255.1,NZ_CP142042.1,177,136,120768,4,0.994733554405146
Pseudomonadota,GCF_035969035.1,NZ_CP140867.1,1525,456,517302,18,1.371316181714488
Pseudomonadota,GCF_036038995.2,NZ_CP158133.1,912,805,869658,2,1.3158536840925463
Pseudomonadota,GCF_036254055.1,NZ_CP141217.1,119,58,67695,2,1.0284192075280223
Pseudomonadota,GCF_036287375.2,NZ_CP142985.1,112,60,69222,1,0.8545343883140597
Pseudomonadota,GCF_036287515.1,NZ_CP143007.1,107,56,68028,2,1.0370347023713813
Pseudomonadota,GCF_036287705.1,NZ_CP142951.1,107,47,46092,2,1.0202875775909483
Pseudomonadota,GCF_036287785.1,NZ_CP142972.1,247,134,129945,2,0.922725871146741
Pseudomonadota,GCF_036289145.1,NZ_CP137188.1,131,63,68787,1,1.294921875
Pseudomonadota,GCF_036289205.1,NZ_CP137200.1,134,63,63321,1,1.354239256678281
Pseudomonadota,GCF_036362825.1,NZ_CP143628.1,93,39,40665,1,1.075
Pseudomonadota,GCF_036494765.1,NZ_AP027490.1,105,55,52212,2,1.031016573192869
Pseudomonadota,GCF_036496705.1,NZ_AP027538.1,206,134,138054,1,1.0470770822555613
Pseudomonadota,GCF_036496865.1,NZ_AP027545.1,113,54,62538,3,1.0850498920897522
Pseudomonadota,GCF_036497705.1,NZ_AP027572.1,119,56,68961,4,1.0621100912064838
Pseudomonadota,GCF_036497865.1,NZ_AP027577.1,191,122,125073,1,0.997750281214848
Pseudomonadota,GCF_036499565.1,NZ_AP027635.1,54,41,35697,1,1.2427745664739884
Pseudomonadota,GCF_036501105.1,NZ_AP027678.1,102,56,48852,3,0.9373910742878276
Pseudomonadota,GCF_036501505.1,NZ_AP027688.1,106,57,51069,3,1.0535047905617516
Pseudomonadota,GCF_036503025.1,NZ_AP027746.1,164,123,123303,1,1.0163727959697733
Pseudomonadota,GCF_036504395.1,NZ_AP027786.1,87,42,51345,2,1.0379130245890416
Pseudomonadota,GCF_036506655.1,NZ_AP027855.1,100,56,63636,2,0.9902600600896418
Pseudomonadota,GCF_036507355.1,NZ_AP027878.1,101,49,49422,2,0.9827845013603528
Pseudomonadota,GCF_036508395.1,NZ_AP027904.1,116,59,66861,4,1.041126755576918
Pseudomonadota,GCF_036510035.1,NZ_AP028823.1,114,67,66438,2,0.9664065424783446
Pseudomonadota,GCF_036510215.1,NZ_AP028829.1,123,73,71199,2,0.9591366525423728
Pseudomonadota,GCF_036510415.1,NZ_AP028834.1,125,77,73143,2,0.9564667543227156
Pseudomonadota,GCF_036510595.1,NZ_AP028839.1,109,62,62181,2,0.9598843281726268
Pseudomonadota,GCF_036510815.1,NZ_AP028844.1,108,61,61365,2,0.9602116078594084
Pseudomonadota,GCF_036511015.1,NZ_AP028849.1,120,73,71199,2,0.9591366525423728
Pseudomonadota,GCF_036511175.1,NZ_AP028855.1,121,73,70596,2,0.9564797716971628
Pseudomonadota,GCF_036511355.1,NZ_AP028860.1,120,73,71199,2,0.9591366525423728
Pseudomonadota,GCF_036511735.1,NZ_AP028872.1,116,57,64728,4,1.0472567991440882
Pseudomonadota,GCF_036512675.1,NZ_AP028969.1,445,397,394287,6,0.9121057652332945
Pseudomonadota,GCF_036621415.1,NZ_CP030942.1,272,260,272043,2,1.387824930225202
Pseudomonadota,GCF_036718175.1,NZ_CP150020.1,107,46,48777,2,1.0450334941050374
Pseudomonadota,GCF_036785835.1,NZ_CP145150.1,116,51,60906,2,1.000484538693322
Pseudomonadota,GCF_036787225.1,NZ_CP145173.1,110,57,72048,2,1.0043412161516925
Pseudomonadota,GCF_036866085.1,NZ_CP142295.1,50,42,47931,1,1.3163064833005893
Pseudomonadota,GCF_036884425.1,NZ_CP145648.1,112,55,49770,2,1.0273157773157773
Pseudomonadota,GCF_036884615.1,NZ_CP145681.1,121,56,65247,4,1.070342427950158
Pseudomonadota,GCF_036884795.1,NZ_CP145709.1,81,70,62958,1,1.2383073496659245
Pseudomonadota,GCF_036967225.1,NZ_CP146029.1,67,44,25434,2,0.8137777777777777
Pseudomonadota,GCF_037023145.1,NZ_CP146092.1,1745,1544,1648887,3,2.189115105520968
Pseudomonadota,GCF_037023145.1,NZ_CP146093.1,393,275,281772,3,1.876204891449058
Pseudomonadota,GCF_037024855.1,NZ_CP146193.1,109,57,69291,1,1.180679785330948
Pseudomonadota,GCF_037039395.1,NZ_CP146241.1,442,400,422091,1,0.8513429538079127
Pseudomonadota,GCF_037055335.1,NZ_CP146383.1,189,87,93015,4,1.0844968259070238
Pseudomonadota,GCF_037071415.1,NZ_CP143488.1,1374,370,366894,18,1.033395130719336
Pseudomonadota,GCF_037094535.1,NZ_CP146657.1,230,105,112551,4,1.09450957703978
Pseudomonadota,GCF_037101255.1,NZ_AP028998.1,2173,1942,2025681,1,1.8951514090670405
Pseudomonadota,GCF_037279725.1,NZ_CP147598.1,112,61,73677,2,1.0614873062487953
Pseudomonadota,GCF_037477805.1,NZ_CP125183.1,116,52,61395,2,0.9768477522854068
Pseudomonadota,GCF_037482275.1,NZ_CP148089.1,1046,912,863607,1,1.3832097067347842
Pseudomonadota,GCF_037482275.1,NZ_CP148090.1,1475,1331,1388751,1,1.4871120623757836
Pseudomonadota,GCF_037553545.1,NZ_CP148383.1,123,59,65331,4,1.0829144306010638
Pseudomonadota,GCF_037555585.1,NZ_CP148392.1,105,53,48774,4,0.9474130070509118
Pseudomonadota,GCF_037557155.1,NZ_CP148399.1,69,68,65439,1,0.8892589508742714
Pseudomonadota,GCF_037560265.1,NZ_CP148408.1,109,49,50673,2,1.026670870113493
Pseudomonadota,GCF_037561805.1,NZ_CP148411.1,103,45,42984,3,0.9735911774492896
Pseudomonadota,GCF_037563415.1,NZ_CP148417.1,104,44,47925,2,1.0160881396429282
Pseudomonadota,GCF_037571465.1,NZ_CP148442.1,95,49,61650,2,1.0083302994053502
Pseudomonadota,GCF_037572835.1,NZ_CP148447.1,99,43,41409,2,1.0216098765432098
Pseudomonadota,GCF_037798445.1,NZ_CP148876.1,477,460,434976,7,0.970410181263125
Pseudomonadota,GCF_037798445.1,NZ_CP148877.1,61,44,30405,7,0.8507023730975571
Pseudomonadota,GCF_037819775.1,NZ_CP148988.1,102,46,46572,2,1.0037335902685776
Pseudomonadota,GCF_037821945.1,NZ_CP149138.1,109,52,52698,2,1.000420224484417
Pseudomonadota,GCF_037823755.1,NZ_CP149144.1,109,52,52698,2,1.000420224484417
Pseudomonadota,GCF_037824785.1,NZ_CP149156.1,109,52,53775,2,0.9981116291585986
Pseudomonadota,GCF_037825795.1,NZ_CP149165.1,109,52,52698,2,1.000420224484417
Pseudomonadota,GCF_037826765.1,NZ_CP149169.1,109,52,53775,2,0.9981116291585986
Pseudomonadota,GCF_037827835.1,NZ_CP149173.1,109,52,53775,2,0.9981116291585986
Pseudomonadota,GCF_037828885.1,NZ_CP149177.1,109,52,53775,2,0.9981116291585986
Pseudomonadota,GCF_037837055.1,NZ_CP149222.1,107,106,103563,1,0.2223398623610376
Pseudomonadota,GCF_037840705.1,NZ_CP149263.1,128,57,63888,1,1.2664509169363538
Pseudomonadota,GCF_037844235.1,NZ_CP149289.1,109,52,53775,2,0.9981116291585986
Pseudomonadota,GCF_037844905.1,NZ_CP149161.1,109,52,52698,2,1.000420224484417
Pseudomonadota,GCF_037920605.1,NZ_CP136464.1,5,3,741,2,2.403846153846154
Pseudomonadota,GCF_037920625.1,NZ_CP148584.1,70,68,65439,1,0.8892589508742714
Pseudomonadota,GCF_037938425.1,NZ_CP149811.1,119,56,65823,4,0.9710413704961844
Pseudomonadota,GCF_037938425.1,NZ_CP149812.1,103,51,52338,4,0.9701867617310984
Pseudomonadota,GCF_037949285.1,NZ_CP149927.1,392,355,404019,5,1.0158214463683013
Pseudomonadota,GCF_037949285.1,NZ_CP149928.1,375,325,352710,5,0.9931789051051104
Pseudomonadota,GCF_037949795.1,NZ_CP149933.1,590,551,575490,5,1.0030971735120289
Pseudomonadota,GCF_037949795.1,NZ_CP149934.1,504,485,518769,5,0.9989659099656903
Pseudomonadota,GCF_038050815.1,NZ_CP150905.1,86,48,63522,1,0.8713178294573644
Pseudomonadota,GCF_038050985.1,NZ_CP150912.1,86,48,63522,1,0.8713178294573644
Pseudomonadota,GCF_038069265.1,NZ_CP156938.1,130,63,66771,1,1.34102833158447
Pseudomonadota,GCF_038086915.1,NZ_CP146977.1,24,14,10299,2,1.2699928383862498
Pseudomonadota,GCF_038096115.1,NZ_CP150992.1,98,48,45720,3,0.96168347781251
Pseudomonadota,GCF_038098595.1,NZ_CP151172.1,119,50,59883,2,1.0094451050973838
Pseudomonadota,GCF_038396315.1,NZ_CP147095.1,114,58,48852,4,0.9691366486291207
Pseudomonadota,GCF_038396505.1,NZ_CP147062.1,77,67,63414,1,1.3846153846153848
Pseudomonadota,GCF_038418305.1,NZ_CP157757.1,228,130,126999,2,1.0281024466824982
Pseudomonadota,GCF_038418305.1,NZ_CP157758.1,95,85,71421,2,1.0173506721878722
Pseudomonadota,GCF_038430245.1,NZ_CP131909.1,113,60,69690,1,0.843359142346635
Pseudomonadota,GCF_038433795.1,NZ_CP131792.1,841,704,681471,3,0.9965477650989252
Pseudomonadota,GCF_038441185.1,NZ_CP131879.1,127,77,72657,2,0.789110835760561
Pseudomonadota,GCF_038441185.1,NZ_CP131880.1,130,87,83034,2,0.660029220726805
Pseudomonadota,GCF_038441195.1,NZ_CP131886.1,115,55,66765,1,0.853448275862069
Pseudomonadota,GCF_038441205.1,NZ_CP131890.1,115,54,66678,1,0.8554112554112554
Pseudomonadota,GCF_038441215.1,NZ_CP131894.1,115,54,66678,1,0.8554112554112554
Pseudomonadota,GCF_038441255.1,NZ_CP131904.1,115,54,66678,1,0.8554112554112554
Pseudomonadota,GCF_038441325.1,NZ_CP133708.1,90,54,55860,1,0.6056860321384425
Pseudomonadota,GCF_038442095.1,NZ_CP133714.1,85,51,53613,1,0.6439854191980559
Pseudomonadota,GCF_038442125.1,NZ_CP133718.1,85,51,52311,1,0.6393034825870647
Pseudomonadota,GCF_038452245.1,NZ_CP151862.1,363,360,356007,11,1.1437590288125692
Pseudomonadota,GCF_038627065.1,NZ_CP157329.1,86,46,48396,2,1.0019732869954496
Pseudomonadota,GCF_038627105.1,NZ_CP157236.1,87,46,48174,2,0.99554713053821
Pseudomonadota,GCF_038684765.1,NZ_CP152333.1,113,62,69693,2,1.01575049470376
Pseudomonadota,GCF_038741195.1,NZ_CP152365.1,85,48,63483,1,0.8702408702408703
Pseudomonadota,GCF_038995905.1,NZ_CP144253.1,115,48,65079,1,0.8471544715447155
Pseudomonadota,GCF_039565045.1,NZ_CP154652.1,198,178,167166,2,1.487243749637174
Pseudomonadota,GCF_039645365.1,NZ_CP147079.1,118,55,68367,4,1.0587015876905634
Pseudomonadota,GCF_039653425.1,NZ_CP166442.1,106,55,66054,1,1.1773584905660377
Pseudomonadota,GCF_039653445.1,NZ_CP166445.1,258,161,144495,1,1.255128879537086
Pseudomonadota,GCF_039692545.1,NZ_CP155589.1,1517,1260,1487409,1,4.1261997064247815
Pseudomonadota,GCF_039693335.1,NZ_CP155592.1,1518,1263,1495407,1,4.119406328759451
Pseudomonadota,GCF_039703985.1,NZ_CP155643.1,110,58,69417,2,1.0485066748550311
Pseudomonadota,GCF_039704375.1,NZ_CP155661.1,106,57,70233,2,1.0523608018385455
Pseudomonadota,GCF_039725815.1,NZ_CP065205.1,108,46,41364,2,1.0099316581962814
Pseudomonadota,GCF_039734745.1,NZ_CP166159.1,111,56,66015,2,1.031487009330516
Pseudomonadota,GCF_039909435.1,NZ_CP157096.1,113,52,49509,2,1.00350804148885
Pseudomonadota,GCF_039909535.1,NZ_CP157116.1,95,47,46203,2,0.9711732628788484
Pseudomonadota,GCF_039911655.1,NZ_CP157149.1,114,52,61224,4,1.017298024493038
Pseudomonadota,GCF_040114925.1,NZ_CP149880.1,125,89,101442,1,2.1118155619596544
Pseudomonadota,GCF_040202155.2,NZ_CP168174.1,153,84,97629,1,0.1403162055335968
Pseudomonadota,GCF_040202175.2,NZ_CP168187.1,124,63,73557,1,2.069917203311868
Pseudomonadota,GCF_040202325.2,NZ_CP168183.1,126,65,75432,1,2.0636771300448435
Pseudomonadota,GCF_040202535.2,NZ_CP167823.1,195,105,115617,1,2.1579250720461096
Pseudomonadota,GCF_040202555.2,NZ_CP168179.1,152,82,95826,1,0.1409395973154362
Pseudomonadota,GCF_040202735.2,NZ_CP167828.1,242,149,161700,1,0.1465263157894737
Pseudomonadota,GCF_040203145.2,NZ_CP168191.1,124,63,73554,1,2.069917203311868
Pseudomonadota,GCF_040250275.1,NZ_CP158192.1,108,57,68856,2,1.0304040119885869
Pseudomonadota,GCF_040255075.1,NZ_CP158294.1,302,192,197925,1,0.7537840565085772
Pseudomonadota,GCF_040267565.1,NZ_CP158349.1,85,44,49929,2,1.011407764407988
Pseudomonadota,GCF_040267575.1,NZ_CP158355.1,114,66,66015,2,0.9722715486760432
Pseudomonadota,GCF_040267585.1,NZ_CP158335.1,84,43,42264,2,0.989882951653944
Pseudomonadota,GCF_040267595.1,NZ_CP158331.1,84,42,41142,2,0.9932626661875674
Pseudomonadota,GCF_040267605.1,NZ_CP158341.1,84,43,42264,2,0.989882951653944
Pseudomonadota,GCF_040267615.1,NZ_CP158346.1,83,41,43650,2,0.9864882188059044
Pseudomonadota,GCF_040267625.1,NZ_CP158318.1,84,42,41142,2,0.9932626661875674
Pseudomonadota,GCF_040267635.1,NZ_CP158325.1,84,42,41142,2,0.9932626661875674
Pseudomonadota,GCF_040357515.1,NZ_CP128373.1,114,45,48039,1,0.8564231738035264
Pseudomonadota,GCF_040435955.1,NZ_CP159194.1,267,235,237744,2,1.392032922890844
Pseudomonadota,GCF_040436475.1,NZ_CP159120.1,105,51,45633,4,0.9586401179516526
Pseudomonadota,GCF_040436815.1,NZ_CP159151.1,136,84,81336,2,0.9498512236584352
Pseudomonadota,GCF_040500525.1,NZ_CP159403.1,1497,1270,1370211,13,1.7961575052926453
Pseudomonadota,GCF_040500525.1,NZ_CP159404.1,656,539,672381,13,1.8057655919701128
Pseudomonadota,GCF_040500525.1,NZ_CP159405.1,555,473,499209,13,1.8207717944822668
Pseudomonadota,GCF_040500525.1,NZ_CP159406.1,124,104,153105,13,1.746951234448523
Pseudomonadota,GCF_040557715.1,NZ_CP159741.1,289,250,241392,2,0.7075299416799967
Pseudomonadota,GCF_040571315.1,NZ_CP107566.1,50,24,13263,1,0.4491978609625668
Pseudomonadota,GCF_040581375.1,NZ_CP137149.1,159,149,155367,1,0.5563007412636781
Pseudomonadota,GCF_040581385.1,NZ_CP137154.1,159,148,154563,1,0.5570517363571935
Pseudomonadota,GCF_040581405.1,NZ_CP137159.1,159,148,154581,1,0.5568544102019128
Pseudomonadota,GCF_040687985.1,NZ_CP159929.1,117,60,68517,2,1.02093849467897
Pseudomonadota,GCF_040687995.1,NZ_CP159940.1,3,3,2445,1,1.5384615384615383
Pseudomonadota,GCF_040703095.1,NZ_CP160038.1,103,56,69624,1,0.8735769922109048
Pseudomonadota,GCF_040744935.1,NZ_CP160435.1,277,189,197832,1,2.119576358045781
Pseudomonadota,GCF_040761425.1,NZ_CP142889.1,933,835,888294,2,1.4604487137918476
Pseudomonadota,GCF_040784875.1,NZ_CP160624.1,111,58,68742,2,1.0193650178888325
Pseudomonadota,GCF_040790645.1,NZ_CP160840.1,186,173,169482,2,1.4319566324238524
Pseudomonadota,GCF_040790655.1,NZ_CP160836.1,298,262,267081,2,1.4051934880227817
Pseudomonadota,GCF_040790665.1,NZ_CP160850.1,268,246,244314,2,1.4045461742964602
Pseudomonadota,GCF_040790675.1,NZ_CP160854.1,217,201,210420,2,1.403634109721843
Pseudomonadota,GCF_040803885.1,NZ_CP161849.1,105,58,72048,1,0.8517022504327756
Pseudomonadota,GCF_040822125.1,NZ_CP161987.1,115,48,60573,1,0.875
Pseudomonadota,GCF_040822385.1,NZ_CP161996.1,111,45,48039,1,0.8575031525851198
Pseudomonadota,GCF_040822395.1,NZ_CP161990.1,117,48,60672,1,0.8742194469223907
Pseudomonadota,GCF_040869025.1,NZ_CP134273.1,121,72,63711,1,0.6507462686567164
Pseudomonadota,GCF_040931675.1,NZ_CP162407.1,102,52,48819,3,1.0816914741220571
Pseudomonadota,GCF_041004175.1,NZ_CP163030.1,119,55,64407,4,1.0817849954614045
Pseudomonadota,GCF_041004185.1,NZ_CP163035.1,115,60,70098,2,1.0359931824044215
Pseudomonadota,GCF_041004245.1,NZ_CP163044.1,90,48,52272,2,1.005974021228785
Pseudomonadota,GCF_041005335.1,NZ_CP163106.1,133,61,61173,1,1.33492252681764
Pseudomonadota,GCF_041005895.1,NZ_CP163116.1,103,42,43989,2,1.0338441258856483
Pseudomonadota,GCF_041021885.1,NZ_CP157427.1,3510,3034,3070029,18,0.931564954281668
Pseudomonadota,GCF_041026645.1,NZ_CP163389.1,108,58,69459,2,1.0226972380071362
Pseudomonadota,GCF_041200275.1,NZ_CP165761.1,113,60,69012,1,0.8587088915956151
Pseudomonadota,GCF_041200285.1,NZ_CP165767.1,112,59,69033,1,0.8560975609756097
Pseudomonadota,GCF_041200295.1,NZ_CP165739.1,99,54,52095,3,1.1084401837590627
Pseudomonadota,GCF_041221905.1,NZ_CP165928.1,118,61,70365,2,1.0126728073325633
Pseudomonadota,GCF_041228115.3,NZ_CP166103.2,1484,1262,1343037,13,1.3170251130566135
Pseudomonadota,GCF_041251595.1,NZ_CP158428.1,101,54,51816,3,0.9802196826984088
Pseudomonadota,GCF_041251595.1,NZ_CP158430.1,169,145,120012,3,0.935532793921711
Pseudomonadota,GCF_041281675.1,NZ_CP166229.1,108,56,68370,2,1.0256964021060528
Pseudomonadota,GCF_041283475.1,NZ_CP166206.1,109,57,67515,2,1.005966952264382
Pseudomonadota,GCF_041283535.1,NZ_CP166309.1,111,58,67908,1,0.8645320197044335
Pseudomonadota,GCF_041283545.1,NZ_CP166319.1,112,59,69033,1,0.8560975609756097
Pseudomonadota,GCF_041283575.1,NZ_CP166327.1,112,59,69033,1,0.8560975609756097
Pseudomonadota,GCF_041283585.1,NZ_CP166330.1,104,50,62421,2,1.0283549419744715
Pseudomonadota,GCF_041319725.1,NZ_CP101046.1,129,55,60120,1,1.3239766081871345
Pseudomonadota,GCF_041319885.1,NZ_CP101086.1,128,56,58971,1,1.2936979785969085
Pseudomonadota,GCF_041319955.1,NZ_CP101105.1,131,59,63120,1,1.3103448275862069
Pseudomonadota,GCF_041320025.1,NZ_CP100929.1,128,70,82749,1,1.150481838398814
Pseudomonadota,GCF_041320055.1,NZ_CP100937.1,238,146,136629,1,1.105294467578822
Pseudomonadota,GCF_041320125.1,NZ_CP100965.1,73,50,44946,1,1.0571428571428572
Pseudomonadota,GCF_041320135.1,NZ_CP100967.1,318,190,187596,1,1.0378585086042065
Pseudomonadota,GCF_041320155.1,NZ_CP100974.1,109,50,60315,1,1.1244239631336406
Pseudomonadota,GCF_041320175.1,NZ_CP100983.1,101,53,42810,1,1.1282894736842106
Pseudomonadota,GCF_041320185.1,NZ_CP100991.1,104,50,45777,1,0.2450199203187251
Pseudomonadota,GCF_041320265.1,NZ_CP101053.1,130,57,60765,1,1.3071593533487298
Pseudomonadota,GCF_041320265.1,NZ_CP101055.1,116,54,45330,1,1.2086553323029363
Pseudomonadota,GCF_041320625.1,NZ_CP166706.1,99,51,53034,2,1.0312922306260923
Pseudomonadota,GCF_041344915.1,NZ_CP166762.1,75,30,32883,1,0.8005082592121983
Pseudomonadota,GCF_041378885.1,NZ_CP166902.1,135,61,60729,10,1.0311557122797468
Pseudomonadota,GCF_041378905.1,NZ_CP166884.1,139,66,64665,2,1.2115912831437048
Pseudomonadota,GCF_041378905.1,NZ_CP166886.1,2,2,2889,2,1.2162962962962962
Pseudomonadota,GCF_041378915.1,NZ_CP166889.1,144,70,67773,1,1.3066666666666666
Pseudomonadota,GCF_041378925.1,NZ_CP166893.1,139,66,64665,1,1.3263646922183507
Pseudomonadota,GCF_041410215.1,NZ_CP166977.1,139,66,64665,1,1.3263646922183507
Pseudomonadota,GCF_041411315.1,NZ_CP087508.1,4268,4094,3925887,18,1.0229804451212878
Pseudomonadota,GCF_041411325.1,NZ_CP087512.1,4271,4098,3926541,18,1.0231363953629886
Pseudomonadota,GCF_041470125.1,NZ_CP121032.1,591,542,581349,1,0.1016736776156806
Pseudomonadota,GCF_041472985.1,NZ_CP121036.1,591,542,581316,1,0.1016736776156806
Pseudomonadota,GCF_041507355.1,NZ_CP167902.1,162,58,70404,2,0.4064967147697759
Pseudomonadota,GCF_041507355.1,NZ_CP167907.1,143,44,43332,2,0.3882496137013026
Pseudomonadota,GCF_041514435.1,NZ_CP167950.1,110,58,68907,1,0.8463385354141657
Pseudomonadota,GCF_041514545.1,NZ_CP167956.1,112,59,69033,1,0.8560975609756097
Pseudomonadota,GCF_041514655.1,NZ_CP167960.1,233,145,131790,1,0.8543626337982484
Pseudomonadota,GCF_041531595.1,NZ_CP168039.1,93,45,49125,2,0.9714629013410814
Pseudomonadota,GCF_041714685.1,NZ_CP168236.1,1518,1265,1501800,1,4.120381051613144
Pseudomonadota,GCF_041714695.1,NZ_CP168234.1,1512,1261,1497750,1,4.125783582089553
Pseudomonadota,GCF_041714705.1,NZ_CP168245.1,1517,1265,1500525,1,4.122360040227958
Pseudomonadota,GCF_041714715.1,NZ_CP168239.1,1510,1258,1494588,1,4.128417703752223
Pseudomonadota,GCF_041714725.1,NZ_CP168243.1,1510,1258,1494210,1,4.128081768659092
Pseudomonadota,GCF_041729625.1,NZ_CP168398.1,1993,1720,1723902,1,1.522135781048861
Pseudomonadota,GCF_041834835.1,NZ_CP153818.1,110,55,65328,1,1.226716839134525
Pseudomonadota,GCF_041860895.1,NZ_CP153599.1,111,59,69501,1,0.843359142346635
Pseudomonadota,GCF_041860915.1,NZ_CP153604.1,112,56,65004,2,1.0298578907642262
Pseudomonadota,GCF_041860945.1,NZ_CP153615.1,116,58,66948,2,1.0216012547865023
Pseudomonadota,GCF_041860955.1,NZ_CP153620.1,107,58,68466,1,1.1831726555652935
Pseudomonadota,GCF_041861015.1,NZ_CP153633.1,118,57,67740,2,1.0172730188981876
Pseudomonadota,GCF_041861145.1,NZ_CP153669.1,116,59,68460,2,1.035074063734338
Pseudomonadota,GCF_041861165.1,NZ_CP153676.1,113,55,66528,2,1.005158269708292
Pseudomonadota,GCF_041861505.1,NZ_CP154167.1,116,58,65970,2,1.0246436185537309
Pseudomonadota,GCF_041861535.1,NZ_CP154192.1,115,56,67845,2,1.0085738005267375
Pseudomonadota,GCF_041870065.1,NZ_CP163450.1,98,45,49050,2,1.043377555458895
Pseudomonadota,GCF_041870075.1,NZ_CP163454.1,91,43,39129,2,1.0235021097046415
Pseudomonadota,GCF_041870165.1,NZ_CP168957.1,114,58,69279,1,1.1992720655141038
Pseudomonadota,GCF_041871515.1,NZ_CP168963.1,126,49,54840,1,1.369620253164557
Pseudomonadota,GCF_041882485.1,NZ_CP169009.1,109,50,47340,3,0.9535997739816516
Pseudomonadota,GCF_041884315.1,NZ_CP169016.1,102,50,52953,2,0.989938877903646
Pseudomonadota,GCF_041884965.1,NZ_CP169021.1,107,49,48324,3,0.9585998809029632
Pseudomonadota,GCF_041886205.1,NZ_CP169031.1,96,47,50535,2,1.0122211669276382
Pseudomonadota,GCF_041889455.1,NZ_CP139929.1,113,60,68241,2,1.0168777844271562
Pseudomonadota,GCF_041892465.1,NZ_CP169079.1,127,49,54840,1,1.369620253164557
Pseudomonadota,GCF_041893525.1,NZ_CP169069.1,205,190,190620,1,0.9236242884250474
Pseudomonadota,GCF_041897545.1,NZ_CP169226.1,121,54,60387,4,1.0680566859509588
Pseudomonadota,GCF_041897545.1,NZ_CP169228.1,89,45,47874,4,0.958741624258676
Pseudomonadota,GCF_041900615.1,NZ_CP152639.1,120,53,62241,1,1.2625127681307458
Pseudomonadota,GCF_041927005.1,NZ_CP153070.1,117,60,66096,2,1.033940307424909
Pseudomonadota,GCF_041927085.1,NZ_CP153040.1,114,58,67206,2,1.0033155277214956
Pseudomonadota,GCF_041930365.1,NZ_CP169339.1,1636,1556,1448274,11,0.993203959560529
Pseudomonadota,GCF_041941435.1,NZ_CP131481.1,110,48,60651,1,0.5172413793103449
Pseudomonadota,GCF_042013535.1,NZ_CP162075.1,97,51,53964,4,1.0432296508386127
Pseudomonadota,GCF_042137995.2,NZ_CP169753.1,398,244,212742,2,1.1105516736133705
Pseudomonadota,GCF_042140285.1,NZ_CP169768.1,3597,3088,3140910,18,0.9313542819245588
Pseudomonadota,GCF_042140325.1,NZ_CP169774.1,116,54,65043,1,0.8561341571050309
Pseudomonadota,GCF_042143465.1,NZ_CP169818.1,113,48,61587,1,0.8581623550401427
Pseudomonadota,GCF_042144055.1,NZ_CP169820.1,88,52,52053,1,0.6047745358090185
Pseudomonadota,GCF_042148545.1,NZ_CP169843.1,102,41,55371,1,0.8525519848771267
Pseudomonadota,GCF_042149195.1,NZ_CP169851.1,116,53,64755,1,0.8536155202821869
Pseudomonadota,GCF_042151085.1,NZ_CP169863.1,91,52,58233,1,0.6353711790393013
Pseudomonadota,GCF_042151695.1,NZ_CP169867.1,121,51,64527,1,0.8735244519392917
Pseudomonadota,GCF_042186005.1,NZ_CP104831.1,107,48,36141,2,0.9583857039032108
Pseudomonadota,GCF_042192375.1,NZ_CP071701.1,166,152,148287,1,1.0080527086383602
Pseudomonadota,GCF_042258825.1,NZ_CP170154.1,416,241,196500,2,1.1166115244587718
Pseudomonadota,GCF_042377965.1,NZ_CP170159.1,843,725,737532,2,1.4334449586299691
Pseudomonadota,GCF_042448555.1,NZ_CP170253.1,168,74,86043,1,0.1613691931540342
Pseudomonadota,GCF_042474915.1,NZ_CP132916.1,119,49,57315,1,0.869140625
Pseudomonadota,GCF_042480395.1,NZ_CP133055.1,141,82,76704,1,0.6559322033898305
Pseudomonadota,GCF_042604625.1,NZ_CP170468.1,40,19,21498,6,0.9335164914927504
Pseudomonadota,GCF_042604625.1,NZ_CP170470.1,562,491,502539,6,1.0523514439850266
Pseudomonadota,GCF_042604635.1,NZ_CP170475.1,376,323,365982,7,2.314230742407975
Pseudomonadota,GCF_042938965.1,NZ_CP170663.1,1034,933,1033818,14,1.9448567516161324
Pseudomonadota,GCF_042938965.1,NZ_CP170664.1,533,476,499668,14,1.9837855255046557
Pseudomonadota,GCF_042938965.1,NZ_CP170666.1,1573,1390,1608162,14,1.9450175251028283
Pseudomonadota,GCF_042938965.1,NZ_CP170668.1,399,346,417180,14,1.978287327863887
Pseudomonadota,GCF_042938965.1,NZ_CP170671.1,74,41,41715,14,1.68169794908505
Pseudomonadota,GCF_042945525.1,NZ_CP174428.1,108,56,67524,2,1.0257297155626672
Pseudomonadota,GCF_042980585.1,NZ_CP135242.1,1190,1022,996489,1,1.3597858468978026
Pseudomonadota,GCF_042980585.1,NZ_CP135243.1,1418,1275,1325319,1,1.487584141196174
Pseudomonadota,GCF_043038945.1,NZ_CP134541.1,141,61,56559,1,0.8468468468468469
Pseudomonadota,GCF_043039655.1,NZ_CP134545.1,115,53,64755,1,0.8536155202821869
Pseudomonadota,GCF_043049525.1,NZ_CP134572.1,117,54,65748,1,0.8422876949740035
Pseudomonadota,GCF_043050195.1,NZ_CP134576.1,115,53,64797,1,0.8536155202821869
Pseudomonadota,GCF_043050845.1,NZ_CP134577.1,97,39,38907,1,0.8386123680241327
Pseudomonadota,GCF_043051495.1,NZ_CP134581.1,114,51,63165,1,0.8620378719567178
Pseudomonadota,GCF_043054075.1,NZ_CP134593.1,114,51,53232,1,0.8407185628742515
Pseudomonadota,GCF_043099505.1,NZ_CP170834.1,74,62,52839,1,0.9629629629629628
Pseudomonadota,GCF_043099525.1,NZ_CP170855.1,80,80,79062,7,1.2966974171471544
Pseudomonadota,GCF_043099635.1,NZ_CP170932.1,186,180,198567,1,0.5944103612815269
Pseudomonadota,GCF_043226085.1,NZ_CP171226.1,238,208,239892,4,1.6595601553806223
Pseudomonadota,GCF_043226085.1,NZ_CP171227.1,70,57,58347,4,1.633400576667514
Pseudomonadota,GCF_043231215.1,NZ_CP151646.1,107,44,41019,2,0.955408942974388
Pseudomonadota,GCF_043521465.1,NZ_CP171367.1,114,56,63735,2,1.0356474568006582
Pseudomonadota,GCF_043522075.1,NZ_CP171373.1,114,56,63735,2,1.0356474568006582
Pseudomonadota,GCF_043589935.1,NZ_CP171455.1,382,340,414222,2,1.3823719099881493
Pseudomonadota,GCF_043950125.1,NZ_CP171792.1,115,53,64797,1,0.8536155202821869
Pseudomonadota,GCF_043950425.1,NZ_CP171535.1,108,51,67494,2,1.0502572840064708
Pseudomonadota,GCF_043950445.1,NZ_CP171529.1,117,57,65991,2,1.0227187091340293
Pseudomonadota,GCF_043966005.1,NZ_CP143669.1,129,55,60444,1,1.3063063063063065
Pseudomonadota,GCF_043968025.1,NZ_CP143700.1,365,251,238026,1,1.2707792207792208
Pseudomonadota,GCF_043969345.1,NZ_CP143709.1,140,67,65670,1,1.3241379310344827
Pseudomonadota,GCF_043969365.1,NZ_CP143713.1,238,134,128046,1,1.2102857142857142
Pseudomonadota,GCF_043970025.1,NZ_CP143720.1,117,54,66825,1,1.2462612163509472
Pseudomonadota,GCF_043970705.1,NZ_CP143730.1,139,66,64665,1,1.3263646922183507
Pseudomonadota,GCF_043972045.1,NZ_CP143742.1,139,66,64665,1,1.3263646922183507
Pseudomonadota,GCF_043974645.1,NZ_CP143762.1,136,63,61350,1,1.3102625298329356
Pseudomonadota,GCF_044056015.1,NZ_CP171983.1,384,326,367626,11,1.6297261912248435
Pseudomonadota,GCF_044056015.1,NZ_CP171989.1,512,454,467586,11,1.6313760727718445
Pseudomonadota,GCF_044056015.1,NZ_CP171992.1,35,16,18702,11,1.4187548663811569
Pseudomonadota,GCF_044057485.1,NZ_CP172008.1,235,170,165906,1,0.477491601343785
Pseudomonadota,GCF_044099165.1,NZ_CP172110.1,120,63,70899,3,1.075610393051896
Pseudomonadota,GCF_044324805.1,NZ_CP172147.1,93,46,40116,2,0.988444700618936
Pseudomonadota,GCF_044324815.1,NZ_CP172153.1,90,55,56049,2,0.95893384779807
Pseudomonadota,GCF_044324875.1,NZ_CP172188.1,109,61,56532,3,0.96991466619693
Pseudomonadota,GCF_044324885.1,NZ_CP172196.1,117,53,62769,4,1.0251496759126868
Pseudomonadota,GCF_044324925.1,NZ_CP172219.1,114,58,52671,3,0.9591743338867336
Pseudomonadota,GCF_044344005.1,NZ_CP172343.1,106,52,64425,2,1.0254292954705555
Pseudomonadota,GCF_044355935.1,NZ_CP149002.1,122,54,62397,2,0.9958048095488854
Pseudomonadota,GCF_044758975.1,NZ_CP172865.1,118,99,145152,2,1.1921648446909292
Pseudomonadota,GCF_044793255.1,NZ_CP050248.1,135,60,69549,2,1.024564190829251
Pseudomonadota,GCF_044866915.1,NZ_CP173215.1,67,35,28017,3,1.2553470208212516
Pseudomonadota,GCF_044866915.1,NZ_CP173216.1,102,50,44019,3,1.085285342414467
Pseudomonadota,GCF_044869115.1,NZ_CP173200.1,129,61,64050,1,1.286624203821656
Pseudomonadota,GCF_044999545.1,NZ_CP173297.1,126,50,55044,1,1.369620253164557
Pseudomonadota,GCF_044999545.1,NZ_CP173302.1,12,12,9474,1,1.0769230769230769
Pseudomonadota,GCF_044999555.1,NZ_CP173289.1,127,50,55143,1,1.370417193426043
Pseudomonadota,GCF_044999565.1,NZ_CP173293.1,126,50,55044,1,1.369620253164557
Pseudomonadota,GCF_045004235.1,NZ_CP173369.1,41,41,38211,1,0.8431372549019608
Pseudomonadota,GCF_045004275.1,NZ_CP173376.1,41,41,38202,1,0.8578431372549019
Pseudomonadota,GCF_045007305.1,NZ_CP118682.1,100,52,50265,2,0.9625421130141822
Pseudomonadota,GCF_045037445.1,NZ_CP173450.1,223,25,32970,1,1.6760330578512397
Pseudomonadota,GCF_045037465.1,NZ_CP173569.1,102,55,53325,3,1.100482010031402
Pseudomonadota,GCF_045037475.1,NZ_CP173593.1,109,49,39891,4,0.929577377420742
Pseudomonadota,GCF_045037475.1,NZ_CP173594.1,66,33,27306,4,1.17199911197534
Pseudomonadota,GCF_045037505.1,NZ_CP173592.1,86,44,45222,2,0.995991253644315
Pseudomonadota,GCF_045037535.1,NZ_CP173601.1,97,45,49263,2,1.0144074003743593
Pseudomonadota,GCF_045037565.1,NZ_CP173482.1,115,60,49011,2,1.0178381776829282
Pseudomonadota,GCF_045037685.1,NZ_CP173545.1,101,54,52065,3,1.1091358812590044
Pseudomonadota,GCF_045037715.1,NZ_CP173560.1,85,43,44409,2,0.9843779038217082
Pseudomonadota,GCF_045037745.1,NZ_CP173566.1,94,41,48051,2,1.0201830906974405
Pseudomonadota,GCF_045037825.1,NZ_CP173462.1,100,49,45228,3,1.062388131084135
Pseudomonadota,GCF_045037825.1,NZ_CP173465.1,99,46,49959,3,1.0305762728122978
Pseudomonadota,GCF_045037845.1,NZ_CP173654.1,41,41,38211,1,0.8431372549019608
Pseudomonadota,GCF_045037885.1,NZ_CP173645.1,41,41,38211,1,0.8480392156862745
Pseudomonadota,GCF_045037895.1,NZ_CP173648.1,41,41,38211,1,0.8480392156862745
Pseudomonadota,GCF_045037905.1,NZ_CP173651.1,41,41,38211,1,0.8480392156862745
Pseudomonadota,GCF_045037925.1,NZ_CP173639.1,41,41,38211,1,0.8480392156862745
Pseudomonadota,GCF_045037935.1,NZ_CP173642.1,41,41,38202,1,0.8382352941176471
Pseudomonadota,GCF_045037965.1,NZ_CP173615.1,477,414,387090,1,0.8284371327849589
Pseudomonadota,GCF_045040565.1,NZ_CP090653.1,167,154,141141,1,0.965034965034965
Pseudomonadota,GCF_045040595.1,NZ_CP090664.1,163,150,139887,1,0.960997442455243
Pseudomonadota,GCF_045181485.1,NZ_CP173725.1,109,62,73674,1,1.1846282372598165
Pseudomonadota,GCF_045182765.1,NZ_CP173998.1,121,55,62262,4,1.0598767568674712
Pseudomonadota,GCF_045256945.1,NZ_CP174091.1,115,54,66720,1,0.854419410745234
Pseudomonadota,GCF_045277565.1,NZ_CP123585.1,232,210,213282,1,1.177650429799427
Pseudomonadota,GCF_045278885.1,NZ_CP135444.1,418,379,429606,5,1.0235013533600317
Pseudomonadota,GCF_045278885.1,NZ_CP135445.1,377,327,351537,5,0.9962666082489704
Pseudomonadota,GCF_045287825.1,NZ_CP139126.1,201,140,147120,4,0.990934710440226
Pseudomonadota,GCF_045290265.1,NZ_CP142927.1,96,44,46263,2,1.0057057866483945
Pseudomonadota,GCF_045290285.1,NZ_CP142945.1,99,53,48609,3,1.023375088624882
Pseudomonadota,GCF_045291555.1,NZ_CP149516.1,398,367,413277,5,1.0192071523324369
Pseudomonadota,GCF_045291555.1,NZ_CP149517.1,369,312,335268,5,0.9974490099943292
Pseudomonadota,GCF_045344045.1,NZ_CP149250.1,10,7,3312,1,0.3448275862068966
Pseudomonadota,GCF_045344055.1,NZ_CP149245.1,9,6,2634,1,0.32
Pseudomonadota,GCF_045344065.1,NZ_CP149242.1,9,6,2634,1,0.32
Pseudomonadota,GCF_045344195.1,NZ_CP149152.1,107,49,50409,2,1.001588138153965
Pseudomonadota,GCF_045344205.1,NZ_CP149148.1,109,52,52698,2,1.000420224484417
Pseudomonadota,GCF_045348365.1,NZ_CP155823.1,719,641,660534,5,1.0092309271141535
Pseudomonadota,GCF_045348365.1,NZ_CP155824.1,551,506,542058,5,1.0028293342866457
Pseudomonadota,GCF_045517155.1,NZ_CP171884.1,82,62,54189,1,0.8763250883392226
Pseudomonadota,GCF_045586035.1,NZ_CP151534.1,255,236,239538,2,1.3954006209330734
Pseudomonadota,GCF_045673195.1,NZ_CP095808.1,89,41,40128,2,0.9886038937884802
Pseudomonadota,GCF_045678035.1,NZ_CP053064.1,674,566,580431,3,1.32021536160324
Pseudomonadota,GCF_045678035.1,NZ_CP053066.1,222,153,137526,3,1.2033860861115588
Pseudomonadota,GCF_045689955.1,NZ_CP142921.1,106,47,43041,3,1.0502958124056327
Pseudomonadota,GCF_045862425.1,NZ_AP029258.1,107,59,70221,2,1.0375173148968473
Pseudomonadota,GCF_045925845.1,NZ_CP174525.1,252,197,194340,1,0.3829524397776405
Pseudomonadota,GCF_046097165.1,NZ_CP175649.1,115,53,65469,1,0.8538932633420823
Pseudomonadota,GCF_046106325.1,NZ_CP151018.1,117,59,71013,4,1.0497580609740806
Pseudomonadota,GCF_046118635.1,NZ_CP176044.1,110,54,58824,2,1.0824436536180309
Pseudomonadota,GCF_046118685.1,NZ_CP175992.1,110,54,58377,2,1.082050928488182
Pseudomonadota,GCF_046250115.1,NZ_CP176485.1,123,54,59832,4,1.0750211319473553
Pseudomonadota,GCF_046529055.1,NZ_CP160506.1,122,55,62955,2,1.0114656177156178
Pseudomonadota,GCF_046529075.1,NZ_CP160512.1,122,56,64443,2,1.0101197283035506
Pseudomonadota,GCF_046531815.1,NZ_CP058582.1,123,51,59853,2,1.008136130178083
Pseudomonadota,GCF_046569665.1,NZ_JBKHUK010000002.1,348,216,200631,1,0.7743285664457621
Pseudomonadota,GCF_046569665.1,NZ_JBKHUK010000004.1,74,74,83415,1,0.5335413416536662
Pseudomonadota,GCF_046578725.1,NZ_CP172755.1,111,59,70320,2,1.0450500469756876
Pseudomonadota,GCF_046581325.1,NZ_CP142794.1,102,58,52818,3,1.0036530568451942
Pseudomonadota,GCF_046581375.1,NZ_CP142400.1,101,57,52773,3,1.011991118234462
Pseudomonadota,GCF_046581385.1,NZ_CP142785.1,105,51,45114,2,0.8868313447275074
Pseudomonadota,GCF_046622445.1,NZ_CP177004.1,112,58,67482,2,1.0296205630354958
Pseudomonadota,GCF_046622455.1,NZ_CP177000.1,115,57,64455,2,1.0325219713365028
Pseudomonadota,GCF_046622495.1,NZ_CP177010.1,218,145,146916,2,1.0270228358194318
Pseudomonadota,GCF_046628005.1,NZ_CP176917.1,111,58,67212,1,1.183673469387755
Pseudomonadota,GCF_046628065.1,NZ_CP176992.1,115,59,66537,2,1.0197573753212312
Pseudomonadota,GCF_046736325.1,NZ_CP151277.1,580,219,226890,18,1.3354552276838232
Pseudomonadota,GCF_046764195.1,NZ_CP177199.1,108,56,71169,2,1.004731393768458
Pseudomonadota,GCF_046838385.1,NZ_CP177316.1,1033,914,914205,8,1.1806291616535485
Pseudomonadota,GCF_046838385.1,NZ_CP177317.1,243,189,176607,8,1.1795976215480393
Pseudomonadota,GCF_046840415.1,NZ_CP177351.1,1326,1176,1246074,2,1.3955441962841149
Pseudomonadota,GCF_046843095.1,NZ_CP177327.1,206,157,154278,8,0.6993811516398467
Pseudomonadota,GCF_046843095.1,NZ_CP177329.1,472,379,381738,8,0.7399524640105866
Pseudomonadota,GCF_047116315.1,NZ_CP128797.1,7,3,708,1,2.181818181818182
Pseudomonadota,GCF_047275775.1,NZ_CP178515.1,1121,989,1011978,8,1.1868557382243765
Pseudomonadota,GCF_047302685.1,NZ_CP129991.1,121,53,61566,2,1.063709631276514
Pseudomonadota,GCF_047323925.1,NZ_CP178752.1,372,346,373896,3,1.122820535697268
Pseudomonadota,GCF_047323925.1,NZ_CP178753.1,204,186,206742,3,1.1408634628885264
Pseudomonadota,GCF_047323925.1,NZ_CP178754.1,59,52,40986,3,1.125823122350953
Pseudomonadota,GCF_047658125.1,NZ_CP180340.1,105,58,69378,1,0.9040097205346296
Pseudomonadota,GCF_047658995.1,NZ_CP180334.1,105,58,69378,1,0.9040097205346296
Pseudomonadota,GCF_047659005.1,NZ_CP180328.1,106,59,71925,1,0.920689655172414
Pseudomonadota,GCF_047659015.1,NZ_CP180321.1,105,58,69684,1,0.9155609167671892
Pseudomonadota,GCF_047715505.1,NZ_CP180395.1,114,54,47127,2,1.0954846955283764
Pseudomonadota,GCF_047716015.1,NZ_CP180401.1,105,58,69378,1,0.9040097205346296
Pseudomonadota,GCF_047772455.1,NZ_CP179886.1,73,34,40701,1,0.8549222797927462
Pseudomonadota,GCF_047777975.1,NZ_CP180567.1,5,3,2733,1,0.967741935483871
Pseudomonadota,GCF_047777985.1,NZ_CP180562.1,5,3,2733,1,0.967741935483871
Pseudomonadota,GCF_047778105.1,NZ_CP180554.1,1227,286,309546,18,0.9292736687079044
Pseudomonadota,GCF_047922945.1,NZ_CP181327.1,105,51,62865,2,1.0218673406862746
Pseudomonadota,GCF_047943055.1,NZ_CP181341.1,214,172,184071,8,1.2030381858839152
Pseudomonadota,GCF_047943055.1,NZ_CP181342.1,800,688,692946,8,1.1958327115309104
Pseudomonadota,GCF_047946685.1,NZ_CP159530.1,262,258,253506,1,0.8022064617809299
Pseudomonadota,GCF_047946695.1,NZ_CP159616.1,708,656,743592,2,1.3769057276141214
Pseudomonadota,GCF_047946885.1,NZ_CP181374.1,27,24,18492,3,1.4560875246753968
Pseudomonadota,GCF_047947005.1,NZ_CP129304.1,7,3,708,1,2.181818181818182
Pseudomonadota,GCF_047947045.1,NZ_CP133292.1,368,286,253401,1,0.8003880669415474
Pseudomonadota,GCF_048012845.1,NZ_CP182160.1,100,50,46998,1,0.9750297265160524
Pseudomonadota,GCF_048016545.1,NZ_CP182176.1,117,64,73158,3,1.0600084792757631
Pseudomonadota,GCF_048163865.1,NZ_CP182338.1,97,47,51129,2,1.0174667082485052
Pseudomonadota,GCF_048270675.1,NZ_CP182419.1,1505,1334,1318221,13,1.1547667822028076
Pseudomonadota,GCF_048288315.1,NZ_CP133064.1,523,468,438921,1,1.1492625368731564
Pseudomonadota,GCF_048391065.1,NZ_CP183025.1,112,60,65886,1,0.8549121665582303
Pseudomonadota,GCF_048391125.1,NZ_CP183011.1,1501,1391,1397856,8,1.151254990293446
Pseudomonadota,GCF_048393755.1,NZ_CP183016.1,110,59,72672,1,1.1544178364987614
Pseudomonadota,GCF_048402605.1,NZ_CP183151.1,154,94,80697,3,0.918074354742936
Pseudomonadota,GCF_048403475.1,NZ_CP183103.1,101,45,43113,2,1.0170448991561043
Pseudomonadota,GCF_048403485.1,NZ_CP183096.1,98,43,39129,2,1.0176764321053278
Pseudomonadota,GCF_048405095.1,NZ_CP183086.1,101,47,46683,2,1.0422116030198516
Pseudomonadota,GCF_048405105.1,NZ_CP183090.1,101,46,38043,2,1.0266558217045842
Pseudomonadota,GCF_048541625.1,NZ_CP183340.1,87,40,47571,2,0.9580267852367964
Pseudomonadota,GCF_048541645.1,NZ_CP183354.1,144,93,105087,1,1.176169122357463
Pseudomonadota,GCF_048565025.1,NZ_CP183388.1,105,58,69684,1,0.9155609167671892
Pseudomonadota,GCF_048568865.1,NZ_CP183779.1,287,189,180216,2,1.0393781984299226
Pseudomonadota,GCF_048568885.1,NZ_CP183787.1,109,53,57366,2,1.0613019401308912
Pseudomonadota,GCF_048568955.1,NZ_CP074778.1,110,46,46587,3,0.9477378852816608
Pseudomonadota,GCF_048568965.1,NZ_CP074782.1,110,46,46587,3,0.9477378852816608
Pseudomonadota,GCF_048568985.1,NZ_CP074792.1,169,154,128952,5,0.7246353985730504
Pseudomonadota,GCF_048568985.1,NZ_CP074794.1,111,47,36825,5,0.8803987732170373
Pseudomonadota,GCF_048568995.1,NZ_CP074805.1,112,53,45114,3,0.9653671815114588
Pseudomonadota,GCF_048569015.1,NZ_CP074812.1,108,46,44499,3,0.9454390264232724
Pseudomonadota,GCF_048569025.1,NZ_CP074817.1,112,47,44958,3,0.954350971791462
Pseudomonadota,GCF_048571425.1,NZ_CP074892.1,104,44,39648,3,0.9464796777296778
Pseudomonadota,GCF_048571455.1,NZ_CP074905.1,121,53,44055,3,0.9710887324968072
Pseudomonadota,GCF_048571615.1,NZ_CP074960.1,112,50,45510,3,0.9334835993594708
Pseudomonadota,GCF_048571645.1,NZ_CP074968.1,109,43,44361,3,0.9583922788886418
Pseudomonadota,GCF_048571665.1,NZ_CP074972.1,107,45,46812,3,0.9633421474959666
Pseudomonadota,GCF_048571835.1,NZ_CP074880.1,108,47,47406,3,0.959980296146913
Pseudomonadota,GCF_048572645.1,NZ_CP123334.1,110,47,45267,2,1.0416510612958072
Pseudomonadota,GCF_048572805.1,NZ_CP183852.1,139,69,70017,1,1.2903907074973602
Pseudomonadota,GCF_048585415.1,NZ_CP183926.1,907,774,805932,5,1.704982621460384
Pseudomonadota,GCF_048585415.1,NZ_CP183928.1,160,134,150429,5,1.7508815446361712
Pseudomonadota,GCF_048585595.1,NZ_CP184054.1,116,52,61416,3,1.1187243819161876
Pseudomonadota,GCF_048585685.1,NZ_CP183968.1,180,163,173910,2,1.2745047670946483
Pseudomonadota,GCF_048585725.1,NZ_CP184119.1,124,59,63555,4,1.077448336824696
Pseudomonadota,GCF_048585735.1,NZ_CP184157.1,109,50,45204,2,1.0149013846747388
Pseudomonadota,GCF_048585745.1,NZ_CP184147.1,134,55,58344,2,1.050208462525497
Pseudomonadota,GCF_048595835.1,NZ_CP184398.1,118,49,58767,1,1.4714881780250348
Pseudomonadota,GCF_048690735.1,NZ_CP127955.1,113,60,69690,1,0.843359142346635
Pseudomonadota,GCF_048690755.1,NZ_CP127929.1,110,53,61551,2,1.0294815714726873
Pseudomonadota,GCF_048751875.1,NZ_CP127962.1,113,60,69690,1,0.843359142346635
Pseudomonadota,GCF_048754195.1,NZ_CP128044.1,113,60,69690,1,0.843359142346635
Pseudomonadota,GCF_048755815.1,NZ_CP146097.1,107,55,69786,2,1.056192692318347
Pseudomonadota,GCF_048833685.1,NZ_CP184780.1,434,255,228702,2,1.1286077046667562
Pseudomonadota,GCF_048962285.1,NZ_CP185012.1,116,60,71199,2,1.0505114508858546
Pseudomonadota,GCF_049075675.1,NZ_CP184066.1,117,52,61140,3,1.1173186793173868
Pseudomonadota,GCF_049187015.1,NZ_CP185806.1,154,103,113529,1,0.7019641332194705
Pseudomonadota,GCF_049187565.1,NZ_CP185810.1,103,47,49887,2,0.987348561636394
Pseudomonadota,GCF_049200665.1,NZ_CP128104.1,109,58,71874,1,1.1993214588634435
Pseudomonadota,GCF_049265845.1,NZ_CP074731.1,108,46,46986,3,0.9627653804837212
Pseudomonadota,GCF_049348255.1,NZ_CP186344.1,113,60,69690,1,0.843359142346635
Pseudomonadota,GCF_049348705.1,NZ_CP186486.1,45,32,38709,1,0.7697063369397218
Pseudomonadota,GCF_049349215.1,NZ_CP186490.1,110,57,70104,2,1.0398849801048486
Pseudomonadota,GCF_049390655.1,NZ_CP038037.1,134,117,122145,2,0.6363841242561654
Pseudomonadota,GCF_049390655.1,NZ_CP038039.1,193,146,130212,2,0.7625219826743959
Pseudomonadota,GCF_049390655.1,NZ_CP038041.1,421,369,392214,2,0.6760437800088922
Pseudomonadota,GCF_049391125.1,NZ_CP038051.1,87,85,83112,2,1.1899795120134102
Pseudomonadota,GCF_049391125.1,NZ_CP038055.1,364,306,322740,2,1.167503461156581
Pseudomonadota,GCF_049391175.1,NZ_CP038059.1,240,213,228717,2,1.1561408084232745
Pseudomonadota,GCF_049391175.1,NZ_CP038060.1,275,253,272805,2,1.121657980421404
Pseudomonadota,GCF_049391625.1,NZ_CP038075.1,108,104,103116,2,1.1851261083584943
Pseudomonadota,GCF_049391625.1,NZ_CP038079.1,300,261,275841,2,1.163635239716861
Pseudomonadota,GCF_049391675.1,NZ_CP038088.1,242,212,223296,2,1.1528738014124962
Pseudomonadota,GCF_049391675.1,NZ_CP038089.1,264,240,255309,2,1.1343926587123456
Pseudomonadota,GCF_049392085.1,NZ_CP038091.1,200,147,137325,2,0.767871093964674
Pseudomonadota,GCF_049392085.1,NZ_CP038092.1,241,211,224079,2,0.6680189576558
Pseudomonadota,GCF_049392085.1,NZ_CP038094.1,304,281,306930,2,0.67383820131206
Pseudomonadota,GCF_049489415.1,NZ_CP077443.1,114,43,39042,3,0.946367454336882
Pseudomonadota,GCF_049489465.1,NZ_CP077453.1,107,55,48858,3,1.0654373357903963
Pseudomonadota,GCF_049489465.1,NZ_CP077454.1,96,41,36390,3,1.0998315671883636
Pseudomonadota,GCF_049532525.1,NZ_CP186632.1,4926,4597,4403406,18,1.117221025618236
Pseudomonadota,GCF_049569755.1,NZ_CP077449.1,113,44,37872,3,0.9616690845842002
Pseudomonadota,GCF_049569765.1,NZ_CP077462.1,102,47,46926,2,0.9906955373040032
Pseudomonadota,GCF_049570315.1,NZ_CP077484.1,118,51,44199,4,1.0432839170707506
Pseudomonadota,GCF_049570315.1,NZ_CP077485.1,102,45,43641,4,0.9986032812724646
Pseudomonadota,GCF_049570325.1,NZ_CP077492.1,116,50,42243,5,0.9837898613795596
Pseudomonadota,GCF_049570325.1,NZ_CP077493.1,114,46,41397,5,0.9523302451777548
Pseudomonadota,GCF_049570405.1,NZ_CP077509.1,117,54,47829,3,0.9928521753397788
Pseudomonadota,GCF_049617375.1,NZ_CP131729.1,110,57,71580,2,1.0377551519419423
Pseudomonadota,GCF_049810405.1,NZ_CP187391.1,922,263,274671,17,1.0719246737853012
Pseudomonadota,GCF_049949095.1,NZ_CP188190.1,19,17,19227,1,1.311163895486936
Pseudomonadota,GCF_049949245.1,NZ_CP188123.1,218,159,226797,3,1.0752105244296537
Pseudomonadota,GCF_049949255.1,NZ_CP188103.1,109,57,71439,1,1.183533447684391
Pseudomonadota,GCF_049991385.1,NZ_CP188228.1,112,56,66126,2,1.0293862317243407
Pseudomonadota,GCF_049995775.1,NZ_CP188263.1,113,57,67347,2,1.026288725544908
Pseudomonadota,GCF_050031495.1,NZ_CP188279.1,116,54,66678,1,0.854419410745234
Pseudomonadota,GCF_050058015.1,NZ_CP170105.1,212,195,163440,9,1.0691550920603814
Pseudomonadota,GCF_050058015.1,NZ_CP170106.1,669,616,521127,9,1.0899566497789146
Pseudomonadota,GCF_050155475.1,NZ_CP189646.1,3,2,1917,2,1.529887640449438
Pseudomonadota,GCF_050245425.1,NZ_CP182018.1,105,55,56244,2,1.0966216458281088
Pseudomonadota,GCF_050246355.1,NZ_CP182039.1,106,60,70281,2,1.0288559941520468
Pseudomonadota,GCF_050247555.1,NZ_CP181980.1,104,58,68064,2,1.024957048412
Pseudomonadota,GCF_050247605.1,NZ_CP181983.1,103,57,68523,2,1.030442974543997
Pseudomonadota,GCF_050248175.1,NZ_CP181987.1,105,59,70308,2,1.029465454303704
Pseudomonadota,GCF_050248205.1,NZ_CP181989.1,106,59,69777,2,1.0318116047104993
Pseudomonadota,GCF_050248775.1,NZ_CP181993.1,106,59,64623,2,1.0474148847642824
Pseudomonadota,GCF_050249395.1,NZ_CP181996.1,105,59,60741,2,1.064376668060066
Pseudomonadota,GCF_050263195.1,NZ_CP189878.1,106,48,44808,2,0.990221711331996
Pseudomonadota,GCF_050320065.1,NZ_CP190032.1,94,46,48036,3,0.8781835147863557
Pseudomonadota,GCF_050320065.1,NZ_CP190035.1,6,4,2250,3,1.0527332144979202
Pseudomonadota,GCF_050320075.1,NZ_CP190020.1,117,56,68022,5,0.972717859526746
Pseudomonadota,GCF_050320075.1,NZ_CP190025.1,7,5,1371,5,1.2189743589743591
Pseudomonadota,GCF_050320085.1,NZ_CP190037.1,156,89,80532,2,0.9599997683496068
Pseudomonadota,GCF_050320315.1,NZ_CP190384.1,116,107,104904,2,1.043783901647653
Pseudomonadota,GCF_050516355.1,NZ_CP191554.1,102,46,43914,2,0.9595469806914146
Pseudomonadota,GCF_050516385.1,NZ_CP191571.1,106,47,47751,2,1.0268797188426084
Pseudomonadota,GCF_050562225.1,NZ_CP191664.1,54,17,15171,1,1.0810810810810811
Pseudomonadota,GCF_050572375.1,NZ_CP192225.1,117,61,69009,1,1.2976791120080726
Pseudomonadota,GCF_900005615.1,NZ_LN832562.1,629,555,584919,2,1.4730198459773205
Pseudomonadota,GCF_900088105.1,NZ_LT906557.1,103,51,46275,3,1.003905162588372
Pseudomonadota,GCF_900622655.1,NZ_LR130557.1,113,54,58344,2,1.0232894045278464
Pseudomonadota,GCF_900622655.1,NZ_LR130559.1,65,35,29091,2,1.115711735928953
Pseudomonadota,GCF_900637865.1,NZ_LR134413.1,13,11,10491,18,0.8650591134738096
Pseudomonadota,GCF_900637865.1,NZ_LR134417.1,99,89,83547,18,0.8682470991453569
Pseudomonadota,GCF_900637865.1,NZ_LR134418.1,399,316,320451,18,0.8699624193788398
Pseudomonadota,GCF_900637865.1,NZ_LR134420.1,182,148,150018,18,0.8715257746285929
Pseudomonadota,GCF_900637865.1,NZ_LR134421.1,78,64,66819,18,0.8729829177830378
Pseudomonadota,GCF_900637865.1,NZ_LR134422.1,173,131,130212,18,0.8673583122275548
Pseudomonadota,GCF_900637865.1,NZ_LR134424.1,35,31,30930,18,0.8507264775367686
Pseudomonadota,GCF_900637865.1,NZ_LR134427.1,48,43,43860,18,0.8497363051759018
Pseudomonadota,GCF_900637865.1,NZ_LR134431.1,34,32,34683,18,0.8695851137317104
Pseudomonadota,GCF_900637865.1,NZ_LR134433.1,348,293,281781,18,0.8688681380576382
Pseudomonadota,GCF_900637865.1,NZ_LR134437.1,51,46,43833,18,0.8659163185929092
Pseudomonadota,GCF_901827155.1,NZ_LR594660.1,828,353,384171,18,1.2983272734393303
Pseudomonadota,GCF_901827165.1,NZ_LR594667.1,816,339,363219,18,1.304383345598087
Pseudomonadota,GCF_901827175.1,NZ_LR594664.1,418,221,233763,16,1.2117773576859583
Pseudomonadota,GCF_901827185.1,NZ_LR594672.1,816,339,361938,18,1.3045043035880577
Pseudomonadota,GCF_901846895.1,NZ_LR594690.1,813,362,393894,18,1.2648936557145003
Pseudomonadota,GCF_901846895.1,NZ_LR594691.1,530,276,306453,18,1.2666278860198643
Pseudomonadota,GCF_902712865.1,NZ_LR743510.1,2496,2084,2178414,14,1.2114424074851906
Pseudomonadota,GCF_903978195.1,NZ_LR828258.1,220,108,117111,1,1.1226361031518626
Pseudomonadota,GCF_903978195.1,NZ_LR828260.1,47,25,18549,1,1.137362637362637
Pseudomonadota,GCF_903978215.1,NZ_LR828262.1,55,35,29418,1,2.178879310344828
Pseudomonadota,GCF_903978225.2,NZ_LR828254.1,212,115,122067,1,1.1562838569880824
Pseudomonadota,GCF_904711295.1,NZ_LR882054.1,90,42,43638,2,1.0477819158369437
Pseudomonadota,GCF_904830965.1,NZ_LR882977.1,115,51,42105,2,0.9740006447453256
Pseudomonadota,GCF_904831805.1,NZ_LR882992.1,124,50,59580,3,1.1058996594902624
Pseudomonadota,GCF_904859915.1,NZ_LR890179.1,262,198,189186,1,0.985720114239086
Pseudomonadota,GCF_904863075.1,NZ_LR890237.1,112,59,71445,1,1.1925360474978797
Pseudomonadota,GCF_904863105.1,NZ_LR890200.1,108,50,45573,2,1.0122908065310838
Pseudomonadota,GCF_904863135.1,NZ_LR890257.1,115,59,67389,2,1.0365265162698345
Pseudomonadota,GCF_904863235.1,NZ_LR890273.1,112,43,33120,4,0.9283675543477148
Pseudomonadota,GCF_904863255.1,NZ_LR890336.1,102,49,49041,3,1.1186877881514896
Pseudomonadota,GCF_904863345.1,NZ_LR890314.1,119,58,67005,2,1.0110447472463695
Pseudomonadota,GCF_904863435.1,NZ_LR890293.1,115,60,71436,2,1.0330047364977657
Pseudomonadota,GCF_904865655.1,NZ_LR890538.1,107,48,46677,2,1.065595182509606
Pseudomonadota,GCF_904865715.1,NZ_LR890503.1,115,59,67389,2,1.0365265162698345
Pseudomonadota,GCF_904866345.1,NZ_LR890608.1,123,53,59775,3,1.1059644348473543
Pseudomonadota,GCF_904866445.1,NZ_LR890705.1,115,59,67389,2,1.0365265162698345
Pseudomonadota,GCF_904866485.1,NZ_LR890724.1,111,51,44361,2,1.05553050667199
Pseudomonadota,GCF_905231995.2,NZ_OW849379.1,117,56,68298,4,1.0388641699093877
Pseudomonadota,GCF_905232555.2,NZ_OW849258.1,130,62,67620,1,1.2896825396825398
Pseudomonadota,GCF_905232605.2,NZ_OW849211.1,130,62,67620,1,1.2896825396825398
Pseudomonadota,GCF_905329555.2,NZ_OW967520.1,115,55,67227,2,1.0011165949105674
Pseudomonadota,GCF_905333885.2,NZ_OW969661.1,114,54,66336,2,1.0035873843255525
Pseudomonadota,GCF_907163195.1,NZ_OU015330.1,65,63,59790,4,0.8640327759064533
Pseudomonadota,GCF_915401765.1,NZ_OU659131.1,470,416,384924,9,1.2128535445096622
Pseudomonadota,GCF_928371855.1,NZ_OV753639.1,7,3,708,1,2.181818181818182
Pseudomonadota,GCF_928376045.1,NZ_OV754003.1,7,3,708,1,2.181818181818182
Pseudomonadota,GCF_946966015.1,NZ_OX337254.1,114,58,69435,2,1.0463684891232927
Pseudomonadota,GCF_949361525.1,NZ_OX442409.1,90,43,50031,2,0.9875734680672064
Pseudomonadota,GCF_963575375.1,NZ_OY754373.1,113,59,52641,3,0.9443618237395576
Pseudomonadota,GCF_963575385.1,NZ_OY754366.1,116,54,63117,3,1.1057539925202604
Pseudomonadota,GCF_963575395.1,NZ_OY754380.1,108,49,47769,2,1.0048910032288263
Pseudomonadota,GCF_963575415.1,NZ_OY754396.1,106,57,49482,3,0.9453707002974602
Pseudomonadota,GCF_963575505.1,NZ_OY754429.1,97,49,45102,2,1.0239295718287316
Pseudomonadota,GCF_964026365.1,NZ_OZ032135.1,1216,1071,1183398,3,1.083261464427302
Pseudomonadota,GCF_964026365.1,NZ_OZ032137.1,759,544,560973,3,1.0971333800527174
Pseudomonadota,GCF_964198625.1,NZ_OZ111279.1,112,57,66363,2,0.9970296145548888
Pseudomonadota,GCF_964198635.1,NZ_OZ111274.1,112,57,66363,2,0.9970296145548888
Pseudomonadota,GCF_964198655.1,NZ_OZ111287.1,112,57,66363,2,0.9970296145548888
Pseudomonadota,GCF_964198685.1,NZ_OZ111292.1,112,57,66321,2,0.9975813252197272
Pseudomonadota,GCF_964198725.1,NZ_OZ111317.1,112,57,66363,2,0.9970296145548888
Pseudomonadota,GCF_964198745.1,NZ_OZ111312.1,112,57,66363,2,0.9970296145548888
Pseudomonadota,GCF_964198765.1,NZ_OZ111368.1,112,57,66321,2,0.9975813252197272
Pseudomonadota,GCF_964198775.1,NZ_OZ111331.1,112,57,66363,5,1.0832400803382958
Pseudomonadota,GCF_964198775.1,NZ_OZ111333.1,92,88,77577,5,1.1106630730816325
Pseudomonadota,GCF_964198785.1,NZ_OZ111387.1,112,57,66363,2,0.9970296145548888
Pseudomonadota,GCF_964198795.1,NZ_OZ111338.1,112,57,66321,2,0.9975813252197272
Pseudomonadota,GCF_964198805.1,NZ_OZ111356.1,112,57,66321,2,0.9975813252197272
Pseudomonadota,GCF_964198815.1,NZ_OZ111378.1,112,57,66363,2,0.9970296145548888
Pseudomonadota,GCF_964198825.1,NZ_OZ111322.1,111,57,66363,2,0.9970296145548888
Pseudomonadota,GCF_964198835.1,NZ_OZ111342.1,111,58,67290,2,0.9990452412299816
Pseudomonadota,GCF_964198845.1,NZ_OZ111326.1,112,57,66363,2,0.9970296145548888
Pseudomonadota,GCF_964198875.1,NZ_OZ111383.1,112,57,66321,2,0.9975813252197272
Pseudomonadota,GCF_964198895.1,NZ_OZ111414.1,111,57,66363,2,0.9970296145548888
Pseudomonadota,GCF_964198905.1,NZ_OZ111423.1,112,57,66363,2,0.9970296145548888
Pseudomonadota,GCF_964198915.1,NZ_OZ111438.1,112,57,66321,2,0.9975813252197272
Pseudomonadota,GCF_964198925.1,NZ_OZ111433.1,112,57,66363,2,0.9970296145548888
Pseudomonadota,GCF_964198935.1,NZ_OZ111418.1,112,57,66363,2,0.9970296145548888
Pseudomonadota,GCF_964198945.1,NZ_OZ111428.1,112,57,66363,2,0.9970296145548888
Pseudomonadota,GCF_964198975.1,NZ_OZ111454.1,112,57,66363,2,0.9970296145548888
Pseudomonadota,GCF_964199025.1,NZ_OZ111493.1,112,57,66363,2,0.9970296145548888
Pseudomonadota,GCF_964199065.1,NZ_OZ111504.1,112,57,66363,2,0.9970296145548888
Pseudomonadota,GCF_964199095.1,NZ_OZ111529.1,112,57,66363,2,0.9970296145548888
Pseudomonadota,GCF_964199115.1,NZ_OZ111509.1,112,57,66363,2,0.9970296145548888
Pseudomonadota,GCF_964199125.1,NZ_OZ111498.1,112,57,66363,2,0.9970296145548888
Pseudomonadota,GCF_964200035.1,NZ_OZ121086.1,123,55,63135,4,1.0554794697843457
Pseudomonadota,GCF_964200045.1,NZ_OZ121093.1,101,54,51951,3,1.1104899855294914
Pseudomonadota,GCF_964261745.1,NZ_OZ180036.1,1673,1408,1427853,5,1.4719588065297142
Pseudomonadota,GCF_964261745.1,NZ_OZ180037.1,574,513,533754,5,1.4517024285526274
Pseudomonadota,GCF_964261745.1,NZ_OZ180039.1,1216,1070,1182168,5,1.451368468356867
Pseudomonadota,GCF_964261745.1,NZ_OZ180040.1,758,543,560835,5,1.3560010768074446
Pseudomonadota,GCF_964265015.1,NZ_OZ183809.1,158,93,95919,1,0.5024875621890548
Spirochaetota,GCF_001444465.1,NZ_CP012031.1,46,28,32094,1,0.6753246753246754
Spirochaetota,GCF_032595875.2,NZ_CP179264.1,26,18,10968,1,1.6774193548387095
Thermodesulfobacteriota,GCF_009688985.1,NZ_AP021878.1,19,10,9258,1,0.7532467532467533
Unclassified,GCF_003351385.1,NZ_CP031232.1,57,26,21972,2,1.0629103239304525
Unclassified,GCF_016839145.1,NZ_CP069303.1,4302,3857,3870366,18,1.3004747540755617
Unclassified,GCF_018729255.1,NZ_CP076061.1,2009,1674,1680468,5,1.8006318924073803
Unclassified,GCF_019900305.2,NZ_CP092399.1,111,60,71679,2,1.039635349179028
Unclassified,GCF_020731415.2,NZ_CP088274.1,342,322,340398,3,1.2812918075595194
Unclassified,GCF_041515505.1,NZ_CP167972.1,104,55,65400,2,1.0198467415628745
Unclassified,GCF_048015635.1,NZ_CP177158.1,883,769,799308,15,0.998739858687444
Unclassified,GCF_048015635.1,NZ_CP177159.1,470,422,420597,15,0.9966387709849912
Unclassified,GCF_904863215.1,NZ_LR890206.1,113,48,42306,2,1.0604303788834704
Unclassified,GCF_904864465.1,NZ_LR890429.1,114,56,63246,2,1.0346817570596143
Unclassified,GCF_904865695.1,NZ_LR890544.1,107,55,65856,2,1.0277879341864715
Unclassified,GCF_904865815.1,NZ_LR890518.1,114,56,63246,2,1.0346817570596143
Unclassified,GCF_904866325.1,NZ_LR890635.1,114,56,63246,2,1.0346817570596143
Unclassified,GCF_904866415.1,NZ_LR890689.1,3,2,594,2,2.1500000000000004
Unclassified,GCF_904866555.1,NZ_LR890729.1,103,46,60204,2,1.0475677830940988
